"method","sim","n","betamin","is.true.model.intop.kappa.o","is.true.model.intop.kappa.oplusLASSO","is.s.hat.nan","s.hat","s0.hat","s1.hat","time.l0","time.lasso.cv","time.scad.cv","sel.model","est.mse","recovery","nb.tI.b0","nb.tI.b1","nb.tII.b0","nb.tII.b1","est.size","FP","TP","FDR","power"
"EBIC",1,500,0.33,"TRUE","TRUE","FALSE","17.1455541061817","8.13826398471392","9.00729012146774","2.158","0.147","1.445","2,3,4,5,6,7,8,9,248,249,250,251,252,253,254,255,256",0.000331797963273127,FALSE,0,0,1,0,17,0,17,0,0.944444444444444
"EBIC",10,500,0.33,"TRUE","TRUE","FALSE","17.1508192545221","8.14833357730955","9.00248567721258","2.159","0.153","1.492","2,3,4,5,6,7,8,9,248,249,250,251,252,253,254,255,256",0.000406162345305609,FALSE,0,0,1,0,17,0,17,0,0.944444444444444
"EBIC",100,500,0.33,"TRUE","TRUE","FALSE","17.1393818535563","8.13589295687455","9.0034888966818","2.212","0.138","1.299","2,3,4,5,6,7,8,9,248,249,250,251,252,253,254,255,256",0.000458028598613345,FALSE,0,0,1,0,17,0,17,0,0.944444444444444
"EBIC",11,500,0.33,"TRUE","TRUE","FALSE","17.1015919342314","8.09168949425078","9.00990243998059","1.925","0.139","1.227","2,3,4,5,6,7,8,9,248,249,250,251,252,253,254,255,256",0.000376943732775134,FALSE,0,0,1,0,17,0,17,0,0.944444444444444
"EBIC",12,500,0.33,"TRUE","TRUE","FALSE","17.2037948533411","8.20083320192105","9.00296165142","2.152","0.152","1.413","2,3,4,5,6,7,8,9,79,248,249,250,251,252,253,254,255,256",0.00055527061429199,FALSE,1,0,1,0,18,1,17,0.0555555555555556,0.944444444444444
"EBIC",13,500,0.33,"TRUE","TRUE","FALSE","17.156427870386","8.1534560394116","9.0029718309744","2.202","0.178","1.367","2,3,4,5,6,7,8,9,248,249,250,251,252,253,254,255,256",0.000374638054271618,FALSE,0,0,1,0,17,0,17,0,0.944444444444444
"EBIC",14,500,0.33,"TRUE","TRUE","FALSE","18.1781364211478","9.1740196330185","9.00411678812928","2.12","0.149","1.305","1,2,3,4,5,6,7,8,9,248,249,250,251,252,253,254,255,256",0.000345120236145804,TRUE,0,0,0,0,18,0,18,0,1
"EBIC",15,500,0.33,"TRUE","TRUE","FALSE","17.160445460272","8.15763216221862","9.0028132980534","2.175","0.154","1.529","2,3,4,5,6,7,8,9,248,249,250,251,252,253,254,255,256",0.000525935917238864,FALSE,0,0,1,0,17,0,17,0,0.944444444444444
"EBIC",16,500,0.33,"TRUE","TRUE","FALSE","17.1599205546079","8.1561414098638","9.00377914474412","2.182","0.154","1.398","1,2,3,4,5,6,7,8,9,248,249,250,251,252,253,254,255,256",0.000162942210173256,TRUE,0,0,0,0,18,0,18,0,1
"EBIC",17,500,0.33,"TRUE","TRUE","FALSE","17.7627516065184","8.75684366474275","9.00590794177563","2.553","0.148","1.497","1,2,3,4,5,6,7,8,9,69,180,248,249,250,251,252,253,254,255,256",0.000561223479959526,FALSE,2,0,0,0,20,2,18,0.1,1
"EBIC",18,500,0.33,"TRUE","TRUE","FALSE","17.1668784103484","8.16336878431331","9.00350962603511","2.075","0.156","1.439","1,2,3,4,5,6,7,8,9,248,249,250,251,252,253,254,255,256",0.000240491163877182,TRUE,0,0,0,0,18,0,18,0,1
"EBIC",19,500,0.33,"TRUE","TRUE","FALSE","17.1386148260822","8.13472407810069","9.00389074798148","2.054","0.152","1.471","2,3,4,5,6,7,8,9,248,249,250,251,252,253,254,255,256",0.00033982820779053,FALSE,0,0,1,0,17,0,17,0,0.944444444444444
"EBIC",2,500,0.33,"TRUE","TRUE","FALSE","17.8925480718223","8.88591764365316","9.00663042816909","2.378","0.158","1.338","1,2,3,4,5,6,7,8,9,248,249,250,251,252,253,254,255,256",0.000283751067522851,TRUE,0,0,0,0,18,0,18,0,1
"EBIC",20,500,0.33,"TRUE","TRUE","FALSE","17.1295224737526","8.12612512000204","9.00339735375059","2.008","0.152","1.417","2,3,4,5,6,7,8,9,248,249,250,251,252,253,254,255,256",0.00039561021164682,FALSE,0,0,1,0,17,0,17,0,0.944444444444444
"EBIC",21,500,0.33,"TRUE","TRUE","FALSE","17.1645111944545","8.15860388409903","9.00590731035545","2.094","0.153","1.424","2,3,4,5,6,7,8,9,248,249,250,251,252,253,254,255,256",0.000422976852816934,FALSE,0,0,1,0,17,0,17,0,0.944444444444444
"EBIC",22,500,0.33,"TRUE","TRUE","FALSE","17.4546085514095","8.45224406317597","9.00236448823351","2.261","0.162","1.417","1,2,3,4,5,6,7,8,9,248,249,250,251,252,253,254,255,256",0.000221764700062356,TRUE,0,0,0,0,18,0,18,0,1
"EBIC",23,500,0.33,"TRUE","TRUE","FALSE","17.2578590230429","8.25476340468368","9.00309561835926","2.297","0.149","1.447","1,2,3,4,5,6,7,8,9,248,249,250,251,252,253,254,255,256",0.000326110447094454,TRUE,0,0,0,0,18,0,18,0,1
"EBIC",24,500,0.33,"TRUE","TRUE","FALSE","17.1206479499651","8.1109792073869","9.00966874257816","2.092","0.158","1.461","2,3,4,5,6,7,8,9,248,249,250,251,252,253,254,255,256",0.0006055957679069,FALSE,0,0,1,0,17,0,17,0,0.944444444444444
"EBIC",25,500,0.33,"TRUE","TRUE","FALSE","17.1048521776992","8.09959460292039","9.00525757477881","1.934","0.145","1.303","2,3,4,5,6,7,8,9,248,249,250,251,252,253,254,255,256",0.000363010711498955,FALSE,0,0,1,0,17,0,17,0,0.944444444444444
"EBIC",26,500,0.33,"TRUE","TRUE","FALSE","17.1394160851059","8.13707975900268","9.0023363261032","1.941","0.147","1.385","2,3,4,5,6,7,8,9,248,249,250,251,252,253,254,255,256",0.000413331632018377,FALSE,0,0,1,0,17,0,17,0,0.944444444444444
"EBIC",27,500,0.33,"TRUE","TRUE","FALSE","17.1261063284969","8.1227954539208","9.0033108745761","2.07","0.149","1.403","2,3,4,5,6,7,8,9,248,249,250,251,252,253,254,255,256",0.000368851006668506,FALSE,0,0,1,0,17,0,17,0,0.944444444444444
"EBIC",28,500,0.33,"TRUE","TRUE","FALSE","17.1915942155525","8.18636968627557","9.00522452927689","2.238","0.151","1.419","2,3,4,5,6,7,8,9,15,64,248,249,250,251,252,253,254,255,256",0.000882124415932249,FALSE,2,0,1,0,19,2,17,0.105263157894737,0.944444444444444
"EBIC",29,500,0.33,"TRUE","TRUE","FALSE","17.3037514382324","8.297993528799","9.00575790943344","2.39","0.151","1.473","1,2,3,4,5,6,7,8,9,82,248,249,250,251,252,253,254,255,256",0.000433010120558609,FALSE,1,0,0,0,19,1,18,0.0526315789473684,1
"EBIC",3,500,0.33,"TRUE","TRUE","FALSE","17.0869663977917","8.08413188940097","9.00283450839073","1.999","0.146","1.36","2,3,4,5,6,7,8,9,248,249,250,251,252,253,254,255,256",0.000307595328115261,FALSE,0,0,1,0,17,0,17,0,0.944444444444444
"EBIC",30,500,0.33,"TRUE","TRUE","FALSE","17.1775680803486","8.17470992767262","9.00285815267595","2.201","0.157","1.514","2,3,4,5,6,7,8,9,248,249,250,251,252,253,254,255,256",0.000362024184211384,FALSE,0,0,1,0,17,0,17,0,0.944444444444444
"EBIC",31,500,0.33,"TRUE","TRUE","FALSE","18.0089187609217","9.00147784469833","9.00744091622342","2.209","0.146","1.371","1,2,3,4,5,6,7,8,9,248,249,250,251,252,253,254,255,256",0.000184142484033241,TRUE,0,0,0,0,18,0,18,0,1
"EBIC",32,500,0.33,"TRUE","TRUE","FALSE","18.0248888837322","9.02152081286984","9.00336807086233","2.125","0.155","1.481","1,2,3,4,5,6,7,8,9,248,249,250,251,252,253,254,255,256",0.000142765606516254,TRUE,0,0,0,0,18,0,18,0,1
"EBIC",33,500,0.33,"TRUE","TRUE","FALSE","17.2610594689255","8.258882958966","9.00217650995955","2.275","0.157","1.456","1,2,3,4,5,6,7,8,9,11,248,249,250,251,252,253,254,255,256",0.00035649288960553,FALSE,1,0,0,0,19,1,18,0.0526315789473684,1
"EBIC",34,500,0.33,"TRUE","TRUE","FALSE","17.1710836270139","8.16770467705252","9.00337894996141","2.092","0.143","1.343","1,2,3,4,5,6,7,8,9,248,249,250,251,252,253,254,255,256",0.000410197990245464,TRUE,0,0,0,0,18,0,18,0,1
"EBIC",35,500,0.33,"TRUE","TRUE","FALSE","17.1147020499173","8.11094030969767","9.00376174021958","2.028","0.15","1.348","2,3,4,5,6,7,8,9,248,249,250,251,252,253,254,255,256",0.000442023269728299,FALSE,0,0,1,0,17,0,17,0,0.944444444444444
"EBIC",36,500,0.33,"TRUE","TRUE","FALSE","18.0002627595048","8.99797402764624","9.0022887318586","2.233","0.159","1.382","1,2,3,4,5,6,7,8,9,248,249,250,251,252,253,254,255,256",0.000298913656702739,TRUE,0,0,0,0,18,0,18,0,1
"EBIC",37,500,0.33,"TRUE","TRUE","FALSE","17.1093931776672","8.10530304335274","9.00409013431445","2.141","0.156","1.44","2,3,4,5,6,7,8,9,248,249,250,251,252,253,254,255,256",0.000375148601728125,FALSE,0,0,1,0,17,0,17,0,0.944444444444444
"EBIC",38,500,0.33,"TRUE","TRUE","FALSE","18.0346073202595","9.03222904201117","9.00237827824829","2.646","0.146","1.478","1,2,3,4,5,6,7,8,9,181,248,249,250,251,252,253,254,255,256",0.000568370938309122,FALSE,1,0,0,0,19,1,18,0.0526315789473684,1
"EBIC",39,500,0.33,"TRUE","TRUE","FALSE","18.0923143129572","9.08704298827036","9.0052713246868","2.187","0.158","1.488","1,2,3,4,5,6,7,8,9,248,249,250,251,252,253,254,255,256",0.000449079579206696,TRUE,0,0,0,0,18,0,18,0,1
"EBIC",4,500,0.33,"TRUE","TRUE","FALSE","17.9863491638971","8.98297653794724","9.0033726259499","2.222","0.17","1.423","1,2,3,4,5,6,7,8,9,248,249,250,251,252,253,254,255,256",0.000301872179510553,TRUE,0,0,0,0,18,0,18,0,1
"EBIC",40,500,0.33,"TRUE","TRUE","FALSE","17.271155119994","8.26715821035207","9.00399690964191","2.297","0.163","1.661","2,3,4,5,6,7,8,9,220,248,249,250,251,252,253,254,255,256",0.000563259893290603,FALSE,1,0,1,0,18,1,17,0.0555555555555556,0.944444444444444
"EBIC",41,500,0.33,"TRUE","TRUE","FALSE","17.5995616130588","8.59672052155839","9.00284109150041","2.424","0.153","1.297","1,2,3,4,5,6,7,8,9,60,248,249,250,251,252,253,254,255,256",0.000556813664036088,FALSE,1,0,0,0,19,1,18,0.0526315789473684,1
"EBIC",42,500,0.33,"TRUE","TRUE","FALSE","17.2280159663491","8.22443432762599","9.00358163872309","2.226","0.149","1.385","2,3,4,5,6,7,8,9,42,248,249,250,251,252,253,254,255,256",0.000617897599242837,FALSE,1,0,1,0,18,1,17,0.0555555555555556,0.944444444444444
"EBIC",43,500,0.33,"TRUE","TRUE","FALSE","17.1809606868823","8.16847071012182","9.01248997676048","2.155","0.155","1.597","2,3,4,5,6,7,8,9,248,249,250,251,252,253,254,255,256",0.000562112496788426,FALSE,0,0,1,0,17,0,17,0,0.944444444444444
"EBIC",44,500,0.33,"TRUE","TRUE","FALSE","17.9881176006563","8.98330427925872","9.00481332139758","1.995","0.156","1.354","1,2,3,4,5,6,7,8,9,248,249,250,251,252,253,254,255,256",0.000372375627979385,TRUE,0,0,0,0,18,0,18,0,1
"EBIC",45,500,0.33,"TRUE","TRUE","FALSE","17.1394553505286","8.13267767683437","9.00677767369418","2.055","0.156","1.538","2,3,4,5,6,7,8,9,248,249,250,251,252,253,254,255,256",0.000387450568868762,FALSE,0,0,1,0,17,0,17,0,0.944444444444444
"EBIC",46,500,0.33,"TRUE","TRUE","FALSE","17.1785558281904","8.17397278068592","9.00458304750449","2.254","0.159","1.47","2,3,4,5,6,7,8,9,248,249,250,251,252,253,254,255,256",0.000389294305831292,FALSE,0,0,1,0,17,0,17,0,0.944444444444444
"EBIC",47,500,0.33,"TRUE","TRUE","FALSE","17.6264402357165","8.62294677140577","9.00349346431074","2.657","0.154","1.435","2,3,4,5,6,7,8,9,94,248,249,250,251,252,253,254,255,256",0.000609651843768256,FALSE,1,0,1,0,18,1,17,0.0555555555555556,0.944444444444444
"EBIC",48,500,0.33,"TRUE","TRUE","FALSE","17.1117809485258","8.10951100747243","9.00226994105341","2.004","0.161","1.468","2,3,4,5,6,7,8,9,248,249,250,251,252,253,254,255,256",0.000316883144717252,FALSE,0,0,1,0,17,0,17,0,0.944444444444444
"EBIC",49,500,0.33,"TRUE","TRUE","FALSE","17.1483811880805","8.13982169427004","9.00855949381046","1.998","0.147","1.41","1,2,3,4,5,6,7,8,9,248,249,250,251,252,253,254,255,256",0.000301470043721107,TRUE,0,0,0,0,18,0,18,0,1
"EBIC",5,500,0.33,"TRUE","TRUE","FALSE","17.1125860990758","8.11010267052788","9.00248342854793","2.062","0.151","1.426","2,3,4,5,6,7,8,9,248,249,250,251,252,253,254,255,256",0.000355912406736371,FALSE,0,0,1,0,17,0,17,0,0.944444444444444
"EBIC",50,500,0.33,"TRUE","TRUE","FALSE","17.1764782701719","8.17271002556221","9.00376824460968","2.23","0.167","1.365","2,3,4,5,6,7,8,9,248,249,250,251,252,253,254,255,256",0.000424551335307511,FALSE,0,0,1,0,17,0,17,0,0.944444444444444
"EBIC",51,500,0.33,"TRUE","TRUE","FALSE","17.2201458768291","8.21391935251827","9.0062265243108","2.17","0.156","1.462","1,2,3,4,5,6,7,8,9,22,248,249,250,251,252,253,254,255,256",0.00044248827403459,FALSE,1,0,0,0,19,1,18,0.0526315789473684,1
"EBIC",52,500,0.33,"TRUE","TRUE","FALSE","17.1737437083657","8.16825302526042","9.00549068310524","2.062","0.152","2.18","2,3,4,5,6,7,8,9,248,249,250,251,252,253,254,255,256",0.000385542166359981,FALSE,0,0,1,0,17,0,17,0,0.944444444444444
"EBIC",53,500,0.33,"TRUE","TRUE","FALSE","17.1506725085924","8.14534609960789","9.0053264089845","2.145","0.152","1.573","2,3,4,5,6,7,8,9,248,249,250,251,252,253,254,255,256",0.000311706643526607,FALSE,0,0,1,0,17,0,17,0,0.944444444444444
"EBIC",54,500,0.33,"TRUE","TRUE","FALSE","17.5676450123924","8.56488483081879","9.00276018157359","2.442","0.172","1.367","1,2,3,4,5,6,7,8,9,248,249,250,251,252,253,254,255,256",0.000320522893354139,TRUE,0,0,0,0,18,0,18,0,1
"EBIC",55,500,0.33,"TRUE","TRUE","FALSE","17.1774180652535","8.17491823260018","9.00249983265334","1.958","0.137","1.27","1,2,3,4,5,6,7,8,9,248,249,250,251,252,253,254,255,256",0.000144509143843577,TRUE,0,0,0,0,18,0,18,0,1
"EBIC",56,500,0.33,"TRUE","TRUE","FALSE","17.1331984964075","8.1306068179945","9.00259167841304","1.977","0.145","1.296","2,3,4,5,6,7,8,9,248,249,250,251,252,253,254,255,256",0.000395268814301375,FALSE,0,0,1,0,17,0,17,0,0.944444444444444
"EBIC",57,500,0.33,"TRUE","TRUE","FALSE","17.1500352291498","8.14501445280375","9.00502077634604","1.963","0.144","1.281","2,3,4,5,6,7,8,9,248,249,250,251,252,253,254,255,256",0.000647617292026094,FALSE,0,0,1,0,17,0,17,0,0.944444444444444
"EBIC",58,500,0.33,"TRUE","TRUE","FALSE","17.1023314359051","8.09667444358797","9.00565699231714","1.824","0.138","1.341","2,3,4,5,6,7,8,9,248,249,250,251,252,253,254,255,256",0.000338755590252874,FALSE,0,0,1,0,17,0,17,0,0.944444444444444
"EBIC",59,500,0.33,"TRUE","TRUE","FALSE","18.0910955833827","9.08192074847073","9.00917483491201","3.232","0.149","1.524","1,2,3,4,5,6,7,8,9,43,146,248,249,250,251,252,253,254,255,256",0.000717267406443876,FALSE,2,0,0,0,20,2,18,0.1,1
"EBIC",6,500,0.33,"TRUE","TRUE","FALSE","17.112228210396","8.10941089417083","9.00281731622517","2.019","0.155","1.385","2,3,4,5,6,7,8,9,248,249,250,251,252,253,254,255,256",0.000445660055110533,FALSE,0,0,1,0,17,0,17,0,0.944444444444444
"EBIC",60,500,0.33,"TRUE","TRUE","FALSE","17.1359460513142","8.13251231178431","9.00343373952986","1.92","0.139","1.372","2,3,4,5,6,7,8,9,248,249,250,251,252,253,254,255,256",0.000425981808393214,FALSE,0,0,1,0,17,0,17,0,0.944444444444444
"EBIC",61,500,0.33,"TRUE","TRUE","FALSE","17.3233522581462","8.2495273067142","9.07382495143196","2.351","0.146","1.377","2,3,4,5,6,7,8,9,241,248,249,250,251,252,253,254,255,256,259",0.000746297551159914,FALSE,1,1,1,0,19,2,17,0.105263157894737,0.944444444444444
"EBIC",62,500,0.33,"TRUE","TRUE","FALSE","17.1282583616255","8.1231339436905","9.00512441793503","2.145","0.143","1.363","2,3,4,5,6,7,8,9,248,249,250,251,252,253,254,255,256",0.000279596601918508,FALSE,0,0,1,0,17,0,17,0,0.944444444444444
"EBIC",63,500,0.33,"TRUE","TRUE","FALSE","17.9637581278032","8.96030335749203","9.00345477031122","2.199","0.147","1.369","1,2,3,4,5,6,7,8,9,248,249,250,251,252,253,254,255,256",0.00031835104390239,TRUE,0,0,0,0,18,0,18,0,1
"EBIC",64,500,0.33,"TRUE","TRUE","FALSE","17.2028402788174","8.19748446068495","9.00535581813245","2.12","0.135","1.366","2,3,4,5,6,7,8,9,248,249,250,251,252,253,254,255,256",0.000282625252514317,FALSE,0,0,1,0,17,0,17,0,0.944444444444444
"EBIC",65,500,0.33,"TRUE","TRUE","FALSE","17.6899902107456","8.68561711228023","9.00437309846536","2.127","0.143","1.319","1,2,3,4,5,6,7,8,9,248,249,250,251,252,253,254,255,256",0.000197079321490163,TRUE,0,0,0,0,18,0,18,0,1
"EBIC",66,500,0.33,"TRUE","TRUE","FALSE","17.1276589351859","8.12496700899251","9.00269192619344","1.974","0.14","1.365","2,3,4,5,6,7,8,9,248,249,250,251,252,253,254,255,256",0.000433904217285079,FALSE,0,0,1,0,17,0,17,0,0.944444444444444
"EBIC",67,500,0.33,"TRUE","TRUE","FALSE","17.2247018958885","8.22185458503318","9.00284731085533","2.045","0.132","1.412","1,2,3,4,5,6,7,8,9,248,249,250,251,252,253,254,255,256",0.000161388351557503,TRUE,0,0,0,0,18,0,18,0,1
"EBIC",68,500,0.33,"TRUE","TRUE","FALSE","17.3656102804623","8.36164052796644","9.00396975249588","2.233","0.139","1.304","1,2,3,4,5,6,7,8,9,177,248,249,250,251,252,253,254,255,256",0.000369568316511633,FALSE,1,0,0,0,19,1,18,0.0526315789473684,1
"EBIC",69,500,0.33,"TRUE","TRUE","FALSE","17.1074603421427","8.10340586416378","9.00405447797896","1.932","0.152","1.442","2,3,4,5,6,7,8,9,248,249,250,251,252,253,254,255,256",0.000395022472442776,FALSE,0,0,1,0,17,0,17,0,0.944444444444444
"EBIC",7,500,0.33,"TRUE","TRUE","FALSE","17.3418341278931","8.33758444563385","9.00424968225922","2.366","0.154","1.567","1,2,3,4,5,6,7,8,9,248,249,250,251,252,253,254,255,256",0.000267837904327281,TRUE,0,0,0,0,18,0,18,0,1
"EBIC",70,500,0.33,"TRUE","TRUE","FALSE","17.1106460927484","8.10412614457504","9.00651994817339","2.133","0.16","1.355","2,3,4,5,6,7,8,9,248,249,250,251,252,253,254,255,256",0.000324316657449224,FALSE,0,0,1,0,17,0,17,0,0.944444444444444
"EBIC",71,500,0.33,"TRUE","TRUE","FALSE","18.5476356719122","9.54509143193969","9.00254423997247","2.795","0.174","1.589","1,2,3,4,5,6,7,8,9,10,248,249,250,251,252,253,254,255,256",0.000518734441063885,FALSE,1,0,0,0,19,1,18,0.0526315789473684,1
"EBIC",72,500,0.33,"TRUE","TRUE","FALSE","17.1775370348659","8.17340182376545","9.00413521110048","2.349","0.178","1.588","2,3,4,5,6,7,8,9,88,248,249,250,251,252,253,254,255,256",0.000585121208406764,FALSE,1,0,1,0,18,1,17,0.0555555555555556,0.944444444444444
"EBIC",73,500,0.33,"TRUE","TRUE","FALSE","17.5406461201908","8.53494156025863","9.00570455993213","2.328","0.14","1.334","1,2,3,4,5,6,7,8,9,248,249,250,251,252,253,254,255,256",0.00015078653708074,TRUE,0,0,0,0,18,0,18,0,1
"EBIC",74,500,0.33,"TRUE","TRUE","FALSE","17.1616156945614","8.15680541225125","9.00481028231011","1.939","0.142","1.259","2,3,4,5,6,7,8,9,248,249,250,251,252,253,254,255,256",0.000303393696547111,FALSE,0,0,1,0,17,0,17,0,0.944444444444444
"EBIC",75,500,0.33,"TRUE","TRUE","FALSE","17.1634051464016","8.16127597497353","9.00212917142808","1.95","0.133","1.242","2,3,4,5,6,7,8,9,248,249,250,251,252,253,254,255,256",0.000424654914702243,FALSE,0,0,1,0,17,0,17,0,0.944444444444444
"EBIC",76,500,0.33,"TRUE","TRUE","FALSE","17.1737392955067","8.17036397201577","9.00337532349089","2.057","0.135","1.289","2,3,4,5,6,7,8,9,68,248,249,250,251,252,253,254,255,256",0.000499782299478689,FALSE,1,0,1,0,18,1,17,0.0555555555555556,0.944444444444444
"EBIC",77,500,0.33,"TRUE","TRUE","FALSE","17.1247327567933","8.12198318188388","9.00274957490945","1.995","0.144","1.414","2,3,4,5,6,7,8,9,248,249,250,251,252,253,254,255,256",0.000385232128423404,FALSE,0,0,1,0,17,0,17,0,0.944444444444444
"EBIC",78,500,0.33,"TRUE","TRUE","FALSE","17.5175891894766","8.50771463950029","9.00987454997635","2.507","0.174","1.502","1,2,3,4,5,6,7,8,9,248,249,250,251,252,253,254,255,256",0.000268429488315407,TRUE,0,0,0,0,18,0,18,0,1
"EBIC",79,500,0.33,"TRUE","TRUE","FALSE","17.1100664622817","8.10691765725875","9.00314880502297","2.029","0.145","1.403","2,3,4,5,6,7,8,9,248,249,250,251,252,253,254,255,256",0.000329827127737443,FALSE,0,0,1,0,17,0,17,0,0.944444444444444
"EBIC",8,500,0.33,"TRUE","TRUE","FALSE","17.1535050970226","8.14912436598133","9.00438073104127","2.131","0.153","1.519","2,3,4,5,6,7,8,9,248,249,250,251,252,253,254,255,256",0.000285903183357704,FALSE,0,0,1,0,17,0,17,0,0.944444444444444
"EBIC",80,500,0.33,"TRUE","TRUE","FALSE","17.9572855999538","8.94892915294584","9.00835644700793","2.129","0.14","1.397","1,2,3,4,5,6,7,8,9,248,249,250,251,252,253,254,255,256",0.000153606882784226,TRUE,0,0,0,0,18,0,18,0,1
"EBIC",81,500,0.33,"TRUE","TRUE","FALSE","17.1046504799425","8.09872710503686","9.0059233749056","1.944","0.141","1.332","2,3,4,5,6,7,8,9,248,249,250,251,252,253,254,255,256",0.000386377826668143,FALSE,0,0,1,0,17,0,17,0,0.944444444444444
"EBIC",82,500,0.33,"TRUE","TRUE","FALSE","17.1535849799791","8.14940600080497","9.00417897917411","1.975","0.147","1.392","2,3,4,5,6,7,8,9,248,249,250,251,252,253,254,255,256",0.000504681674936766,FALSE,0,0,1,0,17,0,17,0,0.944444444444444
"EBIC",83,500,0.33,"TRUE","TRUE","FALSE","17.1551561647382","8.14879117567052","9.00636498906766","2.114","0.15","1.388","2,3,4,5,6,7,8,9,248,249,250,251,252,253,254,255,256",0.000444309056163575,FALSE,0,0,1,0,17,0,17,0,0.944444444444444
"EBIC",84,500,0.33,"TRUE","TRUE","FALSE","17.8877289552536","8.8838181683428","9.00391078691076","2.25","0.142","1.529","1,2,3,4,5,6,7,8,9,248,249,250,251,252,253,254,255,256",0.000269227739755696,TRUE,0,0,0,0,18,0,18,0,1
"EBIC",85,500,0.33,"TRUE","TRUE","FALSE","17.9611256600158","8.95840224421704","9.00272341579875","2.275","0.142","1.388","1,2,3,4,5,6,7,8,9,248,249,250,251,252,253,254,255,256",0.000416877152779276,TRUE,0,0,0,0,18,0,18,0,1
"EBIC",86,500,0.33,"TRUE","TRUE","FALSE","17.1271123805572","8.12342565012437","9.0036867304328","1.928","0.136","1.249","2,3,4,5,6,7,8,9,248,249,250,251,252,253,254,255,256",0.000447449362220575,FALSE,0,0,1,0,17,0,17,0,0.944444444444444
"EBIC",87,500,0.33,"TRUE","TRUE","FALSE","17.1366286923034","8.13300632912919","9.00362236317422","2.097","0.139","1.249","2,3,4,5,6,7,8,9,248,249,250,251,252,253,254,255,256",0.000558183644968785,FALSE,0,0,1,0,17,0,17,0,0.944444444444444
"EBIC",88,500,0.33,"TRUE","TRUE","FALSE","17.2875365333816","8.28189590278286","9.00564063059872","2.14","0.137","1.291","2,3,4,5,6,7,8,9,22,248,249,250,251,252,253,254,255,256",0.000539424327628522,FALSE,1,0,1,0,18,1,17,0.0555555555555556,0.944444444444444
"EBIC",89,500,0.33,"TRUE","TRUE","FALSE","17.1281850072897","8.11980284936253","9.00838215792719","2.042","0.141","1.437","2,3,4,5,6,7,8,9,248,249,250,251,252,253,254,255,256",0.000383149131494855,FALSE,0,0,1,0,17,0,17,0,0.944444444444444
"EBIC",9,500,0.33,"TRUE","TRUE","FALSE","17.8444308829016","8.83955237002862","9.00487851287298","2.257","0.152","1.409","1,2,3,4,5,6,7,8,9,248,249,250,251,252,253,254,255,256",0.000349946618694142,TRUE,0,0,0,0,18,0,18,0,1
"EBIC",90,500,0.33,"TRUE","TRUE","FALSE","18.1739965973736","9.13664939849306","9.03734719888053","2.11","0.137","1.352","1,2,3,4,5,6,7,8,9,248,249,250,251,252,253,254,255,256",0.000282909793366413,TRUE,0,0,0,0,18,0,18,0,1
"EBIC",91,500,0.33,"TRUE","TRUE","FALSE","17.9907683756757","8.9876452707293","9.00312310494642","2.335","0.139","1.251","1,2,3,4,5,6,7,8,9,210,248,249,250,251,252,253,254,255,256",0.000472222537004521,FALSE,1,0,0,0,19,1,18,0.0526315789473684,1
"EBIC",92,500,0.33,"TRUE","TRUE","FALSE","17.098358175268","8.09435763410258","9.00400054116541","2.07","0.144","1.44","2,3,4,5,6,7,8,9,248,249,250,251,252,253,254,255,256",0.000593269818960066,FALSE,0,0,1,0,17,0,17,0,0.944444444444444
"EBIC",93,500,0.33,"TRUE","TRUE","FALSE","17.2161127813532","8.21349259212485","9.00262018922832","2.069","0.147","1.438","1,2,3,4,5,6,7,8,9,248,249,250,251,252,253,254,255,256",0.000297962913475138,TRUE,0,0,0,0,18,0,18,0,1
"EBIC",94,500,0.33,"TRUE","TRUE","FALSE","17.0992083739993","8.0944444571568","9.0047639168425","2.013","0.146","1.383","2,3,4,5,6,7,8,9,248,249,250,251,252,253,254,255,256",0.000310715194693254,FALSE,0,0,1,0,17,0,17,0,0.944444444444444
"EBIC",95,500,0.33,"TRUE","TRUE","FALSE","17.9696945938657","8.96683092064196","9.00286367322372","2.315","0.149","1.372","1,2,3,4,5,6,7,8,9,248,249,250,251,252,253,254,255,256",0.000207044341576556,TRUE,0,0,0,0,18,0,18,0,1
"EBIC",96,500,0.33,"TRUE","TRUE","FALSE","17.3411041667171","8.33855671710035","9.00254744961678","2.19","0.202","1.669","1,2,3,4,5,6,7,8,9,248,249,250,251,252,253,254,255,256",0.00022691727044863,TRUE,0,0,0,0,18,0,18,0,1
"EBIC",97,500,0.33,"TRUE","TRUE","FALSE","17.38376248228","8.37903448629365","9.00472799598639","6.521","0.329","2.193","1,2,3,4,5,6,7,8,9,248,249,250,251,252,253,254,255,256",0.000212941914517741,TRUE,0,0,0,0,18,0,18,0,1
"EBIC",98,500,0.33,"TRUE","TRUE","FALSE","17.1781138746483","8.17507352006309","9.00304035458524","2.199","0.153","1.307","2,3,4,5,6,7,8,9,193,248,249,250,251,252,253,254,255,256",0.00053100379821655,FALSE,1,0,1,0,18,1,17,0.0555555555555556,0.944444444444444
"EBIC",99,500,0.33,"TRUE","TRUE","FALSE","17.1544557402721","8.14714990269274","9.00730583757932","2.056","0.143","1.282","2,3,4,5,6,7,8,9,248,249,250,251,252,253,254,255,256",0.000457918460996761,FALSE,0,0,1,0,17,0,17,0,0.944444444444444
"kappa.o",1,500,0.33,"TRUE","TRUE","FALSE","17.1455541061817","8.13826398471392","9.00729012146774","2.158","0.147","1.445","2,3,4,5,6,7,8,9,248,249,250,251,252,253,254,255,256",0.000331797963273127,FALSE,0,0,1,0,17,0,17,0,0.944444444444444
"kappa.o",10,500,0.33,"TRUE","TRUE","FALSE","17.1508192545221","8.14833357730955","9.00248567721258","2.159","0.153","1.492","2,3,4,5,6,7,8,9,248,249,250,251,252,253,254,255,256",0.000406162345305609,FALSE,0,0,1,0,17,0,17,0,0.944444444444444
"kappa.o",100,500,0.33,"TRUE","TRUE","FALSE","17.1393818535563","8.13589295687455","9.0034888966818","2.212","0.138","1.299","2,3,4,5,6,7,8,9,248,249,250,251,252,253,254,255,256",0.000458028598613345,FALSE,0,0,1,0,17,0,17,0,0.944444444444444
"kappa.o",11,500,0.33,"TRUE","TRUE","FALSE","17.1015919342314","8.09168949425078","9.00990243998059","1.925","0.139","1.227","2,3,4,5,6,7,8,9,248,249,250,251,252,253,254,255,256",0.000376943732775134,FALSE,0,0,1,0,17,0,17,0,0.944444444444444
"kappa.o",12,500,0.33,"TRUE","TRUE","FALSE","17.2037948533411","8.20083320192105","9.00296165142","2.152","0.152","1.413","2,3,4,5,6,7,8,9,248,249,250,251,252,253,254,255,256",0.000332120257732213,FALSE,0,0,1,0,17,0,17,0,0.944444444444444
"kappa.o",13,500,0.33,"TRUE","TRUE","FALSE","17.156427870386","8.1534560394116","9.0029718309744","2.202","0.178","1.367","2,3,4,5,6,7,8,9,248,249,250,251,252,253,254,255,256",0.000374638054271618,FALSE,0,0,1,0,17,0,17,0,0.944444444444444
"kappa.o",14,500,0.33,"TRUE","TRUE","FALSE","18.1781364211478","9.1740196330185","9.00411678812928","2.12","0.149","1.305","1,2,3,4,5,6,7,8,9,248,249,250,251,252,253,254,255,256",0.000345120236145804,TRUE,0,0,0,0,18,0,18,0,1
"kappa.o",15,500,0.33,"TRUE","TRUE","FALSE","17.160445460272","8.15763216221862","9.0028132980534","2.175","0.154","1.529","2,3,4,5,6,7,8,9,248,249,250,251,252,253,254,255,256",0.000525935917238864,FALSE,0,0,1,0,17,0,17,0,0.944444444444444
"kappa.o",16,500,0.33,"TRUE","TRUE","FALSE","17.1599205546079","8.1561414098638","9.00377914474412","2.182","0.154","1.398","2,3,4,5,6,7,8,9,248,249,250,251,252,253,254,255,256",0.000315079337833244,FALSE,0,0,1,0,17,0,17,0,0.944444444444444
"kappa.o",17,500,0.33,"TRUE","TRUE","FALSE","17.7627516065184","8.75684366474275","9.00590794177563","2.553","0.148","1.497","1,2,3,4,5,6,7,8,9,248,249,250,251,252,253,254,255,256",0.000128832008841182,TRUE,0,0,0,0,18,0,18,0,1
"kappa.o",18,500,0.33,"TRUE","TRUE","FALSE","17.1668784103484","8.16336878431331","9.00350962603511","2.075","0.156","1.439","2,3,4,5,6,7,8,9,248,249,250,251,252,253,254,255,256",0.000421028226926025,FALSE,0,0,1,0,17,0,17,0,0.944444444444444
"kappa.o",19,500,0.33,"TRUE","TRUE","FALSE","17.1386148260822","8.13472407810069","9.00389074798148","2.054","0.152","1.471","2,3,4,5,6,7,8,9,248,249,250,251,252,253,254,255,256",0.00033982820779053,FALSE,0,0,1,0,17,0,17,0,0.944444444444444
"kappa.o",2,500,0.33,"TRUE","TRUE","FALSE","17.8925480718223","8.88591764365316","9.00663042816909","2.378","0.158","1.338","1,2,3,4,5,6,7,8,9,248,249,250,251,252,253,254,255,256",0.000283751067522851,TRUE,0,0,0,0,18,0,18,0,1
"kappa.o",20,500,0.33,"TRUE","TRUE","FALSE","17.1295224737526","8.12612512000204","9.00339735375059","2.008","0.152","1.417","2,3,4,5,6,7,8,9,248,249,250,251,252,253,254,255,256",0.00039561021164682,FALSE,0,0,1,0,17,0,17,0,0.944444444444444
"kappa.o",21,500,0.33,"TRUE","TRUE","FALSE","17.1645111944545","8.15860388409903","9.00590731035545","2.094","0.153","1.424","2,3,4,5,6,7,8,9,248,249,250,251,252,253,254,255,256",0.000422976852816934,FALSE,0,0,1,0,17,0,17,0,0.944444444444444
"kappa.o",22,500,0.33,"TRUE","TRUE","FALSE","17.4546085514095","8.45224406317597","9.00236448823351","2.261","0.162","1.417","2,3,4,5,6,7,8,9,248,249,250,251,252,253,254,255,256",0.000366824596193556,FALSE,0,0,1,0,17,0,17,0,0.944444444444444
"kappa.o",23,500,0.33,"TRUE","TRUE","FALSE","17.2578590230429","8.25476340468368","9.00309561835926","2.297","0.149","1.447","2,3,4,5,6,7,8,9,248,249,250,251,252,253,254,255,256",0.00048603746539497,FALSE,0,0,1,0,17,0,17,0,0.944444444444444
"kappa.o",24,500,0.33,"TRUE","TRUE","FALSE","17.1206479499651","8.1109792073869","9.00966874257816","2.092","0.158","1.461","2,3,4,5,6,7,8,9,248,249,250,251,252,253,254,255,256",0.0006055957679069,FALSE,0,0,1,0,17,0,17,0,0.944444444444444
"kappa.o",25,500,0.33,"TRUE","TRUE","FALSE","17.1048521776992","8.09959460292039","9.00525757477881","1.934","0.145","1.303","2,3,4,5,6,7,8,9,248,249,250,251,252,253,254,255,256",0.000363010711498955,FALSE,0,0,1,0,17,0,17,0,0.944444444444444
"kappa.o",26,500,0.33,"TRUE","TRUE","FALSE","17.1394160851059","8.13707975900268","9.0023363261032","1.941","0.147","1.385","2,3,4,5,6,7,8,9,248,249,250,251,252,253,254,255,256",0.000413331632018377,FALSE,0,0,1,0,17,0,17,0,0.944444444444444
"kappa.o",27,500,0.33,"TRUE","TRUE","FALSE","17.1261063284969","8.1227954539208","9.0033108745761","2.07","0.149","1.403","2,3,4,5,6,7,8,9,248,249,250,251,252,253,254,255,256",0.000368851006668506,FALSE,0,0,1,0,17,0,17,0,0.944444444444444
"kappa.o",28,500,0.33,"TRUE","TRUE","FALSE","17.1915942155525","8.18636968627557","9.00522452927689","2.238","0.151","1.419","2,3,4,5,6,7,8,9,248,249,250,251,252,253,254,255,256",0.000559447889635658,FALSE,0,0,1,0,17,0,17,0,0.944444444444444
"kappa.o",29,500,0.33,"TRUE","TRUE","FALSE","17.3037514382324","8.297993528799","9.00575790943344","2.39","0.151","1.473","2,3,4,5,6,7,8,9,248,249,250,251,252,253,254,255,256",0.000352450169843616,FALSE,0,0,1,0,17,0,17,0,0.944444444444444
"kappa.o",3,500,0.33,"TRUE","TRUE","FALSE","17.0869663977917","8.08413188940097","9.00283450839073","1.999","0.146","1.36","2,3,4,5,6,7,8,9,248,249,250,251,252,253,254,255,256",0.000307595328115261,FALSE,0,0,1,0,17,0,17,0,0.944444444444444
"kappa.o",30,500,0.33,"TRUE","TRUE","FALSE","17.1775680803486","8.17470992767262","9.00285815267595","2.201","0.157","1.514","2,3,4,5,6,7,8,9,248,249,250,251,252,253,254,255,256",0.000362024184211384,FALSE,0,0,1,0,17,0,17,0,0.944444444444444
"kappa.o",31,500,0.33,"TRUE","TRUE","FALSE","18.0089187609217","9.00147784469833","9.00744091622342","2.209","0.146","1.371","1,2,3,4,5,6,7,8,9,248,249,250,251,252,253,254,255,256",0.000184142484033241,TRUE,0,0,0,0,18,0,18,0,1
"kappa.o",32,500,0.33,"TRUE","TRUE","FALSE","18.0248888837322","9.02152081286984","9.00336807086233","2.125","0.155","1.481","1,2,3,4,5,6,7,8,9,248,249,250,251,252,253,254,255,256",0.000142765606516254,TRUE,0,0,0,0,18,0,18,0,1
"kappa.o",33,500,0.33,"TRUE","TRUE","FALSE","17.2610594689255","8.258882958966","9.00217650995955","2.275","0.157","1.456","2,3,4,5,6,7,8,9,248,249,250,251,252,253,254,255,256",0.000339498619117884,FALSE,0,0,1,0,17,0,17,0,0.944444444444444
"kappa.o",34,500,0.33,"TRUE","TRUE","FALSE","17.1710836270139","8.16770467705252","9.00337894996141","2.092","0.143","1.343","2,3,4,5,6,7,8,9,248,249,250,251,252,253,254,255,256",0.000596545803430228,FALSE,0,0,1,0,17,0,17,0,0.944444444444444
"kappa.o",35,500,0.33,"TRUE","TRUE","FALSE","17.1147020499173","8.11094030969767","9.00376174021958","2.028","0.15","1.348","2,3,4,5,6,7,8,9,248,249,250,251,252,253,254,255,256",0.000442023269728299,FALSE,0,0,1,0,17,0,17,0,0.944444444444444
"kappa.o",36,500,0.33,"TRUE","TRUE","FALSE","18.0002627595048","8.99797402764624","9.0022887318586","2.233","0.159","1.382","1,2,3,4,5,6,7,8,9,248,249,250,251,252,253,254,255,256",0.000298913656702739,TRUE,0,0,0,0,18,0,18,0,1
"kappa.o",37,500,0.33,"TRUE","TRUE","FALSE","17.1093931776672","8.10530304335274","9.00409013431445","2.141","0.156","1.44","2,3,4,5,6,7,8,9,248,249,250,251,252,253,254,255,256",0.000375148601728125,FALSE,0,0,1,0,17,0,17,0,0.944444444444444
"kappa.o",38,500,0.33,"TRUE","TRUE","FALSE","18.0346073202595","9.03222904201117","9.00237827824829","2.646","0.146","1.478","1,2,3,4,5,6,7,8,9,248,249,250,251,252,253,254,255,256",0.000297359445245891,TRUE,0,0,0,0,18,0,18,0,1
"kappa.o",39,500,0.33,"TRUE","TRUE","FALSE","18.0923143129572","9.08704298827036","9.0052713246868","2.187","0.158","1.488","1,2,3,4,5,6,7,8,9,248,249,250,251,252,253,254,255,256",0.000449079579206696,TRUE,0,0,0,0,18,0,18,0,1
"kappa.o",4,500,0.33,"TRUE","TRUE","FALSE","17.9863491638971","8.98297653794724","9.0033726259499","2.222","0.17","1.423","1,2,3,4,5,6,7,8,9,248,249,250,251,252,253,254,255,256",0.000301872179510553,TRUE,0,0,0,0,18,0,18,0,1
"kappa.o",40,500,0.33,"TRUE","TRUE","FALSE","17.271155119994","8.26715821035207","9.00399690964191","2.297","0.163","1.661","2,3,4,5,6,7,8,9,248,249,250,251,252,253,254,255,256",0.000347745928234085,FALSE,0,0,1,0,17,0,17,0,0.944444444444444
"kappa.o",41,500,0.33,"TRUE","TRUE","FALSE","17.5995616130588","8.59672052155839","9.00284109150041","2.424","0.153","1.297","2,3,4,5,6,7,8,9,248,249,250,251,252,253,254,255,256",0.000513690217142478,FALSE,0,0,1,0,17,0,17,0,0.944444444444444
"kappa.o",42,500,0.33,"TRUE","TRUE","FALSE","17.2280159663491","8.22443432762599","9.00358163872309","2.226","0.149","1.385","2,3,4,5,6,7,8,9,248,249,250,251,252,253,254,255,256",0.000448581033593395,FALSE,0,0,1,0,17,0,17,0,0.944444444444444
"kappa.o",43,500,0.33,"TRUE","TRUE","FALSE","17.1809606868823","8.16847071012182","9.01248997676048","2.155","0.155","1.597","2,3,4,5,6,7,8,9,248,249,250,251,252,253,254,255,256",0.000562112496788426,FALSE,0,0,1,0,17,0,17,0,0.944444444444444
"kappa.o",44,500,0.33,"TRUE","TRUE","FALSE","17.9881176006563","8.98330427925872","9.00481332139758","1.995","0.156","1.354","1,2,3,4,5,6,7,8,9,248,249,250,251,252,253,254,255,256",0.000372375627979385,TRUE,0,0,0,0,18,0,18,0,1
"kappa.o",45,500,0.33,"TRUE","TRUE","FALSE","17.1394553505286","8.13267767683437","9.00677767369418","2.055","0.156","1.538","2,3,4,5,6,7,8,9,248,249,250,251,252,253,254,255,256",0.000387450568868762,FALSE,0,0,1,0,17,0,17,0,0.944444444444444
"kappa.o",46,500,0.33,"TRUE","TRUE","FALSE","17.1785558281904","8.17397278068592","9.00458304750449","2.254","0.159","1.47","2,3,4,5,6,7,8,9,248,249,250,251,252,253,254,255,256",0.000389294305831292,FALSE,0,0,1,0,17,0,17,0,0.944444444444444
"kappa.o",47,500,0.33,"TRUE","TRUE","FALSE","17.6264402357165","8.62294677140577","9.00349346431074","2.657","0.154","1.435","2,3,4,5,6,7,8,9,248,249,250,251,252,253,254,255,256",0.000372111523974275,FALSE,0,0,1,0,17,0,17,0,0.944444444444444
"kappa.o",48,500,0.33,"TRUE","TRUE","FALSE","17.1117809485258","8.10951100747243","9.00226994105341","2.004","0.161","1.468","2,3,4,5,6,7,8,9,248,249,250,251,252,253,254,255,256",0.000316883144717252,FALSE,0,0,1,0,17,0,17,0,0.944444444444444
"kappa.o",49,500,0.33,"TRUE","TRUE","FALSE","17.1483811880805","8.13982169427004","9.00855949381046","1.998","0.147","1.41","2,3,4,5,6,7,8,9,248,249,250,251,252,253,254,255,256",0.000473685787586184,FALSE,0,0,1,0,17,0,17,0,0.944444444444444
"kappa.o",5,500,0.33,"TRUE","TRUE","FALSE","17.1125860990758","8.11010267052788","9.00248342854793","2.062","0.151","1.426","2,3,4,5,6,7,8,9,248,249,250,251,252,253,254,255,256",0.000355912406736371,FALSE,0,0,1,0,17,0,17,0,0.944444444444444
"kappa.o",50,500,0.33,"TRUE","TRUE","FALSE","17.1764782701719","8.17271002556221","9.00376824460968","2.23","0.167","1.365","2,3,4,5,6,7,8,9,248,249,250,251,252,253,254,255,256",0.000424551335307511,FALSE,0,0,1,0,17,0,17,0,0.944444444444444
"kappa.o",51,500,0.33,"TRUE","TRUE","FALSE","17.2201458768291","8.21391935251827","9.0062265243108","2.17","0.156","1.462","2,3,4,5,6,7,8,9,248,249,250,251,252,253,254,255,256",0.000365501420000074,FALSE,0,0,1,0,17,0,17,0,0.944444444444444
"kappa.o",52,500,0.33,"TRUE","TRUE","FALSE","17.1737437083657","8.16825302526042","9.00549068310524","2.062","0.152","2.18","2,3,4,5,6,7,8,9,248,249,250,251,252,253,254,255,256",0.000385542166359981,FALSE,0,0,1,0,17,0,17,0,0.944444444444444
"kappa.o",53,500,0.33,"TRUE","TRUE","FALSE","17.1506725085924","8.14534609960789","9.0053264089845","2.145","0.152","1.573","2,3,4,5,6,7,8,9,248,249,250,251,252,253,254,255,256",0.000311706643526607,FALSE,0,0,1,0,17,0,17,0,0.944444444444444
"kappa.o",54,500,0.33,"TRUE","TRUE","FALSE","17.5676450123924","8.56488483081879","9.00276018157359","2.442","0.172","1.367","2,3,4,5,6,7,8,9,248,249,250,251,252,253,254,255,256",0.000488081074258393,FALSE,0,0,1,0,17,0,17,0,0.944444444444444
"kappa.o",55,500,0.33,"TRUE","TRUE","FALSE","17.1774180652535","8.17491823260018","9.00249983265334","1.958","0.137","1.27","2,3,4,5,6,7,8,9,248,249,250,251,252,253,254,255,256",0.000312249034580383,FALSE,0,0,1,0,17,0,17,0,0.944444444444444
"kappa.o",56,500,0.33,"TRUE","TRUE","FALSE","17.1331984964075","8.1306068179945","9.00259167841304","1.977","0.145","1.296","2,3,4,5,6,7,8,9,248,249,250,251,252,253,254,255,256",0.000395268814301375,FALSE,0,0,1,0,17,0,17,0,0.944444444444444
"kappa.o",57,500,0.33,"TRUE","TRUE","FALSE","17.1500352291498","8.14501445280375","9.00502077634604","1.963","0.144","1.281","2,3,4,5,6,7,8,9,248,249,250,251,252,253,254,255,256",0.000647617292026094,FALSE,0,0,1,0,17,0,17,0,0.944444444444444
"kappa.o",58,500,0.33,"TRUE","TRUE","FALSE","17.1023314359051","8.09667444358797","9.00565699231714","1.824","0.138","1.341","2,3,4,5,6,7,8,9,248,249,250,251,252,253,254,255,256",0.000338755590252874,FALSE,0,0,1,0,17,0,17,0,0.944444444444444
"kappa.o",59,500,0.33,"TRUE","TRUE","FALSE","18.0910955833827","9.08192074847073","9.00917483491201","3.232","0.149","1.524","2,3,4,5,6,7,8,9,43,248,249,250,251,252,253,254,255,256",0.000607426913673698,FALSE,1,0,1,0,18,1,17,0.0555555555555556,0.944444444444444
"kappa.o",6,500,0.33,"TRUE","TRUE","FALSE","17.112228210396","8.10941089417083","9.00281731622517","2.019","0.155","1.385","2,3,4,5,6,7,8,9,248,249,250,251,252,253,254,255,256",0.000445660055110533,FALSE,0,0,1,0,17,0,17,0,0.944444444444444
"kappa.o",60,500,0.33,"TRUE","TRUE","FALSE","17.1359460513142","8.13251231178431","9.00343373952986","1.92","0.139","1.372","2,3,4,5,6,7,8,9,248,249,250,251,252,253,254,255,256",0.000425981808393214,FALSE,0,0,1,0,17,0,17,0,0.944444444444444
"kappa.o",61,500,0.33,"TRUE","TRUE","FALSE","17.3233522581462","8.2495273067142","9.07382495143196","2.351","0.146","1.377","2,3,4,5,6,7,8,9,248,249,250,251,252,253,254,255,256",0.000360812854548856,FALSE,0,0,1,0,17,0,17,0,0.944444444444444
"kappa.o",62,500,0.33,"TRUE","TRUE","FALSE","17.1282583616255","8.1231339436905","9.00512441793503","2.145","0.143","1.363","2,3,4,5,6,7,8,9,248,249,250,251,252,253,254,255,256",0.000279596601918508,FALSE,0,0,1,0,17,0,17,0,0.944444444444444
"kappa.o",63,500,0.33,"TRUE","TRUE","FALSE","17.9637581278032","8.96030335749203","9.00345477031122","2.199","0.147","1.369","1,2,3,4,5,6,7,8,9,248,249,250,251,252,253,254,255,256",0.00031835104390239,TRUE,0,0,0,0,18,0,18,0,1
"kappa.o",64,500,0.33,"TRUE","TRUE","FALSE","17.2028402788174","8.19748446068495","9.00535581813245","2.12","0.135","1.366","2,3,4,5,6,7,8,9,248,249,250,251,252,253,254,255,256",0.000282625252514317,FALSE,0,0,1,0,17,0,17,0,0.944444444444444
"kappa.o",65,500,0.33,"TRUE","TRUE","FALSE","17.6899902107456","8.68561711228023","9.00437309846536","2.127","0.143","1.319","1,2,3,4,5,6,7,8,9,248,249,250,251,252,253,254,255,256",0.000197079321490163,TRUE,0,0,0,0,18,0,18,0,1
"kappa.o",66,500,0.33,"TRUE","TRUE","FALSE","17.1276589351859","8.12496700899251","9.00269192619344","1.974","0.14","1.365","2,3,4,5,6,7,8,9,248,249,250,251,252,253,254,255,256",0.000433904217285079,FALSE,0,0,1,0,17,0,17,0,0.944444444444444
"kappa.o",67,500,0.33,"TRUE","TRUE","FALSE","17.2247018958885","8.22185458503318","9.00284731085533","2.045","0.132","1.412","2,3,4,5,6,7,8,9,248,249,250,251,252,253,254,255,256",0.00033049253712832,FALSE,0,0,1,0,17,0,17,0,0.944444444444444
"kappa.o",68,500,0.33,"TRUE","TRUE","FALSE","17.3656102804623","8.36164052796644","9.00396975249588","2.233","0.139","1.304","2,3,4,5,6,7,8,9,248,249,250,251,252,253,254,255,256",0.000297200571138516,FALSE,0,0,1,0,17,0,17,0,0.944444444444444
"kappa.o",69,500,0.33,"TRUE","TRUE","FALSE","17.1074603421427","8.10340586416378","9.00405447797896","1.932","0.152","1.442","2,3,4,5,6,7,8,9,248,249,250,251,252,253,254,255,256",0.000395022472442776,FALSE,0,0,1,0,17,0,17,0,0.944444444444444
"kappa.o",7,500,0.33,"TRUE","TRUE","FALSE","17.3418341278931","8.33758444563385","9.00424968225922","2.366","0.154","1.567","2,3,4,5,6,7,8,9,248,249,250,251,252,253,254,255,256",0.00040925789263486,FALSE,0,0,1,0,17,0,17,0,0.944444444444444
"kappa.o",70,500,0.33,"TRUE","TRUE","FALSE","17.1106460927484","8.10412614457504","9.00651994817339","2.133","0.16","1.355","2,3,4,5,6,7,8,9,248,249,250,251,252,253,254,255,256",0.000324316657449224,FALSE,0,0,1,0,17,0,17,0,0.944444444444444
"kappa.o",71,500,0.33,"TRUE","TRUE","FALSE","18.5476356719122","9.54509143193969","9.00254423997247","2.795","0.174","1.589","1,2,3,4,5,6,7,8,9,248,249,250,251,252,253,254,255,256",0.000235354774187854,TRUE,0,0,0,0,18,0,18,0,1
"kappa.o",72,500,0.33,"TRUE","TRUE","FALSE","17.1775370348659","8.17340182376545","9.00413521110048","2.349","0.178","1.588","2,3,4,5,6,7,8,9,248,249,250,251,252,253,254,255,256",0.000415453848635124,FALSE,0,0,1,0,17,0,17,0,0.944444444444444
"kappa.o",73,500,0.33,"TRUE","TRUE","FALSE","17.5406461201908","8.53494156025863","9.00570455993213","2.328","0.14","1.334","2,3,4,5,6,7,8,9,248,249,250,251,252,253,254,255,256",0.00030990060279249,FALSE,0,0,1,0,17,0,17,0,0.944444444444444
"kappa.o",74,500,0.33,"TRUE","TRUE","FALSE","17.1616156945614","8.15680541225125","9.00481028231011","1.939","0.142","1.259","2,3,4,5,6,7,8,9,248,249,250,251,252,253,254,255,256",0.000303393696547111,FALSE,0,0,1,0,17,0,17,0,0.944444444444444
"kappa.o",75,500,0.33,"TRUE","TRUE","FALSE","17.1634051464016","8.16127597497353","9.00212917142808","1.95","0.133","1.242","2,3,4,5,6,7,8,9,248,249,250,251,252,253,254,255,256",0.000424654914702243,FALSE,0,0,1,0,17,0,17,0,0.944444444444444
"kappa.o",76,500,0.33,"TRUE","TRUE","FALSE","17.1737392955067","8.17036397201577","9.00337532349089","2.057","0.135","1.289","2,3,4,5,6,7,8,9,248,249,250,251,252,253,254,255,256",0.000319276288995268,FALSE,0,0,1,0,17,0,17,0,0.944444444444444
"kappa.o",77,500,0.33,"TRUE","TRUE","FALSE","17.1247327567933","8.12198318188388","9.00274957490945","1.995","0.144","1.414","2,3,4,5,6,7,8,9,248,249,250,251,252,253,254,255,256",0.000385232128423404,FALSE,0,0,1,0,17,0,17,0,0.944444444444444
"kappa.o",78,500,0.33,"TRUE","TRUE","FALSE","17.5175891894766","8.50771463950029","9.00987454997635","2.507","0.174","1.502","2,3,4,5,6,7,8,9,248,249,250,251,252,253,254,255,256",0.000447526128532046,FALSE,0,0,1,0,17,0,17,0,0.944444444444444
"kappa.o",79,500,0.33,"TRUE","TRUE","FALSE","17.1100664622817","8.10691765725875","9.00314880502297","2.029","0.145","1.403","2,3,4,5,6,7,8,9,248,249,250,251,252,253,254,255,256",0.000329827127737443,FALSE,0,0,1,0,17,0,17,0,0.944444444444444
"kappa.o",8,500,0.33,"TRUE","TRUE","FALSE","17.1535050970226","8.14912436598133","9.00438073104127","2.131","0.153","1.519","2,3,4,5,6,7,8,9,248,249,250,251,252,253,254,255,256",0.000285903183357704,FALSE,0,0,1,0,17,0,17,0,0.944444444444444
"kappa.o",80,500,0.33,"TRUE","TRUE","FALSE","17.9572855999538","8.94892915294584","9.00835644700793","2.129","0.14","1.397","1,2,3,4,5,6,7,8,9,248,249,250,251,252,253,254,255,256",0.000153606882784226,TRUE,0,0,0,0,18,0,18,0,1
"kappa.o",81,500,0.33,"TRUE","TRUE","FALSE","17.1046504799425","8.09872710503686","9.0059233749056","1.944","0.141","1.332","2,3,4,5,6,7,8,9,248,249,250,251,252,253,254,255,256",0.000386377826668143,FALSE,0,0,1,0,17,0,17,0,0.944444444444444
"kappa.o",82,500,0.33,"TRUE","TRUE","FALSE","17.1535849799791","8.14940600080497","9.00417897917411","1.975","0.147","1.392","2,3,4,5,6,7,8,9,248,249,250,251,252,253,254,255,256",0.000504681674936766,FALSE,0,0,1,0,17,0,17,0,0.944444444444444
"kappa.o",83,500,0.33,"TRUE","TRUE","FALSE","17.1551561647382","8.14879117567052","9.00636498906766","2.114","0.15","1.388","2,3,4,5,6,7,8,9,248,249,250,251,252,253,254,255,256",0.000444309056163575,FALSE,0,0,1,0,17,0,17,0,0.944444444444444
"kappa.o",84,500,0.33,"TRUE","TRUE","FALSE","17.8877289552536","8.8838181683428","9.00391078691076","2.25","0.142","1.529","1,2,3,4,5,6,7,8,9,248,249,250,251,252,253,254,255,256",0.000269227739755696,TRUE,0,0,0,0,18,0,18,0,1
"kappa.o",85,500,0.33,"TRUE","TRUE","FALSE","17.9611256600158","8.95840224421704","9.00272341579875","2.275","0.142","1.388","1,2,3,4,5,6,7,8,9,248,249,250,251,252,253,254,255,256",0.000416877152779276,TRUE,0,0,0,0,18,0,18,0,1
"kappa.o",86,500,0.33,"TRUE","TRUE","FALSE","17.1271123805572","8.12342565012437","9.0036867304328","1.928","0.136","1.249","2,3,4,5,6,7,8,9,248,249,250,251,252,253,254,255,256",0.000447449362220575,FALSE,0,0,1,0,17,0,17,0,0.944444444444444
"kappa.o",87,500,0.33,"TRUE","TRUE","FALSE","17.1366286923034","8.13300632912919","9.00362236317422","2.097","0.139","1.249","2,3,4,5,6,7,8,9,248,249,250,251,252,253,254,255,256",0.000558183644968785,FALSE,0,0,1,0,17,0,17,0,0.944444444444444
"kappa.o",88,500,0.33,"TRUE","TRUE","FALSE","17.2875365333816","8.28189590278286","9.00564063059872","2.14","0.137","1.291","2,3,4,5,6,7,8,9,248,249,250,251,252,253,254,255,256",0.0003091097492679,FALSE,0,0,1,0,17,0,17,0,0.944444444444444
"kappa.o",89,500,0.33,"TRUE","TRUE","FALSE","17.1281850072897","8.11980284936253","9.00838215792719","2.042","0.141","1.437","2,3,4,5,6,7,8,9,248,249,250,251,252,253,254,255,256",0.000383149131494855,FALSE,0,0,1,0,17,0,17,0,0.944444444444444
"kappa.o",9,500,0.33,"TRUE","TRUE","FALSE","17.8444308829016","8.83955237002862","9.00487851287298","2.257","0.152","1.409","1,2,3,4,5,6,7,8,9,248,249,250,251,252,253,254,255,256",0.000349946618694142,TRUE,0,0,0,0,18,0,18,0,1
"kappa.o",90,500,0.33,"TRUE","TRUE","FALSE","18.1739965973736","9.13664939849306","9.03734719888053","2.11","0.137","1.352","1,2,3,4,5,6,7,8,9,248,249,250,251,252,253,254,255,256",0.000282909793366413,TRUE,0,0,0,0,18,0,18,0,1
"kappa.o",91,500,0.33,"TRUE","TRUE","FALSE","17.9907683756757","8.9876452707293","9.00312310494642","2.335","0.139","1.251","1,2,3,4,5,6,7,8,9,248,249,250,251,252,253,254,255,256",0.000300847205824459,TRUE,0,0,0,0,18,0,18,0,1
"kappa.o",92,500,0.33,"TRUE","TRUE","FALSE","17.098358175268","8.09435763410258","9.00400054116541","2.07","0.144","1.44","2,3,4,5,6,7,8,9,248,249,250,251,252,253,254,255,256",0.000593269818960066,FALSE,0,0,1,0,17,0,17,0,0.944444444444444
"kappa.o",93,500,0.33,"TRUE","TRUE","FALSE","17.2161127813532","8.21349259212485","9.00262018922832","2.069","0.147","1.438","2,3,4,5,6,7,8,9,248,249,250,251,252,253,254,255,256",0.000485003117056104,FALSE,0,0,1,0,17,0,17,0,0.944444444444444
"kappa.o",94,500,0.33,"TRUE","TRUE","FALSE","17.0992083739993","8.0944444571568","9.0047639168425","2.013","0.146","1.383","2,3,4,5,6,7,8,9,248,249,250,251,252,253,254,255,256",0.000310715194693254,FALSE,0,0,1,0,17,0,17,0,0.944444444444444
"kappa.o",95,500,0.33,"TRUE","TRUE","FALSE","17.9696945938657","8.96683092064196","9.00286367322372","2.315","0.149","1.372","1,2,3,4,5,6,7,8,9,248,249,250,251,252,253,254,255,256",0.000207044341576556,TRUE,0,0,0,0,18,0,18,0,1
"kappa.o",96,500,0.33,"TRUE","TRUE","FALSE","17.3411041667171","8.33855671710035","9.00254744961678","2.19","0.202","1.669","2,3,4,5,6,7,8,9,248,249,250,251,252,253,254,255,256",0.000387491349314018,FALSE,0,0,1,0,17,0,17,0,0.944444444444444
"kappa.o",97,500,0.33,"TRUE","TRUE","FALSE","17.38376248228","8.37903448629365","9.00472799598639","6.521","0.329","2.193","2,3,4,5,6,7,8,9,248,249,250,251,252,253,254,255,256",0.000362641713846055,FALSE,0,0,1,0,17,0,17,0,0.944444444444444
"kappa.o",98,500,0.33,"TRUE","TRUE","FALSE","17.1781138746483","8.17507352006309","9.00304035458524","2.199","0.153","1.307","2,3,4,5,6,7,8,9,248,249,250,251,252,253,254,255,256",0.000385603764894169,FALSE,0,0,1,0,17,0,17,0,0.944444444444444
"kappa.o",99,500,0.33,"TRUE","TRUE","FALSE","17.1544557402721","8.14714990269274","9.00730583757932","2.056","0.143","1.282","2,3,4,5,6,7,8,9,248,249,250,251,252,253,254,255,256",0.000457918460996761,FALSE,0,0,1,0,17,0,17,0,0.944444444444444
"lasso.cv",1,500,0.33,"TRUE","TRUE","FALSE","17.1455541061817","8.13826398471392","9.00729012146774","2.158","0.147","1.445","1,2,3,4,5,6,7,8,9,13,14,15,26,28,47,53,60,75,94,97,105,107,130,131,136,139,157,158,159,167,180,182,192,195,196,203,208,212,217,242,246,248,249,250,251,252,253,254,255,256",0.000847057387507211,FALSE,32,0,0,0,50,32,18,0.64,1
"lasso.cv",10,500,0.33,"TRUE","TRUE","FALSE","17.1508192545221","8.14833357730955","9.00248567721258","2.159","0.153","1.492","1,2,3,4,5,6,7,8,9,10,11,16,17,18,42,50,52,58,60,62,77,78,82,83,86,95,98,103,106,110,114,127,139,143,144,157,167,171,180,197,213,221,226,248,249,250,251,252,253,254,255,256,267",0.00102154740000431,FALSE,34,1,0,0,53,35,18,0.660377358490566,1
"lasso.cv",100,500,0.33,"TRUE","TRUE","FALSE","17.1393818535563","8.13589295687455","9.0034888966818","2.212","0.138","1.299","1,2,3,4,5,6,7,8,9,22,24,25,67,88,89,95,106,109,111,120,122,127,129,147,148,170,173,180,188,201,216,222,245,248,249,250,251,252,253,254,255,256,258,263",0.000612117287718415,FALSE,24,2,0,0,44,26,18,0.590909090909091,1
"lasso.cv",11,500,0.33,"TRUE","TRUE","FALSE","17.1015919342314","8.09168949425078","9.00990243998059","1.925","0.139","1.227","1,2,3,4,5,6,7,8,9,11,21,26,29,41,58,90,102,116,131,133,144,147,149,151,153,156,162,164,170,181,182,188,195,248,249,250,251,252,253,254,255,256,257",0.000705098667934407,FALSE,24,1,0,0,43,25,18,0.581395348837209,1
"lasso.cv",12,500,0.33,"TRUE","TRUE","FALSE","17.2037948533411","8.20083320192105","9.00296165142","2.152","0.152","1.413","1,2,3,4,5,6,7,8,9,13,17,18,20,21,28,29,31,32,46,48,54,69,79,85,96,99,103,108,110,126,127,129,135,139,165,175,177,178,185,193,194,201,203,204,206,210,213,218,232,233,240,241,248,249,250,251,252,253,254,255,256",0.000675067282163183,FALSE,43,0,0,0,61,43,18,0.704918032786885,1
"lasso.cv",13,500,0.33,"TRUE","TRUE","FALSE","17.156427870386","8.1534560394116","9.0029718309744","2.202","0.178","1.367","1,2,3,4,5,6,7,8,9,11,13,17,20,21,25,31,58,59,64,71,72,73,75,79,81,96,106,110,112,116,117,127,129,131,135,136,137,139,142,148,149,168,170,175,183,187,189,190,192,193,195,198,200,202,203,217,218,230,246,248,249,250,251,252,253,254,255,256,261,262",0.000931479157152508,FALSE,50,2,0,0,70,52,18,0.742857142857143,1
"lasso.cv",14,500,0.33,"TRUE","TRUE","FALSE","18.1781364211478","9.1740196330185","9.00411678812928","2.12","0.149","1.305","1,2,3,4,5,6,7,8,9,12,13,16,17,18,19,34,42,58,59,70,78,81,82,100,110,111,112,125,128,135,139,140,143,157,169,175,189,190,191,192,198,200,212,214,221,224,229,235,239,242,248,249,250,251,252,253,254,255,256,258,260,261,262",0.00108909663407974,FALSE,41,4,0,0,63,45,18,0.714285714285714,1
"lasso.cv",15,500,0.33,"TRUE","TRUE","FALSE","17.160445460272","8.15763216221862","9.0028132980534","2.175","0.154","1.529","1,2,3,4,5,6,7,8,9,15,16,18,21,25,42,49,52,58,64,77,80,95,101,109,111,113,125,131,139,144,148,158,161,185,199,205,208,220,229,234,238,242,247,248,249,250,251,252,253,254,255,256,258,264",0.00119478438669546,FALSE,34,2,0,0,54,36,18,0.666666666666667,1
"lasso.cv",16,500,0.33,"TRUE","TRUE","FALSE","17.1599205546079","8.1561414098638","9.00377914474412","2.182","0.154","1.398","1,2,3,4,5,6,7,8,9,15,22,27,33,46,59,64,68,78,82,95,110,113,115,120,126,140,142,161,167,179,187,191,196,197,203,204,208,209,219,222,231,234,239,242,246,248,249,250,251,252,253,254,255,256,264,265",0.000504819561167367,FALSE,36,2,0,0,56,38,18,0.678571428571429,1
"lasso.cv",17,500,0.33,"TRUE","TRUE","FALSE","17.7627516065184","8.75684366474275","9.00590794177563","2.553","0.148","1.497","1,2,3,4,5,6,7,8,9,16,28,37,54,58,59,69,82,88,92,95,96,104,109,110,127,148,149,155,163,165,168,176,180,190,218,220,223,232,242,248,249,250,251,252,253,254,255,256,265",0.000875066653849117,FALSE,30,1,0,0,49,31,18,0.63265306122449,1
"lasso.cv",18,500,0.33,"TRUE","TRUE","FALSE","17.1668784103484","8.16336878431331","9.00350962603511","2.075","0.156","1.439","1,2,3,4,5,6,7,8,9,14,20,35,46,49,62,71,74,77,83,84,89,98,123,131,132,149,156,164,168,172,208,222,224,228,239,245,248,249,250,251,252,253,254,255,256,265",0.0006133582457952,FALSE,27,1,0,0,46,28,18,0.608695652173913,1
"lasso.cv",19,500,0.33,"TRUE","TRUE","FALSE","17.1386148260822","8.13472407810069","9.00389074798148","2.054","0.152","1.471","1,2,3,4,5,6,7,8,9,11,13,15,20,27,48,49,50,52,58,80,96,98,118,125,132,141,150,152,162,171,175,176,180,187,190,201,202,206,210,220,221,222,224,232,248,249,250,251,252,253,254,255,256,257,258,262,264",0.000845840702717033,FALSE,35,4,0,0,57,39,18,0.684210526315789,1
"lasso.cv",2,500,0.33,"TRUE","TRUE","FALSE","17.8925480718223","8.88591764365316","9.00663042816909","2.378","0.158","1.338","1,2,3,4,5,6,7,8,9,14,19,29,31,32,34,36,49,52,54,56,66,77,86,96,103,105,106,107,119,122,124,126,128,132,138,143,154,156,158,162,164,167,169,173,179,183,184,189,194,199,203,207,211,220,222,227,237,238,240,248,249,250,251,252,253,254,255,256,258,263",0.000842218364880015,FALSE,50,2,0,0,70,52,18,0.742857142857143,1
"lasso.cv",20,500,0.33,"TRUE","TRUE","FALSE","17.1295224737526","8.12612512000204","9.00339735375059","2.008","0.152","1.417","1,2,3,4,5,6,7,8,9,12,13,14,16,17,35,36,40,49,70,74,75,77,80,81,88,97,106,110,121,123,130,136,139,148,166,170,179,183,191,192,193,195,197,199,200,202,214,215,229,235,239,240,243,244,248,249,250,251,252,253,254,255,256,257,264",0.000807225548802561,FALSE,45,2,0,0,65,47,18,0.723076923076923,1
"lasso.cv",21,500,0.33,"TRUE","TRUE","FALSE","17.1645111944545","8.15860388409903","9.00590731035545","2.094","0.153","1.424","1,2,3,4,5,6,7,8,9,11,14,22,42,44,45,55,59,70,76,102,104,105,108,109,125,135,139,142,146,150,156,173,175,190,191,194,197,201,220,221,225,233,242,248,249,250,251,252,253,254,255,256,260",0.000938383369037775,FALSE,34,1,0,0,53,35,18,0.660377358490566,1
"lasso.cv",22,500,0.33,"TRUE","TRUE","FALSE","17.4546085514095","8.45224406317597","9.00236448823351","2.261","0.162","1.417","1,2,3,4,5,6,7,8,9,11,15,32,36,75,87,89,94,95,98,102,104,125,127,128,133,138,149,155,158,160,162,165,166,177,184,189,193,194,209,212,221,231,239,247,248,249,250,251,252,253,254,255,256,267",0.000511525654878236,FALSE,35,1,0,0,54,36,18,0.666666666666667,1
"lasso.cv",23,500,0.33,"TRUE","TRUE","FALSE","17.2578590230429","8.25476340468368","9.00309561835926","2.297","0.149","1.447","1,2,3,4,5,6,7,8,9,14,22,35,42,47,49,62,66,67,73,86,87,91,93,94,99,103,106,108,114,121,133,143,144,145,149,159,164,177,187,188,192,210,211,213,214,221,222,231,242,248,249,250,251,252,253,254,255,256,262",0.00115018880543669,FALSE,40,1,0,0,59,41,18,0.694915254237288,1
"lasso.cv",24,500,0.33,"TRUE","TRUE","FALSE","17.1206479499651","8.1109792073869","9.00966874257816","2.092","0.158","1.461","1,2,3,4,5,6,7,8,9,11,17,34,42,44,47,52,70,79,96,107,111,131,135,139,141,148,163,165,167,175,186,192,196,202,215,216,222,223,224,225,245,248,249,250,251,252,253,254,255,256,257,258",0.000999994198228046,FALSE,32,2,0,0,52,34,18,0.653846153846154,1
"lasso.cv",25,500,0.33,"TRUE","TRUE","FALSE","17.1048521776992","8.09959460292039","9.00525757477881","1.934","0.145","1.303","1,2,3,4,5,6,7,8,9,11,18,19,21,23,24,26,35,37,38,41,48,50,55,57,59,60,65,73,75,78,80,84,87,90,92,100,101,107,108,112,113,118,120,122,125,129,132,135,137,139,140,143,149,153,154,156,163,172,173,176,180,185,187,189,190,192,194,200,204,208,210,214,218,224,233,236,239,248,249,250,251,252,253,254,255,256,257",0.00117872829942366,FALSE,68,1,0,0,87,69,18,0.793103448275862,1
"lasso.cv",26,500,0.33,"TRUE","TRUE","FALSE","17.1394160851059","8.13707975900268","9.0023363261032","1.941","0.147","1.385","1,2,3,4,5,6,7,8,9,19,25,47,49,63,72,75,77,82,93,100,106,116,127,134,139,141,158,160,171,175,179,181,185,187,192,200,211,226,236,240,242,248,249,250,251,252,253,254,255,256,264",0.000782493684261673,FALSE,32,1,0,0,51,33,18,0.647058823529412,1
"lasso.cv",27,500,0.33,"TRUE","TRUE","FALSE","17.1261063284969","8.1227954539208","9.0033108745761","2.07","0.149","1.403","1,2,3,4,5,6,7,8,9,12,14,34,35,39,42,46,55,56,57,60,63,68,90,92,98,110,119,126,130,132,135,137,138,139,143,149,151,152,160,167,178,186,201,216,233,237,245,248,249,250,251,252,253,254,255,256,257",0.000757526957986538,FALSE,38,1,0,0,57,39,18,0.684210526315789,1
"lasso.cv",28,500,0.33,"TRUE","TRUE","FALSE","17.1915942155525","8.18636968627557","9.00522452927689","2.238","0.151","1.419","1,2,3,4,5,6,7,8,9,15,16,18,19,22,25,28,29,31,35,37,38,39,40,42,47,55,56,59,63,64,66,69,71,73,75,76,77,79,81,83,88,91,92,93,94,95,96,97,98,99,100,101,104,107,110,112,113,114,115,117,121,126,128,131,136,138,139,140,141,144,150,152,155,164,168,170,173,179,189,192,193,194,204,205,210,211,222,224,226,228,232,235,238,240,245,248,249,250,251,252,253,254,255,256,261,264",0.00141519405642098,FALSE,86,2,0,0,106,88,18,0.830188679245283,1
"lasso.cv",29,500,0.33,"TRUE","TRUE","FALSE","17.3037514382324","8.297993528799","9.00575790943344","2.39","0.151","1.473","1,2,3,4,5,6,7,8,9,13,14,16,20,21,27,30,32,37,38,39,40,47,51,58,62,65,66,68,71,77,81,82,90,91,92,96,102,103,104,105,106,123,128,131,139,143,146,155,164,172,188,205,213,214,216,217,218,229,244,248,249,250,251,252,253,254,255,256,263",0.00118170444633772,FALSE,50,1,0,0,69,51,18,0.739130434782609,1
"lasso.cv",3,500,0.33,"TRUE","TRUE","FALSE","17.0869663977917","8.08413188940097","9.00283450839073","1.999","0.146","1.36","1,2,3,4,5,6,7,8,9,13,15,21,24,40,47,69,112,131,139,150,153,162,163,170,173,180,181,187,202,203,209,211,212,213,222,227,230,231,235,239,248,249,250,251,252,253,254,255,256",0.000515977917326551,FALSE,31,0,0,0,49,31,18,0.63265306122449,1
"lasso.cv",30,500,0.33,"TRUE","TRUE","FALSE","17.1775680803486","8.17470992767262","9.00285815267595","2.201","0.157","1.514","1,2,3,4,5,6,7,8,9,18,20,29,32,42,47,52,63,64,70,75,86,104,109,117,142,144,163,180,208,214,224,226,232,233,238,240,247,248,249,250,251,252,253,254,255,256,257,263",0.000731749614362352,FALSE,28,2,0,0,48,30,18,0.625,1
"lasso.cv",31,500,0.33,"TRUE","TRUE","FALSE","18.0089187609217","9.00147784469833","9.00744091622342","2.209","0.146","1.371","1,2,3,4,5,6,7,8,9,10,14,15,19,24,26,29,42,49,55,56,70,78,79,89,94,96,106,137,138,139,146,148,154,156,171,172,180,187,190,200,201,210,211,217,229,231,235,237,248,249,250,251,252,253,254,255,256,261,266",0.000839531504997332,FALSE,39,2,0,0,59,41,18,0.694915254237288,1
"lasso.cv",32,500,0.33,"TRUE","TRUE","FALSE","18.0248888837322","9.02152081286984","9.00336807086233","2.125","0.155","1.481","1,2,3,4,5,6,7,8,9,13,18,21,24,41,43,48,49,56,64,75,78,89,99,107,108,111,112,115,122,139,147,157,162,165,167,177,190,206,207,209,210,218,220,234,236,243,246,248,249,250,251,252,253,254,255,256,261,262,265",0.000649473911256762,FALSE,38,3,0,0,59,41,18,0.694915254237288,1
"lasso.cv",33,500,0.33,"TRUE","TRUE","FALSE","17.2610594689255","8.258882958966","9.00217650995955","2.275","0.157","1.456","1,2,3,4,5,6,7,8,9,11,20,23,35,44,49,56,57,58,72,74,76,81,82,83,84,87,89,92,93,118,130,136,138,142,143,146,150,161,163,165,166,168,172,179,185,186,194,196,198,200,201,202,217,220,222,224,226,229,230,236,237,239,241,244,248,249,250,251,252,253,254,255,256",0.00101022780913467,FALSE,55,0,0,0,73,55,18,0.753424657534247,1
"lasso.cv",34,500,0.33,"TRUE","TRUE","FALSE","17.1710836270139","8.16770467705252","9.00337894996141","2.092","0.143","1.343","1,2,3,4,5,6,7,8,9,11,17,20,24,27,28,42,45,66,71,73,77,82,98,115,120,128,134,140,142,144,150,155,156,162,171,174,180,184,187,193,213,216,224,235,236,248,249,250,251,252,253,254,255,256,258,260,264,265",0.000922421604686691,FALSE,36,4,0,0,58,40,18,0.689655172413793,1
"lasso.cv",35,500,0.33,"TRUE","TRUE","FALSE","17.1147020499173","8.11094030969767","9.00376174021958","2.028","0.15","1.348","1,2,3,4,5,6,7,8,9,18,29,44,48,62,79,80,87,89,91,103,104,111,113,125,131,133,134,135,137,139,140,142,144,145,149,154,159,164,181,187,191,196,206,208,212,218,220,237,246,248,249,250,251,252,253,254,255,256,258,264",0.000997422940558306,FALSE,40,2,0,0,60,42,18,0.7,1
"lasso.cv",36,500,0.33,"TRUE","TRUE","FALSE","18.0002627595048","8.99797402764624","9.0022887318586","2.233","0.159","1.382","1,2,3,4,5,6,7,8,9,22,25,32,44,46,49,53,55,62,74,83,84,87,90,91,92,98,107,112,114,119,125,128,147,153,162,183,186,190,195,200,201,205,208,212,218,221,227,248,249,250,251,252,253,254,255,256",0.000922296254138132,FALSE,38,0,0,0,56,38,18,0.678571428571429,1
"lasso.cv",37,500,0.33,"TRUE","TRUE","FALSE","17.1093931776672","8.10530304335274","9.00409013431445","2.141","0.156","1.44","1,2,3,4,5,6,7,8,9,19,29,45,46,49,50,53,63,65,66,68,84,86,88,91,93,100,109,122,127,132,139,146,151,159,167,168,169,175,198,201,221,226,230,234,248,249,250,251,252,253,254,255,256,260,262",0.000898711924277671,FALSE,35,2,0,0,55,37,18,0.672727272727273,1
"lasso.cv",38,500,0.33,"TRUE","TRUE","FALSE","18.0346073202595","9.03222904201117","9.00237827824829","2.646","0.146","1.478","1,2,3,4,5,6,7,8,9,10,12,18,25,26,27,29,31,44,45,46,52,53,62,65,66,68,69,72,74,80,81,84,86,88,91,94,100,111,120,132,138,148,150,153,160,166,168,181,188,190,193,194,206,208,214,215,220,223,233,235,237,239,247,248,249,250,251,252,253,254,255,256",0.000963338432919388,FALSE,54,0,0,0,72,54,18,0.75,1
"lasso.cv",39,500,0.33,"TRUE","TRUE","FALSE","18.0923143129572","9.08704298827036","9.0052713246868","2.187","0.158","1.488","1,2,3,4,5,6,7,8,9,13,36,38,39,43,48,50,64,67,68,72,80,83,86,87,89,94,104,105,107,110,117,123,134,138,142,149,150,155,160,164,174,180,184,191,196,198,199,201,203,204,207,217,231,237,244,245,246,248,249,250,251,252,253,254,255,256,258,260,262,263,264",0.00117122113301094,FALSE,48,5,0,0,71,53,18,0.746478873239437,1
"lasso.cv",4,500,0.33,"TRUE","TRUE","FALSE","17.9863491638971","8.98297653794724","9.0033726259499","2.222","0.17","1.423","1,2,3,4,5,6,7,8,9,16,24,33,39,55,63,74,78,97,109,110,117,123,124,130,134,137,153,165,173,175,179,180,187,220,231,235,248,249,250,251,252,253,254,255,256,260,264",0.000844441445612288,FALSE,27,2,0,0,47,29,18,0.617021276595745,1
"lasso.cv",40,500,0.33,"TRUE","TRUE","FALSE","17.271155119994","8.26715821035207","9.00399690964191","2.297","0.163","1.661","1,2,3,4,5,6,7,8,9,16,18,21,24,30,32,33,58,60,70,71,73,95,98,102,107,109,110,113,117,121,129,132,142,159,163,168,171,187,188,190,192,214,217,220,230,231,248,249,250,251,252,253,254,255,256,262,264",0.00104857460387658,FALSE,37,2,0,0,57,39,18,0.684210526315789,1
"lasso.cv",41,500,0.33,"TRUE","TRUE","FALSE","17.5995616130588","8.59672052155839","9.00284109150041","2.424","0.153","1.297","1,2,3,4,5,6,7,8,9,14,15,22,50,60,61,71,73,74,77,84,99,103,107,113,114,118,120,123,129,144,145,158,165,167,184,191,194,195,198,200,214,220,232,239,248,249,250,251,252,253,254,255,256,258,260",0.000869574205408435,FALSE,35,2,0,0,55,37,18,0.672727272727273,1
"lasso.cv",42,500,0.33,"TRUE","TRUE","FALSE","17.2280159663491","8.22443432762599","9.00358163872309","2.226","0.149","1.385","1,2,3,4,5,6,7,8,9,11,13,14,34,39,42,46,57,67,73,75,88,91,95,97,98,104,110,135,150,161,162,163,165,170,172,173,178,180,186,197,198,199,218,220,224,229,230,235,241,246,248,249,250,251,252,253,254,255,256,258,262",0.00124705795832424,FALSE,41,2,0,0,61,43,18,0.704918032786885,1
"lasso.cv",43,500,0.33,"TRUE","TRUE","FALSE","17.1809606868823","8.16847071012182","9.01248997676048","2.155","0.155","1.597","1,2,3,4,5,6,7,8,9,12,14,19,24,27,35,41,42,45,47,49,53,73,79,82,88,90,93,98,105,110,116,131,142,159,161,162,165,166,169,178,190,202,209,221,223,233,236,242,247,248,249,250,251,252,253,254,255,256,257,259",0.000996975058464714,FALSE,40,2,0,0,60,42,18,0.7,1
"lasso.cv",44,500,0.33,"TRUE","TRUE","FALSE","17.9881176006563","8.98330427925872","9.00481332139758","1.995","0.156","1.354","1,2,3,4,5,6,7,8,9,14,17,36,37,39,40,41,43,58,72,73,77,79,83,85,94,106,111,112,116,126,131,135,137,152,158,160,162,183,188,190,198,215,223,227,235,238,239,248,249,250,251,252,253,254,255,256,258",0.00097549719947971,FALSE,38,1,0,0,57,39,18,0.684210526315789,1
"lasso.cv",45,500,0.33,"TRUE","TRUE","FALSE","17.1394553505286","8.13267767683437","9.00677767369418","2.055","0.156","1.538","1,2,3,4,5,6,7,8,9,16,18,21,27,41,44,51,53,56,58,68,73,77,87,98,113,123,132,142,148,154,160,161,164,165,170,179,183,191,202,208,213,218,223,239,248,249,250,251,252,253,254,255,256",0.000762188524597045,FALSE,35,0,0,0,53,35,18,0.660377358490566,1
"lasso.cv",46,500,0.33,"TRUE","TRUE","FALSE","17.1785558281904","8.17397278068592","9.00458304750449","2.254","0.159","1.47","1,2,3,4,5,6,7,8,9,10,12,47,51,54,75,98,110,130,132,135,139,148,150,162,174,195,206,207,242,245,248,249,250,251,252,253,254,255,256,262",0.000777525892444444,FALSE,21,1,0,0,40,22,18,0.55,1
"lasso.cv",47,500,0.33,"TRUE","TRUE","FALSE","17.6264402357165","8.62294677140577","9.00349346431074","2.657","0.154","1.435","1,2,3,4,5,6,7,8,9,14,16,23,24,29,31,34,47,49,52,55,62,65,68,71,83,94,95,98,102,106,107,109,124,133,142,144,153,158,167,172,188,190,194,198,200,211,217,235,239,247,248,249,250,251,252,253,254,255,256",0.00118324797374766,FALSE,41,0,0,0,59,41,18,0.694915254237288,1
"lasso.cv",48,500,0.33,"TRUE","TRUE","FALSE","17.1117809485258","8.10951100747243","9.00226994105341","2.004","0.161","1.468","1,2,3,4,5,6,7,8,9,11,15,16,18,21,26,35,45,51,58,61,62,68,72,78,82,87,89,91,94,95,97,101,102,103,118,121,126,130,132,137,138,140,144,148,149,152,158,160,164,165,167,171,176,180,189,197,199,200,212,213,223,225,231,241,242,247,248,249,250,251,252,253,254,255,256",0.000947292337923906,FALSE,57,0,0,0,75,57,18,0.76,1
"lasso.cv",49,500,0.33,"TRUE","TRUE","FALSE","17.1483811880805","8.13982169427004","9.00855949381046","1.998","0.147","1.41","1,2,3,4,5,6,7,8,9,10,13,14,16,24,26,29,30,35,38,43,54,70,73,75,77,78,84,86,90,98,101,107,108,117,125,127,129,142,163,165,169,171,176,186,201,202,215,216,221,224,227,229,236,248,249,250,251,252,253,254,255,256",0.000878398250899289,FALSE,44,0,0,0,62,44,18,0.709677419354839,1
"lasso.cv",5,500,0.33,"TRUE","TRUE","FALSE","17.1125860990758","8.11010267052788","9.00248342854793","2.062","0.151","1.426","1,2,3,4,5,6,7,8,9,13,16,18,22,23,27,36,47,58,85,97,121,124,139,148,154,155,160,163,170,176,182,192,193,197,215,221,223,232,234,248,249,250,251,252,253,254,255,256,258",0.000711414573814637,FALSE,30,1,0,0,49,31,18,0.63265306122449,1
"lasso.cv",50,500,0.33,"TRUE","TRUE","FALSE","17.1764782701719","8.17271002556221","9.00376824460968","2.23","0.167","1.365","1,2,3,4,5,6,7,8,9,15,16,21,29,34,36,38,42,45,53,54,56,73,82,85,98,105,108,122,123,127,132,134,141,166,168,176,177,178,184,190,195,196,202,206,208,211,213,215,216,218,220,223,233,245,248,249,250,251,252,253,254,255,256,264,265,266",0.000910676463611285,FALSE,45,3,0,0,66,48,18,0.727272727272727,1
"lasso.cv",51,500,0.33,"TRUE","TRUE","FALSE","17.2201458768291","8.21391935251827","9.0062265243108","2.17","0.156","1.462","1,2,3,4,5,6,7,8,9,22,29,30,33,44,46,54,58,62,75,79,86,91,107,118,122,129,134,170,186,195,196,248,249,250,251,252,253,254,255,256,258,260,262,265,266",0.000893958649445767,FALSE,22,5,0,0,45,27,18,0.6,1
"lasso.cv",52,500,0.33,"TRUE","TRUE","FALSE","17.1737437083657","8.16825302526042","9.00549068310524","2.062","0.152","2.18","1,2,3,4,5,6,7,8,9,17,18,25,27,32,46,49,58,61,68,73,74,76,78,87,109,114,123,132,144,146,149,164,193,197,198,201,202,203,204,205,206,210,212,216,225,241,247,248,249,250,251,252,253,254,255,256,259,262,265",0.000783703561041623,FALSE,38,3,0,0,59,41,18,0.694915254237288,1
"lasso.cv",53,500,0.33,"TRUE","TRUE","FALSE","17.1506725085924","8.14534609960789","9.0053264089845","2.145","0.152","1.573","1,2,3,4,5,6,7,8,9,14,15,18,22,24,28,42,49,53,59,62,63,71,82,91,94,130,131,141,143,157,158,160,170,185,199,208,213,215,231,248,249,250,251,252,253,254,255,256,259,266",0.000556087567155467,FALSE,30,2,0,0,50,32,18,0.64,1
"lasso.cv",54,500,0.33,"TRUE","TRUE","FALSE","17.5676450123924","8.56488483081879","9.00276018157359","2.442","0.172","1.367","1,2,3,4,5,6,7,8,9,22,25,36,39,40,58,59,60,69,83,86,93,104,111,120,133,141,145,155,160,164,168,191,200,201,202,212,218,228,240,248,249,250,251,252,253,254,255,256",0.000712985468536781,FALSE,30,0,0,0,48,30,18,0.625,1
"lasso.cv",55,500,0.33,"TRUE","TRUE","FALSE","17.1774180652535","8.17491823260018","9.00249983265334","1.958","0.137","1.27","1,2,3,4,5,6,7,8,9,16,36,47,50,73,95,98,99,103,104,106,109,117,123,127,137,144,154,162,174,191,195,202,208,210,218,220,222,227,232,240,243,248,249,250,251,252,253,254,255,256",0.000613612535036007,FALSE,32,0,0,0,50,32,18,0.64,1
"lasso.cv",56,500,0.33,"TRUE","TRUE","FALSE","17.1331984964075","8.1306068179945","9.00259167841304","1.977","0.145","1.296","1,2,3,4,5,6,7,8,9,14,16,20,23,31,34,37,40,50,51,53,55,61,63,64,68,73,75,77,85,88,89,104,110,114,115,117,119,121,122,124,125,129,141,145,153,164,171,176,180,183,185,187,191,192,194,195,197,214,217,226,227,230,241,246,248,249,250,251,252,253,254,255,256,262",0.000847267711348865,FALSE,55,1,0,0,74,56,18,0.756756756756757,1
"lasso.cv",57,500,0.33,"TRUE","TRUE","FALSE","17.1500352291498","8.14501445280375","9.00502077634604","1.963","0.144","1.281","1,2,3,4,5,6,7,8,9,14,19,32,50,57,60,62,63,65,70,73,75,77,79,86,88,92,93,99,103,110,113,119,127,138,149,159,161,171,177,192,194,198,199,201,205,224,238,248,249,250,251,252,253,254,255,256,262",0.00114957713731686,FALSE,38,1,0,0,57,39,18,0.684210526315789,1
"lasso.cv",58,500,0.33,"TRUE","TRUE","FALSE","17.1023314359051","8.09667444358797","9.00565699231714","1.824","0.138","1.341","1,2,3,4,5,6,7,8,9,18,23,29,31,44,50,55,59,74,77,84,88,102,103,114,116,130,136,162,165,166,169,171,194,203,205,206,208,226,236,242,248,249,250,251,252,253,254,255,256,258",0.0007501238987479,FALSE,31,1,0,0,50,32,18,0.64,1
"lasso.cv",59,500,0.33,"TRUE","TRUE","FALSE","18.0910955833827","9.08192074847073","9.00917483491201","3.232","0.149","1.524","1,2,3,4,5,6,7,8,9,14,18,20,28,38,40,43,44,47,49,57,61,70,77,80,82,83,89,95,99,117,121,127,135,146,155,162,168,171,173,175,178,180,189,201,216,221,225,229,230,232,233,237,242,248,249,250,251,252,253,254,255,256,265,267",0.00156609594969003,FALSE,44,2,0,0,64,46,18,0.71875,1
"lasso.cv",6,500,0.33,"TRUE","TRUE","FALSE","17.112228210396","8.10941089417083","9.00281731622517","2.019","0.155","1.385","1,2,3,4,5,6,7,8,9,16,18,52,58,64,66,79,96,111,113,114,131,136,139,144,145,149,152,160,165,169,173,174,176,180,189,195,198,208,212,219,235,242,245,248,249,250,251,252,253,254,255,256,264",0.000784027039645164,FALSE,34,1,0,0,53,35,18,0.660377358490566,1
"lasso.cv",60,500,0.33,"TRUE","TRUE","FALSE","17.1359460513142","8.13251231178431","9.00343373952986","1.92","0.139","1.372","1,2,3,4,5,6,7,8,9,10,22,31,41,43,45,53,66,76,77,82,86,90,100,109,112,134,149,167,172,177,183,197,202,213,216,217,226,229,230,231,245,248,249,250,251,252,253,254,255,256,261",0.000814488911437367,FALSE,32,1,0,0,51,33,18,0.647058823529412,1
"lasso.cv",61,500,0.33,"TRUE","TRUE","FALSE","17.3233522581462","8.2495273067142","9.07382495143196","2.351","0.146","1.377","1,2,3,4,5,6,7,8,9,12,19,22,24,26,30,34,44,46,48,49,53,57,70,75,92,97,98,106,110,111,115,116,117,123,125,127,133,135,148,161,162,165,167,178,188,190,191,196,199,211,215,216,223,241,246,248,249,250,251,252,253,254,255,256,259,263,266",0.000713757787757361,FALSE,46,3,0,0,67,49,18,0.73134328358209,1
"lasso.cv",62,500,0.33,"TRUE","TRUE","FALSE","17.1282583616255","8.1231339436905","9.00512441793503","2.145","0.143","1.363","1,2,3,4,5,6,7,8,9,16,20,43,44,50,63,66,77,79,98,99,102,112,130,134,139,142,144,153,158,159,182,191,198,212,216,220,221,231,242,244,247,248,249,250,251,252,253,254,255,256,262,267",0.000717587964659613,FALSE,32,2,0,0,52,34,18,0.653846153846154,1
"lasso.cv",63,500,0.33,"TRUE","TRUE","FALSE","17.9637581278032","8.96030335749203","9.00345477031122","2.199","0.147","1.369","1,2,3,4,5,6,7,8,9,16,20,27,34,40,49,53,61,70,75,77,83,106,110,111,126,144,150,151,156,157,159,171,178,183,201,205,211,223,226,231,235,238,242,248,249,250,251,252,253,254,255,256,257",0.000823155728530351,FALSE,34,1,0,0,53,35,18,0.660377358490566,1
"lasso.cv",64,500,0.33,"TRUE","TRUE","FALSE","17.2028402788174","8.19748446068495","9.00535581813245","2.12","0.135","1.366","1,2,3,4,5,6,7,8,9,11,31,41,44,63,71,73,78,88,90,98,104,120,121,122,134,137,149,170,171,176,204,211,230,239,248,249,250,251,252,253,254,255,256,265,267",0.000433563028454087,FALSE,25,2,0,0,45,27,18,0.6,1
"lasso.cv",65,500,0.33,"TRUE","TRUE","FALSE","17.6899902107456","8.68561711228023","9.00437309846536","2.127","0.143","1.319","1,2,3,4,5,6,7,8,9,10,13,28,39,44,47,68,87,90,92,113,135,146,149,156,162,164,169,173,175,186,190,195,199,203,206,214,220,234,248,249,250,251,252,253,254,255,256,265",0.000648682614827478,FALSE,29,1,0,0,48,30,18,0.625,1
"lasso.cv",66,500,0.33,"TRUE","TRUE","FALSE","17.1276589351859","8.12496700899251","9.00269192619344","1.974","0.14","1.365","1,2,3,4,5,6,7,8,9,13,29,49,52,65,70,75,78,80,87,89,98,101,110,111,120,131,132,139,141,143,149,155,157,184,205,211,218,224,243,248,249,250,251,252,253,254,255,256,258,266",0.000736974423014094,FALSE,30,2,0,0,50,32,18,0.64,1
"lasso.cv",67,500,0.33,"TRUE","TRUE","FALSE","17.2247018958885","8.22185458503318","9.00284731085533","2.045","0.132","1.412","1,2,3,4,5,6,7,8,9,18,20,21,33,40,70,75,77,85,87,96,103,109,122,125,135,137,141,163,166,183,198,199,212,221,228,244,247,248,249,250,251,252,253,254,255,256,265",0.000505065645774222,FALSE,28,1,0,0,47,29,18,0.617021276595745,1
"lasso.cv",68,500,0.33,"TRUE","TRUE","FALSE","17.3656102804623","8.36164052796644","9.00396975249588","2.233","0.139","1.304","1,2,3,4,5,6,7,8,9,12,13,25,26,28,35,49,54,58,70,73,95,105,113,121,122,139,144,145,149,153,154,165,177,180,194,203,206,221,231,233,240,241,242,243,248,249,250,251,252,253,254,255,256,257",0.000711310606106141,FALSE,35,1,0,0,54,36,18,0.666666666666667,1
"lasso.cv",69,500,0.33,"TRUE","TRUE","FALSE","17.1074603421427","8.10340586416378","9.00405447797896","1.932","0.152","1.442","1,2,3,4,5,6,7,8,9,11,13,16,33,37,46,55,63,66,68,74,81,85,102,110,127,139,141,153,154,170,172,186,187,202,205,208,217,234,236,248,249,250,251,252,253,254,255,256,258,262,263",0.000852809703251206,FALSE,30,3,0,0,51,33,18,0.647058823529412,1
"lasso.cv",7,500,0.33,"TRUE","TRUE","FALSE","17.3418341278931","8.33758444563385","9.00424968225922","2.366","0.154","1.567","1,2,3,4,5,6,7,8,9,12,20,25,33,34,36,42,44,46,47,48,60,61,72,75,87,89,110,111,118,119,127,134,145,149,155,172,192,203,205,206,223,224,228,241,244,248,249,250,251,252,253,254,255,256,258",0.000888199704112527,FALSE,36,1,0,0,55,37,18,0.672727272727273,1
"lasso.cv",70,500,0.33,"TRUE","TRUE","FALSE","17.1106460927484","8.10412614457504","9.00651994817339","2.133","0.16","1.355","1,2,3,4,5,6,7,8,9,18,27,28,29,43,53,58,67,74,83,85,90,96,109,111,125,131,139,144,150,163,173,175,180,181,201,212,231,232,246,248,249,250,251,252,253,254,255,256",0.000685591848571227,FALSE,30,0,0,0,48,30,18,0.625,1
"lasso.cv",71,500,0.33,"TRUE","TRUE","FALSE","18.5476356719122","9.54509143193969","9.00254423997247","2.795","0.174","1.589","1,2,3,4,5,6,7,8,9,10,14,15,23,27,34,36,37,42,74,75,84,103,115,118,121,128,131,135,144,148,149,151,158,159,173,190,195,196,201,214,221,222,225,244,247,248,249,250,251,252,253,254,255,256",0.00133309666712337,FALSE,36,0,0,0,54,36,18,0.666666666666667,1
"lasso.cv",72,500,0.33,"TRUE","TRUE","FALSE","17.1775370348659","8.17340182376545","9.00413521110048","2.349","0.178","1.588","1,2,3,4,5,6,7,8,9,13,18,20,29,36,58,60,70,78,79,85,88,92,95,96,100,110,111,130,134,135,137,142,143,152,163,166,173,177,181,183,189,197,206,218,219,220,228,230,232,233,237,248,249,250,251,252,253,254,255,256,260,265",0.00111907824465248,FALSE,42,2,0,0,62,44,18,0.709677419354839,1
"lasso.cv",73,500,0.33,"TRUE","TRUE","FALSE","17.5406461201908","8.53494156025863","9.00570455993213","2.328","0.14","1.334","1,2,3,4,5,6,7,8,9,11,14,21,39,51,53,65,81,82,84,86,87,92,96,107,123,129,132,136,141,144,149,151,157,163,165,167,170,184,194,198,209,210,222,226,234,236,239,248,249,250,251,252,253,254,255,256,258,259,264,265",0.000703414290798989,FALSE,38,4,0,0,60,42,18,0.7,1
"lasso.cv",74,500,0.33,"TRUE","TRUE","FALSE","17.1616156945614","8.15680541225125","9.00481028231011","1.939","0.142","1.259","1,2,3,4,5,6,7,8,9,13,23,29,42,43,52,61,64,68,72,79,82,84,87,101,114,121,129,131,134,144,146,162,164,170,176,187,207,209,219,231,235,244,248,249,250,251,252,253,254,255,256,258,260,266",0.000682404986914949,FALSE,33,3,0,0,54,36,18,0.666666666666667,1
"lasso.cv",75,500,0.33,"TRUE","TRUE","FALSE","17.1634051464016","8.16127597497353","9.00212917142808","1.95","0.133","1.242","1,2,3,4,5,6,7,8,9,12,14,17,18,20,21,23,28,29,45,51,59,71,74,77,82,93,95,98,99,102,107,126,134,135,139,155,157,165,168,172,175,188,193,194,198,202,203,205,208,211,218,221,231,233,240,245,246,247,248,249,250,251,252,253,254,255,256,264",0.000883468354613082,FALSE,49,1,0,0,68,50,18,0.735294117647059,1
"lasso.cv",76,500,0.33,"TRUE","TRUE","FALSE","17.1737392955067","8.17036397201577","9.00337532349089","2.057","0.135","1.289","1,2,3,4,5,6,7,8,9,16,19,31,36,37,60,66,67,68,69,74,82,96,104,108,113,114,119,127,139,148,164,165,174,178,194,203,224,225,233,235,238,243,247,248,249,250,251,252,253,254,255,256,265",0.000717051383933339,FALSE,34,1,0,0,53,35,18,0.660377358490566,1
"lasso.cv",77,500,0.33,"TRUE","TRUE","FALSE","17.1247327567933","8.12198318188388","9.00274957490945","1.995","0.144","1.414","1,2,3,4,5,6,7,8,9,10,13,14,31,37,39,42,44,46,47,59,70,84,90,93,102,104,116,123,137,149,151,152,159,163,171,187,195,197,198,210,213,221,232,247,248,249,250,251,252,253,254,255,256",0.000635308275290169,FALSE,35,0,0,0,53,35,18,0.660377358490566,1
"lasso.cv",78,500,0.33,"TRUE","TRUE","FALSE","17.5175891894766","8.50771463950029","9.00987454997635","2.507","0.174","1.502","1,2,3,4,5,6,7,8,9,11,28,42,45,48,53,61,76,85,87,101,104,109,112,116,118,122,124,125,135,137,142,146,155,156,161,174,180,185,186,191,193,195,199,200,214,217,220,221,226,227,230,238,244,247,248,249,250,251,252,253,254,255,256,262,263",0.000933667369812188,FALSE,45,2,0,0,65,47,18,0.723076923076923,1
"lasso.cv",79,500,0.33,"TRUE","TRUE","FALSE","17.1100664622817","8.10691765725875","9.00314880502297","2.029","0.145","1.403","1,2,3,4,5,6,7,8,9,14,29,30,40,47,58,62,63,75,76,88,91,96,107,109,121,134,143,147,157,160,163,166,170,179,186,188,220,239,240,248,249,250,251,252,253,254,255,256,257,263,265",0.000784667969162285,FALSE,30,3,0,0,51,33,18,0.647058823529412,1
"lasso.cv",8,500,0.33,"TRUE","TRUE","FALSE","17.1535050970226","8.14912436598133","9.00438073104127","2.131","0.153","1.519","1,2,3,4,5,6,7,8,9,18,20,26,29,30,46,56,58,78,82,86,88,91,96,104,112,122,127,130,141,148,153,160,164,169,170,215,216,222,231,232,234,238,239,248,249,250,251,252,253,254,255,256,267",0.00113934660756523,FALSE,34,1,0,0,53,35,18,0.660377358490566,1
"lasso.cv",80,500,0.33,"TRUE","TRUE","FALSE","17.9572855999538","8.94892915294584","9.00835644700793","2.129","0.14","1.397","1,2,3,4,5,6,7,8,9,15,21,30,31,37,41,52,56,72,77,90,98,99,115,116,133,143,146,148,150,155,158,162,163,164,170,191,195,212,226,231,240,247,248,249,250,251,252,253,254,255,256,264,265",0.000769112504379093,FALSE,33,2,0,0,53,35,18,0.660377358490566,1
"lasso.cv",81,500,0.33,"TRUE","TRUE","FALSE","17.1046504799425","8.09872710503686","9.0059233749056","1.944","0.141","1.332","1,2,3,4,5,6,7,8,9,10,29,30,45,49,66,68,69,71,72,73,77,83,93,98,103,110,116,123,139,141,148,163,165,167,183,196,199,205,213,218,227,230,234,239,248,249,250,251,252,253,254,255,256,257,258,260,265",0.000781254911283844,FALSE,35,4,0,0,57,39,18,0.684210526315789,1
"lasso.cv",82,500,0.33,"TRUE","TRUE","FALSE","17.1535849799791","8.14940600080497","9.00417897917411","1.975","0.147","1.392","1,2,3,4,5,6,7,8,9,12,14,19,38,39,40,53,55,68,71,72,75,79,87,94,95,103,106,109,110,123,129,163,165,169,190,201,211,216,218,233,239,248,249,250,251,252,253,254,255,256,257,258,262,267",0.000881937694125912,FALSE,32,4,0,0,54,36,18,0.666666666666667,1
"lasso.cv",83,500,0.33,"TRUE","TRUE","FALSE","17.1551561647382","8.14879117567052","9.00636498906766","2.114","0.15","1.388","1,2,3,4,5,6,7,8,9,20,26,29,31,33,41,42,46,50,54,56,86,88,92,105,115,141,147,151,153,161,168,171,191,194,200,202,209,212,223,227,234,244,248,249,250,251,252,253,254,255,256,263,264",0.000696631683818903,FALSE,33,2,0,0,53,35,18,0.660377358490566,1
"lasso.cv",84,500,0.33,"TRUE","TRUE","FALSE","17.8877289552536","8.8838181683428","9.00391078691076","2.25","0.142","1.529","1,2,3,4,5,6,7,8,9,12,30,31,44,46,47,52,64,65,118,127,144,145,146,147,149,152,164,169,181,192,195,208,211,213,224,226,240,246,248,249,250,251,252,253,254,255,256,262,266",0.000864400021359206,FALSE,29,2,0,0,49,31,18,0.63265306122449,1
"lasso.cv",85,500,0.33,"TRUE","TRUE","FALSE","17.9611256600158","8.95840224421704","9.00272341579875","2.275","0.142","1.388","1,2,3,4,5,6,7,8,9,11,14,15,16,19,34,52,55,56,61,63,65,72,74,82,87,89,95,98,101,122,123,131,135,141,160,163,164,173,181,182,183,184,196,198,205,210,221,225,229,246,248,249,250,251,252,253,254,255,256,258",0.00119419882819666,FALSE,41,1,0,0,60,42,18,0.7,1
"lasso.cv",86,500,0.33,"TRUE","TRUE","FALSE","17.1271123805572","8.12342565012437","9.0036867304328","1.928","0.136","1.249","1,2,3,4,5,6,7,8,9,16,25,30,32,41,42,52,68,87,88,92,94,95,98,103,108,110,136,144,153,162,164,167,168,187,188,196,199,202,213,231,242,245,248,249,250,251,252,253,254,255,256,264",0.000675415958141668,FALSE,33,1,0,0,52,34,18,0.653846153846154,1
"lasso.cv",87,500,0.33,"TRUE","TRUE","FALSE","17.1366286923034","8.13300632912919","9.00362236317422","2.097","0.139","1.249","1,2,3,4,5,6,7,8,9,10,12,17,18,19,20,21,22,23,32,36,38,39,41,42,43,47,52,57,59,60,62,65,67,70,71,76,92,96,98,100,104,109,112,113,114,117,122,125,127,128,130,131,140,142,143,146,149,152,156,160,161,163,165,170,174,181,185,193,197,199,202,205,206,207,214,217,220,222,224,225,231,233,237,243,244,246,248,249,250,251,252,253,254,255,256,267",0.00149593932820997,FALSE,77,1,0,0,96,78,18,0.8125,1
"lasso.cv",88,500,0.33,"TRUE","TRUE","FALSE","17.2875365333816","8.28189590278286","9.00564063059872","2.14","0.137","1.291","1,2,3,4,5,6,7,8,9,10,14,21,22,27,29,37,38,39,42,47,52,59,71,75,84,88,91,111,130,131,137,139,140,141,152,162,169,171,174,175,189,190,191,195,196,202,211,214,227,232,248,249,250,251,252,253,254,255,256,264,266,267",0.000761352465322632,FALSE,41,3,0,0,62,44,18,0.709677419354839,1
"lasso.cv",89,500,0.33,"TRUE","TRUE","FALSE","17.1281850072897","8.11980284936253","9.00838215792719","2.042","0.141","1.437","1,2,3,4,5,6,7,8,9,17,24,29,31,42,49,54,56,73,80,83,85,94,104,105,109,111,122,125,135,139,149,151,158,168,177,181,207,211,222,225,231,239,247,248,249,250,251,252,253,254,255,256,258,265",0.000878549295555653,FALSE,34,2,0,0,54,36,18,0.666666666666667,1
"lasso.cv",9,500,0.33,"TRUE","TRUE","FALSE","17.8444308829016","8.83955237002862","9.00487851287298","2.257","0.152","1.409","1,2,3,4,5,6,7,8,9,13,20,56,62,68,70,73,82,94,105,121,123,124,131,139,148,157,159,169,172,175,187,205,206,209,215,216,228,234,248,249,250,251,252,253,254,255,256,258,262",0.000668651679315015,FALSE,29,2,0,0,49,31,18,0.63265306122449,1
"lasso.cv",90,500,0.33,"TRUE","TRUE","FALSE","18.1739965973736","9.13664939849306","9.03734719888053","2.11","0.137","1.352","1,2,3,4,5,6,7,8,9,32,46,63,75,77,84,93,94,95,99,100,110,118,130,131,132,136,140,147,149,157,162,171,172,175,183,186,198,200,211,216,219,224,227,248,249,250,251,252,253,254,255,256,258,261,264,266",0.000898943124376597,FALSE,34,4,0,0,56,38,18,0.678571428571429,1
"lasso.cv",91,500,0.33,"TRUE","TRUE","FALSE","17.9907683756757","8.9876452707293","9.00312310494642","2.335","0.139","1.251","1,2,3,4,5,6,7,8,9,15,16,17,18,20,23,27,30,34,39,43,58,64,67,70,73,75,80,83,84,86,88,89,90,98,100,109,111,113,114,115,123,124,125,132,134,149,150,152,157,158,166,170,172,175,176,177,182,194,195,197,198,210,212,213,216,222,228,232,242,248,249,250,251,252,253,254,255,256,267",0.00114285961894815,FALSE,60,1,0,0,79,61,18,0.772151898734177,1
"lasso.cv",92,500,0.33,"TRUE","TRUE","FALSE","17.098358175268","8.09435763410258","9.00400054116541","2.07","0.144","1.44","1,2,3,4,5,6,7,8,9,10,17,18,29,31,40,42,49,68,76,77,98,100,104,109,110,120,123,125,137,138,142,147,160,165,173,177,178,196,201,207,209,210,220,223,230,231,232,236,242,244,248,249,250,251,252,253,254,255,256,257",0.00104584215680292,FALSE,41,1,0,0,60,42,18,0.7,1
"lasso.cv",93,500,0.33,"TRUE","TRUE","FALSE","17.2161127813532","8.21349259212485","9.00262018922832","2.069","0.147","1.438","1,2,3,4,5,6,7,8,9,13,27,36,41,51,53,58,61,62,67,70,75,88,97,105,106,109,119,120,129,131,141,143,152,154,162,165,175,176,187,208,220,229,230,231,241,245,246,247,248,249,250,251,252,253,254,255,256,266",0.000653265685246513,FALSE,39,1,0,0,58,40,18,0.689655172413793,1
"lasso.cv",94,500,0.33,"TRUE","TRUE","FALSE","17.0992083739993","8.0944444571568","9.0047639168425","2.013","0.146","1.383","1,2,3,4,5,6,7,8,9,10,16,21,29,34,35,37,41,47,60,62,66,68,73,74,78,92,106,108,109,111,122,134,139,142,144,149,151,153,163,166,171,177,191,198,212,214,215,231,234,246,248,249,250,251,252,253,254,255,256,260,263",0.000820665422953474,FALSE,41,2,0,0,61,43,18,0.704918032786885,1
"lasso.cv",95,500,0.33,"TRUE","TRUE","FALSE","17.9696945938657","8.96683092064196","9.00286367322372","2.315","0.149","1.372","1,2,3,4,5,6,7,8,9,11,16,20,27,39,40,53,67,84,86,88,90,104,112,116,139,150,153,170,176,202,206,216,218,224,225,227,246,247,248,249,250,251,252,253,254,255,256,257",0.000564907284767194,FALSE,29,1,0,0,48,30,18,0.625,1
"lasso.cv",96,500,0.33,"TRUE","TRUE","FALSE","17.3411041667171","8.33855671710035","9.00254744961678","2.19","0.202","1.669","1,2,3,4,5,6,7,8,9,18,19,37,54,60,96,103,104,131,133,138,150,154,158,163,168,170,214,216,224,248,249,250,251,252,253,254,255,256",0.000751749652833309,FALSE,20,0,0,0,38,20,18,0.526315789473684,1
"lasso.cv",97,500,0.33,"TRUE","TRUE","FALSE","17.38376248228","8.37903448629365","9.00472799598639","6.521","0.329","2.193","1,2,3,4,5,6,7,8,9,16,20,23,26,29,41,42,43,45,51,55,56,57,60,67,85,87,90,97,102,104,114,116,119,124,133,139,146,155,157,159,170,173,177,181,186,188,191,193,196,205,207,214,218,220,223,224,226,228,235,236,242,244,245,248,249,250,251,252,253,254,255,256,258,263,264",0.000690972723898753,FALSE,54,3,0,0,75,57,18,0.76,1
"lasso.cv",98,500,0.33,"TRUE","TRUE","FALSE","17.1781138746483","8.17507352006309","9.00304035458524","2.199","0.153","1.307","1,2,3,4,5,6,7,8,9,12,13,16,20,22,43,45,47,60,67,72,78,82,87,89,122,127,140,152,176,181,183,192,193,199,210,211,217,236,248,249,250,251,252,253,254,255,256,267",0.000614158304100256,FALSE,29,1,0,0,48,30,18,0.625,1
"lasso.cv",99,500,0.33,"TRUE","TRUE","FALSE","17.1544557402721","8.14714990269274","9.00730583757932","2.056","0.143","1.282","1,2,3,4,5,6,7,8,9,10,21,24,28,34,36,38,45,47,48,50,55,62,76,93,100,103,107,111,116,118,128,130,137,139,141,142,148,152,154,163,169,170,181,182,188,206,208,220,241,244,247,248,249,250,251,252,253,254,255,256,257,259,261,265,266,267",0.000785991537631691,FALSE,42,6,0,0,66,48,18,0.727272727272727,1
"S.A",1,500,0.33,"TRUE","TRUE","FALSE","17.1455541061817","8.13826398471392","9.00729012146774","2.158","0.147","1.445","2,3,4,5,6,7,8,9,248,249,250,251,252,253,254,255,256",0.000331797963273127,FALSE,0,0,1,0,17,0,17,0,0.944444444444444
"S.A",10,500,0.33,"TRUE","TRUE","FALSE","17.1508192545221","8.14833357730955","9.00248567721258","2.159","0.153","1.492","2,3,4,5,6,7,8,9,248,249,250,251,252,253,254,255,256",0.000406162345305609,FALSE,0,0,1,0,17,0,17,0,0.944444444444444
"S.A",100,500,0.33,"TRUE","TRUE","FALSE","17.1393818535563","8.13589295687455","9.0034888966818","2.212","0.138","1.299","2,3,4,5,6,7,8,9,248,249,250,251,252,253,254,255,256",0.000458028598613345,FALSE,0,0,1,0,17,0,17,0,0.944444444444444
"S.A",11,500,0.33,"TRUE","TRUE","FALSE","17.1015919342314","8.09168949425078","9.00990243998059","1.925","0.139","1.227","2,3,4,5,6,7,8,9,248,249,250,251,252,253,254,255,256",0.000376943732775134,FALSE,0,0,1,0,17,0,17,0,0.944444444444444
"S.A",12,500,0.33,"TRUE","TRUE","FALSE","17.2037948533411","8.20083320192105","9.00296165142","2.152","0.152","1.413","2,3,4,5,6,7,8,9,248,249,250,251,252,253,254,255,256",0.000332120257732213,FALSE,0,0,1,0,17,0,17,0,0.944444444444444
"S.A",13,500,0.33,"TRUE","TRUE","FALSE","17.156427870386","8.1534560394116","9.0029718309744","2.202","0.178","1.367","2,3,4,5,6,7,8,9,248,249,250,251,252,253,254,255,256",0.000374638054271618,FALSE,0,0,1,0,17,0,17,0,0.944444444444444
"S.A",14,500,0.33,"TRUE","TRUE","FALSE","18.1781364211478","9.1740196330185","9.00411678812928","2.12","0.149","1.305","1,2,3,4,5,6,7,8,9,248,249,250,251,252,253,254,255,256",0.000345120236145804,TRUE,0,0,0,0,18,0,18,0,1
"S.A",15,500,0.33,"TRUE","TRUE","FALSE","17.160445460272","8.15763216221862","9.0028132980534","2.175","0.154","1.529","2,3,4,5,6,7,8,9,248,249,250,251,252,253,254,255,256",0.000525935917238864,FALSE,0,0,1,0,17,0,17,0,0.944444444444444
"S.A",16,500,0.33,"TRUE","TRUE","FALSE","17.1599205546079","8.1561414098638","9.00377914474412","2.182","0.154","1.398","2,3,4,5,6,7,8,9,248,249,250,251,252,253,254,255,256",0.000315079337833244,FALSE,0,0,1,0,17,0,17,0,0.944444444444444
"S.A",17,500,0.33,"TRUE","TRUE","FALSE","17.7627516065184","8.75684366474275","9.00590794177563","2.553","0.148","1.497","1,2,3,4,5,6,7,8,9,248,249,250,251,252,253,254,255,256",0.000128832008841182,TRUE,0,0,0,0,18,0,18,0,1
"S.A",18,500,0.33,"TRUE","TRUE","FALSE","17.1668784103484","8.16336878431331","9.00350962603511","2.075","0.156","1.439","2,3,4,5,6,7,8,9,248,249,250,251,252,253,254,255,256",0.000421028226926025,FALSE,0,0,1,0,17,0,17,0,0.944444444444444
"S.A",19,500,0.33,"TRUE","TRUE","FALSE","17.1386148260822","8.13472407810069","9.00389074798148","2.054","0.152","1.471","2,3,4,5,6,7,8,9,248,249,250,251,252,253,254,255,256",0.00033982820779053,FALSE,0,0,1,0,17,0,17,0,0.944444444444444
"S.A",2,500,0.33,"TRUE","TRUE","FALSE","17.8925480718223","8.88591764365316","9.00663042816909","2.378","0.158","1.338","1,2,3,4,5,6,7,8,9,248,249,250,251,252,253,254,255,256",0.000283751067522851,TRUE,0,0,0,0,18,0,18,0,1
"S.A",20,500,0.33,"TRUE","TRUE","FALSE","17.1295224737526","8.12612512000204","9.00339735375059","2.008","0.152","1.417","2,3,4,5,6,7,8,9,248,249,250,251,252,253,254,255,256",0.00039561021164682,FALSE,0,0,1,0,17,0,17,0,0.944444444444444
"S.A",21,500,0.33,"TRUE","TRUE","FALSE","17.1645111944545","8.15860388409903","9.00590731035545","2.094","0.153","1.424","2,3,4,5,6,7,8,9,248,249,250,251,252,253,254,255,256",0.000422976852816934,FALSE,0,0,1,0,17,0,17,0,0.944444444444444
"S.A",22,500,0.33,"TRUE","TRUE","FALSE","17.4546085514095","8.45224406317597","9.00236448823351","2.261","0.162","1.417","2,3,4,5,6,7,8,9,248,249,250,251,252,253,254,255,256",0.000366824596193556,FALSE,0,0,1,0,17,0,17,0,0.944444444444444
"S.A",23,500,0.33,"TRUE","TRUE","FALSE","17.2578590230429","8.25476340468368","9.00309561835926","2.297","0.149","1.447","2,3,4,5,6,7,8,9,248,249,250,251,252,253,254,255,256",0.00048603746539497,FALSE,0,0,1,0,17,0,17,0,0.944444444444444
"S.A",24,500,0.33,"TRUE","TRUE","FALSE","17.1206479499651","8.1109792073869","9.00966874257816","2.092","0.158","1.461","2,3,4,5,6,7,8,9,248,249,250,251,252,253,254,255,256",0.0006055957679069,FALSE,0,0,1,0,17,0,17,0,0.944444444444444
"S.A",25,500,0.33,"TRUE","TRUE","FALSE","17.1048521776992","8.09959460292039","9.00525757477881","1.934","0.145","1.303","2,3,4,5,6,7,8,9,248,249,250,251,252,253,254,255,256",0.000363010711498955,FALSE,0,0,1,0,17,0,17,0,0.944444444444444
"S.A",26,500,0.33,"TRUE","TRUE","FALSE","17.1394160851059","8.13707975900268","9.0023363261032","1.941","0.147","1.385","2,3,4,5,6,7,8,9,248,249,250,251,252,253,254,255,256",0.000413331632018377,FALSE,0,0,1,0,17,0,17,0,0.944444444444444
"S.A",27,500,0.33,"TRUE","TRUE","FALSE","17.1261063284969","8.1227954539208","9.0033108745761","2.07","0.149","1.403","2,3,4,5,6,7,8,9,248,249,250,251,252,253,254,255,256",0.000368851006668506,FALSE,0,0,1,0,17,0,17,0,0.944444444444444
"S.A",28,500,0.33,"TRUE","TRUE","FALSE","17.1915942155525","8.18636968627557","9.00522452927689","2.238","0.151","1.419","2,3,4,5,6,7,8,9,248,249,250,251,252,253,254,255,256",0.000559447889635658,FALSE,0,0,1,0,17,0,17,0,0.944444444444444
"S.A",29,500,0.33,"TRUE","TRUE","FALSE","17.3037514382324","8.297993528799","9.00575790943344","2.39","0.151","1.473","2,3,4,5,6,7,8,9,248,249,250,251,252,253,254,255,256",0.000352450169843616,FALSE,0,0,1,0,17,0,17,0,0.944444444444444
"S.A",3,500,0.33,"TRUE","TRUE","FALSE","17.0869663977917","8.08413188940097","9.00283450839073","1.999","0.146","1.36","2,3,4,5,6,7,8,9,248,249,250,251,252,253,254,255,256",0.000307595328115261,FALSE,0,0,1,0,17,0,17,0,0.944444444444444
"S.A",30,500,0.33,"TRUE","TRUE","FALSE","17.1775680803486","8.17470992767262","9.00285815267595","2.201","0.157","1.514","2,3,4,5,6,7,8,9,248,249,250,251,252,253,254,255,256",0.000362024184211384,FALSE,0,0,1,0,17,0,17,0,0.944444444444444
"S.A",31,500,0.33,"TRUE","TRUE","FALSE","18.0089187609217","9.00147784469833","9.00744091622342","2.209","0.146","1.371","1,2,3,4,5,6,7,8,9,248,249,250,251,252,253,254,255,256",0.000184142484033241,TRUE,0,0,0,0,18,0,18,0,1
"S.A",32,500,0.33,"TRUE","TRUE","FALSE","18.0248888837322","9.02152081286984","9.00336807086233","2.125","0.155","1.481","1,2,3,4,5,6,7,8,9,248,249,250,251,252,253,254,255,256",0.000142765606516254,TRUE,0,0,0,0,18,0,18,0,1
"S.A",33,500,0.33,"TRUE","TRUE","FALSE","17.2610594689255","8.258882958966","9.00217650995955","2.275","0.157","1.456","2,3,4,5,6,7,8,9,248,249,250,251,252,253,254,255,256",0.000339498619117884,FALSE,0,0,1,0,17,0,17,0,0.944444444444444
"S.A",34,500,0.33,"TRUE","TRUE","FALSE","17.1710836270139","8.16770467705252","9.00337894996141","2.092","0.143","1.343","2,3,4,5,6,7,8,9,248,249,250,251,252,253,254,255,256",0.000596545803430228,FALSE,0,0,1,0,17,0,17,0,0.944444444444444
"S.A",35,500,0.33,"TRUE","TRUE","FALSE","17.1147020499173","8.11094030969767","9.00376174021958","2.028","0.15","1.348","2,3,4,5,6,7,8,9,248,249,250,251,252,253,254,255,256",0.000442023269728299,FALSE,0,0,1,0,17,0,17,0,0.944444444444444
"S.A",36,500,0.33,"TRUE","TRUE","FALSE","18.0002627595048","8.99797402764624","9.0022887318586","2.233","0.159","1.382","1,2,3,4,5,6,7,8,9,248,249,250,251,252,253,254,255,256",0.000298913656702739,TRUE,0,0,0,0,18,0,18,0,1
"S.A",37,500,0.33,"TRUE","TRUE","FALSE","17.1093931776672","8.10530304335274","9.00409013431445","2.141","0.156","1.44","2,3,4,5,6,7,8,9,248,249,250,251,252,253,254,255,256",0.000375148601728125,FALSE,0,0,1,0,17,0,17,0,0.944444444444444
"S.A",38,500,0.33,"TRUE","TRUE","FALSE","18.0346073202595","9.03222904201117","9.00237827824829","2.646","0.146","1.478","1,2,3,4,5,6,7,8,9,248,249,250,251,252,253,254,255,256",0.000297359445245891,TRUE,0,0,0,0,18,0,18,0,1
"S.A",39,500,0.33,"TRUE","TRUE","FALSE","18.0923143129572","9.08704298827036","9.0052713246868","2.187","0.158","1.488","1,2,3,4,5,6,7,8,9,248,249,250,251,252,253,254,255,256",0.000449079579206696,TRUE,0,0,0,0,18,0,18,0,1
"S.A",4,500,0.33,"TRUE","TRUE","FALSE","17.9863491638971","8.98297653794724","9.0033726259499","2.222","0.17","1.423","1,2,3,4,5,6,7,8,9,248,249,250,251,252,253,254,255,256",0.000301872179510553,TRUE,0,0,0,0,18,0,18,0,1
"S.A",40,500,0.33,"TRUE","TRUE","FALSE","17.271155119994","8.26715821035207","9.00399690964191","2.297","0.163","1.661","2,3,4,5,6,7,8,9,248,249,250,251,252,253,254,255,256",0.000347745928234085,FALSE,0,0,1,0,17,0,17,0,0.944444444444444
"S.A",41,500,0.33,"TRUE","TRUE","FALSE","17.5995616130588","8.59672052155839","9.00284109150041","2.424","0.153","1.297","2,3,4,5,6,7,8,9,248,249,250,251,252,253,254,255,256",0.000513690217142478,FALSE,0,0,1,0,17,0,17,0,0.944444444444444
"S.A",42,500,0.33,"TRUE","TRUE","FALSE","17.2280159663491","8.22443432762599","9.00358163872309","2.226","0.149","1.385","2,3,4,5,6,7,8,9,248,249,250,251,252,253,254,255,256",0.000448581033593395,FALSE,0,0,1,0,17,0,17,0,0.944444444444444
"S.A",43,500,0.33,"TRUE","TRUE","FALSE","17.1809606868823","8.16847071012182","9.01248997676048","2.155","0.155","1.597","2,3,4,5,6,7,8,9,248,249,250,251,252,253,254,255,256",0.000562112496788426,FALSE,0,0,1,0,17,0,17,0,0.944444444444444
"S.A",44,500,0.33,"TRUE","TRUE","FALSE","17.9881176006563","8.98330427925872","9.00481332139758","1.995","0.156","1.354","1,2,3,4,5,6,7,8,9,248,249,250,251,252,253,254,255,256",0.000372375627979385,TRUE,0,0,0,0,18,0,18,0,1
"S.A",45,500,0.33,"TRUE","TRUE","FALSE","17.1394553505286","8.13267767683437","9.00677767369418","2.055","0.156","1.538","2,3,4,5,6,7,8,9,248,249,250,251,252,253,254,255,256",0.000387450568868762,FALSE,0,0,1,0,17,0,17,0,0.944444444444444
"S.A",46,500,0.33,"TRUE","TRUE","FALSE","17.1785558281904","8.17397278068592","9.00458304750449","2.254","0.159","1.47","2,3,4,5,6,7,8,9,248,249,250,251,252,253,254,255,256",0.000389294305831292,FALSE,0,0,1,0,17,0,17,0,0.944444444444444
"S.A",47,500,0.33,"TRUE","TRUE","FALSE","17.6264402357165","8.62294677140577","9.00349346431074","2.657","0.154","1.435","2,3,4,5,6,7,8,9,248,249,250,251,252,253,254,255,256",0.000372111523974275,FALSE,0,0,1,0,17,0,17,0,0.944444444444444
"S.A",48,500,0.33,"TRUE","TRUE","FALSE","17.1117809485258","8.10951100747243","9.00226994105341","2.004","0.161","1.468","2,3,4,5,6,7,8,9,248,249,250,251,252,253,254,255,256",0.000316883144717252,FALSE,0,0,1,0,17,0,17,0,0.944444444444444
"S.A",49,500,0.33,"TRUE","TRUE","FALSE","17.1483811880805","8.13982169427004","9.00855949381046","1.998","0.147","1.41","2,3,4,5,6,7,8,9,248,249,250,251,252,253,254,255,256",0.000473685787586184,FALSE,0,0,1,0,17,0,17,0,0.944444444444444
"S.A",5,500,0.33,"TRUE","TRUE","FALSE","17.1125860990758","8.11010267052788","9.00248342854793","2.062","0.151","1.426","2,3,4,5,6,7,8,9,248,249,250,251,252,253,254,255,256",0.000355912406736371,FALSE,0,0,1,0,17,0,17,0,0.944444444444444
"S.A",50,500,0.33,"TRUE","TRUE","FALSE","17.1764782701719","8.17271002556221","9.00376824460968","2.23","0.167","1.365","2,3,4,5,6,7,8,9,248,249,250,251,252,253,254,255,256",0.000424551335307511,FALSE,0,0,1,0,17,0,17,0,0.944444444444444
"S.A",51,500,0.33,"TRUE","TRUE","FALSE","17.2201458768291","8.21391935251827","9.0062265243108","2.17","0.156","1.462","2,3,4,5,6,7,8,9,248,249,250,251,252,253,254,255,256",0.000365501420000074,FALSE,0,0,1,0,17,0,17,0,0.944444444444444
"S.A",52,500,0.33,"TRUE","TRUE","FALSE","17.1737437083657","8.16825302526042","9.00549068310524","2.062","0.152","2.18","2,3,4,5,6,7,8,9,248,249,250,251,252,253,254,255,256",0.000385542166359981,FALSE,0,0,1,0,17,0,17,0,0.944444444444444
"S.A",53,500,0.33,"TRUE","TRUE","FALSE","17.1506725085924","8.14534609960789","9.0053264089845","2.145","0.152","1.573","2,3,4,5,6,7,8,9,248,249,250,251,252,253,254,255,256",0.000311706643526607,FALSE,0,0,1,0,17,0,17,0,0.944444444444444
"S.A",54,500,0.33,"TRUE","TRUE","FALSE","17.5676450123924","8.56488483081879","9.00276018157359","2.442","0.172","1.367","1,2,3,4,5,6,7,8,9,248,249,250,251,252,253,254,255,256",0.000320522893354139,TRUE,0,0,0,0,18,0,18,0,1
"S.A",55,500,0.33,"TRUE","TRUE","FALSE","17.1774180652535","8.17491823260018","9.00249983265334","1.958","0.137","1.27","2,3,4,5,6,7,8,9,248,249,250,251,252,253,254,255,256",0.000312249034580383,FALSE,0,0,1,0,17,0,17,0,0.944444444444444
"S.A",56,500,0.33,"TRUE","TRUE","FALSE","17.1331984964075","8.1306068179945","9.00259167841304","1.977","0.145","1.296","2,3,4,5,6,7,8,9,248,249,250,251,252,253,254,255,256",0.000395268814301375,FALSE,0,0,1,0,17,0,17,0,0.944444444444444
"S.A",57,500,0.33,"TRUE","TRUE","FALSE","17.1500352291498","8.14501445280375","9.00502077634604","1.963","0.144","1.281","2,3,4,5,6,7,8,9,248,249,250,251,252,253,254,255,256",0.000647617292026094,FALSE,0,0,1,0,17,0,17,0,0.944444444444444
"S.A",58,500,0.33,"TRUE","TRUE","FALSE","17.1023314359051","8.09667444358797","9.00565699231714","1.824","0.138","1.341","2,3,4,5,6,7,8,9,248,249,250,251,252,253,254,255,256",0.000338755590252874,FALSE,0,0,1,0,17,0,17,0,0.944444444444444
"S.A",59,500,0.33,"TRUE","TRUE","FALSE","18.0910955833827","9.08192074847073","9.00917483491201","3.232","0.149","1.524","2,3,4,5,6,7,8,9,43,248,249,250,251,252,253,254,255,256",0.000607426913673698,FALSE,1,0,1,0,18,1,17,0.0555555555555556,0.944444444444444
"S.A",6,500,0.33,"TRUE","TRUE","FALSE","17.112228210396","8.10941089417083","9.00281731622517","2.019","0.155","1.385","2,3,4,5,6,7,8,9,248,249,250,251,252,253,254,255,256",0.000445660055110533,FALSE,0,0,1,0,17,0,17,0,0.944444444444444
"S.A",60,500,0.33,"TRUE","TRUE","FALSE","17.1359460513142","8.13251231178431","9.00343373952986","1.92","0.139","1.372","2,3,4,5,6,7,8,9,248,249,250,251,252,253,254,255,256",0.000425981808393214,FALSE,0,0,1,0,17,0,17,0,0.944444444444444
"S.A",61,500,0.33,"TRUE","TRUE","FALSE","17.3233522581462","8.2495273067142","9.07382495143196","2.351","0.146","1.377","2,3,4,5,6,7,8,9,248,249,250,251,252,253,254,255,256",0.000360812854548856,FALSE,0,0,1,0,17,0,17,0,0.944444444444444
"S.A",62,500,0.33,"TRUE","TRUE","FALSE","17.1282583616255","8.1231339436905","9.00512441793503","2.145","0.143","1.363","2,3,4,5,6,7,8,9,248,249,250,251,252,253,254,255,256",0.000279596601918508,FALSE,0,0,1,0,17,0,17,0,0.944444444444444
"S.A",63,500,0.33,"TRUE","TRUE","FALSE","17.9637581278032","8.96030335749203","9.00345477031122","2.199","0.147","1.369","1,2,3,4,5,6,7,8,9,248,249,250,251,252,253,254,255,256",0.00031835104390239,TRUE,0,0,0,0,18,0,18,0,1
"S.A",64,500,0.33,"TRUE","TRUE","FALSE","17.2028402788174","8.19748446068495","9.00535581813245","2.12","0.135","1.366","2,3,4,5,6,7,8,9,248,249,250,251,252,253,254,255,256",0.000282625252514317,FALSE,0,0,1,0,17,0,17,0,0.944444444444444
"S.A",65,500,0.33,"TRUE","TRUE","FALSE","17.6899902107456","8.68561711228023","9.00437309846536","2.127","0.143","1.319","1,2,3,4,5,6,7,8,9,248,249,250,251,252,253,254,255,256",0.000197079321490163,TRUE,0,0,0,0,18,0,18,0,1
"S.A",66,500,0.33,"TRUE","TRUE","FALSE","17.1276589351859","8.12496700899251","9.00269192619344","1.974","0.14","1.365","2,3,4,5,6,7,8,9,248,249,250,251,252,253,254,255,256",0.000433904217285079,FALSE,0,0,1,0,17,0,17,0,0.944444444444444
"S.A",67,500,0.33,"TRUE","TRUE","FALSE","17.2247018958885","8.22185458503318","9.00284731085533","2.045","0.132","1.412","2,3,4,5,6,7,8,9,248,249,250,251,252,253,254,255,256",0.00033049253712832,FALSE,0,0,1,0,17,0,17,0,0.944444444444444
"S.A",68,500,0.33,"TRUE","TRUE","FALSE","17.3656102804623","8.36164052796644","9.00396975249588","2.233","0.139","1.304","2,3,4,5,6,7,8,9,248,249,250,251,252,253,254,255,256",0.000297200571138516,FALSE,0,0,1,0,17,0,17,0,0.944444444444444
"S.A",69,500,0.33,"TRUE","TRUE","FALSE","17.1074603421427","8.10340586416378","9.00405447797896","1.932","0.152","1.442","2,3,4,5,6,7,8,9,248,249,250,251,252,253,254,255,256",0.000395022472442776,FALSE,0,0,1,0,17,0,17,0,0.944444444444444
"S.A",7,500,0.33,"TRUE","TRUE","FALSE","17.3418341278931","8.33758444563385","9.00424968225922","2.366","0.154","1.567","2,3,4,5,6,7,8,9,248,249,250,251,252,253,254,255,256",0.00040925789263486,FALSE,0,0,1,0,17,0,17,0,0.944444444444444
"S.A",70,500,0.33,"TRUE","TRUE","FALSE","17.1106460927484","8.10412614457504","9.00651994817339","2.133","0.16","1.355","2,3,4,5,6,7,8,9,248,249,250,251,252,253,254,255,256",0.000324316657449224,FALSE,0,0,1,0,17,0,17,0,0.944444444444444
"S.A",71,500,0.33,"TRUE","TRUE","FALSE","18.5476356719122","9.54509143193969","9.00254423997247","2.795","0.174","1.589","1,2,3,4,5,6,7,8,9,248,249,250,251,252,253,254,255,256",0.000235354774187854,TRUE,0,0,0,0,18,0,18,0,1
"S.A",72,500,0.33,"TRUE","TRUE","FALSE","17.1775370348659","8.17340182376545","9.00413521110048","2.349","0.178","1.588","2,3,4,5,6,7,8,9,248,249,250,251,252,253,254,255,256",0.000415453848635124,FALSE,0,0,1,0,17,0,17,0,0.944444444444444
"S.A",73,500,0.33,"TRUE","TRUE","FALSE","17.5406461201908","8.53494156025863","9.00570455993213","2.328","0.14","1.334","2,3,4,5,6,7,8,9,248,249,250,251,252,253,254,255,256",0.00030990060279249,FALSE,0,0,1,0,17,0,17,0,0.944444444444444
"S.A",74,500,0.33,"TRUE","TRUE","FALSE","17.1616156945614","8.15680541225125","9.00481028231011","1.939","0.142","1.259","2,3,4,5,6,7,8,9,248,249,250,251,252,253,254,255,256",0.000303393696547111,FALSE,0,0,1,0,17,0,17,0,0.944444444444444
"S.A",75,500,0.33,"TRUE","TRUE","FALSE","17.1634051464016","8.16127597497353","9.00212917142808","1.95","0.133","1.242","2,3,4,5,6,7,8,9,248,249,250,251,252,253,254,255,256",0.000424654914702243,FALSE,0,0,1,0,17,0,17,0,0.944444444444444
"S.A",76,500,0.33,"TRUE","TRUE","FALSE","17.1737392955067","8.17036397201577","9.00337532349089","2.057","0.135","1.289","2,3,4,5,6,7,8,9,248,249,250,251,252,253,254,255,256",0.000319276288995268,FALSE,0,0,1,0,17,0,17,0,0.944444444444444
"S.A",77,500,0.33,"TRUE","TRUE","FALSE","17.1247327567933","8.12198318188388","9.00274957490945","1.995","0.144","1.414","2,3,4,5,6,7,8,9,248,249,250,251,252,253,254,255,256",0.000385232128423404,FALSE,0,0,1,0,17,0,17,0,0.944444444444444
"S.A",78,500,0.33,"TRUE","TRUE","FALSE","17.5175891894766","8.50771463950029","9.00987454997635","2.507","0.174","1.502","2,3,4,5,6,7,8,9,248,249,250,251,252,253,254,255,256",0.000447526128532046,FALSE,0,0,1,0,17,0,17,0,0.944444444444444
"S.A",79,500,0.33,"TRUE","TRUE","FALSE","17.1100664622817","8.10691765725875","9.00314880502297","2.029","0.145","1.403","2,3,4,5,6,7,8,9,248,249,250,251,252,253,254,255,256",0.000329827127737443,FALSE,0,0,1,0,17,0,17,0,0.944444444444444
"S.A",8,500,0.33,"TRUE","TRUE","FALSE","17.1535050970226","8.14912436598133","9.00438073104127","2.131","0.153","1.519","2,3,4,5,6,7,8,9,248,249,250,251,252,253,254,255,256",0.000285903183357704,FALSE,0,0,1,0,17,0,17,0,0.944444444444444
"S.A",80,500,0.33,"TRUE","TRUE","FALSE","17.9572855999538","8.94892915294584","9.00835644700793","2.129","0.14","1.397","1,2,3,4,5,6,7,8,9,248,249,250,251,252,253,254,255,256",0.000153606882784226,TRUE,0,0,0,0,18,0,18,0,1
"S.A",81,500,0.33,"TRUE","TRUE","FALSE","17.1046504799425","8.09872710503686","9.0059233749056","1.944","0.141","1.332","2,3,4,5,6,7,8,9,248,249,250,251,252,253,254,255,256",0.000386377826668143,FALSE,0,0,1,0,17,0,17,0,0.944444444444444
"S.A",82,500,0.33,"TRUE","TRUE","FALSE","17.1535849799791","8.14940600080497","9.00417897917411","1.975","0.147","1.392","2,3,4,5,6,7,8,9,248,249,250,251,252,253,254,255,256",0.000504681674936766,FALSE,0,0,1,0,17,0,17,0,0.944444444444444
"S.A",83,500,0.33,"TRUE","TRUE","FALSE","17.1551561647382","8.14879117567052","9.00636498906766","2.114","0.15","1.388","2,3,4,5,6,7,8,9,248,249,250,251,252,253,254,255,256",0.000444309056163575,FALSE,0,0,1,0,17,0,17,0,0.944444444444444
"S.A",84,500,0.33,"TRUE","TRUE","FALSE","17.8877289552536","8.8838181683428","9.00391078691076","2.25","0.142","1.529","1,2,3,4,5,6,7,8,9,248,249,250,251,252,253,254,255,256",0.000269227739755696,TRUE,0,0,0,0,18,0,18,0,1
"S.A",85,500,0.33,"TRUE","TRUE","FALSE","17.9611256600158","8.95840224421704","9.00272341579875","2.275","0.142","1.388","1,2,3,4,5,6,7,8,9,248,249,250,251,252,253,254,255,256",0.000416877152779276,TRUE,0,0,0,0,18,0,18,0,1
"S.A",86,500,0.33,"TRUE","TRUE","FALSE","17.1271123805572","8.12342565012437","9.0036867304328","1.928","0.136","1.249","2,3,4,5,6,7,8,9,248,249,250,251,252,253,254,255,256",0.000447449362220575,FALSE,0,0,1,0,17,0,17,0,0.944444444444444
"S.A",87,500,0.33,"TRUE","TRUE","FALSE","17.1366286923034","8.13300632912919","9.00362236317422","2.097","0.139","1.249","2,3,4,5,6,7,8,9,248,249,250,251,252,253,254,255,256",0.000558183644968785,FALSE,0,0,1,0,17,0,17,0,0.944444444444444
"S.A",88,500,0.33,"TRUE","TRUE","FALSE","17.2875365333816","8.28189590278286","9.00564063059872","2.14","0.137","1.291","2,3,4,5,6,7,8,9,248,249,250,251,252,253,254,255,256",0.0003091097492679,FALSE,0,0,1,0,17,0,17,0,0.944444444444444
"S.A",89,500,0.33,"TRUE","TRUE","FALSE","17.1281850072897","8.11980284936253","9.00838215792719","2.042","0.141","1.437","2,3,4,5,6,7,8,9,248,249,250,251,252,253,254,255,256",0.000383149131494855,FALSE,0,0,1,0,17,0,17,0,0.944444444444444
"S.A",9,500,0.33,"TRUE","TRUE","FALSE","17.8444308829016","8.83955237002862","9.00487851287298","2.257","0.152","1.409","1,2,3,4,5,6,7,8,9,248,249,250,251,252,253,254,255,256",0.000349946618694142,TRUE,0,0,0,0,18,0,18,0,1
"S.A",90,500,0.33,"TRUE","TRUE","FALSE","18.1739965973736","9.13664939849306","9.03734719888053","2.11","0.137","1.352","1,2,3,4,5,6,7,8,9,248,249,250,251,252,253,254,255,256",0.000282909793366413,TRUE,0,0,0,0,18,0,18,0,1
"S.A",91,500,0.33,"TRUE","TRUE","FALSE","17.9907683756757","8.9876452707293","9.00312310494642","2.335","0.139","1.251","1,2,3,4,5,6,7,8,9,248,249,250,251,252,253,254,255,256",0.000300847205824459,TRUE,0,0,0,0,18,0,18,0,1
"S.A",92,500,0.33,"TRUE","TRUE","FALSE","17.098358175268","8.09435763410258","9.00400054116541","2.07","0.144","1.44","2,3,4,5,6,7,8,9,248,249,250,251,252,253,254,255,256",0.000593269818960066,FALSE,0,0,1,0,17,0,17,0,0.944444444444444
"S.A",93,500,0.33,"TRUE","TRUE","FALSE","17.2161127813532","8.21349259212485","9.00262018922832","2.069","0.147","1.438","2,3,4,5,6,7,8,9,248,249,250,251,252,253,254,255,256",0.000485003117056104,FALSE,0,0,1,0,17,0,17,0,0.944444444444444
"S.A",94,500,0.33,"TRUE","TRUE","FALSE","17.0992083739993","8.0944444571568","9.0047639168425","2.013","0.146","1.383","2,3,4,5,6,7,8,9,248,249,250,251,252,253,254,255,256",0.000310715194693254,FALSE,0,0,1,0,17,0,17,0,0.944444444444444
"S.A",95,500,0.33,"TRUE","TRUE","FALSE","17.9696945938657","8.96683092064196","9.00286367322372","2.315","0.149","1.372","1,2,3,4,5,6,7,8,9,248,249,250,251,252,253,254,255,256",0.000207044341576556,TRUE,0,0,0,0,18,0,18,0,1
"S.A",96,500,0.33,"TRUE","TRUE","FALSE","17.3411041667171","8.33855671710035","9.00254744961678","2.19","0.202","1.669","2,3,4,5,6,7,8,9,248,249,250,251,252,253,254,255,256",0.000387491349314018,FALSE,0,0,1,0,17,0,17,0,0.944444444444444
"S.A",97,500,0.33,"TRUE","TRUE","FALSE","17.38376248228","8.37903448629365","9.00472799598639","6.521","0.329","2.193","2,3,4,5,6,7,8,9,248,249,250,251,252,253,254,255,256",0.000362641713846055,FALSE,0,0,1,0,17,0,17,0,0.944444444444444
"S.A",98,500,0.33,"TRUE","TRUE","FALSE","17.1781138746483","8.17507352006309","9.00304035458524","2.199","0.153","1.307","2,3,4,5,6,7,8,9,248,249,250,251,252,253,254,255,256",0.000385603764894169,FALSE,0,0,1,0,17,0,17,0,0.944444444444444
"S.A",99,500,0.33,"TRUE","TRUE","FALSE","17.1544557402721","8.14714990269274","9.00730583757932","2.056","0.143","1.282","2,3,4,5,6,7,8,9,248,249,250,251,252,253,254,255,256",0.000457918460996761,FALSE,0,0,1,0,17,0,17,0,0.944444444444444
"S.A.b",1,500,0.33,"TRUE","TRUE","FALSE","17.1455541061817","8.13826398471392","9.00729012146774","2.158","0.147","1.445","2,3,4,5,6,7,8,9,248,249,250,251,252,253,254,255,256",0.000331797963273127,FALSE,0,0,1,0,17,0,17,0,0.944444444444444
"S.A.b",10,500,0.33,"TRUE","TRUE","FALSE","17.1508192545221","8.14833357730955","9.00248567721258","2.159","0.153","1.492","2,3,4,5,6,7,8,9,248,249,250,251,252,253,254,255,256",0.000406162345305609,FALSE,0,0,1,0,17,0,17,0,0.944444444444444
"S.A.b",100,500,0.33,"TRUE","TRUE","FALSE","17.1393818535563","8.13589295687455","9.0034888966818","2.212","0.138","1.299","2,3,4,5,6,7,8,9,248,249,250,251,252,253,254,255,256",0.000458028598613345,FALSE,0,0,1,0,17,0,17,0,0.944444444444444
"S.A.b",11,500,0.33,"TRUE","TRUE","FALSE","17.1015919342314","8.09168949425078","9.00990243998059","1.925","0.139","1.227","2,3,4,5,6,7,8,9,248,249,250,251,252,253,254,255,256",0.000376943732775134,FALSE,0,0,1,0,17,0,17,0,0.944444444444444
"S.A.b",12,500,0.33,"TRUE","TRUE","FALSE","17.2037948533411","8.20083320192105","9.00296165142","2.152","0.152","1.413","2,3,4,5,6,7,8,9,248,249,250,251,252,253,254,255,256",0.000332120257732213,FALSE,0,0,1,0,17,0,17,0,0.944444444444444
"S.A.b",13,500,0.33,"TRUE","TRUE","FALSE","17.156427870386","8.1534560394116","9.0029718309744","2.202","0.178","1.367","2,3,4,5,6,7,8,9,248,249,250,251,252,253,254,255,256",0.000374638054271618,FALSE,0,0,1,0,17,0,17,0,0.944444444444444
"S.A.b",14,500,0.33,"TRUE","TRUE","FALSE","18.1781364211478","9.1740196330185","9.00411678812928","2.12","0.149","1.305","1,2,3,4,5,6,7,8,9,248,249,250,251,252,253,254,255,256",0.000345120236145804,TRUE,0,0,0,0,18,0,18,0,1
"S.A.b",15,500,0.33,"TRUE","TRUE","FALSE","17.160445460272","8.15763216221862","9.0028132980534","2.175","0.154","1.529","2,3,4,5,6,7,8,9,248,249,250,251,252,253,254,255,256",0.000525935917238864,FALSE,0,0,1,0,17,0,17,0,0.944444444444444
"S.A.b",16,500,0.33,"TRUE","TRUE","FALSE","17.1599205546079","8.1561414098638","9.00377914474412","2.182","0.154","1.398","2,3,4,5,6,7,8,9,248,249,250,251,252,253,254,255,256",0.000315079337833244,FALSE,0,0,1,0,17,0,17,0,0.944444444444444
"S.A.b",17,500,0.33,"TRUE","TRUE","FALSE","17.7627516065184","8.75684366474275","9.00590794177563","2.553","0.148","1.497","1,2,3,4,5,6,7,8,9,248,249,250,251,252,253,254,255,256",0.000128832008841182,TRUE,0,0,0,0,18,0,18,0,1
"S.A.b",18,500,0.33,"TRUE","TRUE","FALSE","17.1668784103484","8.16336878431331","9.00350962603511","2.075","0.156","1.439","2,3,4,5,6,7,8,9,248,249,250,251,252,253,254,255,256",0.000421028226926025,FALSE,0,0,1,0,17,0,17,0,0.944444444444444
"S.A.b",19,500,0.33,"TRUE","TRUE","FALSE","17.1386148260822","8.13472407810069","9.00389074798148","2.054","0.152","1.471","2,3,4,5,6,7,8,9,248,249,250,251,252,253,254,255,256",0.00033982820779053,FALSE,0,0,1,0,17,0,17,0,0.944444444444444
"S.A.b",2,500,0.33,"TRUE","TRUE","FALSE","17.8925480718223","8.88591764365316","9.00663042816909","2.378","0.158","1.338","1,2,3,4,5,6,7,8,9,248,249,250,251,252,253,254,255,256",0.000283751067522851,TRUE,0,0,0,0,18,0,18,0,1
"S.A.b",20,500,0.33,"TRUE","TRUE","FALSE","17.1295224737526","8.12612512000204","9.00339735375059","2.008","0.152","1.417","2,3,4,5,6,7,8,9,248,249,250,251,252,253,254,255,256",0.00039561021164682,FALSE,0,0,1,0,17,0,17,0,0.944444444444444
"S.A.b",21,500,0.33,"TRUE","TRUE","FALSE","17.1645111944545","8.15860388409903","9.00590731035545","2.094","0.153","1.424","2,3,4,5,6,7,8,9,248,249,250,251,252,253,254,255,256",0.000422976852816934,FALSE,0,0,1,0,17,0,17,0,0.944444444444444
"S.A.b",22,500,0.33,"TRUE","TRUE","FALSE","17.4546085514095","8.45224406317597","9.00236448823351","2.261","0.162","1.417","2,3,4,5,6,7,8,9,248,249,250,251,252,253,254,255,256",0.000366824596193556,FALSE,0,0,1,0,17,0,17,0,0.944444444444444
"S.A.b",23,500,0.33,"TRUE","TRUE","FALSE","17.2578590230429","8.25476340468368","9.00309561835926","2.297","0.149","1.447","2,3,4,5,6,7,8,9,248,249,250,251,252,253,254,255,256",0.00048603746539497,FALSE,0,0,1,0,17,0,17,0,0.944444444444444
"S.A.b",24,500,0.33,"TRUE","TRUE","FALSE","17.1206479499651","8.1109792073869","9.00966874257816","2.092","0.158","1.461","2,3,4,5,6,7,8,9,248,249,250,251,252,253,254,255,256",0.0006055957679069,FALSE,0,0,1,0,17,0,17,0,0.944444444444444
"S.A.b",25,500,0.33,"TRUE","TRUE","FALSE","17.1048521776992","8.09959460292039","9.00525757477881","1.934","0.145","1.303","2,3,4,5,6,7,8,9,248,249,250,251,252,253,254,255,256",0.000363010711498955,FALSE,0,0,1,0,17,0,17,0,0.944444444444444
"S.A.b",26,500,0.33,"TRUE","TRUE","FALSE","17.1394160851059","8.13707975900268","9.0023363261032","1.941","0.147","1.385","2,3,4,5,6,7,8,9,248,249,250,251,252,253,254,255,256",0.000413331632018377,FALSE,0,0,1,0,17,0,17,0,0.944444444444444
"S.A.b",27,500,0.33,"TRUE","TRUE","FALSE","17.1261063284969","8.1227954539208","9.0033108745761","2.07","0.149","1.403","2,3,4,5,6,7,8,9,248,249,250,251,252,253,254,255,256",0.000368851006668506,FALSE,0,0,1,0,17,0,17,0,0.944444444444444
"S.A.b",28,500,0.33,"TRUE","TRUE","FALSE","17.1915942155525","8.18636968627557","9.00522452927689","2.238","0.151","1.419","2,3,4,5,6,7,8,9,248,249,250,251,252,253,254,255,256",0.000559447889635658,FALSE,0,0,1,0,17,0,17,0,0.944444444444444
"S.A.b",29,500,0.33,"TRUE","TRUE","FALSE","17.3037514382324","8.297993528799","9.00575790943344","2.39","0.151","1.473","2,3,4,5,6,7,8,9,248,249,250,251,252,253,254,255,256",0.000352450169843616,FALSE,0,0,1,0,17,0,17,0,0.944444444444444
"S.A.b",3,500,0.33,"TRUE","TRUE","FALSE","17.0869663977917","8.08413188940097","9.00283450839073","1.999","0.146","1.36","2,3,4,5,6,7,8,9,248,249,250,251,252,253,254,255,256",0.000307595328115261,FALSE,0,0,1,0,17,0,17,0,0.944444444444444
"S.A.b",30,500,0.33,"TRUE","TRUE","FALSE","17.1775680803486","8.17470992767262","9.00285815267595","2.201","0.157","1.514","2,3,4,5,6,7,8,9,248,249,250,251,252,253,254,255,256",0.000362024184211384,FALSE,0,0,1,0,17,0,17,0,0.944444444444444
"S.A.b",31,500,0.33,"TRUE","TRUE","FALSE","18.0089187609217","9.00147784469833","9.00744091622342","2.209","0.146","1.371","1,2,3,4,5,6,7,8,9,248,249,250,251,252,253,254,255,256",0.000184142484033241,TRUE,0,0,0,0,18,0,18,0,1
"S.A.b",32,500,0.33,"TRUE","TRUE","FALSE","18.0248888837322","9.02152081286984","9.00336807086233","2.125","0.155","1.481","1,2,3,4,5,6,7,8,9,248,249,250,251,252,253,254,255,256",0.000142765606516254,TRUE,0,0,0,0,18,0,18,0,1
"S.A.b",33,500,0.33,"TRUE","TRUE","FALSE","17.2610594689255","8.258882958966","9.00217650995955","2.275","0.157","1.456","2,3,4,5,6,7,8,9,248,249,250,251,252,253,254,255,256",0.000339498619117884,FALSE,0,0,1,0,17,0,17,0,0.944444444444444
"S.A.b",34,500,0.33,"TRUE","TRUE","FALSE","17.1710836270139","8.16770467705252","9.00337894996141","2.092","0.143","1.343","2,3,4,5,6,7,8,9,248,249,250,251,252,253,254,255,256",0.000596545803430228,FALSE,0,0,1,0,17,0,17,0,0.944444444444444
"S.A.b",35,500,0.33,"TRUE","TRUE","FALSE","17.1147020499173","8.11094030969767","9.00376174021958","2.028","0.15","1.348","2,3,4,5,6,7,8,9,248,249,250,251,252,253,254,255,256",0.000442023269728299,FALSE,0,0,1,0,17,0,17,0,0.944444444444444
"S.A.b",36,500,0.33,"TRUE","TRUE","FALSE","18.0002627595048","8.99797402764624","9.0022887318586","2.233","0.159","1.382","1,2,3,4,5,6,7,8,9,248,249,250,251,252,253,254,255,256",0.000298913656702739,TRUE,0,0,0,0,18,0,18,0,1
"S.A.b",37,500,0.33,"TRUE","TRUE","FALSE","17.1093931776672","8.10530304335274","9.00409013431445","2.141","0.156","1.44","2,3,4,5,6,7,8,9,248,249,250,251,252,253,254,255,256",0.000375148601728125,FALSE,0,0,1,0,17,0,17,0,0.944444444444444
"S.A.b",38,500,0.33,"TRUE","TRUE","FALSE","18.0346073202595","9.03222904201117","9.00237827824829","2.646","0.146","1.478","1,2,3,4,5,6,7,8,9,248,249,250,251,252,253,254,255,256",0.000297359445245891,TRUE,0,0,0,0,18,0,18,0,1
"S.A.b",39,500,0.33,"TRUE","TRUE","FALSE","18.0923143129572","9.08704298827036","9.0052713246868","2.187","0.158","1.488","1,2,3,4,5,6,7,8,9,248,249,250,251,252,253,254,255,256",0.000449079579206696,TRUE,0,0,0,0,18,0,18,0,1
"S.A.b",4,500,0.33,"TRUE","TRUE","FALSE","17.9863491638971","8.98297653794724","9.0033726259499","2.222","0.17","1.423","1,2,3,4,5,6,7,8,9,248,249,250,251,252,253,254,255,256",0.000301872179510553,TRUE,0,0,0,0,18,0,18,0,1
"S.A.b",40,500,0.33,"TRUE","TRUE","FALSE","17.271155119994","8.26715821035207","9.00399690964191","2.297","0.163","1.661","2,3,4,5,6,7,8,9,248,249,250,251,252,253,254,255,256",0.000347745928234085,FALSE,0,0,1,0,17,0,17,0,0.944444444444444
"S.A.b",41,500,0.33,"TRUE","TRUE","FALSE","17.5995616130588","8.59672052155839","9.00284109150041","2.424","0.153","1.297","2,3,4,5,6,7,8,9,248,249,250,251,252,253,254,255,256",0.000513690217142478,FALSE,0,0,1,0,17,0,17,0,0.944444444444444
"S.A.b",42,500,0.33,"TRUE","TRUE","FALSE","17.2280159663491","8.22443432762599","9.00358163872309","2.226","0.149","1.385","2,3,4,5,6,7,8,9,248,249,250,251,252,253,254,255,256",0.000448581033593395,FALSE,0,0,1,0,17,0,17,0,0.944444444444444
"S.A.b",43,500,0.33,"TRUE","TRUE","FALSE","17.1809606868823","8.16847071012182","9.01248997676048","2.155","0.155","1.597","2,3,4,5,6,7,8,9,248,249,250,251,252,253,254,255,256",0.000562112496788426,FALSE,0,0,1,0,17,0,17,0,0.944444444444444
"S.A.b",44,500,0.33,"TRUE","TRUE","FALSE","17.9881176006563","8.98330427925872","9.00481332139758","1.995","0.156","1.354","1,2,3,4,5,6,7,8,9,248,249,250,251,252,253,254,255,256",0.000372375627979385,TRUE,0,0,0,0,18,0,18,0,1
"S.A.b",45,500,0.33,"TRUE","TRUE","FALSE","17.1394553505286","8.13267767683437","9.00677767369418","2.055","0.156","1.538","2,3,4,5,6,7,8,9,248,249,250,251,252,253,254,255,256",0.000387450568868762,FALSE,0,0,1,0,17,0,17,0,0.944444444444444
"S.A.b",46,500,0.33,"TRUE","TRUE","FALSE","17.1785558281904","8.17397278068592","9.00458304750449","2.254","0.159","1.47","2,3,4,5,6,7,8,9,248,249,250,251,252,253,254,255,256",0.000389294305831292,FALSE,0,0,1,0,17,0,17,0,0.944444444444444
"S.A.b",47,500,0.33,"TRUE","TRUE","FALSE","17.6264402357165","8.62294677140577","9.00349346431074","2.657","0.154","1.435","2,3,4,5,6,7,8,9,248,249,250,251,252,253,254,255,256",0.000372111523974275,FALSE,0,0,1,0,17,0,17,0,0.944444444444444
"S.A.b",48,500,0.33,"TRUE","TRUE","FALSE","17.1117809485258","8.10951100747243","9.00226994105341","2.004","0.161","1.468","2,3,4,5,6,7,8,9,248,249,250,251,252,253,254,255,256",0.000316883144717252,FALSE,0,0,1,0,17,0,17,0,0.944444444444444
"S.A.b",49,500,0.33,"TRUE","TRUE","FALSE","17.1483811880805","8.13982169427004","9.00855949381046","1.998","0.147","1.41","2,3,4,5,6,7,8,9,248,249,250,251,252,253,254,255,256",0.000473685787586184,FALSE,0,0,1,0,17,0,17,0,0.944444444444444
"S.A.b",5,500,0.33,"TRUE","TRUE","FALSE","17.1125860990758","8.11010267052788","9.00248342854793","2.062","0.151","1.426","2,3,4,5,6,7,8,9,248,249,250,251,252,253,254,255,256",0.000355912406736371,FALSE,0,0,1,0,17,0,17,0,0.944444444444444
"S.A.b",50,500,0.33,"TRUE","TRUE","FALSE","17.1764782701719","8.17271002556221","9.00376824460968","2.23","0.167","1.365","2,3,4,5,6,7,8,9,248,249,250,251,252,253,254,255,256",0.000424551335307511,FALSE,0,0,1,0,17,0,17,0,0.944444444444444
"S.A.b",51,500,0.33,"TRUE","TRUE","FALSE","17.2201458768291","8.21391935251827","9.0062265243108","2.17","0.156","1.462","2,3,4,5,6,7,8,9,248,249,250,251,252,253,254,255,256",0.000365501420000074,FALSE,0,0,1,0,17,0,17,0,0.944444444444444
"S.A.b",52,500,0.33,"TRUE","TRUE","FALSE","17.1737437083657","8.16825302526042","9.00549068310524","2.062","0.152","2.18","2,3,4,5,6,7,8,9,248,249,250,251,252,253,254,255,256",0.000385542166359981,FALSE,0,0,1,0,17,0,17,0,0.944444444444444
"S.A.b",53,500,0.33,"TRUE","TRUE","FALSE","17.1506725085924","8.14534609960789","9.0053264089845","2.145","0.152","1.573","2,3,4,5,6,7,8,9,248,249,250,251,252,253,254,255,256",0.000311706643526607,FALSE,0,0,1,0,17,0,17,0,0.944444444444444
"S.A.b",54,500,0.33,"TRUE","TRUE","FALSE","17.5676450123924","8.56488483081879","9.00276018157359","2.442","0.172","1.367","1,2,3,4,5,6,7,8,9,248,249,250,251,252,253,254,255,256",0.000320522893354139,TRUE,0,0,0,0,18,0,18,0,1
"S.A.b",55,500,0.33,"TRUE","TRUE","FALSE","17.1774180652535","8.17491823260018","9.00249983265334","1.958","0.137","1.27","2,3,4,5,6,7,8,9,248,249,250,251,252,253,254,255,256",0.000312249034580383,FALSE,0,0,1,0,17,0,17,0,0.944444444444444
"S.A.b",56,500,0.33,"TRUE","TRUE","FALSE","17.1331984964075","8.1306068179945","9.00259167841304","1.977","0.145","1.296","2,3,4,5,6,7,8,9,248,249,250,251,252,253,254,255,256",0.000395268814301375,FALSE,0,0,1,0,17,0,17,0,0.944444444444444
"S.A.b",57,500,0.33,"TRUE","TRUE","FALSE","17.1500352291498","8.14501445280375","9.00502077634604","1.963","0.144","1.281","2,3,4,5,6,7,8,9,248,249,250,251,252,253,254,255,256",0.000647617292026094,FALSE,0,0,1,0,17,0,17,0,0.944444444444444
"S.A.b",58,500,0.33,"TRUE","TRUE","FALSE","17.1023314359051","8.09667444358797","9.00565699231714","1.824","0.138","1.341","2,3,4,5,6,7,8,9,248,249,250,251,252,253,254,255,256",0.000338755590252874,FALSE,0,0,1,0,17,0,17,0,0.944444444444444
"S.A.b",59,500,0.33,"TRUE","TRUE","FALSE","18.0910955833827","9.08192074847073","9.00917483491201","3.232","0.149","1.524","2,3,4,5,6,7,8,9,43,248,249,250,251,252,253,254,255,256",0.000607426913673698,FALSE,1,0,1,0,18,1,17,0.0555555555555556,0.944444444444444
"S.A.b",6,500,0.33,"TRUE","TRUE","FALSE","17.112228210396","8.10941089417083","9.00281731622517","2.019","0.155","1.385","2,3,4,5,6,7,8,9,248,249,250,251,252,253,254,255,256",0.000445660055110533,FALSE,0,0,1,0,17,0,17,0,0.944444444444444
"S.A.b",60,500,0.33,"TRUE","TRUE","FALSE","17.1359460513142","8.13251231178431","9.00343373952986","1.92","0.139","1.372","2,3,4,5,6,7,8,9,248,249,250,251,252,253,254,255,256",0.000425981808393214,FALSE,0,0,1,0,17,0,17,0,0.944444444444444
"S.A.b",61,500,0.33,"TRUE","TRUE","FALSE","17.3233522581462","8.2495273067142","9.07382495143196","2.351","0.146","1.377","2,3,4,5,6,7,8,9,248,249,250,251,252,253,254,255,256,259",0.000504526209377572,FALSE,0,1,1,0,18,1,17,0.0555555555555556,0.944444444444444
"S.A.b",62,500,0.33,"TRUE","TRUE","FALSE","17.1282583616255","8.1231339436905","9.00512441793503","2.145","0.143","1.363","2,3,4,5,6,7,8,9,248,249,250,251,252,253,254,255,256",0.000279596601918508,FALSE,0,0,1,0,17,0,17,0,0.944444444444444
"S.A.b",63,500,0.33,"TRUE","TRUE","FALSE","17.9637581278032","8.96030335749203","9.00345477031122","2.199","0.147","1.369","1,2,3,4,5,6,7,8,9,248,249,250,251,252,253,254,255,256",0.00031835104390239,TRUE,0,0,0,0,18,0,18,0,1
"S.A.b",64,500,0.33,"TRUE","TRUE","FALSE","17.2028402788174","8.19748446068495","9.00535581813245","2.12","0.135","1.366","2,3,4,5,6,7,8,9,248,249,250,251,252,253,254,255,256",0.000282625252514317,FALSE,0,0,1,0,17,0,17,0,0.944444444444444
"S.A.b",65,500,0.33,"TRUE","TRUE","FALSE","17.6899902107456","8.68561711228023","9.00437309846536","2.127","0.143","1.319","1,2,3,4,5,6,7,8,9,248,249,250,251,252,253,254,255,256",0.000197079321490163,TRUE,0,0,0,0,18,0,18,0,1
"S.A.b",66,500,0.33,"TRUE","TRUE","FALSE","17.1276589351859","8.12496700899251","9.00269192619344","1.974","0.14","1.365","2,3,4,5,6,7,8,9,248,249,250,251,252,253,254,255,256",0.000433904217285079,FALSE,0,0,1,0,17,0,17,0,0.944444444444444
"S.A.b",67,500,0.33,"TRUE","TRUE","FALSE","17.2247018958885","8.22185458503318","9.00284731085533","2.045","0.132","1.412","2,3,4,5,6,7,8,9,248,249,250,251,252,253,254,255,256",0.00033049253712832,FALSE,0,0,1,0,17,0,17,0,0.944444444444444
"S.A.b",68,500,0.33,"TRUE","TRUE","FALSE","17.3656102804623","8.36164052796644","9.00396975249588","2.233","0.139","1.304","2,3,4,5,6,7,8,9,248,249,250,251,252,253,254,255,256",0.000297200571138516,FALSE,0,0,1,0,17,0,17,0,0.944444444444444
"S.A.b",69,500,0.33,"TRUE","TRUE","FALSE","17.1074603421427","8.10340586416378","9.00405447797896","1.932","0.152","1.442","2,3,4,5,6,7,8,9,248,249,250,251,252,253,254,255,256",0.000395022472442776,FALSE,0,0,1,0,17,0,17,0,0.944444444444444
"S.A.b",7,500,0.33,"TRUE","TRUE","FALSE","17.3418341278931","8.33758444563385","9.00424968225922","2.366","0.154","1.567","2,3,4,5,6,7,8,9,248,249,250,251,252,253,254,255,256",0.00040925789263486,FALSE,0,0,1,0,17,0,17,0,0.944444444444444
"S.A.b",70,500,0.33,"TRUE","TRUE","FALSE","17.1106460927484","8.10412614457504","9.00651994817339","2.133","0.16","1.355","2,3,4,5,6,7,8,9,248,249,250,251,252,253,254,255,256",0.000324316657449224,FALSE,0,0,1,0,17,0,17,0,0.944444444444444
"S.A.b",71,500,0.33,"TRUE","TRUE","FALSE","18.5476356719122","9.54509143193969","9.00254423997247","2.795","0.174","1.589","1,2,3,4,5,6,7,8,9,248,249,250,251,252,253,254,255,256",0.000235354774187854,TRUE,0,0,0,0,18,0,18,0,1
"S.A.b",72,500,0.33,"TRUE","TRUE","FALSE","17.1775370348659","8.17340182376545","9.00413521110048","2.349","0.178","1.588","2,3,4,5,6,7,8,9,248,249,250,251,252,253,254,255,256",0.000415453848635124,FALSE,0,0,1,0,17,0,17,0,0.944444444444444
"S.A.b",73,500,0.33,"TRUE","TRUE","FALSE","17.5406461201908","8.53494156025863","9.00570455993213","2.328","0.14","1.334","2,3,4,5,6,7,8,9,248,249,250,251,252,253,254,255,256",0.00030990060279249,FALSE,0,0,1,0,17,0,17,0,0.944444444444444
"S.A.b",74,500,0.33,"TRUE","TRUE","FALSE","17.1616156945614","8.15680541225125","9.00481028231011","1.939","0.142","1.259","2,3,4,5,6,7,8,9,248,249,250,251,252,253,254,255,256",0.000303393696547111,FALSE,0,0,1,0,17,0,17,0,0.944444444444444
"S.A.b",75,500,0.33,"TRUE","TRUE","FALSE","17.1634051464016","8.16127597497353","9.00212917142808","1.95","0.133","1.242","2,3,4,5,6,7,8,9,248,249,250,251,252,253,254,255,256",0.000424654914702243,FALSE,0,0,1,0,17,0,17,0,0.944444444444444
"S.A.b",76,500,0.33,"TRUE","TRUE","FALSE","17.1737392955067","8.17036397201577","9.00337532349089","2.057","0.135","1.289","2,3,4,5,6,7,8,9,248,249,250,251,252,253,254,255,256",0.000319276288995268,FALSE,0,0,1,0,17,0,17,0,0.944444444444444
"S.A.b",77,500,0.33,"TRUE","TRUE","FALSE","17.1247327567933","8.12198318188388","9.00274957490945","1.995","0.144","1.414","2,3,4,5,6,7,8,9,248,249,250,251,252,253,254,255,256",0.000385232128423404,FALSE,0,0,1,0,17,0,17,0,0.944444444444444
"S.A.b",78,500,0.33,"TRUE","TRUE","FALSE","17.5175891894766","8.50771463950029","9.00987454997635","2.507","0.174","1.502","2,3,4,5,6,7,8,9,248,249,250,251,252,253,254,255,256",0.000447526128532046,FALSE,0,0,1,0,17,0,17,0,0.944444444444444
"S.A.b",79,500,0.33,"TRUE","TRUE","FALSE","17.1100664622817","8.10691765725875","9.00314880502297","2.029","0.145","1.403","2,3,4,5,6,7,8,9,248,249,250,251,252,253,254,255,256",0.000329827127737443,FALSE,0,0,1,0,17,0,17,0,0.944444444444444
"S.A.b",8,500,0.33,"TRUE","TRUE","FALSE","17.1535050970226","8.14912436598133","9.00438073104127","2.131","0.153","1.519","2,3,4,5,6,7,8,9,248,249,250,251,252,253,254,255,256",0.000285903183357704,FALSE,0,0,1,0,17,0,17,0,0.944444444444444
"S.A.b",80,500,0.33,"TRUE","TRUE","FALSE","17.9572855999538","8.94892915294584","9.00835644700793","2.129","0.14","1.397","1,2,3,4,5,6,7,8,9,248,249,250,251,252,253,254,255,256",0.000153606882784226,TRUE,0,0,0,0,18,0,18,0,1
"S.A.b",81,500,0.33,"TRUE","TRUE","FALSE","17.1046504799425","8.09872710503686","9.0059233749056","1.944","0.141","1.332","2,3,4,5,6,7,8,9,248,249,250,251,252,253,254,255,256",0.000386377826668143,FALSE,0,0,1,0,17,0,17,0,0.944444444444444
"S.A.b",82,500,0.33,"TRUE","TRUE","FALSE","17.1535849799791","8.14940600080497","9.00417897917411","1.975","0.147","1.392","2,3,4,5,6,7,8,9,248,249,250,251,252,253,254,255,256",0.000504681674936766,FALSE,0,0,1,0,17,0,17,0,0.944444444444444
"S.A.b",83,500,0.33,"TRUE","TRUE","FALSE","17.1551561647382","8.14879117567052","9.00636498906766","2.114","0.15","1.388","2,3,4,5,6,7,8,9,248,249,250,251,252,253,254,255,256",0.000444309056163575,FALSE,0,0,1,0,17,0,17,0,0.944444444444444
"S.A.b",84,500,0.33,"TRUE","TRUE","FALSE","17.8877289552536","8.8838181683428","9.00391078691076","2.25","0.142","1.529","1,2,3,4,5,6,7,8,9,248,249,250,251,252,253,254,255,256",0.000269227739755696,TRUE,0,0,0,0,18,0,18,0,1
"S.A.b",85,500,0.33,"TRUE","TRUE","FALSE","17.9611256600158","8.95840224421704","9.00272341579875","2.275","0.142","1.388","1,2,3,4,5,6,7,8,9,248,249,250,251,252,253,254,255,256",0.000416877152779276,TRUE,0,0,0,0,18,0,18,0,1
"S.A.b",86,500,0.33,"TRUE","TRUE","FALSE","17.1271123805572","8.12342565012437","9.0036867304328","1.928","0.136","1.249","2,3,4,5,6,7,8,9,248,249,250,251,252,253,254,255,256",0.000447449362220575,FALSE,0,0,1,0,17,0,17,0,0.944444444444444
"S.A.b",87,500,0.33,"TRUE","TRUE","FALSE","17.1366286923034","8.13300632912919","9.00362236317422","2.097","0.139","1.249","2,3,4,5,6,7,8,9,248,249,250,251,252,253,254,255,256",0.000558183644968785,FALSE,0,0,1,0,17,0,17,0,0.944444444444444
"S.A.b",88,500,0.33,"TRUE","TRUE","FALSE","17.2875365333816","8.28189590278286","9.00564063059872","2.14","0.137","1.291","2,3,4,5,6,7,8,9,248,249,250,251,252,253,254,255,256",0.0003091097492679,FALSE,0,0,1,0,17,0,17,0,0.944444444444444
"S.A.b",89,500,0.33,"TRUE","TRUE","FALSE","17.1281850072897","8.11980284936253","9.00838215792719","2.042","0.141","1.437","2,3,4,5,6,7,8,9,248,249,250,251,252,253,254,255,256",0.000383149131494855,FALSE,0,0,1,0,17,0,17,0,0.944444444444444
"S.A.b",9,500,0.33,"TRUE","TRUE","FALSE","17.8444308829016","8.83955237002862","9.00487851287298","2.257","0.152","1.409","1,2,3,4,5,6,7,8,9,248,249,250,251,252,253,254,255,256",0.000349946618694142,TRUE,0,0,0,0,18,0,18,0,1
"S.A.b",90,500,0.33,"TRUE","TRUE","FALSE","18.1739965973736","9.13664939849306","9.03734719888053","2.11","0.137","1.352","1,2,3,4,5,6,7,8,9,248,249,250,251,252,253,254,255,256",0.000282909793366413,TRUE,0,0,0,0,18,0,18,0,1
"S.A.b",91,500,0.33,"TRUE","TRUE","FALSE","17.9907683756757","8.9876452707293","9.00312310494642","2.335","0.139","1.251","1,2,3,4,5,6,7,8,9,248,249,250,251,252,253,254,255,256",0.000300847205824459,TRUE,0,0,0,0,18,0,18,0,1
"S.A.b",92,500,0.33,"TRUE","TRUE","FALSE","17.098358175268","8.09435763410258","9.00400054116541","2.07","0.144","1.44","2,3,4,5,6,7,8,9,248,249,250,251,252,253,254,255,256",0.000593269818960066,FALSE,0,0,1,0,17,0,17,0,0.944444444444444
"S.A.b",93,500,0.33,"TRUE","TRUE","FALSE","17.2161127813532","8.21349259212485","9.00262018922832","2.069","0.147","1.438","2,3,4,5,6,7,8,9,248,249,250,251,252,253,254,255,256",0.000485003117056104,FALSE,0,0,1,0,17,0,17,0,0.944444444444444
"S.A.b",94,500,0.33,"TRUE","TRUE","FALSE","17.0992083739993","8.0944444571568","9.0047639168425","2.013","0.146","1.383","2,3,4,5,6,7,8,9,248,249,250,251,252,253,254,255,256",0.000310715194693254,FALSE,0,0,1,0,17,0,17,0,0.944444444444444
"S.A.b",95,500,0.33,"TRUE","TRUE","FALSE","17.9696945938657","8.96683092064196","9.00286367322372","2.315","0.149","1.372","1,2,3,4,5,6,7,8,9,248,249,250,251,252,253,254,255,256",0.000207044341576556,TRUE,0,0,0,0,18,0,18,0,1
"S.A.b",96,500,0.33,"TRUE","TRUE","FALSE","17.3411041667171","8.33855671710035","9.00254744961678","2.19","0.202","1.669","2,3,4,5,6,7,8,9,248,249,250,251,252,253,254,255,256",0.000387491349314018,FALSE,0,0,1,0,17,0,17,0,0.944444444444444
"S.A.b",97,500,0.33,"TRUE","TRUE","FALSE","17.38376248228","8.37903448629365","9.00472799598639","6.521","0.329","2.193","2,3,4,5,6,7,8,9,248,249,250,251,252,253,254,255,256",0.000362641713846055,FALSE,0,0,1,0,17,0,17,0,0.944444444444444
"S.A.b",98,500,0.33,"TRUE","TRUE","FALSE","17.1781138746483","8.17507352006309","9.00304035458524","2.199","0.153","1.307","2,3,4,5,6,7,8,9,248,249,250,251,252,253,254,255,256",0.000385603764894169,FALSE,0,0,1,0,17,0,17,0,0.944444444444444
"S.A.b",99,500,0.33,"TRUE","TRUE","FALSE","17.1544557402721","8.14714990269274","9.00730583757932","2.056","0.143","1.282","2,3,4,5,6,7,8,9,248,249,250,251,252,253,254,255,256",0.000457918460996761,FALSE,0,0,1,0,17,0,17,0,0.944444444444444
"S.EB",1,500,0.33,"TRUE","TRUE","FALSE","17.1455541061817","8.13826398471392","9.00729012146774","2.158","0.147","1.445","2,3,4,5,6,7,8,9,248,249,250,251,252,253,254,255,256",0.000331797963273127,FALSE,0,0,1,0,17,0,17,0,0.944444444444444
"S.EB",10,500,0.33,"TRUE","TRUE","FALSE","17.1508192545221","8.14833357730955","9.00248567721258","2.159","0.153","1.492","2,3,4,5,6,7,8,9,248,249,250,251,252,253,254,255,256",0.000406162345305609,FALSE,0,0,1,0,17,0,17,0,0.944444444444444
"S.EB",100,500,0.33,"TRUE","TRUE","FALSE","17.1393818535563","8.13589295687455","9.0034888966818","2.212","0.138","1.299","2,3,4,5,6,7,8,9,248,249,250,251,252,253,254,255,256",0.000458028598613345,FALSE,0,0,1,0,17,0,17,0,0.944444444444444
"S.EB",11,500,0.33,"TRUE","TRUE","FALSE","17.1015919342314","8.09168949425078","9.00990243998059","1.925","0.139","1.227","2,3,4,5,6,7,8,9,248,249,250,251,252,253,254,255,256",0.000376943732775134,FALSE,0,0,1,0,17,0,17,0,0.944444444444444
"S.EB",12,500,0.33,"TRUE","TRUE","FALSE","17.2037948533411","8.20083320192105","9.00296165142","2.152","0.152","1.413","2,3,4,5,6,7,8,9,79,248,249,250,251,252,253,254,255,256",0.00055527061429199,FALSE,1,0,1,0,18,1,17,0.0555555555555556,0.944444444444444
"S.EB",13,500,0.33,"TRUE","TRUE","FALSE","17.156427870386","8.1534560394116","9.0029718309744","2.202","0.178","1.367","2,3,4,5,6,7,8,9,248,249,250,251,252,253,254,255,256",0.000374638054271618,FALSE,0,0,1,0,17,0,17,0,0.944444444444444
"S.EB",14,500,0.33,"TRUE","TRUE","FALSE","18.1781364211478","9.1740196330185","9.00411678812928","2.12","0.149","1.305","1,2,3,4,5,6,7,8,9,248,249,250,251,252,253,254,255,256",0.000345120236145804,TRUE,0,0,0,0,18,0,18,0,1
"S.EB",15,500,0.33,"TRUE","TRUE","FALSE","17.160445460272","8.15763216221862","9.0028132980534","2.175","0.154","1.529","2,3,4,5,6,7,8,9,248,249,250,251,252,253,254,255,256",0.000525935917238864,FALSE,0,0,1,0,17,0,17,0,0.944444444444444
"S.EB",16,500,0.33,"TRUE","TRUE","FALSE","17.1599205546079","8.1561414098638","9.00377914474412","2.182","0.154","1.398","2,3,4,5,6,7,8,9,248,249,250,251,252,253,254,255,256",0.000315079337833244,FALSE,0,0,1,0,17,0,17,0,0.944444444444444
"S.EB",17,500,0.33,"TRUE","TRUE","FALSE","17.7627516065184","8.75684366474275","9.00590794177563","2.553","0.148","1.497","1,2,3,4,5,6,7,8,9,69,180,248,249,250,251,252,253,254,255,256",0.000561223479959526,FALSE,2,0,0,0,20,2,18,0.1,1
"S.EB",18,500,0.33,"TRUE","TRUE","FALSE","17.1668784103484","8.16336878431331","9.00350962603511","2.075","0.156","1.439","1,2,3,4,5,6,7,8,9,248,249,250,251,252,253,254,255,256",0.000240491163877182,TRUE,0,0,0,0,18,0,18,0,1
"S.EB",19,500,0.33,"TRUE","TRUE","FALSE","17.1386148260822","8.13472407810069","9.00389074798148","2.054","0.152","1.471","2,3,4,5,6,7,8,9,248,249,250,251,252,253,254,255,256",0.00033982820779053,FALSE,0,0,1,0,17,0,17,0,0.944444444444444
"S.EB",2,500,0.33,"TRUE","TRUE","FALSE","17.8925480718223","8.88591764365316","9.00663042816909","2.378","0.158","1.338","1,2,3,4,5,6,7,8,9,248,249,250,251,252,253,254,255,256",0.000283751067522851,TRUE,0,0,0,0,18,0,18,0,1
"S.EB",20,500,0.33,"TRUE","TRUE","FALSE","17.1295224737526","8.12612512000204","9.00339735375059","2.008","0.152","1.417","2,3,4,5,6,7,8,9,248,249,250,251,252,253,254,255,256",0.00039561021164682,FALSE,0,0,1,0,17,0,17,0,0.944444444444444
"S.EB",21,500,0.33,"TRUE","TRUE","FALSE","17.1645111944545","8.15860388409903","9.00590731035545","2.094","0.153","1.424","2,3,4,5,6,7,8,9,248,249,250,251,252,253,254,255,256",0.000422976852816934,FALSE,0,0,1,0,17,0,17,0,0.944444444444444
"S.EB",22,500,0.33,"TRUE","TRUE","FALSE","17.4546085514095","8.45224406317597","9.00236448823351","2.261","0.162","1.417","1,2,3,4,5,6,7,8,9,248,249,250,251,252,253,254,255,256",0.000221764700062356,TRUE,0,0,0,0,18,0,18,0,1
"S.EB",23,500,0.33,"TRUE","TRUE","FALSE","17.2578590230429","8.25476340468368","9.00309561835926","2.297","0.149","1.447","1,2,3,4,5,6,7,8,9,248,249,250,251,252,253,254,255,256",0.000326110447094454,TRUE,0,0,0,0,18,0,18,0,1
"S.EB",24,500,0.33,"TRUE","TRUE","FALSE","17.1206479499651","8.1109792073869","9.00966874257816","2.092","0.158","1.461","2,3,4,5,6,7,8,9,248,249,250,251,252,253,254,255,256",0.0006055957679069,FALSE,0,0,1,0,17,0,17,0,0.944444444444444
"S.EB",25,500,0.33,"TRUE","TRUE","FALSE","17.1048521776992","8.09959460292039","9.00525757477881","1.934","0.145","1.303","2,3,4,5,6,7,8,9,248,249,250,251,252,253,254,255,256",0.000363010711498955,FALSE,0,0,1,0,17,0,17,0,0.944444444444444
"S.EB",26,500,0.33,"TRUE","TRUE","FALSE","17.1394160851059","8.13707975900268","9.0023363261032","1.941","0.147","1.385","2,3,4,5,6,7,8,9,248,249,250,251,252,253,254,255,256",0.000413331632018377,FALSE,0,0,1,0,17,0,17,0,0.944444444444444
"S.EB",27,500,0.33,"TRUE","TRUE","FALSE","17.1261063284969","8.1227954539208","9.0033108745761","2.07","0.149","1.403","2,3,4,5,6,7,8,9,248,249,250,251,252,253,254,255,256",0.000368851006668506,FALSE,0,0,1,0,17,0,17,0,0.944444444444444
"S.EB",28,500,0.33,"TRUE","TRUE","FALSE","17.1915942155525","8.18636968627557","9.00522452927689","2.238","0.151","1.419","2,3,4,5,6,7,8,9,15,64,248,249,250,251,252,253,254,255,256",0.000882124415932249,FALSE,2,0,1,0,19,2,17,0.105263157894737,0.944444444444444
"S.EB",29,500,0.33,"TRUE","TRUE","FALSE","17.3037514382324","8.297993528799","9.00575790943344","2.39","0.151","1.473","1,2,3,4,5,6,7,8,9,82,248,249,250,251,252,253,254,255,256",0.000433010120558609,FALSE,1,0,0,0,19,1,18,0.0526315789473684,1
"S.EB",3,500,0.33,"TRUE","TRUE","FALSE","17.0869663977917","8.08413188940097","9.00283450839073","1.999","0.146","1.36","2,3,4,5,6,7,8,9,248,249,250,251,252,253,254,255,256",0.000307595328115261,FALSE,0,0,1,0,17,0,17,0,0.944444444444444
"S.EB",30,500,0.33,"TRUE","TRUE","FALSE","17.1775680803486","8.17470992767262","9.00285815267595","2.201","0.157","1.514","2,3,4,5,6,7,8,9,248,249,250,251,252,253,254,255,256",0.000362024184211384,FALSE,0,0,1,0,17,0,17,0,0.944444444444444
"S.EB",31,500,0.33,"TRUE","TRUE","FALSE","18.0089187609217","9.00147784469833","9.00744091622342","2.209","0.146","1.371","1,2,3,4,5,6,7,8,9,248,249,250,251,252,253,254,255,256",0.000184142484033241,TRUE,0,0,0,0,18,0,18,0,1
"S.EB",32,500,0.33,"TRUE","TRUE","FALSE","18.0248888837322","9.02152081286984","9.00336807086233","2.125","0.155","1.481","1,2,3,4,5,6,7,8,9,248,249,250,251,252,253,254,255,256",0.000142765606516254,TRUE,0,0,0,0,18,0,18,0,1
"S.EB",33,500,0.33,"TRUE","TRUE","FALSE","17.2610594689255","8.258882958966","9.00217650995955","2.275","0.157","1.456","1,2,3,4,5,6,7,8,9,248,249,250,251,252,253,254,255,256",0.00018952885366125,TRUE,0,0,0,0,18,0,18,0,1
"S.EB",34,500,0.33,"TRUE","TRUE","FALSE","17.1710836270139","8.16770467705252","9.00337894996141","2.092","0.143","1.343","1,2,3,4,5,6,7,8,9,248,249,250,251,252,253,254,255,256",0.000410197990245464,TRUE,0,0,0,0,18,0,18,0,1
"S.EB",35,500,0.33,"TRUE","TRUE","FALSE","17.1147020499173","8.11094030969767","9.00376174021958","2.028","0.15","1.348","2,3,4,5,6,7,8,9,248,249,250,251,252,253,254,255,256",0.000442023269728299,FALSE,0,0,1,0,17,0,17,0,0.944444444444444
"S.EB",36,500,0.33,"TRUE","TRUE","FALSE","18.0002627595048","8.99797402764624","9.0022887318586","2.233","0.159","1.382","1,2,3,4,5,6,7,8,9,248,249,250,251,252,253,254,255,256",0.000298913656702739,TRUE,0,0,0,0,18,0,18,0,1
"S.EB",37,500,0.33,"TRUE","TRUE","FALSE","17.1093931776672","8.10530304335274","9.00409013431445","2.141","0.156","1.44","2,3,4,5,6,7,8,9,248,249,250,251,252,253,254,255,256",0.000375148601728125,FALSE,0,0,1,0,17,0,17,0,0.944444444444444
"S.EB",38,500,0.33,"TRUE","TRUE","FALSE","18.0346073202595","9.03222904201117","9.00237827824829","2.646","0.146","1.478","1,2,3,4,5,6,7,8,9,181,248,249,250,251,252,253,254,255,256",0.000568370938309122,FALSE,1,0,0,0,19,1,18,0.0526315789473684,1
"S.EB",39,500,0.33,"TRUE","TRUE","FALSE","18.0923143129572","9.08704298827036","9.0052713246868","2.187","0.158","1.488","1,2,3,4,5,6,7,8,9,248,249,250,251,252,253,254,255,256",0.000449079579206696,TRUE,0,0,0,0,18,0,18,0,1
"S.EB",4,500,0.33,"TRUE","TRUE","FALSE","17.9863491638971","8.98297653794724","9.0033726259499","2.222","0.17","1.423","1,2,3,4,5,6,7,8,9,248,249,250,251,252,253,254,255,256",0.000301872179510553,TRUE,0,0,0,0,18,0,18,0,1
"S.EB",40,500,0.33,"TRUE","TRUE","FALSE","17.271155119994","8.26715821035207","9.00399690964191","2.297","0.163","1.661","2,3,4,5,6,7,8,9,220,248,249,250,251,252,253,254,255,256",0.000563259893290603,FALSE,1,0,1,0,18,1,17,0.0555555555555556,0.944444444444444
"S.EB",41,500,0.33,"TRUE","TRUE","FALSE","17.5995616130588","8.59672052155839","9.00284109150041","2.424","0.153","1.297","1,2,3,4,5,6,7,8,9,60,248,249,250,251,252,253,254,255,256",0.000556813664036088,FALSE,1,0,0,0,19,1,18,0.0526315789473684,1
"S.EB",42,500,0.33,"TRUE","TRUE","FALSE","17.2280159663491","8.22443432762599","9.00358163872309","2.226","0.149","1.385","2,3,4,5,6,7,8,9,42,248,249,250,251,252,253,254,255,256",0.000617897599242837,FALSE,1,0,1,0,18,1,17,0.0555555555555556,0.944444444444444
"S.EB",43,500,0.33,"TRUE","TRUE","FALSE","17.1809606868823","8.16847071012182","9.01248997676048","2.155","0.155","1.597","2,3,4,5,6,7,8,9,248,249,250,251,252,253,254,255,256",0.000562112496788426,FALSE,0,0,1,0,17,0,17,0,0.944444444444444
"S.EB",44,500,0.33,"TRUE","TRUE","FALSE","17.9881176006563","8.98330427925872","9.00481332139758","1.995","0.156","1.354","1,2,3,4,5,6,7,8,9,248,249,250,251,252,253,254,255,256",0.000372375627979385,TRUE,0,0,0,0,18,0,18,0,1
"S.EB",45,500,0.33,"TRUE","TRUE","FALSE","17.1394553505286","8.13267767683437","9.00677767369418","2.055","0.156","1.538","2,3,4,5,6,7,8,9,248,249,250,251,252,253,254,255,256",0.000387450568868762,FALSE,0,0,1,0,17,0,17,0,0.944444444444444
"S.EB",46,500,0.33,"TRUE","TRUE","FALSE","17.1785558281904","8.17397278068592","9.00458304750449","2.254","0.159","1.47","2,3,4,5,6,7,8,9,248,249,250,251,252,253,254,255,256",0.000389294305831292,FALSE,0,0,1,0,17,0,17,0,0.944444444444444
"S.EB",47,500,0.33,"TRUE","TRUE","FALSE","17.6264402357165","8.62294677140577","9.00349346431074","2.657","0.154","1.435","2,3,4,5,6,7,8,9,94,248,249,250,251,252,253,254,255,256",0.000609651843768256,FALSE,1,0,1,0,18,1,17,0.0555555555555556,0.944444444444444
"S.EB",48,500,0.33,"TRUE","TRUE","FALSE","17.1117809485258","8.10951100747243","9.00226994105341","2.004","0.161","1.468","2,3,4,5,6,7,8,9,248,249,250,251,252,253,254,255,256",0.000316883144717252,FALSE,0,0,1,0,17,0,17,0,0.944444444444444
"S.EB",49,500,0.33,"TRUE","TRUE","FALSE","17.1483811880805","8.13982169427004","9.00855949381046","1.998","0.147","1.41","2,3,4,5,6,7,8,9,248,249,250,251,252,253,254,255,256",0.000473685787586184,FALSE,0,0,1,0,17,0,17,0,0.944444444444444
"S.EB",5,500,0.33,"TRUE","TRUE","FALSE","17.1125860990758","8.11010267052788","9.00248342854793","2.062","0.151","1.426","2,3,4,5,6,7,8,9,248,249,250,251,252,253,254,255,256",0.000355912406736371,FALSE,0,0,1,0,17,0,17,0,0.944444444444444
"S.EB",50,500,0.33,"TRUE","TRUE","FALSE","17.1764782701719","8.17271002556221","9.00376824460968","2.23","0.167","1.365","2,3,4,5,6,7,8,9,248,249,250,251,252,253,254,255,256",0.000424551335307511,FALSE,0,0,1,0,17,0,17,0,0.944444444444444
"S.EB",51,500,0.33,"TRUE","TRUE","FALSE","17.2201458768291","8.21391935251827","9.0062265243108","2.17","0.156","1.462","1,2,3,4,5,6,7,8,9,22,248,249,250,251,252,253,254,255,256",0.00044248827403459,FALSE,1,0,0,0,19,1,18,0.0526315789473684,1
"S.EB",52,500,0.33,"TRUE","TRUE","FALSE","17.1737437083657","8.16825302526042","9.00549068310524","2.062","0.152","2.18","2,3,4,5,6,7,8,9,248,249,250,251,252,253,254,255,256",0.000385542166359981,FALSE,0,0,1,0,17,0,17,0,0.944444444444444
"S.EB",53,500,0.33,"TRUE","TRUE","FALSE","17.1506725085924","8.14534609960789","9.0053264089845","2.145","0.152","1.573","2,3,4,5,6,7,8,9,248,249,250,251,252,253,254,255,256",0.000311706643526607,FALSE,0,0,1,0,17,0,17,0,0.944444444444444
"S.EB",54,500,0.33,"TRUE","TRUE","FALSE","17.5676450123924","8.56488483081879","9.00276018157359","2.442","0.172","1.367","1,2,3,4,5,6,7,8,9,248,249,250,251,252,253,254,255,256",0.000320522893354139,TRUE,0,0,0,0,18,0,18,0,1
"S.EB",55,500,0.33,"TRUE","TRUE","FALSE","17.1774180652535","8.17491823260018","9.00249983265334","1.958","0.137","1.27","1,2,3,4,5,6,7,8,9,248,249,250,251,252,253,254,255,256",0.000144509143843577,TRUE,0,0,0,0,18,0,18,0,1
"S.EB",56,500,0.33,"TRUE","TRUE","FALSE","17.1331984964075","8.1306068179945","9.00259167841304","1.977","0.145","1.296","2,3,4,5,6,7,8,9,248,249,250,251,252,253,254,255,256",0.000395268814301375,FALSE,0,0,1,0,17,0,17,0,0.944444444444444
"S.EB",57,500,0.33,"TRUE","TRUE","FALSE","17.1500352291498","8.14501445280375","9.00502077634604","1.963","0.144","1.281","2,3,4,5,6,7,8,9,248,249,250,251,252,253,254,255,256",0.000647617292026094,FALSE,0,0,1,0,17,0,17,0,0.944444444444444
"S.EB",58,500,0.33,"TRUE","TRUE","FALSE","17.1023314359051","8.09667444358797","9.00565699231714","1.824","0.138","1.341","2,3,4,5,6,7,8,9,248,249,250,251,252,253,254,255,256",0.000338755590252874,FALSE,0,0,1,0,17,0,17,0,0.944444444444444
"S.EB",59,500,0.33,"TRUE","TRUE","FALSE","18.0910955833827","9.08192074847073","9.00917483491201","3.232","0.149","1.524","1,2,3,4,5,6,7,8,9,43,146,248,249,250,251,252,253,254,255,256",0.000717267406443876,FALSE,2,0,0,0,20,2,18,0.1,1
"S.EB",6,500,0.33,"TRUE","TRUE","FALSE","17.112228210396","8.10941089417083","9.00281731622517","2.019","0.155","1.385","2,3,4,5,6,7,8,9,248,249,250,251,252,253,254,255,256",0.000445660055110533,FALSE,0,0,1,0,17,0,17,0,0.944444444444444
"S.EB",60,500,0.33,"TRUE","TRUE","FALSE","17.1359460513142","8.13251231178431","9.00343373952986","1.92","0.139","1.372","2,3,4,5,6,7,8,9,248,249,250,251,252,253,254,255,256",0.000425981808393214,FALSE,0,0,1,0,17,0,17,0,0.944444444444444
"S.EB",61,500,0.33,"TRUE","TRUE","FALSE","17.3233522581462","8.2495273067142","9.07382495143196","2.351","0.146","1.377","2,3,4,5,6,7,8,9,241,248,249,250,251,252,253,254,255,256,259",0.000746297551159914,FALSE,1,1,1,0,19,2,17,0.105263157894737,0.944444444444444
"S.EB",62,500,0.33,"TRUE","TRUE","FALSE","17.1282583616255","8.1231339436905","9.00512441793503","2.145","0.143","1.363","2,3,4,5,6,7,8,9,248,249,250,251,252,253,254,255,256",0.000279596601918508,FALSE,0,0,1,0,17,0,17,0,0.944444444444444
"S.EB",63,500,0.33,"TRUE","TRUE","FALSE","17.9637581278032","8.96030335749203","9.00345477031122","2.199","0.147","1.369","1,2,3,4,5,6,7,8,9,248,249,250,251,252,253,254,255,256",0.00031835104390239,TRUE,0,0,0,0,18,0,18,0,1
"S.EB",64,500,0.33,"TRUE","TRUE","FALSE","17.2028402788174","8.19748446068495","9.00535581813245","2.12","0.135","1.366","2,3,4,5,6,7,8,9,248,249,250,251,252,253,254,255,256",0.000282625252514317,FALSE,0,0,1,0,17,0,17,0,0.944444444444444
"S.EB",65,500,0.33,"TRUE","TRUE","FALSE","17.6899902107456","8.68561711228023","9.00437309846536","2.127","0.143","1.319","1,2,3,4,5,6,7,8,9,248,249,250,251,252,253,254,255,256",0.000197079321490163,TRUE,0,0,0,0,18,0,18,0,1
"S.EB",66,500,0.33,"TRUE","TRUE","FALSE","17.1276589351859","8.12496700899251","9.00269192619344","1.974","0.14","1.365","2,3,4,5,6,7,8,9,248,249,250,251,252,253,254,255,256",0.000433904217285079,FALSE,0,0,1,0,17,0,17,0,0.944444444444444
"S.EB",67,500,0.33,"TRUE","TRUE","FALSE","17.2247018958885","8.22185458503318","9.00284731085533","2.045","0.132","1.412","1,2,3,4,5,6,7,8,9,248,249,250,251,252,253,254,255,256",0.000161388351557503,TRUE,0,0,0,0,18,0,18,0,1
"S.EB",68,500,0.33,"TRUE","TRUE","FALSE","17.3656102804623","8.36164052796644","9.00396975249588","2.233","0.139","1.304","1,2,3,4,5,6,7,8,9,177,248,249,250,251,252,253,254,255,256",0.000369568316511633,FALSE,1,0,0,0,19,1,18,0.0526315789473684,1
"S.EB",69,500,0.33,"TRUE","TRUE","FALSE","17.1074603421427","8.10340586416378","9.00405447797896","1.932","0.152","1.442","2,3,4,5,6,7,8,9,248,249,250,251,252,253,254,255,256",0.000395022472442776,FALSE,0,0,1,0,17,0,17,0,0.944444444444444
"S.EB",7,500,0.33,"TRUE","TRUE","FALSE","17.3418341278931","8.33758444563385","9.00424968225922","2.366","0.154","1.567","1,2,3,4,5,6,7,8,9,248,249,250,251,252,253,254,255,256",0.000267837904327281,TRUE,0,0,0,0,18,0,18,0,1
"S.EB",70,500,0.33,"TRUE","TRUE","FALSE","17.1106460927484","8.10412614457504","9.00651994817339","2.133","0.16","1.355","2,3,4,5,6,7,8,9,248,249,250,251,252,253,254,255,256",0.000324316657449224,FALSE,0,0,1,0,17,0,17,0,0.944444444444444
"S.EB",71,500,0.33,"TRUE","TRUE","FALSE","18.5476356719122","9.54509143193969","9.00254423997247","2.795","0.174","1.589","1,2,3,4,5,6,7,8,9,10,248,249,250,251,252,253,254,255,256",0.000518734441063885,FALSE,1,0,0,0,19,1,18,0.0526315789473684,1
"S.EB",72,500,0.33,"TRUE","TRUE","FALSE","17.1775370348659","8.17340182376545","9.00413521110048","2.349","0.178","1.588","2,3,4,5,6,7,8,9,88,248,249,250,251,252,253,254,255,256",0.000585121208406764,FALSE,1,0,1,0,18,1,17,0.0555555555555556,0.944444444444444
"S.EB",73,500,0.33,"TRUE","TRUE","FALSE","17.5406461201908","8.53494156025863","9.00570455993213","2.328","0.14","1.334","1,2,3,4,5,6,7,8,9,248,249,250,251,252,253,254,255,256",0.00015078653708074,TRUE,0,0,0,0,18,0,18,0,1
"S.EB",74,500,0.33,"TRUE","TRUE","FALSE","17.1616156945614","8.15680541225125","9.00481028231011","1.939","0.142","1.259","2,3,4,5,6,7,8,9,248,249,250,251,252,253,254,255,256",0.000303393696547111,FALSE,0,0,1,0,17,0,17,0,0.944444444444444
"S.EB",75,500,0.33,"TRUE","TRUE","FALSE","17.1634051464016","8.16127597497353","9.00212917142808","1.95","0.133","1.242","2,3,4,5,6,7,8,9,248,249,250,251,252,253,254,255,256",0.000424654914702243,FALSE,0,0,1,0,17,0,17,0,0.944444444444444
"S.EB",76,500,0.33,"TRUE","TRUE","FALSE","17.1737392955067","8.17036397201577","9.00337532349089","2.057","0.135","1.289","2,3,4,5,6,7,8,9,68,248,249,250,251,252,253,254,255,256",0.000499782299478689,FALSE,1,0,1,0,18,1,17,0.0555555555555556,0.944444444444444
"S.EB",77,500,0.33,"TRUE","TRUE","FALSE","17.1247327567933","8.12198318188388","9.00274957490945","1.995","0.144","1.414","2,3,4,5,6,7,8,9,248,249,250,251,252,253,254,255,256",0.000385232128423404,FALSE,0,0,1,0,17,0,17,0,0.944444444444444
"S.EB",78,500,0.33,"TRUE","TRUE","FALSE","17.5175891894766","8.50771463950029","9.00987454997635","2.507","0.174","1.502","1,2,3,4,5,6,7,8,9,248,249,250,251,252,253,254,255,256",0.000268429488315407,TRUE,0,0,0,0,18,0,18,0,1
"S.EB",79,500,0.33,"TRUE","TRUE","FALSE","17.1100664622817","8.10691765725875","9.00314880502297","2.029","0.145","1.403","2,3,4,5,6,7,8,9,248,249,250,251,252,253,254,255,256",0.000329827127737443,FALSE,0,0,1,0,17,0,17,0,0.944444444444444
"S.EB",8,500,0.33,"TRUE","TRUE","FALSE","17.1535050970226","8.14912436598133","9.00438073104127","2.131","0.153","1.519","2,3,4,5,6,7,8,9,248,249,250,251,252,253,254,255,256",0.000285903183357704,FALSE,0,0,1,0,17,0,17,0,0.944444444444444
"S.EB",80,500,0.33,"TRUE","TRUE","FALSE","17.9572855999538","8.94892915294584","9.00835644700793","2.129","0.14","1.397","1,2,3,4,5,6,7,8,9,248,249,250,251,252,253,254,255,256",0.000153606882784226,TRUE,0,0,0,0,18,0,18,0,1
"S.EB",81,500,0.33,"TRUE","TRUE","FALSE","17.1046504799425","8.09872710503686","9.0059233749056","1.944","0.141","1.332","2,3,4,5,6,7,8,9,248,249,250,251,252,253,254,255,256",0.000386377826668143,FALSE,0,0,1,0,17,0,17,0,0.944444444444444
"S.EB",82,500,0.33,"TRUE","TRUE","FALSE","17.1535849799791","8.14940600080497","9.00417897917411","1.975","0.147","1.392","2,3,4,5,6,7,8,9,248,249,250,251,252,253,254,255,256",0.000504681674936766,FALSE,0,0,1,0,17,0,17,0,0.944444444444444
"S.EB",83,500,0.33,"TRUE","TRUE","FALSE","17.1551561647382","8.14879117567052","9.00636498906766","2.114","0.15","1.388","2,3,4,5,6,7,8,9,248,249,250,251,252,253,254,255,256",0.000444309056163575,FALSE,0,0,1,0,17,0,17,0,0.944444444444444
"S.EB",84,500,0.33,"TRUE","TRUE","FALSE","17.8877289552536","8.8838181683428","9.00391078691076","2.25","0.142","1.529","1,2,3,4,5,6,7,8,9,248,249,250,251,252,253,254,255,256",0.000269227739755696,TRUE,0,0,0,0,18,0,18,0,1
"S.EB",85,500,0.33,"TRUE","TRUE","FALSE","17.9611256600158","8.95840224421704","9.00272341579875","2.275","0.142","1.388","1,2,3,4,5,6,7,8,9,248,249,250,251,252,253,254,255,256",0.000416877152779276,TRUE,0,0,0,0,18,0,18,0,1
"S.EB",86,500,0.33,"TRUE","TRUE","FALSE","17.1271123805572","8.12342565012437","9.0036867304328","1.928","0.136","1.249","2,3,4,5,6,7,8,9,248,249,250,251,252,253,254,255,256",0.000447449362220575,FALSE,0,0,1,0,17,0,17,0,0.944444444444444
"S.EB",87,500,0.33,"TRUE","TRUE","FALSE","17.1366286923034","8.13300632912919","9.00362236317422","2.097","0.139","1.249","2,3,4,5,6,7,8,9,248,249,250,251,252,253,254,255,256",0.000558183644968785,FALSE,0,0,1,0,17,0,17,0,0.944444444444444
"S.EB",88,500,0.33,"TRUE","TRUE","FALSE","17.2875365333816","8.28189590278286","9.00564063059872","2.14","0.137","1.291","2,3,4,5,6,7,8,9,22,248,249,250,251,252,253,254,255,256",0.000539424327628522,FALSE,1,0,1,0,18,1,17,0.0555555555555556,0.944444444444444
"S.EB",89,500,0.33,"TRUE","TRUE","FALSE","17.1281850072897","8.11980284936253","9.00838215792719","2.042","0.141","1.437","2,3,4,5,6,7,8,9,248,249,250,251,252,253,254,255,256",0.000383149131494855,FALSE,0,0,1,0,17,0,17,0,0.944444444444444
"S.EB",9,500,0.33,"TRUE","TRUE","FALSE","17.8444308829016","8.83955237002862","9.00487851287298","2.257","0.152","1.409","1,2,3,4,5,6,7,8,9,248,249,250,251,252,253,254,255,256",0.000349946618694142,TRUE,0,0,0,0,18,0,18,0,1
"S.EB",90,500,0.33,"TRUE","TRUE","FALSE","18.1739965973736","9.13664939849306","9.03734719888053","2.11","0.137","1.352","1,2,3,4,5,6,7,8,9,248,249,250,251,252,253,254,255,256",0.000282909793366413,TRUE,0,0,0,0,18,0,18,0,1
"S.EB",91,500,0.33,"TRUE","TRUE","FALSE","17.9907683756757","8.9876452707293","9.00312310494642","2.335","0.139","1.251","1,2,3,4,5,6,7,8,9,210,248,249,250,251,252,253,254,255,256",0.000472222537004521,FALSE,1,0,0,0,19,1,18,0.0526315789473684,1
"S.EB",92,500,0.33,"TRUE","TRUE","FALSE","17.098358175268","8.09435763410258","9.00400054116541","2.07","0.144","1.44","2,3,4,5,6,7,8,9,248,249,250,251,252,253,254,255,256",0.000593269818960066,FALSE,0,0,1,0,17,0,17,0,0.944444444444444
"S.EB",93,500,0.33,"TRUE","TRUE","FALSE","17.2161127813532","8.21349259212485","9.00262018922832","2.069","0.147","1.438","1,2,3,4,5,6,7,8,9,248,249,250,251,252,253,254,255,256",0.000297962913475138,TRUE,0,0,0,0,18,0,18,0,1
"S.EB",94,500,0.33,"TRUE","TRUE","FALSE","17.0992083739993","8.0944444571568","9.0047639168425","2.013","0.146","1.383","2,3,4,5,6,7,8,9,248,249,250,251,252,253,254,255,256",0.000310715194693254,FALSE,0,0,1,0,17,0,17,0,0.944444444444444
"S.EB",95,500,0.33,"TRUE","TRUE","FALSE","17.9696945938657","8.96683092064196","9.00286367322372","2.315","0.149","1.372","1,2,3,4,5,6,7,8,9,248,249,250,251,252,253,254,255,256",0.000207044341576556,TRUE,0,0,0,0,18,0,18,0,1
"S.EB",96,500,0.33,"TRUE","TRUE","FALSE","17.3411041667171","8.33855671710035","9.00254744961678","2.19","0.202","1.669","1,2,3,4,5,6,7,8,9,248,249,250,251,252,253,254,255,256",0.00022691727044863,TRUE,0,0,0,0,18,0,18,0,1
"S.EB",97,500,0.33,"TRUE","TRUE","FALSE","17.38376248228","8.37903448629365","9.00472799598639","6.521","0.329","2.193","1,2,3,4,5,6,7,8,9,248,249,250,251,252,253,254,255,256",0.000212941914517741,TRUE,0,0,0,0,18,0,18,0,1
"S.EB",98,500,0.33,"TRUE","TRUE","FALSE","17.1781138746483","8.17507352006309","9.00304035458524","2.199","0.153","1.307","2,3,4,5,6,7,8,9,193,248,249,250,251,252,253,254,255,256",0.00053100379821655,FALSE,1,0,1,0,18,1,17,0.0555555555555556,0.944444444444444
"S.EB",99,500,0.33,"TRUE","TRUE","FALSE","17.1544557402721","8.14714990269274","9.00730583757932","2.056","0.143","1.282","2,3,4,5,6,7,8,9,248,249,250,251,252,253,254,255,256",0.000457918460996761,FALSE,0,0,1,0,17,0,17,0,0.944444444444444
"S.EB.b",1,500,0.33,"TRUE","TRUE","FALSE","17.1455541061817","8.13826398471392","9.00729012146774","2.158","0.147","1.445","2,3,4,5,6,7,8,9,248,249,250,251,252,253,254,255,256,263",0.000454164943645766,FALSE,0,1,1,0,18,1,17,0.0555555555555556,0.944444444444444
"S.EB.b",10,500,0.33,"TRUE","TRUE","FALSE","17.1508192545221","8.14833357730955","9.00248567721258","2.159","0.153","1.492","2,3,4,5,6,7,8,9,248,249,250,251,252,253,254,255,256",0.000406162345305609,FALSE,0,0,1,0,17,0,17,0,0.944444444444444
"S.EB.b",100,500,0.33,"TRUE","TRUE","FALSE","17.1393818535563","8.13589295687455","9.0034888966818","2.212","0.138","1.299","2,3,4,5,6,7,8,9,248,249,250,251,252,253,254,255,256",0.000458028598613345,FALSE,0,0,1,0,17,0,17,0,0.944444444444444
"S.EB.b",11,500,0.33,"TRUE","TRUE","FALSE","17.1015919342314","8.09168949425078","9.00990243998059","1.925","0.139","1.227","2,3,4,5,6,7,8,9,248,249,250,251,252,253,254,255,256,257",0.000495807097125085,FALSE,0,1,1,0,18,1,17,0.0555555555555556,0.944444444444444
"S.EB.b",12,500,0.33,"TRUE","TRUE","FALSE","17.2037948533411","8.20083320192105","9.00296165142","2.152","0.152","1.413","2,3,4,5,6,7,8,9,248,249,250,251,252,253,254,255,256",0.000332120257732213,FALSE,0,0,1,0,17,0,17,0,0.944444444444444
"S.EB.b",13,500,0.33,"TRUE","TRUE","FALSE","17.156427870386","8.1534560394116","9.0029718309744","2.202","0.178","1.367","2,3,4,5,6,7,8,9,248,249,250,251,252,253,254,255,256",0.000374638054271618,FALSE,0,0,1,0,17,0,17,0,0.944444444444444
"S.EB.b",14,500,0.33,"TRUE","TRUE","FALSE","18.1781364211478","9.1740196330185","9.00411678812928","2.12","0.149","1.305","1,2,3,4,5,6,7,8,9,248,249,250,251,252,253,254,255,256",0.000345120236145804,TRUE,0,0,0,0,18,0,18,0,1
"S.EB.b",15,500,0.33,"TRUE","TRUE","FALSE","17.160445460272","8.15763216221862","9.0028132980534","2.175","0.154","1.529","2,3,4,5,6,7,8,9,248,249,250,251,252,253,254,255,256",0.000525935917238864,FALSE,0,0,1,0,17,0,17,0,0.944444444444444
"S.EB.b",16,500,0.33,"TRUE","TRUE","FALSE","17.1599205546079","8.1561414098638","9.00377914474412","2.182","0.154","1.398","2,3,4,5,6,7,8,9,248,249,250,251,252,253,254,255,256",0.000315079337833244,FALSE,0,0,1,0,17,0,17,0,0.944444444444444
"S.EB.b",17,500,0.33,"TRUE","TRUE","FALSE","17.7627516065184","8.75684366474275","9.00590794177563","2.553","0.148","1.497","1,2,3,4,5,6,7,8,9,180,248,249,250,251,252,253,254,255,256",0.000378075594305108,FALSE,1,0,0,0,19,1,18,0.0526315789473684,1
"S.EB.b",18,500,0.33,"TRUE","TRUE","FALSE","17.1668784103484","8.16336878431331","9.00350962603511","2.075","0.156","1.439","2,3,4,5,6,7,8,9,248,249,250,251,252,253,254,255,256",0.000421028226926025,FALSE,0,0,1,0,17,0,17,0,0.944444444444444
"S.EB.b",19,500,0.33,"TRUE","TRUE","FALSE","17.1386148260822","8.13472407810069","9.00389074798148","2.054","0.152","1.471","2,3,4,5,6,7,8,9,248,249,250,251,252,253,254,255,256",0.00033982820779053,FALSE,0,0,1,0,17,0,17,0,0.944444444444444
"S.EB.b",2,500,0.33,"TRUE","TRUE","FALSE","17.8925480718223","8.88591764365316","9.00663042816909","2.378","0.158","1.338","1,2,3,4,5,6,7,8,9,248,249,250,251,252,253,254,255,256",0.000283751067522851,TRUE,0,0,0,0,18,0,18,0,1
"S.EB.b",20,500,0.33,"TRUE","TRUE","FALSE","17.1295224737526","8.12612512000204","9.00339735375059","2.008","0.152","1.417","2,3,4,5,6,7,8,9,248,249,250,251,252,253,254,255,256",0.00039561021164682,FALSE,0,0,1,0,17,0,17,0,0.944444444444444
"S.EB.b",21,500,0.33,"TRUE","TRUE","FALSE","17.1645111944545","8.15860388409903","9.00590731035545","2.094","0.153","1.424","2,3,4,5,6,7,8,9,248,249,250,251,252,253,254,255,256",0.000422976852816934,FALSE,0,0,1,0,17,0,17,0,0.944444444444444
"S.EB.b",22,500,0.33,"TRUE","TRUE","FALSE","17.4546085514095","8.45224406317597","9.00236448823351","2.261","0.162","1.417","1,2,3,4,5,6,7,8,9,248,249,250,251,252,253,254,255,256",0.000221764700062356,TRUE,0,0,0,0,18,0,18,0,1
"S.EB.b",23,500,0.33,"TRUE","TRUE","FALSE","17.2578590230429","8.25476340468368","9.00309561835926","2.297","0.149","1.447","2,3,4,5,6,7,8,9,248,249,250,251,252,253,254,255,256",0.00048603746539497,FALSE,0,0,1,0,17,0,17,0,0.944444444444444
"S.EB.b",24,500,0.33,"TRUE","TRUE","FALSE","17.1206479499651","8.1109792073869","9.00966874257816","2.092","0.158","1.461","2,3,4,5,6,7,8,9,248,249,250,251,252,253,254,255,256,258",0.000722057439401139,FALSE,0,1,1,0,18,1,17,0.0555555555555556,0.944444444444444
"S.EB.b",25,500,0.33,"TRUE","TRUE","FALSE","17.1048521776992","8.09959460292039","9.00525757477881","1.934","0.145","1.303","2,3,4,5,6,7,8,9,248,249,250,251,252,253,254,255,256",0.000363010711498955,FALSE,0,0,1,0,17,0,17,0,0.944444444444444
"S.EB.b",26,500,0.33,"TRUE","TRUE","FALSE","17.1394160851059","8.13707975900268","9.0023363261032","1.941","0.147","1.385","2,3,4,5,6,7,8,9,248,249,250,251,252,253,254,255,256",0.000413331632018377,FALSE,0,0,1,0,17,0,17,0,0.944444444444444
"S.EB.b",27,500,0.33,"TRUE","TRUE","FALSE","17.1261063284969","8.1227954539208","9.0033108745761","2.07","0.149","1.403","2,3,4,5,6,7,8,9,248,249,250,251,252,253,254,255,256",0.000368851006668506,FALSE,0,0,1,0,17,0,17,0,0.944444444444444
"S.EB.b",28,500,0.33,"TRUE","TRUE","FALSE","17.1915942155525","8.18636968627557","9.00522452927689","2.238","0.151","1.419","2,3,4,5,6,7,8,9,248,249,250,251,252,253,254,255,256",0.000559447889635658,FALSE,0,0,1,0,17,0,17,0,0.944444444444444
"S.EB.b",29,500,0.33,"TRUE","TRUE","FALSE","17.3037514382324","8.297993528799","9.00575790943344","2.39","0.151","1.473","2,3,4,5,6,7,8,9,248,249,250,251,252,253,254,255,256",0.000352450169843616,FALSE,0,0,1,0,17,0,17,0,0.944444444444444
"S.EB.b",3,500,0.33,"TRUE","TRUE","FALSE","17.0869663977917","8.08413188940097","9.00283450839073","1.999","0.146","1.36","2,3,4,5,6,7,8,9,248,249,250,251,252,253,254,255,256",0.000307595328115261,FALSE,0,0,1,0,17,0,17,0,0.944444444444444
"S.EB.b",30,500,0.33,"TRUE","TRUE","FALSE","17.1775680803486","8.17470992767262","9.00285815267595","2.201","0.157","1.514","2,3,4,5,6,7,8,9,248,249,250,251,252,253,254,255,256",0.000362024184211384,FALSE,0,0,1,0,17,0,17,0,0.944444444444444
"S.EB.b",31,500,0.33,"TRUE","TRUE","FALSE","18.0089187609217","9.00147784469833","9.00744091622342","2.209","0.146","1.371","1,2,3,4,5,6,7,8,9,248,249,250,251,252,253,254,255,256",0.000184142484033241,TRUE,0,0,0,0,18,0,18,0,1
"S.EB.b",32,500,0.33,"TRUE","TRUE","FALSE","18.0248888837322","9.02152081286984","9.00336807086233","2.125","0.155","1.481","1,2,3,4,5,6,7,8,9,248,249,250,251,252,253,254,255,256",0.000142765606516254,TRUE,0,0,0,0,18,0,18,0,1
"S.EB.b",33,500,0.33,"TRUE","TRUE","FALSE","17.2610594689255","8.258882958966","9.00217650995955","2.275","0.157","1.456","1,2,3,4,5,6,7,8,9,248,249,250,251,252,253,254,255,256",0.00018952885366125,TRUE,0,0,0,0,18,0,18,0,1
"S.EB.b",34,500,0.33,"TRUE","TRUE","FALSE","17.1710836270139","8.16770467705252","9.00337894996141","2.092","0.143","1.343","2,3,4,5,6,7,8,9,248,249,250,251,252,253,254,255,256",0.000596545803430228,FALSE,0,0,1,0,17,0,17,0,0.944444444444444
"S.EB.b",35,500,0.33,"TRUE","TRUE","FALSE","17.1147020499173","8.11094030969767","9.00376174021958","2.028","0.15","1.348","2,3,4,5,6,7,8,9,248,249,250,251,252,253,254,255,256",0.000442023269728299,FALSE,0,0,1,0,17,0,17,0,0.944444444444444
"S.EB.b",36,500,0.33,"TRUE","TRUE","FALSE","18.0002627595048","8.99797402764624","9.0022887318586","2.233","0.159","1.382","1,2,3,4,5,6,7,8,9,248,249,250,251,252,253,254,255,256",0.000298913656702739,TRUE,0,0,0,0,18,0,18,0,1
"S.EB.b",37,500,0.33,"TRUE","TRUE","FALSE","17.1093931776672","8.10530304335274","9.00409013431445","2.141","0.156","1.44","2,3,4,5,6,7,8,9,248,249,250,251,252,253,254,255,256",0.000375148601728125,FALSE,0,0,1,0,17,0,17,0,0.944444444444444
"S.EB.b",38,500,0.33,"TRUE","TRUE","FALSE","18.0346073202595","9.03222904201117","9.00237827824829","2.646","0.146","1.478","1,2,3,4,5,6,7,8,9,181,248,249,250,251,252,253,254,255,256",0.000568370938309122,FALSE,1,0,0,0,19,1,18,0.0526315789473684,1
"S.EB.b",39,500,0.33,"TRUE","TRUE","FALSE","18.0923143129572","9.08704298827036","9.0052713246868","2.187","0.158","1.488","1,2,3,4,5,6,7,8,9,248,249,250,251,252,253,254,255,256",0.000449079579206696,TRUE,0,0,0,0,18,0,18,0,1
"S.EB.b",4,500,0.33,"TRUE","TRUE","FALSE","17.9863491638971","8.98297653794724","9.0033726259499","2.222","0.17","1.423","1,2,3,4,5,6,7,8,9,248,249,250,251,252,253,254,255,256",0.000301872179510553,TRUE,0,0,0,0,18,0,18,0,1
"S.EB.b",40,500,0.33,"TRUE","TRUE","FALSE","17.271155119994","8.26715821035207","9.00399690964191","2.297","0.163","1.661","2,3,4,5,6,7,8,9,220,248,249,250,251,252,253,254,255,256",0.000563259893290603,FALSE,1,0,1,0,18,1,17,0.0555555555555556,0.944444444444444
"S.EB.b",41,500,0.33,"TRUE","TRUE","FALSE","17.5995616130588","8.59672052155839","9.00284109150041","2.424","0.153","1.297","1,2,3,4,5,6,7,8,9,60,248,249,250,251,252,253,254,255,256",0.000556813664036088,FALSE,1,0,0,0,19,1,18,0.0526315789473684,1
"S.EB.b",42,500,0.33,"TRUE","TRUE","FALSE","17.2280159663491","8.22443432762599","9.00358163872309","2.226","0.149","1.385","2,3,4,5,6,7,8,9,248,249,250,251,252,253,254,255,256",0.000448581033593395,FALSE,0,0,1,0,17,0,17,0,0.944444444444444
"S.EB.b",43,500,0.33,"TRUE","TRUE","FALSE","17.1809606868823","8.16847071012182","9.01248997676048","2.155","0.155","1.597","2,3,4,5,6,7,8,9,248,249,250,251,252,253,254,255,256,257",0.000620756589137564,FALSE,0,1,1,0,18,1,17,0.0555555555555556,0.944444444444444
"S.EB.b",44,500,0.33,"TRUE","TRUE","FALSE","17.9881176006563","8.98330427925872","9.00481332139758","1.995","0.156","1.354","1,2,3,4,5,6,7,8,9,248,249,250,251,252,253,254,255,256",0.000372375627979385,TRUE,0,0,0,0,18,0,18,0,1
"S.EB.b",45,500,0.33,"TRUE","TRUE","FALSE","17.1394553505286","8.13267767683437","9.00677767369418","2.055","0.156","1.538","2,3,4,5,6,7,8,9,248,249,250,251,252,253,254,255,256",0.000387450568868762,FALSE,0,0,1,0,17,0,17,0,0.944444444444444
"S.EB.b",46,500,0.33,"TRUE","TRUE","FALSE","17.1785558281904","8.17397278068592","9.00458304750449","2.254","0.159","1.47","2,3,4,5,6,7,8,9,248,249,250,251,252,253,254,255,256",0.000389294305831292,FALSE,0,0,1,0,17,0,17,0,0.944444444444444
"S.EB.b",47,500,0.33,"TRUE","TRUE","FALSE","17.6264402357165","8.62294677140577","9.00349346431074","2.657","0.154","1.435","2,3,4,5,6,7,8,9,94,248,249,250,251,252,253,254,255,256",0.000609651843768256,FALSE,1,0,1,0,18,1,17,0.0555555555555556,0.944444444444444
"S.EB.b",48,500,0.33,"TRUE","TRUE","FALSE","17.1117809485258","8.10951100747243","9.00226994105341","2.004","0.161","1.468","2,3,4,5,6,7,8,9,248,249,250,251,252,253,254,255,256",0.000316883144717252,FALSE,0,0,1,0,17,0,17,0,0.944444444444444
"S.EB.b",49,500,0.33,"TRUE","TRUE","FALSE","17.1483811880805","8.13982169427004","9.00855949381046","1.998","0.147","1.41","2,3,4,5,6,7,8,9,248,249,250,251,252,253,254,255,256,258",0.000591394135295508,FALSE,0,1,1,0,18,1,17,0.0555555555555556,0.944444444444444
"S.EB.b",5,500,0.33,"TRUE","TRUE","FALSE","17.1125860990758","8.11010267052788","9.00248342854793","2.062","0.151","1.426","2,3,4,5,6,7,8,9,248,249,250,251,252,253,254,255,256",0.000355912406736371,FALSE,0,0,1,0,17,0,17,0,0.944444444444444
"S.EB.b",50,500,0.33,"TRUE","TRUE","FALSE","17.1764782701719","8.17271002556221","9.00376824460968","2.23","0.167","1.365","2,3,4,5,6,7,8,9,248,249,250,251,252,253,254,255,256",0.000424551335307511,FALSE,0,0,1,0,17,0,17,0,0.944444444444444
"S.EB.b",51,500,0.33,"TRUE","TRUE","FALSE","17.2201458768291","8.21391935251827","9.0062265243108","2.17","0.156","1.462","2,3,4,5,6,7,8,9,248,249,250,251,252,253,254,255,256",0.000365501420000074,FALSE,0,0,1,0,17,0,17,0,0.944444444444444
"S.EB.b",52,500,0.33,"TRUE","TRUE","FALSE","17.1737437083657","8.16825302526042","9.00549068310524","2.062","0.152","2.18","2,3,4,5,6,7,8,9,248,249,250,251,252,253,254,255,256",0.000385542166359981,FALSE,0,0,1,0,17,0,17,0,0.944444444444444
"S.EB.b",53,500,0.33,"TRUE","TRUE","FALSE","17.1506725085924","8.14534609960789","9.0053264089845","2.145","0.152","1.573","2,3,4,5,6,7,8,9,248,249,250,251,252,253,254,255,256",0.000311706643526607,FALSE,0,0,1,0,17,0,17,0,0.944444444444444
"S.EB.b",54,500,0.33,"TRUE","TRUE","FALSE","17.5676450123924","8.56488483081879","9.00276018157359","2.442","0.172","1.367","1,2,3,4,5,6,7,8,9,248,249,250,251,252,253,254,255,256",0.000320522893354139,TRUE,0,0,0,0,18,0,18,0,1
"S.EB.b",55,500,0.33,"TRUE","TRUE","FALSE","17.1774180652535","8.17491823260018","9.00249983265334","1.958","0.137","1.27","2,3,4,5,6,7,8,9,248,249,250,251,252,253,254,255,256",0.000312249034580383,FALSE,0,0,1,0,17,0,17,0,0.944444444444444
"S.EB.b",56,500,0.33,"TRUE","TRUE","FALSE","17.1331984964075","8.1306068179945","9.00259167841304","1.977","0.145","1.296","2,3,4,5,6,7,8,9,248,249,250,251,252,253,254,255,256",0.000395268814301375,FALSE,0,0,1,0,17,0,17,0,0.944444444444444
"S.EB.b",57,500,0.33,"TRUE","TRUE","FALSE","17.1500352291498","8.14501445280375","9.00502077634604","1.963","0.144","1.281","2,3,4,5,6,7,8,9,248,249,250,251,252,253,254,255,256",0.000647617292026094,FALSE,0,0,1,0,17,0,17,0,0.944444444444444
"S.EB.b",58,500,0.33,"TRUE","TRUE","FALSE","17.1023314359051","8.09667444358797","9.00565699231714","1.824","0.138","1.341","2,3,4,5,6,7,8,9,248,249,250,251,252,253,254,255,256",0.000338755590252874,FALSE,0,0,1,0,17,0,17,0,0.944444444444444
"S.EB.b",59,500,0.33,"TRUE","TRUE","FALSE","18.0910955833827","9.08192074847073","9.00917483491201","3.232","0.149","1.524","1,2,3,4,5,6,7,8,9,43,146,248,249,250,251,252,253,254,255,256,267",0.000825015753584041,FALSE,2,1,0,0,21,3,18,0.142857142857143,1
"S.EB.b",6,500,0.33,"TRUE","TRUE","FALSE","17.112228210396","8.10941089417083","9.00281731622517","2.019","0.155","1.385","2,3,4,5,6,7,8,9,248,249,250,251,252,253,254,255,256",0.000445660055110533,FALSE,0,0,1,0,17,0,17,0,0.944444444444444
"S.EB.b",60,500,0.33,"TRUE","TRUE","FALSE","17.1359460513142","8.13251231178431","9.00343373952986","1.92","0.139","1.372","2,3,4,5,6,7,8,9,248,249,250,251,252,253,254,255,256",0.000425981808393214,FALSE,0,0,1,0,17,0,17,0,0.944444444444444
"S.EB.b",61,500,0.33,"TRUE","TRUE","FALSE","17.3233522581462","8.2495273067142","9.07382495143196","2.351","0.146","1.377","2,3,4,5,6,7,8,9,241,248,249,250,251,252,253,254,255,256,259",0.000746297551159914,FALSE,1,1,1,0,19,2,17,0.105263157894737,0.944444444444444
"S.EB.b",62,500,0.33,"TRUE","TRUE","FALSE","17.1282583616255","8.1231339436905","9.00512441793503","2.145","0.143","1.363","2,3,4,5,6,7,8,9,248,249,250,251,252,253,254,255,256",0.000279596601918508,FALSE,0,0,1,0,17,0,17,0,0.944444444444444
"S.EB.b",63,500,0.33,"TRUE","TRUE","FALSE","17.9637581278032","8.96030335749203","9.00345477031122","2.199","0.147","1.369","1,2,3,4,5,6,7,8,9,248,249,250,251,252,253,254,255,256",0.00031835104390239,TRUE,0,0,0,0,18,0,18,0,1
"S.EB.b",64,500,0.33,"TRUE","TRUE","FALSE","17.2028402788174","8.19748446068495","9.00535581813245","2.12","0.135","1.366","2,3,4,5,6,7,8,9,248,249,250,251,252,253,254,255,256",0.000282625252514317,FALSE,0,0,1,0,17,0,17,0,0.944444444444444
"S.EB.b",65,500,0.33,"TRUE","TRUE","FALSE","17.6899902107456","8.68561711228023","9.00437309846536","2.127","0.143","1.319","1,2,3,4,5,6,7,8,9,248,249,250,251,252,253,254,255,256",0.000197079321490163,TRUE,0,0,0,0,18,0,18,0,1
"S.EB.b",66,500,0.33,"TRUE","TRUE","FALSE","17.1276589351859","8.12496700899251","9.00269192619344","1.974","0.14","1.365","2,3,4,5,6,7,8,9,248,249,250,251,252,253,254,255,256",0.000433904217285079,FALSE,0,0,1,0,17,0,17,0,0.944444444444444
"S.EB.b",67,500,0.33,"TRUE","TRUE","FALSE","17.2247018958885","8.22185458503318","9.00284731085533","2.045","0.132","1.412","2,3,4,5,6,7,8,9,248,249,250,251,252,253,254,255,256",0.00033049253712832,FALSE,0,0,1,0,17,0,17,0,0.944444444444444
"S.EB.b",68,500,0.33,"TRUE","TRUE","FALSE","17.3656102804623","8.36164052796644","9.00396975249588","2.233","0.139","1.304","1,2,3,4,5,6,7,8,9,177,248,249,250,251,252,253,254,255,256",0.000369568316511633,FALSE,1,0,0,0,19,1,18,0.0526315789473684,1
"S.EB.b",69,500,0.33,"TRUE","TRUE","FALSE","17.1074603421427","8.10340586416378","9.00405447797896","1.932","0.152","1.442","2,3,4,5,6,7,8,9,248,249,250,251,252,253,254,255,256",0.000395022472442776,FALSE,0,0,1,0,17,0,17,0,0.944444444444444
"S.EB.b",7,500,0.33,"TRUE","TRUE","FALSE","17.3418341278931","8.33758444563385","9.00424968225922","2.366","0.154","1.567","1,2,3,4,5,6,7,8,9,248,249,250,251,252,253,254,255,256",0.000267837904327281,TRUE,0,0,0,0,18,0,18,0,1
"S.EB.b",70,500,0.33,"TRUE","TRUE","FALSE","17.1106460927484","8.10412614457504","9.00651994817339","2.133","0.16","1.355","2,3,4,5,6,7,8,9,248,249,250,251,252,253,254,255,256",0.000324316657449224,FALSE,0,0,1,0,17,0,17,0,0.944444444444444
"S.EB.b",71,500,0.33,"TRUE","TRUE","FALSE","18.5476356719122","9.54509143193969","9.00254423997247","2.795","0.174","1.589","1,2,3,4,5,6,7,8,9,10,248,249,250,251,252,253,254,255,256",0.000518734441063885,FALSE,1,0,0,0,19,1,18,0.0526315789473684,1
"S.EB.b",72,500,0.33,"TRUE","TRUE","FALSE","17.1775370348659","8.17340182376545","9.00413521110048","2.349","0.178","1.588","2,3,4,5,6,7,8,9,248,249,250,251,252,253,254,255,256",0.000415453848635124,FALSE,0,0,1,0,17,0,17,0,0.944444444444444
"S.EB.b",73,500,0.33,"TRUE","TRUE","FALSE","17.5406461201908","8.53494156025863","9.00570455993213","2.328","0.14","1.334","1,2,3,4,5,6,7,8,9,248,249,250,251,252,253,254,255,256",0.00015078653708074,TRUE,0,0,0,0,18,0,18,0,1
"S.EB.b",74,500,0.33,"TRUE","TRUE","FALSE","17.1616156945614","8.15680541225125","9.00481028231011","1.939","0.142","1.259","2,3,4,5,6,7,8,9,248,249,250,251,252,253,254,255,256",0.000303393696547111,FALSE,0,0,1,0,17,0,17,0,0.944444444444444
"S.EB.b",75,500,0.33,"TRUE","TRUE","FALSE","17.1634051464016","8.16127597497353","9.00212917142808","1.95","0.133","1.242","2,3,4,5,6,7,8,9,248,249,250,251,252,253,254,255,256",0.000424654914702243,FALSE,0,0,1,0,17,0,17,0,0.944444444444444
"S.EB.b",76,500,0.33,"TRUE","TRUE","FALSE","17.1737392955067","8.17036397201577","9.00337532349089","2.057","0.135","1.289","2,3,4,5,6,7,8,9,248,249,250,251,252,253,254,255,256",0.000319276288995268,FALSE,0,0,1,0,17,0,17,0,0.944444444444444
"S.EB.b",77,500,0.33,"TRUE","TRUE","FALSE","17.1247327567933","8.12198318188388","9.00274957490945","1.995","0.144","1.414","2,3,4,5,6,7,8,9,248,249,250,251,252,253,254,255,256",0.000385232128423404,FALSE,0,0,1,0,17,0,17,0,0.944444444444444
"S.EB.b",78,500,0.33,"TRUE","TRUE","FALSE","17.5175891894766","8.50771463950029","9.00987454997635","2.507","0.174","1.502","1,2,3,4,5,6,7,8,9,248,249,250,251,252,253,254,255,256,263",0.000364717672119175,FALSE,0,1,0,0,19,1,18,0.0526315789473684,1
"S.EB.b",79,500,0.33,"TRUE","TRUE","FALSE","17.1100664622817","8.10691765725875","9.00314880502297","2.029","0.145","1.403","2,3,4,5,6,7,8,9,248,249,250,251,252,253,254,255,256",0.000329827127737443,FALSE,0,0,1,0,17,0,17,0,0.944444444444444
"S.EB.b",8,500,0.33,"TRUE","TRUE","FALSE","17.1535050970226","8.14912436598133","9.00438073104127","2.131","0.153","1.519","2,3,4,5,6,7,8,9,248,249,250,251,252,253,254,255,256",0.000285903183357704,FALSE,0,0,1,0,17,0,17,0,0.944444444444444
"S.EB.b",80,500,0.33,"TRUE","TRUE","FALSE","17.9572855999538","8.94892915294584","9.00835644700793","2.129","0.14","1.397","1,2,3,4,5,6,7,8,9,248,249,250,251,252,253,254,255,256,265",0.000254577586485445,FALSE,0,1,0,0,19,1,18,0.0526315789473684,1
"S.EB.b",81,500,0.33,"TRUE","TRUE","FALSE","17.1046504799425","8.09872710503686","9.0059233749056","1.944","0.141","1.332","2,3,4,5,6,7,8,9,248,249,250,251,252,253,254,255,256",0.000386377826668143,FALSE,0,0,1,0,17,0,17,0,0.944444444444444
"S.EB.b",82,500,0.33,"TRUE","TRUE","FALSE","17.1535849799791","8.14940600080497","9.00417897917411","1.975","0.147","1.392","2,3,4,5,6,7,8,9,248,249,250,251,252,253,254,255,256",0.000504681674936766,FALSE,0,0,1,0,17,0,17,0,0.944444444444444
"S.EB.b",83,500,0.33,"TRUE","TRUE","FALSE","17.1551561647382","8.14879117567052","9.00636498906766","2.114","0.15","1.388","2,3,4,5,6,7,8,9,248,249,250,251,252,253,254,255,256",0.000444309056163575,FALSE,0,0,1,0,17,0,17,0,0.944444444444444
"S.EB.b",84,500,0.33,"TRUE","TRUE","FALSE","17.8877289552536","8.8838181683428","9.00391078691076","2.25","0.142","1.529","1,2,3,4,5,6,7,8,9,248,249,250,251,252,253,254,255,256",0.000269227739755696,TRUE,0,0,0,0,18,0,18,0,1
"S.EB.b",85,500,0.33,"TRUE","TRUE","FALSE","17.9611256600158","8.95840224421704","9.00272341579875","2.275","0.142","1.388","1,2,3,4,5,6,7,8,9,248,249,250,251,252,253,254,255,256",0.000416877152779276,TRUE,0,0,0,0,18,0,18,0,1
"S.EB.b",86,500,0.33,"TRUE","TRUE","FALSE","17.1271123805572","8.12342565012437","9.0036867304328","1.928","0.136","1.249","2,3,4,5,6,7,8,9,248,249,250,251,252,253,254,255,256",0.000447449362220575,FALSE,0,0,1,0,17,0,17,0,0.944444444444444
"S.EB.b",87,500,0.33,"TRUE","TRUE","FALSE","17.1366286923034","8.13300632912919","9.00362236317422","2.097","0.139","1.249","2,3,4,5,6,7,8,9,248,249,250,251,252,253,254,255,256",0.000558183644968785,FALSE,0,0,1,0,17,0,17,0,0.944444444444444
"S.EB.b",88,500,0.33,"TRUE","TRUE","FALSE","17.2875365333816","8.28189590278286","9.00564063059872","2.14","0.137","1.291","2,3,4,5,6,7,8,9,22,248,249,250,251,252,253,254,255,256",0.000539424327628522,FALSE,1,0,1,0,18,1,17,0.0555555555555556,0.944444444444444
"S.EB.b",89,500,0.33,"TRUE","TRUE","FALSE","17.1281850072897","8.11980284936253","9.00838215792719","2.042","0.141","1.437","2,3,4,5,6,7,8,9,248,249,250,251,252,253,254,255,256",0.000383149131494855,FALSE,0,0,1,0,17,0,17,0,0.944444444444444
"S.EB.b",9,500,0.33,"TRUE","TRUE","FALSE","17.8444308829016","8.83955237002862","9.00487851287298","2.257","0.152","1.409","1,2,3,4,5,6,7,8,9,248,249,250,251,252,253,254,255,256",0.000349946618694142,TRUE,0,0,0,0,18,0,18,0,1
"S.EB.b",90,500,0.33,"TRUE","TRUE","FALSE","18.1739965973736","9.13664939849306","9.03734719888053","2.11","0.137","1.352","1,2,3,4,5,6,7,8,9,248,249,250,251,252,253,254,255,256,264",0.000417947983322096,FALSE,0,1,0,0,19,1,18,0.0526315789473684,1
"S.EB.b",91,500,0.33,"TRUE","TRUE","FALSE","17.9907683756757","8.9876452707293","9.00312310494642","2.335","0.139","1.251","1,2,3,4,5,6,7,8,9,210,248,249,250,251,252,253,254,255,256",0.000472222537004521,FALSE,1,0,0,0,19,1,18,0.0526315789473684,1
"S.EB.b",92,500,0.33,"TRUE","TRUE","FALSE","17.098358175268","8.09435763410258","9.00400054116541","2.07","0.144","1.44","2,3,4,5,6,7,8,9,248,249,250,251,252,253,254,255,256",0.000593269818960066,FALSE,0,0,1,0,17,0,17,0,0.944444444444444
"S.EB.b",93,500,0.33,"TRUE","TRUE","FALSE","17.2161127813532","8.21349259212485","9.00262018922832","2.069","0.147","1.438","1,2,3,4,5,6,7,8,9,248,249,250,251,252,253,254,255,256",0.000297962913475138,TRUE,0,0,0,0,18,0,18,0,1
"S.EB.b",94,500,0.33,"TRUE","TRUE","FALSE","17.0992083739993","8.0944444571568","9.0047639168425","2.013","0.146","1.383","2,3,4,5,6,7,8,9,248,249,250,251,252,253,254,255,256",0.000310715194693254,FALSE,0,0,1,0,17,0,17,0,0.944444444444444
"S.EB.b",95,500,0.33,"TRUE","TRUE","FALSE","17.9696945938657","8.96683092064196","9.00286367322372","2.315","0.149","1.372","1,2,3,4,5,6,7,8,9,248,249,250,251,252,253,254,255,256",0.000207044341576556,TRUE,0,0,0,0,18,0,18,0,1
"S.EB.b",96,500,0.33,"TRUE","TRUE","FALSE","17.3411041667171","8.33855671710035","9.00254744961678","2.19","0.202","1.669","1,2,3,4,5,6,7,8,9,248,249,250,251,252,253,254,255,256",0.00022691727044863,TRUE,0,0,0,0,18,0,18,0,1
"S.EB.b",97,500,0.33,"TRUE","TRUE","FALSE","17.38376248228","8.37903448629365","9.00472799598639","6.521","0.329","2.193","1,2,3,4,5,6,7,8,9,248,249,250,251,252,253,254,255,256",0.000212941914517741,TRUE,0,0,0,0,18,0,18,0,1
"S.EB.b",98,500,0.33,"TRUE","TRUE","FALSE","17.1781138746483","8.17507352006309","9.00304035458524","2.199","0.153","1.307","2,3,4,5,6,7,8,9,248,249,250,251,252,253,254,255,256",0.000385603764894169,FALSE,0,0,1,0,17,0,17,0,0.944444444444444
"S.EB.b",99,500,0.33,"TRUE","TRUE","FALSE","17.1544557402721","8.14714990269274","9.00730583757932","2.056","0.143","1.282","2,3,4,5,6,7,8,9,248,249,250,251,252,253,254,255,256",0.000457918460996761,FALSE,0,0,1,0,17,0,17,0,0.944444444444444
"scad.cv",1,500,0.33,"TRUE","TRUE","FALSE","17.1455541061817","8.13826398471392","9.00729012146774","2.158","0.147","1.445","2,3,4,5,6,7,8,9,139,248,249,250,251,252,253,254,255,256",0.00033302481922189,FALSE,1,0,1,0,18,1,17,0.0555555555555556,0.944444444444444
"scad.cv",10,500,0.33,"TRUE","TRUE","FALSE","17.1508192545221","8.14833357730955","9.00248567721258","2.159","0.153","1.492","2,3,4,5,6,7,8,9,248,249,250,251,252,253,254,255,256",0.000397006039408326,FALSE,0,0,1,0,17,0,17,0,0.944444444444444
"scad.cv",100,500,0.33,"TRUE","TRUE","FALSE","17.1393818535563","8.13589295687455","9.0034888966818","2.212","0.138","1.299","2,3,4,5,6,7,8,9,245,248,249,250,251,252,253,254,255,256",0.000461959242871659,FALSE,1,0,1,0,18,1,17,0.0555555555555556,0.944444444444444
"scad.cv",11,500,0.33,"TRUE","TRUE","FALSE","17.1015919342314","8.09168949425078","9.00990243998059","1.925","0.139","1.227","2,3,4,5,6,7,8,9,248,249,250,251,252,253,254,255,256",0.000364641370177571,FALSE,0,0,1,0,17,0,17,0,0.944444444444444
"scad.cv",12,500,0.33,"TRUE","TRUE","FALSE","17.2037948533411","8.20083320192105","9.00296165142","2.152","0.152","1.413","2,3,4,5,6,7,8,9,54,79,248,249,250,251,252,253,254,255,256",0.000377839292971196,FALSE,2,0,1,0,19,2,17,0.105263157894737,0.944444444444444
"scad.cv",13,500,0.33,"TRUE","TRUE","FALSE","17.156427870386","8.1534560394116","9.0029718309744","2.202","0.178","1.367","2,3,4,5,6,7,8,9,248,249,250,251,252,253,254,255,256",0.000391834442215894,FALSE,0,0,1,0,17,0,17,0,0.944444444444444
"scad.cv",14,500,0.33,"TRUE","TRUE","FALSE","18.1781364211478","9.1740196330185","9.00411678812928","2.12","0.149","1.305","1,2,3,4,5,6,7,8,9,12,110,140,169,189,235,248,249,250,251,252,253,254,255,256",0.000348425436928564,FALSE,6,0,0,0,24,6,18,0.25,1
"scad.cv",15,500,0.33,"TRUE","TRUE","FALSE","17.160445460272","8.15763216221862","9.0028132980534","2.175","0.154","1.529","1,2,3,4,5,6,7,8,9,161,248,249,250,251,252,253,254,255,256",0.000514943532314323,FALSE,1,0,0,0,19,1,18,0.0526315789473684,1
"scad.cv",16,500,0.33,"TRUE","TRUE","FALSE","17.1599205546079","8.1561414098638","9.00377914474412","2.182","0.154","1.398","1,2,3,4,5,6,7,8,9,167,248,249,250,251,252,253,254,255,256",0.000252983048662013,FALSE,1,0,0,0,19,1,18,0.0526315789473684,1
"scad.cv",17,500,0.33,"TRUE","TRUE","FALSE","17.7627516065184","8.75684366474275","9.00590794177563","2.553","0.148","1.497","1,2,3,4,5,6,7,8,9,69,71,78,80,114,124,139,180,192,194,218,232,248,249,250,251,252,253,254,255,256,265",0.00047722778842222,FALSE,12,1,0,0,31,13,18,0.419354838709677,1
"scad.cv",18,500,0.33,"TRUE","TRUE","FALSE","17.1668784103484","8.16336878431331","9.00350962603511","2.075","0.156","1.439","2,3,4,5,6,7,8,9,248,249,250,251,252,253,254,255,256",0.000421745634249413,FALSE,0,0,1,0,17,0,17,0,0.944444444444444
"scad.cv",19,500,0.33,"TRUE","TRUE","FALSE","17.1386148260822","8.13472407810069","9.00389074798148","2.054","0.152","1.471","1,2,3,4,5,6,7,8,9,48,50,150,248,249,250,251,252,253,254,255,256",0.000278309448372878,FALSE,3,0,0,0,21,3,18,0.142857142857143,1
"scad.cv",2,500,0.33,"TRUE","TRUE","FALSE","17.8925480718223","8.88591764365316","9.00663042816909","2.378","0.158","1.338","1,2,3,4,5,6,7,8,9,31,52,96,105,132,183,194,203,207,222,240,248,249,250,251,252,253,254,255,256,258",0.00030473303508181,FALSE,11,1,0,0,30,12,18,0.4,1
"scad.cv",20,500,0.33,"TRUE","TRUE","FALSE","17.1295224737526","8.12612512000204","9.00339735375059","2.008","0.152","1.417","2,3,4,5,6,7,8,9,248,249,250,251,252,253,254,255,256",0.000390186027493443,FALSE,0,0,1,0,17,0,17,0,0.944444444444444
"scad.cv",21,500,0.33,"TRUE","TRUE","FALSE","17.1645111944545","8.15860388409903","9.00590731035545","2.094","0.153","1.424","2,3,4,5,6,7,8,9,45,142,248,249,250,251,252,253,254,255,256",0.000418409444601344,FALSE,2,0,1,0,19,2,17,0.105263157894737,0.944444444444444
"scad.cv",22,500,0.33,"TRUE","TRUE","FALSE","17.4546085514095","8.45224406317597","9.00236448823351","2.261","0.162","1.417","1,2,3,4,5,6,7,8,9,70,102,112,133,172,248,249,250,251,252,253,254,255,256",0.000230911393148157,FALSE,5,0,0,0,23,5,18,0.217391304347826,1
"scad.cv",23,500,0.33,"TRUE","TRUE","FALSE","17.2578590230429","8.25476340468368","9.00309561835926","2.297","0.149","1.447","1,2,3,4,5,6,7,8,9,87,91,99,143,211,213,248,249,250,251,252,253,254,255,256",0.000410888888258289,FALSE,6,0,0,0,24,6,18,0.25,1
"scad.cv",24,500,0.33,"TRUE","TRUE","FALSE","17.1206479499651","8.1109792073869","9.00966874257816","2.092","0.158","1.461","2,3,4,5,6,7,8,9,248,249,250,251,252,253,254,255,256",0.000620144339529404,FALSE,0,0,1,0,17,0,17,0,0.944444444444444
"scad.cv",25,500,0.33,"TRUE","TRUE","FALSE","17.1048521776992","8.09959460292039","9.00525757477881","1.934","0.145","1.303","2,3,4,5,6,7,8,9,248,249,250,251,252,253,254,255,256",0.000367951616651956,FALSE,0,0,1,0,17,0,17,0,0.944444444444444
"scad.cv",26,500,0.33,"TRUE","TRUE","FALSE","17.1394160851059","8.13707975900268","9.0023363261032","1.941","0.147","1.385","1,2,3,4,5,6,7,8,9,141,248,249,250,251,252,253,254,255,256",0.000342513482816386,FALSE,1,0,0,0,19,1,18,0.0526315789473684,1
"scad.cv",27,500,0.33,"TRUE","TRUE","FALSE","17.1261063284969","8.1227954539208","9.0033108745761","2.07","0.149","1.403","2,3,4,5,6,7,8,9,248,249,250,251,252,253,254,255,256",0.00036617026018288,FALSE,0,0,1,0,17,0,17,0,0.944444444444444
"scad.cv",28,500,0.33,"TRUE","TRUE","FALSE","17.1915942155525","8.18636968627557","9.00522452927689","2.238","0.151","1.419","2,3,4,5,6,7,8,9,15,63,64,75,76,95,139,248,249,250,251,252,253,254,255,256,264",0.000589129116557398,FALSE,7,1,1,0,25,8,17,0.32,0.944444444444444
"scad.cv",29,500,0.33,"TRUE","TRUE","FALSE","17.3037514382324","8.297993528799","9.00575790943344","2.39","0.151","1.473","1,2,3,4,5,6,7,8,9,21,39,58,66,82,90,91,104,128,143,155,188,213,216,217,244,248,249,250,251,252,253,254,255,256",0.000453884034543052,FALSE,16,0,0,0,34,16,18,0.470588235294118,1
"scad.cv",3,500,0.33,"TRUE","TRUE","FALSE","17.0869663977917","8.08413188940097","9.00283450839073","1.999","0.146","1.36","2,3,4,5,6,7,8,9,248,249,250,251,252,253,254,255,256",0.00030770968219892,FALSE,0,0,1,0,17,0,17,0,0.944444444444444
"scad.cv",30,500,0.33,"TRUE","TRUE","FALSE","17.1775680803486","8.17470992767262","9.00285815267595","2.201","0.157","1.514","1,2,3,4,5,6,7,8,9,74,209,226,248,249,250,251,252,253,254,255,256",0.000377528169232787,FALSE,3,0,0,0,21,3,18,0.142857142857143,1
"scad.cv",31,500,0.33,"TRUE","TRUE","FALSE","18.0089187609217","9.00147784469833","9.00744091622342","2.209","0.146","1.371","1,2,3,4,5,6,7,8,9,156,201,235,237,248,249,250,251,252,253,254,255,256",0.000204864101890472,FALSE,4,0,0,0,22,4,18,0.181818181818182,1
"scad.cv",32,500,0.33,"TRUE","TRUE","FALSE","18.0248888837322","9.02152081286984","9.00336807086233","2.125","0.155","1.481","1,2,3,4,5,6,7,8,9,43,167,248,249,250,251,252,253,254,255,256",0.000152113837497142,FALSE,2,0,0,0,20,2,18,0.1,1
"scad.cv",33,500,0.33,"TRUE","TRUE","FALSE","17.2610594689255","8.258882958966","9.00217650995955","2.275","0.157","1.456","1,2,3,4,5,6,7,8,9,11,23,74,81,84,161,179,194,201,217,224,236,248,249,250,251,252,253,254,255,256",0.000269187228527628,FALSE,12,0,0,0,30,12,18,0.4,1
"scad.cv",34,500,0.33,"TRUE","TRUE","FALSE","17.1710836270139","8.16770467705252","9.00337894996141","2.092","0.143","1.343","1,2,3,4,5,6,7,8,9,45,248,249,250,251,252,253,254,255,256",0.000538903376926295,FALSE,1,0,0,0,19,1,18,0.0526315789473684,1
"scad.cv",35,500,0.33,"TRUE","TRUE","FALSE","17.1147020499173","8.11094030969767","9.00376174021958","2.028","0.15","1.348","2,3,4,5,6,7,8,9,248,249,250,251,252,253,254,255,256",0.000445682128167822,FALSE,0,0,1,0,17,0,17,0,0.944444444444444
"scad.cv",36,500,0.33,"TRUE","TRUE","FALSE","18.0002627595048","8.99797402764624","9.0022887318586","2.233","0.159","1.382","1,2,3,4,5,6,7,8,9,25,84,90,183,190,248,249,250,251,252,253,254,255,256",0.000324801985856512,FALSE,5,0,0,0,23,5,18,0.217391304347826,1
"scad.cv",37,500,0.33,"TRUE","TRUE","FALSE","17.1093931776672","8.10530304335274","9.00409013431445","2.141","0.156","1.44","2,3,4,5,6,7,8,9,88,248,249,250,251,252,253,254,255,256",0.000381692416266494,FALSE,1,0,1,0,18,1,17,0.0555555555555556,0.944444444444444
"scad.cv",38,500,0.33,"TRUE","TRUE","FALSE","18.0346073202595","9.03222904201117","9.00237827824829","2.646","0.146","1.478","1,2,3,4,5,6,7,8,9,12,44,100,132,148,181,233,235,248,249,250,251,252,253,254,255,256",0.000422647912794177,FALSE,8,0,0,0,26,8,18,0.307692307692308,1
"scad.cv",39,500,0.33,"TRUE","TRUE","FALSE","18.0923143129572","9.08704298827036","9.0052713246868","2.187","0.158","1.488","1,2,3,4,5,6,7,8,9,36,38,107,110,142,150,199,201,203,204,248,249,250,251,252,253,254,255,256",0.000460310080525002,FALSE,10,0,0,0,28,10,18,0.357142857142857,1
"scad.cv",4,500,0.33,"TRUE","TRUE","FALSE","17.9863491638971","8.98297653794724","9.0033726259499","2.222","0.17","1.423","1,2,3,4,5,6,7,8,9,63,93,117,156,158,178,179,180,201,248,249,250,251,252,253,254,255,256",0.000326736159003181,FALSE,9,0,0,0,27,9,18,0.333333333333333,1
"scad.cv",40,500,0.33,"TRUE","TRUE","FALSE","17.271155119994","8.26715821035207","9.00399690964191","2.297","0.163","1.661","2,3,4,5,6,7,8,9,30,32,220,230,248,249,250,251,252,253,254,255,256",0.000371853620770955,FALSE,4,0,1,0,21,4,17,0.19047619047619,0.944444444444444
"scad.cv",41,500,0.33,"TRUE","TRUE","FALSE","17.5995616130588","8.59672052155839","9.00284109150041","2.424","0.153","1.297","1,2,3,4,5,6,7,8,9,60,77,84,103,107,145,184,191,194,195,198,200,248,249,250,251,252,253,254,255,256,260",0.000535149767308012,FALSE,12,1,0,0,31,13,18,0.419354838709677,1
"scad.cv",42,500,0.33,"TRUE","TRUE","FALSE","17.2280159663491","8.22443432762599","9.00358163872309","2.226","0.149","1.385","2,3,4,5,6,7,8,9,248,249,250,251,252,253,254,255,256",0.000453097107569472,FALSE,0,0,1,0,17,0,17,0,0.944444444444444
"scad.cv",43,500,0.33,"TRUE","TRUE","FALSE","17.1809606868823","8.16847071012182","9.01248997676048","2.155","0.155","1.597","2,3,4,5,6,7,8,9,248,249,250,251,252,253,254,255,256",0.00056732818360947,FALSE,0,0,1,0,17,0,17,0,0.944444444444444
"scad.cv",44,500,0.33,"TRUE","TRUE","FALSE","17.9881176006563","8.98330427925872","9.00481332139758","1.995","0.156","1.354","1,2,3,4,5,6,7,8,9,36,132,162,164,190,248,249,250,251,252,253,254,255,256",0.000368533335857031,FALSE,5,0,0,0,23,5,18,0.217391304347826,1
"scad.cv",45,500,0.33,"TRUE","TRUE","FALSE","17.1394553505286","8.13267767683437","9.00677767369418","2.055","0.156","1.538","1,2,3,4,5,6,7,8,9,248,249,250,251,252,253,254,255,256",0.000341124822364544,TRUE,0,0,0,0,18,0,18,0,1
"scad.cv",46,500,0.33,"TRUE","TRUE","FALSE","17.1785558281904","8.17397278068592","9.00458304750449","2.254","0.159","1.47","2,3,4,5,6,7,8,9,14,30,150,156,165,195,214,245,248,249,250,251,252,253,254,255,256",0.000448653801222013,FALSE,8,0,1,0,25,8,17,0.32,0.944444444444444
"scad.cv",47,500,0.33,"TRUE","TRUE","FALSE","17.6264402357165","8.62294677140577","9.00349346431074","2.657","0.154","1.435","1,2,3,4,5,6,7,8,9,47,52,71,94,95,142,158,248,249,250,251,252,253,254,255,256",0.000367465802073104,FALSE,7,0,0,0,25,7,18,0.28,1
"scad.cv",48,500,0.33,"TRUE","TRUE","FALSE","17.1117809485258","8.10951100747243","9.00226994105341","2.004","0.161","1.468","2,3,4,5,6,7,8,9,248,249,250,251,252,253,254,255,256",0.000315325193547294,FALSE,0,0,1,0,17,0,17,0,0.944444444444444
"scad.cv",49,500,0.33,"TRUE","TRUE","FALSE","17.1483811880805","8.13982169427004","9.00855949381046","1.998","0.147","1.41","2,3,4,5,6,7,8,9,248,249,250,251,252,253,254,255,256",0.000470809133944909,FALSE,0,0,1,0,17,0,17,0,0.944444444444444
"scad.cv",5,500,0.33,"TRUE","TRUE","FALSE","17.1125860990758","8.11010267052788","9.00248342854793","2.062","0.151","1.426","2,3,4,5,6,7,8,9,248,249,250,251,252,253,254,255,256",0.000350813324929581,FALSE,0,0,1,0,17,0,17,0,0.944444444444444
"scad.cv",50,500,0.33,"TRUE","TRUE","FALSE","17.1764782701719","8.17271002556221","9.00376824460968","2.23","0.167","1.365","1,2,3,4,5,6,7,8,9,45,122,196,218,248,249,250,251,252,253,254,255,256",0.000401444898978027,FALSE,4,0,0,0,22,4,18,0.181818181818182,1
"scad.cv",51,500,0.33,"TRUE","TRUE","FALSE","17.2201458768291","8.21391935251827","9.0062265243108","2.17","0.156","1.462","1,2,3,4,5,6,7,8,9,22,122,170,248,249,250,251,252,253,254,255,256",0.000300887446540702,FALSE,3,0,0,0,21,3,18,0.142857142857143,1
"scad.cv",52,500,0.33,"TRUE","TRUE","FALSE","17.1737437083657","8.16825302526042","9.00549068310524","2.062","0.152","2.18","2,3,4,5,6,7,8,9,87,203,248,249,250,251,252,253,254,255,256",0.000382680601634811,FALSE,2,0,1,0,19,2,17,0.105263157894737,0.944444444444444
"scad.cv",53,500,0.33,"TRUE","TRUE","FALSE","17.1506725085924","8.14534609960789","9.0053264089845","2.145","0.152","1.573","2,3,4,5,6,7,8,9,248,249,250,251,252,253,254,255,256",0.000313708074448242,FALSE,0,0,1,0,17,0,17,0,0.944444444444444
"scad.cv",54,500,0.33,"TRUE","TRUE","FALSE","17.5676450123924","8.56488483081879","9.00276018157359","2.442","0.172","1.367","1,2,3,4,5,6,7,8,9,248,249,250,251,252,253,254,255,256",0.000338312568937218,TRUE,0,0,0,0,18,0,18,0,1
"scad.cv",55,500,0.33,"TRUE","TRUE","FALSE","17.1774180652535","8.17491823260018","9.00249983265334","1.958","0.137","1.27","1,2,3,4,5,6,7,8,9,248,249,250,251,252,253,254,255,256",0.00024543642775865,TRUE,0,0,0,0,18,0,18,0,1
"scad.cv",56,500,0.33,"TRUE","TRUE","FALSE","17.1331984964075","8.1306068179945","9.00259167841304","1.977","0.145","1.296","2,3,4,5,6,7,8,9,248,249,250,251,252,253,254,255,256",0.000405291537209012,FALSE,0,0,1,0,17,0,17,0,0.944444444444444
"scad.cv",57,500,0.33,"TRUE","TRUE","FALSE","17.1500352291498","8.14501445280375","9.00502077634604","1.963","0.144","1.281","2,3,4,5,6,7,8,9,248,249,250,251,252,253,254,255,256",0.000660563314252214,FALSE,0,0,1,0,17,0,17,0,0.944444444444444
"scad.cv",58,500,0.33,"TRUE","TRUE","FALSE","17.1023314359051","8.09667444358797","9.00565699231714","1.824","0.138","1.341","2,3,4,5,6,7,8,9,248,249,250,251,252,253,254,255,256",0.000338424672018269,FALSE,0,0,1,0,17,0,17,0,0.944444444444444
"scad.cv",59,500,0.33,"TRUE","TRUE","FALSE","18.0910955833827","9.08192074847073","9.00917483491201","3.232","0.149","1.524","1,2,3,4,5,6,7,8,9,28,38,40,43,44,47,49,61,70,75,82,89,135,146,155,168,173,175,201,233,248,249,250,251,252,253,254,255,256,267",0.000887462840734531,FALSE,20,1,0,0,39,21,18,0.538461538461538,1
"scad.cv",6,500,0.33,"TRUE","TRUE","FALSE","17.112228210396","8.10941089417083","9.00281731622517","2.019","0.155","1.385","2,3,4,5,6,7,8,9,248,249,250,251,252,253,254,255,256",0.000438781305844376,FALSE,0,0,1,0,17,0,17,0,0.944444444444444
"scad.cv",60,500,0.33,"TRUE","TRUE","FALSE","17.1359460513142","8.13251231178431","9.00343373952986","1.92","0.139","1.372","1,2,3,4,5,6,7,8,9,248,249,250,251,252,253,254,255,256",0.000394112591040446,TRUE,0,0,0,0,18,0,18,0,1
"scad.cv",61,500,0.33,"TRUE","TRUE","FALSE","17.3233522581462","8.2495273067142","9.07382495143196","2.351","0.146","1.377","1,2,3,4,5,6,7,8,9,92,97,110,125,188,241,248,249,250,251,252,253,254,255,256,259",0.00040057652213893,FALSE,6,1,0,0,25,7,18,0.28,1
"scad.cv",62,500,0.33,"TRUE","TRUE","FALSE","17.1282583616255","8.1231339436905","9.00512441793503","2.145","0.143","1.363","2,3,4,5,6,7,8,9,248,249,250,251,252,253,254,255,256",0.000278555584183905,FALSE,0,0,1,0,17,0,17,0,0.944444444444444
"scad.cv",63,500,0.33,"TRUE","TRUE","FALSE","17.9637581278032","8.96030335749203","9.00345477031122","2.199","0.147","1.369","1,2,3,4,5,6,7,8,9,88,105,106,150,156,205,223,248,249,250,251,252,253,254,255,256",0.000337280619856049,FALSE,7,0,0,0,25,7,18,0.28,1
"scad.cv",64,500,0.33,"TRUE","TRUE","FALSE","17.2028402788174","8.19748446068495","9.00535581813245","2.12","0.135","1.366","1,2,3,4,5,6,7,8,9,78,104,120,204,248,249,250,251,252,253,254,255,256,265",0.000261807007314697,FALSE,4,1,0,0,23,5,18,0.217391304347826,1
"scad.cv",65,500,0.33,"TRUE","TRUE","FALSE","17.6899902107456","8.68561711228023","9.00437309846536","2.127","0.143","1.319","1,2,3,4,5,6,7,8,9,16,19,39,57,75,90,109,146,183,199,248,249,250,251,252,253,254,255,256,260",0.000237592075114778,FALSE,10,1,0,0,29,11,18,0.379310344827586,1
"scad.cv",66,500,0.33,"TRUE","TRUE","FALSE","17.1276589351859","8.12496700899251","9.00269192619344","1.974","0.14","1.365","1,2,3,4,5,6,7,8,9,243,248,249,250,251,252,253,254,255,256",0.00038529570208519,FALSE,1,0,0,0,19,1,18,0.0526315789473684,1
"scad.cv",67,500,0.33,"TRUE","TRUE","FALSE","17.2247018958885","8.22185458503318","9.00284731085533","2.045","0.132","1.412","1,2,3,4,5,6,7,8,9,70,75,90,103,199,235,248,249,250,251,252,253,254,255,256",0.000250406319029895,FALSE,6,0,0,0,24,6,18,0.25,1
"scad.cv",68,500,0.33,"TRUE","TRUE","FALSE","17.3656102804623","8.36164052796644","9.00396975249588","2.233","0.139","1.304","1,2,3,4,5,6,7,8,9,35,139,145,154,177,203,221,231,233,248,249,250,251,252,253,254,255,256",0.000278869970771796,FALSE,9,0,0,0,27,9,18,0.333333333333333,1
"scad.cv",69,500,0.33,"TRUE","TRUE","FALSE","17.1074603421427","8.10340586416378","9.00405447797896","1.932","0.152","1.442","2,3,4,5,6,7,8,9,248,249,250,251,252,253,254,255,256",0.000394197512614514,FALSE,0,0,1,0,17,0,17,0,0.944444444444444
"scad.cv",7,500,0.33,"TRUE","TRUE","FALSE","17.3418341278931","8.33758444563385","9.00424968225922","2.366","0.154","1.567","1,2,3,4,5,6,7,8,9,12,60,89,127,145,228,241,248,249,250,251,252,253,254,255,256",0.000265792324728304,FALSE,7,0,0,0,25,7,18,0.28,1
"scad.cv",70,500,0.33,"TRUE","TRUE","FALSE","17.1106460927484","8.10412614457504","9.00651994817339","2.133","0.16","1.355","2,3,4,5,6,7,8,9,248,249,250,251,252,253,254,255,256",0.000326838172350523,FALSE,0,0,1,0,17,0,17,0,0.944444444444444
"scad.cv",71,500,0.33,"TRUE","TRUE","FALSE","18.5476356719122","9.54509143193969","9.00254423997247","2.795","0.174","1.589","1,2,3,4,5,6,7,8,9,10,23,27,36,42,47,74,84,103,105,148,173,214,244,247,248,249,250,251,252,253,254,255,256",0.000547674517011204,FALSE,15,0,0,0,33,15,18,0.454545454545455,1
"scad.cv",72,500,0.33,"TRUE","TRUE","FALSE","17.1775370348659","8.17340182376545","9.00413521110048","2.349","0.178","1.588","1,2,3,4,5,6,7,8,9,13,29,60,88,110,130,168,189,237,248,249,250,251,252,253,254,255,256",0.0004768653007311,FALSE,9,0,0,0,27,9,18,0.333333333333333,1
"scad.cv",73,500,0.33,"TRUE","TRUE","FALSE","17.5406461201908","8.53494156025863","9.00570455993213","2.328","0.14","1.334","1,2,3,4,5,6,7,8,9,65,82,136,157,184,239,248,249,250,251,252,253,254,255,256,259",0.000177632937170691,FALSE,6,1,0,0,25,7,18,0.28,1
"scad.cv",74,500,0.33,"TRUE","TRUE","FALSE","17.1616156945614","8.15680541225125","9.00481028231011","1.939","0.142","1.259","2,3,4,5,6,7,8,9,248,249,250,251,252,253,254,255,256",0.000303953508318144,FALSE,0,0,1,0,17,0,17,0,0.944444444444444
"scad.cv",75,500,0.33,"TRUE","TRUE","FALSE","17.1634051464016","8.16127597497353","9.00212917142808","1.95","0.133","1.242","2,3,4,5,6,7,8,9,248,249,250,251,252,253,254,255,256",0.000424373016724608,FALSE,0,0,1,0,17,0,17,0,0.944444444444444
"scad.cv",76,500,0.33,"TRUE","TRUE","FALSE","17.1737392955067","8.17036397201577","9.00337532349089","2.057","0.135","1.289","2,3,4,5,6,7,8,9,68,248,249,250,251,252,253,254,255,256",0.00032186177083971,FALSE,1,0,1,0,18,1,17,0.0555555555555556,0.944444444444444
"scad.cv",77,500,0.33,"TRUE","TRUE","FALSE","17.1247327567933","8.12198318188388","9.00274957490945","1.995","0.144","1.414","2,3,4,5,6,7,8,9,248,249,250,251,252,253,254,255,256",0.000382687983459865,FALSE,0,0,1,0,17,0,17,0,0.944444444444444
"scad.cv",78,500,0.33,"TRUE","TRUE","FALSE","17.5175891894766","8.50771463950029","9.00987454997635","2.507","0.174","1.502","1,2,3,4,5,6,7,8,9,104,122,124,125,155,156,195,199,200,247,248,249,250,251,252,253,254,255,256,262,263",0.000291135613544425,FALSE,10,2,0,0,30,12,18,0.4,1
"scad.cv",79,500,0.33,"TRUE","TRUE","FALSE","17.1100664622817","8.10691765725875","9.00314880502297","2.029","0.145","1.403","2,3,4,5,6,7,8,9,248,249,250,251,252,253,254,255,256",0.000330751872055431,FALSE,0,0,1,0,17,0,17,0,0.944444444444444
"scad.cv",8,500,0.33,"TRUE","TRUE","FALSE","17.1535050970226","8.14912436598133","9.00438073104127","2.131","0.153","1.519","2,3,4,5,6,7,8,9,248,249,250,251,252,253,254,255,256",0.000287851426150719,FALSE,0,0,1,0,17,0,17,0,0.944444444444444
"scad.cv",80,500,0.33,"TRUE","TRUE","FALSE","17.9572855999538","8.94892915294584","9.00835644700793","2.129","0.14","1.397","1,2,3,4,5,6,7,8,9,226,248,249,250,251,252,253,254,255,256,265",0.000152078169454289,FALSE,1,1,0,0,20,2,18,0.1,1
"scad.cv",81,500,0.33,"TRUE","TRUE","FALSE","17.1046504799425","8.09872710503686","9.0059233749056","1.944","0.141","1.332","2,3,4,5,6,7,8,9,248,249,250,251,252,253,254,255,256",0.000389341011705801,FALSE,0,0,1,0,17,0,17,0,0.944444444444444
"scad.cv",82,500,0.33,"TRUE","TRUE","FALSE","17.1535849799791","8.14940600080497","9.00417897917411","1.975","0.147","1.392","2,3,4,5,6,7,8,9,248,249,250,251,252,253,254,255,256",0.000503629654694525,FALSE,0,0,1,0,17,0,17,0,0.944444444444444
"scad.cv",83,500,0.33,"TRUE","TRUE","FALSE","17.1551561647382","8.14879117567052","9.00636498906766","2.114","0.15","1.388","2,3,4,5,6,7,8,9,248,249,250,251,252,253,254,255,256",0.000444430736989016,FALSE,0,0,1,0,17,0,17,0,0.944444444444444
"scad.cv",84,500,0.33,"TRUE","TRUE","FALSE","17.8877289552536","8.8838181683428","9.00391078691076","2.25","0.142","1.529","1,2,3,4,5,6,7,8,9,248,249,250,251,252,253,254,255,256",0.000323011513370338,TRUE,0,0,0,0,18,0,18,0,1
"scad.cv",85,500,0.33,"TRUE","TRUE","FALSE","17.9611256600158","8.95840224421704","9.00272341579875","2.275","0.142","1.388","1,2,3,4,5,6,7,8,9,11,15,52,63,80,82,164,182,196,225,229,248,249,250,251,252,253,254,255,256",0.000467450353653796,FALSE,11,0,0,0,29,11,18,0.379310344827586,1
"scad.cv",86,500,0.33,"TRUE","TRUE","FALSE","17.1271123805572","8.12342565012437","9.0036867304328","1.928","0.136","1.249","2,3,4,5,6,7,8,9,108,248,249,250,251,252,253,254,255,256",0.000453768868300266,FALSE,1,0,1,0,18,1,17,0.0555555555555556,0.944444444444444
"scad.cv",87,500,0.33,"TRUE","TRUE","FALSE","17.1366286923034","8.13300632912919","9.00362236317422","2.097","0.139","1.249","2,3,4,5,6,7,8,9,248,249,250,251,252,253,254,255,256",0.000547017090736865,FALSE,0,0,1,0,17,0,17,0,0.944444444444444
"scad.cv",88,500,0.33,"TRUE","TRUE","FALSE","17.2875365333816","8.28189590278286","9.00564063059872","2.14","0.137","1.291","1,2,3,4,5,6,7,8,9,22,248,249,250,251,252,253,254,255,256",0.000299765022197196,FALSE,1,0,0,0,19,1,18,0.0526315789473684,1
"scad.cv",89,500,0.33,"TRUE","TRUE","FALSE","17.1281850072897","8.11980284936253","9.00838215792719","2.042","0.141","1.437","2,3,4,5,6,7,8,9,248,249,250,251,252,253,254,255,256",0.000384392248382843,FALSE,0,0,1,0,17,0,17,0,0.944444444444444
"scad.cv",9,500,0.33,"TRUE","TRUE","FALSE","17.8444308829016","8.83955237002862","9.00487851287298","2.257","0.152","1.409","1,2,3,4,5,6,7,8,9,67,211,235,248,249,250,251,252,253,254,255,256",0.000328579082156577,FALSE,3,0,0,0,21,3,18,0.142857142857143,1
"scad.cv",90,500,0.33,"TRUE","TRUE","FALSE","18.1739965973736","9.13664939849306","9.03734719888053","2.11","0.137","1.352","1,2,3,4,5,6,7,8,9,94,95,131,140,200,219,248,249,250,251,252,253,254,255,256,261,264",0.000307999691718395,FALSE,6,2,0,0,26,8,18,0.307692307692308,1
"scad.cv",91,500,0.33,"TRUE","TRUE","FALSE","17.9907683756757","8.9876452707293","9.00312310494642","2.335","0.139","1.251","1,2,3,4,5,6,7,8,9,248,249,250,251,252,253,254,255,256",0.000371059579193289,TRUE,0,0,0,0,18,0,18,0,1
"scad.cv",92,500,0.33,"TRUE","TRUE","FALSE","17.098358175268","8.09435763410258","9.00400054116541","2.07","0.144","1.44","2,3,4,5,6,7,8,9,17,248,249,250,251,252,253,254,255,256",0.000595939939566694,FALSE,1,0,1,0,18,1,17,0.0555555555555556,0.944444444444444
"scad.cv",93,500,0.33,"TRUE","TRUE","FALSE","17.2161127813532","8.21349259212485","9.00262018922832","2.069","0.147","1.438","1,2,3,4,5,6,7,8,9,154,248,249,250,251,252,253,254,255,256",0.000409788051328096,FALSE,1,0,0,0,19,1,18,0.0526315789473684,1
"scad.cv",94,500,0.33,"TRUE","TRUE","FALSE","17.0992083739993","8.0944444571568","9.0047639168425","2.013","0.146","1.383","2,3,4,5,6,7,8,9,248,249,250,251,252,253,254,255,256",0.000310203257405603,FALSE,0,0,1,0,17,0,17,0,0.944444444444444
"scad.cv",95,500,0.33,"TRUE","TRUE","FALSE","17.9696945938657","8.96683092064196","9.00286367322372","2.315","0.149","1.372","1,2,3,4,5,6,7,8,9,44,137,162,164,248,249,250,251,252,253,254,255,256",0.000217440615462903,FALSE,4,0,0,0,22,4,18,0.181818181818182,1
"scad.cv",96,500,0.33,"TRUE","TRUE","FALSE","17.3411041667171","8.33855671710035","9.00254744961678","2.19","0.202","1.669","1,2,3,4,5,6,7,8,9,122,131,158,210,248,249,250,251,252,253,254,255,256",0.00030257059902703,FALSE,4,0,0,0,22,4,18,0.181818181818182,1
"scad.cv",97,500,0.33,"TRUE","TRUE","FALSE","17.38376248228","8.37903448629365","9.00472799598639","6.521","0.329","2.193","1,2,3,4,5,6,7,8,9,16,43,159,181,188,226,248,249,250,251,252,253,254,255,256",0.000222559580095851,FALSE,6,0,0,0,24,6,18,0.25,1
"scad.cv",98,500,0.33,"TRUE","TRUE","FALSE","17.1781138746483","8.17507352006309","9.00304035458524","2.199","0.153","1.307","1,2,3,4,5,6,7,8,9,122,193,210,248,249,250,251,252,253,254,255,256",0.000372036507444095,FALSE,3,0,0,0,21,3,18,0.142857142857143,1
"scad.cv",99,500,0.33,"TRUE","TRUE","FALSE","17.1544557402721","8.14714990269274","9.00730583757932","2.056","0.143","1.282","1,2,3,4,5,6,7,8,9,28,38,76,139,181,241,248,249,250,251,252,253,254,255,256",0.000388305299965748,FALSE,6,0,0,0,24,6,18,0.25,1
