"method","sim","n","betamin","is.true.model.intop.kappa.o","is.true.model.intop.kappa.oplusLASSO","is.s.hat.nan","s.hat","s0.hat","s1.hat","time.l0","time.lasso.cv","time.scad.cv","sel.model","est.mse","recovery","nb.tI","nb.tII","est.size","FP","TP","FDR","power"
"EBIC",1,100,0.33,"TRUE","TRUE","FALSE","11.5924367400067","11.0949779748337","0.497458765173065","1.407","0.048","0.076","1,2,3,4,5,6,8,9,10,11,12,13,14",0.0031641393383163,FALSE,0,1,13,0,13,0,0.928571428571429
"EBIC",10,100,0.33,"FALSE","FALSE","FALSE","9.76785326135247","9.26811547220852","0.499737789143949","1.08","0.049","0.068","1,2,3,4,5,6,8,10,11,12,14",0.00704986620058735,FALSE,0,3,11,0,11,0,0.785714285714286
"EBIC",100,100,0.33,"FALSE","FALSE","FALSE","10.2351384468549","8.39860498016227","1.83653346669258","1.295","0.046","0.068","1,2,3,5,6,10,11,12,14,26,59,99",0.0187479744439832,FALSE,3,5,12,3,9,0.25,0.642857142857143
"EBIC",11,100,0.33,"FALSE","FALSE","FALSE","8.81757390249955","7.47098118270807","1.34659271979149","1.285","0.049","0.07","1,2,3,4,5,6,7,9,10,11,12,13,14",0.00321512585107256,FALSE,0,1,13,0,13,0,0.928571428571429
"EBIC",12,100,0.33,"FALSE","FALSE","FALSE","11.130169273999","10.7059034072529","0.424265866746088","0.921","0.05","0.067","1,2,3,4,5,6,7,10,11,12,13,14",0.00435692388216984,FALSE,0,2,12,0,12,0,0.857142857142857
"EBIC",13,100,0.33,"FALSE","FALSE","FALSE","10.6146316982724","10.1949896413895","0.419642056882918","1.02","0.051","0.071","1,2,3,4,5,6,8,9,10,11,12,13,14",0.00178078864771889,FALSE,0,1,13,0,13,0,0.928571428571429
"EBIC",14,100,0.33,"FALSE","FALSE","FALSE","8.43540804772388","7.59376641492112","0.841641632802762","1.49","0.057","0.075","2,4,5,6,7,9,10,11,12,13,69",0.0209653623636094,FALSE,1,4,11,1,10,0.0909090909090909,0.714285714285714
"EBIC",15,100,0.33,"FALSE","FALSE","FALSE","11.6676339594215","8.60687344356575","3.06076051585579","1.574","0.056","0.086","1,2,3,5,6,8,10,12,13,14,37,42,75,145",0.0178885620799473,FALSE,4,4,14,4,10,0.285714285714286,0.714285714285714
"EBIC",16,100,0.33,"FALSE","FALSE","FALSE","9.33003155752637","8.94891834000629","0.381113217520079","0.643","0.047","0.071","1,3,5,6,10,11,12,13,14,135",0.0133704843894999,FALSE,1,5,10,1,9,0.1,0.642857142857143
"EBIC",17,100,0.33,"FALSE","FALSE","FALSE","9.27981317575427","7.68669673191295","1.59311644384131","1.083","0.05","0.077","1,2,3,4,5,6,10,11,12,14,42,109",0.0120551910658431,FALSE,2,4,12,2,10,0.166666666666667,0.714285714285714
"EBIC",18,100,0.33,"FALSE","FALSE","FALSE","11.046525466974","8.95598819953727","2.09053726743675","1.857","0.054","0.085","1,2,3,4,5,6,8,10,11,12,13,14,15,16,30,108",0.00816680520188784,FALSE,4,2,16,4,12,0.25,0.857142857142857
"EBIC",19,100,0.33,"FALSE","FALSE","FALSE","10.2771454553051","9.30045945070013","0.976686004604954","1.142","0.052","0.078","1,2,4,5,6,9,10,11,12,13,14,124",0.00908622149971715,FALSE,1,3,12,1,11,0.0833333333333333,0.785714285714286
"EBIC",2,100,0.33,"FALSE","FALSE","FALSE","9.58313009626961","7.44322173923908","2.13990835703054","1.788","0.053","0.088","1,3,5,6,10,12,13,14,71,107,148",0.0265444215471108,FALSE,3,6,11,3,8,0.272727272727273,0.571428571428571
"EBIC",20,100,0.33,"FALSE","FALSE","FALSE","10.4765296271474","8.97470770861519","1.50182191853226","0.845","0.05","0.069","1,3,5,6,10,11,12,13,14,63,91,102",0.0149001309604309,FALSE,3,5,12,3,9,0.25,0.642857142857143
"EBIC",21,100,0.33,"FALSE","FALSE","FALSE","10.1058563227124","9.45972127558454","0.646135047127898","1.112","0.051","0.073","1,2,3,4,5,6,8,10,11,12,14",0.00692028668652916,FALSE,0,3,11,0,11,0,0.785714285714286
"EBIC",22,100,0.33,"FALSE","FALSE","FALSE","10.4400139244654","9.17270032161354","1.26731360285182","1.108","0.051","0.074","1,2,3,5,6,8,10,11,12,14,42,135,148",0.0159712658746887,FALSE,3,4,13,3,10,0.230769230769231,0.714285714285714
"EBIC",23,100,0.33,"FALSE","FALSE","FALSE","9.70219118986327","9.24605431732963","0.456136872533645","1.121","0.052","0.073","1,2,3,4,5,6,10,11,12,13,14,132,158",0.00903656642601859,FALSE,2,3,13,2,11,0.153846153846154,0.785714285714286
"EBIC",24,100,0.33,"FALSE","FALSE","FALSE","10.9672496334113","9.71799110059212","1.2492585328192","0.919","0.05","0.071","1,2,4,5,6,8,9,10,11,12,92,149",0.0165646164808228,FALSE,2,4,12,2,10,0.166666666666667,0.714285714285714
"EBIC",25,100,0.33,"FALSE","FALSE","FALSE","9.44982604736879","8.9343329744992","0.515493072869591","0.838","0.052","0.081","1,3,5,6,10,11,12,13,14",0.0132202420171641,FALSE,0,5,9,0,9,0,0.642857142857143
"EBIC",26,100,0.33,"FALSE","FALSE","FALSE","8.77572144647243","8.07454049743316","0.70118094903927","0.919","0.051","0.065","1,3,5,6,10,12,13,14,152",0.022174693474039,FALSE,1,6,9,1,8,0.111111111111111,0.571428571428571
"EBIC",27,100,0.33,"FALSE","FALSE","FALSE","10.4962201127883","9.70463342872475","0.791586684063536","1.112","0.049","0.087","1,2,4,5,6,9,10,11,12,13,103",0.0132838335957389,FALSE,1,4,11,1,10,0.0909090909090909,0.714285714285714
"EBIC",28,100,0.33,"FALSE","FALSE","FALSE","10.1318618663188","9.14311773833621","0.988744127982587","1.409","0.048","0.071","1,2,4,5,6,8,9,10,11,12,13,14,63,99,133",0.0100584878577965,FALSE,3,2,15,3,12,0.2,0.857142857142857
"EBIC",29,100,0.33,"FALSE","FALSE","FALSE","10.036669591413","8.50907910756997","1.52759048384303","1.285","0.051","0.08","1,3,4,5,6,8,10,12,13,14,20,152",0.0141497124714272,FALSE,2,4,12,2,10,0.166666666666667,0.714285714285714
"EBIC",3,100,0.33,"FALSE","FALSE","FALSE","10.8518128825263","10.5554619347936","0.296350947732668","0.782","0.053","0.077","1,2,3,4,5,6,8,10,11,12,14",0.00903910191940866,FALSE,0,3,11,0,11,0,0.785714285714286
"EBIC",30,100,0.33,"FALSE","FALSE","FALSE","9.32573292197749","8.33300761764172","0.992725304335776","0.889","0.049","0.068","1,2,3,4,5,6,8,10,11,12,14,81",0.0086477490888638,FALSE,1,3,12,1,11,0.0833333333333333,0.785714285714286
"EBIC",31,100,0.33,"FALSE","FALSE","FALSE","8.95695918965987","8.35869986795278","0.598259321707088","1.015","0.058","0.082","2,4,5,6,7,8,9,10,11,12,13",0.0151313652028981,FALSE,0,3,11,0,11,0,0.785714285714286
"EBIC",32,100,0.33,"FALSE","FALSE","FALSE","9.34181275084827","8.47061261124529","0.871200139602974","1.428","0.05","0.075","1,2,4,5,6,7,9,10,11,12,13,14",0.00642513328513173,FALSE,0,2,12,0,12,0,0.857142857142857
"EBIC",33,100,0.33,"FALSE","FALSE","FALSE","10.1476056797915","9.55238869012611","0.595216989665385","1.034","0.046","0.072","1,3,4,5,6,7,8,10,11,12,13,14,146",0.00635334057427346,FALSE,1,2,13,1,12,0.0769230769230769,0.857142857142857
"EBIC",34,100,0.33,"FALSE","FALSE","FALSE","10.4971140295259","9.7151188134603","0.781995216065569","1.072","0.052","0.065","1,2,3,4,5,6,10,11,12,13,24,110,142",0.0123441722249304,FALSE,3,4,13,3,10,0.230769230769231,0.714285714285714
"EBIC",35,100,0.33,"FALSE","FALSE","FALSE","11.4146454425816","9.88204909812748","1.53259634445413","1.111","0.054","0.075","1,2,4,5,6,9,10,11,12,13,77,134,138,164",0.0165001273101137,FALSE,4,4,14,4,10,0.285714285714286,0.714285714285714
"EBIC",36,100,0.33,"FALSE","FALSE","FALSE","9.10907911633759","8.35648570588926","0.752593410448328","0.851","0.045","0.068","1,3,5,6,8,10,11,12,14,26",0.0192068524377216,FALSE,1,5,10,1,9,0.1,0.642857142857143
"EBIC",37,100,0.33,"FALSE","FALSE","FALSE","9.41315754675706","8.56981716622172","0.843340380535349","1.049","0.048","0.063","1,2,3,4,5,6,8,10,11,12,13,14",0.00469537835136335,FALSE,0,2,12,0,12,0,0.857142857142857
"EBIC",38,100,0.33,"FALSE","FALSE","FALSE","10.3203309044361","8.36399600746256","1.95633489697354","1.275","0.055","0.078","1,3,5,6,10,11,12,13,14,16,85",0.0154759809005214,FALSE,2,5,11,2,9,0.181818181818182,0.642857142857143
"EBIC",39,100,0.33,"FALSE","FALSE","FALSE","9.49823901624473","8.0318564405883","1.46638257565643","1.553","0.057","0.085","1,3,4,5,6,7,10,11,12,13,14",0.00649649264073041,FALSE,0,3,11,0,11,0,0.785714285714286
"EBIC",4,100,0.33,"FALSE","FALSE","FALSE","9.7408590201535","8.79647319736048","0.944385822793012","0.926","0.05","0.074","1,2,3,4,5,6,7,10,11,12,13,14,44",0.00448361172063602,FALSE,1,2,13,1,12,0.0769230769230769,0.857142857142857
"EBIC",40,100,0.33,"FALSE","FALSE","FALSE","8.96025493198104","8.30764408987704","0.652610842103991","1.326","0.053","0.081","1,2,3,4,5,6,7,10,11,12,13,14",0.00486908652892049,FALSE,0,2,12,0,12,0,0.857142857142857
"EBIC",41,100,0.33,"FALSE","FALSE","FALSE","10.5722661467719","10.2602736664843","0.311992480287591","1.015","0.048","0.072","1,2,3,4,5,6,8,9,10,11,12,13,88",0.00793262479565934,FALSE,1,2,13,1,12,0.0769230769230769,0.857142857142857
"EBIC",42,100,0.33,"FALSE","FALSE","FALSE","9.94409706046252","9.16686821249228","0.777228847970238","1.297","0.05","0.079","1,2,3,4,5,6,7,8,10,11,12,14,113",0.00612039152855547,FALSE,1,2,13,1,12,0.0769230769230769,0.857142857142857
"EBIC",43,100,0.33,"FALSE","FALSE","FALSE","9.28582766401426","8.63928915932499","0.646538504689268","0.906","0.046","0.073","1,2,3,5,6,10,11,12,13,14,115",0.0130924135669052,FALSE,1,4,11,1,10,0.0909090909090909,0.714285714285714
"EBIC",44,100,0.33,"FALSE","FALSE","FALSE","10.8075473312771","10.5071682053038","0.300379125973355","0.966","0.047","0.071","1,2,3,4,5,6,7,9,10,11,12,13,14,62,137",0.00716791476986965,FALSE,2,1,15,2,13,0.133333333333333,0.928571428571429
"EBIC",45,100,0.33,"FALSE","FALSE","FALSE","10.4615028979385","9.49123980228508","0.970263095653447","1.652","0.056","0.079","2,3,4,5,6,7,8,10,11,12,14,81,92,136",0.0134682971467978,FALSE,3,3,14,3,11,0.214285714285714,0.785714285714286
"EBIC",46,100,0.33,"FALSE","FALSE","FALSE","9.64156732417505","8.29709190565259","1.34447541852246","1.31","0.053","0.08","1,2,3,5,6,10,11,12,13,14,18,82",0.0123702883239485,FALSE,2,4,12,2,10,0.166666666666667,0.714285714285714
"EBIC",47,100,0.33,"TRUE","TRUE","FALSE","11.3244279573117","10.8100053925121","0.514422564799666","1.012","0.048","0.059","1,2,3,4,5,6,8,10,11,12,14,78,143",0.0108998962997036,FALSE,2,3,13,2,11,0.153846153846154,0.785714285714286
"EBIC",48,100,0.33,"FALSE","FALSE","FALSE","9.79987312522627","9.33992710341109","0.459946021815175","1.107","0.046","0.072","1,2,3,4,5,6,7,8,9,10,11,12,13,14,144",0.00227689301842197,FALSE,1,0,15,1,14,0.0666666666666667,1
"EBIC",49,100,0.33,"FALSE","FALSE","FALSE","10.9580152266903","9.41265511229799","1.54536011439234","1.571","0.051","0.075","1,2,4,5,6,10,11,12,13,14,70,74,77,89,91,144",0.0172238069570156,FALSE,6,4,16,6,10,0.375,0.714285714285714
"EBIC",5,100,0.33,"FALSE","FALSE","FALSE","8.81353977807005","8.15967565797811","0.653864120091946","1.25","0.046","0.076","1,2,3,4,5,6,8,9,10,11,12,13,14",0.00237674253678022,FALSE,0,1,13,0,13,0,0.928571428571429
"EBIC",50,100,0.33,"FALSE","FALSE","FALSE","8.98593006493083","8.47197556143831","0.513954503492515","0.925","0.048","0.066","1,2,3,5,6,8,10,11,14",0.0228856329428893,FALSE,0,5,9,0,9,0,0.642857142857143
"EBIC",51,100,0.33,"FALSE","FALSE","FALSE","8.56731036322373","7.56258903012299","1.00472133310074","1.174","0.049","0.077","1,3,5,6,10,11,12,13,14,58,149",0.0161637944020008,FALSE,2,5,11,2,9,0.181818181818182,0.642857142857143
"EBIC",52,100,0.33,"TRUE","TRUE","FALSE","10.9109462794951","9.85835980629781","1.05258647319724","1.515","0.046","0.071","2,3,4,5,6,7,8,9,10,11,12,13,14,133,137",0.00822039558686313,FALSE,2,1,15,2,13,0.133333333333333,0.928571428571429
"EBIC",53,100,0.33,"FALSE","FALSE","FALSE","8.92498596275407","8.25233499184307","0.672650970910999","1.1","0.049","0.073","1,2,3,4,5,6,10,11,12,13,14",0.00608607289437936,FALSE,0,3,11,0,11,0,0.785714285714286
"EBIC",54,100,0.33,"FALSE","FALSE","FALSE","9.01784241054264","8.0997190276171","0.918123382925547","0.856","0.046","0.067","1,3,5,6,10,12,13,14,42",0.0210163519795065,FALSE,1,6,9,1,8,0.111111111111111,0.571428571428571
"EBIC",55,100,0.33,"FALSE","FALSE","FALSE","9.55926723677468","9.19966886823211","0.359598368542573","0.815","0.045","0.065","1,3,4,5,6,7,10,11,12,13,14,133",0.00833119341741016,FALSE,1,3,12,1,11,0.0833333333333333,0.785714285714286
"EBIC",56,100,0.33,"FALSE","FALSE","FALSE","9.98228309032157","9.47201961357628","0.510263476745294","1.283","0.048","0.073","1,2,3,4,5,6,7,9,10,11,12,13,14",0.00208052433168351,FALSE,0,1,13,0,13,0,0.928571428571429
"EBIC",57,100,0.33,"FALSE","FALSE","FALSE","9.14473183183278","8.44979942735607","0.694932404476713","1.396","0.05","0.07","1,2,3,4,5,6,9,10,11,12,13",0.00824163609562378,FALSE,0,3,11,0,11,0,0.785714285714286
"EBIC",58,100,0.33,"FALSE","FALSE","FALSE","10.1865978107722","7.94467286899461","2.24192494177759","1.579","0.053","0.086","1,2,3,5,6,10,11,12,13,14,82,94,115",0.0175826465273038,FALSE,3,4,13,3,10,0.230769230769231,0.714285714285714
"EBIC",59,100,0.33,"FALSE","FALSE","FALSE","9.39569768175751","8.73239699094489","0.66330069081262","2.242","0.046","0.058","1,3,4,5,6,7,10,11,12,13,14,53",0.00684687431770992,FALSE,1,3,12,1,11,0.0833333333333333,0.785714285714286
"EBIC",6,100,0.33,"TRUE","TRUE","FALSE","10.7264137734273","10.1638993279107","0.562514445516634","1.167","0.048","0.071","1,2,3,4,5,6,7,8,10,11,12,14,92",0.00713655382612785,FALSE,1,2,13,1,12,0.0769230769230769,0.857142857142857
"EBIC",60,100,0.33,"FALSE","FALSE","FALSE","11.0760913444142","9.85121622299579","1.22487512141841","1.441","0.05","0.067","2,3,4,5,6,9,10,11,12,13,14,16,107,129",0.0116824407356556,FALSE,3,3,14,3,11,0.214285714285714,0.785714285714286
"EBIC",61,100,0.33,"FALSE","FALSE","FALSE","9.72699671012172","7.54684913377856","2.18014757634316","1.628","0.053","0.084","1,3,5,6,10,12,13,14,16,36,42,121",0.0257735427634881,FALSE,4,6,12,4,8,0.333333333333333,0.571428571428571
"EBIC",62,100,0.33,"TRUE","TRUE","FALSE","9.76799590591407","9.29673506742463","0.471260838489433","0.98","0.045","0.073","1,2,3,4,5,6,7,8,9,10,11,12,13,14",0.00184722662756141,TRUE,0,0,14,0,14,0,1
"EBIC",63,100,0.33,"FALSE","FALSE","FALSE","8.76789180074803","7.81773054364275","0.950161257105283","1.087","0.049","0.072","1,3,5,6,10,11,12,14,42,121",0.021889653440275,FALSE,2,6,10,2,8,0.2,0.571428571428571
"EBIC",64,100,0.33,"FALSE","FALSE","FALSE","9.41767639011548","8.50060480680656","0.917071583308919","0.95","0.047","0.065","1,3,4,5,6,10,11,12,13,14,16,96",0.0107338736755845,FALSE,2,4,12,2,10,0.166666666666667,0.714285714285714
"EBIC",65,100,0.33,"FALSE","FALSE","FALSE","9.27857486453491","8.87749430700593","0.401080557528979","0.988","0.048","0.063","1,3,4,5,6,7,10,11,12,13,14",0.00596904605362368,FALSE,0,3,11,0,11,0,0.785714285714286
"EBIC",66,100,0.33,"FALSE","FALSE","FALSE","11.6862977613944","9.74932008096301","1.93697768043138","1.194","0.047","0.073","1,2,4,5,6,9,10,11,12,13,14,32,127",0.0108696130444001,FALSE,2,3,13,2,11,0.153846153846154,0.785714285714286
"EBIC",67,100,0.33,"FALSE","FALSE","FALSE","9.9328499068419","9.40518725889453","0.527662647947373","0.859","0.051","0.061","1,2,3,4,5,6,8,10,11,12",0.0110390582428288,FALSE,0,4,10,0,10,0,0.714285714285714
"EBIC",68,100,0.33,"FALSE","FALSE","FALSE","9.42666568581024","9.05798174592397","0.368683939886265","0.681","0.049","0.064","1,2,4,5,6,10,11,12,13,14,114",0.0103864139912477,FALSE,1,4,11,1,10,0.0909090909090909,0.714285714285714
"EBIC",69,100,0.33,"FALSE","FALSE","FALSE","9.7224354246043","8.09684246131991","1.62559296328438","1.203","0.047","0.078","1,3,5,6,9,10,12,13,14,36,66",0.019901035935812,FALSE,2,5,11,2,9,0.181818181818182,0.642857142857143
"EBIC",7,100,0.33,"FALSE","FALSE","FALSE","10.4058412630845","10.1158346390346","0.290006624049996","0.871","0.046","0.07","1,2,3,4,5,6,9,10,11,12,13,14",0.00391910458103405,FALSE,0,2,12,0,12,0,0.857142857142857
"EBIC",70,100,0.33,"FALSE","FALSE","FALSE","9.39176940785114","7.50923765445783","1.88253175339331","1.036","0.054","0.081","1,3,5,6,10,11,12,13,14,129",0.0145412938087384,FALSE,1,5,10,1,9,0.1,0.642857142857143
"EBIC",71,100,0.33,"FALSE","FALSE","FALSE","9.1574010743769","7.39329646489182","1.76410460948508","0.808","0.048","0.066","1,3,4,5,6,10,11,12,13,14,53,143",0.0129130714365258,FALSE,2,4,12,2,10,0.166666666666667,0.714285714285714
"EBIC",72,100,0.33,"FALSE","FALSE","FALSE","9.68187291487721","8.31156937121954","1.37030354365767","1.383","0.046","0.076","1,2,3,4,5,6,10,11,12,13,14",0.00574999736020792,FALSE,0,3,11,0,11,0,0.785714285714286
"EBIC",73,100,0.33,"FALSE","FALSE","FALSE","10.4879965003456","9.96146621369076","0.526530286654801","0.796","0.049","0.072","1,3,4,5,6,9,10,11,12,13,14,65,89",0.0103307761667319,FALSE,2,3,13,2,11,0.153846153846154,0.785714285714286
"EBIC",74,100,0.33,"FALSE","FALSE","FALSE","9.56169895952763","8.45978418196602","1.10191477756161","1.265","0.047","0.073","1,2,3,5,6,10,11,12,13,14,41,68,76",0.0172435403574987,FALSE,3,4,13,3,10,0.230769230769231,0.714285714285714
"EBIC",75,100,0.33,"FALSE","FALSE","FALSE","9.2522079132149","8.74734932381039","0.504858589404514","1.179","0.045","0.068","1,2,3,4,5,6,7,8,9,10,11,12",0.00899977465614218,FALSE,0,2,12,0,12,0,0.857142857142857
"EBIC",76,100,0.33,"FALSE","FALSE","FALSE","9.54840198666859","8.23195732618908","1.31644466047951","0.793","0.045","0.058","1,3,5,6,10,11,12,14,49,152",0.0219410621809655,FALSE,2,6,10,2,8,0.2,0.571428571428571
"EBIC",77,100,0.33,"FALSE","FALSE","FALSE","9.55799696558914","9.09278894873169","0.465208016857446","0.751","0.045","0.071","1,2,4,5,6,7,9,10,11,12,14,47",0.0136086442355347,FALSE,1,3,12,1,11,0.0833333333333333,0.785714285714286
"EBIC",78,100,0.33,"FALSE","FALSE","FALSE","9.05988468928876","7.65731591729811","1.40256877199065","0.73","0.048","0.083","1,3,5,6,10,12,13,14,36",0.0240202651410645,FALSE,1,6,9,1,8,0.111111111111111,0.571428571428571
"EBIC",79,100,0.33,"FALSE","FALSE","FALSE","8.60301856475772","8.14389357534162","0.459124989416098","0.637","0.045","0.058","1,3,5,6,10,11,12,13,14,40,79,88",0.0193032492957035,FALSE,3,5,12,3,9,0.25,0.642857142857143
"EBIC",8,100,0.33,"FALSE","FALSE","FALSE","9.14072158013195","8.34796515555902","0.792756424572936","0.937","0.051","0.073","1,3,5,6,10,11,12,13,14,148",0.0156699818960369,FALSE,1,5,10,1,9,0.1,0.642857142857143
"EBIC",80,100,0.33,"FALSE","FALSE","FALSE","9.87348719284923","8.92691907306849","0.946568119780741","1.056","0.044","0.074","1,2,4,5,6,7,9,10,11,12,13,14,77",0.00823840302080136,FALSE,1,2,13,1,12,0.0769230769230769,0.857142857142857
"EBIC",81,100,0.33,"FALSE","FALSE","FALSE","10.0457724332536","9.44491718173224","0.600855251521308","0.931","0.045","0.068","1,2,4,5,6,8,9,10,11,12,13",0.010028607259879,FALSE,0,3,11,0,11,0,0.785714285714286
"EBIC",82,100,0.33,"FALSE","FALSE","FALSE","9.42354612060642","7.40195989044124","2.02158623016518","1.152","0.048","0.062","1,3,5,6,10,12,13,14,16,73",0.0249438292918821,FALSE,2,6,10,2,8,0.2,0.571428571428571
"EBIC",83,100,0.33,"FALSE","FALSE","FALSE","10.3897142165128","9.10307094718431","1.28664326932853","1.122","0.047","0.07","1,2,3,4,5,6,8,10,11,12,13,14,30,84",0.00921778970747482,FALSE,2,2,14,2,12,0.142857142857143,0.857142857142857
"EBIC",84,100,0.33,"FALSE","FALSE","FALSE","10.8576744408684","9.74497276470018","1.11270167616823","1.354","0.054","0.074","1,2,3,4,5,6,10,11,12,13,14,52",0.00645908621454674,FALSE,1,3,12,1,11,0.0833333333333333,0.785714285714286
"EBIC",85,100,0.33,"FALSE","FALSE","FALSE","8.56542179343892","6.35600911452205","2.20941267891687","1.937","0.052","0.082","1,9,10,12,13,14,15,31,32,44,162",0.0578043609144743,FALSE,5,8,11,5,6,0.454545454545455,0.428571428571429
"EBIC",86,100,0.33,"FALSE","FALSE","FALSE","9.68323625637772","8.74198826262","0.941247993757721","0.889","0.042","0.057","1,2,3,4,5,6,7,8,10,11,12,13,14",0.00232691872442497,FALSE,0,1,13,0,13,0,0.928571428571429
"EBIC",87,100,0.33,"FALSE","FALSE","FALSE","9.97983887413431","9.59789599681611","0.381942877318196","0.894","0.049","0.067","1,2,3,4,5,6,8,10,11,12",0.0114167661292902,FALSE,0,4,10,0,10,0,0.714285714285714
"EBIC",88,100,0.33,"FALSE","FALSE","FALSE","9.32702912468941","8.87149392609505","0.455535198594362","0.814","0.046","0.061","1,3,4,5,6,10,11,12,13,14",0.00899129012314029,FALSE,0,4,10,0,10,0,0.714285714285714
"EBIC",89,100,0.33,"FALSE","FALSE","FALSE","10.5359563553663","10.0558884983406","0.480067857025633","0.919","0.046","0.069","1,3,4,5,6,9,10,11,12,13,14",0.00813944630961227,FALSE,0,3,11,0,11,0,0.785714285714286
"EBIC",9,100,0.33,"FALSE","FALSE","FALSE","11.4699189693491","10.5150184741242","0.954900495224959","1.726","0.053","0.076","3,4,5,6,7,8,9,10,11,12,13,14,126",0.0089124021567706,FALSE,1,2,13,1,12,0.0769230769230769,0.857142857142857
"EBIC",90,100,0.33,"FALSE","FALSE","FALSE","9.07793585145078","8.1423373204303","0.935598531020475","0.863","0.044","0.065","1,2,3,5,6,10,11,12,13,14,42,82",0.0122940108285308,FALSE,2,4,12,2,10,0.166666666666667,0.714285714285714
"EBIC",91,100,0.33,"FALSE","FALSE","FALSE","9.31642768689171","8.5705567329155","0.74587095397621","0.79","0.046","0.068","1,3,5,6,10,11,12,13,14,94",0.0148656430786387,FALSE,1,5,10,1,9,0.1,0.642857142857143
"EBIC",92,100,0.33,"FALSE","FALSE","FALSE","8.82212927369573","8.25881052726775","0.563318746427984","0.88","0.044","0.062","1,3,4,5,6,10,11,12,13,14",0.0137423588426672,FALSE,0,4,10,0,10,0,0.714285714285714
"EBIC",93,100,0.33,"FALSE","FALSE","FALSE","9.30592519618381","7.09940241645296","2.20652277973085","1.529","0.055","0.086","1,2,4,5,6,7,8,9,10,11,12,13",0.00920097919238562,FALSE,0,2,12,0,12,0,0.857142857142857
"EBIC",94,100,0.33,"FALSE","FALSE","FALSE","9.40006704921584","8.11984529568084","1.280221753535","0.801","0.046","0.065","1,2,3,4,5,6,10,11,12,13,14,98",0.00902492264021829,FALSE,1,3,12,1,11,0.0833333333333333,0.785714285714286
"EBIC",95,100,0.33,"FALSE","FALSE","FALSE","10.2717959371299","8.68571873175909","1.5860772053708","1.613","0.059","0.074","2,3,4,5,6,8,9,10,11,12,13,38",0.0136768829442896,FALSE,1,3,12,1,11,0.0833333333333333,0.785714285714286
"EBIC",96,100,0.33,"FALSE","FALSE","FALSE","10.8388036583135","8.96995009748584","1.86885356082769","1.318","0.048","0.068","1,2,3,5,6,10,11,12,13,14,42,94,151",0.0110780877745137,FALSE,3,4,13,3,10,0.230769230769231,0.714285714285714
"EBIC",97,100,0.33,"FALSE","FALSE","FALSE","9.82684734043191","8.27379070934104","1.55305663109086","1.38","0.047","0.071","1,2,3,4,5,6,10,11,12,13,14,89",0.00647201612588337,FALSE,1,3,12,1,11,0.0833333333333333,0.785714285714286
"EBIC",98,100,0.33,"FALSE","FALSE","FALSE","9.21364126676695","8.00137958217278","1.21226168459417","1.287","0.048","0.07","1,3,5,6,10,11,12,14,19,49,98",0.0218904329713835,FALSE,3,6,11,3,8,0.272727272727273,0.571428571428571
"EBIC",99,100,0.33,"FALSE","FALSE","FALSE","9.28365291591022","9.0059904112206","0.27766250468962","0.535","0.052","0.071","3,4,5,6,7,9,11,12,13",0.0229171720673108,FALSE,0,5,9,0,9,0,0.642857142857143
"kappa.o",1,100,0.33,"TRUE","TRUE","FALSE","11.5924367400067","11.0949779748337","0.497458765173065","1.407","0.048","0.076","1,2,3,4,5,6,9,10,11,12,13,14",0.00459025208544842,FALSE,0,2,12,0,12,0,0.857142857142857
"kappa.o",10,100,0.33,"FALSE","FALSE","FALSE","9.76785326135247","9.26811547220852","0.499737789143949","1.08","0.049","0.068","1,3,5,6,8,10,11,12,14",0.0162696235547183,FALSE,0,5,9,0,9,0,0.642857142857143
"kappa.o",100,100,0.33,"FALSE","FALSE","FALSE","10.2351384468549","8.39860498016227","1.83653346669258","1.295","0.046","0.068","1,3,5,6,10,11,12,14,94",0.0204343327264928,FALSE,1,6,9,1,8,0.111111111111111,0.571428571428571
"kappa.o",11,100,0.33,"FALSE","FALSE","FALSE","8.81757390249955","7.47098118270807","1.34659271979149","1.285","0.049","0.07","1,3,5,6,10,12,13,14",0.024389400835445,FALSE,0,6,8,0,8,0,0.571428571428571
"kappa.o",12,100,0.33,"FALSE","FALSE","FALSE","11.130169273999","10.7059034072529","0.424265866746088","0.921","0.05","0.067","1,2,3,4,5,6,10,11,12,13,14",0.00636978816271784,FALSE,0,3,11,0,11,0,0.785714285714286
"kappa.o",13,100,0.33,"FALSE","FALSE","FALSE","10.6146316982724","10.1949896413895","0.419642056882918","1.02","0.051","0.071","1,3,4,5,6,10,11,12,13,14",0.00857107422077449,FALSE,0,4,10,0,10,0,0.714285714285714
"kappa.o",14,100,0.33,"FALSE","FALSE","FALSE","8.43540804772388","7.59376641492112","0.841641632802762","1.49","0.057","0.075","1,2,4,5,6,10,11,12",0.0201638278445644,FALSE,0,6,8,0,8,0,0.571428571428571
"kappa.o",15,100,0.33,"FALSE","FALSE","FALSE","11.6676339594215","8.60687344356575","3.06076051585579","1.574","0.056","0.086","1,2,3,5,6,8,10,12,14,37,42,75",0.0215167840104933,FALSE,3,5,12,3,9,0.25,0.642857142857143
"kappa.o",16,100,0.33,"FALSE","FALSE","FALSE","9.33003155752637","8.94891834000629","0.381113217520079","0.643","0.047","0.071","1,3,5,6,10,11,12,13,14",0.0130564554001445,FALSE,0,5,9,0,9,0,0.642857142857143
"kappa.o",17,100,0.33,"FALSE","FALSE","FALSE","9.27981317575427","7.68669673191295","1.59311644384131","1.083","0.05","0.077","1,2,4,5,6,10,11,97",0.0339726674041948,FALSE,1,7,8,1,7,0.125,0.5
"kappa.o",18,100,0.33,"FALSE","FALSE","FALSE","11.046525466974","8.95598819953727","2.09053726743675","1.857","0.054","0.085","1,2,4,5,6,8,10,11,12,13,30",0.012037207776486,FALSE,1,4,11,1,10,0.0909090909090909,0.714285714285714
"kappa.o",19,100,0.33,"FALSE","FALSE","FALSE","10.2771454553051","9.30045945070013","0.976686004604954","1.142","0.052","0.078","2,4,5,6,9,10,11,12,13,99",0.0196137922364256,FALSE,1,5,10,1,9,0.1,0.642857142857143
"kappa.o",2,100,0.33,"FALSE","FALSE","FALSE","9.58313009626961","7.44322173923908","2.13990835703054","1.788","0.053","0.088","1,3,5,6,10,12,13,14,66",0.0236169654398033,FALSE,1,6,9,1,8,0.111111111111111,0.571428571428571
"kappa.o",20,100,0.33,"FALSE","FALSE","FALSE","10.4765296271474","8.97470770861519","1.50182191853226","0.845","0.05","0.069","1,3,5,6,10,11,12,13,14,91",0.015443225604515,FALSE,1,5,10,1,9,0.1,0.642857142857143
"kappa.o",21,100,0.33,"FALSE","FALSE","FALSE","10.1058563227124","9.45972127558454","0.646135047127898","1.112","0.051","0.073","1,2,3,5,6,8,10,11,12,14",0.0110951803222738,FALSE,0,4,10,0,10,0,0.714285714285714
"kappa.o",22,100,0.33,"FALSE","FALSE","FALSE","10.4400139244654","9.17270032161354","1.26731360285182","1.108","0.051","0.074","1,2,3,5,6,8,10,11,12,14,42",0.0133142727387718,FALSE,1,4,11,1,10,0.0909090909090909,0.714285714285714
"kappa.o",23,100,0.33,"FALSE","FALSE","FALSE","9.70219118986327","9.24605431732963","0.456136872533645","1.121","0.052","0.073","1,3,5,6,10,11,12,13,14",0.0147403346602273,FALSE,0,5,9,0,9,0,0.642857142857143
"kappa.o",24,100,0.33,"FALSE","FALSE","FALSE","10.9672496334113","9.71799110059212","1.2492585328192","0.919","0.05","0.071","1,2,4,5,6,8,9,10,11,12,149",0.0145193516910363,FALSE,1,4,11,1,10,0.0909090909090909,0.714285714285714
"kappa.o",25,100,0.33,"FALSE","FALSE","FALSE","9.44982604736879","8.9343329744992","0.515493072869591","0.838","0.052","0.081","1,3,5,6,10,11,12,13,14",0.0132202420171641,FALSE,0,5,9,0,9,0,0.642857142857143
"kappa.o",26,100,0.33,"FALSE","FALSE","FALSE","8.77572144647243","8.07454049743316","0.70118094903927","0.919","0.051","0.065","1,3,5,6,10,12,13,14",0.0215403723830559,FALSE,0,6,8,0,8,0,0.571428571428571
"kappa.o",27,100,0.33,"FALSE","FALSE","FALSE","10.4962201127883","9.70463342872475","0.791586684063536","1.112","0.049","0.087","1,2,4,5,6,9,10,11,12,13",0.0125136323841564,FALSE,0,4,10,0,10,0,0.714285714285714
"kappa.o",28,100,0.33,"FALSE","FALSE","FALSE","10.1318618663188","9.14311773833621","0.988744127982587","1.409","0.048","0.071","1,2,5,6,10,11,12,13,14",0.0145985300209705,FALSE,0,5,9,0,9,0,0.642857142857143
"kappa.o",29,100,0.33,"FALSE","FALSE","FALSE","10.036669591413","8.50907910756997","1.52759048384303","1.285","0.051","0.08","1,3,5,6,10,12,13,14,152",0.0243844519764198,FALSE,1,6,9,1,8,0.111111111111111,0.571428571428571
"kappa.o",3,100,0.33,"FALSE","FALSE","FALSE","10.8518128825263","10.5554619347936","0.296350947732668","0.782","0.053","0.077","1,2,3,4,5,6,8,10,11,12,14",0.00903910191940866,FALSE,0,3,11,0,11,0,0.785714285714286
"kappa.o",30,100,0.33,"FALSE","FALSE","FALSE","9.32573292197749","8.33300761764172","0.992725304335776","0.889","0.049","0.068","1,3,5,6,10,11,12,14,81",0.0211409075757871,FALSE,1,6,9,1,8,0.111111111111111,0.571428571428571
"kappa.o",31,100,0.33,"FALSE","FALSE","FALSE","8.95695918965987","8.35869986795278","0.598259321707088","1.015","0.058","0.082","2,4,5,6,7,8,10,11",0.0322057373824919,FALSE,0,6,8,0,8,0,0.571428571428571
"kappa.o",32,100,0.33,"FALSE","FALSE","FALSE","9.34181275084827","8.47061261124529","0.871200139602974","1.428","0.05","0.075","4,5,6,7,9,11,12,13",0.0311334146312382,FALSE,0,6,8,0,8,0,0.571428571428571
"kappa.o",33,100,0.33,"FALSE","FALSE","FALSE","10.1476056797915","9.55238869012611","0.595216989665385","1.034","0.046","0.072","1,3,5,6,8,10,11,12,14",0.0165078812921307,FALSE,0,5,9,0,9,0,0.642857142857143
"kappa.o",34,100,0.33,"FALSE","FALSE","FALSE","10.4971140295259","9.7151188134603","0.781995216065569","1.072","0.052","0.065","1,2,3,4,5,6,10,11,12,13",0.0102258888475716,FALSE,0,4,10,0,10,0,0.714285714285714
"kappa.o",35,100,0.33,"FALSE","FALSE","FALSE","11.4146454425816","9.88204909812748","1.53259634445413","1.111","0.054","0.075","1,2,4,5,6,9,10,11,12,13,77",0.0148484457293392,FALSE,1,4,11,1,10,0.0909090909090909,0.714285714285714
"kappa.o",36,100,0.33,"FALSE","FALSE","FALSE","9.10907911633759","8.35648570588926","0.752593410448328","0.851","0.045","0.068","1,3,5,6,10,11,12,13,14",0.0158805194043749,FALSE,0,5,9,0,9,0,0.642857142857143
"kappa.o",37,100,0.33,"FALSE","FALSE","FALSE","9.41315754675706","8.56981716622172","0.843340380535349","1.049","0.048","0.063","1,3,5,6,10,12,13,14",0.0214445257387597,FALSE,0,6,8,0,8,0,0.571428571428571
"kappa.o",38,100,0.33,"FALSE","FALSE","FALSE","10.3203309044361","8.36399600746256","1.95633489697354","1.275","0.055","0.078","1,3,5,6,10,12,13,14,16,36",0.0226272147924496,FALSE,2,6,10,2,8,0.2,0.571428571428571
"kappa.o",39,100,0.33,"FALSE","FALSE","FALSE","9.49823901624473","8.0318564405883","1.46638257565643","1.553","0.057","0.085","1,2,4,5,6,10,11,12,137",0.0194418215108316,FALSE,1,6,9,1,8,0.111111111111111,0.571428571428571
"kappa.o",4,100,0.33,"FALSE","FALSE","FALSE","9.7408590201535","8.79647319736048","0.944385822793012","0.926","0.05","0.074","1,3,5,6,10,11,12,13,14",0.0154720910493074,FALSE,0,5,9,0,9,0,0.642857142857143
"kappa.o",40,100,0.33,"FALSE","FALSE","FALSE","8.96025493198104","8.30764408987704","0.652610842103991","1.326","0.053","0.081","1,2,4,6,7,10,11,13,14",0.0226802977856814,FALSE,0,5,9,0,9,0,0.642857142857143
"kappa.o",41,100,0.33,"FALSE","FALSE","FALSE","10.5722661467719","10.2602736664843","0.311992480287591","1.015","0.048","0.072","1,3,4,5,6,9,10,11,12,13",0.0107592191803616,FALSE,0,4,10,0,10,0,0.714285714285714
"kappa.o",42,100,0.33,"FALSE","FALSE","FALSE","9.94409706046252","9.16686821249228","0.777228847970238","1.297","0.05","0.079","1,3,5,6,10,11,12,14",0.0214708576655383,FALSE,0,6,8,0,8,0,0.571428571428571
"kappa.o",43,100,0.33,"FALSE","FALSE","FALSE","9.28582766401426","8.63928915932499","0.646538504689268","0.906","0.046","0.073","1,2,3,5,6,10,12,13,14",0.0181039285051001,FALSE,0,5,9,0,9,0,0.642857142857143
"kappa.o",44,100,0.33,"FALSE","FALSE","FALSE","10.8075473312771","10.5071682053038","0.300379125973355","0.966","0.047","0.071","2,4,5,6,7,9,10,11,12,13",0.0206244565228459,FALSE,0,4,10,0,10,0,0.714285714285714
"kappa.o",45,100,0.33,"FALSE","FALSE","FALSE","10.4615028979385","9.49123980228508","0.970263095653447","1.652","0.056","0.079","2,4,5,6,7,8,9,10,11,12",0.0173458846951947,FALSE,0,4,10,0,10,0,0.714285714285714
"kappa.o",46,100,0.33,"FALSE","FALSE","FALSE","9.64156732417505","8.29709190565259","1.34447541852246","1.31","0.053","0.08","1,3,5,6,10,12,13,14,82",0.0215913938783046,FALSE,1,6,9,1,8,0.111111111111111,0.571428571428571
"kappa.o",47,100,0.33,"TRUE","TRUE","FALSE","11.3244279573117","10.8100053925121","0.514422564799666","1.012","0.048","0.059","1,2,3,4,5,6,8,10,11,12,14",0.00727362506612099,FALSE,0,3,11,0,11,0,0.785714285714286
"kappa.o",48,100,0.33,"FALSE","FALSE","FALSE","9.79987312522627","9.33992710341109","0.459946021815175","1.107","0.046","0.072","1,2,3,5,6,10,11,12,14",0.0148069169724105,FALSE,0,5,9,0,9,0,0.642857142857143
"kappa.o",49,100,0.33,"FALSE","FALSE","FALSE","10.9580152266903","9.41265511229799","1.54536011439234","1.571","0.051","0.075","1,4,5,6,10,11,12,13,14,144",0.0137648273618749,FALSE,1,5,10,1,9,0.1,0.642857142857143
"kappa.o",5,100,0.33,"FALSE","FALSE","FALSE","8.81353977807005","8.15967565797811","0.653864120091946","1.25","0.046","0.076","1,3,5,6,10,11,12,13,14",0.0152982484933098,FALSE,0,5,9,0,9,0,0.642857142857143
"kappa.o",50,100,0.33,"FALSE","FALSE","FALSE","8.98593006493083","8.47197556143831","0.513954503492515","0.925","0.048","0.066","1,2,3,5,6,8,10,11,14",0.0228856329428893,FALSE,0,5,9,0,9,0,0.642857142857143
"kappa.o",51,100,0.33,"FALSE","FALSE","FALSE","8.56731036322373","7.56258903012299","1.00472133310074","1.174","0.049","0.077","1,3,6,10,12,13,14",0.0352873871166215,FALSE,0,7,7,0,7,0,0.5
"kappa.o",52,100,0.33,"TRUE","TRUE","FALSE","10.9109462794951","9.85835980629781","1.05258647319724","1.515","0.046","0.071","2,4,5,6,7,8,9,10,11,14,133",0.0205263623581178,FALSE,1,4,11,1,10,0.0909090909090909,0.714285714285714
"kappa.o",53,100,0.33,"FALSE","FALSE","FALSE","8.92498596275407","8.25233499184307","0.672650970910999","1.1","0.049","0.073","1,2,3,5,6,10,11,14",0.0250717132263823,FALSE,0,6,8,0,8,0,0.571428571428571
"kappa.o",54,100,0.33,"FALSE","FALSE","FALSE","9.01784241054264","8.0997190276171","0.918123382925547","0.856","0.046","0.067","1,3,5,6,10,12,13,14",0.0210297013019305,FALSE,0,6,8,0,8,0,0.571428571428571
"kappa.o",55,100,0.33,"FALSE","FALSE","FALSE","9.55926723677468","9.19966886823211","0.359598368542573","0.815","0.045","0.065","1,3,5,6,10,11,12,13,14",0.0146978285522357,FALSE,0,5,9,0,9,0,0.642857142857143
"kappa.o",56,100,0.33,"FALSE","FALSE","FALSE","9.98228309032157","9.47201961357628","0.510263476745294","1.283","0.048","0.073","2,4,5,6,7,9,11,12,13",0.0222727512510836,FALSE,0,5,9,0,9,0,0.642857142857143
"kappa.o",57,100,0.33,"FALSE","FALSE","FALSE","9.14473183183278","8.44979942735607","0.694932404476713","1.396","0.05","0.07","1,3,5,6,10,12,13,14",0.0211661400156683,FALSE,0,6,8,0,8,0,0.571428571428571
"kappa.o",58,100,0.33,"FALSE","FALSE","FALSE","10.1865978107722","7.94467286899461","2.24192494177759","1.579","0.053","0.086","1,3,5,6,10,12,13,14,82,94",0.0254924898062814,FALSE,2,6,10,2,8,0.2,0.571428571428571
"kappa.o",59,100,0.33,"FALSE","FALSE","FALSE","9.39569768175751","8.73239699094489","0.66330069081262","2.242","0.046","0.058","1,3,5,6,10,11,12,14",0.01930174454938,FALSE,0,6,8,0,8,0,0.571428571428571
"kappa.o",6,100,0.33,"TRUE","TRUE","FALSE","10.7264137734273","10.1638993279107","0.562514445516634","1.167","0.048","0.071","1,2,3,4,5,6,8,10,11,12",0.0115011145905192,FALSE,0,4,10,0,10,0,0.714285714285714
"kappa.o",60,100,0.33,"FALSE","FALSE","FALSE","11.0760913444142","9.85121622299579","1.22487512141841","1.441","0.05","0.067","1,2,3,5,6,10,11,12,13,14",0.0106447446666569,FALSE,0,4,10,0,10,0,0.714285714285714
"kappa.o",61,100,0.33,"FALSE","FALSE","FALSE","9.72699671012172","7.54684913377856","2.18014757634316","1.628","0.053","0.084","1,3,6,10,12,13,14,42,121",0.0366522269412997,FALSE,2,7,9,2,7,0.222222222222222,0.5
"kappa.o",62,100,0.33,"TRUE","TRUE","FALSE","9.76799590591407","9.29673506742463","0.471260838489433","0.98","0.045","0.073","2,4,5,6,7,8,9,11,12,13",0.0212588954096086,FALSE,0,4,10,0,10,0,0.714285714285714
"kappa.o",63,100,0.33,"FALSE","FALSE","FALSE","8.76789180074803","7.81773054364275","0.950161257105283","1.087","0.049","0.072","1,3,5,6,10,11,12,14",0.0209123484073223,FALSE,0,6,8,0,8,0,0.571428571428571
"kappa.o",64,100,0.33,"FALSE","FALSE","FALSE","9.41767639011548","8.50060480680656","0.917071583308919","0.95","0.047","0.065","1,3,5,6,10,11,12,14",0.0205821956483899,FALSE,0,6,8,0,8,0,0.571428571428571
"kappa.o",65,100,0.33,"FALSE","FALSE","FALSE","9.27857486453491","8.87749430700593","0.401080557528979","0.988","0.048","0.063","1,3,5,6,10,12,13,14",0.0222455000275562,FALSE,0,6,8,0,8,0,0.571428571428571
"kappa.o",66,100,0.33,"FALSE","FALSE","FALSE","11.6862977613944","9.74932008096301","1.93697768043138","1.194","0.047","0.073","1,2,4,5,6,10,11,12,13,14,32,127",0.0121782837114181,FALSE,2,4,12,2,10,0.166666666666667,0.714285714285714
"kappa.o",67,100,0.33,"FALSE","FALSE","FALSE","9.9328499068419","9.40518725889453","0.527662647947373","0.859","0.051","0.061","1,2,3,4,5,6,8,10,11,12",0.0110390582428288,FALSE,0,4,10,0,10,0,0.714285714285714
"kappa.o",68,100,0.33,"FALSE","FALSE","FALSE","9.42666568581024","9.05798174592397","0.368683939886265","0.681","0.049","0.064","1,2,4,5,6,10,11,12,13",0.014699571824121,FALSE,0,5,9,0,9,0,0.642857142857143
"kappa.o",69,100,0.33,"FALSE","FALSE","FALSE","9.7224354246043","8.09684246131991","1.62559296328438","1.203","0.047","0.078","1,3,5,6,10,12,13,14,36",0.021717749745072,FALSE,1,6,9,1,8,0.111111111111111,0.571428571428571
"kappa.o",7,100,0.33,"FALSE","FALSE","FALSE","10.4058412630845","10.1158346390346","0.290006624049996","0.871","0.046","0.07","1,2,4,5,6,9,10,11,12,13",0.0122103078860458,FALSE,0,4,10,0,10,0,0.714285714285714
"kappa.o",70,100,0.33,"FALSE","FALSE","FALSE","9.39176940785114","7.50923765445783","1.88253175339331","1.036","0.054","0.081","1,2,5,6,10,11,14,26,137",0.0309984259293347,FALSE,2,7,9,2,7,0.222222222222222,0.5
"kappa.o",71,100,0.33,"FALSE","FALSE","FALSE","9.1574010743769","7.39329646489182","1.76410460948508","0.808","0.048","0.066","1,3,5,6,10,11,14,26,101",0.0324026679567813,FALSE,2,7,9,2,7,0.222222222222222,0.5
"kappa.o",72,100,0.33,"FALSE","FALSE","FALSE","9.68187291487721","8.31156937121954","1.37030354365767","1.383","0.046","0.076","1,2,4,5,6,10,11,12,13",0.0142629655734825,FALSE,0,5,9,0,9,0,0.642857142857143
"kappa.o",73,100,0.33,"FALSE","FALSE","FALSE","10.4879965003456","9.96146621369076","0.526530286654801","0.796","0.049","0.072","1,3,4,5,6,10,11,12,13,14",0.009946586172794,FALSE,0,4,10,0,10,0,0.714285714285714
"kappa.o",74,100,0.33,"FALSE","FALSE","FALSE","9.56169895952763","8.45978418196602","1.10191477756161","1.265","0.047","0.073","1,3,5,6,10,12,13,14",0.022316030290671,FALSE,0,6,8,0,8,0,0.571428571428571
"kappa.o",75,100,0.33,"FALSE","FALSE","FALSE","9.2522079132149","8.74734932381039","0.504858589404514","1.179","0.045","0.068","2,4,5,6,7,8,9,11",0.0366292357759819,FALSE,0,6,8,0,8,0,0.571428571428571
"kappa.o",76,100,0.33,"FALSE","FALSE","FALSE","9.54840198666859","8.23195732618908","1.31644466047951","0.793","0.045","0.058","1,3,5,6,10,11,12,14,49",0.0217612775963302,FALSE,1,6,9,1,8,0.111111111111111,0.571428571428571
"kappa.o",77,100,0.33,"FALSE","FALSE","FALSE","9.55799696558914","9.09278894873169","0.465208016857446","0.751","0.045","0.071","1,2,4,5,6,10,11,12,14",0.0135966954063611,FALSE,0,5,9,0,9,0,0.642857142857143
"kappa.o",78,100,0.33,"FALSE","FALSE","FALSE","9.05988468928876","7.65731591729811","1.40256877199065","0.73","0.048","0.083","1,3,5,6,10,12,13,14,36",0.0240202651410645,FALSE,1,6,9,1,8,0.111111111111111,0.571428571428571
"kappa.o",79,100,0.33,"FALSE","FALSE","FALSE","8.60301856475772","8.14389357534162","0.459124989416098","0.637","0.045","0.058","1,3,5,6,10,12,13,14",0.0213010545996724,FALSE,0,6,8,0,8,0,0.571428571428571
"kappa.o",8,100,0.33,"FALSE","FALSE","FALSE","9.14072158013195","8.34796515555902","0.792756424572936","0.937","0.051","0.073","1,3,5,6,10,12,13,14",0.0234750349034197,FALSE,0,6,8,0,8,0,0.571428571428571
"kappa.o",80,100,0.33,"FALSE","FALSE","FALSE","9.87348719284923","8.92691907306849","0.946568119780741","1.056","0.044","0.074","1,2,3,5,6,10,11,12,14",0.0143677747466973,FALSE,0,5,9,0,9,0,0.642857142857143
"kappa.o",81,100,0.33,"FALSE","FALSE","FALSE","10.0457724332536","9.44491718173224","0.600855251521308","0.931","0.045","0.068","1,2,4,5,6,8,9,10,11,12",0.0142076992063443,FALSE,0,4,10,0,10,0,0.714285714285714
"kappa.o",82,100,0.33,"FALSE","FALSE","FALSE","9.42354612060642","7.40195989044124","2.02158623016518","1.152","0.048","0.062","3,5,6,10,12,13,14,16,80",0.0294446899076731,FALSE,2,7,9,2,7,0.222222222222222,0.5
"kappa.o",83,100,0.33,"FALSE","FALSE","FALSE","10.3897142165128","9.10307094718431","1.28664326932853","1.122","0.047","0.07","1,2,3,5,6,8,10,11,12,14,110",0.0160118619703037,FALSE,1,4,11,1,10,0.0909090909090909,0.714285714285714
"kappa.o",84,100,0.33,"FALSE","FALSE","FALSE","10.8576744408684","9.74497276470018","1.11270167616823","1.354","0.054","0.074","1,2,3,4,5,6,10,11,12,13,14",0.00558770503117169,FALSE,0,3,11,0,11,0,0.785714285714286
"kappa.o",85,100,0.33,"FALSE","FALSE","FALSE","8.56542179343892","6.35600911452205","2.20941267891687","1.937","0.052","0.082","1,2,5,6,10,11,12,14",0.0243251339597785,FALSE,0,6,8,0,8,0,0.571428571428571
"kappa.o",86,100,0.33,"FALSE","FALSE","FALSE","9.68323625637772","8.74198826262","0.941247993757721","0.889","0.042","0.057","1,3,5,6,10,12,13,14,16",0.0204750846792032,FALSE,1,6,9,1,8,0.111111111111111,0.571428571428571
"kappa.o",87,100,0.33,"FALSE","FALSE","FALSE","9.97983887413431","9.59789599681611","0.381942877318196","0.894","0.049","0.067","1,2,3,4,5,6,8,10,11,12",0.0114167661292902,FALSE,0,4,10,0,10,0,0.714285714285714
"kappa.o",88,100,0.33,"FALSE","FALSE","FALSE","9.32702912468941","8.87149392609505","0.455535198594362","0.814","0.046","0.061","1,3,4,5,6,10,11,12,13,14",0.00899129012314029,FALSE,0,4,10,0,10,0,0.714285714285714
"kappa.o",89,100,0.33,"FALSE","FALSE","FALSE","10.5359563553663","10.0558884983406","0.480067857025633","0.919","0.046","0.069","1,3,4,5,6,10,11,12,13,14",0.00912574550964517,FALSE,0,4,10,0,10,0,0.714285714285714
"kappa.o",9,100,0.33,"FALSE","FALSE","FALSE","11.4699189693491","10.5150184741242","0.954900495224959","1.726","0.053","0.076","3,4,5,6,7,8,9,10,11,12,13,14",0.00806127642046306,FALSE,0,2,12,0,12,0,0.857142857142857
"kappa.o",90,100,0.33,"FALSE","FALSE","FALSE","9.07793585145078","8.1423373204303","0.935598531020475","0.863","0.044","0.065","1,3,5,6,10,12,13,14",0.0228646631498498,FALSE,0,6,8,0,8,0,0.571428571428571
"kappa.o",91,100,0.33,"FALSE","FALSE","FALSE","9.31642768689171","8.5705567329155","0.74587095397621","0.79","0.046","0.068","1,3,5,6,10,11,12,13,14",0.0144160017772107,FALSE,0,5,9,0,9,0,0.642857142857143
"kappa.o",92,100,0.33,"FALSE","FALSE","FALSE","8.82212927369573","8.25881052726775","0.563318746427984","0.88","0.044","0.062","1,3,4,6,10,12,13,14",0.0293015526535759,FALSE,0,6,8,0,8,0,0.571428571428571
"kappa.o",93,100,0.33,"FALSE","FALSE","FALSE","9.30592519618381","7.09940241645296","2.20652277973085","1.529","0.055","0.086","1,4,6,9,10,12,13,14,152",0.0278056098756115,FALSE,1,6,9,1,8,0.111111111111111,0.571428571428571
"kappa.o",94,100,0.33,"FALSE","FALSE","FALSE","9.40006704921584","8.11984529568084","1.280221753535","0.801","0.046","0.065","1,3,5,6,10,12,13,14,36",0.0246557770029858,FALSE,1,6,9,1,8,0.111111111111111,0.571428571428571
"kappa.o",95,100,0.33,"FALSE","FALSE","FALSE","10.2717959371299","8.68571873175909","1.5860772053708","1.613","0.059","0.074","1,2,3,4,5,6,8,10,11,12",0.0115206254491414,FALSE,0,4,10,0,10,0,0.714285714285714
"kappa.o",96,100,0.33,"FALSE","FALSE","FALSE","10.8388036583135","8.96995009748584","1.86885356082769","1.318","0.048","0.068","1,2,3,5,6,10,11,12,14,42",0.0141101215448198,FALSE,1,5,10,1,9,0.1,0.642857142857143
"kappa.o",97,100,0.33,"FALSE","FALSE","FALSE","9.82684734043191","8.27379070934104","1.55305663109086","1.38","0.047","0.071","1,3,5,6,10,12,13,14,36",0.0225557901853184,FALSE,1,6,9,1,8,0.111111111111111,0.571428571428571
"kappa.o",98,100,0.33,"FALSE","FALSE","FALSE","9.21364126676695","8.00137958217278","1.21226168459417","1.287","0.048","0.07","1,3,5,6,10,12,13,14",0.02205163455163,FALSE,0,6,8,0,8,0,0.571428571428571
"kappa.o",99,100,0.33,"FALSE","FALSE","FALSE","9.28365291591022","9.0059904112206","0.27766250468962","0.535","0.052","0.071","3,4,5,6,7,9,11,12,13",0.0229171720673108,FALSE,0,5,9,0,9,0,0.642857142857143
"lasso.cv",1,100,0.33,"TRUE","TRUE","FALSE","11.5924367400067","11.0949779748337","0.497458765173065","1.407","0.048","0.076","1,2,3,4,5,6,7,8,9,10,11,12,13,14,19,21,23,33,36,41,47,49,50,59,63,67,70,77,80,84,86,88,93,100,103,109,110,111,120,125,127,128,130,135,142,148,149,150,155,156,161,162",0.00841239377798278,FALSE,38,0,52,38,14,0.730769230769231,1
"lasso.cv",10,100,0.33,"FALSE","FALSE","FALSE","9.76785326135247","9.26811547220852","0.499737789143949","1.08","0.049","0.068","1,2,3,4,5,6,7,8,9,10,11,12,13,14,26,37,49,51,56,59,64,82,84,88,93,104,107,108,115,118,120,123,125,129,132,136,139,140,149,160,162,164",0.00499691359904556,FALSE,28,0,42,28,14,0.666666666666667,1
"lasso.cv",100,100,0.33,"FALSE","FALSE","FALSE","10.2351384468549","8.39860498016227","1.83653346669258","1.295","0.046","0.068","1,2,3,4,5,6,7,8,9,10,11,12,13,14,16,24,26,27,28,29,31,42,47,49,53,59,70,72,88,94,96,99,103,104,106,111,112,117,133,141,142,145,146,152,157",0.00918276400956377,FALSE,31,0,45,31,14,0.688888888888889,1
"lasso.cv",11,100,0.33,"FALSE","FALSE","FALSE","8.81757390249955","7.47098118270807","1.34659271979149","1.285","0.049","0.07","1,2,3,4,5,6,7,8,9,10,11,12,13,14,16,18,20,28,34,39,47,68,69,70,72,75,82,85,98,103,127,141,148,156,157,158,161,162",0.00984147100479596,FALSE,24,0,38,24,14,0.631578947368421,1
"lasso.cv",12,100,0.33,"FALSE","FALSE","FALSE","11.130169273999","10.7059034072529","0.424265866746088","0.921","0.05","0.067","1,2,3,4,5,6,7,9,10,11,12,13,14,17,24,26,41,42,47,49,53,56,59,61,65,70,75,82,84,99,100,101,103,107,110,136,138,140,145,148,156,159,160,164",0.00789481204428973,FALSE,31,1,44,31,13,0.704545454545455,0.928571428571429
"lasso.cv",13,100,0.33,"FALSE","FALSE","FALSE","10.6146316982724","10.1949896413895","0.419642056882918","1.02","0.051","0.071","1,2,3,4,5,6,7,8,9,10,11,12,13,14,16,20,26,45,47,49,50,52,61,65,72,82,86,87,95,103,104,107,109,111,113,118,127,132,138,139,142,157,160",0.00450521754380309,FALSE,29,0,43,29,14,0.674418604651163,1
"lasso.cv",14,100,0.33,"FALSE","FALSE","FALSE","8.43540804772388","7.59376641492112","0.841641632802762","1.49","0.057","0.075","1,2,3,4,5,6,7,8,9,10,11,12,13,14,15,16,23,28,30,34,42,49,56,60,63,75,80,82,83,87,88,90,103,108,110,112,113,128,129,132,135,140,149,154,156,157",0.00846883700354852,FALSE,32,0,46,32,14,0.695652173913043,1
"lasso.cv",15,100,0.33,"FALSE","FALSE","FALSE","11.6676339594215","8.60687344356575","3.06076051585579","1.574","0.056","0.086","1,2,3,4,5,6,7,8,9,10,11,12,13,14,16,18,21,26,28,29,30,32,37,42,45,47,59,63,66,67,72,75,77,79,84,88,103,117,119,120,124,133,135,146,148,151,152,155,158",0.0132047966819709,FALSE,35,0,49,35,14,0.714285714285714,1
"lasso.cv",16,100,0.33,"FALSE","FALSE","FALSE","9.33003155752637","8.94891834000629","0.381113217520079","0.643","0.047","0.071","1,2,3,4,5,6,8,9,10,11,12,13,14,15,49,51,55,79,87,98,100,104,109,119,123,125,130,133,135,136,140,157",0.00622619096906263,FALSE,19,1,32,19,13,0.59375,0.928571428571429
"lasso.cv",17,100,0.33,"FALSE","FALSE","FALSE","9.27981317575427","7.68669673191295","1.59311644384131","1.083","0.05","0.077","1,2,3,4,5,6,9,10,11,12,13,14,15,16,18,23,26,32,33,42,53,57,58,62,70,72,82,84,88,90,97,102,103,105,108,109,110,113,114,131,133,136,139,140,142,143,148,151,152,161,163",0.00990726989250641,FALSE,39,2,51,39,12,0.764705882352941,0.857142857142857
"lasso.cv",18,100,0.33,"FALSE","FALSE","FALSE","11.046525466974","8.95598819953727","2.09053726743675","1.857","0.054","0.085","1,2,3,4,5,6,7,8,10,11,12,13,14,15,16,23,24,25,30,34,41,45,47,48,49,52,61,64,68,75,84,87,88,96,102,104,106,108,109,116,120,123,131,136,138,144,158",0.0135775598916656,FALSE,34,1,47,34,13,0.723404255319149,0.928571428571429
"lasso.cv",19,100,0.33,"FALSE","FALSE","FALSE","10.2771454553051","9.30045945070013","0.976686004604954","1.142","0.052","0.078","1,2,3,4,5,6,7,9,10,11,12,13,14,20,39,44,47,48,49,54,55,63,66,70,72,73,80,83,84,94,98,99,100,102,109,121,123,124,126,136,138,146,158,159",0.0122768105129715,FALSE,31,1,44,31,13,0.704545454545455,0.928571428571429
"lasso.cv",2,100,0.33,"FALSE","FALSE","FALSE","9.58313009626961","7.44322173923908","2.13990835703054","1.788","0.053","0.088","1,2,3,4,5,6,7,8,9,10,11,12,13,14,16,20,21,29,31,34,35,37,39,40,44,47,55,59,61,66,69,70,71,72,73,88,93,96,101,105,107,115,120,125,142,148,157,162",0.0145438590094838,FALSE,34,0,48,34,14,0.708333333333333,1
"lasso.cv",20,100,0.33,"FALSE","FALSE","FALSE","10.4765296271474","8.97470770861519","1.50182191853226","0.845","0.05","0.069","1,2,3,4,5,6,8,9,10,11,12,13,14,23,28,31,38,39,42,44,55,63,67,68,72,79,81,82,83,88,91,93,102,105,106,107,108,110,117,121,127,131,132,136,149,157,162",0.010670366386943,FALSE,34,1,47,34,13,0.723404255319149,0.928571428571429
"lasso.cv",21,100,0.33,"FALSE","FALSE","FALSE","10.1058563227124","9.45972127558454","0.646135047127898","1.112","0.051","0.073","1,2,3,4,5,6,8,9,10,11,12,13,14,18,24,25,31,39,47,55,56,61,63,64,66,72,77,84,93,100,103,108,109,125,128,132,133,135,136,144,148,157,159,160",0.00896726555155304,FALSE,31,1,44,31,13,0.704545454545455,0.928571428571429
"lasso.cv",22,100,0.33,"FALSE","FALSE","FALSE","10.4400139244654","9.17270032161354","1.26731360285182","1.108","0.051","0.074","1,2,3,4,5,6,7,8,9,10,11,12,13,14,16,25,28,42,45,53,55,58,61,66,70,82,90,93,100,101,102,109,112,114,119,128,135,138,141,142,148,153,155,156,160",0.00715218052744672,FALSE,31,0,45,31,14,0.688888888888889,1
"lasso.cv",23,100,0.33,"FALSE","FALSE","FALSE","9.70219118986327","9.24605431732963","0.456136872533645","1.121","0.052","0.073","1,2,3,4,5,6,7,8,9,10,11,12,13,14,15,16,17,39,44,48,49,51,58,61,64,67,70,71,73,88,89,95,97,100,101,103,104,105,112,123,125,128,131,132,133,136,137,141,147,154,157,158",0.00742509044458044,FALSE,38,0,52,38,14,0.730769230769231,1
"lasso.cv",24,100,0.33,"FALSE","FALSE","FALSE","10.9672496334113","9.71799110059212","1.2492585328192","0.919","0.05","0.071","1,2,3,4,5,6,7,8,9,10,11,12,13,14,17,20,31,47,49,58,65,68,69,82,88,99,103,110,115,119,121,131,136,142,148,149,153,159,162",0.00625330073501265,FALSE,25,0,39,25,14,0.641025641025641,1
"lasso.cv",25,100,0.33,"FALSE","FALSE","FALSE","9.44982604736879","8.9343329744992","0.515493072869591","0.838","0.052","0.081","1,2,3,4,5,6,8,9,10,11,12,13,14,22,24,27,36,40,45,48,49,52,72,73,75,82,85,90,100,102,112,131,134,138,145,153,154,155,160,162",0.00986523487480008,FALSE,27,1,40,27,13,0.675,0.928571428571429
"lasso.cv",26,100,0.33,"FALSE","FALSE","FALSE","8.77572144647243","8.07454049743316","0.70118094903927","0.919","0.051","0.065","1,2,3,4,5,6,7,8,9,10,11,12,13,14,24,26,28,31,32,39,41,43,47,61,72,82,88,99,101,104,109,113,125,131,141,148,149,152,161",0.00672508111591666,FALSE,25,0,39,25,14,0.641025641025641,1
"lasso.cv",27,100,0.33,"FALSE","FALSE","FALSE","10.4962201127883","9.70463342872475","0.791586684063536","1.112","0.049","0.087","1,2,3,4,5,6,7,8,9,10,11,12,13,14,27,28,49,59,60,70,84,88,98,103,104,108,110,111,113,125,130,136,140,141,142,145,152,155,159,162",0.0054462767030341,FALSE,26,0,40,26,14,0.65,1
"lasso.cv",28,100,0.33,"FALSE","FALSE","FALSE","10.1318618663188","9.14311773833621","0.988744127982587","1.409","0.048","0.071","1,2,3,4,5,6,7,8,9,10,11,12,13,14,15,17,35,49,52,67,69,82,84,94,98,99,102,111,123,133,136,144",0.00970356712091117,FALSE,18,0,32,18,14,0.5625,1
"lasso.cv",29,100,0.33,"FALSE","FALSE","FALSE","10.036669591413","8.50907910756997","1.52759048384303","1.285","0.051","0.08","1,2,3,4,5,6,7,8,9,10,11,12,13,14,16,18,20,25,29,32,34,40,47,48,49,63,68,69,74,76,77,82,87,92,99,100,102,104,107,123,126,133,134,135,136,145,149,152,153,156",0.0137145061871662,FALSE,36,0,50,36,14,0.72,1
"lasso.cv",3,100,0.33,"FALSE","FALSE","FALSE","10.8518128825263","10.5554619347936","0.296350947732668","0.782","0.053","0.077","1,2,3,4,5,6,7,8,9,10,11,12,13,14,18,22,32,42,45,49,52,54,55,56,63,68,70,82,88,98,103,109,116,117,123,128,136,142,143,144,155,159,160,161,164",0.00973832788035174,FALSE,31,0,45,31,14,0.688888888888889,1
"lasso.cv",30,100,0.33,"FALSE","FALSE","FALSE","9.32573292197749","8.33300761764172","0.992725304335776","0.889","0.049","0.068","1,2,3,4,5,6,8,10,11,12,13,14,16,20,21,47,49,53,66,70,72,81,84,88,92,98,100,104,105,120,124,125,139,140,148",0.00831354254226162,FALSE,23,2,35,23,12,0.657142857142857,0.857142857142857
"lasso.cv",31,100,0.33,"FALSE","FALSE","FALSE","8.95695918965987","8.35869986795278","0.598259321707088","1.015","0.058","0.082","1,2,3,4,5,6,7,8,9,10,11,12,13,14,15,16,17,31,45,47,49,51,61,64,72,79,84,87,88,96,99,102,105,106,110,111,117,118,132,140,142,148,152,155,157,162",0.0100735712274723,FALSE,32,0,46,32,14,0.695652173913043,1
"lasso.cv",32,100,0.33,"FALSE","FALSE","FALSE","9.34181275084827","8.47061261124529","0.871200139602974","1.428","0.05","0.075","1,2,3,4,5,6,7,8,9,10,11,12,13,14,16,22,25,28,34,51,55,62,72,81,84,87,88,98,99,102,105,107,112,131,135,136,142,146,157,159,161",0.0089458513645045,FALSE,27,0,41,27,14,0.658536585365854,1
"lasso.cv",33,100,0.33,"FALSE","FALSE","FALSE","10.1476056797915","9.55238869012611","0.595216989665385","1.034","0.046","0.072","1,2,3,4,5,6,7,8,10,11,12,13,14,23,24,26,28,40,42,48,52,53,63,70,72,76,98,103,109,114,115,125,132,141,146,147,148,151,155",0.00795253770938827,FALSE,26,1,39,26,13,0.666666666666667,0.928571428571429
"lasso.cv",34,100,0.33,"FALSE","FALSE","FALSE","10.4971140295259","9.7151188134603","0.781995216065569","1.072","0.052","0.065","1,2,3,4,5,6,7,8,10,11,12,13,14,20,24,44,49,55,68,74,77,84,85,88,91,93,98,99,100,103,108,109,110,133,135,136,142,143",0.0118739106307297,FALSE,25,1,38,25,13,0.657894736842105,0.928571428571429
"lasso.cv",35,100,0.33,"FALSE","FALSE","FALSE","11.4146454425816","9.88204909812748","1.53259634445413","1.111","0.054","0.075","1,2,3,4,5,6,7,8,9,10,11,12,13,14,16,17,21,27,31,33,43,47,48,53,61,66,77,84,93,104,107,111,118,121,123,125,127,132,134,138,142,143,156,157,159,162",0.0100546822169399,FALSE,32,0,46,32,14,0.695652173913043,1
"lasso.cv",36,100,0.33,"FALSE","FALSE","FALSE","9.10907911633759","8.35648570588926","0.752593410448328","0.851","0.045","0.068","1,2,3,4,5,6,7,8,9,10,11,12,13,14,20,26,33,35,42,45,49,52,55,70,82,96,98,100,101,104,125,126,132,142,144,152,157,159",0.0065672760239514,FALSE,24,0,38,24,14,0.631578947368421,1
"lasso.cv",37,100,0.33,"FALSE","FALSE","FALSE","9.41315754675706","8.56981716622172","0.843340380535349","1.049","0.048","0.063","1,2,3,4,5,6,8,9,10,11,12,13,14,16,21,29,31,35,47,61,64,75,82,84,87,99,103,108,109,119,120,121,125,135,136,144,148,151,156,158,160,162",0.00677433855928619,FALSE,29,1,42,29,13,0.69047619047619,0.928571428571429
"lasso.cv",38,100,0.33,"FALSE","FALSE","FALSE","10.3203309044361","8.36399600746256","1.95633489697354","1.275","0.055","0.078","1,2,3,4,5,6,7,8,9,10,11,12,13,14,16,18,28,31,32,33,36,37,44,49,52,55,58,64,70,71,75,82,85,86,89,94,102,103,105,108,109,113,121,124,128,129,131,134,140,145,151,155,158",0.00896393127799512,FALSE,39,0,53,39,14,0.735849056603774,1
"lasso.cv",39,100,0.33,"FALSE","FALSE","FALSE","9.49823901624473","8.0318564405883","1.46638257565643","1.553","0.057","0.085","1,2,3,4,5,6,7,8,10,11,12,13,14,15,16,17,18,21,27,32,33,34,38,41,42,47,51,53,57,62,74,77,79,84,96,99,100,101,109,111,113,114,116,130,133,141,153,155,157,159,164",0.0110352884823186,FALSE,38,1,51,38,13,0.745098039215686,0.928571428571429
"lasso.cv",4,100,0.33,"FALSE","FALSE","FALSE","9.7408590201535","8.79647319736048","0.944385822793012","0.926","0.05","0.074","1,2,3,4,5,6,7,8,10,11,12,13,14,17,24,26,28,35,36,44,50,61,74,75,90,95,98,101,102,111,113,117,138,147,155,158,162",0.00528575387716744,FALSE,24,1,37,24,13,0.648648648648649,0.928571428571429
"lasso.cv",40,100,0.33,"FALSE","FALSE","FALSE","8.96025493198104","8.30764408987704","0.652610842103991","1.326","0.053","0.081","1,2,3,4,5,6,7,8,9,10,11,12,13,14,16,17,18,20,21,22,26,32,36,39,45,47,55,62,63,70,74,82,88,92,93,100,107,142,156,158",0.00854067393907797,FALSE,26,0,40,26,14,0.65,1
"lasso.cv",41,100,0.33,"FALSE","FALSE","FALSE","10.5722661467719","10.2602736664843","0.311992480287591","1.015","0.048","0.072","1,2,3,4,5,6,7,8,9,10,11,12,13,14,17,20,21,23,48,55,73,85,93,99,103,109,110,121,139,142,143,157,162",0.00428823465217531,FALSE,19,0,33,19,14,0.575757575757576,1
"lasso.cv",42,100,0.33,"FALSE","FALSE","FALSE","9.94409706046252","9.16686821249228","0.777228847970238","1.297","0.05","0.079","1,2,3,4,5,6,7,8,9,10,11,12,13,14,17,24,30,33,34,41,47,49,52,59,61,63,66,72,74,77,84,87,93,107,109,113,121,125,136,142,143,148,155,157",0.0070856123266346,FALSE,30,0,44,30,14,0.681818181818182,1
"lasso.cv",43,100,0.33,"FALSE","FALSE","FALSE","9.28582766401426","8.63928915932499","0.646538504689268","0.906","0.046","0.073","1,2,3,4,5,6,7,9,10,11,12,13,14,16,17,20,23,26,32,36,48,51,67,70,72,75,82,87,89,106,110,115,118,121,145,151,154",0.00984493352764159,FALSE,24,1,37,24,13,0.648648648648649,0.928571428571429
"lasso.cv",44,100,0.33,"FALSE","FALSE","FALSE","10.8075473312771","10.5071682053038","0.300379125973355","0.966","0.047","0.071","1,2,3,4,5,6,7,8,9,10,11,12,13,14,16,20,24,31,39,45,49,52,55,56,61,62,63,66,70,75,82,84,88,99,102,104,112,118,139,143,149,153,159,163",0.00884031988567668,FALSE,30,0,44,30,14,0.681818181818182,1
"lasso.cv",45,100,0.33,"FALSE","FALSE","FALSE","10.4615028979385","9.49123980228508","0.970263095653447","1.652","0.056","0.079","1,2,3,4,5,6,7,8,9,10,11,12,13,14,15,16,28,30,33,34,37,40,43,47,49,66,72,81,82,84,88,92,103,110,113,115,133,136,140,141,148",0.00829551978192761,FALSE,27,0,41,27,14,0.658536585365854,1
"lasso.cv",46,100,0.33,"FALSE","FALSE","FALSE","9.64156732417505","8.29709190565259","1.34447541852246","1.31","0.053","0.08","1,2,3,4,5,6,7,9,10,11,12,13,14,17,18,19,21,24,30,31,32,33,37,45,51,52,59,60,64,75,82,84,88,92,102,103,104,105,108,109,112,113,120,124,126,132,134,147",0.008074127766901,FALSE,35,1,48,35,13,0.729166666666667,0.928571428571429
"lasso.cv",47,100,0.33,"TRUE","TRUE","FALSE","11.3244279573117","10.8100053925121","0.514422564799666","1.012","0.048","0.059","1,2,3,4,5,6,7,8,9,10,11,12,13,14,16,20,21,45,54,61,62,70,72,74,75,78,85,88,92,95,96,99,103,105,125,134,138,139,141,143,146,149,156,158,161,163",0.00592003012802278,FALSE,32,0,46,32,14,0.695652173913043,1
"lasso.cv",48,100,0.33,"FALSE","FALSE","FALSE","9.79987312522627","9.33992710341109","0.459946021815175","1.107","0.046","0.072","1,2,3,4,5,6,7,8,9,10,11,12,13,14,16,17,21,24,27,34,45,61,74,81,98,107,109,117,125,126,129,130,148,151,154",0.00388522624021441,FALSE,21,0,35,21,14,0.6,1
"lasso.cv",49,100,0.33,"FALSE","FALSE","FALSE","10.9580152266903","9.41265511229799","1.54536011439234","1.571","0.051","0.075","1,2,3,4,5,6,7,8,9,10,11,12,13,14,16,17,23,30,32,35,52,53,58,59,65,66,67,68,70,72,74,75,76,77,83,84,86,88,91,92,95,99,105,108,113,127,136,140,141,144,149,159",0.00973239758800805,FALSE,38,0,52,38,14,0.730769230769231,1
"lasso.cv",5,100,0.33,"FALSE","FALSE","FALSE","8.81353977807005","8.15967565797811","0.653864120091946","1.25","0.046","0.076","1,2,3,4,5,6,8,9,10,11,12,13,14,16,28,32,41,45,51,72,84,93,96,103,113,125,133,153,162,163",0.00863472306337818,FALSE,17,1,30,17,13,0.566666666666667,0.928571428571429
"lasso.cv",50,100,0.33,"FALSE","FALSE","FALSE","8.98593006493083","8.47197556143831","0.513954503492515","0.925","0.048","0.066","1,2,3,4,5,6,8,9,10,11,12,13,14,27,31,44,55,61,68,72,73,74,78,82,83,93,95,96,98,101,104,111,120,127,136,142,144,145,148,162",0.00896092613363988,FALSE,27,1,40,27,13,0.675,0.928571428571429
"lasso.cv",51,100,0.33,"FALSE","FALSE","FALSE","8.56731036322373","7.56258903012299","1.00472133310074","1.174","0.049","0.077","1,2,3,4,5,6,7,8,10,11,12,13,14,21,31,32,40,43,45,47,54,57,58,62,63,69,74,76,84,103,104,108,121,132,137,142,149,151,158,162",0.0107756296813247,FALSE,27,1,40,27,13,0.675,0.928571428571429
"lasso.cv",52,100,0.33,"TRUE","TRUE","FALSE","10.9109462794951","9.85835980629781","1.05258647319724","1.515","0.046","0.071","1,2,3,4,5,6,7,8,9,10,11,12,13,14,20,24,26,28,31,36,38,42,45,47,52,55,62,64,68,72,80,84,85,86,93,96,98,99,120,129,131,133,135,137,142,152,154,158,164",0.00756353519352997,FALSE,35,0,49,35,14,0.714285714285714,1
"lasso.cv",53,100,0.33,"FALSE","FALSE","FALSE","8.92498596275407","8.25233499184307","0.672650970910999","1.1","0.049","0.073","1,2,3,4,5,6,7,8,9,10,11,12,13,14,21,23,34,43,44,51,63,66,67,70,87,99,100,110,132,144,145,146,148,156,157,162",0.00727863160472306,FALSE,22,0,36,22,14,0.611111111111111,1
"lasso.cv",54,100,0.33,"FALSE","FALSE","FALSE","9.01784241054264","8.0997190276171","0.918123382925547","0.856","0.046","0.067","1,2,3,4,5,6,8,10,11,12,13,14,16,17,23,24,31,32,34,35,38,40,42,44,47,49,79,83,90,102,123,124,128,131,138,145,148,161",0.00938931204953975,FALSE,26,2,38,26,12,0.684210526315789,0.857142857142857
"lasso.cv",55,100,0.33,"FALSE","FALSE","FALSE","9.55926723677468","9.19966886823211","0.359598368542573","0.815","0.045","0.065","1,2,3,4,5,6,7,8,9,10,11,12,13,14,16,18,20,21,24,44,45,49,54,61,66,70,72,74,75,88,102,104,111,113,117,123,136,143,153,157,159,162",0.00587998653395865,FALSE,28,0,42,28,14,0.666666666666667,1
"lasso.cv",56,100,0.33,"FALSE","FALSE","FALSE","9.98228309032157","9.47201961357628","0.510263476745294","1.283","0.048","0.073","1,2,3,4,5,6,7,8,9,10,11,12,13,14,16,18,19,20,21,29,30,31,33,40,44,45,47,48,53,76,82,89,99,100,104,105,114,136,139,159,161",0.00419976739199918,FALSE,27,0,41,27,14,0.658536585365854,1
"lasso.cv",57,100,0.33,"FALSE","FALSE","FALSE","9.14473183183278","8.44979942735607","0.694932404476713","1.396","0.05","0.07","1,2,3,4,5,6,7,9,10,11,12,13,14,16,19,24,40,42,45,64,72,76,77,82,85,89,92,93,94,100,105,116,142,152,155,156,158",0.00849179750782842,FALSE,24,1,37,24,13,0.648648648648649,0.928571428571429
"lasso.cv",58,100,0.33,"FALSE","FALSE","FALSE","10.1865978107722","7.94467286899461","2.24192494177759","1.579","0.053","0.086","1,2,3,4,5,6,7,8,9,10,11,12,13,14,16,34,37,41,42,45,47,49,52,58,64,74,82,94,98,102,104,107,112,115,117,121,123,124,129,133,139,143,148,149,162",0.0109048796179743,FALSE,31,0,45,31,14,0.688888888888889,1
"lasso.cv",59,100,0.33,"FALSE","FALSE","FALSE","9.39569768175751","8.73239699094489","0.66330069081262","2.242","0.046","0.058","1,2,3,4,5,6,7,8,10,11,12,13,14,15,16,18,23,26,37,49,52,53,70,76,88,90,92,93,96,97,98,99,109,133,137,145,148",0.00635391885087136,FALSE,24,1,37,24,13,0.648648648648649,0.928571428571429
"lasso.cv",6,100,0.33,"TRUE","TRUE","FALSE","10.7264137734273","10.1638993279107","0.562514445516634","1.167","0.048","0.071","1,2,3,4,5,6,7,8,9,10,11,12,13,14,22,31,35,40,41,45,47,73,74,88,92,96,99,101,118,125,131,142,143,151,155,156,162,164",0.00627328998913972,FALSE,24,0,38,24,14,0.631578947368421,1
"lasso.cv",60,100,0.33,"FALSE","FALSE","FALSE","11.0760913444142","9.85121622299579","1.22487512141841","1.441","0.05","0.067","1,2,3,4,5,6,7,8,9,10,11,12,13,14,16,18,26,37,45,47,49,66,70,73,82,88,102,103,104,107,115,117,126,129,138,148,149,161",0.00807437915967754,FALSE,24,0,38,24,14,0.631578947368421,1
"lasso.cv",61,100,0.33,"FALSE","FALSE","FALSE","9.72699671012172","7.54684913377856","2.18014757634316","1.628","0.053","0.084","1,2,3,4,5,6,7,8,9,10,11,12,13,14,16,17,18,20,36,39,42,49,52,56,66,68,82,103,104,109,110,121,127,128,133,151,152,162",0.00696236461305421,FALSE,24,0,38,24,14,0.631578947368421,1
"lasso.cv",62,100,0.33,"TRUE","TRUE","FALSE","9.76799590591407","9.29673506742463","0.471260838489433","0.98","0.045","0.073","1,2,3,4,5,6,7,8,9,10,11,12,13,14,16,21,35,44,50,53,82,92,99,101,105,107,111,118,136,141,142,150,153,159,163",0.00426831942792861,FALSE,21,0,35,21,14,0.6,1
"lasso.cv",63,100,0.33,"FALSE","FALSE","FALSE","8.76789180074803","7.81773054364275","0.950161257105283","1.087","0.049","0.072","1,2,3,4,5,6,7,8,9,10,11,12,13,14,19,20,21,32,45,63,72,73,79,88,96,106,108,109,120,121,123,127,131,133,136,138,144,155,157,164",0.00910166097498491,FALSE,26,0,40,26,14,0.65,1
"lasso.cv",64,100,0.33,"FALSE","FALSE","FALSE","9.41767639011548","8.50060480680656","0.917071583308919","0.95","0.047","0.065","1,2,3,4,5,6,8,10,11,12,13,14,16,18,33,44,55,63,72,74,86,88,96,99,103,111,112,114,132,139,144,145,147",0.00800694515970208,FALSE,21,2,33,21,12,0.636363636363636,0.857142857142857
"lasso.cv",65,100,0.33,"FALSE","FALSE","FALSE","9.27857486453491","8.87749430700593","0.401080557528979","0.988","0.048","0.063","1,2,3,4,5,6,7,8,9,10,11,12,13,14,16,22,23,24,42,47,54,55,63,65,67,85,87,96,99,105,120,125,140,142,150,159,160",0.00529156883897537,FALSE,23,0,37,23,14,0.621621621621622,1
"lasso.cv",66,100,0.33,"FALSE","FALSE","FALSE","11.6862977613944","9.74932008096301","1.93697768043138","1.194","0.047","0.073","1,2,3,4,5,6,7,9,10,11,12,13,14,16,17,18,22,25,32,33,45,46,48,57,58,61,66,75,78,80,82,83,87,88,91,103,104,105,106,107,113,123,127,134,142,152",0.00957965930739923,FALSE,33,1,46,33,13,0.717391304347826,0.928571428571429
"lasso.cv",67,100,0.33,"FALSE","FALSE","FALSE","9.9328499068419","9.40518725889453","0.527662647947373","0.859","0.051","0.061","1,2,3,4,5,6,8,9,10,11,12,13,14,16,17,20,21,31,41,42,55,66,68,69,74,78,84,87,98,100,110,111,112,124,127,129,135,136,143,150,159,162",0.00605629214264292,FALSE,29,1,42,29,13,0.69047619047619,0.928571428571429
"lasso.cv",68,100,0.33,"FALSE","FALSE","FALSE","9.42666568581024","9.05798174592397","0.368683939886265","0.681","0.049","0.064","1,2,3,4,5,6,7,8,9,10,11,12,13,14,16,24,32,35,51,60,63,65,75,79,88,107,110,111,113,114,123,130,142,160",0.00586405872719719,FALSE,20,0,34,20,14,0.588235294117647,1
"lasso.cv",69,100,0.33,"FALSE","FALSE","FALSE","9.7224354246043","8.09684246131991","1.62559296328438","1.203","0.047","0.078","1,2,3,4,5,6,7,8,9,10,11,12,13,14,17,28,30,38,41,44,46,50,57,58,64,66,72,74,87,88,93,102,107,108,113,115,116,123,128,142,146,149,153,157,162",0.0104159315167187,FALSE,31,0,45,31,14,0.688888888888889,1
"lasso.cv",7,100,0.33,"FALSE","FALSE","FALSE","10.4058412630845","10.1158346390346","0.290006624049996","0.871","0.046","0.07","1,2,3,4,5,6,7,8,9,10,11,12,13,14,16,18,23,47,49,55,64,73,84,90,102,105,110,120,123,136,138,140,145,149,162",0.00491288480554378,FALSE,21,0,35,21,14,0.6,1
"lasso.cv",70,100,0.33,"FALSE","FALSE","FALSE","9.39176940785114","7.50923765445783","1.88253175339331","1.036","0.054","0.081","1,2,3,4,5,6,7,8,9,10,11,12,13,14,15,16,17,26,41,49,52,53,54,59,66,70,72,74,75,76,88,92,93,95,98,100,105,114,117,122,127,129,135,136,140,145,148,152,162",0.0123175616828304,FALSE,35,0,49,35,14,0.714285714285714,1
"lasso.cv",71,100,0.33,"FALSE","FALSE","FALSE","9.1574010743769","7.39329646489182","1.76410460948508","0.808","0.048","0.066","1,2,3,4,5,6,7,9,10,11,12,13,14,26,39,47,53,54,61,62,65,70,75,82,88,92,98,99,101,107,124,127,135,149,151,159,162",0.00922759173377749,FALSE,24,1,37,24,13,0.648648648648649,0.928571428571429
"lasso.cv",72,100,0.33,"FALSE","FALSE","FALSE","9.68187291487721","8.31156937121954","1.37030354365767","1.383","0.046","0.076","1,2,3,4,5,6,7,8,10,11,12,13,14,17,24,26,28,30,45,76,84,85,87,93,100,104,105,108,116,121,123,125,136,138,155,157",0.00952916498691577,FALSE,23,1,36,23,13,0.638888888888889,0.928571428571429
"lasso.cv",73,100,0.33,"FALSE","FALSE","FALSE","10.4879965003456","9.96146621369076","0.526530286654801","0.796","0.049","0.072","1,2,3,4,5,6,7,9,10,11,12,13,14,15,16,20,24,26,31,52,55,65,72,73,74,75,76,79,82,85,86,89,92,93,94,96,99,100,107,131,138,144,146,162",0.00879090702538968,FALSE,31,1,44,31,13,0.704545454545455,0.928571428571429
"lasso.cv",74,100,0.33,"FALSE","FALSE","FALSE","9.56169895952763","8.45978418196602","1.10191477756161","1.265","0.047","0.073","1,2,3,4,5,6,7,8,9,10,11,12,13,14,24,26,29,31,32,37,45,53,59,68,69,73,74,76,82,84,90,91,93,96,100,103,115,121,131,136,139,145,148,155,162",0.00912415345159538,FALSE,31,0,45,31,14,0.688888888888889,1
"lasso.cv",75,100,0.33,"FALSE","FALSE","FALSE","9.2522079132149","8.74734932381039","0.504858589404514","1.179","0.045","0.068","1,2,3,4,5,6,7,8,9,10,11,12,13,14,17,18,32,33,46,49,55,56,59,61,65,70,72,77,79,83,93,102,111,125,135,140,142,145,157,162",0.0046360652217938,FALSE,26,0,40,26,14,0.65,1
"lasso.cv",76,100,0.33,"FALSE","FALSE","FALSE","9.54840198666859","8.23195732618908","1.31644466047951","0.793","0.045","0.058","1,2,3,4,5,6,7,8,9,10,11,12,13,14,39,42,49,52,56,66,67,73,76,86,93,96,99,104,105,107,114,121,130,140,149,152,162",0.00708315106375232,FALSE,23,0,37,23,14,0.621621621621622,1
"lasso.cv",77,100,0.33,"FALSE","FALSE","FALSE","9.55799696558914","9.09278894873169","0.465208016857446","0.751","0.045","0.071","1,2,3,4,5,6,7,8,9,10,11,12,13,14,15,17,22,27,31,45,49,52,54,64,73,80,82,89,91,99,102,108,125,140,144,154,156,158,162",0.00634032166700744,FALSE,25,0,39,25,14,0.641025641025641,1
"lasso.cv",78,100,0.33,"FALSE","FALSE","FALSE","9.05988468928876","7.65731591729811","1.40256877199065","0.73","0.048","0.083","1,2,3,4,5,6,7,8,10,11,12,13,14,17,20,26,36,39,43,45,53,68,73,76,81,82,88,89,90,92,93,98,99,100,101,103,109,111,115,127,129,135,136,145,146,147,148,154,155,159,161,163",0.00844176152014065,FALSE,39,1,52,39,13,0.75,0.928571428571429
"lasso.cv",79,100,0.33,"FALSE","FALSE","FALSE","8.60301856475772","8.14389357534162","0.459124989416098","0.637","0.045","0.058","1,2,3,4,5,6,7,8,9,10,11,12,13,14,17,18,20,23,27,35,37,40,45,47,49,65,70,82,88,93,99,109,119,123,131,138,160",0.00592943536584842,FALSE,23,0,37,23,14,0.621621621621622,1
"lasso.cv",8,100,0.33,"FALSE","FALSE","FALSE","9.14072158013195","8.34796515555902","0.792756424572936","0.937","0.051","0.073","1,2,3,4,5,6,7,8,9,10,11,12,13,14,15,18,32,34,49,50,52,55,59,61,66,70,73,85,105,108,123,129,138,146,148,156,158",0.0101038714563126,FALSE,23,0,37,23,14,0.621621621621622,1
"lasso.cv",80,100,0.33,"FALSE","FALSE","FALSE","9.87348719284923","8.92691907306849","0.946568119780741","1.056","0.044","0.074","1,2,3,4,5,6,7,9,10,11,12,13,14,17,24,28,31,32,45,47,49,53,55,67,77,88,92,99,100,103,108,145,148,158,162",0.00831087572707319,FALSE,22,1,35,22,13,0.628571428571429,0.928571428571429
"lasso.cv",81,100,0.33,"FALSE","FALSE","FALSE","10.0457724332536","9.44491718173224","0.600855251521308","0.931","0.045","0.068","1,2,3,4,5,6,7,8,9,10,11,12,13,14,16,19,27,28,30,31,38,44,49,59,64,70,75,79,82,87,88,89,90,98,105,108,109,134,137,138,140,142,154",0.0119867277991714,FALSE,29,0,43,29,14,0.674418604651163,1
"lasso.cv",82,100,0.33,"FALSE","FALSE","FALSE","9.42354612060642","7.40195989044124","2.02158623016518","1.152","0.048","0.062","1,2,3,4,5,6,7,8,9,10,11,12,13,14,15,16,20,27,33,49,55,64,70,73,74,77,80,103,104,107,111,113,114,120,125,136,140,142,143,144,147",0.00981024692901251,FALSE,27,0,41,27,14,0.658536585365854,1
"lasso.cv",83,100,0.33,"FALSE","FALSE","FALSE","10.3897142165128","9.10307094718431","1.28664326932853","1.122","0.047","0.07","1,2,3,4,5,6,7,8,9,10,11,12,13,14,16,18,20,30,31,37,45,46,47,49,52,54,57,66,67,82,84,88,92,96,99,100,110,111,119,127,137,146,147,149,150,157",0.00942216370498031,FALSE,32,0,46,32,14,0.695652173913043,1
"lasso.cv",84,100,0.33,"FALSE","FALSE","FALSE","10.8576744408684","9.74497276470018","1.11270167616823","1.354","0.054","0.074","1,2,3,4,5,6,7,8,9,10,11,12,13,14,16,25,31,32,41,45,52,54,56,58,59,61,65,70,73,75,77,84,102,104,107,109,110,123,124,134,138,140,144,147,148,149,151,156,157,159",0.00845583947308735,FALSE,36,0,50,36,14,0.72,1
"lasso.cv",85,100,0.33,"FALSE","FALSE","FALSE","8.56542179343892","6.35600911452205","2.20941267891687","1.937","0.052","0.082","1,2,3,5,6,7,9,10,11,12,13,14,15,25,31,35,40,47,52,54,61,63,70,72,75,80,84,88,96,102,106,107,108,109,111,119,120,121,132,142,148,151,157,162",0.0179348041988213,FALSE,32,2,44,32,12,0.727272727272727,0.857142857142857
"lasso.cv",86,100,0.33,"FALSE","FALSE","FALSE","9.68323625637772","8.74198826262","0.941247993757721","0.889","0.042","0.057","1,2,3,4,5,6,7,8,9,10,11,12,13,14,16,26,28,30,45,53,66,77,79,86,87,96,99,100,101,109,122,125,127,136,139,152,155,158,162",0.0042500798886717,FALSE,25,0,39,25,14,0.641025641025641,1
"lasso.cv",87,100,0.33,"FALSE","FALSE","FALSE","9.97983887413431","9.59789599681611","0.381942877318196","0.894","0.049","0.067","1,2,3,4,5,6,7,8,9,10,11,12,13,14,16,18,23,27,31,32,35,37,41,44,52,54,57,61,63,66,70,72,74,89,90,93,98,99,103,107,109,119,122,127,142,143,145,151,155",0.00905194030978172,FALSE,35,0,49,35,14,0.714285714285714,1
"lasso.cv",88,100,0.33,"FALSE","FALSE","FALSE","9.32702912468941","8.87149392609505","0.455535198594362","0.814","0.046","0.061","1,2,3,4,5,6,7,9,10,11,12,13,14,18,22,31,47,48,49,64,73,74,82,96,99,105,106,108,111,115,117,138,141,142,143,144,147,148,157,158,160,161",0.00783114653178581,FALSE,29,1,42,29,13,0.69047619047619,0.928571428571429
"lasso.cv",89,100,0.33,"FALSE","FALSE","FALSE","10.5359563553663","10.0558884983406","0.480067857025633","0.919","0.046","0.069","1,2,3,4,5,6,8,9,10,11,12,13,14,16,18,30,32,34,39,42,45,46,47,49,52,56,58,61,66,68,73,74,76,84,86,90,93,96,103,104,114,117,120,123,131,139,157,161",0.0139214193066657,FALSE,35,1,48,35,13,0.729166666666667,0.928571428571429
"lasso.cv",9,100,0.33,"FALSE","FALSE","FALSE","11.4699189693491","10.5150184741242","0.954900495224959","1.726","0.053","0.076","1,2,3,4,5,6,7,8,9,10,11,12,13,14,17,30,31,32,45,50,55,56,65,68,72,76,83,93,99,100,103,108,109,111,115,123,125,126,127,130,135,137,142,143,153,160",0.0091385924806104,FALSE,32,0,46,32,14,0.695652173913043,1
"lasso.cv",90,100,0.33,"FALSE","FALSE","FALSE","9.07793585145078","8.1423373204303","0.935598531020475","0.863","0.044","0.065","1,2,3,4,5,6,9,10,11,12,13,14,17,31,42,47,49,53,55,82,86,91,93,103,115,123,127,128,135,140,141,158,162,163,164",0.00773894033904371,FALSE,23,2,35,23,12,0.657142857142857,0.857142857142857
"lasso.cv",91,100,0.33,"FALSE","FALSE","FALSE","9.31642768689171","8.5705567329155","0.74587095397621","0.79","0.046","0.068","1,2,3,4,5,6,7,8,9,10,11,12,13,14,16,18,21,23,25,28,50,51,66,72,84,88,94,99,103,124,125,126,127,132,135,136,138,144",0.00816369501630085,FALSE,24,0,38,24,14,0.631578947368421,1
"lasso.cv",92,100,0.33,"FALSE","FALSE","FALSE","8.82212927369573","8.25881052726775","0.563318746427984","0.88","0.044","0.062","1,2,3,4,5,6,7,9,10,11,12,13,14,15,16,22,24,26,29,36,49,59,64,73,93,96,98,99,102,104,109,112,115,121,133,139,142,148,151,158,162",0.0109180349931734,FALSE,28,1,41,28,13,0.682926829268293,0.928571428571429
"lasso.cv",93,100,0.33,"FALSE","FALSE","FALSE","9.30592519618381","7.09940241645296","2.20652277973085","1.529","0.055","0.086","1,2,4,5,6,7,8,9,10,11,12,13,14,20,24,27,38,39,44,49,55,57,60,61,64,67,73,75,78,83,88,97,102,105,107,108,112,120,122,123,133,138,141,142,144,147,148,149,152,161,162",0.0134737530906355,FALSE,38,1,51,38,13,0.745098039215686,0.928571428571429
"lasso.cv",94,100,0.33,"FALSE","FALSE","FALSE","9.40006704921584","8.11984529568084","1.280221753535","0.801","0.046","0.065","1,2,3,4,5,6,7,8,9,10,11,12,13,14,17,18,25,31,36,41,58,70,72,84,93,98,103,109,110,120,125,131,133,134,138,140,142,146,149,151,155,161,162",0.0073550790985057,FALSE,29,0,43,29,14,0.674418604651163,1
"lasso.cv",95,100,0.33,"FALSE","FALSE","FALSE","10.2717959371299","8.68571873175909","1.5860772053708","1.613","0.059","0.074","1,2,3,4,5,6,7,8,9,10,11,12,13,14,16,17,18,23,27,32,34,38,49,52,69,70,80,81,82,83,85,93,96,99,103,105,107,109,111,119,120,121,123,126,134,136,138,142,145,155,159,163,164",0.011523505037925,FALSE,39,0,53,39,14,0.735849056603774,1
"lasso.cv",96,100,0.33,"FALSE","FALSE","FALSE","10.8388036583135","8.96995009748584","1.86885356082769","1.318","0.048","0.068","1,2,3,4,5,6,7,8,10,11,12,13,14,23,28,31,32,37,42,45,51,56,70,72,79,84,88,94,99,100,109,115,117,120,124,132,140,145,151",0.0101192911067097,FALSE,26,1,39,26,13,0.666666666666667,0.928571428571429
"lasso.cv",97,100,0.33,"FALSE","FALSE","FALSE","9.82684734043191","8.27379070934104","1.55305663109086","1.38","0.047","0.071","1,2,3,4,5,6,8,9,10,11,12,13,14,15,17,19,27,29,31,35,36,38,39,45,49,51,53,56,58,59,61,62,64,70,75,82,86,89,92,93,95,98,101,108,112,115,133,135,137,144,154,157,159",0.01095977271852,FALSE,40,1,53,40,13,0.754716981132076,0.928571428571429
"lasso.cv",98,100,0.33,"FALSE","FALSE","FALSE","9.21364126676695","8.00137958217278","1.21226168459417","1.287","0.048","0.07","1,2,3,4,5,6,8,9,10,11,12,13,14,15,19,31,38,41,49,51,59,62,69,72,74,76,83,87,88,92,93,98,100,104,107,114,136,147,162,164",0.0113840751115311,FALSE,27,1,40,27,13,0.675,0.928571428571429
"lasso.cv",99,100,0.33,"FALSE","FALSE","FALSE","9.28365291591022","9.0059904112206","0.27766250468962","0.535","0.052","0.071","1,2,3,4,5,6,7,8,9,10,11,12,13,14,18,19,20,27,30,31,35,37,40,54,57,61,72,88,98,100,102,103,108,125,127,130,143,145,158,159,162",0.0100533106105747,FALSE,27,0,41,27,14,0.658536585365854,1
"S.A",1,100,0.33,"TRUE","TRUE","FALSE","11.5924367400067","11.0949779748337","0.497458765173065","1.407","0.048","0.076","1,2,3,4,5,6,9,10,11,12,13,14",0.00459025208544842,FALSE,0,2,12,0,12,0,0.857142857142857
"S.A",10,100,0.33,"FALSE","FALSE","FALSE","9.76785326135247","9.26811547220852","0.499737789143949","1.08","0.049","0.068","1,3,5,6,8,10,11,12,14",0.0162696235547183,FALSE,0,5,9,0,9,0,0.642857142857143
"S.A",100,100,0.33,"FALSE","FALSE","FALSE","10.2351384468549","8.39860498016227","1.83653346669258","1.295","0.046","0.068","1,3,5,6,10,11,12,14,94",0.0204343327264928,FALSE,1,6,9,1,8,0.111111111111111,0.571428571428571
"S.A",11,100,0.33,"FALSE","FALSE","FALSE","8.81757390249955","7.47098118270807","1.34659271979149","1.285","0.049","0.07","1,3,5,6,10,12,13,14",0.024389400835445,FALSE,0,6,8,0,8,0,0.571428571428571
"S.A",12,100,0.33,"FALSE","FALSE","FALSE","11.130169273999","10.7059034072529","0.424265866746088","0.921","0.05","0.067","1,2,3,4,5,6,10,11,12,13,14",0.00636978816271784,FALSE,0,3,11,0,11,0,0.785714285714286
"S.A",13,100,0.33,"FALSE","FALSE","FALSE","10.6146316982724","10.1949896413895","0.419642056882918","1.02","0.051","0.071","1,3,4,5,6,10,11,12,13,14",0.00857107422077449,FALSE,0,4,10,0,10,0,0.714285714285714
"S.A",14,100,0.33,"FALSE","FALSE","FALSE","8.43540804772388","7.59376641492112","0.841641632802762","1.49","0.057","0.075","1,2,4,5,6,10,11,12",0.0201638278445644,FALSE,0,6,8,0,8,0,0.571428571428571
"S.A",15,100,0.33,"FALSE","FALSE","FALSE","11.6676339594215","8.60687344356575","3.06076051585579","1.574","0.056","0.086","1,2,3,5,6,8,10,12,14,37,42,75",0.0215167840104933,FALSE,3,5,12,3,9,0.25,0.642857142857143
"S.A",16,100,0.33,"FALSE","FALSE","FALSE","9.33003155752637","8.94891834000629","0.381113217520079","0.643","0.047","0.071","1,3,5,6,10,11,12,13,14",0.0130564554001445,FALSE,0,5,9,0,9,0,0.642857142857143
"S.A",17,100,0.33,"FALSE","FALSE","FALSE","9.27981317575427","7.68669673191295","1.59311644384131","1.083","0.05","0.077","1,2,4,5,6,10,11,97",0.0339726674041948,FALSE,1,7,8,1,7,0.125,0.5
"S.A",18,100,0.33,"FALSE","FALSE","FALSE","11.046525466974","8.95598819953727","2.09053726743675","1.857","0.054","0.085","1,2,4,5,6,8,10,11,12,13,30",0.012037207776486,FALSE,1,4,11,1,10,0.0909090909090909,0.714285714285714
"S.A",19,100,0.33,"FALSE","FALSE","FALSE","10.2771454553051","9.30045945070013","0.976686004604954","1.142","0.052","0.078","2,4,5,6,9,10,11,12,13,99",0.0196137922364256,FALSE,1,5,10,1,9,0.1,0.642857142857143
"S.A",2,100,0.33,"FALSE","FALSE","FALSE","9.58313009626961","7.44322173923908","2.13990835703054","1.788","0.053","0.088","1,3,5,6,10,12,13,14,66",0.0236169654398033,FALSE,1,6,9,1,8,0.111111111111111,0.571428571428571
"S.A",20,100,0.33,"FALSE","FALSE","FALSE","10.4765296271474","8.97470770861519","1.50182191853226","0.845","0.05","0.069","1,3,5,6,10,11,12,13,14,91",0.015443225604515,FALSE,1,5,10,1,9,0.1,0.642857142857143
"S.A",21,100,0.33,"FALSE","FALSE","FALSE","10.1058563227124","9.45972127558454","0.646135047127898","1.112","0.051","0.073","1,2,3,5,6,8,10,11,12,14",0.0110951803222738,FALSE,0,4,10,0,10,0,0.714285714285714
"S.A",22,100,0.33,"FALSE","FALSE","FALSE","10.4400139244654","9.17270032161354","1.26731360285182","1.108","0.051","0.074","1,2,3,5,6,8,10,11,12,14,42",0.0133142727387718,FALSE,1,4,11,1,10,0.0909090909090909,0.714285714285714
"S.A",23,100,0.33,"FALSE","FALSE","FALSE","9.70219118986327","9.24605431732963","0.456136872533645","1.121","0.052","0.073","1,3,5,6,10,11,12,13,14",0.0147403346602273,FALSE,0,5,9,0,9,0,0.642857142857143
"S.A",24,100,0.33,"FALSE","FALSE","FALSE","10.9672496334113","9.71799110059212","1.2492585328192","0.919","0.05","0.071","1,2,4,5,6,8,9,10,11,12,149",0.0145193516910363,FALSE,1,4,11,1,10,0.0909090909090909,0.714285714285714
"S.A",25,100,0.33,"FALSE","FALSE","FALSE","9.44982604736879","8.9343329744992","0.515493072869591","0.838","0.052","0.081","1,3,5,6,10,11,12,13,14",0.0132202420171641,FALSE,0,5,9,0,9,0,0.642857142857143
"S.A",26,100,0.33,"FALSE","FALSE","FALSE","8.77572144647243","8.07454049743316","0.70118094903927","0.919","0.051","0.065","1,3,5,6,10,12,13,14",0.0215403723830559,FALSE,0,6,8,0,8,0,0.571428571428571
"S.A",27,100,0.33,"FALSE","FALSE","FALSE","10.4962201127883","9.70463342872475","0.791586684063536","1.112","0.049","0.087","1,2,4,5,6,9,10,11,12,13",0.0125136323841564,FALSE,0,4,10,0,10,0,0.714285714285714
"S.A",28,100,0.33,"FALSE","FALSE","FALSE","10.1318618663188","9.14311773833621","0.988744127982587","1.409","0.048","0.071","1,2,5,6,10,11,12,13,14",0.0145985300209705,FALSE,0,5,9,0,9,0,0.642857142857143
"S.A",29,100,0.33,"FALSE","FALSE","FALSE","10.036669591413","8.50907910756997","1.52759048384303","1.285","0.051","0.08","1,3,5,6,10,12,13,14,152",0.0243844519764198,FALSE,1,6,9,1,8,0.111111111111111,0.571428571428571
"S.A",3,100,0.33,"FALSE","FALSE","FALSE","10.8518128825263","10.5554619347936","0.296350947732668","0.782","0.053","0.077","1,2,3,4,5,6,8,10,11,12,14",0.00903910191940866,FALSE,0,3,11,0,11,0,0.785714285714286
"S.A",30,100,0.33,"FALSE","FALSE","FALSE","9.32573292197749","8.33300761764172","0.992725304335776","0.889","0.049","0.068","1,3,5,6,10,11,12,14,81",0.0211409075757871,FALSE,1,6,9,1,8,0.111111111111111,0.571428571428571
"S.A",31,100,0.33,"FALSE","FALSE","FALSE","8.95695918965987","8.35869986795278","0.598259321707088","1.015","0.058","0.082","2,4,5,6,7,8,10,11",0.0322057373824919,FALSE,0,6,8,0,8,0,0.571428571428571
"S.A",32,100,0.33,"FALSE","FALSE","FALSE","9.34181275084827","8.47061261124529","0.871200139602974","1.428","0.05","0.075","4,5,6,7,9,11,12,13",0.0311334146312382,FALSE,0,6,8,0,8,0,0.571428571428571
"S.A",33,100,0.33,"FALSE","FALSE","FALSE","10.1476056797915","9.55238869012611","0.595216989665385","1.034","0.046","0.072","1,3,5,6,8,10,11,12,14",0.0165078812921307,FALSE,0,5,9,0,9,0,0.642857142857143
"S.A",34,100,0.33,"FALSE","FALSE","FALSE","10.4971140295259","9.7151188134603","0.781995216065569","1.072","0.052","0.065","1,2,3,4,5,6,10,11,12,13",0.0102258888475716,FALSE,0,4,10,0,10,0,0.714285714285714
"S.A",35,100,0.33,"FALSE","FALSE","FALSE","11.4146454425816","9.88204909812748","1.53259634445413","1.111","0.054","0.075","1,2,4,5,6,9,10,11,12,13,77",0.0148484457293392,FALSE,1,4,11,1,10,0.0909090909090909,0.714285714285714
"S.A",36,100,0.33,"FALSE","FALSE","FALSE","9.10907911633759","8.35648570588926","0.752593410448328","0.851","0.045","0.068","1,3,5,6,10,11,12,13,14",0.0158805194043749,FALSE,0,5,9,0,9,0,0.642857142857143
"S.A",37,100,0.33,"FALSE","FALSE","FALSE","9.41315754675706","8.56981716622172","0.843340380535349","1.049","0.048","0.063","1,3,5,6,10,12,13,14",0.0214445257387597,FALSE,0,6,8,0,8,0,0.571428571428571
"S.A",38,100,0.33,"FALSE","FALSE","FALSE","10.3203309044361","8.36399600746256","1.95633489697354","1.275","0.055","0.078","1,3,5,6,10,12,13,14,16,36",0.0226272147924496,FALSE,2,6,10,2,8,0.2,0.571428571428571
"S.A",39,100,0.33,"FALSE","FALSE","FALSE","9.49823901624473","8.0318564405883","1.46638257565643","1.553","0.057","0.085","1,2,4,5,6,10,11,12,137",0.0194418215108316,FALSE,1,6,9,1,8,0.111111111111111,0.571428571428571
"S.A",4,100,0.33,"FALSE","FALSE","FALSE","9.7408590201535","8.79647319736048","0.944385822793012","0.926","0.05","0.074","1,3,5,6,10,11,12,13,14",0.0154720910493074,FALSE,0,5,9,0,9,0,0.642857142857143
"S.A",40,100,0.33,"FALSE","FALSE","FALSE","8.96025493198104","8.30764408987704","0.652610842103991","1.326","0.053","0.081","1,2,4,6,7,10,11,13,14",0.0226802977856814,FALSE,0,5,9,0,9,0,0.642857142857143
"S.A",41,100,0.33,"FALSE","FALSE","FALSE","10.5722661467719","10.2602736664843","0.311992480287591","1.015","0.048","0.072","1,3,4,5,6,9,10,11,12,13",0.0107592191803616,FALSE,0,4,10,0,10,0,0.714285714285714
"S.A",42,100,0.33,"FALSE","FALSE","FALSE","9.94409706046252","9.16686821249228","0.777228847970238","1.297","0.05","0.079","1,3,5,6,10,11,12,14",0.0214708576655383,FALSE,0,6,8,0,8,0,0.571428571428571
"S.A",43,100,0.33,"FALSE","FALSE","FALSE","9.28582766401426","8.63928915932499","0.646538504689268","0.906","0.046","0.073","1,2,3,5,6,10,12,13,14",0.0181039285051001,FALSE,0,5,9,0,9,0,0.642857142857143
"S.A",44,100,0.33,"FALSE","FALSE","FALSE","10.8075473312771","10.5071682053038","0.300379125973355","0.966","0.047","0.071","2,4,5,6,7,9,10,11,12,13",0.0206244565228459,FALSE,0,4,10,0,10,0,0.714285714285714
"S.A",45,100,0.33,"FALSE","FALSE","FALSE","10.4615028979385","9.49123980228508","0.970263095653447","1.652","0.056","0.079","2,4,5,6,7,8,9,10,11,12",0.0173458846951947,FALSE,0,4,10,0,10,0,0.714285714285714
"S.A",46,100,0.33,"FALSE","FALSE","FALSE","9.64156732417505","8.29709190565259","1.34447541852246","1.31","0.053","0.08","1,3,5,6,10,12,13,14,82",0.0215913938783046,FALSE,1,6,9,1,8,0.111111111111111,0.571428571428571
"S.A",47,100,0.33,"TRUE","TRUE","FALSE","11.3244279573117","10.8100053925121","0.514422564799666","1.012","0.048","0.059","1,2,3,4,5,6,8,10,11,12,14",0.00727362506612099,FALSE,0,3,11,0,11,0,0.785714285714286
"S.A",48,100,0.33,"FALSE","FALSE","FALSE","9.79987312522627","9.33992710341109","0.459946021815175","1.107","0.046","0.072","1,2,3,5,6,10,11,12,14",0.0148069169724105,FALSE,0,5,9,0,9,0,0.642857142857143
"S.A",49,100,0.33,"FALSE","FALSE","FALSE","10.9580152266903","9.41265511229799","1.54536011439234","1.571","0.051","0.075","1,4,5,6,10,11,12,13,14,144",0.0137648273618749,FALSE,1,5,10,1,9,0.1,0.642857142857143
"S.A",5,100,0.33,"FALSE","FALSE","FALSE","8.81353977807005","8.15967565797811","0.653864120091946","1.25","0.046","0.076","1,3,5,6,10,11,12,13,14",0.0152982484933098,FALSE,0,5,9,0,9,0,0.642857142857143
"S.A",50,100,0.33,"FALSE","FALSE","FALSE","8.98593006493083","8.47197556143831","0.513954503492515","0.925","0.048","0.066","1,2,3,5,6,8,10,11,14",0.0228856329428893,FALSE,0,5,9,0,9,0,0.642857142857143
"S.A",51,100,0.33,"FALSE","FALSE","FALSE","8.56731036322373","7.56258903012299","1.00472133310074","1.174","0.049","0.077","1,3,6,10,12,13,14",0.0352873871166215,FALSE,0,7,7,0,7,0,0.5
"S.A",52,100,0.33,"TRUE","TRUE","FALSE","10.9109462794951","9.85835980629781","1.05258647319724","1.515","0.046","0.071","2,4,5,6,7,8,9,10,11,14,133",0.0205263623581178,FALSE,1,4,11,1,10,0.0909090909090909,0.714285714285714
"S.A",53,100,0.33,"FALSE","FALSE","FALSE","8.92498596275407","8.25233499184307","0.672650970910999","1.1","0.049","0.073","1,2,3,5,6,10,11,14",0.0250717132263823,FALSE,0,6,8,0,8,0,0.571428571428571
"S.A",54,100,0.33,"FALSE","FALSE","FALSE","9.01784241054264","8.0997190276171","0.918123382925547","0.856","0.046","0.067","1,3,5,6,10,12,13,14,42",0.0210163519795065,FALSE,1,6,9,1,8,0.111111111111111,0.571428571428571
"S.A",55,100,0.33,"FALSE","FALSE","FALSE","9.55926723677468","9.19966886823211","0.359598368542573","0.815","0.045","0.065","1,3,5,6,10,11,12,13,14",0.0146978285522357,FALSE,0,5,9,0,9,0,0.642857142857143
"S.A",56,100,0.33,"FALSE","FALSE","FALSE","9.98228309032157","9.47201961357628","0.510263476745294","1.283","0.048","0.073","2,4,5,6,7,9,11,12,13",0.0222727512510836,FALSE,0,5,9,0,9,0,0.642857142857143
"S.A",57,100,0.33,"FALSE","FALSE","FALSE","9.14473183183278","8.44979942735607","0.694932404476713","1.396","0.05","0.07","1,3,5,6,10,12,13,14",0.0211661400156683,FALSE,0,6,8,0,8,0,0.571428571428571
"S.A",58,100,0.33,"FALSE","FALSE","FALSE","10.1865978107722","7.94467286899461","2.24192494177759","1.579","0.053","0.086","1,3,5,6,10,12,13,14,82,94",0.0254924898062814,FALSE,2,6,10,2,8,0.2,0.571428571428571
"S.A",59,100,0.33,"FALSE","FALSE","FALSE","9.39569768175751","8.73239699094489","0.66330069081262","2.242","0.046","0.058","1,3,5,6,10,11,12,14",0.01930174454938,FALSE,0,6,8,0,8,0,0.571428571428571
"S.A",6,100,0.33,"TRUE","TRUE","FALSE","10.7264137734273","10.1638993279107","0.562514445516634","1.167","0.048","0.071","1,2,3,4,5,6,8,10,11,12",0.0115011145905192,FALSE,0,4,10,0,10,0,0.714285714285714
"S.A",60,100,0.33,"FALSE","FALSE","FALSE","11.0760913444142","9.85121622299579","1.22487512141841","1.441","0.05","0.067","2,3,4,5,6,9,10,11,12,13,14,107,129",0.0115335269525813,FALSE,2,3,13,2,11,0.153846153846154,0.785714285714286
"S.A",61,100,0.33,"FALSE","FALSE","FALSE","9.72699671012172","7.54684913377856","2.18014757634316","1.628","0.053","0.084","1,3,6,10,12,13,14,42,121",0.0366522269412997,FALSE,2,7,9,2,7,0.222222222222222,0.5
"S.A",62,100,0.33,"TRUE","TRUE","FALSE","9.76799590591407","9.29673506742463","0.471260838489433","0.98","0.045","0.073","2,4,5,6,7,8,9,11,12,13",0.0212588954096086,FALSE,0,4,10,0,10,0,0.714285714285714
"S.A",63,100,0.33,"FALSE","FALSE","FALSE","8.76789180074803","7.81773054364275","0.950161257105283","1.087","0.049","0.072","1,3,5,6,10,11,12,14",0.0209123484073223,FALSE,0,6,8,0,8,0,0.571428571428571
"S.A",64,100,0.33,"FALSE","FALSE","FALSE","9.41767639011548","8.50060480680656","0.917071583308919","0.95","0.047","0.065","1,3,5,6,10,11,12,14",0.0205821956483899,FALSE,0,6,8,0,8,0,0.571428571428571
"S.A",65,100,0.33,"FALSE","FALSE","FALSE","9.27857486453491","8.87749430700593","0.401080557528979","0.988","0.048","0.063","1,3,4,5,6,10,11,12,13,14",0.00858453590117637,FALSE,0,4,10,0,10,0,0.714285714285714
"S.A",66,100,0.33,"FALSE","FALSE","FALSE","11.6862977613944","9.74932008096301","1.93697768043138","1.194","0.047","0.073","1,2,4,5,6,10,11,12,13,14,32,127",0.0121782837114181,FALSE,2,4,12,2,10,0.166666666666667,0.714285714285714
"S.A",67,100,0.33,"FALSE","FALSE","FALSE","9.9328499068419","9.40518725889453","0.527662647947373","0.859","0.051","0.061","1,2,3,4,5,6,8,10,11,12",0.0110390582428288,FALSE,0,4,10,0,10,0,0.714285714285714
"S.A",68,100,0.33,"FALSE","FALSE","FALSE","9.42666568581024","9.05798174592397","0.368683939886265","0.681","0.049","0.064","1,2,4,5,6,10,11,12,13",0.014699571824121,FALSE,0,5,9,0,9,0,0.642857142857143
"S.A",69,100,0.33,"FALSE","FALSE","FALSE","9.7224354246043","8.09684246131991","1.62559296328438","1.203","0.047","0.078","1,3,5,6,10,12,13,14,36",0.021717749745072,FALSE,1,6,9,1,8,0.111111111111111,0.571428571428571
"S.A",7,100,0.33,"FALSE","FALSE","FALSE","10.4058412630845","10.1158346390346","0.290006624049996","0.871","0.046","0.07","1,2,4,5,6,9,10,11,12,13",0.0122103078860458,FALSE,0,4,10,0,10,0,0.714285714285714
"S.A",70,100,0.33,"FALSE","FALSE","FALSE","9.39176940785114","7.50923765445783","1.88253175339331","1.036","0.054","0.081","1,2,5,6,10,11,14,26,137",0.0309984259293347,FALSE,2,7,9,2,7,0.222222222222222,0.5
"S.A",71,100,0.33,"FALSE","FALSE","FALSE","9.1574010743769","7.39329646489182","1.76410460948508","0.808","0.048","0.066","1,3,5,6,10,11,14,26,101",0.0324026679567813,FALSE,2,7,9,2,7,0.222222222222222,0.5
"S.A",72,100,0.33,"FALSE","FALSE","FALSE","9.68187291487721","8.31156937121954","1.37030354365767","1.383","0.046","0.076","1,2,4,5,6,10,11,12,13",0.0142629655734825,FALSE,0,5,9,0,9,0,0.642857142857143
"S.A",73,100,0.33,"FALSE","FALSE","FALSE","10.4879965003456","9.96146621369076","0.526530286654801","0.796","0.049","0.072","1,3,4,5,6,10,11,12,13,14",0.009946586172794,FALSE,0,4,10,0,10,0,0.714285714285714
"S.A",74,100,0.33,"FALSE","FALSE","FALSE","9.56169895952763","8.45978418196602","1.10191477756161","1.265","0.047","0.073","1,3,5,6,10,12,13,14",0.022316030290671,FALSE,0,6,8,0,8,0,0.571428571428571
"S.A",75,100,0.33,"FALSE","FALSE","FALSE","9.2522079132149","8.74734932381039","0.504858589404514","1.179","0.045","0.068","2,4,5,6,7,8,9,11",0.0366292357759819,FALSE,0,6,8,0,8,0,0.571428571428571
"S.A",76,100,0.33,"FALSE","FALSE","FALSE","9.54840198666859","8.23195732618908","1.31644466047951","0.793","0.045","0.058","1,3,5,6,10,11,12,14,49",0.0217612775963302,FALSE,1,6,9,1,8,0.111111111111111,0.571428571428571
"S.A",77,100,0.33,"FALSE","FALSE","FALSE","9.55799696558914","9.09278894873169","0.465208016857446","0.751","0.045","0.071","1,2,4,5,6,10,11,12,14",0.0135966954063611,FALSE,0,5,9,0,9,0,0.642857142857143
"S.A",78,100,0.33,"FALSE","FALSE","FALSE","9.05988468928876","7.65731591729811","1.40256877199065","0.73","0.048","0.083","1,3,5,6,10,12,13,14,36",0.0240202651410645,FALSE,1,6,9,1,8,0.111111111111111,0.571428571428571
"S.A",79,100,0.33,"FALSE","FALSE","FALSE","8.60301856475772","8.14389357534162","0.459124989416098","0.637","0.045","0.058","1,3,5,6,10,12,13,14",0.0213010545996724,FALSE,0,6,8,0,8,0,0.571428571428571
"S.A",8,100,0.33,"FALSE","FALSE","FALSE","9.14072158013195","8.34796515555902","0.792756424572936","0.937","0.051","0.073","1,3,5,6,10,12,13,14",0.0234750349034197,FALSE,0,6,8,0,8,0,0.571428571428571
"S.A",80,100,0.33,"FALSE","FALSE","FALSE","9.87348719284923","8.92691907306849","0.946568119780741","1.056","0.044","0.074","1,2,3,5,6,10,11,12,14",0.0143677747466973,FALSE,0,5,9,0,9,0,0.642857142857143
"S.A",81,100,0.33,"FALSE","FALSE","FALSE","10.0457724332536","9.44491718173224","0.600855251521308","0.931","0.045","0.068","1,2,4,5,6,8,9,10,11,12",0.0142076992063443,FALSE,0,4,10,0,10,0,0.714285714285714
"S.A",82,100,0.33,"FALSE","FALSE","FALSE","9.42354612060642","7.40195989044124","2.02158623016518","1.152","0.048","0.062","3,5,6,10,12,13,14,16,80",0.0294446899076731,FALSE,2,7,9,2,7,0.222222222222222,0.5
"S.A",83,100,0.33,"FALSE","FALSE","FALSE","10.3897142165128","9.10307094718431","1.28664326932853","1.122","0.047","0.07","1,2,3,5,6,8,10,11,12,14,110",0.0160118619703037,FALSE,1,4,11,1,10,0.0909090909090909,0.714285714285714
"S.A",84,100,0.33,"FALSE","FALSE","FALSE","10.8576744408684","9.74497276470018","1.11270167616823","1.354","0.054","0.074","1,2,3,4,5,6,10,11,12,13,14",0.00558770503117169,FALSE,0,3,11,0,11,0,0.785714285714286
"S.A",85,100,0.33,"FALSE","FALSE","FALSE","8.56542179343892","6.35600911452205","2.20941267891687","1.937","0.052","0.082","1,2,5,6,10,11,12,14",0.0243251339597785,FALSE,0,6,8,0,8,0,0.571428571428571
"S.A",86,100,0.33,"FALSE","FALSE","FALSE","9.68323625637772","8.74198826262","0.941247993757721","0.889","0.042","0.057","1,3,5,6,10,12,13,14,16",0.0204750846792032,FALSE,1,6,9,1,8,0.111111111111111,0.571428571428571
"S.A",87,100,0.33,"FALSE","FALSE","FALSE","9.97983887413431","9.59789599681611","0.381942877318196","0.894","0.049","0.067","1,2,3,4,5,6,8,10,11,12",0.0114167661292902,FALSE,0,4,10,0,10,0,0.714285714285714
"S.A",88,100,0.33,"FALSE","FALSE","FALSE","9.32702912468941","8.87149392609505","0.455535198594362","0.814","0.046","0.061","1,3,4,5,6,10,11,12,13,14",0.00899129012314029,FALSE,0,4,10,0,10,0,0.714285714285714
"S.A",89,100,0.33,"FALSE","FALSE","FALSE","10.5359563553663","10.0558884983406","0.480067857025633","0.919","0.046","0.069","1,3,4,5,6,10,11,12,13,14",0.00912574550964517,FALSE,0,4,10,0,10,0,0.714285714285714
"S.A",9,100,0.33,"FALSE","FALSE","FALSE","11.4699189693491","10.5150184741242","0.954900495224959","1.726","0.053","0.076","3,4,5,6,7,8,9,10,11,12,13,14",0.00806127642046306,FALSE,0,2,12,0,12,0,0.857142857142857
"S.A",90,100,0.33,"FALSE","FALSE","FALSE","9.07793585145078","8.1423373204303","0.935598531020475","0.863","0.044","0.065","1,3,5,6,10,12,13,14",0.0228646631498498,FALSE,0,6,8,0,8,0,0.571428571428571
"S.A",91,100,0.33,"FALSE","FALSE","FALSE","9.31642768689171","8.5705567329155","0.74587095397621","0.79","0.046","0.068","1,3,5,6,10,11,12,13,14",0.0144160017772107,FALSE,0,5,9,0,9,0,0.642857142857143
"S.A",92,100,0.33,"FALSE","FALSE","FALSE","8.82212927369573","8.25881052726775","0.563318746427984","0.88","0.044","0.062","1,3,4,5,6,10,12,13,14",0.0197293125548675,FALSE,0,5,9,0,9,0,0.642857142857143
"S.A",93,100,0.33,"FALSE","FALSE","FALSE","9.30592519618381","7.09940241645296","2.20652277973085","1.529","0.055","0.086","1,4,6,9,10,12,13,14,152",0.0278056098756115,FALSE,1,6,9,1,8,0.111111111111111,0.571428571428571
"S.A",94,100,0.33,"FALSE","FALSE","FALSE","9.40006704921584","8.11984529568084","1.280221753535","0.801","0.046","0.065","1,3,5,6,10,12,13,14,36",0.0246557770029858,FALSE,1,6,9,1,8,0.111111111111111,0.571428571428571
"S.A",95,100,0.33,"FALSE","FALSE","FALSE","10.2717959371299","8.68571873175909","1.5860772053708","1.613","0.059","0.074","1,2,3,4,5,6,8,10,11,12",0.0115206254491414,FALSE,0,4,10,0,10,0,0.714285714285714
"S.A",96,100,0.33,"FALSE","FALSE","FALSE","10.8388036583135","8.96995009748584","1.86885356082769","1.318","0.048","0.068","1,2,3,5,6,10,11,12,14,42",0.0141101215448198,FALSE,1,5,10,1,9,0.1,0.642857142857143
"S.A",97,100,0.33,"FALSE","FALSE","FALSE","9.82684734043191","8.27379070934104","1.55305663109086","1.38","0.047","0.071","1,3,5,6,10,12,13,14,36",0.0225557901853184,FALSE,1,6,9,1,8,0.111111111111111,0.571428571428571
"S.A",98,100,0.33,"FALSE","FALSE","FALSE","9.21364126676695","8.00137958217278","1.21226168459417","1.287","0.048","0.07","1,3,5,6,10,12,13,14",0.02205163455163,FALSE,0,6,8,0,8,0,0.571428571428571
"S.A",99,100,0.33,"FALSE","FALSE","FALSE","9.28365291591022","9.0059904112206","0.27766250468962","0.535","0.052","0.071","3,4,5,6,7,9,11,12,13",0.0229171720673108,FALSE,0,5,9,0,9,0,0.642857142857143
"S.A.b",1,100,0.33,"TRUE","TRUE","FALSE","11.5924367400067","11.0949779748337","0.497458765173065","1.407","0.048","0.076","1,2,3,4,5,6,8,9,10,11,12,13,14",0.0031641393383163,FALSE,0,1,13,0,13,0,0.928571428571429
"S.A.b",10,100,0.33,"FALSE","FALSE","FALSE","9.76785326135247","9.26811547220852","0.499737789143949","1.08","0.049","0.068","1,2,3,4,5,6,8,9,10,11,12,13,14",0.00187371583122623,FALSE,0,1,13,0,13,0,0.928571428571429
"S.A.b",100,100,0.33,"FALSE","FALSE","FALSE","10.2351384468549","8.39860498016227","1.83653346669258","1.295","0.046","0.068","1,2,3,4,5,6,10,11,12,13,14,59,99",0.0098711430512661,FALSE,2,3,13,2,11,0.153846153846154,0.785714285714286
"S.A.b",11,100,0.33,"FALSE","FALSE","FALSE","8.81757390249955","7.47098118270807","1.34659271979149","1.285","0.049","0.07","1,2,3,4,5,6,7,9,10,11,12,13,14",0.00321512585107256,FALSE,0,1,13,0,13,0,0.928571428571429
"S.A.b",12,100,0.33,"FALSE","FALSE","FALSE","11.130169273999","10.7059034072529","0.424265866746088","0.921","0.05","0.067","1,2,3,4,5,6,7,10,11,12,13,14",0.00435692388216984,FALSE,0,2,12,0,12,0,0.857142857142857
"S.A.b",13,100,0.33,"FALSE","FALSE","FALSE","10.6146316982724","10.1949896413895","0.419642056882918","1.02","0.051","0.071","1,2,3,4,5,6,8,9,10,11,12,13,14",0.00178078864771889,FALSE,0,1,13,0,13,0,0.928571428571429
"S.A.b",14,100,0.33,"FALSE","FALSE","FALSE","8.43540804772388","7.59376641492112","0.841641632802762","1.49","0.057","0.075","2,4,5,6,7,9,10,11,12,13,69",0.0209653623636094,FALSE,1,4,11,1,10,0.0909090909090909,0.714285714285714
"S.A.b",15,100,0.33,"FALSE","FALSE","FALSE","11.6676339594215","8.60687344356575","3.06076051585579","1.574","0.056","0.086","1,2,3,5,6,8,10,11,12,13,14,37,42",0.0133129724873984,FALSE,2,3,13,2,11,0.153846153846154,0.785714285714286
"S.A.b",16,100,0.33,"FALSE","FALSE","FALSE","9.33003155752637","8.94891834000629","0.381113217520079","0.643","0.047","0.071","1,3,5,6,10,11,12,13,14",0.0130564554001445,FALSE,0,5,9,0,9,0,0.642857142857143
"S.A.b",17,100,0.33,"FALSE","FALSE","FALSE","9.27981317575427","7.68669673191295","1.59311644384131","1.083","0.05","0.077","1,2,3,4,5,6,10,11,12,13,14,42",0.00692811525273849,FALSE,1,3,12,1,11,0.0833333333333333,0.785714285714286
"S.A.b",18,100,0.33,"FALSE","FALSE","FALSE","11.046525466974","8.95598819953727","2.09053726743675","1.857","0.054","0.085","1,2,4,5,6,7,8,9,10,11,12,13,30",0.0090188996079737,FALSE,1,2,13,1,12,0.0769230769230769,0.857142857142857
"S.A.b",19,100,0.33,"FALSE","FALSE","FALSE","10.2771454553051","9.30045945070013","0.976686004604954","1.142","0.052","0.078","1,2,4,5,6,9,10,11,12,13,14",0.00811272024434249,FALSE,0,3,11,0,11,0,0.785714285714286
"S.A.b",2,100,0.33,"FALSE","FALSE","FALSE","9.58313009626961","7.44322173923908","2.13990835703054","1.788","0.053","0.088","1,2,3,4,5,6,7,10,11,12,13,14",0.00528306704260503,FALSE,0,2,12,0,12,0,0.857142857142857
"S.A.b",20,100,0.33,"FALSE","FALSE","FALSE","10.4765296271474","8.97470770861519","1.50182191853226","0.845","0.05","0.069","1,3,5,6,10,11,12,13,14,91",0.015443225604515,FALSE,1,5,10,1,9,0.1,0.642857142857143
"S.A.b",21,100,0.33,"FALSE","FALSE","FALSE","10.1058563227124","9.45972127558454","0.646135047127898","1.112","0.051","0.073","1,2,3,4,5,6,8,10,11,12,14",0.00692028668652916,FALSE,0,3,11,0,11,0,0.785714285714286
"S.A.b",22,100,0.33,"FALSE","FALSE","FALSE","10.4400139244654","9.17270032161354","1.26731360285182","1.108","0.051","0.074","1,2,3,4,5,6,7,8,9,10,11,12,14",0.00481109387027173,FALSE,0,1,13,0,13,0,0.928571428571429
"S.A.b",23,100,0.33,"FALSE","FALSE","FALSE","9.70219118986327","9.24605431732963","0.456136872533645","1.121","0.052","0.073","1,2,3,4,5,6,10,11,12,13,14",0.00532734707957209,FALSE,0,3,11,0,11,0,0.785714285714286
"S.A.b",24,100,0.33,"FALSE","FALSE","FALSE","10.9672496334113","9.71799110059212","1.2492585328192","0.919","0.05","0.071","1,2,4,5,6,8,9,10,11,12,14,149",0.0104530753127669,FALSE,1,3,12,1,11,0.0833333333333333,0.785714285714286
"S.A.b",25,100,0.33,"FALSE","FALSE","FALSE","9.44982604736879","8.9343329744992","0.515493072869591","0.838","0.052","0.081","1,3,5,6,10,11,12,13,14",0.0132202420171641,FALSE,0,5,9,0,9,0,0.642857142857143
"S.A.b",26,100,0.33,"FALSE","FALSE","FALSE","8.77572144647243","8.07454049743316","0.70118094903927","0.919","0.051","0.065","1,3,5,6,8,10,12,13,14",0.0177018402113622,FALSE,0,5,9,0,9,0,0.642857142857143
"S.A.b",27,100,0.33,"FALSE","FALSE","FALSE","10.4962201127883","9.70463342872475","0.791586684063536","1.112","0.049","0.087","1,2,3,4,5,6,8,9,10,11,12,13",0.0061292888050194,FALSE,0,2,12,0,12,0,0.857142857142857
"S.A.b",28,100,0.33,"FALSE","FALSE","FALSE","10.1318618663188","9.14311773833621","0.988744127982587","1.409","0.048","0.071","1,2,4,5,6,8,9,10,11,12,13,14",0.00528176351845698,FALSE,0,2,12,0,12,0,0.857142857142857
"S.A.b",29,100,0.33,"FALSE","FALSE","FALSE","10.036669591413","8.50907910756997","1.52759048384303","1.285","0.051","0.08","1,3,4,5,6,7,10,11,12,13,14",0.00697573289227422,FALSE,0,3,11,0,11,0,0.785714285714286
"S.A.b",3,100,0.33,"FALSE","FALSE","FALSE","10.8518128825263","10.5554619347936","0.296350947732668","0.782","0.053","0.077","1,2,3,4,5,6,8,10,11,12,14",0.00903910191940866,FALSE,0,3,11,0,11,0,0.785714285714286
"S.A.b",30,100,0.33,"FALSE","FALSE","FALSE","9.32573292197749","8.33300761764172","0.992725304335776","0.889","0.049","0.068","1,2,3,4,5,6,10,11,12,13,14",0.00570327273227842,FALSE,0,3,11,0,11,0,0.785714285714286
"S.A.b",31,100,0.33,"FALSE","FALSE","FALSE","8.95695918965987","8.35869986795278","0.598259321707088","1.015","0.058","0.082","2,4,5,6,7,8,9,10,11,12,13",0.0151313652028981,FALSE,0,3,11,0,11,0,0.785714285714286
"S.A.b",32,100,0.33,"FALSE","FALSE","FALSE","9.34181275084827","8.47061261124529","0.871200139602974","1.428","0.05","0.075","1,2,4,5,6,7,9,10,11,12,13,14",0.00642513328513173,FALSE,0,2,12,0,12,0,0.857142857142857
"S.A.b",33,100,0.33,"FALSE","FALSE","FALSE","10.1476056797915","9.55238869012611","0.595216989665385","1.034","0.046","0.072","1,3,4,5,6,7,8,10,11,12,13,14",0.00521087188675766,FALSE,0,2,12,0,12,0,0.857142857142857
"S.A.b",34,100,0.33,"FALSE","FALSE","FALSE","10.4971140295259","9.7151188134603","0.781995216065569","1.072","0.052","0.065","1,2,3,4,5,6,8,10,11,12,13",0.00885398694846882,FALSE,0,3,11,0,11,0,0.785714285714286
"S.A.b",35,100,0.33,"FALSE","FALSE","FALSE","11.4146454425816","9.88204909812748","1.53259634445413","1.111","0.054","0.075","1,2,4,5,6,7,8,9,10,11,12,13,138",0.0102096516079523,FALSE,1,2,13,1,12,0.0769230769230769,0.857142857142857
"S.A.b",36,100,0.33,"FALSE","FALSE","FALSE","9.10907911633759","8.35648570588926","0.752593410448328","0.851","0.045","0.068","1,3,5,6,8,10,11,12,13,14",0.0132714272694205,FALSE,0,4,10,0,10,0,0.714285714285714
"S.A.b",37,100,0.33,"FALSE","FALSE","FALSE","9.41315754675706","8.56981716622172","0.843340380535349","1.049","0.048","0.063","1,2,3,4,5,6,8,10,11,12,13,14",0.00469537835136335,FALSE,0,2,12,0,12,0,0.857142857142857
"S.A.b",38,100,0.33,"FALSE","FALSE","FALSE","10.3203309044361","8.36399600746256","1.95633489697354","1.275","0.055","0.078","1,3,4,5,6,9,10,11,12,13,14",0.00842990540425185,FALSE,0,3,11,0,11,0,0.785714285714286
"S.A.b",39,100,0.33,"FALSE","FALSE","FALSE","9.49823901624473","8.0318564405883","1.46638257565643","1.553","0.057","0.085","1,2,3,4,5,6,7,10,11,12,13,14",0.00380608411005254,FALSE,0,2,12,0,12,0,0.857142857142857
"S.A.b",4,100,0.33,"FALSE","FALSE","FALSE","9.7408590201535","8.79647319736048","0.944385822793012","0.926","0.05","0.074","1,2,3,4,5,6,7,10,11,12,13,14",0.00383352152976974,FALSE,0,2,12,0,12,0,0.857142857142857
"S.A.b",40,100,0.33,"FALSE","FALSE","FALSE","8.96025493198104","8.30764408987704","0.652610842103991","1.326","0.053","0.081","1,2,3,4,5,6,7,10,11,12,13,14",0.00486908652892049,FALSE,0,2,12,0,12,0,0.857142857142857
"S.A.b",41,100,0.33,"FALSE","FALSE","FALSE","10.5722661467719","10.2602736664843","0.311992480287591","1.015","0.048","0.072","1,2,3,4,5,6,8,9,10,11,12,13,14",0.00271154983134599,FALSE,0,1,13,0,13,0,0.928571428571429
"S.A.b",42,100,0.33,"FALSE","FALSE","FALSE","9.94409706046252","9.16686821249228","0.777228847970238","1.297","0.05","0.079","1,2,3,4,5,6,7,8,9,10,11,12,14",0.00397187747212087,FALSE,0,1,13,0,13,0,0.928571428571429
"S.A.b",43,100,0.33,"FALSE","FALSE","FALSE","9.28582766401426","8.63928915932499","0.646538504689268","0.906","0.046","0.073","1,2,3,5,6,10,11,12,13,14",0.0122734793767307,FALSE,0,4,10,0,10,0,0.714285714285714
"S.A.b",44,100,0.33,"FALSE","FALSE","FALSE","10.8075473312771","10.5071682053038","0.300379125973355","0.966","0.047","0.071","1,2,3,4,5,6,7,9,10,11,12,13,14",0.00569622811423722,FALSE,0,1,13,0,13,0,0.928571428571429
"S.A.b",45,100,0.33,"FALSE","FALSE","FALSE","10.4615028979385","9.49123980228508","0.970263095653447","1.652","0.056","0.079","2,3,4,5,6,7,8,9,10,11,12,13,14",0.00526751111564519,FALSE,0,1,13,0,13,0,0.928571428571429
"S.A.b",46,100,0.33,"FALSE","FALSE","FALSE","9.64156732417505","8.29709190565259","1.34447541852246","1.31","0.053","0.08","1,2,3,5,6,10,11,12,13,14,82",0.0118132822109036,FALSE,1,4,11,1,10,0.0909090909090909,0.714285714285714
"S.A.b",47,100,0.33,"TRUE","TRUE","FALSE","11.3244279573117","10.8100053925121","0.514422564799666","1.012","0.048","0.059","1,2,3,4,5,6,7,8,9,10,11,12,14",0.00524195405320565,FALSE,0,1,13,0,13,0,0.928571428571429
"S.A.b",48,100,0.33,"FALSE","FALSE","FALSE","9.79987312522627","9.33992710341109","0.459946021815175","1.107","0.046","0.072","1,2,3,4,5,6,7,8,10,11,12,13,14",0.00192739743958023,FALSE,0,1,13,0,13,0,0.928571428571429
"S.A.b",49,100,0.33,"FALSE","FALSE","FALSE","10.9580152266903","9.41265511229799","1.54536011439234","1.571","0.051","0.075","1,2,3,4,5,6,7,8,10,11,12,13,14",0.00301008697413147,FALSE,0,1,13,0,13,0,0.928571428571429
"S.A.b",5,100,0.33,"FALSE","FALSE","FALSE","8.81353977807005","8.15967565797811","0.653864120091946","1.25","0.046","0.076","1,2,3,4,5,6,8,9,10,11,12,13,14",0.00237674253678022,FALSE,0,1,13,0,13,0,0.928571428571429
"S.A.b",50,100,0.33,"FALSE","FALSE","FALSE","8.98593006493083","8.47197556143831","0.513954503492515","0.925","0.048","0.066","1,2,3,5,6,8,10,11,14",0.0228856329428893,FALSE,0,5,9,0,9,0,0.642857142857143
"S.A.b",51,100,0.33,"FALSE","FALSE","FALSE","8.56731036322373","7.56258903012299","1.00472133310074","1.174","0.049","0.077","1,2,3,5,6,10,11,12,13,14",0.0123584400234589,FALSE,0,4,10,0,10,0,0.714285714285714
"S.A.b",52,100,0.33,"TRUE","TRUE","FALSE","10.9109462794951","9.85835980629781","1.05258647319724","1.515","0.046","0.071","1,2,3,4,5,6,7,8,9,10,11,12,13,14",0.002122815019911,TRUE,0,0,14,0,14,0,1
"S.A.b",53,100,0.33,"FALSE","FALSE","FALSE","8.92498596275407","8.25233499184307","0.672650970910999","1.1","0.049","0.073","1,2,3,4,5,6,10,11,12,13,14",0.00608607289437936,FALSE,0,3,11,0,11,0,0.785714285714286
"S.A.b",54,100,0.33,"FALSE","FALSE","FALSE","9.01784241054264","8.0997190276171","0.918123382925547","0.856","0.046","0.067","1,2,3,4,5,6,10,11,12,13,14",0.00572095208093396,FALSE,0,3,11,0,11,0,0.785714285714286
"S.A.b",55,100,0.33,"FALSE","FALSE","FALSE","9.55926723677468","9.19966886823211","0.359598368542573","0.815","0.045","0.065","1,3,4,5,6,7,9,10,11,12,13,14",0.00488106663426527,FALSE,0,2,12,0,12,0,0.857142857142857
"S.A.b",56,100,0.33,"FALSE","FALSE","FALSE","9.98228309032157","9.47201961357628","0.510263476745294","1.283","0.048","0.073","1,2,3,4,5,6,7,9,10,11,12,13,14",0.00208052433168351,FALSE,0,1,13,0,13,0,0.928571428571429
"S.A.b",57,100,0.33,"FALSE","FALSE","FALSE","9.14473183183278","8.44979942735607","0.694932404476713","1.396","0.05","0.07","1,2,3,4,5,6,9,10,11,12,13",0.00824163609562378,FALSE,0,3,11,0,11,0,0.785714285714286
"S.A.b",58,100,0.33,"FALSE","FALSE","FALSE","10.1865978107722","7.94467286899461","2.24192494177759","1.579","0.053","0.086","1,2,3,5,6,10,11,12,13,14,82,94",0.0155223475303801,FALSE,2,4,12,2,10,0.166666666666667,0.714285714285714
"S.A.b",59,100,0.33,"FALSE","FALSE","FALSE","9.39569768175751","8.73239699094489","0.66330069081262","2.242","0.046","0.058","1,2,3,4,5,6,7,8,10,11,12,13,14",0.00282802004066143,FALSE,0,1,13,0,13,0,0.928571428571429
"S.A.b",6,100,0.33,"TRUE","TRUE","FALSE","10.7264137734273","10.1638993279107","0.562514445516634","1.167","0.048","0.071","1,2,3,4,5,6,7,8,9,10,11,12,13,14",0.00131996067833716,TRUE,0,0,14,0,14,0,1
"S.A.b",60,100,0.33,"FALSE","FALSE","FALSE","11.0760913444142","9.85121622299579","1.22487512141841","1.441","0.05","0.067","2,3,4,5,6,7,8,9,10,11,12,13,14",0.00389878776082659,FALSE,0,1,13,0,13,0,0.928571428571429
"S.A.b",61,100,0.33,"FALSE","FALSE","FALSE","9.72699671012172","7.54684913377856","2.18014757634316","1.628","0.053","0.084","1,2,4,5,6,7,8,9,10,11,14",0.0154838570612305,FALSE,0,3,11,0,11,0,0.785714285714286
"S.A.b",62,100,0.33,"TRUE","TRUE","FALSE","9.76799590591407","9.29673506742463","0.471260838489433","0.98","0.045","0.073","1,2,3,4,5,6,7,8,9,10,11,12,13,14",0.00184722662756141,TRUE,0,0,14,0,14,0,1
"S.A.b",63,100,0.33,"FALSE","FALSE","FALSE","8.76789180074803","7.81773054364275","0.950161257105283","1.087","0.049","0.072","1,3,4,5,6,7,8,10,11,12,14",0.00850462177773393,FALSE,0,3,11,0,11,0,0.785714285714286
"S.A.b",64,100,0.33,"FALSE","FALSE","FALSE","9.41767639011548","8.50060480680656","0.917071583308919","0.95","0.047","0.065","1,2,3,4,5,6,10,11,12,13,14",0.00602152868040012,FALSE,0,3,11,0,11,0,0.785714285714286
"S.A.b",65,100,0.33,"FALSE","FALSE","FALSE","9.27857486453491","8.87749430700593","0.401080557528979","0.988","0.048","0.063","1,2,3,4,5,6,7,10,11,12,13,14",0.00293379567070878,FALSE,0,2,12,0,12,0,0.857142857142857
"S.A.b",66,100,0.33,"FALSE","FALSE","FALSE","11.6862977613944","9.74932008096301","1.93697768043138","1.194","0.047","0.073","1,2,4,5,6,9,10,11,12,13,14,32,127",0.0108696130444001,FALSE,2,3,13,2,11,0.153846153846154,0.785714285714286
"S.A.b",67,100,0.33,"FALSE","FALSE","FALSE","9.9328499068419","9.40518725889453","0.527662647947373","0.859","0.051","0.061","1,2,3,4,5,6,8,10,11,12,13",0.00712532261954423,FALSE,0,3,11,0,11,0,0.785714285714286
"S.A.b",68,100,0.33,"FALSE","FALSE","FALSE","9.42666568581024","9.05798174592397","0.368683939886265","0.681","0.049","0.064","1,2,4,5,6,10,11,12,13,14",0.0106020383002667,FALSE,0,4,10,0,10,0,0.714285714285714
"S.A.b",69,100,0.33,"FALSE","FALSE","FALSE","9.7224354246043","8.09684246131991","1.62559296328438","1.203","0.047","0.078","1,3,5,6,8,9,10,11,12,13,14",0.00994882639171675,FALSE,0,3,11,0,11,0,0.785714285714286
"S.A.b",7,100,0.33,"FALSE","FALSE","FALSE","10.4058412630845","10.1158346390346","0.290006624049996","0.871","0.046","0.07","1,2,3,4,5,6,9,10,11,12,13,14",0.00391910458103405,FALSE,0,2,12,0,12,0,0.857142857142857
"S.A.b",70,100,0.33,"FALSE","FALSE","FALSE","9.39176940785114","7.50923765445783","1.88253175339331","1.036","0.054","0.081","1,3,5,6,10,11,12,13,14,129",0.0145412938087384,FALSE,1,5,10,1,9,0.1,0.642857142857143
"S.A.b",71,100,0.33,"FALSE","FALSE","FALSE","9.1574010743769","7.39329646489182","1.76410460948508","0.808","0.048","0.066","1,3,4,5,6,10,11,12,13,14,53",0.00981952281439743,FALSE,1,4,11,1,10,0.0909090909090909,0.714285714285714
"S.A.b",72,100,0.33,"FALSE","FALSE","FALSE","9.68187291487721","8.31156937121954","1.37030354365767","1.383","0.046","0.076","1,2,3,4,5,6,10,11,12,13,14",0.00574999736020792,FALSE,0,3,11,0,11,0,0.785714285714286
"S.A.b",73,100,0.33,"FALSE","FALSE","FALSE","10.4879965003456","9.96146621369076","0.526530286654801","0.796","0.049","0.072","1,3,4,5,6,9,10,11,12,13,14",0.0080989655664965,FALSE,0,3,11,0,11,0,0.785714285714286
"S.A.b",74,100,0.33,"FALSE","FALSE","FALSE","9.56169895952763","8.45978418196602","1.10191477756161","1.265","0.047","0.073","1,2,3,5,6,10,11,12,13,14",0.0108856971309516,FALSE,0,4,10,0,10,0,0.714285714285714
"S.A.b",75,100,0.33,"FALSE","FALSE","FALSE","9.2522079132149","8.74734932381039","0.504858589404514","1.179","0.045","0.068","1,2,3,4,5,6,7,8,9,10,11,12",0.00899977465614218,FALSE,0,2,12,0,12,0,0.857142857142857
"S.A.b",76,100,0.33,"FALSE","FALSE","FALSE","9.54840198666859","8.23195732618908","1.31644466047951","0.793","0.045","0.058","1,2,3,4,5,6,8,10,11,12,14",0.00895678130435639,FALSE,0,3,11,0,11,0,0.785714285714286
"S.A.b",77,100,0.33,"FALSE","FALSE","FALSE","9.55799696558914","9.09278894873169","0.465208016857446","0.751","0.045","0.071","1,2,4,5,6,8,9,10,11,12,14",0.00889306288832922,FALSE,0,3,11,0,11,0,0.785714285714286
"S.A.b",78,100,0.33,"FALSE","FALSE","FALSE","9.05988468928876","7.65731591729811","1.40256877199065","0.73","0.048","0.083","1,3,4,5,6,7,10,11,12,13,14,36",0.0086484575791872,FALSE,1,3,12,1,11,0.0833333333333333,0.785714285714286
"S.A.b",79,100,0.33,"FALSE","FALSE","FALSE","8.60301856475772","8.14389357534162","0.459124989416098","0.637","0.045","0.058","1,2,3,4,5,6,10,11,12,13,14",0.00687573628379049,FALSE,0,3,11,0,11,0,0.785714285714286
"S.A.b",8,100,0.33,"FALSE","FALSE","FALSE","9.14072158013195","8.34796515555902","0.792756424572936","0.937","0.051","0.073","1,3,4,5,6,7,10,11,12,13,14",0.00728823757949784,FALSE,0,3,11,0,11,0,0.785714285714286
"S.A.b",80,100,0.33,"FALSE","FALSE","FALSE","9.87348719284923","8.92691907306849","0.946568119780741","1.056","0.044","0.074","1,2,3,4,5,6,7,10,11,12,14",0.0069353428020568,FALSE,0,3,11,0,11,0,0.785714285714286
"S.A.b",81,100,0.33,"FALSE","FALSE","FALSE","10.0457724332536","9.44491718173224","0.600855251521308","0.931","0.045","0.068","1,2,4,5,6,8,9,10,11,12,13",0.010028607259879,FALSE,0,3,11,0,11,0,0.785714285714286
"S.A.b",82,100,0.33,"FALSE","FALSE","FALSE","9.42354612060642","7.40195989044124","2.02158623016518","1.152","0.048","0.062","1,2,3,4,5,6,9,10,12,13,14,16",0.0120294031336514,FALSE,1,3,12,1,11,0.0833333333333333,0.785714285714286
"S.A.b",83,100,0.33,"FALSE","FALSE","FALSE","10.3897142165128","9.10307094718431","1.28664326932853","1.122","0.047","0.07","1,2,3,4,5,6,8,10,11,12,13,14,110",0.0085466941152556,FALSE,1,2,13,1,12,0.0769230769230769,0.857142857142857
"S.A.b",84,100,0.33,"FALSE","FALSE","FALSE","10.8576744408684","9.74497276470018","1.11270167616823","1.354","0.054","0.074","1,2,3,4,5,6,8,10,11,12,13,14",0.0045457203409312,FALSE,0,2,12,0,12,0,0.857142857142857
"S.A.b",85,100,0.33,"FALSE","FALSE","FALSE","8.56542179343892","6.35600911452205","2.20941267891687","1.937","0.052","0.082","1,2,5,6,10,11,12,13,14",0.0172510239357271,FALSE,0,5,9,0,9,0,0.642857142857143
"S.A.b",86,100,0.33,"FALSE","FALSE","FALSE","9.68323625637772","8.74198826262","0.941247993757721","0.889","0.042","0.057","1,2,3,4,5,6,7,8,10,11,12,13,14",0.00232691872442497,FALSE,0,1,13,0,13,0,0.928571428571429
"S.A.b",87,100,0.33,"FALSE","FALSE","FALSE","9.97983887413431","9.59789599681611","0.381942877318196","0.894","0.049","0.067","1,2,3,4,5,6,7,8,10,11,12,14",0.00630310425007819,FALSE,0,2,12,0,12,0,0.857142857142857
"S.A.b",88,100,0.33,"FALSE","FALSE","FALSE","9.32702912468941","8.87149392609505","0.455535198594362","0.814","0.046","0.061","1,3,4,5,6,10,11,12,13,14",0.00899129012314029,FALSE,0,4,10,0,10,0,0.714285714285714
"S.A.b",89,100,0.33,"FALSE","FALSE","FALSE","10.5359563553663","10.0558884983406","0.480067857025633","0.919","0.046","0.069","1,2,3,4,5,6,9,10,11,12,13,14",0.00496032970497198,FALSE,0,2,12,0,12,0,0.857142857142857
"S.A.b",9,100,0.33,"FALSE","FALSE","FALSE","11.4699189693491","10.5150184741242","0.954900495224959","1.726","0.053","0.076","1,3,4,5,6,7,8,9,10,11,12,13,14",0.00371721324010749,FALSE,0,1,13,0,13,0,0.928571428571429
"S.A.b",90,100,0.33,"FALSE","FALSE","FALSE","9.07793585145078","8.1423373204303","0.935598531020475","0.863","0.044","0.065","1,2,3,4,5,6,10,11,12,13,14",0.00619804116749922,FALSE,0,3,11,0,11,0,0.785714285714286
"S.A.b",91,100,0.33,"FALSE","FALSE","FALSE","9.31642768689171","8.5705567329155","0.74587095397621","0.79","0.046","0.068","1,3,5,6,10,11,12,13,14",0.0144160017772107,FALSE,0,5,9,0,9,0,0.642857142857143
"S.A.b",92,100,0.33,"FALSE","FALSE","FALSE","8.82212927369573","8.25881052726775","0.563318746427984","0.88","0.044","0.062","1,3,4,5,6,10,11,12,13,14",0.0137423588426672,FALSE,0,4,10,0,10,0,0.714285714285714
"S.A.b",93,100,0.33,"FALSE","FALSE","FALSE","9.30592519618381","7.09940241645296","2.20652277973085","1.529","0.055","0.086","1,2,4,5,6,7,8,9,10,11,12,13",0.00920097919238562,FALSE,0,2,12,0,12,0,0.857142857142857
"S.A.b",94,100,0.33,"FALSE","FALSE","FALSE","9.40006704921584","8.11984529568084","1.280221753535","0.801","0.046","0.065","1,2,3,4,5,6,10,11,12,13,14,98",0.00902492264021829,FALSE,1,3,12,1,11,0.0833333333333333,0.785714285714286
"S.A.b",95,100,0.33,"FALSE","FALSE","FALSE","10.2717959371299","8.68571873175909","1.5860772053708","1.613","0.059","0.074","1,2,3,4,5,6,8,9,10,11,12,13",0.00618415523552555,FALSE,0,2,12,0,12,0,0.857142857142857
"S.A.b",96,100,0.33,"FALSE","FALSE","FALSE","10.8388036583135","8.96995009748584","1.86885356082769","1.318","0.048","0.068","1,2,3,5,6,10,11,12,13,14,42",0.0101128357505314,FALSE,1,4,11,1,10,0.0909090909090909,0.714285714285714
"S.A.b",97,100,0.33,"FALSE","FALSE","FALSE","9.82684734043191","8.27379070934104","1.55305663109086","1.38","0.047","0.071","1,2,3,4,5,6,10,11,12,13,14",0.00543303132974862,FALSE,0,3,11,0,11,0,0.785714285714286
"S.A.b",98,100,0.33,"FALSE","FALSE","FALSE","9.21364126676695","8.00137958217278","1.21226168459417","1.287","0.048","0.07","1,2,3,5,6,8,10,11,12,14",0.0132592381605752,FALSE,0,4,10,0,10,0,0.714285714285714
"S.A.b",99,100,0.33,"FALSE","FALSE","FALSE","9.28365291591022","9.0059904112206","0.27766250468962","0.535","0.052","0.071","3,4,5,6,7,9,11,12,13",0.0229171720673108,FALSE,0,5,9,0,9,0,0.642857142857143
"S.EB",1,100,0.33,"TRUE","TRUE","FALSE","11.5924367400067","11.0949779748337","0.497458765173065","1.407","0.048","0.076","1,2,3,4,5,6,8,9,10,11,12,13,14",0.0031641393383163,FALSE,0,1,13,0,13,0,0.928571428571429
"S.EB",10,100,0.33,"FALSE","FALSE","FALSE","9.76785326135247","9.26811547220852","0.499737789143949","1.08","0.049","0.068","1,2,3,4,5,6,8,10,11,12,14",0.00704986620058735,FALSE,0,3,11,0,11,0,0.785714285714286
"S.EB",100,100,0.33,"FALSE","FALSE","FALSE","10.2351384468549","8.39860498016227","1.83653346669258","1.295","0.046","0.068","1,2,3,5,6,10,11,12,14,26,59,99",0.0187479744439832,FALSE,3,5,12,3,9,0.25,0.642857142857143
"S.EB",11,100,0.33,"FALSE","FALSE","FALSE","8.81757390249955","7.47098118270807","1.34659271979149","1.285","0.049","0.07","1,2,3,4,5,6,7,9,10,11,12,13,14",0.00321512585107256,FALSE,0,1,13,0,13,0,0.928571428571429
"S.EB",12,100,0.33,"FALSE","FALSE","FALSE","11.130169273999","10.7059034072529","0.424265866746088","0.921","0.05","0.067","1,2,3,4,5,6,7,10,11,12,13,14",0.00435692388216984,FALSE,0,2,12,0,12,0,0.857142857142857
"S.EB",13,100,0.33,"FALSE","FALSE","FALSE","10.6146316982724","10.1949896413895","0.419642056882918","1.02","0.051","0.071","1,2,3,4,5,6,8,9,10,11,12,13,14",0.00178078864771889,FALSE,0,1,13,0,13,0,0.928571428571429
"S.EB",14,100,0.33,"FALSE","FALSE","FALSE","8.43540804772388","7.59376641492112","0.841641632802762","1.49","0.057","0.075","2,4,5,6,7,9,10,11,12,13,69",0.0209653623636094,FALSE,1,4,11,1,10,0.0909090909090909,0.714285714285714
"S.EB",15,100,0.33,"FALSE","FALSE","FALSE","11.6676339594215","8.60687344356575","3.06076051585579","1.574","0.056","0.086","1,2,3,5,6,8,10,12,13,14,37,42,75,145",0.0178885620799473,FALSE,4,4,14,4,10,0.285714285714286,0.714285714285714
"S.EB",16,100,0.33,"FALSE","FALSE","FALSE","9.33003155752637","8.94891834000629","0.381113217520079","0.643","0.047","0.071","1,3,5,6,10,11,12,13,14,135",0.0133704843894999,FALSE,1,5,10,1,9,0.1,0.642857142857143
"S.EB",17,100,0.33,"FALSE","FALSE","FALSE","9.27981317575427","7.68669673191295","1.59311644384131","1.083","0.05","0.077","1,2,3,4,5,6,10,11,12,14,42,109",0.0120551910658431,FALSE,2,4,12,2,10,0.166666666666667,0.714285714285714
"S.EB",18,100,0.33,"FALSE","FALSE","FALSE","11.046525466974","8.95598819953727","2.09053726743675","1.857","0.054","0.085","1,2,3,4,5,6,8,10,11,12,13,14,15,16,30,108",0.00816680520188784,FALSE,4,2,16,4,12,0.25,0.857142857142857
"S.EB",19,100,0.33,"FALSE","FALSE","FALSE","10.2771454553051","9.30045945070013","0.976686004604954","1.142","0.052","0.078","1,2,4,5,6,9,10,11,12,13,14,124",0.00908622149971715,FALSE,1,3,12,1,11,0.0833333333333333,0.785714285714286
"S.EB",2,100,0.33,"FALSE","FALSE","FALSE","9.58313009626961","7.44322173923908","2.13990835703054","1.788","0.053","0.088","1,3,5,6,10,12,13,14,71,107,148",0.0265444215471108,FALSE,3,6,11,3,8,0.272727272727273,0.571428571428571
"S.EB",20,100,0.33,"FALSE","FALSE","FALSE","10.4765296271474","8.97470770861519","1.50182191853226","0.845","0.05","0.069","1,3,5,6,10,11,12,13,14,63,91,102",0.0149001309604309,FALSE,3,5,12,3,9,0.25,0.642857142857143
"S.EB",21,100,0.33,"FALSE","FALSE","FALSE","10.1058563227124","9.45972127558454","0.646135047127898","1.112","0.051","0.073","1,2,3,4,5,6,8,10,11,12,14",0.00692028668652916,FALSE,0,3,11,0,11,0,0.785714285714286
"S.EB",22,100,0.33,"FALSE","FALSE","FALSE","10.4400139244654","9.17270032161354","1.26731360285182","1.108","0.051","0.074","1,2,3,5,6,8,10,11,12,14,42,135,148",0.0159712658746887,FALSE,3,4,13,3,10,0.230769230769231,0.714285714285714
"S.EB",23,100,0.33,"FALSE","FALSE","FALSE","9.70219118986327","9.24605431732963","0.456136872533645","1.121","0.052","0.073","1,2,3,4,5,6,10,11,12,13,14,132,158",0.00903656642601859,FALSE,2,3,13,2,11,0.153846153846154,0.785714285714286
"S.EB",24,100,0.33,"FALSE","FALSE","FALSE","10.9672496334113","9.71799110059212","1.2492585328192","0.919","0.05","0.071","1,2,4,5,6,8,9,10,11,12,149",0.0145193516910363,FALSE,1,4,11,1,10,0.0909090909090909,0.714285714285714
"S.EB",25,100,0.33,"FALSE","FALSE","FALSE","9.44982604736879","8.9343329744992","0.515493072869591","0.838","0.052","0.081","1,3,5,6,10,11,12,13,14",0.0132202420171641,FALSE,0,5,9,0,9,0,0.642857142857143
"S.EB",26,100,0.33,"FALSE","FALSE","FALSE","8.77572144647243","8.07454049743316","0.70118094903927","0.919","0.051","0.065","1,3,5,6,10,12,13,14,152",0.022174693474039,FALSE,1,6,9,1,8,0.111111111111111,0.571428571428571
"S.EB",27,100,0.33,"FALSE","FALSE","FALSE","10.4962201127883","9.70463342872475","0.791586684063536","1.112","0.049","0.087","1,2,4,5,6,9,10,11,12,13,103",0.0132838335957389,FALSE,1,4,11,1,10,0.0909090909090909,0.714285714285714
"S.EB",28,100,0.33,"FALSE","FALSE","FALSE","10.1318618663188","9.14311773833621","0.988744127982587","1.409","0.048","0.071","1,2,4,5,6,8,9,10,11,12,13,14,63,99,133",0.0100584878577965,FALSE,3,2,15,3,12,0.2,0.857142857142857
"S.EB",29,100,0.33,"FALSE","FALSE","FALSE","10.036669591413","8.50907910756997","1.52759048384303","1.285","0.051","0.08","1,3,4,5,6,10,12,13,14,20,152",0.0173388160597899,FALSE,2,5,11,2,9,0.181818181818182,0.642857142857143
"S.EB",3,100,0.33,"FALSE","FALSE","FALSE","10.8518128825263","10.5554619347936","0.296350947732668","0.782","0.053","0.077","1,2,3,4,5,6,8,10,11,12,14",0.00903910191940866,FALSE,0,3,11,0,11,0,0.785714285714286
"S.EB",30,100,0.33,"FALSE","FALSE","FALSE","9.32573292197749","8.33300761764172","0.992725304335776","0.889","0.049","0.068","1,2,3,4,5,6,8,10,11,12,14,81",0.0086477490888638,FALSE,1,3,12,1,11,0.0833333333333333,0.785714285714286
"S.EB",31,100,0.33,"FALSE","FALSE","FALSE","8.95695918965987","8.35869986795278","0.598259321707088","1.015","0.058","0.082","2,4,5,6,7,8,9,10,11,12,13",0.0151313652028981,FALSE,0,3,11,0,11,0,0.785714285714286
"S.EB",32,100,0.33,"FALSE","FALSE","FALSE","9.34181275084827","8.47061261124529","0.871200139602974","1.428","0.05","0.075","1,2,4,5,6,7,9,10,11,12,13,14",0.00642513328513173,FALSE,0,2,12,0,12,0,0.857142857142857
"S.EB",33,100,0.33,"FALSE","FALSE","FALSE","10.1476056797915","9.55238869012611","0.595216989665385","1.034","0.046","0.072","1,3,4,5,6,7,8,10,11,12,13,14,146",0.00635334057427346,FALSE,1,2,13,1,12,0.0769230769230769,0.857142857142857
"S.EB",34,100,0.33,"FALSE","FALSE","FALSE","10.4971140295259","9.7151188134603","0.781995216065569","1.072","0.052","0.065","1,2,3,4,5,6,10,11,12,13,24,110,142",0.0123441722249304,FALSE,3,4,13,3,10,0.230769230769231,0.714285714285714
"S.EB",35,100,0.33,"FALSE","FALSE","FALSE","11.4146454425816","9.88204909812748","1.53259634445413","1.111","0.054","0.075","1,2,4,5,6,9,10,11,12,13,134,138,164",0.0169769990853845,FALSE,3,4,13,3,10,0.230769230769231,0.714285714285714
"S.EB",36,100,0.33,"FALSE","FALSE","FALSE","9.10907911633759","8.35648570588926","0.752593410448328","0.851","0.045","0.068","1,3,5,6,8,10,11,12,14,26",0.0192068524377216,FALSE,1,5,10,1,9,0.1,0.642857142857143
"S.EB",37,100,0.33,"FALSE","FALSE","FALSE","9.41315754675706","8.56981716622172","0.843340380535349","1.049","0.048","0.063","1,2,3,5,6,8,10,11,12,13,14",0.00828595076039184,FALSE,0,3,11,0,11,0,0.785714285714286
"S.EB",38,100,0.33,"FALSE","FALSE","FALSE","10.3203309044361","8.36399600746256","1.95633489697354","1.275","0.055","0.078","1,3,5,6,10,11,12,13,14,16,85",0.0154759809005214,FALSE,2,5,11,2,9,0.181818181818182,0.642857142857143
"S.EB",39,100,0.33,"FALSE","FALSE","FALSE","9.49823901624473","8.0318564405883","1.46638257565643","1.553","0.057","0.085","1,2,4,5,6,10,11,12,112,137",0.0195086740292119,FALSE,2,6,10,2,8,0.2,0.571428571428571
"S.EB",4,100,0.33,"FALSE","FALSE","FALSE","9.7408590201535","8.79647319736048","0.944385822793012","0.926","0.05","0.074","1,2,3,4,5,6,7,10,11,12,13,14,44",0.00448361172063602,FALSE,1,2,13,1,12,0.0769230769230769,0.857142857142857
"S.EB",40,100,0.33,"FALSE","FALSE","FALSE","8.96025493198104","8.30764408987704","0.652610842103991","1.326","0.053","0.081","1,2,3,4,5,6,7,10,11,12,13,14",0.00486908652892049,FALSE,0,2,12,0,12,0,0.857142857142857
"S.EB",41,100,0.33,"FALSE","FALSE","FALSE","10.5722661467719","10.2602736664843","0.311992480287591","1.015","0.048","0.072","1,2,3,4,5,6,8,9,10,11,12,13,88",0.00793262479565934,FALSE,1,2,13,1,12,0.0769230769230769,0.857142857142857
"S.EB",42,100,0.33,"FALSE","FALSE","FALSE","9.94409706046252","9.16686821249228","0.777228847970238","1.297","0.05","0.079","1,2,3,4,5,6,7,8,10,11,12,14,113",0.00612039152855547,FALSE,1,2,13,1,12,0.0769230769230769,0.857142857142857
"S.EB",43,100,0.33,"FALSE","FALSE","FALSE","9.28582766401426","8.63928915932499","0.646538504689268","0.906","0.046","0.073","1,2,3,5,6,10,11,12,13,14,115",0.0130924135669052,FALSE,1,4,11,1,10,0.0909090909090909,0.714285714285714
"S.EB",44,100,0.33,"FALSE","FALSE","FALSE","10.8075473312771","10.5071682053038","0.300379125973355","0.966","0.047","0.071","1,2,3,4,5,6,7,9,10,11,12,13,14,62,137",0.00716791476986965,FALSE,2,1,15,2,13,0.133333333333333,0.928571428571429
"S.EB",45,100,0.33,"FALSE","FALSE","FALSE","10.4615028979385","9.49123980228508","0.970263095653447","1.652","0.056","0.079","2,3,4,5,6,7,8,10,11,12,14,81,92,136",0.0134682971467978,FALSE,3,3,14,3,11,0.214285714285714,0.785714285714286
"S.EB",46,100,0.33,"FALSE","FALSE","FALSE","9.64156732417505","8.29709190565259","1.34447541852246","1.31","0.053","0.08","1,2,3,5,6,10,11,12,13,14,18,82",0.0123702883239485,FALSE,2,4,12,2,10,0.166666666666667,0.714285714285714
"S.EB",47,100,0.33,"TRUE","TRUE","FALSE","11.3244279573117","10.8100053925121","0.514422564799666","1.012","0.048","0.059","1,2,3,4,5,6,8,10,11,12,14,78,143",0.0108998962997036,FALSE,2,3,13,2,11,0.153846153846154,0.785714285714286
"S.EB",48,100,0.33,"FALSE","FALSE","FALSE","9.79987312522627","9.33992710341109","0.459946021815175","1.107","0.046","0.072","1,2,3,4,5,6,7,10,11,12,13,14",0.00325385697334236,FALSE,0,2,12,0,12,0,0.857142857142857
"S.EB",49,100,0.33,"FALSE","FALSE","FALSE","10.9580152266903","9.41265511229799","1.54536011439234","1.571","0.051","0.075","1,2,4,5,6,10,11,12,13,14,70,74,77,89,91,144",0.0172238069570156,FALSE,6,4,16,6,10,0.375,0.714285714285714
"S.EB",5,100,0.33,"FALSE","FALSE","FALSE","8.81353977807005","8.15967565797811","0.653864120091946","1.25","0.046","0.076","1,2,3,4,5,6,8,9,10,11,12,13,14",0.00237674253678022,FALSE,0,1,13,0,13,0,0.928571428571429
"S.EB",50,100,0.33,"FALSE","FALSE","FALSE","8.98593006493083","8.47197556143831","0.513954503492515","0.925","0.048","0.066","1,2,3,5,6,8,10,11,14",0.0228856329428893,FALSE,0,5,9,0,9,0,0.642857142857143
"S.EB",51,100,0.33,"FALSE","FALSE","FALSE","8.56731036322373","7.56258903012299","1.00472133310074","1.174","0.049","0.077","1,3,5,6,10,11,12,13,14,58,149",0.0161637944020008,FALSE,2,5,11,2,9,0.181818181818182,0.642857142857143
"S.EB",52,100,0.33,"TRUE","TRUE","FALSE","10.9109462794951","9.85835980629781","1.05258647319724","1.515","0.046","0.071","2,3,4,5,6,7,8,9,10,11,12,13,14,133",0.00684556271870537,FALSE,1,1,14,1,13,0.0714285714285714,0.928571428571429
"S.EB",53,100,0.33,"FALSE","FALSE","FALSE","8.92498596275407","8.25233499184307","0.672650970910999","1.1","0.049","0.073","1,2,3,4,5,6,10,11,12,13,14",0.00608607289437936,FALSE,0,3,11,0,11,0,0.785714285714286
"S.EB",54,100,0.33,"FALSE","FALSE","FALSE","9.01784241054264","8.0997190276171","0.918123382925547","0.856","0.046","0.067","1,3,5,6,10,12,13,14,42",0.0210163519795065,FALSE,1,6,9,1,8,0.111111111111111,0.571428571428571
"S.EB",55,100,0.33,"FALSE","FALSE","FALSE","9.55926723677468","9.19966886823211","0.359598368542573","0.815","0.045","0.065","1,3,4,5,6,7,10,11,12,13,14,133",0.00833119341741016,FALSE,1,3,12,1,11,0.0833333333333333,0.785714285714286
"S.EB",56,100,0.33,"FALSE","FALSE","FALSE","9.98228309032157","9.47201961357628","0.510263476745294","1.283","0.048","0.073","1,2,4,5,6,7,9,10,11,12,13,14",0.00488574143449938,FALSE,0,2,12,0,12,0,0.857142857142857
"S.EB",57,100,0.33,"FALSE","FALSE","FALSE","9.14473183183278","8.44979942735607","0.694932404476713","1.396","0.05","0.07","1,2,3,4,5,6,9,10,11,12,13",0.00824163609562378,FALSE,0,3,11,0,11,0,0.785714285714286
"S.EB",58,100,0.33,"FALSE","FALSE","FALSE","10.1865978107722","7.94467286899461","2.24192494177759","1.579","0.053","0.086","1,2,3,5,6,10,11,12,13,14,82,94,115",0.0175826465273038,FALSE,3,4,13,3,10,0.230769230769231,0.714285714285714
"S.EB",59,100,0.33,"FALSE","FALSE","FALSE","9.39569768175751","8.73239699094489","0.66330069081262","2.242","0.046","0.058","1,3,4,5,6,7,10,11,12,13,14,53",0.00684687431770992,FALSE,1,3,12,1,11,0.0833333333333333,0.785714285714286
"S.EB",6,100,0.33,"TRUE","TRUE","FALSE","10.7264137734273","10.1638993279107","0.562514445516634","1.167","0.048","0.071","1,2,3,4,5,6,7,8,10,11,12,14,92",0.00713655382612785,FALSE,1,2,13,1,12,0.0769230769230769,0.857142857142857
"S.EB",60,100,0.33,"FALSE","FALSE","FALSE","11.0760913444142","9.85121622299579","1.22487512141841","1.441","0.05","0.067","2,3,4,5,6,9,10,11,12,13,14,107,129",0.0115335269525813,FALSE,2,3,13,2,11,0.153846153846154,0.785714285714286
"S.EB",61,100,0.33,"FALSE","FALSE","FALSE","9.72699671012172","7.54684913377856","2.18014757634316","1.628","0.053","0.084","1,3,5,6,10,12,13,14,16,36,42,121",0.0257735427634881,FALSE,4,6,12,4,8,0.333333333333333,0.571428571428571
"S.EB",62,100,0.33,"TRUE","TRUE","FALSE","9.76799590591407","9.29673506742463","0.471260838489433","0.98","0.045","0.073","1,2,3,4,5,6,7,8,9,10,11,12,13,14",0.00184722662756141,TRUE,0,0,14,0,14,0,1
"S.EB",63,100,0.33,"FALSE","FALSE","FALSE","8.76789180074803","7.81773054364275","0.950161257105283","1.087","0.049","0.072","1,3,5,6,10,11,12,14,42,121",0.021889653440275,FALSE,2,6,10,2,8,0.2,0.571428571428571
"S.EB",64,100,0.33,"FALSE","FALSE","FALSE","9.41767639011548","8.50060480680656","0.917071583308919","0.95","0.047","0.065","1,3,4,5,6,10,11,12,13,14,16,96",0.0107338736755845,FALSE,2,4,12,2,10,0.166666666666667,0.714285714285714
"S.EB",65,100,0.33,"FALSE","FALSE","FALSE","9.27857486453491","8.87749430700593","0.401080557528979","0.988","0.048","0.063","1,3,4,5,6,7,10,11,12,13,14",0.00596904605362368,FALSE,0,3,11,0,11,0,0.785714285714286
"S.EB",66,100,0.33,"FALSE","FALSE","FALSE","11.6862977613944","9.74932008096301","1.93697768043138","1.194","0.047","0.073","1,2,4,5,6,9,10,11,12,13,14,32,127",0.0108696130444001,FALSE,2,3,13,2,11,0.153846153846154,0.785714285714286
"S.EB",67,100,0.33,"FALSE","FALSE","FALSE","9.9328499068419","9.40518725889453","0.527662647947373","0.859","0.051","0.061","1,2,3,4,5,6,8,10,11,12",0.0110390582428288,FALSE,0,4,10,0,10,0,0.714285714285714
"S.EB",68,100,0.33,"FALSE","FALSE","FALSE","9.42666568581024","9.05798174592397","0.368683939886265","0.681","0.049","0.064","1,2,4,5,6,10,11,12,13,14,114",0.0103864139912477,FALSE,1,4,11,1,10,0.0909090909090909,0.714285714285714
"S.EB",69,100,0.33,"FALSE","FALSE","FALSE","9.7224354246043","8.09684246131991","1.62559296328438","1.203","0.047","0.078","1,3,5,6,9,10,12,13,14,36,66",0.019901035935812,FALSE,2,5,11,2,9,0.181818181818182,0.642857142857143
"S.EB",7,100,0.33,"FALSE","FALSE","FALSE","10.4058412630845","10.1158346390346","0.290006624049996","0.871","0.046","0.07","1,2,3,4,5,6,9,10,11,12,13,14",0.00391910458103405,FALSE,0,2,12,0,12,0,0.857142857142857
"S.EB",70,100,0.33,"FALSE","FALSE","FALSE","9.39176940785114","7.50923765445783","1.88253175339331","1.036","0.054","0.081","1,3,5,6,10,11,12,13,14,129",0.0145412938087384,FALSE,1,5,10,1,9,0.1,0.642857142857143
"S.EB",71,100,0.33,"FALSE","FALSE","FALSE","9.1574010743769","7.39329646489182","1.76410460948508","0.808","0.048","0.066","1,3,4,5,6,10,11,12,13,14,53,143",0.0129130714365258,FALSE,2,4,12,2,10,0.166666666666667,0.714285714285714
"S.EB",72,100,0.33,"FALSE","FALSE","FALSE","9.68187291487721","8.31156937121954","1.37030354365767","1.383","0.046","0.076","1,2,3,4,5,6,10,11,12,13,14",0.00574999736020792,FALSE,0,3,11,0,11,0,0.785714285714286
"S.EB",73,100,0.33,"FALSE","FALSE","FALSE","10.4879965003456","9.96146621369076","0.526530286654801","0.796","0.049","0.072","1,3,4,5,6,9,10,11,12,13,14,65,89",0.0103307761667319,FALSE,2,3,13,2,11,0.153846153846154,0.785714285714286
"S.EB",74,100,0.33,"FALSE","FALSE","FALSE","9.56169895952763","8.45978418196602","1.10191477756161","1.265","0.047","0.073","1,2,3,5,6,10,11,12,13,14,41,68,76",0.0172435403574987,FALSE,3,4,13,3,10,0.230769230769231,0.714285714285714
"S.EB",75,100,0.33,"FALSE","FALSE","FALSE","9.2522079132149","8.74734932381039","0.504858589404514","1.179","0.045","0.068","1,2,3,4,5,6,7,8,9,10,11,12",0.00899977465614218,FALSE,0,2,12,0,12,0,0.857142857142857
"S.EB",76,100,0.33,"FALSE","FALSE","FALSE","9.54840198666859","8.23195732618908","1.31644466047951","0.793","0.045","0.058","1,3,5,6,10,11,12,14,49,152",0.0219410621809655,FALSE,2,6,10,2,8,0.2,0.571428571428571
"S.EB",77,100,0.33,"FALSE","FALSE","FALSE","9.55799696558914","9.09278894873169","0.465208016857446","0.751","0.045","0.071","1,2,4,5,6,7,9,10,11,12,14,47",0.0136086442355347,FALSE,1,3,12,1,11,0.0833333333333333,0.785714285714286
"S.EB",78,100,0.33,"FALSE","FALSE","FALSE","9.05988468928876","7.65731591729811","1.40256877199065","0.73","0.048","0.083","1,3,5,6,10,12,13,14,36",0.0240202651410645,FALSE,1,6,9,1,8,0.111111111111111,0.571428571428571
"S.EB",79,100,0.33,"FALSE","FALSE","FALSE","8.60301856475772","8.14389357534162","0.459124989416098","0.637","0.045","0.058","1,3,5,6,10,12,13,14,40,88",0.0217608690560539,FALSE,2,6,10,2,8,0.2,0.571428571428571
"S.EB",8,100,0.33,"FALSE","FALSE","FALSE","9.14072158013195","8.34796515555902","0.792756424572936","0.937","0.051","0.073","1,3,5,6,10,11,12,13,14,148",0.0156699818960369,FALSE,1,5,10,1,9,0.1,0.642857142857143
"S.EB",80,100,0.33,"FALSE","FALSE","FALSE","9.87348719284923","8.92691907306849","0.946568119780741","1.056","0.044","0.074","1,2,3,4,5,6,7,10,11,12,14,67",0.00809571419350062,FALSE,1,3,12,1,11,0.0833333333333333,0.785714285714286
"S.EB",81,100,0.33,"FALSE","FALSE","FALSE","10.0457724332536","9.44491718173224","0.600855251521308","0.931","0.045","0.068","1,2,4,5,6,8,9,10,11,12,13",0.010028607259879,FALSE,0,3,11,0,11,0,0.785714285714286
"S.EB",82,100,0.33,"FALSE","FALSE","FALSE","9.42354612060642","7.40195989044124","2.02158623016518","1.152","0.048","0.062","1,3,5,6,10,12,13,14,16,73",0.0249438292918821,FALSE,2,6,10,2,8,0.2,0.571428571428571
"S.EB",83,100,0.33,"FALSE","FALSE","FALSE","10.3897142165128","9.10307094718431","1.28664326932853","1.122","0.047","0.07","1,2,3,4,5,6,8,10,11,12,13,14,30,84",0.00921778970747482,FALSE,2,2,14,2,12,0.142857142857143,0.857142857142857
"S.EB",84,100,0.33,"FALSE","FALSE","FALSE","10.8576744408684","9.74497276470018","1.11270167616823","1.354","0.054","0.074","1,2,3,4,5,6,10,11,12,13,14,52",0.00645908621454674,FALSE,1,3,12,1,11,0.0833333333333333,0.785714285714286
"S.EB",85,100,0.33,"FALSE","FALSE","FALSE","8.56542179343892","6.35600911452205","2.20941267891687","1.937","0.052","0.082","1,9,10,12,13,14,15,31,32,44,162",0.0578043609144743,FALSE,5,8,11,5,6,0.454545454545455,0.428571428571429
"S.EB",86,100,0.33,"FALSE","FALSE","FALSE","9.68323625637772","8.74198826262","0.941247993757721","0.889","0.042","0.057","1,2,3,4,5,6,7,8,10,11,12,13,14",0.00232691872442497,FALSE,0,1,13,0,13,0,0.928571428571429
"S.EB",87,100,0.33,"FALSE","FALSE","FALSE","9.97983887413431","9.59789599681611","0.381942877318196","0.894","0.049","0.067","1,2,3,4,5,6,8,10,11,12",0.0114167661292902,FALSE,0,4,10,0,10,0,0.714285714285714
"S.EB",88,100,0.33,"FALSE","FALSE","FALSE","9.32702912468941","8.87149392609505","0.455535198594362","0.814","0.046","0.061","1,3,4,5,6,10,11,12,13,14",0.00899129012314029,FALSE,0,4,10,0,10,0,0.714285714285714
"S.EB",89,100,0.33,"FALSE","FALSE","FALSE","10.5359563553663","10.0558884983406","0.480067857025633","0.919","0.046","0.069","1,3,4,5,6,9,10,11,12,13,14",0.00813944630961227,FALSE,0,3,11,0,11,0,0.785714285714286
"S.EB",9,100,0.33,"FALSE","FALSE","FALSE","11.4699189693491","10.5150184741242","0.954900495224959","1.726","0.053","0.076","3,4,5,6,7,8,9,10,11,12,13,14,126",0.0089124021567706,FALSE,1,2,13,1,12,0.0769230769230769,0.857142857142857
"S.EB",90,100,0.33,"FALSE","FALSE","FALSE","9.07793585145078","8.1423373204303","0.935598531020475","0.863","0.044","0.065","1,2,3,5,6,10,11,12,13,14,42,82",0.0122940108285308,FALSE,2,4,12,2,10,0.166666666666667,0.714285714285714
"S.EB",91,100,0.33,"FALSE","FALSE","FALSE","9.31642768689171","8.5705567329155","0.74587095397621","0.79","0.046","0.068","1,3,5,6,10,11,12,13,14,94",0.0148656430786387,FALSE,1,5,10,1,9,0.1,0.642857142857143
"S.EB",92,100,0.33,"FALSE","FALSE","FALSE","8.82212927369573","8.25881052726775","0.563318746427984","0.88","0.044","0.062","1,3,4,5,6,10,11,12,13,14",0.0137423588426672,FALSE,0,4,10,0,10,0,0.714285714285714
"S.EB",93,100,0.33,"FALSE","FALSE","FALSE","9.30592519618381","7.09940241645296","2.20652277973085","1.529","0.055","0.086","1,2,4,5,6,7,8,9,10,11,12,13",0.00920097919238562,FALSE,0,2,12,0,12,0,0.857142857142857
"S.EB",94,100,0.33,"FALSE","FALSE","FALSE","9.40006704921584","8.11984529568084","1.280221753535","0.801","0.046","0.065","1,2,3,4,5,6,10,11,12,13,14,98",0.00902492264021829,FALSE,1,3,12,1,11,0.0833333333333333,0.785714285714286
"S.EB",95,100,0.33,"FALSE","FALSE","FALSE","10.2717959371299","8.68571873175909","1.5860772053708","1.613","0.059","0.074","1,2,3,4,5,6,8,10,11,12,70",0.0119086836659558,FALSE,1,4,11,1,10,0.0909090909090909,0.714285714285714
"S.EB",96,100,0.33,"FALSE","FALSE","FALSE","10.8388036583135","8.96995009748584","1.86885356082769","1.318","0.048","0.068","1,2,3,5,6,10,11,12,13,14,42,94,151",0.0110780877745137,FALSE,3,4,13,3,10,0.230769230769231,0.714285714285714
"S.EB",97,100,0.33,"FALSE","FALSE","FALSE","9.82684734043191","8.27379070934104","1.55305663109086","1.38","0.047","0.071","1,2,3,4,5,6,10,11,12,13,14,89",0.00647201612588337,FALSE,1,3,12,1,11,0.0833333333333333,0.785714285714286
"S.EB",98,100,0.33,"FALSE","FALSE","FALSE","9.21364126676695","8.00137958217278","1.21226168459417","1.287","0.048","0.07","1,3,5,6,10,11,12,14,19,49,98",0.0218904329713835,FALSE,3,6,11,3,8,0.272727272727273,0.571428571428571
"S.EB",99,100,0.33,"FALSE","FALSE","FALSE","9.28365291591022","9.0059904112206","0.27766250468962","0.535","0.052","0.071","3,4,5,6,7,9,11,12,13",0.0229171720673108,FALSE,0,5,9,0,9,0,0.642857142857143
"S.EB.b",1,100,0.33,"TRUE","TRUE","FALSE","11.5924367400067","11.0949779748337","0.497458765173065","1.407","0.048","0.076","1,2,3,4,5,6,7,8,9,10,11,12,13,14",0.00212172081084492,TRUE,0,0,14,0,14,0,1
"S.EB.b",10,100,0.33,"FALSE","FALSE","FALSE","9.76785326135247","9.26811547220852","0.499737789143949","1.08","0.049","0.068","1,2,3,4,5,6,8,9,10,11,12,13,14",0.00187371583122623,FALSE,0,1,13,0,13,0,0.928571428571429
"S.EB.b",100,100,0.33,"FALSE","FALSE","FALSE","10.2351384468549","8.39860498016227","1.83653346669258","1.295","0.046","0.068","1,2,3,4,5,6,7,10,11,12,13,14,59,99",0.00774692487097066,FALSE,2,2,14,2,12,0.142857142857143,0.857142857142857
"S.EB.b",11,100,0.33,"FALSE","FALSE","FALSE","8.81757390249955","7.47098118270807","1.34659271979149","1.285","0.049","0.07","1,2,3,4,5,6,7,9,10,11,12,13,14",0.00321512585107256,FALSE,0,1,13,0,13,0,0.928571428571429
"S.EB.b",12,100,0.33,"FALSE","FALSE","FALSE","11.130169273999","10.7059034072529","0.424265866746088","0.921","0.05","0.067","1,2,3,4,5,6,7,10,11,12,13,14",0.00435692388216984,FALSE,0,2,12,0,12,0,0.857142857142857
"S.EB.b",13,100,0.33,"FALSE","FALSE","FALSE","10.6146316982724","10.1949896413895","0.419642056882918","1.02","0.051","0.071","1,2,3,4,5,6,8,9,10,11,12,13,14",0.00178078864771889,FALSE,0,1,13,0,13,0,0.928571428571429
"S.EB.b",14,100,0.33,"FALSE","FALSE","FALSE","8.43540804772388","7.59376641492112","0.841641632802762","1.49","0.057","0.075","2,3,4,5,6,7,9,10,11,12,13,69",0.0169407936096168,FALSE,1,3,12,1,11,0.0833333333333333,0.785714285714286
"S.EB.b",15,100,0.33,"FALSE","FALSE","FALSE","11.6676339594215","8.60687344356575","3.06076051585579","1.574","0.056","0.086","1,2,3,5,6,8,10,11,12,13,14,37,42",0.0133129724873984,FALSE,2,3,13,2,11,0.153846153846154,0.785714285714286
"S.EB.b",16,100,0.33,"FALSE","FALSE","FALSE","9.33003155752637","8.94891834000629","0.381113217520079","0.643","0.047","0.071","1,3,4,5,6,9,10,11,12,13,14",0.00626527205115906,FALSE,0,3,11,0,11,0,0.785714285714286
"S.EB.b",17,100,0.33,"FALSE","FALSE","FALSE","9.27981317575427","7.68669673191295","1.59311644384131","1.083","0.05","0.077","1,2,3,4,5,6,10,11,12,13,14,42",0.00692811525273849,FALSE,1,3,12,1,11,0.0833333333333333,0.785714285714286
"S.EB.b",18,100,0.33,"FALSE","FALSE","FALSE","11.046525466974","8.95598819953727","2.09053726743675","1.857","0.054","0.085","1,2,4,5,6,7,8,9,10,11,12,13,30",0.0090188996079737,FALSE,1,2,13,1,12,0.0769230769230769,0.857142857142857
"S.EB.b",19,100,0.33,"FALSE","FALSE","FALSE","10.2771454553051","9.30045945070013","0.976686004604954","1.142","0.052","0.078","1,2,4,5,6,7,9,10,11,12,13,14",0.00705671777724601,FALSE,0,2,12,0,12,0,0.857142857142857
"S.EB.b",2,100,0.33,"FALSE","FALSE","FALSE","9.58313009626961","7.44322173923908","2.13990835703054","1.788","0.053","0.088","1,2,3,4,5,6,7,10,11,12,13,14",0.00528306704260503,FALSE,0,2,12,0,12,0,0.857142857142857
"S.EB.b",20,100,0.33,"FALSE","FALSE","FALSE","10.4765296271474","8.97470770861519","1.50182191853226","0.845","0.05","0.069","1,3,5,6,8,10,11,12,13,14,91",0.0131689251607841,FALSE,1,4,11,1,10,0.0909090909090909,0.714285714285714
"S.EB.b",21,100,0.33,"FALSE","FALSE","FALSE","10.1058563227124","9.45972127558454","0.646135047127898","1.112","0.051","0.073","1,2,3,4,5,6,8,10,11,12,13,14",0.0038476924650913,FALSE,0,2,12,0,12,0,0.857142857142857
"S.EB.b",22,100,0.33,"FALSE","FALSE","FALSE","10.4400139244654","9.17270032161354","1.26731360285182","1.108","0.051","0.074","1,2,3,4,5,6,7,8,9,10,11,12,14",0.00481109387027173,FALSE,0,1,13,0,13,0,0.928571428571429
"S.EB.b",23,100,0.33,"FALSE","FALSE","FALSE","9.70219118986327","9.24605431732963","0.456136872533645","1.121","0.052","0.073","1,2,3,4,5,6,7,10,11,12,13,14",0.00335476490652292,FALSE,0,2,12,0,12,0,0.857142857142857
"S.EB.b",24,100,0.33,"FALSE","FALSE","FALSE","10.9672496334113","9.71799110059212","1.2492585328192","0.919","0.05","0.071","1,2,4,5,6,7,8,9,10,11,12,14,149",0.00912264462924903,FALSE,1,2,13,1,12,0.0769230769230769,0.857142857142857
"S.EB.b",25,100,0.33,"FALSE","FALSE","FALSE","9.44982604736879","8.9343329744992","0.515493072869591","0.838","0.052","0.081","1,3,5,6,8,9,10,11,12,13,14",0.00854501733873944,FALSE,0,3,11,0,11,0,0.785714285714286
"S.EB.b",26,100,0.33,"FALSE","FALSE","FALSE","8.77572144647243","8.07454049743316","0.70118094903927","0.919","0.051","0.065","1,2,3,5,6,8,10,12,13,14",0.0136050210747086,FALSE,0,4,10,0,10,0,0.714285714285714
"S.EB.b",27,100,0.33,"FALSE","FALSE","FALSE","10.4962201127883","9.70463342872475","0.791586684063536","1.112","0.049","0.087","1,2,3,4,5,6,8,9,10,11,12,13",0.0061292888050194,FALSE,0,2,12,0,12,0,0.857142857142857
"S.EB.b",28,100,0.33,"FALSE","FALSE","FALSE","10.1318618663188","9.14311773833621","0.988744127982587","1.409","0.048","0.071","1,2,4,5,6,7,8,9,10,11,12,13,14",0.00387975592523175,FALSE,0,1,13,0,13,0,0.928571428571429
"S.EB.b",29,100,0.33,"FALSE","FALSE","FALSE","10.036669591413","8.50907910756997","1.52759048384303","1.285","0.051","0.08","1,3,4,5,6,7,10,11,12,13,14",0.00697573289227422,FALSE,0,3,11,0,11,0,0.785714285714286
"S.EB.b",3,100,0.33,"FALSE","FALSE","FALSE","10.8518128825263","10.5554619347936","0.296350947732668","0.782","0.053","0.077","1,2,3,4,5,6,7,8,10,11,12,14",0.00735504991558856,FALSE,0,2,12,0,12,0,0.857142857142857
"S.EB.b",30,100,0.33,"FALSE","FALSE","FALSE","9.32573292197749","8.33300761764172","0.992725304335776","0.889","0.049","0.068","1,2,3,4,5,6,8,10,11,12,13,14",0.00408684148251123,FALSE,0,2,12,0,12,0,0.857142857142857
"S.EB.b",31,100,0.33,"FALSE","FALSE","FALSE","8.95695918965987","8.35869986795278","0.598259321707088","1.015","0.058","0.082","1,2,4,5,6,7,8,9,10,11,12,13",0.0101790057680548,FALSE,0,2,12,0,12,0,0.857142857142857
"S.EB.b",32,100,0.33,"FALSE","FALSE","FALSE","9.34181275084827","8.47061261124529","0.871200139602974","1.428","0.05","0.075","1,2,4,5,6,7,8,9,10,11,12,13,14",0.00449457929065026,FALSE,0,1,13,0,13,0,0.928571428571429
"S.EB.b",33,100,0.33,"FALSE","FALSE","FALSE","10.1476056797915","9.55238869012611","0.595216989665385","1.034","0.046","0.072","1,2,3,4,5,6,7,8,10,11,12,13,14",0.00400268879846937,FALSE,0,1,13,0,13,0,0.928571428571429
"S.EB.b",34,100,0.33,"FALSE","FALSE","FALSE","10.4971140295259","9.7151188134603","0.781995216065569","1.072","0.052","0.065","1,2,3,4,5,6,8,10,11,12,13",0.00885398694846882,FALSE,0,3,11,0,11,0,0.785714285714286
"S.EB.b",35,100,0.33,"FALSE","FALSE","FALSE","11.4146454425816","9.88204909812748","1.53259634445413","1.111","0.054","0.075","1,2,4,5,6,7,8,9,10,11,12,13,138",0.0102096516079523,FALSE,1,2,13,1,12,0.0769230769230769,0.857142857142857
"S.EB.b",36,100,0.33,"FALSE","FALSE","FALSE","9.10907911633759","8.35648570588926","0.752593410448328","0.851","0.045","0.068","1,3,5,6,7,8,10,11,12,13,14",0.0111091131845099,FALSE,0,3,11,0,11,0,0.785714285714286
"S.EB.b",37,100,0.33,"FALSE","FALSE","FALSE","9.41315754675706","8.56981716622172","0.843340380535349","1.049","0.048","0.063","1,2,3,4,5,6,8,10,11,12,13,14",0.00469537835136335,FALSE,0,2,12,0,12,0,0.857142857142857
"S.EB.b",38,100,0.33,"FALSE","FALSE","FALSE","10.3203309044361","8.36399600746256","1.95633489697354","1.275","0.055","0.078","1,3,4,5,6,9,10,11,12,13,14",0.00842990540425185,FALSE,0,3,11,0,11,0,0.785714285714286
"S.EB.b",39,100,0.33,"FALSE","FALSE","FALSE","9.49823901624473","8.0318564405883","1.46638257565643","1.553","0.057","0.085","1,2,3,4,5,6,7,10,11,12,13,14",0.00380608411005254,FALSE,0,2,12,0,12,0,0.857142857142857
"S.EB.b",4,100,0.33,"FALSE","FALSE","FALSE","9.7408590201535","8.79647319736048","0.944385822793012","0.926","0.05","0.074","1,2,3,4,5,6,7,10,11,12,13,14",0.00383352152976974,FALSE,0,2,12,0,12,0,0.857142857142857
"S.EB.b",40,100,0.33,"FALSE","FALSE","FALSE","8.96025493198104","8.30764408987704","0.652610842103991","1.326","0.053","0.081","1,2,3,4,5,6,7,10,11,12,13,14",0.00486908652892049,FALSE,0,2,12,0,12,0,0.857142857142857
"S.EB.b",41,100,0.33,"FALSE","FALSE","FALSE","10.5722661467719","10.2602736664843","0.311992480287591","1.015","0.048","0.072","1,2,3,4,5,6,8,9,10,11,12,13,14",0.00271154983134599,FALSE,0,1,13,0,13,0,0.928571428571429
"S.EB.b",42,100,0.33,"FALSE","FALSE","FALSE","9.94409706046252","9.16686821249228","0.777228847970238","1.297","0.05","0.079","1,2,3,4,5,6,7,8,9,10,11,12,14",0.00397187747212087,FALSE,0,1,13,0,13,0,0.928571428571429
"S.EB.b",43,100,0.33,"FALSE","FALSE","FALSE","9.28582766401426","8.63928915932499","0.646538504689268","0.906","0.046","0.073","1,2,3,5,6,7,10,11,12,13,14",0.0107391196259094,FALSE,0,3,11,0,11,0,0.785714285714286
"S.EB.b",44,100,0.33,"FALSE","FALSE","FALSE","10.8075473312771","10.5071682053038","0.300379125973355","0.966","0.047","0.071","1,2,3,4,5,6,7,8,9,10,11,12,13,14,62",0.00570861250589051,FALSE,1,0,15,1,14,0.0666666666666667,1
"S.EB.b",45,100,0.33,"FALSE","FALSE","FALSE","10.4615028979385","9.49123980228508","0.970263095653447","1.652","0.056","0.079","2,3,4,5,6,7,8,9,10,11,12,13,14",0.00526751111564519,FALSE,0,1,13,0,13,0,0.928571428571429
"S.EB.b",46,100,0.33,"FALSE","FALSE","FALSE","9.64156732417505","8.29709190565259","1.34447541852246","1.31","0.053","0.08","1,2,3,4,5,6,10,11,12,13,14",0.00665812143010341,FALSE,0,3,11,0,11,0,0.785714285714286
"S.EB.b",47,100,0.33,"TRUE","TRUE","FALSE","11.3244279573117","10.8100053925121","0.514422564799666","1.012","0.048","0.059","1,2,3,4,5,6,7,8,9,10,11,12,13,14",0.00294394511085836,TRUE,0,0,14,0,14,0,1
"S.EB.b",48,100,0.33,"FALSE","FALSE","FALSE","9.79987312522627","9.33992710341109","0.459946021815175","1.107","0.046","0.072","1,2,3,4,5,6,7,8,9,10,11,12,13,14,144",0.00227689301842197,FALSE,1,0,15,1,14,0.0666666666666667,1
"S.EB.b",49,100,0.33,"FALSE","FALSE","FALSE","10.9580152266903","9.41265511229799","1.54536011439234","1.571","0.051","0.075","1,2,3,4,5,6,7,8,10,11,12,13,14",0.00301008697413147,FALSE,0,1,13,0,13,0,0.928571428571429
"S.EB.b",5,100,0.33,"FALSE","FALSE","FALSE","8.81353977807005","8.15967565797811","0.653864120091946","1.25","0.046","0.076","1,2,3,4,5,6,8,9,10,11,12,13,14",0.00237674253678022,FALSE,0,1,13,0,13,0,0.928571428571429
"S.EB.b",50,100,0.33,"FALSE","FALSE","FALSE","8.98593006493083","8.47197556143831","0.513954503492515","0.925","0.048","0.066","1,2,3,5,6,8,9,10,11,12,14",0.0131602337944704,FALSE,0,3,11,0,11,0,0.785714285714286
"S.EB.b",51,100,0.33,"FALSE","FALSE","FALSE","8.56731036322373","7.56258903012299","1.00472133310074","1.174","0.049","0.077","1,2,3,5,6,8,10,11,12,13,14",0.00978539300249235,FALSE,0,3,11,0,11,0,0.785714285714286
"S.EB.b",52,100,0.33,"TRUE","TRUE","FALSE","10.9109462794951","9.85835980629781","1.05258647319724","1.515","0.046","0.071","1,2,3,4,5,6,7,8,9,10,11,12,13,14",0.002122815019911,TRUE,0,0,14,0,14,0,1
"S.EB.b",53,100,0.33,"FALSE","FALSE","FALSE","8.92498596275407","8.25233499184307","0.672650970910999","1.1","0.049","0.073","1,2,3,4,5,6,10,11,12,13,14",0.00608607289437936,FALSE,0,3,11,0,11,0,0.785714285714286
"S.EB.b",54,100,0.33,"FALSE","FALSE","FALSE","9.01784241054264","8.0997190276171","0.918123382925547","0.856","0.046","0.067","1,2,3,4,5,6,10,11,12,13,14",0.00572095208093396,FALSE,0,3,11,0,11,0,0.785714285714286
"S.EB.b",55,100,0.33,"FALSE","FALSE","FALSE","9.55926723677468","9.19966886823211","0.359598368542573","0.815","0.045","0.065","1,3,4,5,6,7,9,10,11,12,13,14",0.00488106663426527,FALSE,0,2,12,0,12,0,0.857142857142857
"S.EB.b",56,100,0.33,"FALSE","FALSE","FALSE","9.98228309032157","9.47201961357628","0.510263476745294","1.283","0.048","0.073","1,2,3,4,5,6,7,9,10,11,12,13,14",0.00208052433168351,FALSE,0,1,13,0,13,0,0.928571428571429
"S.EB.b",57,100,0.33,"FALSE","FALSE","FALSE","9.14473183183278","8.44979942735607","0.694932404476713","1.396","0.05","0.07","1,2,3,4,5,6,9,10,11,12,13",0.00824163609562378,FALSE,0,3,11,0,11,0,0.785714285714286
"S.EB.b",58,100,0.33,"FALSE","FALSE","FALSE","10.1865978107722","7.94467286899461","2.24192494177759","1.579","0.053","0.086","1,2,3,4,5,6,7,10,11,12,13,14,82,94",0.00833530865224166,FALSE,2,2,14,2,12,0.142857142857143,0.857142857142857
"S.EB.b",59,100,0.33,"FALSE","FALSE","FALSE","9.39569768175751","8.73239699094489","0.66330069081262","2.242","0.046","0.058","1,2,3,4,5,6,7,8,10,11,12,13,14",0.00282802004066143,FALSE,0,1,13,0,13,0,0.928571428571429
"S.EB.b",6,100,0.33,"TRUE","TRUE","FALSE","10.7264137734273","10.1638993279107","0.562514445516634","1.167","0.048","0.071","1,2,3,4,5,6,7,8,9,10,11,12,13,14",0.00131996067833716,TRUE,0,0,14,0,14,0,1
"S.EB.b",60,100,0.33,"FALSE","FALSE","FALSE","11.0760913444142","9.85121622299579","1.22487512141841","1.441","0.05","0.067","2,3,4,5,6,7,8,9,10,11,12,13,14,107",0.00674952348354193,FALSE,1,1,14,1,13,0.0714285714285714,0.928571428571429
"S.EB.b",61,100,0.33,"FALSE","FALSE","FALSE","9.72699671012172","7.54684913377856","2.18014757634316","1.628","0.053","0.084","1,2,4,5,6,7,8,9,10,11,14",0.0154838570612305,FALSE,0,3,11,0,11,0,0.785714285714286
"S.EB.b",62,100,0.33,"TRUE","TRUE","FALSE","9.76799590591407","9.29673506742463","0.471260838489433","0.98","0.045","0.073","1,2,3,4,5,6,7,8,9,10,11,12,13,14",0.00184722662756141,TRUE,0,0,14,0,14,0,1
"S.EB.b",63,100,0.33,"FALSE","FALSE","FALSE","8.76789180074803","7.81773054364275","0.950161257105283","1.087","0.049","0.072","1,3,4,5,6,7,8,10,11,12,14",0.00850462177773393,FALSE,0,3,11,0,11,0,0.785714285714286
"S.EB.b",64,100,0.33,"FALSE","FALSE","FALSE","9.41767639011548","8.50060480680656","0.917071583308919","0.95","0.047","0.065","1,2,3,4,5,6,10,11,12,13,14",0.00602152868040012,FALSE,0,3,11,0,11,0,0.785714285714286
"S.EB.b",65,100,0.33,"FALSE","FALSE","FALSE","9.27857486453491","8.87749430700593","0.401080557528979","0.988","0.048","0.063","1,2,3,4,5,6,7,10,11,12,13,14",0.00293379567070878,FALSE,0,2,12,0,12,0,0.857142857142857
"S.EB.b",66,100,0.33,"FALSE","FALSE","FALSE","11.6862977613944","9.74932008096301","1.93697768043138","1.194","0.047","0.073","1,2,3,4,5,6,9,10,11,12,13,14,32,127",0.0083953653256647,FALSE,2,2,14,2,12,0.142857142857143,0.857142857142857
"S.EB.b",67,100,0.33,"FALSE","FALSE","FALSE","9.9328499068419","9.40518725889453","0.527662647947373","0.859","0.051","0.061","1,2,3,4,5,6,8,10,11,12,13,14",0.00423272128248473,FALSE,0,2,12,0,12,0,0.857142857142857
"S.EB.b",68,100,0.33,"FALSE","FALSE","FALSE","9.42666568581024","9.05798174592397","0.368683939886265","0.681","0.049","0.064","1,2,3,4,5,6,10,11,12,13,14",0.00705864297536942,FALSE,0,3,11,0,11,0,0.785714285714286
"S.EB.b",69,100,0.33,"FALSE","FALSE","FALSE","9.7224354246043","8.09684246131991","1.62559296328438","1.203","0.047","0.078","1,3,5,6,8,9,10,11,12,13,14",0.00994882639171675,FALSE,0,3,11,0,11,0,0.785714285714286
"S.EB.b",7,100,0.33,"FALSE","FALSE","FALSE","10.4058412630845","10.1158346390346","0.290006624049996","0.871","0.046","0.07","1,2,3,4,5,6,8,9,10,11,12,13,14",0.00238036445728082,FALSE,0,1,13,0,13,0,0.928571428571429
"S.EB.b",70,100,0.33,"FALSE","FALSE","FALSE","9.39176940785114","7.50923765445783","1.88253175339331","1.036","0.054","0.081","1,2,3,5,6,8,10,11,12,14,26",0.0145619680544427,FALSE,1,4,11,1,10,0.0909090909090909,0.714285714285714
"S.EB.b",71,100,0.33,"FALSE","FALSE","FALSE","9.1574010743769","7.39329646489182","1.76410460948508","0.808","0.048","0.066","1,3,4,5,6,10,11,12,13,14,53",0.00981952281439743,FALSE,1,4,11,1,10,0.0909090909090909,0.714285714285714
"S.EB.b",72,100,0.33,"FALSE","FALSE","FALSE","9.68187291487721","8.31156937121954","1.37030354365767","1.383","0.046","0.076","1,2,3,4,5,6,7,10,11,12,13,14",0.00428063030115901,FALSE,0,2,12,0,12,0,0.857142857142857
"S.EB.b",73,100,0.33,"FALSE","FALSE","FALSE","10.4879965003456","9.96146621369076","0.526530286654801","0.796","0.049","0.072","1,3,4,5,6,7,9,10,11,12,13,14",0.00600072317490937,FALSE,0,2,12,0,12,0,0.857142857142857
"S.EB.b",74,100,0.33,"FALSE","FALSE","FALSE","9.56169895952763","8.45978418196602","1.10191477756161","1.265","0.047","0.073","1,2,3,4,5,6,10,11,12,13,14",0.00674846470308224,FALSE,0,3,11,0,11,0,0.785714285714286
"S.EB.b",75,100,0.33,"FALSE","FALSE","FALSE","9.2522079132149","8.74734932381039","0.504858589404514","1.179","0.045","0.068","1,2,3,4,5,6,7,8,9,10,11,12",0.00899977465614218,FALSE,0,2,12,0,12,0,0.857142857142857
"S.EB.b",76,100,0.33,"FALSE","FALSE","FALSE","9.54840198666859","8.23195732618908","1.31644466047951","0.793","0.045","0.058","1,2,3,4,5,6,8,10,11,12,14",0.00895678130435639,FALSE,0,3,11,0,11,0,0.785714285714286
"S.EB.b",77,100,0.33,"FALSE","FALSE","FALSE","9.55799696558914","9.09278894873169","0.465208016857446","0.751","0.045","0.071","1,2,4,5,6,7,8,9,10,11,12,14",0.00757748914070886,FALSE,0,2,12,0,12,0,0.857142857142857
"S.EB.b",78,100,0.33,"FALSE","FALSE","FALSE","9.05988468928876","7.65731591729811","1.40256877199065","0.73","0.048","0.083","1,3,4,5,6,7,10,11,12,13,14,36",0.0086484575791872,FALSE,1,3,12,1,11,0.0833333333333333,0.785714285714286
"S.EB.b",79,100,0.33,"FALSE","FALSE","FALSE","8.60301856475772","8.14389357534162","0.459124989416098","0.637","0.045","0.058","1,2,3,4,5,6,10,11,12,13,14",0.00687573628379049,FALSE,0,3,11,0,11,0,0.785714285714286
"S.EB.b",8,100,0.33,"FALSE","FALSE","FALSE","9.14072158013195","8.34796515555902","0.792756424572936","0.937","0.051","0.073","1,3,4,5,6,7,10,11,12,13,14",0.00728823757949784,FALSE,0,3,11,0,11,0,0.785714285714286
"S.EB.b",80,100,0.33,"FALSE","FALSE","FALSE","9.87348719284923","8.92691907306849","0.946568119780741","1.056","0.044","0.074","1,2,3,4,5,6,7,10,11,12,13,14",0.00397503201824992,FALSE,0,2,12,0,12,0,0.857142857142857
"S.EB.b",81,100,0.33,"FALSE","FALSE","FALSE","10.0457724332536","9.44491718173224","0.600855251521308","0.931","0.045","0.068","1,2,3,4,5,6,8,9,10,11,12,13",0.00766367386367415,FALSE,0,2,12,0,12,0,0.857142857142857
"S.EB.b",82,100,0.33,"FALSE","FALSE","FALSE","9.42354612060642","7.40195989044124","2.02158623016518","1.152","0.048","0.062","1,2,3,4,5,6,9,10,12,13,14,16",0.0120294031336514,FALSE,1,3,12,1,11,0.0833333333333333,0.785714285714286
"S.EB.b",83,100,0.33,"FALSE","FALSE","FALSE","10.3897142165128","9.10307094718431","1.28664326932853","1.122","0.047","0.07","1,2,3,4,5,6,8,10,11,12,13,14,110",0.0085466941152556,FALSE,1,2,13,1,12,0.0769230769230769,0.857142857142857
"S.EB.b",84,100,0.33,"FALSE","FALSE","FALSE","10.8576744408684","9.74497276470018","1.11270167616823","1.354","0.054","0.074","1,2,3,4,5,6,8,10,11,12,13,14",0.0045457203409312,FALSE,0,2,12,0,12,0,0.857142857142857
"S.EB.b",85,100,0.33,"FALSE","FALSE","FALSE","8.56542179343892","6.35600911452205","2.20941267891687","1.937","0.052","0.082","1,2,3,5,6,10,11,12,13,14",0.0126977636419318,FALSE,0,4,10,0,10,0,0.714285714285714
"S.EB.b",86,100,0.33,"FALSE","FALSE","FALSE","9.68323625637772","8.74198826262","0.941247993757721","0.889","0.042","0.057","1,2,3,4,5,6,7,8,10,11,12,13,14",0.00232691872442497,FALSE,0,1,13,0,13,0,0.928571428571429
"S.EB.b",87,100,0.33,"FALSE","FALSE","FALSE","9.97983887413431","9.59789599681611","0.381942877318196","0.894","0.049","0.067","1,2,3,4,5,6,7,8,10,11,12,14",0.00630310425007819,FALSE,0,2,12,0,12,0,0.857142857142857
"S.EB.b",88,100,0.33,"FALSE","FALSE","FALSE","9.32702912468941","8.87149392609505","0.455535198594362","0.814","0.046","0.061","1,3,4,5,6,7,10,11,12,13,14",0.00696646195588943,FALSE,0,3,11,0,11,0,0.785714285714286
"S.EB.b",89,100,0.33,"FALSE","FALSE","FALSE","10.5359563553663","10.0558884983406","0.480067857025633","0.919","0.046","0.069","1,2,3,4,5,6,9,10,11,12,13,14",0.00496032970497198,FALSE,0,2,12,0,12,0,0.857142857142857
"S.EB.b",9,100,0.33,"FALSE","FALSE","FALSE","11.4699189693491","10.5150184741242","0.954900495224959","1.726","0.053","0.076","1,3,4,5,6,7,8,9,10,11,12,13,14",0.00371721324010749,FALSE,0,1,13,0,13,0,0.928571428571429
"S.EB.b",90,100,0.33,"FALSE","FALSE","FALSE","9.07793585145078","8.1423373204303","0.935598531020475","0.863","0.044","0.065","1,2,3,4,5,6,10,11,12,13,14",0.00619804116749922,FALSE,0,3,11,0,11,0,0.785714285714286
"S.EB.b",91,100,0.33,"FALSE","FALSE","FALSE","9.31642768689171","8.5705567329155","0.74587095397621","0.79","0.046","0.068","1,3,4,5,6,10,11,12,13,14",0.0103973461560896,FALSE,0,4,10,0,10,0,0.714285714285714
"S.EB.b",92,100,0.33,"FALSE","FALSE","FALSE","8.82212927369573","8.25881052726775","0.563318746427984","0.88","0.044","0.062","1,3,4,5,6,9,10,11,12,13,14",0.0116535040308217,FALSE,0,3,11,0,11,0,0.785714285714286
"S.EB.b",93,100,0.33,"FALSE","FALSE","FALSE","9.30592519618381","7.09940241645296","2.20652277973085","1.529","0.055","0.086","1,2,4,5,6,7,8,9,10,11,12,13",0.00920097919238562,FALSE,0,2,12,0,12,0,0.857142857142857
"S.EB.b",94,100,0.33,"FALSE","FALSE","FALSE","9.40006704921584","8.11984529568084","1.280221753535","0.801","0.046","0.065","1,2,3,4,5,6,10,11,12,13,14,98",0.00902492264021829,FALSE,1,3,12,1,11,0.0833333333333333,0.785714285714286
"S.EB.b",95,100,0.33,"FALSE","FALSE","FALSE","10.2717959371299","8.68571873175909","1.5860772053708","1.613","0.059","0.074","1,2,3,4,5,6,8,9,10,11,12,13",0.00618415523552555,FALSE,0,2,12,0,12,0,0.857142857142857
"S.EB.b",96,100,0.33,"FALSE","FALSE","FALSE","10.8388036583135","8.96995009748584","1.86885356082769","1.318","0.048","0.068","1,2,3,5,6,7,10,11,12,13,14,42",0.00864357025914384,FALSE,1,3,12,1,11,0.0833333333333333,0.785714285714286
"S.EB.b",97,100,0.33,"FALSE","FALSE","FALSE","9.82684734043191","8.27379070934104","1.55305663109086","1.38","0.047","0.071","1,2,3,4,5,6,9,10,11,12,13,14,89",0.00568047836248146,FALSE,1,2,13,1,12,0.0769230769230769,0.857142857142857
"S.EB.b",98,100,0.33,"FALSE","FALSE","FALSE","9.21364126676695","8.00137958217278","1.21226168459417","1.287","0.048","0.07","1,2,3,5,6,8,10,11,12,13,14",0.00981502996529342,FALSE,0,3,11,0,11,0,0.785714285714286
"S.EB.b",99,100,0.33,"FALSE","FALSE","FALSE","9.28365291591022","9.0059904112206","0.27766250468962","0.535","0.052","0.071","1,3,4,5,6,7,9,10,11,12,13",0.0119871783383789,FALSE,0,3,11,0,11,0,0.785714285714286
"scad.cv",1,100,0.33,"TRUE","TRUE","FALSE","11.5924367400067","11.0949779748337","0.497458765173065","1.407","0.048","0.076","1,2,3,4,6,8,9,10,11,12,13,21,39,63,64,66,77,86,93,103,135,149",0.049400913520778,FALSE,11,3,22,11,11,0.5,0.785714285714286
"scad.cv",10,100,0.33,"FALSE","FALSE","FALSE","9.76785326135247","9.26811547220852","0.499737789143949","1.08","0.049","0.068","1,3,4,5,6,8,10,12,14,108,118,140",0.025890671892089,FALSE,3,5,12,3,9,0.25,0.642857142857143
"scad.cv",100,100,0.33,"FALSE","FALSE","FALSE","10.2351384468549","8.39860498016227","1.83653346669258","1.295","0.046","0.068","1,2,3,5,6,10,11,12,14,26,42,59,94,97,99,146,157",0.0380279129789237,FALSE,8,5,17,8,9,0.470588235294118,0.642857142857143
"scad.cv",11,100,0.33,"FALSE","FALSE","FALSE","8.81757390249955","7.47098118270807","1.34659271979149","1.285","0.049","0.07","1,3,6,10,12,13,14,68,69,85",0.0352830348669897,FALSE,3,7,10,3,7,0.3,0.5
"scad.cv",12,100,0.33,"FALSE","FALSE","FALSE","11.130169273999","10.7059034072529","0.424265866746088","0.921","0.05","0.067","1,2,3,4,5,6,7,9,11,12,13,14,56,74,108,160",0.0378470625072217,FALSE,4,2,16,4,12,0.25,0.857142857142857
"scad.cv",13,100,0.33,"FALSE","FALSE","FALSE","10.6146316982724","10.1949896413895","0.419642056882918","1.02","0.051","0.071","1,3,4,5,6,8,10,11,12,13,14,36,50,82",0.0227271187718508,FALSE,3,3,14,3,11,0.214285714285714,0.785714285714286
"scad.cv",14,100,0.33,"FALSE","FALSE","FALSE","8.43540804772388","7.59376641492112","0.841641632802762","1.49","0.057","0.075","2,3,4,5,6,9,10,11,12,13,14,56,64,90,108,112,129,149,154",0.030218450750551,FALSE,8,3,19,8,11,0.421052631578947,0.785714285714286
"scad.cv",15,100,0.33,"FALSE","FALSE","FALSE","11.6676339594215","8.60687344356575","3.06076051585579","1.574","0.056","0.086","1,2,3,6,8,10,13,14,16,19,33,37,42,68,85,94,137,155",0.0613816810048264,FALSE,10,6,18,10,8,0.555555555555556,0.571428571428571
"scad.cv",16,100,0.33,"FALSE","FALSE","FALSE","9.33003155752637","8.94891834000629","0.381113217520079","0.643","0.047","0.071","1,2,3,4,5,6,10,11,12,14,26,87,136",0.0301334310968052,FALSE,3,4,13,3,10,0.230769230769231,0.714285714285714
"scad.cv",17,100,0.33,"FALSE","FALSE","FALSE","9.27981317575427","7.68669673191295","1.59311644384131","1.083","0.05","0.077","1,2,4,5,6,10,11,12,58,97,109",0.0328086924952625,FALSE,3,6,11,3,8,0.272727272727273,0.571428571428571
"scad.cv",18,100,0.33,"FALSE","FALSE","FALSE","11.046525466974","8.95598819953727","2.09053726743675","1.857","0.054","0.085","1,2,3,4,5,6,8,10,11,12,13,14,15,16,20,22,34,35,40,45,55,63,75,84,88,96,104,108,109,120,131,134,138,140,143",0.0116417621249253,FALSE,23,2,35,23,12,0.657142857142857,0.857142857142857
"scad.cv",19,100,0.33,"FALSE","FALSE","FALSE","10.2771454553051","9.30045945070013","0.976686004604954","1.142","0.052","0.078","1,2,4,5,6,7,9,10,11,12,55,80,99,138",0.0303078142554102,FALSE,4,4,14,4,10,0.285714285714286,0.714285714285714
"scad.cv",2,100,0.33,"FALSE","FALSE","FALSE","9.58313009626961","7.44322173923908","2.13990835703054","1.788","0.053","0.088","1,3,5,6,10,12,13,14,16,42,66,69,71,92,94,107,129",0.0362390489464253,FALSE,9,6,17,9,8,0.529411764705882,0.571428571428571
"scad.cv",20,100,0.33,"FALSE","FALSE","FALSE","10.4765296271474","8.97470770861519","1.50182191853226","0.845","0.05","0.069","1,3,5,6,8,10,11,12,13,14,91,108",0.0227247610149903,FALSE,2,4,12,2,10,0.166666666666667,0.714285714285714
"scad.cv",21,100,0.33,"FALSE","FALSE","FALSE","10.1058563227124","9.45972127558454","0.646135047127898","1.112","0.051","0.073","1,3,6,10,12,13,14,61,66,73,157,161",0.0419335368396982,FALSE,5,7,12,5,7,0.416666666666667,0.5
"scad.cv",22,100,0.33,"FALSE","FALSE","FALSE","10.4400139244654","9.17270032161354","1.26731360285182","1.108","0.051","0.074","1,2,3,4,5,6,7,8,9,10,11,12,13,14,27,28,42,45,47,55,61,63,70,84,90,93,100,109,114,143,148,156,160",0.00930510042673529,FALSE,19,0,33,19,14,0.575757575757576,1
"scad.cv",23,100,0.33,"FALSE","FALSE","FALSE","9.70219118986327","9.24605431732963","0.456136872533645","1.121","0.052","0.073","1,3,4,5,6,10,12,13,14,16",0.0303638857756423,FALSE,1,5,10,1,9,0.1,0.642857142857143
"scad.cv",24,100,0.33,"FALSE","FALSE","FALSE","10.9672496334113","9.71799110059212","1.2492585328192","0.919","0.05","0.071","2,4,5,6,7,8,9,10,11,58,149",0.0410037075488973,FALSE,2,5,11,2,9,0.181818181818182,0.642857142857143
"scad.cv",25,100,0.33,"FALSE","FALSE","FALSE","9.44982604736879","8.9343329744992","0.515493072869591","0.838","0.052","0.081","1,3,5,6,10,11,12,13,14,36,45,82,91",0.0299630002092662,FALSE,4,5,13,4,9,0.307692307692308,0.642857142857143
"scad.cv",26,100,0.33,"FALSE","FALSE","FALSE","8.77572144647243","8.07454049743316","0.70118094903927","0.919","0.051","0.065","1,3,5,6,8,10,12,13,14,152",0.0235330455038399,FALSE,1,5,10,1,9,0.1,0.642857142857143
"scad.cv",27,100,0.33,"FALSE","FALSE","FALSE","10.4962201127883","9.70463342872475","0.791586684063536","1.112","0.049","0.087","2,3,4,5,6,7,9,11,12,13,20,24,38,104,114,126,141,152,155,162",0.0490148568514156,FALSE,10,4,20,10,10,0.5,0.714285714285714
"scad.cv",28,100,0.33,"FALSE","FALSE","FALSE","10.1318618663188","9.14311773833621","0.988744127982587","1.409","0.048","0.071","1,2,3,4,5,6,8,9,10,11,12,13,14,31,84,94,98,99,111,133,136,144",0.00799199149409702,FALSE,9,1,22,9,13,0.409090909090909,0.928571428571429
"scad.cv",29,100,0.33,"FALSE","FALSE","FALSE","10.036669591413","8.50907910756997","1.52759048384303","1.285","0.051","0.08","1,3,5,6,10,12,13,14,69,152",0.0315330201403914,FALSE,2,6,10,2,8,0.2,0.571428571428571
"scad.cv",3,100,0.33,"FALSE","FALSE","FALSE","10.8518128825263","10.5554619347936","0.296350947732668","0.782","0.053","0.077","1,2,3,6,8,10,12,14,19,26,45,49,52,68,70,94,132,155,158,161",0.0643589601856812,FALSE,12,6,20,12,8,0.6,0.571428571428571
"scad.cv",30,100,0.33,"FALSE","FALSE","FALSE","9.32573292197749","8.33300761764172","0.992725304335776","0.889","0.049","0.068","1,3,5,6,10,12,13,14,66,71,81,152",0.0330504300766863,FALSE,4,6,12,4,8,0.333333333333333,0.571428571428571
"scad.cv",31,100,0.33,"FALSE","FALSE","FALSE","8.95695918965987","8.35869986795278","0.598259321707088","1.015","0.058","0.082","1,2,3,4,5,6,7,8,9,10,11,12,13,14,17,31,35,45,47,51,63,80,81,84,87,99,111,117,132,140,162",0.0088634469980908,FALSE,17,0,31,17,14,0.548387096774194,1
"scad.cv",32,100,0.33,"FALSE","FALSE","FALSE","9.34181275084827","8.47061261124529","0.871200139602974","1.428","0.05","0.075","2,4,5,6,7,9,11,12,13,135",0.0394412429948076,FALSE,1,5,10,1,9,0.1,0.642857142857143
"scad.cv",33,100,0.33,"FALSE","FALSE","FALSE","10.1476056797915","9.55238869012611","0.595216989665385","1.034","0.046","0.072","1,3,5,6,8,10,11,12,14,26,146,151",0.0314393900050001,FALSE,3,5,12,3,9,0.25,0.642857142857143
"scad.cv",34,100,0.33,"FALSE","FALSE","FALSE","10.4971140295259","9.7151188134603","0.781995216065569","1.072","0.052","0.065","1,2,3,4,5,6,12,13,20,36,91,93,98,108,149",0.0323776334094477,FALSE,7,6,15,7,8,0.466666666666667,0.571428571428571
"scad.cv",35,100,0.33,"FALSE","FALSE","FALSE","11.4146454425816","9.88204909812748","1.53259634445413","1.111","0.054","0.075","2,4,5,6,7,8,9,10,11,13,43,44,53,67,138",0.0355575095985276,FALSE,5,4,15,5,10,0.333333333333333,0.714285714285714
"scad.cv",36,100,0.33,"FALSE","FALSE","FALSE","9.10907911633759","8.35648570588926","0.752593410448328","0.851","0.045","0.068","1,3,5,6,10,11,12,14,26",0.0305829305580643,FALSE,1,6,9,1,8,0.111111111111111,0.571428571428571
"scad.cv",37,100,0.33,"FALSE","FALSE","FALSE","9.41315754675706","8.56981716622172","0.843340380535349","1.049","0.048","0.063","1,3,5,6,10,12,13,14",0.0229545166773102,FALSE,0,6,8,0,8,0,0.571428571428571
"scad.cv",38,100,0.33,"FALSE","FALSE","FALSE","10.3203309044361","8.36399600746256","1.95633489697354","1.275","0.055","0.078","1,3,5,6,10,12,13,14,16,36,42,58,64,82,108,145",0.031416348315708,FALSE,8,6,16,8,8,0.5,0.571428571428571
"scad.cv",39,100,0.33,"FALSE","FALSE","FALSE","9.49823901624473","8.0318564405883","1.46638257565643","1.553","0.057","0.085","1,2,4,5,6,7,9,10,12,13,18,21,24,41,57,64,74,77,89,114,129,141",0.0529606620185829,FALSE,12,4,22,12,10,0.545454545454545,0.714285714285714
"scad.cv",4,100,0.33,"FALSE","FALSE","FALSE","9.7408590201535","8.79647319736048","0.944385822793012","0.926","0.05","0.074","1,3,5,6,10,12,13,14,36,66,107,114,152,158,161,162",0.0370159561360966,FALSE,8,6,16,8,8,0.5,0.571428571428571
"scad.cv",40,100,0.33,"FALSE","FALSE","FALSE","8.96025493198104","8.30764408987704","0.652610842103991","1.326","0.053","0.081","2,4,5,6,7,8,9,10,11,13,62",0.0373265597822593,FALSE,1,4,11,1,10,0.0909090909090909,0.714285714285714
"scad.cv",41,100,0.33,"FALSE","FALSE","FALSE","10.5722661467719","10.2602736664843","0.311992480287591","1.015","0.048","0.072","1,2,3,4,5,6,8,9,10,11,12,13,14,20,31,55,80,93,99,103,109,143,162",0.00522886030198747,FALSE,10,1,23,10,13,0.434782608695652,0.928571428571429
"scad.cv",42,100,0.33,"FALSE","FALSE","FALSE","9.94409706046252","9.16686821249228","0.777228847970238","1.297","0.05","0.079","4,6,7,9,12,13,14,17,24,66,74,77,93,112,113,125",0.0768384837921671,FALSE,9,7,16,9,7,0.5625,0.5
"scad.cv",43,100,0.33,"FALSE","FALSE","FALSE","9.28582766401426","8.63928915932499","0.646538504689268","0.906","0.046","0.073","1,3,5,6,10,12,13,14",0.0327881546750911,FALSE,0,6,8,0,8,0,0.571428571428571
"scad.cv",44,100,0.33,"FALSE","FALSE","FALSE","10.8075473312771","10.5071682053038","0.300379125973355","0.966","0.047","0.071","2,4,5,6,7,9,11,12,13,77",0.0449838304253956,FALSE,1,5,10,1,9,0.1,0.642857142857143
"scad.cv",45,100,0.33,"FALSE","FALSE","FALSE","10.4615028979385","9.49123980228508","0.970263095653447","1.652","0.056","0.079","1,2,3,4,5,6,7,8,9,10,11,12,13,14,15,28,40,47,72,80,81,84,93,103,115,132,136,140,148",0.0101075147076723,FALSE,15,0,29,15,14,0.517241379310345,1
"scad.cv",46,100,0.33,"FALSE","FALSE","FALSE","9.64156732417505","8.29709190565259","1.34447541852246","1.31","0.053","0.08","1,3,5,6,10,11,12,13,14,36,82,108",0.0247259363469445,FALSE,3,5,12,3,9,0.25,0.642857142857143
"scad.cv",47,100,0.33,"TRUE","TRUE","FALSE","11.3244279573117","10.8100053925121","0.514422564799666","1.012","0.048","0.059","2,3,4,5,6,7,8,9,10,11,12,14,20,74,141",0.0313612975917138,FALSE,3,2,15,3,12,0.2,0.857142857142857
"scad.cv",48,100,0.33,"FALSE","FALSE","FALSE","9.79987312522627","9.33992710341109","0.459946021815175","1.107","0.046","0.072","2,4,5,6,9,12,13,14,21,74,126,162",0.0556399347202132,FALSE,4,6,12,4,8,0.333333333333333,0.571428571428571
"scad.cv",49,100,0.33,"FALSE","FALSE","FALSE","10.9580152266903","9.41265511229799","1.54536011439234","1.571","0.051","0.075","1,4,6,9,10,12,13,64,70,74,77,86,91,92,93,99,141,144",0.0746996087286975,FALSE,11,7,18,11,7,0.611111111111111,0.5
"scad.cv",5,100,0.33,"FALSE","FALSE","FALSE","8.81353977807005","8.15967565797811","0.653864120091946","1.25","0.046","0.076","1,2,3,4,5,6,8,9,10,11,12,13,14,28,32,41,45,51,84,93,96,107,113,143",0.00879311240342259,FALSE,11,1,24,11,13,0.458333333333333,0.928571428571429
"scad.cv",50,100,0.33,"FALSE","FALSE","FALSE","8.98593006493083","8.47197556143831","0.513954503492515","0.925","0.048","0.066","1,2,3,5,6,8,10,11,14,144",0.0331071729617084,FALSE,1,5,10,1,9,0.1,0.642857142857143
"scad.cv",51,100,0.33,"FALSE","FALSE","FALSE","8.56731036322373","7.56258903012299","1.00472133310074","1.174","0.049","0.077","1,3,6,10,12,13,14,71,151",0.0353416856758802,FALSE,2,7,9,2,7,0.222222222222222,0.5
"scad.cv",52,100,0.33,"TRUE","TRUE","FALSE","10.9109462794951","9.85835980629781","1.05258647319724","1.515","0.046","0.071","1,3,5,6,10,12,13,14,36,42,85,108,129",0.025454501549165,FALSE,5,6,13,5,8,0.384615384615385,0.571428571428571
"scad.cv",53,100,0.33,"FALSE","FALSE","FALSE","8.92498596275407","8.25233499184307","0.672650970910999","1.1","0.049","0.073","1,2,3,4,5,6,10,11,14,44,70,148",0.0296118286453428,FALSE,3,5,12,3,9,0.25,0.642857142857143
"scad.cv",54,100,0.33,"FALSE","FALSE","FALSE","9.01784241054264","8.0997190276171","0.918123382925547","0.856","0.046","0.067","1,3,5,6,10,12,13,14,38,42,108",0.0300324108539219,FALSE,3,6,11,3,8,0.272727272727273,0.571428571428571
"scad.cv",55,100,0.33,"FALSE","FALSE","FALSE","9.55926723677468","9.19966886823211","0.359598368542573","0.815","0.045","0.065","1,3,5,6,10,12,13,14",0.0224629215628973,FALSE,0,6,8,0,8,0,0.571428571428571
"scad.cv",56,100,0.33,"FALSE","FALSE","FALSE","9.98228309032157","9.47201961357628","0.510263476745294","1.283","0.048","0.073","2,4,5,6,7,9,11,12,13,14,20,21,89,114,126",0.0343086521604448,FALSE,5,4,15,5,10,0.333333333333333,0.714285714285714
"scad.cv",57,100,0.33,"FALSE","FALSE","FALSE","9.14473183183278","8.44979942735607","0.694932404476713","1.396","0.05","0.07","1,2,3,4,5,6,9,10,11,12,13,14,42,45,64,72,85,94,105,108,148",0.0339271485939317,FALSE,9,2,21,9,12,0.428571428571429,0.857142857142857
"scad.cv",58,100,0.33,"FALSE","FALSE","FALSE","10.1865978107722","7.94467286899461","2.24192494177759","1.579","0.053","0.086","1,2,5,6,10,11,14,52,58,82,94,97,110,115,137",0.0386734628826891,FALSE,8,7,15,8,7,0.533333333333333,0.5
"scad.cv",59,100,0.33,"FALSE","FALSE","FALSE","9.39569768175751","8.73239699094489","0.66330069081262","2.242","0.046","0.058","1,3,5,6,8,10,11,12,13,14,94,137",0.0238945044855154,FALSE,2,4,12,2,10,0.166666666666667,0.714285714285714
"scad.cv",6,100,0.33,"TRUE","TRUE","FALSE","10.7264137734273","10.1638993279107","0.562514445516634","1.167","0.048","0.071","1,2,3,4,5,6,8,10,11,12,35,122,137",0.0271129767867159,FALSE,3,4,13,3,10,0.230769230769231,0.714285714285714
"scad.cv",60,100,0.33,"FALSE","FALSE","FALSE","11.0760913444142","9.85121622299579","1.22487512141841","1.441","0.05","0.067","1,3,5,6,9,10,12,13,14,16,42,49,66,68,129",0.0349267757182846,FALSE,6,5,15,6,9,0.4,0.642857142857143
"scad.cv",61,100,0.33,"FALSE","FALSE","FALSE","9.72699671012172","7.54684913377856","2.18014757634316","1.628","0.053","0.084","1,3,5,6,10,11,12,13,14,16,36,42,69,121",0.0446973099422102,FALSE,5,5,14,5,9,0.357142857142857,0.642857142857143
"scad.cv",62,100,0.33,"TRUE","TRUE","FALSE","9.76799590591407","9.29673506742463","0.471260838489433","0.98","0.045","0.073","2,4,5,6,7,8,9,12,13,21,53,64,77,99,126,141",0.0581401728572609,FALSE,7,5,16,7,9,0.4375,0.642857142857143
"scad.cv",63,100,0.33,"FALSE","FALSE","FALSE","8.76789180074803","7.81773054364275","0.950161257105283","1.087","0.049","0.072","1,2,3,4,5,6,7,8,9,10,11,12,13,14,20,27,31,32,45,51,63,88,96,108,109,120,121,123,124,131,164",0.00855258708483493,FALSE,17,0,31,17,14,0.548387096774194,1
"scad.cv",64,100,0.33,"FALSE","FALSE","FALSE","9.41767639011548","8.50060480680656","0.917071583308919","0.95","0.047","0.065","1,3,5,6,10,11,12,14",0.0229687908466792,FALSE,0,6,8,0,8,0,0.571428571428571
"scad.cv",65,100,0.33,"FALSE","FALSE","FALSE","9.27857486453491","8.87749430700593","0.401080557528979","0.988","0.048","0.063","3,4,5,6,7,9,10,11,12,13,14,64,140,160",0.02925531850285,FALSE,3,3,14,3,11,0.214285714285714,0.785714285714286
"scad.cv",66,100,0.33,"FALSE","FALSE","FALSE","11.6862977613944","9.74932008096301","1.93697768043138","1.194","0.047","0.073","1,2,4,5,6,9,10,12,13,21,57,66,89,126",0.0535657321460413,FALSE,5,5,14,5,9,0.357142857142857,0.642857142857143
"scad.cv",67,100,0.33,"FALSE","FALSE","FALSE","9.9328499068419","9.40518725889453","0.527662647947373","0.859","0.051","0.061","1,3,4,5,6,8,9,10,11,12,13,20,74,129,135",0.0298867740938145,FALSE,4,3,15,4,11,0.266666666666667,0.785714285714286
"scad.cv",68,100,0.33,"FALSE","FALSE","FALSE","9.42666568581024","9.05798174592397","0.368683939886265","0.681","0.049","0.064","1,2,4,5,6,8,10,11,12,14,51",0.0346440085918693,FALSE,1,4,11,1,10,0.0909090909090909,0.714285714285714
"scad.cv",69,100,0.33,"FALSE","FALSE","FALSE","9.7224354246043","8.09684246131991","1.62559296328438","1.203","0.047","0.078","3,4,5,6,9,10,12,13,14,17,24,57,66,87,123,149,162",0.0575439197586873,FALSE,8,5,17,8,9,0.470588235294118,0.642857142857143
"scad.cv",7,100,0.33,"FALSE","FALSE","FALSE","10.4058412630845","10.1158346390346","0.290006624049996","0.871","0.046","0.07","1,2,3,4,5,6,9,11,12,13,20,41,64,66,77,99,123,124,126,149,162",0.0500943811444897,FALSE,11,4,21,11,10,0.523809523809524,0.714285714285714
"scad.cv",70,100,0.33,"FALSE","FALSE","FALSE","9.39176940785114","7.50923765445783","1.88253175339331","1.036","0.054","0.081","1,5,6,8,10,11,12,13,14,16,17,26,49,54,68,69,70,72,88,122,145,158",0.0517546017579407,FALSE,13,5,22,13,9,0.590909090909091,0.642857142857143
"scad.cv",71,100,0.33,"FALSE","FALSE","FALSE","9.1574010743769","7.39329646489182","1.76410460948508","0.808","0.048","0.066","1,3,5,6,10,11,12,14,26,101",0.0310344670752889,FALSE,2,6,10,2,8,0.2,0.571428571428571
"scad.cv",72,100,0.33,"FALSE","FALSE","FALSE","9.68187291487721","8.31156937121954","1.37030354365767","1.383","0.046","0.076","1,3,6,8,10,11,14,26,45,49,85,155",0.0582300347076155,FALSE,5,7,12,5,7,0.416666666666667,0.5
"scad.cv",73,100,0.33,"FALSE","FALSE","FALSE","10.4879965003456","9.96146621369076","0.526530286654801","0.796","0.049","0.072","1,3,4,5,6,8,10,11,12,13,14,16,20,28,31,40,55,65,73,76,80,96,100,104,107,138,140",0.0114881857693451,FALSE,16,3,27,16,11,0.592592592592593,0.785714285714286
"scad.cv",74,100,0.33,"FALSE","FALSE","FALSE","9.56169895952763","8.45978418196602","1.10191477756161","1.265","0.047","0.073","1,3,5,6,10,12,13,14,68,69,91",0.0323299940545078,FALSE,3,6,11,3,8,0.272727272727273,0.571428571428571
"scad.cv",75,100,0.33,"FALSE","FALSE","FALSE","9.2522079132149","8.74734932381039","0.504858589404514","1.179","0.045","0.068","1,3,5,6,8,10,11,12,13,14,33,36,42,125",0.0211304429553024,FALSE,4,4,14,4,10,0.285714285714286,0.714285714285714
"scad.cv",76,100,0.33,"FALSE","FALSE","FALSE","9.54840198666859","8.23195732618908","1.31644466047951","0.793","0.045","0.058","1,3,5,6,8,10,11,12,13,14,42,49,67,140,152",0.0284798198766806,FALSE,5,4,15,5,10,0.333333333333333,0.714285714285714
"scad.cv",77,100,0.33,"FALSE","FALSE","FALSE","9.55799696558914","9.09278894873169","0.465208016857446","0.751","0.045","0.071","1,2,4,5,6,9,10,11,12,14",0.018733331078697,FALSE,0,4,10,0,10,0,0.714285714285714
"scad.cv",78,100,0.33,"FALSE","FALSE","FALSE","9.05988468928876","7.65731591729811","1.40256877199065","0.73","0.048","0.083","1,3,5,6,10,12,13,14,36",0.0282808337192574,FALSE,1,6,9,1,8,0.111111111111111,0.571428571428571
"scad.cv",79,100,0.33,"FALSE","FALSE","FALSE","8.60301856475772","8.14389357534162","0.459124989416098","0.637","0.045","0.058","1,3,5,6,10,11,12,13,14",0.0237664118763346,FALSE,0,5,9,0,9,0,0.642857142857143
"scad.cv",8,100,0.33,"FALSE","FALSE","FALSE","9.14072158013195","8.34796515555902","0.792756424572936","0.937","0.051","0.073","1,3,5,6,10,12,13,14,34,49,66,152",0.0337539108234587,FALSE,4,6,12,4,8,0.333333333333333,0.571428571428571
"scad.cv",80,100,0.33,"FALSE","FALSE","FALSE","9.87348719284923","8.92691907306849","0.946568119780741","1.056","0.044","0.074","2,4,5,6,7,9,10,11,12,13,14,21,66,77,141,151",0.0506200910455073,FALSE,5,3,16,5,11,0.3125,0.785714285714286
"scad.cv",81,100,0.33,"FALSE","FALSE","FALSE","10.0457724332536","9.44491718173224","0.600855251521308","0.931","0.045","0.068","1,2,3,4,5,6,8,9,10,11,12,13,64,82,98,129,149",0.0232833424344072,FALSE,5,2,17,5,12,0.294117647058824,0.857142857142857
"scad.cv",82,100,0.33,"FALSE","FALSE","FALSE","9.42354612060642","7.40195989044124","2.02158623016518","1.152","0.048","0.062","3,4,5,6,9,10,12,13,14,16,64,73,74,80,113,140",0.0331980082621466,FALSE,7,5,16,7,9,0.4375,0.642857142857143
"scad.cv",83,100,0.33,"FALSE","FALSE","FALSE","10.3897142165128","9.10307094718431","1.28664326932853","1.122","0.047","0.07","1,3,6,8,10,12,13,14,16,66,73,96,110,119,152",0.0388687046934517,FALSE,7,6,15,7,8,0.466666666666667,0.571428571428571
"scad.cv",84,100,0.33,"FALSE","FALSE","FALSE","10.8576744408684","9.74497276470018","1.11270167616823","1.354","0.054","0.074","1,2,3,5,6,8,10,11,12,13,14,25,36,81,94,110,140",0.0276182033328821,FALSE,6,3,17,6,11,0.352941176470588,0.785714285714286
"scad.cv",85,100,0.33,"FALSE","FALSE","FALSE","8.56542179343892","6.35600911452205","2.20941267891687","1.937","0.052","0.082","1,3,6,10,12,13,14,31,63,66,71,78,96,107,111,119,121,144,162",0.043529164771016,FALSE,12,7,19,12,7,0.631578947368421,0.5
"scad.cv",86,100,0.33,"FALSE","FALSE","FALSE","9.68323625637772","8.74198826262","0.941247993757721","0.889","0.042","0.057","1,3,5,6,8,10,12,13,14,16,36",0.0239491195335971,FALSE,2,5,11,2,9,0.181818181818182,0.642857142857143
"scad.cv",87,100,0.33,"FALSE","FALSE","FALSE","9.97983887413431","9.59789599681611","0.381942877318196","0.894","0.049","0.067","1,2,3,4,5,6,10,11,12,14",0.0205104857137188,FALSE,0,4,10,0,10,0,0.714285714285714
"scad.cv",88,100,0.33,"FALSE","FALSE","FALSE","9.32702912468941","8.87149392609505","0.455535198594362","0.814","0.046","0.061","1,3,4,5,6,9,10,11,12,13,18,41,64,74,99,105,108,117,126,138,141,142,146",0.0576553202533479,FALSE,13,4,23,13,10,0.565217391304348,0.714285714285714
"scad.cv",89,100,0.33,"FALSE","FALSE","FALSE","10.5359563553663","10.0558884983406","0.480067857025633","0.919","0.046","0.069","4,5,6,9,12,13,20,32,34,57,66,74,77,86,89,120,123,141",0.0693509916524525,FALSE,12,8,18,12,6,0.666666666666667,0.428571428571429
"scad.cv",9,100,0.33,"FALSE","FALSE","FALSE","11.4699189693491","10.5150184741242","0.954900495224959","1.726","0.053","0.076","3,4,5,6,8,9,10,12,14,56,81,108,125",0.0327483148027757,FALSE,4,5,13,4,9,0.307692307692308,0.642857142857143
"scad.cv",90,100,0.33,"FALSE","FALSE","FALSE","9.07793585145078","8.1423373204303","0.935598531020475","0.863","0.044","0.065","1,3,5,6,10,12,13,14,42,82,91",0.0336154141507665,FALSE,3,6,11,3,8,0.272727272727273,0.571428571428571
"scad.cv",91,100,0.33,"FALSE","FALSE","FALSE","9.31642768689171","8.5705567329155","0.74587095397621","0.79","0.046","0.068","4,5,6,9,10,12,13,21,64,99,126",0.0448775831502351,FALSE,4,7,11,4,7,0.363636363636364,0.5
"scad.cv",92,100,0.33,"FALSE","FALSE","FALSE","8.82212927369573","8.25881052726775","0.563318746427984","0.88","0.044","0.062","1,3,4,6,10,12,13,14",0.0387794308030099,FALSE,0,6,8,0,8,0,0.571428571428571
"scad.cv",93,100,0.33,"FALSE","FALSE","FALSE","9.30592519618381","7.09940241645296","2.20652277973085","1.529","0.055","0.086","1,4,6,10,12,13,14,73,85,88,108,114,152,161",0.0363431469898131,FALSE,7,7,14,7,7,0.5,0.5
"scad.cv",94,100,0.33,"FALSE","FALSE","FALSE","9.40006704921584","8.11984529568084","1.280221753535","0.801","0.046","0.065","1,3,4,5,6,10,12,13,14,36,98",0.0356332550410045,FALSE,2,5,11,2,9,0.181818181818182,0.642857142857143
"scad.cv",95,100,0.33,"FALSE","FALSE","FALSE","10.2717959371299","8.68571873175909","1.5860772053708","1.613","0.059","0.074","2,3,4,5,6,9,12,13,14,20,38,56,82,96,99,106,119,123,142",0.0586576015410546,FALSE,10,5,19,10,9,0.526315789473684,0.642857142857143
"scad.cv",96,100,0.33,"FALSE","FALSE","FALSE","10.8388036583135","8.96995009748584","1.86885356082769","1.318","0.048","0.068","1,3,5,6,10,12,13,14,42,94,132,145,151",0.0236947183092076,FALSE,5,6,13,5,8,0.384615384615385,0.571428571428571
"scad.cv",97,100,0.33,"FALSE","FALSE","FALSE","9.82684734043191","8.27379070934104","1.55305663109086","1.38","0.047","0.071","2,3,4,5,6,9,10,12,13,14,41,64,86,89,135",0.0547376761644444,FALSE,5,4,15,5,10,0.333333333333333,0.714285714285714
"scad.cv",98,100,0.33,"FALSE","FALSE","FALSE","9.21364126676695","8.00137958217278","1.21226168459417","1.287","0.048","0.07","1,3,5,6,8,10,11,12,13,14,36,49,91,140",0.027185658675397,FALSE,4,4,14,4,10,0.285714285714286,0.714285714285714
"scad.cv",99,100,0.33,"FALSE","FALSE","FALSE","9.28365291591022","9.0059904112206","0.27766250468962","0.535","0.052","0.071","3,4,5,6,7,9,11,12,13,57,98",0.0346241224047842,FALSE,2,5,11,2,9,0.181818181818182,0.642857142857143
