"method","sim","n","betamin","is.true.model.intop.kappa.o","is.true.model.intop.kappa.oplusLASSO","is.s.hat.nan","s.hat","s0.hat","s1.hat","time.l0","time.lasso.cv","time.scad.cv","sel.model","est.mse","recovery","nb.tI","nb.tII","est.size","FP","TP","FDR","power"
"EBIC",1,80,0.33,"TRUE","TRUE","FALSE","9.62480640486643","9.19761187432774","0.427194530538689","0.689","0.047","0.059","1,2,3,4,5,6,8,9,10,11,12,13",0.00433620248503302,FALSE,0,1,12,0,12,0,0.923076923076923
"EBIC",10,80,0.33,"FALSE","FALSE","FALSE","10.0121083908142","8.73145319589239","1.28065519492181","0.785","0.045","0.053","3,4,5,6,7,9,10,11,12,13,93,112",0.0164436544244525,FALSE,2,3,12,2,10,0.166666666666667,0.769230769230769
"EBIC",100,80,0.33,"FALSE","FALSE","FALSE","9.14107873146442","8.52336289837961","0.617715833084814","0.674","0.045","0.056","1,2,3,4,5,6,10,11,12,39",0.0169722299473472,FALSE,1,4,10,1,9,0.1,0.692307692307692
"EBIC",11,80,0.33,"FALSE","FALSE","FALSE","9.22763821907944","7.2573341206887","1.97030409839074","1.03","0.046","0.046","1,3,5,6,8,10,12,14,38,42,81,108",0.0330945555500565,FALSE,5,6,12,5,7,0.416666666666667,0.538461538461538
"EBIC",12,80,0.33,"FALSE","FALSE","FALSE","8.4920214491532","7.95993877008732","0.532082679065882","0.522","0.042","0.043","1,3,5,6,10,11,12,13,104",0.0174094655356961,FALSE,1,5,9,1,8,0.111111111111111,0.615384615384615
"EBIC",13,80,0.33,"FALSE","FALSE","FALSE","7.8418268968963","7.21666668862954","0.625160208266756","0.736","0.043","0.038","1,3,5,6,10,11,12,13",0.0210477907048522,FALSE,0,5,8,0,8,0,0.615384615384615
"EBIC",14,80,0.33,"FALSE","FALSE","FALSE","8.07069269051066","7.76933541033502","0.301357280175644","0.674","0.041","0.052","1,3,4,5,6,7,8,10,11,12,13",0.0075425653108249,FALSE,0,2,11,0,11,0,0.846153846153846
"EBIC",15,80,0.33,"TRUE","TRUE","FALSE","9.3679830312214","8.82328255143798","0.544700479783425","0.81","0.047","0.055","1,2,3,4,5,6,7,8,9,10,11,12,13",0.00229659451156789,TRUE,0,0,13,0,13,0,1
"EBIC",16,80,0.33,"FALSE","FALSE","FALSE","8.31387572484844","7.42045453982051","0.893421185027923","0.743","0.044","0.053","1,3,5,6,8,10,11,12,39,50,124",0.0375284406792213,FALSE,3,5,11,3,8,0.272727272727273,0.615384615384615
"EBIC",17,80,0.33,"FALSE","FALSE","FALSE","8.21942643053729","6.30305975255359","1.9163666779837","1.04","0.049","0.056","1,2,3,5,6,10,11,12,94",0.0199468813775361,FALSE,1,5,9,1,8,0.111111111111111,0.615384615384615
"EBIC",18,80,0.33,"FALSE","FALSE","FALSE","9.00564740468432","8.24542064922885","0.760226755455473","0.728","0.046","0.052","1,2,4,5,6,8,10,11,12,27,38,74",0.0212152493377928,FALSE,3,4,12,3,9,0.25,0.692307692307692
"EBIC",19,80,0.33,"FALSE","FALSE","FALSE","8.6343041095471","8.05880842445374","0.575495685093351","0.573","0.043","0.042","1,2,3,5,6,10,11,12,108",0.0194708487569533,FALSE,1,5,9,1,8,0.111111111111111,0.615384615384615
"EBIC",2,80,0.33,"FALSE","FALSE","FALSE","8.08941148679338","7.58044012531906","0.508971361474313","0.639","0.044","0.045","1,3,4,5,6,10,11,12,13",0.0128212980383787,FALSE,0,4,9,0,9,0,0.692307692307692
"EBIC",20,80,0.33,"FALSE","FALSE","FALSE","7.89573428561977","6.52666316588668","1.36907111973309","1.14","0.045","0.048","3,4,5,6,7,10,11,12,13,82,87",0.0173022456063705,FALSE,2,4,11,2,9,0.181818181818182,0.692307692307692
"EBIC",21,80,0.33,"FALSE","FALSE","FALSE","8.71859055603689","7.24287652628987","1.47571402974702","0.829","0.044","0.055","1,2,3,4,5,6,10,11,12,57,58",0.0172447512421095,FALSE,2,4,11,2,9,0.181818181818182,0.692307692307692
"EBIC",22,80,0.33,"TRUE","TRUE","FALSE","9.23814548000003","8.27603813680189","0.962107343198138","1.104","0.043","0.059","1,2,3,4,5,6,8,9,10,11,12,13,15,44",0.00812494069521441,FALSE,2,1,14,2,12,0.142857142857143,0.923076923076923
"EBIC",23,80,0.33,"FALSE","FALSE","FALSE","8.64083607912784","7.5552458034335","1.08559027569434","0.775","0.045","0.054","1,2,3,4,5,6,10,11,12,47",0.0141835878955729,FALSE,1,4,10,1,9,0.1,0.692307692307692
"EBIC",24,80,0.33,"FALSE","FALSE","FALSE","7.50301773262762","6.4062374412623","1.09678029136531","0.901","0.045","0.05","1,5,6,10,11,12,33,36,82",0.0323306937510966,FALSE,3,7,9,3,6,0.333333333333333,0.461538461538462
"EBIC",25,80,0.33,"FALSE","FALSE","FALSE","8.89754561718227","7.6956895662679","1.20185605091437","0.661","0.044","0.052","1,3,5,6,10,11,12,13,14",0.0213135203537492,FALSE,1,5,9,1,8,0.111111111111111,0.615384615384615
"EBIC",26,80,0.33,"FALSE","FALSE","FALSE","10.0244064716924","9.56718415454618","0.457222317146268","0.853","0.048","0.056","1,2,3,4,5,6,8,10,11,12,125",0.00925953654783724,FALSE,1,3,11,1,10,0.0909090909090909,0.769230769230769
"EBIC",27,80,0.33,"FALSE","FALSE","FALSE","10.7423619507291","8.2114179778249","2.53094397290416","1.314","0.046","0.058","1,2,4,5,6,9,10,11,12,13,34,51,109",0.0147986990562064,FALSE,3,3,13,3,10,0.230769230769231,0.769230769230769
"EBIC",28,80,0.33,"FALSE","FALSE","FALSE","8.91364064951346","8.27878951151391","0.634851137999557","0.858","0.058","0.054","1,2,3,4,5,6,10,11,12,13,21,124",0.0100593093575618,FALSE,2,3,12,2,10,0.166666666666667,0.769230769230769
"EBIC",29,80,0.33,"FALSE","FALSE","FALSE","8.53840679131207","6.41355506984335","2.12485172146872","0.744","0.046","0.049","3,4,5,6,12,13,39,73,108,127,132",0.0461614500504749,FALSE,5,7,11,5,6,0.454545454545455,0.461538461538462
"EBIC",3,80,0.33,"FALSE","FALSE","FALSE","8.93112432777179","7.3172099783207","1.6139143494511","1.325","0.046","0.061","1,2,3,4,5,6,8,10,12,13,128",0.0108163181875612,FALSE,1,3,11,1,10,0.0909090909090909,0.769230769230769
"EBIC",30,80,0.33,"FALSE","FALSE","FALSE","9.29327625630389","8.25349146147132","1.03978479483257","0.932","0.045","0.055","1,3,4,5,6,7,10,11,12,13,44,98",0.0107711666109145,FALSE,2,3,12,2,10,0.166666666666667,0.769230769230769
"EBIC",31,80,0.33,"FALSE","FALSE","FALSE","7.87296811122965","6.79996705019242","1.07300106103723","0.873","0.046","0.053","1,3,5,6,10,11,12,13,85,108",0.0182033530198316,FALSE,2,5,10,2,8,0.2,0.615384615384615
"EBIC",32,80,0.33,"FALSE","FALSE","FALSE","8.2215157499532","7.5942048254134","0.627310924539801","0.765","0.044","0.047","1,2,3,4,5,6,8,10,12,13,72",0.0170029336237019,FALSE,1,3,11,1,10,0.0909090909090909,0.769230769230769
"EBIC",33,80,0.33,"FALSE","FALSE","FALSE","9.30267862154955","8.23689114803432","1.06578747351523","0.773","0.045","0.047","1,2,3,4,5,6,10,11,12,13,29,116",0.00962095691917496,FALSE,2,3,12,2,10,0.166666666666667,0.769230769230769
"EBIC",34,80,0.33,"FALSE","FALSE","FALSE","8.78414050861929","7.06657671990126","1.71756378871803","1.169","0.047","0.059","1,3,4,5,6,10,12,13,16,34,109,133",0.0244798041749763,FALSE,4,5,12,4,8,0.333333333333333,0.615384615384615
"EBIC",35,80,0.33,"FALSE","FALSE","FALSE","9.74131381317557","9.02690294905856","0.714410864117014","0.586","0.045","0.058","3,4,5,6,7,9,11,12,13,129",0.0231443089807486,FALSE,1,4,10,1,9,0.1,0.692307692307692
"EBIC",36,80,0.33,"FALSE","FALSE","FALSE","9.24268465784146","7.58090913655912","1.66177552128234","1.101","0.043","0.05","1,3,4,5,6,8,10,12,13,20,80,86,108",0.0207878986661585,FALSE,4,4,13,4,9,0.307692307692308,0.692307692307692
"EBIC",37,80,0.33,"FALSE","FALSE","FALSE","8.75512397970486","8.08683111597312","0.668292863731732","0.555","0.044","0.043","1,2,3,4,5,6,10,11,12,83,106",0.0204673576311163,FALSE,2,4,11,2,9,0.181818181818182,0.692307692307692
"EBIC",38,80,0.33,"FALSE","FALSE","FALSE","7.98796161971515","7.64207882556679","0.345882794148354","0.552","0.048","0.056","1,2,3,5,6,10,11,12",0.0197813409911163,FALSE,0,5,8,0,8,0,0.615384615384615
"EBIC",39,80,0.33,"FALSE","FALSE","FALSE","8.69911140853229","7.4537153128907","1.24539609564159","0.935","0.047","0.049","1,3,4,5,6,10,11,12,13,64,70",0.0146585446551077,FALSE,2,4,11,2,9,0.181818181818182,0.692307692307692
"EBIC",4,80,0.33,"FALSE","FALSE","FALSE","7.59196926988774","6.12984893610248","1.46212033378526","1.066","0.044","0.044","3,4,5,6,9,10,11,12,13,115,129",0.0169473911863878,FALSE,2,4,11,2,9,0.181818181818182,0.692307692307692
"EBIC",40,80,0.33,"FALSE","FALSE","FALSE","8.12088736223085","7.12876150553483","0.992125856696022","1.224","0.048","0.068","1,3,4,5,6,7,8,10,11,12,13",0.00668866194108476,FALSE,0,2,11,0,11,0,0.846153846153846
"EBIC",41,80,0.33,"FALSE","FALSE","FALSE","9.1454152338953","7.947200179969","1.1982150539263","0.821","0.045","0.046","1,3,5,6,8,10,11,12,13,14,70",0.0158061758019135,FALSE,2,4,11,2,9,0.181818181818182,0.692307692307692
"EBIC",42,80,0.33,"FALSE","FALSE","FALSE","7.82082689265315","6.40748035939676","1.41334653325638","1.196","0.044","0.052","1,2,3,5,6,10,11,12,13",0.0143760051109919,FALSE,0,4,9,0,9,0,0.692307692307692
"EBIC",43,80,0.33,"FALSE","FALSE","FALSE","9.32340891910801","8.7678231208862","0.555585798221813","0.817","0.046","0.047","1,2,3,4,5,6,8,10,11,12,30,55",0.0143343186872128,FALSE,2,3,12,2,10,0.166666666666667,0.769230769230769
"EBIC",44,80,0.33,"FALSE","FALSE","FALSE","8.69027044131729","8.28622052841062","0.404049912906664","0.663","0.047","0.059","1,2,4,5,6,8,10,11,12,13,64",0.008417477753205,FALSE,1,3,11,1,10,0.0909090909090909,0.769230769230769
"EBIC",45,80,0.33,"FALSE","FALSE","FALSE","8.82320891312709","8.29611702430327","0.527091888823815","0.642","0.043","0.052","1,2,4,5,6,10,11,12,13",0.0107343573531628,FALSE,0,4,9,0,9,0,0.692307692307692
"EBIC",46,80,0.33,"FALSE","FALSE","FALSE","8.30644474957385","7.80339406746646","0.503050682107386","0.661","0.044","0.05","1,2,3,5,6,8,10,11,12,13",0.010210234354444,FALSE,0,3,10,0,10,0,0.769230769230769
"EBIC",47,80,0.33,"FALSE","FALSE","FALSE","9.19592990341019","8.24529829079848","0.950631612611713","0.994","0.048","0.055","1,2,4,5,6,10,11,12,13,97",0.0133821180844917,FALSE,1,4,10,1,9,0.1,0.692307692307692
"EBIC",48,80,0.33,"FALSE","FALSE","FALSE","8.63139237929479","8.19104511829539","0.440347260999397","0.561","0.045","0.057","1,3,4,5,6,10,11,12,13,78",0.0106221501386901,FALSE,1,4,10,1,9,0.1,0.692307692307692
"EBIC",49,80,0.33,"FALSE","FALSE","FALSE","8.52155416355017","7.1919420594597","1.32961210409048","0.816","0.052","0.053","1,3,5,6,10,12,13,14,16,91",0.0295871657544638,FALSE,3,6,10,3,7,0.3,0.538461538461538
"EBIC",5,80,0.33,"FALSE","FALSE","FALSE","8.4919965691715","8.02361833262613","0.468378236545366","0.77","0.049","0.064","1,2,3,4,5,6,10,11,12",0.0121616439315749,FALSE,0,4,9,0,9,0,0.692307692307692
"EBIC",50,80,0.33,"FALSE","FALSE","FALSE","8.42126937417972","7.50526934283591","0.916000031343811","0.836","0.043","0.051","1,2,4,5,6,8,10,11,22,75,102",0.0347169499490385,FALSE,3,5,11,3,8,0.272727272727273,0.615384615384615
"EBIC",51,80,0.33,"FALSE","FALSE","FALSE","8.94171115741915","8.51038305577354","0.431328101645606","0.763","0.043","0.055","1,2,3,4,5,6,8,10,11,12,13,126",0.00865734834275233,FALSE,1,2,12,1,11,0.0833333333333333,0.846153846153846
"EBIC",52,80,0.33,"FALSE","FALSE","FALSE","7.68157928670738","7.32679359861745","0.354785688089926","0.62","0.046","0.053","1,3,5,6,10,11,12,13",0.018826148330152,FALSE,0,5,8,0,8,0,0.615384615384615
"EBIC",53,80,0.33,"FALSE","FALSE","FALSE","8.14741425983367","6.38354983323496","1.76386442659871","0.756","0.059","0.062","2,4,6,9,10,12,13,65,99,124",0.0391936960154276,FALSE,3,6,10,3,7,0.3,0.538461538461538
"EBIC",54,80,0.33,"FALSE","FALSE","FALSE","9.60599704314215","8.95591958527194","0.650077457870217","1","0.053","0.069","2,3,4,5,6,7,9,10,11,12,13,27,73,132",0.020698670270931,FALSE,3,2,14,3,11,0.214285714285714,0.846153846153846
"EBIC",55,80,0.33,"FALSE","FALSE","FALSE","8.76612007508512","7.90463150304312","0.861488572042004","0.903","0.055","0.063","1,3,5,6,10,11,12,13,14",0.021431972302,FALSE,1,5,9,1,8,0.111111111111111,0.615384615384615
"EBIC",56,80,0.33,"FALSE","FALSE","FALSE","8.45201933115499","6.59108204844653","1.86093728270847","1.518","0.06","0.068","1,4,5,6,7,10,11,12,13,33,103",0.0167978171397205,FALSE,2,4,11,2,9,0.181818181818182,0.692307692307692
"EBIC",57,80,0.33,"FALSE","FALSE","FALSE","9.12960832063278","7.62158891361137","1.50801940702142","1.206","0.06","0.067","1,2,3,5,6,10,11,12,13,94,128",0.013647573360929,FALSE,2,4,11,2,9,0.181818181818182,0.692307692307692
"EBIC",58,80,0.33,"FALSE","FALSE","FALSE","8.72575159701763","7.97450797054804","0.751243626469594","0.897","0.049","0.055","1,2,3,5,6,10,11,12,13,16,45",0.0140872518310884,FALSE,2,4,11,2,9,0.181818181818182,0.692307692307692
"EBIC",59,80,0.33,"FALSE","FALSE","FALSE","9.2525317390723","8.25930661433564","0.993225124736655","0.887","0.043","0.046","1,2,3,4,5,6,10,11,12,13",0.00851942991526131,FALSE,0,3,10,0,10,0,0.769230769230769
"EBIC",6,80,0.33,"FALSE","FALSE","FALSE","7.46962700108152","6.03271399137361","1.43691300970792","1.141","0.047","0.058","1,3,5,6,9,10,11,12,13,32",0.0179912520121254,FALSE,1,4,10,1,9,0.1,0.692307692307692
"EBIC",60,80,0.33,"FALSE","FALSE","FALSE","8.87252218750297","8.35312575265534","0.519396434847634","0.756","0.048","0.044","1,2,3,4,5,6,7,8,10,11,12,24,74,105",0.0160679296930777,FALSE,3,2,14,3,11,0.214285714285714,0.846153846153846
"EBIC",61,80,0.33,"FALSE","FALSE","FALSE","9.79722635042977","8.7490782162703","1.04814813415947","1.008","0.048","0.06","1,2,4,5,6,10,11,12,13,68,70,77,91",0.020565426708394,FALSE,4,4,13,4,9,0.307692307692308,0.692307692307692
"EBIC",62,80,0.33,"FALSE","FALSE","FALSE","8.39220164721556","5.62567107696208","2.76653057025347","1.116","0.043","0.056","1,2,4,5,6,7,10,11,41,99",0.0310401105851376,FALSE,2,5,10,2,8,0.2,0.615384615384615
"EBIC",63,80,0.33,"FALSE","FALSE","FALSE","8.24376401754056","6.43968094739006","1.8040830701505","0.67","0.047","0.054","1,3,5,6,10,12,13,14,34",0.0307435462643092,FALSE,2,6,9,2,7,0.222222222222222,0.538461538461538
"EBIC",64,80,0.33,"FALSE","FALSE","FALSE","8.1873812282838","5.66871087200817","2.51867035627563","1.269","0.047","0.05","1,3,4,5,6,10,12,13,53,107,121",0.0253398112844587,FALSE,3,5,11,3,8,0.272727272727273,0.615384615384615
"EBIC",65,80,0.33,"FALSE","FALSE","FALSE","8.20603534962175","7.84531267960218","0.360722670019565","0.663","0.044","0.044","1,2,3,4,5,6,7,10,11,12,13",0.00388069460647355,FALSE,0,2,11,0,11,0,0.846153846153846
"EBIC",66,80,0.33,"FALSE","FALSE","FALSE","8.11423557413326","6.92253848814006","1.1916970859932","0.946","0.047","0.052","1,2,3,4,5,6,10,11,12,13",0.0061338025039581,FALSE,0,3,10,0,10,0,0.769230769230769
"EBIC",67,80,0.33,"FALSE","FALSE","FALSE","8.4779481127667","6.44509000950081","2.03285810326589","1.086","0.05","0.059","1,3,4,5,6,10,12,13,108",0.0194532523253161,FALSE,1,5,9,1,8,0.111111111111111,0.615384615384615
"EBIC",68,80,0.33,"FALSE","FALSE","FALSE","8.52594541274199","7.85828938021185","0.667656032530141","0.821","0.047","0.055","1,2,3,4,5,6,8,10,11,12",0.0113189779790094,FALSE,0,3,10,0,10,0,0.769230769230769
"EBIC",69,80,0.33,"FALSE","FALSE","FALSE","8.54618008095747","7.42290449140053","1.12327558955694","1.061","0.046","0.057","1,2,4,5,6,8,10,11,12,13,64",0.00917720198736945,FALSE,1,3,11,1,10,0.0909090909090909,0.769230769230769
"EBIC",7,80,0.33,"FALSE","FALSE","FALSE","8.83086626182348","6.09036569991031","2.74050056191317","1.078","0.046","0.057","1,3,5,6,8,10,12,13,14,20,107",0.0277259171383195,FALSE,3,5,11,3,8,0.272727272727273,0.615384615384615
"EBIC",70,80,0.33,"FALSE","FALSE","FALSE","9.59757325602198","8.92056081009779","0.677012445924194","0.828","0.043","0.046","1,2,3,5,6,8,10,11,12,13,42,48,66",0.0134816307509151,FALSE,3,3,13,3,10,0.230769230769231,0.769230769230769
"EBIC",71,80,0.33,"FALSE","FALSE","FALSE","7.13397723101186","4.67092230126367","2.46305492974819","0.637","0.045","0.042","3,5,6,12,13,42,64,108",0.0507517809270876,FALSE,3,8,8,3,5,0.375,0.384615384615385
"EBIC",72,80,0.33,"FALSE","FALSE","FALSE","7.92160044190899","7.49087018606762","0.43073025584137","0.604","0.044","0.049","1,3,5,6,10,11,12,13,14",0.0184242065303519,FALSE,1,5,9,1,8,0.111111111111111,0.615384615384615
"EBIC",73,80,0.33,"FALSE","FALSE","FALSE","8.43026550239126","7.94487943563473","0.485386066756532","0.768","0.044","0.048","3,4,5,6,7,10,11,12,13",0.0141246185386618,FALSE,0,4,9,0,9,0,0.692307692307692
"EBIC",74,80,0.33,"FALSE","FALSE","FALSE","8.30065794332143","7.74072868041593","0.559929262905506","0.695","0.045","0.051","1,3,5,6,10,11,12,13",0.0181535934359547,FALSE,0,5,8,0,8,0,0.615384615384615
"EBIC",75,80,0.33,"FALSE","FALSE","FALSE","7.86843382490522","6.84412325113041","1.02431057377481","0.798","0.044","0.046","1,3,5,6,10,12,13,14,36",0.0273172720855384,FALSE,2,6,9,2,7,0.222222222222222,0.538461538461538
"EBIC",76,80,0.33,"FALSE","FALSE","FALSE","8.80477620382002","5.74848327776223","3.05629292605779","0.962","0.05","0.063","1,3,6,10,12,13,14,16,36,42,121",0.0457769945164207,FALSE,5,7,11,5,6,0.454545454545455,0.461538461538462
"EBIC",77,80,0.33,"FALSE","FALSE","FALSE","9.91087785847146","8.55291289799814","1.35796496047333","1.011","0.044","0.052","3,4,5,6,7,8,9,10,11,12,13,107",0.0162836599212606,FALSE,1,2,12,1,11,0.0833333333333333,0.846153846153846
"EBIC",78,80,0.33,"FALSE","FALSE","FALSE","7.92423891321608","6.25633418663357","1.66790472658251","1.224","0.051","0.054","3,4,5,6,7,10,11,12,13,33,116",0.0166477536443946,FALSE,2,4,11,2,9,0.181818181818182,0.692307692307692
"EBIC",79,80,0.33,"FALSE","FALSE","FALSE","7.63941390934755","7.31601258901251","0.323401320335041","0.574","0.041","0.042","1,3,4,5,6,10,11,12,13",0.0126934432496421,FALSE,0,4,9,0,9,0,0.692307692307692
"EBIC",8,80,0.33,"FALSE","FALSE","FALSE","9.03506667043709","7.44770825047249","1.5873584199646","1.109","0.051","0.058","1,2,4,5,6,9,10,11,12,13,98,99",0.0118804023921135,FALSE,2,3,12,2,10,0.166666666666667,0.769230769230769
"EBIC",80,80,0.33,"FALSE","FALSE","FALSE","8.29201579968416","5.90113558929864","2.39088021038552","0.798","0.05","0.054","3,4,5,6,10,12,13,108,132",0.0348132117852132,FALSE,2,6,9,2,7,0.222222222222222,0.538461538461538
"EBIC",81,80,0.33,"FALSE","FALSE","FALSE","7.91063896559624","7.44831001347287","0.462328952123374","0.66","0.046","0.047","1,3,5,6,10,11,12,13",0.0188981403133408,FALSE,0,5,8,0,8,0,0.615384615384615
"EBIC",82,80,0.33,"FALSE","FALSE","FALSE","8.55481042779915","7.89146510445142","0.663345323347738","0.866","0.043","0.046","1,2,3,4,5,6,7,10,11,12",0.0108877181664595,FALSE,0,3,10,0,10,0,0.769230769230769
"EBIC",83,80,0.33,"FALSE","FALSE","FALSE","8.3933962526192","7.10292943904881","1.29046681357039","0.866","0.049","0.055","1,3,5,6,10,12,13,66,94",0.0280580547988536,FALSE,2,6,9,2,7,0.222222222222222,0.538461538461538
"EBIC",84,80,0.33,"FALSE","FALSE","FALSE","7.17046442416529","6.07886649831828","1.09159792584701","0.801","0.048","0.047","1,2,3,4,5,6,10,11,12,13",0.00557055839598556,FALSE,0,3,10,0,10,0,0.769230769230769
"EBIC",85,80,0.33,"FALSE","FALSE","FALSE","9.33965059791567","8.76948115824908","0.570169439666588","0.611","0.045","0.053","1,2,3,4,5,6,10,11,12,36,37",0.0138554958655447,FALSE,2,4,11,2,9,0.181818181818182,0.692307692307692
"EBIC",86,80,0.33,"FALSE","FALSE","FALSE","8.13650319694733","6.6785674875912","1.45793570935612","0.7","0.043","0.043","1,3,5,6,8,10,12,13,14,46,108,128",0.0260551920644022,FALSE,4,5,12,4,8,0.333333333333333,0.615384615384615
"EBIC",87,80,0.33,"FALSE","FALSE","FALSE","9.14667632993794","7.36532427427628","1.78135205566166","0.936","0.046","0.045","3,4,5,6,9,10,11,12,13,83,125",0.0160141416240549,FALSE,2,4,11,2,9,0.181818181818182,0.692307692307692
"EBIC",88,80,0.33,"FALSE","FALSE","FALSE","9.56035762518012","6.06166233431858","3.49869529086154","0.866","0.046","0.063","1,3,6,10,11,12,13,14,36,107,116",0.0405459769080617,FALSE,4,6,11,4,7,0.363636363636364,0.538461538461538
"EBIC",89,80,0.33,"FALSE","FALSE","FALSE","8.51252879900526","7.51004142634121","1.00248737266405","0.895","0.046","0.055","1,3,5,6,10,11,12,13,42,109",0.0170205481061374,FALSE,2,5,10,2,8,0.2,0.615384615384615
"EBIC",9,80,0.33,"FALSE","FALSE","FALSE","8.5463216665048","5.72490117564003","2.82142049086477","1.41","0.05","0.06","1,4,5,6,9,10,11,12,13,32,121",0.0210546532149866,FALSE,2,4,11,2,9,0.181818181818182,0.692307692307692
"EBIC",90,80,0.33,"FALSE","FALSE","FALSE","8.04326420511306","7.09459536565631","0.948668839456749","0.723","0.042","0.052","1,2,3,4,5,6,10,11,12",0.0124794144568527,FALSE,0,4,9,0,9,0,0.692307692307692
"EBIC",91,80,0.33,"FALSE","FALSE","FALSE","9.55872573991072","8.87945869319553","0.679267046715189","0.747","0.046","0.055","1,3,4,5,6,9,10,11,12,13,65",0.0100932550848497,FALSE,1,3,11,1,10,0.0909090909090909,0.769230769230769
"EBIC",92,80,0.33,"FALSE","FALSE","FALSE","8.08000454895374","6.51206375561404","1.5679407933397","1.292","0.044","0.058","1,2,4,5,6,10,11,12,13,97",0.0125385379704666,FALSE,1,4,10,1,9,0.1,0.692307692307692
"EBIC",93,80,0.33,"FALSE","FALSE","FALSE","8.26655947624816","7.64431184805139","0.622247628196768","0.602","0.042","0.043","1,2,3,5,6,10,11,12",0.0199945755060893,FALSE,0,5,8,0,8,0,0.615384615384615
"EBIC",94,80,0.33,"FALSE","FALSE","FALSE","8.07805682970602","7.54641585932897","0.531640970377052","0.678","0.049","0.05","1,3,4,5,6,10,11,12,13,129",0.0115191658147702,FALSE,1,4,10,1,9,0.1,0.692307692307692
"EBIC",95,80,0.33,"FALSE","FALSE","FALSE","8.20106455886616","6.892091349431","1.30897320943517","0.926","0.047","0.052","1,3,5,6,10,11,12,13,14,53",0.0190877013832164,FALSE,2,5,10,2,8,0.2,0.615384615384615
"EBIC",96,80,0.33,"FALSE","FALSE","FALSE","8.4505432848819","8.09521448078051","0.355328804101383","0.486","0.045","0.052","1,2,4,5,6,7,8,9,10,11,12,47",0.0147050260149561,FALSE,1,2,12,1,11,0.0833333333333333,0.846153846153846
"EBIC",97,80,0.33,"FALSE","FALSE","FALSE","7.57031094381678","6.48140932002241","1.08890162379437","0.761","0.047","0.052","1,2,4,5,6,10,11,12,53",0.0187088407044413,FALSE,1,5,9,1,8,0.111111111111111,0.615384615384615
"EBIC",98,80,0.33,"FALSE","FALSE","FALSE","9.71929131628649","8.81353123033838","0.905760085948116","0.986","0.046","0.057","1,2,3,4,5,6,8,9,10,11,12,13",0.00490075432346827,FALSE,0,1,12,0,12,0,0.923076923076923
"EBIC",99,80,0.33,"FALSE","FALSE","FALSE","8.27796392597704","7.62349136257709","0.65447256339995","0.775","0.045","0.051","1,2,3,4,5,6,10,11,12,46",0.011168535311278,FALSE,1,4,10,1,9,0.1,0.692307692307692
"kappa.o",1,80,0.33,"TRUE","TRUE","FALSE","9.62480640486643","9.19761187432774","0.427194530538689","0.689","0.047","0.059","1,2,3,4,5,6,10,11,12",0.0127799526905195,FALSE,0,4,9,0,9,0,0.692307692307692
"kappa.o",10,80,0.33,"FALSE","FALSE","FALSE","10.0121083908142","8.73145319589239","1.28065519492181","0.785","0.045","0.053","4,5,6,7,9,10,11,12,13,112",0.0207043431552521,FALSE,1,4,10,1,9,0.1,0.692307692307692
"kappa.o",100,80,0.33,"FALSE","FALSE","FALSE","9.14107873146442","8.52336289837961","0.617715833084814","0.674","0.045","0.056","1,2,3,4,5,6,10,11,12",0.0136082173328856,FALSE,0,4,9,0,9,0,0.692307692307692
"kappa.o",11,80,0.33,"FALSE","FALSE","FALSE","9.22763821907944","7.2573341206887","1.97030409839074","1.03","0.046","0.046","1,3,4,5,6,8,10,12,125",0.0235960718276868,FALSE,1,5,9,1,8,0.111111111111111,0.615384615384615
"kappa.o",12,80,0.33,"FALSE","FALSE","FALSE","8.4920214491532","7.95993877008732","0.532082679065882","0.522","0.042","0.043","1,3,5,6,10,11,12,13",0.017331685095587,FALSE,0,5,8,0,8,0,0.615384615384615
"kappa.o",13,80,0.33,"FALSE","FALSE","FALSE","7.8418268968963","7.21666668862954","0.625160208266756","0.736","0.043","0.038","1,3,5,6,10,11,12",0.0273498973455422,FALSE,0,6,7,0,7,0,0.538461538461538
"kappa.o",14,80,0.33,"FALSE","FALSE","FALSE","8.07069269051066","7.76933541033502","0.301357280175644","0.674","0.041","0.052","3,4,5,6,7,8,12,13",0.0280975814466326,FALSE,0,5,8,0,8,0,0.615384615384615
"kappa.o",15,80,0.33,"TRUE","TRUE","FALSE","9.3679830312214","8.82328255143798","0.544700479783425","0.81","0.047","0.055","1,2,5,6,8,10,11,12",0.0228128704734432,FALSE,0,5,8,0,8,0,0.615384615384615
"kappa.o",16,80,0.33,"FALSE","FALSE","FALSE","8.31387572484844","7.42045453982051","0.893421185027923","0.743","0.044","0.053","1,3,5,6,10,11,12",0.026850369568464,FALSE,0,6,7,0,7,0,0.538461538461538
"kappa.o",17,80,0.33,"FALSE","FALSE","FALSE","8.21942643053729","6.30305975255359","1.9163666779837","1.04","0.049","0.056","1,3,5,6,10,12,94",0.0350969806572835,FALSE,1,7,7,1,6,0.142857142857143,0.461538461538462
"kappa.o",18,80,0.33,"FALSE","FALSE","FALSE","9.00564740468432","8.24542064922885","0.760226755455473","0.728","0.046","0.052","1,2,4,5,6,8,10,11,12",0.0149608895257548,FALSE,0,4,9,0,9,0,0.692307692307692
"kappa.o",19,80,0.33,"FALSE","FALSE","FALSE","8.6343041095471","8.05880842445374","0.575495685093351","0.573","0.043","0.042","1,2,3,5,6,10,11,12",0.0207512016828642,FALSE,0,5,8,0,8,0,0.615384615384615
"kappa.o",2,80,0.33,"FALSE","FALSE","FALSE","8.08941148679338","7.58044012531906","0.508971361474313","0.639","0.044","0.045","1,3,5,6,10,11,12",0.0260732272124792,FALSE,0,6,7,0,7,0,0.538461538461538
"kappa.o",20,80,0.33,"FALSE","FALSE","FALSE","7.89573428561977","6.52666316588668","1.36907111973309","1.14","0.045","0.048","3,4,5,6,12,13",0.039659143235372,FALSE,0,7,6,0,6,0,0.461538461538462
"kappa.o",21,80,0.33,"FALSE","FALSE","FALSE","8.71859055603689","7.24287652628987","1.47571402974702","0.829","0.044","0.055","1,2,4,5,6,10,11,97",0.0343447343367978,FALSE,1,6,8,1,7,0.125,0.538461538461538
"kappa.o",22,80,0.33,"TRUE","TRUE","FALSE","9.23814548000003","8.27603813680189","0.962107343198138","1.104","0.043","0.059","1,2,4,6,9,10,11,12,13,124",0.0223320440006611,FALSE,1,4,10,1,9,0.1,0.692307692307692
"kappa.o",23,80,0.33,"FALSE","FALSE","FALSE","8.64083607912784","7.5552458034335","1.08559027569434","0.775","0.045","0.054","1,2,4,5,6,10,11,97",0.03365041643622,FALSE,1,6,8,1,7,0.125,0.538461538461538
"kappa.o",24,80,0.33,"FALSE","FALSE","FALSE","7.50301773262762","6.4062374412623","1.09678029136531","0.901","0.045","0.05","1,5,6,10,11,12,33",0.0322614239236787,FALSE,1,7,7,1,6,0.142857142857143,0.461538461538462
"kappa.o",25,80,0.33,"FALSE","FALSE","FALSE","8.89754561718227","7.6956895662679","1.20185605091437","0.661","0.044","0.052","1,3,5,6,10,11,12,13,14",0.0213135203537492,FALSE,1,5,9,1,8,0.111111111111111,0.615384615384615
"kappa.o",26,80,0.33,"FALSE","FALSE","FALSE","10.0244064716924","9.56718415454618","0.457222317146268","0.853","0.048","0.056","1,2,3,4,5,6,8,10,11,12",0.00846411398761895,FALSE,0,3,10,0,10,0,0.769230769230769
"kappa.o",27,80,0.33,"FALSE","FALSE","FALSE","10.7423619507291","8.2114179778249","2.53094397290416","1.314","0.046","0.058","2,4,5,6,9,11,12,13,57,109",0.0293251830194743,FALSE,2,5,10,2,8,0.2,0.615384615384615
"kappa.o",28,80,0.33,"FALSE","FALSE","FALSE","8.91364064951346","8.27878951151391","0.634851137999557","0.858","0.058","0.054","1,2,3,5,6,10,11,12",0.0188040118206508,FALSE,0,5,8,0,8,0,0.615384615384615
"kappa.o",29,80,0.33,"FALSE","FALSE","FALSE","8.53840679131207","6.41355506984335","2.12485172146872","0.744","0.046","0.049","3,4,5,6,12,13,108,127",0.0369911921382983,FALSE,2,7,8,2,6,0.25,0.461538461538462
"kappa.o",3,80,0.33,"FALSE","FALSE","FALSE","8.93112432777179","7.3172099783207","1.6139143494511","1.325","0.046","0.061","1,3,5,6,8,10,12,13",0.0206572707689192,FALSE,0,5,8,0,8,0,0.615384615384615
"kappa.o",30,80,0.33,"FALSE","FALSE","FALSE","9.29327625630389","8.25349146147132","1.03978479483257","0.932","0.045","0.055","1,3,4,5,6,10,11,12,13",0.0106570627766946,FALSE,0,4,9,0,9,0,0.692307692307692
"kappa.o",31,80,0.33,"FALSE","FALSE","FALSE","7.87296811122965","6.79996705019242","1.07300106103723","0.873","0.046","0.053","1,3,5,6,10,11,12,13",0.0159190303121726,FALSE,0,5,8,0,8,0,0.615384615384615
"kappa.o",32,80,0.33,"FALSE","FALSE","FALSE","8.2215157499532","7.5942048254134","0.627310924539801","0.765","0.044","0.047","1,2,3,4,5,6,10,12",0.0200639191434234,FALSE,0,5,8,0,8,0,0.615384615384615
"kappa.o",33,80,0.33,"FALSE","FALSE","FALSE","9.30267862154955","8.23689114803432","1.06578747351523","0.773","0.045","0.047","1,2,3,5,6,10,11,12,116",0.0200287773923689,FALSE,1,5,9,1,8,0.111111111111111,0.615384615384615
"kappa.o",34,80,0.33,"FALSE","FALSE","FALSE","8.78414050861929","7.06657671990126","1.71756378871803","1.169","0.047","0.059","1,3,5,6,10,12,13,34",0.0253530390355698,FALSE,1,6,8,1,7,0.125,0.538461538461538
"kappa.o",35,80,0.33,"FALSE","FALSE","FALSE","9.74131381317557","9.02690294905856","0.714410864117014","0.586","0.045","0.058","3,4,5,6,7,9,11,12,13",0.0232805015065518,FALSE,0,4,9,0,9,0,0.692307692307692
"kappa.o",36,80,0.33,"FALSE","FALSE","FALSE","9.24268465784146","7.58090913655912","1.66177552128234","1.101","0.043","0.05","1,3,4,5,6,10,12,13,104",0.0180627696467958,FALSE,1,5,9,1,8,0.111111111111111,0.615384615384615
"kappa.o",37,80,0.33,"FALSE","FALSE","FALSE","8.75512397970486","8.08683111597312","0.668292863731732","0.555","0.044","0.043","1,2,3,5,6,10,11,12",0.0192952651934521,FALSE,0,5,8,0,8,0,0.615384615384615
"kappa.o",38,80,0.33,"FALSE","FALSE","FALSE","7.98796161971515","7.64207882556679","0.345882794148354","0.552","0.048","0.056","1,2,3,5,6,10,11,12",0.0197813409911163,FALSE,0,5,8,0,8,0,0.615384615384615
"kappa.o",39,80,0.33,"FALSE","FALSE","FALSE","8.69911140853229","7.4537153128907","1.24539609564159","0.935","0.047","0.049","3,4,5,6,12,13,64",0.0433818815416037,FALSE,1,7,7,1,6,0.142857142857143,0.461538461538462
"kappa.o",4,80,0.33,"FALSE","FALSE","FALSE","7.59196926988774","6.12984893610248","1.46212033378526","1.066","0.044","0.044","1,3,5,6,10,11,12,13",0.0189052171926498,FALSE,0,5,8,0,8,0,0.615384615384615
"kappa.o",40,80,0.33,"FALSE","FALSE","FALSE","8.12088736223085","7.12876150553483","0.992125856696022","1.224","0.048","0.068","3,4,5,6,7,8,12,13",0.0281350182477213,FALSE,0,5,8,0,8,0,0.615384615384615
"kappa.o",41,80,0.33,"FALSE","FALSE","FALSE","9.1454152338953","7.947200179969","1.1982150539263","0.821","0.045","0.046","1,5,6,8,10,11,12,70",0.0258767053358193,FALSE,1,6,8,1,7,0.125,0.538461538461538
"kappa.o",42,80,0.33,"FALSE","FALSE","FALSE","7.82082689265315","6.40748035939676","1.41334653325638","1.196","0.044","0.052","1,3,6,10,12,13,14",0.0420441024890838,FALSE,1,7,7,1,6,0.142857142857143,0.461538461538462
"kappa.o",43,80,0.33,"FALSE","FALSE","FALSE","9.32340891910801","8.7678231208862","0.555585798221813","0.817","0.046","0.047","1,2,3,4,5,6,8,10,11",0.0184458228855083,FALSE,0,4,9,0,9,0,0.692307692307692
"kappa.o",44,80,0.33,"FALSE","FALSE","FALSE","8.69027044131729","8.28622052841062","0.404049912906664","0.663","0.047","0.059","1,2,4,5,6,8,10,11",0.0250828165538241,FALSE,0,5,8,0,8,0,0.615384615384615
"kappa.o",45,80,0.33,"FALSE","FALSE","FALSE","8.82320891312709","8.29611702430327","0.527091888823815","0.642","0.043","0.052","1,2,4,5,6,10,11,12,13",0.0107343573531628,FALSE,0,4,9,0,9,0,0.692307692307692
"kappa.o",46,80,0.33,"FALSE","FALSE","FALSE","8.30644474957385","7.80339406746646","0.503050682107386","0.661","0.044","0.05","1,3,5,6,10,11,12,13",0.0176191933020954,FALSE,0,5,8,0,8,0,0.615384615384615
"kappa.o",47,80,0.33,"FALSE","FALSE","FALSE","9.19592990341019","8.24529829079848","0.950631612611713","0.994","0.048","0.055","1,2,4,5,6,10,11,12,13",0.0114667701518616,FALSE,0,4,9,0,9,0,0.692307692307692
"kappa.o",48,80,0.33,"FALSE","FALSE","FALSE","8.63139237929479","8.19104511829539","0.440347260999397","0.561","0.045","0.057","1,3,5,6,10,11,12,13",0.0163900158972103,FALSE,0,5,8,0,8,0,0.615384615384615
"kappa.o",49,80,0.33,"FALSE","FALSE","FALSE","8.52155416355017","7.1919420594597","1.32961210409048","0.816","0.052","0.053","1,3,5,6,10,12,13,16",0.0274900957437388,FALSE,1,6,8,1,7,0.125,0.538461538461538
"kappa.o",5,80,0.33,"FALSE","FALSE","FALSE","8.4919965691715","8.02361833262613","0.468378236545366","0.77","0.049","0.064","1,2,4,5,6,10,11,12",0.0181619836483255,FALSE,0,5,8,0,8,0,0.615384615384615
"kappa.o",50,80,0.33,"FALSE","FALSE","FALSE","8.42126937417972","7.50526934283591","0.916000031343811","0.836","0.043","0.051","1,2,4,5,6,8,10,11",0.0317891709921496,FALSE,0,5,8,0,8,0,0.615384615384615
"kappa.o",51,80,0.33,"FALSE","FALSE","FALSE","8.94171115741915","8.51038305577354","0.431328101645606","0.763","0.043","0.055","1,3,5,6,10,11,12,13",0.0168888586366606,FALSE,0,5,8,0,8,0,0.615384615384615
"kappa.o",52,80,0.33,"FALSE","FALSE","FALSE","7.68157928670738","7.32679359861745","0.354785688089926","0.62","0.046","0.053","1,3,5,6,10,11,12",0.0249535826983016,FALSE,0,6,7,0,7,0,0.538461538461538
"kappa.o",53,80,0.33,"FALSE","FALSE","FALSE","8.14741425983367","6.38354983323496","1.76386442659871","0.756","0.059","0.062","2,4,6,9,12,13,124",0.0557875505151894,FALSE,1,7,7,1,6,0.142857142857143,0.461538461538462
"kappa.o",54,80,0.33,"FALSE","FALSE","FALSE","9.60599704314215","8.95591958527194","0.650077457870217","1","0.053","0.069","1,2,3,4,5,6,8,10,12",0.0157628956640836,FALSE,0,4,9,0,9,0,0.692307692307692
"kappa.o",55,80,0.33,"FALSE","FALSE","FALSE","8.76612007508512","7.90463150304312","0.861488572042004","0.903","0.055","0.063","1,3,5,6,10,11,12,13,14",0.021431972302,FALSE,1,5,9,1,8,0.111111111111111,0.615384615384615
"kappa.o",56,80,0.33,"FALSE","FALSE","FALSE","8.45201933115499","6.59108204844653","1.86093728270847","1.518","0.06","0.068","4,5,6,7,10,11,12,33",0.0284391220748357,FALSE,1,6,8,1,7,0.125,0.538461538461538
"kappa.o",57,80,0.33,"FALSE","FALSE","FALSE","9.12960832063278","7.62158891361137","1.50801940702142","1.206","0.06","0.067","1,3,5,6,10,11,12,13,94",0.0173501314087465,FALSE,1,5,9,1,8,0.111111111111111,0.615384615384615
"kappa.o",58,80,0.33,"FALSE","FALSE","FALSE","8.72575159701763","7.97450797054804","0.751243626469594","0.897","0.049","0.055","1,3,5,6,10,11,12,13",0.0189084909950383,FALSE,0,5,8,0,8,0,0.615384615384615
"kappa.o",59,80,0.33,"FALSE","FALSE","FALSE","9.2525317390723","8.25930661433564","0.993225124736655","0.887","0.043","0.046","1,2,3,4,5,6,10,11,12",0.013482673207317,FALSE,0,4,9,0,9,0,0.692307692307692
"kappa.o",6,80,0.33,"FALSE","FALSE","FALSE","7.46962700108152","6.03271399137361","1.43691300970792","1.141","0.047","0.058","1,3,5,6,10,11,12",0.0242734138979851,FALSE,0,6,7,0,7,0,0.538461538461538
"kappa.o",60,80,0.33,"FALSE","FALSE","FALSE","8.87252218750297","8.35312575265534","0.519396434847634","0.756","0.048","0.044","1,3,5,6,10,11,12",0.0235297380538423,FALSE,0,6,7,0,7,0,0.538461538461538
"kappa.o",61,80,0.33,"FALSE","FALSE","FALSE","9.79722635042977","8.7490782162703","1.04814813415947","1.008","0.048","0.06","1,2,4,5,6,10,11,12,13",0.0117540653605985,FALSE,0,4,9,0,9,0,0.692307692307692
"kappa.o",62,80,0.33,"FALSE","FALSE","FALSE","8.39220164721556","5.62567107696208","2.76653057025347","1.116","0.043","0.056","2,6,10,41,69,75,82,99",0.0965683809742693,FALSE,5,10,8,5,3,0.625,0.230769230769231
"kappa.o",63,80,0.33,"FALSE","FALSE","FALSE","8.24376401754056","6.43968094739006","1.8040830701505","0.67","0.047","0.054","1,3,5,6,10,12,14,34",0.0365854200532484,FALSE,2,7,8,2,6,0.25,0.461538461538462
"kappa.o",64,80,0.33,"FALSE","FALSE","FALSE","8.1873812282838","5.66871087200817","2.51867035627563","1.269","0.047","0.05","3,4,5,6,12,13,64,98",0.0432519761056784,FALSE,2,7,8,2,6,0.25,0.461538461538462
"kappa.o",65,80,0.33,"FALSE","FALSE","FALSE","8.20603534962175","7.84531267960218","0.360722670019565","0.663","0.044","0.044","1,3,5,6,10,11,12,13",0.0191655835575238,FALSE,0,5,8,0,8,0,0.615384615384615
"kappa.o",66,80,0.33,"FALSE","FALSE","FALSE","8.11423557413326","6.92253848814006","1.1916970859932","0.946","0.047","0.052","1,2,5,6,10,11,70",0.0388866730986079,FALSE,1,7,7,1,6,0.142857142857143,0.461538461538462
"kappa.o",67,80,0.33,"FALSE","FALSE","FALSE","8.4779481127667","6.44509000950081","2.03285810326589","1.086","0.05","0.059","1,3,4,5,6,10,12,13",0.0179322451696889,FALSE,0,5,8,0,8,0,0.615384615384615
"kappa.o",68,80,0.33,"FALSE","FALSE","FALSE","8.52594541274199","7.85828938021185","0.667656032530141","0.821","0.047","0.055","1,2,4,5,6,10,11",0.0334030286878394,FALSE,0,6,7,0,7,0,0.538461538461538
"kappa.o",69,80,0.33,"FALSE","FALSE","FALSE","8.54618008095747","7.42290449140053","1.12327558955694","1.061","0.046","0.057","1,2,5,6,8,10,11,12",0.0216198942835453,FALSE,0,5,8,0,8,0,0.615384615384615
"kappa.o",7,80,0.33,"FALSE","FALSE","FALSE","8.83086626182348","6.09036569991031","2.74050056191317","1.078","0.046","0.057","1,3,6,10,13,14,16,121",0.0605868034741826,FALSE,3,8,8,3,5,0.375,0.384615384615385
"kappa.o",70,80,0.33,"FALSE","FALSE","FALSE","9.59757325602198","8.92056081009779","0.677012445924194","0.828","0.043","0.046","1,2,3,5,6,8,10,11,12,13",0.0103019208987026,FALSE,0,3,10,0,10,0,0.769230769230769
"kappa.o",71,80,0.33,"FALSE","FALSE","FALSE","7.13397723101186","4.67092230126367","2.46305492974819","0.637","0.045","0.042","3,5,6,12,42,108",0.0635702426546057,FALSE,2,9,6,2,4,0.333333333333333,0.307692307692308
"kappa.o",72,80,0.33,"FALSE","FALSE","FALSE","7.92160044190899","7.49087018606762","0.43073025584137","0.604","0.044","0.049","1,3,5,6,10,11,12,13",0.0175320629985964,FALSE,0,5,8,0,8,0,0.615384615384615
"kappa.o",73,80,0.33,"FALSE","FALSE","FALSE","8.43026550239126","7.94487943563473","0.485386066756532","0.768","0.044","0.048","3,4,5,6,7,10,11,12,13",0.0141246185386618,FALSE,0,4,9,0,9,0,0.692307692307692
"kappa.o",74,80,0.33,"FALSE","FALSE","FALSE","8.30065794332143","7.74072868041593","0.559929262905506","0.695","0.045","0.051","1,3,5,6,10,11,12,13",0.0181535934359547,FALSE,0,5,8,0,8,0,0.615384615384615
"kappa.o",75,80,0.33,"FALSE","FALSE","FALSE","7.86843382490522","6.84412325113041","1.02431057377481","0.798","0.044","0.046","1,3,5,6,10,11,12",0.0268214814022008,FALSE,0,6,7,0,7,0,0.538461538461538
"kappa.o",76,80,0.33,"FALSE","FALSE","FALSE","8.80477620382002","5.74848327776223","3.05629292605779","0.962","0.05","0.063","1,3,6,10,13,14,16,36",0.0651884219758648,FALSE,3,8,8,3,5,0.375,0.384615384615385
"kappa.o",77,80,0.33,"FALSE","FALSE","FALSE","9.91087785847146","8.55291289799814","1.35796496047333","1.011","0.044","0.052","4,5,6,7,8,9,11,12,13,107",0.0302298411464166,FALSE,1,4,10,1,9,0.1,0.692307692307692
"kappa.o",78,80,0.33,"FALSE","FALSE","FALSE","7.92423891321608","6.25633418663357","1.66790472658251","1.224","0.051","0.054","1,3,5,6,10,12,13",0.0260615393246096,FALSE,0,6,7,0,7,0,0.538461538461538
"kappa.o",79,80,0.33,"FALSE","FALSE","FALSE","7.63941390934755","7.31601258901251","0.323401320335041","0.574","0.041","0.042","1,3,5,6,10,11,12",0.0272738949800266,FALSE,0,6,7,0,7,0,0.538461538461538
"kappa.o",8,80,0.33,"FALSE","FALSE","FALSE","9.03506667043709","7.44770825047249","1.5873584199646","1.109","0.051","0.058","1,3,5,6,10,11,12,13,14",0.0225259875057517,FALSE,1,5,9,1,8,0.111111111111111,0.615384615384615
"kappa.o",80,80,0.33,"FALSE","FALSE","FALSE","8.29201579968416","5.90113558929864","2.39088021038552","0.798","0.05","0.054","3,4,5,6,12,13,108,132",0.045019606323205,FALSE,2,7,8,2,6,0.25,0.461538461538462
"kappa.o",81,80,0.33,"FALSE","FALSE","FALSE","7.91063896559624","7.44831001347287","0.462328952123374","0.66","0.046","0.047","1,3,5,6,10,11,12,13",0.0188981403133408,FALSE,0,5,8,0,8,0,0.615384615384615
"kappa.o",82,80,0.33,"FALSE","FALSE","FALSE","8.55481042779915","7.89146510445142","0.663345323347738","0.866","0.043","0.046","1,2,3,5,6,10,11,12",0.0214104176871717,FALSE,0,5,8,0,8,0,0.615384615384615
"kappa.o",83,80,0.33,"FALSE","FALSE","FALSE","8.3933962526192","7.10292943904881","1.29046681357039","0.866","0.049","0.055","1,3,5,6,10,12,13,66",0.0297246388012425,FALSE,1,6,8,1,7,0.125,0.538461538461538
"kappa.o",84,80,0.33,"FALSE","FALSE","FALSE","7.17046442416529","6.07886649831828","1.09159792584701","0.801","0.048","0.047","3,5,6,10,12,108",0.0469464178890429,FALSE,1,8,6,1,5,0.166666666666667,0.384615384615385
"kappa.o",85,80,0.33,"FALSE","FALSE","FALSE","9.33965059791567","8.76948115824908","0.570169439666588","0.611","0.045","0.053","1,2,3,4,5,6,10,11,12",0.012580586673484,FALSE,0,4,9,0,9,0,0.692307692307692
"kappa.o",86,80,0.33,"FALSE","FALSE","FALSE","8.13650319694733","6.6785674875912","1.45793570935612","0.7","0.043","0.043","1,3,5,6,8,10,12,108",0.0311242739786384,FALSE,1,6,8,1,7,0.125,0.538461538461538
"kappa.o",87,80,0.33,"FALSE","FALSE","FALSE","9.14667632993794","7.36532427427628","1.78135205566166","0.936","0.046","0.045","3,5,6,10,12,13,14,42",0.03629221206711,FALSE,2,7,8,2,6,0.25,0.461538461538462
"kappa.o",88,80,0.33,"FALSE","FALSE","FALSE","9.56035762518012","6.06166233431858","3.49869529086154","0.866","0.046","0.063","1,3,6,10,12,13,14,36,107",0.051007663924385,FALSE,3,7,9,3,6,0.333333333333333,0.461538461538462
"kappa.o",89,80,0.33,"FALSE","FALSE","FALSE","8.51252879900526","7.51004142634121","1.00248737266405","0.895","0.046","0.055","1,3,5,6,10,11,12",0.0238991792186211,FALSE,0,6,7,0,7,0,0.538461538461538
"kappa.o",9,80,0.33,"FALSE","FALSE","FALSE","8.5463216665048","5.72490117564003","2.82142049086477","1.41","0.05","0.06","4,6,9,12,13,57,66,121",0.0648810263264589,FALSE,3,8,8,3,5,0.375,0.384615384615385
"kappa.o",90,80,0.33,"FALSE","FALSE","FALSE","8.04326420511306","7.09459536565631","0.948668839456749","0.723","0.042","0.052","1,3,4,5,6,10,12,36",0.027880734470658,FALSE,1,6,8,1,7,0.125,0.538461538461538
"kappa.o",91,80,0.33,"FALSE","FALSE","FALSE","9.55872573991072","8.87945869319553","0.679267046715189","0.747","0.046","0.055","1,3,4,5,6,10,11,12,13",0.010412743528133,FALSE,0,4,9,0,9,0,0.692307692307692
"kappa.o",92,80,0.33,"FALSE","FALSE","FALSE","8.08000454895374","6.51206375561404","1.5679407933397","1.292","0.044","0.058","4,5,6,12,13,114",0.0489981164477147,FALSE,1,8,6,1,5,0.166666666666667,0.384615384615385
"kappa.o",93,80,0.33,"FALSE","FALSE","FALSE","8.26655947624816","7.64431184805139","0.622247628196768","0.602","0.042","0.043","1,2,3,5,6,10,11,12",0.0199945755060893,FALSE,0,5,8,0,8,0,0.615384615384615
"kappa.o",94,80,0.33,"FALSE","FALSE","FALSE","8.07805682970602","7.54641585932897","0.531640970377052","0.678","0.049","0.05","1,3,5,6,10,11,12",0.0247263669232398,FALSE,0,6,7,0,7,0,0.538461538461538
"kappa.o",95,80,0.33,"FALSE","FALSE","FALSE","8.20106455886616","6.892091349431","1.30897320943517","0.926","0.047","0.052","1,3,5,6,10,11,12,13",0.0188007333362541,FALSE,0,5,8,0,8,0,0.615384615384615
"kappa.o",96,80,0.33,"FALSE","FALSE","FALSE","8.4505432848819","8.09521448078051","0.355328804101383","0.486","0.045","0.052","1,2,4,5,6,10,11,12",0.01689094457755,FALSE,0,5,8,0,8,0,0.615384615384615
"kappa.o",97,80,0.33,"FALSE","FALSE","FALSE","7.57031094381678","6.48140932002241","1.08890162379437","0.761","0.047","0.052","1,2,5,6,10,11,44",0.0398381881707455,FALSE,1,7,7,1,6,0.142857142857143,0.461538461538462
"kappa.o",98,80,0.33,"FALSE","FALSE","FALSE","9.71929131628649","8.81353123033838","0.905760085948116","0.986","0.046","0.057","1,3,5,6,8,10,12,13",0.021823470971961,FALSE,0,5,8,0,8,0,0.615384615384615
"kappa.o",99,80,0.33,"FALSE","FALSE","FALSE","8.27796392597704","7.62349136257709","0.65447256339995","0.775","0.045","0.051","1,3,5,6,10,11,12",0.0234041625828299,FALSE,0,6,7,0,7,0,0.538461538461538
"lasso.cv",1,80,0.33,"TRUE","TRUE","FALSE","9.62480640486643","9.19761187432774","0.427194530538689","0.689","0.047","0.059","1,2,3,4,5,6,8,9,10,11,12,13,27,28,33,35,41,49,50,56,58,62,63,66,67,68,70,78,80,84,86,93,103,105,109,110,111,120,125,127,128",0.0103052388595655,FALSE,29,1,41,29,12,0.707317073170732,0.923076923076923
"lasso.cv",10,80,0.33,"FALSE","FALSE","FALSE","10.0121083908142","8.73145319589239","1.28065519492181","0.785","0.045","0.053","1,2,3,4,5,6,7,8,9,10,11,12,13,15,17,26,29,30,55,67,72,74,75,82,84,85,88,93,94,99,102,103,106,107,110,111,112,120",0.0157525981122266,FALSE,25,0,38,25,13,0.657894736842105,1
"lasso.cv",100,80,0.33,"FALSE","FALSE","FALSE","9.14107873146442","8.52336289837961","0.617715833084814","0.674","0.045","0.056","1,2,3,4,5,6,7,8,9,10,11,12,13,16,31,41,42,47,58,62,63,64,76,84,86,88,93,103,104,107,109,110,118,127,133",0.0101869833878485,FALSE,22,0,35,22,13,0.628571428571429,1
"lasso.cv",11,80,0.33,"FALSE","FALSE","FALSE","9.22763821907944","7.2573341206887","1.97030409839074","1.03","0.046","0.046","1,2,3,4,5,6,8,9,10,11,12,13,14,20,22,31,42,45,47,55,56,65,68,72,81,82,86,88,93,97,98,103,106,108,109,111,112,115,125,126,127",0.0125547782280472,FALSE,29,1,41,29,12,0.707317073170732,0.923076923076923
"lasso.cv",12,80,0.33,"FALSE","FALSE","FALSE","8.4920214491532","7.95993877008732","0.532082679065882","0.522","0.042","0.043","1,2,3,4,5,6,7,8,9,10,11,12,13,14,15,24,27,32,35,41,47,59,68,73,74,81,83,87,88,103,104,107,110,112,123,127,132",0.0116814790773173,FALSE,24,0,37,24,13,0.648648648648649,1
"lasso.cv",13,80,0.33,"FALSE","FALSE","FALSE","7.8418268968963","7.21666668862954","0.625160208266756","0.736","0.043","0.038","1,2,3,4,5,6,7,9,10,11,12,13,14,16,20,24,26,27,29,35,50,52,59,63,73,82,91,102,104,107,109,111,112,122,125,127",0.0106717746288283,FALSE,24,1,36,24,12,0.666666666666667,0.923076923076923
"lasso.cv",14,80,0.33,"FALSE","FALSE","FALSE","8.07069269051066","7.76933541033502","0.301357280175644","0.674","0.041","0.052","1,2,3,4,5,6,7,8,9,10,11,12,13,24,36,42,44,50,59,82,84,86,89,104,114,120,121,123,132,133",0.00801272430589786,FALSE,17,0,30,17,13,0.566666666666667,1
"lasso.cv",15,80,0.33,"TRUE","TRUE","FALSE","9.3679830312214","8.82328255143798","0.544700479783425","0.81","0.047","0.055","1,2,3,4,5,6,7,8,9,10,11,12,13,16,18,20,28,31,45,49,52,55,59,61,64,68,70,73,74,75,77,78,84,85,88,101,103,104,110,111,113,114,116,118",0.00993098619811243,FALSE,31,0,44,31,13,0.704545454545455,1
"lasso.cv",16,80,0.33,"FALSE","FALSE","FALSE","8.31387572484844","7.42045453982051","0.893421185027923","0.743","0.044","0.053","1,2,3,4,5,6,7,8,9,10,11,12,13,14,20,26,36,45,47,50,52,61,72,82,84,86,95,103,104,107,109,111,118,132",0.00685074731233064,FALSE,21,0,34,21,13,0.617647058823529,1
"lasso.cv",17,80,0.33,"FALSE","FALSE","FALSE","8.21942643053729","6.30305975255359","1.9163666779837","1.04","0.049","0.056","1,2,3,4,5,6,7,8,9,10,11,12,13,14,15,21,32,33,35,36,44,50,52,59,70,72,73,78,80,86,88,91,93,98,103,106,107,108,112,116,118,121,130,132,133",0.0167149224170134,FALSE,32,0,45,32,13,0.711111111111111,1
"lasso.cv",18,80,0.33,"FALSE","FALSE","FALSE","9.00564740468432","8.24542064922885","0.760226755455473","0.728","0.046","0.052","1,2,4,5,6,7,8,10,11,12,13,17,20,26,27,31,35,36,42,53,59,61,70,73,74,75,82,87,103,110,111,115,120,123,132",0.0127979697040659,FALSE,24,2,35,24,11,0.685714285714286,0.846153846153846
"lasso.cv",19,80,0.33,"FALSE","FALSE","FALSE","8.6343041095471","8.05880842445374","0.575495685093351","0.573","0.043","0.042","1,2,3,4,5,6,7,8,10,11,12,13,20,22,24,27,31,32,40,49,52,54,57,65,70,74,78,82,89,98,99,103,108,109,115,118",0.0104402375188652,FALSE,24,1,36,24,12,0.666666666666667,0.923076923076923
"lasso.cv",2,80,0.33,"FALSE","FALSE","FALSE","8.08941148679338","7.58044012531906","0.508971361474313","0.639","0.044","0.045","1,3,4,5,6,7,8,9,10,11,12,13,14,16,18,19,24,28,39,41,43,48,49,51,53,54,55,57,61,70,74,79,80,92,98,100,102,103,104,105,112,113,125,133",0.0142683611078449,FALSE,32,1,44,32,12,0.727272727272727,0.923076923076923
"lasso.cv",20,80,0.33,"FALSE","FALSE","FALSE","7.89573428561977","6.52666316588668","1.36907111973309","1.14","0.045","0.048","1,2,3,4,5,6,7,8,9,10,11,12,13,15,27,35,47,51,52,59,68,72,73,74,82,84,87,96,110,115,121",0.0140410545324714,FALSE,18,0,31,18,13,0.580645161290323,1
"lasso.cv",21,80,0.33,"FALSE","FALSE","FALSE","8.71859055603689","7.24287652628987","1.47571402974702","0.829","0.044","0.055","1,2,3,4,5,6,8,9,10,11,12,13,14,15,16,18,23,26,30,32,33,36,40,42,57,58,70,72,73,82,83,86,90,96,97,102,105,109,110,112,113,133",0.0126465018926232,FALSE,30,1,42,30,12,0.714285714285714,0.923076923076923
"lasso.cv",22,80,0.33,"TRUE","TRUE","FALSE","9.23814548000003","8.27603813680189","0.962107343198138","1.104","0.043","0.059","1,2,3,4,5,6,7,8,9,10,11,12,13,15,17,20,22,26,39,44,49,51,52,61,66,72,73,74,82,88,93,99,102,107,109,115,121,133",0.012056135131773,FALSE,25,0,38,25,13,0.657894736842105,1
"lasso.cv",23,80,0.33,"FALSE","FALSE","FALSE","8.64083607912784","7.5552458034335","1.08559027569434","0.775","0.045","0.054","1,2,3,4,5,6,7,8,9,10,11,12,13,14,16,17,20,27,28,35,47,54,55,59,61,65,66,76,84,85,87,90,103,104,107,110,125",0.0127646608030646,FALSE,24,0,37,24,13,0.648648648648649,1
"lasso.cv",24,80,0.33,"FALSE","FALSE","FALSE","7.50301773262762","6.4062374412623","1.09678029136531","0.901","0.045","0.05","1,2,3,4,5,6,7,8,9,10,11,12,13,26,29,33,36,42,51,55,61,67,82,83,84,85,93,111,113,114,120,121,131",0.0118690092304069,FALSE,20,0,33,20,13,0.606060606060606,1
"lasso.cv",25,80,0.33,"FALSE","FALSE","FALSE","8.89754561718227","7.6956895662679","1.20185605091437","0.661","0.044","0.052","1,2,3,4,5,6,7,8,9,10,11,12,13,14,16,24,26,32,41,44,47,48,49,55,56,61,64,68,76,84,89,100,103,105,127,131",0.0113503854851052,FALSE,23,0,36,23,13,0.638888888888889,1
"lasso.cv",26,80,0.33,"FALSE","FALSE","FALSE","10.0244064716924","9.56718415454618","0.457222317146268","0.853","0.048","0.056","1,2,3,4,5,6,8,10,11,12,13,14,18,24,25,26,31,40,48,51,53,55,61,66,72,78,82,84,93,103,108,109,125,128,131",0.0117819409989366,FALSE,24,2,35,24,11,0.685714285714286,0.846153846153846
"lasso.cv",27,80,0.33,"FALSE","FALSE","FALSE","10.7423619507291","8.2114179778249","2.53094397290416","1.314","0.046","0.058","1,2,4,5,6,8,9,10,11,12,13,20,24,27,29,34,47,51,57,59,63,64,73,74,76,78,82,85,93,99,102,103,105,107,109,111,114,131",0.0179967369879949,FALSE,27,2,38,27,11,0.710526315789474,0.846153846153846
"lasso.cv",28,80,0.33,"FALSE","FALSE","FALSE","8.91364064951346","8.27878951151391","0.634851137999557","0.858","0.058","0.054","1,2,3,4,5,6,7,8,9,10,11,12,13,15,17,24,26,35,36,41,53,54,55,70,72,82,83,84,88,92,93,98,100,110,114,115,118,124,132",0.00599823721917836,FALSE,26,0,39,26,13,0.666666666666667,1
"lasso.cv",29,80,0.33,"FALSE","FALSE","FALSE","8.53840679131207","6.41355506984335","2.12485172146872","0.744","0.046","0.049","1,2,3,4,5,6,7,8,9,10,11,12,13,20,24,28,30,35,39,40,47,50,51,54,55,59,69,73,74,75,82,88,92,100,102,106,108,111,115,127,133",0.0141684627595232,FALSE,28,0,41,28,13,0.682926829268293,1
"lasso.cv",3,80,0.33,"FALSE","FALSE","FALSE","8.93112432777179","7.3172099783207","1.6139143494511","1.325","0.046","0.061","1,2,3,4,5,6,8,10,11,12,13,14,21,22,28,31,35,37,40,45,51,60,66,72,82,84,86,90,99,102,104,105,108,111,120,128,130,131,132",0.0194555248625984,FALSE,28,2,39,28,11,0.717948717948718,0.846153846153846
"lasso.cv",30,80,0.33,"FALSE","FALSE","FALSE","9.29327625630389","8.25349146147132","1.03978479483257","0.932","0.045","0.055","1,2,3,4,5,6,7,8,9,10,11,12,13,14,16,17,18,31,42,44,49,55,57,65,70,76,98,100,103,111,115,118,125,126,127",0.00828398161788568,FALSE,22,0,35,22,13,0.628571428571429,1
"lasso.cv",31,80,0.33,"FALSE","FALSE","FALSE","7.87296811122965","6.79996705019242","1.07300106103723","0.873","0.046","0.053","1,2,3,5,6,7,8,9,10,11,12,13,14,22,24,27,28,35,36,40,45,54,64,72,73,75,82,84,85,90,93,97,99,100,102,103,107,108,112,124,128,131",0.0184789593796892,FALSE,30,1,42,30,12,0.714285714285714,0.923076923076923
"lasso.cv",32,80,0.33,"FALSE","FALSE","FALSE","8.2215157499532","7.5942048254134","0.627310924539801","0.765","0.044","0.047","1,2,3,4,5,6,8,9,10,11,12,13,14,21,24,27,34,43,45,63,66,67,70,75,88,91,99,102,103,104,118,127",0.0122071639867264,FALSE,20,1,32,20,12,0.625,0.923076923076923
"lasso.cv",33,80,0.33,"FALSE","FALSE","FALSE","9.30267862154955","8.23689114803432","1.06578747351523","0.773","0.045","0.047","1,2,3,4,5,6,7,8,9,10,11,12,13,14,16,20,24,26,29,31,50,52,53,64,72,78,82,88,90,99,103,108,109,110,116,120,127",0.00945058805489792,FALSE,24,0,37,24,13,0.648648648648649,1
"lasso.cv",34,80,0.33,"FALSE","FALSE","FALSE","8.78414050861929","7.06657671990126","1.71756378871803","1.169","0.047","0.059","1,2,3,4,5,6,7,8,10,11,12,13,14,16,18,22,27,34,39,53,55,63,66,78,80,82,84,89,99,100,102,103,107,109,114,118,123,128",0.015360508468823,FALSE,26,1,38,26,12,0.684210526315789,0.923076923076923
"lasso.cv",35,80,0.33,"FALSE","FALSE","FALSE","9.74131381317557","9.02690294905856","0.714410864117014","0.586","0.045","0.058","1,2,3,4,5,6,7,9,10,11,12,13,20,22,28,31,34,42,47,52,56,61,64,70,76,78,84,86,93,97,102,104,115,120,124,129,132,133",0.0129758889299962,FALSE,26,1,38,26,12,0.684210526315789,0.923076923076923
"lasso.cv",36,80,0.33,"FALSE","FALSE","FALSE","9.24268465784146","7.58090913655912","1.66177552128234","1.101","0.043","0.05","1,2,3,4,5,6,7,8,10,11,12,13,14,18,20,25,34,48,63,68,69,74,76,77,82,86,87,88,89,99,102,104,105,107,108,110,111,123,127,133",0.01614821907618,FALSE,28,1,40,28,12,0.7,0.923076923076923
"lasso.cv",37,80,0.33,"FALSE","FALSE","FALSE","8.75512397970486","8.08683111597312","0.668292863731732","0.555","0.044","0.043","1,2,3,4,5,6,7,8,9,10,11,12,13,14,16,20,31,34,40,45,47,55,59,60,70,75,76,78,82,87,88,96,97,103,106,125",0.0119060431306287,FALSE,23,0,36,23,13,0.638888888888889,1
"lasso.cv",38,80,0.33,"FALSE","FALSE","FALSE","7.98796161971515","7.64207882556679","0.345882794148354","0.552","0.048","0.056","1,2,3,4,5,6,7,8,9,10,11,12,13,14,20,22,27,30,31,45,48,52,58,60,65,70,72,73,78,90,98,103,104,105,110,111,120,129,132",0.0137064640525013,FALSE,26,0,39,26,13,0.666666666666667,1
"lasso.cv",39,80,0.33,"FALSE","FALSE","FALSE","8.69911140853229","7.4537153128907","1.24539609564159","0.935","0.047","0.049","1,2,3,4,5,6,7,8,10,11,12,13,16,18,25,30,44,45,48,52,55,59,64,67,68,70,72,73,74,75,78,82,93,95,100,103,104,105,106,109,116,117,125,127,128",0.0116446659540339,FALSE,33,1,45,33,12,0.733333333333333,0.923076923076923
"lasso.cv",4,80,0.33,"FALSE","FALSE","FALSE","7.59196926988774","6.12984893610248","1.46212033378526","1.066","0.044","0.044","1,2,3,4,5,6,7,8,9,10,11,12,13,20,21,24,28,30,55,60,61,69,74,82,84,86,107,108,113,114,115,120,131,132",0.0104400124265872,FALSE,21,0,34,21,13,0.617647058823529,1
"lasso.cv",40,80,0.33,"FALSE","FALSE","FALSE","8.12088736223085","7.12876150553483","0.992125856696022","1.224","0.048","0.068","1,2,3,4,5,6,7,8,9,10,11,12,13,14,16,17,28,29,32,34,36,37,43,45,46,52,53,56,59,61,64,66,67,68,69,74,80,87,90,93,110,111,112,113,115,117,122,131,132",0.0141349740921087,FALSE,36,0,49,36,13,0.73469387755102,1
"lasso.cv",41,80,0.33,"FALSE","FALSE","FALSE","9.1454152338953","7.947200179969","1.1982150539263","0.821","0.045","0.046","1,2,3,4,5,6,7,8,10,11,12,13,14,24,26,32,42,53,59,68,70,72,76,78,85,93,98,100,103,105,114,125",0.0113597413830134,FALSE,20,1,32,20,12,0.625,0.923076923076923
"lasso.cv",42,80,0.33,"FALSE","FALSE","FALSE","7.82082689265315","6.40748035939676","1.41334653325638","1.196","0.044","0.052","1,2,3,4,5,6,7,8,10,11,12,13,14,18,27,32,35,37,47,51,52,53,77,83,86,88,91,93,113,114,123",0.0151757226740201,FALSE,19,1,31,19,12,0.612903225806452,0.923076923076923
"lasso.cv",43,80,0.33,"FALSE","FALSE","FALSE","9.32340891910801","8.7678231208862","0.555585798221813","0.817","0.046","0.047","1,2,3,4,5,6,7,8,9,10,11,12,13,16,27,35,36,50,55,59,61,64,65,74,84,85,87,98,111,118,129",0.00602487005050546,FALSE,18,0,31,18,13,0.580645161290323,1
"lasso.cv",44,80,0.33,"FALSE","FALSE","FALSE","8.69027044131729","8.28622052841062","0.404049912906664","0.663","0.047","0.059","1,2,3,4,5,6,7,8,9,10,11,12,13,16,18,27,31,35,42,45,52,55,61,64,66,72,75,77,78,82,84,93,99,102,103,109,123",0.0127987057424873,FALSE,24,0,37,24,13,0.648648648648649,1
"lasso.cv",45,80,0.33,"FALSE","FALSE","FALSE","8.82320891312709","8.29611702430327","0.527091888823815","0.642","0.043","0.052","1,2,3,4,5,6,8,10,11,12,13,14,17,35,55,74,79,80,81,92,102,103,110,117,119,121,128,130",0.0105991849125339,FALSE,17,2,28,17,11,0.607142857142857,0.846153846153846
"lasso.cv",46,80,0.33,"FALSE","FALSE","FALSE","8.30644474957385","7.80339406746646","0.503050682107386","0.661","0.044","0.05","1,2,3,4,5,6,8,9,10,11,12,13,14,15,21,26,27,29,31,35,43,63,64,75,82,84,87,93,99,102,103,104,108,109,111,119,120,121",0.0123812333330548,FALSE,26,1,38,26,12,0.684210526315789,0.923076923076923
"lasso.cv",47,80,0.33,"FALSE","FALSE","FALSE","9.19592990341019","8.24529829079848","0.950631612611713","0.994","0.048","0.055","1,2,3,4,5,6,7,8,9,10,11,12,13,14,17,20,21,42,49,61,66,74,75,78,80,81,82,84,86,90,97,100,104,108,111,115,118,130,131,132",0.00991672629430835,FALSE,27,0,40,27,13,0.675,1
"lasso.cv",48,80,0.33,"FALSE","FALSE","FALSE","8.63139237929479","8.19104511829539","0.440347260999397","0.561","0.045","0.057","1,2,3,4,5,6,7,8,9,10,11,12,13,16,20,22,24,35,43,45,47,52,61,73,74,78,96,97,99,103,104,110,111,112,113,129",0.0107521913873896,FALSE,23,0,36,23,13,0.638888888888889,1
"lasso.cv",49,80,0.33,"FALSE","FALSE","FALSE","8.52155416355017","7.1919420594597","1.32961210409048","0.816","0.052","0.053","1,2,3,4,5,6,7,8,10,11,12,13,14,15,16,17,20,24,27,28,30,39,45,49,52,56,60,66,69,78,88,91,93,99,102,103,109,112,114,115,118,119,128",0.0156753091895359,FALSE,31,1,43,31,12,0.720930232558139,0.923076923076923
"lasso.cv",5,80,0.33,"FALSE","FALSE","FALSE","8.4919965691715","8.02361833262613","0.468378236545366","0.77","0.049","0.064","1,2,3,4,5,6,7,8,9,10,11,12,13,14,17,26,27,34,47,49,51,56,64,68,72,73,77,80,85,88,89,90,93,98,102,103,110,112,119,128",0.00986353466347876,FALSE,27,0,40,27,13,0.675,1
"lasso.cv",50,80,0.33,"FALSE","FALSE","FALSE","8.42126937417972","7.50526934283591","0.916000031343811","0.836","0.043","0.051","1,2,3,4,5,6,7,8,9,10,11,12,13,15,21,22,23,34,39,40,42,45,48,49,68,70,73,75,82,88,102,104,115,125",0.0212600468806823,FALSE,21,0,34,21,13,0.617647058823529,1
"lasso.cv",51,80,0.33,"FALSE","FALSE","FALSE","8.94171115741915","8.51038305577354","0.431328101645606","0.763","0.043","0.055","1,2,3,4,5,6,7,8,9,10,11,12,13,17,20,27,38,41,48,49,55,59,70,73,74,82,86,93,97,101,103,106,109,112,116,118,120,121,125,128",0.00729520244206621,FALSE,27,0,40,27,13,0.675,1
"lasso.cv",52,80,0.33,"FALSE","FALSE","FALSE","7.68157928670738","7.32679359861745","0.354785688089926","0.62","0.046","0.053","1,2,3,4,5,6,7,8,9,10,11,12,13,15,22,24,26,27,29,34,45,48,55,61,64,66,69,73,74,81,96,104,120,123,132",0.00782648617269499,FALSE,22,0,35,22,13,0.628571428571429,1
"lasso.cv",53,80,0.33,"FALSE","FALSE","FALSE","8.14741425983367","6.38354983323496","1.76386442659871","0.756","0.059","0.062","1,2,3,4,5,6,8,9,10,11,12,13,14,15,22,26,27,29,31,32,47,49,61,65,72,73,80,82,83,85,90,99,100,102,103,104,105,123,124,125,128,132",0.0181771270280577,FALSE,30,1,42,30,12,0.714285714285714,0.923076923076923
"lasso.cv",54,80,0.33,"FALSE","FALSE","FALSE","9.60599704314215","8.95591958527194","0.650077457870217","1","0.053","0.069","1,2,3,4,5,6,7,8,9,10,11,12,13,14,15,18,20,22,36,45,49,59,61,70,72,73,79,84,85,87,88,97,99,100,110,120,123,132",0.0119265153171416,FALSE,25,0,38,25,13,0.657894736842105,1
"lasso.cv",55,80,0.33,"FALSE","FALSE","FALSE","8.76612007508512","7.90463150304312","0.861488572042004","0.903","0.055","0.063","1,2,3,4,5,6,7,8,9,10,11,12,13,14,27,41,42,43,49,53,57,63,70,75,81,82,86,87,92,93,97,108,109,111,125,131,133",0.0127653270823784,FALSE,24,0,37,24,13,0.648648648648649,1
"lasso.cv",56,80,0.33,"FALSE","FALSE","FALSE","8.45201933115499","6.59108204844653","1.86093728270847","1.518","0.06","0.068","1,2,3,4,5,6,7,8,9,10,11,12,13,15,30,32,33,39,40,47,49,55,69,72,74,79,81,82,84,92,93,103,105,110,113,114,115,119,121,130",0.0186618264264597,FALSE,27,0,40,27,13,0.675,1
"lasso.cv",57,80,0.33,"FALSE","FALSE","FALSE","9.12960832063278","7.62158891361137","1.50801940702142","1.206","0.06","0.067","1,2,3,4,5,6,7,8,9,10,11,12,13,16,20,21,26,33,35,45,49,52,58,67,70,72,73,75,80,84,99,100,103,104,105,109,110,118,128",0.0186567730116455,FALSE,26,0,39,26,13,0.666666666666667,1
"lasso.cv",58,80,0.33,"FALSE","FALSE","FALSE","8.72575159701763","7.97450797054804","0.751243626469594","0.897","0.049","0.055","1,2,3,4,5,6,7,9,10,11,12,13,14,15,16,21,32,35,45,47,51,52,53,59,63,64,66,82,99,111,113,125,132",0.00891752534415998,FALSE,21,1,33,21,12,0.636363636363636,0.923076923076923
"lasso.cv",59,80,0.33,"FALSE","FALSE","FALSE","9.2525317390723","8.25930661433564","0.993225124736655","0.887","0.043","0.046","1,2,3,4,5,6,8,9,10,11,12,13,20,22,31,35,42,47,49,50,55,57,59,63,68,70,71,72,74,84,85,99,103,105,108,109,110,121,125,126,127,130",0.0116216102712588,FALSE,30,1,42,30,12,0.714285714285714,0.923076923076923
"lasso.cv",6,80,0.33,"FALSE","FALSE","FALSE","7.46962700108152","6.03271399137361","1.43691300970792","1.141","0.047","0.058","1,2,3,4,5,6,8,9,10,11,12,13,17,24,28,32,35,41,45,48,51,55,70,72,84,93,96,103,107,110,113,119,125,133",0.0121627610715704,FALSE,22,1,34,22,12,0.647058823529412,0.923076923076923
"lasso.cv",60,80,0.33,"FALSE","FALSE","FALSE","8.87252218750297","8.35312575265534","0.519396434847634","0.756","0.048","0.044","1,2,3,4,5,6,7,8,10,11,12,13,14,16,18,20,24,38,43,46,47,54,55,56,60,63,65,66,69,72,79,82,84,90,93,98,102,103,105,113,118,131",0.00698833905653787,FALSE,30,1,42,30,12,0.714285714285714,0.923076923076923
"lasso.cv",61,80,0.33,"FALSE","FALSE","FALSE","9.79722635042977","8.7490782162703","1.04814813415947","1.008","0.048","0.06","1,2,3,4,5,6,7,8,10,11,12,13,15,16,25,30,50,52,59,67,70,72,74,75,76,77,84,86,91,92,93,102,103,105,108,109,113",0.0161745848942364,FALSE,25,1,37,25,12,0.675675675675676,0.923076923076923
"lasso.cv",62,80,0.33,"FALSE","FALSE","FALSE","8.39220164721556","5.62567107696208","2.76653057025347","1.116","0.043","0.056","1,2,3,4,5,6,7,9,10,11,12,13,14,17,18,27,32,41,47,54,68,69,76,81,82,93,99,102,104,105,106,108",0.0185390305084189,FALSE,20,1,32,20,12,0.625,0.923076923076923
"lasso.cv",63,80,0.33,"FALSE","FALSE","FALSE","8.24376401754056","6.43968094739006","1.8040830701505","0.67","0.047","0.054","1,2,3,5,6,7,10,11,12,13,14,18,22,34,35,43,45,46,49,51,54,56,63,67,70,73,76,77,82,83,90,96,97,102,103,111,114,116,118",0.0281763801104297,FALSE,29,3,39,29,10,0.743589743589744,0.769230769230769
"lasso.cv",64,80,0.33,"FALSE","FALSE","FALSE","8.1873812282838","5.66871087200817","2.51867035627563","1.269","0.047","0.05","1,2,3,4,5,6,7,8,9,10,11,12,13,16,18,21,49,52,53,58,66,70,72,74,75,80,81,82,86,87,88,89,90,96,98,99,100,107,114,118,120,121,123",0.0195976255149985,FALSE,30,0,43,30,13,0.697674418604651,1
"lasso.cv",65,80,0.33,"FALSE","FALSE","FALSE","8.20603534962175","7.84531267960218","0.360722670019565","0.663","0.044","0.044","1,2,3,4,5,6,7,8,9,10,11,12,13,15,18,26,30,43,58,64,67,70,75,76,78,82,90,93,99,109,111,114,115,120,127",0.00422588108594414,FALSE,22,0,35,22,13,0.628571428571429,1
"lasso.cv",66,80,0.33,"FALSE","FALSE","FALSE","8.11423557413326","6.92253848814006","1.1916970859932","0.946","0.047","0.052","1,2,3,4,5,6,7,8,10,11,12,13,14,17,34,44,51,55,60,63,66,67,70,74,83,87,99,103,110,121,125,132",0.0102653780531448,FALSE,20,1,32,20,12,0.625,0.923076923076923
"lasso.cv",67,80,0.33,"FALSE","FALSE","FALSE","8.4779481127667","6.44509000950081","2.03285810326589","1.086","0.05","0.059","1,2,3,4,5,6,7,8,10,11,12,13,18,20,21,26,28,45,51,53,55,56,62,64,72,78,79,82,84,89,95,96,103,107,108,116,118,120,121,124,127,133",0.015127150934006,FALSE,30,1,42,30,12,0.714285714285714,0.923076923076923
"lasso.cv",68,80,0.33,"FALSE","FALSE","FALSE","8.52594541274199","7.85828938021185","0.667656032530141","0.821","0.047","0.055","1,2,3,4,5,6,7,8,9,10,11,12,13,15,18,27,30,31,45,48,59,61,63,69,73,77,83,84,85,88,96,98,99,107,108,111,119",0.00964406457018357,FALSE,24,0,37,24,13,0.648648648648649,1
"lasso.cv",69,80,0.33,"FALSE","FALSE","FALSE","8.54618008095747","7.42290449140053","1.12327558955694","1.061","0.046","0.057","1,2,3,4,5,6,7,8,9,10,11,12,13,14,15,20,26,34,46,52,53,64,68,69,71,73,80,82,84,85,93,97,98,99,102,103,104,105,107,115,119,121,125",0.0136761652685934,FALSE,30,0,43,30,13,0.697674418604651,1
"lasso.cv",7,80,0.33,"FALSE","FALSE","FALSE","8.83086626182348","6.09036569991031","2.74050056191317","1.078","0.046","0.057","1,2,3,4,5,6,7,8,9,10,11,12,13,14,16,20,26,45,50,51,53,55,56,59,67,69,70,74,84,88,98,99,102,103,107,108,109,116,121",0.0219743909798126,FALSE,26,0,39,26,13,0.666666666666667,1
"lasso.cv",70,80,0.33,"FALSE","FALSE","FALSE","9.59757325602198","8.92056081009779","0.677012445924194","0.828","0.043","0.046","1,2,3,4,5,6,8,10,11,12,13,14,22,28,32,42,66,68,73,83,84,90,93,97,103,109,111,115,120,122,123,127,130,133",0.00992005475335554,FALSE,23,2,34,23,11,0.676470588235294,0.846153846153846
"lasso.cv",71,80,0.33,"FALSE","FALSE","FALSE","7.13397723101186","4.67092230126367","2.46305492974819","0.637","0.045","0.042","1,2,3,4,5,6,7,8,9,10,11,12,13,20,24,40,42,45,49,64,72,76,77,78,85,89,92,93,105,108,109,121",0.0130300825947498,FALSE,19,0,32,19,13,0.59375,1
"lasso.cv",72,80,0.33,"FALSE","FALSE","FALSE","7.92160044190899","7.49087018606762","0.43073025584137","0.604","0.044","0.049","1,2,3,4,5,6,7,8,9,10,11,12,13,14,16,22,47,49,55,63,67,75,82,84,92,104,108,110,122,127,128,133",0.00871195795874807,FALSE,19,0,32,19,13,0.59375,1
"lasso.cv",73,80,0.33,"FALSE","FALSE","FALSE","8.43026550239126","7.94487943563473","0.485386066756532","0.768","0.044","0.048","1,2,3,4,5,6,7,8,10,11,12,13,14,15,28,36,52,53,59,73,74,76,82,88,93,99,103,104,107,109,118,121,123,125,131",0.0117104990325636,FALSE,23,1,35,23,12,0.657142857142857,0.923076923076923
"lasso.cv",74,80,0.33,"FALSE","FALSE","FALSE","8.30065794332143","7.74072868041593","0.559929262905506","0.695","0.045","0.051","1,2,3,4,5,6,8,9,10,11,12,13,14,17,26,28,32,34,40,41,43,47,48,51,59,61,66,72,73,74,77,87,104,107,110,113,123,125,133",0.00980049566061729,FALSE,27,1,39,27,12,0.692307692307692,0.923076923076923
"lasso.cv",75,80,0.33,"FALSE","FALSE","FALSE","7.86843382490522","6.84412325113041","1.02431057377481","0.798","0.044","0.046","1,2,3,4,5,6,7,8,9,10,11,12,13,14,21,23,31,32,36,43,48,53,54,68,69,72,74,79,97,102,104,107,115,120,121,124,127,131,133",0.010008989474693,FALSE,26,0,39,26,13,0.666666666666667,1
"lasso.cv",76,80,0.33,"FALSE","FALSE","FALSE","8.80477620382002","5.74848327776223","3.05629292605779","0.962","0.05","0.063","1,2,3,4,5,6,7,8,9,10,11,12,13,14,16,17,18,20,35,36,42,56,68,72,82,103,104,109,110,121,127,133",0.0167867058392033,FALSE,19,0,32,19,13,0.59375,1
"lasso.cv",77,80,0.33,"FALSE","FALSE","FALSE","9.91087785847146","8.55291289799814","1.35796496047333","1.011","0.044","0.052","1,2,3,4,5,6,7,8,9,10,11,12,13,28,42,49,59,61,63,67,75,80,82,84,103,104,107,110,118,121,123,132",0.0157378105749646,FALSE,19,0,32,19,13,0.59375,1
"lasso.cv",78,80,0.33,"FALSE","FALSE","FALSE","7.92423891321608","6.25633418663357","1.66790472658251","1.224","0.051","0.054","1,2,3,4,5,6,7,8,9,10,11,12,13,14,18,30,32,33,35,36,45,49,52,53,54,55,70,72,74,82,84,88,93,96,97,99,102,106,110,112,116,118,119,122,124,125,131",0.0143858365052416,FALSE,34,0,47,34,13,0.723404255319149,1
"lasso.cv",79,80,0.33,"FALSE","FALSE","FALSE","7.63941390934755","7.31601258901251","0.323401320335041","0.574","0.041","0.042","1,3,4,5,6,7,8,10,11,12,13,24,31,32,47,49,55,68,78,79,82,85,96,103,104,108,119,133",0.00883432395826595,FALSE,17,2,28,17,11,0.607142857142857,0.846153846153846
"lasso.cv",8,80,0.33,"FALSE","FALSE","FALSE","9.03506667043709","7.44770825047249","1.5873584199646","1.109","0.051","0.058","1,2,3,4,5,6,7,8,9,10,11,12,13,14,15,16,17,18,20,26,28,30,40,56,61,62,66,67,68,69,70,72,76,78,80,88,89,91,98,99,103,105,118,123,125,129,131,132",0.0138616817437418,FALSE,35,0,48,35,13,0.729166666666667,1
"lasso.cv",80,80,0.33,"FALSE","FALSE","FALSE","8.29201579968416","5.90113558929864","2.39088021038552","0.798","0.05","0.054","1,2,3,4,5,6,8,10,11,12,13,15,21,22,24,27,32,34,37,49,50,52,63,64,65,66,76,79,81,84,86,87,88,99,103,105,108,111,112,123,125,132",0.0202382165643448,FALSE,31,2,42,31,11,0.738095238095238,0.846153846153846
"lasso.cv",81,80,0.33,"FALSE","FALSE","FALSE","7.91063896559624","7.44831001347287","0.462328952123374","0.66","0.046","0.047","1,2,3,4,5,6,7,8,10,11,12,13,14,15,16,22,24,47,50,55,63,64,65,67,70,85,87,111,120,125",0.00713206401961649,FALSE,18,1,30,18,12,0.6,0.923076923076923
"lasso.cv",82,80,0.33,"FALSE","FALSE","FALSE","8.55481042779915","7.89146510445142","0.663345323347738","0.866","0.043","0.046","1,2,3,4,5,6,7,8,9,10,11,12,13,14,16,18,20,26,28,42,45,52,61,63,65,69,70,72,84,90,99,104,123,131",0.00877819366575029,FALSE,21,0,34,21,13,0.617647058823529,1
"lasso.cv",83,80,0.33,"FALSE","FALSE","FALSE","8.3933962526192","7.10292943904881","1.29046681357039","0.866","0.049","0.055","1,2,3,4,5,6,8,10,11,12,13,14,20,26,31,32,38,39,40,45,47,52,53,54,55,66,72,73,75,76,78,82,96,98,103,112,113,115,123,127,131",0.0187157848958933,FALSE,30,2,41,30,11,0.731707317073171,0.846153846153846
"lasso.cv",84,80,0.33,"FALSE","FALSE","FALSE","7.17046442416529","6.07886649831828","1.09159792584701","0.801","0.048","0.047","1,2,3,4,5,6,8,9,10,11,12,13,14,16,17,20,28,31,45,47,50,55,63,76,78,81,82,84,90,93,96,102,103,107,108,112,128",0.0106573928365832,FALSE,25,1,37,25,12,0.675675675675676,0.923076923076923
"lasso.cv",85,80,0.33,"FALSE","FALSE","FALSE","9.33965059791567","8.76948115824908","0.570169439666588","0.611","0.045","0.053","1,2,3,4,5,6,9,10,11,12,13,17,20,36,37,47,51,52,55,56,59,68,69,74,77,80,82,83,85,98,101,105,121,125,133",0.0150595828215921,FALSE,24,2,35,24,11,0.685714285714286,0.846153846153846
"lasso.cv",86,80,0.33,"FALSE","FALSE","FALSE","8.13650319694733","6.6785674875912","1.45793570935612","0.7","0.043","0.043","1,2,3,4,5,6,7,8,9,10,11,12,13,14,17,24,28,31,51,57,66,72,74,82,86,87,88,102,107,108,110,115,128",0.0146598478793238,FALSE,20,0,33,20,13,0.606060606060606,1
"lasso.cv",87,80,0.33,"FALSE","FALSE","FALSE","9.14667632993794","7.36532427427628","1.78135205566166","0.936","0.046","0.045","2,3,4,5,6,8,9,10,11,12,13,14,17,23,31,42,47,59,61,64,70,73,74,82,83,84,85,90,93,98,99,104,107,115,123,125",0.0148091895106629,FALSE,25,2,36,25,11,0.694444444444444,0.846153846153846
"lasso.cv",88,80,0.33,"FALSE","FALSE","FALSE","9.56035762518012","6.06166233431858","3.49869529086154","0.866","0.046","0.063","1,2,3,4,5,6,7,8,10,11,12,13,14,15,18,27,29,36,49,59,66,67,73,79,82,86,88,91,93,98,102,103,107,109,111,116,120,121,133",0.0200216100047489,FALSE,27,1,39,27,12,0.692307692307692,0.923076923076923
"lasso.cv",89,80,0.33,"FALSE","FALSE","FALSE","8.51252879900526","7.51004142634121","1.00248737266405","0.895","0.046","0.055","1,2,3,4,5,6,7,8,9,10,11,12,13,29,31,32,42,49,52,54,59,61,69,70,73,84,90,98,104,105,109,112,123,127,133",0.0118508249317598,FALSE,22,0,35,22,13,0.628571428571429,1
"lasso.cv",9,80,0.33,"FALSE","FALSE","FALSE","8.5463216665048","5.72490117564003","2.82142049086477","1.41","0.05","0.06","1,2,3,4,5,6,8,9,10,11,12,13,14,15,16,25,37,43,45,47,51,52,53,54,61,66,74,77,81,82,84,85,89,93,96,103,105,110,111,113,116,120,121,127,130",0.0196228359094879,FALSE,33,1,45,33,12,0.733333333333333,0.923076923076923
"lasso.cv",90,80,0.33,"FALSE","FALSE","FALSE","8.04326420511306","7.09459536565631","0.948668839456749","0.723","0.042","0.052","1,2,3,4,5,6,8,9,10,11,12,13,14,16,17,18,24,31,36,47,51,53,64,72,73,82,88,90,91,99,103,110,132",0.012038265491839,FALSE,21,1,33,21,12,0.636363636363636,0.923076923076923
"lasso.cv",91,80,0.33,"FALSE","FALSE","FALSE","9.55872573991072","8.87945869319553","0.679267046715189","0.747","0.046","0.055","1,2,3,4,5,6,7,9,10,11,12,13,14,15,22,24,26,28,31,40,48,55,65,73,74,76,78,79,80,82,84,85,86,87,89,100,104,107,118,133",0.0123403028811664,FALSE,28,1,40,28,12,0.7,0.923076923076923
"lasso.cv",92,80,0.33,"FALSE","FALSE","FALSE","8.08000454895374","6.51206375561404","1.5679407933397","1.292","0.044","0.058","1,2,3,4,5,6,7,8,10,11,12,13,14,16,20,25,26,28,35,36,43,47,48,51,63,72,74,81,83,97,103,104,110,111,114,130,131,132",0.0136427773072844,FALSE,26,1,38,26,12,0.684210526315789,0.923076923076923
"lasso.cv",93,80,0.33,"FALSE","FALSE","FALSE","8.26655947624816","7.64431184805139","0.622247628196768","0.602","0.042","0.043","1,2,3,4,5,6,7,9,10,11,12,13,16,26,30,31,37,43,46,49,56,70,72,75,78,83,84,87,88,93,94,96,98,99,100,101,102,103,111,113,123,129",0.012611804311567,FALSE,30,1,42,30,12,0.714285714285714,0.923076923076923
"lasso.cv",94,80,0.33,"FALSE","FALSE","FALSE","8.07805682970602","7.54641585932897","0.531640970377052","0.678","0.049","0.05","1,2,3,4,5,6,7,8,9,10,11,12,13,14,24,31,40,43,60,61,64,67,68,70,72,73,74,75,78,82,84,93,104,107,109,120,121,125,127,129",0.00877429058745909,FALSE,27,0,40,27,13,0.675,1
"lasso.cv",95,80,0.33,"FALSE","FALSE","FALSE","8.20106455886616","6.892091349431","1.30897320943517","0.926","0.047","0.052","1,2,3,4,5,6,7,8,9,10,11,12,13,14,20,24,27,32,38,53,59,82,84,99,103,108,111,115,118,127,133",0.0170262118637486,FALSE,18,0,31,18,13,0.580645161290323,1
"lasso.cv",96,80,0.33,"FALSE","FALSE","FALSE","8.4505432848819","8.09521448078051","0.355328804101383","0.486","0.045","0.052","1,2,3,4,5,6,7,8,9,10,11,12,13,14,15,16,17,22,27,31,45,47,49,54,62,65,71,74,75,82,87,91,94,98,99,102,104,108,126,130,133",0.0091184710851964,FALSE,28,0,41,28,13,0.682926829268293,1
"lasso.cv",97,80,0.33,"FALSE","FALSE","FALSE","7.57031094381678","6.48140932002241","1.08890162379437","0.761","0.047","0.052","1,2,3,4,5,6,8,9,10,11,12,13,14,16,32,37,44,51,53,59,61,63,64,68,72,74,82,84,89,93,95,103,104,110,113,115",0.0117874501718449,FALSE,24,1,36,24,12,0.666666666666667,0.923076923076923
"lasso.cv",98,80,0.33,"FALSE","FALSE","FALSE","9.71929131628649","8.81353123033838","0.905760085948116","0.986","0.046","0.057","1,2,3,4,5,6,8,9,10,11,12,13,16,30,31,34,35,36,37,43,45,52,53,59,60,74,75,76,77,78,82,87,95,96,100,103,104,107,108,111,118,125",0.0110813849171173,FALSE,30,1,42,30,12,0.714285714285714,0.923076923076923
"lasso.cv",99,80,0.33,"FALSE","FALSE","FALSE","8.27796392597704","7.62349136257709","0.65447256339995","0.775","0.045","0.051","1,2,3,4,5,6,7,8,9,10,11,12,13,14,15,16,22,26,35,41,42,51,53,63,68,72,80,98,100,102,104,111,117,119,123,133",0.0104596753387517,FALSE,23,0,36,23,13,0.638888888888889,1
"S.A",1,80,0.33,"TRUE","TRUE","FALSE","9.62480640486643","9.19761187432774","0.427194530538689","0.689","0.047","0.059","1,2,3,4,5,6,10,11,12",0.0127799526905195,FALSE,0,4,9,0,9,0,0.692307692307692
"S.A",10,80,0.33,"FALSE","FALSE","FALSE","10.0121083908142","8.73145319589239","1.28065519492181","0.785","0.045","0.053","4,5,6,7,9,10,11,12,13,112",0.0207043431552521,FALSE,1,4,10,1,9,0.1,0.692307692307692
"S.A",100,80,0.33,"FALSE","FALSE","FALSE","9.14107873146442","8.52336289837961","0.617715833084814","0.674","0.045","0.056","1,2,3,4,5,6,10,11,12",0.0136082173328856,FALSE,0,4,9,0,9,0,0.692307692307692
"S.A",11,80,0.33,"FALSE","FALSE","FALSE","9.22763821907944","7.2573341206887","1.97030409839074","1.03","0.046","0.046","1,3,4,5,6,8,10,12,125",0.0235960718276868,FALSE,1,5,9,1,8,0.111111111111111,0.615384615384615
"S.A",12,80,0.33,"FALSE","FALSE","FALSE","8.4920214491532","7.95993877008732","0.532082679065882","0.522","0.042","0.043","1,3,5,6,10,11,12,13",0.017331685095587,FALSE,0,5,8,0,8,0,0.615384615384615
"S.A",13,80,0.33,"FALSE","FALSE","FALSE","7.8418268968963","7.21666668862954","0.625160208266756","0.736","0.043","0.038","1,3,5,6,10,11,12",0.0273498973455422,FALSE,0,6,7,0,7,0,0.538461538461538
"S.A",14,80,0.33,"FALSE","FALSE","FALSE","8.07069269051066","7.76933541033502","0.301357280175644","0.674","0.041","0.052","3,4,5,6,7,8,12,13",0.0280975814466326,FALSE,0,5,8,0,8,0,0.615384615384615
"S.A",15,80,0.33,"TRUE","TRUE","FALSE","9.3679830312214","8.82328255143798","0.544700479783425","0.81","0.047","0.055","1,2,5,6,8,10,11,12",0.0228128704734432,FALSE,0,5,8,0,8,0,0.615384615384615
"S.A",16,80,0.33,"FALSE","FALSE","FALSE","8.31387572484844","7.42045453982051","0.893421185027923","0.743","0.044","0.053","1,3,5,6,10,11,12",0.026850369568464,FALSE,0,6,7,0,7,0,0.538461538461538
"S.A",17,80,0.33,"FALSE","FALSE","FALSE","8.21942643053729","6.30305975255359","1.9163666779837","1.04","0.049","0.056","1,3,5,6,10,12,94",0.0350969806572835,FALSE,1,7,7,1,6,0.142857142857143,0.461538461538462
"S.A",18,80,0.33,"FALSE","FALSE","FALSE","9.00564740468432","8.24542064922885","0.760226755455473","0.728","0.046","0.052","1,2,4,5,6,8,10,11,12",0.0149608895257548,FALSE,0,4,9,0,9,0,0.692307692307692
"S.A",19,80,0.33,"FALSE","FALSE","FALSE","8.6343041095471","8.05880842445374","0.575495685093351","0.573","0.043","0.042","1,2,3,5,6,10,11,12",0.0207512016828642,FALSE,0,5,8,0,8,0,0.615384615384615
"S.A",2,80,0.33,"FALSE","FALSE","FALSE","8.08941148679338","7.58044012531906","0.508971361474313","0.639","0.044","0.045","1,3,5,6,10,11,12",0.0260732272124792,FALSE,0,6,7,0,7,0,0.538461538461538
"S.A",20,80,0.33,"FALSE","FALSE","FALSE","7.89573428561977","6.52666316588668","1.36907111973309","1.14","0.045","0.048","3,4,5,6,12,13",0.039659143235372,FALSE,0,7,6,0,6,0,0.461538461538462
"S.A",21,80,0.33,"FALSE","FALSE","FALSE","8.71859055603689","7.24287652628987","1.47571402974702","0.829","0.044","0.055","1,2,4,5,6,10,11,97",0.0343447343367978,FALSE,1,6,8,1,7,0.125,0.538461538461538
"S.A",22,80,0.33,"TRUE","TRUE","FALSE","9.23814548000003","8.27603813680189","0.962107343198138","1.104","0.043","0.059","1,2,4,6,9,10,11,12,13,124",0.0223320440006611,FALSE,1,4,10,1,9,0.1,0.692307692307692
"S.A",23,80,0.33,"FALSE","FALSE","FALSE","8.64083607912784","7.5552458034335","1.08559027569434","0.775","0.045","0.054","1,2,4,5,6,10,11,97",0.03365041643622,FALSE,1,6,8,1,7,0.125,0.538461538461538
"S.A",24,80,0.33,"FALSE","FALSE","FALSE","7.50301773262762","6.4062374412623","1.09678029136531","0.901","0.045","0.05","1,5,6,10,11,12,33",0.0322614239236787,FALSE,1,7,7,1,6,0.142857142857143,0.461538461538462
"S.A",25,80,0.33,"FALSE","FALSE","FALSE","8.89754561718227","7.6956895662679","1.20185605091437","0.661","0.044","0.052","1,3,5,6,10,11,12,13,14",0.0213135203537492,FALSE,1,5,9,1,8,0.111111111111111,0.615384615384615
"S.A",26,80,0.33,"FALSE","FALSE","FALSE","10.0244064716924","9.56718415454618","0.457222317146268","0.853","0.048","0.056","1,2,3,4,5,6,8,10,11,12",0.00846411398761895,FALSE,0,3,10,0,10,0,0.769230769230769
"S.A",27,80,0.33,"FALSE","FALSE","FALSE","10.7423619507291","8.2114179778249","2.53094397290416","1.314","0.046","0.058","2,4,5,6,9,11,12,13,57,109",0.0293251830194743,FALSE,2,5,10,2,8,0.2,0.615384615384615
"S.A",28,80,0.33,"FALSE","FALSE","FALSE","8.91364064951346","8.27878951151391","0.634851137999557","0.858","0.058","0.054","1,2,3,5,6,10,11,12",0.0188040118206508,FALSE,0,5,8,0,8,0,0.615384615384615
"S.A",29,80,0.33,"FALSE","FALSE","FALSE","8.53840679131207","6.41355506984335","2.12485172146872","0.744","0.046","0.049","3,4,5,6,12,13,108,127",0.0369911921382983,FALSE,2,7,8,2,6,0.25,0.461538461538462
"S.A",3,80,0.33,"FALSE","FALSE","FALSE","8.93112432777179","7.3172099783207","1.6139143494511","1.325","0.046","0.061","1,3,5,6,8,10,12,13",0.0206572707689192,FALSE,0,5,8,0,8,0,0.615384615384615
"S.A",30,80,0.33,"FALSE","FALSE","FALSE","9.29327625630389","8.25349146147132","1.03978479483257","0.932","0.045","0.055","1,3,4,5,6,10,11,12,13",0.0106570627766946,FALSE,0,4,9,0,9,0,0.692307692307692
"S.A",31,80,0.33,"FALSE","FALSE","FALSE","7.87296811122965","6.79996705019242","1.07300106103723","0.873","0.046","0.053","1,3,5,6,10,11,12,13",0.0159190303121726,FALSE,0,5,8,0,8,0,0.615384615384615
"S.A",32,80,0.33,"FALSE","FALSE","FALSE","8.2215157499532","7.5942048254134","0.627310924539801","0.765","0.044","0.047","1,2,3,4,5,6,10,12",0.0200639191434234,FALSE,0,5,8,0,8,0,0.615384615384615
"S.A",33,80,0.33,"FALSE","FALSE","FALSE","9.30267862154955","8.23689114803432","1.06578747351523","0.773","0.045","0.047","1,2,3,5,6,10,11,12,116",0.0200287773923689,FALSE,1,5,9,1,8,0.111111111111111,0.615384615384615
"S.A",34,80,0.33,"FALSE","FALSE","FALSE","8.78414050861929","7.06657671990126","1.71756378871803","1.169","0.047","0.059","1,3,5,6,10,12,13,34",0.0253530390355698,FALSE,1,6,8,1,7,0.125,0.538461538461538
"S.A",35,80,0.33,"FALSE","FALSE","FALSE","9.74131381317557","9.02690294905856","0.714410864117014","0.586","0.045","0.058","3,4,5,6,7,9,11,12,13",0.0232805015065518,FALSE,0,4,9,0,9,0,0.692307692307692
"S.A",36,80,0.33,"FALSE","FALSE","FALSE","9.24268465784146","7.58090913655912","1.66177552128234","1.101","0.043","0.05","1,3,4,5,6,10,12,13,104",0.0180627696467958,FALSE,1,5,9,1,8,0.111111111111111,0.615384615384615
"S.A",37,80,0.33,"FALSE","FALSE","FALSE","8.75512397970486","8.08683111597312","0.668292863731732","0.555","0.044","0.043","1,2,3,5,6,10,11,12",0.0192952651934521,FALSE,0,5,8,0,8,0,0.615384615384615
"S.A",38,80,0.33,"FALSE","FALSE","FALSE","7.98796161971515","7.64207882556679","0.345882794148354","0.552","0.048","0.056","1,2,3,5,6,10,11,12",0.0197813409911163,FALSE,0,5,8,0,8,0,0.615384615384615
"S.A",39,80,0.33,"FALSE","FALSE","FALSE","8.69911140853229","7.4537153128907","1.24539609564159","0.935","0.047","0.049","3,4,5,6,12,13,64",0.0433818815416037,FALSE,1,7,7,1,6,0.142857142857143,0.461538461538462
"S.A",4,80,0.33,"FALSE","FALSE","FALSE","7.59196926988774","6.12984893610248","1.46212033378526","1.066","0.044","0.044","1,3,5,6,10,11,12,13",0.0189052171926498,FALSE,0,5,8,0,8,0,0.615384615384615
"S.A",40,80,0.33,"FALSE","FALSE","FALSE","8.12088736223085","7.12876150553483","0.992125856696022","1.224","0.048","0.068","3,4,5,6,7,8,12,13",0.0281350182477213,FALSE,0,5,8,0,8,0,0.615384615384615
"S.A",41,80,0.33,"FALSE","FALSE","FALSE","9.1454152338953","7.947200179969","1.1982150539263","0.821","0.045","0.046","1,5,6,8,10,11,12,70",0.0258767053358193,FALSE,1,6,8,1,7,0.125,0.538461538461538
"S.A",42,80,0.33,"FALSE","FALSE","FALSE","7.82082689265315","6.40748035939676","1.41334653325638","1.196","0.044","0.052","1,3,6,10,12,13,14",0.0420441024890838,FALSE,1,7,7,1,6,0.142857142857143,0.461538461538462
"S.A",43,80,0.33,"FALSE","FALSE","FALSE","9.32340891910801","8.7678231208862","0.555585798221813","0.817","0.046","0.047","1,2,3,4,5,6,8,10,11",0.0184458228855083,FALSE,0,4,9,0,9,0,0.692307692307692
"S.A",44,80,0.33,"FALSE","FALSE","FALSE","8.69027044131729","8.28622052841062","0.404049912906664","0.663","0.047","0.059","1,2,4,5,6,8,10,11",0.0250828165538241,FALSE,0,5,8,0,8,0,0.615384615384615
"S.A",45,80,0.33,"FALSE","FALSE","FALSE","8.82320891312709","8.29611702430327","0.527091888823815","0.642","0.043","0.052","1,2,4,5,6,10,11,12,13",0.0107343573531628,FALSE,0,4,9,0,9,0,0.692307692307692
"S.A",46,80,0.33,"FALSE","FALSE","FALSE","8.30644474957385","7.80339406746646","0.503050682107386","0.661","0.044","0.05","1,3,5,6,10,11,12,13",0.0176191933020954,FALSE,0,5,8,0,8,0,0.615384615384615
"S.A",47,80,0.33,"FALSE","FALSE","FALSE","9.19592990341019","8.24529829079848","0.950631612611713","0.994","0.048","0.055","1,2,4,5,6,10,11,12,13",0.0114667701518616,FALSE,0,4,9,0,9,0,0.692307692307692
"S.A",48,80,0.33,"FALSE","FALSE","FALSE","8.63139237929479","8.19104511829539","0.440347260999397","0.561","0.045","0.057","1,3,5,6,10,11,12,13",0.0163900158972103,FALSE,0,5,8,0,8,0,0.615384615384615
"S.A",49,80,0.33,"FALSE","FALSE","FALSE","8.52155416355017","7.1919420594597","1.32961210409048","0.816","0.052","0.053","1,3,5,6,10,12,13,16",0.0274900957437388,FALSE,1,6,8,1,7,0.125,0.538461538461538
"S.A",5,80,0.33,"FALSE","FALSE","FALSE","8.4919965691715","8.02361833262613","0.468378236545366","0.77","0.049","0.064","1,2,4,5,6,10,11,12",0.0181619836483255,FALSE,0,5,8,0,8,0,0.615384615384615
"S.A",50,80,0.33,"FALSE","FALSE","FALSE","8.42126937417972","7.50526934283591","0.916000031343811","0.836","0.043","0.051","1,2,4,5,6,8,10,11",0.0317891709921496,FALSE,0,5,8,0,8,0,0.615384615384615
"S.A",51,80,0.33,"FALSE","FALSE","FALSE","8.94171115741915","8.51038305577354","0.431328101645606","0.763","0.043","0.055","1,3,5,6,10,11,12,13",0.0168888586366606,FALSE,0,5,8,0,8,0,0.615384615384615
"S.A",52,80,0.33,"FALSE","FALSE","FALSE","7.68157928670738","7.32679359861745","0.354785688089926","0.62","0.046","0.053","1,3,5,6,10,11,12",0.0249535826983016,FALSE,0,6,7,0,7,0,0.538461538461538
"S.A",53,80,0.33,"FALSE","FALSE","FALSE","8.14741425983367","6.38354983323496","1.76386442659871","0.756","0.059","0.062","2,4,6,9,12,13,124",0.0557875505151894,FALSE,1,7,7,1,6,0.142857142857143,0.461538461538462
"S.A",54,80,0.33,"FALSE","FALSE","FALSE","9.60599704314215","8.95591958527194","0.650077457870217","1","0.053","0.069","1,2,3,4,5,6,8,10,12",0.0157628956640836,FALSE,0,4,9,0,9,0,0.692307692307692
"S.A",55,80,0.33,"FALSE","FALSE","FALSE","8.76612007508512","7.90463150304312","0.861488572042004","0.903","0.055","0.063","1,3,5,6,10,11,12,13,14",0.021431972302,FALSE,1,5,9,1,8,0.111111111111111,0.615384615384615
"S.A",56,80,0.33,"FALSE","FALSE","FALSE","8.45201933115499","6.59108204844653","1.86093728270847","1.518","0.06","0.068","4,5,6,7,10,11,12,33",0.0284391220748357,FALSE,1,6,8,1,7,0.125,0.538461538461538
"S.A",57,80,0.33,"FALSE","FALSE","FALSE","9.12960832063278","7.62158891361137","1.50801940702142","1.206","0.06","0.067","1,3,5,6,10,11,12,13,94",0.0173501314087465,FALSE,1,5,9,1,8,0.111111111111111,0.615384615384615
"S.A",58,80,0.33,"FALSE","FALSE","FALSE","8.72575159701763","7.97450797054804","0.751243626469594","0.897","0.049","0.055","1,3,5,6,10,11,12,13",0.0189084909950383,FALSE,0,5,8,0,8,0,0.615384615384615
"S.A",59,80,0.33,"FALSE","FALSE","FALSE","9.2525317390723","8.25930661433564","0.993225124736655","0.887","0.043","0.046","1,2,3,4,5,6,10,11,12",0.013482673207317,FALSE,0,4,9,0,9,0,0.692307692307692
"S.A",6,80,0.33,"FALSE","FALSE","FALSE","7.46962700108152","6.03271399137361","1.43691300970792","1.141","0.047","0.058","1,3,5,6,10,11,12",0.0242734138979851,FALSE,0,6,7,0,7,0,0.538461538461538
"S.A",60,80,0.33,"FALSE","FALSE","FALSE","8.87252218750297","8.35312575265534","0.519396434847634","0.756","0.048","0.044","1,3,5,6,10,11,12",0.0235297380538423,FALSE,0,6,7,0,7,0,0.538461538461538
"S.A",61,80,0.33,"FALSE","FALSE","FALSE","9.79722635042977","8.7490782162703","1.04814813415947","1.008","0.048","0.06","1,2,4,5,6,10,11,12,13",0.0117540653605985,FALSE,0,4,9,0,9,0,0.692307692307692
"S.A",62,80,0.33,"FALSE","FALSE","FALSE","8.39220164721556","5.62567107696208","2.76653057025347","1.116","0.043","0.056","2,6,10,41,69,75,82,99",0.0965683809742693,FALSE,5,10,8,5,3,0.625,0.230769230769231
"S.A",63,80,0.33,"FALSE","FALSE","FALSE","8.24376401754056","6.43968094739006","1.8040830701505","0.67","0.047","0.054","1,3,5,6,10,12,14,34",0.0365854200532484,FALSE,2,7,8,2,6,0.25,0.461538461538462
"S.A",64,80,0.33,"FALSE","FALSE","FALSE","8.1873812282838","5.66871087200817","2.51867035627563","1.269","0.047","0.05","3,4,5,6,12,13,64,98",0.0432519761056784,FALSE,2,7,8,2,6,0.25,0.461538461538462
"S.A",65,80,0.33,"FALSE","FALSE","FALSE","8.20603534962175","7.84531267960218","0.360722670019565","0.663","0.044","0.044","1,3,5,6,10,11,12,13",0.0191655835575238,FALSE,0,5,8,0,8,0,0.615384615384615
"S.A",66,80,0.33,"FALSE","FALSE","FALSE","8.11423557413326","6.92253848814006","1.1916970859932","0.946","0.047","0.052","1,2,5,6,10,11,70",0.0388866730986079,FALSE,1,7,7,1,6,0.142857142857143,0.461538461538462
"S.A",67,80,0.33,"FALSE","FALSE","FALSE","8.4779481127667","6.44509000950081","2.03285810326589","1.086","0.05","0.059","1,3,4,5,6,10,12,13",0.0179322451696889,FALSE,0,5,8,0,8,0,0.615384615384615
"S.A",68,80,0.33,"FALSE","FALSE","FALSE","8.52594541274199","7.85828938021185","0.667656032530141","0.821","0.047","0.055","1,2,4,5,6,10,11",0.0334030286878394,FALSE,0,6,7,0,7,0,0.538461538461538
"S.A",69,80,0.33,"FALSE","FALSE","FALSE","8.54618008095747","7.42290449140053","1.12327558955694","1.061","0.046","0.057","1,2,5,6,8,10,11,12",0.0216198942835453,FALSE,0,5,8,0,8,0,0.615384615384615
"S.A",7,80,0.33,"FALSE","FALSE","FALSE","8.83086626182348","6.09036569991031","2.74050056191317","1.078","0.046","0.057","1,3,6,10,13,14,16,121",0.0605868034741826,FALSE,3,8,8,3,5,0.375,0.384615384615385
"S.A",70,80,0.33,"FALSE","FALSE","FALSE","9.59757325602198","8.92056081009779","0.677012445924194","0.828","0.043","0.046","1,2,3,5,6,8,10,11,12,13",0.0103019208987026,FALSE,0,3,10,0,10,0,0.769230769230769
"S.A",71,80,0.33,"FALSE","FALSE","FALSE","7.13397723101186","4.67092230126367","2.46305492974819","0.637","0.045","0.042","3,5,6,12,13,42,108",0.0522059620374364,FALSE,2,8,7,2,5,0.285714285714286,0.384615384615385
"S.A",72,80,0.33,"FALSE","FALSE","FALSE","7.92160044190899","7.49087018606762","0.43073025584137","0.604","0.044","0.049","1,3,5,6,10,11,12,13",0.0175320629985964,FALSE,0,5,8,0,8,0,0.615384615384615
"S.A",73,80,0.33,"FALSE","FALSE","FALSE","8.43026550239126","7.94487943563473","0.485386066756532","0.768","0.044","0.048","3,4,5,6,7,10,11,12,13",0.0141246185386618,FALSE,0,4,9,0,9,0,0.692307692307692
"S.A",74,80,0.33,"FALSE","FALSE","FALSE","8.30065794332143","7.74072868041593","0.559929262905506","0.695","0.045","0.051","1,3,5,6,10,11,12,13",0.0181535934359547,FALSE,0,5,8,0,8,0,0.615384615384615
"S.A",75,80,0.33,"FALSE","FALSE","FALSE","7.86843382490522","6.84412325113041","1.02431057377481","0.798","0.044","0.046","1,3,5,6,10,11,12",0.0268214814022008,FALSE,0,6,7,0,7,0,0.538461538461538
"S.A",76,80,0.33,"FALSE","FALSE","FALSE","8.80477620382002","5.74848327776223","3.05629292605779","0.962","0.05","0.063","1,3,6,10,13,14,16,36",0.0651884219758648,FALSE,3,8,8,3,5,0.375,0.384615384615385
"S.A",77,80,0.33,"FALSE","FALSE","FALSE","9.91087785847146","8.55291289799814","1.35796496047333","1.011","0.044","0.052","4,5,6,7,8,9,11,12,13,107",0.0302298411464166,FALSE,1,4,10,1,9,0.1,0.692307692307692
"S.A",78,80,0.33,"FALSE","FALSE","FALSE","7.92423891321608","6.25633418663357","1.66790472658251","1.224","0.051","0.054","1,3,5,6,10,12,13",0.0260615393246096,FALSE,0,6,7,0,7,0,0.538461538461538
"S.A",79,80,0.33,"FALSE","FALSE","FALSE","7.63941390934755","7.31601258901251","0.323401320335041","0.574","0.041","0.042","1,3,5,6,10,11,12",0.0272738949800266,FALSE,0,6,7,0,7,0,0.538461538461538
"S.A",8,80,0.33,"FALSE","FALSE","FALSE","9.03506667043709","7.44770825047249","1.5873584199646","1.109","0.051","0.058","1,3,5,6,10,11,12,13,14",0.0225259875057517,FALSE,1,5,9,1,8,0.111111111111111,0.615384615384615
"S.A",80,80,0.33,"FALSE","FALSE","FALSE","8.29201579968416","5.90113558929864","2.39088021038552","0.798","0.05","0.054","3,4,5,6,12,13,108,132",0.045019606323205,FALSE,2,7,8,2,6,0.25,0.461538461538462
"S.A",81,80,0.33,"FALSE","FALSE","FALSE","7.91063896559624","7.44831001347287","0.462328952123374","0.66","0.046","0.047","1,3,5,6,10,11,12,13",0.0188981403133408,FALSE,0,5,8,0,8,0,0.615384615384615
"S.A",82,80,0.33,"FALSE","FALSE","FALSE","8.55481042779915","7.89146510445142","0.663345323347738","0.866","0.043","0.046","1,2,3,5,6,10,11,12",0.0214104176871717,FALSE,0,5,8,0,8,0,0.615384615384615
"S.A",83,80,0.33,"FALSE","FALSE","FALSE","8.3933962526192","7.10292943904881","1.29046681357039","0.866","0.049","0.055","1,3,5,6,10,12,13,66",0.0297246388012425,FALSE,1,6,8,1,7,0.125,0.538461538461538
"S.A",84,80,0.33,"FALSE","FALSE","FALSE","7.17046442416529","6.07886649831828","1.09159792584701","0.801","0.048","0.047","3,5,6,10,12,108",0.0469464178890429,FALSE,1,8,6,1,5,0.166666666666667,0.384615384615385
"S.A",85,80,0.33,"FALSE","FALSE","FALSE","9.33965059791567","8.76948115824908","0.570169439666588","0.611","0.045","0.053","1,2,3,4,5,6,10,11,12",0.012580586673484,FALSE,0,4,9,0,9,0,0.692307692307692
"S.A",86,80,0.33,"FALSE","FALSE","FALSE","8.13650319694733","6.6785674875912","1.45793570935612","0.7","0.043","0.043","1,3,5,6,8,10,12,108",0.0311242739786384,FALSE,1,6,8,1,7,0.125,0.538461538461538
"S.A",87,80,0.33,"FALSE","FALSE","FALSE","9.14667632993794","7.36532427427628","1.78135205566166","0.936","0.046","0.045","3,5,6,10,12,13,14,42",0.03629221206711,FALSE,2,7,8,2,6,0.25,0.461538461538462
"S.A",88,80,0.33,"FALSE","FALSE","FALSE","9.56035762518012","6.06166233431858","3.49869529086154","0.866","0.046","0.063","1,3,6,10,12,13,14,36,107",0.051007663924385,FALSE,3,7,9,3,6,0.333333333333333,0.461538461538462
"S.A",89,80,0.33,"FALSE","FALSE","FALSE","8.51252879900526","7.51004142634121","1.00248737266405","0.895","0.046","0.055","1,3,5,6,10,11,12,13",0.016348221644042,FALSE,0,5,8,0,8,0,0.615384615384615
"S.A",9,80,0.33,"FALSE","FALSE","FALSE","8.5463216665048","5.72490117564003","2.82142049086477","1.41","0.05","0.06","4,6,9,12,13,57,66,121",0.0648810263264589,FALSE,3,8,8,3,5,0.375,0.384615384615385
"S.A",90,80,0.33,"FALSE","FALSE","FALSE","8.04326420511306","7.09459536565631","0.948668839456749","0.723","0.042","0.052","1,3,4,5,6,10,12,36",0.027880734470658,FALSE,1,6,8,1,7,0.125,0.538461538461538
"S.A",91,80,0.33,"FALSE","FALSE","FALSE","9.55872573991072","8.87945869319553","0.679267046715189","0.747","0.046","0.055","1,3,4,5,6,10,11,12,13",0.010412743528133,FALSE,0,4,9,0,9,0,0.692307692307692
"S.A",92,80,0.33,"FALSE","FALSE","FALSE","8.08000454895374","6.51206375561404","1.5679407933397","1.292","0.044","0.058","4,5,6,12,13,114",0.0489981164477147,FALSE,1,8,6,1,5,0.166666666666667,0.384615384615385
"S.A",93,80,0.33,"FALSE","FALSE","FALSE","8.26655947624816","7.64431184805139","0.622247628196768","0.602","0.042","0.043","1,2,3,5,6,10,11,12",0.0199945755060893,FALSE,0,5,8,0,8,0,0.615384615384615
"S.A",94,80,0.33,"FALSE","FALSE","FALSE","8.07805682970602","7.54641585932897","0.531640970377052","0.678","0.049","0.05","1,3,5,6,10,11,12",0.0247263669232398,FALSE,0,6,7,0,7,0,0.538461538461538
"S.A",95,80,0.33,"FALSE","FALSE","FALSE","8.20106455886616","6.892091349431","1.30897320943517","0.926","0.047","0.052","1,3,5,6,10,11,12,13",0.0188007333362541,FALSE,0,5,8,0,8,0,0.615384615384615
"S.A",96,80,0.33,"FALSE","FALSE","FALSE","8.4505432848819","8.09521448078051","0.355328804101383","0.486","0.045","0.052","1,2,4,5,6,10,11,12",0.01689094457755,FALSE,0,5,8,0,8,0,0.615384615384615
"S.A",97,80,0.33,"FALSE","FALSE","FALSE","7.57031094381678","6.48140932002241","1.08890162379437","0.761","0.047","0.052","1,2,5,6,10,11,44",0.0398381881707455,FALSE,1,7,7,1,6,0.142857142857143,0.461538461538462
"S.A",98,80,0.33,"FALSE","FALSE","FALSE","9.71929131628649","8.81353123033838","0.905760085948116","0.986","0.046","0.057","1,3,5,6,8,10,12,13",0.021823470971961,FALSE,0,5,8,0,8,0,0.615384615384615
"S.A",99,80,0.33,"FALSE","FALSE","FALSE","8.27796392597704","7.62349136257709","0.65447256339995","0.775","0.045","0.051","1,3,5,6,10,11,12",0.0234041625828299,FALSE,0,6,7,0,7,0,0.538461538461538
"S.A.b",1,80,0.33,"TRUE","TRUE","FALSE","9.62480640486643","9.19761187432774","0.427194530538689","0.689","0.047","0.059","1,2,3,4,5,6,8,9,10,11,12,13",0.00433620248503302,FALSE,0,1,12,0,12,0,0.923076923076923
"S.A.b",10,80,0.33,"FALSE","FALSE","FALSE","10.0121083908142","8.73145319589239","1.28065519492181","0.785","0.045","0.053","3,4,5,6,7,9,10,11,12,13,112",0.0147605197357701,FALSE,1,3,11,1,10,0.0909090909090909,0.769230769230769
"S.A.b",100,80,0.33,"FALSE","FALSE","FALSE","9.14107873146442","8.52336289837961","0.617715833084814","0.674","0.045","0.056","1,2,3,4,5,6,10,11,12",0.0136082173328856,FALSE,0,4,9,0,9,0,0.692307692307692
"S.A.b",11,80,0.33,"FALSE","FALSE","FALSE","9.22763821907944","7.2573341206887","1.97030409839074","1.03","0.046","0.046","1,3,4,5,6,8,10,12,13,125",0.0177489685598657,FALSE,1,4,10,1,9,0.1,0.692307692307692
"S.A.b",12,80,0.33,"FALSE","FALSE","FALSE","8.4920214491532","7.95993877008732","0.532082679065882","0.522","0.042","0.043","1,3,5,6,10,11,12,13",0.017331685095587,FALSE,0,5,8,0,8,0,0.615384615384615
"S.A.b",13,80,0.33,"FALSE","FALSE","FALSE","7.8418268968963","7.21666668862954","0.625160208266756","0.736","0.043","0.038","1,2,3,5,6,10,11,12,13",0.0157460011538488,FALSE,0,4,9,0,9,0,0.692307692307692
"S.A.b",14,80,0.33,"FALSE","FALSE","FALSE","8.07069269051066","7.76933541033502","0.301357280175644","0.674","0.041","0.052","1,3,4,5,6,7,8,10,11,12,13",0.0075425653108249,FALSE,0,2,11,0,11,0,0.846153846153846
"S.A.b",15,80,0.33,"TRUE","TRUE","FALSE","9.3679830312214","8.82328255143798","0.544700479783425","0.81","0.047","0.055","1,2,3,4,5,6,7,8,9,10,11,12,13",0.00229659451156789,TRUE,0,0,13,0,13,0,1
"S.A.b",16,80,0.33,"FALSE","FALSE","FALSE","8.31387572484844","7.42045453982051","0.893421185027923","0.743","0.044","0.053","1,2,3,4,5,6,8,10,11,12",0.00969200625533134,FALSE,0,3,10,0,10,0,0.769230769230769
"S.A.b",17,80,0.33,"FALSE","FALSE","FALSE","8.21942643053729","6.30305975255359","1.9163666779837","1.04","0.049","0.056","1,2,3,5,6,10,11,12,94",0.0199468813775361,FALSE,1,5,9,1,8,0.111111111111111,0.615384615384615
"S.A.b",18,80,0.33,"FALSE","FALSE","FALSE","9.00564740468432","8.24542064922885","0.760226755455473","0.728","0.046","0.052","1,2,4,5,6,8,10,11,12",0.0149608895257548,FALSE,0,4,9,0,9,0,0.692307692307692
"S.A.b",19,80,0.33,"FALSE","FALSE","FALSE","8.6343041095471","8.05880842445374","0.575495685093351","0.573","0.043","0.042","1,2,3,4,5,6,10,11,12,13",0.00940592996109644,FALSE,0,3,10,0,10,0,0.769230769230769
"S.A.b",2,80,0.33,"FALSE","FALSE","FALSE","8.08941148679338","7.58044012531906","0.508971361474313","0.639","0.044","0.045","1,3,4,5,6,10,11,12,13",0.0128212980383787,FALSE,0,4,9,0,9,0,0.692307692307692
"S.A.b",20,80,0.33,"FALSE","FALSE","FALSE","7.89573428561977","6.52666316588668","1.36907111973309","1.14","0.045","0.048","1,3,4,5,6,8,10,11,12,13",0.00834785360665075,FALSE,0,3,10,0,10,0,0.769230769230769
"S.A.b",21,80,0.33,"FALSE","FALSE","FALSE","8.71859055603689","7.24287652628987","1.47571402974702","0.829","0.044","0.055","1,2,3,4,5,6,10,11,12",0.0121408909561985,FALSE,0,4,9,0,9,0,0.692307692307692
"S.A.b",22,80,0.33,"TRUE","TRUE","FALSE","9.23814548000003","8.27603813680189","0.962107343198138","1.104","0.043","0.059","1,2,3,4,5,6,7,8,9,10,11,12,13",0.00304833909264318,TRUE,0,0,13,0,13,0,1
"S.A.b",23,80,0.33,"FALSE","FALSE","FALSE","8.64083607912784","7.5552458034335","1.08559027569434","0.775","0.045","0.054","1,2,3,4,5,6,7,10,11,12",0.011631380079345,FALSE,0,3,10,0,10,0,0.769230769230769
"S.A.b",24,80,0.33,"FALSE","FALSE","FALSE","7.50301773262762","6.4062374412623","1.09678029136531","0.901","0.045","0.05","1,2,3,5,6,8,10,11,12",0.0158891601360426,FALSE,0,4,9,0,9,0,0.692307692307692
"S.A.b",25,80,0.33,"FALSE","FALSE","FALSE","8.89754561718227","7.6956895662679","1.20185605091437","0.661","0.044","0.052","1,3,5,6,8,10,11,12,13,14",0.0176789727676019,FALSE,1,4,10,1,9,0.1,0.692307692307692
"S.A.b",26,80,0.33,"FALSE","FALSE","FALSE","10.0244064716924","9.56718415454618","0.457222317146268","0.853","0.048","0.056","1,2,3,4,5,6,8,10,11,12,13",0.00432670444471671,FALSE,0,2,11,0,11,0,0.846153846153846
"S.A.b",27,80,0.33,"FALSE","FALSE","FALSE","10.7423619507291","8.2114179778249","2.53094397290416","1.314","0.046","0.058","1,2,4,5,6,9,10,11,12,13,109",0.0137859439970629,FALSE,1,3,11,1,10,0.0909090909090909,0.769230769230769
"S.A.b",28,80,0.33,"FALSE","FALSE","FALSE","8.91364064951346","8.27878951151391","0.634851137999557","0.858","0.058","0.054","1,2,3,4,5,6,10,11,12,13,124",0.00778654347024116,FALSE,1,3,11,1,10,0.0909090909090909,0.769230769230769
"S.A.b",29,80,0.33,"FALSE","FALSE","FALSE","8.53840679131207","6.41355506984335","2.12485172146872","0.744","0.046","0.049","1,3,4,5,6,8,10,12,13",0.0139428424671122,FALSE,0,4,9,0,9,0,0.692307692307692
"S.A.b",3,80,0.33,"FALSE","FALSE","FALSE","8.93112432777179","7.3172099783207","1.6139143494511","1.325","0.046","0.061","1,2,3,4,5,6,8,10,12,13",0.00902232661797989,FALSE,0,3,10,0,10,0,0.769230769230769
"S.A.b",30,80,0.33,"FALSE","FALSE","FALSE","9.29327625630389","8.25349146147132","1.03978479483257","0.932","0.045","0.055","1,3,4,5,6,7,9,10,11,12,13",0.0065982456454321,FALSE,0,2,11,0,11,0,0.846153846153846
"S.A.b",31,80,0.33,"FALSE","FALSE","FALSE","7.87296811122965","6.79996705019242","1.07300106103723","0.873","0.046","0.053","1,3,5,6,10,11,12,13",0.0159190303121726,FALSE,0,5,8,0,8,0,0.615384615384615
"S.A.b",32,80,0.33,"FALSE","FALSE","FALSE","8.2215157499532","7.5942048254134","0.627310924539801","0.765","0.044","0.047","1,2,3,4,5,6,8,10,12,13,72",0.0170029336237019,FALSE,1,3,11,1,10,0.0909090909090909,0.769230769230769
"S.A.b",33,80,0.33,"FALSE","FALSE","FALSE","9.30267862154955","8.23689114803432","1.06578747351523","0.773","0.045","0.047","1,2,3,4,5,6,10,11,12,13,116",0.00970704614362029,FALSE,1,3,11,1,10,0.0909090909090909,0.769230769230769
"S.A.b",34,80,0.33,"FALSE","FALSE","FALSE","8.78414050861929","7.06657671990126","1.71756378871803","1.169","0.047","0.059","1,2,3,4,5,6,10,11,12,13,34",0.00840896774025332,FALSE,1,3,11,1,10,0.0909090909090909,0.769230769230769
"S.A.b",35,80,0.33,"FALSE","FALSE","FALSE","9.74131381317557","9.02690294905856","0.714410864117014","0.586","0.045","0.058","1,3,4,5,6,7,9,10,11,12,13",0.0102173850568305,FALSE,0,2,11,0,11,0,0.846153846153846
"S.A.b",36,80,0.33,"FALSE","FALSE","FALSE","9.24268465784146","7.58090913655912","1.66177552128234","1.101","0.043","0.05","1,3,4,5,6,7,8,10,12,13,20",0.0126996170903977,FALSE,1,3,11,1,10,0.0909090909090909,0.769230769230769
"S.A.b",37,80,0.33,"FALSE","FALSE","FALSE","8.75512397970486","8.08683111597312","0.668292863731732","0.555","0.044","0.043","1,2,3,4,5,6,10,11,12",0.0135587702470044,FALSE,0,4,9,0,9,0,0.692307692307692
"S.A.b",38,80,0.33,"FALSE","FALSE","FALSE","7.98796161971515","7.64207882556679","0.345882794148354","0.552","0.048","0.056","1,2,3,5,6,10,11,12",0.0197813409911163,FALSE,0,5,8,0,8,0,0.615384615384615
"S.A.b",39,80,0.33,"FALSE","FALSE","FALSE","8.69911140853229","7.4537153128907","1.24539609564159","0.935","0.047","0.049","1,2,3,4,5,6,8,10,11,12,13",0.00510638992579101,FALSE,0,2,11,0,11,0,0.846153846153846
"S.A.b",4,80,0.33,"FALSE","FALSE","FALSE","7.59196926988774","6.12984893610248","1.46212033378526","1.066","0.044","0.044","3,4,5,6,7,9,10,11,12,13",0.0128843279802537,FALSE,0,3,10,0,10,0,0.769230769230769
"S.A.b",40,80,0.33,"FALSE","FALSE","FALSE","8.12088736223085","7.12876150553483","0.992125856696022","1.224","0.048","0.068","1,3,4,5,6,7,8,10,11,12,13",0.00668866194108476,FALSE,0,2,11,0,11,0,0.846153846153846
"S.A.b",41,80,0.33,"FALSE","FALSE","FALSE","9.1454152338953","7.947200179969","1.1982150539263","0.821","0.045","0.046","1,3,4,5,6,7,8,10,11,12,13",0.00602848678000064,FALSE,0,2,11,0,11,0,0.846153846153846
"S.A.b",42,80,0.33,"FALSE","FALSE","FALSE","7.82082689265315","6.40748035939676","1.41334653325638","1.196","0.044","0.052","1,2,3,5,6,10,11,12,13",0.0143760051109919,FALSE,0,4,9,0,9,0,0.692307692307692
"S.A.b",43,80,0.33,"FALSE","FALSE","FALSE","9.32340891910801","8.7678231208862","0.555585798221813","0.817","0.046","0.047","1,2,3,4,5,6,8,10,11,12",0.00951466490915583,FALSE,0,3,10,0,10,0,0.769230769230769
"S.A.b",44,80,0.33,"FALSE","FALSE","FALSE","8.69027044131729","8.28622052841062","0.404049912906664","0.663","0.047","0.059","1,2,4,5,6,8,9,10,11,12,13",0.00674530246920801,FALSE,0,2,11,0,11,0,0.846153846153846
"S.A.b",45,80,0.33,"FALSE","FALSE","FALSE","8.82320891312709","8.29611702430327","0.527091888823815","0.642","0.043","0.052","1,2,4,5,6,10,11,12,13",0.0107343573531628,FALSE,0,4,9,0,9,0,0.692307692307692
"S.A.b",46,80,0.33,"FALSE","FALSE","FALSE","8.30644474957385","7.80339406746646","0.503050682107386","0.661","0.044","0.05","1,2,3,5,6,8,10,11,12,13",0.010210234354444,FALSE,0,3,10,0,10,0,0.769230769230769
"S.A.b",47,80,0.33,"FALSE","FALSE","FALSE","9.19592990341019","8.24529829079848","0.950631612611713","0.994","0.048","0.055","1,2,3,4,5,6,8,10,11,12,13",0.00490289476454809,FALSE,0,2,11,0,11,0,0.846153846153846
"S.A.b",48,80,0.33,"FALSE","FALSE","FALSE","8.63139237929479","8.19104511829539","0.440347260999397","0.561","0.045","0.057","1,3,4,5,6,10,11,12,13",0.0102308538991791,FALSE,0,4,9,0,9,0,0.692307692307692
"S.A.b",49,80,0.33,"FALSE","FALSE","FALSE","8.52155416355017","7.1919420594597","1.32961210409048","0.816","0.052","0.053","1,3,4,5,6,10,11,12,13",0.0144157900080972,FALSE,0,4,9,0,9,0,0.692307692307692
"S.A.b",5,80,0.33,"FALSE","FALSE","FALSE","8.4919965691715","8.02361833262613","0.468378236545366","0.77","0.049","0.064","1,2,3,4,5,6,8,10,11,12",0.00982446511346799,FALSE,0,3,10,0,10,0,0.769230769230769
"S.A.b",50,80,0.33,"FALSE","FALSE","FALSE","8.42126937417972","7.50526934283591","0.916000031343811","0.836","0.043","0.051","1,2,4,5,6,8,10,11",0.0317891709921496,FALSE,0,5,8,0,8,0,0.615384615384615
"S.A.b",51,80,0.33,"FALSE","FALSE","FALSE","8.94171115741915","8.51038305577354","0.431328101645606","0.763","0.043","0.055","1,2,3,4,5,6,8,9,10,11,12,13",0.0028134058237745,FALSE,0,1,12,0,12,0,0.923076923076923
"S.A.b",52,80,0.33,"FALSE","FALSE","FALSE","7.68157928670738","7.32679359861745","0.354785688089926","0.62","0.046","0.053","1,2,3,5,6,10,11,12,13",0.0131815583023626,FALSE,0,4,9,0,9,0,0.692307692307692
"S.A.b",53,80,0.33,"FALSE","FALSE","FALSE","8.14741425983367","6.38354983323496","1.76386442659871","0.756","0.059","0.062","2,3,4,5,6,8,9,10,12,13,124",0.01767482594031,FALSE,1,3,11,1,10,0.0909090909090909,0.769230769230769
"S.A.b",54,80,0.33,"FALSE","FALSE","FALSE","9.60599704314215","8.95591958527194","0.650077457870217","1","0.053","0.069","1,2,3,4,5,6,7,8,10,11,12,13",0.00384969659992596,FALSE,0,1,12,0,12,0,0.923076923076923
"S.A.b",55,80,0.33,"FALSE","FALSE","FALSE","8.76612007508512","7.90463150304312","0.861488572042004","0.903","0.055","0.063","1,2,3,4,5,6,8,10,11,12,13",0.00629611385904948,FALSE,0,2,11,0,11,0,0.846153846153846
"S.A.b",56,80,0.33,"FALSE","FALSE","FALSE","8.45201933115499","6.59108204844653","1.86093728270847","1.518","0.06","0.068","3,4,5,6,7,9,10,11,12,13",0.0131771959788456,FALSE,0,3,10,0,10,0,0.769230769230769
"S.A.b",57,80,0.33,"FALSE","FALSE","FALSE","9.12960832063278","7.62158891361137","1.50801940702142","1.206","0.06","0.067","1,2,3,5,6,10,11,12,13,94",0.0130524533999854,FALSE,1,4,10,1,9,0.1,0.692307692307692
"S.A.b",58,80,0.33,"FALSE","FALSE","FALSE","8.72575159701763","7.97450797054804","0.751243626469594","0.897","0.049","0.055","1,2,3,4,5,6,10,11,12,13",0.00733696133867894,FALSE,0,3,10,0,10,0,0.769230769230769
"S.A.b",59,80,0.33,"FALSE","FALSE","FALSE","9.2525317390723","8.25930661433564","0.993225124736655","0.887","0.043","0.046","1,2,3,4,5,6,8,10,11,12,13",0.00676316213104418,FALSE,0,2,11,0,11,0,0.846153846153846
"S.A.b",6,80,0.33,"FALSE","FALSE","FALSE","7.46962700108152","6.03271399137361","1.43691300970792","1.141","0.047","0.058","1,3,5,6,8,9,10,11,12,13",0.0111689187461951,FALSE,0,3,10,0,10,0,0.769230769230769
"S.A.b",60,80,0.33,"FALSE","FALSE","FALSE","8.87252218750297","8.35312575265534","0.519396434847634","0.756","0.048","0.044","1,2,3,4,5,6,7,8,10,11,12,24,105",0.0133396800064165,FALSE,2,2,13,2,11,0.153846153846154,0.846153846153846
"S.A.b",61,80,0.33,"FALSE","FALSE","FALSE","9.79722635042977","8.7490782162703","1.04814813415947","1.008","0.048","0.06","1,2,3,4,5,6,8,10,11,12,13",0.0050268415307643,FALSE,0,2,11,0,11,0,0.846153846153846
"S.A.b",62,80,0.33,"FALSE","FALSE","FALSE","8.39220164721556","5.62567107696208","2.76653057025347","1.116","0.043","0.056","1,3,4,5,6,7,10,11,12,13",0.00873398593097748,FALSE,0,3,10,0,10,0,0.769230769230769
"S.A.b",63,80,0.33,"FALSE","FALSE","FALSE","8.24376401754056","6.43968094739006","1.8040830701505","0.67","0.047","0.054","1,3,5,6,10,12,13,14,34",0.0307435462643092,FALSE,2,6,9,2,7,0.222222222222222,0.538461538461538
"S.A.b",64,80,0.33,"FALSE","FALSE","FALSE","8.1873812282838","5.66871087200817","2.51867035627563","1.269","0.047","0.05","3,4,5,6,7,8,9,12,13",0.0252299031642751,FALSE,0,4,9,0,9,0,0.692307692307692
"S.A.b",65,80,0.33,"FALSE","FALSE","FALSE","8.20603534962175","7.84531267960218","0.360722670019565","0.663","0.044","0.044","1,2,3,4,5,6,7,10,11,12,13",0.00388069460647355,FALSE,0,2,11,0,11,0,0.846153846153846
"S.A.b",66,80,0.33,"FALSE","FALSE","FALSE","8.11423557413326","6.92253848814006","1.1916970859932","0.946","0.047","0.052","1,2,3,4,5,6,10,11,12,13",0.0061338025039581,FALSE,0,3,10,0,10,0,0.769230769230769
"S.A.b",67,80,0.33,"FALSE","FALSE","FALSE","8.4779481127667","6.44509000950081","2.03285810326589","1.086","0.05","0.059","1,2,3,4,5,6,10,11,12,13",0.00677108565972799,FALSE,0,3,10,0,10,0,0.769230769230769
"S.A.b",68,80,0.33,"FALSE","FALSE","FALSE","8.52594541274199","7.85828938021185","0.667656032530141","0.821","0.047","0.055","1,2,3,4,5,6,8,10,11,12",0.0113189779790094,FALSE,0,3,10,0,10,0,0.769230769230769
"S.A.b",69,80,0.33,"FALSE","FALSE","FALSE","8.54618008095747","7.42290449140053","1.12327558955694","1.061","0.046","0.057","1,2,4,5,6,8,10,11,12,13,64",0.00917720198736945,FALSE,1,3,11,1,10,0.0909090909090909,0.769230769230769
"S.A.b",7,80,0.33,"FALSE","FALSE","FALSE","8.83086626182348","6.09036569991031","2.74050056191317","1.078","0.046","0.057","1,3,5,6,8,10,12,13,14",0.0250801157592396,FALSE,1,5,9,1,8,0.111111111111111,0.615384615384615
"S.A.b",70,80,0.33,"FALSE","FALSE","FALSE","9.59757325602198","8.92056081009779","0.677012445924194","0.828","0.043","0.046","1,2,3,4,5,6,8,10,11,12,13",0.00559000397330072,FALSE,0,2,11,0,11,0,0.846153846153846
"S.A.b",71,80,0.33,"FALSE","FALSE","FALSE","7.13397723101186","4.67092230126367","2.46305492974819","0.637","0.045","0.042","1,2,3,5,6,10,11,12,13",0.0123839464429841,FALSE,0,4,9,0,9,0,0.692307692307692
"S.A.b",72,80,0.33,"FALSE","FALSE","FALSE","7.92160044190899","7.49087018606762","0.43073025584137","0.604","0.044","0.049","1,3,5,6,10,11,12,13",0.0175320629985964,FALSE,0,5,8,0,8,0,0.615384615384615
"S.A.b",73,80,0.33,"FALSE","FALSE","FALSE","8.43026550239126","7.94487943563473","0.485386066756532","0.768","0.044","0.048","2,3,4,5,6,7,10,11,12,13",0.0101453265294484,FALSE,0,3,10,0,10,0,0.769230769230769
"S.A.b",74,80,0.33,"FALSE","FALSE","FALSE","8.30065794332143","7.74072868041593","0.559929262905506","0.695","0.045","0.051","1,2,3,4,5,6,10,11,12,13",0.00815381824617088,FALSE,0,3,10,0,10,0,0.769230769230769
"S.A.b",75,80,0.33,"FALSE","FALSE","FALSE","7.86843382490522","6.84412325113041","1.02431057377481","0.798","0.044","0.046","1,3,4,5,6,10,11,12,13",0.0134494958980912,FALSE,0,4,9,0,9,0,0.692307692307692
"S.A.b",76,80,0.33,"FALSE","FALSE","FALSE","8.80477620382002","5.74848327776223","3.05629292605779","0.962","0.05","0.063","1,2,4,5,6,7,8,9,10,11",0.0200397033543119,FALSE,0,3,10,0,10,0,0.769230769230769
"S.A.b",77,80,0.33,"FALSE","FALSE","FALSE","9.91087785847146","8.55291289799814","1.35796496047333","1.011","0.044","0.052","3,4,5,6,7,8,9,10,11,12,13,107",0.0162836599212606,FALSE,1,2,12,1,11,0.0833333333333333,0.846153846153846
"S.A.b",78,80,0.33,"FALSE","FALSE","FALSE","7.92423891321608","6.25633418663357","1.66790472658251","1.224","0.051","0.054","1,3,4,5,6,7,10,11,12,13",0.00776645197266732,FALSE,0,3,10,0,10,0,0.769230769230769
"S.A.b",79,80,0.33,"FALSE","FALSE","FALSE","7.63941390934755","7.31601258901251","0.323401320335041","0.574","0.041","0.042","1,3,4,5,6,7,10,11,12,13",0.0082003601150856,FALSE,0,3,10,0,10,0,0.769230769230769
"S.A.b",8,80,0.33,"FALSE","FALSE","FALSE","9.03506667043709","7.44770825047249","1.5873584199646","1.109","0.051","0.058","1,2,3,4,5,6,7,9,10,11,12,13",0.00366077128562359,FALSE,0,1,12,0,12,0,0.923076923076923
"S.A.b",80,80,0.33,"FALSE","FALSE","FALSE","8.29201579968416","5.90113558929864","2.39088021038552","0.798","0.05","0.054","3,4,5,6,10,12,13,108,132",0.0348132117852132,FALSE,2,6,9,2,7,0.222222222222222,0.538461538461538
"S.A.b",81,80,0.33,"FALSE","FALSE","FALSE","7.91063896559624","7.44831001347287","0.462328952123374","0.66","0.046","0.047","1,2,3,4,5,6,10,11,12,13",0.00730073658479269,FALSE,0,3,10,0,10,0,0.769230769230769
"S.A.b",82,80,0.33,"FALSE","FALSE","FALSE","8.55481042779915","7.89146510445142","0.663345323347738","0.866","0.043","0.046","1,2,3,4,5,6,7,10,11,12",0.0108877181664595,FALSE,0,3,10,0,10,0,0.769230769230769
"S.A.b",83,80,0.33,"FALSE","FALSE","FALSE","8.3933962526192","7.10292943904881","1.29046681357039","0.866","0.049","0.055","1,3,5,6,10,11,12,13",0.0200567267713688,FALSE,0,5,8,0,8,0,0.615384615384615
"S.A.b",84,80,0.33,"FALSE","FALSE","FALSE","7.17046442416529","6.07886649831828","1.09159792584701","0.801","0.048","0.047","1,2,3,4,5,6,10,11,12,13",0.00557055839598556,FALSE,0,3,10,0,10,0,0.769230769230769
"S.A.b",85,80,0.33,"FALSE","FALSE","FALSE","9.33965059791567","8.76948115824908","0.570169439666588","0.611","0.045","0.053","1,2,3,4,5,6,10,11,12",0.012580586673484,FALSE,0,4,9,0,9,0,0.692307692307692
"S.A.b",86,80,0.33,"FALSE","FALSE","FALSE","8.13650319694733","6.6785674875912","1.45793570935612","0.7","0.043","0.043","1,3,5,6,8,10,12,13,108",0.0246018723070479,FALSE,1,5,9,1,8,0.111111111111111,0.615384615384615
"S.A.b",87,80,0.33,"FALSE","FALSE","FALSE","9.14667632993794","7.36532427427628","1.78135205566166","0.936","0.046","0.045","2,3,4,5,6,8,9,10,11,12,13",0.00764654205149269,FALSE,0,2,11,0,11,0,0.846153846153846
"S.A.b",88,80,0.33,"FALSE","FALSE","FALSE","9.56035762518012","6.06166233431858","3.49869529086154","0.866","0.046","0.063","1,2,3,4,5,6,8,10,11,29",0.0229491191366461,FALSE,1,4,10,1,9,0.1,0.692307692307692
"S.A.b",89,80,0.33,"FALSE","FALSE","FALSE","8.51252879900526","7.51004142634121","1.00248737266405","0.895","0.046","0.055","1,3,4,5,6,7,10,11,12,13",0.00653091124414364,FALSE,0,3,10,0,10,0,0.769230769230769
"S.A.b",9,80,0.33,"FALSE","FALSE","FALSE","8.5463216665048","5.72490117564003","2.82142049086477","1.41","0.05","0.06","1,3,4,5,6,8,9,10,11,12,13,121",0.0107960938857996,FALSE,1,2,12,1,11,0.0833333333333333,0.846153846153846
"S.A.b",90,80,0.33,"FALSE","FALSE","FALSE","8.04326420511306","7.09459536565631","0.948668839456749","0.723","0.042","0.052","1,2,3,4,5,6,10,11,12",0.0124794144568527,FALSE,0,4,9,0,9,0,0.692307692307692
"S.A.b",91,80,0.33,"FALSE","FALSE","FALSE","9.55872573991072","8.87945869319553","0.679267046715189","0.747","0.046","0.055","1,3,4,5,6,9,10,11,12,13",0.00857047673877538,FALSE,0,3,10,0,10,0,0.769230769230769
"S.A.b",92,80,0.33,"FALSE","FALSE","FALSE","8.08000454895374","6.51206375561404","1.5679407933397","1.292","0.044","0.058","1,2,3,4,5,6,10,11,12,13",0.00632277579248343,FALSE,0,3,10,0,10,0,0.769230769230769
"S.A.b",93,80,0.33,"FALSE","FALSE","FALSE","8.26655947624816","7.64431184805139","0.622247628196768","0.602","0.042","0.043","1,2,3,5,6,10,11,12",0.0199945755060893,FALSE,0,5,8,0,8,0,0.615384615384615
"S.A.b",94,80,0.33,"FALSE","FALSE","FALSE","8.07805682970602","7.54641585932897","0.531640970377052","0.678","0.049","0.05","1,2,3,4,5,6,10,11,12,13",0.00696941553557379,FALSE,0,3,10,0,10,0,0.769230769230769
"S.A.b",95,80,0.33,"FALSE","FALSE","FALSE","8.20106455886616","6.892091349431","1.30897320943517","0.926","0.047","0.052","1,3,5,6,10,11,12,13",0.0188007333362541,FALSE,0,5,8,0,8,0,0.615384615384615
"S.A.b",96,80,0.33,"FALSE","FALSE","FALSE","8.4505432848819","8.09521448078051","0.355328804101383","0.486","0.045","0.052","1,2,4,5,6,7,8,9,10,11,12,47",0.0147050260149561,FALSE,1,2,12,1,11,0.0833333333333333,0.846153846153846
"S.A.b",97,80,0.33,"FALSE","FALSE","FALSE","7.57031094381678","6.48140932002241","1.08890162379437","0.761","0.047","0.052","1,2,4,5,6,10,11,12",0.0184810751491888,FALSE,0,5,8,0,8,0,0.615384615384615
"S.A.b",98,80,0.33,"FALSE","FALSE","FALSE","9.71929131628649","8.81353123033838","0.905760085948116","0.986","0.046","0.057","1,2,3,4,5,6,8,9,10,11,12,13",0.00490075432346827,FALSE,0,1,12,0,12,0,0.923076923076923
"S.A.b",99,80,0.33,"FALSE","FALSE","FALSE","8.27796392597704","7.62349136257709","0.65447256339995","0.775","0.045","0.051","1,2,3,4,5,6,10,11,12",0.00996337394750967,FALSE,0,4,9,0,9,0,0.692307692307692
"S.EB",1,80,0.33,"TRUE","TRUE","FALSE","9.62480640486643","9.19761187432774","0.427194530538689","0.689","0.047","0.059","1,2,3,4,5,6,8,9,10,11,12,13",0.00433620248503302,FALSE,0,1,12,0,12,0,0.923076923076923
"S.EB",10,80,0.33,"FALSE","FALSE","FALSE","10.0121083908142","8.73145319589239","1.28065519492181","0.785","0.045","0.053","3,4,5,6,7,9,10,11,12,13,93,112",0.0164436544244525,FALSE,2,3,12,2,10,0.166666666666667,0.769230769230769
"S.EB",100,80,0.33,"FALSE","FALSE","FALSE","9.14107873146442","8.52336289837961","0.617715833084814","0.674","0.045","0.056","1,2,3,4,5,6,10,11,12,39",0.0169722299473472,FALSE,1,4,10,1,9,0.1,0.692307692307692
"S.EB",11,80,0.33,"FALSE","FALSE","FALSE","9.22763821907944","7.2573341206887","1.97030409839074","1.03","0.046","0.046","3,4,5,6,8,10,12,108,125,127",0.0296562620547139,FALSE,3,6,10,3,7,0.3,0.538461538461538
"S.EB",12,80,0.33,"FALSE","FALSE","FALSE","8.4920214491532","7.95993877008732","0.532082679065882","0.522","0.042","0.043","1,3,5,6,10,11,12,13,104",0.0174094655356961,FALSE,1,5,9,1,8,0.111111111111111,0.615384615384615
"S.EB",13,80,0.33,"FALSE","FALSE","FALSE","7.8418268968963","7.21666668862954","0.625160208266756","0.736","0.043","0.038","1,3,5,6,10,11,12,13",0.0210477907048522,FALSE,0,5,8,0,8,0,0.615384615384615
"S.EB",14,80,0.33,"FALSE","FALSE","FALSE","8.07069269051066","7.76933541033502","0.301357280175644","0.674","0.041","0.052","3,4,5,6,7,8,12,13",0.0280975814466326,FALSE,0,5,8,0,8,0,0.615384615384615
"S.EB",15,80,0.33,"TRUE","TRUE","FALSE","9.3679830312214","8.82328255143798","0.544700479783425","0.81","0.047","0.055","1,2,4,5,6,8,9,10,11,12,13",0.00765273463537097,FALSE,0,2,11,0,11,0,0.846153846153846
"S.EB",16,80,0.33,"FALSE","FALSE","FALSE","8.31387572484844","7.42045453982051","0.893421185027923","0.743","0.044","0.053","1,3,5,6,8,10,11,12,39,50,124",0.0375284406792213,FALSE,3,5,11,3,8,0.272727272727273,0.615384615384615
"S.EB",17,80,0.33,"FALSE","FALSE","FALSE","8.21942643053729","6.30305975255359","1.9163666779837","1.04","0.049","0.056","1,2,3,5,6,10,11,12,94",0.0199468813775361,FALSE,1,5,9,1,8,0.111111111111111,0.615384615384615
"S.EB",18,80,0.33,"FALSE","FALSE","FALSE","9.00564740468432","8.24542064922885","0.760226755455473","0.728","0.046","0.052","1,2,4,5,6,8,10,11,12,27,38,74",0.0212152493377928,FALSE,3,4,12,3,9,0.25,0.692307692307692
"S.EB",19,80,0.33,"FALSE","FALSE","FALSE","8.6343041095471","8.05880842445374","0.575495685093351","0.573","0.043","0.042","1,2,3,5,6,10,11,12,108",0.0194708487569533,FALSE,1,5,9,1,8,0.111111111111111,0.615384615384615
"S.EB",2,80,0.33,"FALSE","FALSE","FALSE","8.08941148679338","7.58044012531906","0.508971361474313","0.639","0.044","0.045","1,3,4,5,6,10,11,12,13",0.0128212980383787,FALSE,0,4,9,0,9,0,0.692307692307692
"S.EB",20,80,0.33,"FALSE","FALSE","FALSE","7.89573428561977","6.52666316588668","1.36907111973309","1.14","0.045","0.048","3,4,5,6,7,10,11,12,13,82,87",0.0173022456063705,FALSE,2,4,11,2,9,0.181818181818182,0.692307692307692
"S.EB",21,80,0.33,"FALSE","FALSE","FALSE","8.71859055603689","7.24287652628987","1.47571402974702","0.829","0.044","0.055","1,2,3,4,5,6,10,11,26,58",0.0246169459972868,FALSE,2,5,10,2,8,0.2,0.615384615384615
"S.EB",22,80,0.33,"TRUE","TRUE","FALSE","9.23814548000003","8.27603813680189","0.962107343198138","1.104","0.043","0.059","1,2,3,4,5,6,8,9,10,11,12,13,15,44",0.00812494069521441,FALSE,2,1,14,2,12,0.142857142857143,0.923076923076923
"S.EB",23,80,0.33,"FALSE","FALSE","FALSE","8.64083607912784","7.5552458034335","1.08559027569434","0.775","0.045","0.054","1,2,3,4,5,6,10,11,12,47",0.0141835878955729,FALSE,1,4,10,1,9,0.1,0.692307692307692
"S.EB",24,80,0.33,"FALSE","FALSE","FALSE","7.50301773262762","6.4062374412623","1.09678029136531","0.901","0.045","0.05","1,5,6,10,11,12,33,36,82",0.0323306937510966,FALSE,3,7,9,3,6,0.333333333333333,0.461538461538462
"S.EB",25,80,0.33,"FALSE","FALSE","FALSE","8.89754561718227","7.6956895662679","1.20185605091437","0.661","0.044","0.052","1,3,5,6,10,11,12,13,14",0.0213135203537492,FALSE,1,5,9,1,8,0.111111111111111,0.615384615384615
"S.EB",26,80,0.33,"FALSE","FALSE","FALSE","10.0244064716924","9.56718415454618","0.457222317146268","0.853","0.048","0.056","1,2,3,4,5,6,8,10,11,12,125",0.00925953654783724,FALSE,1,3,11,1,10,0.0909090909090909,0.769230769230769
"S.EB",27,80,0.33,"FALSE","FALSE","FALSE","10.7423619507291","8.2114179778249","2.53094397290416","1.314","0.046","0.058","1,2,4,5,6,9,10,11,12,13,34,51,109",0.0147986990562064,FALSE,3,3,13,3,10,0.230769230769231,0.769230769230769
"S.EB",28,80,0.33,"FALSE","FALSE","FALSE","8.91364064951346","8.27878951151391","0.634851137999557","0.858","0.058","0.054","1,2,3,4,5,6,10,11,12,13,21,124",0.0100593093575618,FALSE,2,3,12,2,10,0.166666666666667,0.769230769230769
"S.EB",29,80,0.33,"FALSE","FALSE","FALSE","8.53840679131207","6.41355506984335","2.12485172146872","0.744","0.046","0.049","3,4,5,6,12,13,39,73,108,127,132",0.0461614500504749,FALSE,5,7,11,5,6,0.454545454545455,0.461538461538462
"S.EB",3,80,0.33,"FALSE","FALSE","FALSE","8.93112432777179","7.3172099783207","1.6139143494511","1.325","0.046","0.061","1,2,3,4,5,6,8,10,12,13,128",0.0108163181875612,FALSE,1,3,11,1,10,0.0909090909090909,0.769230769230769
"S.EB",30,80,0.33,"FALSE","FALSE","FALSE","9.29327625630389","8.25349146147132","1.03978479483257","0.932","0.045","0.055","1,3,4,5,6,7,10,11,12,13,44,98",0.0107711666109145,FALSE,2,3,12,2,10,0.166666666666667,0.769230769230769
"S.EB",31,80,0.33,"FALSE","FALSE","FALSE","7.87296811122965","6.79996705019242","1.07300106103723","0.873","0.046","0.053","1,3,5,6,10,11,12,13",0.0159190303121726,FALSE,0,5,8,0,8,0,0.615384615384615
"S.EB",32,80,0.33,"FALSE","FALSE","FALSE","8.2215157499532","7.5942048254134","0.627310924539801","0.765","0.044","0.047","1,2,3,4,5,6,10,12,13,72",0.0199014834835255,FALSE,1,4,10,1,9,0.1,0.692307692307692
"S.EB",33,80,0.33,"FALSE","FALSE","FALSE","9.30267862154955","8.23689114803432","1.06578747351523","0.773","0.045","0.047","1,2,3,4,5,6,10,11,12,13,116",0.00970704614362029,FALSE,1,3,11,1,10,0.0909090909090909,0.769230769230769
"S.EB",34,80,0.33,"FALSE","FALSE","FALSE","8.78414050861929","7.06657671990126","1.71756378871803","1.169","0.047","0.059","1,3,4,5,6,10,12,13,16,34,109,133",0.0244798041749763,FALSE,4,5,12,4,8,0.333333333333333,0.615384615384615
"S.EB",35,80,0.33,"FALSE","FALSE","FALSE","9.74131381317557","9.02690294905856","0.714410864117014","0.586","0.045","0.058","3,4,5,6,7,9,11,12,13,129",0.0231443089807486,FALSE,1,4,10,1,9,0.1,0.692307692307692
"S.EB",36,80,0.33,"FALSE","FALSE","FALSE","9.24268465784146","7.58090913655912","1.66177552128234","1.101","0.043","0.05","1,3,4,5,6,8,10,12,13,20,80,86",0.0208201270475895,FALSE,3,4,12,3,9,0.25,0.692307692307692
"S.EB",37,80,0.33,"FALSE","FALSE","FALSE","8.75512397970486","8.08683111597312","0.668292863731732","0.555","0.044","0.043","1,2,3,4,5,6,10,11,12,83,106",0.0204673576311163,FALSE,2,4,11,2,9,0.181818181818182,0.692307692307692
"S.EB",38,80,0.33,"FALSE","FALSE","FALSE","7.98796161971515","7.64207882556679","0.345882794148354","0.552","0.048","0.056","1,2,3,5,6,10,11,12",0.0197813409911163,FALSE,0,5,8,0,8,0,0.615384615384615
"S.EB",39,80,0.33,"FALSE","FALSE","FALSE","8.69911140853229","7.4537153128907","1.24539609564159","0.935","0.047","0.049","1,3,4,5,6,10,11,12,13,64,70",0.0146585446551077,FALSE,2,4,11,2,9,0.181818181818182,0.692307692307692
"S.EB",4,80,0.33,"FALSE","FALSE","FALSE","7.59196926988774","6.12984893610248","1.46212033378526","1.066","0.044","0.044","3,4,5,6,9,10,11,12,13,115,129",0.0169473911863878,FALSE,2,4,11,2,9,0.181818181818182,0.692307692307692
"S.EB",40,80,0.33,"FALSE","FALSE","FALSE","8.12088736223085","7.12876150553483","0.992125856696022","1.224","0.048","0.068","1,3,4,5,6,7,8,10,11,12,13",0.00668866194108476,FALSE,0,2,11,0,11,0,0.846153846153846
"S.EB",41,80,0.33,"FALSE","FALSE","FALSE","9.1454152338953","7.947200179969","1.1982150539263","0.821","0.045","0.046","1,3,5,6,8,10,11,12,13,14",0.0156334561633322,FALSE,1,4,10,1,9,0.1,0.692307692307692
"S.EB",42,80,0.33,"FALSE","FALSE","FALSE","7.82082689265315","6.40748035939676","1.41334653325638","1.196","0.044","0.052","1,2,3,5,6,10,11,12,13",0.0143760051109919,FALSE,0,4,9,0,9,0,0.692307692307692
"S.EB",43,80,0.33,"FALSE","FALSE","FALSE","9.32340891910801","8.7678231208862","0.555585798221813","0.817","0.046","0.047","1,2,3,4,5,6,8,10,11,12,30,55",0.0143343186872128,FALSE,2,3,12,2,10,0.166666666666667,0.769230769230769
"S.EB",44,80,0.33,"FALSE","FALSE","FALSE","8.69027044131729","8.28622052841062","0.404049912906664","0.663","0.047","0.059","1,2,4,5,6,8,10,11,12,13,64",0.008417477753205,FALSE,1,3,11,1,10,0.0909090909090909,0.769230769230769
"S.EB",45,80,0.33,"FALSE","FALSE","FALSE","8.82320891312709","8.29611702430327","0.527091888823815","0.642","0.043","0.052","1,2,4,5,6,10,11,12,13",0.0107343573531628,FALSE,0,4,9,0,9,0,0.692307692307692
"S.EB",46,80,0.33,"FALSE","FALSE","FALSE","8.30644474957385","7.80339406746646","0.503050682107386","0.661","0.044","0.05","1,2,3,5,6,8,10,11,12,13",0.010210234354444,FALSE,0,3,10,0,10,0,0.769230769230769
"S.EB",47,80,0.33,"FALSE","FALSE","FALSE","9.19592990341019","8.24529829079848","0.950631612611713","0.994","0.048","0.055","1,2,4,5,6,10,11,12,13,97",0.0133821180844917,FALSE,1,4,10,1,9,0.1,0.692307692307692
"S.EB",48,80,0.33,"FALSE","FALSE","FALSE","8.63139237929479","8.19104511829539","0.440347260999397","0.561","0.045","0.057","1,3,4,5,6,10,11,12,13,78",0.0106221501386901,FALSE,1,4,10,1,9,0.1,0.692307692307692
"S.EB",49,80,0.33,"FALSE","FALSE","FALSE","8.52155416355017","7.1919420594597","1.32961210409048","0.816","0.052","0.053","1,3,5,6,10,12,13,14,16,91",0.0295871657544638,FALSE,3,6,10,3,7,0.3,0.538461538461538
"S.EB",5,80,0.33,"FALSE","FALSE","FALSE","8.4919965691715","8.02361833262613","0.468378236545366","0.77","0.049","0.064","1,2,3,4,5,6,10,11,12",0.0121616439315749,FALSE,0,4,9,0,9,0,0.692307692307692
"S.EB",50,80,0.33,"FALSE","FALSE","FALSE","8.42126937417972","7.50526934283591","0.916000031343811","0.836","0.043","0.051","1,2,4,5,6,8,10,11",0.0317891709921496,FALSE,0,5,8,0,8,0,0.615384615384615
"S.EB",51,80,0.33,"FALSE","FALSE","FALSE","8.94171115741915","8.51038305577354","0.431328101645606","0.763","0.043","0.055","1,2,3,4,5,6,8,10,11,12,13,126",0.00865734834275233,FALSE,1,2,12,1,11,0.0833333333333333,0.846153846153846
"S.EB",52,80,0.33,"FALSE","FALSE","FALSE","7.68157928670738","7.32679359861745","0.354785688089926","0.62","0.046","0.053","1,3,5,6,10,11,12,13",0.018826148330152,FALSE,0,5,8,0,8,0,0.615384615384615
"S.EB",53,80,0.33,"FALSE","FALSE","FALSE","8.14741425983367","6.38354983323496","1.76386442659871","0.756","0.059","0.062","2,4,6,9,10,12,13,65,99,124",0.0391936960154276,FALSE,3,6,10,3,7,0.3,0.538461538461538
"S.EB",54,80,0.33,"FALSE","FALSE","FALSE","9.60599704314215","8.95591958527194","0.650077457870217","1","0.053","0.069","1,2,3,4,5,6,7,10,11,12,13,27,73",0.0115368506901629,FALSE,2,2,13,2,11,0.153846153846154,0.846153846153846
"S.EB",55,80,0.33,"FALSE","FALSE","FALSE","8.76612007508512","7.90463150304312","0.861488572042004","0.903","0.055","0.063","1,3,5,6,10,11,12,13,14",0.021431972302,FALSE,1,5,9,1,8,0.111111111111111,0.615384615384615
"S.EB",56,80,0.33,"FALSE","FALSE","FALSE","8.45201933115499","6.59108204844653","1.86093728270847","1.518","0.06","0.068","1,4,5,6,7,10,11,12,13,33,103",0.0167978171397205,FALSE,2,4,11,2,9,0.181818181818182,0.692307692307692
"S.EB",57,80,0.33,"FALSE","FALSE","FALSE","9.12960832063278","7.62158891361137","1.50801940702142","1.206","0.06","0.067","1,3,5,6,10,11,12,13,94",0.0173501314087465,FALSE,1,5,9,1,8,0.111111111111111,0.615384615384615
"S.EB",58,80,0.33,"FALSE","FALSE","FALSE","8.72575159701763","7.97450797054804","0.751243626469594","0.897","0.049","0.055","1,2,3,4,5,6,10,11,12,13",0.00733696133867894,FALSE,0,3,10,0,10,0,0.769230769230769
"S.EB",59,80,0.33,"FALSE","FALSE","FALSE","9.2525317390723","8.25930661433564","0.993225124736655","0.887","0.043","0.046","1,2,3,4,5,6,10,11,12,13",0.00851942991526131,FALSE,0,3,10,0,10,0,0.769230769230769
"S.EB",6,80,0.33,"FALSE","FALSE","FALSE","7.46962700108152","6.03271399137361","1.43691300970792","1.141","0.047","0.058","1,3,5,6,10,11,12,13",0.0174525119305051,FALSE,0,5,8,0,8,0,0.615384615384615
"S.EB",60,80,0.33,"FALSE","FALSE","FALSE","8.87252218750297","8.35312575265534","0.519396434847634","0.756","0.048","0.044","1,2,3,4,5,6,7,8,10,11,12,24,105",0.0133396800064165,FALSE,2,2,13,2,11,0.153846153846154,0.846153846153846
"S.EB",61,80,0.33,"FALSE","FALSE","FALSE","9.79722635042977","8.7490782162703","1.04814813415947","1.008","0.048","0.06","1,2,4,5,6,10,11,12,13,68,70,77,91",0.020565426708394,FALSE,4,4,13,4,9,0.307692307692308,0.692307692307692
"S.EB",62,80,0.33,"FALSE","FALSE","FALSE","8.39220164721556","5.62567107696208","2.76653057025347","1.116","0.043","0.056","1,2,4,5,6,7,10,11,41,99",0.0310401105851376,FALSE,2,5,10,2,8,0.2,0.615384615384615
"S.EB",63,80,0.33,"FALSE","FALSE","FALSE","8.24376401754056","6.43968094739006","1.8040830701505","0.67","0.047","0.054","1,3,5,6,10,12,13,14,34",0.0307435462643092,FALSE,2,6,9,2,7,0.222222222222222,0.538461538461538
"S.EB",64,80,0.33,"FALSE","FALSE","FALSE","8.1873812282838","5.66871087200817","2.51867035627563","1.269","0.047","0.05","3,4,5,6,12,13,30,64,98",0.0499938296223883,FALSE,3,7,9,3,6,0.333333333333333,0.461538461538462
"S.EB",65,80,0.33,"FALSE","FALSE","FALSE","8.20603534962175","7.84531267960218","0.360722670019565","0.663","0.044","0.044","1,2,3,4,5,6,7,10,11,12,13",0.00388069460647355,FALSE,0,2,11,0,11,0,0.846153846153846
"S.EB",66,80,0.33,"FALSE","FALSE","FALSE","8.11423557413326","6.92253848814006","1.1916970859932","0.946","0.047","0.052","1,2,3,4,5,6,10,11,12,13",0.0061338025039581,FALSE,0,3,10,0,10,0,0.769230769230769
"S.EB",67,80,0.33,"FALSE","FALSE","FALSE","8.4779481127667","6.44509000950081","2.03285810326589","1.086","0.05","0.059","1,3,4,5,6,10,12,13,108",0.0194532523253161,FALSE,1,5,9,1,8,0.111111111111111,0.615384615384615
"S.EB",68,80,0.33,"FALSE","FALSE","FALSE","8.52594541274199","7.85828938021185","0.667656032530141","0.821","0.047","0.055","1,2,3,4,5,6,8,10,11,12",0.0113189779790094,FALSE,0,3,10,0,10,0,0.769230769230769
"S.EB",69,80,0.33,"FALSE","FALSE","FALSE","8.54618008095747","7.42290449140053","1.12327558955694","1.061","0.046","0.057","1,2,4,5,6,8,10,11,12,13,64",0.00917720198736945,FALSE,1,3,11,1,10,0.0909090909090909,0.769230769230769
"S.EB",7,80,0.33,"FALSE","FALSE","FALSE","8.83086626182348","6.09036569991031","2.74050056191317","1.078","0.046","0.057","1,3,5,6,8,10,12,13,14,20,107",0.0277259171383195,FALSE,3,5,11,3,8,0.272727272727273,0.615384615384615
"S.EB",70,80,0.33,"FALSE","FALSE","FALSE","9.59757325602198","8.92056081009779","0.677012445924194","0.828","0.043","0.046","1,2,3,4,5,6,8,10,11,12,13",0.00559000397330072,FALSE,0,2,11,0,11,0,0.846153846153846
"S.EB",71,80,0.33,"FALSE","FALSE","FALSE","7.13397723101186","4.67092230126367","2.46305492974819","0.637","0.045","0.042","3,5,6,12,13,42,64,108",0.0507517809270876,FALSE,3,8,8,3,5,0.375,0.384615384615385
"S.EB",72,80,0.33,"FALSE","FALSE","FALSE","7.92160044190899","7.49087018606762","0.43073025584137","0.604","0.044","0.049","1,3,5,6,10,11,12,13,14",0.0184242065303519,FALSE,1,5,9,1,8,0.111111111111111,0.615384615384615
"S.EB",73,80,0.33,"FALSE","FALSE","FALSE","8.43026550239126","7.94487943563473","0.485386066756532","0.768","0.044","0.048","3,4,5,6,7,10,11,12,13",0.0141246185386618,FALSE,0,4,9,0,9,0,0.692307692307692
"S.EB",74,80,0.33,"FALSE","FALSE","FALSE","8.30065794332143","7.74072868041593","0.559929262905506","0.695","0.045","0.051","1,3,5,6,10,11,12,13",0.0181535934359547,FALSE,0,5,8,0,8,0,0.615384615384615
"S.EB",75,80,0.33,"FALSE","FALSE","FALSE","7.86843382490522","6.84412325113041","1.02431057377481","0.798","0.044","0.046","1,3,5,6,10,12,13,14,36",0.0273172720855384,FALSE,2,6,9,2,7,0.222222222222222,0.538461538461538
"S.EB",76,80,0.33,"FALSE","FALSE","FALSE","8.80477620382002","5.74848327776223","3.05629292605779","0.962","0.05","0.063","1,3,6,10,12,13,14,16,36,42,121",0.0457769945164207,FALSE,5,7,11,5,6,0.454545454545455,0.461538461538462
"S.EB",77,80,0.33,"FALSE","FALSE","FALSE","9.91087785847146","8.55291289799814","1.35796496047333","1.011","0.044","0.052","3,4,5,6,7,8,9,10,11,12,13,107",0.0162836599212606,FALSE,1,2,12,1,11,0.0833333333333333,0.846153846153846
"S.EB",78,80,0.33,"FALSE","FALSE","FALSE","7.92423891321608","6.25633418663357","1.66790472658251","1.224","0.051","0.054","3,4,5,6,7,10,11,12,13,33,116",0.0166477536443946,FALSE,2,4,11,2,9,0.181818181818182,0.692307692307692
"S.EB",79,80,0.33,"FALSE","FALSE","FALSE","7.63941390934755","7.31601258901251","0.323401320335041","0.574","0.041","0.042","1,3,4,5,6,10,11,12,13",0.0126934432496421,FALSE,0,4,9,0,9,0,0.692307692307692
"S.EB",8,80,0.33,"FALSE","FALSE","FALSE","9.03506667043709","7.44770825047249","1.5873584199646","1.109","0.051","0.058","1,2,3,4,5,6,9,10,11,12,13",0.00564336566155802,FALSE,0,2,11,0,11,0,0.846153846153846
"S.EB",80,80,0.33,"FALSE","FALSE","FALSE","8.29201579968416","5.90113558929864","2.39088021038552","0.798","0.05","0.054","3,4,5,6,10,12,13,108,132",0.0348132117852132,FALSE,2,6,9,2,7,0.222222222222222,0.538461538461538
"S.EB",81,80,0.33,"FALSE","FALSE","FALSE","7.91063896559624","7.44831001347287","0.462328952123374","0.66","0.046","0.047","1,3,5,6,10,11,12,13",0.0188981403133408,FALSE,0,5,8,0,8,0,0.615384615384615
"S.EB",82,80,0.33,"FALSE","FALSE","FALSE","8.55481042779915","7.89146510445142","0.663345323347738","0.866","0.043","0.046","1,2,3,4,5,6,7,10,11,12",0.0108877181664595,FALSE,0,3,10,0,10,0,0.769230769230769
"S.EB",83,80,0.33,"FALSE","FALSE","FALSE","8.3933962526192","7.10292943904881","1.29046681357039","0.866","0.049","0.055","1,3,5,6,10,12,13,66,94",0.0280580547988536,FALSE,2,6,9,2,7,0.222222222222222,0.538461538461538
"S.EB",84,80,0.33,"FALSE","FALSE","FALSE","7.17046442416529","6.07886649831828","1.09159792584701","0.801","0.048","0.047","1,3,5,6,10,11,12,13",0.0154815790400906,FALSE,0,5,8,0,8,0,0.615384615384615
"S.EB",85,80,0.33,"FALSE","FALSE","FALSE","9.33965059791567","8.76948115824908","0.570169439666588","0.611","0.045","0.053","1,2,3,4,5,6,10,11,12,36,37",0.0138554958655447,FALSE,2,4,11,2,9,0.181818181818182,0.692307692307692
"S.EB",86,80,0.33,"FALSE","FALSE","FALSE","8.13650319694733","6.6785674875912","1.45793570935612","0.7","0.043","0.043","1,3,5,6,8,10,12,13,14,46,108,128",0.0260551920644022,FALSE,4,5,12,4,8,0.333333333333333,0.615384615384615
"S.EB",87,80,0.33,"FALSE","FALSE","FALSE","9.14667632993794","7.36532427427628","1.78135205566166","0.936","0.046","0.045","3,4,5,6,9,10,11,12,13,83,125",0.0160141416240549,FALSE,2,4,11,2,9,0.181818181818182,0.692307692307692
"S.EB",88,80,0.33,"FALSE","FALSE","FALSE","9.56035762518012","6.06166233431858","3.49869529086154","0.866","0.046","0.063","1,3,6,10,11,12,13,14,36,107,116",0.0405459769080617,FALSE,4,6,11,4,7,0.363636363636364,0.538461538461538
"S.EB",89,80,0.33,"FALSE","FALSE","FALSE","8.51252879900526","7.51004142634121","1.00248737266405","0.895","0.046","0.055","1,3,5,6,10,11,12,13,42,109",0.0170205481061374,FALSE,2,5,10,2,8,0.2,0.615384615384615
"S.EB",9,80,0.33,"FALSE","FALSE","FALSE","8.5463216665048","5.72490117564003","2.82142049086477","1.41","0.05","0.06","1,4,5,6,9,10,11,12,13,32,121",0.0210546532149866,FALSE,2,4,11,2,9,0.181818181818182,0.692307692307692
"S.EB",90,80,0.33,"FALSE","FALSE","FALSE","8.04326420511306","7.09459536565631","0.948668839456749","0.723","0.042","0.052","1,2,3,4,5,6,10,11,12",0.0124794144568527,FALSE,0,4,9,0,9,0,0.692307692307692
"S.EB",91,80,0.33,"FALSE","FALSE","FALSE","9.55872573991072","8.87945869319553","0.679267046715189","0.747","0.046","0.055","1,3,4,5,6,10,11,12,13,89",0.0125702670819943,FALSE,1,4,10,1,9,0.1,0.692307692307692
"S.EB",92,80,0.33,"FALSE","FALSE","FALSE","8.08000454895374","6.51206375561404","1.5679407933397","1.292","0.044","0.058","1,2,4,5,6,10,11,12,13,97",0.0125385379704666,FALSE,1,4,10,1,9,0.1,0.692307692307692
"S.EB",93,80,0.33,"FALSE","FALSE","FALSE","8.26655947624816","7.64431184805139","0.622247628196768","0.602","0.042","0.043","1,2,3,5,6,10,11,12",0.0199945755060893,FALSE,0,5,8,0,8,0,0.615384615384615
"S.EB",94,80,0.33,"FALSE","FALSE","FALSE","8.07805682970602","7.54641585932897","0.531640970377052","0.678","0.049","0.05","1,3,4,5,6,10,11,12,13,129",0.0115191658147702,FALSE,1,4,10,1,9,0.1,0.692307692307692
"S.EB",95,80,0.33,"FALSE","FALSE","FALSE","8.20106455886616","6.892091349431","1.30897320943517","0.926","0.047","0.052","1,3,5,6,10,11,12,13,14,53",0.0190877013832164,FALSE,2,5,10,2,8,0.2,0.615384615384615
"S.EB",96,80,0.33,"FALSE","FALSE","FALSE","8.4505432848819","8.09521448078051","0.355328804101383","0.486","0.045","0.052","1,2,4,5,6,7,8,9,10,11,12,47",0.0147050260149561,FALSE,1,2,12,1,11,0.0833333333333333,0.846153846153846
"S.EB",97,80,0.33,"FALSE","FALSE","FALSE","7.57031094381678","6.48140932002241","1.08890162379437","0.761","0.047","0.052","1,2,4,5,6,10,11,12,53",0.0187088407044413,FALSE,1,5,9,1,8,0.111111111111111,0.615384615384615
"S.EB",98,80,0.33,"FALSE","FALSE","FALSE","9.71929131628649","8.81353123033838","0.905760085948116","0.986","0.046","0.057","1,2,3,4,5,6,8,9,10,11,12,13",0.00490075432346827,FALSE,0,1,12,0,12,0,0.923076923076923
"S.EB",99,80,0.33,"FALSE","FALSE","FALSE","8.27796392597704","7.62349136257709","0.65447256339995","0.775","0.045","0.051","1,2,3,4,5,6,10,11,12,46",0.011168535311278,FALSE,1,4,10,1,9,0.1,0.692307692307692
"S.EB.b",1,80,0.33,"TRUE","TRUE","FALSE","9.62480640486643","9.19761187432774","0.427194530538689","0.689","0.047","0.059","1,2,3,4,5,6,8,9,10,11,12,13",0.00433620248503302,FALSE,0,1,12,0,12,0,0.923076923076923
"S.EB.b",10,80,0.33,"FALSE","FALSE","FALSE","10.0121083908142","8.73145319589239","1.28065519492181","0.785","0.045","0.053","2,3,4,5,6,7,9,10,11,12,13,112",0.0123655286358083,FALSE,1,2,12,1,11,0.0833333333333333,0.846153846153846
"S.EB.b",100,80,0.33,"FALSE","FALSE","FALSE","9.14107873146442","8.52336289837961","0.617715833084814","0.674","0.045","0.056","1,2,3,4,5,6,8,10,11,12,13,39",0.0108500934562421,FALSE,1,2,12,1,11,0.0833333333333333,0.846153846153846
"S.EB.b",11,80,0.33,"FALSE","FALSE","FALSE","9.22763821907944","7.2573341206887","1.97030409839074","1.03","0.046","0.046","1,3,4,5,6,8,9,10,12,13,125",0.0150636993837021,FALSE,1,3,11,1,10,0.0909090909090909,0.769230769230769
"S.EB.b",12,80,0.33,"FALSE","FALSE","FALSE","8.4920214491532","7.95993877008732","0.532082679065882","0.522","0.042","0.043","1,2,3,4,5,6,10,11,12,13",0.00899465854682647,FALSE,0,3,10,0,10,0,0.769230769230769
"S.EB.b",13,80,0.33,"FALSE","FALSE","FALSE","7.8418268968963","7.21666668862954","0.625160208266756","0.736","0.043","0.038","1,2,3,5,6,10,11,12,13",0.0157460011538488,FALSE,0,4,9,0,9,0,0.692307692307692
"S.EB.b",14,80,0.33,"FALSE","FALSE","FALSE","8.07069269051066","7.76933541033502","0.301357280175644","0.674","0.041","0.052","1,3,4,5,6,7,8,10,11,12,13",0.0075425653108249,FALSE,0,2,11,0,11,0,0.846153846153846
"S.EB.b",15,80,0.33,"TRUE","TRUE","FALSE","9.3679830312214","8.82328255143798","0.544700479783425","0.81","0.047","0.055","1,2,3,4,5,6,7,8,9,10,11,12,13",0.00229659451156789,TRUE,0,0,13,0,13,0,1
"S.EB.b",16,80,0.33,"FALSE","FALSE","FALSE","8.31387572484844","7.42045453982051","0.893421185027923","0.743","0.044","0.053","1,2,3,4,5,6,8,10,11,12",0.00969200625533134,FALSE,0,3,10,0,10,0,0.769230769230769
"S.EB.b",17,80,0.33,"FALSE","FALSE","FALSE","8.21942643053729","6.30305975255359","1.9163666779837","1.04","0.049","0.056","1,2,3,5,6,10,11,12,13,94",0.0148205848670225,FALSE,1,4,10,1,9,0.1,0.692307692307692
"S.EB.b",18,80,0.33,"FALSE","FALSE","FALSE","9.00564740468432","8.24542064922885","0.760226755455473","0.728","0.046","0.052","1,2,4,5,6,7,8,10,11,12",0.0123838831915751,FALSE,0,3,10,0,10,0,0.769230769230769
"S.EB.b",19,80,0.33,"FALSE","FALSE","FALSE","8.6343041095471","8.05880842445374","0.575495685093351","0.573","0.043","0.042","1,2,3,4,5,6,7,10,11,12,13",0.00584889834789812,FALSE,0,2,11,0,11,0,0.846153846153846
"S.EB.b",2,80,0.33,"FALSE","FALSE","FALSE","8.08941148679338","7.58044012531906","0.508971361474313","0.639","0.044","0.045","1,3,4,5,6,9,10,11,12,13",0.00980386150973133,FALSE,0,3,10,0,10,0,0.769230769230769
"S.EB.b",20,80,0.33,"FALSE","FALSE","FALSE","7.89573428561977","6.52666316588668","1.36907111973309","1.14","0.045","0.048","2,3,4,5,6,7,9,10,11,12,13,87",0.0116882090120074,FALSE,1,2,12,1,11,0.0833333333333333,0.846153846153846
"S.EB.b",21,80,0.33,"FALSE","FALSE","FALSE","8.71859055603689","7.24287652628987","1.47571402974702","0.829","0.044","0.055","1,2,3,4,5,6,9,10,11,12",0.0100357939290686,FALSE,0,3,10,0,10,0,0.769230769230769
"S.EB.b",22,80,0.33,"TRUE","TRUE","FALSE","9.23814548000003","8.27603813680189","0.962107343198138","1.104","0.043","0.059","1,2,3,4,5,6,7,8,9,10,11,12,13",0.00304833909264318,TRUE,0,0,13,0,13,0,1
"S.EB.b",23,80,0.33,"FALSE","FALSE","FALSE","8.64083607912784","7.5552458034335","1.08559027569434","0.775","0.045","0.054","1,2,3,4,5,6,7,8,10,11,12",0.00991631122772707,FALSE,0,2,11,0,11,0,0.846153846153846
"S.EB.b",24,80,0.33,"FALSE","FALSE","FALSE","7.50301773262762","6.4062374412623","1.09678029136531","0.901","0.045","0.05","1,2,3,5,6,8,10,11,12",0.0158891601360426,FALSE,0,4,9,0,9,0,0.692307692307692
"S.EB.b",25,80,0.33,"FALSE","FALSE","FALSE","8.89754561718227","7.6956895662679","1.20185605091437","0.661","0.044","0.052","1,3,4,5,6,7,8,10,11,12,13",0.00541763658543323,FALSE,0,2,11,0,11,0,0.846153846153846
"S.EB.b",26,80,0.33,"FALSE","FALSE","FALSE","10.0244064716924","9.56718415454618","0.457222317146268","0.853","0.048","0.056","1,2,3,4,5,6,8,10,11,12,13",0.00432670444471671,FALSE,0,2,11,0,11,0,0.846153846153846
"S.EB.b",27,80,0.33,"FALSE","FALSE","FALSE","10.7423619507291","8.2114179778249","2.53094397290416","1.314","0.046","0.058","1,2,3,4,5,6,9,10,11,12,13,109",0.0108032833777741,FALSE,1,2,12,1,11,0.0833333333333333,0.846153846153846
"S.EB.b",28,80,0.33,"FALSE","FALSE","FALSE","8.91364064951346","8.27878951151391","0.634851137999557","0.858","0.058","0.054","1,2,3,4,5,6,8,9,10,11,12,13,124",0.00470242968190131,FALSE,1,1,13,1,12,0.0769230769230769,0.923076923076923
"S.EB.b",29,80,0.33,"FALSE","FALSE","FALSE","8.53840679131207","6.41355506984335","2.12485172146872","0.744","0.046","0.049","1,3,4,5,6,7,8,10,12,13,88",0.014016194553459,FALSE,1,3,11,1,10,0.0909090909090909,0.769230769230769
"S.EB.b",3,80,0.33,"FALSE","FALSE","FALSE","8.93112432777179","7.3172099783207","1.6139143494511","1.325","0.046","0.061","1,2,3,4,5,6,8,10,11,12,13",0.00481579164645765,FALSE,0,2,11,0,11,0,0.846153846153846
"S.EB.b",30,80,0.33,"FALSE","FALSE","FALSE","9.29327625630389","8.25349146147132","1.03978479483257","0.932","0.045","0.055","1,3,4,5,6,7,8,9,10,11,12,13",0.00448811241272648,FALSE,0,1,12,0,12,0,0.923076923076923
"S.EB.b",31,80,0.33,"FALSE","FALSE","FALSE","7.87296811122965","6.79996705019242","1.07300106103723","0.873","0.046","0.053","1,3,5,6,8,10,11,12,13",0.012712430798216,FALSE,0,4,9,0,9,0,0.692307692307692
"S.EB.b",32,80,0.33,"FALSE","FALSE","FALSE","8.2215157499532","7.5942048254134","0.627310924539801","0.765","0.044","0.047","1,2,3,4,5,6,8,10,12,13,72",0.0170029336237019,FALSE,1,3,11,1,10,0.0909090909090909,0.769230769230769
"S.EB.b",33,80,0.33,"FALSE","FALSE","FALSE","9.30267862154955","8.23689114803432","1.06578747351523","0.773","0.045","0.047","1,2,3,4,5,6,9,10,11,12,13",0.00491285751527807,FALSE,0,2,11,0,11,0,0.846153846153846
"S.EB.b",34,80,0.33,"FALSE","FALSE","FALSE","8.78414050861929","7.06657671990126","1.71756378871803","1.169","0.047","0.059","1,2,3,4,5,6,10,11,12,13,34",0.00840896774025332,FALSE,1,3,11,1,10,0.0909090909090909,0.769230769230769
"S.EB.b",35,80,0.33,"FALSE","FALSE","FALSE","9.74131381317557","9.02690294905856","0.714410864117014","0.586","0.045","0.058","1,3,4,5,6,7,9,10,11,12,13",0.0102173850568305,FALSE,0,2,11,0,11,0,0.846153846153846
"S.EB.b",36,80,0.33,"FALSE","FALSE","FALSE","9.24268465784146","7.58090913655912","1.66177552128234","1.101","0.043","0.05","1,3,4,5,6,7,8,10,11,12,13,20",0.00803374272248618,FALSE,1,2,12,1,11,0.0833333333333333,0.846153846153846
"S.EB.b",37,80,0.33,"FALSE","FALSE","FALSE","8.75512397970486","8.08683111597312","0.668292863731732","0.555","0.044","0.043","1,2,3,4,5,6,9,10,11,12",0.0107457053825525,FALSE,0,3,10,0,10,0,0.769230769230769
"S.EB.b",38,80,0.33,"FALSE","FALSE","FALSE","7.98796161971515","7.64207882556679","0.345882794148354","0.552","0.048","0.056","1,2,3,5,6,8,10,11,12",0.0168685497355621,FALSE,0,4,9,0,9,0,0.692307692307692
"S.EB.b",39,80,0.33,"FALSE","FALSE","FALSE","8.69911140853229","7.4537153128907","1.24539609564159","0.935","0.047","0.049","1,2,3,4,5,6,8,10,11,12,13",0.00510638992579101,FALSE,0,2,11,0,11,0,0.846153846153846
"S.EB.b",4,80,0.33,"FALSE","FALSE","FALSE","7.59196926988774","6.12984893610248","1.46212033378526","1.066","0.044","0.044","3,4,5,6,7,9,10,11,12,13",0.0128843279802537,FALSE,0,3,10,0,10,0,0.769230769230769
"S.EB.b",40,80,0.33,"FALSE","FALSE","FALSE","8.12088736223085","7.12876150553483","0.992125856696022","1.224","0.048","0.068","1,3,4,5,6,7,8,10,11,12,13",0.00668866194108476,FALSE,0,2,11,0,11,0,0.846153846153846
"S.EB.b",41,80,0.33,"FALSE","FALSE","FALSE","9.1454152338953","7.947200179969","1.1982150539263","0.821","0.045","0.046","1,2,3,4,5,6,7,8,10,11,12,13",0.00413935211963244,FALSE,0,1,12,0,12,0,0.923076923076923
"S.EB.b",42,80,0.33,"FALSE","FALSE","FALSE","7.82082689265315","6.40748035939676","1.41334653325638","1.196","0.044","0.052","1,2,3,4,5,6,10,11,12,13",0.0101994860648838,FALSE,0,3,10,0,10,0,0.769230769230769
"S.EB.b",43,80,0.33,"FALSE","FALSE","FALSE","9.32340891910801","8.7678231208862","0.555585798221813","0.817","0.046","0.047","1,2,3,4,5,6,8,10,11,12,13",0.00472315555606401,FALSE,0,2,11,0,11,0,0.846153846153846
"S.EB.b",44,80,0.33,"FALSE","FALSE","FALSE","8.69027044131729","8.28622052841062","0.404049912906664","0.663","0.047","0.059","1,2,3,4,5,6,8,9,10,11,12,13",0.00353416101411981,FALSE,0,1,12,0,12,0,0.923076923076923
"S.EB.b",45,80,0.33,"FALSE","FALSE","FALSE","8.82320891312709","8.29611702430327","0.527091888823815","0.642","0.043","0.052","1,2,3,4,5,6,10,11,12,13",0.00677707953426496,FALSE,0,3,10,0,10,0,0.769230769230769
"S.EB.b",46,80,0.33,"FALSE","FALSE","FALSE","8.30644474957385","7.80339406746646","0.503050682107386","0.661","0.044","0.05","1,2,3,5,6,8,10,11,12,13",0.010210234354444,FALSE,0,3,10,0,10,0,0.769230769230769
"S.EB.b",47,80,0.33,"FALSE","FALSE","FALSE","9.19592990341019","8.24529829079848","0.950631612611713","0.994","0.048","0.055","1,2,3,4,5,6,8,10,11,12,13",0.00490289476454809,FALSE,0,2,11,0,11,0,0.846153846153846
"S.EB.b",48,80,0.33,"FALSE","FALSE","FALSE","8.63139237929479","8.19104511829539","0.440347260999397","0.561","0.045","0.057","1,3,4,5,6,7,10,11,12,13",0.00711621455889589,FALSE,0,3,10,0,10,0,0.769230769230769
"S.EB.b",49,80,0.33,"FALSE","FALSE","FALSE","8.52155416355017","7.1919420594597","1.32961210409048","0.816","0.052","0.053","1,3,4,5,6,10,11,12,13",0.0144157900080972,FALSE,0,4,9,0,9,0,0.692307692307692
"S.EB.b",5,80,0.33,"FALSE","FALSE","FALSE","8.4919965691715","8.02361833262613","0.468378236545366","0.77","0.049","0.064","1,2,3,4,5,6,7,8,10,11,12",0.00699950150432995,FALSE,0,2,11,0,11,0,0.846153846153846
"S.EB.b",50,80,0.33,"FALSE","FALSE","FALSE","8.42126937417972","7.50526934283591","0.916000031343811","0.836","0.043","0.051","1,2,4,5,6,8,10,11,12,13",0.0150767671482986,FALSE,0,3,10,0,10,0,0.769230769230769
"S.EB.b",51,80,0.33,"FALSE","FALSE","FALSE","8.94171115741915","8.51038305577354","0.431328101645606","0.763","0.043","0.055","1,2,3,4,5,6,8,9,10,11,12,13",0.0028134058237745,FALSE,0,1,12,0,12,0,0.923076923076923
"S.EB.b",52,80,0.33,"FALSE","FALSE","FALSE","7.68157928670738","7.32679359861745","0.354785688089926","0.62","0.046","0.053","1,2,3,4,5,6,10,11,12,13",0.00767797968861519,FALSE,0,3,10,0,10,0,0.769230769230769
"S.EB.b",53,80,0.33,"FALSE","FALSE","FALSE","8.14741425983367","6.38354983323496","1.76386442659871","0.756","0.059","0.062","1,2,3,4,5,6,8,9,10,12,13",0.00950386655872452,FALSE,0,2,11,0,11,0,0.846153846153846
"S.EB.b",54,80,0.33,"FALSE","FALSE","FALSE","9.60599704314215","8.95591958527194","0.650077457870217","1","0.053","0.069","1,2,3,4,5,6,7,8,10,11,12,13",0.00384969659992596,FALSE,0,1,12,0,12,0,0.923076923076923
"S.EB.b",55,80,0.33,"FALSE","FALSE","FALSE","8.76612007508512","7.90463150304312","0.861488572042004","0.903","0.055","0.063","1,2,3,4,5,6,8,10,11,12,13",0.00629611385904948,FALSE,0,2,11,0,11,0,0.846153846153846
"S.EB.b",56,80,0.33,"FALSE","FALSE","FALSE","8.45201933115499","6.59108204844653","1.86093728270847","1.518","0.06","0.068","3,4,5,6,7,9,10,11,12,13",0.0131771959788456,FALSE,0,3,10,0,10,0,0.769230769230769
"S.EB.b",57,80,0.33,"FALSE","FALSE","FALSE","9.12960832063278","7.62158891361137","1.50801940702142","1.206","0.06","0.067","1,2,3,4,5,6,10,11,12,13",0.00622661321789944,FALSE,0,3,10,0,10,0,0.769230769230769
"S.EB.b",58,80,0.33,"FALSE","FALSE","FALSE","8.72575159701763","7.97450797054804","0.751243626469594","0.897","0.049","0.055","1,2,3,4,5,6,7,10,11,12,13",0.0040544242545555,FALSE,0,2,11,0,11,0,0.846153846153846
"S.EB.b",59,80,0.33,"FALSE","FALSE","FALSE","9.2525317390723","8.25930661433564","0.993225124736655","0.887","0.043","0.046","1,2,3,4,5,6,8,9,10,11,12,13",0.00483678938193553,FALSE,0,1,12,0,12,0,0.923076923076923
"S.EB.b",6,80,0.33,"FALSE","FALSE","FALSE","7.46962700108152","6.03271399137361","1.43691300970792","1.141","0.047","0.058","1,2,3,4,5,6,8,9,10,11,12",0.00683582597225396,FALSE,0,2,11,0,11,0,0.846153846153846
"S.EB.b",60,80,0.33,"FALSE","FALSE","FALSE","8.87252218750297","8.35312575265534","0.519396434847634","0.756","0.048","0.044","1,2,3,4,5,6,7,8,10,11,12,24",0.0105161889119137,FALSE,1,2,12,1,11,0.0833333333333333,0.846153846153846
"S.EB.b",61,80,0.33,"FALSE","FALSE","FALSE","9.79722635042977","8.7490782162703","1.04814813415947","1.008","0.048","0.06","1,2,3,4,5,6,8,10,11,12,13",0.0050268415307643,FALSE,0,2,11,0,11,0,0.846153846153846
"S.EB.b",62,80,0.33,"FALSE","FALSE","FALSE","8.39220164721556","5.62567107696208","2.76653057025347","1.116","0.043","0.056","1,3,4,5,6,7,10,11,12,13",0.00873398593097748,FALSE,0,3,10,0,10,0,0.769230769230769
"S.EB.b",63,80,0.33,"FALSE","FALSE","FALSE","8.24376401754056","6.43968094739006","1.8040830701505","0.67","0.047","0.054","1,3,5,6,10,11,12,13,14,34",0.0250631968169499,FALSE,2,5,10,2,8,0.2,0.615384615384615
"S.EB.b",64,80,0.33,"FALSE","FALSE","FALSE","8.1873812282838","5.66871087200817","2.51867035627563","1.269","0.047","0.05","3,4,5,6,7,8,9,12,13",0.0252299031642751,FALSE,0,4,9,0,9,0,0.692307692307692
"S.EB.b",65,80,0.33,"FALSE","FALSE","FALSE","8.20603534962175","7.84531267960218","0.360722670019565","0.663","0.044","0.044","1,2,3,4,5,6,7,10,11,12,13",0.00388069460647355,FALSE,0,2,11,0,11,0,0.846153846153846
"S.EB.b",66,80,0.33,"FALSE","FALSE","FALSE","8.11423557413326","6.92253848814006","1.1916970859932","0.946","0.047","0.052","1,2,3,4,5,6,10,11,12,13",0.0061338025039581,FALSE,0,3,10,0,10,0,0.769230769230769
"S.EB.b",67,80,0.33,"FALSE","FALSE","FALSE","8.4779481127667","6.44509000950081","2.03285810326589","1.086","0.05","0.059","1,2,3,4,5,6,10,11,12,13",0.00677108565972799,FALSE,0,3,10,0,10,0,0.769230769230769
"S.EB.b",68,80,0.33,"FALSE","FALSE","FALSE","8.52594541274199","7.85828938021185","0.667656032530141","0.821","0.047","0.055","1,2,3,4,5,6,7,8,10,11,12",0.00877657428382874,FALSE,0,2,11,0,11,0,0.846153846153846
"S.EB.b",69,80,0.33,"FALSE","FALSE","FALSE","8.54618008095747","7.42290449140053","1.12327558955694","1.061","0.046","0.057","1,3,4,5,6,7,8,10,11,12,13,64",0.00696893241695416,FALSE,1,2,12,1,11,0.0833333333333333,0.846153846153846
"S.EB.b",7,80,0.33,"FALSE","FALSE","FALSE","8.83086626182348","6.09036569991031","2.74050056191317","1.078","0.046","0.057","1,2,3,5,6,8,10,12,13,14",0.0212496281638563,FALSE,1,4,10,1,9,0.1,0.692307692307692
"S.EB.b",70,80,0.33,"FALSE","FALSE","FALSE","9.59757325602198","8.92056081009779","0.677012445924194","0.828","0.043","0.046","1,2,3,4,5,6,8,10,11,12,13",0.00559000397330072,FALSE,0,2,11,0,11,0,0.846153846153846
"S.EB.b",71,80,0.33,"FALSE","FALSE","FALSE","7.13397723101186","4.67092230126367","2.46305492974819","0.637","0.045","0.042","1,2,3,5,6,10,11,12,13",0.0123839464429841,FALSE,0,4,9,0,9,0,0.692307692307692
"S.EB.b",72,80,0.33,"FALSE","FALSE","FALSE","7.92160044190899","7.49087018606762","0.43073025584137","0.604","0.044","0.049","1,2,3,5,6,8,10,11,12,13",0.00996051776123657,FALSE,0,3,10,0,10,0,0.769230769230769
"S.EB.b",73,80,0.33,"FALSE","FALSE","FALSE","8.43026550239126","7.94487943563473","0.485386066756532","0.768","0.044","0.048","1,2,3,4,5,6,7,10,11,12,13",0.00549426246499277,FALSE,0,2,11,0,11,0,0.846153846153846
"S.EB.b",74,80,0.33,"FALSE","FALSE","FALSE","8.30065794332143","7.74072868041593","0.559929262905506","0.695","0.045","0.051","1,2,3,4,5,6,10,11,12,13",0.00815381824617088,FALSE,0,3,10,0,10,0,0.769230769230769
"S.EB.b",75,80,0.33,"FALSE","FALSE","FALSE","7.86843382490522","6.84412325113041","1.02431057377481","0.798","0.044","0.046","1,3,4,5,6,10,11,12,13",0.0134494958980912,FALSE,0,4,9,0,9,0,0.692307692307692
"S.EB.b",76,80,0.33,"FALSE","FALSE","FALSE","8.80477620382002","5.74848327776223","3.05629292605779","0.962","0.05","0.063","1,2,3,4,5,6,7,8,9,10,11",0.0154083727843562,FALSE,0,2,11,0,11,0,0.846153846153846
"S.EB.b",77,80,0.33,"FALSE","FALSE","FALSE","9.91087785847146","8.55291289799814","1.35796496047333","1.011","0.044","0.052","2,3,4,5,6,7,8,9,10,11,12,13,107",0.0121089760495649,FALSE,1,1,13,1,12,0.0769230769230769,0.923076923076923
"S.EB.b",78,80,0.33,"FALSE","FALSE","FALSE","7.92423891321608","6.25633418663357","1.66790472658251","1.224","0.051","0.054","1,3,4,5,6,7,10,11,12,13",0.00776645197266732,FALSE,0,3,10,0,10,0,0.769230769230769
"S.EB.b",79,80,0.33,"FALSE","FALSE","FALSE","7.63941390934755","7.31601258901251","0.323401320335041","0.574","0.041","0.042","1,3,4,5,6,7,10,11,12,13",0.0082003601150856,FALSE,0,3,10,0,10,0,0.769230769230769
"S.EB.b",8,80,0.33,"FALSE","FALSE","FALSE","9.03506667043709","7.44770825047249","1.5873584199646","1.109","0.051","0.058","1,2,3,4,5,6,7,9,10,11,12,13",0.00366077128562359,FALSE,0,1,12,0,12,0,0.923076923076923
"S.EB.b",80,80,0.33,"FALSE","FALSE","FALSE","8.29201579968416","5.90113558929864","2.39088021038552","0.798","0.05","0.054","1,3,4,5,6,10,12,13,108,132",0.0260470604225637,FALSE,2,5,10,2,8,0.2,0.615384615384615
"S.EB.b",81,80,0.33,"FALSE","FALSE","FALSE","7.91063896559624","7.44831001347287","0.462328952123374","0.66","0.046","0.047","1,2,3,4,5,6,10,11,12,13",0.00730073658479269,FALSE,0,3,10,0,10,0,0.769230769230769
"S.EB.b",82,80,0.33,"FALSE","FALSE","FALSE","8.55481042779915","7.89146510445142","0.663345323347738","0.866","0.043","0.046","1,2,4,5,6,7,8,9,10,11,12,13",0.00759186146370492,FALSE,0,1,12,0,12,0,0.923076923076923
"S.EB.b",83,80,0.33,"FALSE","FALSE","FALSE","8.3933962526192","7.10292943904881","1.29046681357039","0.866","0.049","0.055","1,3,4,5,6,10,11,12,13",0.0147528127764664,FALSE,0,4,9,0,9,0,0.692307692307692
"S.EB.b",84,80,0.33,"FALSE","FALSE","FALSE","7.17046442416529","6.07886649831828","1.09159792584701","0.801","0.048","0.047","1,2,3,4,5,6,10,11,12,13",0.00557055839598556,FALSE,0,3,10,0,10,0,0.769230769230769
"S.EB.b",85,80,0.33,"FALSE","FALSE","FALSE","9.33965059791567","8.76948115824908","0.570169439666588","0.611","0.045","0.053","1,2,3,4,5,6,8,10,11,12",0.0102604718976127,FALSE,0,3,10,0,10,0,0.769230769230769
"S.EB.b",86,80,0.33,"FALSE","FALSE","FALSE","8.13650319694733","6.6785674875912","1.45793570935612","0.7","0.043","0.043","1,3,5,6,8,9,10,12,13,108",0.0216970897568829,FALSE,1,4,10,1,9,0.1,0.692307692307692
"S.EB.b",87,80,0.33,"FALSE","FALSE","FALSE","9.14667632993794","7.36532427427628","1.78135205566166","0.936","0.046","0.045","2,3,4,5,6,8,9,10,11,12,13",0.00764654205149269,FALSE,0,2,11,0,11,0,0.846153846153846
"S.EB.b",88,80,0.33,"FALSE","FALSE","FALSE","9.56035762518012","6.06166233431858","3.49869529086154","0.866","0.046","0.063","1,2,3,5,6,10,11,12,13,14,36,116",0.020921739068675,FALSE,3,4,12,3,9,0.25,0.692307692307692
"S.EB.b",89,80,0.33,"FALSE","FALSE","FALSE","8.51252879900526","7.51004142634121","1.00248737266405","0.895","0.046","0.055","1,3,4,5,6,7,9,10,11,12,13,109",0.00717177470820509,FALSE,1,2,12,1,11,0.0833333333333333,0.846153846153846
"S.EB.b",9,80,0.33,"FALSE","FALSE","FALSE","8.5463216665048","5.72490117564003","2.82142049086477","1.41","0.05","0.06","1,3,4,5,6,8,9,10,11,12,13,121",0.0107960938857996,FALSE,1,2,12,1,11,0.0833333333333333,0.846153846153846
"S.EB.b",90,80,0.33,"FALSE","FALSE","FALSE","8.04326420511306","7.09459536565631","0.948668839456749","0.723","0.042","0.052","1,2,3,4,5,6,8,10,11,12",0.00991275003931216,FALSE,0,3,10,0,10,0,0.769230769230769
"S.EB.b",91,80,0.33,"FALSE","FALSE","FALSE","9.55872573991072","8.87945869319553","0.679267046715189","0.747","0.046","0.055","1,3,4,5,6,7,9,10,11,12,13",0.00678933291919445,FALSE,0,2,11,0,11,0,0.846153846153846
"S.EB.b",92,80,0.33,"FALSE","FALSE","FALSE","8.08000454895374","6.51206375561404","1.5679407933397","1.292","0.044","0.058","1,2,3,4,5,6,10,11,12,13",0.00632277579248343,FALSE,0,3,10,0,10,0,0.769230769230769
"S.EB.b",93,80,0.33,"FALSE","FALSE","FALSE","8.26655947624816","7.64431184805139","0.622247628196768","0.602","0.042","0.043","1,2,3,4,5,6,10,11,12,13",0.00952457135261381,FALSE,0,3,10,0,10,0,0.769230769230769
"S.EB.b",94,80,0.33,"FALSE","FALSE","FALSE","8.07805682970602","7.54641585932897","0.531640970377052","0.678","0.049","0.05","1,2,3,4,5,6,10,11,12,13",0.00696941553557379,FALSE,0,3,10,0,10,0,0.769230769230769
"S.EB.b",95,80,0.33,"FALSE","FALSE","FALSE","8.20106455886616","6.892091349431","1.30897320943517","0.926","0.047","0.052","1,2,3,5,6,8,10,11,12,13",0.0101176955706842,FALSE,0,3,10,0,10,0,0.769230769230769
"S.EB.b",96,80,0.33,"FALSE","FALSE","FALSE","8.4505432848819","8.09521448078051","0.355328804101383","0.486","0.045","0.052","1,2,4,5,6,7,8,9,10,11,12,47",0.0147050260149561,FALSE,1,2,12,1,11,0.0833333333333333,0.846153846153846
"S.EB.b",97,80,0.33,"FALSE","FALSE","FALSE","7.57031094381678","6.48140932002241","1.08890162379437","0.761","0.047","0.052","1,2,3,4,5,6,10,11,12",0.0135409171014975,FALSE,0,4,9,0,9,0,0.692307692307692
"S.EB.b",98,80,0.33,"FALSE","FALSE","FALSE","9.71929131628649","8.81353123033838","0.905760085948116","0.986","0.046","0.057","1,2,3,4,5,6,8,9,10,11,12,13",0.00490075432346827,FALSE,0,1,12,0,12,0,0.923076923076923
"S.EB.b",99,80,0.33,"FALSE","FALSE","FALSE","8.27796392597704","7.62349136257709","0.65447256339995","0.775","0.045","0.051","1,2,3,4,5,6,7,9,10,11,12",0.00586433027406926,FALSE,0,2,11,0,11,0,0.846153846153846
"scad.cv",1,80,0.33,"TRUE","TRUE","FALSE","9.62480640486643","9.19761187432774","0.427194530538689","0.689","0.047","0.059","1,2,3,4,5,6,8,10,11,12,13,33",0.0302330404081948,FALSE,1,2,12,1,11,0.0833333333333333,0.846153846153846
"scad.cv",10,80,0.33,"FALSE","FALSE","FALSE","10.0121083908142","8.73145319589239","1.28065519492181","0.785","0.045","0.053","3,4,5,6,8,10,12,13,72,94,108,112",0.0525248344697504,FALSE,4,5,12,4,8,0.333333333333333,0.615384615384615
"scad.cv",100,80,0.33,"FALSE","FALSE","FALSE","9.14107873146442","8.52336289837961","0.617715833084814","0.674","0.045","0.056","1,2,3,4,5,6,10,11,58,62",0.0333683182926117,FALSE,2,5,10,2,8,0.2,0.615384615384615
"scad.cv",11,80,0.33,"FALSE","FALSE","FALSE","9.22763821907944","7.2573341206887","1.97030409839074","1.03","0.046","0.046","1,3,4,5,6,8,10,12,42,56,108,125",0.0355560999930035,FALSE,4,5,12,4,8,0.333333333333333,0.615384615384615
"scad.cv",12,80,0.33,"FALSE","FALSE","FALSE","8.4920214491532","7.95993877008732","0.532082679065882","0.522","0.042","0.043","1,3,4,5,6,10,11,12,13,94",0.030807738358468,FALSE,1,4,10,1,9,0.1,0.692307692307692
"scad.cv",13,80,0.33,"FALSE","FALSE","FALSE","7.8418268968963","7.21666668862954","0.625160208266756","0.736","0.043","0.038","1,3,5,6,10,11,12,13",0.0343883160392352,FALSE,0,5,8,0,8,0,0.615384615384615
"scad.cv",14,80,0.33,"FALSE","FALSE","FALSE","8.07069269051066","7.76933541033502","0.301357280175644","0.674","0.041","0.052","3,4,5,6,7,8,10,12,13",0.0290678021665666,FALSE,0,4,9,0,9,0,0.692307692307692
"scad.cv",15,80,0.33,"TRUE","TRUE","FALSE","9.3679830312214","8.82328255143798","0.544700479783425","0.81","0.047","0.055","1,2,3,5,6,8,10,11,12,13,20,94",0.0266222105707489,FALSE,2,3,12,2,10,0.166666666666667,0.769230769230769
"scad.cv",16,80,0.33,"FALSE","FALSE","FALSE","8.31387572484844","7.42045453982051","0.893421185027923","0.743","0.044","0.053","1,3,4,5,6,8,10,11,12,13,36,50",0.0276943154194702,FALSE,2,3,12,2,10,0.166666666666667,0.769230769230769
"scad.cv",17,80,0.33,"FALSE","FALSE","FALSE","8.21942643053729","6.30305975255359","1.9163666779837","1.04","0.049","0.056","1,3,5,6,10,11,12,13,33,36,94",0.0292108275790664,FALSE,3,5,11,3,8,0.272727272727273,0.615384615384615
"scad.cv",18,80,0.33,"FALSE","FALSE","FALSE","9.00564740468432","8.24542064922885","0.760226755455473","0.728","0.046","0.052","1,4,5,6,8,10,11,12,20,27,74,78",0.0387581240295493,FALSE,4,5,12,4,8,0.333333333333333,0.615384615384615
"scad.cv",19,80,0.33,"FALSE","FALSE","FALSE","8.6343041095471","8.05880842445374","0.575495685093351","0.573","0.043","0.042","1,2,3,5,6,10,12,13,20,53,108,118",0.0518563808052718,FALSE,4,5,12,4,8,0.333333333333333,0.615384615384615
"scad.cv",2,80,0.33,"FALSE","FALSE","FALSE","8.08941148679338","7.58044012531906","0.508971361474313","0.639","0.044","0.045","1,3,4,5,6,10,11,12,13",0.0291705321396812,FALSE,0,4,9,0,9,0,0.692307692307692
"scad.cv",20,80,0.33,"FALSE","FALSE","FALSE","7.89573428561977","6.52666316588668","1.36907111973309","1.14","0.045","0.048","3,4,5,6,7,8,10,12,13,64,74,82,87",0.0311494404541376,FALSE,4,4,13,4,9,0.307692307692308,0.692307692307692
"scad.cv",21,80,0.33,"FALSE","FALSE","FALSE","8.71859055603689","7.24287652628987","1.47571402974702","0.829","0.044","0.055","1,2,3,4,5,6,10,11,12,33,53,58",0.0171913213137233,FALSE,3,4,12,3,9,0.25,0.692307692307692
"scad.cv",22,80,0.33,"TRUE","TRUE","FALSE","9.23814548000003","8.27603813680189","0.962107343198138","1.104","0.043","0.059","1,2,3,4,5,6,7,8,9,10,11,12,13,15,17,20,22,26,66,80,84,107,108,109,121,124,128",0.00910202522503242,FALSE,14,0,27,14,13,0.518518518518518,1
"scad.cv",23,80,0.33,"FALSE","FALSE","FALSE","8.64083607912784","7.5552458034335","1.08559027569434","0.775","0.045","0.054","2,3,4,5,6,7,9,10,11,87",0.0426750888703914,FALSE,1,4,10,1,9,0.1,0.692307692307692
"scad.cv",24,80,0.33,"FALSE","FALSE","FALSE","7.50301773262762","6.4062374412623","1.09678029136531","0.901","0.045","0.05","1,5,6,8,10,11,12,26,33,36,82",0.037898315164382,FALSE,4,6,11,4,7,0.363636363636364,0.538461538461538
"scad.cv",25,80,0.33,"FALSE","FALSE","FALSE","8.89754561718227","7.6956895662679","1.20185605091437","0.661","0.044","0.052","1,3,4,5,6,8,10,12,13,42,44,53,108,127",0.0490163451283103,FALSE,5,4,14,5,9,0.357142857142857,0.692307692307692
"scad.cv",26,80,0.33,"FALSE","FALSE","FALSE","10.0244064716924","9.56718415454618","0.457222317146268","0.853","0.048","0.056","1,2,3,4,5,6,8,10,11,12,13,56,72,108,125",0.0288220352391776,FALSE,4,2,15,4,11,0.266666666666667,0.846153846153846
"scad.cv",27,80,0.33,"FALSE","FALSE","FALSE","10.7423619507291","8.2114179778249","2.53094397290416","1.314","0.046","0.058","1,2,3,4,5,6,8,9,10,11,12,13,22,27,34,44,47,51,63,103,104,108,109,125,131",0.0180879518914343,FALSE,13,1,25,13,12,0.52,0.923076923076923
"scad.cv",28,80,0.33,"FALSE","FALSE","FALSE","8.91364064951346","8.27878951151391","0.634851137999557","0.858","0.058","0.054","1,3,5,6,8,10,11,12,13,33",0.0281049115907818,FALSE,1,4,10,1,9,0.1,0.692307692307692
"scad.cv",29,80,0.33,"FALSE","FALSE","FALSE","8.53840679131207","6.41355506984335","2.12485172146872","0.744","0.046","0.049","3,4,5,6,8,12,13,108,127",0.0400358577507428,FALSE,2,6,9,2,7,0.222222222222222,0.538461538461538
"scad.cv",3,80,0.33,"FALSE","FALSE","FALSE","8.93112432777179","7.3172099783207","1.6139143494511","1.325","0.046","0.061","1,2,3,4,5,6,8,10,12,13,14,22,28,37,45,51,60,66,84,90,104,108,111,120,128,131,132",0.0178966207689772,FALSE,17,3,27,17,10,0.62962962962963,0.769230769230769
"scad.cv",30,80,0.33,"FALSE","FALSE","FALSE","9.29327625630389","8.25349146147132","1.03978479483257","0.932","0.045","0.055","1,2,3,4,5,6,7,8,9,10,11,12,13,14,22,31,42,44,55,76,98,100,103,104,108,115,125,126,127",0.00931269744947572,FALSE,16,0,29,16,13,0.551724137931034,1
"scad.cv",31,80,0.33,"FALSE","FALSE","FALSE","7.87296811122965","6.79996705019242","1.07300106103723","0.873","0.046","0.053","1,3,5,6,8,10,12,13,36,42,58,64,108,131",0.0506441459498876,FALSE,6,5,14,6,8,0.428571428571429,0.615384615384615
"scad.cv",32,80,0.33,"FALSE","FALSE","FALSE","8.2215157499532","7.5942048254134","0.627310924539801","0.765","0.044","0.047","1,2,3,4,5,6,8,10,12,13,21,44,108",0.0323494409627443,FALSE,3,3,13,3,10,0.230769230769231,0.769230769230769
"scad.cv",33,80,0.33,"FALSE","FALSE","FALSE","9.30267862154955","8.23689114803432","1.06578747351523","0.773","0.045","0.047","3,4,5,6,8,10,12,13,42,53,64,72,108,120,127",0.0540954194834928,FALSE,7,5,15,7,8,0.466666666666667,0.615384615384615
"scad.cv",34,80,0.33,"FALSE","FALSE","FALSE","8.78414050861929","7.06657671990126","1.71756378871803","1.169","0.047","0.059","1,3,4,5,6,10,12,13,16,34,53,91,109",0.0285140700369041,FALSE,5,5,13,5,8,0.384615384615385,0.615384615384615
"scad.cv",35,80,0.33,"FALSE","FALSE","FALSE","9.74131381317557","9.02690294905856","0.714410864117014","0.586","0.045","0.058","1,3,4,5,6,9,10,12,13,34,42,56,64,129",0.037566006904683,FALSE,5,4,14,5,9,0.357142857142857,0.692307692307692
"scad.cv",36,80,0.33,"FALSE","FALSE","FALSE","9.24268465784146","7.58090913655912","1.66177552128234","1.101","0.043","0.05","3,4,5,6,7,8,10,12,13,20,29,108,127",0.0310385428793492,FALSE,4,4,13,4,9,0.307692307692308,0.692307692307692
"scad.cv",37,80,0.33,"FALSE","FALSE","FALSE","8.75512397970486","8.08683111597312","0.668292863731732","0.555","0.044","0.043","1,2,3,5,6,10,11,12,94",0.0362208127899162,FALSE,1,5,9,1,8,0.111111111111111,0.615384615384615
"scad.cv",38,80,0.33,"FALSE","FALSE","FALSE","7.98796161971515","7.64207882556679","0.345882794148354","0.552","0.048","0.056","1,2,5,6,10,11,12,14,30,52,70,97,98,103,104,106,116",0.0549504298085702,FALSE,10,6,17,10,7,0.588235294117647,0.538461538461538
"scad.cv",39,80,0.33,"FALSE","FALSE","FALSE","8.69911140853229","7.4537153128907","1.24539609564159","0.935","0.047","0.049","1,3,4,5,6,8,10,12,13,45,64,72",0.0375702354424001,FALSE,3,4,12,3,9,0.25,0.692307692307692
"scad.cv",4,80,0.33,"FALSE","FALSE","FALSE","7.59196926988774","6.12984893610248","1.46212033378526","1.066","0.044","0.044","3,4,5,6,8,10,12,13,42,108,115,120,131",0.0554005615678251,FALSE,5,5,13,5,8,0.384615384615385,0.615384615384615
"scad.cv",40,80,0.33,"FALSE","FALSE","FALSE","8.12088736223085","7.12876150553483","0.992125856696022","1.224","0.048","0.068","1,2,3,4,5,6,7,8,10,11,12,13,17,28,29,34,37,61,66,68,69,104,111,115,125",0.00926458965851443,FALSE,13,1,25,13,12,0.52,0.923076923076923
"scad.cv",41,80,0.33,"FALSE","FALSE","FALSE","9.1454152338953","7.947200179969","1.1982150539263","0.821","0.045","0.046","1,3,4,5,6,8,10,12,105,125",0.0318252011460852,FALSE,2,5,10,2,8,0.2,0.615384615384615
"scad.cv",42,80,0.33,"FALSE","FALSE","FALSE","7.82082689265315","6.40748035939676","1.41334653325638","1.196","0.044","0.052","4,6,10,12,13,57,64,66,82,83,88,114,119,123",0.0703918826924253,FALSE,9,8,14,9,5,0.642857142857143,0.384615384615385
"scad.cv",43,80,0.33,"FALSE","FALSE","FALSE","9.32340891910801","8.7678231208862","0.555585798221813","0.817","0.046","0.047","1,2,3,4,5,6,8,10,11,12,13,108",0.029385236246341,FALSE,1,2,12,1,11,0.0833333333333333,0.846153846153846
"scad.cv",44,80,0.33,"FALSE","FALSE","FALSE","8.69027044131729","8.28622052841062","0.404049912906664","0.663","0.047","0.059","1,2,4,5,6,8,10,11,12",0.0324752077847443,FALSE,0,4,9,0,9,0,0.692307692307692
"scad.cv",45,80,0.33,"FALSE","FALSE","FALSE","8.82320891312709","8.29611702430327","0.527091888823815","0.642","0.043","0.052","1,2,4,5,6,10,11,12",0.0328469847650728,FALSE,0,5,8,0,8,0,0.615384615384615
"scad.cv",46,80,0.33,"FALSE","FALSE","FALSE","8.30644474957385","7.80339406746646","0.503050682107386","0.661","0.044","0.05","1,3,5,6,10,12,13",0.025884580401681,FALSE,0,6,7,0,7,0,0.538461538461538
"scad.cv",47,80,0.33,"FALSE","FALSE","FALSE","9.19592990341019","8.24529829079848","0.950631612611713","0.994","0.048","0.055","3,4,5,6,8,10,12,13,20,42,58,81,108,118,130,132",0.0526876882435842,FALSE,8,5,16,8,8,0.5,0.615384615384615
"scad.cv",48,80,0.33,"FALSE","FALSE","FALSE","8.63139237929479","8.19104511829539","0.440347260999397","0.561","0.045","0.057","1,3,5,6,10,11,12,13",0.0187236043226704,FALSE,0,5,8,0,8,0,0.615384615384615
"scad.cv",49,80,0.33,"FALSE","FALSE","FALSE","8.52155416355017","7.1919420594597","1.32961210409048","0.816","0.052","0.053","1,3,5,6,10,11,12,13,16,91,116",0.036709766500983,FALSE,3,5,11,3,8,0.272727272727273,0.615384615384615
"scad.cv",5,80,0.33,"FALSE","FALSE","FALSE","8.4919965691715","8.02361833262613","0.468378236545366","0.77","0.049","0.064","1,2,3,4,5,6,7,8,10,11,12,13,14,27,31,34,47,51,56,68,80,88,90,98,117",0.00836724599379055,FALSE,13,1,25,13,12,0.52,0.923076923076923
"scad.cv",50,80,0.33,"FALSE","FALSE","FALSE","8.42126937417972","7.50526934283591","0.916000031343811","0.836","0.043","0.051","1,2,4,5,6,8,9,10,11,22,23,34,39,45,73,75,104,111,115,127,128",0.0737142941358601,FALSE,12,4,21,12,9,0.571428571428571,0.692307692307692
"scad.cv",51,80,0.33,"FALSE","FALSE","FALSE","8.94171115741915","8.51038305577354","0.431328101645606","0.763","0.043","0.055","1,2,4,5,6,8,10,11,13,52,73,97,103",0.0475091910612044,FALSE,4,4,13,4,9,0.307692307692308,0.692307692307692
"scad.cv",52,80,0.33,"FALSE","FALSE","FALSE","7.68157928670738","7.32679359861745","0.354785688089926","0.62","0.046","0.053","1,3,5,6,10,11,12,13",0.0253814098228154,FALSE,0,5,8,0,8,0,0.615384615384615
"scad.cv",53,80,0.33,"FALSE","FALSE","FALSE","8.14741425983367","6.38354983323496","1.76386442659871","0.756","0.059","0.062","4,9,10,12,13,31,32,66,73,82,90,99,101,121,123",0.0957271189809986,FALSE,10,8,15,10,5,0.666666666666667,0.384615384615385
"scad.cv",54,80,0.33,"FALSE","FALSE","FALSE","9.60599704314215","8.95591958527194","0.650077457870217","1","0.053","0.069","2,3,4,5,6,8,10,11,30,59,69,80,92",0.0560194237108158,FALSE,5,5,13,5,8,0.384615384615385,0.615384615384615
"scad.cv",55,80,0.33,"FALSE","FALSE","FALSE","8.76612007508512","7.90463150304312","0.861488572042004","0.903","0.055","0.063","1,2,3,4,5,6,10,11,12,13,33,53,94,97",0.0295955257810298,FALSE,4,3,14,4,10,0.285714285714286,0.769230769230769
"scad.cv",56,80,0.33,"FALSE","FALSE","FALSE","8.45201933115499","6.59108204844653","1.86093728270847","1.518","0.06","0.068","1,3,4,5,6,10,11,12,16,33,34,53,94,103",0.0383525457180451,FALSE,6,5,14,6,8,0.428571428571429,0.615384615384615
"scad.cv",57,80,0.33,"FALSE","FALSE","FALSE","9.12960832063278","7.62158891361137","1.50801940702142","1.206","0.06","0.067","1,2,3,4,5,6,8,9,10,11,12,13,22,26,33,35,40,49,70,73,80,84,94,100,104,109,118,125,128",0.0152513840987853,FALSE,17,1,29,17,12,0.586206896551724,0.923076923076923
"scad.cv",58,80,0.33,"FALSE","FALSE","FALSE","8.72575159701763","7.97450797054804","0.751243626469594","0.897","0.049","0.055","1,3,5,6,10,11,12,13,16,53,66",0.0257593633674563,FALSE,3,5,11,3,8,0.272727272727273,0.615384615384615
"scad.cv",59,80,0.33,"FALSE","FALSE","FALSE","9.2525317390723","8.25930661433564","0.993225124736655","0.887","0.043","0.046","2,3,4,5,6,8,10,12,13,42,108,110,127",0.052774893931134,FALSE,4,4,13,4,9,0.307692307692308,0.692307692307692
"scad.cv",6,80,0.33,"FALSE","FALSE","FALSE","7.46962700108152","6.03271399137361","1.43691300970792","1.141","0.047","0.058","1,4,5,6,9,10,11,12,13,17,20,32,56,64,66,77,82,93,110,121,123",0.0894708034317594,FALSE,12,4,21,12,9,0.571428571428571,0.692307692307692
"scad.cv",60,80,0.33,"FALSE","FALSE","FALSE","8.87252218750297","8.35312575265534","0.519396434847634","0.756","0.048","0.044","1,3,4,5,6,8,10,11,12,13",0.0239356229125078,FALSE,0,3,10,0,10,0,0.769230769230769
"scad.cv",61,80,0.33,"FALSE","FALSE","FALSE","9.79722635042977","8.7490782162703","1.04814813415947","1.008","0.048","0.06","4,6,7,10,12,13,64,66,74,77,86,91,92,99,108,127",0.07928814192331,FALSE,10,7,16,10,6,0.625,0.461538461538462
"scad.cv",62,80,0.33,"FALSE","FALSE","FALSE","8.39220164721556","5.62567107696208","2.76653057025347","1.116","0.043","0.056","2,4,6,10,11,37,41,69,75,82,99,105,106,119",0.0977068986423033,FALSE,9,8,14,9,5,0.642857142857143,0.384615384615385
"scad.cv",63,80,0.33,"FALSE","FALSE","FALSE","8.24376401754056","6.43968094739006","1.8040830701505","0.67","0.047","0.054","1,3,5,6,10,11,12,34",0.0322250912706762,FALSE,1,6,8,1,7,0.125,0.538461538461538
"scad.cv",64,80,0.33,"FALSE","FALSE","FALSE","8.1873812282838","5.66871087200817","2.51867035627563","1.269","0.047","0.05","3,4,5,6,12,13,64,98,114",0.0475776702345003,FALSE,3,7,9,3,6,0.333333333333333,0.461538461538462
"scad.cv",65,80,0.33,"FALSE","FALSE","FALSE","8.20603534962175","7.84531267960218","0.360722670019565","0.663","0.044","0.044","1,3,5,6,8,10,11,12,13",0.0289127122670129,FALSE,0,4,9,0,9,0,0.692307692307692
"scad.cv",66,80,0.33,"FALSE","FALSE","FALSE","8.11423557413326","6.92253848814006","1.1916970859932","0.946","0.047","0.052","1,2,4,5,6,10,11,44,70",0.0359800879537699,FALSE,2,6,9,2,7,0.222222222222222,0.538461538461538
"scad.cv",67,80,0.33,"FALSE","FALSE","FALSE","8.4779481127667","6.44509000950081","2.03285810326589","1.086","0.05","0.059","3,4,5,6,10,12,13,20,53,72,108,127",0.0432687688470269,FALSE,5,6,12,5,7,0.416666666666667,0.538461538461538
"scad.cv",68,80,0.33,"FALSE","FALSE","FALSE","8.52594541274199","7.85828938021185","0.667656032530141","0.821","0.047","0.055","1,2,3,4,5,6,8,10,11,73",0.0335744640639398,FALSE,1,4,10,1,9,0.1,0.692307692307692
"scad.cv",69,80,0.33,"FALSE","FALSE","FALSE","8.54618008095747","7.42290449140053","1.12327558955694","1.061","0.046","0.057","1,2,3,5,6,8,10,11,12,13,53,70,97,119",0.0274725163117122,FALSE,4,3,14,4,10,0.285714285714286,0.769230769230769
"scad.cv",7,80,0.33,"FALSE","FALSE","FALSE","8.83086626182348","6.09036569991031","2.74050056191317","1.078","0.046","0.057","1,2,3,5,6,8,10,11,12,14,26,70,109",0.0320093088804776,FALSE,4,4,13,4,9,0.307692307692308,0.692307692307692
"scad.cv",70,80,0.33,"FALSE","FALSE","FALSE","9.59757325602198","8.92056081009779","0.677012445924194","0.828","0.043","0.046","1,3,4,5,6,8,10,11,12,13,36,42,66",0.032779213935028,FALSE,3,3,13,3,10,0.230769230769231,0.769230769230769
"scad.cv",71,80,0.33,"FALSE","FALSE","FALSE","7.13397723101186","4.67092230126367","2.46305492974819","0.637","0.045","0.042","3,5,6,10,12,13,42,64,108",0.0575274785188249,FALSE,3,7,9,3,6,0.333333333333333,0.461538461538462
"scad.cv",72,80,0.33,"FALSE","FALSE","FALSE","7.92160044190899","7.49087018606762","0.43073025584137","0.604","0.044","0.049","1,2,3,5,6,10,11,12,13",0.0248413504667871,FALSE,0,4,9,0,9,0,0.692307692307692
"scad.cv",73,80,0.33,"FALSE","FALSE","FALSE","8.43026550239126","7.94487943563473","0.485386066756532","0.768","0.044","0.048","1,3,4,5,6,10,11,12,13,36,52,94,125",0.0350668018682709,FALSE,4,4,13,4,9,0.307692307692308,0.692307692307692
"scad.cv",74,80,0.33,"FALSE","FALSE","FALSE","8.30065794332143","7.74072868041593","0.559929262905506","0.695","0.045","0.051","1,2,3,4,5,6,8,10,11,12,13,14,17,22,26,28,34,41,47,51,61,73,104,108,123,125,133",0.0118242358596098,FALSE,16,2,27,16,11,0.592592592592593,0.846153846153846
"scad.cv",75,80,0.33,"FALSE","FALSE","FALSE","7.86843382490522","6.84412325113041","1.02431057377481","0.798","0.044","0.046","1,3,5,6,8,10,11,12,13,36",0.0321694085082925,FALSE,1,4,10,1,9,0.1,0.692307692307692
"scad.cv",76,80,0.33,"FALSE","FALSE","FALSE","8.80477620382002","5.74848327776223","3.05629292605779","0.962","0.05","0.063","1,3,6,10,12,13,14,16,36,82,91,103,121",0.062292226937586,FALSE,7,7,13,7,6,0.538461538461538,0.461538461538462
"scad.cv",77,80,0.33,"FALSE","FALSE","FALSE","9.91087785847146","8.55291289799814","1.35796496047333","1.011","0.044","0.052","1,2,3,4,5,6,7,8,9,10,11,12,13,22,34,42,61,63,80,84,103,104,107,110,121,132",0.0179285263196943,FALSE,13,0,26,13,13,0.5,1
"scad.cv",78,80,0.33,"FALSE","FALSE","FALSE","7.92423891321608","6.25633418663357","1.66790472658251","1.224","0.051","0.054","3,5,6,8,10,12,13,42,72,108,125",0.0460041442479979,FALSE,4,6,11,4,7,0.363636363636364,0.538461538461538
"scad.cv",79,80,0.33,"FALSE","FALSE","FALSE","7.63941390934755","7.31601258901251","0.323401320335041","0.574","0.041","0.042","1,3,4,5,6,10,11,12,13",0.0307705059946732,FALSE,0,4,9,0,9,0,0.692307692307692
"scad.cv",8,80,0.33,"FALSE","FALSE","FALSE","9.03506667043709","7.44770825047249","1.5873584199646","1.109","0.051","0.058","1,3,5,6,10,11,12,13,14,91",0.0342548215982773,FALSE,2,5,10,2,8,0.2,0.615384615384615
"scad.cv",80,80,0.33,"FALSE","FALSE","FALSE","8.29201579968416","5.90113558929864","2.39088021038552","0.798","0.05","0.054","3,4,5,6,10,12,13,108,132",0.0606175875335342,FALSE,2,6,9,2,7,0.222222222222222,0.538461538461538
"scad.cv",81,80,0.33,"FALSE","FALSE","FALSE","7.91063896559624","7.44831001347287","0.462328952123374","0.66","0.046","0.047","1,3,5,6,10,11,12,13",0.0335747575143613,FALSE,0,5,8,0,8,0,0.615384615384615
"scad.cv",82,80,0.33,"FALSE","FALSE","FALSE","8.55481042779915","7.89146510445142","0.663345323347738","0.866","0.043","0.046","1,2,3,5,6,10,11,12,70",0.0339171627929776,FALSE,1,5,9,1,8,0.111111111111111,0.615384615384615
"scad.cv",83,80,0.33,"FALSE","FALSE","FALSE","8.3933962526192","7.10292943904881","1.29046681357039","0.866","0.049","0.055","1,3,5,6,10,12,13,66,94",0.0361412360363282,FALSE,2,6,9,2,7,0.222222222222222,0.538461538461538
"scad.cv",84,80,0.33,"FALSE","FALSE","FALSE","7.17046442416529","6.07886649831828","1.09159792584701","0.801","0.048","0.047","3,4,5,6,10,12,13,81,108",0.0465444207442119,FALSE,2,6,9,2,7,0.222222222222222,0.538461538461538
"scad.cv",85,80,0.33,"FALSE","FALSE","FALSE","9.33965059791567","8.76948115824908","0.570169439666588","0.611","0.045","0.053","1,2,3,4,5,6,9,10,11,30,36,37,59,77,80,83,85,87,97,124",0.0507293186555169,FALSE,11,4,20,11,9,0.55,0.692307692307692
"scad.cv",86,80,0.33,"FALSE","FALSE","FALSE","8.13650319694733","6.6785674875912","1.45793570935612","0.7","0.043","0.043","3,5,6,8,10,12,13,72,74,108,110",0.0565875205296069,FALSE,4,6,11,4,7,0.363636363636364,0.538461538461538
"scad.cv",87,80,0.33,"FALSE","FALSE","FALSE","9.14667632993794","7.36532427427628","1.78135205566166","0.936","0.046","0.045","3,4,5,6,8,10,12,13,42,108,125",0.0419263443564111,FALSE,3,5,11,3,8,0.272727272727273,0.615384615384615
"scad.cv",88,80,0.33,"FALSE","FALSE","FALSE","9.56035762518012","6.06166233431858","3.49869529086154","0.866","0.046","0.063","1,3,6,10,11,12,13,14,36,49,71,107,109",0.0560376406682007,FALSE,6,6,13,6,7,0.461538461538462,0.538461538461538
"scad.cv",89,80,0.33,"FALSE","FALSE","FALSE","8.51252879900526","7.51004142634121","1.00248737266405","0.895","0.046","0.055","1,3,5,6,10,11,12,13,36,42",0.0222564685279182,FALSE,2,5,10,2,8,0.2,0.615384615384615
"scad.cv",9,80,0.33,"FALSE","FALSE","FALSE","8.5463216665048","5.72490117564003","2.82142049086477","1.41","0.05","0.06","4,6,9,10,12,13,16,39,57,66,77,121",0.0644100091720262,FALSE,6,7,12,6,6,0.5,0.461538461538462
"scad.cv",90,80,0.33,"FALSE","FALSE","FALSE","8.04326420511306","7.09459536565631","0.948668839456749","0.723","0.042","0.052","1,3,4,5,6,10,11,12,13,36,53",0.0301158143327486,FALSE,2,4,11,2,9,0.181818181818182,0.692307692307692
"scad.cv",91,80,0.33,"FALSE","FALSE","FALSE","9.55872573991072","8.87945869319553","0.679267046715189","0.747","0.046","0.055","1,2,3,4,5,6,10,11,12,13,14,22,26,31,40,55,68,73,76,80,82,84,85,100,104,108,125,133",0.0153602305239308,FALSE,18,3,28,18,10,0.642857142857143,0.769230769230769
"scad.cv",92,80,0.33,"FALSE","FALSE","FALSE","8.08000454895374","6.51206375561404","1.5679407933397","1.292","0.044","0.058","4,5,6,10,12,13,43,64,74,114,125",0.0441819936923565,FALSE,5,7,11,5,6,0.454545454545455,0.461538461538462
"scad.cv",93,80,0.33,"FALSE","FALSE","FALSE","8.26655947624816","7.64431184805139","0.622247628196768","0.602","0.042","0.043","1,3,5,6,10,11,12,13,31,108",0.0310847980485128,FALSE,2,5,10,2,8,0.2,0.615384615384615
"scad.cv",94,80,0.33,"FALSE","FALSE","FALSE","8.07805682970602","7.54641585932897","0.531640970377052","0.678","0.049","0.05","1,3,5,6,10,11,12,13",0.0238365320598789,FALSE,0,5,8,0,8,0,0.615384615384615
"scad.cv",95,80,0.33,"FALSE","FALSE","FALSE","8.20106455886616","6.892091349431","1.30897320943517","0.926","0.047","0.052","3,5,6,8,10,12,13,20,53,58,99,108",0.0620389807199986,FALSE,5,6,12,5,7,0.416666666666667,0.538461538461538
"scad.cv",96,80,0.33,"FALSE","FALSE","FALSE","8.4505432848819","8.09521448078051","0.355328804101383","0.486","0.045","0.052","1,2,3,4,5,6,10,11,12,54,97",0.0247949968505492,FALSE,2,4,11,2,9,0.181818181818182,0.692307692307692
"scad.cv",97,80,0.33,"FALSE","FALSE","FALSE","7.57031094381678","6.48140932002241","1.08890162379437","0.761","0.047","0.052","1,2,4,5,6,10,11,12,44,53,70",0.0354929539726164,FALSE,3,5,11,3,8,0.272727272727273,0.615384615384615
"scad.cv",98,80,0.33,"FALSE","FALSE","FALSE","9.71929131628649","8.81353123033838","0.905760085948116","0.986","0.046","0.057","1,2,3,4,5,6,8,9,10,11,12,13,22,31,35,37,63,100,104,108,109,117,125",0.0111473758513668,FALSE,11,1,23,11,12,0.478260869565217,0.923076923076923
"scad.cv",99,80,0.33,"FALSE","FALSE","FALSE","8.27796392597704","7.62349136257709","0.65447256339995","0.775","0.045","0.051","1,3,4,5,6,10,11,12,14,53",0.0269456856267442,FALSE,2,5,10,2,8,0.2,0.615384615384615
