"method","sim","n","betamin","is.true.model.intop.kappa.o","is.true.model.intop.kappa.oplusLASSO","is.s.hat.nan","s.hat","s0.hat","s1.hat","time.l0","time.lasso.cv","time.scad.cv","sel.model","est.mse","recovery","nb.tI.b0","nb.tI.b1","nb.tII.b0","nb.tII.b1","est.size","FP","TP","FDR","power"
"EBIC",1,60,0.33,"FALSE","FALSE","FALSE","7.92146773762587","5.11259324699358","2.80887449063228","0.619","0.046","0.037","2,3,4,6,19,63,80,90,91,92,93,94",0.0189193452171969,FALSE,3,0,2,1,12,3,9,0.25,0.75
"EBIC",10,60,0.33,"FALSE","FALSE","FALSE","7.11448120957385","4.49312433577168","2.62135687380217","0.599","0.04","0.038","1,3,4,5,6,90,91,93,94",0.0154377113145299,FALSE,0,0,1,2,9,0,9,0,0.75
"EBIC",100,60,0.33,"FALSE","FALSE","FALSE","8.25525176371019","3.93574523445863","4.31950652925156","1.144","0.049","0.043","2,4,6,57,89,90,91,92,93,94",0.0131243376501277,FALSE,1,0,3,0,10,1,9,0.1,0.75
"EBIC",11,60,0.33,"FALSE","FALSE","FALSE","7.38314656627843","4.38826272681847","2.99488383945995","0.601","0.042","0.044","2,3,4,6,39,91,92,94",0.0238516011960509,FALSE,1,0,2,3,8,1,7,0.125,0.583333333333333
"EBIC",12,60,0.33,"FALSE","FALSE","FALSE","7.02775397475792","3.94614561185166","3.08160836290626","0.866","0.044","0.042","15,18,54,72,74,79,90,91,93,94,97,101",0.0772868092021841,FALSE,6,2,6,2,12,8,4,0.666666666666667,0.333333333333333
"EBIC",13,60,0.33,"FALSE","FALSE","FALSE","7.37387036183713","3.91816036554668","3.45570999629045","0.526","0.038","0.032","3,4,5,6,91,92,94,99",0.0257218944944088,FALSE,0,1,2,3,8,1,7,0.125,0.583333333333333
"EBIC",14,60,0.33,"FALSE","FALSE","FALSE","7.75537871314769","4.37010180833282","3.38527690481486","0.401","0.04","0.04","1,3,5,6,90,91,93,94",0.0246316540601055,FALSE,0,0,2,2,8,0,8,0,0.666666666666667
"EBIC",15,60,0.33,"FALSE","FALSE","FALSE","6.55940297592495","4.13167850419267","2.42772447173229","0.44","0.039","0.036","3,4,5,6,60,90,91,92,94",0.0179801037409339,FALSE,1,0,2,2,9,1,8,0.111111111111111,0.666666666666667
"EBIC",16,60,0.33,"FALSE","FALSE","FALSE","7.24662341157891","4.28794725567266","2.95867615590625","0.55","0.038","0.036","2,3,4,6,19,59,64,76,91,92",0.043251794986039,FALSE,4,0,2,4,10,4,6,0.4,0.5
"EBIC",17,60,0.33,"FALSE","FALSE","FALSE","6.68886371074631","4.23569187311473","2.45317183763158","0.321","0.039","0.035","1,3,5,6,91,92,94",0.0313731158209603,FALSE,0,0,2,3,7,0,7,0,0.583333333333333
"EBIC",18,60,0.33,"FALSE","FALSE","FALSE","8.89101765352414","5.71244394859626","3.17857370492788","0.911","0.045","0.044","1,2,4,6,10,62,69,71,77,90,91,92,94",0.0276346421527385,FALSE,5,0,2,2,13,5,8,0.384615384615385,0.666666666666667
"EBIC",19,60,0.33,"FALSE","FALSE","FALSE","6.08760126811162","4.14890749326479","1.93869377484683","0.931","0.044","0.041","2,4,6,19,27,86,90,91,92",0.0447511737111777,FALSE,3,0,3,3,9,3,6,0.333333333333333,0.5
"EBIC",2,60,0.33,"FALSE","FALSE","FALSE","6.66521788511765","4.01099303187213","2.65422485324551","0.667","0.04","0.037","4,6,40,49,68,91,92,94,98",0.046318600709289,FALSE,3,1,4,3,9,4,5,0.444444444444444,0.416666666666667
"EBIC",20,60,0.33,"FALSE","FALSE","FALSE","6.99776995089225","3.33096513013545","3.6668048207568","0.817","0.039","0.037","2,3,4,6,90,91,92,93,94",0.0104108578223355,FALSE,0,0,2,1,9,0,9,0,0.75
"EBIC",21,60,0.33,"FALSE","FALSE","FALSE","8.01518581175803","4.57568620812725","3.43949960363077","0.532","0.043","0.037","1,3,5,6,39,87,90,91,93,94,101",0.0386965356713855,FALSE,2,1,2,2,11,3,8,0.272727272727273,0.666666666666667
"EBIC",22,60,0.33,"FALSE","FALSE","FALSE","6.61442225344063","3.12571479710961","3.48870745633102","0.699","0.039","0.034","2,3,4,6,90,91,92,93,94",0.0120246897338966,FALSE,0,0,2,1,9,0,9,0,0.75
"EBIC",23,60,0.33,"FALSE","FALSE","FALSE","6.34612155615231","4.07048843043213","2.27563312572019","0.745","0.039","0.043","2,4,6,30,49,91,92,94",0.0420917063784086,FALSE,2,0,3,3,8,2,6,0.25,0.5
"EBIC",24,60,0.33,"FALSE","FALSE","FALSE","6.37914171279924","3.82910672680771","2.55003498599153","1.03","0.044","0.039","7,15,28,31,39,86,90,92,93,95",0.114051816476745,FALSE,6,1,6,3,10,7,3,0.7,0.25
"EBIC",25,60,0.33,"FALSE","FALSE","FALSE","6.87325512236198","3.58681512246174","3.28643999990023","0.725","0.04","0.039","7,31,54,78,88,89,90,93,101",0.105009158485559,FALSE,5,1,6,3,9,6,3,0.666666666666667,0.25
"EBIC",26,60,0.33,"FALSE","FALSE","FALSE","5.91436961999975","3.50895508819633","2.40541453180342","0.79","0.041","0.035","3,4,5,6,91,92,94",0.0241712528009005,FALSE,0,0,2,3,7,0,7,0,0.583333333333333
"EBIC",27,60,0.33,"FALSE","FALSE","FALSE","7.01856893285564","2.77953477293825","4.23903415991739","0.847","0.042","0.042","1,2,4,6,89,90,91,92,93,94",0.0115021054690159,FALSE,0,0,2,0,10,0,10,0,0.833333333333333
"EBIC",28,60,0.33,"FALSE","FALSE","FALSE","6.36021940819683","3.78912293035946","2.57109647783737","0.762","0.043","0.037","4,40,55,56,71,90,91,92,98",0.0626256567208052,FALSE,4,1,5,3,9,5,4,0.555555555555556,0.333333333333333
"EBIC",29,60,0.33,"FALSE","FALSE","FALSE","7.21845051452529","4.37038687355841","2.84806364096687","0.704","0.039","0.035","2,4,6,9,19,66,90,91,92",0.0425549960480642,FALSE,3,0,3,3,9,3,6,0.333333333333333,0.5
"EBIC",3,60,0.33,"FALSE","FALSE","FALSE","7.38501271109967","4.32991625558546","3.05509645551421","0.932","0.04","0.04","2,3,5,6,19,34,80,87,90,91,92",0.0399700507570005,FALSE,4,0,2,3,11,4,7,0.363636363636364,0.583333333333333
"EBIC",30,60,0.33,"FALSE","FALSE","FALSE","6.33905688419411","4.62388976584143","1.71516711835268","0.978","0.042","0.035","2,4,6,13,57,87,90,91,92,93,94",0.0214506409472096,FALSE,3,0,3,1,11,3,8,0.272727272727273,0.666666666666667
"EBIC",31,60,0.33,"FALSE","FALSE","FALSE","8.78584098758838","3.70310677706521","5.08273421052317","0.462","0.041","0.036","2,4,6,76,84,90,91,92,93,94,99,100",0.0244967453291637,FALSE,2,2,3,1,12,4,8,0.333333333333333,0.666666666666667
"EBIC",32,60,0.33,"FALSE","FALSE","FALSE","6.80077245393039","3.65753322200131","3.14323923192908","0.806","0.047","0.044","2,4,20,34,90,91,92,93",0.0435942693504074,FALSE,2,0,4,2,8,2,6,0.25,0.5
"EBIC",33,60,0.33,"FALSE","FALSE","FALSE","7.04535665500076","4.91619954164221","2.12915711335855","0.431","0.044","0.043","1,3,5,6,14,91,94",0.0461255661517908,FALSE,1,0,2,4,7,1,6,0.142857142857143,0.5
"EBIC",34,60,0.33,"FALSE","FALSE","FALSE","7.29119663446422","4.17839945440326","3.11279718006096","0.824","0.042","0.042","3,4,6,65,90,91,92,93,94,96",0.0211900411015963,FALSE,1,1,3,1,10,2,8,0.2,0.666666666666667
"EBIC",35,60,0.33,"FALSE","FALSE","FALSE","7.20816000015243","4.5953448523878","2.61281514776463","0.523","0.041","0.033","3,5,6,15,40,62,90,91,93,94,101",0.0489697433199461,FALSE,3,1,3,2,11,4,7,0.363636363636364,0.583333333333333
"EBIC",36,60,0.33,"FALSE","FALSE","FALSE","6.60140438238692","2.24496565603026","4.35643872635666","0.993","0.042","0.042","35,42,78,89,90,91,93,101",0.0913969849770161,FALSE,3,1,6,2,8,4,4,0.5,0.333333333333333
"EBIC",37,60,0.33,"FALSE","FALSE","FALSE","8.52983399965805","5.17946321324046","3.35037078641759","0.628","0.045","0.035","2,3,4,6,7,88,89,90,91,92,93",0.021429012590662,FALSE,2,0,2,1,11,2,9,0.181818181818182,0.75
"EBIC",38,60,0.33,"FALSE","FALSE","FALSE","6.76088755119659","3.78833736034614","2.97255019085045","0.756","0.039","0.036","4,6,54,66,90,91,92,93,94",0.0296914421776456,FALSE,2,0,4,1,9,2,7,0.222222222222222,0.583333333333333
"EBIC",39,60,0.33,"FALSE","FALSE","FALSE","7.03827557542919","4.25647412593999","2.78180144948921","0.958","0.04","0.037","2,4,6,10,29,30,46,90,91,93",0.0432684322445763,FALSE,4,0,3,3,10,4,6,0.4,0.5
"EBIC",4,60,0.33,"FALSE","FALSE","FALSE","6.46244820796815","4.28621781049251","2.17623039747564","0.444","0.04","0.038","1,3,5,6,90,91,94",0.0333634016507527,FALSE,0,0,2,3,7,0,7,0,0.583333333333333
"EBIC",40,60,0.33,"FALSE","FALSE","FALSE","7.60906317599013","4.20233589626037","3.40672727972976","0.904","0.041","0.038","2,4,6,71,80,89,90,91,92",0.0372833919225399,FALSE,2,0,3,2,9,2,7,0.222222222222222,0.583333333333333
"EBIC",41,60,0.33,"FALSE","FALSE","FALSE","7.27169691388432","3.30772480462439","3.96397210925993","0.61","0.042","0.038","1,6,54,90,91,93,94,97",0.043644127540255,FALSE,1,1,4,2,8,2,6,0.25,0.5
"EBIC",42,60,0.33,"FALSE","FALSE","FALSE","6.02409814684072","4.57735545793952","1.44674268890119","0.561","0.043","0.041","1,3,5,23,37,91",0.0883086064069564,FALSE,2,0,3,5,6,2,4,0.333333333333333,0.333333333333333
"EBIC",43,60,0.33,"FALSE","FALSE","FALSE","7.82209064061087","4.12732650208076","3.6947641385301","1.013","0.042","0.044","2,4,6,7,9,32,86,90,91,93,94",0.0334363443621705,FALSE,4,0,3,2,11,4,7,0.363636363636364,0.583333333333333
"EBIC",44,60,0.33,"FALSE","FALSE","FALSE","8.30306050247649","4.54906893589042","3.75399156658607","0.701","0.04","0.037","2,4,6,27,56,89,90,91,92",0.0381560047125228,FALSE,2,0,3,2,9,2,7,0.222222222222222,0.583333333333333
"EBIC",45,60,0.33,"FALSE","FALSE","FALSE","6.99039321274733","3.84410763177122","3.14628558097611","0.724","0.047","0.039","1,4,6,13,66,91,92,95",0.049275205796592,FALSE,2,1,3,4,8,3,5,0.375,0.416666666666667
"EBIC",46,60,0.33,"FALSE","FALSE","FALSE","8.48997921910933","3.44426357317747","5.04571564593187","0.448","0.038","0.034","1,2,3,4,6,90,91,92,93,94,95",0.0107470944100317,FALSE,0,1,1,1,11,1,10,0.0909090909090909,0.833333333333333
"EBIC",47,60,0.33,"FALSE","FALSE","FALSE","6.75910773565127","4.36339033745596","2.39571739819531","0.621","0.042","0.039","1,3,4,5,6,76,91,94",0.030200291681484,FALSE,1,0,1,4,8,1,7,0.125,0.583333333333333
"EBIC",48,60,0.33,"FALSE","FALSE","FALSE","7.10305986938961","4.36031086920865","2.74274900018096","0.408","0.04","0.037","1,3,5,6,90,91,94,101",0.0368719993268924,FALSE,0,1,2,3,8,1,7,0.125,0.583333333333333
"EBIC",49,60,0.33,"FALSE","FALSE","FALSE","7.49380785902396","4.72000868071685","2.77379917830711","0.498","0.039","0.034","2,3,4,5,6,90,91,92,94",0.0119320760071797,FALSE,0,0,1,2,9,0,9,0,0.75
"EBIC",5,60,0.33,"FALSE","FALSE","FALSE","7.37977271205197","3.70611468627071","3.67365802578126","0.494","0.041","0.039","3,5,6,55,90,91,94,101",0.0453196775083526,FALSE,1,1,3,3,8,2,6,0.25,0.5
"EBIC",50,60,0.33,"FALSE","FALSE","FALSE","6.01727941678245","3.98202047624759","2.03525894053487","0.823","0.044","0.044","9,15,17,31,67,90,93",0.128741172715072,FALSE,5,0,6,4,7,5,2,0.714285714285714,0.166666666666667
"EBIC",51,60,0.33,"FALSE","FALSE","FALSE","7.31379126843324","4.06901023722496","3.24478103120828","0.612","0.04","0.036","2,4,5,6,79,90,91,92,94,99",0.0198917481286425,FALSE,1,1,2,2,10,2,8,0.2,0.666666666666667
"EBIC",52,60,0.33,"FALSE","FALSE","FALSE","8.30238737343189","5.3135851156165","2.9888022578154","0.363","0.039","0.036","2,3,4,5,6,91,92,94",0.0191517509271915,FALSE,0,0,1,3,8,0,8,0,0.666666666666667
"EBIC",53,60,0.33,"FALSE","FALSE","FALSE","7.54863388891522","4.47469219892978","3.07394168998544","0.757","0.042","0.041","2,4,6,13,26,29,30,60,69,90,91,92",0.0441061827114682,FALSE,6,0,3,3,12,6,6,0.5,0.5
"EBIC",54,60,0.33,"FALSE","FALSE","FALSE","6.77864443173906","4.02092014630802","2.75772428543104","0.422","0.038","0.031","3,4,5,6,91,92,94",0.0230518549119364,FALSE,0,0,2,3,7,0,7,0,0.583333333333333
"EBIC",55,60,0.33,"FALSE","FALSE","FALSE","8.6477532739774","4.64270305641229","4.00505021756511","0.438","0.042","0.04","1,2,3,4,5,6,37,39,58,90,91,92,95",0.0273313653805526,FALSE,3,1,0,3,13,4,9,0.307692307692308,0.75
"EBIC",56,60,0.33,"FALSE","FALSE","FALSE","6.40312113798506","4.09842899562423","2.30469214236082","0.897","0.043","0.04","2,3,4,6,91,92,93,94",0.0200914916853972,FALSE,0,0,2,2,8,0,8,0,0.666666666666667
"EBIC",57,60,0.33,"FALSE","FALSE","FALSE","8.2250357213077","5.1908772411025","3.0341584802052","0.567","0.042","0.042","2,3,4,5,6,35,36,90,91,92,94",0.0140127106887196,FALSE,2,0,1,2,11,2,9,0.181818181818182,0.75
"EBIC",58,60,0.33,"FALSE","FALSE","FALSE","8.71024556671154","4.0444316349571","4.66581393175444","0.566","0.039","0.039","2,4,6,87,90,91,92,93,94,95",0.025121677212798,FALSE,1,1,3,1,10,2,8,0.2,0.666666666666667
"EBIC",59,60,0.33,"FALSE","FALSE","FALSE","6.50049370103397","4.28422934564658","2.21626435538739","0.438","0.041","0.033","3,4,5,6,27,33,91,92,94",0.024422314674852,FALSE,2,0,2,3,9,2,7,0.222222222222222,0.583333333333333
"EBIC",6,60,0.33,"FALSE","FALSE","FALSE","7.48530180532736","4.23675664904662","3.24854515628074","0.618","0.041","0.041","2,4,6,27,30,36,44,90,91,92",0.0364269541673336,FALSE,4,0,3,3,10,4,6,0.4,0.5
"EBIC",60,60,0.33,"FALSE","FALSE","FALSE","7.08337950151827","3.8786048553035","3.20477464621477","0.651","0.045","0.035","3,4,5,6,90,91,92,94",0.0151068507816807,FALSE,0,0,2,2,8,0,8,0,0.666666666666667
"EBIC",61,60,0.33,"FALSE","FALSE","FALSE","6.76863402607811","4.60456329545055","2.16407073062756","0.592","0.04","0.036","2,3,4,6,27,29,40,90,91,92",0.0357387903147097,FALSE,3,0,2,3,10,3,7,0.3,0.583333333333333
"EBIC",62,60,0.33,"FALSE","FALSE","FALSE","6.97951529705251","4.79689635028742","2.18261894676509","0.378","0.038","0.032","1,3,4,5,6,91,94",0.0365277069523418,FALSE,0,0,1,4,7,0,7,0,0.583333333333333
"EBIC",63,60,0.33,"FALSE","FALSE","FALSE","7.36725171761795","4.00789364774876","3.35935806986919","0.919","0.04","0.036","1,15,28,37,52,54,65,78,84,88,89,90,92,93,94",0.0787284542372506,FALSE,9,0,5,1,15,9,6,0.6,0.5
"EBIC",64,60,0.33,"FALSE","FALSE","FALSE","8.17306012115498","4.68450609825934","3.48855402289564","0.608","0.039","0.038","2,4,6,7,30,87,90,91,92,93",0.0336055402155582,FALSE,3,0,3,2,10,3,7,0.3,0.583333333333333
"EBIC",65,60,0.33,"FALSE","FALSE","FALSE","6.75113802312671","4.17746169480476","2.57367632832195","0.688","0.04","0.037","1,4,6,13,27,66,90,91,92,95",0.0453617278532538,FALSE,3,1,3,3,10,4,6,0.4,0.5
"EBIC",66,60,0.33,"FALSE","FALSE","FALSE","7.35561407667733","5.35049919958078","2.00511487709655","0.906","0.047","0.038","4,6,17,20,27,33,90,91,92",0.0469681215018405,FALSE,4,0,4,3,9,4,5,0.444444444444444,0.416666666666667
"EBIC",67,60,0.33,"FALSE","FALSE","FALSE","6.64726910216988","4.22845803973039","2.41881106243949","0.962","0.046","0.044","2,4,6,42,64,72,85,87,89,90,92,93",0.0555717219150561,FALSE,5,0,3,2,12,5,7,0.416666666666667,0.583333333333333
"EBIC",68,60,0.33,"FALSE","FALSE","FALSE","8.16788214276145","4.89474555977899","3.27313658298246","0.816","0.039","0.037","2,4,6,18,19,21,30,46,90,91,93,94",0.0470278891598667,FALSE,5,0,3,2,12,5,7,0.416666666666667,0.583333333333333
"EBIC",69,60,0.33,"FALSE","FALSE","FALSE","6.99558737828588","4.0225432173534","2.97304416093248","0.866","0.043","0.039","6,15,24,47,68,83,91,92,94",0.0738783847377899,FALSE,5,0,5,3,9,5,4,0.555555555555556,0.333333333333333
"EBIC",7,60,0.33,"FALSE","FALSE","FALSE","7.43110251099951","4.09002711518793","3.34107539581159","0.578","0.039","0.037","2,3,4,6,51,90,91,92,93,94",0.010522514440316,FALSE,1,0,2,1,10,1,9,0.1,0.75
"EBIC",70,60,0.33,"FALSE","FALSE","FALSE","7.49514547205651","2.90358018001165","4.59156529204486","0.671","0.04","0.037","2,6,90,91,92,93,94,96",0.0291578450218981,FALSE,0,1,4,1,8,1,7,0.125,0.583333333333333
"EBIC",71,60,0.33,"FALSE","FALSE","FALSE","7.20419276282858","4.14309770295165","3.06109505987692","0.619","0.045","0.037","2,3,4,5,6,90,91,92,94",0.0101277007581471,FALSE,0,0,1,2,9,0,9,0,0.75
"EBIC",72,60,0.33,"FALSE","FALSE","FALSE","7.67028372704195","4.25671946115332","3.41356426588863","0.435","0.037","0.033","2,3,4,6,90,91,92,94",0.0156125378837478,FALSE,0,0,2,2,8,0,8,0,0.666666666666667
"EBIC",73,60,0.33,"FALSE","FALSE","FALSE","8.44721701275109","5.02349442522303","3.42372258752806","0.844","0.041","0.046","1,2,3,4,6,80,81,90,91,92,93,94",0.0151666360712273,FALSE,2,0,1,1,12,2,10,0.166666666666667,0.833333333333333
"EBIC",74,60,0.33,"FALSE","FALSE","FALSE","7.70649661580111","4.64959898819029","3.05689762761082","0.545","0.042","0.035","2,3,4,6,38,42,72,91,92,94",0.0288496068860077,FALSE,3,0,2,3,10,3,7,0.3,0.583333333333333
"EBIC",75,60,0.33,"FALSE","FALSE","FALSE","7.14367853456978","4.24316603880149","2.90051249576829","0.72","0.046","0.041","2,4,10,40,91,92,95",0.0725035327722915,FALSE,2,1,4,4,7,3,4,0.428571428571429,0.333333333333333
"EBIC",76,60,0.33,"FALSE","FALSE","FALSE","6.30586756618299","3.91789827077805","2.38796929540494","0.69","0.04","0.035","2,4,5,19,60,90,91,92",0.0490126962615795,FALSE,2,0,3,3,8,2,6,0.25,0.5
"EBIC",77,60,0.33,"FALSE","FALSE","FALSE","7.44695798473749","3.90139731053018","3.54556067420731","0.518","0.046","0.042","1,2,3,5,6,25,65,90,91,94,101",0.0341114692825198,FALSE,2,1,1,3,11,3,8,0.272727272727273,0.666666666666667
"EBIC",78,60,0.33,"FALSE","FALSE","FALSE","8.97307523950242","5.08549749592359","3.88757774357884","0.621","0.042","0.039","1,2,3,4,5,6,45,80,89,90,91,92,96,99",0.023023217741707,FALSE,2,2,0,2,14,4,10,0.285714285714286,0.833333333333333
"EBIC",79,60,0.33,"FALSE","FALSE","FALSE","6.35137924020795","4.53970889572376","1.81167034448419","0.995","0.043","0.044","6,17,38,52,68,87,92,93",0.0915407885805471,FALSE,5,0,5,4,8,5,3,0.625,0.25
"EBIC",8,60,0.33,"FALSE","FALSE","FALSE","7.79470763103976","3.65648806663774","4.13821956440202","0.431","0.041","0.035","2,4,6,32,78,89,90,92,93",0.0548720313073964,FALSE,2,0,3,2,9,2,7,0.222222222222222,0.583333333333333
"EBIC",80,60,0.33,"FALSE","FALSE","FALSE","8.92668787848994","4.73959542565233","4.18709245283761","0.551","0.039","0.044","1,2,6,69,88,89,90,91,93,94",0.0335390772411877,FALSE,2,0,3,1,10,2,8,0.2,0.666666666666667
"EBIC",81,60,0.33,"FALSE","FALSE","FALSE","7.21386210601281","4.07718877780679","3.13667332820602","0.621","0.039","0.033","1,2,4,6,23,90,91,92,93,94",0.0153064151746217,FALSE,1,0,2,1,10,1,9,0.1,0.75
"EBIC",82,60,0.33,"FALSE","FALSE","FALSE","7.33222099693594","4.28262945054581","3.04959154639013","0.816","0.04","0.037","4,6,10,27,30,33,43,68,91,92,94",0.0525264534597234,FALSE,6,0,4,3,11,6,5,0.545454545454545,0.416666666666667
"EBIC",83,60,0.33,"FALSE","FALSE","FALSE","7.22999070776366","4.70816868883979","2.52182201892387","0.73","0.038","0.038","3,4,6,12,48,50,64,69,72,90,91,92",0.0457382087745022,FALSE,6,0,3,3,12,6,6,0.5,0.5
"EBIC",84,60,0.33,"FALSE","FALSE","FALSE","7.53181497612901","4.2989799622485","3.23283501388051","0.789","0.039","0.038","2,3,4,6,29,35,39,91,92,93,94",0.029506690109083,FALSE,3,0,2,2,11,3,8,0.272727272727273,0.666666666666667
"EBIC",85,60,0.33,"FALSE","FALSE","FALSE","7.39543255707239","3.86507561994441","3.53035693712799","0.803","0.046","0.041","2,4,6,81,90,91,92,95,98",0.0378181892519724,FALSE,1,2,3,3,9,3,6,0.333333333333333,0.5
"EBIC",86,60,0.33,"FALSE","FALSE","FALSE","6.91362716211749","4.34900619958883","2.56462096252866","0.873","0.041","0.041","4,6,7,78,85,89,90,91,93,94",0.0445873339569247,FALSE,3,0,4,1,10,3,7,0.3,0.583333333333333
"EBIC",87,60,0.33,"FALSE","FALSE","FALSE","9.05698909766161","5.48388000537516","3.57310909228645","0.751","0.04","0.041","2,3,4,6,34,43,48,59,90,91,92,93",0.0241932577585502,FALSE,4,0,2,2,12,4,8,0.333333333333333,0.666666666666667
"EBIC",88,60,0.33,"FALSE","FALSE","FALSE","6.87532448314102","4.10429449635785","2.77102998678317","0.65","0.04","0.037","6,18,21,30,55,68,83,91,93,94",0.0802854373298844,FALSE,6,0,5,3,10,6,4,0.6,0.333333333333333
"EBIC",89,60,0.33,"FALSE","FALSE","FALSE","6.86785676892216","4.14114021426452","2.72671655465764","0.896","0.042","0.038","2,4,6,30,56,80,89,90,91,92",0.0403946285221318,FALSE,3,0,3,2,10,3,7,0.3,0.583333333333333
"EBIC",9,60,0.33,"FALSE","FALSE","FALSE","6.92082557030055","4.60560708430782","2.31521848599274","0.619","0.041","0.039","1,3,6,18,21,84,91,93,94",0.0512015176984456,FALSE,3,0,3,3,9,3,6,0.333333333333333,0.5
"EBIC",90,60,0.33,"FALSE","FALSE","FALSE","6.60490908205979","4.62731073177069","1.97759835028909","0.795","0.044","0.042","6,29,30,51,68,83,91,94",0.094612535014552,FALSE,5,0,5,4,8,5,3,0.625,0.25
"EBIC",91,60,0.33,"FALSE","FALSE","FALSE","7.59512904358215","5.47767754323101","2.11745150035114","0.817","0.055","0.052","3,4,6,13,30,38,91,92",0.0515219621909765,FALSE,3,0,3,4,8,3,5,0.375,0.416666666666667
"EBIC",92,60,0.33,"FALSE","FALSE","FALSE","8.53432333438351","3.91126473907022","4.62305859531329","0.847","0.062","0.056","2,3,4,6,90,91,92,93,94",0.010231930163075,FALSE,0,0,2,1,9,0,9,0,0.75
"EBIC",93,60,0.33,"FALSE","FALSE","FALSE","8.15307926679132","3.74848887187638","4.40459039491494","0.871","0.062","0.064","2,4,6,47,89,90,91,92,93",0.0357038352456392,FALSE,1,0,3,1,9,1,8,0.111111111111111,0.666666666666667
"EBIC",94,60,0.33,"FALSE","FALSE","FALSE","7.99285278442047","5.8449800947791","2.14787268964137","1.758","0.068","0.072","1,3,4,6,13,15,76,83,91,92",0.0441685724364269,FALSE,4,0,2,4,10,4,6,0.4,0.5
"EBIC",95,60,0.33,"FALSE","FALSE","FALSE","6.14848794519517","3.65469578997665","2.49379215521852","0.775","0.064","0.051","2,3,4,5,6,84,91,92,94",0.033070031045219,FALSE,1,0,1,3,9,1,8,0.111111111111111,0.666666666666667
"EBIC",96,60,0.33,"FALSE","FALSE","FALSE","6.55564690983405","4.42104740162882","2.13459950820523","0.682","0.053","0.046","1,3,4,5,6,91,94",0.0338523125326763,FALSE,0,0,1,4,7,0,7,0,0.583333333333333
"EBIC",97,60,0.33,"FALSE","FALSE","FALSE","5.76786220066663","3.39579905391258","2.37206314675405","0.535","0.048","0.038","3,4,5,6,91,92,94",0.0231825029290449,FALSE,0,0,2,3,7,0,7,0,0.583333333333333
"EBIC",98,60,0.33,"FALSE","FALSE","FALSE","7.50389728403493","4.24422436541938","3.25967291861555","0.648","0.043","0.044","3,4,6,15,45,67,91,92,93,94",0.0270877229414312,FALSE,3,0,3,2,10,3,7,0.3,0.583333333333333
"EBIC",99,60,0.33,"FALSE","FALSE","FALSE","6.26877261999928","2.62569054649788","3.6430820735014","0.865","0.044","0.043","1,49,70,73,89,90,91,93,94,101",0.0626016903883262,FALSE,3,1,5,1,10,4,6,0.4,0.5
"kappa.o",1,60,0.33,"FALSE","FALSE","FALSE","7.92146773762587","5.11259324699358","2.80887449063228","0.619","0.046","0.037","2,3,4,6,91,92,94",0.0284579232885938,FALSE,0,0,2,3,7,0,7,0,0.583333333333333
"kappa.o",10,60,0.33,"FALSE","FALSE","FALSE","7.11448120957385","4.49312433577168","2.62135687380217","0.599","0.04","0.038","1,3,4,5,6,91,94",0.0308133060320653,FALSE,0,0,1,4,7,0,7,0,0.583333333333333
"kappa.o",100,60,0.33,"FALSE","FALSE","FALSE","8.25525176371019","3.93574523445863","4.31950652925156","1.144","0.049","0.043","4,6,18,67,91,93,94",0.0523731837902837,FALSE,2,0,4,3,7,2,5,0.285714285714286,0.416666666666667
"kappa.o",11,60,0.33,"FALSE","FALSE","FALSE","7.38314656627843","4.38826272681847","2.99488383945995","0.601","0.042","0.044","3,4,6,91,92,94",0.0310616079579171,FALSE,0,0,3,3,6,0,6,0,0.5
"kappa.o",12,60,0.33,"FALSE","FALSE","FALSE","7.02775397475792","3.94614561185166","3.08160836290626","0.866","0.044","0.042","9,25,31,69,90,93",0.119212965770508,FALSE,4,0,6,4,6,4,2,0.666666666666667,0.166666666666667
"kappa.o",13,60,0.33,"FALSE","FALSE","FALSE","7.37387036183713","3.91816036554668","3.45570999629045","0.526","0.038","0.032","3,4,5,6,91,92,94",0.0247762730031542,FALSE,0,0,2,3,7,0,7,0,0.583333333333333
"kappa.o",14,60,0.33,"FALSE","FALSE","FALSE","7.75537871314769","4.37010180833282","3.38527690481486","0.401","0.04","0.04","1,3,5,6,90,91,93,94",0.0246316540601055,FALSE,0,0,2,2,8,0,8,0,0.666666666666667
"kappa.o",15,60,0.33,"FALSE","FALSE","FALSE","6.55940297592495","4.13167850419267","2.42772447173229","0.44","0.039","0.036","3,4,5,6,91,94",0.0368861579067062,FALSE,0,0,2,4,6,0,6,0,0.5
"kappa.o",16,60,0.33,"FALSE","FALSE","FALSE","7.24662341157891","4.28794725567266","2.95867615590625","0.55","0.038","0.036","3,5,6,90,91,94,101",0.043815257406516,FALSE,0,1,3,3,7,1,6,0.142857142857143,0.5
"kappa.o",17,60,0.33,"FALSE","FALSE","FALSE","6.68886371074631","4.23569187311473","2.45317183763158","0.321","0.039","0.035","1,3,5,6,91,94",0.0467627909277262,FALSE,0,0,2,4,6,0,6,0,0.5
"kappa.o",18,60,0.33,"FALSE","FALSE","FALSE","8.89101765352414","5.71244394859626","3.17857370492788","0.911","0.045","0.044","2,3,4,6,29,38,91,92,94",0.0293587562330722,FALSE,2,0,2,3,9,2,7,0.222222222222222,0.583333333333333
"kappa.o",19,60,0.33,"FALSE","FALSE","FALSE","6.08760126811162","4.14890749326479","1.93869377484683","0.931","0.044","0.041","4,7,19,60,86,92",0.11048832481082,FALSE,4,0,5,5,6,4,2,0.666666666666667,0.166666666666667
"kappa.o",2,60,0.33,"FALSE","FALSE","FALSE","6.66521788511765","4.01099303187213","2.65422485324551","0.667","0.04","0.037","4,40,49,91,92,98",0.0887907369918922,FALSE,2,1,5,4,6,3,3,0.5,0.25
"kappa.o",20,60,0.33,"FALSE","FALSE","FALSE","6.99776995089225","3.33096513013545","3.6668048207568","0.817","0.039","0.037","2,4,6,89,90,92,93",0.0432777284188207,FALSE,0,0,3,2,7,0,7,0,0.583333333333333
"kappa.o",21,60,0.33,"FALSE","FALSE","FALSE","8.01518581175803","4.57568620812725","3.43949960363077","0.532","0.043","0.037","1,3,5,6,90,91,94,101",0.0395920639215855,FALSE,0,1,2,3,8,1,7,0.125,0.583333333333333
"kappa.o",22,60,0.33,"FALSE","FALSE","FALSE","6.61442225344063","3.12571479710961","3.48870745633102","0.699","0.039","0.034","2,6,90,92,93,94",0.0433547687669565,FALSE,0,0,4,2,6,0,6,0,0.5
"kappa.o",23,60,0.33,"FALSE","FALSE","FALSE","6.34612155615231","4.07048843043213","2.27563312572019","0.745","0.039","0.043","4,30,49,91,92",0.0987278963101277,FALSE,2,0,5,4,5,2,3,0.4,0.25
"kappa.o",24,60,0.33,"FALSE","FALSE","FALSE","6.37914171279924","3.82910672680771","2.55003498599153","1.03","0.044","0.039","15,28,31,76,92,95",0.146786308880262,FALSE,4,1,6,5,6,5,1,0.833333333333333,0.0833333333333333
"kappa.o",25,60,0.33,"FALSE","FALSE","FALSE","6.87325512236198","3.58681512246174","3.28643999990023","0.725","0.04","0.039","7,31,78,89,90,93",0.128794477810431,FALSE,3,0,6,3,6,3,3,0.5,0.25
"kappa.o",26,60,0.33,"FALSE","FALSE","FALSE","5.91436961999975","3.50895508819633","2.40541453180342","0.79","0.041","0.035","3,5,6,91,94",0.0587517063473089,FALSE,0,0,3,4,5,0,5,0,0.416666666666667
"kappa.o",27,60,0.33,"FALSE","FALSE","FALSE","7.01856893285564","2.77953477293825","4.23903415991739","0.847","0.042","0.042","6,89,90,93,94",0.0799629073723942,FALSE,0,0,5,2,5,0,5,0,0.416666666666667
"kappa.o",28,60,0.33,"FALSE","FALSE","FALSE","6.36021940819683","3.78912293035946","2.57109647783737","0.762","0.043","0.037","4,19,49,60,91,92",0.0866604436533128,FALSE,3,0,5,4,6,3,3,0.5,0.25
"kappa.o",29,60,0.33,"FALSE","FALSE","FALSE","7.21845051452529","4.37038687355841","2.84806364096687","0.704","0.039","0.035","2,4,6,90,91,92",0.0410112891741262,FALSE,0,0,3,3,6,0,6,0,0.5
"kappa.o",3,60,0.33,"FALSE","FALSE","FALSE","7.38501271109967","4.32991625558546","3.05509645551421","0.932","0.04","0.04","3,5,6,19,90,91,92",0.0431560689834189,FALSE,1,0,3,3,7,1,6,0.142857142857143,0.5
"kappa.o",30,60,0.33,"FALSE","FALSE","FALSE","6.33905688419411","4.62388976584143","1.71516711835268","0.978","0.042","0.035","10,14,19,44,92",0.137466436714509,FALSE,4,0,6,5,5,4,1,0.8,0.0833333333333333
"kappa.o",31,60,0.33,"FALSE","FALSE","FALSE","8.78584098758838","3.70310677706521","5.08273421052317","0.462","0.041","0.036","2,4,6,90,91,92,93,94",0.0160107551567509,FALSE,0,0,3,1,8,0,8,0,0.666666666666667
"kappa.o",32,60,0.33,"FALSE","FALSE","FALSE","6.80077245393039","3.65753322200131","3.14323923192908","0.806","0.047","0.044","2,4,34,90,91,92,93",0.0451085910896241,FALSE,1,0,4,2,7,1,6,0.142857142857143,0.5
"kappa.o",33,60,0.33,"FALSE","FALSE","FALSE","7.04535665500076","4.91619954164221","2.12915711335855","0.431","0.044","0.043","1,3,5,6,14,91,94",0.0461255661517908,FALSE,1,0,2,4,7,1,6,0.142857142857143,0.5
"kappa.o",34,60,0.33,"FALSE","FALSE","FALSE","7.29119663446422","4.17839945440326","3.11279718006096","0.824","0.042","0.042","1,3,4,5,6,91,94",0.0287672359686155,FALSE,0,0,1,4,7,0,7,0,0.583333333333333
"kappa.o",35,60,0.33,"FALSE","FALSE","FALSE","7.20816000015243","4.5953448523878","2.61281514776463","0.523","0.041","0.033","1,3,4,5,6,91,94",0.0352157918581834,FALSE,0,0,1,4,7,0,7,0,0.583333333333333
"kappa.o",36,60,0.33,"FALSE","FALSE","FALSE","6.60140438238692","2.24496565603026","4.35643872635666","0.993","0.042","0.042","9,89,90,93,101",0.129914229382923,FALSE,1,1,6,3,5,2,3,0.4,0.25
"kappa.o",37,60,0.33,"FALSE","FALSE","FALSE","8.52983399965805","5.17946321324046","3.35037078641759","0.628","0.045","0.035","2,3,4,6,19,90,91,92",0.0347775961147025,FALSE,1,0,2,3,8,1,7,0.125,0.583333333333333
"kappa.o",38,60,0.33,"FALSE","FALSE","FALSE","6.76088755119659","3.78833736034614","2.97255019085045","0.756","0.039","0.036","3,4,6,91,92,94",0.0298519201308771,FALSE,0,0,3,3,6,0,6,0,0.5
"kappa.o",39,60,0.33,"FALSE","FALSE","FALSE","7.03827557542919","4.25647412593999","2.78180144948921","0.958","0.04","0.037","35,78,89,90,93",0.134688202447446,FALSE,2,0,6,3,5,2,3,0.4,0.25
"kappa.o",4,60,0.33,"FALSE","FALSE","FALSE","6.46244820796815","4.28621781049251","2.17623039747564","0.444","0.04","0.038","1,3,5,6,91,94",0.0438329010439065,FALSE,0,0,2,4,6,0,6,0,0.5
"kappa.o",40,60,0.33,"FALSE","FALSE","FALSE","7.60906317599013","4.20233589626037","3.40672727972976","0.904","0.041","0.038","3,4,6,38,91,92,94",0.0313575010267819,FALSE,1,0,3,3,7,1,6,0.142857142857143,0.5
"kappa.o",41,60,0.33,"FALSE","FALSE","FALSE","7.27169691388432","3.30772480462439","3.96397210925993","0.61","0.042","0.038","1,6,54,90,91,93,94",0.0459543865484141,FALSE,1,0,4,2,7,1,6,0.142857142857143,0.5
"kappa.o",42,60,0.33,"FALSE","FALSE","FALSE","6.02409814684072","4.57735545793952","1.44674268890119","0.561","0.043","0.041","1,3,5,23,37,91",0.0883086064069564,FALSE,2,0,3,5,6,2,4,0.333333333333333,0.333333333333333
"kappa.o",43,60,0.33,"FALSE","FALSE","FALSE","7.82209064061087","4.12732650208076","3.6947641385301","1.013","0.042","0.044","4,6,7,9,89,90,93",0.0791331241258116,FALSE,2,0,4,3,7,2,5,0.285714285714286,0.416666666666667
"kappa.o",44,60,0.33,"FALSE","FALSE","FALSE","8.30306050247649","4.54906893589042","3.75399156658607","0.701","0.04","0.037","2,4,6,27,56,89,90,91,92",0.0381560047125228,FALSE,2,0,3,2,9,2,7,0.222222222222222,0.583333333333333
"kappa.o",45,60,0.33,"FALSE","FALSE","FALSE","6.99039321274733","3.84410763177122","3.14628558097611","0.724","0.047","0.039","1,4,6,66,91,92,95",0.0532121141019572,FALSE,1,1,3,4,7,2,5,0.285714285714286,0.416666666666667
"kappa.o",46,60,0.33,"FALSE","FALSE","FALSE","8.48997921910933","3.44426357317747","5.04571564593187","0.448","0.038","0.034","2,4,6,90,91,92,93,94",0.0144503756433787,FALSE,0,0,3,1,8,0,8,0,0.666666666666667
"kappa.o",47,60,0.33,"FALSE","FALSE","FALSE","6.75910773565127","4.36339033745596","2.39571739819531","0.621","0.042","0.039","1,3,4,5,6,91,94",0.0308257458452896,FALSE,0,0,1,4,7,0,7,0,0.583333333333333
"kappa.o",48,60,0.33,"FALSE","FALSE","FALSE","7.10305986938961","4.36031086920865","2.74274900018096","0.408","0.04","0.037","1,3,5,6,91,94",0.0492018305844315,FALSE,0,0,2,4,6,0,6,0,0.5
"kappa.o",49,60,0.33,"FALSE","FALSE","FALSE","7.49380785902396","4.72000868071685","2.77379917830711","0.498","0.039","0.034","2,3,4,5,6,90,91,94",0.0224355886585952,FALSE,0,0,1,3,8,0,8,0,0.666666666666667
"kappa.o",5,60,0.33,"FALSE","FALSE","FALSE","7.37977271205197","3.70611468627071","3.67365802578126","0.494","0.041","0.039","3,5,6,90,91,94,101",0.0473672646141882,FALSE,0,1,3,3,7,1,6,0.142857142857143,0.5
"kappa.o",50,60,0.33,"FALSE","FALSE","FALSE","6.01727941678245","3.98202047624759","2.03525894053487","0.823","0.044","0.044","9,15,17,31,67,93",0.151176036470152,FALSE,5,0,6,5,6,5,1,0.833333333333333,0.0833333333333333
"kappa.o",51,60,0.33,"FALSE","FALSE","FALSE","7.31379126843324","4.06901023722496","3.24478103120828","0.612","0.04","0.036","4,5,6,79,90,91,94",0.0402235966461113,FALSE,1,0,3,3,7,1,6,0.142857142857143,0.5
"kappa.o",52,60,0.33,"FALSE","FALSE","FALSE","8.30238737343189","5.3135851156165","2.9888022578154","0.363","0.039","0.036","2,3,4,5,6,91,92,94",0.0191517509271915,FALSE,0,0,1,3,8,0,8,0,0.666666666666667
"kappa.o",53,60,0.33,"FALSE","FALSE","FALSE","7.54863388891522","4.47469219892978","3.07394168998544","0.757","0.042","0.041","2,4,6,29,90,91,92",0.0351658099404125,FALSE,1,0,3,3,7,1,6,0.142857142857143,0.5
"kappa.o",54,60,0.33,"FALSE","FALSE","FALSE","6.77864443173906","4.02092014630802","2.75772428543104","0.422","0.038","0.031","3,4,5,6,91,92,94",0.0230518549119364,FALSE,0,0,2,3,7,0,7,0,0.583333333333333
"kappa.o",55,60,0.33,"FALSE","FALSE","FALSE","8.6477532739774","4.64270305641229","4.00505021756511","0.438","0.042","0.04","2,3,4,5,6,90,91,92,95",0.0228827119452828,FALSE,0,1,1,3,9,1,8,0.111111111111111,0.666666666666667
"kappa.o",56,60,0.33,"FALSE","FALSE","FALSE","6.40312113798506","4.09842899562423","2.30469214236082","0.897","0.043","0.04","1,3,4,37,91,93",0.0698432499921641,FALSE,1,0,3,4,6,1,5,0.166666666666667,0.416666666666667
"kappa.o",57,60,0.33,"FALSE","FALSE","FALSE","8.2250357213077","5.1908772411025","3.0341584802052","0.567","0.042","0.042","3,4,5,6,36,91,92,94",0.0235526062310868,FALSE,1,0,2,3,8,1,7,0.125,0.583333333333333
"kappa.o",58,60,0.33,"FALSE","FALSE","FALSE","8.71024556671154","4.0444316349571","4.66581393175444","0.566","0.039","0.039","2,4,6,87,90,91,92,93,94",0.0249935761566166,FALSE,1,0,3,1,9,1,8,0.111111111111111,0.666666666666667
"kappa.o",59,60,0.33,"FALSE","FALSE","FALSE","6.50049370103397","4.28422934564658","2.21626435538739","0.438","0.041","0.033","1,3,5,6,91,94",0.0480325808801515,FALSE,0,0,2,4,6,0,6,0,0.5
"kappa.o",6,60,0.33,"FALSE","FALSE","FALSE","7.48530180532736","4.23675664904662","3.24854515628074","0.618","0.041","0.041","2,4,6,90,91,92",0.0368393553650635,FALSE,0,0,3,3,6,0,6,0,0.5
"kappa.o",60,60,0.33,"FALSE","FALSE","FALSE","7.08337950151827","3.8786048553035","3.20477464621477","0.651","0.045","0.035","3,4,5,6,91,92,94",0.0234777758732666,FALSE,0,0,2,3,7,0,7,0,0.583333333333333
"kappa.o",61,60,0.33,"FALSE","FALSE","FALSE","6.76863402607811","4.60456329545055","2.16407073062756","0.592","0.04","0.036","1,3,5,6,91,94",0.0461742046611032,FALSE,0,0,2,4,6,0,6,0,0.5
"kappa.o",62,60,0.33,"FALSE","FALSE","FALSE","6.97951529705251","4.79689635028742","2.18261894676509","0.378","0.038","0.032","1,3,4,5,6,91,94",0.0365277069523418,FALSE,0,0,1,4,7,0,7,0,0.583333333333333
"kappa.o",63,60,0.33,"FALSE","FALSE","FALSE","7.36725171761795","4.00789364774876","3.35935806986919","0.919","0.04","0.036","4,7,46,88,89,90,92,93",0.0682159233682342,FALSE,3,0,5,2,8,3,5,0.375,0.416666666666667
"kappa.o",64,60,0.33,"FALSE","FALSE","FALSE","8.17306012115498","4.68450609825934","3.48855402289564","0.608","0.039","0.038","2,4,6,7,87,90,92,93",0.0513887040267092,FALSE,2,0,3,3,8,2,6,0.25,0.5
"kappa.o",65,60,0.33,"FALSE","FALSE","FALSE","6.75113802312671","4.17746169480476","2.57367632832195","0.688","0.04","0.037","1,3,5,6,91,94",0.0533055604751111,FALSE,0,0,2,4,6,0,6,0,0.5
"kappa.o",66,60,0.33,"FALSE","FALSE","FALSE","7.35561407667733","5.35049919958078","2.00511487709655","0.906","0.047","0.038","4,6,17,27,33,91,92",0.063123711029513,FALSE,3,0,4,4,7,3,4,0.428571428571429,0.333333333333333
"kappa.o",67,60,0.33,"FALSE","FALSE","FALSE","6.64726910216988","4.22845803973039","2.41881106243949","0.962","0.046","0.044","4,6,7,87,92,93",0.0801497419550239,FALSE,2,0,4,4,6,2,4,0.333333333333333,0.333333333333333
"kappa.o",68,60,0.33,"FALSE","FALSE","FALSE","8.16788214276145","4.89474555977899","3.27313658298246","0.816","0.039","0.037","2,4,6,46,90,91,93,94",0.0350434000013502,FALSE,1,0,3,2,8,1,7,0.125,0.583333333333333
"kappa.o",69,60,0.33,"FALSE","FALSE","FALSE","6.99558737828588","4.0225432173534","2.97304416093248","0.866","0.043","0.039","2,4,6,79,91,92,94",0.03777137325608,FALSE,1,0,3,3,7,1,6,0.142857142857143,0.5
"kappa.o",7,60,0.33,"FALSE","FALSE","FALSE","7.43110251099951","4.09002711518793","3.34107539581159","0.578","0.039","0.037","3,4,6,91,92,94",0.0318315653717538,FALSE,0,0,3,3,6,0,6,0,0.5
"kappa.o",70,60,0.33,"FALSE","FALSE","FALSE","7.49514547205651","2.90358018001165","4.59156529204486","0.671","0.04","0.037","2,6,90,91,92,93,94",0.0295636498218109,FALSE,0,0,4,1,7,0,7,0,0.583333333333333
"kappa.o",71,60,0.33,"FALSE","FALSE","FALSE","7.20419276282858","4.14309770295165","3.06109505987692","0.619","0.045","0.037","2,3,4,6,91,92,94",0.021390508714645,FALSE,0,0,2,3,7,0,7,0,0.583333333333333
"kappa.o",72,60,0.33,"FALSE","FALSE","FALSE","7.67028372704195","4.25671946115332","3.41356426588863","0.435","0.037","0.033","2,3,4,6,90,91,92,94",0.0156125378837478,FALSE,0,0,2,2,8,0,8,0,0.666666666666667
"kappa.o",73,60,0.33,"FALSE","FALSE","FALSE","8.44721701275109","5.02349442522303","3.42372258752806","0.844","0.041","0.046","1,2,4,6,81,90,91,92",0.0356736563963281,FALSE,1,0,2,3,8,1,7,0.125,0.583333333333333
"kappa.o",74,60,0.33,"FALSE","FALSE","FALSE","7.70649661580111","4.64959898819029","3.05689762761082","0.545","0.042","0.035","2,3,4,6,91,92,94",0.0247170237026613,FALSE,0,0,2,3,7,0,7,0,0.583333333333333
"kappa.o",75,60,0.33,"FALSE","FALSE","FALSE","7.14367853456978","4.24316603880149","2.90051249576829","0.72","0.046","0.041","2,4,10,40,91,92,95",0.0725035327722915,FALSE,2,1,4,4,7,3,4,0.428571428571429,0.333333333333333
"kappa.o",76,60,0.33,"FALSE","FALSE","FALSE","6.30586756618299","3.91789827077805","2.38796929540494","0.69","0.04","0.035","4,19,60,91,92",0.0949086147151318,FALSE,2,0,5,4,5,2,3,0.4,0.25
"kappa.o",77,60,0.33,"FALSE","FALSE","FALSE","7.44695798473749","3.90139731053018","3.54556067420731","0.518","0.046","0.042","3,5,6,90,91,94,101",0.0441513627973043,FALSE,0,1,3,3,7,1,6,0.142857142857143,0.5
"kappa.o",78,60,0.33,"FALSE","FALSE","FALSE","8.97307523950242","5.08549749592359","3.88757774357884","0.621","0.042","0.039","2,4,6,27,45,89,90,91,92",0.0333209642262389,FALSE,2,0,3,2,9,2,7,0.222222222222222,0.583333333333333
"kappa.o",79,60,0.33,"FALSE","FALSE","FALSE","6.35137924020795","4.53970889572376","1.81167034448419","0.995","0.043","0.044","17,19,38,52,68,92",0.130920567811884,FALSE,5,0,6,5,6,5,1,0.833333333333333,0.0833333333333333
"kappa.o",8,60,0.33,"FALSE","FALSE","FALSE","7.79470763103976","3.65648806663774","4.13821956440202","0.431","0.041","0.035","2,4,6,78,89,90,92,93",0.0461330567670637,FALSE,1,0,3,2,8,1,7,0.125,0.583333333333333
"kappa.o",80,60,0.33,"FALSE","FALSE","FALSE","8.92668787848994","4.73959542565233","4.18709245283761","0.551","0.039","0.044","1,6,54,69,90,91,93,94",0.0471474842949184,FALSE,2,0,4,2,8,2,6,0.25,0.5
"kappa.o",81,60,0.33,"FALSE","FALSE","FALSE","7.21386210601281","4.07718877780679","3.13667332820602","0.621","0.039","0.033","1,4,40,91,92,94",0.0531944721398352,FALSE,1,0,4,3,6,1,5,0.166666666666667,0.416666666666667
"kappa.o",82,60,0.33,"FALSE","FALSE","FALSE","7.33222099693594","4.28262945054581","3.04959154639013","0.816","0.04","0.037","30,49,68,91,92,94",0.0828381167751167,FALSE,3,0,6,3,6,3,3,0.5,0.25
"kappa.o",83,60,0.33,"FALSE","FALSE","FALSE","7.22999070776366","4.70816868883979","2.52182201892387","0.73","0.038","0.038","3,5,6,91,94",0.0539972623016005,FALSE,0,0,3,4,5,0,5,0,0.416666666666667
"kappa.o",84,60,0.33,"FALSE","FALSE","FALSE","7.53181497612901","4.2989799622485","3.23283501388051","0.789","0.039","0.038","3,6,12,78,89,93,94",0.0882208536417457,FALSE,2,0,4,3,7,2,5,0.285714285714286,0.416666666666667
"kappa.o",85,60,0.33,"FALSE","FALSE","FALSE","7.39543255707239","3.86507561994441","3.53035693712799","0.803","0.046","0.041","2,4,6,90,91,92",0.0382022161805555,FALSE,0,0,3,3,6,0,6,0,0.5
"kappa.o",86,60,0.33,"FALSE","FALSE","FALSE","6.91362716211749","4.34900619958883","2.56462096252866","0.873","0.041","0.041","1,3,4,5,6,91,94",0.0286870837935053,FALSE,0,0,1,4,7,0,7,0,0.583333333333333
"kappa.o",87,60,0.33,"FALSE","FALSE","FALSE","9.05698909766161","5.48388000537516","3.57310909228645","0.751","0.04","0.041","1,3,4,5,6,90,91,92,94",0.0102721972855629,FALSE,0,0,1,2,9,0,9,0,0.75
"kappa.o",88,60,0.33,"FALSE","FALSE","FALSE","6.87532448314102","4.10429449635785","2.77102998678317","0.65","0.04","0.037","3,5,6,91,94",0.0646341422581799,FALSE,0,0,3,4,5,0,5,0,0.416666666666667
"kappa.o",89,60,0.33,"FALSE","FALSE","FALSE","6.86785676892216","4.14114021426452","2.72671655465764","0.896","0.042","0.038","4,7,19,60,92,96",0.114507973302412,FALSE,3,1,5,5,6,4,2,0.666666666666667,0.166666666666667
"kappa.o",9,60,0.33,"FALSE","FALSE","FALSE","6.92082557030055","4.60560708430782","2.31521848599274","0.619","0.041","0.039","3,6,18,84,93,94",0.0839098509861231,FALSE,2,0,4,4,6,2,4,0.333333333333333,0.333333333333333
"kappa.o",90,60,0.33,"FALSE","FALSE","FALSE","6.60490908205979","4.62731073177069","1.97759835028909","0.795","0.044","0.042","6,30,68,83,91,94",0.0872417356586699,FALSE,3,0,5,4,6,3,3,0.5,0.25
"kappa.o",91,60,0.33,"FALSE","FALSE","FALSE","7.59512904358215","5.47767754323101","2.11745150035114","0.817","0.055","0.052","3,4,6,13,38,91,92",0.05183119882145,FALSE,2,0,3,4,7,2,5,0.285714285714286,0.416666666666667
"kappa.o",92,60,0.33,"FALSE","FALSE","FALSE","8.53432333438351","3.91126473907022","4.62305859531329","0.847","0.062","0.056","2,3,4,6,90,91,92,93,94",0.010231930163075,FALSE,0,0,2,1,9,0,9,0,0.75
"kappa.o",93,60,0.33,"FALSE","FALSE","FALSE","8.15307926679132","3.74848887187638","4.40459039491494","0.871","0.062","0.064","2,4,6,47,90,91,92,93",0.036013412827789,FALSE,1,0,3,2,8,1,7,0.125,0.583333333333333
"kappa.o",94,60,0.33,"FALSE","FALSE","FALSE","7.99285278442047","5.8449800947791","2.14787268964137","1.758","0.068","0.072","15,28,31,76,92,93",0.127951441137935,FALSE,4,0,6,4,6,4,2,0.666666666666667,0.166666666666667
"kappa.o",95,60,0.33,"FALSE","FALSE","FALSE","6.14848794519517","3.65469578997665","2.49379215521852","0.775","0.064","0.051","3,5,6,91,94",0.0713407235876561,FALSE,0,0,3,4,5,0,5,0,0.416666666666667
"kappa.o",96,60,0.33,"FALSE","FALSE","FALSE","6.55564690983405","4.42104740162882","2.13459950820523","0.682","0.053","0.046","1,3,5,6,91,94",0.0472780400063622,FALSE,0,0,2,4,6,0,6,0,0.5
"kappa.o",97,60,0.33,"FALSE","FALSE","FALSE","5.76786220066663","3.39579905391258","2.37206314675405","0.535","0.048","0.038","3,5,6,91,94",0.0551779697842916,FALSE,0,0,3,4,5,0,5,0,0.416666666666667
"kappa.o",98,60,0.33,"FALSE","FALSE","FALSE","7.50389728403493","4.24422436541938","3.25967291861555","0.648","0.043","0.044","3,4,5,6,91,92,94",0.0246262184156484,FALSE,0,0,2,3,7,0,7,0,0.583333333333333
"kappa.o",99,60,0.33,"FALSE","FALSE","FALSE","6.26877261999928","2.62569054649788","3.6430820735014","0.865","0.044","0.043","1,31,84,89,90,93",0.108431291888996,FALSE,2,0,5,3,6,2,4,0.333333333333333,0.333333333333333
"lasso.cv",1,60,0.33,"FALSE","FALSE","FALSE","7.92146773762587","5.11259324699358","2.80887449063228","0.619","0.046","0.037","2,3,4,6,27,33,38,42,49,56,58,59,60,63,66,68,71,73,76,78,79,80,84,86,89,90,91,92,93,94",0.014527415960937,FALSE,20,0,2,0,30,20,10,0.666666666666667,0.833333333333333
"lasso.cv",10,60,0.33,"FALSE","FALSE","FALSE","7.11448120957385","4.49312433577168","2.62135687380217","0.599","0.04","0.038","1,2,3,4,5,6,17,31,32,43,44,49,52,60,80,83,84,85,88,89,90,91,92,93,94,95,101",0.0084373954829207,FALSE,13,2,0,0,27,15,12,0.555555555555556,1
"lasso.cv",100,60,0.33,"FALSE","FALSE","FALSE","8.25525176371019","3.93574523445863","4.31950652925156","1.144","0.049","0.043","1,2,3,4,6,9,10,12,14,15,19,30,38,42,43,47,48,53,54,55,57,58,61,65,66,70,71,72,73,76,77,78,82,83,84,88,89,90,91,92,93,94,98,99,100",0.0191374110794304,FALSE,31,3,1,0,45,34,11,0.755555555555556,0.916666666666667
"lasso.cv",11,60,0.33,"FALSE","FALSE","FALSE","7.38314656627843","4.38826272681847","2.99488383945995","0.601","0.042","0.044","1,2,3,4,5,6,15,18,31,33,38,41,44,47,48,49,51,52,55,59,60,69,73,89,90,91,92,93,94,95,101",0.0143558403273739,FALSE,17,2,0,0,31,19,12,0.612903225806452,1
"lasso.cv",12,60,0.33,"FALSE","FALSE","FALSE","7.02775397475792","3.94614561185166","3.08160836290626","0.866","0.044","0.042","1,2,4,5,6,7,9,15,18,20,21,23,24,25,27,30,31,39,43,49,54,55,59,71,79,87,89,90,91,92,93,94,97,100,101",0.0335058744938801,FALSE,21,3,1,0,35,24,11,0.685714285714286,0.916666666666667
"lasso.cv",13,60,0.33,"FALSE","FALSE","FALSE","7.37387036183713","3.91816036554668","3.45570999629045","0.526","0.038","0.032","1,2,3,4,5,6,7,17,19,23,26,30,40,49,52,54,66,79,85,86,88,90,91,92,93,94,98,99",0.0143033274193488,FALSE,15,2,0,1,28,17,11,0.607142857142857,0.916666666666667
"lasso.cv",14,60,0.33,"FALSE","FALSE","FALSE","7.75537871314769","4.37010180833282","3.38527690481486","0.401","0.04","0.04","1,2,3,4,5,6,15,16,22,25,26,27,35,42,44,45,48,50,51,52,54,57,59,60,61,62,68,70,73,78,79,82,86,89,90,91,92,93,94",0.00994732071744267,FALSE,27,0,0,0,39,27,12,0.692307692307692,1
"lasso.cv",15,60,0.33,"FALSE","FALSE","FALSE","6.55940297592495","4.13167850419267","2.42772447173229","0.44","0.039","0.036","3,4,5,6,10,14,15,17,18,19,20,27,29,30,40,53,54,55,59,60,64,66,82,86,88,89,90,91,92,93,94,95,100",0.0228523298654871,FALSE,21,2,2,0,33,23,10,0.696969696969697,0.833333333333333
"lasso.cv",16,60,0.33,"FALSE","FALSE","FALSE","7.24662341157891","4.28794725567266","2.95867615590625","0.55","0.038","0.036","2,3,4,5,6,10,15,17,19,24,36,49,51,54,59,60,64,71,76,82,84,85,90,91,92,93,94,98,101",0.0210756847293531,FALSE,17,2,1,1,29,19,10,0.655172413793103,0.833333333333333
"lasso.cv",17,60,0.33,"FALSE","FALSE","FALSE","6.68886371074631","4.23569187311473","2.45317183763158","0.321","0.039","0.035","1,2,3,4,5,6,8,12,14,19,21,22,24,25,27,29,31,36,37,42,45,48,53,54,58,59,66,70,71,78,79,86,89,90,91,92,93,94",0.0203390343962325,FALSE,26,0,0,0,38,26,12,0.684210526315789,1
"lasso.cv",18,60,0.33,"FALSE","FALSE","FALSE","8.89101765352414","5.71244394859626","3.17857370492788","0.911","0.045","0.044","1,2,3,4,5,6,10,12,15,17,18,29,38,42,48,49,54,62,66,69,71,73,77,83,84,86,90,91,92,93,94,99,100",0.0217475315228928,FALSE,20,2,0,1,33,22,11,0.666666666666667,0.916666666666667
"lasso.cv",19,60,0.33,"FALSE","FALSE","FALSE","6.08760126811162","4.14890749326479","1.93869377484683","0.931","0.044","0.041","1,2,4,6,15,19,25,27,29,30,51,55,56,58,66,69,71,78,81,84,86,88,89,90,91,92,93,94,95,100",0.0258827764969836,FALSE,18,2,2,0,30,20,10,0.666666666666667,0.833333333333333
"lasso.cv",2,60,0.33,"FALSE","FALSE","FALSE","6.66521788511765","4.01099303187213","2.65422485324551","0.667","0.04","0.037","2,4,5,6,19,24,27,30,40,42,49,54,55,59,70,82,86,88,89,90,91,92,93,94,95,98",0.0185062271420609,FALSE,14,2,2,0,26,16,10,0.615384615384615,0.833333333333333
"lasso.cv",20,60,0.33,"FALSE","FALSE","FALSE","6.99776995089225","3.33096513013545","3.6668048207568","0.817","0.039","0.037","1,2,3,4,6,9,15,18,21,31,33,40,45,49,50,51,52,54,62,65,66,69,70,71,89,90,91,92,93,94,100",0.016249868090943,FALSE,19,1,1,0,31,20,11,0.645161290322581,0.916666666666667
"lasso.cv",21,60,0.33,"FALSE","FALSE","FALSE","8.01518581175803","4.57568620812725","3.43949960363077","0.532","0.043","0.037","1,2,3,4,5,6,9,14,15,17,18,19,41,42,45,46,50,52,54,56,59,61,71,76,85,86,87,89,90,91,92,93,94,95,97,101",0.0187902763601641,FALSE,21,3,0,0,36,24,12,0.666666666666667,1
"lasso.cv",22,60,0.33,"FALSE","FALSE","FALSE","6.61442225344063","3.12571479710961","3.48870745633102","0.699","0.039","0.034","1,2,3,4,5,6,7,15,30,31,32,45,50,52,55,66,68,70,76,78,84,90,91,92,93,94,100",0.0104045554941324,FALSE,15,1,0,1,27,16,11,0.592592592592593,0.916666666666667
"lasso.cv",23,60,0.33,"FALSE","FALSE","FALSE","6.34612155615231","4.07048843043213","2.27563312572019","0.745","0.039","0.043","1,2,3,4,5,6,7,15,30,31,40,41,43,49,52,56,72,78,88,90,91,92,93,94,95,100",0.0198751387451525,FALSE,13,2,0,1,26,15,11,0.576923076923077,0.916666666666667
"lasso.cv",24,60,0.33,"FALSE","FALSE","FALSE","6.37914171279924","3.82910672680771","2.55003498599153","1.03","0.044","0.039","1,2,3,6,7,12,13,14,15,17,18,22,23,25,26,27,29,30,31,34,39,44,45,49,54,59,63,66,71,76,82,86,90,91,92,93,94,95,96,98,100,101",0.0620730470334364,FALSE,28,5,2,1,42,33,9,0.785714285714286,0.75
"lasso.cv",25,60,0.33,"FALSE","FALSE","FALSE","6.87325512236198","3.58681512246174","3.28643999990023","0.725","0.04","0.039","1,2,4,5,6,7,10,15,17,24,27,30,31,40,54,57,60,70,76,78,86,88,89,90,91,92,93,98,99,101",0.0330506867557652,FALSE,17,3,1,1,30,20,10,0.666666666666667,0.833333333333333
"lasso.cv",26,60,0.33,"FALSE","FALSE","FALSE","5.91436961999975","3.50895508819633","2.40541453180342","0.79","0.041","0.035","1,2,3,4,5,6,10,15,31,46,49,51,60,61,65,67,68,69,71,74,79,81,83,85,86,87,89,90,91,92,93,94,98,100",0.0186484568849747,FALSE,20,2,0,0,34,22,12,0.647058823529412,1
"lasso.cv",27,60,0.33,"FALSE","FALSE","FALSE","7.01856893285564","2.77953477293825","4.23903415991739","0.847","0.042","0.042","1,2,4,6,15,17,18,21,23,33,43,45,49,51,52,54,68,71,73,74,76,83,89,90,91,92,93,94,95,96,100",0.0209091387567882,FALSE,18,3,2,0,31,21,10,0.67741935483871,0.833333333333333
"lasso.cv",28,60,0.33,"FALSE","FALSE","FALSE","6.36021940819683","3.78912293035946","2.57109647783737","0.762","0.043","0.037","1,3,4,5,6,18,19,22,36,38,40,42,45,49,55,56,57,60,65,71,83,84,88,89,90,91,92,93,94,98,101",0.0221103646699571,FALSE,18,2,1,0,31,20,11,0.645161290322581,0.916666666666667
"lasso.cv",29,60,0.33,"FALSE","FALSE","FALSE","7.21845051452529","4.37038687355841","2.84806364096687","0.704","0.039","0.035","1,2,3,4,6,7,9,10,15,17,19,20,23,27,35,43,44,49,51,52,54,62,64,66,73,77,80,88,90,91,92,93,94,98",0.0239830406750651,FALSE,23,1,1,1,34,24,10,0.705882352941177,0.833333333333333
"lasso.cv",3,60,0.33,"FALSE","FALSE","FALSE","7.38501271109967","4.32991625558546","3.05509645551421","0.932","0.04","0.04","2,3,4,5,6,12,15,17,19,21,34,41,45,49,61,66,69,73,76,80,84,85,86,90,91,92,93,94,100",0.0241635243984959,FALSE,18,1,1,1,29,19,10,0.655172413793103,0.833333333333333
"lasso.cv",30,60,0.33,"FALSE","FALSE","FALSE","6.33905688419411","4.62388976584143","1.71516711835268","0.978","0.042","0.035","2,4,5,6,10,12,13,14,15,27,30,31,50,54,55,57,61,72,75,78,79,81,83,87,89,90,91,92,93,94,98",0.0238201399334665,FALSE,20,1,2,0,31,21,10,0.67741935483871,0.833333333333333
"lasso.cv",31,60,0.33,"FALSE","FALSE","FALSE","8.78584098758838","3.70310677706521","5.08273421052317","0.462","0.041","0.036","1,2,3,4,6,9,14,19,24,27,31,36,42,46,49,50,54,56,69,73,77,84,90,91,92,93,94,99,100",0.0194007359876437,FALSE,17,2,1,1,29,19,10,0.655172413793103,0.833333333333333
"lasso.cv",32,60,0.33,"FALSE","FALSE","FALSE","6.80077245393039","3.65753322200131","3.14323923192908","0.806","0.047","0.044","2,3,4,5,6,7,10,17,20,24,34,35,39,44,45,47,49,50,60,61,64,67,70,73,81,86,88,90,91,92,93,95,100",0.0256206018304036,FALSE,22,2,1,2,33,24,9,0.727272727272727,0.75
"lasso.cv",33,60,0.33,"FALSE","FALSE","FALSE","7.04535665500076","4.91619954164221","2.12915711335855","0.431","0.044","0.043","1,3,4,5,6,14,15,24,30,32,37,41,42,43,46,49,60,64,69,71,73,76,86,89,90,91,92,93,94,98,99",0.0184141803880563,FALSE,18,2,1,0,31,20,11,0.645161290322581,0.916666666666667
"lasso.cv",34,60,0.33,"FALSE","FALSE","FALSE","7.29119663446422","4.17839945440326","3.11279718006096","0.824","0.042","0.042","1,2,3,4,6,15,20,27,30,36,40,41,44,48,49,56,58,64,68,73,86,89,90,91,92,93,94,96,100",0.0132275396769521,FALSE,16,2,1,0,29,18,11,0.620689655172414,0.916666666666667
"lasso.cv",35,60,0.33,"FALSE","FALSE","FALSE","7.20816000015243","4.5953448523878","2.61281514776463","0.523","0.041","0.033","1,2,3,4,5,6,15,24,30,42,46,49,51,52,55,56,62,69,84,86,88,90,91,92,93,94,101",0.0135336044514397,FALSE,15,1,0,1,27,16,11,0.592592592592593,0.916666666666667
"lasso.cv",36,60,0.33,"FALSE","FALSE","FALSE","6.60140438238692","2.24496565603026","4.35643872635666","0.993","0.042","0.042","1,2,3,4,6,18,27,30,31,42,45,55,58,59,61,66,68,71,76,81,82,87,89,90,91,92,93,94,98,100,101",0.0241932080773536,FALSE,17,3,1,0,31,20,11,0.645161290322581,0.916666666666667
"lasso.cv",37,60,0.33,"FALSE","FALSE","FALSE","8.52983399965805","5.17946321324046","3.35037078641759","0.628","0.045","0.035","1,2,3,4,6,7,19,24,25,30,31,36,41,42,49,52,54,56,58,62,73,76,84,88,89,90,91,92,93,94,95,98,100",0.0175369491869215,FALSE,19,3,1,0,33,22,11,0.666666666666667,0.916666666666667
"lasso.cv",38,60,0.33,"FALSE","FALSE","FALSE","6.76088755119659","3.78833736034614","2.97255019085045","0.756","0.039","0.036","3,4,5,6,7,14,19,24,46,47,52,54,60,65,66,70,71,78,83,84,89,90,91,92,93,94,97,99,101",0.0258603939201701,FALSE,16,3,2,0,29,19,10,0.655172413793103,0.833333333333333
"lasso.cv",39,60,0.33,"FALSE","FALSE","FALSE","7.03827557542919","4.25647412593999","2.78180144948921","0.958","0.04","0.037","1,2,3,4,6,10,16,17,26,27,29,30,31,35,42,44,46,51,55,56,57,58,60,68,78,80,87,89,90,91,92,93,94,96,101",0.0343414810062095,FALSE,22,2,1,0,35,24,11,0.685714285714286,0.916666666666667
"lasso.cv",4,60,0.33,"FALSE","FALSE","FALSE","6.46244820796815","4.28621781049251","2.17623039747564","0.444","0.04","0.038","1,3,4,5,6,9,17,19,23,27,36,43,44,52,57,59,60,73,78,81,89,90,91,92,93,94,95,97",0.0206136601486055,FALSE,15,2,1,0,28,17,11,0.607142857142857,0.916666666666667
"lasso.cv",40,60,0.33,"FALSE","FALSE","FALSE","7.60906317599013","4.20233589626037","3.40672727972976","0.904","0.041","0.038","1,2,3,4,6,10,11,15,21,23,27,30,38,40,42,54,55,58,59,64,67,71,73,78,84,86,89,90,91,92,93,94,99",0.0207699727899905,FALSE,21,1,1,0,33,22,11,0.666666666666667,0.916666666666667
"lasso.cv",41,60,0.33,"FALSE","FALSE","FALSE","7.27169691388432","3.30772480462439","3.96397210925993","0.61","0.042","0.038","1,3,5,6,9,14,17,21,22,24,30,36,40,42,45,52,54,59,73,82,83,84,85,88,90,91,92,93,94,97,99,100",0.028933027341713,FALSE,20,3,2,1,32,23,9,0.71875,0.75
"lasso.cv",42,60,0.33,"FALSE","FALSE","FALSE","6.02409814684072","4.57735545793952","1.44674268890119","0.561","0.043","0.041","1,2,3,4,5,6,10,23,24,27,37,38,40,49,73,76,77,78,79,81,86,88,90,91,92,93,94,95",0.0216253818376971,FALSE,16,1,0,1,28,17,11,0.607142857142857,0.916666666666667
"lasso.cv",43,60,0.33,"FALSE","FALSE","FALSE","7.82209064061087","4.12732650208076","3.6947641385301","1.013","0.042","0.044","1,2,4,5,6,7,9,18,32,38,40,42,49,55,57,61,70,73,76,81,86,89,90,91,92,93,94,97,98",0.0160140362333081,FALSE,16,2,1,0,29,18,11,0.620689655172414,0.916666666666667
"lasso.cv",44,60,0.33,"FALSE","FALSE","FALSE","8.30306050247649","4.54906893589042","3.75399156658607","0.701","0.04","0.037","1,2,3,4,6,19,21,27,30,31,32,34,44,50,54,56,59,71,76,77,81,84,86,87,88,89,90,91,92,93,94",0.0206258557150278,FALSE,20,0,1,0,31,20,11,0.645161290322581,0.916666666666667
"lasso.cv",45,60,0.33,"FALSE","FALSE","FALSE","6.99039321274733","3.84410763177122","3.14628558097611","0.724","0.047","0.039","1,2,4,5,6,15,17,21,27,34,40,42,52,54,59,63,66,73,78,80,81,89,90,91,92,93,94,95,99,100,101",0.0321992159859164,FALSE,16,4,1,0,31,20,11,0.645161290322581,0.916666666666667
"lasso.cv",46,60,0.33,"FALSE","FALSE","FALSE","8.48997921910933","3.44426357317747","5.04571564593187","0.448","0.038","0.034","1,2,3,4,6,9,14,17,24,31,38,46,51,59,73,77,84,85,86,90,91,92,93,94,97,98,99",0.0110234525218078,FALSE,14,3,1,1,27,17,10,0.62962962962963,0.833333333333333
"lasso.cv",47,60,0.33,"FALSE","FALSE","FALSE","6.75910773565127","4.36339033745596","2.39571739819531","0.621","0.042","0.039","1,2,3,4,5,6,7,14,15,17,27,41,48,49,52,59,68,76,82,87,89,90,91,92,93,94,97,99",0.0188555763711154,FALSE,14,2,0,0,28,16,12,0.571428571428571,1
"lasso.cv",48,60,0.33,"FALSE","FALSE","FALSE","7.10305986938961","4.36031086920865","2.74274900018096","0.408","0.04","0.037","1,2,3,4,5,6,10,12,14,19,27,30,31,38,40,44,46,52,59,67,73,83,89,90,91,92,93,94,97,101",0.0159586192069486,FALSE,16,2,0,0,30,18,12,0.6,1
"lasso.cv",49,60,0.33,"FALSE","FALSE","FALSE","7.49380785902396","4.72000868071685","2.77379917830711","0.498","0.039","0.034","1,2,3,4,5,6,14,15,23,27,31,40,46,60,66,68,71,77,78,82,86,88,89,90,91,92,93,94",0.0162525122548818,FALSE,16,0,0,0,28,16,12,0.571428571428571,1
"lasso.cv",5,60,0.33,"FALSE","FALSE","FALSE","7.37977271205197","3.70611468627071","3.67365802578126","0.494","0.041","0.039","2,3,4,5,6,9,15,19,21,22,24,29,30,35,43,45,49,51,59,60,66,69,70,71,76,82,84,85,86,90,91,92,94,98,101",0.0244926536032551,FALSE,24,2,1,2,35,26,9,0.742857142857143,0.75
"lasso.cv",50,60,0.33,"FALSE","FALSE","FALSE","6.01727941678245","3.98202047624759","2.03525894053487","0.823","0.044","0.044","1,3,4,6,9,10,12,15,16,17,19,21,31,36,45,49,52,56,73,76,80,82,83,86,88,89,90,91,92,93,94,99,100",0.0291146849786472,FALSE,21,2,2,0,33,23,10,0.696969696969697,0.833333333333333
"lasso.cv",51,60,0.33,"FALSE","FALSE","FALSE","7.31379126843324","4.06901023722496","3.24478103120828","0.612","0.04","0.036","2,3,4,5,6,15,17,21,31,36,38,45,50,51,78,79,87,90,91,92,94,95,97,98,99",0.0187159382677785,FALSE,12,4,1,2,25,16,9,0.64,0.75
"lasso.cv",52,60,0.33,"FALSE","FALSE","FALSE","8.30238737343189","5.3135851156165","2.9888022578154","0.363","0.039","0.036","2,3,4,5,6,15,17,18,19,21,33,40,41,45,48,54,56,66,76,77,80,81,86,87,90,91,92,94,100",0.0211334151793535,FALSE,19,1,1,2,29,20,9,0.689655172413793,0.75
"lasso.cv",53,60,0.33,"FALSE","FALSE","FALSE","7.54863388891522","4.47469219892978","3.07394168998544","0.757","0.042","0.041","2,3,4,6,7,12,13,26,27,29,30,34,37,40,43,45,52,59,60,64,66,67,69,71,73,74,76,77,80,87,89,90,91,92,94,97",0.0254613766976128,FALSE,26,1,2,1,36,27,9,0.75,0.75
"lasso.cv",54,60,0.33,"FALSE","FALSE","FALSE","6.77864443173906","4.02092014630802","2.75772428543104","0.422","0.038","0.031","1,2,3,4,5,6,27,39,45,49,58,68,71,78,80,85,89,90,91,92,93,94,100,101",0.0100765223241899,FALSE,10,2,0,0,24,12,12,0.5,1
"lasso.cv",55,60,0.33,"FALSE","FALSE","FALSE","8.6477532739774","4.64270305641229","4.00505021756511","0.438","0.042","0.04","1,2,3,4,5,6,18,19,24,30,37,43,59,60,73,76,78,83,86,88,90,91,92,93,95,99",0.0207541443640564,FALSE,14,2,0,2,26,16,10,0.615384615384615,0.833333333333333
"lasso.cv",56,60,0.33,"FALSE","FALSE","FALSE","6.40312113798506","4.09842899562423","2.30469214236082","0.897","0.043","0.04","1,2,3,4,5,6,19,20,27,30,31,34,37,49,56,59,60,69,73,76,84,86,88,90,91,92,93,94,95,98,100",0.0198298386665739,FALSE,17,3,0,1,31,20,11,0.645161290322581,0.916666666666667
"lasso.cv",57,60,0.33,"FALSE","FALSE","FALSE","8.2250357213077","5.1908772411025","3.0341584802052","0.567","0.042","0.042","2,3,4,5,6,10,15,17,19,21,27,35,36,38,47,55,59,60,64,65,71,73,76,77,85,88,90,91,92,93,94,98,99",0.0169443484827138,FALSE,21,2,1,1,33,23,10,0.696969696969697,0.833333333333333
"lasso.cv",58,60,0.33,"FALSE","FALSE","FALSE","8.71024556671154","4.0444316349571","4.66581393175444","0.566","0.039","0.039","1,2,4,6,17,21,23,27,31,34,36,42,52,54,56,59,64,66,78,84,85,87,90,91,92,93,94,95,97,100",0.0246913350952325,FALSE,18,3,2,1,30,21,9,0.7,0.75
"lasso.cv",59,60,0.33,"FALSE","FALSE","FALSE","6.50049370103397","4.28422934564658","2.21626435538739","0.438","0.041","0.033","2,3,4,5,6,9,15,21,23,27,30,31,32,33,49,51,57,63,66,77,81,86,87,90,91,92,93,94,97,101",0.0243124606721304,FALSE,18,2,1,1,30,20,10,0.666666666666667,0.833333333333333
"lasso.cv",6,60,0.33,"FALSE","FALSE","FALSE","7.48530180532736","4.23675664904662","3.24854515628074","0.618","0.041","0.041","2,3,4,5,6,12,15,17,18,21,24,25,27,30,35,36,38,44,53,56,60,74,78,81,83,86,87,90,91,92,93,94,95,96,99,101",0.0329970047089752,FALSE,22,4,1,1,36,26,10,0.722222222222222,0.833333333333333
"lasso.cv",60,60,0.33,"FALSE","FALSE","FALSE","7.08337950151827","3.8786048553035","3.20477464621477","0.651","0.045","0.035","2,3,4,5,6,15,18,23,25,27,31,35,36,41,42,43,54,55,59,66,71,73,83,85,86,90,91,92,93,94,95,98",0.0189901216918217,FALSE,20,2,1,1,32,22,10,0.6875,0.833333333333333
"lasso.cv",61,60,0.33,"FALSE","FALSE","FALSE","6.76863402607811","4.60456329545055","2.16407073062756","0.592","0.04","0.036","1,2,3,4,5,6,15,19,21,27,29,31,40,42,43,44,45,52,54,60,64,66,67,86,87,89,90,91,92,93,94,97",0.0148603180277409,FALSE,19,1,0,0,32,20,12,0.625,1
"lasso.cv",62,60,0.33,"FALSE","FALSE","FALSE","6.97951529705251","4.79689635028742","2.18261894676509","0.378","0.038","0.032","1,3,4,5,6,13,15,17,19,20,21,30,31,41,42,54,56,59,71,73,79,89,90,91,92,93,94,95,97,99",0.0167198408903911,FALSE,16,3,1,0,30,19,11,0.633333333333333,0.916666666666667
"lasso.cv",63,60,0.33,"FALSE","FALSE","FALSE","7.36725171761795","4.00789364774876","3.35935806986919","0.919","0.04","0.036","1,4,6,8,11,15,17,25,27,30,36,37,38,42,43,46,49,52,54,56,63,65,66,72,78,79,84,86,88,89,90,91,92,93,94,99",0.0309893688951368,FALSE,26,1,3,0,36,27,9,0.75,0.75
"lasso.cv",64,60,0.33,"FALSE","FALSE","FALSE","8.17306012115498","4.68450609825934","3.48855402289564","0.608","0.039","0.038","1,2,4,5,6,7,9,10,11,14,16,17,18,24,27,28,30,40,41,44,50,51,52,76,78,79,81,84,86,87,89,90,91,92,93,94,95,98,99,100",0.0218503192494832,FALSE,25,4,1,0,40,29,11,0.725,0.916666666666667
"lasso.cv",65,60,0.33,"FALSE","FALSE","FALSE","6.75113802312671","4.17746169480476","2.57367632832195","0.688","0.04","0.037","1,3,4,5,6,10,13,17,18,19,24,27,28,30,39,45,46,49,50,51,52,60,64,66,69,78,79,88,90,91,92,93,94,95,99,100",0.0234154883307386,FALSE,23,3,1,1,36,26,10,0.722222222222222,0.833333333333333
"lasso.cv",66,60,0.33,"FALSE","FALSE","FALSE","7.35561407667733","5.35049919958078","2.00511487709655","0.906","0.047","0.038","1,2,3,4,5,6,12,15,17,18,19,20,23,27,30,33,36,41,43,44,45,47,52,57,60,61,65,69,70,72,73,77,89,90,91,92,93,94,98,101",0.0324272604111529,FALSE,26,2,0,0,40,28,12,0.7,1
"lasso.cv",67,60,0.33,"FALSE","FALSE","FALSE","6.64726910216988","4.22845803973039","2.41881106243949","0.962","0.046","0.044","1,2,3,4,6,9,10,14,25,30,32,34,38,42,44,49,57,58,65,71,72,76,77,81,86,87,88,89,90,91,92,93,94",0.028375375660923,FALSE,22,0,1,0,33,22,11,0.666666666666667,0.916666666666667
"lasso.cv",68,60,0.33,"FALSE","FALSE","FALSE","8.16788214276145","4.89474555977899","3.27313658298246","0.816","0.039","0.037","1,2,3,4,5,6,15,17,21,24,30,31,35,39,45,46,49,50,51,54,58,60,64,66,78,90,91,92,93,94,95",0.0192673802292863,FALSE,19,1,0,1,31,20,11,0.645161290322581,0.916666666666667
"lasso.cv",69,60,0.33,"FALSE","FALSE","FALSE","6.99558737828588","4.0225432173534","2.97304416093248","0.866","0.043","0.039","2,3,4,6,11,15,18,21,24,26,27,29,30,33,36,45,47,48,52,53,56,58,61,68,69,73,74,76,79,81,83,87,89,90,91,92,93,94,96,101",0.0218759757474025,FALSE,28,2,2,0,40,30,10,0.75,0.833333333333333
"lasso.cv",7,60,0.33,"FALSE","FALSE","FALSE","7.43110251099951","4.09002711518793","3.34107539581159","0.578","0.039","0.037","1,2,3,4,6,15,20,24,40,45,51,54,57,58,59,61,64,68,71,76,77,85,89,90,91,92,93,94,97,101",0.0101241152201143,FALSE,17,2,1,0,30,19,11,0.633333333333333,0.916666666666667
"lasso.cv",70,60,0.33,"FALSE","FALSE","FALSE","7.49514547205651","2.90358018001165","4.59156529204486","0.671","0.04","0.037","1,2,3,4,5,6,15,17,19,20,22,27,36,40,45,64,73,84,85,86,88,89,90,91,92,93,94,95,100,101",0.0222894618970408,FALSE,15,3,0,0,30,18,12,0.6,1
"lasso.cv",71,60,0.33,"FALSE","FALSE","FALSE","7.20419276282858","4.14309770295165","3.06109505987692","0.619","0.045","0.037","2,3,4,5,6,7,14,17,23,30,31,35,36,38,40,44,48,51,58,59,70,72,73,82,88,89,90,91,92,93,94,95,97,98",0.0141925805585616,FALSE,20,3,1,0,34,23,11,0.676470588235294,0.916666666666667
"lasso.cv",72,60,0.33,"FALSE","FALSE","FALSE","7.67028372704195","4.25671946115332","3.41356426588863","0.435","0.037","0.033","1,2,3,4,5,6,17,21,23,31,32,40,51,54,55,66,78,83,84,86,90,91,92,93,94,100",0.0100436275247443,FALSE,14,1,0,1,26,15,11,0.576923076923077,0.916666666666667
"lasso.cv",73,60,0.33,"FALSE","FALSE","FALSE","8.44721701275109","5.02349442522303","3.42372258752806","0.844","0.041","0.046","1,2,3,4,6,17,30,31,40,41,42,43,49,57,59,63,68,71,77,81,86,90,91,92,93,94,99",0.017219731577248,FALSE,16,1,1,1,27,17,10,0.62962962962963,0.833333333333333
"lasso.cv",74,60,0.33,"FALSE","FALSE","FALSE","7.70649661580111","4.64959898819029","3.05689762761082","0.545","0.042","0.035","1,2,3,4,5,6,14,15,31,33,38,39,40,42,44,48,49,55,59,64,68,70,71,72,78,79,83,86,90,91,92,93,94,95,97",0.0160503739510397,FALSE,22,2,0,1,35,24,11,0.685714285714286,0.916666666666667
"lasso.cv",75,60,0.33,"FALSE","FALSE","FALSE","7.14367853456978","4.24316603880149","2.90051249576829","0.72","0.046","0.041","1,2,4,5,6,10,14,18,19,22,24,40,45,46,50,52,54,56,73,78,80,82,84,86,89,90,91,92,93,94,95,100",0.0234713092011533,FALSE,19,2,1,0,32,21,11,0.65625,0.916666666666667
"lasso.cv",76,60,0.33,"FALSE","FALSE","FALSE","6.30586756618299","3.91789827077805","2.38796929540494","0.69","0.04","0.035","2,3,4,5,6,9,14,17,19,30,31,32,40,49,51,52,54,60,82,86,90,91,92,93,94",0.0167684854929404,FALSE,15,0,1,1,25,15,10,0.6,0.833333333333333
"lasso.cv",77,60,0.33,"FALSE","FALSE","FALSE","7.44695798473749","3.90139731053018","3.54556067420731","0.518","0.046","0.042","2,3,5,6,9,10,15,17,21,24,25,27,30,31,38,40,44,45,48,51,52,53,59,64,65,66,70,71,76,77,78,81,85,86,88,89,90,91,92,93,94,99,101",0.0354032598023727,FALSE,31,2,2,0,43,33,10,0.767441860465116,0.833333333333333
"lasso.cv",78,60,0.33,"FALSE","FALSE","FALSE","8.97307523950242","5.08549749592359","3.88757774357884","0.621","0.042","0.039","1,2,3,4,5,6,9,10,17,27,45,46,50,67,86,88,89,90,91,92,93,94,98,100",0.00981412146896722,FALSE,10,2,0,0,24,12,12,0.5,1
"lasso.cv",79,60,0.33,"FALSE","FALSE","FALSE","6.35137924020795","4.53970889572376","1.81167034448419","0.995","0.043","0.044","1,2,4,5,6,9,12,13,17,21,23,30,31,52,53,54,55,58,59,60,67,69,71,75,76,80,86,87,89,90,91,92,93,94,95,98",0.0319987324550221,FALSE,23,2,1,0,36,25,11,0.694444444444444,0.916666666666667
"lasso.cv",8,60,0.33,"FALSE","FALSE","FALSE","7.79470763103976","3.65648806663774","4.13821956440202","0.431","0.041","0.035","2,4,6,15,23,25,30,42,55,59,73,76,78,86,89,90,91,92,93,94,97,98",0.0221607090202293,FALSE,11,2,3,0,22,13,9,0.590909090909091,0.75
"lasso.cv",80,60,0.33,"FALSE","FALSE","FALSE","8.92668787848994","4.73959542565233","4.18709245283761","0.551","0.039","0.044","1,2,3,4,5,6,15,19,30,31,36,50,52,54,56,59,60,68,69,75,76,81,88,89,90,91,92,93,94,95,98",0.0236091132473292,FALSE,17,2,0,0,31,19,12,0.612903225806452,1
"lasso.cv",81,60,0.33,"FALSE","FALSE","FALSE","7.21386210601281","4.07718877780679","3.13667332820602","0.621","0.039","0.033","1,2,4,6,15,17,23,25,32,40,52,58,59,60,62,65,66,70,72,74,77,78,84,86,90,91,92,93,94,99,100",0.015541881573386,FALSE,20,2,2,1,31,22,9,0.709677419354839,0.75
"lasso.cv",82,60,0.33,"FALSE","FALSE","FALSE","7.33222099693594","4.28262945054581","3.04959154639013","0.816","0.04","0.037","1,2,3,4,5,6,7,10,15,17,24,27,28,29,30,42,49,52,55,56,61,63,68,72,73,76,77,78,90,91,92,93,94,95",0.0167608856283046,FALSE,22,1,0,1,34,23,11,0.676470588235294,0.916666666666667
"lasso.cv",83,60,0.33,"FALSE","FALSE","FALSE","7.22999070776366","4.70816868883979","2.52182201892387","0.73","0.038","0.038","1,3,4,6,12,14,15,21,22,31,34,41,45,48,50,51,55,56,64,69,70,71,72,81,83,89,90,91,92,94,95,96,100",0.027241911085227,FALSE,21,3,2,1,33,24,9,0.727272727272727,0.75
"lasso.cv",84,60,0.33,"FALSE","FALSE","FALSE","7.53181497612901","4.2989799622485","3.23283501388051","0.789","0.039","0.038","1,2,3,4,6,12,14,19,21,24,26,29,30,31,40,43,55,59,68,69,73,77,78,79,82,83,89,90,91,92,93,94,99",0.0184292985422748,FALSE,21,1,1,0,33,22,11,0.666666666666667,0.916666666666667
"lasso.cv",85,60,0.33,"FALSE","FALSE","FALSE","7.39543255707239","3.86507561994441","3.53035693712799","0.803","0.046","0.041","2,3,4,5,6,15,18,19,21,23,30,31,33,40,44,45,52,54,58,62,72,76,79,80,81,86,88,90,91,92,93,95,98,101",0.0292923781126481,FALSE,22,3,1,2,34,25,9,0.735294117647059,0.75
"lasso.cv",86,60,0.33,"FALSE","FALSE","FALSE","6.91362716211749","4.34900619958883","2.56462096252866","0.873","0.041","0.041","2,4,5,6,7,11,12,16,20,24,30,35,40,42,43,44,49,52,63,64,68,69,71,75,77,78,85,86,89,90,91,92,93,94,95,98,99",0.0229649165256815,FALSE,24,3,2,0,37,27,10,0.72972972972973,0.833333333333333
"lasso.cv",87,60,0.33,"FALSE","FALSE","FALSE","9.05698909766161","5.48388000537516","3.57310909228645","0.751","0.04","0.041","1,2,3,4,5,6,9,11,14,30,31,34,35,42,43,47,48,52,54,58,59,60,62,64,65,71,75,86,87,90,91,92,93,94,98,100",0.0129424982095222,FALSE,23,2,0,1,36,25,11,0.694444444444444,0.916666666666667
"lasso.cv",88,60,0.33,"FALSE","FALSE","FALSE","6.87532448314102","4.10429449635785","2.77102998678317","0.65","0.04","0.037","2,3,4,5,6,18,19,30,31,36,39,43,45,49,53,54,59,68,69,73,83,90,91,92,93,94,95,99,101",0.0209159805425829,FALSE,16,3,1,1,29,19,10,0.655172413793103,0.833333333333333
"lasso.cv",89,60,0.33,"FALSE","FALSE","FALSE","6.86785676892216","4.14114021426452","2.72671655465764","0.896","0.042","0.038","2,3,4,6,7,18,19,21,30,38,40,46,51,54,55,56,62,66,71,72,78,80,82,84,85,86,89,90,91,92,93,94,95,96",0.0219762337450348,FALSE,22,2,2,0,34,24,10,0.705882352941177,0.833333333333333
"lasso.cv",9,60,0.33,"FALSE","FALSE","FALSE","6.92082557030055","4.60560708430782","2.31521848599274","0.619","0.041","0.039","1,2,3,4,5,6,9,14,17,18,19,21,38,43,50,51,52,56,60,62,64,66,70,76,77,84,89,91,92,93,94,98,99",0.0194154475877499,FALSE,20,2,0,1,33,22,11,0.666666666666667,0.916666666666667
"lasso.cv",90,60,0.33,"FALSE","FALSE","FALSE","6.60490908205979","4.62731073177069","1.97759835028909","0.795","0.044","0.042","1,2,3,4,5,6,13,15,19,27,30,34,41,44,50,51,53,54,57,60,61,63,65,69,70,72,76,78,79,81,88,90,91,92,93,94,95",0.024357125724011,FALSE,25,1,0,1,37,26,11,0.702702702702703,0.916666666666667
"lasso.cv",91,60,0.33,"FALSE","FALSE","FALSE","7.59512904358215","5.47767754323101","2.11745150035114","0.817","0.055","0.052","1,2,3,4,5,6,13,15,18,20,21,24,27,28,29,30,32,38,44,45,57,61,65,72,73,75,76,78,79,85,86,90,91,92,93,94,95,96",0.0169529057503156,FALSE,25,2,0,1,38,27,11,0.710526315789474,0.916666666666667
"lasso.cv",92,60,0.33,"FALSE","FALSE","FALSE","8.53432333438351","3.91126473907022","4.62305859531329","0.847","0.062","0.056","1,2,3,4,5,6,9,14,15,18,31,38,44,45,46,50,51,54,60,67,76,82,85,86,88,90,91,92,93,94,98,100,101",0.0115316818382327,FALSE,19,3,0,1,33,22,11,0.666666666666667,0.916666666666667
"lasso.cv",93,60,0.33,"FALSE","FALSE","FALSE","8.15307926679132","3.74848887187638","4.40459039491494","0.871","0.062","0.064","2,4,5,6,7,16,17,18,21,23,32,37,40,42,44,47,48,55,57,58,60,63,66,68,69,72,73,78,83,84,89,90,91,92,93,94,97,101",0.0242002559718393,FALSE,26,2,2,0,38,28,10,0.736842105263158,0.833333333333333
"lasso.cv",94,60,0.33,"FALSE","FALSE","FALSE","7.99285278442047","5.8449800947791","2.14787268964137","1.758","0.068","0.072","1,2,3,4,5,6,7,15,17,18,28,31,33,35,36,37,42,44,45,46,52,55,59,66,69,73,76,83,90,91,92,93,94,97,99",0.0205436391901579,FALSE,22,2,0,1,35,24,11,0.685714285714286,0.916666666666667
"lasso.cv",95,60,0.33,"FALSE","FALSE","FALSE","6.14848794519517","3.65469578997665","2.49379215521852","0.775","0.064","0.051","1,2,3,4,5,6,9,15,17,18,21,23,27,30,31,36,41,49,53,54,59,61,62,71,76,84,86,87,89,90,91,92,93,94,96,97,101",0.0245062368053567,FALSE,22,3,0,0,37,25,12,0.675675675675676,1
"lasso.cv",96,60,0.33,"FALSE","FALSE","FALSE","6.55564690983405","4.42104740162882","2.13459950820523","0.682","0.053","0.046","1,2,3,4,5,6,9,19,20,30,31,34,36,40,42,45,46,62,64,82,85,86,90,91,92,93,94,95,98",0.0124129932501444,FALSE,16,2,0,1,29,18,11,0.620689655172414,0.916666666666667
"lasso.cv",97,60,0.33,"FALSE","FALSE","FALSE","5.76786220066663","3.39579905391258","2.37206314675405","0.535","0.048","0.038","2,3,4,5,6,7,10,17,24,25,36,40,45,52,59,66,68,72,78,89,90,91,92,93,94,95,99,101",0.0118039544616157,FALSE,14,3,1,0,28,17,11,0.607142857142857,0.916666666666667
"lasso.cv",98,60,0.33,"FALSE","FALSE","FALSE","7.50389728403493","4.24422436541938","3.25967291861555","0.648","0.043","0.044","2,3,4,5,6,8,10,12,15,17,21,27,29,35,37,38,44,45,48,51,53,60,61,72,74,80,86,88,89,90,91,92,93,94,100",0.0231951667079382,FALSE,23,1,1,0,35,24,11,0.685714285714286,0.916666666666667
"lasso.cv",99,60,0.33,"FALSE","FALSE","FALSE","6.26877261999928","2.62569054649788","3.6430820735014","0.865","0.044","0.043","1,3,4,5,6,15,17,27,31,38,41,42,46,49,54,70,73,77,84,87,89,90,91,92,93,94,97,101",0.031029551336324,FALSE,15,2,1,0,28,17,11,0.607142857142857,0.916666666666667
"S.A",1,60,0.33,"FALSE","FALSE","FALSE","7.92146773762587","5.11259324699358","2.80887449063228","0.619","0.046","0.037","2,3,4,6,91,92,94",0.0284579232885938,FALSE,0,0,2,3,7,0,7,0,0.583333333333333
"S.A",10,60,0.33,"FALSE","FALSE","FALSE","7.11448120957385","4.49312433577168","2.62135687380217","0.599","0.04","0.038","1,3,4,5,6,91,94",0.0308133060320653,FALSE,0,0,1,4,7,0,7,0,0.583333333333333
"S.A",100,60,0.33,"FALSE","FALSE","FALSE","8.25525176371019","3.93574523445863","4.31950652925156","1.144","0.049","0.043","2,4,6,57,90,91,92,93,94",0.0146768964283726,FALSE,1,0,3,1,9,1,8,0.111111111111111,0.666666666666667
"S.A",11,60,0.33,"FALSE","FALSE","FALSE","7.38314656627843","4.38826272681847","2.99488383945995","0.601","0.042","0.044","3,4,6,91,92,94",0.0310616079579171,FALSE,0,0,3,3,6,0,6,0,0.5
"S.A",12,60,0.33,"FALSE","FALSE","FALSE","7.02775397475792","3.94614561185166","3.08160836290626","0.866","0.044","0.042","9,25,31,69,90,93",0.119212965770508,FALSE,4,0,6,4,6,4,2,0.666666666666667,0.166666666666667
"S.A",13,60,0.33,"FALSE","FALSE","FALSE","7.37387036183713","3.91816036554668","3.45570999629045","0.526","0.038","0.032","3,4,5,6,91,92,94",0.0247762730031542,FALSE,0,0,2,3,7,0,7,0,0.583333333333333
"S.A",14,60,0.33,"FALSE","FALSE","FALSE","7.75537871314769","4.37010180833282","3.38527690481486","0.401","0.04","0.04","1,3,5,6,90,91,93,94",0.0246316540601055,FALSE,0,0,2,2,8,0,8,0,0.666666666666667
"S.A",15,60,0.33,"FALSE","FALSE","FALSE","6.55940297592495","4.13167850419267","2.42772447173229","0.44","0.039","0.036","3,4,5,6,91,94",0.0368861579067062,FALSE,0,0,2,4,6,0,6,0,0.5
"S.A",16,60,0.33,"FALSE","FALSE","FALSE","7.24662341157891","4.28794725567266","2.95867615590625","0.55","0.038","0.036","3,5,6,90,91,94,101",0.043815257406516,FALSE,0,1,3,3,7,1,6,0.142857142857143,0.5
"S.A",17,60,0.33,"FALSE","FALSE","FALSE","6.68886371074631","4.23569187311473","2.45317183763158","0.321","0.039","0.035","1,3,5,6,91,94",0.0467627909277262,FALSE,0,0,2,4,6,0,6,0,0.5
"S.A",18,60,0.33,"FALSE","FALSE","FALSE","8.89101765352414","5.71244394859626","3.17857370492788","0.911","0.045","0.044","2,3,4,6,29,38,91,92,94",0.0293587562330722,FALSE,2,0,2,3,9,2,7,0.222222222222222,0.583333333333333
"S.A",19,60,0.33,"FALSE","FALSE","FALSE","6.08760126811162","4.14890749326479","1.93869377484683","0.931","0.044","0.041","4,7,19,60,86,92",0.11048832481082,FALSE,4,0,5,5,6,4,2,0.666666666666667,0.166666666666667
"S.A",2,60,0.33,"FALSE","FALSE","FALSE","6.66521788511765","4.01099303187213","2.65422485324551","0.667","0.04","0.037","4,40,49,91,92,98",0.0887907369918922,FALSE,2,1,5,4,6,3,3,0.5,0.25
"S.A",20,60,0.33,"FALSE","FALSE","FALSE","6.99776995089225","3.33096513013545","3.6668048207568","0.817","0.039","0.037","2,4,6,89,90,92,93",0.0432777284188207,FALSE,0,0,3,2,7,0,7,0,0.583333333333333
"S.A",21,60,0.33,"FALSE","FALSE","FALSE","8.01518581175803","4.57568620812725","3.43949960363077","0.532","0.043","0.037","1,3,5,6,90,91,94,101",0.0395920639215855,FALSE,0,1,2,3,8,1,7,0.125,0.583333333333333
"S.A",22,60,0.33,"FALSE","FALSE","FALSE","6.61442225344063","3.12571479710961","3.48870745633102","0.699","0.039","0.034","2,6,90,92,93,94",0.0433547687669565,FALSE,0,0,4,2,6,0,6,0,0.5
"S.A",23,60,0.33,"FALSE","FALSE","FALSE","6.34612155615231","4.07048843043213","2.27563312572019","0.745","0.039","0.043","4,30,49,91,92",0.0987278963101277,FALSE,2,0,5,4,5,2,3,0.4,0.25
"S.A",24,60,0.33,"FALSE","FALSE","FALSE","6.37914171279924","3.82910672680771","2.55003498599153","1.03","0.044","0.039","15,28,31,76,92,95",0.146786308880262,FALSE,4,1,6,5,6,5,1,0.833333333333333,0.0833333333333333
"S.A",25,60,0.33,"FALSE","FALSE","FALSE","6.87325512236198","3.58681512246174","3.28643999990023","0.725","0.04","0.039","7,31,78,89,90,93",0.128794477810431,FALSE,3,0,6,3,6,3,3,0.5,0.25
"S.A",26,60,0.33,"FALSE","FALSE","FALSE","5.91436961999975","3.50895508819633","2.40541453180342","0.79","0.041","0.035","3,5,6,91,94",0.0587517063473089,FALSE,0,0,3,4,5,0,5,0,0.416666666666667
"S.A",27,60,0.33,"FALSE","FALSE","FALSE","7.01856893285564","2.77953477293825","4.23903415991739","0.847","0.042","0.042","6,89,90,93,94",0.0799629073723942,FALSE,0,0,5,2,5,0,5,0,0.416666666666667
"S.A",28,60,0.33,"FALSE","FALSE","FALSE","6.36021940819683","3.78912293035946","2.57109647783737","0.762","0.043","0.037","4,19,49,60,91,92",0.0866604436533128,FALSE,3,0,5,4,6,3,3,0.5,0.25
"S.A",29,60,0.33,"FALSE","FALSE","FALSE","7.21845051452529","4.37038687355841","2.84806364096687","0.704","0.039","0.035","2,4,6,90,91,92",0.0410112891741262,FALSE,0,0,3,3,6,0,6,0,0.5
"S.A",3,60,0.33,"FALSE","FALSE","FALSE","7.38501271109967","4.32991625558546","3.05509645551421","0.932","0.04","0.04","3,5,6,19,90,91,92",0.0431560689834189,FALSE,1,0,3,3,7,1,6,0.142857142857143,0.5
"S.A",30,60,0.33,"FALSE","FALSE","FALSE","6.33905688419411","4.62388976584143","1.71516711835268","0.978","0.042","0.035","10,14,19,44,92",0.137466436714509,FALSE,4,0,6,5,5,4,1,0.8,0.0833333333333333
"S.A",31,60,0.33,"FALSE","FALSE","FALSE","8.78584098758838","3.70310677706521","5.08273421052317","0.462","0.041","0.036","2,4,6,90,91,92,93,94",0.0160107551567509,FALSE,0,0,3,1,8,0,8,0,0.666666666666667
"S.A",32,60,0.33,"FALSE","FALSE","FALSE","6.80077245393039","3.65753322200131","3.14323923192908","0.806","0.047","0.044","2,4,34,90,91,92,93",0.0451085910896241,FALSE,1,0,4,2,7,1,6,0.142857142857143,0.5
"S.A",33,60,0.33,"FALSE","FALSE","FALSE","7.04535665500076","4.91619954164221","2.12915711335855","0.431","0.044","0.043","1,3,5,6,14,91,94",0.0461255661517908,FALSE,1,0,2,4,7,1,6,0.142857142857143,0.5
"S.A",34,60,0.33,"FALSE","FALSE","FALSE","7.29119663446422","4.17839945440326","3.11279718006096","0.824","0.042","0.042","1,3,4,5,6,91,94",0.0287672359686155,FALSE,0,0,1,4,7,0,7,0,0.583333333333333
"S.A",35,60,0.33,"FALSE","FALSE","FALSE","7.20816000015243","4.5953448523878","2.61281514776463","0.523","0.041","0.033","1,3,4,5,6,91,94",0.0352157918581834,FALSE,0,0,1,4,7,0,7,0,0.583333333333333
"S.A",36,60,0.33,"FALSE","FALSE","FALSE","6.60140438238692","2.24496565603026","4.35643872635666","0.993","0.042","0.042","9,89,90,93,101",0.129914229382923,FALSE,1,1,6,3,5,2,3,0.4,0.25
"S.A",37,60,0.33,"FALSE","FALSE","FALSE","8.52983399965805","5.17946321324046","3.35037078641759","0.628","0.045","0.035","2,3,4,6,19,90,91,92",0.0347775961147025,FALSE,1,0,2,3,8,1,7,0.125,0.583333333333333
"S.A",38,60,0.33,"FALSE","FALSE","FALSE","6.76088755119659","3.78833736034614","2.97255019085045","0.756","0.039","0.036","3,4,6,91,92,94",0.0298519201308771,FALSE,0,0,3,3,6,0,6,0,0.5
"S.A",39,60,0.33,"FALSE","FALSE","FALSE","7.03827557542919","4.25647412593999","2.78180144948921","0.958","0.04","0.037","35,78,89,90,93",0.134688202447446,FALSE,2,0,6,3,5,2,3,0.4,0.25
"S.A",4,60,0.33,"FALSE","FALSE","FALSE","6.46244820796815","4.28621781049251","2.17623039747564","0.444","0.04","0.038","1,3,5,6,91,94",0.0438329010439065,FALSE,0,0,2,4,6,0,6,0,0.5
"S.A",40,60,0.33,"FALSE","FALSE","FALSE","7.60906317599013","4.20233589626037","3.40672727972976","0.904","0.041","0.038","3,4,6,38,91,92,94",0.0313575010267819,FALSE,1,0,3,3,7,1,6,0.142857142857143,0.5
"S.A",41,60,0.33,"FALSE","FALSE","FALSE","7.27169691388432","3.30772480462439","3.96397210925993","0.61","0.042","0.038","1,6,54,90,91,93,94",0.0459543865484141,FALSE,1,0,4,2,7,1,6,0.142857142857143,0.5
"S.A",42,60,0.33,"FALSE","FALSE","FALSE","6.02409814684072","4.57735545793952","1.44674268890119","0.561","0.043","0.041","1,3,5,23,37,91",0.0883086064069564,FALSE,2,0,3,5,6,2,4,0.333333333333333,0.333333333333333
"S.A",43,60,0.33,"FALSE","FALSE","FALSE","7.82209064061087","4.12732650208076","3.6947641385301","1.013","0.042","0.044","4,6,7,9,89,90,93",0.0791331241258116,FALSE,2,0,4,3,7,2,5,0.285714285714286,0.416666666666667
"S.A",44,60,0.33,"FALSE","FALSE","FALSE","8.30306050247649","4.54906893589042","3.75399156658607","0.701","0.04","0.037","2,4,6,27,56,89,90,91,92",0.0381560047125228,FALSE,2,0,3,2,9,2,7,0.222222222222222,0.583333333333333
"S.A",45,60,0.33,"FALSE","FALSE","FALSE","6.99039321274733","3.84410763177122","3.14628558097611","0.724","0.047","0.039","1,4,6,66,91,92,95",0.0532121141019572,FALSE,1,1,3,4,7,2,5,0.285714285714286,0.416666666666667
"S.A",46,60,0.33,"FALSE","FALSE","FALSE","8.48997921910933","3.44426357317747","5.04571564593187","0.448","0.038","0.034","2,4,6,90,91,92,93,94",0.0144503756433787,FALSE,0,0,3,1,8,0,8,0,0.666666666666667
"S.A",47,60,0.33,"FALSE","FALSE","FALSE","6.75910773565127","4.36339033745596","2.39571739819531","0.621","0.042","0.039","1,3,4,5,6,91,94",0.0308257458452896,FALSE,0,0,1,4,7,0,7,0,0.583333333333333
"S.A",48,60,0.33,"FALSE","FALSE","FALSE","7.10305986938961","4.36031086920865","2.74274900018096","0.408","0.04","0.037","1,3,5,6,91,94",0.0492018305844315,FALSE,0,0,2,4,6,0,6,0,0.5
"S.A",49,60,0.33,"FALSE","FALSE","FALSE","7.49380785902396","4.72000868071685","2.77379917830711","0.498","0.039","0.034","2,3,4,5,6,90,91,94",0.0224355886585952,FALSE,0,0,1,3,8,0,8,0,0.666666666666667
"S.A",5,60,0.33,"FALSE","FALSE","FALSE","7.37977271205197","3.70611468627071","3.67365802578126","0.494","0.041","0.039","3,5,6,90,91,94,101",0.0473672646141882,FALSE,0,1,3,3,7,1,6,0.142857142857143,0.5
"S.A",50,60,0.33,"FALSE","FALSE","FALSE","6.01727941678245","3.98202047624759","2.03525894053487","0.823","0.044","0.044","9,15,17,31,67,93",0.151176036470152,FALSE,5,0,6,5,6,5,1,0.833333333333333,0.0833333333333333
"S.A",51,60,0.33,"FALSE","FALSE","FALSE","7.31379126843324","4.06901023722496","3.24478103120828","0.612","0.04","0.036","4,5,6,79,90,91,94",0.0402235966461113,FALSE,1,0,3,3,7,1,6,0.142857142857143,0.5
"S.A",52,60,0.33,"FALSE","FALSE","FALSE","8.30238737343189","5.3135851156165","2.9888022578154","0.363","0.039","0.036","2,3,4,5,6,91,92,94",0.0191517509271915,FALSE,0,0,1,3,8,0,8,0,0.666666666666667
"S.A",53,60,0.33,"FALSE","FALSE","FALSE","7.54863388891522","4.47469219892978","3.07394168998544","0.757","0.042","0.041","2,4,6,29,90,91,92",0.0351658099404125,FALSE,1,0,3,3,7,1,6,0.142857142857143,0.5
"S.A",54,60,0.33,"FALSE","FALSE","FALSE","6.77864443173906","4.02092014630802","2.75772428543104","0.422","0.038","0.031","3,4,5,6,91,92,94",0.0230518549119364,FALSE,0,0,2,3,7,0,7,0,0.583333333333333
"S.A",55,60,0.33,"FALSE","FALSE","FALSE","8.6477532739774","4.64270305641229","4.00505021756511","0.438","0.042","0.04","2,3,4,5,6,90,91,92,95",0.0228827119452828,FALSE,0,1,1,3,9,1,8,0.111111111111111,0.666666666666667
"S.A",56,60,0.33,"FALSE","FALSE","FALSE","6.40312113798506","4.09842899562423","2.30469214236082","0.897","0.043","0.04","1,3,4,37,91,93",0.0698432499921641,FALSE,1,0,3,4,6,1,5,0.166666666666667,0.416666666666667
"S.A",57,60,0.33,"FALSE","FALSE","FALSE","8.2250357213077","5.1908772411025","3.0341584802052","0.567","0.042","0.042","3,4,5,6,36,91,92,94",0.0235526062310868,FALSE,1,0,2,3,8,1,7,0.125,0.583333333333333
"S.A",58,60,0.33,"FALSE","FALSE","FALSE","8.71024556671154","4.0444316349571","4.66581393175444","0.566","0.039","0.039","2,4,6,87,90,91,92,93,94",0.0249935761566166,FALSE,1,0,3,1,9,1,8,0.111111111111111,0.666666666666667
"S.A",59,60,0.33,"FALSE","FALSE","FALSE","6.50049370103397","4.28422934564658","2.21626435538739","0.438","0.041","0.033","1,3,5,6,91,94",0.0480325808801515,FALSE,0,0,2,4,6,0,6,0,0.5
"S.A",6,60,0.33,"FALSE","FALSE","FALSE","7.48530180532736","4.23675664904662","3.24854515628074","0.618","0.041","0.041","2,4,6,90,91,92",0.0368393553650635,FALSE,0,0,3,3,6,0,6,0,0.5
"S.A",60,60,0.33,"FALSE","FALSE","FALSE","7.08337950151827","3.8786048553035","3.20477464621477","0.651","0.045","0.035","3,4,5,6,91,92,94",0.0234777758732666,FALSE,0,0,2,3,7,0,7,0,0.583333333333333
"S.A",61,60,0.33,"FALSE","FALSE","FALSE","6.76863402607811","4.60456329545055","2.16407073062756","0.592","0.04","0.036","1,3,5,6,91,94",0.0461742046611032,FALSE,0,0,2,4,6,0,6,0,0.5
"S.A",62,60,0.33,"FALSE","FALSE","FALSE","6.97951529705251","4.79689635028742","2.18261894676509","0.378","0.038","0.032","1,3,4,5,6,91,94",0.0365277069523418,FALSE,0,0,1,4,7,0,7,0,0.583333333333333
"S.A",63,60,0.33,"FALSE","FALSE","FALSE","7.36725171761795","4.00789364774876","3.35935806986919","0.919","0.04","0.036","4,7,46,88,89,90,92,93",0.0682159233682342,FALSE,3,0,5,2,8,3,5,0.375,0.416666666666667
"S.A",64,60,0.33,"FALSE","FALSE","FALSE","8.17306012115498","4.68450609825934","3.48855402289564","0.608","0.039","0.038","2,4,6,7,87,90,92,93",0.0513887040267092,FALSE,2,0,3,3,8,2,6,0.25,0.5
"S.A",65,60,0.33,"FALSE","FALSE","FALSE","6.75113802312671","4.17746169480476","2.57367632832195","0.688","0.04","0.037","1,3,5,6,91,94",0.0533055604751111,FALSE,0,0,2,4,6,0,6,0,0.5
"S.A",66,60,0.33,"FALSE","FALSE","FALSE","7.35561407667733","5.35049919958078","2.00511487709655","0.906","0.047","0.038","4,6,17,27,33,91,92",0.063123711029513,FALSE,3,0,4,4,7,3,4,0.428571428571429,0.333333333333333
"S.A",67,60,0.33,"FALSE","FALSE","FALSE","6.64726910216988","4.22845803973039","2.41881106243949","0.962","0.046","0.044","4,6,7,87,92,93",0.0801497419550239,FALSE,2,0,4,4,6,2,4,0.333333333333333,0.333333333333333
"S.A",68,60,0.33,"FALSE","FALSE","FALSE","8.16788214276145","4.89474555977899","3.27313658298246","0.816","0.039","0.037","2,4,6,46,90,91,93,94",0.0350434000013502,FALSE,1,0,3,2,8,1,7,0.125,0.583333333333333
"S.A",69,60,0.33,"FALSE","FALSE","FALSE","6.99558737828588","4.0225432173534","2.97304416093248","0.866","0.043","0.039","2,4,6,79,91,92,94",0.03777137325608,FALSE,1,0,3,3,7,1,6,0.142857142857143,0.5
"S.A",7,60,0.33,"FALSE","FALSE","FALSE","7.43110251099951","4.09002711518793","3.34107539581159","0.578","0.039","0.037","3,4,6,91,92,94",0.0318315653717538,FALSE,0,0,3,3,6,0,6,0,0.5
"S.A",70,60,0.33,"FALSE","FALSE","FALSE","7.49514547205651","2.90358018001165","4.59156529204486","0.671","0.04","0.037","2,6,90,91,92,93,94",0.0295636498218109,FALSE,0,0,4,1,7,0,7,0,0.583333333333333
"S.A",71,60,0.33,"FALSE","FALSE","FALSE","7.20419276282858","4.14309770295165","3.06109505987692","0.619","0.045","0.037","2,3,4,6,91,92,94",0.021390508714645,FALSE,0,0,2,3,7,0,7,0,0.583333333333333
"S.A",72,60,0.33,"FALSE","FALSE","FALSE","7.67028372704195","4.25671946115332","3.41356426588863","0.435","0.037","0.033","2,3,4,6,90,91,92,94",0.0156125378837478,FALSE,0,0,2,2,8,0,8,0,0.666666666666667
"S.A",73,60,0.33,"FALSE","FALSE","FALSE","8.44721701275109","5.02349442522303","3.42372258752806","0.844","0.041","0.046","1,2,4,6,81,90,91,92",0.0356736563963281,FALSE,1,0,2,3,8,1,7,0.125,0.583333333333333
"S.A",74,60,0.33,"FALSE","FALSE","FALSE","7.70649661580111","4.64959898819029","3.05689762761082","0.545","0.042","0.035","2,3,4,6,91,92,94",0.0247170237026613,FALSE,0,0,2,3,7,0,7,0,0.583333333333333
"S.A",75,60,0.33,"FALSE","FALSE","FALSE","7.14367853456978","4.24316603880149","2.90051249576829","0.72","0.046","0.041","2,4,10,40,91,92,95",0.0725035327722915,FALSE,2,1,4,4,7,3,4,0.428571428571429,0.333333333333333
"S.A",76,60,0.33,"FALSE","FALSE","FALSE","6.30586756618299","3.91789827077805","2.38796929540494","0.69","0.04","0.035","4,19,49,60,91,92",0.0860886664241937,FALSE,3,0,5,4,6,3,3,0.5,0.25
"S.A",77,60,0.33,"FALSE","FALSE","FALSE","7.44695798473749","3.90139731053018","3.54556067420731","0.518","0.046","0.042","3,5,6,90,91,94,101",0.0441513627973043,FALSE,0,1,3,3,7,1,6,0.142857142857143,0.5
"S.A",78,60,0.33,"FALSE","FALSE","FALSE","8.97307523950242","5.08549749592359","3.88757774357884","0.621","0.042","0.039","2,4,6,27,45,89,90,91,92",0.0333209642262389,FALSE,2,0,3,2,9,2,7,0.222222222222222,0.583333333333333
"S.A",79,60,0.33,"FALSE","FALSE","FALSE","6.35137924020795","4.53970889572376","1.81167034448419","0.995","0.043","0.044","17,19,38,52,68,92",0.130920567811884,FALSE,5,0,6,5,6,5,1,0.833333333333333,0.0833333333333333
"S.A",8,60,0.33,"FALSE","FALSE","FALSE","7.79470763103976","3.65648806663774","4.13821956440202","0.431","0.041","0.035","2,4,6,78,89,90,92,93",0.0461330567670637,FALSE,1,0,3,2,8,1,7,0.125,0.583333333333333
"S.A",80,60,0.33,"FALSE","FALSE","FALSE","8.92668787848994","4.73959542565233","4.18709245283761","0.551","0.039","0.044","1,6,54,69,90,91,93,94",0.0471474842949184,FALSE,2,0,4,2,8,2,6,0.25,0.5
"S.A",81,60,0.33,"FALSE","FALSE","FALSE","7.21386210601281","4.07718877780679","3.13667332820602","0.621","0.039","0.033","1,4,40,91,92,94",0.0531944721398352,FALSE,1,0,4,3,6,1,5,0.166666666666667,0.416666666666667
"S.A",82,60,0.33,"FALSE","FALSE","FALSE","7.33222099693594","4.28262945054581","3.04959154639013","0.816","0.04","0.037","4,6,27,30,68,91,92,94",0.0475888064150564,FALSE,3,0,4,3,8,3,5,0.375,0.416666666666667
"S.A",83,60,0.33,"FALSE","FALSE","FALSE","7.22999070776366","4.70816868883979","2.52182201892387","0.73","0.038","0.038","3,4,6,50,64,69,72,91,92",0.0539927029453809,FALSE,4,0,3,4,9,4,5,0.444444444444444,0.416666666666667
"S.A",84,60,0.33,"FALSE","FALSE","FALSE","7.53181497612901","4.2989799622485","3.23283501388051","0.789","0.039","0.038","3,6,12,78,89,93,94",0.0882208536417457,FALSE,2,0,4,3,7,2,5,0.285714285714286,0.416666666666667
"S.A",85,60,0.33,"FALSE","FALSE","FALSE","7.39543255707239","3.86507561994441","3.53035693712799","0.803","0.046","0.041","2,4,6,90,91,92",0.0382022161805555,FALSE,0,0,3,3,6,0,6,0,0.5
"S.A",86,60,0.33,"FALSE","FALSE","FALSE","6.91362716211749","4.34900619958883","2.56462096252866","0.873","0.041","0.041","1,3,4,5,6,91,94",0.0286870837935053,FALSE,0,0,1,4,7,0,7,0,0.583333333333333
"S.A",87,60,0.33,"FALSE","FALSE","FALSE","9.05698909766161","5.48388000537516","3.57310909228645","0.751","0.04","0.041","1,3,4,5,6,90,91,92,94",0.0102721972855629,FALSE,0,0,1,2,9,0,9,0,0.75
"S.A",88,60,0.33,"FALSE","FALSE","FALSE","6.87532448314102","4.10429449635785","2.77102998678317","0.65","0.04","0.037","3,5,6,91,94",0.0646341422581799,FALSE,0,0,3,4,5,0,5,0,0.416666666666667
"S.A",89,60,0.33,"FALSE","FALSE","FALSE","6.86785676892216","4.14114021426452","2.72671655465764","0.896","0.042","0.038","4,7,19,60,92,96",0.114507973302412,FALSE,3,1,5,5,6,4,2,0.666666666666667,0.166666666666667
"S.A",9,60,0.33,"FALSE","FALSE","FALSE","6.92082557030055","4.60560708430782","2.31521848599274","0.619","0.041","0.039","3,6,18,84,93,94",0.0839098509861231,FALSE,2,0,4,4,6,2,4,0.333333333333333,0.333333333333333
"S.A",90,60,0.33,"FALSE","FALSE","FALSE","6.60490908205979","4.62731073177069","1.97759835028909","0.795","0.044","0.042","6,30,68,83,91,94",0.0872417356586699,FALSE,3,0,5,4,6,3,3,0.5,0.25
"S.A",91,60,0.33,"FALSE","FALSE","FALSE","7.59512904358215","5.47767754323101","2.11745150035114","0.817","0.055","0.052","3,4,6,13,38,91,92",0.05183119882145,FALSE,2,0,3,4,7,2,5,0.285714285714286,0.416666666666667
"S.A",92,60,0.33,"FALSE","FALSE","FALSE","8.53432333438351","3.91126473907022","4.62305859531329","0.847","0.062","0.056","2,3,4,6,90,91,92,93,94",0.010231930163075,FALSE,0,0,2,1,9,0,9,0,0.75
"S.A",93,60,0.33,"FALSE","FALSE","FALSE","8.15307926679132","3.74848887187638","4.40459039491494","0.871","0.062","0.064","2,4,6,47,90,91,92,93",0.036013412827789,FALSE,1,0,3,2,8,1,7,0.125,0.583333333333333
"S.A",94,60,0.33,"FALSE","FALSE","FALSE","7.99285278442047","5.8449800947791","2.14787268964137","1.758","0.068","0.072","15,28,31,76,92,93",0.127951441137935,FALSE,4,0,6,4,6,4,2,0.666666666666667,0.166666666666667
"S.A",95,60,0.33,"FALSE","FALSE","FALSE","6.14848794519517","3.65469578997665","2.49379215521852","0.775","0.064","0.051","3,4,5,6,91,92,94",0.0292352572633208,FALSE,0,0,2,3,7,0,7,0,0.583333333333333
"S.A",96,60,0.33,"FALSE","FALSE","FALSE","6.55564690983405","4.42104740162882","2.13459950820523","0.682","0.053","0.046","1,3,5,6,91,94",0.0472780400063622,FALSE,0,0,2,4,6,0,6,0,0.5
"S.A",97,60,0.33,"FALSE","FALSE","FALSE","5.76786220066663","3.39579905391258","2.37206314675405","0.535","0.048","0.038","3,5,6,91,94",0.0551779697842916,FALSE,0,0,3,4,5,0,5,0,0.416666666666667
"S.A",98,60,0.33,"FALSE","FALSE","FALSE","7.50389728403493","4.24422436541938","3.25967291861555","0.648","0.043","0.044","3,4,5,6,91,92,94",0.0246262184156484,FALSE,0,0,2,3,7,0,7,0,0.583333333333333
"S.A",99,60,0.33,"FALSE","FALSE","FALSE","6.26877261999928","2.62569054649788","3.6430820735014","0.865","0.044","0.043","1,31,84,89,90,93",0.108431291888996,FALSE,2,0,5,3,6,2,4,0.333333333333333,0.333333333333333
"S.A.b",1,60,0.33,"FALSE","FALSE","FALSE","7.92146773762587","5.11259324699358","2.80887449063228","0.619","0.046","0.037","2,3,4,6,90,91,92,93,94",0.0123390038937063,FALSE,0,0,2,1,9,0,9,0,0.75
"S.A.b",10,60,0.33,"FALSE","FALSE","FALSE","7.11448120957385","4.49312433577168","2.62135687380217","0.599","0.04","0.038","3,5,6,90,91,93,94,101",0.0322420307259322,FALSE,0,1,3,2,8,1,7,0.125,0.583333333333333
"S.A.b",100,60,0.33,"FALSE","FALSE","FALSE","8.25525176371019","3.93574523445863","4.31950652925156","1.144","0.049","0.043","2,4,6,89,90,91,92,93,94",0.0124653416477315,FALSE,0,0,3,0,9,0,9,0,0.75
"S.A.b",11,60,0.33,"FALSE","FALSE","FALSE","7.38314656627843","4.38826272681847","2.99488383945995","0.601","0.042","0.044","2,3,4,6,90,91,92,94",0.016315112520672,FALSE,0,0,2,2,8,0,8,0,0.666666666666667
"S.A.b",12,60,0.33,"FALSE","FALSE","FALSE","7.02775397475792","3.94614561185166","3.08160836290626","0.866","0.044","0.042","54,74,79,90,91,93,94,97",0.0793958939375051,FALSE,3,1,6,2,8,4,4,0.5,0.333333333333333
"S.A.b",13,60,0.33,"FALSE","FALSE","FALSE","7.37387036183713","3.91816036554668","3.45570999629045","0.526","0.038","0.032","3,5,6,90,91,92,93,94,99",0.0226102663783337,FALSE,0,1,3,1,9,1,8,0.111111111111111,0.666666666666667
"S.A.b",14,60,0.33,"FALSE","FALSE","FALSE","7.75537871314769","4.37010180833282","3.38527690481486","0.401","0.04","0.04","1,3,5,6,90,91,93,94",0.0246316540601055,FALSE,0,0,2,2,8,0,8,0,0.666666666666667
"S.A.b",15,60,0.33,"FALSE","FALSE","FALSE","6.55940297592495","4.13167850419267","2.42772447173229","0.44","0.039","0.036","3,4,5,6,90,91,92,94",0.0152393269333645,FALSE,0,0,2,2,8,0,8,0,0.666666666666667
"S.A.b",16,60,0.33,"FALSE","FALSE","FALSE","7.24662341157891","4.28794725567266","2.95867615590625","0.55","0.038","0.036","3,5,6,90,91,93,94,101",0.0336077750277229,FALSE,0,1,3,2,8,1,7,0.125,0.583333333333333
"S.A.b",17,60,0.33,"FALSE","FALSE","FALSE","6.68886371074631","4.23569187311473","2.45317183763158","0.321","0.039","0.035","1,3,5,6,91,92,94",0.0313731158209603,FALSE,0,0,2,3,7,0,7,0,0.583333333333333
"S.A.b",18,60,0.33,"FALSE","FALSE","FALSE","8.89101765352414","5.71244394859626","3.17857370492788","0.911","0.045","0.044","2,4,6,8,62,69,90,91,92,93,94,101",0.0255050828823951,FALSE,3,1,3,1,12,4,8,0.333333333333333,0.666666666666667
"S.A.b",19,60,0.33,"FALSE","FALSE","FALSE","6.08760126811162","4.14890749326479","1.93869377484683","0.931","0.044","0.041","2,4,6,91,92,95",0.0602595531054243,FALSE,0,1,3,4,6,1,5,0.166666666666667,0.416666666666667
"S.A.b",2,60,0.33,"FALSE","FALSE","FALSE","6.66521788511765","4.01099303187213","2.65422485324551","0.667","0.04","0.037","4,40,49,91,92,94,98",0.0693034872256409,FALSE,2,1,5,3,7,3,4,0.428571428571429,0.333333333333333
"S.A.b",20,60,0.33,"FALSE","FALSE","FALSE","6.99776995089225","3.33096513013545","3.6668048207568","0.817","0.039","0.037","2,4,6,89,90,91,92,93,94",0.018131600997999,FALSE,0,0,3,0,9,0,9,0,0.75
"S.A.b",21,60,0.33,"FALSE","FALSE","FALSE","8.01518581175803","4.57568620812725","3.43949960363077","0.532","0.043","0.037","1,3,5,6,90,91,93,94,101",0.0299536623218474,FALSE,0,1,2,2,9,1,8,0.111111111111111,0.666666666666667
"S.A.b",22,60,0.33,"FALSE","FALSE","FALSE","6.61442225344063","3.12571479710961","3.48870745633102","0.699","0.039","0.034","2,3,6,90,91,92,93,94",0.0212709793177844,FALSE,0,0,3,1,8,0,8,0,0.666666666666667
"S.A.b",23,60,0.33,"FALSE","FALSE","FALSE","6.34612155615231","4.07048843043213","2.27563312572019","0.745","0.039","0.043","2,4,6,90,91,92,93,94",0.0184095307426078,FALSE,0,0,3,1,8,0,8,0,0.666666666666667
"S.A.b",24,60,0.33,"FALSE","FALSE","FALSE","6.37914171279924","3.82910672680771","2.55003498599153","1.03","0.044","0.039","22,90,91,93,94,100",0.0730175683829393,FALSE,1,1,6,2,6,2,4,0.333333333333333,0.333333333333333
"S.A.b",25,60,0.33,"FALSE","FALSE","FALSE","6.87325512236198","3.58681512246174","3.28643999990023","0.725","0.04","0.039","7,54,78,89,90,93,101",0.121777836948934,FALSE,3,1,6,3,7,4,3,0.571428571428571,0.25
"S.A.b",26,60,0.33,"FALSE","FALSE","FALSE","5.91436961999975","3.50895508819633","2.40541453180342","0.79","0.041","0.035","3,5,6,91,92,94,98",0.038458590801155,FALSE,0,1,3,3,7,1,6,0.142857142857143,0.5
"S.A.b",27,60,0.33,"FALSE","FALSE","FALSE","7.01856893285564","2.77953477293825","4.23903415991739","0.847","0.042","0.042","2,4,6,89,90,91,92,93,94",0.0167935437162845,FALSE,0,0,3,0,9,0,9,0,0.75
"S.A.b",28,60,0.33,"FALSE","FALSE","FALSE","6.36021940819683","3.78912293035946","2.57109647783737","0.762","0.043","0.037","4,6,89,90,91,92,93,94",0.0210843908947324,FALSE,0,0,4,0,8,0,8,0,0.666666666666667
"S.A.b",29,60,0.33,"FALSE","FALSE","FALSE","7.21845051452529","4.37038687355841","2.84806364096687","0.704","0.039","0.035","2,4,6,90,91,92,93,94",0.0164881562851789,FALSE,0,0,3,1,8,0,8,0,0.666666666666667
"S.A.b",3,60,0.33,"FALSE","FALSE","FALSE","7.38501271109967","4.32991625558546","3.05509645551421","0.932","0.04","0.04","2,3,5,6,90,91,92,93,94",0.0144864556172698,FALSE,0,0,2,1,9,0,9,0,0.75
"S.A.b",30,60,0.33,"FALSE","FALSE","FALSE","6.33905688419411","4.62388976584143","1.71516711835268","0.978","0.042","0.035","2,57,79,90,91,92,93,94",0.0447303384022954,FALSE,2,0,5,1,8,2,6,0.25,0.5
"S.A.b",31,60,0.33,"FALSE","FALSE","FALSE","8.78584098758838","3.70310677706521","5.08273421052317","0.462","0.041","0.036","2,4,6,90,91,92,93,94,100",0.0173493878574084,FALSE,0,1,3,1,9,1,8,0.111111111111111,0.666666666666667
"S.A.b",32,60,0.33,"FALSE","FALSE","FALSE","6.80077245393039","3.65753322200131","3.14323923192908","0.806","0.047","0.044","2,4,34,90,91,92,93",0.0451085910896241,FALSE,1,0,4,2,7,1,6,0.142857142857143,0.5
"S.A.b",33,60,0.33,"FALSE","FALSE","FALSE","7.04535665500076","4.91619954164221","2.12915711335855","0.431","0.044","0.043","1,3,5,6,14,91,94",0.0461255661517908,FALSE,1,0,2,4,7,1,6,0.142857142857143,0.5
"S.A.b",34,60,0.33,"FALSE","FALSE","FALSE","7.29119663446422","4.17839945440326","3.11279718006096","0.824","0.042","0.042","3,4,6,90,91,92,93,94,96",0.0157817727932918,FALSE,0,1,3,1,9,1,8,0.111111111111111,0.666666666666667
"S.A.b",35,60,0.33,"FALSE","FALSE","FALSE","7.20816000015243","4.5953448523878","2.61281514776463","0.523","0.041","0.033","3,5,6,90,91,93,94,101",0.0383701797764044,FALSE,0,1,3,2,8,1,7,0.125,0.583333333333333
"S.A.b",36,60,0.33,"FALSE","FALSE","FALSE","6.60140438238692","2.24496565603026","4.35643872635666","0.993","0.042","0.042","89,90,91,93,94,101",0.0757072274255358,FALSE,0,1,6,1,6,1,5,0.166666666666667,0.416666666666667
"S.A.b",37,60,0.33,"FALSE","FALSE","FALSE","8.52983399965805","5.17946321324046","3.35037078641759","0.628","0.045","0.035","2,3,4,6,90,91,92,93,94",0.0134109513282654,FALSE,0,0,2,1,9,0,9,0,0.75
"S.A.b",38,60,0.33,"FALSE","FALSE","FALSE","6.76088755119659","3.78833736034614","2.97255019085045","0.756","0.039","0.036","54,66,78,90,91,93,94,101",0.0822997381591046,FALSE,3,1,6,2,8,4,4,0.5,0.333333333333333
"S.A.b",39,60,0.33,"FALSE","FALSE","FALSE","7.03827557542919","4.25647412593999","2.78180144948921","0.958","0.04","0.037","2,4,6,89,90,91,93,94",0.0267251031067924,FALSE,0,0,3,1,8,0,8,0,0.666666666666667
"S.A.b",4,60,0.33,"FALSE","FALSE","FALSE","6.46244820796815","4.28621781049251","2.17623039747564","0.444","0.04","0.038","1,3,5,6,90,91,94",0.0333634016507527,FALSE,0,0,2,3,7,0,7,0,0.583333333333333
"S.A.b",40,60,0.33,"FALSE","FALSE","FALSE","7.60906317599013","4.20233589626037","3.40672727972976","0.904","0.041","0.038","2,4,6,89,90,91,92,94",0.019629988554495,FALSE,0,0,3,1,8,0,8,0,0.666666666666667
"S.A.b",41,60,0.33,"FALSE","FALSE","FALSE","7.27169691388432","3.30772480462439","3.96397210925993","0.61","0.042","0.038","1,6,54,90,91,93,94,97",0.043644127540255,FALSE,1,1,4,2,8,2,6,0.25,0.5
"S.A.b",42,60,0.33,"FALSE","FALSE","FALSE","6.02409814684072","4.57735545793952","1.44674268890119","0.561","0.043","0.041","1,3,5,6,91,94",0.0490794575947574,FALSE,0,0,2,4,6,0,6,0,0.5
"S.A.b",43,60,0.33,"FALSE","FALSE","FALSE","7.82209064061087","4.12732650208076","3.6947641385301","1.013","0.042","0.044","2,4,6,9,89,90,91,93,94",0.0317078986138871,FALSE,1,0,3,1,9,1,8,0.111111111111111,0.666666666666667
"S.A.b",44,60,0.33,"FALSE","FALSE","FALSE","8.30306050247649","4.54906893589042","3.75399156658607","0.701","0.04","0.037","2,4,6,27,56,89,90,91,92",0.0381560047125228,FALSE,2,0,3,2,9,2,7,0.222222222222222,0.583333333333333
"S.A.b",45,60,0.33,"FALSE","FALSE","FALSE","6.99039321274733","3.84410763177122","3.14628558097611","0.724","0.047","0.039","78,89,90,93,101",0.135781099164559,FALSE,1,1,6,3,5,2,3,0.4,0.25
"S.A.b",46,60,0.33,"FALSE","FALSE","FALSE","8.48997921910933","3.44426357317747","5.04571564593187","0.448","0.038","0.034","2,4,6,90,91,92,93,94",0.0144503756433787,FALSE,0,0,3,1,8,0,8,0,0.666666666666667
"S.A.b",47,60,0.33,"FALSE","FALSE","FALSE","6.75910773565127","4.36339033745596","2.39571739819531","0.621","0.042","0.039","1,4,89,90,91,93,94,97",0.0370585975937357,FALSE,0,1,4,1,8,1,7,0.125,0.583333333333333
"S.A.b",48,60,0.33,"FALSE","FALSE","FALSE","7.10305986938961","4.36031086920865","2.74274900018096","0.408","0.04","0.037","1,3,5,6,90,91,94,101",0.0368719993268924,FALSE,0,1,2,3,8,1,7,0.125,0.583333333333333
"S.A.b",49,60,0.33,"FALSE","FALSE","FALSE","7.49380785902396","4.72000868071685","2.77379917830711","0.498","0.039","0.034","2,3,4,5,6,90,91,92,94",0.0119320760071797,FALSE,0,0,1,2,9,0,9,0,0.75
"S.A.b",5,60,0.33,"FALSE","FALSE","FALSE","7.37977271205197","3.70611468627071","3.67365802578126","0.494","0.041","0.039","3,5,6,90,91,94,101",0.0473672646141882,FALSE,0,1,3,3,7,1,6,0.142857142857143,0.5
"S.A.b",50,60,0.33,"FALSE","FALSE","FALSE","6.01727941678245","3.98202047624759","2.03525894053487","0.823","0.044","0.044","1,6,89,90,91,93,94",0.0458280610476572,FALSE,0,0,4,1,7,0,7,0,0.583333333333333
"S.A.b",51,60,0.33,"FALSE","FALSE","FALSE","7.31379126843324","4.06901023722496","3.24478103120828","0.612","0.04","0.036","2,4,5,6,90,91,92,94,99",0.0178882806757816,FALSE,0,1,2,2,9,1,8,0.111111111111111,0.666666666666667
"S.A.b",52,60,0.33,"FALSE","FALSE","FALSE","8.30238737343189","5.3135851156165","2.9888022578154","0.363","0.039","0.036","2,3,4,5,6,91,92,94",0.0191517509271915,FALSE,0,0,1,3,8,0,8,0,0.666666666666667
"S.A.b",53,60,0.33,"FALSE","FALSE","FALSE","7.54863388891522","4.47469219892978","3.07394168998544","0.757","0.042","0.041","2,4,6,29,90,91,92",0.0351658099404125,FALSE,1,0,3,3,7,1,6,0.142857142857143,0.5
"S.A.b",54,60,0.33,"FALSE","FALSE","FALSE","6.77864443173906","4.02092014630802","2.75772428543104","0.422","0.038","0.031","3,4,5,6,91,92,94",0.0230518549119364,FALSE,0,0,2,3,7,0,7,0,0.583333333333333
"S.A.b",55,60,0.33,"FALSE","FALSE","FALSE","8.6477532739774","4.64270305641229","4.00505021756511","0.438","0.042","0.04","2,3,4,5,6,90,91,92,95",0.0228827119452828,FALSE,0,1,1,3,9,1,8,0.111111111111111,0.666666666666667
"S.A.b",56,60,0.33,"FALSE","FALSE","FALSE","6.40312113798506","4.09842899562423","2.30469214236082","0.897","0.043","0.04","2,3,4,6,91,92,93,94",0.0200914916853972,FALSE,0,0,2,2,8,0,8,0,0.666666666666667
"S.A.b",57,60,0.33,"FALSE","FALSE","FALSE","8.2250357213077","5.1908772411025","3.0341584802052","0.567","0.042","0.042","3,4,5,6,36,91,92,94",0.0235526062310868,FALSE,1,0,2,3,8,1,7,0.125,0.583333333333333
"S.A.b",58,60,0.33,"FALSE","FALSE","FALSE","8.71024556671154","4.0444316349571","4.66581393175444","0.566","0.039","0.039","2,4,6,87,90,91,92,93,94,95",0.025121677212798,FALSE,1,1,3,1,10,2,8,0.2,0.666666666666667
"S.A.b",59,60,0.33,"FALSE","FALSE","FALSE","6.50049370103397","4.28422934564658","2.21626435538739","0.438","0.041","0.033","1,3,5,6,91,94",0.0480325808801515,FALSE,0,0,2,4,6,0,6,0,0.5
"S.A.b",6,60,0.33,"FALSE","FALSE","FALSE","7.48530180532736","4.23675664904662","3.24854515628074","0.618","0.041","0.041","2,4,6,90,91,92,95",0.0361784996019885,FALSE,0,1,3,3,7,1,6,0.142857142857143,0.5
"S.A.b",60,60,0.33,"FALSE","FALSE","FALSE","7.08337950151827","3.8786048553035","3.20477464621477","0.651","0.045","0.035","3,4,5,6,90,91,92,94",0.0151068507816807,FALSE,0,0,2,2,8,0,8,0,0.666666666666667
"S.A.b",61,60,0.33,"FALSE","FALSE","FALSE","6.76863402607811","4.60456329545055","2.16407073062756","0.592","0.04","0.036","3,4,5,6,91,92,94",0.0244624647441177,FALSE,0,0,2,3,7,0,7,0,0.583333333333333
"S.A.b",62,60,0.33,"FALSE","FALSE","FALSE","6.97951529705251","4.79689635028742","2.18261894676509","0.378","0.038","0.032","1,3,4,5,6,91,92,94",0.0228505829824071,FALSE,0,0,1,3,8,0,8,0,0.666666666666667
"S.A.b",63,60,0.33,"FALSE","FALSE","FALSE","7.36725171761795","4.00789364774876","3.35935806986919","0.919","0.04","0.036","15,28,52,88,89,90,92,93,94",0.0754385535498059,FALSE,4,0,6,1,9,4,5,0.444444444444444,0.416666666666667
"S.A.b",64,60,0.33,"FALSE","FALSE","FALSE","8.17306012115498","4.68450609825934","3.48855402289564","0.608","0.039","0.038","2,4,6,7,89,90,92,93",0.0454569254391384,FALSE,1,0,3,2,8,1,7,0.125,0.583333333333333
"S.A.b",65,60,0.33,"FALSE","FALSE","FALSE","6.75113802312671","4.17746169480476","2.57367632832195","0.688","0.04","0.037","1,3,5,6,90,91,93,94",0.0294403288703719,FALSE,0,0,2,2,8,0,8,0,0.666666666666667
"S.A.b",66,60,0.33,"FALSE","FALSE","FALSE","7.35561407667733","5.35049919958078","2.00511487709655","0.906","0.047","0.038","4,6,17,27,33,90,91,92",0.0515774657251045,FALSE,3,0,4,3,8,3,5,0.375,0.416666666666667
"S.A.b",67,60,0.33,"FALSE","FALSE","FALSE","6.64726910216988","4.22845803973039","2.41881106243949","0.962","0.046","0.044","6,87,88,89,90,93,94",0.0766400036673344,FALSE,2,0,5,2,7,2,5,0.285714285714286,0.416666666666667
"S.A.b",68,60,0.33,"FALSE","FALSE","FALSE","8.16788214276145","4.89474555977899","3.27313658298246","0.816","0.039","0.037","2,4,6,46,90,91,92,93,94",0.0233215404823789,FALSE,1,0,3,1,9,1,8,0.111111111111111,0.666666666666667
"S.A.b",69,60,0.33,"FALSE","FALSE","FALSE","6.99558737828588","4.0225432173534","2.97304416093248","0.866","0.043","0.039","2,4,6,91,92,94,96,101",0.0499517053345993,FALSE,0,2,3,3,8,2,6,0.25,0.5
"S.A.b",7,60,0.33,"FALSE","FALSE","FALSE","7.43110251099951","4.09002711518793","3.34107539581159","0.578","0.039","0.037","3,4,6,91,92,93,94",0.0232279618835542,FALSE,0,0,3,2,7,0,7,0,0.583333333333333
"S.A.b",70,60,0.33,"FALSE","FALSE","FALSE","7.49514547205651","2.90358018001165","4.59156529204486","0.671","0.04","0.037","2,6,90,91,92,93,94,96",0.0291578450218981,FALSE,0,1,4,1,8,1,7,0.125,0.583333333333333
"S.A.b",71,60,0.33,"FALSE","FALSE","FALSE","7.20419276282858","4.14309770295165","3.06109505987692","0.619","0.045","0.037","2,4,6,89,90,91,92,93,94",0.0138640905844197,FALSE,0,0,3,0,9,0,9,0,0.75
"S.A.b",72,60,0.33,"FALSE","FALSE","FALSE","7.67028372704195","4.25671946115332","3.41356426588863","0.435","0.037","0.033","2,3,4,6,90,91,92,94",0.0156125378837478,FALSE,0,0,2,2,8,0,8,0,0.666666666666667
"S.A.b",73,60,0.33,"FALSE","FALSE","FALSE","8.44721701275109","5.02349442522303","3.42372258752806","0.844","0.041","0.046","1,2,4,6,90,91,92,93,94",0.012627937358502,FALSE,0,0,2,1,9,0,9,0,0.75
"S.A.b",74,60,0.33,"FALSE","FALSE","FALSE","7.70649661580111","4.64959898819029","3.05689762761082","0.545","0.042","0.035","2,3,4,6,91,92,94",0.0247170237026613,FALSE,0,0,2,3,7,0,7,0,0.583333333333333
"S.A.b",75,60,0.33,"FALSE","FALSE","FALSE","7.14367853456978","4.24316603880149","2.90051249576829","0.72","0.046","0.041","2,4,10,40,91,92,95",0.0725035327722915,FALSE,2,1,4,4,7,3,4,0.428571428571429,0.333333333333333
"S.A.b",76,60,0.33,"FALSE","FALSE","FALSE","6.30586756618299","3.91789827077805","2.38796929540494","0.69","0.04","0.035","2,4,6,90,91,92,93,94",0.0147661127019777,FALSE,0,0,3,1,8,0,8,0,0.666666666666667
"S.A.b",77,60,0.33,"FALSE","FALSE","FALSE","7.44695798473749","3.90139731053018","3.54556067420731","0.518","0.046","0.042","3,5,6,90,91,94,101",0.0441513627973043,FALSE,0,1,3,3,7,1,6,0.142857142857143,0.5
"S.A.b",78,60,0.33,"FALSE","FALSE","FALSE","8.97307523950242","5.08549749592359","3.88757774357884","0.621","0.042","0.039","2,4,6,27,45,89,90,91,92",0.0333209642262389,FALSE,2,0,3,2,9,2,7,0.222222222222222,0.583333333333333
"S.A.b",79,60,0.33,"FALSE","FALSE","FALSE","6.35137924020795","4.53970889572376","1.81167034448419","0.995","0.043","0.044","31,67,75,90,91,92,93",0.0863622813560249,FALSE,3,0,6,2,7,3,4,0.428571428571429,0.333333333333333
"S.A.b",8,60,0.33,"FALSE","FALSE","FALSE","7.79470763103976","3.65648806663774","4.13821956440202","0.431","0.041","0.035","2,4,6,89,90,91,92,93",0.0314607072281152,FALSE,0,0,3,1,8,0,8,0,0.666666666666667
"S.A.b",80,60,0.33,"FALSE","FALSE","FALSE","8.92668787848994","4.73959542565233","4.18709245283761","0.551","0.039","0.044","1,2,6,69,88,89,90,91,93,94",0.0335390772411877,FALSE,2,0,3,1,10,2,8,0.2,0.666666666666667
"S.A.b",81,60,0.33,"FALSE","FALSE","FALSE","7.21386210601281","4.07718877780679","3.13667332820602","0.621","0.039","0.033","1,4,6,90,91,92,93,94",0.0179749988890258,FALSE,0,0,3,1,8,0,8,0,0.666666666666667
"S.A.b",82,60,0.33,"FALSE","FALSE","FALSE","7.33222099693594","4.28262945054581","3.04959154639013","0.816","0.04","0.037","2,4,6,27,63,90,91,92,93,94",0.0198460878774849,FALSE,2,0,3,1,10,2,8,0.2,0.666666666666667
"S.A.b",83,60,0.33,"FALSE","FALSE","FALSE","7.22999070776366","4.70816868883979","2.52182201892387","0.73","0.038","0.038","3,5,6,90,91,94",0.038760167695004,FALSE,0,0,3,3,6,0,6,0,0.5
"S.A.b",84,60,0.33,"FALSE","FALSE","FALSE","7.53181497612901","4.2989799622485","3.23283501388051","0.789","0.039","0.038","3,6,91,92,93,94,96",0.0419390730123475,FALSE,0,1,4,2,7,1,6,0.142857142857143,0.5
"S.A.b",85,60,0.33,"FALSE","FALSE","FALSE","7.39543255707239","3.86507561994441","3.53035693712799","0.803","0.046","0.041","2,4,6,81,90,91,92,95,98",0.0378181892519724,FALSE,1,2,3,3,9,3,6,0.333333333333333,0.5
"S.A.b",86,60,0.33,"FALSE","FALSE","FALSE","6.91362716211749","4.34900619958883","2.56462096252866","0.873","0.041","0.041","4,6,91,92,93,94,96",0.0309976111962065,FALSE,0,1,4,2,7,1,6,0.142857142857143,0.5
"S.A.b",87,60,0.33,"FALSE","FALSE","FALSE","9.05698909766161","5.48388000537516","3.57310909228645","0.751","0.04","0.041","1,3,4,5,6,90,91,92,94",0.0102721972855629,FALSE,0,0,1,2,9,0,9,0,0.75
"S.A.b",88,60,0.33,"FALSE","FALSE","FALSE","6.87532448314102","4.10429449635785","2.77102998678317","0.65","0.04","0.037","3,5,6,90,91,93,94,95,101",0.0377591915369152,FALSE,0,2,3,2,9,2,7,0.222222222222222,0.583333333333333
"S.A.b",89,60,0.33,"FALSE","FALSE","FALSE","6.86785676892216","4.14114021426452","2.72671655465764","0.896","0.042","0.038","2,4,6,91,92,94,95,96",0.0440746561375769,FALSE,0,2,3,3,8,2,6,0.25,0.5
"S.A.b",9,60,0.33,"FALSE","FALSE","FALSE","6.92082557030055","4.60560708430782","2.31521848599274","0.619","0.041","0.039","1,3,5,6,91,93,94",0.0375338652034852,FALSE,0,0,2,3,7,0,7,0,0.583333333333333
"S.A.b",90,60,0.33,"FALSE","FALSE","FALSE","6.60490908205979","4.62731073177069","1.97759835028909","0.795","0.044","0.042","3,6,63,91,93,94",0.0516869083186364,FALSE,1,0,4,3,6,1,5,0.166666666666667,0.416666666666667
"S.A.b",91,60,0.33,"FALSE","FALSE","FALSE","7.59512904358215","5.47767754323101","2.11745150035114","0.817","0.055","0.052","3,4,6,13,38,91,92",0.05183119882145,FALSE,2,0,3,4,7,2,5,0.285714285714286,0.416666666666667
"S.A.b",92,60,0.33,"FALSE","FALSE","FALSE","8.53432333438351","3.91126473907022","4.62305859531329","0.847","0.062","0.056","2,3,4,6,90,91,92,93,94",0.010231930163075,FALSE,0,0,2,1,9,0,9,0,0.75
"S.A.b",93,60,0.33,"FALSE","FALSE","FALSE","8.15307926679132","3.74848887187638","4.40459039491494","0.871","0.062","0.064","2,4,6,47,89,90,91,92,93",0.0357038352456392,FALSE,1,0,3,1,9,1,8,0.111111111111111,0.666666666666667
"S.A.b",94,60,0.33,"FALSE","FALSE","FALSE","7.99285278442047","5.8449800947791","2.14787268964137","1.758","0.068","0.072","4,6,7,68,83,90,91,92,93,97",0.0456611587785546,FALSE,3,1,4,2,10,4,6,0.4,0.5
"S.A.b",95,60,0.33,"FALSE","FALSE","FALSE","6.14848794519517","3.65469578997665","2.49379215521852","0.775","0.064","0.051","3,4,5,6,91,92,94",0.0292352572633208,FALSE,0,0,2,3,7,0,7,0,0.583333333333333
"S.A.b",96,60,0.33,"FALSE","FALSE","FALSE","6.55564690983405","4.42104740162882","2.13459950820523","0.682","0.053","0.046","1,3,5,6,91,94",0.0472780400063622,FALSE,0,0,2,4,6,0,6,0,0.5
"S.A.b",97,60,0.33,"FALSE","FALSE","FALSE","5.76786220066663","3.39579905391258","2.37206314675405","0.535","0.048","0.038","4,6,7,91,92,95",0.0652478286852451,FALSE,1,1,4,4,6,2,4,0.333333333333333,0.333333333333333
"S.A.b",98,60,0.33,"FALSE","FALSE","FALSE","7.50389728403493","4.24422436541938","3.25967291861555","0.648","0.043","0.044","3,4,6,67,91,92,93,94",0.026299015368386,FALSE,1,0,3,2,8,1,7,0.125,0.583333333333333
"S.A.b",99,60,0.33,"FALSE","FALSE","FALSE","6.26877261999928","2.62569054649788","3.6430820735014","0.865","0.044","0.043","1,49,73,89,90,91,93,94,101",0.0670039923582683,FALSE,2,1,5,1,9,3,6,0.333333333333333,0.5
"S.EB",1,60,0.33,"FALSE","FALSE","FALSE","7.92146773762587","5.11259324699358","2.80887449063228","0.619","0.046","0.037","2,3,4,6,19,63,80,90,91,92,93,94",0.0189193452171969,FALSE,3,0,2,1,12,3,9,0.25,0.75
"S.EB",10,60,0.33,"FALSE","FALSE","FALSE","7.11448120957385","4.49312433577168","2.62135687380217","0.599","0.04","0.038","1,3,4,5,6,90,91,93,94",0.0154377113145299,FALSE,0,0,1,2,9,0,9,0,0.75
"S.EB",100,60,0.33,"FALSE","FALSE","FALSE","8.25525176371019","3.93574523445863","4.31950652925156","1.144","0.049","0.043","2,4,6,57,89,90,91,92,93,94",0.0131243376501277,FALSE,1,0,3,0,10,1,9,0.1,0.75
"S.EB",11,60,0.33,"FALSE","FALSE","FALSE","7.38314656627843","4.38826272681847","2.99488383945995","0.601","0.042","0.044","2,3,4,6,39,91,92,94",0.0238516011960509,FALSE,1,0,2,3,8,1,7,0.125,0.583333333333333
"S.EB",12,60,0.33,"FALSE","FALSE","FALSE","7.02775397475792","3.94614561185166","3.08160836290626","0.866","0.044","0.042","12,15,54,55,59,74,90,91,93,97,101",0.0964447549792629,FALSE,6,2,6,3,11,8,3,0.727272727272727,0.25
"S.EB",13,60,0.33,"FALSE","FALSE","FALSE","7.37387036183713","3.91816036554668","3.45570999629045","0.526","0.038","0.032","3,4,5,6,91,92,94,99",0.0257218944944088,FALSE,0,1,2,3,8,1,7,0.125,0.583333333333333
"S.EB",14,60,0.33,"FALSE","FALSE","FALSE","7.75537871314769","4.37010180833282","3.38527690481486","0.401","0.04","0.04","1,3,5,6,90,91,93,94",0.0246316540601055,FALSE,0,0,2,2,8,0,8,0,0.666666666666667
"S.EB",15,60,0.33,"FALSE","FALSE","FALSE","6.55940297592495","4.13167850419267","2.42772447173229","0.44","0.039","0.036","3,4,5,6,60,90,91,92,94",0.0179801037409339,FALSE,1,0,2,2,9,1,8,0.111111111111111,0.666666666666667
"S.EB",16,60,0.33,"FALSE","FALSE","FALSE","7.24662341157891","4.28794725567266","2.95867615590625","0.55","0.038","0.036","2,3,4,6,19,59,64,76,91,92",0.043251794986039,FALSE,4,0,2,4,10,4,6,0.4,0.5
"S.EB",17,60,0.33,"FALSE","FALSE","FALSE","6.68886371074631","4.23569187311473","2.45317183763158","0.321","0.039","0.035","1,3,5,6,91,92,94",0.0313731158209603,FALSE,0,0,2,3,7,0,7,0,0.583333333333333
"S.EB",18,60,0.33,"FALSE","FALSE","FALSE","8.89101765352414","5.71244394859626","3.17857370492788","0.911","0.045","0.044","2,4,6,10,62,69,71,77,90,91,92,94",0.0303772536675392,FALSE,5,0,3,2,12,5,7,0.416666666666667,0.583333333333333
"S.EB",19,60,0.33,"FALSE","FALSE","FALSE","6.08760126811162","4.14890749326479","1.93869377484683","0.931","0.044","0.041","2,4,6,19,27,86,90,91,92",0.0447511737111777,FALSE,3,0,3,3,9,3,6,0.333333333333333,0.5
"S.EB",2,60,0.33,"FALSE","FALSE","FALSE","6.66521788511765","4.01099303187213","2.65422485324551","0.667","0.04","0.037","4,40,49,91,92,94,98",0.0693034872256409,FALSE,2,1,5,3,7,3,4,0.428571428571429,0.333333333333333
"S.EB",20,60,0.33,"FALSE","FALSE","FALSE","6.99776995089225","3.33096513013545","3.6668048207568","0.817","0.039","0.037","2,3,4,6,90,91,92,93,94",0.0104108578223355,FALSE,0,0,2,1,9,0,9,0,0.75
"S.EB",21,60,0.33,"FALSE","FALSE","FALSE","8.01518581175803","4.57568620812725","3.43949960363077","0.532","0.043","0.037","1,3,5,6,39,87,90,91,93,94,101",0.0386965356713855,FALSE,2,1,2,2,11,3,8,0.272727272727273,0.666666666666667
"S.EB",22,60,0.33,"FALSE","FALSE","FALSE","6.61442225344063","3.12571479710961","3.48870745633102","0.699","0.039","0.034","2,3,4,6,90,91,92,93,94",0.0120246897338966,FALSE,0,0,2,1,9,0,9,0,0.75
"S.EB",23,60,0.33,"FALSE","FALSE","FALSE","6.34612155615231","4.07048843043213","2.27563312572019","0.745","0.039","0.043","2,4,6,30,49,91,92,94",0.0420917063784086,FALSE,2,0,3,3,8,2,6,0.25,0.5
"S.EB",24,60,0.33,"FALSE","FALSE","FALSE","6.37914171279924","3.82910672680771","2.55003498599153","1.03","0.044","0.039","18,22,30,49,68,91,94,96",0.112343465645406,FALSE,5,1,6,4,8,6,2,0.75,0.166666666666667
"S.EB",25,60,0.33,"FALSE","FALSE","FALSE","6.87325512236198","3.58681512246174","3.28643999990023","0.725","0.04","0.039","7,31,54,78,88,89,90,93,101",0.105009158485559,FALSE,5,1,6,3,9,6,3,0.666666666666667,0.25
"S.EB",26,60,0.33,"FALSE","FALSE","FALSE","5.91436961999975","3.50895508819633","2.40541453180342","0.79","0.041","0.035","3,4,5,6,91,92,94",0.0241712528009005,FALSE,0,0,2,3,7,0,7,0,0.583333333333333
"S.EB",27,60,0.33,"FALSE","FALSE","FALSE","7.01856893285564","2.77953477293825","4.23903415991739","0.847","0.042","0.042","1,2,4,6,89,90,91,92,93,94",0.0115021054690159,FALSE,0,0,2,0,10,0,10,0,0.833333333333333
"S.EB",28,60,0.33,"FALSE","FALSE","FALSE","6.36021940819683","3.78912293035946","2.57109647783737","0.762","0.043","0.037","4,40,55,56,71,90,91,92,98",0.0626256567208052,FALSE,4,1,5,3,9,5,4,0.555555555555556,0.333333333333333
"S.EB",29,60,0.33,"FALSE","FALSE","FALSE","7.21845051452529","4.37038687355841","2.84806364096687","0.704","0.039","0.035","2,4,6,9,19,66,90,91,92",0.0425549960480642,FALSE,3,0,3,3,9,3,6,0.333333333333333,0.5
"S.EB",3,60,0.33,"FALSE","FALSE","FALSE","7.38501271109967","4.32991625558546","3.05509645551421","0.932","0.04","0.04","2,3,5,6,19,80,87,90,91,92",0.0402802100548123,FALSE,3,0,2,3,10,3,7,0.3,0.583333333333333
"S.EB",30,60,0.33,"FALSE","FALSE","FALSE","6.33905688419411","4.62388976584143","1.71516711835268","0.978","0.042","0.035","2,4,6,13,57,87,90,91,92,93,94",0.0214506409472096,FALSE,3,0,3,1,11,3,8,0.272727272727273,0.666666666666667
"S.EB",31,60,0.33,"FALSE","FALSE","FALSE","8.78584098758838","3.70310677706521","5.08273421052317","0.462","0.041","0.036","2,4,6,84,90,91,92,93,94",0.0201951611622874,FALSE,1,0,3,1,9,1,8,0.111111111111111,0.666666666666667
"S.EB",32,60,0.33,"FALSE","FALSE","FALSE","6.80077245393039","3.65753322200131","3.14323923192908","0.806","0.047","0.044","2,4,20,34,90,91,92,93",0.0435942693504074,FALSE,2,0,4,2,8,2,6,0.25,0.5
"S.EB",33,60,0.33,"FALSE","FALSE","FALSE","7.04535665500076","4.91619954164221","2.12915711335855","0.431","0.044","0.043","1,3,5,6,14,91,94",0.0461255661517908,FALSE,1,0,2,4,7,1,6,0.142857142857143,0.5
"S.EB",34,60,0.33,"FALSE","FALSE","FALSE","7.29119663446422","4.17839945440326","3.11279718006096","0.824","0.042","0.042","3,4,6,90,91,92,93,94,96",0.0157817727932918,FALSE,0,1,3,1,9,1,8,0.111111111111111,0.666666666666667
"S.EB",35,60,0.33,"FALSE","FALSE","FALSE","7.20816000015243","4.5953448523878","2.61281514776463","0.523","0.041","0.033","3,5,6,88,90,91,93,94,101",0.036768223910247,FALSE,1,1,3,2,9,2,7,0.222222222222222,0.583333333333333
"S.EB",36,60,0.33,"FALSE","FALSE","FALSE","6.60140438238692","2.24496565603026","4.35643872635666","0.993","0.042","0.042","35,42,78,89,90,91,93,101",0.0913969849770161,FALSE,3,1,6,2,8,4,4,0.5,0.333333333333333
"S.EB",37,60,0.33,"FALSE","FALSE","FALSE","8.52983399965805","5.17946321324046","3.35037078641759","0.628","0.045","0.035","2,3,4,6,7,88,89,90,91,92,93",0.021429012590662,FALSE,2,0,2,1,11,2,9,0.181818181818182,0.75
"S.EB",38,60,0.33,"FALSE","FALSE","FALSE","6.76088755119659","3.78833736034614","2.97255019085045","0.756","0.039","0.036","3,4,6,54,66,91,92,94",0.0335397456284017,FALSE,2,0,3,3,8,2,6,0.25,0.5
"S.EB",39,60,0.33,"FALSE","FALSE","FALSE","7.03827557542919","4.25647412593999","2.78180144948921","0.958","0.04","0.037","2,4,6,10,29,30,46,90,91,93",0.0432684322445763,FALSE,4,0,3,3,10,4,6,0.4,0.5
"S.EB",4,60,0.33,"FALSE","FALSE","FALSE","6.46244820796815","4.28621781049251","2.17623039747564","0.444","0.04","0.038","1,3,5,6,90,91,94",0.0333634016507527,FALSE,0,0,2,3,7,0,7,0,0.583333333333333
"S.EB",40,60,0.33,"FALSE","FALSE","FALSE","7.60906317599013","4.20233589626037","3.40672727972976","0.904","0.041","0.038","2,4,6,71,80,89,90,91,92",0.0372833919225399,FALSE,2,0,3,2,9,2,7,0.222222222222222,0.583333333333333
"S.EB",41,60,0.33,"FALSE","FALSE","FALSE","7.27169691388432","3.30772480462439","3.96397210925993","0.61","0.042","0.038","1,6,54,90,91,93,94,97",0.043644127540255,FALSE,1,1,4,2,8,2,6,0.25,0.5
"S.EB",42,60,0.33,"FALSE","FALSE","FALSE","6.02409814684072","4.57735545793952","1.44674268890119","0.561","0.043","0.041","1,3,5,23,37,91",0.0883086064069564,FALSE,2,0,3,5,6,2,4,0.333333333333333,0.333333333333333
"S.EB",43,60,0.33,"FALSE","FALSE","FALSE","7.82209064061087","4.12732650208076","3.6947641385301","1.013","0.042","0.044","2,4,6,7,9,32,86,90,91,93,94",0.0334363443621705,FALSE,4,0,3,2,11,4,7,0.363636363636364,0.583333333333333
"S.EB",44,60,0.33,"FALSE","FALSE","FALSE","8.30306050247649","4.54906893589042","3.75399156658607","0.701","0.04","0.037","2,4,6,27,56,89,90,91,92",0.0381560047125228,FALSE,2,0,3,2,9,2,7,0.222222222222222,0.583333333333333
"S.EB",45,60,0.33,"FALSE","FALSE","FALSE","6.99039321274733","3.84410763177122","3.14628558097611","0.724","0.047","0.039","1,4,6,13,66,91,92,95",0.049275205796592,FALSE,2,1,3,4,8,3,5,0.375,0.416666666666667
"S.EB",46,60,0.33,"FALSE","FALSE","FALSE","8.48997921910933","3.44426357317747","5.04571564593187","0.448","0.038","0.034","1,2,3,4,6,90,91,92,93,94,95",0.0107470944100317,FALSE,0,1,1,1,11,1,10,0.0909090909090909,0.833333333333333
"S.EB",47,60,0.33,"FALSE","FALSE","FALSE","6.75910773565127","4.36339033745596","2.39571739819531","0.621","0.042","0.039","1,3,4,5,6,76,91,94",0.030200291681484,FALSE,1,0,1,4,8,1,7,0.125,0.583333333333333
"S.EB",48,60,0.33,"FALSE","FALSE","FALSE","7.10305986938961","4.36031086920865","2.74274900018096","0.408","0.04","0.037","1,3,5,6,90,91,94,101",0.0368719993268924,FALSE,0,1,2,3,8,1,7,0.125,0.583333333333333
"S.EB",49,60,0.33,"FALSE","FALSE","FALSE","7.49380785902396","4.72000868071685","2.77379917830711","0.498","0.039","0.034","2,3,4,5,6,90,91,92,94",0.0119320760071797,FALSE,0,0,1,2,9,0,9,0,0.75
"S.EB",5,60,0.33,"FALSE","FALSE","FALSE","7.37977271205197","3.70611468627071","3.67365802578126","0.494","0.041","0.039","3,5,6,55,90,91,94,101",0.0453196775083526,FALSE,1,1,3,3,8,2,6,0.25,0.5
"S.EB",50,60,0.33,"FALSE","FALSE","FALSE","6.01727941678245","3.98202047624759","2.03525894053487","0.823","0.044","0.044","9,15,17,31,67,90,93",0.128741172715072,FALSE,5,0,6,4,7,5,2,0.714285714285714,0.166666666666667
"S.EB",51,60,0.33,"FALSE","FALSE","FALSE","7.31379126843324","4.06901023722496","3.24478103120828","0.612","0.04","0.036","2,4,5,6,79,90,91,92,94,99",0.0198917481286425,FALSE,1,1,2,2,10,2,8,0.2,0.666666666666667
"S.EB",52,60,0.33,"FALSE","FALSE","FALSE","8.30238737343189","5.3135851156165","2.9888022578154","0.363","0.039","0.036","2,3,4,5,6,91,92,94",0.0191517509271915,FALSE,0,0,1,3,8,0,8,0,0.666666666666667
"S.EB",53,60,0.33,"FALSE","FALSE","FALSE","7.54863388891522","4.47469219892978","3.07394168998544","0.757","0.042","0.041","2,4,6,13,26,29,30,69,90,91,92",0.0431367177726304,FALSE,5,0,3,3,11,5,6,0.454545454545455,0.5
"S.EB",54,60,0.33,"FALSE","FALSE","FALSE","6.77864443173906","4.02092014630802","2.75772428543104","0.422","0.038","0.031","3,4,5,6,91,92,94",0.0230518549119364,FALSE,0,0,2,3,7,0,7,0,0.583333333333333
"S.EB",55,60,0.33,"FALSE","FALSE","FALSE","8.6477532739774","4.64270305641229","4.00505021756511","0.438","0.042","0.04","1,2,3,4,5,6,37,39,58,90,91,92,95",0.0273313653805526,FALSE,3,1,0,3,13,4,9,0.307692307692308,0.75
"S.EB",56,60,0.33,"FALSE","FALSE","FALSE","6.40312113798506","4.09842899562423","2.30469214236082","0.897","0.043","0.04","2,3,4,6,91,92,93,94",0.0200914916853972,FALSE,0,0,2,2,8,0,8,0,0.666666666666667
"S.EB",57,60,0.33,"FALSE","FALSE","FALSE","8.2250357213077","5.1908772411025","3.0341584802052","0.567","0.042","0.042","3,4,5,6,35,36,91,92,94",0.0249774923189723,FALSE,2,0,2,3,9,2,7,0.222222222222222,0.583333333333333
"S.EB",58,60,0.33,"FALSE","FALSE","FALSE","8.71024556671154","4.0444316349571","4.66581393175444","0.566","0.039","0.039","2,4,6,87,90,91,92,93,94,95",0.025121677212798,FALSE,1,1,3,1,10,2,8,0.2,0.666666666666667
"S.EB",59,60,0.33,"FALSE","FALSE","FALSE","6.50049370103397","4.28422934564658","2.21626435538739","0.438","0.041","0.033","1,3,4,5,6,91,94",0.0339639129234115,FALSE,0,0,1,4,7,0,7,0,0.583333333333333
"S.EB",6,60,0.33,"FALSE","FALSE","FALSE","7.48530180532736","4.23675664904662","3.24854515628074","0.618","0.041","0.041","2,4,6,27,30,36,44,90,91,92",0.0364269541673336,FALSE,4,0,3,3,10,4,6,0.4,0.5
"S.EB",60,60,0.33,"FALSE","FALSE","FALSE","7.08337950151827","3.8786048553035","3.20477464621477","0.651","0.045","0.035","3,4,5,6,90,91,92,94",0.0151068507816807,FALSE,0,0,2,2,8,0,8,0,0.666666666666667
"S.EB",61,60,0.33,"FALSE","FALSE","FALSE","6.76863402607811","4.60456329545055","2.16407073062756","0.592","0.04","0.036","1,3,4,5,6,91,92,94",0.0188734991303728,FALSE,0,0,1,3,8,0,8,0,0.666666666666667
"S.EB",62,60,0.33,"FALSE","FALSE","FALSE","6.97951529705251","4.79689635028742","2.18261894676509","0.378","0.038","0.032","1,3,4,5,6,91,94",0.0365277069523418,FALSE,0,0,1,4,7,0,7,0,0.583333333333333
"S.EB",63,60,0.33,"FALSE","FALSE","FALSE","7.36725171761795","4.00789364774876","3.35935806986919","0.919","0.04","0.036","15,28,52,54,65,78,84,88,89,90,93,94",0.095636337005151,FALSE,8,0,6,2,12,8,4,0.666666666666667,0.333333333333333
"S.EB",64,60,0.33,"FALSE","FALSE","FALSE","8.17306012115498","4.68450609825934","3.48855402289564","0.608","0.039","0.038","2,4,6,7,30,87,90,91,92,93",0.0336055402155582,FALSE,3,0,3,2,10,3,7,0.3,0.583333333333333
"S.EB",65,60,0.33,"FALSE","FALSE","FALSE","6.75113802312671","4.17746169480476","2.57367632832195","0.688","0.04","0.037","1,4,6,13,27,66,91,92,95",0.0548886792429419,FALSE,3,1,3,4,9,4,5,0.444444444444444,0.416666666666667
"S.EB",66,60,0.33,"FALSE","FALSE","FALSE","7.35561407667733","5.35049919958078","2.00511487709655","0.906","0.047","0.038","4,6,17,20,27,33,90,91,92",0.0469681215018405,FALSE,4,0,4,3,9,4,5,0.444444444444444,0.416666666666667
"S.EB",67,60,0.33,"FALSE","FALSE","FALSE","6.64726910216988","4.22845803973039","2.41881106243949","0.962","0.046","0.044","2,4,6,9,72,87,89,90,92,93",0.0476546236260353,FALSE,3,0,3,2,10,3,7,0.3,0.583333333333333
"S.EB",68,60,0.33,"FALSE","FALSE","FALSE","8.16788214276145","4.89474555977899","3.27313658298246","0.816","0.039","0.037","2,4,6,19,21,30,46,90,91,93,94",0.0462398039496471,FALSE,4,0,3,2,11,4,7,0.363636363636364,0.583333333333333
"S.EB",69,60,0.33,"FALSE","FALSE","FALSE","6.99558737828588","4.0225432173534","2.97304416093248","0.866","0.043","0.039","6,15,24,47,68,83,91,92,94",0.0738783847377899,FALSE,5,0,5,3,9,5,4,0.555555555555556,0.333333333333333
"S.EB",7,60,0.33,"FALSE","FALSE","FALSE","7.43110251099951","4.09002711518793","3.34107539581159","0.578","0.039","0.037","2,3,4,6,51,90,91,92,93,94",0.010522514440316,FALSE,1,0,2,1,10,1,9,0.1,0.75
"S.EB",70,60,0.33,"FALSE","FALSE","FALSE","7.49514547205651","2.90358018001165","4.59156529204486","0.671","0.04","0.037","2,6,90,91,92,93,94,96",0.0291578450218981,FALSE,0,1,4,1,8,1,7,0.125,0.583333333333333
"S.EB",71,60,0.33,"FALSE","FALSE","FALSE","7.20419276282858","4.14309770295165","3.06109505987692","0.619","0.045","0.037","2,3,4,5,6,91,92,94",0.0157370815053088,FALSE,0,0,1,3,8,0,8,0,0.666666666666667
"S.EB",72,60,0.33,"FALSE","FALSE","FALSE","7.67028372704195","4.25671946115332","3.41356426588863","0.435","0.037","0.033","2,3,4,6,90,91,92,94",0.0156125378837478,FALSE,0,0,2,2,8,0,8,0,0.666666666666667
"S.EB",73,60,0.33,"FALSE","FALSE","FALSE","8.44721701275109","5.02349442522303","3.42372258752806","0.844","0.041","0.046","1,2,3,4,6,80,81,90,91,92,93,94",0.0151666360712273,FALSE,2,0,1,1,12,2,10,0.166666666666667,0.833333333333333
"S.EB",74,60,0.33,"FALSE","FALSE","FALSE","7.70649661580111","4.64959898819029","3.05689762761082","0.545","0.042","0.035","2,3,4,6,38,42,72,91,92,94",0.0288496068860077,FALSE,3,0,2,3,10,3,7,0.3,0.583333333333333
"S.EB",75,60,0.33,"FALSE","FALSE","FALSE","7.14367853456978","4.24316603880149","2.90051249576829","0.72","0.046","0.041","2,4,10,40,91,92,95",0.0725035327722915,FALSE,2,1,4,4,7,3,4,0.428571428571429,0.333333333333333
"S.EB",76,60,0.33,"FALSE","FALSE","FALSE","6.30586756618299","3.91789827077805","2.38796929540494","0.69","0.04","0.035","2,4,5,19,60,90,91,92",0.0490126962615795,FALSE,2,0,3,3,8,2,6,0.25,0.5
"S.EB",77,60,0.33,"FALSE","FALSE","FALSE","7.44695798473749","3.90139731053018","3.54556067420731","0.518","0.046","0.042","1,3,5,6,90,91,94,101",0.0356066953017709,FALSE,0,1,2,3,8,1,7,0.125,0.583333333333333
"S.EB",78,60,0.33,"FALSE","FALSE","FALSE","8.97307523950242","5.08549749592359","3.88757774357884","0.621","0.042","0.039","2,4,6,27,45,89,90,91,92",0.0333209642262389,FALSE,2,0,3,2,9,2,7,0.222222222222222,0.583333333333333
"S.EB",79,60,0.33,"FALSE","FALSE","FALSE","6.35137924020795","4.53970889572376","1.81167034448419","0.995","0.043","0.044","6,17,38,52,68,87,92,93",0.0915407885805471,FALSE,5,0,5,4,8,5,3,0.625,0.25
"S.EB",8,60,0.33,"FALSE","FALSE","FALSE","7.79470763103976","3.65648806663774","4.13821956440202","0.431","0.041","0.035","2,4,6,32,78,89,90,92,93",0.0548720313073964,FALSE,2,0,3,2,9,2,7,0.222222222222222,0.583333333333333
"S.EB",80,60,0.33,"FALSE","FALSE","FALSE","8.92668787848994","4.73959542565233","4.18709245283761","0.551","0.039","0.044","1,2,6,69,88,89,90,91,93,94",0.0335390772411877,FALSE,2,0,3,1,10,2,8,0.2,0.666666666666667
"S.EB",81,60,0.33,"FALSE","FALSE","FALSE","7.21386210601281","4.07718877780679","3.13667332820602","0.621","0.039","0.033","1,2,4,6,23,90,91,92,93,94",0.0153064151746217,FALSE,1,0,2,1,10,1,9,0.1,0.75
"S.EB",82,60,0.33,"FALSE","FALSE","FALSE","7.33222099693594","4.28262945054581","3.04959154639013","0.816","0.04","0.037","2,4,6,27,30,68,91,92,94",0.0393779651751481,FALSE,3,0,3,3,9,3,6,0.333333333333333,0.5
"S.EB",83,60,0.33,"FALSE","FALSE","FALSE","7.22999070776366","4.70816868883979","2.52182201892387","0.73","0.038","0.038","3,4,6,12,50,64,69,72,90,91,92",0.049395538670642,FALSE,5,0,3,3,11,5,6,0.454545454545455,0.5
"S.EB",84,60,0.33,"FALSE","FALSE","FALSE","7.53181497612901","4.2989799622485","3.23283501388051","0.789","0.039","0.038","2,3,4,6,29,35,39,91,92,93,94",0.029506690109083,FALSE,3,0,2,2,11,3,8,0.272727272727273,0.666666666666667
"S.EB",85,60,0.33,"FALSE","FALSE","FALSE","7.39543255707239","3.86507561994441","3.53035693712799","0.803","0.046","0.041","2,4,6,81,90,91,92,95,98",0.0378181892519724,FALSE,1,2,3,3,9,3,6,0.333333333333333,0.5
"S.EB",86,60,0.33,"FALSE","FALSE","FALSE","6.91362716211749","4.34900619958883","2.56462096252866","0.873","0.041","0.041","1,3,4,5,6,91,94",0.0286870837935053,FALSE,0,0,1,4,7,0,7,0,0.583333333333333
"S.EB",87,60,0.33,"FALSE","FALSE","FALSE","9.05698909766161","5.48388000537516","3.57310909228645","0.751","0.04","0.041","2,3,4,6,34,43,48,59,90,91,92,93",0.0241932577585502,FALSE,4,0,2,2,12,4,8,0.333333333333333,0.666666666666667
"S.EB",88,60,0.33,"FALSE","FALSE","FALSE","6.87532448314102","4.10429449635785","2.77102998678317","0.65","0.04","0.037","6,18,21,30,55,68,83,91,93,94",0.0802854373298844,FALSE,6,0,5,3,10,6,4,0.6,0.333333333333333
"S.EB",89,60,0.33,"FALSE","FALSE","FALSE","6.86785676892216","4.14114021426452","2.72671655465764","0.896","0.042","0.038","2,4,6,30,56,80,89,90,91,92",0.0403946285221318,FALSE,3,0,3,2,10,3,7,0.3,0.583333333333333
"S.EB",9,60,0.33,"FALSE","FALSE","FALSE","6.92082557030055","4.60560708430782","2.31521848599274","0.619","0.041","0.039","1,3,6,18,21,84,91,93,94",0.0512015176984456,FALSE,3,0,3,3,9,3,6,0.333333333333333,0.5
"S.EB",90,60,0.33,"FALSE","FALSE","FALSE","6.60490908205979","4.62731073177069","1.97759835028909","0.795","0.044","0.042","6,29,30,51,68,83,91,94",0.094612535014552,FALSE,5,0,5,4,8,5,3,0.625,0.25
"S.EB",91,60,0.33,"FALSE","FALSE","FALSE","7.59512904358215","5.47767754323101","2.11745150035114","0.817","0.055","0.052","3,4,6,13,30,38,91,92",0.0515219621909765,FALSE,3,0,3,4,8,3,5,0.375,0.416666666666667
"S.EB",92,60,0.33,"FALSE","FALSE","FALSE","8.53432333438351","3.91126473907022","4.62305859531329","0.847","0.062","0.056","2,3,4,6,90,91,92,93,94",0.010231930163075,FALSE,0,0,2,1,9,0,9,0,0.75
"S.EB",93,60,0.33,"FALSE","FALSE","FALSE","8.15307926679132","3.74848887187638","4.40459039491494","0.871","0.062","0.064","2,4,6,47,89,90,91,92,93",0.0357038352456392,FALSE,1,0,3,1,9,1,8,0.111111111111111,0.666666666666667
"S.EB",94,60,0.33,"FALSE","FALSE","FALSE","7.99285278442047","5.8449800947791","2.14787268964137","1.758","0.068","0.072","1,3,4,6,13,15,76,83,91,92",0.0441685724364269,FALSE,4,0,2,4,10,4,6,0.4,0.5
"S.EB",95,60,0.33,"FALSE","FALSE","FALSE","6.14848794519517","3.65469578997665","2.49379215521852","0.775","0.064","0.051","3,4,5,6,91,92,94",0.0292352572633208,FALSE,0,0,2,3,7,0,7,0,0.583333333333333
"S.EB",96,60,0.33,"FALSE","FALSE","FALSE","6.55564690983405","4.42104740162882","2.13459950820523","0.682","0.053","0.046","1,3,4,5,6,91,94",0.0338523125326763,FALSE,0,0,1,4,7,0,7,0,0.583333333333333
"S.EB",97,60,0.33,"FALSE","FALSE","FALSE","5.76786220066663","3.39579905391258","2.37206314675405","0.535","0.048","0.038","3,4,5,6,91,92,94",0.0231825029290449,FALSE,0,0,2,3,7,0,7,0,0.583333333333333
"S.EB",98,60,0.33,"FALSE","FALSE","FALSE","7.50389728403493","4.24422436541938","3.25967291861555","0.648","0.043","0.044","3,4,5,6,67,91,92,93,94",0.0197038993611354,FALSE,1,0,2,2,9,1,8,0.111111111111111,0.666666666666667
"S.EB",99,60,0.33,"FALSE","FALSE","FALSE","6.26877261999928","2.62569054649788","3.6430820735014","0.865","0.044","0.043","1,46,49,73,89,90,93,101",0.0940075724010846,FALSE,3,1,5,3,8,4,4,0.5,0.333333333333333
"S.EB.b",1,60,0.33,"FALSE","FALSE","FALSE","7.92146773762587","5.11259324699358","2.80887449063228","0.619","0.046","0.037","2,3,4,6,19,63,80,90,91,92,93,94",0.0189193452171969,FALSE,3,0,2,1,12,3,9,0.25,0.75
"S.EB.b",10,60,0.33,"FALSE","FALSE","FALSE","7.11448120957385","4.49312433577168","2.62135687380217","0.599","0.04","0.038","1,3,5,6,90,91,93,94,101",0.0259438140061421,FALSE,0,1,2,2,9,1,8,0.111111111111111,0.666666666666667
"S.EB.b",100,60,0.33,"FALSE","FALSE","FALSE","8.25525176371019","3.93574523445863","4.31950652925156","1.144","0.049","0.043","2,4,6,57,89,90,91,92,93,94",0.0131243376501277,FALSE,1,0,3,0,10,1,9,0.1,0.75
"S.EB.b",11,60,0.33,"FALSE","FALSE","FALSE","7.38314656627843","4.38826272681847","2.99488383945995","0.601","0.042","0.044","2,3,4,5,6,90,91,92,94",0.0101836485240796,FALSE,0,0,1,2,9,0,9,0,0.75
"S.EB.b",12,60,0.33,"FALSE","FALSE","FALSE","7.02775397475792","3.94614561185166","3.08160836290626","0.866","0.044","0.042","18,54,74,79,90,91,93,94,97,101",0.075510224126512,FALSE,4,2,6,2,10,6,4,0.6,0.333333333333333
"S.EB.b",13,60,0.33,"FALSE","FALSE","FALSE","7.37387036183713","3.91816036554668","3.45570999629045","0.526","0.038","0.032","3,5,6,90,91,92,93,94,99",0.0226102663783337,FALSE,0,1,3,1,9,1,8,0.111111111111111,0.666666666666667
"S.EB.b",14,60,0.33,"FALSE","FALSE","FALSE","7.75537871314769","4.37010180833282","3.38527690481486","0.401","0.04","0.04","1,3,5,6,90,91,93,94",0.0246316540601055,FALSE,0,0,2,2,8,0,8,0,0.666666666666667
"S.EB.b",15,60,0.33,"FALSE","FALSE","FALSE","6.55940297592495","4.13167850419267","2.42772447173229","0.44","0.039","0.036","3,4,5,6,60,90,91,92,94",0.0179801037409339,FALSE,1,0,2,2,9,1,8,0.111111111111111,0.666666666666667
"S.EB.b",16,60,0.33,"FALSE","FALSE","FALSE","7.24662341157891","4.28794725567266","2.95867615590625","0.55","0.038","0.036","3,5,6,90,91,93,94,101",0.0336077750277229,FALSE,0,1,3,2,8,1,7,0.125,0.583333333333333
"S.EB.b",17,60,0.33,"FALSE","FALSE","FALSE","6.68886371074631","4.23569187311473","2.45317183763158","0.321","0.039","0.035","1,3,5,6,91,92,94",0.0313731158209603,FALSE,0,0,2,3,7,0,7,0,0.583333333333333
"S.EB.b",18,60,0.33,"FALSE","FALSE","FALSE","8.89101765352414","5.71244394859626","3.17857370492788","0.911","0.045","0.044","2,4,6,8,62,69,90,91,92,93,94,101",0.0255050828823951,FALSE,3,1,3,1,12,4,8,0.333333333333333,0.666666666666667
"S.EB.b",19,60,0.33,"FALSE","FALSE","FALSE","6.08760126811162","4.14890749326479","1.93869377484683","0.931","0.044","0.041","2,4,6,19,27,86,90,91,92",0.0447511737111777,FALSE,3,0,3,3,9,3,6,0.333333333333333,0.5
"S.EB.b",2,60,0.33,"FALSE","FALSE","FALSE","6.66521788511765","4.01099303187213","2.65422485324551","0.667","0.04","0.037","4,40,49,91,92,94,98",0.0693034872256409,FALSE,2,1,5,3,7,3,4,0.428571428571429,0.333333333333333
"S.EB.b",20,60,0.33,"FALSE","FALSE","FALSE","6.99776995089225","3.33096513013545","3.6668048207568","0.817","0.039","0.037","2,3,4,6,89,90,91,92,93,94",0.0107585134933477,FALSE,0,0,2,0,10,0,10,0,0.833333333333333
"S.EB.b",21,60,0.33,"FALSE","FALSE","FALSE","8.01518581175803","4.57568620812725","3.43949960363077","0.532","0.043","0.037","1,3,5,6,39,90,91,93,94,101",0.0378562038745917,FALSE,1,1,2,2,10,2,8,0.2,0.666666666666667
"S.EB.b",22,60,0.33,"FALSE","FALSE","FALSE","6.61442225344063","3.12571479710961","3.48870745633102","0.699","0.039","0.034","2,3,4,6,90,91,92,93,94",0.0120246897338966,FALSE,0,0,2,1,9,0,9,0,0.75
"S.EB.b",23,60,0.33,"FALSE","FALSE","FALSE","6.34612155615231","4.07048843043213","2.27563312572019","0.745","0.039","0.043","2,4,6,43,90,91,92,93",0.0353042538958198,FALSE,1,0,3,2,8,1,7,0.125,0.583333333333333
"S.EB.b",24,60,0.33,"FALSE","FALSE","FALSE","6.37914171279924","3.82910672680771","2.55003498599153","1.03","0.044","0.039","1,3,5,22,90,91,94,96",0.0649366912188826,FALSE,1,1,3,3,8,2,6,0.25,0.5
"S.EB.b",25,60,0.33,"FALSE","FALSE","FALSE","6.87325512236198","3.58681512246174","3.28643999990023","0.725","0.04","0.039","2,24,31,78,89,90,92,93,99",0.0766604497990351,FALSE,3,1,5,2,9,4,5,0.444444444444444,0.416666666666667
"S.EB.b",26,60,0.33,"FALSE","FALSE","FALSE","5.91436961999975","3.50895508819633","2.40541453180342","0.79","0.041","0.035","3,4,5,6,91,92,94,98",0.0243699694843602,FALSE,0,1,2,3,8,1,7,0.125,0.583333333333333
"S.EB.b",27,60,0.33,"FALSE","FALSE","FALSE","7.01856893285564","2.77953477293825","4.23903415991739","0.847","0.042","0.042","1,4,6,89,90,91,92,93,94,96",0.0160155220291315,FALSE,0,1,3,0,10,1,9,0.1,0.75
"S.EB.b",28,60,0.33,"FALSE","FALSE","FALSE","6.36021940819683","3.78912293035946","2.57109647783737","0.762","0.043","0.037","4,6,89,90,91,92,93,94",0.0210843908947324,FALSE,0,0,4,0,8,0,8,0,0.666666666666667
"S.EB.b",29,60,0.33,"FALSE","FALSE","FALSE","7.21845051452529","4.37038687355841","2.84806364096687","0.704","0.039","0.035","2,3,4,6,90,91,92,93,94",0.0113404511584627,FALSE,0,0,2,1,9,0,9,0,0.75
"S.EB.b",3,60,0.33,"FALSE","FALSE","FALSE","7.38501271109967","4.32991625558546","3.05509645551421","0.932","0.04","0.04","2,3,5,6,90,91,92,93,94",0.0144864556172698,FALSE,0,0,2,1,9,0,9,0,0.75
"S.EB.b",30,60,0.33,"FALSE","FALSE","FALSE","6.33905688419411","4.62388976584143","1.71516711835268","0.978","0.042","0.035","2,4,6,13,57,87,90,91,92,93,94",0.0214506409472096,FALSE,3,0,3,1,11,3,8,0.272727272727273,0.666666666666667
"S.EB.b",31,60,0.33,"FALSE","FALSE","FALSE","8.78584098758838","3.70310677706521","5.08273421052317","0.462","0.041","0.036","2,4,6,76,84,90,91,92,93,94,99,100",0.0244967453291637,FALSE,2,2,3,1,12,4,8,0.333333333333333,0.666666666666667
"S.EB.b",32,60,0.33,"FALSE","FALSE","FALSE","6.80077245393039","3.65753322200131","3.14323923192908","0.806","0.047","0.044","2,4,20,34,90,91,92,93",0.0435942693504074,FALSE,2,0,4,2,8,2,6,0.25,0.5
"S.EB.b",33,60,0.33,"FALSE","FALSE","FALSE","7.04535665500076","4.91619954164221","2.12915711335855","0.431","0.044","0.043","1,3,5,6,14,91,92,94",0.0356523236386113,FALSE,1,0,2,3,8,1,7,0.125,0.583333333333333
"S.EB.b",34,60,0.33,"FALSE","FALSE","FALSE","7.29119663446422","4.17839945440326","3.11279718006096","0.824","0.042","0.042","3,4,6,90,91,92,93,94,96",0.0157817727932918,FALSE,0,1,3,1,9,1,8,0.111111111111111,0.666666666666667
"S.EB.b",35,60,0.33,"FALSE","FALSE","FALSE","7.20816000015243","4.5953448523878","2.61281514776463","0.523","0.041","0.033","3,5,6,88,90,91,93,94,101",0.036768223910247,FALSE,1,1,3,2,9,2,7,0.222222222222222,0.583333333333333
"S.EB.b",36,60,0.33,"FALSE","FALSE","FALSE","6.60140438238692","2.24496565603026","4.35643872635666","0.993","0.042","0.042","68,89,90,91,92,93,94,101",0.0499045665354479,FALSE,1,1,6,0,8,2,6,0.25,0.5
"S.EB.b",37,60,0.33,"FALSE","FALSE","FALSE","8.52983399965805","5.17946321324046","3.35037078641759","0.628","0.045","0.035","2,3,4,6,7,88,89,90,91,92,93",0.021429012590662,FALSE,2,0,2,1,11,2,9,0.181818181818182,0.75
"S.EB.b",38,60,0.33,"FALSE","FALSE","FALSE","6.76088755119659","3.78833736034614","2.97255019085045","0.756","0.039","0.036","4,6,54,66,90,91,92,93,94",0.0296914421776456,FALSE,2,0,4,1,9,2,7,0.222222222222222,0.583333333333333
"S.EB.b",39,60,0.33,"FALSE","FALSE","FALSE","7.03827557542919","4.25647412593999","2.78180144948921","0.958","0.04","0.037","2,4,6,29,89,90,91,92,93",0.0276881657266408,FALSE,1,0,3,1,9,1,8,0.111111111111111,0.666666666666667
"S.EB.b",4,60,0.33,"FALSE","FALSE","FALSE","6.46244820796815","4.28621781049251","2.17623039747564","0.444","0.04","0.038","1,3,5,6,90,91,94",0.0333634016507527,FALSE,0,0,2,3,7,0,7,0,0.583333333333333
"S.EB.b",40,60,0.33,"FALSE","FALSE","FALSE","7.60906317599013","4.20233589626037","3.40672727972976","0.904","0.041","0.038","2,4,6,71,80,89,90,91,92",0.0372833919225399,FALSE,2,0,3,2,9,2,7,0.222222222222222,0.583333333333333
"S.EB.b",41,60,0.33,"FALSE","FALSE","FALSE","7.27169691388432","3.30772480462439","3.96397210925993","0.61","0.042","0.038","1,6,54,90,91,93,94,97",0.043644127540255,FALSE,1,1,4,2,8,2,6,0.25,0.5
"S.EB.b",42,60,0.33,"FALSE","FALSE","FALSE","6.02409814684072","4.57735545793952","1.44674268890119","0.561","0.043","0.041","1,3,5,6,91,94",0.0490794575947574,FALSE,0,0,2,4,6,0,6,0,0.5
"S.EB.b",43,60,0.33,"FALSE","FALSE","FALSE","7.82209064061087","4.12732650208076","3.6947641385301","1.013","0.042","0.044","2,4,6,9,89,90,91,93,94",0.0317078986138871,FALSE,1,0,3,1,9,1,8,0.111111111111111,0.666666666666667
"S.EB.b",44,60,0.33,"FALSE","FALSE","FALSE","8.30306050247649","4.54906893589042","3.75399156658607","0.701","0.04","0.037","2,4,6,27,56,89,90,91,92",0.0381560047125228,FALSE,2,0,3,2,9,2,7,0.222222222222222,0.583333333333333
"S.EB.b",45,60,0.33,"FALSE","FALSE","FALSE","6.99039321274733","3.84410763177122","3.14628558097611","0.724","0.047","0.039","15,34,54,78,89,90,91,93,101",0.0944004055541102,FALSE,4,1,6,2,9,5,4,0.555555555555556,0.333333333333333
"S.EB.b",46,60,0.33,"FALSE","FALSE","FALSE","8.48997921910933","3.44426357317747","5.04571564593187","0.448","0.038","0.034","1,2,3,4,6,90,91,92,93,94,95",0.0107470944100317,FALSE,0,1,1,1,11,1,10,0.0909090909090909,0.833333333333333
"S.EB.b",47,60,0.33,"FALSE","FALSE","FALSE","6.75910773565127","4.36339033745596","2.39571739819531","0.621","0.042","0.039","1,4,14,17,49,89,90,91,93,94",0.0432440429019354,FALSE,3,0,4,1,10,3,7,0.3,0.583333333333333
"S.EB.b",48,60,0.33,"FALSE","FALSE","FALSE","7.10305986938961","4.36031086920865","2.74274900018096","0.408","0.04","0.037","1,3,5,6,90,91,94,101",0.0368719993268924,FALSE,0,1,2,3,8,1,7,0.125,0.583333333333333
"S.EB.b",49,60,0.33,"FALSE","FALSE","FALSE","7.49380785902396","4.72000868071685","2.77379917830711","0.498","0.039","0.034","2,3,4,5,6,90,91,92,94",0.0119320760071797,FALSE,0,0,1,2,9,0,9,0,0.75
"S.EB.b",5,60,0.33,"FALSE","FALSE","FALSE","7.37977271205197","3.70611468627071","3.67365802578126","0.494","0.041","0.039","3,5,6,90,91,94,101",0.0473672646141882,FALSE,0,1,3,3,7,1,6,0.142857142857143,0.5
"S.EB.b",50,60,0.33,"FALSE","FALSE","FALSE","6.01727941678245","3.98202047624759","2.03525894053487","0.823","0.044","0.044","9,15,17,31,67,89,90,93",0.115002927101739,FALSE,5,0,6,3,8,5,3,0.625,0.25
"S.EB.b",51,60,0.33,"FALSE","FALSE","FALSE","7.31379126843324","4.06901023722496","3.24478103120828","0.612","0.04","0.036","2,4,5,6,79,90,91,92,94,99",0.0198917481286425,FALSE,1,1,2,2,10,2,8,0.2,0.666666666666667
"S.EB.b",52,60,0.33,"FALSE","FALSE","FALSE","8.30238737343189","5.3135851156165","2.9888022578154","0.363","0.039","0.036","2,3,4,5,6,91,92,94",0.0191517509271915,FALSE,0,0,1,3,8,0,8,0,0.666666666666667
"S.EB.b",53,60,0.33,"FALSE","FALSE","FALSE","7.54863388891522","4.47469219892978","3.07394168998544","0.757","0.042","0.041","2,4,6,26,29,69,90,91,92,94",0.0335648919426676,FALSE,3,0,3,2,10,3,7,0.3,0.583333333333333
"S.EB.b",54,60,0.33,"FALSE","FALSE","FALSE","6.77864443173906","4.02092014630802","2.75772428543104","0.422","0.038","0.031","3,4,5,6,91,92,94",0.0230518549119364,FALSE,0,0,2,3,7,0,7,0,0.583333333333333
"S.EB.b",55,60,0.33,"FALSE","FALSE","FALSE","8.6477532739774","4.64270305641229","4.00505021756511","0.438","0.042","0.04","2,3,4,5,6,90,91,92,95",0.0228827119452828,FALSE,0,1,1,3,9,1,8,0.111111111111111,0.666666666666667
"S.EB.b",56,60,0.33,"FALSE","FALSE","FALSE","6.40312113798506","4.09842899562423","2.30469214236082","0.897","0.043","0.04","2,3,4,6,91,92,93,94",0.0200914916853972,FALSE,0,0,2,2,8,0,8,0,0.666666666666667
"S.EB.b",57,60,0.33,"FALSE","FALSE","FALSE","8.2250357213077","5.1908772411025","3.0341584802052","0.567","0.042","0.042","2,3,4,5,6,35,36,90,91,92,94",0.0140127106887196,FALSE,2,0,1,2,11,2,9,0.181818181818182,0.75
"S.EB.b",58,60,0.33,"FALSE","FALSE","FALSE","8.71024556671154","4.0444316349571","4.66581393175444","0.566","0.039","0.039","2,4,6,87,90,91,92,93,94,95",0.025121677212798,FALSE,1,1,3,1,10,2,8,0.2,0.666666666666667
"S.EB.b",59,60,0.33,"FALSE","FALSE","FALSE","6.50049370103397","4.28422934564658","2.21626435538739","0.438","0.041","0.033","3,4,5,6,27,33,91,92,94",0.024422314674852,FALSE,2,0,2,3,9,2,7,0.222222222222222,0.583333333333333
"S.EB.b",6,60,0.33,"FALSE","FALSE","FALSE","7.48530180532736","4.23675664904662","3.24854515628074","0.618","0.041","0.041","2,4,6,12,90,91,92,93,95",0.0301135282994393,FALSE,1,1,3,2,9,2,7,0.222222222222222,0.583333333333333
"S.EB.b",60,60,0.33,"FALSE","FALSE","FALSE","7.08337950151827","3.8786048553035","3.20477464621477","0.651","0.045","0.035","3,4,5,6,90,91,92,94,95",0.0159791847328352,FALSE,0,1,2,2,9,1,8,0.111111111111111,0.666666666666667
"S.EB.b",61,60,0.33,"FALSE","FALSE","FALSE","6.76863402607811","4.60456329545055","2.16407073062756","0.592","0.04","0.036","1,3,4,5,6,91,92,94",0.0188734991303728,FALSE,0,0,1,3,8,0,8,0,0.666666666666667
"S.EB.b",62,60,0.33,"FALSE","FALSE","FALSE","6.97951529705251","4.79689635028742","2.18261894676509","0.378","0.038","0.032","1,3,4,5,6,90,91,92,94",0.0169052026125855,FALSE,0,0,1,2,9,0,9,0,0.75
"S.EB.b",63,60,0.33,"FALSE","FALSE","FALSE","7.36725171761795","4.00789364774876","3.35935806986919","0.919","0.04","0.036","15,28,37,52,54,65,84,88,89,90,92,93,94",0.085361300664886,FALSE,8,0,6,1,13,8,5,0.615384615384615,0.416666666666667
"S.EB.b",64,60,0.33,"FALSE","FALSE","FALSE","8.17306012115498","4.68450609825934","3.48855402289564","0.608","0.039","0.038","2,4,6,7,87,90,91,92,93",0.03841873857807,FALSE,2,0,3,2,9,2,7,0.222222222222222,0.583333333333333
"S.EB.b",65,60,0.33,"FALSE","FALSE","FALSE","6.75113802312671","4.17746169480476","2.57367632832195","0.688","0.04","0.037","1,4,6,13,27,66,90,91,92,95",0.0453617278532538,FALSE,3,1,3,3,10,4,6,0.4,0.5
"S.EB.b",66,60,0.33,"FALSE","FALSE","FALSE","7.35561407667733","5.35049919958078","2.00511487709655","0.906","0.047","0.038","4,6,17,20,27,33,90,91,92",0.0469681215018405,FALSE,4,0,4,3,9,4,5,0.444444444444444,0.416666666666667
"S.EB.b",67,60,0.33,"FALSE","FALSE","FALSE","6.64726910216988","4.22845803973039","2.41881106243949","0.962","0.046","0.044","2,4,6,9,87,89,90,92,93,94",0.0360747709110848,FALSE,2,0,3,1,10,2,8,0.2,0.666666666666667
"S.EB.b",68,60,0.33,"FALSE","FALSE","FALSE","8.16788214276145","4.89474555977899","3.27313658298246","0.816","0.039","0.037","2,4,6,19,21,30,46,90,91,93,94",0.0462398039496471,FALSE,4,0,3,2,11,4,7,0.363636363636364,0.583333333333333
"S.EB.b",69,60,0.33,"FALSE","FALSE","FALSE","6.99558737828588","4.0225432173534","2.97304416093248","0.866","0.043","0.039","2,4,6,91,92,94,96,101",0.0499517053345993,FALSE,0,2,3,3,8,2,6,0.25,0.5
"S.EB.b",7,60,0.33,"FALSE","FALSE","FALSE","7.43110251099951","4.09002711518793","3.34107539581159","0.578","0.039","0.037","2,3,4,6,90,91,92,93,94",0.0101874029720063,FALSE,0,0,2,1,9,0,9,0,0.75
"S.EB.b",70,60,0.33,"FALSE","FALSE","FALSE","7.49514547205651","2.90358018001165","4.59156529204486","0.671","0.04","0.037","2,6,90,91,92,93,94,96",0.0291578450218981,FALSE,0,1,4,1,8,1,7,0.125,0.583333333333333
"S.EB.b",71,60,0.33,"FALSE","FALSE","FALSE","7.20419276282858","4.14309770295165","3.06109505987692","0.619","0.045","0.037","2,4,6,89,90,91,92,93,94",0.0138640905844197,FALSE,0,0,3,0,9,0,9,0,0.75
"S.EB.b",72,60,0.33,"FALSE","FALSE","FALSE","7.67028372704195","4.25671946115332","3.41356426588863","0.435","0.037","0.033","2,3,4,6,90,91,92,93,94",0.00904858536688773,FALSE,0,0,2,1,9,0,9,0,0.75
"S.EB.b",73,60,0.33,"FALSE","FALSE","FALSE","8.44721701275109","5.02349442522303","3.42372258752806","0.844","0.041","0.046","1,2,3,4,6,81,90,91,92,93,94",0.0114135026263469,FALSE,1,0,1,1,11,1,10,0.0909090909090909,0.833333333333333
"S.EB.b",74,60,0.33,"FALSE","FALSE","FALSE","7.70649661580111","4.64959898819029","3.05689762761082","0.545","0.042","0.035","2,3,4,6,38,42,72,91,92,94",0.0288496068860077,FALSE,3,0,2,3,10,3,7,0.3,0.583333333333333
"S.EB.b",75,60,0.33,"FALSE","FALSE","FALSE","7.14367853456978","4.24316603880149","2.90051249576829","0.72","0.046","0.041","2,4,10,40,91,92,95",0.0725035327722915,FALSE,2,1,4,4,7,3,4,0.428571428571429,0.333333333333333
"S.EB.b",76,60,0.33,"FALSE","FALSE","FALSE","6.30586756618299","3.91789827077805","2.38796929540494","0.69","0.04","0.035","2,4,6,90,91,92,93,94",0.0147661127019777,FALSE,0,0,3,1,8,0,8,0,0.666666666666667
"S.EB.b",77,60,0.33,"FALSE","FALSE","FALSE","7.44695798473749","3.90139731053018","3.54556067420731","0.518","0.046","0.042","2,3,5,6,90,91,92,94,101",0.0239326904784847,FALSE,0,1,2,2,9,1,8,0.111111111111111,0.666666666666667
"S.EB.b",78,60,0.33,"FALSE","FALSE","FALSE","8.97307523950242","5.08549749592359","3.88757774357884","0.621","0.042","0.039","1,2,3,4,5,6,89,90,91,92,94,96",0.00984341579268827,FALSE,0,1,0,1,12,1,11,0.0833333333333333,0.916666666666667
"S.EB.b",79,60,0.33,"FALSE","FALSE","FALSE","6.35137924020795","4.53970889572376","1.81167034448419","0.995","0.043","0.044","6,17,38,42,52,87,92,93,95",0.0859522885543924,FALSE,5,1,5,4,9,6,3,0.666666666666667,0.25
"S.EB.b",8,60,0.33,"FALSE","FALSE","FALSE","7.79470763103976","3.65648806663774","4.13821956440202","0.431","0.041","0.035","2,4,6,89,90,91,92,93,94",0.0219993348997521,FALSE,0,0,3,0,9,0,9,0,0.75
"S.EB.b",80,60,0.33,"FALSE","FALSE","FALSE","8.92668787848994","4.73959542565233","4.18709245283761","0.551","0.039","0.044","1,2,6,69,88,89,90,91,93,94",0.0335390772411877,FALSE,2,0,3,1,10,2,8,0.2,0.666666666666667
"S.EB.b",81,60,0.33,"FALSE","FALSE","FALSE","7.21386210601281","4.07718877780679","3.13667332820602","0.621","0.039","0.033","1,2,4,6,23,90,91,92,93,94",0.0153064151746217,FALSE,1,0,2,1,10,1,9,0.1,0.75
"S.EB.b",82,60,0.33,"FALSE","FALSE","FALSE","7.33222099693594","4.28262945054581","3.04959154639013","0.816","0.04","0.037","2,4,6,27,63,90,91,92,93,94",0.0198460878774849,FALSE,2,0,3,1,10,2,8,0.2,0.666666666666667
"S.EB.b",83,60,0.33,"FALSE","FALSE","FALSE","7.22999070776366","4.70816868883979","2.52182201892387","0.73","0.038","0.038","3,4,6,50,64,69,72,90,91,92",0.0442576185353745,FALSE,4,0,3,3,10,4,6,0.4,0.5
"S.EB.b",84,60,0.33,"FALSE","FALSE","FALSE","7.53181497612901","4.2989799622485","3.23283501388051","0.789","0.039","0.038","2,3,4,6,29,35,39,91,92,93,94",0.029506690109083,FALSE,3,0,2,2,11,3,8,0.272727272727273,0.666666666666667
"S.EB.b",85,60,0.33,"FALSE","FALSE","FALSE","7.39543255707239","3.86507561994441","3.53035693712799","0.803","0.046","0.041","2,4,6,81,90,91,92,95,98",0.0378181892519724,FALSE,1,2,3,3,9,3,6,0.333333333333333,0.5
"S.EB.b",86,60,0.33,"FALSE","FALSE","FALSE","6.91362716211749","4.34900619958883","2.56462096252866","0.873","0.041","0.041","4,6,7,78,85,89,90,91,93,94",0.0445873339569247,FALSE,3,0,4,1,10,3,7,0.3,0.583333333333333
"S.EB.b",87,60,0.33,"FALSE","FALSE","FALSE","9.05698909766161","5.48388000537516","3.57310909228645","0.751","0.04","0.041","2,3,4,6,34,43,48,59,90,91,92,93",0.0241932577585502,FALSE,4,0,2,2,12,4,8,0.333333333333333,0.666666666666667
"S.EB.b",88,60,0.33,"FALSE","FALSE","FALSE","6.87532448314102","4.10429449635785","2.77102998678317","0.65","0.04","0.037","3,5,6,90,91,92,93,94,95,101",0.0274781803490184,FALSE,0,2,3,1,10,2,8,0.2,0.666666666666667
"S.EB.b",89,60,0.33,"FALSE","FALSE","FALSE","6.86785676892216","4.14114021426452","2.72671655465764","0.896","0.042","0.038","2,4,6,91,92,94,95,96",0.0440746561375769,FALSE,0,2,3,3,8,2,6,0.25,0.5
"S.EB.b",9,60,0.33,"FALSE","FALSE","FALSE","6.92082557030055","4.60560708430782","2.31521848599274","0.619","0.041","0.039","1,3,6,18,21,84,91,93,94",0.0512015176984456,FALSE,3,0,3,3,9,3,6,0.333333333333333,0.5
"S.EB.b",90,60,0.33,"FALSE","FALSE","FALSE","6.60490908205979","4.62731073177069","1.97759835028909","0.795","0.044","0.042","3,4,6,51,63,91,93,94",0.0350610937719967,FALSE,2,0,3,3,8,2,6,0.25,0.5
"S.EB.b",91,60,0.33,"FALSE","FALSE","FALSE","7.59512904358215","5.47767754323101","2.11745150035114","0.817","0.055","0.052","3,4,6,13,30,38,91,92",0.0515219621909765,FALSE,3,0,3,4,8,3,5,0.375,0.416666666666667
"S.EB.b",92,60,0.33,"FALSE","FALSE","FALSE","8.53432333438351","3.91126473907022","4.62305859531329","0.847","0.062","0.056","2,3,4,6,90,91,92,93,94",0.010231930163075,FALSE,0,0,2,1,9,0,9,0,0.75
"S.EB.b",93,60,0.33,"FALSE","FALSE","FALSE","8.15307926679132","3.74848887187638","4.40459039491494","0.871","0.062","0.064","2,4,6,47,89,90,91,92,93",0.0357038352456392,FALSE,1,0,3,1,9,1,8,0.111111111111111,0.666666666666667
"S.EB.b",94,60,0.33,"FALSE","FALSE","FALSE","7.99285278442047","5.8449800947791","2.14787268964137","1.758","0.068","0.072","4,6,7,68,83,90,91,92,93,97",0.0456611587785546,FALSE,3,1,4,2,10,4,6,0.4,0.5
"S.EB.b",95,60,0.33,"FALSE","FALSE","FALSE","6.14848794519517","3.65469578997665","2.49379215521852","0.775","0.064","0.051","1,3,4,5,6,91,94,96,97",0.0546991168339218,FALSE,0,2,1,4,9,2,7,0.222222222222222,0.583333333333333
"S.EB.b",96,60,0.33,"FALSE","FALSE","FALSE","6.55564690983405","4.42104740162882","2.13459950820523","0.682","0.053","0.046","1,3,4,5,6,91,94",0.0338523125326763,FALSE,0,0,1,4,7,0,7,0,0.583333333333333
"S.EB.b",97,60,0.33,"FALSE","FALSE","FALSE","5.76786220066663","3.39579905391258","2.37206314675405","0.535","0.048","0.038","2,4,6,91,92,94,95",0.0333909605410982,FALSE,0,1,3,3,7,1,6,0.142857142857143,0.5
"S.EB.b",98,60,0.33,"FALSE","FALSE","FALSE","7.50389728403493","4.24422436541938","3.25967291861555","0.648","0.043","0.044","2,3,4,6,45,90,91,92,93,94",0.0145687995616087,FALSE,1,0,2,1,10,1,9,0.1,0.75
"S.EB.b",99,60,0.33,"FALSE","FALSE","FALSE","6.26877261999928","2.62569054649788","3.6430820735014","0.865","0.044","0.043","1,49,73,89,90,91,93,94,101",0.0670039923582683,FALSE,2,1,5,1,9,3,6,0.333333333333333,0.5
"scad.cv",1,60,0.33,"FALSE","FALSE","FALSE","7.92146773762587","5.11259324699358","2.80887449063228","0.619","0.046","0.037","2,3,4,6,38,39,59,80,86,91,92,94",0.0408797610255532,FALSE,5,0,2,3,12,5,7,0.416666666666667,0.583333333333333
"scad.cv",10,60,0.33,"FALSE","FALSE","FALSE","7.11448120957385","4.49312433577168","2.62135687380217","0.599","0.04","0.038","1,3,4,5,6,90,91,94",0.029617175483299,FALSE,0,0,1,3,8,0,8,0,0.666666666666667
"scad.cv",100,60,0.33,"FALSE","FALSE","FALSE","8.25525176371019","3.93574523445863","4.31950652925156","1.144","0.049","0.043","1,3,4,5,6,12,22,76,90,91,94",0.0352595168698242,FALSE,3,0,1,3,11,3,8,0.272727272727273,0.666666666666667
"scad.cv",11,60,0.33,"FALSE","FALSE","FALSE","7.38314656627843","4.38826272681847","2.99488383945995","0.601","0.042","0.044","1,2,3,4,5,6,19,31,40,44,46,49,55,59,60,68,69,73,76,84,90,91,92,93,94,95",0.0166392676148044,FALSE,14,1,0,1,26,15,11,0.576923076923077,0.916666666666667
"scad.cv",12,60,0.33,"FALSE","FALSE","FALSE","7.02775397475792","3.94614561185166","3.08160836290626","0.866","0.044","0.042","6,9,15,35,36,49,78,82,89,90,93,97,100,101",0.123386978858997,FALSE,7,3,5,3,14,10,4,0.714285714285714,0.333333333333333
"scad.cv",13,60,0.33,"FALSE","FALSE","FALSE","7.37387036183713","3.91816036554668","3.45570999629045","0.526","0.038","0.032","3,4,5,6,90,91,92,94,99",0.0344131690800538,FALSE,0,1,2,2,9,1,8,0.111111111111111,0.666666666666667
"scad.cv",14,60,0.33,"FALSE","FALSE","FALSE","7.75537871314769","4.37010180833282","3.38527690481486","0.401","0.04","0.04","1,3,5,6,90,91,94",0.0430425917487349,FALSE,0,0,2,3,7,0,7,0,0.583333333333333
"scad.cv",15,60,0.33,"FALSE","FALSE","FALSE","6.55940297592495","4.13167850419267","2.42772447173229","0.44","0.039","0.036","3,4,5,6,10,14,17,19,40,46,59,60,64,88,89,90,91,92,93,94",0.0226329108487956,FALSE,10,0,2,0,20,10,10,0.5,0.833333333333333
"scad.cv",16,60,0.33,"FALSE","FALSE","FALSE","7.24662341157891","4.28794725567266","2.95867615590625","0.55","0.038","0.036","3,4,5,6,76,90,91,94,101",0.049712349841324,FALSE,1,1,2,3,9,2,7,0.222222222222222,0.583333333333333
"scad.cv",17,60,0.33,"FALSE","FALSE","FALSE","6.68886371074631","4.23569187311473","2.45317183763158","0.321","0.039","0.035","6,7,15,19,24,31,86,91,92,95",0.132383565783537,FALSE,6,1,5,4,10,7,3,0.7,0.25
"scad.cv",18,60,0.33,"FALSE","FALSE","FALSE","8.89101765352414","5.71244394859626","3.17857370492788","0.911","0.045","0.044","2,3,4,5,6,8,18,28,32,49,62,63,66,68,69,73,77,91,93,94,100",0.0804330338008124,FALSE,12,1,1,3,21,13,8,0.619047619047619,0.666666666666667
"scad.cv",19,60,0.33,"FALSE","FALSE","FALSE","6.08760126811162","4.14890749326479","1.93869377484683","0.931","0.044","0.041","4,7,15,19,60,86,90,91,92,96,100",0.0998555851369462,FALSE,5,2,5,3,11,7,4,0.636363636363636,0.333333333333333
"scad.cv",2,60,0.33,"FALSE","FALSE","FALSE","6.66521788511765","4.01099303187213","2.65422485324551","0.667","0.04","0.037","2,4,6,7,19,40,49,60,70,75,91,92",0.0788148750546568,FALSE,7,0,3,4,12,7,5,0.583333333333333,0.416666666666667
"scad.cv",20,60,0.33,"FALSE","FALSE","FALSE","6.99776995089225","3.33096513013545","3.6668048207568","0.817","0.039","0.037","2,3,4,6,48,81,90,91,92,93",0.0255328542560221,FALSE,2,0,2,2,10,2,8,0.2,0.666666666666667
"scad.cv",21,60,0.33,"FALSE","FALSE","FALSE","8.01518581175803","4.57568620812725","3.43949960363077","0.532","0.043","0.037","1,3,4,5,6,19,22,31,45,46,56,59,61,76,82,86,90,91,92,93,94,101",0.0271033134984154,FALSE,11,1,1,1,22,12,10,0.545454545454545,0.833333333333333
"scad.cv",22,60,0.33,"FALSE","FALSE","FALSE","6.61442225344063","3.12571479710961","3.48870745633102","0.699","0.039","0.034","2,3,4,6,70,84,89,90,91,92,93,94,100",0.0315376918679017,FALSE,2,1,2,0,13,3,10,0.230769230769231,0.833333333333333
"scad.cv",23,60,0.33,"FALSE","FALSE","FALSE","6.34612155615231","4.07048843043213","2.27563312572019","0.745","0.039","0.043","1,2,3,4,5,6,15,22,30,31,40,43,49,56,68,78,88,90,91,92,93,94,95,100",0.0203022839035612,FALSE,11,2,0,1,24,13,11,0.541666666666667,0.916666666666667
"scad.cv",24,60,0.33,"FALSE","FALSE","FALSE","6.37914171279924","3.82910672680771","2.55003498599153","1.03","0.044","0.039","1,2,7,15,22,49,52,55,59,66,91,95,100",0.175598840515406,FALSE,8,2,4,5,13,10,3,0.769230769230769,0.25
"scad.cv",25,60,0.33,"FALSE","FALSE","FALSE","6.87325512236198","3.58681512246174","3.28643999990023","0.725","0.04","0.039","2,7,15,31,54,78,88,89,90,93,99,101",0.116469789092328,FALSE,6,2,5,3,12,8,4,0.666666666666667,0.333333333333333
"scad.cv",26,60,0.33,"FALSE","FALSE","FALSE","5.91436961999975","3.50895508819633","2.40541453180342","0.79","0.041","0.035","1,3,4,5,6,10,19,22,31,46,49,61,68,69,90,92,93,94,100",0.0298089014103724,FALSE,9,1,1,2,19,10,9,0.526315789473684,0.75
"scad.cv",27,60,0.33,"FALSE","FALSE","FALSE","7.01856893285564","2.77953477293825","4.23903415991739","0.847","0.042","0.042","1,2,6,9,15,18,28,49,52,85,88,89,90,91,92,93,94,96,100",0.0615733598605203,FALSE,8,2,3,0,19,10,9,0.526315789473684,0.75
"scad.cv",28,60,0.33,"FALSE","FALSE","FALSE","6.36021940819683","3.78912293035946","2.57109647783737","0.762","0.043","0.037","4,19,29,49,60,62,65,90,91,92,98",0.0811025944844117,FALSE,6,1,5,3,11,7,4,0.636363636363636,0.333333333333333
"scad.cv",29,60,0.33,"FALSE","FALSE","FALSE","7.21845051452529","4.37038687355841","2.84806364096687","0.704","0.039","0.035","2,3,4,6,7,19,20,64,80,90,91,92",0.0373659397101729,FALSE,5,0,2,3,12,5,7,0.416666666666667,0.583333333333333
"scad.cv",3,60,0.33,"FALSE","FALSE","FALSE","7.38501271109967","4.32991625558546","3.05509645551421","0.932","0.04","0.04","3,4,6,14,15,19,45,49,80,91,92",0.0792285755706545,FALSE,6,0,3,4,11,6,5,0.545454545454545,0.416666666666667
"scad.cv",30,60,0.33,"FALSE","FALSE","FALSE","6.33905688419411","4.62388976584143","1.71516711835268","0.978","0.042","0.035","6,10,14,17,19,44,49,52,59,68,78,92,100",0.12140350628278,FALSE,10,1,5,5,13,11,2,0.846153846153846,0.166666666666667
"scad.cv",31,60,0.33,"FALSE","FALSE","FALSE","8.78584098758838","3.70310677706521","5.08273421052317","0.462","0.041","0.036","2,6,9,84,90,91,93,94",0.104319293667879,FALSE,2,0,4,2,8,2,6,0.25,0.5
"scad.cv",32,60,0.33,"FALSE","FALSE","FALSE","6.80077245393039","3.65753322200131","3.14323923192908","0.806","0.047","0.044","2,4,13,20,34,55,64,70,90,91,92,93",0.0529878294077821,FALSE,6,0,4,2,12,6,6,0.5,0.5
"scad.cv",33,60,0.33,"FALSE","FALSE","FALSE","7.04535665500076","4.91619954164221","2.12915711335855","0.431","0.044","0.043","1,3,5,6,14,76,91,94",0.0440307748181857,FALSE,2,0,2,4,8,2,6,0.25,0.5
"scad.cv",34,60,0.33,"FALSE","FALSE","FALSE","7.29119663446422","4.17839945440326","3.11279718006096","0.824","0.042","0.042","2,4,6,27,40,56,64,68,90,91,92",0.0482704813407153,FALSE,5,0,3,3,11,5,6,0.454545454545455,0.5
"scad.cv",35,60,0.33,"FALSE","FALSE","FALSE","7.20816000015243","4.5953448523878","2.61281514776463","0.523","0.041","0.033","1,3,4,5,6,88,90,91,94,101",0.0477422636201384,FALSE,1,1,1,3,10,2,8,0.2,0.666666666666667
"scad.cv",36,60,0.33,"FALSE","FALSE","FALSE","6.60140438238692","2.24496565603026","4.35643872635666","0.993","0.042","0.042","35,42,78,89,90,91,93,101",0.100755324651516,FALSE,3,1,6,2,8,4,4,0.5,0.333333333333333
"scad.cv",37,60,0.33,"FALSE","FALSE","FALSE","8.52983399965805","5.17946321324046","3.35037078641759","0.628","0.045","0.035","2,3,4,6,7,19,39,90,91,92",0.0420747031565782,FALSE,3,0,2,3,10,3,7,0.3,0.583333333333333
"scad.cv",38,60,0.33,"FALSE","FALSE","FALSE","6.76088755119659","3.78833736034614","2.97255019085045","0.756","0.039","0.036","3,4,6,7,19,54,60,65,66,71,90,91,92,97",0.069294884601531,FALSE,7,1,3,3,14,8,6,0.571428571428571,0.5
"scad.cv",39,60,0.33,"FALSE","FALSE","FALSE","7.03827557542919","4.25647412593999","2.78180144948921","0.958","0.04","0.037","2,4,6,10,27,29,30,41,56,90,91,92,93",0.0487017165727066,FALSE,6,0,3,2,13,6,7,0.461538461538462,0.583333333333333
"scad.cv",4,60,0.33,"FALSE","FALSE","FALSE","6.46244820796815","4.28621781049251","2.17623039747564","0.444","0.04","0.038","1,3,4,5,6,17,19,31,36,40,46,52,59,73,78,89,90,91,92,93,94,95",0.0296080690533146,FALSE,10,1,1,0,22,11,11,0.5,0.916666666666667
"scad.cv",40,60,0.33,"FALSE","FALSE","FALSE","7.60906317599013","4.20233589626037","3.40672727972976","0.904","0.041","0.038","2,4,6,27,38,64,71,89,90,91,92",0.0327702628222975,FALSE,4,0,3,2,11,4,7,0.363636363636364,0.583333333333333
"scad.cv",41,60,0.33,"FALSE","FALSE","FALSE","7.27169691388432","3.30772480462439","3.96397210925993","0.61","0.042","0.038","1,6,7,9,15,17,19,25,31,36,40,54,84,90,91,93",0.0922203931114056,FALSE,11,0,4,3,16,11,5,0.6875,0.416666666666667
"scad.cv",42,60,0.33,"FALSE","FALSE","FALSE","6.02409814684072","4.57735545793952","1.44674268890119","0.561","0.043","0.041","1,3,5,6,23,37,72,90,91",0.087268778126208,FALSE,3,0,2,4,9,3,6,0.333333333333333,0.5
"scad.cv",43,60,0.33,"FALSE","FALSE","FALSE","7.82209064061087","4.12732650208076","3.6947641385301","1.013","0.042","0.044","1,3,4,5,6,32,33,76,90,91,94,98",0.0433853123944384,FALSE,3,1,1,3,12,4,8,0.333333333333333,0.666666666666667
"scad.cv",44,60,0.33,"FALSE","FALSE","FALSE","8.30306050247649","4.54906893589042","3.75399156658607","0.701","0.04","0.037","2,3,4,6,7,19,27,31,32,56,60,89,90,91,92,95",0.0719530836263932,FALSE,7,1,2,2,16,8,8,0.5,0.666666666666667
"scad.cv",45,60,0.33,"FALSE","FALSE","FALSE","6.99039321274733","3.84410763177122","3.14628558097611","0.724","0.047","0.039","1,2,4,6,11,13,66,80,81,91,92,95,97",0.0497129712366362,FALSE,5,2,2,4,13,7,6,0.538461538461538,0.5
"scad.cv",46,60,0.33,"FALSE","FALSE","FALSE","8.48997921910933","3.44426357317747","5.04571564593187","0.448","0.038","0.034","2,4,6,14,90,91,92,93,94,99",0.0211450482083856,FALSE,1,1,3,1,10,2,8,0.2,0.666666666666667
"scad.cv",47,60,0.33,"FALSE","FALSE","FALSE","6.75910773565127","4.36339033745596","2.39571739819531","0.621","0.042","0.039","2,3,4,6,7,17,41,89,90,91,92,93,97",0.0517553580355133,FALSE,3,1,2,1,13,4,9,0.307692307692308,0.75
"scad.cv",48,60,0.33,"FALSE","FALSE","FALSE","7.10305986938961","4.36031086920865","2.74274900018096","0.408","0.04","0.037","1,3,4,5,6,90,91,94,101",0.0449400102089501,FALSE,0,1,1,3,9,1,8,0.111111111111111,0.666666666666667
"scad.cv",49,60,0.33,"FALSE","FALSE","FALSE","7.49380785902396","4.72000868071685","2.77379917830711","0.498","0.039","0.034","1,2,3,4,5,6,90,91,94",0.0412236649038866,FALSE,0,0,0,3,9,0,9,0,0.75
"scad.cv",5,60,0.33,"FALSE","FALSE","FALSE","7.37977271205197","3.70611468627071","3.67365802578126","0.494","0.041","0.039","1,3,5,6,63,90,91,94,101",0.0530265244633193,FALSE,1,1,2,3,9,2,7,0.222222222222222,0.583333333333333
"scad.cv",50,60,0.33,"FALSE","FALSE","FALSE","6.01727941678245","3.98202047624759","2.03525894053487","0.823","0.044","0.044","1,3,4,5,6,8,9,10,17,19,22,31,36,49,56,73,76,84,89,90,91,92,93,94,100",0.0283386266306474,FALSE,13,1,1,0,25,14,11,0.56,0.916666666666667
"scad.cv",51,60,0.33,"FALSE","FALSE","FALSE","7.31379126843324","4.06901023722496","3.24478103120828","0.612","0.04","0.036","1,2,3,4,5,6,79,90,91,94,99",0.0391705290978192,FALSE,1,1,0,3,11,2,9,0.181818181818182,0.75
"scad.cv",52,60,0.33,"FALSE","FALSE","FALSE","8.30238737343189","5.3135851156165","2.9888022578154","0.363","0.039","0.036","2,3,4,5,6,19,45,48,81,91,92,94",0.0441845559113866,FALSE,4,0,1,3,12,4,8,0.333333333333333,0.666666666666667
"scad.cv",53,60,0.33,"FALSE","FALSE","FALSE","7.54863388891522","4.47469219892978","3.07394168998544","0.757","0.042","0.041","1,2,3,4,6,8,19,28,34,40,45,59,60,67,68,69,73,76,90,91,92,93,94",0.022493838603235,FALSE,13,0,1,1,23,13,10,0.565217391304348,0.833333333333333
"scad.cv",54,60,0.33,"FALSE","FALSE","FALSE","6.77864443173906","4.02092014630802","2.75772428543104","0.422","0.038","0.031","1,3,4,5,6,85,91,94,101",0.0448749799071931,FALSE,1,1,1,4,9,2,7,0.222222222222222,0.583333333333333
"scad.cv",55,60,0.33,"FALSE","FALSE","FALSE","8.6477532739774","4.64270305641229","4.00505021756511","0.438","0.042","0.04","2,3,4,6,24,90,91,92,95",0.0400882476964296,FALSE,1,1,2,3,9,2,7,0.222222222222222,0.583333333333333
"scad.cv",56,60,0.33,"FALSE","FALSE","FALSE","6.40312113798506","4.09842899562423","2.30469214236082","0.897","0.043","0.04","1,2,3,4,5,6,19,27,31,34,46,49,60,68,69,73,76,91,92,93,94,95,100",0.0308313741381813,FALSE,11,2,0,2,23,13,10,0.565217391304348,0.833333333333333
"scad.cv",57,60,0.33,"FALSE","FALSE","FALSE","8.2250357213077","5.1908772411025","3.0341584802052","0.567","0.042","0.042","2,3,4,5,6,36,38,85,91,92,94",0.0236160431215445,FALSE,3,0,1,3,11,3,8,0.272727272727273,0.666666666666667
"scad.cv",58,60,0.33,"FALSE","FALSE","FALSE","8.71024556671154","4.0444316349571","4.66581393175444","0.566","0.039","0.039","2,4,6,85,87,90,91,92,93,94,100",0.0468408461683733,FALSE,2,1,3,1,11,3,8,0.272727272727273,0.666666666666667
"scad.cv",59,60,0.33,"FALSE","FALSE","FALSE","6.50049370103397","4.28422934564658","2.21626435538739","0.438","0.041","0.033","1,3,4,5,6,63,91,94,101",0.0499791260996286,FALSE,1,1,1,4,9,2,7,0.222222222222222,0.583333333333333
"scad.cv",6,60,0.33,"FALSE","FALSE","FALSE","7.48530180532736","4.23675664904662","3.24854515628074","0.618","0.041","0.041","2,4,6,24,27,30,44,57,90,91,92,95",0.0322638773238138,FALSE,5,1,3,3,12,6,6,0.5,0.5
"scad.cv",60,60,0.33,"FALSE","FALSE","FALSE","7.08337950151827","3.8786048553035","3.20477464621477","0.651","0.045","0.035","2,4,6,7,11,16,27,42,55,59,64,66,85,90,91,92,94,95",0.0521132457280938,FALSE,10,1,3,2,18,11,7,0.611111111111111,0.583333333333333
"scad.cv",61,60,0.33,"FALSE","FALSE","FALSE","6.76863402607811","4.60456329545055","2.16407073062756","0.592","0.04","0.036","3,4,6,19,42,44,52,66,90,91,92",0.0645441045594402,FALSE,5,0,3,3,11,5,6,0.454545454545455,0.5
"scad.cv",62,60,0.33,"FALSE","FALSE","FALSE","6.97951529705251","4.79689635028742","2.18261894676509","0.378","0.038","0.032","1,3,4,5,6,90,91,94",0.0482004577150577,FALSE,0,0,1,3,8,0,8,0,0.666666666666667
"scad.cv",63,60,0.33,"FALSE","FALSE","FALSE","7.36725171761795","4.00789364774876","3.35935806986919","0.919","0.04","0.036","1,4,5,6,19,22,46,49,52,68,84,88,90,91,92,93,94",0.0294094872185505,FALSE,8,0,2,1,17,8,9,0.470588235294118,0.75
"scad.cv",64,60,0.33,"FALSE","FALSE","FALSE","8.17306012115498","4.68450609825934","3.48855402289564","0.608","0.039","0.038","2,4,6,7,24,87,89,90,91,92,93",0.0377852501799054,FALSE,3,0,3,1,11,3,8,0.272727272727273,0.666666666666667
"scad.cv",65,60,0.33,"FALSE","FALSE","FALSE","6.75113802312671","4.17746169480476","2.57367632832195","0.688","0.04","0.037","1,2,3,4,6,7,13,39,45,64,91,92,95",0.0471806139355977,FALSE,5,1,1,4,13,6,7,0.461538461538462,0.583333333333333
"scad.cv",66,60,0.33,"FALSE","FALSE","FALSE","7.35561407667733","5.35049919958078","2.00511487709655","0.906","0.047","0.038","4,7,17,27,60,77,91,92,93,97",0.0924774496330495,FALSE,5,1,5,3,10,6,4,0.6,0.333333333333333
"scad.cv",67,60,0.33,"FALSE","FALSE","FALSE","6.64726910216988","4.22845803973039","2.41881106243949","0.962","0.046","0.044","2,4,6,7,10,42,44,64,87,88,89,90,91,92,93",0.0649873393300044,FALSE,7,0,3,1,15,7,8,0.466666666666667,0.666666666666667
"scad.cv",68,60,0.33,"FALSE","FALSE","FALSE","8.16788214276145","4.89474555977899","3.27313658298246","0.816","0.039","0.037","15,17,24,31,46,58,60,86,90,92,93,95",0.13729005440057,FALSE,8,1,6,3,12,9,3,0.75,0.25
"scad.cv",69,60,0.33,"FALSE","FALSE","FALSE","6.99558737828588","4.0225432173534","2.97304416093248","0.866","0.043","0.039","6,10,17,19,44,48,52,68,83,91,92,94,96",0.0885412719295422,FALSE,8,1,5,3,13,9,4,0.692307692307692,0.333333333333333
"scad.cv",7,60,0.33,"FALSE","FALSE","FALSE","7.43110251099951","4.09002711518793","3.34107539581159","0.578","0.039","0.037","1,2,3,4,6,15,71,91,92,93,94",0.0265331910868062,FALSE,2,0,1,2,11,2,9,0.181818181818182,0.75
"scad.cv",70,60,0.33,"FALSE","FALSE","FALSE","7.49514547205651","2.90358018001165","4.59156529204486","0.671","0.04","0.037","1,2,4,5,6,15,19,22,40,45,46,49,68,73,84,90,91,92,93,94,101",0.0231178659021772,FALSE,10,1,1,1,21,11,10,0.523809523809524,0.833333333333333
"scad.cv",71,60,0.33,"FALSE","FALSE","FALSE","7.20419276282858","4.14309770295165","3.06109505987692","0.619","0.045","0.037","1,2,3,4,5,6,14,51,58,72,76,90,91,92,94,101",0.0365723633153253,FALSE,5,1,0,2,16,6,10,0.375,0.833333333333333
"scad.cv",72,60,0.33,"FALSE","FALSE","FALSE","7.67028372704195","4.25671946115332","3.41356426588863","0.435","0.037","0.033","2,3,4,6,90,91,92,94",0.0333008768015308,FALSE,0,0,2,2,8,0,8,0,0.666666666666667
"scad.cv",73,60,0.33,"FALSE","FALSE","FALSE","8.44721701275109","5.02349442522303","3.42372258752806","0.844","0.041","0.046","1,2,3,4,6,30,33,48,57,77,81,86,90,91,92,93",0.0393612384393432,FALSE,7,0,1,2,16,7,9,0.4375,0.75
"scad.cv",74,60,0.33,"FALSE","FALSE","FALSE","7.70649661580111","4.64959898819029","3.05689762761082","0.545","0.042","0.035","2,3,4,5,6,83,91,92,94,96",0.0277626302488358,FALSE,1,1,1,3,10,2,8,0.2,0.666666666666667
"scad.cv",75,60,0.33,"FALSE","FALSE","FALSE","7.14367853456978","4.24316603880149","2.90051249576829","0.72","0.046","0.041","1,2,4,5,6,10,19,22,24,31,40,46,73,78,82,84,91,92,93,94,95,100",0.030932893005123,FALSE,11,2,1,2,22,13,9,0.590909090909091,0.75
"scad.cv",76,60,0.33,"FALSE","FALSE","FALSE","6.30586756618299","3.91789827077805","2.38796929540494","0.69","0.04","0.035","2,3,4,5,7,19,31,49,60,64,90,91,92",0.073483648521072,FALSE,6,0,2,3,13,6,7,0.461538461538462,0.583333333333333
"scad.cv",77,60,0.33,"FALSE","FALSE","FALSE","7.44695798473749","3.90139731053018","3.54556067420731","0.518","0.046","0.042","1,2,3,5,6,65,90,91,94,101",0.0385343616470439,FALSE,1,1,1,3,10,2,8,0.2,0.666666666666667
"scad.cv",78,60,0.33,"FALSE","FALSE","FALSE","8.97307523950242","5.08549749592359","3.88757774357884","0.621","0.042","0.039","2,4,6,27,45,89,90,91,92",0.0317903637758851,FALSE,2,0,3,2,9,2,7,0.222222222222222,0.583333333333333
"scad.cv",79,60,0.33,"FALSE","FALSE","FALSE","6.35137924020795","4.53970889572376","1.81167034448419","0.995","0.043","0.044","1,4,5,6,17,19,31,46,52,59,60,67,69,75,76,80,86,88,90,91,92,93,94,100",0.0365275151812648,FALSE,14,1,2,1,24,15,9,0.625,0.75
"scad.cv",8,60,0.33,"FALSE","FALSE","FALSE","7.79470763103976","3.65648806663774","4.13821956440202","0.431","0.041","0.035","2,4,6,76,89,90,91,92,93",0.0457397587901941,FALSE,1,0,3,1,9,1,8,0.111111111111111,0.666666666666667
"scad.cv",80,60,0.33,"FALSE","FALSE","FALSE","8.92668787848994","4.73959542565233","4.18709245283761","0.551","0.039","0.044","1,2,4,5,6,15,17,19,24,31,46,59,60,68,69,76,88,90,91,92,93,94",0.0326917277922846,FALSE,12,0,1,1,22,12,10,0.545454545454545,0.833333333333333
"scad.cv",81,60,0.33,"FALSE","FALSE","FALSE","7.21386210601281","4.07718877780679","3.13667332820602","0.621","0.039","0.033","1,2,4,6,13,23,66,70,91,92,93,94",0.0326577012500527,FALSE,4,0,2,2,12,4,8,0.333333333333333,0.666666666666667
"scad.cv",82,60,0.33,"FALSE","FALSE","FALSE","7.33222099693594","4.28262945054581","3.04959154639013","0.816","0.04","0.037","1,2,3,4,5,6,10,19,22,24,30,46,49,63,68,73,90,91,92,93,94,95",0.0218659632790293,FALSE,10,1,0,1,22,11,11,0.5,0.916666666666667
"scad.cv",83,60,0.33,"FALSE","FALSE","FALSE","7.22999070776366","4.70816868883979","2.52182201892387","0.73","0.038","0.038","1,3,4,5,6,15,50,51,72,90,91,92,94,101",0.0375366597504971,FALSE,4,1,1,2,14,5,9,0.357142857142857,0.75
"scad.cv",84,60,0.33,"FALSE","FALSE","FALSE","7.53181497612901","4.2989799622485","3.23283501388051","0.789","0.039","0.038","1,2,3,4,6,14,21,26,29,78,83,91,92,93,94,96",0.0308884570538288,FALSE,6,1,1,2,16,7,9,0.4375,0.75
"scad.cv",85,60,0.33,"FALSE","FALSE","FALSE","7.39543255707239","3.86507561994441","3.53035693712799","0.803","0.046","0.041","2,3,4,6,62,80,81,90,91,92,95,98",0.0335564233994572,FALSE,3,2,2,3,12,5,7,0.416666666666667,0.583333333333333
"scad.cv",86,60,0.33,"FALSE","FALSE","FALSE","6.91362716211749","4.34900619958883","2.56462096252866","0.873","0.041","0.041","1,2,3,4,5,6,19,24,31,40,42,46,49,68,69,76,78,84,91,92,93,94",0.032928619867032,FALSE,12,0,0,2,22,12,10,0.545454545454545,0.833333333333333
"scad.cv",87,60,0.33,"FALSE","FALSE","FALSE","9.05698909766161","5.48388000537516","3.57310909228645","0.751","0.04","0.041","2,3,4,6,7,11,13,48,59,90,91,92,94",0.0395151671556555,FALSE,5,0,2,2,13,5,8,0.384615384615385,0.666666666666667
"scad.cv",88,60,0.33,"FALSE","FALSE","FALSE","6.87532448314102","4.10429449635785","2.77102998678317","0.65","0.04","0.037","6,15,17,24,31,36,45,49,59,69,77,90,91,92,93,95,99",0.0984242087168722,FALSE,10,2,5,2,17,12,5,0.705882352941177,0.416666666666667
"scad.cv",89,60,0.33,"FALSE","FALSE","FALSE","6.86785676892216","4.14114021426452","2.72671655465764","0.896","0.042","0.038","2,3,4,6,7,19,56,60,64,91,92,95,96",0.0873970663629176,FALSE,5,2,2,4,13,7,6,0.538461538461538,0.5
"scad.cv",9,60,0.33,"FALSE","FALSE","FALSE","6.92082557030055","4.60560708430782","2.31521848599274","0.619","0.041","0.039","1,3,6,18,52,84,87,91,93,94",0.077132402615632,FALSE,4,0,3,3,10,4,6,0.4,0.5
"scad.cv",90,60,0.33,"FALSE","FALSE","FALSE","6.60490908205979","4.62731073177069","1.97759835028909","0.795","0.044","0.042","1,2,3,4,5,6,19,22,30,31,40,44,49,51,60,68,69,76,78,79,81,88,90,91,92,93,94,95",0.0299410760486714,FALSE,16,1,0,1,28,17,11,0.607142857142857,0.916666666666667
"scad.cv",91,60,0.33,"FALSE","FALSE","FALSE","7.59512904358215","5.47767754323101","2.11745150035114","0.817","0.055","0.052","3,4,6,7,13,20,38,91,92",0.0494803633623367,FALSE,4,0,3,4,9,4,5,0.444444444444444,0.416666666666667
"scad.cv",92,60,0.33,"FALSE","FALSE","FALSE","8.53432333438351","3.91126473907022","4.62305859531329","0.847","0.062","0.056","1,2,3,4,5,6,8,31,38,44,46,67,68,76,90,91,92,93,94,100",0.0163701610842978,FALSE,8,1,0,1,20,9,11,0.45,0.916666666666667
"scad.cv",93,60,0.33,"FALSE","FALSE","FALSE","8.15307926679132","3.74848887187638","4.40459039491494","0.871","0.062","0.064","2,4,6,47,89,90,91,92,93",0.0578976609633514,FALSE,1,0,3,1,9,1,8,0.111111111111111,0.666666666666667
"scad.cv",94,60,0.33,"FALSE","FALSE","FALSE","7.99285278442047","5.8449800947791","2.14787268964137","1.758","0.068","0.072","3,4,6,7,15,36,42,53,76,83,91,92",0.0537739251130733,FALSE,7,0,3,4,12,7,5,0.583333333333333,0.416666666666667
"scad.cv",95,60,0.33,"FALSE","FALSE","FALSE","6.14848794519517","3.65469578997665","2.49379215521852","0.775","0.064","0.051","1,3,4,5,6,91,92,94,96,101",0.0557839986121107,FALSE,0,2,1,3,10,2,8,0.2,0.666666666666667
"scad.cv",96,60,0.33,"FALSE","FALSE","FALSE","6.55564690983405","4.42104740162882","2.13459950820523","0.682","0.053","0.046","1,2,3,4,5,6,85,91,94",0.0438455520398491,FALSE,1,0,0,4,9,1,8,0.111111111111111,0.666666666666667
"scad.cv",97,60,0.33,"FALSE","FALSE","FALSE","5.76786220066663","3.39579905391258","2.37206314675405","0.535","0.048","0.038","1,3,4,5,6,72,91,92,94,101",0.0482997043519481,FALSE,1,1,1,3,10,2,8,0.2,0.666666666666667
"scad.cv",98,60,0.33,"FALSE","FALSE","FALSE","7.50389728403493","4.24422436541938","3.25967291861555","0.648","0.043","0.044","2,3,4,5,6,38,45,91,92,93,94",0.029254319056044,FALSE,2,0,1,2,11,2,9,0.181818181818182,0.75
"scad.cv",99,60,0.33,"FALSE","FALSE","FALSE","6.26877261999928","2.62569054649788","3.6430820735014","0.865","0.044","0.043","1,3,5,6,54,73,89,90,91,94,101",0.0452218783311864,FALSE,2,1,2,2,11,3,8,0.272727272727273,0.666666666666667
