"method","sim","n","betamin","is.true.model.intop.kappa.o","is.true.model.intop.kappa.oplusLASSO","is.s.hat.nan","s.hat","s0.hat","s1.hat","time.l0","time.lasso.cv","time.scad.cv","sel.model","est.mse","recovery","nb.tI.b0","nb.tI.b1","nb.tII.b0","nb.tII.b1","est.size","FP","TP","FDR","power"
"EBIC",1,300,0.33,"TRUE","TRUE","FALSE","16.4646060534021","7.48012163390299","8.98448441949913","3.27","0.109","0.292","2,3,4,5,6,7,8,9,442,443,444,445,446,447,448,449,450",0.000567570052663946,FALSE,0,0,1,0,17,0,17,0,0.944444444444444
"EBIC",10,300,0.33,"TRUE","TRUE","FALSE","17.5150498364129","8.50617767994518","9.00887215646771","3.693","0.11","0.316","1,2,3,4,5,6,7,8,9,442,443,444,445,446,447,448,449,450",0.000285791570515905,TRUE,0,0,0,0,18,0,18,0,1
"EBIC",100,300,0.33,"TRUE","TRUE","FALSE","17.1766614877175","8.17275389971737","9.00390758800016","3.384","0.115","0.287","2,3,4,5,6,7,8,9,442,443,444,445,446,447,448,449,450",0.000643870071504466,FALSE,0,0,1,0,17,0,17,0,0.944444444444444
"EBIC",11,300,0.33,"TRUE","TRUE","FALSE","17.5603381909279","8.56017756278257","9.0001606281453","3.494","0.118","0.356","1,2,3,4,5,6,7,8,9,442,443,444,445,446,447,448,449,450",0.000173602827895386,TRUE,0,0,0,0,18,0,18,0,1
"EBIC",12,300,0.33,"TRUE","TRUE","FALSE","18.1957344768699","9.25805851942726","8.93767595744263","3.474","0.11","0.315","1,2,3,4,5,6,7,8,9,20,442,443,444,445,446,447,448,449,450",0.000468139872113024,FALSE,1,0,0,0,19,1,18,0.0526315789473684,1
"EBIC",13,300,0.33,"TRUE","TRUE","FALSE","18.110368366139","9.10758933942403","9.00277902671497","3.01","0.095","0.279","1,2,3,4,5,6,7,8,9,442,443,444,445,446,447,448,449,450",0.000365071682996405,TRUE,0,0,0,0,18,0,18,0,1
"EBIC",14,300,0.33,"TRUE","TRUE","FALSE","16.2264376179764","7.22904772280057","8.99738989517585","3.159","0.103","0.304","2,3,4,5,6,7,8,9,442,443,444,445,446,447,448,449,450",0.000616682831607686,FALSE,0,0,1,0,17,0,17,0,0.944444444444444
"EBIC",15,300,0.33,"TRUE","TRUE","FALSE","17.2432016349594","8.23844076811942","9.00476086683998","3.392","0.094","0.3","1,2,3,4,5,6,7,8,9,442,443,444,445,446,447,448,449,450",0.000478512102349646,TRUE,0,0,0,0,18,0,18,0,1
"EBIC",16,300,0.33,"TRUE","TRUE","FALSE","17.2003056365693","8.19611827692808","9.00418735964126","3.11","0.097","0.264","2,3,4,5,6,7,8,9,442,443,444,445,446,447,448,449,450",0.000431054018129854,FALSE,0,0,1,0,17,0,17,0,0.944444444444444
"EBIC",17,300,0.33,"TRUE","TRUE","FALSE","17.8537526947473","8.85021800582619","9.00353468892114","3.316","0.105","0.291","1,2,3,4,5,6,7,8,9,442,443,444,445,446,447,448,449,450",0.00032985541404134,TRUE,0,0,0,0,18,0,18,0,1
"EBIC",18,300,0.33,"TRUE","TRUE","FALSE","17.2321013392517","8.22866730709415","9.00343403215752","3.228","0.12","0.332","1,2,3,4,5,6,7,8,9,442,443,444,445,446,447,448,449,450",0.000219380418293702,TRUE,0,0,0,0,18,0,18,0,1
"EBIC",19,300,0.33,"TRUE","TRUE","FALSE","17.1135675380133","8.11488184068825","8.99868569732507","2.886","0.104","0.272","2,3,4,5,6,7,8,9,442,443,444,445,446,447,448,449,450",0.000470310059399602,FALSE,0,0,1,0,17,0,17,0,0.944444444444444
"EBIC",2,300,0.33,"TRUE","TRUE","FALSE","17.6597266247475","8.98097627950475","8.67875034524276","3.773","0.113","0.393","1,2,3,4,5,6,7,8,9,442,443,444,445,446,447,448,449,450",0.000136586125653551,TRUE,0,0,0,0,18,0,18,0,1
"EBIC",20,300,0.33,"TRUE","TRUE","FALSE","17.5056164134541","8.50724139611193","8.99837501734217","3.746","0.105","0.297","2,3,4,5,6,7,8,9,251,442,443,444,445,446,447,448,449,450",0.000763552655323367,FALSE,1,0,1,0,18,1,17,0.0555555555555556,0.944444444444444
"EBIC",21,300,0.33,"TRUE","TRUE","FALSE","17.4513858153578","8.44623327844433","9.00515253691342","3.639","0.114","0.315","2,3,4,5,6,7,8,9,236,442,443,444,445,446,447,448,449,450",0.000964673193712571,FALSE,1,0,1,0,18,1,17,0.0555555555555556,0.944444444444444
"EBIC",22,300,0.33,"TRUE","TRUE","FALSE","17.9121526694051","8.90670758566372","9.00544508374137","3.556","0.119","0.337","1,2,3,4,5,6,7,8,9,85,442,443,444,445,446,447,448,449,450",0.000692823609227039,FALSE,1,0,0,0,19,1,18,0.0526315789473684,1
"EBIC",23,300,0.33,"TRUE","TRUE","FALSE","18.1426607968273","9.13885126608944","9.00380953073783","3.098","0.101","0.289","1,2,3,4,5,6,7,8,9,397,442,443,444,445,446,447,448,449,450",0.000443597316946265,FALSE,1,0,0,0,19,1,18,0.0526315789473684,1
"EBIC",24,300,0.33,"TRUE","TRUE","FALSE","16.9166330545481","8.01879731791609","8.897835736632","3.538","0.101","0.265","1,2,3,4,5,6,7,8,9,442,443,444,445,446,447,448,449,450",0.000295867601892627,TRUE,0,0,0,0,18,0,18,0,1
"EBIC",25,300,0.33,"TRUE","TRUE","FALSE","17.4298287672536","8.42519783334002","9.00463093391356","3.254","0.104","0.315","1,2,3,4,5,6,7,8,9,442,443,444,445,446,447,448,449,450",0.000324669879530164,TRUE,0,0,0,0,18,0,18,0,1
"EBIC",26,300,0.33,"TRUE","TRUE","FALSE","16.6451649133408","8.31752139712312","8.32764351621765","3.609","0.101","0.297","2,3,4,5,6,7,8,9,49,442,443,444,445,446,447,448,449,450",0.000689199171745686,FALSE,1,0,1,0,18,1,17,0.0555555555555556,0.944444444444444
"EBIC",27,300,0.33,"TRUE","TRUE","FALSE","17.1879505364636","8.18453592466168","9.00341461180196","3.047","0.1","0.283","2,3,4,5,6,7,8,9,442,443,444,445,446,447,448,449,450",0.000535341830482554,FALSE,0,0,1,0,17,0,17,0,0.944444444444444
"EBIC",28,300,0.33,"TRUE","TRUE","FALSE","17.5958501874255","8.58827968302954","9.00757050439596","3.367","0.104","0.312","1,2,3,4,5,6,7,8,9,442,443,444,445,446,447,448,449,450",0.000136860141636313,TRUE,0,0,0,0,18,0,18,0,1
"EBIC",29,300,0.33,"TRUE","TRUE","FALSE","17.9496254385522","8.95880076502513","8.99082467352705","3.263","0.109","0.299","1,2,3,4,5,6,7,8,9,442,443,444,445,446,447,448,449,450",0.000170897615950084,TRUE,0,0,0,0,18,0,18,0,1
"EBIC",3,300,0.33,"TRUE","TRUE","FALSE","18.150574602231","9.144222138309","9.00635246392197","3.592","0.123","0.393","1,2,3,4,5,6,7,8,9,442,443,444,445,446,447,448,449,450",0.000191552370837778,TRUE,0,0,0,0,18,0,18,0,1
"EBIC",30,300,0.33,"TRUE","TRUE","FALSE","17.2123134700692","8.21233879581563","8.9999746742536","3.755","0.11","0.305","1,2,3,4,5,6,7,8,9,442,443,444,445,446,447,448,449,450",0.000446162441005893,TRUE,0,0,0,0,18,0,18,0,1
"EBIC",31,300,0.33,"TRUE","TRUE","FALSE","17.687929285341","9.15322186091061","8.5347074244304","3.777","0.105","0.314","1,2,3,4,5,6,7,8,9,105,442,443,444,445,446,447,448,449,450",0.000499372348049826,FALSE,1,0,0,0,19,1,18,0.0526315789473684,1
"EBIC",32,300,0.33,"TRUE","TRUE","FALSE","17.1639183967071","8.16054328026842","9.00337511643868","2.998","0.108","0.284","2,3,4,5,6,7,8,9,442,443,444,445,446,447,448,449,450",0.000364419681753688,FALSE,0,0,1,0,17,0,17,0,0.944444444444444
"EBIC",33,300,0.33,"TRUE","TRUE","FALSE","17.1867027188016","8.27129336519507","8.9154093536065","3.462","0.108","0.315","2,3,4,5,6,7,8,9,219,442,443,444,445,446,447,448,449,450",0.000590390469241009,FALSE,1,0,1,0,18,1,17,0.0555555555555556,0.944444444444444
"EBIC",34,300,0.33,"TRUE","TRUE","FALSE","17.2552544356181","8.2509782912674","9.00427614435069","3.399","0.11","0.298","1,2,3,4,5,6,7,8,9,442,443,444,445,446,447,448,449,450",9.14837416357261e-05,TRUE,0,0,0,0,18,0,18,0,1
"EBIC",35,300,0.33,"TRUE","TRUE","FALSE","17.8321840993562","8.808692832883","9.0234912664732","4.973","0.121","0.335","1,2,3,4,5,6,7,8,9,201,442,443,444,445,446,447,448,449,450",0.000386578000945826,FALSE,1,0,0,0,19,1,18,0.0526315789473684,1
"EBIC",36,300,0.33,"TRUE","TRUE","FALSE","18.0010386544065","8.99619760580775","9.00484104859874","3.828","0.107","0.316","1,2,3,4,5,6,7,8,9,137,442,443,444,445,446,447,448,449,450",0.000400658841612678,FALSE,1,0,0,0,19,1,18,0.0526315789473684,1
"EBIC",37,300,0.33,"TRUE","TRUE","FALSE","17.2523624911274","8.27892690206327","8.97343558906414","3.854","0.126","0.299","1,2,3,4,5,6,7,8,9,442,443,444,445,446,447,448,449,450",0.000436010196322268,TRUE,0,0,0,0,18,0,18,0,1
"EBIC",38,300,0.33,"TRUE","TRUE","FALSE","18.52260630787","9.47012194675138","9.05248436111861","4.099","0.121","0.313","1,2,3,4,5,6,7,8,9,89,272,442,443,444,445,446,447,448,449,450,466",0.000641409893356449,FALSE,2,1,0,0,21,3,18,0.142857142857143,1
"EBIC",39,300,0.33,"TRUE","TRUE","FALSE","18.4523972704285","9.46266435102194","8.98973291940656","4.12","0.135","0.344","1,2,3,4,5,6,7,8,9,48,222,442,443,444,445,446,447,448,449,450",0.000672590847930309,FALSE,2,0,0,0,20,2,18,0.1,1
"EBIC",4,300,0.33,"TRUE","TRUE","FALSE","18.122183504349","9.13679404688752","8.98538945746146","3.491","0.111","0.3","1,2,3,4,5,6,7,8,9,442,443,444,445,446,447,448,449,450",0.000278951588105876,TRUE,0,0,0,0,18,0,18,0,1
"EBIC",40,300,0.33,"TRUE","TRUE","FALSE","17.1703606394252","8.16679991238952","9.00356072703568","3.055","0.11","0.298","1,2,3,4,5,6,7,8,9,442,443,444,445,446,447,448,449,450",0.000171972143024507,TRUE,0,0,0,0,18,0,18,0,1
"EBIC",41,300,0.33,"TRUE","TRUE","FALSE","17.3173065633548","8.31356713650434","9.00373942685042","3.283","0.102","0.269","1,2,3,4,5,6,7,8,9,442,443,444,445,446,447,448,449,450",0.000177004366088317,TRUE,0,0,0,0,18,0,18,0,1
"EBIC",42,300,0.33,"TRUE","TRUE","FALSE","16.8298888468604","8.23971091023001","8.59017793663035","3.724","0.106","0.299","2,3,4,5,6,7,8,9,442,443,444,445,446,447,448,449,450",0.000498093767276936,FALSE,0,0,1,0,17,0,17,0,0.944444444444444
"EBIC",43,300,0.33,"TRUE","TRUE","FALSE","18.2137076197866","9.21426421485168","8.99944340493494","3.848","0.113","0.291","1,2,3,4,5,6,7,8,9,344,442,443,444,445,446,447,448,449,450",0.000646434754932735,FALSE,1,0,0,0,19,1,18,0.0526315789473684,1
"EBIC",44,300,0.33,"TRUE","TRUE","FALSE","16.6548652201376","8.16641733407163","8.48844788606595","3.429","0.099","0.289","2,3,4,5,6,7,8,9,442,443,444,445,446,447,448,449,450",0.000497898435536361,FALSE,0,0,1,0,17,0,17,0,0.944444444444444
"EBIC",45,300,0.33,"TRUE","TRUE","FALSE","17.2638001605954","8.27260405315128","8.99119610744409","3.921","0.121","0.362","1,2,3,4,5,6,7,8,9,442,443,444,445,446,447,448,449,450",0.000235489846437343,TRUE,0,0,0,0,18,0,18,0,1
"EBIC",46,300,0.33,"TRUE","TRUE","FALSE","16.8624004762766","8.65828648583117","8.20411399044545","4.466","0.115","0.29","2,3,4,5,6,7,8,9,118,442,443,444,445,446,447,448,449,450",0.000773501446631919,FALSE,1,0,1,0,18,1,17,0.0555555555555556,0.944444444444444
"EBIC",47,300,0.33,"TRUE","TRUE","FALSE","17.9793251836429","8.97598484827003","9.0033403353729","3.296","0.114","0.326","1,2,3,4,5,6,7,8,9,442,443,444,445,446,447,448,449,450",0.000345101145098063,TRUE,0,0,0,0,18,0,18,0,1
"EBIC",48,300,0.33,"TRUE","TRUE","FALSE","16.4833061130857","7.47625498740234","9.00705112568333","3.481","0.1","0.248","1,2,3,4,5,6,7,8,9,73,442,443,444,445,446,447,448,449,450",0.000530865147415029,FALSE,1,0,0,0,19,1,18,0.0526315789473684,1
"EBIC",49,300,0.33,"TRUE","TRUE","FALSE","16.7754819237762","7.77057185367484","9.0049100701014","4.184","0.119","0.301","2,3,4,5,6,7,8,9,442,443,444,445,446,447,448,449,450",0.000760059512330211,FALSE,0,0,1,0,17,0,17,0,0.944444444444444
"EBIC",5,300,0.33,"TRUE","TRUE","FALSE","17.5969074957839","8.59072828718124","9.00617920860267","3.837","0.117","0.348","1,2,3,4,5,6,7,8,9,317,442,443,444,445,446,447,448,449,450",0.000560119373672419,FALSE,1,0,0,0,19,1,18,0.0526315789473684,1
"EBIC",50,300,0.33,"TRUE","TRUE","FALSE","17.8649935670962","9.14155757802217","8.72343598907399","4.066","0.104","0.275","1,2,3,4,5,6,7,8,9,259,280,350,442,443,444,445,446,447,448,449,450",0.000834540212622552,FALSE,3,0,0,0,21,3,18,0.142857142857143,1
"EBIC",51,300,0.33,"TRUE","TRUE","FALSE","17.5801368099701","8.5777918144735","9.0023449954966","3.435","0.111","0.32","1,2,3,4,5,6,7,8,9,442,443,444,445,446,447,448,449,450",0.00018213721117915,TRUE,0,0,0,0,18,0,18,0,1
"EBIC",52,300,0.33,"TRUE","TRUE","FALSE","17.1657287921756","8.16169493101111","9.00403386116446","4.176","0.115","0.347","2,3,4,5,6,7,8,9,404,442,443,444,445,446,447,448,449,450",0.000753730604314682,FALSE,1,0,1,0,18,1,17,0.0555555555555556,0.944444444444444
"EBIC",53,300,0.33,"TRUE","TRUE","FALSE","17.6945564752724","8.69427938351139","9.000277091761","3.323","0.111","0.304","1,2,3,4,5,6,7,8,9,442,443,444,445,446,447,448,449,450",0.000289980681505117,TRUE,0,0,0,0,18,0,18,0,1
"EBIC",54,300,0.33,"TRUE","TRUE","FALSE","18.1166929888391","9.11268001444022","9.00401297439884","3.209","0.116","0.337","1,2,3,4,5,6,7,8,9,442,443,444,445,446,447,448,449,450",4.52177380044342e-05,TRUE,0,0,0,0,18,0,18,0,1
"EBIC",55,300,0.33,"TRUE","TRUE","FALSE","17.9321895053282","8.94266478757373","8.98952471775445","3.644","0.107","0.27","1,2,3,4,5,6,7,8,9,442,443,444,445,446,447,448,449,450",0.000216537962030672,TRUE,0,0,0,0,18,0,18,0,1
"EBIC",56,300,0.33,"TRUE","TRUE","FALSE","17.1348171397395","8.13680747801919","8.99800966172026","3.384","0.099","0.279","2,3,4,5,6,7,8,9,442,443,444,445,446,447,448,449,450",0.000741375303453971,FALSE,0,0,1,0,17,0,17,0,0.944444444444444
"EBIC",57,300,0.33,"TRUE","TRUE","FALSE","17.9437704241416","8.94065795526829","9.00311246887332","3.153","0.105","0.262","1,2,3,4,5,6,7,8,9,442,443,444,445,446,447,448,449,450",0.000279039924799345,TRUE,0,0,0,0,18,0,18,0,1
"EBIC",58,300,0.33,"TRUE","TRUE","FALSE","18.2454077020203","9.25649944296936","8.98890825905098","3.568","0.092","0.236","1,2,3,4,5,6,7,8,9,415,442,443,444,445,446,447,448,449,450",0.000571209984149747,FALSE,1,0,0,0,19,1,18,0.0526315789473684,1
"EBIC",59,300,0.33,"TRUE","TRUE","FALSE","17.2337462019006","8.2218564914114","9.0118897104892","3.185","0.11","0.319","2,3,4,5,6,7,8,9,23,442,443,444,445,446,447,448,449,450",0.000783909123330581,FALSE,1,0,1,0,18,1,17,0.0555555555555556,0.944444444444444
"EBIC",6,300,0.33,"TRUE","TRUE","FALSE","16.8597375153101","8.30851836747263","8.55121914783752","3.78","0.117","0.307","1,2,3,4,5,6,7,8,9,442,443,444,445,446,447,448,449,450",0.000285862868475677,TRUE,0,0,0,0,18,0,18,0,1
"EBIC",60,300,0.33,"TRUE","TRUE","FALSE","17.2849138091035","8.36319831302397","8.92171549607951","3.911","0.105","0.27","1,2,3,4,5,6,7,8,9,442,443,444,445,446,447,448,449,450",0.000311174211943557,TRUE,0,0,0,0,18,0,18,0,1
"EBIC",61,300,0.33,"TRUE","TRUE","FALSE","17.2301258180194","8.22436459823331","9.00576121978611","3.296","0.111","0.31","2,3,4,5,6,7,8,9,442,443,444,445,446,447,448,449,450",0.000545861758838656,FALSE,0,0,1,0,17,0,17,0,0.944444444444444
"EBIC",62,300,0.33,"TRUE","TRUE","FALSE","18.1019696319559","9.09705122034869","9.00491841160722","3.374","0.128","0.344","1,2,3,4,5,6,7,8,9,442,443,444,445,446,447,448,449,450",0.000156386939835201,TRUE,0,0,0,0,18,0,18,0,1
"EBIC",63,300,0.33,"TRUE","TRUE","FALSE","17.8754316453174","8.91814812953959","8.95728351577778","3.57","0.092","0.26","1,2,3,4,5,6,7,8,9,442,443,444,445,446,447,448,449,450",0.000174678130781154,TRUE,0,0,0,0,18,0,18,0,1
"EBIC",64,300,0.33,"TRUE","TRUE","FALSE","17.1556892306822","8.15244747188945","9.00324175879278","2.936","0.108","0.317","2,3,4,5,6,7,8,9,442,443,444,445,446,447,448,449,450",0.000387588023912474,FALSE,0,0,1,0,17,0,17,0,0.944444444444444
"EBIC",65,300,0.33,"TRUE","TRUE","FALSE","18.157740193568","9.1556135890829","9.00212660448507","3.114","0.112","0.279","1,2,3,4,5,6,7,8,9,442,443,444,445,446,447,448,449,450",0.000467508943121771,TRUE,0,0,0,0,18,0,18,0,1
"EBIC",66,300,0.33,"TRUE","TRUE","FALSE","17.2639236861054","8.28158413779857","8.98233954830681","4.695","0.114","0.309","1,2,3,4,5,6,7,8,9,39,306,442,443,444,445,446,447,448,449,450",0.000571070241751009,FALSE,2,0,0,0,20,2,18,0.1,1
"EBIC",67,300,0.33,"TRUE","TRUE","FALSE","17.941538400208","9.11991905932942","8.82161934087859","3.917","0.12","0.337","1,2,3,4,5,6,7,8,9,442,443,444,445,446,447,448,449,450",0.000238942775856299,TRUE,0,0,0,0,18,0,18,0,1
"EBIC",68,300,0.33,"TRUE","TRUE","FALSE","17.9728899006242","8.96530613447168","9.00758376615253","3.67","0.107","0.343","1,2,3,4,5,6,7,8,9,442,443,444,445,446,447,448,449,450",0.000200327865682125,TRUE,0,0,0,0,18,0,18,0,1
"EBIC",69,300,0.33,"TRUE","TRUE","FALSE","17.6034725685952","9.43517475707459","8.16829781152059","4.292","0.117","0.333","1,2,3,4,5,6,7,8,9,371,442,443,444,445,446,447,448,449,450",0.000560110478248057,FALSE,1,0,0,0,19,1,18,0.0526315789473684,1
"EBIC",7,300,0.33,"TRUE","TRUE","FALSE","18.5247680152202","9.66336119200986","8.86140682321036","4.432","0.119","0.389","1,2,3,4,5,6,7,8,9,221,442,443,444,445,446,447,448,449,450",0.000442966584259196,FALSE,1,0,0,0,19,1,18,0.0526315789473684,1
"EBIC",70,300,0.33,"TRUE","TRUE","FALSE","17.26753588229","8.26446573297571","9.00307014931425","3.679","0.093","0.275","1,2,3,4,5,6,7,8,9,363,442,443,444,445,446,447,448,449,450",0.000384933652408509,FALSE,1,0,0,0,19,1,18,0.0526315789473684,1
"EBIC",71,300,0.33,"TRUE","TRUE","FALSE","17.3967854654502","8.52632207046971","8.87046339498051","4.309","0.105","0.321","1,2,3,4,5,6,7,8,9,442,443,444,445,446,447,448,449,450",0.000275805361361422,TRUE,0,0,0,0,18,0,18,0,1
"EBIC",72,300,0.33,"TRUE","TRUE","FALSE","17.2575346687885","8.25375012000468","9.00378454878386","3.413","0.131","0.304","1,2,3,4,5,6,7,8,9,442,443,444,445,446,447,448,449,450",0.000381464651584484,TRUE,0,0,0,0,18,0,18,0,1
"EBIC",73,300,0.33,"TRUE","TRUE","FALSE","18.1510421845555","9.14592216982998","9.00512001472547","3.027","0.108","0.28","1,2,3,4,5,6,7,8,9,442,443,444,445,446,447,448,449,450",0.000227260784661462,TRUE,0,0,0,0,18,0,18,0,1
"EBIC",74,300,0.33,"TRUE","TRUE","FALSE","17.4039828298431","8.40049259023116","9.00349023961191","3.393","0.091","0.28","1,2,3,4,5,6,7,8,9,360,442,443,444,445,446,447,448,449,450",0.000510873368551203,FALSE,1,0,0,0,19,1,18,0.0526315789473684,1
"EBIC",75,300,0.33,"TRUE","TRUE","FALSE","18.1427054514272","9.12720655671102","9.01549889471623","3.037","0.105","0.316","1,2,3,4,5,6,7,8,9,442,443,444,445,446,447,448,449,450",0.000186128560945755,TRUE,0,0,0,0,18,0,18,0,1
"EBIC",76,300,0.33,"TRUE","TRUE","FALSE","17.9278798828809","8.91927038912953","9.00860949375133","3.514","0.11","0.33","1,2,3,4,5,6,7,8,9,442,443,444,445,446,447,448,449,450",0.000262529606616384,TRUE,0,0,0,0,18,0,18,0,1
"EBIC",77,300,0.33,"TRUE","TRUE","FALSE","17.3225349747065","8.31666385417616","9.00587112053035","3.493","0.116","0.311","2,3,4,5,6,7,8,9,57,442,443,444,445,446,447,448,449,450",0.000758224185872468,FALSE,1,0,1,0,18,1,17,0.0555555555555556,0.944444444444444
"EBIC",78,300,0.33,"TRUE","TRUE","FALSE","17.8819135441386","8.87885106430324","9.00306247983539","3.523","0.12","0.324","1,2,3,4,5,6,7,8,9,442,443,444,445,446,447,448,449,450",0.000139456778742887,TRUE,0,0,0,0,18,0,18,0,1
"EBIC",79,300,0.33,"TRUE","TRUE","FALSE","17.2101835215193","8.2066581173862","9.00352540413307","3.208","0.109","0.289","1,2,3,4,5,6,7,8,9,337,442,443,444,445,446,447,448,449,450",0.000383894506426571,FALSE,1,0,0,0,19,1,18,0.0526315789473684,1
"EBIC",8,300,0.33,"TRUE","TRUE","FALSE","17.7978214186616","8.79410441398693","9.0037170046747","3.717","0.109","0.318","1,2,3,4,5,6,7,8,9,442,443,444,445,446,447,448,449,450",0.000413689782812249,TRUE,0,0,0,0,18,0,18,0,1
"EBIC",80,300,0.33,"TRUE","TRUE","FALSE","16.1855254335429","7.17885150136767","9.00667393217524","2.976","0.11","0.264","2,3,4,6,7,8,9,442,443,444,445,446,447,448,449,450",0.00132649998525163,FALSE,0,0,2,0,16,0,16,0,0.888888888888889
"EBIC",81,300,0.33,"TRUE","TRUE","FALSE","17.475652894638","8.47516840973896","9.00048448489908","3.966","0.107","0.292","1,2,3,4,5,6,7,8,9,228,442,443,444,445,446,447,448,449,450",0.000468890826713328,FALSE,1,0,0,0,19,1,18,0.0526315789473684,1
"EBIC",82,300,0.33,"TRUE","TRUE","FALSE","17.9998362712666","9.04550622856963","8.95433004269701","3.827","0.098","0.309","1,2,3,4,5,6,7,8,9,49,335,442,443,444,445,446,447,448,449,450",0.00064541050316476,FALSE,2,0,0,0,20,2,18,0.1,1
"EBIC",83,300,0.33,"TRUE","TRUE","FALSE","17.8339581493897","8.82639628370183","9.00756186568782","3.53","0.105","0.292","1,2,3,4,5,6,7,8,9,442,443,444,445,446,447,448,449,450",0.00025642028741417,TRUE,0,0,0,0,18,0,18,0,1
"EBIC",84,300,0.33,"TRUE","TRUE","FALSE","17.2263934799157","8.21199978049552","9.01439369942014","3.624","0.105","0.282","2,3,4,5,6,7,8,9,378,442,443,444,445,446,447,448,449,450",0.000632105853713039,FALSE,1,0,1,0,18,1,17,0.0555555555555556,0.944444444444444
"EBIC",85,300,0.33,"TRUE","TRUE","FALSE","16.5798225708337","7.57656519483884","9.00325737599486","3.51","0.108","0.309","2,3,4,5,6,7,8,9,442,443,444,445,446,447,448,449,450",0.000667707909986735,FALSE,0,0,1,0,17,0,17,0,0.944444444444444
"EBIC",86,300,0.33,"TRUE","TRUE","FALSE","17.7292931525595","8.72502906699689","9.00426408556258","3.38","0.098","0.273","1,2,3,4,5,6,7,8,9,442,443,444,445,446,447,448,449,450",8.02864407084327e-05,TRUE,0,0,0,0,18,0,18,0,1
"EBIC",87,300,0.33,"TRUE","TRUE","FALSE","18.1357692880081","9.12506044374508","9.01070884426299","3.146","0.098","0.303","1,2,3,4,5,6,7,8,9,442,443,444,445,446,447,448,449,450",0.00021387827367708,TRUE,0,0,0,0,18,0,18,0,1
"EBIC",88,300,0.33,"TRUE","TRUE","FALSE","17.4603804421913","8.45547409203287","9.00490635015842","3.345","0.108","0.33","1,2,3,4,5,6,7,8,9,349,442,443,444,445,446,447,448,449,450",0.000402575118814538,FALSE,1,0,0,0,19,1,18,0.0526315789473684,1
"EBIC",89,300,0.33,"TRUE","TRUE","FALSE","18.1542011002763","9.14786013779224","9.00634096248403","3.059","0.112","0.317","1,2,3,4,5,6,7,8,9,442,443,444,445,446,447,448,449,450",0.000385209338982412,TRUE,0,0,0,0,18,0,18,0,1
"EBIC",9,300,0.33,"TRUE","TRUE","FALSE","17.6924483914253","8.69072813522361","9.0017202562017","4.07","0.115","0.3","1,2,3,4,5,6,7,8,9,442,443,444,445,446,447,448,449,450",0.000360462097599243,TRUE,0,0,0,0,18,0,18,0,1
"EBIC",90,300,0.33,"TRUE","TRUE","FALSE","16.7781164270355","7.77609396488882","9.00202246214673","3.81","0.106","0.298","1,2,3,4,5,6,7,8,9,442,443,444,445,446,447,448,449,450",0.000264626749076759,TRUE,0,0,0,0,18,0,18,0,1
"EBIC",91,300,0.33,"TRUE","TRUE","FALSE","17.197373058645","9.12409771358869","8.07327534505634","3.091","0.103","0.252","1,2,3,4,5,6,7,8,9,442,443,444,445,446,447,448,449,450",0.00026063979274571,TRUE,0,0,0,0,18,0,18,0,1
"EBIC",92,300,0.33,"TRUE","TRUE","FALSE","17.230449135797","8.22487608642757","9.00557304936945","3.805","0.116","0.318","2,3,4,5,6,7,8,9,146,442,443,444,445,446,447,448,449,450",0.000810038638378492,FALSE,1,0,1,0,18,1,17,0.0555555555555556,0.944444444444444
"EBIC",93,300,0.33,"TRUE","TRUE","FALSE","18.0301273873199","9.03067727994712","8.99945010737274","4.083","0.114","0.319","1,2,3,4,5,6,7,8,9,159,442,443,444,445,446,447,448,449,450",0.000533008651329126,FALSE,1,0,0,0,19,1,18,0.0526315789473684,1
"EBIC",94,300,0.33,"TRUE","TRUE","FALSE","18.1725517252649","9.22480183483203","8.94774989043291","4.293","0.107","0.281","1,2,3,4,5,6,7,8,9,79,442,443,444,445,446,447,448,449,450",0.000703257451361389,FALSE,1,0,0,0,19,1,18,0.0526315789473684,1
"EBIC",95,300,0.33,"TRUE","TRUE","FALSE","17.1067391046208","8.10249972657285","9.00423937804799","3.096","0.113","0.32","2,3,4,5,6,7,8,9,442,443,444,445,446,447,448,449,450",0.000485320292723094,FALSE,0,0,1,0,17,0,17,0,0.944444444444444
"EBIC",96,300,0.33,"TRUE","TRUE","FALSE","18.8550440005049","9.85117405851678","9.00386994198809","3.912","0.122","0.361","1,2,3,4,5,6,7,8,9,258,442,443,444,445,446,447,448,449,450",0.000485506223951189,FALSE,1,0,0,0,19,1,18,0.0526315789473684,1
"EBIC",97,300,0.33,"TRUE","TRUE","FALSE","17.3118756704182","8.3083268723547","9.00354879806346","3.31","0.114","0.359","1,2,3,4,5,6,7,8,9,442,443,444,445,446,447,448,449,450",0.000184487566469394,TRUE,0,0,0,0,18,0,18,0,1
"EBIC",98,300,0.33,"TRUE","TRUE","FALSE","16.8112193768216","7.80670320241047","9.00451617441109","3.605","0.105","0.29","2,3,4,5,6,7,8,9,442,443,444,445,446,447,448,449,450",0.000514220723560351,FALSE,0,0,1,0,17,0,17,0,0.944444444444444
"EBIC",99,300,0.33,"TRUE","TRUE","FALSE","17.6177895422856","9.04377979453116","8.57400974775448","3.934","0.099","0.245","1,2,3,4,5,6,7,8,9,442,443,444,445,446,447,448,449,450",0.000208007634402605,TRUE,0,0,0,0,18,0,18,0,1
"kappa.o",1,300,0.33,"TRUE","TRUE","FALSE","16.4646060534021","7.48012163390299","8.98448441949913","3.27","0.109","0.292","2,3,4,6,7,8,9,442,443,444,445,446,447,448,449,450",0.00112698404911861,FALSE,0,0,2,0,16,0,16,0,0.888888888888889
"kappa.o",10,300,0.33,"TRUE","TRUE","FALSE","17.5150498364129","8.50617767994518","9.00887215646771","3.693","0.11","0.316","1,2,3,4,5,6,7,8,9,442,443,444,445,446,447,448,449,450",0.000285791570515905,TRUE,0,0,0,0,18,0,18,0,1
"kappa.o",100,300,0.33,"TRUE","TRUE","FALSE","17.1766614877175","8.17275389971737","9.00390758800016","3.384","0.115","0.287","2,3,4,5,6,7,8,9,442,443,444,445,446,447,448,449,450",0.000643870071504466,FALSE,0,0,1,0,17,0,17,0,0.944444444444444
"kappa.o",11,300,0.33,"TRUE","TRUE","FALSE","17.5603381909279","8.56017756278257","9.0001606281453","3.494","0.118","0.356","2,3,4,5,6,7,8,9,442,443,444,445,446,447,448,449,450",0.000389350325750258,FALSE,0,0,1,0,17,0,17,0,0.944444444444444
"kappa.o",12,300,0.33,"TRUE","TRUE","FALSE","18.1957344768699","9.25805851942726","8.93767595744263","3.474","0.11","0.315","1,2,3,4,5,6,7,8,9,442,443,444,445,446,447,448,449,450",0.000270180972642379,TRUE,0,0,0,0,18,0,18,0,1
"kappa.o",13,300,0.33,"TRUE","TRUE","FALSE","18.110368366139","9.10758933942403","9.00277902671497","3.01","0.095","0.279","1,2,3,4,5,6,7,8,9,442,443,444,445,446,447,448,449,450",0.000365071682996405,TRUE,0,0,0,0,18,0,18,0,1
"kappa.o",14,300,0.33,"TRUE","TRUE","FALSE","16.2264376179764","7.22904772280057","8.99738989517585","3.159","0.103","0.304","2,3,4,6,7,8,9,442,443,444,445,446,447,448,449,450",0.00115021586409995,FALSE,0,0,2,0,16,0,16,0,0.888888888888889
"kappa.o",15,300,0.33,"TRUE","TRUE","FALSE","17.2432016349594","8.23844076811942","9.00476086683998","3.392","0.094","0.3","2,3,4,5,6,7,8,9,442,443,444,445,446,447,448,449,450",0.000739893531990805,FALSE,0,0,1,0,17,0,17,0,0.944444444444444
"kappa.o",16,300,0.33,"TRUE","TRUE","FALSE","17.2003056365693","8.19611827692808","9.00418735964126","3.11","0.097","0.264","2,3,4,5,6,7,8,9,442,443,444,445,446,447,448,449,450",0.000431054018129854,FALSE,0,0,1,0,17,0,17,0,0.944444444444444
"kappa.o",17,300,0.33,"TRUE","TRUE","FALSE","17.8537526947473","8.85021800582619","9.00353468892114","3.316","0.105","0.291","1,2,3,4,5,6,7,8,9,442,443,444,445,446,447,448,449,450",0.00032985541404134,TRUE,0,0,0,0,18,0,18,0,1
"kappa.o",18,300,0.33,"TRUE","TRUE","FALSE","17.2321013392517","8.22866730709415","9.00343403215752","3.228","0.12","0.332","2,3,4,5,6,7,8,9,442,443,444,445,446,447,448,449,450",0.000455933465562175,FALSE,0,0,1,0,17,0,17,0,0.944444444444444
"kappa.o",19,300,0.33,"TRUE","TRUE","FALSE","17.1135675380133","8.11488184068825","8.99868569732507","2.886","0.104","0.272","2,3,4,5,6,7,8,9,442,443,444,445,446,447,448,449,450",0.000470310059399602,FALSE,0,0,1,0,17,0,17,0,0.944444444444444
"kappa.o",2,300,0.33,"TRUE","TRUE","FALSE","17.6597266247475","8.98097627950475","8.67875034524276","3.773","0.113","0.393","1,2,3,4,5,6,7,8,9,442,443,444,445,446,447,448,449,450",0.000136586125653551,TRUE,0,0,0,0,18,0,18,0,1
"kappa.o",20,300,0.33,"TRUE","TRUE","FALSE","17.5056164134541","8.50724139611193","8.99837501734217","3.746","0.105","0.297","2,3,4,5,6,7,8,9,442,443,444,445,446,447,448,449,450",0.00053494774041832,FALSE,0,0,1,0,17,0,17,0,0.944444444444444
"kappa.o",21,300,0.33,"TRUE","TRUE","FALSE","17.4513858153578","8.44623327844433","9.00515253691342","3.639","0.114","0.315","2,3,4,5,6,7,8,9,442,443,444,445,446,447,448,449,450",0.000608906344253183,FALSE,0,0,1,0,17,0,17,0,0.944444444444444
"kappa.o",22,300,0.33,"TRUE","TRUE","FALSE","17.9121526694051","8.90670758566372","9.00544508374137","3.556","0.119","0.337","1,2,3,4,5,6,7,8,9,442,443,444,445,446,447,448,449,450",0.000397970339554495,TRUE,0,0,0,0,18,0,18,0,1
"kappa.o",23,300,0.33,"TRUE","TRUE","FALSE","18.1426607968273","9.13885126608944","9.00380953073783","3.098","0.101","0.289","1,2,3,4,5,6,7,8,9,442,443,444,445,446,447,448,449,450",0.000255378020031005,TRUE,0,0,0,0,18,0,18,0,1
"kappa.o",24,300,0.33,"TRUE","TRUE","FALSE","16.9166330545481","8.01879731791609","8.897835736632","3.538","0.101","0.265","2,3,4,5,6,7,8,9,442,443,444,445,446,447,448,449,450",0.000574015131474417,FALSE,0,0,1,0,17,0,17,0,0.944444444444444
"kappa.o",25,300,0.33,"TRUE","TRUE","FALSE","17.4298287672536","8.42519783334002","9.00463093391356","3.254","0.104","0.315","1,3,4,5,6,7,8,9,442,443,444,445,446,447,448,449,450",0.000867888806262325,FALSE,0,0,1,0,17,0,17,0,0.944444444444444
"kappa.o",26,300,0.33,"TRUE","TRUE","FALSE","16.6451649133408","8.31752139712312","8.32764351621765","3.609","0.101","0.297","2,3,4,5,6,7,8,9,443,444,445,446,447,448,449,450",0.000999863417731061,FALSE,0,0,1,1,16,0,16,0,0.888888888888889
"kappa.o",27,300,0.33,"TRUE","TRUE","FALSE","17.1879505364636","8.18453592466168","9.00341461180196","3.047","0.1","0.283","2,3,4,5,6,7,8,9,442,443,444,445,446,447,448,449,450",0.000535341830482554,FALSE,0,0,1,0,17,0,17,0,0.944444444444444
"kappa.o",28,300,0.33,"TRUE","TRUE","FALSE","17.5958501874255","8.58827968302954","9.00757050439596","3.367","0.104","0.312","2,3,4,5,6,7,8,9,442,443,444,445,446,447,448,449,450",0.000372985211804807,FALSE,0,0,1,0,17,0,17,0,0.944444444444444
"kappa.o",29,300,0.33,"TRUE","TRUE","FALSE","17.9496254385522","8.95880076502513","8.99082467352705","3.263","0.109","0.299","1,2,3,4,5,6,7,8,9,442,443,444,445,446,447,448,449,450",0.000170897615950084,TRUE,0,0,0,0,18,0,18,0,1
"kappa.o",3,300,0.33,"TRUE","TRUE","FALSE","18.150574602231","9.144222138309","9.00635246392197","3.592","0.123","0.393","1,2,3,4,5,6,7,8,9,442,443,444,445,446,447,448,449,450",0.000191552370837778,TRUE,0,0,0,0,18,0,18,0,1
"kappa.o",30,300,0.33,"TRUE","TRUE","FALSE","17.2123134700692","8.21233879581563","8.9999746742536","3.755","0.11","0.305","1,3,4,5,6,7,8,9,442,443,444,445,446,447,448,449,450",0.00100320634152218,FALSE,0,0,1,0,17,0,17,0,0.944444444444444
"kappa.o",31,300,0.33,"TRUE","TRUE","FALSE","17.687929285341","9.15322186091061","8.5347074244304","3.777","0.105","0.314","1,2,3,4,5,6,7,8,9,442,443,444,445,446,447,448,449,450",0.000287827085721687,TRUE,0,0,0,0,18,0,18,0,1
"kappa.o",32,300,0.33,"TRUE","TRUE","FALSE","17.1639183967071","8.16054328026842","9.00337511643868","2.998","0.108","0.284","2,3,4,5,6,7,8,9,442,443,444,445,446,447,448,449,450",0.000364419681753688,FALSE,0,0,1,0,17,0,17,0,0.944444444444444
"kappa.o",33,300,0.33,"TRUE","TRUE","FALSE","17.1867027188016","8.27129336519507","8.9154093536065","3.462","0.108","0.315","2,3,4,5,6,7,8,9,442,443,444,445,446,447,448,449,450",0.000421958426411543,FALSE,0,0,1,0,17,0,17,0,0.944444444444444
"kappa.o",34,300,0.33,"TRUE","TRUE","FALSE","17.2552544356181","8.2509782912674","9.00427614435069","3.399","0.11","0.298","2,3,4,5,6,7,8,9,442,443,444,445,446,447,448,449,450",0.000345919401046819,FALSE,0,0,1,0,17,0,17,0,0.944444444444444
"kappa.o",35,300,0.33,"TRUE","TRUE","FALSE","17.8321840993562","8.808692832883","9.0234912664732","4.973","0.121","0.335","2,3,4,5,6,7,8,9,442,443,444,445,446,447,448,449,450",0.000419806687984558,FALSE,0,0,1,0,17,0,17,0,0.944444444444444
"kappa.o",36,300,0.33,"TRUE","TRUE","FALSE","18.0010386544065","8.99619760580775","9.00484104859874","3.828","0.107","0.316","1,2,3,4,5,6,7,8,9,442,443,444,445,446,447,448,449,450",0.000224174776464111,TRUE,0,0,0,0,18,0,18,0,1
"kappa.o",37,300,0.33,"TRUE","TRUE","FALSE","17.2523624911274","8.27892690206327","8.97343558906414","3.854","0.126","0.299","1,2,3,4,5,6,7,8,9,442,443,444,445,446,447,448,449,450",0.000436010196322268,TRUE,0,0,0,0,18,0,18,0,1
"kappa.o",38,300,0.33,"TRUE","TRUE","FALSE","18.52260630787","9.47012194675138","9.05248436111861","4.099","0.121","0.313","1,2,3,4,5,6,7,8,9,442,443,444,445,446,447,448,449,450",0.000139932065757491,TRUE,0,0,0,0,18,0,18,0,1
"kappa.o",39,300,0.33,"TRUE","TRUE","FALSE","18.4523972704285","9.46266435102194","8.98973291940656","4.12","0.135","0.344","1,2,3,4,5,6,7,8,9,442,443,444,445,446,447,448,449,450",0.000200911160969267,TRUE,0,0,0,0,18,0,18,0,1
"kappa.o",4,300,0.33,"TRUE","TRUE","FALSE","18.122183504349","9.13679404688752","8.98538945746146","3.491","0.111","0.3","1,2,3,4,5,6,7,8,9,442,443,444,445,446,447,448,449,450",0.000278951588105876,TRUE,0,0,0,0,18,0,18,0,1
"kappa.o",40,300,0.33,"TRUE","TRUE","FALSE","17.1703606394252","8.16679991238952","9.00356072703568","3.055","0.11","0.298","2,3,4,5,6,7,8,9,442,443,444,445,446,447,448,449,450",0.000429057776506719,FALSE,0,0,1,0,17,0,17,0,0.944444444444444
"kappa.o",41,300,0.33,"TRUE","TRUE","FALSE","17.3173065633548","8.31356713650434","9.00373942685042","3.283","0.102","0.269","2,3,4,5,6,7,8,9,442,443,444,445,446,447,448,449,450",0.000441660775444252,FALSE,0,0,1,0,17,0,17,0,0.944444444444444
"kappa.o",42,300,0.33,"TRUE","TRUE","FALSE","16.8298888468604","8.23971091023001","8.59017793663035","3.724","0.106","0.299","2,3,4,5,6,7,8,9,442,443,444,445,446,447,448,449,450",0.000498093767276936,FALSE,0,0,1,0,17,0,17,0,0.944444444444444
"kappa.o",43,300,0.33,"TRUE","TRUE","FALSE","18.2137076197866","9.21426421485168","8.99944340493494","3.848","0.113","0.291","1,2,3,4,5,6,7,8,9,442,443,444,445,446,447,448,449,450",0.000362901624643975,TRUE,0,0,0,0,18,0,18,0,1
"kappa.o",44,300,0.33,"TRUE","TRUE","FALSE","16.6548652201376","8.16641733407163","8.48844788606595","3.429","0.099","0.289","2,3,4,5,6,7,8,9,443,444,445,446,447,448,449,450",0.00103359618358273,FALSE,0,0,1,1,16,0,16,0,0.888888888888889
"kappa.o",45,300,0.33,"TRUE","TRUE","FALSE","17.2638001605954","8.27260405315128","8.99119610744409","3.921","0.121","0.362","2,3,4,5,6,7,8,9,442,443,444,445,446,447,448,449,450",0.00049914085739018,FALSE,0,0,1,0,17,0,17,0,0.944444444444444
"kappa.o",46,300,0.33,"TRUE","TRUE","FALSE","16.8624004762766","8.65828648583117","8.20411399044545","4.466","0.115","0.29","2,3,4,5,6,7,8,9,443,444,445,446,447,448,449,450",0.00107178244151714,FALSE,0,0,1,1,16,0,16,0,0.888888888888889
"kappa.o",47,300,0.33,"TRUE","TRUE","FALSE","17.9793251836429","8.97598484827003","9.0033403353729","3.296","0.114","0.326","1,2,3,4,5,6,7,8,9,442,443,444,445,446,447,448,449,450",0.000345101145098063,TRUE,0,0,0,0,18,0,18,0,1
"kappa.o",48,300,0.33,"TRUE","TRUE","FALSE","16.4833061130857","7.47625498740234","9.00705112568333","3.481","0.1","0.248","2,3,4,6,7,8,9,442,443,444,445,446,447,448,449,450",0.00119025945068198,FALSE,0,0,2,0,16,0,16,0,0.888888888888889
"kappa.o",49,300,0.33,"TRUE","TRUE","FALSE","16.7754819237762","7.77057185367484","9.0049100701014","4.184","0.119","0.301","2,3,4,6,7,8,9,442,443,444,445,446,447,448,449,450",0.00131187085075678,FALSE,0,0,2,0,16,0,16,0,0.888888888888889
"kappa.o",5,300,0.33,"TRUE","TRUE","FALSE","17.5969074957839","8.59072828718124","9.00617920860267","3.837","0.117","0.348","2,3,4,5,6,7,8,9,442,443,444,445,446,447,448,449,450",0.000589854096180817,FALSE,0,0,1,0,17,0,17,0,0.944444444444444
"kappa.o",50,300,0.33,"TRUE","TRUE","FALSE","17.8649935670962","9.14155757802217","8.72343598907399","4.066","0.104","0.275","1,2,3,4,5,6,7,8,9,442,443,444,445,446,447,448,449,450",0.000240408522630777,TRUE,0,0,0,0,18,0,18,0,1
"kappa.o",51,300,0.33,"TRUE","TRUE","FALSE","17.5801368099701","8.5777918144735","9.0023449954966","3.435","0.111","0.32","2,3,4,5,6,7,8,9,442,443,444,445,446,447,448,449,450",0.000407550946916641,FALSE,0,0,1,0,17,0,17,0,0.944444444444444
"kappa.o",52,300,0.33,"TRUE","TRUE","FALSE","17.1657287921756","8.16169493101111","9.00403386116446","4.176","0.115","0.347","2,3,4,5,6,7,8,9,442,443,444,445,446,447,448,449,450",0.000686331804905432,FALSE,0,0,1,0,17,0,17,0,0.944444444444444
"kappa.o",53,300,0.33,"TRUE","TRUE","FALSE","17.6945564752724","8.69427938351139","9.000277091761","3.323","0.111","0.304","1,2,3,4,5,6,7,8,9,442,443,444,445,446,447,448,449,450",0.000289980681505117,TRUE,0,0,0,0,18,0,18,0,1
"kappa.o",54,300,0.33,"TRUE","TRUE","FALSE","18.1166929888391","9.11268001444022","9.00401297439884","3.209","0.116","0.337","1,2,3,4,5,6,7,8,9,442,443,444,445,446,447,448,449,450",4.52177380044342e-05,TRUE,0,0,0,0,18,0,18,0,1
"kappa.o",55,300,0.33,"TRUE","TRUE","FALSE","17.9321895053282","8.94266478757373","8.98952471775445","3.644","0.107","0.27","1,2,3,4,5,6,7,8,9,442,443,444,445,446,447,448,449,450",0.000216537962030672,TRUE,0,0,0,0,18,0,18,0,1
"kappa.o",56,300,0.33,"TRUE","TRUE","FALSE","17.1348171397395","8.13680747801919","8.99800966172026","3.384","0.099","0.279","2,3,4,5,6,7,8,9,442,443,444,445,446,447,448,449,450",0.000741375303453971,FALSE,0,0,1,0,17,0,17,0,0.944444444444444
"kappa.o",57,300,0.33,"TRUE","TRUE","FALSE","17.9437704241416","8.94065795526829","9.00311246887332","3.153","0.105","0.262","1,2,3,4,5,6,7,8,9,442,443,444,445,446,447,448,449,450",0.000279039924799345,TRUE,0,0,0,0,18,0,18,0,1
"kappa.o",58,300,0.33,"TRUE","TRUE","FALSE","18.2454077020203","9.25649944296936","8.98890825905098","3.568","0.092","0.236","1,2,3,4,5,6,7,8,9,442,443,444,445,446,447,448,449,450",0.000422625389860235,TRUE,0,0,0,0,18,0,18,0,1
"kappa.o",59,300,0.33,"TRUE","TRUE","FALSE","17.2337462019006","8.2218564914114","9.0118897104892","3.185","0.11","0.319","2,3,4,5,6,7,8,9,442,443,444,445,446,447,448,449,450",0.00064573017257806,FALSE,0,0,1,0,17,0,17,0,0.944444444444444
"kappa.o",6,300,0.33,"TRUE","TRUE","FALSE","16.8597375153101","8.30851836747263","8.55121914783752","3.78","0.117","0.307","2,3,4,5,6,7,8,9,442,443,444,445,446,447,448,449,450",0.000508963405563733,FALSE,0,0,1,0,17,0,17,0,0.944444444444444
"kappa.o",60,300,0.33,"TRUE","TRUE","FALSE","17.2849138091035","8.36319831302397","8.92171549607951","3.911","0.105","0.27","2,3,4,5,6,7,8,9,442,443,444,445,446,447,448,449,450",0.000576658356483918,FALSE,0,0,1,0,17,0,17,0,0.944444444444444
"kappa.o",61,300,0.33,"TRUE","TRUE","FALSE","17.2301258180194","8.22436459823331","9.00576121978611","3.296","0.111","0.31","2,3,4,5,6,7,8,9,442,443,444,445,446,447,448,449,450",0.000545861758838656,FALSE,0,0,1,0,17,0,17,0,0.944444444444444
"kappa.o",62,300,0.33,"TRUE","TRUE","FALSE","18.1019696319559","9.09705122034869","9.00491841160722","3.374","0.128","0.344","1,2,3,4,5,6,7,8,9,442,443,444,445,446,447,448,449,450",0.000156386939835201,TRUE,0,0,0,0,18,0,18,0,1
"kappa.o",63,300,0.33,"TRUE","TRUE","FALSE","17.8754316453174","8.91814812953959","8.95728351577778","3.57","0.092","0.26","1,2,3,4,5,6,7,8,9,442,443,444,445,446,447,448,449,450",0.000174678130781154,TRUE,0,0,0,0,18,0,18,0,1
"kappa.o",64,300,0.33,"TRUE","TRUE","FALSE","17.1556892306822","8.15244747188945","9.00324175879278","2.936","0.108","0.317","2,3,4,5,6,7,8,9,442,443,444,445,446,447,448,449,450",0.000387588023912474,FALSE,0,0,1,0,17,0,17,0,0.944444444444444
"kappa.o",65,300,0.33,"TRUE","TRUE","FALSE","18.157740193568","9.1556135890829","9.00212660448507","3.114","0.112","0.279","1,2,3,4,5,6,7,8,9,442,443,444,445,446,447,448,449,450",0.000467508943121771,TRUE,0,0,0,0,18,0,18,0,1
"kappa.o",66,300,0.33,"TRUE","TRUE","FALSE","17.2639236861054","8.28158413779857","8.98233954830681","4.695","0.114","0.309","2,3,4,5,6,7,8,9,442,443,444,445,446,447,448,449,450",0.000396953513730707,FALSE,0,0,1,0,17,0,17,0,0.944444444444444
"kappa.o",67,300,0.33,"TRUE","TRUE","FALSE","17.941538400208","9.11991905932942","8.82161934087859","3.917","0.12","0.337","1,2,3,4,5,6,7,8,9,442,443,444,445,446,447,448,449,450",0.000238942775856299,TRUE,0,0,0,0,18,0,18,0,1
"kappa.o",68,300,0.33,"TRUE","TRUE","FALSE","17.9728899006242","8.96530613447168","9.00758376615253","3.67","0.107","0.343","1,2,3,4,5,6,7,8,9,442,443,444,445,446,447,448,449,450",0.000200327865682125,TRUE,0,0,0,0,18,0,18,0,1
"kappa.o",69,300,0.33,"TRUE","TRUE","FALSE","17.6034725685952","9.43517475707459","8.16829781152059","4.292","0.117","0.333","1,2,3,4,5,6,7,8,9,443,444,445,446,447,448,449,450",0.000867544323935838,FALSE,0,0,0,1,17,0,17,0,0.944444444444444
"kappa.o",7,300,0.33,"TRUE","TRUE","FALSE","18.5247680152202","9.66336119200986","8.86140682321036","4.432","0.119","0.389","1,2,3,4,5,6,7,8,9,221,442,443,444,445,446,447,448,449,450",0.000442966584259196,FALSE,1,0,0,0,19,1,18,0.0526315789473684,1
"kappa.o",70,300,0.33,"TRUE","TRUE","FALSE","17.26753588229","8.26446573297571","9.00307014931425","3.679","0.093","0.275","2,3,4,5,6,7,8,9,442,443,444,445,446,447,448,449,450",0.000407702839715554,FALSE,0,0,1,0,17,0,17,0,0.944444444444444
"kappa.o",71,300,0.33,"TRUE","TRUE","FALSE","17.3967854654502","8.52632207046971","8.87046339498051","4.309","0.105","0.321","2,3,4,5,6,7,8,9,442,443,444,445,446,447,448,449,450",0.000556543929874483,FALSE,0,0,1,0,17,0,17,0,0.944444444444444
"kappa.o",72,300,0.33,"TRUE","TRUE","FALSE","17.2575346687885","8.25375012000468","9.00378454878386","3.413","0.131","0.304","2,3,4,5,6,7,8,9,442,443,444,445,446,447,448,449,450",0.000625740415752736,FALSE,0,0,1,0,17,0,17,0,0.944444444444444
"kappa.o",73,300,0.33,"TRUE","TRUE","FALSE","18.1510421845555","9.14592216982998","9.00512001472547","3.027","0.108","0.28","1,2,3,4,5,6,7,8,9,442,443,444,445,446,447,448,449,450",0.000227260784661462,TRUE,0,0,0,0,18,0,18,0,1
"kappa.o",74,300,0.33,"TRUE","TRUE","FALSE","17.4039828298431","8.40049259023116","9.00349023961191","3.393","0.091","0.28","2,3,4,5,6,7,8,9,442,443,444,445,446,447,448,449,450",0.000553841401513883,FALSE,0,0,1,0,17,0,17,0,0.944444444444444
"kappa.o",75,300,0.33,"TRUE","TRUE","FALSE","18.1427054514272","9.12720655671102","9.01549889471623","3.037","0.105","0.316","1,2,3,4,5,6,7,8,9,442,443,444,445,446,447,448,449,450",0.000186128560945755,TRUE,0,0,0,0,18,0,18,0,1
"kappa.o",76,300,0.33,"TRUE","TRUE","FALSE","17.9278798828809","8.91927038912953","9.00860949375133","3.514","0.11","0.33","1,2,3,4,5,6,7,8,9,442,443,444,445,446,447,448,449,450",0.000262529606616384,TRUE,0,0,0,0,18,0,18,0,1
"kappa.o",77,300,0.33,"TRUE","TRUE","FALSE","17.3225349747065","8.31666385417616","9.00587112053035","3.493","0.116","0.311","2,3,4,5,6,7,8,9,442,443,444,445,446,447,448,449,450",0.000607507547907115,FALSE,0,0,1,0,17,0,17,0,0.944444444444444
"kappa.o",78,300,0.33,"TRUE","TRUE","FALSE","17.8819135441386","8.87885106430324","9.00306247983539","3.523","0.12","0.324","1,2,3,4,5,6,7,8,9,442,443,444,445,446,447,448,449,450",0.000139456778742887,TRUE,0,0,0,0,18,0,18,0,1
"kappa.o",79,300,0.33,"TRUE","TRUE","FALSE","17.2101835215193","8.2066581173862","9.00352540413307","3.208","0.109","0.289","2,3,4,5,6,7,8,9,442,443,444,445,446,447,448,449,450",0.000455772217478021,FALSE,0,0,1,0,17,0,17,0,0.944444444444444
"kappa.o",8,300,0.33,"TRUE","TRUE","FALSE","17.7978214186616","8.79410441398693","9.0037170046747","3.717","0.109","0.318","1,2,3,4,5,6,7,8,9,442,443,444,445,446,447,448,449,450",0.000413689782812249,TRUE,0,0,0,0,18,0,18,0,1
"kappa.o",80,300,0.33,"TRUE","TRUE","FALSE","16.1855254335429","7.17885150136767","9.00667393217524","2.976","0.11","0.264","2,3,4,6,7,8,9,442,443,444,445,446,447,448,449,450",0.00132649998525163,FALSE,0,0,2,0,16,0,16,0,0.888888888888889
"kappa.o",81,300,0.33,"TRUE","TRUE","FALSE","17.475652894638","8.47516840973896","9.00048448489908","3.966","0.107","0.292","1,2,3,4,5,6,7,8,9,442,443,444,445,446,447,448,449,450",0.000297513349851249,TRUE,0,0,0,0,18,0,18,0,1
"kappa.o",82,300,0.33,"TRUE","TRUE","FALSE","17.9998362712666","9.04550622856963","8.95433004269701","3.827","0.098","0.309","1,2,3,4,5,6,7,8,9,442,443,444,445,446,447,448,449,450",0.00026718227971879,TRUE,0,0,0,0,18,0,18,0,1
"kappa.o",83,300,0.33,"TRUE","TRUE","FALSE","17.8339581493897","8.82639628370183","9.00756186568782","3.53","0.105","0.292","1,2,3,4,5,6,7,8,9,442,443,444,445,446,447,448,449,450",0.00025642028741417,TRUE,0,0,0,0,18,0,18,0,1
"kappa.o",84,300,0.33,"TRUE","TRUE","FALSE","17.2263934799157","8.21199978049552","9.01439369942014","3.624","0.105","0.282","2,3,4,5,6,7,8,9,442,443,444,445,446,447,448,449,450",0.000374156064499139,FALSE,0,0,1,0,17,0,17,0,0.944444444444444
"kappa.o",85,300,0.33,"TRUE","TRUE","FALSE","16.5798225708337","7.57656519483884","9.00325737599486","3.51","0.108","0.309","2,3,4,6,7,8,9,442,443,444,445,446,447,448,449,450",0.00124876415933437,FALSE,0,0,2,0,16,0,16,0,0.888888888888889
"kappa.o",86,300,0.33,"TRUE","TRUE","FALSE","17.7292931525595","8.72502906699689","9.00426408556258","3.38","0.098","0.273","1,2,3,4,5,6,7,8,9,442,443,444,445,446,447,448,449,450",8.02864407084327e-05,TRUE,0,0,0,0,18,0,18,0,1
"kappa.o",87,300,0.33,"TRUE","TRUE","FALSE","18.1357692880081","9.12506044374508","9.01070884426299","3.146","0.098","0.303","1,2,3,4,5,6,7,8,9,442,443,444,445,446,447,448,449,450",0.00021387827367708,TRUE,0,0,0,0,18,0,18,0,1
"kappa.o",88,300,0.33,"TRUE","TRUE","FALSE","17.4603804421913","8.45547409203287","9.00490635015842","3.345","0.108","0.33","2,3,4,5,6,7,8,9,442,443,444,445,446,447,448,449,450",0.00042252507581224,FALSE,0,0,1,0,17,0,17,0,0.944444444444444
"kappa.o",89,300,0.33,"TRUE","TRUE","FALSE","18.1542011002763","9.14786013779224","9.00634096248403","3.059","0.112","0.317","1,2,3,4,5,6,7,8,9,442,443,444,445,446,447,448,449,450",0.000385209338982412,TRUE,0,0,0,0,18,0,18,0,1
"kappa.o",9,300,0.33,"TRUE","TRUE","FALSE","17.6924483914253","8.69072813522361","9.0017202562017","4.07","0.115","0.3","1,2,3,4,5,6,7,8,9,442,443,444,445,446,447,448,449,450",0.000360462097599243,TRUE,0,0,0,0,18,0,18,0,1
"kappa.o",90,300,0.33,"TRUE","TRUE","FALSE","16.7781164270355","7.77609396488882","9.00202246214673","3.81","0.106","0.298","2,3,4,6,7,8,9,442,443,444,445,446,447,448,449,450",0.00108097244809252,FALSE,0,0,2,0,16,0,16,0,0.888888888888889
"kappa.o",91,300,0.33,"TRUE","TRUE","FALSE","17.197373058645","9.12409771358869","8.07327534505634","3.091","0.103","0.252","1,2,3,4,5,6,7,8,9,443,444,445,446,447,448,449,450",0.00073290234368114,FALSE,0,0,0,1,17,0,17,0,0.944444444444444
"kappa.o",92,300,0.33,"TRUE","TRUE","FALSE","17.230449135797","8.22487608642757","9.00557304936945","3.805","0.116","0.318","2,3,4,5,6,7,8,9,442,443,444,445,446,447,448,449,450",0.000588807193108904,FALSE,0,0,1,0,17,0,17,0,0.944444444444444
"kappa.o",93,300,0.33,"TRUE","TRUE","FALSE","18.0301273873199","9.03067727994712","8.99945010737274","4.083","0.114","0.319","2,3,4,5,6,7,8,9,159,442,443,444,445,446,447,448,449,450",0.000821156178970745,FALSE,1,0,1,0,18,1,17,0.0555555555555556,0.944444444444444
"kappa.o",94,300,0.33,"TRUE","TRUE","FALSE","18.1725517252649","9.22480183483203","8.94774989043291","4.293","0.107","0.281","1,2,3,4,5,6,7,8,9,442,443,444,445,446,447,448,449,450",0.000407551333422252,TRUE,0,0,0,0,18,0,18,0,1
"kappa.o",95,300,0.33,"TRUE","TRUE","FALSE","17.1067391046208","8.10249972657285","9.00423937804799","3.096","0.113","0.32","2,3,4,5,6,7,8,9,442,443,444,445,446,447,448,449,450",0.000485320292723094,FALSE,0,0,1,0,17,0,17,0,0.944444444444444
"kappa.o",96,300,0.33,"TRUE","TRUE","FALSE","18.8550440005049","9.85117405851678","9.00386994198809","3.912","0.122","0.361","1,2,3,4,5,6,7,8,9,258,442,443,444,445,446,447,448,449,450",0.000485506223951189,FALSE,1,0,0,0,19,1,18,0.0526315789473684,1
"kappa.o",97,300,0.33,"TRUE","TRUE","FALSE","17.3118756704182","8.3083268723547","9.00354879806346","3.31","0.114","0.359","2,3,4,5,6,7,8,9,442,443,444,445,446,447,448,449,450",0.00043840508232138,FALSE,0,0,1,0,17,0,17,0,0.944444444444444
"kappa.o",98,300,0.33,"TRUE","TRUE","FALSE","16.8112193768216","7.80670320241047","9.00451617441109","3.605","0.105","0.29","2,3,4,5,6,7,8,9,442,443,444,445,446,447,448,449,450",0.000514220723560351,FALSE,0,0,1,0,17,0,17,0,0.944444444444444
"kappa.o",99,300,0.33,"TRUE","TRUE","FALSE","17.6177895422856","9.04377979453116","8.57400974775448","3.934","0.099","0.245","1,2,3,4,5,6,7,8,9,442,443,444,445,446,447,448,449,450",0.000208007634402605,TRUE,0,0,0,0,18,0,18,0,1
"lasso.cv",1,300,0.33,"TRUE","TRUE","FALSE","16.4646060534021","7.48012163390299","8.98448441949913","3.27","0.109","0.292","1,2,3,4,5,6,7,8,9,14,23,28,42,43,59,63,68,80,93,104,107,109,110,130,135,156,165,171,178,186,220,235,246,260,262,265,268,279,295,297,306,315,322,335,352,364,372,388,406,407,412,440,442,443,444,445,446,447,448,449,450,462",0.00101941903875082,FALSE,43,1,0,0,62,44,18,0.709677419354839,1
"lasso.cv",10,300,0.33,"TRUE","TRUE","FALSE","17.5150498364129","8.50617767994518","9.00887215646771","3.693","0.11","0.316","1,2,3,4,5,6,7,8,9,11,15,19,24,36,40,72,104,110,112,147,190,192,195,198,216,222,226,234,235,243,265,271,274,287,288,295,323,326,339,356,366,377,379,383,385,388,396,410,428,432,440,442,443,444,445,446,447,448,449,450,466",0.00105798790661545,FALSE,42,1,0,0,61,43,18,0.704918032786885,1
"lasso.cv",100,300,0.33,"TRUE","TRUE","FALSE","17.1766614877175","8.17275389971737","9.00390758800016","3.384","0.115","0.287","1,2,3,4,5,6,7,8,9,10,25,34,36,37,40,42,45,63,72,75,77,90,93,124,128,130,142,157,161,185,190,191,202,230,242,279,302,315,324,333,343,363,364,367,370,378,387,403,405,406,408,432,436,437,442,443,444,445,446,447,448,449,450,456",0.00144959901565679,FALSE,45,1,0,0,64,46,18,0.71875,1
"lasso.cv",11,300,0.33,"TRUE","TRUE","FALSE","17.5603381909279","8.56017756278257","9.0001606281453","3.494","0.118","0.356","1,2,3,4,5,6,7,8,9,11,15,22,28,31,34,36,64,65,83,88,103,104,107,132,140,162,179,185,186,187,191,198,226,227,230,238,251,274,282,293,321,322,323,324,352,354,356,364,365,381,404,406,426,440,442,443,444,445,446,447,448,449,450,455,458",0.00117076775258102,FALSE,45,2,0,0,65,47,18,0.723076923076923,1
"lasso.cv",12,300,0.33,"TRUE","TRUE","FALSE","18.1957344768699","9.25805851942726","8.93767595744263","3.474","0.11","0.315","1,2,3,4,5,6,7,8,9,20,24,85,86,92,95,96,98,103,110,132,134,168,178,183,195,196,208,211,218,220,227,234,246,250,256,257,268,274,293,294,295,301,324,333,336,339,340,361,372,385,389,405,420,435,442,443,444,445,446,447,448,449,450",0.0013986988612651,FALSE,45,0,0,0,63,45,18,0.714285714285714,1
"lasso.cv",13,300,0.33,"TRUE","TRUE","FALSE","18.110368366139","9.10758933942403","9.00277902671497","3.01","0.095","0.279","1,2,3,4,5,6,7,8,9,13,27,37,44,62,63,66,84,103,117,131,135,136,140,156,198,215,235,250,285,297,304,324,331,345,354,361,366,374,385,405,408,414,425,432,442,443,444,445,446,447,448,449,450,458",0.000943752578782727,FALSE,35,1,0,0,54,36,18,0.666666666666667,1
"lasso.cv",14,300,0.33,"TRUE","TRUE","FALSE","16.2264376179764","7.22904772280057","8.99738989517585","3.159","0.103","0.304","1,2,3,4,5,6,7,8,9,25,28,36,42,47,49,69,75,84,88,110,111,112,127,128,134,140,142,162,165,179,208,211,230,239,252,272,291,296,298,301,314,337,397,398,401,406,412,417,421,436,442,443,444,445,446,447,448,449,450",0.00108092618226026,FALSE,41,0,0,0,59,41,18,0.694915254237288,1
"lasso.cv",15,300,0.33,"TRUE","TRUE","FALSE","17.2432016349594","8.23844076811942","9.00476086683998","3.392","0.094","0.3","1,2,3,4,5,6,7,8,9,13,15,26,70,81,83,103,104,105,106,112,118,132,168,236,263,265,314,321,324,344,345,365,371,383,386,400,406,418,424,426,431,440,442,443,444,445,446,447,448,449,450,463,466",0.000890598725322922,FALSE,33,2,0,0,53,35,18,0.660377358490566,1
"lasso.cv",16,300,0.33,"TRUE","TRUE","FALSE","17.2003056365693","8.19611827692808","9.00418735964126","3.11","0.097","0.264","1,2,3,4,5,6,7,8,9,24,42,45,71,82,97,104,106,109,113,116,125,131,132,155,165,178,198,212,222,228,233,234,246,258,286,294,308,315,321,342,354,363,364,385,397,426,432,433,434,442,443,444,445,446,447,448,449,450",0.000708801948449219,FALSE,40,0,0,0,58,40,18,0.689655172413793,1
"lasso.cv",17,300,0.33,"TRUE","TRUE","FALSE","17.8537526947473","8.85021800582619","9.00353468892114","3.316","0.105","0.291","1,2,3,4,5,6,7,8,9,14,22,37,42,54,59,73,74,77,78,81,88,103,112,118,127,140,195,201,224,226,245,246,249,255,279,315,324,335,336,340,347,373,384,389,390,398,406,411,417,429,442,443,444,445,446,447,448,449,450,462",0.00109997198107015,FALSE,41,1,0,0,60,42,18,0.7,1
"lasso.cv",18,300,0.33,"TRUE","TRUE","FALSE","17.2321013392517","8.22866730709415","9.00343403215752","3.228","0.12","0.332","1,2,3,4,5,6,7,8,9,24,29,68,74,75,93,97,99,101,110,112,116,120,131,156,160,163,170,177,178,181,210,216,220,222,227,230,234,239,245,250,257,263,273,284,301,307,312,314,318,324,337,351,354,361,364,372,373,406,415,433,437,442,443,444,445,446,447,448,449,450,459,462",0.00122811209870322,FALSE,52,2,0,0,72,54,18,0.75,1
"lasso.cv",19,300,0.33,"TRUE","TRUE","FALSE","17.1135675380133","8.11488184068825","8.99868569732507","2.886","0.104","0.272","1,2,3,4,5,6,7,8,9,13,14,18,21,23,27,34,42,67,75,76,86,89,104,127,141,142,146,148,150,171,178,190,209,218,255,262,268,272,275,286,290,321,344,354,361,366,381,389,397,403,405,440,442,443,444,445,446,447,448,449,450,461",0.00106779795363376,FALSE,43,1,0,0,62,44,18,0.709677419354839,1
"lasso.cv",2,300,0.33,"TRUE","TRUE","FALSE","17.6597266247475","8.98097627950475","8.67875034524276","3.773","0.113","0.393","1,2,3,4,5,6,7,8,9,13,23,28,35,36,44,57,60,65,78,90,99,110,128,132,190,211,231,241,257,288,290,300,301,307,337,340,345,350,406,418,420,426,439,442,443,444,445,446,447,448,449,450,459,463,464",0.000990193682926827,FALSE,34,3,0,0,55,37,18,0.672727272727273,1
"lasso.cv",20,300,0.33,"TRUE","TRUE","FALSE","17.5056164134541","8.50724139611193","8.99837501734217","3.746","0.105","0.297","1,2,3,4,5,6,7,8,9,21,37,41,42,46,49,52,74,78,82,101,104,107,110,112,115,118,129,137,167,178,181,222,229,230,233,251,257,299,309,315,320,329,336,360,380,382,383,391,392,400,403,426,433,434,440,442,443,444,445,446,447,448,449,450,461,465,466",0.00113716642116306,FALSE,46,3,0,0,67,49,18,0.73134328358209,1
"lasso.cv",21,300,0.33,"TRUE","TRUE","FALSE","17.4513858153578","8.44623327844433","9.00515253691342","3.639","0.114","0.315","1,2,3,4,5,6,7,8,9,18,20,42,47,66,82,103,104,125,127,144,162,165,170,171,178,201,210,229,234,239,240,250,268,271,293,304,338,345,357,384,385,394,396,404,405,424,427,442,443,444,445,446,447,448,449,450,454,459,466",0.0011620818027316,FALSE,38,3,0,0,59,41,18,0.694915254237288,1
"lasso.cv",22,300,0.33,"TRUE","TRUE","FALSE","17.9121526694051","8.90670758566372","9.00544508374137","3.556","0.119","0.337","1,2,3,4,5,6,7,8,9,14,18,85,91,99,103,104,111,112,125,132,144,146,147,154,162,165,170,172,173,178,181,189,190,195,200,210,227,228,231,252,255,262,269,276,280,282,304,313,336,357,359,365,367,378,380,385,395,403,405,425,426,432,436,440,442,443,444,445,446,447,448,449,450,457,458,465",0.00107619209290881,FALSE,55,3,0,0,76,58,18,0.763157894736842,1
"lasso.cv",23,300,0.33,"TRUE","TRUE","FALSE","18.1426607968273","9.13885126608944","9.00380953073783","3.098","0.101","0.289","1,2,3,4,5,6,7,8,9,20,22,31,41,47,49,74,92,96,102,109,110,127,129,162,180,183,185,211,223,235,241,245,255,275,286,287,307,308,331,372,389,393,401,402,408,417,418,424,436,438,440,442,443,444,445,446,447,448,449,450,453,456",0.000720148037002101,FALSE,42,2,0,0,62,44,18,0.709677419354839,1
"lasso.cv",24,300,0.33,"TRUE","TRUE","FALSE","16.9166330545481","8.01879731791609","8.897835736632","3.538","0.101","0.265","1,2,3,4,5,6,7,8,9,16,28,38,41,43,54,65,74,78,107,114,129,132,137,140,168,178,180,208,210,233,245,278,282,295,309,318,321,333,339,348,349,363,364,380,406,417,427,442,443,444,445,446,447,448,449,450,457",0.000950228144968967,FALSE,38,1,0,0,57,39,18,0.684210526315789,1
"lasso.cv",25,300,0.33,"TRUE","TRUE","FALSE","17.4298287672536","8.42519783334002","9.00463093391356","3.254","0.104","0.315","1,2,3,4,5,6,7,8,9,29,55,65,71,73,74,82,85,86,87,96,117,120,122,131,175,208,210,211,216,218,234,239,250,255,262,267,268,269,284,286,291,295,301,303,320,325,328,339,342,361,372,378,401,417,425,433,442,443,444,445,446,447,448,449,450,462,464,467",0.00120497633059063,FALSE,47,3,0,0,68,50,18,0.735294117647059,1
"lasso.cv",26,300,0.33,"TRUE","TRUE","FALSE","16.6451649133408","8.31752139712312","8.32764351621765","3.609","0.101","0.297","1,2,3,4,5,6,7,8,9,29,46,49,56,66,104,105,107,111,112,113,121,122,130,152,170,190,220,222,227,235,251,280,292,299,308,314,318,325,367,368,393,398,405,408,411,413,432,433,442,443,444,445,446,447,448,449,450,462,465",0.00123902206342749,FALSE,39,2,0,0,59,41,18,0.694915254237288,1
"lasso.cv",27,300,0.33,"TRUE","TRUE","FALSE","17.1879505364636","8.18453592466168","9.00341461180196","3.047","0.1","0.283","1,2,3,4,5,6,7,8,9,15,18,23,42,45,47,62,87,99,109,123,130,131,132,138,168,174,202,228,230,232,243,246,260,275,284,295,296,307,319,322,339,342,367,400,423,440,442,443,444,445,446,447,448,449,450,453,459",0.000933465180292031,FALSE,37,2,0,0,57,39,18,0.684210526315789,1
"lasso.cv",28,300,0.33,"TRUE","TRUE","FALSE","17.5958501874255","8.58827968302954","9.00757050439596","3.367","0.104","0.312","1,2,3,4,5,6,7,8,9,15,16,19,44,56,71,73,78,97,112,113,121,140,144,147,166,167,171,173,187,191,210,211,222,226,233,234,246,264,315,333,337,342,374,376,378,405,425,426,437,440,442,443,444,445,446,447,448,449,450,451,465,466",0.000921213553196458,FALSE,41,3,0,0,62,44,18,0.709677419354839,1
"lasso.cv",29,300,0.33,"TRUE","TRUE","FALSE","17.9496254385522","8.95880076502513","8.99082467352705","3.263","0.109","0.299","1,2,3,4,5,6,7,8,9,31,43,63,65,71,84,87,90,107,111,130,144,149,221,227,231,245,266,282,290,296,297,304,312,321,322,323,324,329,354,367,377,380,385,402,410,414,421,424,426,432,442,443,444,445,446,447,448,449,450,462",0.00100944090020462,FALSE,41,1,0,0,60,42,18,0.7,1
"lasso.cv",3,300,0.33,"TRUE","TRUE","FALSE","18.150574602231","9.144222138309","9.00635246392197","3.592","0.123","0.393","1,2,3,4,5,6,7,8,9,16,21,29,41,59,63,68,84,85,90,107,108,110,121,122,123,136,140,145,157,162,190,192,202,207,211,227,246,255,262,285,287,289,294,295,303,307,314,321,322,324,343,358,385,400,405,406,419,428,432,436,442,443,444,445,446,447,448,449,450,451,452,457,460,464,465",0.00123353786554193,FALSE,51,6,0,0,75,57,18,0.76,1
"lasso.cv",30,300,0.33,"TRUE","TRUE","FALSE","17.2123134700692","8.21233879581563","8.9999746742536","3.755","0.11","0.305","1,2,3,4,5,6,7,8,9,13,29,35,36,40,59,78,90,96,99,106,138,140,147,157,174,175,178,195,202,210,213,228,230,262,273,280,282,295,308,315,324,326,336,337,341,345,361,365,367,379,400,402,417,429,432,436,442,443,444,445,446,447,448,449,450",0.00147237142479678,FALSE,47,0,0,0,65,47,18,0.723076923076923,1
"lasso.cv",31,300,0.33,"TRUE","TRUE","FALSE","17.687929285341","9.15322186091061","8.5347074244304","3.777","0.105","0.314","1,2,3,4,5,6,7,8,9,16,21,25,28,30,40,50,71,99,108,112,118,126,127,151,165,179,190,191,192,195,215,226,228,236,269,272,282,289,311,315,327,349,357,369,372,399,400,405,414,419,427,442,443,444,445,446,447,448,449,450,451,456,460,462",0.000923240237800156,FALSE,42,4,0,0,64,46,18,0.71875,1
"lasso.cv",32,300,0.33,"TRUE","TRUE","FALSE","17.1639183967071","8.16054328026842","9.00337511643868","2.998","0.108","0.284","1,2,3,4,5,6,7,8,9,13,20,36,41,44,58,103,112,125,131,140,158,169,170,178,202,212,213,227,229,256,262,279,281,286,306,336,346,348,357,387,396,400,420,426,442,443,444,445,446,447,448,449,450,458",0.000913468527469636,FALSE,35,1,0,0,54,36,18,0.666666666666667,1
"lasso.cv",33,300,0.33,"TRUE","TRUE","FALSE","17.1867027188016","8.27129336519507","8.9154093536065","3.462","0.108","0.315","1,2,3,4,5,6,7,8,9,15,28,30,35,46,55,89,92,100,128,132,134,136,152,155,156,158,163,171,185,192,209,214,219,226,230,242,246,249,259,261,269,286,291,301,304,307,319,323,328,334,338,353,383,391,406,408,434,442,443,444,445,446,447,448,449,450,459,462",0.00100884559423532,FALSE,48,2,0,0,68,50,18,0.735294117647059,1
"lasso.cv",34,300,0.33,"TRUE","TRUE","FALSE","17.2552544356181","8.2509782912674","9.00427614435069","3.399","0.11","0.298","1,2,3,4,5,6,7,8,9,29,31,71,74,90,99,104,106,112,116,141,144,145,146,157,178,180,185,190,210,215,240,246,259,314,315,323,325,326,333,338,348,354,360,361,391,408,416,417,419,422,430,436,442,443,444,445,446,447,448,449,450,457",0.0012025005759003,FALSE,43,1,0,0,62,44,18,0.709677419354839,1
"lasso.cv",35,300,0.33,"TRUE","TRUE","FALSE","17.8321840993562","8.808692832883","9.0234912664732","4.973","0.121","0.335","1,2,3,4,5,6,7,8,9,13,15,19,20,22,39,42,73,75,94,102,103,104,120,127,145,156,162,172,173,180,185,195,201,210,223,235,249,263,273,279,280,287,291,300,302,323,328,365,385,386,397,399,403,406,410,426,435,442,443,444,445,446,447,448,449,450,453,456,462",0.0015222459187389,FALSE,48,3,0,0,69,51,18,0.739130434782609,1
"lasso.cv",36,300,0.33,"TRUE","TRUE","FALSE","18.0010386544065","8.99619760580775","9.00484104859874","3.828","0.107","0.316","1,2,3,4,5,6,7,8,9,13,34,36,55,73,84,90,97,103,114,123,131,134,152,156,160,176,178,183,190,192,194,195,198,209,234,245,269,273,289,290,339,345,361,365,367,373,387,392,401,406,417,425,436,442,443,444,445,446,447,448,449,450",0.00104641058538492,FALSE,44,0,0,0,62,44,18,0.709677419354839,1
"lasso.cv",37,300,0.33,"TRUE","TRUE","FALSE","17.2523624911274","8.27892690206327","8.97343558906414","3.854","0.126","0.299","1,2,3,4,5,6,7,8,9,14,21,34,37,43,47,49,63,74,78,87,99,109,172,173,178,188,198,202,207,212,222,230,235,252,289,303,321,357,365,386,387,389,400,403,406,427,432,442,443,444,445,446,447,448,449,450,462,465",0.00113895780057252,FALSE,38,2,0,0,58,40,18,0.689655172413793,1
"lasso.cv",38,300,0.33,"TRUE","TRUE","FALSE","18.52260630787","9.47012194675138","9.05248436111861","4.099","0.121","0.313","1,2,3,4,5,6,7,8,9,55,69,70,77,84,88,89,98,103,121,133,137,146,151,173,178,179,184,185,196,210,213,217,222,223,229,256,264,272,286,291,298,301,303,327,351,355,385,415,419,426,433,437,442,443,444,445,446,447,448,449,450,458",0.000836203815339315,FALSE,43,1,0,0,62,44,18,0.709677419354839,1
"lasso.cv",39,300,0.33,"TRUE","TRUE","FALSE","18.4523972704285","9.46266435102194","8.98973291940656","4.12","0.135","0.344","1,2,3,4,5,6,7,8,9,36,37,45,48,59,71,73,77,79,90,101,103,122,123,125,127,132,139,147,163,171,196,212,218,222,225,227,239,246,254,273,282,287,296,303,316,332,354,357,358,363,367,405,406,407,408,417,425,429,435,442,443,444,445,446,447,448,449,450,454,457,462,466",0.00117203171866973,FALSE,50,4,0,0,72,54,18,0.75,1
"lasso.cv",4,300,0.33,"TRUE","TRUE","FALSE","18.122183504349","9.13679404688752","8.98538945746146","3.491","0.111","0.3","1,2,3,4,5,6,7,8,9,20,29,62,66,74,79,84,103,104,111,113,118,123,128,140,160,163,164,169,178,189,202,209,216,222,227,228,249,257,258,260,269,271,286,291,304,317,320,322,331,336,341,354,361,380,406,408,417,432,436,442,443,444,445,446,447,448,449,450,456,457,462",0.00117305898916976,FALSE,50,3,0,0,71,53,18,0.746478873239437,1
"lasso.cv",40,300,0.33,"TRUE","TRUE","FALSE","17.1703606394252","8.16679991238952","9.00356072703568","3.055","0.11","0.298","1,2,3,4,5,6,7,8,9,13,15,44,63,78,82,100,125,129,132,152,174,175,179,197,202,206,215,222,247,264,280,290,298,312,325,330,337,345,350,357,362,383,384,389,396,400,407,426,427,442,443,444,445,446,447,448,449,450,451,464",0.000675523812271546,FALSE,40,2,0,0,60,42,18,0.7,1
"lasso.cv",41,300,0.33,"TRUE","TRUE","FALSE","17.3173065633548","8.31356713650434","9.00373942685042","3.283","0.102","0.269","1,2,3,4,5,6,7,8,9,16,34,52,70,71,72,75,78,89,99,107,110,165,166,190,197,215,234,243,246,247,255,262,268,292,295,298,315,323,339,349,356,361,363,365,374,380,417,421,429,440,442,443,444,445,446,447,448,449,450",0.00107789941369578,FALSE,41,0,0,0,59,41,18,0.694915254237288,1
"lasso.cv",42,300,0.33,"TRUE","TRUE","FALSE","16.8298888468604","8.23971091023001","8.59017793663035","3.724","0.106","0.299","1,2,3,4,5,6,7,8,9,34,37,70,73,102,115,119,156,165,169,182,184,201,227,228,237,245,254,275,277,292,309,323,325,328,342,357,359,369,375,377,384,387,389,396,425,442,443,444,445,446,447,448,449,450,454,458,459",0.00123885285715331,FALSE,36,3,0,0,57,39,18,0.684210526315789,1
"lasso.cv",43,300,0.33,"TRUE","TRUE","FALSE","18.2137076197866","9.21426421485168","8.99944340493494","3.848","0.113","0.291","1,2,3,4,5,6,7,8,9,18,20,30,40,48,61,71,73,77,85,103,104,105,106,112,122,167,178,181,190,205,211,220,222,228,230,254,255,263,268,271,280,285,286,287,303,324,325,329,330,344,366,380,407,410,417,422,423,424,425,429,434,436,440,441,442,443,444,445,446,447,448,449,450",0.00128891080975119,FALSE,55,0,0,0,73,55,18,0.753424657534247,1
"lasso.cv",44,300,0.33,"TRUE","TRUE","FALSE","16.6548652201376","8.16641733407163","8.48844788606595","3.429","0.099","0.289","1,2,3,4,5,6,7,8,9,16,18,28,42,58,61,63,71,83,86,87,108,123,124,130,140,147,156,170,194,211,220,250,251,258,262,264,274,295,319,324,325,327,332,345,379,389,397,401,410,415,420,432,438,442,443,444,445,446,447,448,449,450,457",0.00106311859039924,FALSE,44,1,0,0,63,45,18,0.714285714285714,1
"lasso.cv",45,300,0.33,"TRUE","TRUE","FALSE","17.2638001605954","8.27260405315128","8.99119610744409","3.921","0.121","0.362","1,2,3,4,5,6,7,8,9,14,24,26,30,41,42,44,46,66,78,79,83,88,97,100,104,106,125,130,131,165,181,182,185,189,191,202,213,215,218,229,230,244,248,273,282,286,296,298,302,310,318,324,325,329,337,344,347,348,350,357,367,397,403,426,427,440,442,443,444,445,446,447,448,449,450",0.00158500642351604,FALSE,57,0,0,0,75,57,18,0.76,1
"lasso.cv",46,300,0.33,"TRUE","TRUE","FALSE","16.8624004762766","8.65828648583117","8.20411399044545","4.466","0.115","0.29","1,2,3,4,5,6,7,8,9,18,20,21,28,42,51,66,69,92,97,99,111,118,123,124,128,153,161,176,178,190,191,192,217,229,245,254,257,263,284,285,287,290,306,327,331,353,357,359,389,396,399,406,412,419,420,423,427,430,436,439,440,442,443,444,445,446,447,448,449,450,451",0.00121820794510855,FALSE,52,1,0,0,71,53,18,0.746478873239437,1
"lasso.cv",47,300,0.33,"TRUE","TRUE","FALSE","17.9793251836429","8.97598484827003","9.0033403353729","3.296","0.114","0.326","1,2,3,4,5,6,7,8,9,15,22,45,63,74,89,92,97,100,103,105,124,147,168,171,179,185,188,207,210,213,216,218,224,250,265,267,295,301,311,322,335,344,345,348,354,372,383,394,395,406,415,422,431,435,442,443,444,445,446,447,448,449,450,462,464,466",0.00100963420213158,FALSE,45,3,0,0,66,48,18,0.727272727272727,1
"lasso.cv",48,300,0.33,"TRUE","TRUE","FALSE","16.4833061130857","7.47625498740234","9.00705112568333","3.481","0.1","0.248","1,2,3,4,5,6,7,8,9,19,28,34,36,40,42,49,54,55,70,84,97,103,108,117,118,125,132,156,178,210,211,214,238,258,268,274,298,305,321,343,352,357,360,370,400,419,426,438,442,443,444,445,446,447,448,449,450,454,459",0.000976529861524544,FALSE,39,2,0,0,59,41,18,0.694915254237288,1
"lasso.cv",49,300,0.33,"TRUE","TRUE","FALSE","16.7754819237762","7.77057185367484","9.0049100701014","4.184","0.119","0.301","1,2,3,4,5,6,7,8,9,20,21,24,29,42,85,103,106,118,120,125,127,135,150,161,162,167,169,178,188,194,215,220,226,232,233,237,246,252,263,269,276,287,298,308,317,321,323,324,345,348,354,359,364,366,367,370,389,393,419,434,438,442,443,444,445,446,447,448,449,450,461,462",0.00165842690894094,FALSE,52,2,0,0,72,54,18,0.75,1
"lasso.cv",5,300,0.33,"TRUE","TRUE","FALSE","17.5969074957839","8.59072828718124","9.00617920860267","3.837","0.117","0.348","1,2,3,4,5,6,7,8,9,24,25,52,59,61,65,87,95,99,101,103,111,113,121,140,142,168,185,187,190,198,213,214,227,228,256,272,289,290,295,306,308,317,318,338,340,354,366,370,386,403,406,417,418,419,431,436,437,442,443,444,445,446,447,448,449,450,452,457",0.00135300166829815,FALSE,48,2,0,0,68,50,18,0.735294117647059,1
"lasso.cv",50,300,0.33,"TRUE","TRUE","FALSE","17.8649935670962","9.14155757802217","8.72343598907399","4.066","0.104","0.275","1,2,3,4,5,6,7,8,9,12,13,20,26,51,57,75,91,100,103,109,141,156,160,174,178,184,223,243,247,259,271,280,307,315,324,345,349,350,359,366,367,376,388,393,398,405,438,442,443,444,445,446,447,448,449,450,462",0.00097252617641096,FALSE,38,1,0,0,57,39,18,0.684210526315789,1
"lasso.cv",51,300,0.33,"TRUE","TRUE","FALSE","17.5801368099701","8.5777918144735","9.0023449954966","3.435","0.111","0.32","1,2,3,4,5,6,7,8,9,12,15,21,22,42,67,74,77,81,85,89,98,107,111,115,124,158,161,166,185,187,191,197,202,206,208,222,223,233,236,250,258,259,274,284,287,288,301,323,359,364,383,385,396,429,433,436,439,442,443,444,445,446,447,448,449,450",0.000989470911724224,FALSE,48,0,0,0,66,48,18,0.727272727272727,1
"lasso.cv",52,300,0.33,"TRUE","TRUE","FALSE","17.1657287921756","8.16169493101111","9.00403386116446","4.176","0.115","0.347","1,2,3,4,5,6,7,8,9,13,25,26,42,55,58,60,61,74,75,86,93,97,99,103,122,123,135,144,150,156,162,170,175,201,205,211,225,227,228,230,239,256,260,262,271,277,286,315,324,325,345,350,354,360,361,370,371,380,387,404,405,406,408,413,416,422,424,425,438,440,442,443,444,445,446,447,448,449,450,457",0.00150467839153225,FALSE,61,1,0,0,80,62,18,0.775,1
"lasso.cv",53,300,0.33,"TRUE","TRUE","FALSE","17.6945564752724","8.69427938351139","9.000277091761","3.323","0.111","0.304","1,2,3,4,5,6,7,8,9,13,15,22,28,57,70,104,106,107,123,145,161,175,185,190,192,198,206,210,216,217,230,236,244,282,291,324,328,356,357,363,366,374,381,383,392,419,420,429,442,443,444,445,446,447,448,449,450,457,461",0.000935120389625109,FALSE,39,2,0,0,59,41,18,0.694915254237288,1
"lasso.cv",54,300,0.33,"TRUE","TRUE","FALSE","18.1166929888391","9.11268001444022","9.00401297439884","3.209","0.116","0.337","1,2,3,4,5,6,7,8,9,13,18,21,22,29,32,45,47,49,79,80,85,87,104,113,123,128,140,145,158,170,178,183,190,211,215,217,249,272,282,289,302,305,319,324,327,328,329,341,375,383,406,408,418,420,432,436,441,442,443,444,445,446,447,448,449,450,459,461",0.000868291247350971,FALSE,48,2,0,0,68,50,18,0.735294117647059,1
"lasso.cv",55,300,0.33,"TRUE","TRUE","FALSE","17.9321895053282","8.94266478757373","8.98952471775445","3.644","0.107","0.27","1,2,3,4,5,6,7,8,9,20,24,29,36,42,55,59,75,93,99,103,117,123,125,127,140,144,165,171,172,179,206,248,255,271,293,296,309,328,349,357,365,376,383,397,401,417,440,442,443,444,445,446,447,448,449,450,457",0.000972204496677357,FALSE,38,1,0,0,57,39,18,0.684210526315789,1
"lasso.cv",56,300,0.33,"TRUE","TRUE","FALSE","17.1348171397395","8.13680747801919","8.99800966172026","3.384","0.099","0.279","1,2,3,4,5,6,7,8,9,10,40,64,74,84,111,131,138,157,173,175,181,190,202,227,246,256,291,308,312,315,327,354,357,359,376,387,389,417,421,426,429,431,436,437,438,439,440,442,443,444,445,446,447,448,449,450,462",0.00137479672208574,FALSE,38,1,0,0,57,39,18,0.684210526315789,1
"lasso.cv",57,300,0.33,"TRUE","TRUE","FALSE","17.9437704241416","8.94065795526829","9.00311246887332","3.153","0.105","0.262","1,2,3,4,5,6,7,8,9,18,31,41,49,68,75,84,88,93,100,123,128,140,156,178,185,195,212,215,230,245,262,264,266,273,279,289,295,303,323,345,349,364,366,370,405,419,436,442,443,444,445,446,447,448,449,450",0.000950556513461842,FALSE,38,0,0,0,56,38,18,0.678571428571429,1
"lasso.cv",58,300,0.33,"TRUE","TRUE","FALSE","18.2454077020203","9.25649944296936","8.98890825905098","3.568","0.092","0.236","1,2,3,4,5,6,7,8,9,15,19,24,41,65,66,73,75,81,84,87,99,101,123,127,131,142,190,201,207,249,252,282,291,295,298,306,309,315,334,338,344,365,373,393,398,415,432,433,442,443,444,445,446,447,448,449,450",0.000732871118845351,FALSE,39,0,0,0,57,39,18,0.684210526315789,1
"lasso.cv",59,300,0.33,"TRUE","TRUE","FALSE","17.2337462019006","8.2218564914114","9.0118897104892","3.185","0.11","0.319","1,2,3,4,5,6,7,8,9,11,14,23,24,28,40,74,82,100,104,106,110,123,131,136,137,140,161,171,179,187,202,260,265,269,278,281,282,303,304,312,316,320,321,323,331,340,355,357,365,381,406,419,424,431,442,443,444,445,446,447,448,449,450,451,458,459,462,463",0.0013653701027969,FALSE,45,5,0,0,68,50,18,0.735294117647059,1
"lasso.cv",6,300,0.33,"TRUE","TRUE","FALSE","16.8597375153101","8.30851836747263","8.55121914783752","3.78","0.117","0.307","1,2,3,4,5,6,7,8,9,29,74,78,79,84,87,113,118,135,160,173,176,180,189,199,202,206,211,212,216,217,222,227,246,251,255,256,289,290,297,303,316,328,351,360,362,373,403,405,414,419,425,436,438,442,443,444,445,446,447,448,449,450,456",0.00116428856795113,FALSE,44,1,0,0,63,45,18,0.714285714285714,1
"lasso.cv",60,300,0.33,"TRUE","TRUE","FALSE","17.2849138091035","8.36319831302397","8.92171549607951","3.911","0.105","0.27","1,2,3,4,5,6,7,8,9,21,28,40,42,53,58,74,113,121,126,129,135,153,167,171,174,192,200,230,251,253,256,262,265,272,282,286,287,289,315,319,322,333,357,366,372,379,391,412,413,417,418,437,442,443,444,445,446,447,448,449,450,467",0.0011411182413996,FALSE,43,1,0,0,62,44,18,0.709677419354839,1
"lasso.cv",61,300,0.33,"TRUE","TRUE","FALSE","17.2301258180194","8.22436459823331","9.00576121978611","3.296","0.111","0.31","1,2,3,4,5,6,7,8,9,10,16,20,29,35,45,53,57,79,88,91,104,110,127,131,132,140,156,165,170,180,185,190,195,196,198,208,220,225,230,242,271,307,308,315,324,326,329,337,339,345,348,357,360,361,390,406,417,422,423,424,429,436,442,443,444,445,446,447,448,449,450,451,454,457",0.00150582111416721,FALSE,53,3,0,0,74,56,18,0.756756756756757,1
"lasso.cv",62,300,0.33,"TRUE","TRUE","FALSE","18.1019696319559","9.09705122034869","9.00491841160722","3.374","0.128","0.344","1,2,3,4,5,6,7,8,9,17,21,35,49,64,73,78,80,87,89,91,92,108,110,118,120,123,137,155,161,163,164,176,178,182,185,211,215,227,233,235,258,268,269,272,273,279,284,285,289,291,301,304,311,315,322,337,340,344,354,380,383,385,413,417,433,436,442,443,444,445,446,447,448,449,450,451,459",0.00143119978990225,FALSE,57,2,0,0,77,59,18,0.766233766233766,1
"lasso.cv",63,300,0.33,"TRUE","TRUE","FALSE","17.8754316453174","8.91814812953959","8.95728351577778","3.57","0.092","0.26","1,2,3,4,5,6,7,8,9,19,41,75,90,118,123,127,144,194,195,205,208,213,216,276,278,289,290,295,301,320,323,327,364,379,385,401,442,443,444,445,446,447,448,449,450,451,455,463",0.00066340457920692,FALSE,27,3,0,0,48,30,18,0.625,1
"lasso.cv",64,300,0.33,"TRUE","TRUE","FALSE","17.1556892306822","8.15244747188945","9.00324175879278","2.936","0.108","0.317","1,2,3,4,5,6,7,8,9,10,13,14,36,49,54,75,81,95,103,123,128,131,135,152,156,165,168,172,190,198,209,224,228,239,258,259,264,268,270,304,312,315,323,325,330,333,372,423,425,433,436,438,442,443,444,445,446,447,448,449,450,458,467",0.00105644574258356,FALSE,43,2,0,0,63,45,18,0.714285714285714,1
"lasso.cv",65,300,0.33,"TRUE","TRUE","FALSE","18.157740193568","9.1556135890829","9.00212660448507","3.114","0.112","0.279","1,2,3,4,5,6,7,8,9,21,25,43,45,49,62,79,81,84,86,99,105,118,123,125,134,139,145,150,155,156,161,164,172,175,178,185,190,192,195,202,211,221,245,253,262,263,309,313,314,325,332,366,367,370,383,384,405,407,432,442,443,444,445,446,447,448,449,450",0.00101562269989518,FALSE,50,0,0,0,68,50,18,0.735294117647059,1
"lasso.cv",66,300,0.33,"TRUE","TRUE","FALSE","17.2639236861054","8.28158413779857","8.98233954830681","4.695","0.114","0.309","1,2,3,4,5,6,7,8,9,11,16,23,28,29,39,47,88,97,101,106,111,115,132,135,141,148,160,166,170,190,197,202,208,230,232,234,235,246,261,268,269,273,282,289,291,301,306,307,338,348,354,358,374,379,396,419,421,424,438,440,442,443,444,445,446,447,448,449,450,457,462",0.00117777806327468,FALSE,51,2,0,0,71,53,18,0.746478873239437,1
"lasso.cv",67,300,0.33,"TRUE","TRUE","FALSE","17.941538400208","9.11991905932942","8.82161934087859","3.917","0.12","0.337","1,2,3,4,5,6,7,8,9,14,24,36,48,100,105,107,111,120,123,134,135,158,190,216,221,227,228,235,239,253,260,263,289,312,315,328,334,339,341,356,357,365,378,382,383,425,426,433,437,442,443,444,445,446,447,448,449,450",0.00152611813948095,FALSE,40,0,0,0,58,40,18,0.689655172413793,1
"lasso.cv",68,300,0.33,"TRUE","TRUE","FALSE","17.9728899006242","8.96530613447168","9.00758376615253","3.67","0.107","0.343","1,2,3,4,5,6,7,8,9,13,22,28,37,69,73,77,99,107,111,121,123,127,129,135,148,165,169,173,174,185,202,210,215,216,234,246,250,258,260,271,272,301,308,309,337,340,359,392,396,403,406,408,412,418,419,429,432,436,442,443,444,445,446,447,448,449,450,459,466",0.00129344440764294,FALSE,49,2,0,0,69,51,18,0.739130434782609,1
"lasso.cv",69,300,0.33,"TRUE","TRUE","FALSE","17.6034725685952","9.43517475707459","8.16829781152059","4.292","0.117","0.333","1,2,3,4,5,6,7,8,9,16,19,20,28,34,37,43,58,71,72,78,81,103,108,113,117,123,132,145,158,168,173,185,188,192,195,202,211,213,230,232,256,263,273,277,282,291,297,301,309,312,315,319,340,343,356,361,367,371,391,406,415,417,423,442,443,444,445,446,447,448,449,450,464",0.0014138844225193,FALSE,54,1,0,0,73,55,18,0.753424657534247,1
"lasso.cv",7,300,0.33,"TRUE","TRUE","FALSE","18.5247680152202","9.66336119200986","8.86140682321036","4.432","0.119","0.389","1,2,3,4,5,6,7,8,9,11,18,28,37,55,60,72,73,99,126,134,146,164,166,169,174,183,194,198,209,210,215,216,220,221,231,232,233,234,247,258,272,274,286,288,289,295,299,300,314,324,346,352,354,364,367,372,378,388,408,431,442,443,444,445,446,447,448,449,450,459,464,467",0.00148973279549562,FALSE,51,3,0,0,72,54,18,0.75,1
"lasso.cv",70,300,0.33,"TRUE","TRUE","FALSE","17.26753588229","8.26446573297571","9.00307014931425","3.679","0.093","0.275","1,2,3,4,5,6,7,8,9,10,43,54,59,86,88,104,108,109,123,125,132,141,168,178,180,198,211,212,216,217,255,276,288,309,316,335,343,344,347,356,366,367,370,385,389,408,421,426,436,439,442,443,444,445,446,447,448,449,450,458",0.000798780538761569,FALSE,41,1,0,0,60,42,18,0.7,1
"lasso.cv",71,300,0.33,"TRUE","TRUE","FALSE","17.3967854654502","8.52632207046971","8.87046339498051","4.309","0.105","0.321","1,2,3,4,5,6,7,8,9,18,25,41,44,57,90,93,94,97,98,103,131,136,142,147,159,161,172,181,190,194,196,197,218,230,232,245,254,260,264,272,279,289,290,294,309,315,319,320,325,336,341,357,367,368,395,397,401,416,417,425,436,442,443,444,445,446,447,448,449,450,457",0.0012661420575277,FALSE,52,1,0,0,71,53,18,0.746478873239437,1
"lasso.cv",72,300,0.33,"TRUE","TRUE","FALSE","17.2575346687885","8.25375012000468","9.00378454878386","3.413","0.131","0.304","1,2,3,4,5,6,7,8,9,10,36,50,51,59,63,64,65,71,73,82,83,89,93,100,107,113,114,132,135,149,150,156,161,178,180,185,193,195,197,227,228,238,259,263,283,289,294,301,304,315,321,331,337,340,346,356,361,393,397,408,413,415,437,442,443,444,445,446,447,448,449,450,453",0.00131295123497489,FALSE,54,1,0,0,73,55,18,0.753424657534247,1
"lasso.cv",73,300,0.33,"TRUE","TRUE","FALSE","18.1510421845555","9.14592216982998","9.00512001472547","3.027","0.108","0.28","1,2,3,4,5,6,7,8,9,14,35,40,43,49,58,63,67,74,81,93,99,103,113,123,132,142,156,157,165,166,167,168,180,182,192,195,197,206,209,227,233,236,251,252,282,286,288,295,302,304,315,331,336,357,363,406,420,435,442,443,444,445,446,447,448,449,450",0.000820000019351607,FALSE,49,0,0,0,67,49,18,0.73134328358209,1
"lasso.cv",74,300,0.33,"TRUE","TRUE","FALSE","17.4039828298431","8.40049259023116","9.00349023961191","3.393","0.091","0.28","1,2,3,4,5,6,7,8,9,20,21,28,36,77,78,90,95,97,98,118,133,135,141,152,158,161,165,190,198,215,241,251,304,324,328,364,365,380,383,397,406,416,440,442,443,444,445,446,447,448,449,450,453,459,464",0.000668725320980264,FALSE,34,3,0,0,55,37,18,0.672727272727273,1
"lasso.cv",75,300,0.33,"TRUE","TRUE","FALSE","18.1427054514272","9.12720655671102","9.01549889471623","3.037","0.105","0.316","1,2,3,4,5,6,7,8,9,28,29,42,48,61,85,86,93,95,99,103,113,125,129,142,181,185,195,202,211,220,221,222,278,280,282,288,293,296,310,323,338,364,372,401,402,415,417,425,436,437,442,443,444,445,446,447,448,449,450,457,460,465",0.00104884660966561,FALSE,41,3,0,0,62,44,18,0.709677419354839,1
"lasso.cv",76,300,0.33,"TRUE","TRUE","FALSE","17.9278798828809","8.91927038912953","9.00860949375133","3.514","0.11","0.33","1,2,3,4,5,6,7,8,9,18,20,26,49,71,79,93,97,101,109,142,155,156,160,171,173,176,190,195,197,210,211,213,216,224,225,273,322,325,327,331,333,347,353,354,369,414,429,435,440,442,443,444,445,446,447,448,449,450,459",0.00126725090542158,FALSE,40,1,0,0,59,41,18,0.694915254237288,1
"lasso.cv",77,300,0.33,"TRUE","TRUE","FALSE","17.3225349747065","8.31666385417616","9.00587112053035","3.493","0.116","0.311","1,2,3,4,5,6,7,8,9,13,31,36,41,53,55,57,63,71,74,83,103,111,115,123,131,135,140,157,162,171,178,186,193,201,206,210,211,213,215,220,237,246,262,273,302,303,304,323,333,335,338,364,374,396,413,423,425,433,438,442,443,444,445,446,447,448,449,450,466",0.00153841463328668,FALSE,50,1,0,0,69,51,18,0.739130434782609,1
"lasso.cv",78,300,0.33,"TRUE","TRUE","FALSE","17.8819135441386","8.87885106430324","9.00306247983539","3.523","0.12","0.324","1,2,3,4,5,6,7,8,9,24,27,29,42,60,88,99,110,123,140,144,167,190,201,210,212,213,216,220,236,252,255,287,300,303,304,322,325,331,343,347,356,359,380,381,403,406,421,424,425,433,435,440,442,443,444,445,446,447,448,449,450,462,467",0.00106420067143268,FALSE,43,2,0,0,63,45,18,0.714285714285714,1
"lasso.cv",79,300,0.33,"TRUE","TRUE","FALSE","17.2101835215193","8.2066581173862","9.00352540413307","3.208","0.109","0.289","1,2,3,4,5,6,7,8,9,10,14,16,20,27,35,36,37,40,49,78,88,96,107,123,139,154,156,162,170,173,191,197,202,206,212,224,234,240,250,254,257,262,265,269,286,295,305,338,346,360,391,410,440,442,443,444,445,446,447,448,449,450,456",0.000929322415485724,FALSE,44,1,0,0,63,45,18,0.714285714285714,1
"lasso.cv",8,300,0.33,"TRUE","TRUE","FALSE","17.7978214186616","8.79410441398693","9.0037170046747","3.717","0.109","0.318","1,2,3,4,5,6,7,8,9,13,18,22,31,61,70,75,90,119,125,131,148,156,172,177,187,194,217,245,250,272,292,307,314,315,325,331,343,348,354,357,366,367,379,390,394,405,410,411,413,425,426,432,436,438,439,442,443,444,445,446,447,448,449,450,456,462",0.00123637626282531,FALSE,46,2,0,0,66,48,18,0.727272727272727,1
"lasso.cv",80,300,0.33,"TRUE","TRUE","FALSE","16.1855254335429","7.17885150136767","9.00667393217524","2.976","0.11","0.264","1,2,3,4,5,6,7,8,9,28,34,35,46,66,88,99,124,126,132,138,147,170,178,191,206,211,224,236,239,240,262,265,284,295,303,309,315,324,325,333,336,354,365,407,408,417,420,421,425,429,436,442,443,444,445,446,447,448,449,450,452",0.00111034946235278,FALSE,42,1,0,0,61,43,18,0.704918032786885,1
"lasso.cv",81,300,0.33,"TRUE","TRUE","FALSE","17.475652894638","8.47516840973896","9.00048448489908","3.966","0.107","0.292","1,2,3,4,5,6,7,8,9,10,15,20,21,28,29,34,43,57,78,96,99,110,111,115,125,134,145,149,157,166,181,236,250,284,286,322,328,357,361,363,364,386,390,391,396,401,405,426,442,443,444,445,446,447,448,449,450,451",0.000996028207529717,FALSE,39,1,0,0,58,40,18,0.689655172413793,1
"lasso.cv",82,300,0.33,"TRUE","TRUE","FALSE","17.9998362712666","9.04550622856963","8.95433004269701","3.827","0.098","0.309","1,2,3,4,5,6,7,8,9,13,17,28,47,49,59,66,99,103,104,106,112,126,140,166,174,175,176,187,198,199,202,215,218,222,226,250,265,278,289,300,303,306,326,335,336,340,356,362,363,366,393,406,417,429,436,442,443,444,445,446,447,448,449,450,458,460",0.00103636489037612,FALSE,46,2,0,0,66,48,18,0.727272727272727,1
"lasso.cv",83,300,0.33,"TRUE","TRUE","FALSE","17.8339581493897","8.82639628370183","9.00756186568782","3.53","0.105","0.292","1,2,3,4,5,6,7,8,9,17,24,29,38,48,49,66,74,83,91,101,104,106,109,128,144,145,147,162,177,183,202,215,217,230,238,242,268,278,282,294,323,325,331,350,354,360,361,363,364,378,401,405,408,442,443,444,445,446,447,448,449,450,459",0.00111953448156724,FALSE,44,1,0,0,63,45,18,0.714285714285714,1
"lasso.cv",84,300,0.33,"TRUE","TRUE","FALSE","17.2263934799157","8.21199978049552","9.01439369942014","3.624","0.105","0.282","1,2,3,4,5,6,7,8,9,22,56,58,61,70,73,77,87,104,126,127,137,157,171,175,183,190,191,197,211,227,229,234,235,246,250,257,277,289,293,301,303,321,339,342,345,358,359,378,383,385,396,421,425,429,442,443,444,445,446,447,448,449,450,462,464",0.000815426634144765,FALSE,45,2,0,0,65,47,18,0.723076923076923,1
"lasso.cv",85,300,0.33,"TRUE","TRUE","FALSE","16.5798225708337","7.57656519483884","9.00325737599486","3.51","0.108","0.309","1,2,3,4,5,6,7,8,9,14,16,19,35,36,41,45,47,52,65,73,74,104,110,116,130,133,140,144,149,162,173,176,178,192,197,202,215,289,295,303,306,307,324,330,340,354,383,385,388,417,421,432,436,442,443,444,445,446,447,448,449,450",0.00127749077428358,FALSE,44,0,0,0,62,44,18,0.709677419354839,1
"lasso.cv",86,300,0.33,"TRUE","TRUE","FALSE","17.7292931525595","8.72502906699689","9.00426408556258","3.38","0.098","0.273","1,2,3,4,5,6,7,8,9,11,21,25,29,35,36,37,63,64,73,77,79,94,105,112,123,140,141,178,185,211,227,230,236,246,250,255,260,271,282,292,295,304,308,325,328,340,342,359,361,366,370,408,426,439,442,443,444,445,446,447,448,449,450,453,464",0.000623306111994128,FALSE,45,2,0,0,65,47,18,0.723076923076923,1
"lasso.cv",87,300,0.33,"TRUE","TRUE","FALSE","18.1357692880081","9.12506044374508","9.01070884426299","3.146","0.098","0.303","1,2,3,4,5,6,7,8,9,20,65,72,86,97,99,101,112,113,123,134,157,160,166,180,198,210,213,236,238,268,282,286,304,306,343,344,348,360,361,390,396,401,413,419,426,427,442,443,444,445,446,447,448,449,450,456,462,466",0.000802069169817189,FALSE,37,3,0,0,58,40,18,0.689655172413793,1
"lasso.cv",88,300,0.33,"TRUE","TRUE","FALSE","17.4603804421913","8.45547409203287","9.00490635015842","3.345","0.108","0.33","1,2,3,4,5,6,7,8,9,22,24,28,35,62,70,87,165,173,187,195,211,216,218,224,229,230,239,246,281,298,308,309,317,318,319,341,349,355,364,367,370,379,384,385,391,394,429,432,433,442,443,444,445,446,447,448,449,450,461,464,467",0.000974113488565663,FALSE,40,3,0,0,61,43,18,0.704918032786885,1
"lasso.cv",89,300,0.33,"TRUE","TRUE","FALSE","18.1542011002763","9.14786013779224","9.00634096248403","3.059","0.112","0.317","1,2,3,4,5,6,7,8,9,15,16,22,40,55,59,61,70,79,98,103,104,111,123,132,135,146,159,161,162,164,173,174,177,180,183,207,224,230,237,245,249,279,286,301,318,329,340,350,353,356,367,372,408,413,417,432,442,443,444,445,446,447,448,449,450,457,458,467",0.00118631363313379,FALSE,47,3,0,0,68,50,18,0.735294117647059,1
"lasso.cv",9,300,0.33,"TRUE","TRUE","FALSE","17.6924483914253","8.69072813522361","9.0017202562017","4.07","0.115","0.3","1,2,3,4,5,6,7,8,9,22,24,36,37,49,64,65,75,82,102,103,118,123,129,145,162,168,171,181,195,197,224,230,234,236,239,240,250,257,258,278,281,303,306,315,319,320,323,325,327,329,342,354,363,372,381,420,421,438,442,443,444,445,446,447,448,449,450",0.00170522732354334,FALSE,49,0,0,0,67,49,18,0.73134328358209,1
"lasso.cv",90,300,0.33,"TRUE","TRUE","FALSE","16.7781164270355","7.77609396488882","9.00202246214673","3.81","0.106","0.298","1,2,3,4,5,6,7,8,9,19,34,40,48,50,59,71,75,85,94,106,107,109,123,171,172,178,182,227,235,275,282,299,301,314,319,324,339,342,350,352,363,367,379,380,381,386,391,398,401,416,417,419,436,440,442,443,444,445,446,447,448,449,450,451",0.00102946910484644,FALSE,45,1,0,0,64,46,18,0.71875,1
"lasso.cv",91,300,0.33,"TRUE","TRUE","FALSE","17.197373058645","9.12409771358869","8.07327534505634","3.091","0.103","0.252","1,2,3,4,5,6,7,8,9,29,46,47,73,77,99,100,103,104,120,154,155,158,170,178,187,198,211,220,229,249,265,269,285,294,307,315,324,325,326,336,340,353,358,365,366,367,379,420,426,429,439,442,443,444,445,446,447,448,449,450,451,455",0.000874338028895446,FALSE,42,2,0,0,62,44,18,0.709677419354839,1
"lasso.cv",92,300,0.33,"TRUE","TRUE","FALSE","17.230449135797","8.22487608642757","9.00557304936945","3.805","0.116","0.318","1,2,3,4,5,6,7,8,9,10,13,19,21,27,33,42,47,61,63,90,93,112,118,131,138,146,151,173,175,202,210,234,275,276,280,287,290,293,295,299,304,310,312,327,333,348,352,356,357,363,419,420,422,429,436,439,440,441,442,443,444,445,446,447,448,449,450,463,467",0.0010975129625047,FALSE,49,2,0,0,69,51,18,0.739130434782609,1
"lasso.cv",93,300,0.33,"TRUE","TRUE","FALSE","18.0301273873199","9.03067727994712","8.99945010737274","4.083","0.114","0.319","1,2,3,4,5,6,7,8,9,59,61,83,84,87,92,103,118,123,132,135,136,140,152,157,159,162,172,175,178,179,188,196,198,211,286,287,290,291,295,296,304,307,309,312,315,317,321,322,325,329,340,350,375,391,398,406,415,442,443,444,445,446,447,448,449,450,460",0.00119038913628954,FALSE,48,1,0,0,67,49,18,0.73134328358209,1
"lasso.cv",94,300,0.33,"TRUE","TRUE","FALSE","18.1725517252649","9.22480183483203","8.94774989043291","4.293","0.107","0.281","1,2,3,4,5,6,7,8,9,11,21,25,45,73,79,102,113,114,142,157,162,166,174,182,185,186,190,191,201,210,244,282,311,324,325,344,351,360,361,365,383,386,389,391,404,442,443,444,445,446,447,448,449,450,457",0.00128030822642475,FALSE,36,1,0,0,55,37,18,0.672727272727273,1
"lasso.cv",95,300,0.33,"TRUE","TRUE","FALSE","17.1067391046208","8.10249972657285","9.00423937804799","3.096","0.113","0.32","1,2,3,4,5,6,7,8,9,10,13,14,22,41,43,46,61,65,68,77,84,99,101,103,109,112,118,125,128,132,163,187,197,208,210,216,220,240,250,251,256,263,268,275,286,287,301,304,308,316,330,333,334,354,364,380,383,396,397,401,405,409,417,425,428,432,436,438,442,443,444,445,446,447,448,449,450,465",0.00103657751567099,FALSE,59,1,0,0,78,60,18,0.769230769230769,1
"lasso.cv",96,300,0.33,"TRUE","TRUE","FALSE","18.8550440005049","9.85117405851678","9.00386994198809","3.912","0.122","0.361","1,2,3,4,5,6,7,8,9,13,14,16,22,30,36,41,42,43,81,92,100,107,110,115,118,119,138,145,147,148,151,152,155,161,171,197,205,210,229,240,258,266,269,286,312,319,320,327,336,351,360,374,380,384,408,413,438,442,443,444,445,446,447,448,449,450,457,462",0.00158893782381283,FALSE,48,2,0,0,68,50,18,0.735294117647059,1
"lasso.cv",97,300,0.33,"TRUE","TRUE","FALSE","17.3118756704182","8.3083268723547","9.00354879806346","3.31","0.114","0.359","1,2,3,4,5,6,7,8,9,20,30,37,71,74,78,85,91,93,101,103,116,118,125,137,157,160,180,185,193,195,213,230,231,240,246,262,315,319,321,324,328,342,343,346,366,376,389,405,407,408,410,429,435,438,442,443,444,445,446,447,448,449,450,456,460",0.00142788236506504,FALSE,45,2,0,0,65,47,18,0.723076923076923,1
"lasso.cv",98,300,0.33,"TRUE","TRUE","FALSE","16.8112193768216","7.80670320241047","9.00451617441109","3.605","0.105","0.29","1,2,3,4,5,6,7,8,9,20,30,36,59,61,79,80,86,87,95,96,103,137,146,155,160,161,163,180,183,191,199,234,242,267,268,286,288,296,307,310,315,325,326,330,349,366,368,378,395,400,401,406,418,424,425,442,443,444,445,446,447,448,449,450,460",0.000848525423252038,FALSE,46,1,0,0,65,47,18,0.723076923076923,1
"lasso.cv",99,300,0.33,"TRUE","TRUE","FALSE","17.6177895422856","9.04377979453116","8.57400974775448","3.934","0.099","0.245","1,2,3,4,5,6,7,8,9,20,24,26,62,73,76,91,93,111,112,113,132,178,180,189,199,201,250,259,270,271,286,287,300,304,321,323,330,331,338,342,344,349,354,360,383,388,410,425,442,443,444,445,446,447,448,449,450",0.000742139511171989,FALSE,39,0,0,0,57,39,18,0.684210526315789,1
"S.A",1,300,0.33,"TRUE","TRUE","FALSE","16.4646060534021","7.48012163390299","8.98448441949913","3.27","0.109","0.292","2,3,4,6,7,8,9,442,443,444,445,446,447,448,449,450",0.00112698404911861,FALSE,0,0,2,0,16,0,16,0,0.888888888888889
"S.A",10,300,0.33,"TRUE","TRUE","FALSE","17.5150498364129","8.50617767994518","9.00887215646771","3.693","0.11","0.316","1,2,3,4,5,6,7,8,9,442,443,444,445,446,447,448,449,450",0.000285791570515905,TRUE,0,0,0,0,18,0,18,0,1
"S.A",100,300,0.33,"TRUE","TRUE","FALSE","17.1766614877175","8.17275389971737","9.00390758800016","3.384","0.115","0.287","2,3,4,5,6,7,8,9,442,443,444,445,446,447,448,449,450",0.000643870071504466,FALSE,0,0,1,0,17,0,17,0,0.944444444444444
"S.A",11,300,0.33,"TRUE","TRUE","FALSE","17.5603381909279","8.56017756278257","9.0001606281453","3.494","0.118","0.356","2,3,4,5,6,7,8,9,442,443,444,445,446,447,448,449,450",0.000389350325750258,FALSE,0,0,1,0,17,0,17,0,0.944444444444444
"S.A",12,300,0.33,"TRUE","TRUE","FALSE","18.1957344768699","9.25805851942726","8.93767595744263","3.474","0.11","0.315","1,2,3,4,5,6,7,8,9,442,443,444,445,446,447,448,449,450",0.000270180972642379,TRUE,0,0,0,0,18,0,18,0,1
"S.A",13,300,0.33,"TRUE","TRUE","FALSE","18.110368366139","9.10758933942403","9.00277902671497","3.01","0.095","0.279","1,2,3,4,5,6,7,8,9,442,443,444,445,446,447,448,449,450",0.000365071682996405,TRUE,0,0,0,0,18,0,18,0,1
"S.A",14,300,0.33,"TRUE","TRUE","FALSE","16.2264376179764","7.22904772280057","8.99738989517585","3.159","0.103","0.304","2,3,4,6,7,8,9,442,443,444,445,446,447,448,449,450",0.00115021586409995,FALSE,0,0,2,0,16,0,16,0,0.888888888888889
"S.A",15,300,0.33,"TRUE","TRUE","FALSE","17.2432016349594","8.23844076811942","9.00476086683998","3.392","0.094","0.3","2,3,4,5,6,7,8,9,442,443,444,445,446,447,448,449,450",0.000739893531990805,FALSE,0,0,1,0,17,0,17,0,0.944444444444444
"S.A",16,300,0.33,"TRUE","TRUE","FALSE","17.2003056365693","8.19611827692808","9.00418735964126","3.11","0.097","0.264","2,3,4,5,6,7,8,9,442,443,444,445,446,447,448,449,450",0.000431054018129854,FALSE,0,0,1,0,17,0,17,0,0.944444444444444
"S.A",17,300,0.33,"TRUE","TRUE","FALSE","17.8537526947473","8.85021800582619","9.00353468892114","3.316","0.105","0.291","1,2,3,4,5,6,7,8,9,442,443,444,445,446,447,448,449,450",0.00032985541404134,TRUE,0,0,0,0,18,0,18,0,1
"S.A",18,300,0.33,"TRUE","TRUE","FALSE","17.2321013392517","8.22866730709415","9.00343403215752","3.228","0.12","0.332","2,3,4,5,6,7,8,9,442,443,444,445,446,447,448,449,450",0.000455933465562175,FALSE,0,0,1,0,17,0,17,0,0.944444444444444
"S.A",19,300,0.33,"TRUE","TRUE","FALSE","17.1135675380133","8.11488184068825","8.99868569732507","2.886","0.104","0.272","2,3,4,5,6,7,8,9,442,443,444,445,446,447,448,449,450",0.000470310059399602,FALSE,0,0,1,0,17,0,17,0,0.944444444444444
"S.A",2,300,0.33,"TRUE","TRUE","FALSE","17.6597266247475","8.98097627950475","8.67875034524276","3.773","0.113","0.393","1,2,3,4,5,6,7,8,9,442,443,444,445,446,447,448,449,450",0.000136586125653551,TRUE,0,0,0,0,18,0,18,0,1
"S.A",20,300,0.33,"TRUE","TRUE","FALSE","17.5056164134541","8.50724139611193","8.99837501734217","3.746","0.105","0.297","2,3,4,5,6,7,8,9,442,443,444,445,446,447,448,449,450",0.00053494774041832,FALSE,0,0,1,0,17,0,17,0,0.944444444444444
"S.A",21,300,0.33,"TRUE","TRUE","FALSE","17.4513858153578","8.44623327844433","9.00515253691342","3.639","0.114","0.315","2,3,4,5,6,7,8,9,442,443,444,445,446,447,448,449,450",0.000608906344253183,FALSE,0,0,1,0,17,0,17,0,0.944444444444444
"S.A",22,300,0.33,"TRUE","TRUE","FALSE","17.9121526694051","8.90670758566372","9.00544508374137","3.556","0.119","0.337","1,2,3,4,5,6,7,8,9,442,443,444,445,446,447,448,449,450",0.000397970339554495,TRUE,0,0,0,0,18,0,18,0,1
"S.A",23,300,0.33,"TRUE","TRUE","FALSE","18.1426607968273","9.13885126608944","9.00380953073783","3.098","0.101","0.289","1,2,3,4,5,6,7,8,9,442,443,444,445,446,447,448,449,450",0.000255378020031005,TRUE,0,0,0,0,18,0,18,0,1
"S.A",24,300,0.33,"TRUE","TRUE","FALSE","16.9166330545481","8.01879731791609","8.897835736632","3.538","0.101","0.265","2,3,4,5,6,7,8,9,442,443,444,445,446,447,448,449,450",0.000574015131474417,FALSE,0,0,1,0,17,0,17,0,0.944444444444444
"S.A",25,300,0.33,"TRUE","TRUE","FALSE","17.4298287672536","8.42519783334002","9.00463093391356","3.254","0.104","0.315","1,3,4,5,6,7,8,9,442,443,444,445,446,447,448,449,450",0.000867888806262325,FALSE,0,0,1,0,17,0,17,0,0.944444444444444
"S.A",26,300,0.33,"TRUE","TRUE","FALSE","16.6451649133408","8.31752139712312","8.32764351621765","3.609","0.101","0.297","2,3,4,5,6,7,8,9,443,444,445,446,447,448,449,450",0.000999863417731061,FALSE,0,0,1,1,16,0,16,0,0.888888888888889
"S.A",27,300,0.33,"TRUE","TRUE","FALSE","17.1879505364636","8.18453592466168","9.00341461180196","3.047","0.1","0.283","2,3,4,5,6,7,8,9,442,443,444,445,446,447,448,449,450",0.000535341830482554,FALSE,0,0,1,0,17,0,17,0,0.944444444444444
"S.A",28,300,0.33,"TRUE","TRUE","FALSE","17.5958501874255","8.58827968302954","9.00757050439596","3.367","0.104","0.312","2,3,4,5,6,7,8,9,442,443,444,445,446,447,448,449,450",0.000372985211804807,FALSE,0,0,1,0,17,0,17,0,0.944444444444444
"S.A",29,300,0.33,"TRUE","TRUE","FALSE","17.9496254385522","8.95880076502513","8.99082467352705","3.263","0.109","0.299","1,2,3,4,5,6,7,8,9,442,443,444,445,446,447,448,449,450",0.000170897615950084,TRUE,0,0,0,0,18,0,18,0,1
"S.A",3,300,0.33,"TRUE","TRUE","FALSE","18.150574602231","9.144222138309","9.00635246392197","3.592","0.123","0.393","1,2,3,4,5,6,7,8,9,442,443,444,445,446,447,448,449,450",0.000191552370837778,TRUE,0,0,0,0,18,0,18,0,1
"S.A",30,300,0.33,"TRUE","TRUE","FALSE","17.2123134700692","8.21233879581563","8.9999746742536","3.755","0.11","0.305","1,3,4,5,6,7,8,9,442,443,444,445,446,447,448,449,450",0.00100320634152218,FALSE,0,0,1,0,17,0,17,0,0.944444444444444
"S.A",31,300,0.33,"TRUE","TRUE","FALSE","17.687929285341","9.15322186091061","8.5347074244304","3.777","0.105","0.314","1,2,3,4,5,6,7,8,9,442,443,444,445,446,447,448,449,450",0.000287827085721687,TRUE,0,0,0,0,18,0,18,0,1
"S.A",32,300,0.33,"TRUE","TRUE","FALSE","17.1639183967071","8.16054328026842","9.00337511643868","2.998","0.108","0.284","2,3,4,5,6,7,8,9,442,443,444,445,446,447,448,449,450",0.000364419681753688,FALSE,0,0,1,0,17,0,17,0,0.944444444444444
"S.A",33,300,0.33,"TRUE","TRUE","FALSE","17.1867027188016","8.27129336519507","8.9154093536065","3.462","0.108","0.315","2,3,4,5,6,7,8,9,442,443,444,445,446,447,448,449,450",0.000421958426411543,FALSE,0,0,1,0,17,0,17,0,0.944444444444444
"S.A",34,300,0.33,"TRUE","TRUE","FALSE","17.2552544356181","8.2509782912674","9.00427614435069","3.399","0.11","0.298","2,3,4,5,6,7,8,9,442,443,444,445,446,447,448,449,450",0.000345919401046819,FALSE,0,0,1,0,17,0,17,0,0.944444444444444
"S.A",35,300,0.33,"TRUE","TRUE","FALSE","17.8321840993562","8.808692832883","9.0234912664732","4.973","0.121","0.335","2,3,4,5,6,7,8,9,442,443,444,445,446,447,448,449,450",0.000419806687984558,FALSE,0,0,1,0,17,0,17,0,0.944444444444444
"S.A",36,300,0.33,"TRUE","TRUE","FALSE","18.0010386544065","8.99619760580775","9.00484104859874","3.828","0.107","0.316","1,2,3,4,5,6,7,8,9,442,443,444,445,446,447,448,449,450",0.000224174776464111,TRUE,0,0,0,0,18,0,18,0,1
"S.A",37,300,0.33,"TRUE","TRUE","FALSE","17.2523624911274","8.27892690206327","8.97343558906414","3.854","0.126","0.299","1,2,3,4,5,6,7,8,9,442,443,444,445,446,447,448,449,450",0.000436010196322268,TRUE,0,0,0,0,18,0,18,0,1
"S.A",38,300,0.33,"TRUE","TRUE","FALSE","18.52260630787","9.47012194675138","9.05248436111861","4.099","0.121","0.313","1,2,3,4,5,6,7,8,9,442,443,444,445,446,447,448,449,450",0.000139932065757491,TRUE,0,0,0,0,18,0,18,0,1
"S.A",39,300,0.33,"TRUE","TRUE","FALSE","18.4523972704285","9.46266435102194","8.98973291940656","4.12","0.135","0.344","1,2,3,4,5,6,7,8,9,442,443,444,445,446,447,448,449,450",0.000200911160969267,TRUE,0,0,0,0,18,0,18,0,1
"S.A",4,300,0.33,"TRUE","TRUE","FALSE","18.122183504349","9.13679404688752","8.98538945746146","3.491","0.111","0.3","1,2,3,4,5,6,7,8,9,442,443,444,445,446,447,448,449,450",0.000278951588105876,TRUE,0,0,0,0,18,0,18,0,1
"S.A",40,300,0.33,"TRUE","TRUE","FALSE","17.1703606394252","8.16679991238952","9.00356072703568","3.055","0.11","0.298","2,3,4,5,6,7,8,9,442,443,444,445,446,447,448,449,450",0.000429057776506719,FALSE,0,0,1,0,17,0,17,0,0.944444444444444
"S.A",41,300,0.33,"TRUE","TRUE","FALSE","17.3173065633548","8.31356713650434","9.00373942685042","3.283","0.102","0.269","2,3,4,5,6,7,8,9,442,443,444,445,446,447,448,449,450",0.000441660775444252,FALSE,0,0,1,0,17,0,17,0,0.944444444444444
"S.A",42,300,0.33,"TRUE","TRUE","FALSE","16.8298888468604","8.23971091023001","8.59017793663035","3.724","0.106","0.299","2,3,4,5,6,7,8,9,442,443,444,445,446,447,448,449,450",0.000498093767276936,FALSE,0,0,1,0,17,0,17,0,0.944444444444444
"S.A",43,300,0.33,"TRUE","TRUE","FALSE","18.2137076197866","9.21426421485168","8.99944340493494","3.848","0.113","0.291","1,2,3,4,5,6,7,8,9,442,443,444,445,446,447,448,449,450",0.000362901624643975,TRUE,0,0,0,0,18,0,18,0,1
"S.A",44,300,0.33,"TRUE","TRUE","FALSE","16.6548652201376","8.16641733407163","8.48844788606595","3.429","0.099","0.289","2,3,4,5,6,7,8,9,442,443,444,445,446,447,448,449,450",0.000497898435536361,FALSE,0,0,1,0,17,0,17,0,0.944444444444444
"S.A",45,300,0.33,"TRUE","TRUE","FALSE","17.2638001605954","8.27260405315128","8.99119610744409","3.921","0.121","0.362","2,3,4,5,6,7,8,9,442,443,444,445,446,447,448,449,450",0.00049914085739018,FALSE,0,0,1,0,17,0,17,0,0.944444444444444
"S.A",46,300,0.33,"TRUE","TRUE","FALSE","16.8624004762766","8.65828648583117","8.20411399044545","4.466","0.115","0.29","2,3,4,5,6,7,8,9,443,444,445,446,447,448,449,450",0.00107178244151714,FALSE,0,0,1,1,16,0,16,0,0.888888888888889
"S.A",47,300,0.33,"TRUE","TRUE","FALSE","17.9793251836429","8.97598484827003","9.0033403353729","3.296","0.114","0.326","1,2,3,4,5,6,7,8,9,442,443,444,445,446,447,448,449,450",0.000345101145098063,TRUE,0,0,0,0,18,0,18,0,1
"S.A",48,300,0.33,"TRUE","TRUE","FALSE","16.4833061130857","7.47625498740234","9.00705112568333","3.481","0.1","0.248","2,3,4,6,7,8,9,442,443,444,445,446,447,448,449,450",0.00119025945068198,FALSE,0,0,2,0,16,0,16,0,0.888888888888889
"S.A",49,300,0.33,"TRUE","TRUE","FALSE","16.7754819237762","7.77057185367484","9.0049100701014","4.184","0.119","0.301","2,3,4,6,7,8,9,442,443,444,445,446,447,448,449,450",0.00131187085075678,FALSE,0,0,2,0,16,0,16,0,0.888888888888889
"S.A",5,300,0.33,"TRUE","TRUE","FALSE","17.5969074957839","8.59072828718124","9.00617920860267","3.837","0.117","0.348","2,3,4,5,6,7,8,9,442,443,444,445,446,447,448,449,450",0.000589854096180817,FALSE,0,0,1,0,17,0,17,0,0.944444444444444
"S.A",50,300,0.33,"TRUE","TRUE","FALSE","17.8649935670962","9.14155757802217","8.72343598907399","4.066","0.104","0.275","1,2,3,4,5,6,7,8,9,442,443,444,445,446,447,448,449,450",0.000240408522630777,TRUE,0,0,0,0,18,0,18,0,1
"S.A",51,300,0.33,"TRUE","TRUE","FALSE","17.5801368099701","8.5777918144735","9.0023449954966","3.435","0.111","0.32","2,3,4,5,6,7,8,9,442,443,444,445,446,447,448,449,450",0.000407550946916641,FALSE,0,0,1,0,17,0,17,0,0.944444444444444
"S.A",52,300,0.33,"TRUE","TRUE","FALSE","17.1657287921756","8.16169493101111","9.00403386116446","4.176","0.115","0.347","2,3,4,5,6,7,8,9,442,443,444,445,446,447,448,449,450",0.000686331804905432,FALSE,0,0,1,0,17,0,17,0,0.944444444444444
"S.A",53,300,0.33,"TRUE","TRUE","FALSE","17.6945564752724","8.69427938351139","9.000277091761","3.323","0.111","0.304","1,2,3,4,5,6,7,8,9,442,443,444,445,446,447,448,449,450",0.000289980681505117,TRUE,0,0,0,0,18,0,18,0,1
"S.A",54,300,0.33,"TRUE","TRUE","FALSE","18.1166929888391","9.11268001444022","9.00401297439884","3.209","0.116","0.337","1,2,3,4,5,6,7,8,9,442,443,444,445,446,447,448,449,450",4.52177380044342e-05,TRUE,0,0,0,0,18,0,18,0,1
"S.A",55,300,0.33,"TRUE","TRUE","FALSE","17.9321895053282","8.94266478757373","8.98952471775445","3.644","0.107","0.27","1,2,3,4,5,6,7,8,9,442,443,444,445,446,447,448,449,450",0.000216537962030672,TRUE,0,0,0,0,18,0,18,0,1
"S.A",56,300,0.33,"TRUE","TRUE","FALSE","17.1348171397395","8.13680747801919","8.99800966172026","3.384","0.099","0.279","2,3,4,5,6,7,8,9,442,443,444,445,446,447,448,449,450",0.000741375303453971,FALSE,0,0,1,0,17,0,17,0,0.944444444444444
"S.A",57,300,0.33,"TRUE","TRUE","FALSE","17.9437704241416","8.94065795526829","9.00311246887332","3.153","0.105","0.262","1,2,3,4,5,6,7,8,9,442,443,444,445,446,447,448,449,450",0.000279039924799345,TRUE,0,0,0,0,18,0,18,0,1
"S.A",58,300,0.33,"TRUE","TRUE","FALSE","18.2454077020203","9.25649944296936","8.98890825905098","3.568","0.092","0.236","1,2,3,4,5,6,7,8,9,442,443,444,445,446,447,448,449,450",0.000422625389860235,TRUE,0,0,0,0,18,0,18,0,1
"S.A",59,300,0.33,"TRUE","TRUE","FALSE","17.2337462019006","8.2218564914114","9.0118897104892","3.185","0.11","0.319","2,3,4,5,6,7,8,9,442,443,444,445,446,447,448,449,450",0.00064573017257806,FALSE,0,0,1,0,17,0,17,0,0.944444444444444
"S.A",6,300,0.33,"TRUE","TRUE","FALSE","16.8597375153101","8.30851836747263","8.55121914783752","3.78","0.117","0.307","2,3,4,5,6,7,8,9,442,443,444,445,446,447,448,449,450",0.000508963405563733,FALSE,0,0,1,0,17,0,17,0,0.944444444444444
"S.A",60,300,0.33,"TRUE","TRUE","FALSE","17.2849138091035","8.36319831302397","8.92171549607951","3.911","0.105","0.27","2,3,4,5,6,7,8,9,442,443,444,445,446,447,448,449,450",0.000576658356483918,FALSE,0,0,1,0,17,0,17,0,0.944444444444444
"S.A",61,300,0.33,"TRUE","TRUE","FALSE","17.2301258180194","8.22436459823331","9.00576121978611","3.296","0.111","0.31","2,3,4,5,6,7,8,9,442,443,444,445,446,447,448,449,450",0.000545861758838656,FALSE,0,0,1,0,17,0,17,0,0.944444444444444
"S.A",62,300,0.33,"TRUE","TRUE","FALSE","18.1019696319559","9.09705122034869","9.00491841160722","3.374","0.128","0.344","1,2,3,4,5,6,7,8,9,442,443,444,445,446,447,448,449,450",0.000156386939835201,TRUE,0,0,0,0,18,0,18,0,1
"S.A",63,300,0.33,"TRUE","TRUE","FALSE","17.8754316453174","8.91814812953959","8.95728351577778","3.57","0.092","0.26","1,2,3,4,5,6,7,8,9,442,443,444,445,446,447,448,449,450",0.000174678130781154,TRUE,0,0,0,0,18,0,18,0,1
"S.A",64,300,0.33,"TRUE","TRUE","FALSE","17.1556892306822","8.15244747188945","9.00324175879278","2.936","0.108","0.317","2,3,4,5,6,7,8,9,442,443,444,445,446,447,448,449,450",0.000387588023912474,FALSE,0,0,1,0,17,0,17,0,0.944444444444444
"S.A",65,300,0.33,"TRUE","TRUE","FALSE","18.157740193568","9.1556135890829","9.00212660448507","3.114","0.112","0.279","1,2,3,4,5,6,7,8,9,442,443,444,445,446,447,448,449,450",0.000467508943121771,TRUE,0,0,0,0,18,0,18,0,1
"S.A",66,300,0.33,"TRUE","TRUE","FALSE","17.2639236861054","8.28158413779857","8.98233954830681","4.695","0.114","0.309","2,3,4,5,6,7,8,9,442,443,444,445,446,447,448,449,450",0.000396953513730707,FALSE,0,0,1,0,17,0,17,0,0.944444444444444
"S.A",67,300,0.33,"TRUE","TRUE","FALSE","17.941538400208","9.11991905932942","8.82161934087859","3.917","0.12","0.337","1,2,3,4,5,6,7,8,9,442,443,444,445,446,447,448,449,450",0.000238942775856299,TRUE,0,0,0,0,18,0,18,0,1
"S.A",68,300,0.33,"TRUE","TRUE","FALSE","17.9728899006242","8.96530613447168","9.00758376615253","3.67","0.107","0.343","1,2,3,4,5,6,7,8,9,442,443,444,445,446,447,448,449,450",0.000200327865682125,TRUE,0,0,0,0,18,0,18,0,1
"S.A",69,300,0.33,"TRUE","TRUE","FALSE","17.6034725685952","9.43517475707459","8.16829781152059","4.292","0.117","0.333","1,2,3,4,5,6,7,8,9,443,444,445,446,447,448,449,450",0.000867544323935838,FALSE,0,0,0,1,17,0,17,0,0.944444444444444
"S.A",7,300,0.33,"TRUE","TRUE","FALSE","18.5247680152202","9.66336119200986","8.86140682321036","4.432","0.119","0.389","1,2,3,4,5,6,7,8,9,221,442,443,444,445,446,447,448,449,450",0.000442966584259196,FALSE,1,0,0,0,19,1,18,0.0526315789473684,1
"S.A",70,300,0.33,"TRUE","TRUE","FALSE","17.26753588229","8.26446573297571","9.00307014931425","3.679","0.093","0.275","2,3,4,5,6,7,8,9,442,443,444,445,446,447,448,449,450",0.000407702839715554,FALSE,0,0,1,0,17,0,17,0,0.944444444444444
"S.A",71,300,0.33,"TRUE","TRUE","FALSE","17.3967854654502","8.52632207046971","8.87046339498051","4.309","0.105","0.321","2,3,4,5,6,7,8,9,442,443,444,445,446,447,448,449,450",0.000556543929874483,FALSE,0,0,1,0,17,0,17,0,0.944444444444444
"S.A",72,300,0.33,"TRUE","TRUE","FALSE","17.2575346687885","8.25375012000468","9.00378454878386","3.413","0.131","0.304","2,3,4,5,6,7,8,9,442,443,444,445,446,447,448,449,450",0.000625740415752736,FALSE,0,0,1,0,17,0,17,0,0.944444444444444
"S.A",73,300,0.33,"TRUE","TRUE","FALSE","18.1510421845555","9.14592216982998","9.00512001472547","3.027","0.108","0.28","1,2,3,4,5,6,7,8,9,442,443,444,445,446,447,448,449,450",0.000227260784661462,TRUE,0,0,0,0,18,0,18,0,1
"S.A",74,300,0.33,"TRUE","TRUE","FALSE","17.4039828298431","8.40049259023116","9.00349023961191","3.393","0.091","0.28","2,3,4,5,6,7,8,9,442,443,444,445,446,447,448,449,450",0.000553841401513883,FALSE,0,0,1,0,17,0,17,0,0.944444444444444
"S.A",75,300,0.33,"TRUE","TRUE","FALSE","18.1427054514272","9.12720655671102","9.01549889471623","3.037","0.105","0.316","1,2,3,4,5,6,7,8,9,442,443,444,445,446,447,448,449,450",0.000186128560945755,TRUE,0,0,0,0,18,0,18,0,1
"S.A",76,300,0.33,"TRUE","TRUE","FALSE","17.9278798828809","8.91927038912953","9.00860949375133","3.514","0.11","0.33","1,2,3,4,5,6,7,8,9,442,443,444,445,446,447,448,449,450",0.000262529606616384,TRUE,0,0,0,0,18,0,18,0,1
"S.A",77,300,0.33,"TRUE","TRUE","FALSE","17.3225349747065","8.31666385417616","9.00587112053035","3.493","0.116","0.311","2,3,4,5,6,7,8,9,442,443,444,445,446,447,448,449,450",0.000607507547907115,FALSE,0,0,1,0,17,0,17,0,0.944444444444444
"S.A",78,300,0.33,"TRUE","TRUE","FALSE","17.8819135441386","8.87885106430324","9.00306247983539","3.523","0.12","0.324","1,2,3,4,5,6,7,8,9,442,443,444,445,446,447,448,449,450",0.000139456778742887,TRUE,0,0,0,0,18,0,18,0,1
"S.A",79,300,0.33,"TRUE","TRUE","FALSE","17.2101835215193","8.2066581173862","9.00352540413307","3.208","0.109","0.289","2,3,4,5,6,7,8,9,442,443,444,445,446,447,448,449,450",0.000455772217478021,FALSE,0,0,1,0,17,0,17,0,0.944444444444444
"S.A",8,300,0.33,"TRUE","TRUE","FALSE","17.7978214186616","8.79410441398693","9.0037170046747","3.717","0.109","0.318","1,2,3,4,5,6,7,8,9,442,443,444,445,446,447,448,449,450",0.000413689782812249,TRUE,0,0,0,0,18,0,18,0,1
"S.A",80,300,0.33,"TRUE","TRUE","FALSE","16.1855254335429","7.17885150136767","9.00667393217524","2.976","0.11","0.264","2,3,4,6,7,8,9,442,443,444,445,446,447,448,449,450",0.00132649998525163,FALSE,0,0,2,0,16,0,16,0,0.888888888888889
"S.A",81,300,0.33,"TRUE","TRUE","FALSE","17.475652894638","8.47516840973896","9.00048448489908","3.966","0.107","0.292","1,2,3,4,5,6,7,8,9,442,443,444,445,446,447,448,449,450",0.000297513349851249,TRUE,0,0,0,0,18,0,18,0,1
"S.A",82,300,0.33,"TRUE","TRUE","FALSE","17.9998362712666","9.04550622856963","8.95433004269701","3.827","0.098","0.309","1,2,3,4,5,6,7,8,9,442,443,444,445,446,447,448,449,450",0.00026718227971879,TRUE,0,0,0,0,18,0,18,0,1
"S.A",83,300,0.33,"TRUE","TRUE","FALSE","17.8339581493897","8.82639628370183","9.00756186568782","3.53","0.105","0.292","1,2,3,4,5,6,7,8,9,442,443,444,445,446,447,448,449,450",0.00025642028741417,TRUE,0,0,0,0,18,0,18,0,1
"S.A",84,300,0.33,"TRUE","TRUE","FALSE","17.2263934799157","8.21199978049552","9.01439369942014","3.624","0.105","0.282","2,3,4,5,6,7,8,9,442,443,444,445,446,447,448,449,450",0.000374156064499139,FALSE,0,0,1,0,17,0,17,0,0.944444444444444
"S.A",85,300,0.33,"TRUE","TRUE","FALSE","16.5798225708337","7.57656519483884","9.00325737599486","3.51","0.108","0.309","2,3,4,6,7,8,9,442,443,444,445,446,447,448,449,450",0.00124876415933437,FALSE,0,0,2,0,16,0,16,0,0.888888888888889
"S.A",86,300,0.33,"TRUE","TRUE","FALSE","17.7292931525595","8.72502906699689","9.00426408556258","3.38","0.098","0.273","1,2,3,4,5,6,7,8,9,442,443,444,445,446,447,448,449,450",8.02864407084327e-05,TRUE,0,0,0,0,18,0,18,0,1
"S.A",87,300,0.33,"TRUE","TRUE","FALSE","18.1357692880081","9.12506044374508","9.01070884426299","3.146","0.098","0.303","1,2,3,4,5,6,7,8,9,442,443,444,445,446,447,448,449,450",0.00021387827367708,TRUE,0,0,0,0,18,0,18,0,1
"S.A",88,300,0.33,"TRUE","TRUE","FALSE","17.4603804421913","8.45547409203287","9.00490635015842","3.345","0.108","0.33","2,3,4,5,6,7,8,9,442,443,444,445,446,447,448,449,450",0.00042252507581224,FALSE,0,0,1,0,17,0,17,0,0.944444444444444
"S.A",89,300,0.33,"TRUE","TRUE","FALSE","18.1542011002763","9.14786013779224","9.00634096248403","3.059","0.112","0.317","1,2,3,4,5,6,7,8,9,442,443,444,445,446,447,448,449,450",0.000385209338982412,TRUE,0,0,0,0,18,0,18,0,1
"S.A",9,300,0.33,"TRUE","TRUE","FALSE","17.6924483914253","8.69072813522361","9.0017202562017","4.07","0.115","0.3","1,2,3,4,5,6,7,8,9,442,443,444,445,446,447,448,449,450",0.000360462097599243,TRUE,0,0,0,0,18,0,18,0,1
"S.A",90,300,0.33,"TRUE","TRUE","FALSE","16.7781164270355","7.77609396488882","9.00202246214673","3.81","0.106","0.298","2,3,4,6,7,8,9,442,443,444,445,446,447,448,449,450",0.00108097244809252,FALSE,0,0,2,0,16,0,16,0,0.888888888888889
"S.A",91,300,0.33,"TRUE","TRUE","FALSE","17.197373058645","9.12409771358869","8.07327534505634","3.091","0.103","0.252","1,2,3,4,5,6,7,8,9,443,444,445,446,447,448,449,450",0.00073290234368114,FALSE,0,0,0,1,17,0,17,0,0.944444444444444
"S.A",92,300,0.33,"TRUE","TRUE","FALSE","17.230449135797","8.22487608642757","9.00557304936945","3.805","0.116","0.318","2,3,4,5,6,7,8,9,442,443,444,445,446,447,448,449,450",0.000588807193108904,FALSE,0,0,1,0,17,0,17,0,0.944444444444444
"S.A",93,300,0.33,"TRUE","TRUE","FALSE","18.0301273873199","9.03067727994712","8.99945010737274","4.083","0.114","0.319","2,3,4,5,6,7,8,9,159,442,443,444,445,446,447,448,449,450",0.000821156178970745,FALSE,1,0,1,0,18,1,17,0.0555555555555556,0.944444444444444
"S.A",94,300,0.33,"TRUE","TRUE","FALSE","18.1725517252649","9.22480183483203","8.94774989043291","4.293","0.107","0.281","1,2,3,4,5,6,7,8,9,442,443,444,445,446,447,448,449,450",0.000407551333422252,TRUE,0,0,0,0,18,0,18,0,1
"S.A",95,300,0.33,"TRUE","TRUE","FALSE","17.1067391046208","8.10249972657285","9.00423937804799","3.096","0.113","0.32","2,3,4,5,6,7,8,9,442,443,444,445,446,447,448,449,450",0.000485320292723094,FALSE,0,0,1,0,17,0,17,0,0.944444444444444
"S.A",96,300,0.33,"TRUE","TRUE","FALSE","18.8550440005049","9.85117405851678","9.00386994198809","3.912","0.122","0.361","1,2,3,4,5,6,7,8,9,258,442,443,444,445,446,447,448,449,450",0.000485506223951189,FALSE,1,0,0,0,19,1,18,0.0526315789473684,1
"S.A",97,300,0.33,"TRUE","TRUE","FALSE","17.3118756704182","8.3083268723547","9.00354879806346","3.31","0.114","0.359","2,3,4,5,6,7,8,9,442,443,444,445,446,447,448,449,450",0.00043840508232138,FALSE,0,0,1,0,17,0,17,0,0.944444444444444
"S.A",98,300,0.33,"TRUE","TRUE","FALSE","16.8112193768216","7.80670320241047","9.00451617441109","3.605","0.105","0.29","2,3,4,5,6,7,8,9,442,443,444,445,446,447,448,449,450",0.000514220723560351,FALSE,0,0,1,0,17,0,17,0,0.944444444444444
"S.A",99,300,0.33,"TRUE","TRUE","FALSE","17.6177895422856","9.04377979453116","8.57400974775448","3.934","0.099","0.245","1,2,3,4,5,6,7,8,9,442,443,444,445,446,447,448,449,450",0.000208007634402605,TRUE,0,0,0,0,18,0,18,0,1
"S.A.b",1,300,0.33,"TRUE","TRUE","FALSE","16.4646060534021","7.48012163390299","8.98448441949913","3.27","0.109","0.292","2,3,4,6,7,8,9,442,443,444,445,446,447,448,449,450",0.00112698404911861,FALSE,0,0,2,0,16,0,16,0,0.888888888888889
"S.A.b",10,300,0.33,"TRUE","TRUE","FALSE","17.5150498364129","8.50617767994518","9.00887215646771","3.693","0.11","0.316","1,2,3,4,5,6,7,8,9,442,443,444,445,446,447,448,449,450",0.000285791570515905,TRUE,0,0,0,0,18,0,18,0,1
"S.A.b",100,300,0.33,"TRUE","TRUE","FALSE","17.1766614877175","8.17275389971737","9.00390758800016","3.384","0.115","0.287","2,3,4,5,6,7,8,9,442,443,444,445,446,447,448,449,450",0.000643870071504466,FALSE,0,0,1,0,17,0,17,0,0.944444444444444
"S.A.b",11,300,0.33,"TRUE","TRUE","FALSE","17.5603381909279","8.56017756278257","9.0001606281453","3.494","0.118","0.356","2,3,4,5,6,7,8,9,442,443,444,445,446,447,448,449,450",0.000389350325750258,FALSE,0,0,1,0,17,0,17,0,0.944444444444444
"S.A.b",12,300,0.33,"TRUE","TRUE","FALSE","18.1957344768699","9.25805851942726","8.93767595744263","3.474","0.11","0.315","1,2,3,4,5,6,7,8,9,442,443,444,445,446,447,448,449,450",0.000270180972642379,TRUE,0,0,0,0,18,0,18,0,1
"S.A.b",13,300,0.33,"TRUE","TRUE","FALSE","18.110368366139","9.10758933942403","9.00277902671497","3.01","0.095","0.279","1,2,3,4,5,6,7,8,9,442,443,444,445,446,447,448,449,450",0.000365071682996405,TRUE,0,0,0,0,18,0,18,0,1
"S.A.b",14,300,0.33,"TRUE","TRUE","FALSE","16.2264376179764","7.22904772280057","8.99738989517585","3.159","0.103","0.304","2,3,4,6,7,8,9,442,443,444,445,446,447,448,449,450",0.00115021586409995,FALSE,0,0,2,0,16,0,16,0,0.888888888888889
"S.A.b",15,300,0.33,"TRUE","TRUE","FALSE","17.2432016349594","8.23844076811942","9.00476086683998","3.392","0.094","0.3","2,3,4,5,6,7,8,9,442,443,444,445,446,447,448,449,450",0.000739893531990805,FALSE,0,0,1,0,17,0,17,0,0.944444444444444
"S.A.b",16,300,0.33,"TRUE","TRUE","FALSE","17.2003056365693","8.19611827692808","9.00418735964126","3.11","0.097","0.264","2,3,4,5,6,7,8,9,442,443,444,445,446,447,448,449,450",0.000431054018129854,FALSE,0,0,1,0,17,0,17,0,0.944444444444444
"S.A.b",17,300,0.33,"TRUE","TRUE","FALSE","17.8537526947473","8.85021800582619","9.00353468892114","3.316","0.105","0.291","1,2,3,4,5,6,7,8,9,442,443,444,445,446,447,448,449,450",0.00032985541404134,TRUE,0,0,0,0,18,0,18,0,1
"S.A.b",18,300,0.33,"TRUE","TRUE","FALSE","17.2321013392517","8.22866730709415","9.00343403215752","3.228","0.12","0.332","2,3,4,5,6,7,8,9,442,443,444,445,446,447,448,449,450",0.000455933465562175,FALSE,0,0,1,0,17,0,17,0,0.944444444444444
"S.A.b",19,300,0.33,"TRUE","TRUE","FALSE","17.1135675380133","8.11488184068825","8.99868569732507","2.886","0.104","0.272","2,3,4,5,6,7,8,9,442,443,444,445,446,447,448,449,450",0.000470310059399602,FALSE,0,0,1,0,17,0,17,0,0.944444444444444
"S.A.b",2,300,0.33,"TRUE","TRUE","FALSE","17.6597266247475","8.98097627950475","8.67875034524276","3.773","0.113","0.393","1,2,3,4,5,6,7,8,9,442,443,444,445,446,447,448,449,450",0.000136586125653551,TRUE,0,0,0,0,18,0,18,0,1
"S.A.b",20,300,0.33,"TRUE","TRUE","FALSE","17.5056164134541","8.50724139611193","8.99837501734217","3.746","0.105","0.297","2,3,4,5,6,7,8,9,442,443,444,445,446,447,448,449,450",0.00053494774041832,FALSE,0,0,1,0,17,0,17,0,0.944444444444444
"S.A.b",21,300,0.33,"TRUE","TRUE","FALSE","17.4513858153578","8.44623327844433","9.00515253691342","3.639","0.114","0.315","2,3,4,5,6,7,8,9,442,443,444,445,446,447,448,449,450",0.000608906344253183,FALSE,0,0,1,0,17,0,17,0,0.944444444444444
"S.A.b",22,300,0.33,"TRUE","TRUE","FALSE","17.9121526694051","8.90670758566372","9.00544508374137","3.556","0.119","0.337","1,2,3,4,5,6,7,8,9,442,443,444,445,446,447,448,449,450",0.000397970339554495,TRUE,0,0,0,0,18,0,18,0,1
"S.A.b",23,300,0.33,"TRUE","TRUE","FALSE","18.1426607968273","9.13885126608944","9.00380953073783","3.098","0.101","0.289","1,2,3,4,5,6,7,8,9,442,443,444,445,446,447,448,449,450",0.000255378020031005,TRUE,0,0,0,0,18,0,18,0,1
"S.A.b",24,300,0.33,"TRUE","TRUE","FALSE","16.9166330545481","8.01879731791609","8.897835736632","3.538","0.101","0.265","2,3,4,5,6,7,8,9,442,443,444,445,446,447,448,449,450",0.000574015131474417,FALSE,0,0,1,0,17,0,17,0,0.944444444444444
"S.A.b",25,300,0.33,"TRUE","TRUE","FALSE","17.4298287672536","8.42519783334002","9.00463093391356","3.254","0.104","0.315","1,3,4,5,6,7,8,9,442,443,444,445,446,447,448,449,450",0.000867888806262325,FALSE,0,0,1,0,17,0,17,0,0.944444444444444
"S.A.b",26,300,0.33,"TRUE","TRUE","FALSE","16.6451649133408","8.31752139712312","8.32764351621765","3.609","0.101","0.297","2,3,4,5,6,7,8,9,442,443,444,445,446,447,448,449,450",0.000469090365291746,FALSE,0,0,1,0,17,0,17,0,0.944444444444444
"S.A.b",27,300,0.33,"TRUE","TRUE","FALSE","17.1879505364636","8.18453592466168","9.00341461180196","3.047","0.1","0.283","2,3,4,5,6,7,8,9,442,443,444,445,446,447,448,449,450",0.000535341830482554,FALSE,0,0,1,0,17,0,17,0,0.944444444444444
"S.A.b",28,300,0.33,"TRUE","TRUE","FALSE","17.5958501874255","8.58827968302954","9.00757050439596","3.367","0.104","0.312","2,3,4,5,6,7,8,9,442,443,444,445,446,447,448,449,450",0.000372985211804807,FALSE,0,0,1,0,17,0,17,0,0.944444444444444
"S.A.b",29,300,0.33,"TRUE","TRUE","FALSE","17.9496254385522","8.95880076502513","8.99082467352705","3.263","0.109","0.299","1,2,3,4,5,6,7,8,9,442,443,444,445,446,447,448,449,450",0.000170897615950084,TRUE,0,0,0,0,18,0,18,0,1
"S.A.b",3,300,0.33,"TRUE","TRUE","FALSE","18.150574602231","9.144222138309","9.00635246392197","3.592","0.123","0.393","1,2,3,4,5,6,7,8,9,442,443,444,445,446,447,448,449,450",0.000191552370837778,TRUE,0,0,0,0,18,0,18,0,1
"S.A.b",30,300,0.33,"TRUE","TRUE","FALSE","17.2123134700692","8.21233879581563","8.9999746742536","3.755","0.11","0.305","1,3,4,5,6,7,8,9,442,443,444,445,446,447,448,449,450",0.00100320634152218,FALSE,0,0,1,0,17,0,17,0,0.944444444444444
"S.A.b",31,300,0.33,"TRUE","TRUE","FALSE","17.687929285341","9.15322186091061","8.5347074244304","3.777","0.105","0.314","1,2,3,4,5,6,7,8,9,442,443,444,445,446,447,448,449,450",0.000287827085721687,TRUE,0,0,0,0,18,0,18,0,1
"S.A.b",32,300,0.33,"TRUE","TRUE","FALSE","17.1639183967071","8.16054328026842","9.00337511643868","2.998","0.108","0.284","2,3,4,5,6,7,8,9,442,443,444,445,446,447,448,449,450",0.000364419681753688,FALSE,0,0,1,0,17,0,17,0,0.944444444444444
"S.A.b",33,300,0.33,"TRUE","TRUE","FALSE","17.1867027188016","8.27129336519507","8.9154093536065","3.462","0.108","0.315","2,3,4,5,6,7,8,9,442,443,444,445,446,447,448,449,450",0.000421958426411543,FALSE,0,0,1,0,17,0,17,0,0.944444444444444
"S.A.b",34,300,0.33,"TRUE","TRUE","FALSE","17.2552544356181","8.2509782912674","9.00427614435069","3.399","0.11","0.298","2,3,4,5,6,7,8,9,442,443,444,445,446,447,448,449,450",0.000345919401046819,FALSE,0,0,1,0,17,0,17,0,0.944444444444444
"S.A.b",35,300,0.33,"TRUE","TRUE","FALSE","17.8321840993562","8.808692832883","9.0234912664732","4.973","0.121","0.335","2,3,4,5,6,7,8,9,442,443,444,445,446,447,448,449,450",0.000419806687984558,FALSE,0,0,1,0,17,0,17,0,0.944444444444444
"S.A.b",36,300,0.33,"TRUE","TRUE","FALSE","18.0010386544065","8.99619760580775","9.00484104859874","3.828","0.107","0.316","1,2,3,4,5,6,7,8,9,442,443,444,445,446,447,448,449,450",0.000224174776464111,TRUE,0,0,0,0,18,0,18,0,1
"S.A.b",37,300,0.33,"TRUE","TRUE","FALSE","17.2523624911274","8.27892690206327","8.97343558906414","3.854","0.126","0.299","1,2,3,4,5,6,7,8,9,442,443,444,445,446,447,448,449,450",0.000436010196322268,TRUE,0,0,0,0,18,0,18,0,1
"S.A.b",38,300,0.33,"TRUE","TRUE","FALSE","18.52260630787","9.47012194675138","9.05248436111861","4.099","0.121","0.313","1,2,3,4,5,6,7,8,9,442,443,444,445,446,447,448,449,450,466",0.000247081777793803,FALSE,0,1,0,0,19,1,18,0.0526315789473684,1
"S.A.b",39,300,0.33,"TRUE","TRUE","FALSE","18.4523972704285","9.46266435102194","8.98973291940656","4.12","0.135","0.344","1,2,3,4,5,6,7,8,9,442,443,444,445,446,447,448,449,450",0.000200911160969267,TRUE,0,0,0,0,18,0,18,0,1
"S.A.b",4,300,0.33,"TRUE","TRUE","FALSE","18.122183504349","9.13679404688752","8.98538945746146","3.491","0.111","0.3","1,2,3,4,5,6,7,8,9,442,443,444,445,446,447,448,449,450",0.000278951588105876,TRUE,0,0,0,0,18,0,18,0,1
"S.A.b",40,300,0.33,"TRUE","TRUE","FALSE","17.1703606394252","8.16679991238952","9.00356072703568","3.055","0.11","0.298","2,3,4,5,6,7,8,9,442,443,444,445,446,447,448,449,450",0.000429057776506719,FALSE,0,0,1,0,17,0,17,0,0.944444444444444
"S.A.b",41,300,0.33,"TRUE","TRUE","FALSE","17.3173065633548","8.31356713650434","9.00373942685042","3.283","0.102","0.269","2,3,4,5,6,7,8,9,442,443,444,445,446,447,448,449,450",0.000441660775444252,FALSE,0,0,1,0,17,0,17,0,0.944444444444444
"S.A.b",42,300,0.33,"TRUE","TRUE","FALSE","16.8298888468604","8.23971091023001","8.59017793663035","3.724","0.106","0.299","2,3,4,5,6,7,8,9,442,443,444,445,446,447,448,449,450",0.000498093767276936,FALSE,0,0,1,0,17,0,17,0,0.944444444444444
"S.A.b",43,300,0.33,"TRUE","TRUE","FALSE","18.2137076197866","9.21426421485168","8.99944340493494","3.848","0.113","0.291","1,2,3,4,5,6,7,8,9,442,443,444,445,446,447,448,449,450",0.000362901624643975,TRUE,0,0,0,0,18,0,18,0,1
"S.A.b",44,300,0.33,"TRUE","TRUE","FALSE","16.6548652201376","8.16641733407163","8.48844788606595","3.429","0.099","0.289","2,3,4,5,6,7,8,9,442,443,444,445,446,447,448,449,450",0.000497898435536361,FALSE,0,0,1,0,17,0,17,0,0.944444444444444
"S.A.b",45,300,0.33,"TRUE","TRUE","FALSE","17.2638001605954","8.27260405315128","8.99119610744409","3.921","0.121","0.362","2,3,4,5,6,7,8,9,442,443,444,445,446,447,448,449,450",0.00049914085739018,FALSE,0,0,1,0,17,0,17,0,0.944444444444444
"S.A.b",46,300,0.33,"TRUE","TRUE","FALSE","16.8624004762766","8.65828648583117","8.20411399044545","4.466","0.115","0.29","2,3,4,5,6,7,8,9,442,443,444,445,446,447,448,449,450",0.000570734366397517,FALSE,0,0,1,0,17,0,17,0,0.944444444444444
"S.A.b",47,300,0.33,"TRUE","TRUE","FALSE","17.9793251836429","8.97598484827003","9.0033403353729","3.296","0.114","0.326","1,2,3,4,5,6,7,8,9,442,443,444,445,446,447,448,449,450",0.000345101145098063,TRUE,0,0,0,0,18,0,18,0,1
"S.A.b",48,300,0.33,"TRUE","TRUE","FALSE","16.4833061130857","7.47625498740234","9.00705112568333","3.481","0.1","0.248","2,3,4,6,7,8,9,442,443,444,445,446,447,448,449,450",0.00119025945068198,FALSE,0,0,2,0,16,0,16,0,0.888888888888889
"S.A.b",49,300,0.33,"TRUE","TRUE","FALSE","16.7754819237762","7.77057185367484","9.0049100701014","4.184","0.119","0.301","2,3,4,5,6,7,8,9,442,443,444,445,446,447,448,449,450",0.000760059512330211,FALSE,0,0,1,0,17,0,17,0,0.944444444444444
"S.A.b",5,300,0.33,"TRUE","TRUE","FALSE","17.5969074957839","8.59072828718124","9.00617920860267","3.837","0.117","0.348","2,3,4,5,6,7,8,9,442,443,444,445,446,447,448,449,450",0.000589854096180817,FALSE,0,0,1,0,17,0,17,0,0.944444444444444
"S.A.b",50,300,0.33,"TRUE","TRUE","FALSE","17.8649935670962","9.14155757802217","8.72343598907399","4.066","0.104","0.275","1,2,3,4,5,6,7,8,9,442,443,444,445,446,447,448,449,450",0.000240408522630777,TRUE,0,0,0,0,18,0,18,0,1
"S.A.b",51,300,0.33,"TRUE","TRUE","FALSE","17.5801368099701","8.5777918144735","9.0023449954966","3.435","0.111","0.32","2,3,4,5,6,7,8,9,442,443,444,445,446,447,448,449,450",0.000407550946916641,FALSE,0,0,1,0,17,0,17,0,0.944444444444444
"S.A.b",52,300,0.33,"TRUE","TRUE","FALSE","17.1657287921756","8.16169493101111","9.00403386116446","4.176","0.115","0.347","2,3,4,5,6,7,8,9,442,443,444,445,446,447,448,449,450",0.000686331804905432,FALSE,0,0,1,0,17,0,17,0,0.944444444444444
"S.A.b",53,300,0.33,"TRUE","TRUE","FALSE","17.6945564752724","8.69427938351139","9.000277091761","3.323","0.111","0.304","1,2,3,4,5,6,7,8,9,442,443,444,445,446,447,448,449,450",0.000289980681505117,TRUE,0,0,0,0,18,0,18,0,1
"S.A.b",54,300,0.33,"TRUE","TRUE","FALSE","18.1166929888391","9.11268001444022","9.00401297439884","3.209","0.116","0.337","1,2,3,4,5,6,7,8,9,442,443,444,445,446,447,448,449,450",4.52177380044342e-05,TRUE,0,0,0,0,18,0,18,0,1
"S.A.b",55,300,0.33,"TRUE","TRUE","FALSE","17.9321895053282","8.94266478757373","8.98952471775445","3.644","0.107","0.27","1,2,3,4,5,6,7,8,9,442,443,444,445,446,447,448,449,450",0.000216537962030672,TRUE,0,0,0,0,18,0,18,0,1
"S.A.b",56,300,0.33,"TRUE","TRUE","FALSE","17.1348171397395","8.13680747801919","8.99800966172026","3.384","0.099","0.279","2,3,4,5,6,7,8,9,442,443,444,445,446,447,448,449,450",0.000741375303453971,FALSE,0,0,1,0,17,0,17,0,0.944444444444444
"S.A.b",57,300,0.33,"TRUE","TRUE","FALSE","17.9437704241416","8.94065795526829","9.00311246887332","3.153","0.105","0.262","1,2,3,4,5,6,7,8,9,442,443,444,445,446,447,448,449,450",0.000279039924799345,TRUE,0,0,0,0,18,0,18,0,1
"S.A.b",58,300,0.33,"TRUE","TRUE","FALSE","18.2454077020203","9.25649944296936","8.98890825905098","3.568","0.092","0.236","1,2,3,4,5,6,7,8,9,442,443,444,445,446,447,448,449,450",0.000422625389860235,TRUE,0,0,0,0,18,0,18,0,1
"S.A.b",59,300,0.33,"TRUE","TRUE","FALSE","17.2337462019006","8.2218564914114","9.0118897104892","3.185","0.11","0.319","2,3,4,5,6,7,8,9,442,443,444,445,446,447,448,449,450",0.00064573017257806,FALSE,0,0,1,0,17,0,17,0,0.944444444444444
"S.A.b",6,300,0.33,"TRUE","TRUE","FALSE","16.8597375153101","8.30851836747263","8.55121914783752","3.78","0.117","0.307","2,3,4,5,6,7,8,9,442,443,444,445,446,447,448,449,450",0.000508963405563733,FALSE,0,0,1,0,17,0,17,0,0.944444444444444
"S.A.b",60,300,0.33,"TRUE","TRUE","FALSE","17.2849138091035","8.36319831302397","8.92171549607951","3.911","0.105","0.27","2,3,4,5,6,7,8,9,442,443,444,445,446,447,448,449,450",0.000576658356483918,FALSE,0,0,1,0,17,0,17,0,0.944444444444444
"S.A.b",61,300,0.33,"TRUE","TRUE","FALSE","17.2301258180194","8.22436459823331","9.00576121978611","3.296","0.111","0.31","2,3,4,5,6,7,8,9,442,443,444,445,446,447,448,449,450",0.000545861758838656,FALSE,0,0,1,0,17,0,17,0,0.944444444444444
"S.A.b",62,300,0.33,"TRUE","TRUE","FALSE","18.1019696319559","9.09705122034869","9.00491841160722","3.374","0.128","0.344","1,2,3,4,5,6,7,8,9,442,443,444,445,446,447,448,449,450",0.000156386939835201,TRUE,0,0,0,0,18,0,18,0,1
"S.A.b",63,300,0.33,"TRUE","TRUE","FALSE","17.8754316453174","8.91814812953959","8.95728351577778","3.57","0.092","0.26","1,2,3,4,5,6,7,8,9,442,443,444,445,446,447,448,449,450",0.000174678130781154,TRUE,0,0,0,0,18,0,18,0,1
"S.A.b",64,300,0.33,"TRUE","TRUE","FALSE","17.1556892306822","8.15244747188945","9.00324175879278","2.936","0.108","0.317","2,3,4,5,6,7,8,9,442,443,444,445,446,447,448,449,450",0.000387588023912474,FALSE,0,0,1,0,17,0,17,0,0.944444444444444
"S.A.b",65,300,0.33,"TRUE","TRUE","FALSE","18.157740193568","9.1556135890829","9.00212660448507","3.114","0.112","0.279","1,2,3,4,5,6,7,8,9,442,443,444,445,446,447,448,449,450",0.000467508943121771,TRUE,0,0,0,0,18,0,18,0,1
"S.A.b",66,300,0.33,"TRUE","TRUE","FALSE","17.2639236861054","8.28158413779857","8.98233954830681","4.695","0.114","0.309","2,3,4,5,6,7,8,9,442,443,444,445,446,447,448,449,450",0.000396953513730707,FALSE,0,0,1,0,17,0,17,0,0.944444444444444
"S.A.b",67,300,0.33,"TRUE","TRUE","FALSE","17.941538400208","9.11991905932942","8.82161934087859","3.917","0.12","0.337","1,2,3,4,5,6,7,8,9,442,443,444,445,446,447,448,449,450",0.000238942775856299,TRUE,0,0,0,0,18,0,18,0,1
"S.A.b",68,300,0.33,"TRUE","TRUE","FALSE","17.9728899006242","8.96530613447168","9.00758376615253","3.67","0.107","0.343","1,2,3,4,5,6,7,8,9,442,443,444,445,446,447,448,449,450",0.000200327865682125,TRUE,0,0,0,0,18,0,18,0,1
"S.A.b",69,300,0.33,"TRUE","TRUE","FALSE","17.6034725685952","9.43517475707459","8.16829781152059","4.292","0.117","0.333","1,2,3,4,5,6,7,8,9,442,443,444,445,446,447,448,449,450",0.000385486778699884,TRUE,0,0,0,0,18,0,18,0,1
"S.A.b",7,300,0.33,"TRUE","TRUE","FALSE","18.5247680152202","9.66336119200986","8.86140682321036","4.432","0.119","0.389","1,2,3,4,5,6,7,8,9,221,442,443,444,445,446,447,448,449,450",0.000442966584259196,FALSE,1,0,0,0,19,1,18,0.0526315789473684,1
"S.A.b",70,300,0.33,"TRUE","TRUE","FALSE","17.26753588229","8.26446573297571","9.00307014931425","3.679","0.093","0.275","2,3,4,5,6,7,8,9,442,443,444,445,446,447,448,449,450",0.000407702839715554,FALSE,0,0,1,0,17,0,17,0,0.944444444444444
"S.A.b",71,300,0.33,"TRUE","TRUE","FALSE","17.3967854654502","8.52632207046971","8.87046339498051","4.309","0.105","0.321","2,3,4,5,6,7,8,9,442,443,444,445,446,447,448,449,450",0.000556543929874483,FALSE,0,0,1,0,17,0,17,0,0.944444444444444
"S.A.b",72,300,0.33,"TRUE","TRUE","FALSE","17.2575346687885","8.25375012000468","9.00378454878386","3.413","0.131","0.304","2,3,4,5,6,7,8,9,442,443,444,445,446,447,448,449,450",0.000625740415752736,FALSE,0,0,1,0,17,0,17,0,0.944444444444444
"S.A.b",73,300,0.33,"TRUE","TRUE","FALSE","18.1510421845555","9.14592216982998","9.00512001472547","3.027","0.108","0.28","1,2,3,4,5,6,7,8,9,442,443,444,445,446,447,448,449,450",0.000227260784661462,TRUE,0,0,0,0,18,0,18,0,1
"S.A.b",74,300,0.33,"TRUE","TRUE","FALSE","17.4039828298431","8.40049259023116","9.00349023961191","3.393","0.091","0.28","2,3,4,5,6,7,8,9,442,443,444,445,446,447,448,449,450",0.000553841401513883,FALSE,0,0,1,0,17,0,17,0,0.944444444444444
"S.A.b",75,300,0.33,"TRUE","TRUE","FALSE","18.1427054514272","9.12720655671102","9.01549889471623","3.037","0.105","0.316","1,2,3,4,5,6,7,8,9,442,443,444,445,446,447,448,449,450",0.000186128560945755,TRUE,0,0,0,0,18,0,18,0,1
"S.A.b",76,300,0.33,"TRUE","TRUE","FALSE","17.9278798828809","8.91927038912953","9.00860949375133","3.514","0.11","0.33","1,2,3,4,5,6,7,8,9,442,443,444,445,446,447,448,449,450",0.000262529606616384,TRUE,0,0,0,0,18,0,18,0,1
"S.A.b",77,300,0.33,"TRUE","TRUE","FALSE","17.3225349747065","8.31666385417616","9.00587112053035","3.493","0.116","0.311","2,3,4,5,6,7,8,9,442,443,444,445,446,447,448,449,450",0.000607507547907115,FALSE,0,0,1,0,17,0,17,0,0.944444444444444
"S.A.b",78,300,0.33,"TRUE","TRUE","FALSE","17.8819135441386","8.87885106430324","9.00306247983539","3.523","0.12","0.324","1,2,3,4,5,6,7,8,9,442,443,444,445,446,447,448,449,450",0.000139456778742887,TRUE,0,0,0,0,18,0,18,0,1
"S.A.b",79,300,0.33,"TRUE","TRUE","FALSE","17.2101835215193","8.2066581173862","9.00352540413307","3.208","0.109","0.289","2,3,4,5,6,7,8,9,442,443,444,445,446,447,448,449,450",0.000455772217478021,FALSE,0,0,1,0,17,0,17,0,0.944444444444444
"S.A.b",8,300,0.33,"TRUE","TRUE","FALSE","17.7978214186616","8.79410441398693","9.0037170046747","3.717","0.109","0.318","1,2,3,4,5,6,7,8,9,442,443,444,445,446,447,448,449,450",0.000413689782812249,TRUE,0,0,0,0,18,0,18,0,1
"S.A.b",80,300,0.33,"TRUE","TRUE","FALSE","16.1855254335429","7.17885150136767","9.00667393217524","2.976","0.11","0.264","2,3,4,6,7,8,9,442,443,444,445,446,447,448,449,450",0.00132649998525163,FALSE,0,0,2,0,16,0,16,0,0.888888888888889
"S.A.b",81,300,0.33,"TRUE","TRUE","FALSE","17.475652894638","8.47516840973896","9.00048448489908","3.966","0.107","0.292","1,2,3,4,5,6,7,8,9,442,443,444,445,446,447,448,449,450",0.000297513349851249,TRUE,0,0,0,0,18,0,18,0,1
"S.A.b",82,300,0.33,"TRUE","TRUE","FALSE","17.9998362712666","9.04550622856963","8.95433004269701","3.827","0.098","0.309","1,2,3,4,5,6,7,8,9,442,443,444,445,446,447,448,449,450",0.00026718227971879,TRUE,0,0,0,0,18,0,18,0,1
"S.A.b",83,300,0.33,"TRUE","TRUE","FALSE","17.8339581493897","8.82639628370183","9.00756186568782","3.53","0.105","0.292","1,2,3,4,5,6,7,8,9,442,443,444,445,446,447,448,449,450",0.00025642028741417,TRUE,0,0,0,0,18,0,18,0,1
"S.A.b",84,300,0.33,"TRUE","TRUE","FALSE","17.2263934799157","8.21199978049552","9.01439369942014","3.624","0.105","0.282","2,3,4,5,6,7,8,9,442,443,444,445,446,447,448,449,450",0.000374156064499139,FALSE,0,0,1,0,17,0,17,0,0.944444444444444
"S.A.b",85,300,0.33,"TRUE","TRUE","FALSE","16.5798225708337","7.57656519483884","9.00325737599486","3.51","0.108","0.309","2,3,4,6,7,8,9,442,443,444,445,446,447,448,449,450",0.00124876415933437,FALSE,0,0,2,0,16,0,16,0,0.888888888888889
"S.A.b",86,300,0.33,"TRUE","TRUE","FALSE","17.7292931525595","8.72502906699689","9.00426408556258","3.38","0.098","0.273","1,2,3,4,5,6,7,8,9,442,443,444,445,446,447,448,449,450",8.02864407084327e-05,TRUE,0,0,0,0,18,0,18,0,1
"S.A.b",87,300,0.33,"TRUE","TRUE","FALSE","18.1357692880081","9.12506044374508","9.01070884426299","3.146","0.098","0.303","1,2,3,4,5,6,7,8,9,442,443,444,445,446,447,448,449,450",0.00021387827367708,TRUE,0,0,0,0,18,0,18,0,1
"S.A.b",88,300,0.33,"TRUE","TRUE","FALSE","17.4603804421913","8.45547409203287","9.00490635015842","3.345","0.108","0.33","2,3,4,5,6,7,8,9,442,443,444,445,446,447,448,449,450",0.00042252507581224,FALSE,0,0,1,0,17,0,17,0,0.944444444444444
"S.A.b",89,300,0.33,"TRUE","TRUE","FALSE","18.1542011002763","9.14786013779224","9.00634096248403","3.059","0.112","0.317","1,2,3,4,5,6,7,8,9,442,443,444,445,446,447,448,449,450",0.000385209338982412,TRUE,0,0,0,0,18,0,18,0,1
"S.A.b",9,300,0.33,"TRUE","TRUE","FALSE","17.6924483914253","8.69072813522361","9.0017202562017","4.07","0.115","0.3","1,2,3,4,5,6,7,8,9,442,443,444,445,446,447,448,449,450",0.000360462097599243,TRUE,0,0,0,0,18,0,18,0,1
"S.A.b",90,300,0.33,"TRUE","TRUE","FALSE","16.7781164270355","7.77609396488882","9.00202246214673","3.81","0.106","0.298","2,3,4,6,7,8,9,442,443,444,445,446,447,448,449,450",0.00108097244809252,FALSE,0,0,2,0,16,0,16,0,0.888888888888889
"S.A.b",91,300,0.33,"TRUE","TRUE","FALSE","17.197373058645","9.12409771358869","8.07327534505634","3.091","0.103","0.252","1,2,3,4,5,6,7,8,9,442,443,444,445,446,447,448,449,450",0.00026063979274571,TRUE,0,0,0,0,18,0,18,0,1
"S.A.b",92,300,0.33,"TRUE","TRUE","FALSE","17.230449135797","8.22487608642757","9.00557304936945","3.805","0.116","0.318","2,3,4,5,6,7,8,9,442,443,444,445,446,447,448,449,450",0.000588807193108904,FALSE,0,0,1,0,17,0,17,0,0.944444444444444
"S.A.b",93,300,0.33,"TRUE","TRUE","FALSE","18.0301273873199","9.03067727994712","8.99945010737274","4.083","0.114","0.319","2,3,4,5,6,7,8,9,159,442,443,444,445,446,447,448,449,450",0.000821156178970745,FALSE,1,0,1,0,18,1,17,0.0555555555555556,0.944444444444444
"S.A.b",94,300,0.33,"TRUE","TRUE","FALSE","18.1725517252649","9.22480183483203","8.94774989043291","4.293","0.107","0.281","1,2,3,4,5,6,7,8,9,442,443,444,445,446,447,448,449,450",0.000407551333422252,TRUE,0,0,0,0,18,0,18,0,1
"S.A.b",95,300,0.33,"TRUE","TRUE","FALSE","17.1067391046208","8.10249972657285","9.00423937804799","3.096","0.113","0.32","2,3,4,5,6,7,8,9,442,443,444,445,446,447,448,449,450",0.000485320292723094,FALSE,0,0,1,0,17,0,17,0,0.944444444444444
"S.A.b",96,300,0.33,"TRUE","TRUE","FALSE","18.8550440005049","9.85117405851678","9.00386994198809","3.912","0.122","0.361","1,2,3,4,5,6,7,8,9,258,442,443,444,445,446,447,448,449,450",0.000485506223951189,FALSE,1,0,0,0,19,1,18,0.0526315789473684,1
"S.A.b",97,300,0.33,"TRUE","TRUE","FALSE","17.3118756704182","8.3083268723547","9.00354879806346","3.31","0.114","0.359","2,3,4,5,6,7,8,9,442,443,444,445,446,447,448,449,450",0.00043840508232138,FALSE,0,0,1,0,17,0,17,0,0.944444444444444
"S.A.b",98,300,0.33,"TRUE","TRUE","FALSE","16.8112193768216","7.80670320241047","9.00451617441109","3.605","0.105","0.29","2,3,4,5,6,7,8,9,442,443,444,445,446,447,448,449,450",0.000514220723560351,FALSE,0,0,1,0,17,0,17,0,0.944444444444444
"S.A.b",99,300,0.33,"TRUE","TRUE","FALSE","17.6177895422856","9.04377979453116","8.57400974775448","3.934","0.099","0.245","1,2,3,4,5,6,7,8,9,442,443,444,445,446,447,448,449,450",0.000208007634402605,TRUE,0,0,0,0,18,0,18,0,1
"S.EB",1,300,0.33,"TRUE","TRUE","FALSE","16.4646060534021","7.48012163390299","8.98448441949913","3.27","0.109","0.292","2,3,4,5,6,7,8,9,442,443,444,445,446,447,448,449,450",0.000567570052663946,FALSE,0,0,1,0,17,0,17,0,0.944444444444444
"S.EB",10,300,0.33,"TRUE","TRUE","FALSE","17.5150498364129","8.50617767994518","9.00887215646771","3.693","0.11","0.316","1,2,3,4,5,6,7,8,9,442,443,444,445,446,447,448,449,450",0.000285791570515905,TRUE,0,0,0,0,18,0,18,0,1
"S.EB",100,300,0.33,"TRUE","TRUE","FALSE","17.1766614877175","8.17275389971737","9.00390758800016","3.384","0.115","0.287","2,3,4,5,6,7,8,9,442,443,444,445,446,447,448,449,450",0.000643870071504466,FALSE,0,0,1,0,17,0,17,0,0.944444444444444
"S.EB",11,300,0.33,"TRUE","TRUE","FALSE","17.5603381909279","8.56017756278257","9.0001606281453","3.494","0.118","0.356","1,2,3,4,5,6,7,8,9,442,443,444,445,446,447,448,449,450",0.000173602827895386,TRUE,0,0,0,0,18,0,18,0,1
"S.EB",12,300,0.33,"TRUE","TRUE","FALSE","18.1957344768699","9.25805851942726","8.93767595744263","3.474","0.11","0.315","1,2,3,4,5,6,7,8,9,20,442,443,444,445,446,447,448,449,450",0.000468139872113024,FALSE,1,0,0,0,19,1,18,0.0526315789473684,1
"S.EB",13,300,0.33,"TRUE","TRUE","FALSE","18.110368366139","9.10758933942403","9.00277902671497","3.01","0.095","0.279","1,2,3,4,5,6,7,8,9,442,443,444,445,446,447,448,449,450",0.000365071682996405,TRUE,0,0,0,0,18,0,18,0,1
"S.EB",14,300,0.33,"TRUE","TRUE","FALSE","16.2264376179764","7.22904772280057","8.99738989517585","3.159","0.103","0.304","2,3,4,6,7,8,9,442,443,444,445,446,447,448,449,450",0.00115021586409995,FALSE,0,0,2,0,16,0,16,0,0.888888888888889
"S.EB",15,300,0.33,"TRUE","TRUE","FALSE","17.2432016349594","8.23844076811942","9.00476086683998","3.392","0.094","0.3","1,2,3,4,5,6,7,8,9,442,443,444,445,446,447,448,449,450",0.000478512102349646,TRUE,0,0,0,0,18,0,18,0,1
"S.EB",16,300,0.33,"TRUE","TRUE","FALSE","17.2003056365693","8.19611827692808","9.00418735964126","3.11","0.097","0.264","2,3,4,5,6,7,8,9,442,443,444,445,446,447,448,449,450",0.000431054018129854,FALSE,0,0,1,0,17,0,17,0,0.944444444444444
"S.EB",17,300,0.33,"TRUE","TRUE","FALSE","17.8537526947473","8.85021800582619","9.00353468892114","3.316","0.105","0.291","1,2,3,4,5,6,7,8,9,442,443,444,445,446,447,448,449,450",0.00032985541404134,TRUE,0,0,0,0,18,0,18,0,1
"S.EB",18,300,0.33,"TRUE","TRUE","FALSE","17.2321013392517","8.22866730709415","9.00343403215752","3.228","0.12","0.332","1,2,3,4,5,6,7,8,9,442,443,444,445,446,447,448,449,450",0.000219380418293702,TRUE,0,0,0,0,18,0,18,0,1
"S.EB",19,300,0.33,"TRUE","TRUE","FALSE","17.1135675380133","8.11488184068825","8.99868569732507","2.886","0.104","0.272","2,3,4,5,6,7,8,9,442,443,444,445,446,447,448,449,450",0.000470310059399602,FALSE,0,0,1,0,17,0,17,0,0.944444444444444
"S.EB",2,300,0.33,"TRUE","TRUE","FALSE","17.6597266247475","8.98097627950475","8.67875034524276","3.773","0.113","0.393","1,2,3,4,5,6,7,8,9,442,443,444,445,446,447,448,449,450",0.000136586125653551,TRUE,0,0,0,0,18,0,18,0,1
"S.EB",20,300,0.33,"TRUE","TRUE","FALSE","17.5056164134541","8.50724139611193","8.99837501734217","3.746","0.105","0.297","2,3,4,5,6,7,8,9,251,442,443,444,445,446,447,448,449,450",0.000763552655323367,FALSE,1,0,1,0,18,1,17,0.0555555555555556,0.944444444444444
"S.EB",21,300,0.33,"TRUE","TRUE","FALSE","17.4513858153578","8.44623327844433","9.00515253691342","3.639","0.114","0.315","2,3,4,5,6,7,8,9,236,442,443,444,445,446,447,448,449,450",0.000964673193712571,FALSE,1,0,1,0,18,1,17,0.0555555555555556,0.944444444444444
"S.EB",22,300,0.33,"TRUE","TRUE","FALSE","17.9121526694051","8.90670758566372","9.00544508374137","3.556","0.119","0.337","1,2,3,4,5,6,7,8,9,85,442,443,444,445,446,447,448,449,450",0.000692823609227039,FALSE,1,0,0,0,19,1,18,0.0526315789473684,1
"S.EB",23,300,0.33,"TRUE","TRUE","FALSE","18.1426607968273","9.13885126608944","9.00380953073783","3.098","0.101","0.289","1,2,3,4,5,6,7,8,9,397,442,443,444,445,446,447,448,449,450",0.000443597316946265,FALSE,1,0,0,0,19,1,18,0.0526315789473684,1
"S.EB",24,300,0.33,"TRUE","TRUE","FALSE","16.9166330545481","8.01879731791609","8.897835736632","3.538","0.101","0.265","1,2,3,4,5,6,7,8,9,442,443,444,445,446,447,448,449,450",0.000295867601892627,TRUE,0,0,0,0,18,0,18,0,1
"S.EB",25,300,0.33,"TRUE","TRUE","FALSE","17.4298287672536","8.42519783334002","9.00463093391356","3.254","0.104","0.315","1,2,3,4,5,6,7,8,9,442,443,444,445,446,447,448,449,450",0.000324669879530164,TRUE,0,0,0,0,18,0,18,0,1
"S.EB",26,300,0.33,"TRUE","TRUE","FALSE","16.6451649133408","8.31752139712312","8.32764351621765","3.609","0.101","0.297","2,3,4,5,6,7,8,9,49,442,443,444,445,446,447,448,449,450",0.000689199171745686,FALSE,1,0,1,0,18,1,17,0.0555555555555556,0.944444444444444
"S.EB",27,300,0.33,"TRUE","TRUE","FALSE","17.1879505364636","8.18453592466168","9.00341461180196","3.047","0.1","0.283","2,3,4,5,6,7,8,9,442,443,444,445,446,447,448,449,450",0.000535341830482554,FALSE,0,0,1,0,17,0,17,0,0.944444444444444
"S.EB",28,300,0.33,"TRUE","TRUE","FALSE","17.5958501874255","8.58827968302954","9.00757050439596","3.367","0.104","0.312","1,2,3,4,5,6,7,8,9,442,443,444,445,446,447,448,449,450",0.000136860141636313,TRUE,0,0,0,0,18,0,18,0,1
"S.EB",29,300,0.33,"TRUE","TRUE","FALSE","17.9496254385522","8.95880076502513","8.99082467352705","3.263","0.109","0.299","1,2,3,4,5,6,7,8,9,442,443,444,445,446,447,448,449,450",0.000170897615950084,TRUE,0,0,0,0,18,0,18,0,1
"S.EB",3,300,0.33,"TRUE","TRUE","FALSE","18.150574602231","9.144222138309","9.00635246392197","3.592","0.123","0.393","1,2,3,4,5,6,7,8,9,442,443,444,445,446,447,448,449,450",0.000191552370837778,TRUE,0,0,0,0,18,0,18,0,1
"S.EB",30,300,0.33,"TRUE","TRUE","FALSE","17.2123134700692","8.21233879581563","8.9999746742536","3.755","0.11","0.305","1,2,3,4,5,6,7,8,9,442,443,444,445,446,447,448,449,450",0.000446162441005893,TRUE,0,0,0,0,18,0,18,0,1
"S.EB",31,300,0.33,"TRUE","TRUE","FALSE","17.687929285341","9.15322186091061","8.5347074244304","3.777","0.105","0.314","1,2,3,4,5,6,7,8,9,105,442,443,444,445,446,447,448,449,450",0.000499372348049826,FALSE,1,0,0,0,19,1,18,0.0526315789473684,1
"S.EB",32,300,0.33,"TRUE","TRUE","FALSE","17.1639183967071","8.16054328026842","9.00337511643868","2.998","0.108","0.284","2,3,4,5,6,7,8,9,442,443,444,445,446,447,448,449,450",0.000364419681753688,FALSE,0,0,1,0,17,0,17,0,0.944444444444444
"S.EB",33,300,0.33,"TRUE","TRUE","FALSE","17.1867027188016","8.27129336519507","8.9154093536065","3.462","0.108","0.315","2,3,4,5,6,7,8,9,442,443,444,445,446,447,448,449,450",0.000421958426411543,FALSE,0,0,1,0,17,0,17,0,0.944444444444444
"S.EB",34,300,0.33,"TRUE","TRUE","FALSE","17.2552544356181","8.2509782912674","9.00427614435069","3.399","0.11","0.298","1,2,3,4,5,6,7,8,9,442,443,444,445,446,447,448,449,450",9.14837416357261e-05,TRUE,0,0,0,0,18,0,18,0,1
"S.EB",35,300,0.33,"TRUE","TRUE","FALSE","17.8321840993562","8.808692832883","9.0234912664732","4.973","0.121","0.335","1,2,3,4,5,6,7,8,9,201,442,443,444,445,446,447,448,449,450",0.000386578000945826,FALSE,1,0,0,0,19,1,18,0.0526315789473684,1
"S.EB",36,300,0.33,"TRUE","TRUE","FALSE","18.0010386544065","8.99619760580775","9.00484104859874","3.828","0.107","0.316","1,2,3,4,5,6,7,8,9,137,442,443,444,445,446,447,448,449,450",0.000400658841612678,FALSE,1,0,0,0,19,1,18,0.0526315789473684,1
"S.EB",37,300,0.33,"TRUE","TRUE","FALSE","17.2523624911274","8.27892690206327","8.97343558906414","3.854","0.126","0.299","1,2,3,4,5,6,7,8,9,442,443,444,445,446,447,448,449,450",0.000436010196322268,TRUE,0,0,0,0,18,0,18,0,1
"S.EB",38,300,0.33,"TRUE","TRUE","FALSE","18.52260630787","9.47012194675138","9.05248436111861","4.099","0.121","0.313","1,2,3,4,5,6,7,8,9,89,272,442,443,444,445,446,447,448,449,450,466",0.000641409893356449,FALSE,2,1,0,0,21,3,18,0.142857142857143,1
"S.EB",39,300,0.33,"TRUE","TRUE","FALSE","18.4523972704285","9.46266435102194","8.98973291940656","4.12","0.135","0.344","1,2,3,4,5,6,7,8,9,48,222,442,443,444,445,446,447,448,449,450",0.000672590847930309,FALSE,2,0,0,0,20,2,18,0.1,1
"S.EB",4,300,0.33,"TRUE","TRUE","FALSE","18.122183504349","9.13679404688752","8.98538945746146","3.491","0.111","0.3","1,2,3,4,5,6,7,8,9,442,443,444,445,446,447,448,449,450",0.000278951588105876,TRUE,0,0,0,0,18,0,18,0,1
"S.EB",40,300,0.33,"TRUE","TRUE","FALSE","17.1703606394252","8.16679991238952","9.00356072703568","3.055","0.11","0.298","2,3,4,5,6,7,8,9,442,443,444,445,446,447,448,449,450",0.000429057776506719,FALSE,0,0,1,0,17,0,17,0,0.944444444444444
"S.EB",41,300,0.33,"TRUE","TRUE","FALSE","17.3173065633548","8.31356713650434","9.00373942685042","3.283","0.102","0.269","1,2,3,4,5,6,7,8,9,442,443,444,445,446,447,448,449,450",0.000177004366088317,TRUE,0,0,0,0,18,0,18,0,1
"S.EB",42,300,0.33,"TRUE","TRUE","FALSE","16.8298888468604","8.23971091023001","8.59017793663035","3.724","0.106","0.299","2,3,4,5,6,7,8,9,442,443,444,445,446,447,448,449,450",0.000498093767276936,FALSE,0,0,1,0,17,0,17,0,0.944444444444444
"S.EB",43,300,0.33,"TRUE","TRUE","FALSE","18.2137076197866","9.21426421485168","8.99944340493494","3.848","0.113","0.291","1,2,3,4,5,6,7,8,9,344,442,443,444,445,446,447,448,449,450",0.000646434754932735,FALSE,1,0,0,0,19,1,18,0.0526315789473684,1
"S.EB",44,300,0.33,"TRUE","TRUE","FALSE","16.6548652201376","8.16641733407163","8.48844788606595","3.429","0.099","0.289","2,3,4,5,6,7,8,9,442,443,444,445,446,447,448,449,450",0.000497898435536361,FALSE,0,0,1,0,17,0,17,0,0.944444444444444
"S.EB",45,300,0.33,"TRUE","TRUE","FALSE","17.2638001605954","8.27260405315128","8.99119610744409","3.921","0.121","0.362","1,2,3,4,5,6,7,8,9,442,443,444,445,446,447,448,449,450",0.000235489846437343,TRUE,0,0,0,0,18,0,18,0,1
"S.EB",46,300,0.33,"TRUE","TRUE","FALSE","16.8624004762766","8.65828648583117","8.20411399044545","4.466","0.115","0.29","2,3,4,5,6,7,8,9,118,442,443,444,445,446,447,448,449,450",0.000773501446631919,FALSE,1,0,1,0,18,1,17,0.0555555555555556,0.944444444444444
"S.EB",47,300,0.33,"TRUE","TRUE","FALSE","17.9793251836429","8.97598484827003","9.0033403353729","3.296","0.114","0.326","1,2,3,4,5,6,7,8,9,442,443,444,445,446,447,448,449,450",0.000345101145098063,TRUE,0,0,0,0,18,0,18,0,1
"S.EB",48,300,0.33,"TRUE","TRUE","FALSE","16.4833061130857","7.47625498740234","9.00705112568333","3.481","0.1","0.248","2,3,4,5,6,7,8,9,442,443,444,445,446,447,448,449,450",0.000610867820406307,FALSE,0,0,1,0,17,0,17,0,0.944444444444444
"S.EB",49,300,0.33,"TRUE","TRUE","FALSE","16.7754819237762","7.77057185367484","9.0049100701014","4.184","0.119","0.301","2,3,4,5,6,7,8,9,442,443,444,445,446,447,448,449,450",0.000760059512330211,FALSE,0,0,1,0,17,0,17,0,0.944444444444444
"S.EB",5,300,0.33,"TRUE","TRUE","FALSE","17.5969074957839","8.59072828718124","9.00617920860267","3.837","0.117","0.348","1,2,3,4,5,6,7,8,9,317,442,443,444,445,446,447,448,449,450",0.000560119373672419,FALSE,1,0,0,0,19,1,18,0.0526315789473684,1
"S.EB",50,300,0.33,"TRUE","TRUE","FALSE","17.8649935670962","9.14155757802217","8.72343598907399","4.066","0.104","0.275","1,2,3,4,5,6,7,8,9,259,280,350,442,443,444,445,446,447,448,449,450",0.000834540212622552,FALSE,3,0,0,0,21,3,18,0.142857142857143,1
"S.EB",51,300,0.33,"TRUE","TRUE","FALSE","17.5801368099701","8.5777918144735","9.0023449954966","3.435","0.111","0.32","1,2,3,4,5,6,7,8,9,442,443,444,445,446,447,448,449,450",0.00018213721117915,TRUE,0,0,0,0,18,0,18,0,1
"S.EB",52,300,0.33,"TRUE","TRUE","FALSE","17.1657287921756","8.16169493101111","9.00403386116446","4.176","0.115","0.347","2,3,4,5,6,7,8,9,404,442,443,444,445,446,447,448,449,450",0.000753730604314682,FALSE,1,0,1,0,18,1,17,0.0555555555555556,0.944444444444444
"S.EB",53,300,0.33,"TRUE","TRUE","FALSE","17.6945564752724","8.69427938351139","9.000277091761","3.323","0.111","0.304","1,2,3,4,5,6,7,8,9,442,443,444,445,446,447,448,449,450",0.000289980681505117,TRUE,0,0,0,0,18,0,18,0,1
"S.EB",54,300,0.33,"TRUE","TRUE","FALSE","18.1166929888391","9.11268001444022","9.00401297439884","3.209","0.116","0.337","1,2,3,4,5,6,7,8,9,442,443,444,445,446,447,448,449,450",4.52177380044342e-05,TRUE,0,0,0,0,18,0,18,0,1
"S.EB",55,300,0.33,"TRUE","TRUE","FALSE","17.9321895053282","8.94266478757373","8.98952471775445","3.644","0.107","0.27","1,2,3,4,5,6,7,8,9,442,443,444,445,446,447,448,449,450",0.000216537962030672,TRUE,0,0,0,0,18,0,18,0,1
"S.EB",56,300,0.33,"TRUE","TRUE","FALSE","17.1348171397395","8.13680747801919","8.99800966172026","3.384","0.099","0.279","2,3,4,5,6,7,8,9,442,443,444,445,446,447,448,449,450",0.000741375303453971,FALSE,0,0,1,0,17,0,17,0,0.944444444444444
"S.EB",57,300,0.33,"TRUE","TRUE","FALSE","17.9437704241416","8.94065795526829","9.00311246887332","3.153","0.105","0.262","1,2,3,4,5,6,7,8,9,442,443,444,445,446,447,448,449,450",0.000279039924799345,TRUE,0,0,0,0,18,0,18,0,1
"S.EB",58,300,0.33,"TRUE","TRUE","FALSE","18.2454077020203","9.25649944296936","8.98890825905098","3.568","0.092","0.236","1,2,3,4,5,6,7,8,9,415,442,443,444,445,446,447,448,449,450",0.000571209984149747,FALSE,1,0,0,0,19,1,18,0.0526315789473684,1
"S.EB",59,300,0.33,"TRUE","TRUE","FALSE","17.2337462019006","8.2218564914114","9.0118897104892","3.185","0.11","0.319","2,3,4,5,6,7,8,9,23,442,443,444,445,446,447,448,449,450",0.000783909123330581,FALSE,1,0,1,0,18,1,17,0.0555555555555556,0.944444444444444
"S.EB",6,300,0.33,"TRUE","TRUE","FALSE","16.8597375153101","8.30851836747263","8.55121914783752","3.78","0.117","0.307","1,2,3,4,5,6,7,8,9,442,443,444,445,446,447,448,449,450",0.000285862868475677,TRUE,0,0,0,0,18,0,18,0,1
"S.EB",60,300,0.33,"TRUE","TRUE","FALSE","17.2849138091035","8.36319831302397","8.92171549607951","3.911","0.105","0.27","1,2,3,4,5,6,7,8,9,442,443,444,445,446,447,448,449,450",0.000311174211943557,TRUE,0,0,0,0,18,0,18,0,1
"S.EB",61,300,0.33,"TRUE","TRUE","FALSE","17.2301258180194","8.22436459823331","9.00576121978611","3.296","0.111","0.31","2,3,4,5,6,7,8,9,442,443,444,445,446,447,448,449,450",0.000545861758838656,FALSE,0,0,1,0,17,0,17,0,0.944444444444444
"S.EB",62,300,0.33,"TRUE","TRUE","FALSE","18.1019696319559","9.09705122034869","9.00491841160722","3.374","0.128","0.344","1,2,3,4,5,6,7,8,9,442,443,444,445,446,447,448,449,450",0.000156386939835201,TRUE,0,0,0,0,18,0,18,0,1
"S.EB",63,300,0.33,"TRUE","TRUE","FALSE","17.8754316453174","8.91814812953959","8.95728351577778","3.57","0.092","0.26","1,2,3,4,5,6,7,8,9,442,443,444,445,446,447,448,449,450",0.000174678130781154,TRUE,0,0,0,0,18,0,18,0,1
"S.EB",64,300,0.33,"TRUE","TRUE","FALSE","17.1556892306822","8.15244747188945","9.00324175879278","2.936","0.108","0.317","2,3,4,5,6,7,8,9,442,443,444,445,446,447,448,449,450",0.000387588023912474,FALSE,0,0,1,0,17,0,17,0,0.944444444444444
"S.EB",65,300,0.33,"TRUE","TRUE","FALSE","18.157740193568","9.1556135890829","9.00212660448507","3.114","0.112","0.279","1,2,3,4,5,6,7,8,9,442,443,444,445,446,447,448,449,450",0.000467508943121771,TRUE,0,0,0,0,18,0,18,0,1
"S.EB",66,300,0.33,"TRUE","TRUE","FALSE","17.2639236861054","8.28158413779857","8.98233954830681","4.695","0.114","0.309","1,2,3,4,5,6,7,8,9,39,306,442,443,444,445,446,447,448,449,450",0.000571070241751009,FALSE,2,0,0,0,20,2,18,0.1,1
"S.EB",67,300,0.33,"TRUE","TRUE","FALSE","17.941538400208","9.11991905932942","8.82161934087859","3.917","0.12","0.337","1,2,3,4,5,6,7,8,9,442,443,444,445,446,447,448,449,450",0.000238942775856299,TRUE,0,0,0,0,18,0,18,0,1
"S.EB",68,300,0.33,"TRUE","TRUE","FALSE","17.9728899006242","8.96530613447168","9.00758376615253","3.67","0.107","0.343","1,2,3,4,5,6,7,8,9,442,443,444,445,446,447,448,449,450",0.000200327865682125,TRUE,0,0,0,0,18,0,18,0,1
"S.EB",69,300,0.33,"TRUE","TRUE","FALSE","17.6034725685952","9.43517475707459","8.16829781152059","4.292","0.117","0.333","1,2,3,4,5,6,7,8,9,371,442,443,444,445,446,447,448,449,450",0.000560110478248057,FALSE,1,0,0,0,19,1,18,0.0526315789473684,1
"S.EB",7,300,0.33,"TRUE","TRUE","FALSE","18.5247680152202","9.66336119200986","8.86140682321036","4.432","0.119","0.389","1,2,3,4,5,6,7,8,9,221,442,443,444,445,446,447,448,449,450",0.000442966584259196,FALSE,1,0,0,0,19,1,18,0.0526315789473684,1
"S.EB",70,300,0.33,"TRUE","TRUE","FALSE","17.26753588229","8.26446573297571","9.00307014931425","3.679","0.093","0.275","1,2,3,4,5,6,7,8,9,442,443,444,445,446,447,448,449,450",0.000185655853279165,TRUE,0,0,0,0,18,0,18,0,1
"S.EB",71,300,0.33,"TRUE","TRUE","FALSE","17.3967854654502","8.52632207046971","8.87046339498051","4.309","0.105","0.321","1,2,3,4,5,6,7,8,9,442,443,444,445,446,447,448,449,450",0.000275805361361422,TRUE,0,0,0,0,18,0,18,0,1
"S.EB",72,300,0.33,"TRUE","TRUE","FALSE","17.2575346687885","8.25375012000468","9.00378454878386","3.413","0.131","0.304","1,2,3,4,5,6,7,8,9,442,443,444,445,446,447,448,449,450",0.000381464651584484,TRUE,0,0,0,0,18,0,18,0,1
"S.EB",73,300,0.33,"TRUE","TRUE","FALSE","18.1510421845555","9.14592216982998","9.00512001472547","3.027","0.108","0.28","1,2,3,4,5,6,7,8,9,442,443,444,445,446,447,448,449,450",0.000227260784661462,TRUE,0,0,0,0,18,0,18,0,1
"S.EB",74,300,0.33,"TRUE","TRUE","FALSE","17.4039828298431","8.40049259023116","9.00349023961191","3.393","0.091","0.28","1,2,3,4,5,6,7,8,9,360,442,443,444,445,446,447,448,449,450",0.000510873368551203,FALSE,1,0,0,0,19,1,18,0.0526315789473684,1
"S.EB",75,300,0.33,"TRUE","TRUE","FALSE","18.1427054514272","9.12720655671102","9.01549889471623","3.037","0.105","0.316","1,2,3,4,5,6,7,8,9,442,443,444,445,446,447,448,449,450",0.000186128560945755,TRUE,0,0,0,0,18,0,18,0,1
"S.EB",76,300,0.33,"TRUE","TRUE","FALSE","17.9278798828809","8.91927038912953","9.00860949375133","3.514","0.11","0.33","1,2,3,4,5,6,7,8,9,442,443,444,445,446,447,448,449,450",0.000262529606616384,TRUE,0,0,0,0,18,0,18,0,1
"S.EB",77,300,0.33,"TRUE","TRUE","FALSE","17.3225349747065","8.31666385417616","9.00587112053035","3.493","0.116","0.311","2,3,4,5,6,7,8,9,57,442,443,444,445,446,447,448,449,450",0.000758224185872468,FALSE,1,0,1,0,18,1,17,0.0555555555555556,0.944444444444444
"S.EB",78,300,0.33,"TRUE","TRUE","FALSE","17.8819135441386","8.87885106430324","9.00306247983539","3.523","0.12","0.324","1,2,3,4,5,6,7,8,9,442,443,444,445,446,447,448,449,450",0.000139456778742887,TRUE,0,0,0,0,18,0,18,0,1
"S.EB",79,300,0.33,"TRUE","TRUE","FALSE","17.2101835215193","8.2066581173862","9.00352540413307","3.208","0.109","0.289","1,2,3,4,5,6,7,8,9,337,442,443,444,445,446,447,448,449,450",0.000383894506426571,FALSE,1,0,0,0,19,1,18,0.0526315789473684,1
"S.EB",8,300,0.33,"TRUE","TRUE","FALSE","17.7978214186616","8.79410441398693","9.0037170046747","3.717","0.109","0.318","1,2,3,4,5,6,7,8,9,442,443,444,445,446,447,448,449,450",0.000413689782812249,TRUE,0,0,0,0,18,0,18,0,1
"S.EB",80,300,0.33,"TRUE","TRUE","FALSE","16.1855254335429","7.17885150136767","9.00667393217524","2.976","0.11","0.264","2,3,4,6,7,8,9,442,443,444,445,446,447,448,449,450",0.00132649998525163,FALSE,0,0,2,0,16,0,16,0,0.888888888888889
"S.EB",81,300,0.33,"TRUE","TRUE","FALSE","17.475652894638","8.47516840973896","9.00048448489908","3.966","0.107","0.292","1,2,3,4,5,6,7,8,9,228,442,443,444,445,446,447,448,449,450",0.000468890826713328,FALSE,1,0,0,0,19,1,18,0.0526315789473684,1
"S.EB",82,300,0.33,"TRUE","TRUE","FALSE","17.9998362712666","9.04550622856963","8.95433004269701","3.827","0.098","0.309","1,2,3,4,5,6,7,8,9,49,335,442,443,444,445,446,447,448,449,450",0.00064541050316476,FALSE,2,0,0,0,20,2,18,0.1,1
"S.EB",83,300,0.33,"TRUE","TRUE","FALSE","17.8339581493897","8.82639628370183","9.00756186568782","3.53","0.105","0.292","1,2,3,4,5,6,7,8,9,442,443,444,445,446,447,448,449,450",0.00025642028741417,TRUE,0,0,0,0,18,0,18,0,1
"S.EB",84,300,0.33,"TRUE","TRUE","FALSE","17.2263934799157","8.21199978049552","9.01439369942014","3.624","0.105","0.282","2,3,4,5,6,7,8,9,378,442,443,444,445,446,447,448,449,450",0.000632105853713039,FALSE,1,0,1,0,18,1,17,0.0555555555555556,0.944444444444444
"S.EB",85,300,0.33,"TRUE","TRUE","FALSE","16.5798225708337","7.57656519483884","9.00325737599486","3.51","0.108","0.309","2,3,4,5,6,7,8,9,442,443,444,445,446,447,448,449,450",0.000667707909986735,FALSE,0,0,1,0,17,0,17,0,0.944444444444444
"S.EB",86,300,0.33,"TRUE","TRUE","FALSE","17.7292931525595","8.72502906699689","9.00426408556258","3.38","0.098","0.273","1,2,3,4,5,6,7,8,9,442,443,444,445,446,447,448,449,450",8.02864407084327e-05,TRUE,0,0,0,0,18,0,18,0,1
"S.EB",87,300,0.33,"TRUE","TRUE","FALSE","18.1357692880081","9.12506044374508","9.01070884426299","3.146","0.098","0.303","1,2,3,4,5,6,7,8,9,442,443,444,445,446,447,448,449,450",0.00021387827367708,TRUE,0,0,0,0,18,0,18,0,1
"S.EB",88,300,0.33,"TRUE","TRUE","FALSE","17.4603804421913","8.45547409203287","9.00490635015842","3.345","0.108","0.33","1,2,3,4,5,6,7,8,9,349,442,443,444,445,446,447,448,449,450",0.000402575118814538,FALSE,1,0,0,0,19,1,18,0.0526315789473684,1
"S.EB",89,300,0.33,"TRUE","TRUE","FALSE","18.1542011002763","9.14786013779224","9.00634096248403","3.059","0.112","0.317","1,2,3,4,5,6,7,8,9,442,443,444,445,446,447,448,449,450",0.000385209338982412,TRUE,0,0,0,0,18,0,18,0,1
"S.EB",9,300,0.33,"TRUE","TRUE","FALSE","17.6924483914253","8.69072813522361","9.0017202562017","4.07","0.115","0.3","1,2,3,4,5,6,7,8,9,442,443,444,445,446,447,448,449,450",0.000360462097599243,TRUE,0,0,0,0,18,0,18,0,1
"S.EB",90,300,0.33,"TRUE","TRUE","FALSE","16.7781164270355","7.77609396488882","9.00202246214673","3.81","0.106","0.298","1,2,3,4,5,6,7,8,9,442,443,444,445,446,447,448,449,450",0.000264626749076759,TRUE,0,0,0,0,18,0,18,0,1
"S.EB",91,300,0.33,"TRUE","TRUE","FALSE","17.197373058645","9.12409771358869","8.07327534505634","3.091","0.103","0.252","1,2,3,4,5,6,7,8,9,442,443,444,445,446,447,448,449,450",0.00026063979274571,TRUE,0,0,0,0,18,0,18,0,1
"S.EB",92,300,0.33,"TRUE","TRUE","FALSE","17.230449135797","8.22487608642757","9.00557304936945","3.805","0.116","0.318","2,3,4,5,6,7,8,9,146,442,443,444,445,446,447,448,449,450",0.000810038638378492,FALSE,1,0,1,0,18,1,17,0.0555555555555556,0.944444444444444
"S.EB",93,300,0.33,"TRUE","TRUE","FALSE","18.0301273873199","9.03067727994712","8.99945010737274","4.083","0.114","0.319","1,2,3,4,5,6,7,8,9,159,442,443,444,445,446,447,448,449,450",0.000533008651329126,FALSE,1,0,0,0,19,1,18,0.0526315789473684,1
"S.EB",94,300,0.33,"TRUE","TRUE","FALSE","18.1725517252649","9.22480183483203","8.94774989043291","4.293","0.107","0.281","1,2,3,4,5,6,7,8,9,79,442,443,444,445,446,447,448,449,450",0.000703257451361389,FALSE,1,0,0,0,19,1,18,0.0526315789473684,1
"S.EB",95,300,0.33,"TRUE","TRUE","FALSE","17.1067391046208","8.10249972657285","9.00423937804799","3.096","0.113","0.32","2,3,4,5,6,7,8,9,442,443,444,445,446,447,448,449,450",0.000485320292723094,FALSE,0,0,1,0,17,0,17,0,0.944444444444444
"S.EB",96,300,0.33,"TRUE","TRUE","FALSE","18.8550440005049","9.85117405851678","9.00386994198809","3.912","0.122","0.361","1,2,3,4,5,6,7,8,9,258,442,443,444,445,446,447,448,449,450",0.000485506223951189,FALSE,1,0,0,0,19,1,18,0.0526315789473684,1
"S.EB",97,300,0.33,"TRUE","TRUE","FALSE","17.3118756704182","8.3083268723547","9.00354879806346","3.31","0.114","0.359","1,2,3,4,5,6,7,8,9,442,443,444,445,446,447,448,449,450",0.000184487566469394,TRUE,0,0,0,0,18,0,18,0,1
"S.EB",98,300,0.33,"TRUE","TRUE","FALSE","16.8112193768216","7.80670320241047","9.00451617441109","3.605","0.105","0.29","2,3,4,5,6,7,8,9,442,443,444,445,446,447,448,449,450",0.000514220723560351,FALSE,0,0,1,0,17,0,17,0,0.944444444444444
"S.EB",99,300,0.33,"TRUE","TRUE","FALSE","17.6177895422856","9.04377979453116","8.57400974775448","3.934","0.099","0.245","1,2,3,4,5,6,7,8,9,442,443,444,445,446,447,448,449,450",0.000208007634402605,TRUE,0,0,0,0,18,0,18,0,1
"S.EB.b",1,300,0.33,"TRUE","TRUE","FALSE","16.4646060534021","7.48012163390299","8.98448441949913","3.27","0.109","0.292","2,3,4,5,6,7,8,9,442,443,444,445,446,447,448,449,450",0.000567570052663946,FALSE,0,0,1,0,17,0,17,0,0.944444444444444
"S.EB.b",10,300,0.33,"TRUE","TRUE","FALSE","17.5150498364129","8.50617767994518","9.00887215646771","3.693","0.11","0.316","1,2,3,4,5,6,7,8,9,442,443,444,445,446,447,448,449,450",0.000285791570515905,TRUE,0,0,0,0,18,0,18,0,1
"S.EB.b",100,300,0.33,"TRUE","TRUE","FALSE","17.1766614877175","8.17275389971737","9.00390758800016","3.384","0.115","0.287","2,3,4,5,6,7,8,9,442,443,444,445,446,447,448,449,450",0.000643870071504466,FALSE,0,0,1,0,17,0,17,0,0.944444444444444
"S.EB.b",11,300,0.33,"TRUE","TRUE","FALSE","17.5603381909279","8.56017756278257","9.0001606281453","3.494","0.118","0.356","1,2,3,4,5,6,7,8,9,442,443,444,445,446,447,448,449,450",0.000173602827895386,TRUE,0,0,0,0,18,0,18,0,1
"S.EB.b",12,300,0.33,"TRUE","TRUE","FALSE","18.1957344768699","9.25805851942726","8.93767595744263","3.474","0.11","0.315","1,2,3,4,5,6,7,8,9,442,443,444,445,446,447,448,449,450",0.000270180972642379,TRUE,0,0,0,0,18,0,18,0,1
"S.EB.b",13,300,0.33,"TRUE","TRUE","FALSE","18.110368366139","9.10758933942403","9.00277902671497","3.01","0.095","0.279","1,2,3,4,5,6,7,8,9,442,443,444,445,446,447,448,449,450",0.000365071682996405,TRUE,0,0,0,0,18,0,18,0,1
"S.EB.b",14,300,0.33,"TRUE","TRUE","FALSE","16.2264376179764","7.22904772280057","8.99738989517585","3.159","0.103","0.304","2,3,4,6,7,8,9,442,443,444,445,446,447,448,449,450",0.00115021586409995,FALSE,0,0,2,0,16,0,16,0,0.888888888888889
"S.EB.b",15,300,0.33,"TRUE","TRUE","FALSE","17.2432016349594","8.23844076811942","9.00476086683998","3.392","0.094","0.3","2,3,4,5,6,7,8,9,442,443,444,445,446,447,448,449,450",0.000739893531990805,FALSE,0,0,1,0,17,0,17,0,0.944444444444444
"S.EB.b",16,300,0.33,"TRUE","TRUE","FALSE","17.2003056365693","8.19611827692808","9.00418735964126","3.11","0.097","0.264","2,3,4,5,6,7,8,9,442,443,444,445,446,447,448,449,450",0.000431054018129854,FALSE,0,0,1,0,17,0,17,0,0.944444444444444
"S.EB.b",17,300,0.33,"TRUE","TRUE","FALSE","17.8537526947473","8.85021800582619","9.00353468892114","3.316","0.105","0.291","1,2,3,4,5,6,7,8,9,442,443,444,445,446,447,448,449,450",0.00032985541404134,TRUE,0,0,0,0,18,0,18,0,1
"S.EB.b",18,300,0.33,"TRUE","TRUE","FALSE","17.2321013392517","8.22866730709415","9.00343403215752","3.228","0.12","0.332","2,3,4,5,6,7,8,9,442,443,444,445,446,447,448,449,450",0.000455933465562175,FALSE,0,0,1,0,17,0,17,0,0.944444444444444
"S.EB.b",19,300,0.33,"TRUE","TRUE","FALSE","17.1135675380133","8.11488184068825","8.99868569732507","2.886","0.104","0.272","2,3,4,5,6,7,8,9,442,443,444,445,446,447,448,449,450",0.000470310059399602,FALSE,0,0,1,0,17,0,17,0,0.944444444444444
"S.EB.b",2,300,0.33,"TRUE","TRUE","FALSE","17.6597266247475","8.98097627950475","8.67875034524276","3.773","0.113","0.393","1,2,3,4,5,6,7,8,9,442,443,444,445,446,447,448,449,450",0.000136586125653551,TRUE,0,0,0,0,18,0,18,0,1
"S.EB.b",20,300,0.33,"TRUE","TRUE","FALSE","17.5056164134541","8.50724139611193","8.99837501734217","3.746","0.105","0.297","2,3,4,5,6,7,8,9,251,442,443,444,445,446,447,448,449,450,465",0.000856276589576263,FALSE,1,1,1,0,19,2,17,0.105263157894737,0.944444444444444
"S.EB.b",21,300,0.33,"TRUE","TRUE","FALSE","17.4513858153578","8.44623327844433","9.00515253691342","3.639","0.114","0.315","2,3,4,5,6,7,8,9,236,442,443,444,445,446,447,448,449,450",0.000964673193712571,FALSE,1,0,1,0,18,1,17,0.0555555555555556,0.944444444444444
"S.EB.b",22,300,0.33,"TRUE","TRUE","FALSE","17.9121526694051","8.90670758566372","9.00544508374137","3.556","0.119","0.337","1,2,3,4,5,6,7,8,9,85,442,443,444,445,446,447,448,449,450",0.000692823609227039,FALSE,1,0,0,0,19,1,18,0.0526315789473684,1
"S.EB.b",23,300,0.33,"TRUE","TRUE","FALSE","18.1426607968273","9.13885126608944","9.00380953073783","3.098","0.101","0.289","1,2,3,4,5,6,7,8,9,442,443,444,445,446,447,448,449,450",0.000255378020031005,TRUE,0,0,0,0,18,0,18,0,1
"S.EB.b",24,300,0.33,"TRUE","TRUE","FALSE","16.9166330545481","8.01879731791609","8.897835736632","3.538","0.101","0.265","1,2,3,4,5,6,7,8,9,442,443,444,445,446,447,448,449,450",0.000295867601892627,TRUE,0,0,0,0,18,0,18,0,1
"S.EB.b",25,300,0.33,"TRUE","TRUE","FALSE","17.4298287672536","8.42519783334002","9.00463093391356","3.254","0.104","0.315","1,2,3,4,5,6,7,8,9,442,443,444,445,446,447,448,449,450",0.000324669879530164,TRUE,0,0,0,0,18,0,18,0,1
"S.EB.b",26,300,0.33,"TRUE","TRUE","FALSE","16.6451649133408","8.31752139712312","8.32764351621765","3.609","0.101","0.297","2,3,4,5,6,7,8,9,442,443,444,445,446,447,448,449,450,462",0.000649537927399054,FALSE,0,1,1,0,18,1,17,0.0555555555555556,0.944444444444444
"S.EB.b",27,300,0.33,"TRUE","TRUE","FALSE","17.1879505364636","8.18453592466168","9.00341461180196","3.047","0.1","0.283","2,3,4,5,6,7,8,9,442,443,444,445,446,447,448,449,450",0.000535341830482554,FALSE,0,0,1,0,17,0,17,0,0.944444444444444
"S.EB.b",28,300,0.33,"TRUE","TRUE","FALSE","17.5958501874255","8.58827968302954","9.00757050439596","3.367","0.104","0.312","1,2,3,4,5,6,7,8,9,442,443,444,445,446,447,448,449,450,451",0.000232469397124249,FALSE,0,1,0,0,19,1,18,0.0526315789473684,1
"S.EB.b",29,300,0.33,"TRUE","TRUE","FALSE","17.9496254385522","8.95880076502513","8.99082467352705","3.263","0.109","0.299","1,2,3,4,5,6,7,8,9,442,443,444,445,446,447,448,449,450",0.000170897615950084,TRUE,0,0,0,0,18,0,18,0,1
"S.EB.b",3,300,0.33,"TRUE","TRUE","FALSE","18.150574602231","9.144222138309","9.00635246392197","3.592","0.123","0.393","1,2,3,4,5,6,7,8,9,442,443,444,445,446,447,448,449,450",0.000191552370837778,TRUE,0,0,0,0,18,0,18,0,1
"S.EB.b",30,300,0.33,"TRUE","TRUE","FALSE","17.2123134700692","8.21233879581563","8.9999746742536","3.755","0.11","0.305","1,2,3,4,5,6,7,8,9,442,443,444,445,446,447,448,449,450",0.000446162441005893,TRUE,0,0,0,0,18,0,18,0,1
"S.EB.b",31,300,0.33,"TRUE","TRUE","FALSE","17.687929285341","9.15322186091061","8.5347074244304","3.777","0.105","0.314","1,2,3,4,5,6,7,8,9,442,443,444,445,446,447,448,449,450",0.000287827085721687,TRUE,0,0,0,0,18,0,18,0,1
"S.EB.b",32,300,0.33,"TRUE","TRUE","FALSE","17.1639183967071","8.16054328026842","9.00337511643868","2.998","0.108","0.284","2,3,4,5,6,7,8,9,442,443,444,445,446,447,448,449,450",0.000364419681753688,FALSE,0,0,1,0,17,0,17,0,0.944444444444444
"S.EB.b",33,300,0.33,"TRUE","TRUE","FALSE","17.1867027188016","8.27129336519507","8.9154093536065","3.462","0.108","0.315","2,3,4,5,6,7,8,9,442,443,444,445,446,447,448,449,450",0.000421958426411543,FALSE,0,0,1,0,17,0,17,0,0.944444444444444
"S.EB.b",34,300,0.33,"TRUE","TRUE","FALSE","17.2552544356181","8.2509782912674","9.00427614435069","3.399","0.11","0.298","2,3,4,5,6,7,8,9,442,443,444,445,446,447,448,449,450",0.000345919401046819,FALSE,0,0,1,0,17,0,17,0,0.944444444444444
"S.EB.b",35,300,0.33,"TRUE","TRUE","FALSE","17.8321840993562","8.808692832883","9.0234912664732","4.973","0.121","0.335","1,2,3,4,5,6,7,8,9,201,442,443,444,445,446,447,448,449,450,453",0.000483456534945638,FALSE,1,1,0,0,20,2,18,0.1,1
"S.EB.b",36,300,0.33,"TRUE","TRUE","FALSE","18.0010386544065","8.99619760580775","9.00484104859874","3.828","0.107","0.316","1,2,3,4,5,6,7,8,9,137,442,443,444,445,446,447,448,449,450",0.000400658841612678,FALSE,1,0,0,0,19,1,18,0.0526315789473684,1
"S.EB.b",37,300,0.33,"TRUE","TRUE","FALSE","17.2523624911274","8.27892690206327","8.97343558906414","3.854","0.126","0.299","1,2,3,4,5,6,7,8,9,442,443,444,445,446,447,448,449,450",0.000436010196322268,TRUE,0,0,0,0,18,0,18,0,1
"S.EB.b",38,300,0.33,"TRUE","TRUE","FALSE","18.52260630787","9.47012194675138","9.05248436111861","4.099","0.121","0.313","1,2,3,4,5,6,7,8,9,272,442,443,444,445,446,447,448,449,450,466",0.00045056068016673,FALSE,1,1,0,0,20,2,18,0.1,1
"S.EB.b",39,300,0.33,"TRUE","TRUE","FALSE","18.4523972704285","9.46266435102194","8.98973291940656","4.12","0.135","0.344","1,2,3,4,5,6,7,8,9,48,442,443,444,445,446,447,448,449,450",0.000476749892526965,FALSE,1,0,0,0,19,1,18,0.0526315789473684,1
"S.EB.b",4,300,0.33,"TRUE","TRUE","FALSE","18.122183504349","9.13679404688752","8.98538945746146","3.491","0.111","0.3","1,2,3,4,5,6,7,8,9,442,443,444,445,446,447,448,449,450",0.000278951588105876,TRUE,0,0,0,0,18,0,18,0,1
"S.EB.b",40,300,0.33,"TRUE","TRUE","FALSE","17.1703606394252","8.16679991238952","9.00356072703568","3.055","0.11","0.298","2,3,4,5,6,7,8,9,442,443,444,445,446,447,448,449,450",0.000429057776506719,FALSE,0,0,1,0,17,0,17,0,0.944444444444444
"S.EB.b",41,300,0.33,"TRUE","TRUE","FALSE","17.3173065633548","8.31356713650434","9.00373942685042","3.283","0.102","0.269","2,3,4,5,6,7,8,9,442,443,444,445,446,447,448,449,450",0.000441660775444252,FALSE,0,0,1,0,17,0,17,0,0.944444444444444
"S.EB.b",42,300,0.33,"TRUE","TRUE","FALSE","16.8298888468604","8.23971091023001","8.59017793663035","3.724","0.106","0.299","2,3,4,5,6,7,8,9,442,443,444,445,446,447,448,449,450,459",0.000686978263856005,FALSE,0,1,1,0,18,1,17,0.0555555555555556,0.944444444444444
"S.EB.b",43,300,0.33,"TRUE","TRUE","FALSE","18.2137076197866","9.21426421485168","8.99944340493494","3.848","0.113","0.291","1,2,3,4,5,6,7,8,9,344,442,443,444,445,446,447,448,449,450",0.000646434754932735,FALSE,1,0,0,0,19,1,18,0.0526315789473684,1
"S.EB.b",44,300,0.33,"TRUE","TRUE","FALSE","16.6548652201376","8.16641733407163","8.48844788606595","3.429","0.099","0.289","2,3,4,5,6,7,8,9,442,443,444,445,446,447,448,449,450",0.000497898435536361,FALSE,0,0,1,0,17,0,17,0,0.944444444444444
"S.EB.b",45,300,0.33,"TRUE","TRUE","FALSE","17.2638001605954","8.27260405315128","8.99119610744409","3.921","0.121","0.362","2,3,4,5,6,7,8,9,442,443,444,445,446,447,448,449,450",0.00049914085739018,FALSE,0,0,1,0,17,0,17,0,0.944444444444444
"S.EB.b",46,300,0.33,"TRUE","TRUE","FALSE","16.8624004762766","8.65828648583117","8.20411399044545","4.466","0.115","0.29","2,3,4,5,6,7,8,9,118,442,443,444,445,446,447,448,449,450,464",0.000889408950506104,FALSE,1,1,1,0,19,2,17,0.105263157894737,0.944444444444444
"S.EB.b",47,300,0.33,"TRUE","TRUE","FALSE","17.9793251836429","8.97598484827003","9.0033403353729","3.296","0.114","0.326","1,2,3,4,5,6,7,8,9,442,443,444,445,446,447,448,449,450",0.000345101145098063,TRUE,0,0,0,0,18,0,18,0,1
"S.EB.b",48,300,0.33,"TRUE","TRUE","FALSE","16.4833061130857","7.47625498740234","9.00705112568333","3.481","0.1","0.248","2,3,4,5,6,7,8,9,442,443,444,445,446,447,448,449,450",0.000610867820406307,FALSE,0,0,1,0,17,0,17,0,0.944444444444444
"S.EB.b",49,300,0.33,"TRUE","TRUE","FALSE","16.7754819237762","7.77057185367484","9.0049100701014","4.184","0.119","0.301","2,3,4,5,6,7,8,9,442,443,444,445,446,447,448,449,450",0.000760059512330211,FALSE,0,0,1,0,17,0,17,0,0.944444444444444
"S.EB.b",5,300,0.33,"TRUE","TRUE","FALSE","17.5969074957839","8.59072828718124","9.00617920860267","3.837","0.117","0.348","1,2,3,4,5,6,7,8,9,317,442,443,444,445,446,447,448,449,450",0.000560119373672419,FALSE,1,0,0,0,19,1,18,0.0526315789473684,1
"S.EB.b",50,300,0.33,"TRUE","TRUE","FALSE","17.8649935670962","9.14155757802217","8.72343598907399","4.066","0.104","0.275","1,2,3,4,5,6,7,8,9,442,443,444,445,446,447,448,449,450",0.000240408522630777,TRUE,0,0,0,0,18,0,18,0,1
"S.EB.b",51,300,0.33,"TRUE","TRUE","FALSE","17.5801368099701","8.5777918144735","9.0023449954966","3.435","0.111","0.32","1,2,3,4,5,6,7,8,9,442,443,444,445,446,447,448,449,450",0.00018213721117915,TRUE,0,0,0,0,18,0,18,0,1
"S.EB.b",52,300,0.33,"TRUE","TRUE","FALSE","17.1657287921756","8.16169493101111","9.00403386116446","4.176","0.115","0.347","2,3,4,5,6,7,8,9,442,443,444,445,446,447,448,449,450",0.000686331804905432,FALSE,0,0,1,0,17,0,17,0,0.944444444444444
"S.EB.b",53,300,0.33,"TRUE","TRUE","FALSE","17.6945564752724","8.69427938351139","9.000277091761","3.323","0.111","0.304","1,2,3,4,5,6,7,8,9,442,443,444,445,446,447,448,449,450",0.000289980681505117,TRUE,0,0,0,0,18,0,18,0,1
"S.EB.b",54,300,0.33,"TRUE","TRUE","FALSE","18.1166929888391","9.11268001444022","9.00401297439884","3.209","0.116","0.337","1,2,3,4,5,6,7,8,9,442,443,444,445,446,447,448,449,450",4.52177380044342e-05,TRUE,0,0,0,0,18,0,18,0,1
"S.EB.b",55,300,0.33,"TRUE","TRUE","FALSE","17.9321895053282","8.94266478757373","8.98952471775445","3.644","0.107","0.27","1,2,3,4,5,6,7,8,9,442,443,444,445,446,447,448,449,450",0.000216537962030672,TRUE,0,0,0,0,18,0,18,0,1
"S.EB.b",56,300,0.33,"TRUE","TRUE","FALSE","17.1348171397395","8.13680747801919","8.99800966172026","3.384","0.099","0.279","2,3,4,5,6,7,8,9,442,443,444,445,446,447,448,449,450",0.000741375303453971,FALSE,0,0,1,0,17,0,17,0,0.944444444444444
"S.EB.b",57,300,0.33,"TRUE","TRUE","FALSE","17.9437704241416","8.94065795526829","9.00311246887332","3.153","0.105","0.262","1,2,3,4,5,6,7,8,9,442,443,444,445,446,447,448,449,450",0.000279039924799345,TRUE,0,0,0,0,18,0,18,0,1
"S.EB.b",58,300,0.33,"TRUE","TRUE","FALSE","18.2454077020203","9.25649944296936","8.98890825905098","3.568","0.092","0.236","1,2,3,4,5,6,7,8,9,415,442,443,444,445,446,447,448,449,450",0.000571209984149747,FALSE,1,0,0,0,19,1,18,0.0526315789473684,1
"S.EB.b",59,300,0.33,"TRUE","TRUE","FALSE","17.2337462019006","8.2218564914114","9.0118897104892","3.185","0.11","0.319","2,3,4,5,6,7,8,9,442,443,444,445,446,447,448,449,450,451",0.000725180841528878,FALSE,0,1,1,0,18,1,17,0.0555555555555556,0.944444444444444
"S.EB.b",6,300,0.33,"TRUE","TRUE","FALSE","16.8597375153101","8.30851836747263","8.55121914783752","3.78","0.117","0.307","1,2,3,4,5,6,7,8,9,442,443,444,445,446,447,448,449,450",0.000285862868475677,TRUE,0,0,0,0,18,0,18,0,1
"S.EB.b",60,300,0.33,"TRUE","TRUE","FALSE","17.2849138091035","8.36319831302397","8.92171549607951","3.911","0.105","0.27","1,2,3,4,5,6,7,8,9,442,443,444,445,446,447,448,449,450",0.000311174211943557,TRUE,0,0,0,0,18,0,18,0,1
"S.EB.b",61,300,0.33,"TRUE","TRUE","FALSE","17.2301258180194","8.22436459823331","9.00576121978611","3.296","0.111","0.31","2,3,4,5,6,7,8,9,442,443,444,445,446,447,448,449,450",0.000545861758838656,FALSE,0,0,1,0,17,0,17,0,0.944444444444444
"S.EB.b",62,300,0.33,"TRUE","TRUE","FALSE","18.1019696319559","9.09705122034869","9.00491841160722","3.374","0.128","0.344","1,2,3,4,5,6,7,8,9,442,443,444,445,446,447,448,449,450",0.000156386939835201,TRUE,0,0,0,0,18,0,18,0,1
"S.EB.b",63,300,0.33,"TRUE","TRUE","FALSE","17.8754316453174","8.91814812953959","8.95728351577778","3.57","0.092","0.26","1,2,3,4,5,6,7,8,9,442,443,444,445,446,447,448,449,450",0.000174678130781154,TRUE,0,0,0,0,18,0,18,0,1
"S.EB.b",64,300,0.33,"TRUE","TRUE","FALSE","17.1556892306822","8.15244747188945","9.00324175879278","2.936","0.108","0.317","2,3,4,5,6,7,8,9,442,443,444,445,446,447,448,449,450",0.000387588023912474,FALSE,0,0,1,0,17,0,17,0,0.944444444444444
"S.EB.b",65,300,0.33,"TRUE","TRUE","FALSE","18.157740193568","9.1556135890829","9.00212660448507","3.114","0.112","0.279","1,2,3,4,5,6,7,8,9,442,443,444,445,446,447,448,449,450",0.000467508943121771,TRUE,0,0,0,0,18,0,18,0,1
"S.EB.b",66,300,0.33,"TRUE","TRUE","FALSE","17.2639236861054","8.28158413779857","8.98233954830681","4.695","0.114","0.309","1,2,3,4,5,6,7,8,9,39,306,442,443,444,445,446,447,448,449,450",0.000571070241751009,FALSE,2,0,0,0,20,2,18,0.1,1
"S.EB.b",67,300,0.33,"TRUE","TRUE","FALSE","17.941538400208","9.11991905932942","8.82161934087859","3.917","0.12","0.337","1,2,3,4,5,6,7,8,9,442,443,444,445,446,447,448,449,450",0.000238942775856299,TRUE,0,0,0,0,18,0,18,0,1
"S.EB.b",68,300,0.33,"TRUE","TRUE","FALSE","17.9728899006242","8.96530613447168","9.00758376615253","3.67","0.107","0.343","1,2,3,4,5,6,7,8,9,442,443,444,445,446,447,448,449,450,466",0.000329038744340711,FALSE,0,1,0,0,19,1,18,0.0526315789473684,1
"S.EB.b",69,300,0.33,"TRUE","TRUE","FALSE","17.6034725685952","9.43517475707459","8.16829781152059","4.292","0.117","0.333","1,2,3,4,5,6,7,8,9,442,443,444,445,446,447,448,449,450",0.000385486778699884,TRUE,0,0,0,0,18,0,18,0,1
"S.EB.b",7,300,0.33,"TRUE","TRUE","FALSE","18.5247680152202","9.66336119200986","8.86140682321036","4.432","0.119","0.389","1,2,3,4,5,6,7,8,9,221,442,443,444,445,446,447,448,449,450",0.000442966584259196,FALSE,1,0,0,0,19,1,18,0.0526315789473684,1
"S.EB.b",70,300,0.33,"TRUE","TRUE","FALSE","17.26753588229","8.26446573297571","9.00307014931425","3.679","0.093","0.275","1,2,3,4,5,6,7,8,9,442,443,444,445,446,447,448,449,450",0.000185655853279165,TRUE,0,0,0,0,18,0,18,0,1
"S.EB.b",71,300,0.33,"TRUE","TRUE","FALSE","17.3967854654502","8.52632207046971","8.87046339498051","4.309","0.105","0.321","1,2,3,4,5,6,7,8,9,442,443,444,445,446,447,448,449,450",0.000275805361361422,TRUE,0,0,0,0,18,0,18,0,1
"S.EB.b",72,300,0.33,"TRUE","TRUE","FALSE","17.2575346687885","8.25375012000468","9.00378454878386","3.413","0.131","0.304","2,3,4,5,6,7,8,9,442,443,444,445,446,447,448,449,450",0.000625740415752736,FALSE,0,0,1,0,17,0,17,0,0.944444444444444
"S.EB.b",73,300,0.33,"TRUE","TRUE","FALSE","18.1510421845555","9.14592216982998","9.00512001472547","3.027","0.108","0.28","1,2,3,4,5,6,7,8,9,442,443,444,445,446,447,448,449,450",0.000227260784661462,TRUE,0,0,0,0,18,0,18,0,1
"S.EB.b",74,300,0.33,"TRUE","TRUE","FALSE","17.4039828298431","8.40049259023116","9.00349023961191","3.393","0.091","0.28","1,2,3,4,5,6,7,8,9,442,443,444,445,446,447,448,449,450",0.000321843712902813,TRUE,0,0,0,0,18,0,18,0,1
"S.EB.b",75,300,0.33,"TRUE","TRUE","FALSE","18.1427054514272","9.12720655671102","9.01549889471623","3.037","0.105","0.316","1,2,3,4,5,6,7,8,9,442,443,444,445,446,447,448,449,450,460",0.000309692131471234,FALSE,0,1,0,0,19,1,18,0.0526315789473684,1
"S.EB.b",76,300,0.33,"TRUE","TRUE","FALSE","17.9278798828809","8.91927038912953","9.00860949375133","3.514","0.11","0.33","1,2,3,4,5,6,7,8,9,442,443,444,445,446,447,448,449,450,459",0.000466137593985807,FALSE,0,1,0,0,19,1,18,0.0526315789473684,1
"S.EB.b",77,300,0.33,"TRUE","TRUE","FALSE","17.3225349747065","8.31666385417616","9.00587112053035","3.493","0.116","0.311","2,3,4,5,6,7,8,9,57,442,443,444,445,446,447,448,449,450",0.000758224185872468,FALSE,1,0,1,0,18,1,17,0.0555555555555556,0.944444444444444
"S.EB.b",78,300,0.33,"TRUE","TRUE","FALSE","17.8819135441386","8.87885106430324","9.00306247983539","3.523","0.12","0.324","1,2,3,4,5,6,7,8,9,442,443,444,445,446,447,448,449,450",0.000139456778742887,TRUE,0,0,0,0,18,0,18,0,1
"S.EB.b",79,300,0.33,"TRUE","TRUE","FALSE","17.2101835215193","8.2066581173862","9.00352540413307","3.208","0.109","0.289","2,3,4,5,6,7,8,9,442,443,444,445,446,447,448,449,450",0.000455772217478021,FALSE,0,0,1,0,17,0,17,0,0.944444444444444
"S.EB.b",8,300,0.33,"TRUE","TRUE","FALSE","17.7978214186616","8.79410441398693","9.0037170046747","3.717","0.109","0.318","1,2,3,4,5,6,7,8,9,442,443,444,445,446,447,448,449,450",0.000413689782812249,TRUE,0,0,0,0,18,0,18,0,1
"S.EB.b",80,300,0.33,"TRUE","TRUE","FALSE","16.1855254335429","7.17885150136767","9.00667393217524","2.976","0.11","0.264","2,3,4,6,7,8,9,442,443,444,445,446,447,448,449,450",0.00132649998525163,FALSE,0,0,2,0,16,0,16,0,0.888888888888889
"S.EB.b",81,300,0.33,"TRUE","TRUE","FALSE","17.475652894638","8.47516840973896","9.00048448489908","3.966","0.107","0.292","1,2,3,4,5,6,7,8,9,442,443,444,445,446,447,448,449,450",0.000297513349851249,TRUE,0,0,0,0,18,0,18,0,1
"S.EB.b",82,300,0.33,"TRUE","TRUE","FALSE","17.9998362712666","9.04550622856963","8.95433004269701","3.827","0.098","0.309","1,2,3,4,5,6,7,8,9,335,442,443,444,445,446,447,448,449,450",0.000496722705924815,FALSE,1,0,0,0,19,1,18,0.0526315789473684,1
"S.EB.b",83,300,0.33,"TRUE","TRUE","FALSE","17.8339581493897","8.82639628370183","9.00756186568782","3.53","0.105","0.292","1,2,3,4,5,6,7,8,9,442,443,444,445,446,447,448,449,450,459",0.000360098093811466,FALSE,0,1,0,0,19,1,18,0.0526315789473684,1
"S.EB.b",84,300,0.33,"TRUE","TRUE","FALSE","17.2263934799157","8.21199978049552","9.01439369942014","3.624","0.105","0.282","2,3,4,5,6,7,8,9,442,443,444,445,446,447,448,449,450,464",0.000485741593482108,FALSE,0,1,1,0,18,1,17,0.0555555555555556,0.944444444444444
"S.EB.b",85,300,0.33,"TRUE","TRUE","FALSE","16.5798225708337","7.57656519483884","9.00325737599486","3.51","0.108","0.309","2,3,4,5,6,7,8,9,442,443,444,445,446,447,448,449,450",0.000667707909986735,FALSE,0,0,1,0,17,0,17,0,0.944444444444444
"S.EB.b",86,300,0.33,"TRUE","TRUE","FALSE","17.7292931525595","8.72502906699689","9.00426408556258","3.38","0.098","0.273","1,2,3,4,5,6,7,8,9,442,443,444,445,446,447,448,449,450",8.02864407084327e-05,TRUE,0,0,0,0,18,0,18,0,1
"S.EB.b",87,300,0.33,"TRUE","TRUE","FALSE","18.1357692880081","9.12506044374508","9.01070884426299","3.146","0.098","0.303","1,2,3,4,5,6,7,8,9,442,443,444,445,446,447,448,449,450,458",0.000278040161434556,FALSE,0,1,0,0,19,1,18,0.0526315789473684,1
"S.EB.b",88,300,0.33,"TRUE","TRUE","FALSE","17.4603804421913","8.45547409203287","9.00490635015842","3.345","0.108","0.33","1,2,3,4,5,6,7,8,9,349,442,443,444,445,446,447,448,449,450",0.000402575118814538,FALSE,1,0,0,0,19,1,18,0.0526315789473684,1
"S.EB.b",89,300,0.33,"TRUE","TRUE","FALSE","18.1542011002763","9.14786013779224","9.00634096248403","3.059","0.112","0.317","1,2,3,4,5,6,7,8,9,442,443,444,445,446,447,448,449,450",0.000385209338982412,TRUE,0,0,0,0,18,0,18,0,1
"S.EB.b",9,300,0.33,"TRUE","TRUE","FALSE","17.6924483914253","8.69072813522361","9.0017202562017","4.07","0.115","0.3","1,2,3,4,5,6,7,8,9,442,443,444,445,446,447,448,449,450",0.000360462097599243,TRUE,0,0,0,0,18,0,18,0,1
"S.EB.b",90,300,0.33,"TRUE","TRUE","FALSE","16.7781164270355","7.77609396488882","9.00202246214673","3.81","0.106","0.298","1,2,3,4,5,6,7,8,9,442,443,444,445,446,447,448,449,450",0.000264626749076759,TRUE,0,0,0,0,18,0,18,0,1
"S.EB.b",91,300,0.33,"TRUE","TRUE","FALSE","17.197373058645","9.12409771358869","8.07327534505634","3.091","0.103","0.252","1,2,3,4,5,6,7,8,9,442,443,444,445,446,447,448,449,450",0.00026063979274571,TRUE,0,0,0,0,18,0,18,0,1
"S.EB.b",92,300,0.33,"TRUE","TRUE","FALSE","17.230449135797","8.22487608642757","9.00557304936945","3.805","0.116","0.318","2,3,4,5,6,7,8,9,146,442,443,444,445,446,447,448,449,450",0.000810038638378492,FALSE,1,0,1,0,18,1,17,0.0555555555555556,0.944444444444444
"S.EB.b",93,300,0.33,"TRUE","TRUE","FALSE","18.0301273873199","9.03067727994712","8.99945010737274","4.083","0.114","0.319","1,2,3,4,5,6,7,8,9,159,442,443,444,445,446,447,448,449,450",0.000533008651329126,FALSE,1,0,0,0,19,1,18,0.0526315789473684,1
"S.EB.b",94,300,0.33,"TRUE","TRUE","FALSE","18.1725517252649","9.22480183483203","8.94774989043291","4.293","0.107","0.281","1,2,3,4,5,6,7,8,9,79,442,443,444,445,446,447,448,449,450",0.000703257451361389,FALSE,1,0,0,0,19,1,18,0.0526315789473684,1
"S.EB.b",95,300,0.33,"TRUE","TRUE","FALSE","17.1067391046208","8.10249972657285","9.00423937804799","3.096","0.113","0.32","2,3,4,5,6,7,8,9,442,443,444,445,446,447,448,449,450",0.000485320292723094,FALSE,0,0,1,0,17,0,17,0,0.944444444444444
"S.EB.b",96,300,0.33,"TRUE","TRUE","FALSE","18.8550440005049","9.85117405851678","9.00386994198809","3.912","0.122","0.361","1,2,3,4,5,6,7,8,9,258,442,443,444,445,446,447,448,449,450",0.000485506223951189,FALSE,1,0,0,0,19,1,18,0.0526315789473684,1
"S.EB.b",97,300,0.33,"TRUE","TRUE","FALSE","17.3118756704182","8.3083268723547","9.00354879806346","3.31","0.114","0.359","1,2,3,4,5,6,7,8,9,442,443,444,445,446,447,448,449,450",0.000184487566469394,TRUE,0,0,0,0,18,0,18,0,1
"S.EB.b",98,300,0.33,"TRUE","TRUE","FALSE","16.8112193768216","7.80670320241047","9.00451617441109","3.605","0.105","0.29","2,3,4,5,6,7,8,9,442,443,444,445,446,447,448,449,450",0.000514220723560351,FALSE,0,0,1,0,17,0,17,0,0.944444444444444
"S.EB.b",99,300,0.33,"TRUE","TRUE","FALSE","17.6177895422856","9.04377979453116","8.57400974775448","3.934","0.099","0.245","1,2,3,4,5,6,7,8,9,442,443,444,445,446,447,448,449,450",0.000208007634402605,TRUE,0,0,0,0,18,0,18,0,1
"scad.cv",1,300,0.33,"TRUE","TRUE","FALSE","16.4646060534021","7.48012163390299","8.98448441949913","3.27","0.109","0.292","2,3,4,6,7,8,9,443,444,445,446,447,448,449,450",0.00723462580180322,FALSE,0,0,2,1,15,0,15,0,0.833333333333333
"scad.cv",10,300,0.33,"TRUE","TRUE","FALSE","17.5150498364129","8.50617767994518","9.00887215646771","3.693","0.11","0.316","1,2,3,4,5,6,7,8,9,442,443,444,445,446,447,449,450",0.00724556696206263,FALSE,0,0,0,1,17,0,17,0,0.944444444444444
"scad.cv",100,300,0.33,"TRUE","TRUE","FALSE","17.1766614877175","8.17275389971737","9.00390758800016","3.384","0.115","0.287","2,3,4,5,6,7,8,9,94,403,431,442,443,444,445,446,447,448,449,450",0.0102584982399057,FALSE,3,0,1,0,20,3,17,0.15,0.944444444444444
"scad.cv",11,300,0.33,"TRUE","TRUE","FALSE","17.5603381909279","8.56017756278257","9.0001606281453","3.494","0.118","0.356","1,2,3,4,5,6,7,8,9,179,274,442,443,444,445,446,447,448,449,450",0.00813097054903819,FALSE,2,0,0,0,20,2,18,0.1,1
"scad.cv",12,300,0.33,"TRUE","TRUE","FALSE","18.1957344768699","9.25805851942726","8.93767595744263","3.474","0.11","0.315","1,2,3,4,5,6,7,8,9,20,24,37,85,98,110,175,183,211,218,227,234,257,268,274,294,295,301,324,360,361,372,389,418,420,442,443,444,445,446,447,448,449,450,462",0.00182841456990751,FALSE,25,1,0,0,44,26,18,0.590909090909091,1
"scad.cv",13,300,0.33,"TRUE","TRUE","FALSE","18.110368366139","9.10758933942403","9.00277902671497","3.01","0.095","0.279","1,2,3,4,5,6,7,8,9,44,442,443,444,445,446,447,448,449,450",0.00609071295189621,FALSE,1,0,0,0,19,1,18,0.0526315789473684,1
"scad.cv",14,300,0.33,"TRUE","TRUE","FALSE","16.2264376179764","7.22904772280057","8.99738989517585","3.159","0.103","0.304","2,3,4,6,7,8,9,25,417,442,443,444,445,446,447,449,450",0.00746688234789161,FALSE,2,0,2,1,17,2,15,0.117647058823529,0.833333333333333
"scad.cv",15,300,0.33,"TRUE","TRUE","FALSE","17.2432016349594","8.23844076811942","9.00476086683998","3.392","0.094","0.3","2,3,4,5,6,7,8,9,431,442,443,444,445,446,447,448,449,450",0.0112390052380992,FALSE,1,0,1,0,18,1,17,0.0555555555555556,0.944444444444444
"scad.cv",16,300,0.33,"TRUE","TRUE","FALSE","17.2003056365693","8.19611827692808","9.00418735964126","3.11","0.097","0.264","1,2,3,4,5,6,7,8,9,104,109,113,212,234,257,258,294,363,426,434,436,442,443,444,445,446,447,448,449,450,459",0.00150732604706866,FALSE,12,1,0,0,31,13,18,0.419354838709677,1
"scad.cv",17,300,0.33,"TRUE","TRUE","FALSE","17.8537526947473","8.85021800582619","9.00353468892114","3.316","0.105","0.291","2,3,4,5,6,7,8,9,442,443,444,445,446,447,448,449,450",0.00687655367875862,FALSE,0,0,1,0,17,0,17,0,0.944444444444444
"scad.cv",18,300,0.33,"TRUE","TRUE","FALSE","17.2321013392517","8.22866730709415","9.00343403215752","3.228","0.12","0.332","1,2,3,4,5,6,7,8,9,75,97,131,160,163,175,186,206,210,216,234,257,273,295,297,301,312,314,317,318,324,406,426,442,443,444,445,446,447,448,449,450,459,462",0.00193424643756228,FALSE,23,2,0,0,43,25,18,0.581395348837209,1
"scad.cv",19,300,0.33,"TRUE","TRUE","FALSE","17.1135675380133","8.11488184068825","8.99868569732507","2.886","0.104","0.272","2,3,4,5,6,7,8,9,27,442,443,444,445,446,447,448,449,450",0.00874739456886365,FALSE,1,0,1,0,18,1,17,0.0555555555555556,0.944444444444444
"scad.cv",2,300,0.33,"TRUE","TRUE","FALSE","17.6597266247475","8.98097627950475","8.67875034524276","3.773","0.113","0.393","2,3,4,5,6,7,8,9,443,444,445,446,447,448,449,450",0.00648263231335973,FALSE,0,0,1,1,16,0,16,0,0.888888888888889
"scad.cv",20,300,0.33,"TRUE","TRUE","FALSE","17.5056164134541","8.50724139611193","8.99837501734217","3.746","0.105","0.297","1,2,3,4,5,6,7,8,9,37,41,42,149,181,234,251,257,315,329,360,363,382,392,400,426,434,442,443,444,445,446,447,448,449,450,465",0.00145755091231568,FALSE,17,1,0,0,36,18,18,0.5,1
"scad.cv",21,300,0.33,"TRUE","TRUE","FALSE","17.4513858153578","8.44623327844433","9.00515253691342","3.639","0.114","0.315","2,3,4,5,6,7,8,9,442,443,444,445,446,447,448,449,450",0.00758718907895805,FALSE,0,0,1,0,17,0,17,0,0.944444444444444
"scad.cv",22,300,0.33,"TRUE","TRUE","FALSE","17.9121526694051","8.90670758566372","9.00544508374137","3.556","0.119","0.337","1,2,3,4,5,6,7,8,9,99,144,173,175,190,210,252,262,302,375,382,418,426,434,436,440,442,443,444,445,446,447,448,449,450,454,457,459",0.00142395141609217,FALSE,16,3,0,0,37,19,18,0.513513513513513,1
"scad.cv",23,300,0.33,"TRUE","TRUE","FALSE","18.1426607968273","9.13885126608944","9.00380953073783","3.098","0.101","0.289","1,2,3,4,5,6,7,8,9,417,442,443,444,445,446,447,448,449,450",0.00822122322515179,FALSE,1,0,0,0,19,1,18,0.0526315789473684,1
"scad.cv",24,300,0.33,"TRUE","TRUE","FALSE","16.9166330545481","8.01879731791609","8.897835736632","3.538","0.101","0.265","1,2,3,4,5,6,7,8,9,22,28,66,78,132,173,210,294,295,297,302,363,400,417,418,426,442,443,444,445,446,447,448,449,450",0.00150989908030872,FALSE,16,0,0,0,34,16,18,0.470588235294118,1
"scad.cv",25,300,0.33,"TRUE","TRUE","FALSE","17.4298287672536","8.42519783334002","9.00463093391356","3.254","0.104","0.315","1,2,3,4,5,6,7,8,9,37,47,85,96,173,175,210,211,215,234,239,262,268,295,301,325,372,400,417,418,442,443,444,445,446,447,448,449,450",0.00183814373165977,FALSE,20,0,0,0,38,20,18,0.526315789473684,1
"scad.cv",26,300,0.33,"TRUE","TRUE","FALSE","16.6451649133408","8.31752139712312","8.32764351621765","3.609","0.101","0.297","3,4,5,6,7,8,9,49,113,190,443,444,445,446,447,448,449,450,462",0.00941523792459909,FALSE,3,1,2,1,19,4,15,0.210526315789474,0.833333333333333
"scad.cv",27,300,0.33,"TRUE","TRUE","FALSE","17.1879505364636","8.18453592466168","9.00341461180196","3.047","0.1","0.283","1,2,3,4,5,6,7,8,9,18,47,75,109,131,159,174,175,295,301,302,325,392,400,426,434,440,442,443,444,445,446,447,448,449,450,459",0.00163967377484795,FALSE,17,1,0,0,36,18,18,0.5,1
"scad.cv",28,300,0.33,"TRUE","TRUE","FALSE","17.5958501874255","8.58827968302954","9.00757050439596","3.367","0.104","0.312","1,2,3,4,5,6,7,8,9,16,75,78,97,113,144,173,206,210,226,234,315,426,436,440,442,443,444,445,446,447,448,449,450,459",0.00151628416431718,FALSE,15,1,0,0,34,16,18,0.470588235294118,1
"scad.cv",29,300,0.33,"TRUE","TRUE","FALSE","17.9496254385522","8.95880076502513","8.99082467352705","3.263","0.109","0.299","1,2,3,4,5,6,7,8,9,410,442,443,444,445,446,447,448,449,450",0.00785180035965209,FALSE,1,0,0,0,19,1,18,0.0526315789473684,1
"scad.cv",3,300,0.33,"TRUE","TRUE","FALSE","18.150574602231","9.144222138309","9.00635246392197","3.592","0.123","0.393","1,2,3,4,5,6,7,8,9,442,443,444,445,446,447,448,449,450,460",0.0058120356509422,FALSE,0,1,0,0,19,1,18,0.0526315789473684,1
"scad.cv",30,300,0.33,"TRUE","TRUE","FALSE","17.2123134700692","8.21233879581563","8.9999746742536","3.755","0.11","0.305","1,2,3,4,5,6,7,8,9,96,442,443,444,445,446,447,448,449,450",0.00710449609706714,FALSE,1,0,0,0,19,1,18,0.0526315789473684,1
"scad.cv",31,300,0.33,"TRUE","TRUE","FALSE","17.687929285341","9.15322186091061","8.5347074244304","3.777","0.105","0.314","1,2,3,4,5,6,7,8,9,94,269,427,442,443,444,445,446,447,448,449,450",0.00706360774393906,FALSE,3,0,0,0,21,3,18,0.142857142857143,1
"scad.cv",32,300,0.33,"TRUE","TRUE","FALSE","17.1639183967071","8.16054328026842","9.00337511643868","2.998","0.108","0.284","2,3,4,5,6,7,8,9,281,442,443,444,445,446,447,448,449,450",0.00738292837573196,FALSE,1,0,1,0,18,1,17,0.0555555555555556,0.944444444444444
"scad.cv",33,300,0.33,"TRUE","TRUE","FALSE","17.1867027188016","8.27129336519507","8.9154093536065","3.462","0.108","0.315","2,3,4,5,6,7,8,9,442,443,444,445,446,447,448,449,450",0.00516145033169442,FALSE,0,0,1,0,17,0,17,0,0.944444444444444
"scad.cv",34,300,0.33,"TRUE","TRUE","FALSE","17.2552544356181","8.2509782912674","9.00427614435069","3.399","0.11","0.298","2,3,4,5,6,7,8,9,269,417,442,443,444,445,446,447,448,449,450",0.00609423163290882,FALSE,2,0,1,0,19,2,17,0.105263157894737,0.944444444444444
"scad.cv",35,300,0.33,"TRUE","TRUE","FALSE","17.8321840993562","8.808692832883","9.0234912664732","4.973","0.121","0.335","2,3,4,5,6,7,8,9,15,80,94,182,201,249,291,302,426,442,443,444,445,446,447,448,449,450",0.00770953955613237,FALSE,9,0,1,0,26,9,17,0.346153846153846,0.944444444444444
"scad.cv",36,300,0.33,"TRUE","TRUE","FALSE","18.0010386544065","8.99619760580775","9.00484104859874","3.828","0.107","0.316","1,2,3,4,5,6,7,8,9,37,97,134,156,190,194,206,209,234,257,273,290,295,297,301,325,361,392,418,425,436,442,443,444,445,446,447,448,449,450,459",0.00136195487616601,FALSE,21,1,0,0,40,22,18,0.55,1
"scad.cv",37,300,0.33,"TRUE","TRUE","FALSE","17.2523624911274","8.27892690206327","8.97343558906414","3.854","0.126","0.299","1,2,3,4,5,6,7,8,9,212,442,443,444,445,446,447,448,449,450",0.006445820442485,FALSE,1,0,0,0,19,1,18,0.0526315789473684,1
"scad.cv",38,300,0.33,"TRUE","TRUE","FALSE","18.52260630787","9.47012194675138","9.05248436111861","4.099","0.121","0.313","1,2,3,4,5,6,7,8,9,55,84,89,98,109,146,173,175,206,210,212,223,301,317,325,385,426,439,442,443,444,445,446,447,448,449,450,459",0.00156381121768431,FALSE,18,1,0,0,37,19,18,0.513513513513513,1
"scad.cv",39,300,0.33,"TRUE","TRUE","FALSE","18.4523972704285","9.46266435102194","8.98973291940656","4.12","0.135","0.344","1,2,3,4,5,6,7,8,9,27,139,417,442,443,444,445,446,447,448,449,450",0.0060626725403436,FALSE,3,0,0,0,21,3,18,0.142857142857143,1
"scad.cv",4,300,0.33,"TRUE","TRUE","FALSE","18.122183504349","9.13679404688752","8.98538945746146","3.491","0.111","0.3","1,2,3,4,5,6,7,8,9,269,442,443,444,445,446,447,448,449,450",0.00703346565842213,FALSE,1,0,0,0,19,1,18,0.0526315789473684,1
"scad.cv",40,300,0.33,"TRUE","TRUE","FALSE","17.1703606394252","8.16679991238952","9.00356072703568","3.055","0.11","0.298","2,3,4,5,6,7,8,9,442,443,444,445,446,447,448,449,450",0.00657686446158857,FALSE,0,0,1,0,17,0,17,0,0.944444444444444
"scad.cv",41,300,0.33,"TRUE","TRUE","FALSE","17.3173065633548","8.31356713650434","9.00373942685042","3.283","0.102","0.269","1,2,3,4,5,6,7,8,9,16,22,75,78,85,89,99,107,190,197,212,215,234,247,258,295,298,315,361,363,417,426,442,443,444,445,446,447,448,449,450",0.00200856661482426,FALSE,22,0,0,0,40,22,18,0.55,1
"scad.cv",42,300,0.33,"TRUE","TRUE","FALSE","16.8298888468604","8.23971091023001","8.59017793663035","3.724","0.106","0.299","2,3,4,5,6,7,8,9,228,443,444,445,446,447,448,449,450",0.00891442353995402,FALSE,1,0,1,1,17,1,16,0.0588235294117647,0.888888888888889
"scad.cv",43,300,0.33,"TRUE","TRUE","FALSE","18.2137076197866","9.21426421485168","8.99944340493494","3.848","0.113","0.291","1,2,3,4,5,6,7,8,9,22,30,31,61,73,103,105,175,206,211,268,277,280,287,297,325,417,422,424,434,436,440,442,443,444,445,446,447,448,449,450,459",0.00186182675531046,FALSE,22,1,0,0,41,23,18,0.560975609756098,1
"scad.cv",44,300,0.33,"TRUE","TRUE","FALSE","16.6548652201376","8.16641733407163","8.48844788606595","3.429","0.099","0.289","1,2,3,4,5,6,7,8,9,16,18,28,37,61,124,170,194,206,211,215,250,257,258,262,295,302,319,325,379,389,420,432,442,443,444,445,446,447,448,449,450,456",0.00154775157601646,FALSE,23,1,0,0,42,24,18,0.571428571428571,1
"scad.cv",45,300,0.33,"TRUE","TRUE","FALSE","17.2638001605954","8.27260405315128","8.99119610744409","3.921","0.121","0.362","1,2,3,4,5,6,7,8,9,41,47,66,75,78,97,100,131,165,182,194,206,213,215,218,273,302,310,314,325,329,337,347,366,389,397,426,436,440,442,443,444,445,446,447,448,449,450",0.0021990481548803,FALSE,29,0,0,0,47,29,18,0.617021276595745,1
"scad.cv",46,300,0.33,"TRUE","TRUE","FALSE","16.8624004762766","8.65828648583117","8.20411399044545","4.466","0.115","0.29","2,3,4,5,6,7,8,9,427,443,444,445,446,447,448,449,450",0.00777825604264799,FALSE,1,0,1,1,17,1,16,0.0588235294117647,0.888888888888889
"scad.cv",47,300,0.33,"TRUE","TRUE","FALSE","17.9793251836429","8.97598484827003","9.0033403353729","3.296","0.114","0.326","1,2,3,4,5,6,7,8,9,179,442,443,444,445,446,447,448,449,450",0.00751938182157316,FALSE,1,0,0,0,19,1,18,0.0526315789473684,1
"scad.cv",48,300,0.33,"TRUE","TRUE","FALSE","16.4833061130857","7.47625498740234","9.00705112568333","3.481","0.1","0.248","2,3,4,5,6,7,8,9,357,442,443,444,445,446,447,448,449,450",0.00811526253953287,FALSE,1,0,1,0,18,1,17,0.0555555555555556,0.944444444444444
"scad.cv",49,300,0.33,"TRUE","TRUE","FALSE","16.7754819237762","7.77057185367484","9.0049100701014","4.184","0.119","0.301","1,2,3,4,5,6,7,8,9,20,22,150,161,173,178,194,206,215,226,232,252,263,287,295,317,348,354,366,434,439,442,443,444,445,446,447,448,449,450,462",0.00178730002073445,FALSE,21,1,0,0,40,22,18,0.55,1
"scad.cv",5,300,0.33,"TRUE","TRUE","FALSE","17.5969074957839","8.59072828718124","9.00617920860267","3.837","0.117","0.348","1,2,3,4,5,6,7,8,9,47,61,99,109,161,206,210,213,228,290,295,297,301,317,318,325,354,366,406,418,431,434,436,442,443,444,445,446,447,448,449,450",0.00187315231643126,FALSE,23,0,0,0,41,23,18,0.560975609756098,1
"scad.cv",50,300,0.33,"TRUE","TRUE","FALSE","17.8649935670962","9.14155757802217","8.72343598907399","4.066","0.104","0.275","1,2,3,4,5,6,7,8,9,442,443,444,445,446,447,448,449,450",0.00700785276782473,TRUE,0,0,0,0,18,0,18,0,1
"scad.cv",51,300,0.33,"TRUE","TRUE","FALSE","17.5801368099701","8.5777918144735","9.0023449954966","3.435","0.111","0.32","2,3,4,5,6,7,8,9,85,442,443,444,445,446,447,448,449,450",0.00621606145033738,FALSE,1,0,1,0,18,1,17,0.0555555555555556,0.944444444444444
"scad.cv",52,300,0.33,"TRUE","TRUE","FALSE","17.1657287921756","8.16169493101111","9.00403386116446","4.176","0.115","0.347","1,2,3,4,5,6,7,8,9,13,37,60,61,75,97,143,144,161,175,206,211,225,262,277,297,301,315,324,325,354,360,366,392,406,424,434,442,443,444,445,446,447,448,449,450,462",0.00227260986613567,FALSE,27,1,0,0,46,28,18,0.608695652173913,1
"scad.cv",53,300,0.33,"TRUE","TRUE","FALSE","17.6945564752724","8.69427938351139","9.000277091761","3.323","0.111","0.304","1,2,3,4,6,7,8,9,442,443,444,445,446,447,448,449,450",0.00698519804497598,FALSE,0,0,1,0,17,0,17,0,0.944444444444444
"scad.cv",54,300,0.33,"TRUE","TRUE","FALSE","18.1166929888391","9.11268001444022","9.00401297439884","3.209","0.116","0.337","1,2,3,4,5,6,7,8,9,22,37,47,66,80,85,104,158,175,183,190,206,211,215,294,302,317,325,327,329,375,406,418,420,436,442,443,444,445,446,447,448,449,450,459",0.00160568914551443,FALSE,25,1,0,0,44,26,18,0.590909090909091,1
"scad.cv",55,300,0.33,"TRUE","TRUE","FALSE","17.9321895053282","8.94266478757373","8.98952471775445","3.644","0.107","0.27","1,2,3,4,5,6,7,8,9,179,383,417,442,443,444,445,446,447,448,449,450",0.00842925071016139,FALSE,3,0,0,0,21,3,18,0.142857142857143,1
"scad.cv",56,300,0.33,"TRUE","TRUE","FALSE","17.1348171397395","8.13680747801919","8.99800966172026","3.384","0.099","0.279","2,3,4,6,7,8,9,190,417,442,443,444,445,446,447,449,450",0.00960828593528322,FALSE,2,0,2,1,17,2,15,0.117647058823529,0.833333333333333
"scad.cv",57,300,0.33,"TRUE","TRUE","FALSE","17.9437704241416","8.94065795526829","9.00311246887332","3.153","0.105","0.262","1,2,3,4,5,6,7,8,9,31,75,156,175,178,212,215,262,273,295,301,302,325,366,405,436,442,443,444,445,446,447,448,449,450",0.00164702222338719,FALSE,16,0,0,0,34,16,18,0.470588235294118,1
"scad.cv",58,300,0.33,"TRUE","TRUE","FALSE","18.2454077020203","9.25649944296936","8.98890825905098","3.568","0.092","0.236","1,2,3,4,5,6,7,8,9,442,443,444,445,446,447,448,449,450",0.00835481158982003,TRUE,0,0,0,0,18,0,18,0,1
"scad.cv",59,300,0.33,"TRUE","TRUE","FALSE","17.2337462019006","8.2218564914114","9.0118897104892","3.185","0.11","0.319","2,3,4,5,6,7,8,9,187,269,281,431,442,443,444,445,446,447,448,449,450",0.00548654654636064,FALSE,4,0,1,0,21,4,17,0.19047619047619,0.944444444444444
"scad.cv",6,300,0.33,"TRUE","TRUE","FALSE","16.8597375153101","8.30851836747263","8.55121914783752","3.78","0.117","0.307","2,3,4,5,6,7,8,9,403,427,442,443,444,445,446,447,448,449,450",0.00614908642244241,FALSE,2,0,1,0,19,2,17,0.105263157894737,0.944444444444444
"scad.cv",60,300,0.33,"TRUE","TRUE","FALSE","17.2849138091035","8.36319831302397","8.92171549607951","3.911","0.105","0.27","2,4,5,6,7,8,9,442,443,444,445,446,447,448,449,450",0.00801908704533829,FALSE,0,0,2,0,16,0,16,0,0.888888888888889
"scad.cv",61,300,0.33,"TRUE","TRUE","FALSE","17.2301258180194","8.22436459823331","9.00576121978611","3.296","0.111","0.31","2,3,4,5,6,7,8,9,190,307,417,442,443,444,445,446,447,449,450",0.0113899247344456,FALSE,3,0,1,1,19,3,16,0.157894736842105,0.888888888888889
"scad.cv",62,300,0.33,"TRUE","TRUE","FALSE","18.1019696319559","9.09705122034869","9.00491841160722","3.374","0.128","0.344","1,2,3,4,5,6,7,8,9,17,21,37,73,80,89,155,161,163,182,211,215,227,251,257,258,268,272,273,279,295,301,322,325,354,383,385,400,413,417,426,436,442,443,444,445,446,447,448,449,450,459",0.00172457953154885,FALSE,32,1,0,0,51,33,18,0.647058823529412,1
"scad.cv",63,300,0.33,"TRUE","TRUE","FALSE","17.8754316453174","8.91814812953959","8.95728351577778","3.57","0.092","0.26","2,3,4,5,6,7,8,9,442,443,444,445,446,447,448,449,450",0.00776209465249175,FALSE,0,0,1,0,17,0,17,0,0.944444444444444
"scad.cv",64,300,0.33,"TRUE","TRUE","FALSE","17.1556892306822","8.15244747188945","9.00324175879278","2.936","0.108","0.317","2,3,4,5,6,7,8,9,442,443,444,445,446,447,448,449,450",0.00643653691153297,FALSE,0,0,1,0,17,0,17,0,0.944444444444444
"scad.cv",65,300,0.33,"TRUE","TRUE","FALSE","18.157740193568","9.1556135890829","9.00212660448507","3.114","0.112","0.279","1,2,3,4,5,6,7,8,9,37,118,134,156,161,164,172,175,190,211,258,262,295,297,314,317,325,366,381,383,426,442,443,444,445,446,447,448,449,450",0.00136078369243796,FALSE,21,0,0,0,39,21,18,0.538461538461538,1
"scad.cv",66,300,0.33,"TRUE","TRUE","FALSE","17.2639236861054","8.28158413779857","8.98233954830681","4.695","0.114","0.309","1,2,3,4,5,6,7,8,9,11,16,47,66,97,101,132,190,202,206,230,232,234,235,238,268,273,301,306,325,354,379,418,424,434,440,442,443,444,445,446,447,448,449,450,462",0.00146439762196896,FALSE,26,1,0,0,45,27,18,0.6,1
"scad.cv",67,300,0.33,"TRUE","TRUE","FALSE","17.941538400208","9.11991905932942","8.82161934087859","3.917","0.12","0.337","1,2,3,4,5,6,7,8,9,14,36,37,107,134,149,175,190,206,216,226,260,295,301,312,315,328,375,382,383,426,442,443,444,445,446,447,448,449,450",0.00185920667787294,FALSE,21,0,0,0,39,21,18,0.538461538461538,1
"scad.cv",68,300,0.33,"TRUE","TRUE","FALSE","17.9728899006242","8.96530613447168","9.00758376615253","3.67","0.107","0.343","2,3,4,5,6,7,8,9,442,443,444,445,446,447,448,449,450",0.00705874680457771,FALSE,0,0,1,0,17,0,17,0,0.944444444444444
"scad.cv",69,300,0.33,"TRUE","TRUE","FALSE","17.6034725685952","9.43517475707459","8.16829781152059","4.292","0.117","0.333","1,2,3,4,5,6,7,8,9,94,108,291,427,443,444,445,446,447,448,449,450",0.00717787183410663,FALSE,4,0,0,1,21,4,17,0.19047619047619,0.944444444444444
"scad.cv",7,300,0.33,"TRUE","TRUE","FALSE","18.5247680152202","9.66336119200986","8.86140682321036","4.432","0.119","0.389","1,2,3,4,5,6,7,8,9,11,37,55,60,73,173,174,183,194,206,210,215,216,221,231,233,247,257,258,288,295,297,301,314,324,325,354,381,388,418,442,443,444,445,446,447,448,449,450,459",0.00218603584929602,FALSE,30,1,0,0,49,31,18,0.63265306122449,1
"scad.cv",70,300,0.33,"TRUE","TRUE","FALSE","17.26753588229","8.26446573297571","9.00307014931425","3.679","0.093","0.275","2,3,4,5,6,7,8,9,442,443,444,445,446,447,448,449,450",0.00602483343823502,FALSE,0,0,1,0,17,0,17,0,0.944444444444444
"scad.cv",71,300,0.33,"TRUE","TRUE","FALSE","17.3967854654502","8.52632207046971","8.87046339498051","4.309","0.105","0.321","2,4,5,6,7,8,9,94,443,444,445,446,447,448,449,450",0.00793384713917533,FALSE,1,0,2,1,16,1,15,0.0625,0.833333333333333
"scad.cv",72,300,0.33,"TRUE","TRUE","FALSE","17.2575346687885","8.25375012000468","9.00378454878386","3.413","0.131","0.304","2,3,4,5,6,7,8,9,442,443,444,445,446,447,448,449,450",0.00610387492546245,FALSE,0,0,1,0,17,0,17,0,0.944444444444444
"scad.cv",73,300,0.33,"TRUE","TRUE","FALSE","18.1510421845555","9.14592216982998","9.00512001472547","3.027","0.108","0.28","1,2,3,4,5,6,7,8,9,58,442,443,444,445,446,447,448,449,450",0.00885412424564412,FALSE,1,0,0,0,19,1,18,0.0526315789473684,1
"scad.cv",74,300,0.33,"TRUE","TRUE","FALSE","17.4039828298431","8.40049259023116","9.00349023961191","3.393","0.091","0.28","2,3,4,5,6,7,8,9,442,443,444,445,446,447,448,449,450",0.00662699415570689,FALSE,0,0,1,0,17,0,17,0,0.944444444444444
"scad.cv",75,300,0.33,"TRUE","TRUE","FALSE","18.1427054514272","9.12720655671102","9.01549889471623","3.037","0.105","0.316","1,2,3,4,5,6,7,8,9,85,293,417,442,443,444,445,446,447,448,449,450,460",0.00640375270772128,FALSE,3,1,0,0,22,4,18,0.181818181818182,1
"scad.cv",76,300,0.33,"TRUE","TRUE","FALSE","17.9278798828809","8.91927038912953","9.00860949375133","3.514","0.11","0.33","2,3,4,5,6,7,8,9,27,80,94,442,443,444,445,446,447,448,449,450",0.00728622038443863,FALSE,3,0,1,0,20,3,17,0.15,0.944444444444444
"scad.cv",77,300,0.33,"TRUE","TRUE","FALSE","17.3225349747065","8.31666385417616","9.00587112053035","3.493","0.116","0.311","1,2,3,4,5,6,7,8,9,31,37,57,63,131,143,161,171,175,186,206,211,212,215,273,297,302,325,338,354,418,442,443,444,445,446,447,448,449,450,456,462,466",0.00280283581911088,FALSE,21,3,0,0,42,24,18,0.571428571428571,1
"scad.cv",78,300,0.33,"TRUE","TRUE","FALSE","17.8819135441386","8.87885106430324","9.00306247983539","3.523","0.12","0.324","1,2,3,4,5,6,7,8,9,287,442,443,444,445,446,447,448,449,450",0.00756084251491436,FALSE,1,0,0,0,19,1,18,0.0526315789473684,1
"scad.cv",79,300,0.33,"TRUE","TRUE","FALSE","17.2101835215193","8.2066581173862","9.00352540413307","3.208","0.109","0.289","2,3,4,5,6,7,8,9,96,139,212,269,291,442,443,444,445,446,447,448,449,450",0.00702281968929629,FALSE,5,0,1,0,22,5,17,0.227272727272727,0.944444444444444
"scad.cv",8,300,0.33,"TRUE","TRUE","FALSE","17.7978214186616","8.79410441398693","9.0037170046747","3.717","0.109","0.318","1,2,3,4,5,6,7,8,9,187,314,442,443,444,445,446,447,448,449,450",0.00934343548474571,FALSE,2,0,0,0,20,2,18,0.1,1
"scad.cv",80,300,0.33,"TRUE","TRUE","FALSE","16.1855254335429","7.17885150136767","9.00667393217524","2.976","0.11","0.264","2,3,4,6,7,8,9,442,443,444,445,446,447,448,449,450",0.00682421468856581,FALSE,0,0,2,0,16,0,16,0,0.888888888888889
"scad.cv",81,300,0.33,"TRUE","TRUE","FALSE","17.475652894638","8.47516840973896","9.00048448489908","3.966","0.107","0.292","1,2,3,4,5,6,7,8,9,15,28,29,34,37,66,134,149,175,181,236,250,286,297,325,328,363,390,396,426,442,443,444,445,446,447,448,449,450,462",0.00122803288920653,FALSE,20,1,0,0,39,21,18,0.538461538461538,1
"scad.cv",82,300,0.33,"TRUE","TRUE","FALSE","17.9998362712666","9.04550622856963","8.95433004269701","3.827","0.098","0.309","2,3,4,5,6,7,8,9,47,187,442,443,444,445,446,447,448,449,450",0.00576209692160775,FALSE,2,0,1,0,19,2,17,0.105263157894737,0.944444444444444
"scad.cv",83,300,0.33,"TRUE","TRUE","FALSE","17.8339581493897","8.82639628370183","9.00756186568782","3.53","0.105","0.292","1,2,3,4,5,6,7,8,9,22,38,66,109,162,175,183,206,215,238,268,294,325,363,434,436,442,443,444,445,446,447,448,449,450,459",0.00170198109213618,FALSE,16,1,0,0,35,17,18,0.485714285714286,1
"scad.cv",84,300,0.33,"TRUE","TRUE","FALSE","17.2263934799157","8.21199978049552","9.01439369942014","3.624","0.105","0.282","2,3,4,5,6,7,8,9,442,443,444,445,446,447,448,449,450",0.00636509187815217,FALSE,0,0,1,0,17,0,17,0,0.944444444444444
"scad.cv",85,300,0.33,"TRUE","TRUE","FALSE","16.5798225708337","7.57656519483884","9.00325737599486","3.51","0.108","0.309","2,3,4,6,7,8,9,144,417,442,443,444,445,446,447,448,449,450",0.00794923206637342,FALSE,2,0,2,0,18,2,16,0.111111111111111,0.888888888888889
"scad.cv",86,300,0.33,"TRUE","TRUE","FALSE","17.7292931525595","8.72502906699689","9.00426408556258","3.38","0.098","0.273","1,2,3,4,5,6,7,8,9,442,443,444,445,446,447,448,449,450",0.0066494233424765,TRUE,0,0,0,0,18,0,18,0,1
"scad.cv",87,300,0.33,"TRUE","TRUE","FALSE","18.1357692880081","9.12506044374508","9.01070884426299","3.146","0.098","0.303","2,3,4,5,6,7,8,9,442,443,444,445,446,447,448,449,450",0.00677643995435674,FALSE,0,0,1,0,17,0,17,0,0.944444444444444
"scad.cv",88,300,0.33,"TRUE","TRUE","FALSE","17.4603804421913","8.45547409203287","9.00490635015842","3.345","0.108","0.33","2,3,4,5,6,7,8,9,187,417,442,443,444,445,446,447,448,449,450",0.00812136006911957,FALSE,2,0,1,0,19,2,17,0.105263157894737,0.944444444444444
"scad.cv",89,300,0.33,"TRUE","TRUE","FALSE","18.1542011002763","9.14786013779224","9.00634096248403","3.059","0.112","0.317","1,2,3,4,5,6,7,8,9,80,98,146,243,329,442,443,444,445,446,447,448,449,450",0.00773549833253533,FALSE,5,0,0,0,23,5,18,0.217391304347826,1
"scad.cv",9,300,0.33,"TRUE","TRUE","FALSE","17.6924483914253","8.69072813522361","9.0017202562017","4.07","0.115","0.3","2,4,5,6,7,8,9,168,281,329,442,443,444,445,446,447,448,449,450",0.00926438872415244,FALSE,3,0,2,0,19,3,16,0.157894736842105,0.888888888888889
"scad.cv",90,300,0.33,"TRUE","TRUE","FALSE","16.7781164270355","7.77609396488882","9.00202246214673","3.81","0.106","0.298","2,3,4,6,7,8,9,85,94,442,443,444,445,446,447,448,449,450",0.00686982313703612,FALSE,2,0,2,0,18,2,16,0.111111111111111,0.888888888888889
"scad.cv",91,300,0.33,"TRUE","TRUE","FALSE","17.197373058645","9.12409771358869","8.07327534505634","3.091","0.103","0.252","1,2,3,4,5,6,7,8,9,269,443,444,445,446,447,448,449,450",0.00733533775598755,FALSE,1,0,0,1,18,1,17,0.0555555555555556,0.944444444444444
"scad.cv",92,300,0.33,"TRUE","TRUE","FALSE","17.230449135797","8.22487608642757","9.00557304936945","3.805","0.116","0.318","2,3,4,5,6,7,8,9,27,442,443,444,445,446,447,448,449,450",0.00676179433448542,FALSE,1,0,1,0,18,1,17,0.0555555555555556,0.944444444444444
"scad.cv",93,300,0.33,"TRUE","TRUE","FALSE","18.0301273873199","9.03067727994712","8.99945010737274","4.083","0.114","0.319","1,2,3,4,5,6,7,8,9,179,287,296,398,442,443,444,445,446,447,448,449,450,460",0.00894411254858797,FALSE,4,1,0,0,23,5,18,0.217391304347826,1
"scad.cv",94,300,0.33,"TRUE","TRUE","FALSE","18.1725517252649","9.22480183483203","8.94774989043291","4.293","0.107","0.281","1,2,4,5,6,7,8,9,442,443,444,445,446,447,449,450",0.00806157342193555,FALSE,0,0,1,1,16,0,16,0,0.888888888888889
"scad.cv",95,300,0.33,"TRUE","TRUE","FALSE","17.1067391046208","8.10249972657285","9.00423937804799","3.096","0.113","0.32","2,4,5,6,7,8,9,442,443,444,445,446,447,448,449,450",0.00672275546677702,FALSE,0,0,2,0,16,0,16,0,0.888888888888889
"scad.cv",96,300,0.33,"TRUE","TRUE","FALSE","18.8550440005049","9.85117405851678","9.00386994198809","3.912","0.122","0.361","1,2,3,4,5,6,7,8,9,16,22,37,41,81,92,119,161,173,194,210,212,225,226,257,258,286,297,312,319,325,360,363,384,434,442,443,444,445,446,447,448,449,450,459,460,462",0.00201320576922884,FALSE,25,3,0,0,46,28,18,0.608695652173913,1
"scad.cv",97,300,0.33,"TRUE","TRUE","FALSE","17.3118756704182","8.3083268723547","9.00354879806346","3.31","0.114","0.359","2,3,4,5,6,7,8,9,30,329,366,427,442,443,444,445,446,447,448,449,450",0.00764251060050047,FALSE,4,0,1,0,21,4,17,0.19047619047619,0.944444444444444
"scad.cv",98,300,0.33,"TRUE","TRUE","FALSE","16.8112193768216","7.80670320241047","9.00451617441109","3.605","0.105","0.29","2,3,4,5,6,7,8,9,80,442,443,444,445,446,447,448,449,450",0.00615171944699099,FALSE,1,0,1,0,18,1,17,0.0555555555555556,0.944444444444444
"scad.cv",99,300,0.33,"TRUE","TRUE","FALSE","17.6177895422856","9.04377979453116","8.57400974775448","3.934","0.099","0.245","1,2,3,4,5,6,7,8,9,22,37,66,75,98,113,180,206,212,271,287,295,354,360,383,400,434,442,443,444,445,446,447,448,449,450",0.00162410114089669,FALSE,17,0,0,0,35,17,18,0.485714285714286,1
