"method","sim","n","betamin","is.true.model.intop.kappa.o","is.true.model.intop.kappa.oplusLASSO","is.s.hat.nan","s.hat","s0.hat","s1.hat","time.l0","time.lasso.cv","time.scad.cv","sel.model","est.mse","recovery","nb.tI","nb.tII","est.size","FP","TP","FDR","power"
"EBIC",1,300,0.5,"TRUE","TRUE","FALSE","17.3992705295085","8.6761301879379","8.72314034157063","6.375","0.233","0.797","1,2,3,4,5,6,7,8,9,160,161,162,163,164,165,166,167,168",0.000489119054076153,TRUE,0,0,18,0,18,0,1
"EBIC",10,300,0.5,"TRUE","TRUE","FALSE","17.6692190097831","8.61680930115876","9.05240970862437","5.884","0.241","0.724","1,2,3,4,5,6,7,8,9,160,161,162,163,164,165,166,167,168",0.000245278524267066,TRUE,0,0,18,0,18,0,1
"EBIC",100,300,0.5,"TRUE","TRUE","FALSE","17.4602220086689","9.06680051031999","8.3934214983489","4.984","0.173","0.619","1,2,3,4,5,6,7,8,9,160,161,162,163,164,165,166,167,168",0.000647983617764706,TRUE,0,0,18,0,18,0,1
"EBIC",11,300,0.5,"TRUE","TRUE","FALSE","18.118771450866","9.0589017890942","9.05986966177175","5.174","0.329","0.889","1,2,3,4,5,6,7,8,9,160,161,162,163,164,165,166,167,168",0.000200519334921894,TRUE,0,0,18,0,18,0,1
"EBIC",12,300,0.5,"TRUE","TRUE","FALSE","18.1482100042973","9.09189689445302","9.05631310984424","5.655","0.254","0.895","1,2,3,4,5,6,7,8,9,160,161,162,163,164,165,166,167,168,293",0.000716112611572569,FALSE,1,0,19,1,18,0.0526315789473684,1
"EBIC",13,300,0.5,"TRUE","TRUE","FALSE","18.1157826938769","9.0620220416972","9.05376065217971","4.568","0.214","0.758","1,2,3,4,5,6,7,8,9,160,161,162,163,164,165,166,167,168",0.000482463485324846,TRUE,0,0,18,0,18,0,1
"EBIC",14,300,0.5,"TRUE","TRUE","FALSE","17.2632403425107","8.2111462129357","9.05209412957503","5.034","0.246","0.843","1,2,3,4,5,6,7,8,9,160,161,162,163,164,165,166,167,168",0.000525681738319688,TRUE,0,0,18,0,18,0,1
"EBIC",15,300,0.5,"TRUE","TRUE","FALSE","18.1180709155008","9.06391997857396","9.05415093692685","4.621","0.231","0.725","1,2,3,4,5,6,7,8,9,160,161,162,163,164,165,166,167,168",0.000405553036405782,TRUE,0,0,18,0,18,0,1
"EBIC",16,300,0.5,"TRUE","TRUE","FALSE","18.1106322183854","9.07403218173099","9.03660003665442","5.135","0.214","0.705","1,2,3,4,5,6,7,8,9,160,161,162,163,164,165,166,167,168",0.000294257869274287,TRUE,0,0,18,0,18,0,1
"EBIC",17,300,0.5,"TRUE","TRUE","FALSE","18.1362238749014","9.06966428948108","9.0665595854203","4.484","0.236","0.681","1,2,3,4,5,6,7,8,9,160,161,162,163,164,165,166,167,168",0.000492581904980689,TRUE,0,0,18,0,18,0,1
"EBIC",18,300,0.5,"TRUE","TRUE","FALSE","18.1403364270829","9.06187677372454","9.07845965335837","4.675","0.228","0.719","1,2,3,4,5,6,7,8,9,160,161,162,163,164,165,166,167,168",0.000536467132036482,TRUE,0,0,18,0,18,0,1
"EBIC",19,300,0.5,"TRUE","TRUE","FALSE","17.1950705275132","8.74903605850978","8.44603446900344","7.203","0.236","0.863","1,2,3,4,5,6,7,8,9,160,161,162,163,164,165,166,167,168",0.000528462202663396,TRUE,0,0,18,0,18,0,1
"EBIC",2,300,0.5,"TRUE","TRUE","FALSE","18.000419523057","9.0773341941176","8.92308532893942","5.412","0.232","0.727","1,2,3,4,5,6,7,8,9,160,161,162,163,164,165,166,167,168",0.000235987059290698,TRUE,0,0,18,0,18,0,1
"EBIC",20,300,0.5,"TRUE","TRUE","FALSE","18.2214792180316","9.13209439983436","9.0893848181972","5.053","0.234","0.708","1,2,3,4,5,6,7,8,9,37,160,161,162,163,164,165,166,167,168",0.000556047944740186,FALSE,1,0,19,1,18,0.0526315789473684,1
"EBIC",21,300,0.5,"TRUE","TRUE","FALSE","18.1582006987347","8.92496471822253","9.2332359805122","6.375","0.24","0.842","1,2,3,4,5,6,7,8,9,160,161,162,163,164,165,166,167,168,236,262",0.00111357481883108,FALSE,2,0,20,2,18,0.1,1
"EBIC",22,300,0.5,"TRUE","TRUE","FALSE","17.7646712092658","9.09505345110338","8.66961775816246","6.431","0.227","0.859","1,2,3,4,5,6,7,8,9,160,161,162,163,164,165,166,167,168",0.000426042553425777,TRUE,0,0,18,0,18,0,1
"EBIC",23,300,0.5,"TRUE","TRUE","FALSE","18.08296193226","9.04620749023209","9.03675444202787","4.583","0.261","0.799","1,2,3,4,5,6,7,8,9,160,161,162,163,164,165,166,167,168",0.000376371487421303,TRUE,0,0,18,0,18,0,1
"EBIC",24,300,0.5,"TRUE","TRUE","FALSE","17.7783264902013","8.878006115772","8.90032037442934","5.835","0.211","0.724","1,2,3,4,5,6,7,8,9,160,161,162,163,164,165,166,167,168",0.000483694713020469,TRUE,0,0,18,0,18,0,1
"EBIC",25,300,0.5,"TRUE","TRUE","FALSE","17.2303731422184","8.33529795359609","8.89507518862227","5.957","0.232","0.768","1,2,3,4,5,6,7,8,9,160,161,162,163,164,165,166,167,168",0.000305619329545988,TRUE,0,0,18,0,18,0,1
"EBIC",26,300,0.5,"TRUE","TRUE","FALSE","18.2399736876658","9.148858495003","9.09111519266283","5.283","0.223","0.9","1,2,3,4,5,6,7,8,9,49,160,161,162,163,164,165,166,167,168",0.00053501600644221,FALSE,1,0,19,1,18,0.0526315789473684,1
"EBIC",27,300,0.5,"TRUE","TRUE","FALSE","18.0706676984738","9.07872191631018","8.9919457821636","5.289","0.24","0.745","1,2,3,4,5,6,7,8,9,160,161,162,163,164,165,166,167,168",0.000409671209555035,TRUE,0,0,18,0,18,0,1
"EBIC",28,300,0.5,"TRUE","TRUE","FALSE","18.1461419859245","9.08035224751848","9.06578973840606","4.873","0.23","0.893","1,2,3,4,5,6,7,8,9,160,161,162,163,164,165,166,167,168",0.000341358231697257,TRUE,0,0,18,0,18,0,1
"EBIC",29,300,0.5,"TRUE","TRUE","FALSE","17.1982007595514","9.08220904625016","8.11599171330126","5.349","0.236","0.773","1,2,3,4,5,6,7,8,9,160,161,162,163,164,165,166,167,168",0.000327696853225289,TRUE,0,0,18,0,18,0,1
"EBIC",3,300,0.5,"TRUE","TRUE","FALSE","18.1837344500529","9.05838080703804","9.12535364301485","5.285","0.289","0.82","1,2,3,4,5,6,7,8,9,160,161,162,163,164,165,166,167,168,207",0.000674135592976088,FALSE,1,0,19,1,18,0.0526315789473684,1
"EBIC",30,300,0.5,"TRUE","TRUE","FALSE","17.8274721038006","8.75135565731884","9.07611644648175","6.515","0.243","0.885","1,2,3,4,5,6,7,8,9,157,160,161,162,163,164,165,166,167,168",0.00106574487867216,FALSE,1,0,19,1,18,0.0526315789473684,1
"EBIC",31,300,0.5,"TRUE","TRUE","FALSE","17.6326601726799","9.36359972741571","8.26906044526422","6.471","0.218","0.697","1,2,3,4,5,6,7,8,9,105,160,161,162,163,164,165,166,167,168",0.000933355797158856,FALSE,1,0,19,1,18,0.0526315789473684,1
"EBIC",32,300,0.5,"TRUE","TRUE","FALSE","18.1503077247149","9.05780158882251","9.09250613589242","5.381","0.278","0.991","1,2,3,4,5,6,7,8,9,160,161,162,163,164,165,166,167,168",0.000218162676357373,TRUE,0,0,18,0,18,0,1
"EBIC",33,300,0.5,"TRUE","TRUE","FALSE","18.1496274466009","9.05897730187063","9.09065014473027","5.351","0.24","0.757","1,2,3,4,5,6,7,8,9,160,161,162,163,164,165,166,167,168",0.000289075865064838,TRUE,0,0,18,0,18,0,1
"EBIC",34,300,0.5,"TRUE","TRUE","FALSE","18.0046221666469","9.0891030046319","8.91551916201505","5.976","0.228","0.804","1,2,3,4,5,6,7,8,9,160,161,162,163,164,165,166,167,168",0.00021427179660015,TRUE,0,0,18,0,18,0,1
"EBIC",35,300,0.5,"TRUE","TRUE","FALSE","18.2377410960386","9.08299811499703","9.15474298104159","5.672","0.294","0.865","1,2,3,4,5,6,7,8,9,160,161,162,163,164,165,166,167,168,201",0.000480997040220855,FALSE,1,0,19,1,18,0.0526315789473684,1
"EBIC",36,300,0.5,"TRUE","TRUE","FALSE","18.5797626468354","9.48217404638508","9.09758860045029","6.493","0.219","1.024","1,2,3,4,5,6,7,8,9,137,160,161,162,163,164,165,166,167,168",0.000572131487047356,FALSE,1,0,19,1,18,0.0526315789473684,1
"EBIC",37,300,0.5,"TRUE","TRUE","FALSE","18.2926975415196","9.2290995387143","9.06359800280532","5.236","0.167","0.631","1,2,3,4,5,6,7,8,9,43,160,161,162,163,164,165,166,167,168",0.000749755186559767,FALSE,1,0,19,1,18,0.0526315789473684,1
"EBIC",38,300,0.5,"TRUE","TRUE","FALSE","18.6019818627064","9.08260498554648","9.51937687715996","4.611","0.168","0.612","1,2,3,4,5,6,7,8,9,160,161,162,163,164,165,166,167,168,272",0.000479899513637406,FALSE,1,0,19,1,18,0.0526315789473684,1
"EBIC",39,300,0.5,"TRUE","TRUE","FALSE","17.8673006378341","9.15574849803667","8.7115521397974","4.313","0.169","0.548","1,2,3,4,5,6,7,8,9,48,160,161,162,163,164,165,166,167,168",0.000524454120723207,FALSE,1,0,19,1,18,0.0526315789473684,1
"EBIC",4,300,0.5,"TRUE","TRUE","FALSE","18.0983103274693","9.01012904031579","9.08818128715347","5.516","0.224","0.747","1,2,3,4,5,6,7,8,9,160,161,162,163,164,165,166,167,168",0.000553920484730365,TRUE,0,0,18,0,18,0,1
"EBIC",40,300,0.5,"TRUE","TRUE","FALSE","18.1101836842141","9.0657059554917","9.04447772872238","3.069","0.17","0.493","1,2,3,4,5,6,7,8,9,160,161,162,163,164,165,166,167,168",0.000397824178751901,TRUE,0,0,18,0,18,0,1
"EBIC",41,300,0.5,"TRUE","TRUE","FALSE","18.328538815632","9.18001577402397","9.14852304160799","3.823","0.158","0.54","1,2,3,4,5,6,7,8,9,68,160,161,162,163,164,165,166,167,168,298",0.00120539924973038,FALSE,2,0,20,2,18,0.1,1
"EBIC",42,300,0.5,"TRUE","TRUE","FALSE","17.9343663564805","8.80967151546787","9.12469484101262","3.859","0.148","0.544","1,2,3,4,5,6,7,8,9,160,161,162,163,164,165,166,167,168",0.000219595646393078,TRUE,0,0,18,0,18,0,1
"EBIC",43,300,0.5,"TRUE","TRUE","FALSE","17.844414267938","9.04574832536582","8.79866594257214","3.838","0.18","0.585","1,2,3,4,5,6,7,8,9,160,161,162,163,164,165,166,167,168",0.0004731101888744,TRUE,0,0,18,0,18,0,1
"EBIC",44,300,0.5,"TRUE","TRUE","FALSE","18.0899277592463","9.06161222678801","9.02831553245827","3.242","0.153","0.549","1,2,3,4,5,6,7,8,9,160,161,162,163,164,165,166,167,168",0.000287206795654434,TRUE,0,0,18,0,18,0,1
"EBIC",45,300,0.5,"TRUE","TRUE","FALSE","18.2272178572626","9.12894227777533","9.09827557948724","3.964","0.172","0.622","1,2,3,4,5,6,7,8,9,100,160,161,162,163,164,165,166,167,168",0.000595977685849035,FALSE,1,0,19,1,18,0.0526315789473684,1
"EBIC",46,300,0.5,"TRUE","TRUE","FALSE","17.4957632848538","8.41761184573704","9.07815143911679","4.007","0.164","0.555","1,2,3,4,5,6,7,8,9,160,161,162,163,164,165,166,167,168",0.000421805160361841,TRUE,0,0,18,0,18,0,1
"EBIC",47,300,0.5,"TRUE","TRUE","FALSE","18.122718676721","9.06384897600152","9.05886970071948","3.278","0.201","0.757","1,2,3,4,5,6,7,8,9,160,161,162,163,164,165,166,167,168",0.000166744420826888,TRUE,0,0,18,0,18,0,1
"EBIC",48,300,0.5,"TRUE","TRUE","FALSE","18.0317724651528","9.00094763257194","9.03082483258087","4.874","0.195","0.681","1,2,3,4,5,6,7,8,9,160,161,162,163,164,165,166,167,168",0.000298913766687851,TRUE,0,0,18,0,18,0,1
"EBIC",49,300,0.5,"TRUE","TRUE","FALSE","17.6621106160063","8.47707839718717","9.18503221881909","5.998","0.35","1.147","1,2,3,4,5,6,7,8,9,160,161,162,163,164,165,166,167,168,317",0.00101213550727912,FALSE,1,0,19,1,18,0.0526315789473684,1
"EBIC",5,300,0.5,"TRUE","TRUE","FALSE","18.5123859638101","9.04595222623094","9.46643373757919","6.383","0.215","1.119","1,2,3,4,5,6,7,8,9,160,161,162,163,164,165,166,167,168,317",0.000789692451485011,FALSE,1,0,19,1,18,0.0526315789473684,1
"EBIC",50,300,0.5,"TRUE","TRUE","FALSE","18.3967648127177","9.08613392543581","9.31063088728194","4.97","0.168","0.514","1,2,3,4,5,6,7,8,9,160,161,162,163,164,165,166,167,168,174,280",0.000989110982203361,FALSE,2,0,20,2,18,0.1,1
"EBIC",51,300,0.5,"TRUE","TRUE","FALSE","18.1618375077504","9.08974598328404","9.07209152446638","3.548","0.17","0.62","1,2,3,4,5,6,7,8,9,160,161,162,163,164,165,166,167,168",0.000227183396416007,TRUE,0,0,18,0,18,0,1
"EBIC",52,300,0.5,"TRUE","TRUE","FALSE","18.0957867258778","9.02422400994882","9.07156271592898","3.73","0.188","0.577","1,2,3,4,5,6,7,8,9,160,161,162,163,164,165,166,167,168",0.000370701055806604,TRUE,0,0,18,0,18,0,1
"EBIC",53,300,0.5,"TRUE","TRUE","FALSE","17.601942507476","8.52895522316121","9.0729872843148","4.354","0.161","0.535","1,2,3,4,5,6,7,8,9,160,161,162,163,164,165,166,167,168",0.000369750103309095,TRUE,0,0,18,0,18,0,1
"EBIC",54,300,0.5,"TRUE","TRUE","FALSE","18.1624757656621","9.10278314104572","9.05969262461637","3.96","0.17","0.572","1,2,3,4,5,6,7,8,9,160,161,162,163,164,165,166,167,168",0.000148593297843186,TRUE,0,0,18,0,18,0,1
"EBIC",55,300,0.5,"TRUE","TRUE","FALSE","18.1795118123678","9.09141783009339","9.08809398227439","4.634","0.19","0.94","1,2,3,4,5,6,7,8,9,160,161,162,163,164,165,166,167,168",0.000401491552815973,TRUE,0,0,18,0,18,0,1
"EBIC",56,300,0.5,"TRUE","TRUE","FALSE","17.4189438561905","9.07995421401385","8.3389896421766","5.842","0.257","0.718","1,2,3,4,5,6,7,8,9,160,161,162,163,164,165,166,167,168",0.000515571510764395,TRUE,0,0,18,0,18,0,1
"EBIC",57,300,0.5,"TRUE","TRUE","FALSE","18.1582996473444","9.08265916702452","9.07564048031989","5.276","0.221","0.603","1,2,3,4,5,6,7,8,9,160,161,162,163,164,165,166,167,168",0.000383701907624826,TRUE,0,0,18,0,18,0,1
"EBIC",58,300,0.5,"TRUE","TRUE","FALSE","18.1739412088361","9.11670875691403","9.05723245192211","5.566","0.152","0.468","1,2,3,4,5,6,7,8,9,160,161,162,163,164,165,166,167,168",0.000327320740632644,TRUE,0,0,18,0,18,0,1
"EBIC",59,300,0.5,"TRUE","TRUE","FALSE","17.5127090054627","8.44129999086013","9.07140901460262","4.414","0.203","0.748","1,2,3,4,5,6,7,8,9,23,160,161,162,163,164,165,166,167,168",0.000730619495366606,FALSE,1,0,19,1,18,0.0526315789473684,1
"EBIC",6,300,0.5,"TRUE","TRUE","FALSE","18.1310999188914","9.04348072237559","9.08761919651585","4.675","0.351","0.944","1,2,3,4,5,6,7,8,9,160,161,162,163,164,165,166,167,168",0.000274028869420663,TRUE,0,0,18,0,18,0,1
"EBIC",60,300,0.5,"TRUE","TRUE","FALSE","18.1005096426109","9.05980563870524","9.04070400390571","4.748","0.242","0.784","1,2,3,4,5,6,7,8,9,160,161,162,163,164,165,166,167,168",0.000335018942043346,TRUE,0,0,18,0,18,0,1
"EBIC",61,300,0.5,"TRUE","TRUE","FALSE","18.0940477816428","9.13577196176134","8.95827581988145","5.856","0.171","0.663","1,2,3,4,5,6,7,8,9,160,161,162,163,164,165,166,167,168",0.000477328404308006,TRUE,0,0,18,0,18,0,1
"EBIC",62,300,0.5,"TRUE","TRUE","FALSE","17.125330102828","9.04270361697048","8.0826264858575","3.929","0.168","0.59","1,2,3,4,5,6,7,8,9,161,162,163,164,165,166,167,168",0.00130303198206208,FALSE,0,1,17,0,17,0,0.944444444444444
"EBIC",63,300,0.5,"TRUE","TRUE","FALSE","18.1392920104479","9.058161344976","9.08113066547185","3.508","0.17","0.55","1,2,3,4,5,6,7,8,9,160,161,162,163,164,165,166,167,168",0.000392951963407564,TRUE,0,0,18,0,18,0,1
"EBIC",64,300,0.5,"TRUE","TRUE","FALSE","18.1541540798889","9.0908691005761","9.06328497931281","3.437","0.204","0.632","1,2,3,4,5,6,7,8,9,160,161,162,163,164,165,166,167,168",0.000300954219922805,TRUE,0,0,18,0,18,0,1
"EBIC",65,300,0.5,"TRUE","TRUE","FALSE","17.1584699931707","9.06104310698571","8.09742688618494","4.631","0.169","0.638","1,2,3,4,5,6,7,8,9,161,162,163,164,165,166,167,168",0.0013091201005333,FALSE,0,1,17,0,17,0,0.944444444444444
"EBIC",66,300,0.5,"TRUE","TRUE","FALSE","18.0811423776578","8.5211074446093","9.56003493304849","5.825","0.245","0.7","1,2,3,4,5,6,7,8,9,39,160,161,162,163,164,165,166,167,168,306",0.000940310726079338,FALSE,2,0,20,2,18,0.1,1
"EBIC",67,300,0.5,"TRUE","TRUE","FALSE","18.2664757582211","9.12988653961741","9.13658921860365","6.199","0.254","0.788","1,2,3,4,5,6,7,8,9,88,160,161,162,163,164,165,166,167,168,260",0.000921768603474655,FALSE,2,0,20,2,18,0.1,1
"EBIC",68,300,0.5,"TRUE","TRUE","FALSE","18.1140613343613","9.03371227856742","9.08034905579384","4.341","0.178","0.668","1,2,3,4,5,6,7,8,9,160,161,162,163,164,165,166,167,168",0.000474568185507849,TRUE,0,0,18,0,18,0,1
"EBIC",69,300,0.5,"TRUE","TRUE","FALSE","17.8219462470147","9.08121717092152","8.74072907609316","5.167","0.243","0.741","1,2,3,4,5,6,7,8,9,160,161,162,163,164,165,166,167,168",0.000425720136678621,TRUE,0,0,18,0,18,0,1
"EBIC",7,300,0.5,"TRUE","TRUE","FALSE","18.4282176338403","9.14898433709103","9.27923329674931","6.276","0.22","0.896","1,2,3,4,5,6,7,8,9,51,160,161,162,163,164,165,166,167,168,221",0.000913746886679462,FALSE,2,0,20,2,18,0.1,1
"EBIC",70,300,0.5,"TRUE","TRUE","FALSE","18.1142468407362","9.05302806972201","9.0612187710142","5.352","0.258","0.659","1,2,3,4,5,6,7,8,9,160,161,162,163,164,165,166,167,168",0.000307598083139314,TRUE,0,0,18,0,18,0,1
"EBIC",71,300,0.5,"TRUE","TRUE","FALSE","18.1381313513231","9.20990234745426","8.92822900386887","5.972","0.191","0.731","1,2,3,4,5,6,7,8,9,25,160,161,162,163,164,165,166,167,168",0.000738050338271175,FALSE,1,0,19,1,18,0.0526315789473684,1
"EBIC",72,300,0.5,"TRUE","TRUE","FALSE","17.6015854434953","8.85993184852375","8.74165359497151","5.969","0.307","0.627","1,2,3,4,5,6,7,8,9,160,161,162,163,164,165,166,167,168",0.000583482853230154,TRUE,0,0,18,0,18,0,1
"EBIC",73,300,0.5,"TRUE","TRUE","FALSE","18.1687111033431","9.08404661806152","9.08466448528162","4.003","0.242","0.679","1,2,3,4,5,6,7,8,9,160,161,162,163,164,165,166,167,168",0.000563562989029457,TRUE,0,0,18,0,18,0,1
"EBIC",74,300,0.5,"TRUE","TRUE","FALSE","18.1428729570703","9.06285043418633","9.08002252288392","4.614","0.149","0.505","1,2,3,4,5,6,7,8,9,160,161,162,163,164,165,166,167,168",0.00056212216340629,TRUE,0,0,18,0,18,0,1
"EBIC",75,300,0.5,"TRUE","TRUE","FALSE","18.1383131226344","9.06060541099142","9.07770771164301","3.545","0.21","0.595","1,2,3,4,5,6,7,8,9,160,161,162,163,164,165,166,167,168",0.000350535736017101,TRUE,0,0,18,0,18,0,1
"EBIC",76,300,0.5,"TRUE","TRUE","FALSE","18.233062349434","9.13340815987695","9.09965418955701","4.523","0.24","0.722","1,2,3,4,5,6,7,8,9,61,160,161,162,163,164,165,166,167,168",0.000528369706544725,FALSE,1,0,19,1,18,0.0526315789473684,1
"EBIC",77,300,0.5,"TRUE","TRUE","FALSE","18.1154030296487","9.04986037487563","9.06554265477305","4.656","0.212","0.673","1,2,3,4,5,6,7,8,9,160,161,162,163,164,165,166,167,168",0.000259992408091481,TRUE,0,0,18,0,18,0,1
"EBIC",78,300,0.5,"TRUE","TRUE","FALSE","18.1221150636413","9.07894835552792","9.04316670811343","4.016","0.223","0.91","1,2,3,4,5,6,7,8,9,160,161,162,163,164,165,166,167,168",0.000290004351283095,TRUE,0,0,18,0,18,0,1
"EBIC",79,300,0.5,"TRUE","TRUE","FALSE","18.1376608044592","9.06983141378974","9.06782939066945","4.409","0.174","1.109","1,2,3,4,5,6,7,8,9,160,161,162,163,164,165,166,167,168",0.000349407837340832,TRUE,0,0,18,0,18,0,1
"EBIC",8,300,0.5,"TRUE","TRUE","FALSE","18.1235735969362","9.06071926823433","9.06285432870182","5.02","0.238","0.915","1,2,3,4,5,6,7,8,9,160,161,162,163,164,165,166,167,168",0.000425093114926264,TRUE,0,0,18,0,18,0,1
"EBIC",80,300,0.5,"TRUE","TRUE","FALSE","17.6779377631834","8.49587976743201","9.18205799575135","5.312","0.269","0.764","1,2,3,4,5,6,7,8,9,160,161,162,163,164,165,166,167,168",0.000494344327524615,TRUE,0,0,18,0,18,0,1
"EBIC",81,300,0.5,"TRUE","TRUE","FALSE","17.4474578498024","8.73212199157449","8.71533585822794","6.544","0.249","0.748","1,2,3,4,5,6,7,8,9,160,161,162,163,164,165,166,167,168",0.000405193257626526,TRUE,0,0,18,0,18,0,1
"EBIC",82,300,0.5,"TRUE","TRUE","FALSE","18.2018124927542","9.09601594559701","9.10579654715719","3.959","0.179","0.733","1,2,3,4,5,6,7,8,9,160,161,162,163,164,165,166,167,168",0.000354402996192977,TRUE,0,0,18,0,18,0,1
"EBIC",83,300,0.5,"TRUE","TRUE","FALSE","18.2214360382184","9.15608815226943","9.06534788594894","4.621","0.198","0.829","1,2,3,4,5,6,7,8,9,48,58,160,161,162,163,164,165,166,167,168",0.00090596731312149,FALSE,2,0,20,2,18,0.1,1
"EBIC",84,300,0.5,"TRUE","TRUE","FALSE","18.0758684172759","9.00303518883364","9.07283322844225","5.101","0.241","0.851","1,2,3,4,5,6,7,8,9,160,161,162,163,164,165,166,167,168",0.000176837014555594,TRUE,0,0,18,0,18,0,1
"EBIC",85,300,0.5,"TRUE","TRUE","FALSE","17.7321691487954","8.67102376961619","9.06114537917923","7.352","0.254","0.841","1,2,3,4,5,6,7,8,9,160,161,162,163,164,165,166,167,168",0.000351905109212016,TRUE,0,0,18,0,18,0,1
"EBIC",86,300,0.5,"TRUE","TRUE","FALSE","18.118925620395","9.05898120189009","9.05994441850489","4.023","0.247","0.643","1,2,3,4,5,6,7,8,9,160,161,162,163,164,165,166,167,168",0.000250006312370918,TRUE,0,0,18,0,18,0,1
"EBIC",87,300,0.5,"TRUE","TRUE","FALSE","18.175099279591","9.09727859431014","9.07782068528091","3.943","0.147","0.486","1,2,3,4,5,6,7,8,9,160,161,162,163,164,165,166,167,168",0.000339751773021679,TRUE,0,0,18,0,18,0,1
"EBIC",88,300,0.5,"TRUE","TRUE","FALSE","18.1257039531834","9.05718618856323","9.06851776462019","4.442","0.198","0.792","1,2,3,4,5,6,7,8,9,160,161,162,163,164,165,166,167,168",0.000346067091880828,TRUE,0,0,18,0,18,0,1
"EBIC",89,300,0.5,"TRUE","TRUE","FALSE","18.1425193867824","9.06861165996588","9.07390772681648","5.476","0.21","0.69","1,2,3,4,5,6,7,8,9,160,161,162,163,164,165,166,167,168",0.000497693109506054,TRUE,0,0,18,0,18,0,1
"EBIC",9,300,0.5,"TRUE","TRUE","FALSE","17.9489980839188","8.86626275895918","9.08273532495963","6.005","0.236","0.835","1,2,3,4,5,6,7,8,9,160,161,162,163,164,165,166,167,168",0.000619303221147807,TRUE,0,0,18,0,18,0,1
"EBIC",90,300,0.5,"TRUE","TRUE","FALSE","17.2733005955025","9.03902940130062","8.23427119420184","4.523","0.212","0.697","1,2,3,4,5,6,7,8,9,160,161,162,163,164,165,166,167,168",0.000388257717293323,TRUE,0,0,18,0,18,0,1
"EBIC",91,300,0.5,"TRUE","TRUE","FALSE","18.1323837040068","9.05938229972762","9.07300140427915","4.043","0.185","0.567","1,2,3,4,5,6,7,8,9,160,161,162,163,164,165,166,167,168",0.000315384026778316,TRUE,0,0,18,0,18,0,1
"EBIC",92,300,0.5,"TRUE","TRUE","FALSE","17.9699776930742","8.91782316186733","9.05215453120684","4.845","0.179","0.661","1,2,3,4,5,6,7,8,9,160,161,162,163,164,165,166,167,168",0.000429750596894936,TRUE,0,0,18,0,18,0,1
"EBIC",93,300,0.5,"TRUE","TRUE","FALSE","18.0508534224993","9.21576054404053","8.83509287845875","6.2","0.217","0.818","1,2,3,4,5,6,7,8,9,159,160,161,162,163,164,165,166,167,168",0.000636416416134302,FALSE,1,0,19,1,18,0.0526315789473684,1
"EBIC",94,300,0.5,"TRUE","TRUE","FALSE","17.8660511955517","8.77661604557978","9.08943514997188","4.885","0.192","0.672","1,2,3,4,5,6,7,8,9,79,145,160,161,162,163,164,165,166,167,168",0.00118528951523084,FALSE,2,0,20,2,18,0.1,1
"EBIC",95,300,0.5,"TRUE","TRUE","FALSE","18.0927616572091","9.03821502134996","9.05454663585913","4.087","0.199","0.64","1,2,3,4,5,6,7,8,9,160,161,162,163,164,165,166,167,168",0.000354016575976833,TRUE,0,0,18,0,18,0,1
"EBIC",96,300,0.5,"TRUE","TRUE","FALSE","18.2673950946208","9.1910349727668","9.07636012185403","6.683","0.289","0.936","1,2,3,4,5,6,7,8,9,160,161,162,163,164,165,166,167,168,258",0.000611607234189692,FALSE,1,0,19,1,18,0.0526315789473684,1
"EBIC",97,300,0.5,"TRUE","TRUE","FALSE","18.1650424003441","9.06487094944644","9.10017145089761","4.514","0.161","0.909","1,2,3,4,5,6,7,8,9,160,161,162,163,164,165,166,167,168",0.000433751611340201,TRUE,0,0,18,0,18,0,1
"EBIC",98,300,0.5,"TRUE","TRUE","FALSE","17.4262189184712","8.24409193925034","9.18212697922083","6.129","0.221","0.67","1,2,3,4,5,6,7,8,9,160,161,162,163,164,165,166,167,168,265",0.000882899300805064,FALSE,1,0,19,1,18,0.0526315789473684,1
"EBIC",99,300,0.5,"TRUE","TRUE","FALSE","18.190774709946","9.02822332859858","9.16255138134744","5.063","0.164","0.668","1,2,3,4,5,6,7,8,9,160,161,162,163,164,165,166,167,168,271",0.000407053671264759,FALSE,1,0,19,1,18,0.0526315789473684,1
"kappa.o",1,300,0.5,"TRUE","TRUE","FALSE","17.3992705295085","8.6761301879379","8.72314034157063","6.375","0.233","0.797","1,2,3,4,5,6,7,8,9,160,161,162,163,164,165,166,167,168",0.000489119054076153,TRUE,0,0,18,0,18,0,1
"kappa.o",10,300,0.5,"TRUE","TRUE","FALSE","17.6692190097831","8.61680930115876","9.05240970862437","5.884","0.241","0.724","1,2,3,4,5,6,7,8,9,160,161,162,163,164,165,166,167,168",0.000245278524267066,TRUE,0,0,18,0,18,0,1
"kappa.o",100,300,0.5,"TRUE","TRUE","FALSE","17.4602220086689","9.06680051031999","8.3934214983489","4.984","0.173","0.619","1,2,3,4,5,6,7,8,9,161,162,163,164,165,166,167,168",0.00143911255978612,FALSE,0,1,17,0,17,0,0.944444444444444
"kappa.o",11,300,0.5,"TRUE","TRUE","FALSE","18.118771450866","9.0589017890942","9.05986966177175","5.174","0.329","0.889","1,2,3,4,5,6,7,8,9,160,161,162,163,164,165,166,167,168",0.000200519334921894,TRUE,0,0,18,0,18,0,1
"kappa.o",12,300,0.5,"TRUE","TRUE","FALSE","18.1482100042973","9.09189689445302","9.05631310984424","5.655","0.254","0.895","1,2,3,4,5,6,7,8,9,160,161,162,163,164,165,166,167,168",0.000435977932645542,TRUE,0,0,18,0,18,0,1
"kappa.o",13,300,0.5,"TRUE","TRUE","FALSE","18.1157826938769","9.0620220416972","9.05376065217971","4.568","0.214","0.758","1,2,3,4,5,6,7,8,9,160,161,162,163,164,165,166,167,168",0.000482463485324846,TRUE,0,0,18,0,18,0,1
"kappa.o",14,300,0.5,"TRUE","TRUE","FALSE","17.2632403425107","8.2111462129357","9.05209412957503","5.034","0.246","0.843","1,2,3,4,6,7,8,9,160,161,162,163,164,165,166,167,168",0.00134916918836876,FALSE,0,1,17,0,17,0,0.944444444444444
"kappa.o",15,300,0.5,"TRUE","TRUE","FALSE","18.1180709155008","9.06391997857396","9.05415093692685","4.621","0.231","0.725","1,2,3,4,5,6,7,8,9,160,161,162,163,164,165,166,167,168",0.000405553036405782,TRUE,0,0,18,0,18,0,1
"kappa.o",16,300,0.5,"TRUE","TRUE","FALSE","18.1106322183854","9.07403218173099","9.03660003665442","5.135","0.214","0.705","1,2,3,4,5,6,7,8,9,160,161,162,163,164,165,166,167,168",0.000294257869274287,TRUE,0,0,18,0,18,0,1
"kappa.o",17,300,0.5,"TRUE","TRUE","FALSE","18.1362238749014","9.06966428948108","9.0665595854203","4.484","0.236","0.681","1,2,3,4,5,6,7,8,9,160,161,162,163,164,165,166,167,168",0.000492581904980689,TRUE,0,0,18,0,18,0,1
"kappa.o",18,300,0.5,"TRUE","TRUE","FALSE","18.1403364270829","9.06187677372454","9.07845965335837","4.675","0.228","0.719","1,2,3,4,5,6,7,8,9,160,161,162,163,164,165,166,167,168",0.000536467132036482,TRUE,0,0,18,0,18,0,1
"kappa.o",19,300,0.5,"TRUE","TRUE","FALSE","17.1950705275132","8.74903605850978","8.44603446900344","7.203","0.236","0.863","1,2,3,4,5,6,7,8,9,161,162,163,164,165,166,167,168",0.00133080447145929,FALSE,0,1,17,0,17,0,0.944444444444444
"kappa.o",2,300,0.5,"TRUE","TRUE","FALSE","18.000419523057","9.0773341941176","8.92308532893942","5.412","0.232","0.727","1,2,3,4,5,6,7,8,9,160,161,162,163,164,165,166,167,168",0.000235987059290698,TRUE,0,0,18,0,18,0,1
"kappa.o",20,300,0.5,"TRUE","TRUE","FALSE","18.2214792180316","9.13209439983436","9.0893848181972","5.053","0.234","0.708","1,2,3,4,5,6,7,8,9,160,161,162,163,164,165,166,167,168",0.000250016539764539,TRUE,0,0,18,0,18,0,1
"kappa.o",21,300,0.5,"TRUE","TRUE","FALSE","18.1582006987347","8.92496471822253","9.2332359805122","6.375","0.24","0.842","1,2,3,4,5,6,7,8,9,160,161,162,163,164,165,166,167,168",0.000530432958119326,TRUE,0,0,18,0,18,0,1
"kappa.o",22,300,0.5,"TRUE","TRUE","FALSE","17.7646712092658","9.09505345110338","8.66961775816246","6.431","0.227","0.859","1,2,3,4,5,6,7,8,9,160,161,162,163,164,165,166,167,168",0.000426042553425777,TRUE,0,0,18,0,18,0,1
"kappa.o",23,300,0.5,"TRUE","TRUE","FALSE","18.08296193226","9.04620749023209","9.03675444202787","4.583","0.261","0.799","1,2,3,4,5,6,7,8,9,160,161,162,163,164,165,166,167,168",0.000376371487421303,TRUE,0,0,18,0,18,0,1
"kappa.o",24,300,0.5,"TRUE","TRUE","FALSE","17.7783264902013","8.878006115772","8.90032037442934","5.835","0.211","0.724","1,2,3,4,5,6,7,8,9,160,161,162,163,164,165,166,167,168",0.000483694713020469,TRUE,0,0,18,0,18,0,1
"kappa.o",25,300,0.5,"TRUE","TRUE","FALSE","17.2303731422184","8.33529795359609","8.89507518862227","5.957","0.232","0.768","1,3,4,5,6,7,8,9,160,161,162,163,164,165,166,167,168",0.00114952054769122,FALSE,0,1,17,0,17,0,0.944444444444444
"kappa.o",26,300,0.5,"TRUE","TRUE","FALSE","18.2399736876658","9.148858495003","9.09111519266283","5.283","0.223","0.9","1,2,3,4,5,6,7,8,9,160,161,162,163,164,165,166,167,168",0.000229561020533188,TRUE,0,0,18,0,18,0,1
"kappa.o",27,300,0.5,"TRUE","TRUE","FALSE","18.0706676984738","9.07872191631018","8.9919457821636","5.289","0.24","0.745","1,2,3,4,5,6,7,8,9,160,161,162,163,164,165,166,167,168",0.000409671209555035,TRUE,0,0,18,0,18,0,1
"kappa.o",28,300,0.5,"TRUE","TRUE","FALSE","18.1461419859245","9.08035224751848","9.06578973840606","4.873","0.23","0.893","1,2,3,4,5,6,7,8,9,160,161,162,163,164,165,166,167,168",0.000341358231697257,TRUE,0,0,18,0,18,0,1
"kappa.o",29,300,0.5,"TRUE","TRUE","FALSE","17.1982007595514","9.08220904625016","8.11599171330126","5.349","0.236","0.773","1,2,3,4,5,6,7,8,9,161,162,163,164,165,166,167,168",0.00115759191107237,FALSE,0,1,17,0,17,0,0.944444444444444
"kappa.o",3,300,0.5,"TRUE","TRUE","FALSE","18.1837344500529","9.05838080703804","9.12535364301485","5.285","0.289","0.82","1,2,3,4,5,6,7,8,9,160,161,162,163,164,165,166,167,168",0.000431487849773485,TRUE,0,0,18,0,18,0,1
"kappa.o",30,300,0.5,"TRUE","TRUE","FALSE","17.8274721038006","8.75135565731884","9.07611644648175","6.515","0.243","0.885","1,2,3,4,5,6,7,8,9,160,161,162,163,164,165,166,167,168",0.000820505342590512,TRUE,0,0,18,0,18,0,1
"kappa.o",31,300,0.5,"TRUE","TRUE","FALSE","17.6326601726799","9.36359972741571","8.26906044526422","6.471","0.218","0.697","1,2,3,4,5,6,7,8,9,161,162,163,164,165,166,167,168",0.001396218790164,FALSE,0,1,17,0,17,0,0.944444444444444
"kappa.o",32,300,0.5,"TRUE","TRUE","FALSE","18.1503077247149","9.05780158882251","9.09250613589242","5.381","0.278","0.991","1,2,3,4,5,6,7,8,9,160,161,162,163,164,165,166,167,168",0.000218162676357373,TRUE,0,0,18,0,18,0,1
"kappa.o",33,300,0.5,"TRUE","TRUE","FALSE","18.1496274466009","9.05897730187063","9.09065014473027","5.351","0.24","0.757","1,2,3,4,5,6,7,8,9,160,161,162,163,164,165,166,167,168",0.000289075865064838,TRUE,0,0,18,0,18,0,1
"kappa.o",34,300,0.5,"TRUE","TRUE","FALSE","18.0046221666469","9.0891030046319","8.91551916201505","5.976","0.228","0.804","1,2,3,4,5,6,7,8,9,160,161,162,163,164,165,166,167,168",0.00021427179660015,TRUE,0,0,18,0,18,0,1
"kappa.o",35,300,0.5,"TRUE","TRUE","FALSE","18.2377410960386","9.08299811499703","9.15474298104159","5.672","0.294","0.865","1,2,3,4,5,6,7,8,9,160,161,162,163,164,165,166,167,168",0.000280048194298795,TRUE,0,0,18,0,18,0,1
"kappa.o",36,300,0.5,"TRUE","TRUE","FALSE","18.5797626468354","9.48217404638508","9.09758860045029","6.493","0.219","1.024","1,2,3,4,5,6,7,8,9,160,161,162,163,164,165,166,167,168",0.000178695285949859,TRUE,0,0,18,0,18,0,1
"kappa.o",37,300,0.5,"TRUE","TRUE","FALSE","18.2926975415196","9.2290995387143","9.06359800280532","5.236","0.167","0.631","1,2,3,4,5,6,7,8,9,160,161,162,163,164,165,166,167,168",0.000440174493039042,TRUE,0,0,18,0,18,0,1
"kappa.o",38,300,0.5,"TRUE","TRUE","FALSE","18.6019818627064","9.08260498554648","9.51937687715996","4.611","0.168","0.612","1,2,3,4,5,6,7,8,9,160,161,162,163,164,165,166,167,168",0.000164752081833017,TRUE,0,0,18,0,18,0,1
"kappa.o",39,300,0.5,"TRUE","TRUE","FALSE","17.8673006378341","9.15574849803667","8.7115521397974","4.313","0.169","0.548","1,2,3,4,5,6,7,8,9,160,161,162,163,164,165,166,167,168",0.000328165858197032,TRUE,0,0,18,0,18,0,1
"kappa.o",4,300,0.5,"TRUE","TRUE","FALSE","18.0983103274693","9.01012904031579","9.08818128715347","5.516","0.224","0.747","1,2,3,4,5,6,7,8,9,160,161,162,163,164,165,166,167,168",0.000553920484730365,TRUE,0,0,18,0,18,0,1
"kappa.o",40,300,0.5,"TRUE","TRUE","FALSE","18.1101836842141","9.0657059554917","9.04447772872238","3.069","0.17","0.493","1,2,3,4,5,6,7,8,9,160,161,162,163,164,165,166,167,168",0.000397824178751901,TRUE,0,0,18,0,18,0,1
"kappa.o",41,300,0.5,"TRUE","TRUE","FALSE","18.328538815632","9.18001577402397","9.14852304160799","3.823","0.158","0.54","1,2,3,4,5,6,7,8,9,160,161,162,163,164,165,166,167,168",0.00052870473419917,TRUE,0,0,18,0,18,0,1
"kappa.o",42,300,0.5,"TRUE","TRUE","FALSE","17.9343663564805","8.80967151546787","9.12469484101262","3.859","0.148","0.544","1,2,3,4,5,6,7,8,9,160,161,162,163,164,165,166,167,168",0.000219595646393078,TRUE,0,0,18,0,18,0,1
"kappa.o",43,300,0.5,"TRUE","TRUE","FALSE","17.844414267938","9.04574832536582","8.79866594257214","3.838","0.18","0.585","1,2,3,4,5,6,7,8,9,160,161,162,163,164,165,166,167,168",0.0004731101888744,TRUE,0,0,18,0,18,0,1
"kappa.o",44,300,0.5,"TRUE","TRUE","FALSE","18.0899277592463","9.06161222678801","9.02831553245827","3.242","0.153","0.549","1,2,3,4,5,6,7,8,9,160,161,162,163,164,165,166,167,168",0.000287206795654434,TRUE,0,0,18,0,18,0,1
"kappa.o",45,300,0.5,"TRUE","TRUE","FALSE","18.2272178572626","9.12894227777533","9.09827557948724","3.964","0.172","0.622","1,2,3,4,5,6,7,8,9,160,161,162,163,164,165,166,167,168",0.000281949849714769,TRUE,0,0,18,0,18,0,1
"kappa.o",46,300,0.5,"TRUE","TRUE","FALSE","17.4957632848538","8.41761184573704","9.07815143911679","4.007","0.164","0.555","1,2,3,4,6,7,8,9,160,161,162,163,164,165,166,167,168",0.00127419027294413,FALSE,0,1,17,0,17,0,0.944444444444444
"kappa.o",47,300,0.5,"TRUE","TRUE","FALSE","18.122718676721","9.06384897600152","9.05886970071948","3.278","0.201","0.757","1,2,3,4,5,6,7,8,9,160,161,162,163,164,165,166,167,168",0.000166744420826888,TRUE,0,0,18,0,18,0,1
"kappa.o",48,300,0.5,"TRUE","TRUE","FALSE","18.0317724651528","9.00094763257194","9.03082483258087","4.874","0.195","0.681","1,2,3,4,5,6,7,8,9,160,161,162,163,164,165,166,167,168",0.000298913766687851,TRUE,0,0,18,0,18,0,1
"kappa.o",49,300,0.5,"TRUE","TRUE","FALSE","17.6621106160063","8.47707839718717","9.18503221881909","5.998","0.35","1.147","1,2,3,4,6,7,8,9,160,161,162,163,164,165,166,167,168",0.00150548979165825,FALSE,0,1,17,0,17,0,0.944444444444444
"kappa.o",5,300,0.5,"TRUE","TRUE","FALSE","18.5123859638101","9.04595222623094","9.46643373757919","6.383","0.215","1.119","1,2,3,4,5,6,7,8,9,160,161,162,163,164,165,166,167,168",0.000315164750503397,TRUE,0,0,18,0,18,0,1
"kappa.o",50,300,0.5,"TRUE","TRUE","FALSE","18.3967648127177","9.08613392543581","9.31063088728194","4.97","0.168","0.514","1,2,3,4,5,6,7,8,9,160,161,162,163,164,165,166,167,168",0.000417971437670096,TRUE,0,0,18,0,18,0,1
"kappa.o",51,300,0.5,"TRUE","TRUE","FALSE","18.1618375077504","9.08974598328404","9.07209152446638","3.548","0.17","0.62","1,2,3,4,5,6,7,8,9,160,161,162,163,164,165,166,167,168",0.000227183396416007,TRUE,0,0,18,0,18,0,1
"kappa.o",52,300,0.5,"TRUE","TRUE","FALSE","18.0957867258778","9.02422400994882","9.07156271592898","3.73","0.188","0.577","1,2,3,4,5,6,7,8,9,160,161,162,163,164,165,166,167,168",0.000370701055806604,TRUE,0,0,18,0,18,0,1
"kappa.o",53,300,0.5,"TRUE","TRUE","FALSE","17.601942507476","8.52895522316121","9.0729872843148","4.354","0.161","0.535","1,2,3,4,6,7,8,9,160,161,162,163,164,165,166,167,168",0.00120661436731937,FALSE,0,1,17,0,17,0,0.944444444444444
"kappa.o",54,300,0.5,"TRUE","TRUE","FALSE","18.1624757656621","9.10278314104572","9.05969262461637","3.96","0.17","0.572","1,2,3,4,5,6,7,8,9,160,161,162,163,164,165,166,167,168",0.000148593297843186,TRUE,0,0,18,0,18,0,1
"kappa.o",55,300,0.5,"TRUE","TRUE","FALSE","18.1795118123678","9.09141783009339","9.08809398227439","4.634","0.19","0.94","1,2,3,4,5,6,7,8,9,160,161,162,163,164,165,166,167,168",0.000401491552815973,TRUE,0,0,18,0,18,0,1
"kappa.o",56,300,0.5,"TRUE","TRUE","FALSE","17.4189438561905","9.07995421401385","8.3389896421766","5.842","0.257","0.718","1,2,3,4,5,6,7,8,9,161,162,163,164,165,166,167,168",0.00119356089566649,FALSE,0,1,17,0,17,0,0.944444444444444
"kappa.o",57,300,0.5,"TRUE","TRUE","FALSE","18.1582996473444","9.08265916702452","9.07564048031989","5.276","0.221","0.603","1,2,3,4,5,6,7,8,9,160,161,162,163,164,165,166,167,168",0.000383701907624826,TRUE,0,0,18,0,18,0,1
"kappa.o",58,300,0.5,"TRUE","TRUE","FALSE","18.1739412088361","9.11670875691403","9.05723245192211","5.566","0.152","0.468","1,2,3,4,5,6,7,8,9,160,161,162,163,164,165,166,167,168",0.000327320740632644,TRUE,0,0,18,0,18,0,1
"kappa.o",59,300,0.5,"TRUE","TRUE","FALSE","17.5127090054627","8.44129999086013","9.07140901460262","4.414","0.203","0.748","2,3,4,5,6,7,8,9,160,161,162,163,164,165,166,167,168",0.00129480287866792,FALSE,0,1,17,0,17,0,0.944444444444444
"kappa.o",6,300,0.5,"TRUE","TRUE","FALSE","18.1310999188914","9.04348072237559","9.08761919651585","4.675","0.351","0.944","1,2,3,4,5,6,7,8,9,160,161,162,163,164,165,166,167,168",0.000274028869420663,TRUE,0,0,18,0,18,0,1
"kappa.o",60,300,0.5,"TRUE","TRUE","FALSE","18.1005096426109","9.05980563870524","9.04070400390571","4.748","0.242","0.784","1,2,3,4,5,6,7,8,9,160,161,162,163,164,165,166,167,168",0.000335018942043346,TRUE,0,0,18,0,18,0,1
"kappa.o",61,300,0.5,"TRUE","TRUE","FALSE","18.0940477816428","9.13577196176134","8.95827581988145","5.856","0.171","0.663","1,2,3,4,5,6,7,8,9,160,161,162,163,164,165,166,167,168",0.000477328404308006,TRUE,0,0,18,0,18,0,1
"kappa.o",62,300,0.5,"TRUE","TRUE","FALSE","17.125330102828","9.04270361697048","8.0826264858575","3.929","0.168","0.59","1,2,3,4,5,6,7,8,9,161,162,163,164,165,166,167,168",0.00130303198206208,FALSE,0,1,17,0,17,0,0.944444444444444
"kappa.o",63,300,0.5,"TRUE","TRUE","FALSE","18.1392920104479","9.058161344976","9.08113066547185","3.508","0.17","0.55","1,2,3,4,5,6,7,8,9,160,161,162,163,164,165,166,167,168",0.000392951963407564,TRUE,0,0,18,0,18,0,1
"kappa.o",64,300,0.5,"TRUE","TRUE","FALSE","18.1541540798889","9.0908691005761","9.06328497931281","3.437","0.204","0.632","1,2,3,4,5,6,7,8,9,160,161,162,163,164,165,166,167,168",0.000300954219922805,TRUE,0,0,18,0,18,0,1
"kappa.o",65,300,0.5,"TRUE","TRUE","FALSE","17.1584699931707","9.06104310698571","8.09742688618494","4.631","0.169","0.638","1,2,3,4,5,6,7,8,9,161,162,163,164,165,166,167,168",0.0013091201005333,FALSE,0,1,17,0,17,0,0.944444444444444
"kappa.o",66,300,0.5,"TRUE","TRUE","FALSE","18.0811423776578","8.5211074446093","9.56003493304849","5.825","0.245","0.7","1,2,3,4,6,7,8,9,160,161,162,163,164,165,166,167,168,306",0.00142138187638143,FALSE,1,1,18,1,17,0.0555555555555556,0.944444444444444
"kappa.o",67,300,0.5,"TRUE","TRUE","FALSE","18.2664757582211","9.12988653961741","9.13658921860365","6.199","0.254","0.788","1,2,3,4,5,6,7,8,9,160,161,162,163,164,165,166,167,168",0.000284656445697503,TRUE,0,0,18,0,18,0,1
"kappa.o",68,300,0.5,"TRUE","TRUE","FALSE","18.1140613343613","9.03371227856742","9.08034905579384","4.341","0.178","0.668","1,2,3,4,5,6,7,8,9,160,161,162,163,164,165,166,167,168",0.000474568185507849,TRUE,0,0,18,0,18,0,1
"kappa.o",69,300,0.5,"TRUE","TRUE","FALSE","17.8219462470147","9.08121717092152","8.74072907609316","5.167","0.243","0.741","1,2,3,4,5,6,7,8,9,160,161,162,163,164,165,166,167,168",0.000425720136678621,TRUE,0,0,18,0,18,0,1
"kappa.o",7,300,0.5,"TRUE","TRUE","FALSE","18.4282176338403","9.14898433709103","9.27923329674931","6.276","0.22","0.896","1,2,3,4,5,6,7,8,9,160,161,162,163,164,165,166,167,168",0.000336669237593705,TRUE,0,0,18,0,18,0,1
"kappa.o",70,300,0.5,"TRUE","TRUE","FALSE","18.1142468407362","9.05302806972201","9.0612187710142","5.352","0.258","0.659","1,2,3,4,5,6,7,8,9,160,161,162,163,164,165,166,167,168",0.000307598083139314,TRUE,0,0,18,0,18,0,1
"kappa.o",71,300,0.5,"TRUE","TRUE","FALSE","18.1381313513231","9.20990234745426","8.92822900386887","5.972","0.191","0.731","1,2,3,4,5,6,7,8,9,160,161,162,163,164,165,166,167,168",0.000428895798840939,TRUE,0,0,18,0,18,0,1
"kappa.o",72,300,0.5,"TRUE","TRUE","FALSE","17.6015854434953","8.85993184852375","8.74165359497151","5.969","0.307","0.627","1,2,3,4,5,6,7,8,9,160,161,162,163,164,165,166,167,168",0.000583482853230154,TRUE,0,0,18,0,18,0,1
"kappa.o",73,300,0.5,"TRUE","TRUE","FALSE","18.1687111033431","9.08404661806152","9.08466448528162","4.003","0.242","0.679","1,2,3,4,5,6,7,8,9,160,161,162,163,164,165,166,167,168",0.000563562989029457,TRUE,0,0,18,0,18,0,1
"kappa.o",74,300,0.5,"TRUE","TRUE","FALSE","18.1428729570703","9.06285043418633","9.08002252288392","4.614","0.149","0.505","1,2,3,4,5,6,7,8,9,160,161,162,163,164,165,166,167,168",0.00056212216340629,TRUE,0,0,18,0,18,0,1
"kappa.o",75,300,0.5,"TRUE","TRUE","FALSE","18.1383131226344","9.06060541099142","9.07770771164301","3.545","0.21","0.595","1,2,3,4,5,6,7,8,9,160,161,162,163,164,165,166,167,168",0.000350535736017101,TRUE,0,0,18,0,18,0,1
"kappa.o",76,300,0.5,"TRUE","TRUE","FALSE","18.233062349434","9.13340815987695","9.09965418955701","4.523","0.24","0.722","1,2,3,4,5,6,7,8,9,160,161,162,163,164,165,166,167,168",0.000287913847673756,TRUE,0,0,18,0,18,0,1
"kappa.o",77,300,0.5,"TRUE","TRUE","FALSE","18.1154030296487","9.04986037487563","9.06554265477305","4.656","0.212","0.673","1,2,3,4,5,6,7,8,9,160,161,162,163,164,165,166,167,168",0.000259992408091481,TRUE,0,0,18,0,18,0,1
"kappa.o",78,300,0.5,"TRUE","TRUE","FALSE","18.1221150636413","9.07894835552792","9.04316670811343","4.016","0.223","0.91","1,2,3,4,5,6,7,8,9,160,161,162,163,164,165,166,167,168",0.000290004351283095,TRUE,0,0,18,0,18,0,1
"kappa.o",79,300,0.5,"TRUE","TRUE","FALSE","18.1376608044592","9.06983141378974","9.06782939066945","4.409","0.174","1.109","1,2,3,4,5,6,7,8,9,160,161,162,163,164,165,166,167,168",0.000349407837340832,TRUE,0,0,18,0,18,0,1
"kappa.o",8,300,0.5,"TRUE","TRUE","FALSE","18.1235735969362","9.06071926823433","9.06285432870182","5.02","0.238","0.915","1,2,3,4,5,6,7,8,9,160,161,162,163,164,165,166,167,168",0.000425093114926264,TRUE,0,0,18,0,18,0,1
"kappa.o",80,300,0.5,"TRUE","TRUE","FALSE","17.6779377631834","8.49587976743201","9.18205799575135","5.312","0.269","0.764","1,2,3,4,6,7,8,9,160,161,162,163,164,165,166,167,168",0.00136841291149845,FALSE,0,1,17,0,17,0,0.944444444444444
"kappa.o",81,300,0.5,"TRUE","TRUE","FALSE","17.4474578498024","8.73212199157449","8.71533585822794","6.544","0.249","0.748","1,2,3,4,5,6,7,8,9,161,162,163,164,165,166,167,168",0.00115854952096623,FALSE,0,1,17,0,17,0,0.944444444444444
"kappa.o",82,300,0.5,"TRUE","TRUE","FALSE","18.2018124927542","9.09601594559701","9.10579654715719","3.959","0.179","0.733","1,2,3,4,5,6,7,8,9,160,161,162,163,164,165,166,167,168",0.000354402996192977,TRUE,0,0,18,0,18,0,1
"kappa.o",83,300,0.5,"TRUE","TRUE","FALSE","18.2214360382184","9.15608815226943","9.06534788594894","4.621","0.198","0.829","1,2,3,4,5,6,7,8,9,160,161,162,163,164,165,166,167,168",0.000377175657730406,TRUE,0,0,18,0,18,0,1
"kappa.o",84,300,0.5,"TRUE","TRUE","FALSE","18.0758684172759","9.00303518883364","9.07283322844225","5.101","0.241","0.851","1,2,3,4,5,6,7,8,9,160,161,162,163,164,165,166,167,168",0.000176837014555594,TRUE,0,0,18,0,18,0,1
"kappa.o",85,300,0.5,"TRUE","TRUE","FALSE","17.7321691487954","8.67102376961619","9.06114537917923","7.352","0.254","0.841","1,2,3,4,5,6,7,8,9,160,161,162,163,164,165,166,167,168",0.000351905109212016,TRUE,0,0,18,0,18,0,1
"kappa.o",86,300,0.5,"TRUE","TRUE","FALSE","18.118925620395","9.05898120189009","9.05994441850489","4.023","0.247","0.643","1,2,3,4,5,6,7,8,9,160,161,162,163,164,165,166,167,168",0.000250006312370918,TRUE,0,0,18,0,18,0,1
"kappa.o",87,300,0.5,"TRUE","TRUE","FALSE","18.175099279591","9.09727859431014","9.07782068528091","3.943","0.147","0.486","1,2,3,4,5,6,7,8,9,160,161,162,163,164,165,166,167,168",0.000339751773021679,TRUE,0,0,18,0,18,0,1
"kappa.o",88,300,0.5,"TRUE","TRUE","FALSE","18.1257039531834","9.05718618856323","9.06851776462019","4.442","0.198","0.792","1,2,3,4,5,6,7,8,9,160,161,162,163,164,165,166,167,168",0.000346067091880828,TRUE,0,0,18,0,18,0,1
"kappa.o",89,300,0.5,"TRUE","TRUE","FALSE","18.1425193867824","9.06861165996588","9.07390772681648","5.476","0.21","0.69","1,2,3,4,5,6,7,8,9,160,161,162,163,164,165,166,167,168",0.000497693109506054,TRUE,0,0,18,0,18,0,1
"kappa.o",9,300,0.5,"TRUE","TRUE","FALSE","17.9489980839188","8.86626275895918","9.08273532495963","6.005","0.236","0.835","1,2,3,4,5,6,7,8,9,160,161,162,163,164,165,166,167,168",0.000619303221147807,TRUE,0,0,18,0,18,0,1
"kappa.o",90,300,0.5,"TRUE","TRUE","FALSE","17.2733005955025","9.03902940130062","8.23427119420184","4.523","0.212","0.697","1,2,3,4,5,6,7,8,9,161,162,163,164,165,166,167,168",0.0011856510001304,FALSE,0,1,17,0,17,0,0.944444444444444
"kappa.o",91,300,0.5,"TRUE","TRUE","FALSE","18.1323837040068","9.05938229972762","9.07300140427915","4.043","0.185","0.567","1,2,3,4,5,6,7,8,9,160,161,162,163,164,165,166,167,168",0.000315384026778316,TRUE,0,0,18,0,18,0,1
"kappa.o",92,300,0.5,"TRUE","TRUE","FALSE","17.9699776930742","8.91782316186733","9.05215453120684","4.845","0.179","0.661","1,2,3,4,5,6,7,8,9,160,161,162,163,164,165,166,167,168",0.000429750596894936,TRUE,0,0,18,0,18,0,1
"kappa.o",93,300,0.5,"TRUE","TRUE","FALSE","18.0508534224993","9.21576054404053","8.83509287845875","6.2","0.217","0.818","1,2,3,4,5,6,7,8,9,160,161,162,163,164,165,166,167,168",0.000340168534455067,TRUE,0,0,18,0,18,0,1
"kappa.o",94,300,0.5,"TRUE","TRUE","FALSE","17.8660511955517","8.77661604557978","9.08943514997188","4.885","0.192","0.672","1,2,3,4,5,6,7,8,9,160,161,162,163,164,165,166,167,168",0.00057302198403525,TRUE,0,0,18,0,18,0,1
"kappa.o",95,300,0.5,"TRUE","TRUE","FALSE","18.0927616572091","9.03821502134996","9.05454663585913","4.087","0.199","0.64","1,2,3,4,5,6,7,8,9,160,161,162,163,164,165,166,167,168",0.000354016575976833,TRUE,0,0,18,0,18,0,1
"kappa.o",96,300,0.5,"TRUE","TRUE","FALSE","18.2673950946208","9.1910349727668","9.07636012185403","6.683","0.289","0.936","1,2,3,4,5,6,7,8,9,161,162,163,164,165,166,167,168,258",0.0014744164523864,FALSE,1,1,18,1,17,0.0555555555555556,0.944444444444444
"kappa.o",97,300,0.5,"TRUE","TRUE","FALSE","18.1650424003441","9.06487094944644","9.10017145089761","4.514","0.161","0.909","1,2,3,4,5,6,7,8,9,160,161,162,163,164,165,166,167,168",0.000433751611340201,TRUE,0,0,18,0,18,0,1
"kappa.o",98,300,0.5,"TRUE","TRUE","FALSE","17.4262189184712","8.24409193925034","9.18212697922083","6.129","0.221","0.67","1,2,3,4,6,7,8,9,160,161,162,163,164,165,166,167,168",0.0015432994761629,FALSE,0,1,17,0,17,0,0.944444444444444
"kappa.o",99,300,0.5,"TRUE","TRUE","FALSE","18.190774709946","9.02822332859858","9.16255138134744","5.063","0.164","0.668","1,2,3,4,5,6,7,8,9,160,161,162,163,164,165,166,167,168",0.000179310212288355,TRUE,0,0,18,0,18,0,1
"lasso.cv",1,300,0.5,"TRUE","TRUE","FALSE","17.3992705295085","8.6761301879379","8.72314034157063","6.375","0.233","0.797","1,2,3,4,5,6,7,8,9,14,23,28,42,43,48,59,67,68,82,85,95,103,107,109,110,111,120,130,135,156,160,161,162,163,164,165,166,167,168,170,171,176,178,186,204,209,220,224,226,235,246,247,251,258,260,262,265,272,292,295,297,306,315",0.00190299637384065,FALSE,45,0,63,45,18,0.714285714285714,1
"lasso.cv",10,300,0.5,"TRUE","TRUE","FALSE","17.6692190097831","8.61680930115876","9.05240970862437","5.884","0.241","0.724","1,2,3,4,5,6,7,8,9,11,15,19,24,36,40,54,57,67,72,93,112,134,149,160,161,162,163,164,165,166,167,168,171,177,185,187,188,190,192,195,196,198,205,209,210,216,222,224,226,234,235,243,252,259,262,265,271,274,276,287,288",0.00120787308209879,FALSE,43,0,61,43,18,0.704918032786885,1
"lasso.cv",100,300,0.5,"TRUE","TRUE","FALSE","17.4602220086689","9.06680051031999","8.3934214983489","4.984","0.173","0.619","1,2,3,4,5,6,7,8,9,18,25,30,34,36,37,40,42,45,50,63,72,75,77,90,93,94,118,128,130,134,135,136,142,145,153,157,159,160,161,162,163,164,165,166,167,168,185,190,191,196,209,225,238,239,242,254,279,302,306,311,315",0.00171607884010743,FALSE,43,0,61,43,18,0.704918032786885,1
"lasso.cv",11,300,0.5,"TRUE","TRUE","FALSE","18.118771450866","9.0589017890942","9.05986966177175","5.174","0.329","0.889","1,2,3,4,5,6,7,8,9,11,19,21,22,23,28,31,32,34,36,50,54,61,83,88,102,107,120,123,132,140,154,160,161,162,163,164,165,166,167,168,169,179,184,185,186,187,189,191,196,198,209,226,227,230,238,251,254,274,282,293,313",0.00164122880716592,FALSE,43,0,61,43,18,0.704918032786885,1
"lasso.cv",12,300,0.5,"TRUE","TRUE","FALSE","18.1482100042973","9.09189689445302","9.05631310984424","5.655","0.254","0.895","1,2,3,4,5,6,7,8,9,20,24,28,51,86,92,95,96,98,103,110,132,134,142,160,161,162,163,164,165,166,167,168,178,183,186,191,195,196,201,208,209,211,218,220,227,250,251,256,257,265,268,274,292,293,294,295",0.00164942408636672,FALSE,38,0,56,38,18,0.678571428571429,1
"lasso.cv",13,300,0.5,"TRUE","TRUE","FALSE","18.1157826938769","9.0620220416972","9.05376065217971","4.568","0.214","0.758","1,2,3,4,5,6,7,8,9,13,26,27,31,37,43,44,62,63,66,84,103,108,109,111,117,123,131,135,136,140,150,156,160,161,162,163,164,165,166,167,168,188,198,201,215,235,240,248,250,257,285,290,297,304",0.00118955233107458,FALSE,36,0,54,36,18,0.666666666666667,1
"lasso.cv",14,300,0.5,"TRUE","TRUE","FALSE","17.2632403425107","8.2111462129357","9.05209412957503","5.034","0.246","0.843","1,2,3,4,5,6,7,8,9,20,25,26,27,28,33,42,47,49,54,69,75,84,88,92,93,104,110,111,112,118,134,139,140,151,153,160,161,162,163,164,165,166,167,168,178,179,204,208,230,232,239,243,252,272,274,296,298,302",0.00157346427329324,FALSE,40,0,58,40,18,0.689655172413793,1
"lasso.cv",15,300,0.5,"TRUE","TRUE","FALSE","18.1180709155008","9.06391997857396","9.05415093692685","4.621","0.231","0.725","1,2,3,4,5,6,7,8,9,13,14,15,26,37,40,57,70,72,74,81,83,97,104,105,106,112,118,121,132,149,154,160,161,162,163,164,165,166,167,168,178,185,209,215,236,242,248,252,259,263,265,290,296,314",0.00121624086537362,FALSE,36,0,54,36,18,0.666666666666667,1
"lasso.cv",16,300,0.5,"TRUE","TRUE","FALSE","18.1106322183854","9.07403218173099","9.03660003665442","5.135","0.214","0.705","1,2,3,4,5,6,7,8,9,21,24,31,42,45,54,55,71,82,97,104,106,109,112,113,116,119,120,122,123,125,131,155,160,161,162,163,164,165,166,167,168,178,198,212,222,228,233,234,242,258,286,294,296,308",0.00109411634886994,FALSE,36,0,54,36,18,0.666666666666667,1
"lasso.cv",17,300,0.5,"TRUE","TRUE","FALSE","18.1362238749014","9.06966428948108","9.0665595854203","4.484","0.236","0.681","1,2,3,4,5,6,7,8,9,14,23,25,26,28,37,54,59,67,73,74,77,78,88,101,103,111,112,118,127,140,144,159,160,161,162,163,164,165,166,167,168,176,187,188,195,199,200,201,209,210,215,224,245,246,249,252,255,279,288,291,315",0.0017641018362419,FALSE,43,0,61,43,18,0.704918032786885,1
"lasso.cv",18,300,0.5,"TRUE","TRUE","FALSE","18.1403364270829","9.06187677372454","9.07845965335837","4.675","0.228","0.719","1,2,3,4,5,6,7,8,9,24,68,75,93,95,97,98,101,112,116,120,129,131,160,161,162,163,164,165,166,167,168,177,178,181,186,205,216,220,222,230,239,250,257,263,273,280,284,293,295,301,307,312,313,318",0.00174937658847689,FALSE,36,0,54,36,18,0.666666666666667,1
"lasso.cv",19,300,0.5,"TRUE","TRUE","FALSE","17.1950705275132","8.74903605850978","8.44603446900344","7.203","0.236","0.863","1,2,3,4,5,6,7,8,9,14,18,21,23,27,34,38,42,67,75,76,77,79,86,88,89,91,92,102,127,140,143,146,148,150,160,161,162,163,164,165,166,167,168,177,178,187,189,191,198,199,200,209,218,227,252,254,255,262,268,272,275,286,290",0.00145978606512986,FALSE,45,0,63,45,18,0.714285714285714,1
"lasso.cv",2,300,0.5,"TRUE","TRUE","FALSE","18.000419523057","9.0773341941176","8.92308532893942","5.412","0.232","0.727","1,2,3,4,5,6,7,8,9,13,23,28,30,35,36,48,50,57,60,67,75,79,82,90,98,111,128,132,158,160,161,162,163,164,165,166,167,168,190,199,209,211,231,241,242,257,288,290,291,299,300,301,307,313",0.00131794486725439,FALSE,36,0,54,36,18,0.666666666666667,1
"lasso.cv",20,300,0.5,"TRUE","TRUE","FALSE","18.2214792180316","9.13209439983436","9.0893848181972","5.053","0.234","0.708","1,2,3,4,5,6,7,8,9,21,23,37,41,42,46,49,52,74,78,82,85,97,101,102,104,107,112,115,118,139,148,149,160,161,162,163,164,165,166,167,168,178,180,181,187,198,200,217,220,224,229,230,233,234,249,250,251,252,257,284,285,287,293,299,315",0.00183899267279263,FALSE,47,0,65,47,18,0.723076923076923,1
"lasso.cv",21,300,0.5,"TRUE","TRUE","FALSE","18.1582006987347","8.92496471822253","9.2332359805122","6.375","0.24","0.842","1,2,3,4,5,6,7,8,9,18,20,42,44,47,51,66,82,101,103,125,140,144,151,152,159,160,161,162,163,164,165,166,167,168,170,171,178,188,192,198,201,206,229,239,240,244,248,250,268,271,279,293,304,312",0.00133067972360948,FALSE,36,0,54,36,18,0.666666666666667,1
"lasso.cv",22,300,0.5,"TRUE","TRUE","FALSE","17.7646712092658","9.09505345110338","8.66961775816246","6.431","0.227","0.859","1,2,3,4,5,6,7,8,9,14,18,43,46,51,71,92,94,96,99,103,111,112,114,126,132,139,144,147,154,160,161,162,163,164,165,166,167,168,170,173,178,181,182,189,190,195,200,201,205,210,227,228,231,252,255,262,269,274,276,287,299,302,312,313",0.00145906761376168,FALSE,46,0,64,46,18,0.71875,1
"lasso.cv",23,300,0.5,"TRUE","TRUE","FALSE","18.08296193226","9.04620749023209","9.03675444202787","4.583","0.261","0.799","1,2,3,4,5,6,7,8,9,20,21,22,31,42,55,60,71,86,87,88,92,96,102,109,110,126,127,129,132,140,160,161,162,163,164,165,166,167,168,180,185,186,200,211,225,229,235,241,243,244,245,247,249,255,271,275,276,286,287,289,299,307,308",0.00103122999542803,FALSE,45,0,63,45,18,0.714285714285714,1
"lasso.cv",24,300,0.5,"TRUE","TRUE","FALSE","17.7783264902013","8.878006115772","8.90032037442934","5.835","0.211","0.724","1,2,3,4,5,6,7,8,9,21,22,28,38,41,43,45,54,65,66,74,102,107,114,129,132,135,137,140,160,161,162,163,164,165,166,167,168,178,180,189,208,210,229,233,245,252,278,288,292,295,307,309,312,318",0.00167793422055189,FALSE,36,0,54,36,18,0.666666666666667,1
"lasso.cv",25,300,0.5,"TRUE","TRUE","FALSE","17.2303731422184","8.33529795359609","8.89507518862227","5.957","0.232","0.768","1,2,3,4,5,6,7,8,9,14,21,24,29,41,55,65,71,73,74,80,82,85,86,87,90,96,120,122,155,160,161,162,163,164,165,166,167,168,173,179,187,191,192,201,208,210,211,216,218,234,239,250,255,260,262,267,268,269,276,284,292,295,298,301",0.00159708545676613,FALSE,46,0,64,46,18,0.71875,1
"lasso.cv",26,300,0.5,"TRUE","TRUE","FALSE","18.2399736876658","9.148858495003","9.09111519266283","5.283","0.223","0.9","1,2,3,4,5,6,7,8,9,46,49,54,56,66,76,77,92,93,101,105,107,111,112,113,121,122,123,130,152,160,161,162,163,164,165,166,167,168,170,180,190,209,220,227,251,268,280,285,292,299,308,314,318",0.00172027329810219,FALSE,35,0,53,35,18,0.660377358490566,1
"lasso.cv",27,300,0.5,"TRUE","TRUE","FALSE","18.0706676984738","9.07872191631018","8.9919457821636","5.289","0.24","0.745","1,2,3,4,5,6,7,8,9,15,17,18,21,23,33,42,45,47,58,62,68,75,76,77,87,99,109,119,123,129,130,131,132,159,160,161,162,163,164,165,166,167,168,174,176,209,210,230,232,237,243,246,260,283,284,292,293,295,296,307",0.00170012667036737,FALSE,42,0,60,42,18,0.7,1
"lasso.cv",28,300,0.5,"TRUE","TRUE","FALSE","18.1461419859245","9.08035224751848","9.06578973840606","4.873","0.23","0.893","1,2,3,4,5,6,7,8,9,15,16,19,23,44,46,49,71,73,75,77,78,95,97,107,110,111,112,113,121,123,136,140,144,147,150,160,161,162,163,164,165,166,167,168,171,187,191,210,217,233,234,246,249,262,264,315",0.00107532494208146,FALSE,38,0,56,38,18,0.678571428571429,1
"lasso.cv",29,300,0.5,"TRUE","TRUE","FALSE","17.1982007595514","9.08220904625016","8.11599171330126","5.349","0.236","0.773","1,2,3,4,5,6,7,8,9,18,23,31,35,43,50,63,65,66,71,72,75,77,79,84,87,90,105,106,107,108,111,115,119,120,130,135,144,149,151,159,160,161,162,163,164,165,166,167,168,174,185,196,204,221,224,227,245,249,265,266,267,271,276,282,290,296,297,304,308,312,313",0.00173250664927081,FALSE,53,0,71,53,18,0.746478873239437,1
"lasso.cv",3,300,0.5,"TRUE","TRUE","FALSE","18.1837344500529","9.05838080703804","9.12535364301485","5.285","0.289","0.82","1,2,3,4,5,6,7,8,9,16,21,23,55,67,68,77,84,85,90,93,95,101,107,110,122,123,136,140,145,157,160,161,162,163,164,165,166,167,168,173,190,192,202,203,207,211,227,255,259,262,265,285,289,292,294,295,303,307,311,314",0.00138429762950853,FALSE,42,0,60,42,18,0.7,1
"lasso.cv",30,300,0.5,"TRUE","TRUE","FALSE","17.8274721038006","8.75135565731884","9.07611644648175","6.515","0.243","0.885","1,2,3,4,5,6,7,8,9,11,13,34,35,36,40,59,81,90,96,99,106,138,140,141,147,151,157,160,161,162,163,164,165,166,167,168,174,175,176,178,185,186,190,195,201,202,206,210,228,230,251,262,272,273,280,282,284,308,315,317",0.00223490580903751,FALSE,42,0,60,42,18,0.7,1
"lasso.cv",31,300,0.5,"TRUE","TRUE","FALSE","17.6326601726799","9.36359972741571","8.26906044526422","6.471","0.218","0.697","1,2,3,4,5,6,7,8,9,16,21,28,30,40,48,50,71,82,87,99,101,103,108,112,116,118,123,126,151,160,161,162,163,164,165,166,167,168,176,179,184,191,192,195,203,215,236,269,272,282,289,311",0.0013422601504993,FALSE,34,0,52,34,18,0.653846153846154,1
"lasso.cv",32,300,0.5,"TRUE","TRUE","FALSE","18.1503077247149","9.05780158882251","9.09250613589242","5.381","0.278","0.991","1,2,3,4,5,6,7,8,9,13,23,26,36,40,41,44,58,72,89,97,101,103,106,110,112,121,125,131,137,140,148,154,155,158,160,161,162,163,164,165,166,167,168,169,170,172,178,179,187,194,196,198,202,210,212,213,214,226,227,229,243,255,256,262,264,268,279,281,286,306,311",0.00155737642574157,FALSE,53,0,71,53,18,0.746478873239437,1
"lasso.cv",33,300,0.5,"TRUE","TRUE","FALSE","18.1496274466009","9.05897730187063","9.09065014473027","5.351","0.24","0.757","1,2,3,4,5,6,7,8,9,15,28,30,35,46,55,86,89,92,95,98,115,128,132,134,136,152,155,156,158,160,161,162,163,164,165,166,167,168,171,185,192,201,204,209,214,217,219,226,230,241,242,249,259,261,269,271,286,291,307",0.00164577777480461,FALSE,41,0,59,41,18,0.694915254237288,1
"lasso.cv",34,300,0.5,"TRUE","TRUE","FALSE","18.0046221666469","9.0891030046319","8.91551916201505","5.976","0.228","0.804","1,2,3,4,5,6,7,8,9,10,17,25,27,29,31,42,70,71,88,90,92,99,104,105,106,112,116,141,145,146,157,160,161,162,163,164,165,166,167,168,178,180,185,187,190,191,194,210,215,234,240,246,253,259,261,272,278,314,315",0.00132032400204097,FALSE,41,0,59,41,18,0.694915254237288,1
"lasso.cv",35,300,0.5,"TRUE","TRUE","FALSE","18.2377410960386","9.08299811499703","9.15474298104159","5.672","0.294","0.865","1,2,3,4,5,6,7,8,9,15,19,20,22,26,39,42,50,73,75,82,94,102,103,104,114,120,135,145,160,161,162,163,164,165,166,167,168,172,173,177,180,185,186,189,195,201,207,210,223,233,235,236,241,249,251,260,273,279,280,287,291,298,300,302",0.00165437474941814,FALSE,46,0,64,46,18,0.71875,1
"lasso.cv",36,300,0.5,"TRUE","TRUE","FALSE","18.5797626468354","9.48217404638508","9.09758860045029","6.493","0.219","1.024","1,2,3,4,5,6,7,8,9,13,27,34,36,55,67,68,73,80,84,90,93,103,114,116,123,131,134,137,152,153,156,160,161,162,163,164,165,166,167,168,176,178,180,183,187,190,192,198,206,209,245,269,273,281,288,290,297",0.00120095494602867,FALSE,39,0,57,39,18,0.684210526315789,1
"lasso.cv",37,300,0.5,"TRUE","TRUE","FALSE","18.2926975415196","9.2290995387143","9.06359800280532","5.236","0.167","0.631","1,2,3,4,5,6,7,8,9,14,21,26,34,37,43,45,47,59,63,74,76,87,93,96,99,109,110,111,120,122,132,134,135,136,140,144,155,160,161,162,163,164,165,166,167,168,172,178,186,188,195,198,202,211,215,217,222,230,232,252,286,289,303,312",0.00220399367315937,FALSE,46,0,64,46,18,0.71875,1
"lasso.cv",38,300,0.5,"TRUE","TRUE","FALSE","18.6019818627064","9.08260498554648","9.51937687715996","4.611","0.168","0.612","1,2,3,4,5,6,7,8,9,18,31,32,50,55,61,69,70,77,84,88,89,98,103,111,121,133,146,151,155,160,161,162,163,164,165,166,167,168,173,178,179,185,187,210,217,222,223,224,229,236,252,272,280,286,291,298,303,313",0.00105317004952227,FALSE,40,0,58,40,18,0.689655172413793,1
"lasso.cv",39,300,0.5,"TRUE","TRUE","FALSE","17.8673006378341","9.15574849803667","8.7115521397974","4.313","0.169","0.548","1,2,3,4,5,6,7,8,9,27,45,48,51,56,59,66,71,73,77,79,88,90,101,103,107,111,112,114,118,122,123,125,132,134,139,140,160,161,162,163,164,165,166,167,168,169,171,176,191,194,196,197,198,204,212,222,225,227,239,246,248,249,254,273,287,296,299,303,311,316",0.00159697749805963,FALSE,52,0,70,52,18,0.742857142857143,1
"lasso.cv",4,300,0.5,"TRUE","TRUE","FALSE","18.0983103274693","9.01012904031579","9.08818128715347","5.516","0.224","0.747","1,2,3,4,5,6,7,8,9,26,62,66,79,84,95,111,114,118,120,135,140,160,161,162,163,164,165,166,167,168,169,176,178,189,202,206,209,222,225,227,228,237,249,254,257,258,260,269,271,291,304,308",0.0014858910721625,FALSE,34,0,52,34,18,0.653846153846154,1
"lasso.cv",40,300,0.5,"TRUE","TRUE","FALSE","18.1101836842141","9.0657059554917","9.04447772872238","3.069","0.17","0.493","1,2,3,4,5,6,7,8,9,13,15,18,23,26,34,44,68,75,78,82,97,100,102,129,131,132,152,160,161,162,163,164,165,166,167,168,174,179,185,192,195,201,202,206,215,217,222,230,239,247,248,262,280,284,286,290,298,312",0.00129889497851397,FALSE,40,0,58,40,18,0.689655172413793,1
"lasso.cv",41,300,0.5,"TRUE","TRUE","FALSE","18.328538815632","9.18001577402397","9.14852304160799","3.823","0.158","0.54","1,2,3,4,5,6,7,8,9,16,28,34,44,52,54,70,71,72,75,78,80,89,99,107,133,160,161,162,163,164,165,166,167,168,186,197,201,209,210,215,227,232,239,243,246,247,262,292,298",0.00147723467335338,FALSE,31,0,49,31,18,0.63265306122449,1
"lasso.cv",42,300,0.5,"TRUE","TRUE","FALSE","17.9343663564805","8.80967151546787","9.12469484101262","3.859","0.148","0.544","1,2,3,4,5,6,7,8,9,27,32,34,37,50,70,73,75,77,82,101,102,115,116,119,127,142,157,160,161,162,163,164,165,166,167,168,169,182,184,187,201,228,230,237,241,245,254,275,277,292,312",0.00137761507595386,FALSE,33,0,51,33,18,0.647058823529412,1
"lasso.cv",43,300,0.5,"TRUE","TRUE","FALSE","17.844414267938","9.04574832536582","8.79866594257214","3.838","0.18","0.585","1,2,3,4,5,6,7,8,9,18,20,30,48,59,61,63,73,77,82,85,101,102,103,105,112,116,122,159,160,161,162,163,164,165,166,167,168,178,181,191,193,204,205,211,222,225,226,228,230,254,255,261,263,271,280,285,287,303,312,318",0.00160832423901142,FALSE,42,0,60,42,18,0.7,1
"lasso.cv",44,300,0.5,"TRUE","TRUE","FALSE","18.0899277592463","9.06161222678801","9.02831553245827","3.242","0.153","0.549","1,2,3,4,5,6,7,8,9,16,18,28,42,58,61,71,77,83,86,87,108,114,123,124,130,140,147,160,161,162,163,164,165,166,167,168,170,194,200,201,203,207,209,211,220,221,239,250,251,262,264,271,274",0.00139052404402639,FALSE,35,0,53,35,18,0.660377358490566,1
"lasso.cv",45,300,0.5,"TRUE","TRUE","FALSE","18.2272178572626","9.12894227777533","9.09827557948724","3.964","0.172","0.622","1,2,3,4,5,6,7,8,9,11,14,19,26,30,32,41,42,44,46,47,59,66,79,83,90,97,100,102,106,130,131,151,155,160,161,162,163,164,165,166,167,168,177,178,181,182,185,186,189,191,202,213,215,218,222,229,230,241,244,248,251,273,280,282,286,293,296,298,302,310",0.00221540094528199,FALSE,52,0,70,52,18,0.742857142857143,1
"lasso.cv",46,300,0.5,"TRUE","TRUE","FALSE","17.4957632848538","8.41761184573704","9.07815143911679","4.007","0.164","0.555","1,2,3,4,5,6,7,8,9,17,18,20,21,28,42,43,51,55,66,69,87,92,99,101,111,118,123,124,129,135,153,155,160,161,162,163,164,165,166,167,168,176,178,179,191,192,198,217,245,254,261,265,284,285,287,289,290,306",0.00198921839227144,FALSE,40,0,58,40,18,0.689655172413793,1
"lasso.cv",47,300,0.5,"TRUE","TRUE","FALSE","18.122718676721","9.06384897600152","9.05886970071948","3.278","0.201","0.757","1,2,3,4,5,6,7,8,9,15,22,45,55,67,74,82,89,90,92,101,103,105,109,116,124,160,161,162,163,164,165,166,167,168,171,179,185,188,207,208,210,213,216,218,224,240,255,264,265,267,295,311",0.000842156711410576,FALSE,34,0,52,34,18,0.653846153846154,1
"lasso.cv",48,300,0.5,"TRUE","TRUE","FALSE","18.0317724651528","9.00094763257194","9.03082483258087","4.874","0.195","0.681","1,2,3,4,5,6,7,8,9,19,21,26,28,32,34,36,40,42,43,46,49,54,55,70,84,93,95,97,103,108,117,118,119,125,126,132,148,156,160,161,162,163,164,165,166,167,168,174,178,187,202,205,210,211,214,257,258,271,274,298,305,311,313",0.00119873854854163,FALSE,45,0,63,45,18,0.714285714285714,1
"lasso.cv",49,300,0.5,"TRUE","TRUE","FALSE","17.6621106160063","8.47707839718717","9.18503221881909","5.998","0.35","1.147","1,2,3,4,5,6,7,8,9,20,21,22,24,26,42,46,61,85,95,103,106,111,114,118,120,127,129,135,136,150,160,161,162,163,164,165,166,167,168,178,188,194,198,204,215,220,226,232,237,246,248,251,252,263,269,272,274,285,287,298,307,308,317",0.00199542072596144,FALSE,45,0,63,45,18,0.714285714285714,1
"lasso.cv",5,300,0.5,"TRUE","TRUE","FALSE","18.5123859638101","9.04595222623094","9.46643373757919","6.383","0.215","1.119","1,2,3,4,5,6,7,8,9,24,25,36,42,44,47,51,52,53,56,59,61,65,87,90,95,99,101,103,111,112,121,132,135,140,160,161,162,163,164,165,166,167,168,185,186,187,197,200,210,213,214,227,228,253,256,261,280,289,290,294,295,306,317,318",0.0020885601246093,FALSE,46,0,64,46,18,0.71875,1
"lasso.cv",50,300,0.5,"TRUE","TRUE","FALSE","18.3967648127177","9.08613392543581","9.31063088728194","4.97","0.168","0.514","1,2,3,4,5,6,7,8,9,13,20,26,28,51,57,75,82,91,100,102,103,107,109,111,151,156,160,161,162,163,164,165,166,167,168,173,174,178,184,189,201,204,217,223,243,247,256,271,280,307,312,313",0.00103944482223697,FALSE,34,0,52,34,18,0.653846153846154,1
"lasso.cv",51,300,0.5,"TRUE","TRUE","FALSE","18.1618375077504","9.08974598328404","9.07209152446638","3.548","0.17","0.62","1,2,3,4,5,6,7,8,9,17,21,22,42,48,59,67,77,81,85,89,90,95,97,98,107,111,114,115,150,156,158,160,161,162,163,164,165,166,167,168,182,185,187,191,206,208,209,216,222,223,232,233,236,244,250,258,259,265,274,283,284,285,287,288,301",0.00138479399520028,FALSE,47,0,65,47,18,0.723076923076923,1
"lasso.cv",52,300,0.5,"TRUE","TRUE","FALSE","18.0957867258778","9.02422400994882","9.07156271592898","3.73","0.188","0.577","1,2,3,4,5,6,7,8,9,13,14,25,26,34,42,55,56,58,60,61,74,75,86,97,99,102,103,111,113,116,122,123,135,140,143,144,150,160,161,162,163,164,165,166,167,168,175,178,187,192,201,203,205,211,224,225,227,230,239,274,277,292,312,315",0.00181898111967705,FALSE,46,0,64,46,18,0.71875,1
"lasso.cv",53,300,0.5,"TRUE","TRUE","FALSE","17.601942507476","8.52895522316121","9.0729872843148","4.354","0.161","0.535","1,2,3,4,5,6,7,8,9,13,15,21,22,28,38,46,51,55,57,60,68,70,88,103,106,107,115,116,119,123,135,136,145,159,160,161,162,163,164,165,166,167,168,177,185,187,191,192,198,206,217,226,230,232,236,240,244,248,252,253,282,284,291,299,317",0.00177419090934819,FALSE,47,0,65,47,18,0.723076923076923,1
"lasso.cv",54,300,0.5,"TRUE","TRUE","FALSE","18.1624757656621","9.10278314104572","9.05969262461637","3.96","0.17","0.572","1,2,3,4,5,6,7,8,9,13,18,21,22,29,32,34,45,47,49,59,79,80,85,87,92,101,102,104,115,123,128,140,145,151,158,160,161,162,163,164,165,166,167,168,169,170,178,183,204,211,215,217,224,230,242,249,253,261,280,281,289,293,300,302,305,311",0.00124495979836365,FALSE,48,0,66,48,18,0.727272727272727,1
"lasso.cv",55,300,0.5,"TRUE","TRUE","FALSE","18.1795118123678","9.09141783009339","9.08809398227439","4.634","0.19","0.94","1,2,3,4,5,6,7,8,9,14,18,24,26,27,29,36,42,43,55,59,75,85,87,90,93,97,99,103,117,120,123,127,140,144,160,161,162,163,164,165,166,167,168,171,172,175,178,179,188,195,206,209,248,251,252,255,271,289,293,296,298,309",0.00146470715172101,FALSE,44,0,62,44,18,0.709677419354839,1
"lasso.cv",56,300,0.5,"TRUE","TRUE","FALSE","17.4189438561905","9.07995421401385","8.3389896421766","5.842","0.257","0.718","1,2,3,4,5,6,7,8,9,10,23,25,26,31,38,40,52,64,74,84,101,111,124,131,133,135,138,147,159,160,161,162,163,164,165,166,167,168,171,173,178,181,186,187,191,202,206,227,232,244,252,257,260,269,274,291,298,308,312,315",0.00163132176590293,FALSE,42,0,60,42,18,0.7,1
"lasso.cv",57,300,0.5,"TRUE","TRUE","FALSE","18.1582996473444","9.08265916702452","9.07564048031989","5.276","0.221","0.603","1,2,3,4,5,6,7,8,9,18,27,28,31,34,49,68,75,77,80,93,100,116,118,123,128,129,140,144,153,156,160,161,162,163,164,165,166,167,168,178,185,203,208,212,215,230,245,259,262,266,279,289,295,302,303",0.00130630300753402,FALSE,37,0,55,37,18,0.672727272727273,1
"lasso.cv",58,300,0.5,"TRUE","TRUE","FALSE","18.1739412088361","9.11670875691403","9.05723245192211","5.566","0.152","0.468","1,2,3,4,5,6,7,8,9,14,19,21,33,41,66,73,75,81,87,99,101,120,127,159,160,161,162,163,164,165,166,167,168,187,188,190,201,207,209,232,252,262,295,298,306,309,310",0.000821769734956061,FALSE,29,0,47,29,18,0.617021276595745,1
"lasso.cv",59,300,0.5,"TRUE","TRUE","FALSE","17.5127090054627","8.44129999086013","9.07140901460262","4.414","0.203","0.748","1,2,3,4,5,6,7,8,9,14,23,26,28,36,40,54,55,67,82,94,95,123,131,134,140,153,155,160,161,162,163,164,165,166,167,168,171,179,186,187,196,201,202,222,229,248,257,258,260,265,269,278,281,284,292,302,310,312,313,316",0.00203946355494949,FALSE,42,0,60,42,18,0.7,1
"lasso.cv",6,300,0.5,"TRUE","TRUE","FALSE","18.1310999188914","9.04348072237559","9.08761919651585","4.675","0.351","0.944","1,2,3,4,5,6,7,8,9,13,18,29,30,38,71,74,79,87,98,113,118,135,140,143,145,160,161,162,163,164,165,166,167,168,175,176,180,189,193,199,202,206,209,211,212,216,217,222,233,244,246,251,255,256,270,287,289,290,297,304",0.00169334420819526,FALSE,42,0,60,42,18,0.7,1
"lasso.cv",60,300,0.5,"TRUE","TRUE","FALSE","18.1005096426109","9.05980563870524","9.04070400390571","4.748","0.242","0.784","1,2,3,4,5,6,7,8,9,21,28,33,40,53,55,61,74,90,92,95,98,113,115,121,122,123,126,129,134,135,140,150,153,155,159,160,161,162,163,164,165,166,167,168,171,174,176,181,192,193,200,201,206,213,230,232,251,257,262,265,272,280,286,288,289,296,299,302,315",0.00242518564353357,FALSE,51,0,69,51,18,0.739130434782609,1
"lasso.cv",61,300,0.5,"TRUE","TRUE","FALSE","18.0940477816428","9.13577196176134","8.95827581988145","5.856","0.171","0.663","1,2,3,4,5,6,7,8,9,19,35,48,53,57,68,73,79,88,91,93,107,114,127,131,132,134,135,140,151,154,159,160,161,162,163,164,165,166,167,168,177,180,185,186,190,195,196,198,199,205,206,208,216,225,230,242,248,271,307,308,315",0.00217952554692363,FALSE,43,0,61,43,18,0.704918032786885,1
"lasso.cv",62,300,0.5,"TRUE","TRUE","FALSE","17.125330102828","9.04270361697048","8.0826264858575","3.929","0.168","0.59","1,2,3,4,5,6,7,8,9,17,21,23,45,46,48,49,54,64,73,76,80,87,89,90,91,92,108,120,155,160,161,162,163,164,165,166,167,168,176,178,182,185,189,201,211,215,225,227,233,239,251,252,269,272,273,279,284,285,289,291,293,299,304,311",0.00173497815607032,FALSE,46,0,64,46,18,0.71875,1
"lasso.cv",63,300,0.5,"TRUE","TRUE","FALSE","18.1392920104479","9.058161344976","9.08113066547185","3.508","0.17","0.55","1,2,3,4,5,6,7,8,9,14,17,19,23,28,33,37,41,58,61,75,77,79,90,95,107,118,123,127,128,144,158,159,160,161,162,163,164,165,166,167,168,171,178,189,191,194,195,201,205,208,213,216,232,258,265,276,278,284,287,289,290,296,301",0.00141139172272305,FALSE,45,0,63,45,18,0.714285714285714,1
"lasso.cv",64,300,0.5,"TRUE","TRUE","FALSE","18.1541540798889","9.0908691005761","9.06328497931281","3.437","0.204","0.632","1,2,3,4,5,6,7,8,9,10,13,14,30,37,44,49,51,54,61,68,70,75,80,93,95,103,123,128,130,131,133,135,152,160,161,162,163,164,165,166,167,168,172,179,190,192,198,201,209,215,224,226,231,239,258,259,264,268,270,304,312,315",0.00133286067298408,FALSE,44,0,62,44,18,0.709677419354839,1
"lasso.cv",65,300,0.5,"TRUE","TRUE","FALSE","17.1584699931707","9.06104310698571","8.09742688618494","4.631","0.169","0.638","1,2,3,4,5,6,7,8,9,21,43,45,49,62,79,81,86,87,92,99,101,105,107,118,123,125,126,134,139,150,155,156,160,161,162,163,164,165,166,167,168,178,185,192,195,202,204,211,217,221,239,245,246,252,253,262,263,288,309,310,311,313,314",0.00157000390718437,FALSE,45,0,63,45,18,0.714285714285714,1
"lasso.cv",66,300,0.5,"TRUE","TRUE","FALSE","18.0811423776578","8.5211074446093","9.56003493304849","5.825","0.245","0.7","1,2,3,4,5,6,7,8,9,11,16,17,23,26,28,36,39,47,55,66,86,88,97,101,106,111,115,121,130,132,135,141,148,160,161,162,163,164,165,166,167,168,179,180,189,190,202,205,206,230,232,234,235,236,244,246,254,261,269,285,289,291,306,307,313",0.00173519965320836,FALSE,47,0,65,47,18,0.723076923076923,1
"lasso.cv",67,300,0.5,"TRUE","TRUE","FALSE","18.2664757582211","9.12988653961741","9.13658921860365","6.199","0.254","0.788","1,2,3,4,5,6,7,8,9,14,24,36,48,55,62,87,100,105,107,111,112,115,116,120,123,134,135,138,154,158,160,161,162,163,164,165,166,167,168,190,193,196,206,207,209,216,221,226,227,228,239,242,243,253,257,260,263,289,312,315,316",0.00261694071450059,FALSE,43,0,61,43,18,0.704918032786885,1
"lasso.cv",68,300,0.5,"TRUE","TRUE","FALSE","18.1140613343613","9.03371227856742","9.08034905579384","4.341","0.178","0.668","1,2,3,4,5,6,7,8,9,19,22,28,37,48,72,73,77,92,107,108,109,111,112,116,121,123,127,129,135,152,160,161,162,163,164,165,166,167,168,169,174,178,185,187,188,209,210,212,215,249,252,258,260,262,271,272,276,280,299,301,305,308,309,317",0.00174477738047499,FALSE,46,0,64,46,18,0.71875,1
"lasso.cv",69,300,0.5,"TRUE","TRUE","FALSE","17.8219462470147","9.08121717092152","8.74072907609316","5.167","0.243","0.741","1,2,3,4,5,6,7,8,9,20,28,34,37,43,50,66,71,87,94,95,103,107,108,117,119,123,129,132,145,152,158,160,161,162,163,164,165,166,167,168,175,186,188,192,195,196,202,206,211,213,224,225,232,256,260,261,265,277,291,297,298,301,312",0.00165918584705766,FALSE,45,0,63,45,18,0.714285714285714,1
"lasso.cv",7,300,0.5,"TRUE","TRUE","FALSE","18.4282176338403","9.14898433709103","9.27923329674931","6.276","0.22","0.896","1,2,3,4,5,6,7,8,9,11,18,27,28,37,55,72,73,91,99,160,161,162,163,164,165,166,167,168,169,174,183,198,201,209,210,216,220,221,232,233,247,248,258,265,272,274,288,289,292,293,299,300",0.00165650550576101,FALSE,34,0,52,34,18,0.653846153846154,1
"lasso.cv",70,300,0.5,"TRUE","TRUE","FALSE","18.1142468407362","9.05302806972201","9.0612187710142","5.352","0.258","0.659","1,2,3,4,5,6,7,8,9,10,19,26,28,43,54,59,63,70,86,88,89,90,92,104,109,123,125,135,141,160,161,162,163,164,165,166,167,168,178,180,187,204,209,211,216,217,224,237,255,260,269,276,285,286,288,295,302,306,309,316",0.00154306954163308,FALSE,42,0,60,42,18,0.7,1
"lasso.cv",71,300,0.5,"TRUE","TRUE","FALSE","18.1381313513231","9.20990234745426","8.92822900386887","5.972","0.191","0.731","1,2,3,4,5,6,7,8,9,17,18,25,28,43,44,52,55,88,90,93,94,95,97,98,103,112,131,134,136,142,143,159,160,161,162,163,164,165,166,167,168,172,181,187,193,195,209,230,242,251,254,260,271,272,279,280,285,289,290,299,314",0.00206743088924211,FALSE,43,0,61,43,18,0.704918032786885,1
"lasso.cv",72,300,0.5,"TRUE","TRUE","FALSE","17.6015854434953","8.85993184852375","8.74165359497151","5.969","0.307","0.627","1,2,3,4,5,6,7,8,9,10,36,50,51,59,63,64,71,73,82,83,86,89,93,95,100,107,113,114,116,132,135,150,156,160,161,162,163,164,165,166,167,168,178,180,182,185,187,193,195,197,200,227,228,230,238,239,251,259,263,283,289,294,301,310",0.00178696691889403,FALSE,46,0,64,46,18,0.71875,1
"lasso.cv",73,300,0.5,"TRUE","TRUE","FALSE","18.1687111033431","9.08404661806152","9.08466448528162","4.003","0.242","0.679","1,2,3,4,5,6,7,8,9,23,28,34,35,40,43,49,58,61,63,67,81,92,93,98,103,107,113,123,132,135,142,154,156,157,160,161,162,163,164,165,166,167,168,176,180,182,194,195,201,206,209,221,233,236,242,251,252,275,282,286,288,295,299,302,304,312",0.00172391145484416,FALSE,48,0,66,48,18,0.727272727272727,1
"lasso.cv",74,300,0.5,"TRUE","TRUE","FALSE","18.1428729570703","9.06285043418633","9.08002252288392","4.614","0.149","0.505","1,2,3,4,5,6,7,8,9,20,26,28,77,90,92,95,97,98,111,113,115,118,120,123,131,133,135,141,152,160,161,162,163,164,165,166,167,168,185,187,188,190,198,203,215,241,251,285,297,304",0.00136597784374738,FALSE,32,0,50,32,18,0.64,1
"lasso.cv",75,300,0.5,"TRUE","TRUE","FALSE","18.1383131226344","9.06060541099142","9.07770771164301","3.545","0.21","0.595","1,2,3,4,5,6,7,8,9,10,28,42,48,53,54,61,70,82,85,86,89,93,95,99,103,118,125,129,140,142,150,153,160,161,162,163,164,165,166,167,168,178,181,185,195,202,211,221,222,252,278,280,288,289,293,310",0.00147065275010052,FALSE,38,0,56,38,18,0.678571428571429,1
"lasso.cv",76,300,0.5,"TRUE","TRUE","FALSE","18.233062349434","9.13340815987695","9.09965418955701","4.523","0.24","0.722","1,2,3,4,5,6,7,8,9,18,20,26,27,55,71,75,79,82,87,93,101,107,116,129,135,136,142,155,156,160,161,162,163,164,165,166,167,168,171,173,176,178,186,188,189,190,195,197,205,210,213,216,224,225,237,261,275",0.00141663560193945,FALSE,39,0,57,39,18,0.684210526315789,1
"lasso.cv",77,300,0.5,"TRUE","TRUE","FALSE","18.1154030296487","9.04986037487563","9.06554265477305","4.656","0.212","0.673","1,2,3,4,5,6,7,8,9,31,33,34,36,43,53,55,57,63,67,71,83,86,95,103,111,115,116,123,135,140,143,149,153,157,159,160,161,162,163,164,165,166,167,168,171,178,186,193,196,201,203,206,211,237,246,252,273,283,298,299,302,311",0.00144026789385326,FALSE,44,0,62,44,18,0.709677419354839,1
"lasso.cv",78,300,0.5,"TRUE","TRUE","FALSE","18.1221150636413","9.07894835552792","9.04316670811343","4.016","0.223","0.91","1,2,3,4,5,6,7,8,9,24,27,29,42,54,60,87,88,92,99,110,115,123,140,144,160,161,162,163,164,165,166,167,168,182,190,201,209,210,213,216,220,231,235,236,244,252,253,256,276,287,288,300,304",0.0013496548574208,FALSE,35,0,53,35,18,0.660377358490566,1
"lasso.cv",79,300,0.5,"TRUE","TRUE","FALSE","18.1376608044592","9.06983141378974","9.06782939066945","4.409","0.174","1.109","1,2,3,4,5,6,7,8,9,10,14,20,27,35,37,40,61,77,82,96,107,112,118,123,134,144,153,154,160,161,162,163,164,165,166,167,168,178,191,201,202,206,209,221,224,230,234,248,254,257,262,265,269,279,286,288,295,297,305",0.00191949052043468,FALSE,41,0,59,41,18,0.694915254237288,1
"lasso.cv",8,300,0.5,"TRUE","TRUE","FALSE","18.1235735969362","9.06071926823433","9.06285432870182","5.02","0.238","0.915","1,2,3,4,5,6,7,8,9,18,22,31,61,68,70,75,76,89,90,107,109,114,119,134,137,142,148,156,160,161,162,163,164,165,166,167,168,172,177,187,193,194,204,217,243,245,248,250,251,272,274,292,307,312,314,317",0.00127071796074118,FALSE,38,0,56,38,18,0.678571428571429,1
"lasso.cv",80,300,0.5,"TRUE","TRUE","FALSE","17.6779377631834","8.49587976743201","9.18205799575135","5.312","0.269","0.764","1,2,3,4,5,6,7,8,9,25,28,33,34,35,44,46,60,66,87,88,98,99,112,125,126,132,138,140,160,161,162,163,164,165,166,167,168,170,174,178,191,193,200,210,211,216,224,236,239,242,257,262,265,280,284,296,305,309,315",0.00223140760954464,FALSE,41,0,59,41,18,0.694915254237288,1
"lasso.cv",81,300,0.5,"TRUE","TRUE","FALSE","17.4474578498024","8.73212199157449","8.71533585822794","6.544","0.249","0.748","1,2,3,4,5,6,7,8,9,10,15,21,23,28,29,30,34,43,48,55,57,58,66,70,78,101,103,110,111,115,119,122,134,145,147,149,151,157,160,161,162,163,164,165,166,167,168,181,196,209,217,236,241,250,262,268,284,286,292,297,313",0.00155217693043328,FALSE,43,0,61,43,18,0.704918032786885,1
"lasso.cv",82,300,0.5,"TRUE","TRUE","FALSE","18.2018124927542","9.09601594559701","9.10579654715719","3.959","0.179","0.733","1,2,3,4,5,6,7,8,9,13,17,28,34,47,48,49,50,51,59,66,99,102,103,106,112,116,118,126,140,160,161,162,163,164,165,166,167,168,174,175,176,187,198,199,215,240,265,278,289,293,300,303,311",0.00144332723051474,FALSE,35,0,53,35,18,0.660377358490566,1
"lasso.cv",83,300,0.5,"TRUE","TRUE","FALSE","18.2214360382184","9.15608815226943","9.06534788594894","4.621","0.198","0.829","1,2,3,4,5,6,7,8,9,17,38,48,49,56,58,61,66,69,71,83,101,103,104,109,113,114,116,123,128,129,130,144,145,147,154,160,161,162,163,164,165,166,167,168,171,177,182,183,187,196,200,202,215,217,230,238,242,261,265,278,294,307,312",0.00144892673402371,FALSE,45,0,63,45,18,0.714285714285714,1
"lasso.cv",84,300,0.5,"TRUE","TRUE","FALSE","18.0758684172759","9.00303518883364","9.07283322844225","5.101","0.241","0.851","1,2,3,4,5,6,7,8,9,20,22,23,47,61,67,70,73,77,84,87,88,93,127,153,154,157,160,161,162,163,164,165,166,167,168,171,175,183,187,190,191,197,201,211,216,227,228,229,235,246,257,271,272,277,289,293,303,317",0.00114758456641515,FALSE,40,0,58,40,18,0.689655172413793,1
"lasso.cv",85,300,0.5,"TRUE","TRUE","FALSE","17.7321691487954","8.67102376961619","9.06114537917923","7.352","0.254","0.841","1,2,3,4,5,6,7,8,9,14,16,19,34,35,36,41,45,46,47,52,67,73,74,82,101,110,116,128,130,133,140,144,149,159,160,161,162,163,164,165,166,167,168,171,173,176,177,178,192,197,202,222,225,249,253,289,293,295,297,300,303,306,307",0.00209586653167259,FALSE,45,0,63,45,18,0.714285714285714,1
"lasso.cv",86,300,0.5,"TRUE","TRUE","FALSE","18.118925620395","9.05898120189009","9.05994441850489","4.023","0.247","0.643","1,2,3,4,5,6,7,8,9,11,21,25,29,35,36,37,63,64,66,73,77,79,86,94,105,108,112,123,129,132,135,140,160,161,162,163,164,165,166,167,168,178,185,198,201,207,211,227,230,236,246,247,251,253,260,265,271,282,285,288,292,295,299,304,308",0.00148531836959116,FALSE,47,0,65,47,18,0.723076923076923,1
"lasso.cv",87,300,0.5,"TRUE","TRUE","FALSE","18.175099279591","9.09727859431014","9.07782068528091","3.943","0.147","0.486","1,2,3,4,5,6,7,8,9,20,23,35,50,53,71,86,90,95,97,101,103,112,113,120,122,134,135,136,144,157,160,161,162,163,164,165,166,167,168,180,199,210,213,214,236,238,248,268,284,286,304,307",0.0012793823767686,FALSE,34,0,52,34,18,0.653846153846154,1
"lasso.cv",88,300,0.5,"TRUE","TRUE","FALSE","18.1257039531834","9.05718618856323","9.06851776462019","4.442","0.198","0.792","1,2,3,4,5,6,7,8,9,22,24,28,34,35,45,48,54,66,70,82,87,88,91,92,95,101,103,107,136,154,160,161,162,163,164,165,166,167,168,173,177,179,185,187,195,201,211,216,217,224,229,230,239,243,246,262,263,276,281,298,309,317,318",0.00179194102733091,FALSE,45,0,63,45,18,0.714285714285714,1
"lasso.cv",89,300,0.5,"TRUE","TRUE","FALSE","18.1425193867824","9.06861165996588","9.07390772681648","5.476","0.21","0.69","1,2,3,4,5,6,7,8,9,22,40,55,61,71,79,86,98,101,103,111,123,124,132,135,146,159,160,161,162,163,164,165,166,167,168,169,177,180,183,192,207,224,230,237,273,274,276,279,284,294,301,318",0.000938749560296676,FALSE,34,0,52,34,18,0.653846153846154,1
"lasso.cv",9,300,0.5,"TRUE","TRUE","FALSE","17.9489980839188","8.86626275895918","9.08273532495963","6.005","0.236","0.835","1,2,3,4,5,6,7,8,9,22,24,28,36,46,49,54,65,75,79,82,90,102,103,107,112,118,123,129,145,154,160,161,162,163,164,165,166,167,168,171,181,194,195,197,224,230,232,234,236,239,240,241,250,253,257,258,265,278,281,288,292,303,306",0.0018800657865705,FALSE,45,0,63,45,18,0.714285714285714,1
"lasso.cv",90,300,0.5,"TRUE","TRUE","FALSE","17.2733005955025","9.03902940130062","8.23427119420184","4.523","0.212","0.697","1,2,3,4,5,6,7,8,9,17,34,40,42,43,48,50,51,54,59,71,75,85,93,94,106,107,109,122,123,126,139,140,147,152,160,161,162,163,164,165,166,167,168,171,172,178,179,182,198,209,210,215,232,233,265,275,282,285,299,301,313,314",0.00149104991688647,FALSE,44,0,62,44,18,0.709677419354839,1
"lasso.cv",91,300,0.5,"TRUE","TRUE","FALSE","18.1323837040068","9.05938229972762","9.07300140427915","4.043","0.185","0.567","1,2,3,4,5,6,7,8,9,11,18,21,23,28,46,47,59,67,73,77,99,101,103,120,150,154,155,158,160,161,162,163,164,165,166,167,168,178,187,196,198,204,220,229,249,251,256,262,265,269,285,294,307,315",0.00125066415660552,FALSE,36,0,54,36,18,0.666666666666667,1
"lasso.cv",92,300,0.5,"TRUE","TRUE","FALSE","17.9699776930742","8.91782316186733","9.05215453120684","4.845","0.179","0.661","1,2,3,4,5,6,7,8,9,13,21,22,26,27,30,33,42,47,57,61,63,67,89,93,112,118,122,138,140,146,151,152,154,160,161,162,163,164,165,166,167,168,169,175,178,179,182,202,204,210,237,244,248,261,275,276,284,285,287,290,293,295,299,302,304,310,312",0.00161593277280306,FALSE,49,0,67,49,18,0.73134328358209,1
"lasso.cv",93,300,0.5,"TRUE","TRUE","FALSE","18.0508534224993","9.21576054404053","8.83509287845875","6.2","0.217","0.818","1,2,3,4,5,6,7,8,9,54,59,61,75,81,83,87,88,92,95,103,111,117,118,123,130,135,140,152,157,159,160,161,162,163,164,165,166,167,168,178,179,192,196,198,209,222,224,239,242,251,252,268,286,287,289,290,291,295,296,307,309,311,312,315,317",0.0021495388871858,FALSE,47,0,65,47,18,0.723076923076923,1
"lasso.cv",94,300,0.5,"TRUE","TRUE","FALSE","17.8660511955517","8.77661604557978","9.08943514997188","4.885","0.192","0.672","1,2,3,4,5,6,7,8,9,11,21,25,32,45,70,73,79,92,101,102,113,114,123,160,161,162,163,164,165,166,167,168,185,186,187,191,201,209,210,222,244,271,311",0.00146509930419231,FALSE,25,0,43,25,18,0.581395348837209,1
"lasso.cv",95,300,0.5,"TRUE","TRUE","FALSE","18.0927616572091","9.03821502134996","9.05454663585913","4.087","0.199","0.64","1,2,3,4,5,6,7,8,9,10,13,14,18,22,28,37,41,43,46,57,61,65,68,77,84,93,99,101,102,103,105,109,111,112,118,121,123,125,128,132,148,154,160,161,162,163,164,165,166,167,168,173,187,201,206,215,216,220,232,233,250,251,256,263,268,286,287,288,289,297,301,308,316,318",0.00182253771069621,FALSE,56,0,74,56,18,0.756756756756757,1
"lasso.cv",96,300,0.5,"TRUE","TRUE","FALSE","18.2673950946208","9.1910349727668","9.07636012185403","6.683","0.289","0.936","1,2,3,4,5,6,7,8,9,14,22,30,36,37,41,42,44,59,81,92,95,100,107,115,118,119,148,151,152,155,160,161,162,163,164,165,166,167,168,170,171,186,196,205,210,221,225,229,237,247,257,258,260,265,266,269,286,292,297,312",0.00177125067115394,FALSE,42,0,60,42,18,0.7,1
"lasso.cv",97,300,0.5,"TRUE","TRUE","FALSE","18.1650424003441","9.06487094944644","9.10017145089761","4.514","0.161","0.909","1,2,3,4,5,6,7,8,9,18,20,30,37,60,71,74,85,87,91,92,93,95,101,114,116,118,125,129,134,137,160,161,162,163,164,165,166,167,168,177,180,183,185,193,195,198,199,201,204,218,221,230,231,243,245,248,262,265,281,288,303,312,314,315",0.00161816277767755,FALSE,46,0,64,46,18,0.71875,1
"lasso.cv",98,300,0.5,"TRUE","TRUE","FALSE","17.4262189184712","8.24409193925034","9.18212697922083","6.129","0.221","0.67","1,2,3,4,5,6,7,8,9,16,23,30,32,36,59,61,67,80,86,87,91,95,96,103,107,131,137,155,160,161,162,163,164,165,166,167,168,176,178,179,180,191,199,224,235,242,253,261,268,286,288,289,296,299,304,307,310,313",0.0020503685694217,FALSE,40,0,58,40,18,0.689655172413793,1
"lasso.cv",99,300,0.5,"TRUE","TRUE","FALSE","18.190774709946","9.02822332859858","9.16255138134744","5.063","0.164","0.668","1,2,3,4,5,6,7,8,9,11,26,38,62,66,73,75,91,93,102,103,105,107,111,112,113,119,122,132,140,155,160,161,162,163,164,165,166,167,168,178,180,199,201,217,250,251,253,259,271,286,287,298,299,300,304",0.00116872009797054,FALSE,37,0,55,37,18,0.672727272727273,1
"S.A",1,300,0.5,"TRUE","TRUE","FALSE","17.3992705295085","8.6761301879379","8.72314034157063","6.375","0.233","0.797","1,2,3,4,5,6,7,8,9,160,161,162,163,164,165,166,167,168",0.000489119054076153,TRUE,0,0,18,0,18,0,1
"S.A",10,300,0.5,"TRUE","TRUE","FALSE","17.6692190097831","8.61680930115876","9.05240970862437","5.884","0.241","0.724","1,2,3,4,5,6,7,8,9,160,161,162,163,164,165,166,167,168",0.000245278524267066,TRUE,0,0,18,0,18,0,1
"S.A",100,300,0.5,"TRUE","TRUE","FALSE","17.4602220086689","9.06680051031999","8.3934214983489","4.984","0.173","0.619","1,2,3,4,5,6,7,8,9,161,162,163,164,165,166,167,168",0.00143911255978612,FALSE,0,1,17,0,17,0,0.944444444444444
"S.A",11,300,0.5,"TRUE","TRUE","FALSE","18.118771450866","9.0589017890942","9.05986966177175","5.174","0.329","0.889","1,2,3,4,5,6,7,8,9,160,161,162,163,164,165,166,167,168",0.000200519334921894,TRUE,0,0,18,0,18,0,1
"S.A",12,300,0.5,"TRUE","TRUE","FALSE","18.1482100042973","9.09189689445302","9.05631310984424","5.655","0.254","0.895","1,2,3,4,5,6,7,8,9,160,161,162,163,164,165,166,167,168",0.000435977932645542,TRUE,0,0,18,0,18,0,1
"S.A",13,300,0.5,"TRUE","TRUE","FALSE","18.1157826938769","9.0620220416972","9.05376065217971","4.568","0.214","0.758","1,2,3,4,5,6,7,8,9,160,161,162,163,164,165,166,167,168",0.000482463485324846,TRUE,0,0,18,0,18,0,1
"S.A",14,300,0.5,"TRUE","TRUE","FALSE","17.2632403425107","8.2111462129357","9.05209412957503","5.034","0.246","0.843","1,2,3,4,6,7,8,9,160,161,162,163,164,165,166,167,168",0.00134916918836876,FALSE,0,1,17,0,17,0,0.944444444444444
"S.A",15,300,0.5,"TRUE","TRUE","FALSE","18.1180709155008","9.06391997857396","9.05415093692685","4.621","0.231","0.725","1,2,3,4,5,6,7,8,9,160,161,162,163,164,165,166,167,168",0.000405553036405782,TRUE,0,0,18,0,18,0,1
"S.A",16,300,0.5,"TRUE","TRUE","FALSE","18.1106322183854","9.07403218173099","9.03660003665442","5.135","0.214","0.705","1,2,3,4,5,6,7,8,9,160,161,162,163,164,165,166,167,168",0.000294257869274287,TRUE,0,0,18,0,18,0,1
"S.A",17,300,0.5,"TRUE","TRUE","FALSE","18.1362238749014","9.06966428948108","9.0665595854203","4.484","0.236","0.681","1,2,3,4,5,6,7,8,9,160,161,162,163,164,165,166,167,168",0.000492581904980689,TRUE,0,0,18,0,18,0,1
"S.A",18,300,0.5,"TRUE","TRUE","FALSE","18.1403364270829","9.06187677372454","9.07845965335837","4.675","0.228","0.719","1,2,3,4,5,6,7,8,9,160,161,162,163,164,165,166,167,168",0.000536467132036482,TRUE,0,0,18,0,18,0,1
"S.A",19,300,0.5,"TRUE","TRUE","FALSE","17.1950705275132","8.74903605850978","8.44603446900344","7.203","0.236","0.863","1,2,3,4,5,6,7,8,9,161,162,163,164,165,166,167,168",0.00133080447145929,FALSE,0,1,17,0,17,0,0.944444444444444
"S.A",2,300,0.5,"TRUE","TRUE","FALSE","18.000419523057","9.0773341941176","8.92308532893942","5.412","0.232","0.727","1,2,3,4,5,6,7,8,9,160,161,162,163,164,165,166,167,168",0.000235987059290698,TRUE,0,0,18,0,18,0,1
"S.A",20,300,0.5,"TRUE","TRUE","FALSE","18.2214792180316","9.13209439983436","9.0893848181972","5.053","0.234","0.708","1,2,3,4,5,6,7,8,9,160,161,162,163,164,165,166,167,168",0.000250016539764539,TRUE,0,0,18,0,18,0,1
"S.A",21,300,0.5,"TRUE","TRUE","FALSE","18.1582006987347","8.92496471822253","9.2332359805122","6.375","0.24","0.842","1,2,3,4,5,6,7,8,9,160,161,162,163,164,165,166,167,168",0.000530432958119326,TRUE,0,0,18,0,18,0,1
"S.A",22,300,0.5,"TRUE","TRUE","FALSE","17.7646712092658","9.09505345110338","8.66961775816246","6.431","0.227","0.859","1,2,3,4,5,6,7,8,9,160,161,162,163,164,165,166,167,168",0.000426042553425777,TRUE,0,0,18,0,18,0,1
"S.A",23,300,0.5,"TRUE","TRUE","FALSE","18.08296193226","9.04620749023209","9.03675444202787","4.583","0.261","0.799","1,2,3,4,5,6,7,8,9,160,161,162,163,164,165,166,167,168",0.000376371487421303,TRUE,0,0,18,0,18,0,1
"S.A",24,300,0.5,"TRUE","TRUE","FALSE","17.7783264902013","8.878006115772","8.90032037442934","5.835","0.211","0.724","1,2,3,4,5,6,7,8,9,160,161,162,163,164,165,166,167,168",0.000483694713020469,TRUE,0,0,18,0,18,0,1
"S.A",25,300,0.5,"TRUE","TRUE","FALSE","17.2303731422184","8.33529795359609","8.89507518862227","5.957","0.232","0.768","1,3,4,5,6,7,8,9,160,161,162,163,164,165,166,167,168",0.00114952054769122,FALSE,0,1,17,0,17,0,0.944444444444444
"S.A",26,300,0.5,"TRUE","TRUE","FALSE","18.2399736876658","9.148858495003","9.09111519266283","5.283","0.223","0.9","1,2,3,4,5,6,7,8,9,160,161,162,163,164,165,166,167,168",0.000229561020533188,TRUE,0,0,18,0,18,0,1
"S.A",27,300,0.5,"TRUE","TRUE","FALSE","18.0706676984738","9.07872191631018","8.9919457821636","5.289","0.24","0.745","1,2,3,4,5,6,7,8,9,160,161,162,163,164,165,166,167,168",0.000409671209555035,TRUE,0,0,18,0,18,0,1
"S.A",28,300,0.5,"TRUE","TRUE","FALSE","18.1461419859245","9.08035224751848","9.06578973840606","4.873","0.23","0.893","1,2,3,4,5,6,7,8,9,160,161,162,163,164,165,166,167,168",0.000341358231697257,TRUE,0,0,18,0,18,0,1
"S.A",29,300,0.5,"TRUE","TRUE","FALSE","17.1982007595514","9.08220904625016","8.11599171330126","5.349","0.236","0.773","1,2,3,4,5,6,7,8,9,161,162,163,164,165,166,167,168",0.00115759191107237,FALSE,0,1,17,0,17,0,0.944444444444444
"S.A",3,300,0.5,"TRUE","TRUE","FALSE","18.1837344500529","9.05838080703804","9.12535364301485","5.285","0.289","0.82","1,2,3,4,5,6,7,8,9,160,161,162,163,164,165,166,167,168",0.000431487849773485,TRUE,0,0,18,0,18,0,1
"S.A",30,300,0.5,"TRUE","TRUE","FALSE","17.8274721038006","8.75135565731884","9.07611644648175","6.515","0.243","0.885","1,2,3,4,5,6,7,8,9,160,161,162,163,164,165,166,167,168",0.000820505342590512,TRUE,0,0,18,0,18,0,1
"S.A",31,300,0.5,"TRUE","TRUE","FALSE","17.6326601726799","9.36359972741571","8.26906044526422","6.471","0.218","0.697","1,2,3,4,5,6,7,8,9,161,162,163,164,165,166,167,168",0.001396218790164,FALSE,0,1,17,0,17,0,0.944444444444444
"S.A",32,300,0.5,"TRUE","TRUE","FALSE","18.1503077247149","9.05780158882251","9.09250613589242","5.381","0.278","0.991","1,2,3,4,5,6,7,8,9,160,161,162,163,164,165,166,167,168",0.000218162676357373,TRUE,0,0,18,0,18,0,1
"S.A",33,300,0.5,"TRUE","TRUE","FALSE","18.1496274466009","9.05897730187063","9.09065014473027","5.351","0.24","0.757","1,2,3,4,5,6,7,8,9,160,161,162,163,164,165,166,167,168",0.000289075865064838,TRUE,0,0,18,0,18,0,1
"S.A",34,300,0.5,"TRUE","TRUE","FALSE","18.0046221666469","9.0891030046319","8.91551916201505","5.976","0.228","0.804","1,2,3,4,5,6,7,8,9,160,161,162,163,164,165,166,167,168",0.00021427179660015,TRUE,0,0,18,0,18,0,1
"S.A",35,300,0.5,"TRUE","TRUE","FALSE","18.2377410960386","9.08299811499703","9.15474298104159","5.672","0.294","0.865","1,2,3,4,5,6,7,8,9,160,161,162,163,164,165,166,167,168",0.000280048194298795,TRUE,0,0,18,0,18,0,1
"S.A",36,300,0.5,"TRUE","TRUE","FALSE","18.5797626468354","9.48217404638508","9.09758860045029","6.493","0.219","1.024","1,2,3,4,5,6,7,8,9,160,161,162,163,164,165,166,167,168",0.000178695285949859,TRUE,0,0,18,0,18,0,1
"S.A",37,300,0.5,"TRUE","TRUE","FALSE","18.2926975415196","9.2290995387143","9.06359800280532","5.236","0.167","0.631","1,2,3,4,5,6,7,8,9,160,161,162,163,164,165,166,167,168",0.000440174493039042,TRUE,0,0,18,0,18,0,1
"S.A",38,300,0.5,"TRUE","TRUE","FALSE","18.6019818627064","9.08260498554648","9.51937687715996","4.611","0.168","0.612","1,2,3,4,5,6,7,8,9,160,161,162,163,164,165,166,167,168",0.000164752081833017,TRUE,0,0,18,0,18,0,1
"S.A",39,300,0.5,"TRUE","TRUE","FALSE","17.8673006378341","9.15574849803667","8.7115521397974","4.313","0.169","0.548","1,2,3,4,5,6,7,8,9,160,161,162,163,164,165,166,167,168",0.000328165858197032,TRUE,0,0,18,0,18,0,1
"S.A",4,300,0.5,"TRUE","TRUE","FALSE","18.0983103274693","9.01012904031579","9.08818128715347","5.516","0.224","0.747","1,2,3,4,5,6,7,8,9,160,161,162,163,164,165,166,167,168",0.000553920484730365,TRUE,0,0,18,0,18,0,1
"S.A",40,300,0.5,"TRUE","TRUE","FALSE","18.1101836842141","9.0657059554917","9.04447772872238","3.069","0.17","0.493","1,2,3,4,5,6,7,8,9,160,161,162,163,164,165,166,167,168",0.000397824178751901,TRUE,0,0,18,0,18,0,1
"S.A",41,300,0.5,"TRUE","TRUE","FALSE","18.328538815632","9.18001577402397","9.14852304160799","3.823","0.158","0.54","1,2,3,4,5,6,7,8,9,160,161,162,163,164,165,166,167,168",0.00052870473419917,TRUE,0,0,18,0,18,0,1
"S.A",42,300,0.5,"TRUE","TRUE","FALSE","17.9343663564805","8.80967151546787","9.12469484101262","3.859","0.148","0.544","1,2,3,4,5,6,7,8,9,160,161,162,163,164,165,166,167,168",0.000219595646393078,TRUE,0,0,18,0,18,0,1
"S.A",43,300,0.5,"TRUE","TRUE","FALSE","17.844414267938","9.04574832536582","8.79866594257214","3.838","0.18","0.585","1,2,3,4,5,6,7,8,9,160,161,162,163,164,165,166,167,168",0.0004731101888744,TRUE,0,0,18,0,18,0,1
"S.A",44,300,0.5,"TRUE","TRUE","FALSE","18.0899277592463","9.06161222678801","9.02831553245827","3.242","0.153","0.549","1,2,3,4,5,6,7,8,9,160,161,162,163,164,165,166,167,168",0.000287206795654434,TRUE,0,0,18,0,18,0,1
"S.A",45,300,0.5,"TRUE","TRUE","FALSE","18.2272178572626","9.12894227777533","9.09827557948724","3.964","0.172","0.622","1,2,3,4,5,6,7,8,9,160,161,162,163,164,165,166,167,168",0.000281949849714769,TRUE,0,0,18,0,18,0,1
"S.A",46,300,0.5,"TRUE","TRUE","FALSE","17.4957632848538","8.41761184573704","9.07815143911679","4.007","0.164","0.555","1,2,3,4,6,7,8,9,160,161,162,163,164,165,166,167,168",0.00127419027294413,FALSE,0,1,17,0,17,0,0.944444444444444
"S.A",47,300,0.5,"TRUE","TRUE","FALSE","18.122718676721","9.06384897600152","9.05886970071948","3.278","0.201","0.757","1,2,3,4,5,6,7,8,9,160,161,162,163,164,165,166,167,168",0.000166744420826888,TRUE,0,0,18,0,18,0,1
"S.A",48,300,0.5,"TRUE","TRUE","FALSE","18.0317724651528","9.00094763257194","9.03082483258087","4.874","0.195","0.681","1,2,3,4,5,6,7,8,9,160,161,162,163,164,165,166,167,168",0.000298913766687851,TRUE,0,0,18,0,18,0,1
"S.A",49,300,0.5,"TRUE","TRUE","FALSE","17.6621106160063","8.47707839718717","9.18503221881909","5.998","0.35","1.147","1,2,3,4,6,7,8,9,160,161,162,163,164,165,166,167,168",0.00150548979165825,FALSE,0,1,17,0,17,0,0.944444444444444
"S.A",5,300,0.5,"TRUE","TRUE","FALSE","18.5123859638101","9.04595222623094","9.46643373757919","6.383","0.215","1.119","1,2,3,4,5,6,7,8,9,160,161,162,163,164,165,166,167,168",0.000315164750503397,TRUE,0,0,18,0,18,0,1
"S.A",50,300,0.5,"TRUE","TRUE","FALSE","18.3967648127177","9.08613392543581","9.31063088728194","4.97","0.168","0.514","1,2,3,4,5,6,7,8,9,160,161,162,163,164,165,166,167,168",0.000417971437670096,TRUE,0,0,18,0,18,0,1
"S.A",51,300,0.5,"TRUE","TRUE","FALSE","18.1618375077504","9.08974598328404","9.07209152446638","3.548","0.17","0.62","1,2,3,4,5,6,7,8,9,160,161,162,163,164,165,166,167,168",0.000227183396416007,TRUE,0,0,18,0,18,0,1
"S.A",52,300,0.5,"TRUE","TRUE","FALSE","18.0957867258778","9.02422400994882","9.07156271592898","3.73","0.188","0.577","1,2,3,4,5,6,7,8,9,160,161,162,163,164,165,166,167,168",0.000370701055806604,TRUE,0,0,18,0,18,0,1
"S.A",53,300,0.5,"TRUE","TRUE","FALSE","17.601942507476","8.52895522316121","9.0729872843148","4.354","0.161","0.535","1,2,3,4,6,7,8,9,160,161,162,163,164,165,166,167,168",0.00120661436731937,FALSE,0,1,17,0,17,0,0.944444444444444
"S.A",54,300,0.5,"TRUE","TRUE","FALSE","18.1624757656621","9.10278314104572","9.05969262461637","3.96","0.17","0.572","1,2,3,4,5,6,7,8,9,160,161,162,163,164,165,166,167,168",0.000148593297843186,TRUE,0,0,18,0,18,0,1
"S.A",55,300,0.5,"TRUE","TRUE","FALSE","18.1795118123678","9.09141783009339","9.08809398227439","4.634","0.19","0.94","1,2,3,4,5,6,7,8,9,160,161,162,163,164,165,166,167,168",0.000401491552815973,TRUE,0,0,18,0,18,0,1
"S.A",56,300,0.5,"TRUE","TRUE","FALSE","17.4189438561905","9.07995421401385","8.3389896421766","5.842","0.257","0.718","1,2,3,4,5,6,7,8,9,161,162,163,164,165,166,167,168",0.00119356089566649,FALSE,0,1,17,0,17,0,0.944444444444444
"S.A",57,300,0.5,"TRUE","TRUE","FALSE","18.1582996473444","9.08265916702452","9.07564048031989","5.276","0.221","0.603","1,2,3,4,5,6,7,8,9,160,161,162,163,164,165,166,167,168",0.000383701907624826,TRUE,0,0,18,0,18,0,1
"S.A",58,300,0.5,"TRUE","TRUE","FALSE","18.1739412088361","9.11670875691403","9.05723245192211","5.566","0.152","0.468","1,2,3,4,5,6,7,8,9,160,161,162,163,164,165,166,167,168",0.000327320740632644,TRUE,0,0,18,0,18,0,1
"S.A",59,300,0.5,"TRUE","TRUE","FALSE","17.5127090054627","8.44129999086013","9.07140901460262","4.414","0.203","0.748","2,3,4,5,6,7,8,9,160,161,162,163,164,165,166,167,168",0.00129480287866792,FALSE,0,1,17,0,17,0,0.944444444444444
"S.A",6,300,0.5,"TRUE","TRUE","FALSE","18.1310999188914","9.04348072237559","9.08761919651585","4.675","0.351","0.944","1,2,3,4,5,6,7,8,9,160,161,162,163,164,165,166,167,168",0.000274028869420663,TRUE,0,0,18,0,18,0,1
"S.A",60,300,0.5,"TRUE","TRUE","FALSE","18.1005096426109","9.05980563870524","9.04070400390571","4.748","0.242","0.784","1,2,3,4,5,6,7,8,9,160,161,162,163,164,165,166,167,168",0.000335018942043346,TRUE,0,0,18,0,18,0,1
"S.A",61,300,0.5,"TRUE","TRUE","FALSE","18.0940477816428","9.13577196176134","8.95827581988145","5.856","0.171","0.663","1,2,3,4,5,6,7,8,9,160,161,162,163,164,165,166,167,168",0.000477328404308006,TRUE,0,0,18,0,18,0,1
"S.A",62,300,0.5,"TRUE","TRUE","FALSE","17.125330102828","9.04270361697048","8.0826264858575","3.929","0.168","0.59","1,2,3,4,5,6,7,8,9,161,162,163,164,165,166,167,168",0.00130303198206208,FALSE,0,1,17,0,17,0,0.944444444444444
"S.A",63,300,0.5,"TRUE","TRUE","FALSE","18.1392920104479","9.058161344976","9.08113066547185","3.508","0.17","0.55","1,2,3,4,5,6,7,8,9,160,161,162,163,164,165,166,167,168",0.000392951963407564,TRUE,0,0,18,0,18,0,1
"S.A",64,300,0.5,"TRUE","TRUE","FALSE","18.1541540798889","9.0908691005761","9.06328497931281","3.437","0.204","0.632","1,2,3,4,5,6,7,8,9,160,161,162,163,164,165,166,167,168",0.000300954219922805,TRUE,0,0,18,0,18,0,1
"S.A",65,300,0.5,"TRUE","TRUE","FALSE","17.1584699931707","9.06104310698571","8.09742688618494","4.631","0.169","0.638","1,2,3,4,5,6,7,8,9,161,162,163,164,165,166,167,168",0.0013091201005333,FALSE,0,1,17,0,17,0,0.944444444444444
"S.A",66,300,0.5,"TRUE","TRUE","FALSE","18.0811423776578","8.5211074446093","9.56003493304849","5.825","0.245","0.7","1,2,3,4,6,7,8,9,160,161,162,163,164,165,166,167,168,306",0.00142138187638143,FALSE,1,1,18,1,17,0.0555555555555556,0.944444444444444
"S.A",67,300,0.5,"TRUE","TRUE","FALSE","18.2664757582211","9.12988653961741","9.13658921860365","6.199","0.254","0.788","1,2,3,4,5,6,7,8,9,160,161,162,163,164,165,166,167,168",0.000284656445697503,TRUE,0,0,18,0,18,0,1
"S.A",68,300,0.5,"TRUE","TRUE","FALSE","18.1140613343613","9.03371227856742","9.08034905579384","4.341","0.178","0.668","1,2,3,4,5,6,7,8,9,160,161,162,163,164,165,166,167,168",0.000474568185507849,TRUE,0,0,18,0,18,0,1
"S.A",69,300,0.5,"TRUE","TRUE","FALSE","17.8219462470147","9.08121717092152","8.74072907609316","5.167","0.243","0.741","1,2,3,4,5,6,7,8,9,160,161,162,163,164,165,166,167,168",0.000425720136678621,TRUE,0,0,18,0,18,0,1
"S.A",7,300,0.5,"TRUE","TRUE","FALSE","18.4282176338403","9.14898433709103","9.27923329674931","6.276","0.22","0.896","1,2,3,4,5,6,7,8,9,160,161,162,163,164,165,166,167,168",0.000336669237593705,TRUE,0,0,18,0,18,0,1
"S.A",70,300,0.5,"TRUE","TRUE","FALSE","18.1142468407362","9.05302806972201","9.0612187710142","5.352","0.258","0.659","1,2,3,4,5,6,7,8,9,160,161,162,163,164,165,166,167,168",0.000307598083139314,TRUE,0,0,18,0,18,0,1
"S.A",71,300,0.5,"TRUE","TRUE","FALSE","18.1381313513231","9.20990234745426","8.92822900386887","5.972","0.191","0.731","1,2,3,4,5,6,7,8,9,160,161,162,163,164,165,166,167,168",0.000428895798840939,TRUE,0,0,18,0,18,0,1
"S.A",72,300,0.5,"TRUE","TRUE","FALSE","17.6015854434953","8.85993184852375","8.74165359497151","5.969","0.307","0.627","1,2,3,4,5,6,7,8,9,160,161,162,163,164,165,166,167,168",0.000583482853230154,TRUE,0,0,18,0,18,0,1
"S.A",73,300,0.5,"TRUE","TRUE","FALSE","18.1687111033431","9.08404661806152","9.08466448528162","4.003","0.242","0.679","1,2,3,4,5,6,7,8,9,160,161,162,163,164,165,166,167,168",0.000563562989029457,TRUE,0,0,18,0,18,0,1
"S.A",74,300,0.5,"TRUE","TRUE","FALSE","18.1428729570703","9.06285043418633","9.08002252288392","4.614","0.149","0.505","1,2,3,4,5,6,7,8,9,160,161,162,163,164,165,166,167,168",0.00056212216340629,TRUE,0,0,18,0,18,0,1
"S.A",75,300,0.5,"TRUE","TRUE","FALSE","18.1383131226344","9.06060541099142","9.07770771164301","3.545","0.21","0.595","1,2,3,4,5,6,7,8,9,160,161,162,163,164,165,166,167,168",0.000350535736017101,TRUE,0,0,18,0,18,0,1
"S.A",76,300,0.5,"TRUE","TRUE","FALSE","18.233062349434","9.13340815987695","9.09965418955701","4.523","0.24","0.722","1,2,3,4,5,6,7,8,9,160,161,162,163,164,165,166,167,168",0.000287913847673756,TRUE,0,0,18,0,18,0,1
"S.A",77,300,0.5,"TRUE","TRUE","FALSE","18.1154030296487","9.04986037487563","9.06554265477305","4.656","0.212","0.673","1,2,3,4,5,6,7,8,9,160,161,162,163,164,165,166,167,168",0.000259992408091481,TRUE,0,0,18,0,18,0,1
"S.A",78,300,0.5,"TRUE","TRUE","FALSE","18.1221150636413","9.07894835552792","9.04316670811343","4.016","0.223","0.91","1,2,3,4,5,6,7,8,9,160,161,162,163,164,165,166,167,168",0.000290004351283095,TRUE,0,0,18,0,18,0,1
"S.A",79,300,0.5,"TRUE","TRUE","FALSE","18.1376608044592","9.06983141378974","9.06782939066945","4.409","0.174","1.109","1,2,3,4,5,6,7,8,9,160,161,162,163,164,165,166,167,168",0.000349407837340832,TRUE,0,0,18,0,18,0,1
"S.A",8,300,0.5,"TRUE","TRUE","FALSE","18.1235735969362","9.06071926823433","9.06285432870182","5.02","0.238","0.915","1,2,3,4,5,6,7,8,9,160,161,162,163,164,165,166,167,168",0.000425093114926264,TRUE,0,0,18,0,18,0,1
"S.A",80,300,0.5,"TRUE","TRUE","FALSE","17.6779377631834","8.49587976743201","9.18205799575135","5.312","0.269","0.764","1,2,3,4,6,7,8,9,160,161,162,163,164,165,166,167,168",0.00136841291149845,FALSE,0,1,17,0,17,0,0.944444444444444
"S.A",81,300,0.5,"TRUE","TRUE","FALSE","17.4474578498024","8.73212199157449","8.71533585822794","6.544","0.249","0.748","1,2,3,4,5,6,7,8,9,161,162,163,164,165,166,167,168",0.00115854952096623,FALSE,0,1,17,0,17,0,0.944444444444444
"S.A",82,300,0.5,"TRUE","TRUE","FALSE","18.2018124927542","9.09601594559701","9.10579654715719","3.959","0.179","0.733","1,2,3,4,5,6,7,8,9,160,161,162,163,164,165,166,167,168",0.000354402996192977,TRUE,0,0,18,0,18,0,1
"S.A",83,300,0.5,"TRUE","TRUE","FALSE","18.2214360382184","9.15608815226943","9.06534788594894","4.621","0.198","0.829","1,2,3,4,5,6,7,8,9,160,161,162,163,164,165,166,167,168",0.000377175657730406,TRUE,0,0,18,0,18,0,1
"S.A",84,300,0.5,"TRUE","TRUE","FALSE","18.0758684172759","9.00303518883364","9.07283322844225","5.101","0.241","0.851","1,2,3,4,5,6,7,8,9,160,161,162,163,164,165,166,167,168",0.000176837014555594,TRUE,0,0,18,0,18,0,1
"S.A",85,300,0.5,"TRUE","TRUE","FALSE","17.7321691487954","8.67102376961619","9.06114537917923","7.352","0.254","0.841","1,2,3,4,5,6,7,8,9,160,161,162,163,164,165,166,167,168",0.000351905109212016,TRUE,0,0,18,0,18,0,1
"S.A",86,300,0.5,"TRUE","TRUE","FALSE","18.118925620395","9.05898120189009","9.05994441850489","4.023","0.247","0.643","1,2,3,4,5,6,7,8,9,160,161,162,163,164,165,166,167,168",0.000250006312370918,TRUE,0,0,18,0,18,0,1
"S.A",87,300,0.5,"TRUE","TRUE","FALSE","18.175099279591","9.09727859431014","9.07782068528091","3.943","0.147","0.486","1,2,3,4,5,6,7,8,9,160,161,162,163,164,165,166,167,168",0.000339751773021679,TRUE,0,0,18,0,18,0,1
"S.A",88,300,0.5,"TRUE","TRUE","FALSE","18.1257039531834","9.05718618856323","9.06851776462019","4.442","0.198","0.792","1,2,3,4,5,6,7,8,9,160,161,162,163,164,165,166,167,168",0.000346067091880828,TRUE,0,0,18,0,18,0,1
"S.A",89,300,0.5,"TRUE","TRUE","FALSE","18.1425193867824","9.06861165996588","9.07390772681648","5.476","0.21","0.69","1,2,3,4,5,6,7,8,9,160,161,162,163,164,165,166,167,168",0.000497693109506054,TRUE,0,0,18,0,18,0,1
"S.A",9,300,0.5,"TRUE","TRUE","FALSE","17.9489980839188","8.86626275895918","9.08273532495963","6.005","0.236","0.835","1,2,3,4,5,6,7,8,9,160,161,162,163,164,165,166,167,168",0.000619303221147807,TRUE,0,0,18,0,18,0,1
"S.A",90,300,0.5,"TRUE","TRUE","FALSE","17.2733005955025","9.03902940130062","8.23427119420184","4.523","0.212","0.697","1,2,3,4,5,6,7,8,9,161,162,163,164,165,166,167,168",0.0011856510001304,FALSE,0,1,17,0,17,0,0.944444444444444
"S.A",91,300,0.5,"TRUE","TRUE","FALSE","18.1323837040068","9.05938229972762","9.07300140427915","4.043","0.185","0.567","1,2,3,4,5,6,7,8,9,160,161,162,163,164,165,166,167,168",0.000315384026778316,TRUE,0,0,18,0,18,0,1
"S.A",92,300,0.5,"TRUE","TRUE","FALSE","17.9699776930742","8.91782316186733","9.05215453120684","4.845","0.179","0.661","1,2,3,4,5,6,7,8,9,160,161,162,163,164,165,166,167,168",0.000429750596894936,TRUE,0,0,18,0,18,0,1
"S.A",93,300,0.5,"TRUE","TRUE","FALSE","18.0508534224993","9.21576054404053","8.83509287845875","6.2","0.217","0.818","1,2,3,4,5,6,7,8,9,160,161,162,163,164,165,166,167,168",0.000340168534455067,TRUE,0,0,18,0,18,0,1
"S.A",94,300,0.5,"TRUE","TRUE","FALSE","17.8660511955517","8.77661604557978","9.08943514997188","4.885","0.192","0.672","1,2,3,4,5,6,7,8,9,160,161,162,163,164,165,166,167,168",0.00057302198403525,TRUE,0,0,18,0,18,0,1
"S.A",95,300,0.5,"TRUE","TRUE","FALSE","18.0927616572091","9.03821502134996","9.05454663585913","4.087","0.199","0.64","1,2,3,4,5,6,7,8,9,160,161,162,163,164,165,166,167,168",0.000354016575976833,TRUE,0,0,18,0,18,0,1
"S.A",96,300,0.5,"TRUE","TRUE","FALSE","18.2673950946208","9.1910349727668","9.07636012185403","6.683","0.289","0.936","1,2,3,4,5,6,7,8,9,161,162,163,164,165,166,167,168,258",0.0014744164523864,FALSE,1,1,18,1,17,0.0555555555555556,0.944444444444444
"S.A",97,300,0.5,"TRUE","TRUE","FALSE","18.1650424003441","9.06487094944644","9.10017145089761","4.514","0.161","0.909","1,2,3,4,5,6,7,8,9,160,161,162,163,164,165,166,167,168",0.000433751611340201,TRUE,0,0,18,0,18,0,1
"S.A",98,300,0.5,"TRUE","TRUE","FALSE","17.4262189184712","8.24409193925034","9.18212697922083","6.129","0.221","0.67","1,2,3,4,6,7,8,9,160,161,162,163,164,165,166,167,168",0.0015432994761629,FALSE,0,1,17,0,17,0,0.944444444444444
"S.A",99,300,0.5,"TRUE","TRUE","FALSE","18.190774709946","9.02822332859858","9.16255138134744","5.063","0.164","0.668","1,2,3,4,5,6,7,8,9,160,161,162,163,164,165,166,167,168",0.000179310212288355,TRUE,0,0,18,0,18,0,1
"S.A.b",1,300,0.5,"TRUE","TRUE","FALSE","17.3992705295085","8.6761301879379","8.72314034157063","6.375","0.233","0.797","1,2,3,4,5,6,7,8,9,160,161,162,163,164,165,166,167,168",0.000489119054076153,TRUE,0,0,18,0,18,0,1
"S.A.b",10,300,0.5,"TRUE","TRUE","FALSE","17.6692190097831","8.61680930115876","9.05240970862437","5.884","0.241","0.724","1,2,3,4,5,6,7,8,9,160,161,162,163,164,165,166,167,168",0.000245278524267066,TRUE,0,0,18,0,18,0,1
"S.A.b",100,300,0.5,"TRUE","TRUE","FALSE","17.4602220086689","9.06680051031999","8.3934214983489","4.984","0.173","0.619","1,2,3,4,5,6,7,8,9,161,162,163,164,165,166,167,168",0.00143911255978612,FALSE,0,1,17,0,17,0,0.944444444444444
"S.A.b",11,300,0.5,"TRUE","TRUE","FALSE","18.118771450866","9.0589017890942","9.05986966177175","5.174","0.329","0.889","1,2,3,4,5,6,7,8,9,160,161,162,163,164,165,166,167,168",0.000200519334921894,TRUE,0,0,18,0,18,0,1
"S.A.b",12,300,0.5,"TRUE","TRUE","FALSE","18.1482100042973","9.09189689445302","9.05631310984424","5.655","0.254","0.895","1,2,3,4,5,6,7,8,9,160,161,162,163,164,165,166,167,168",0.000435977932645542,TRUE,0,0,18,0,18,0,1
"S.A.b",13,300,0.5,"TRUE","TRUE","FALSE","18.1157826938769","9.0620220416972","9.05376065217971","4.568","0.214","0.758","1,2,3,4,5,6,7,8,9,160,161,162,163,164,165,166,167,168",0.000482463485324846,TRUE,0,0,18,0,18,0,1
"S.A.b",14,300,0.5,"TRUE","TRUE","FALSE","17.2632403425107","8.2111462129357","9.05209412957503","5.034","0.246","0.843","1,2,3,4,6,7,8,9,160,161,162,163,164,165,166,167,168",0.00134916918836876,FALSE,0,1,17,0,17,0,0.944444444444444
"S.A.b",15,300,0.5,"TRUE","TRUE","FALSE","18.1180709155008","9.06391997857396","9.05415093692685","4.621","0.231","0.725","1,2,3,4,5,6,7,8,9,160,161,162,163,164,165,166,167,168",0.000405553036405782,TRUE,0,0,18,0,18,0,1
"S.A.b",16,300,0.5,"TRUE","TRUE","FALSE","18.1106322183854","9.07403218173099","9.03660003665442","5.135","0.214","0.705","1,2,3,4,5,6,7,8,9,160,161,162,163,164,165,166,167,168",0.000294257869274287,TRUE,0,0,18,0,18,0,1
"S.A.b",17,300,0.5,"TRUE","TRUE","FALSE","18.1362238749014","9.06966428948108","9.0665595854203","4.484","0.236","0.681","1,2,3,4,5,6,7,8,9,160,161,162,163,164,165,166,167,168",0.000492581904980689,TRUE,0,0,18,0,18,0,1
"S.A.b",18,300,0.5,"TRUE","TRUE","FALSE","18.1403364270829","9.06187677372454","9.07845965335837","4.675","0.228","0.719","1,2,3,4,5,6,7,8,9,160,161,162,163,164,165,166,167,168",0.000536467132036482,TRUE,0,0,18,0,18,0,1
"S.A.b",19,300,0.5,"TRUE","TRUE","FALSE","17.1950705275132","8.74903605850978","8.44603446900344","7.203","0.236","0.863","1,2,3,4,5,6,7,8,9,161,162,163,164,165,166,167,168",0.00133080447145929,FALSE,0,1,17,0,17,0,0.944444444444444
"S.A.b",2,300,0.5,"TRUE","TRUE","FALSE","18.000419523057","9.0773341941176","8.92308532893942","5.412","0.232","0.727","1,2,3,4,5,6,7,8,9,160,161,162,163,164,165,166,167,168",0.000235987059290698,TRUE,0,0,18,0,18,0,1
"S.A.b",20,300,0.5,"TRUE","TRUE","FALSE","18.2214792180316","9.13209439983436","9.0893848181972","5.053","0.234","0.708","1,2,3,4,5,6,7,8,9,160,161,162,163,164,165,166,167,168",0.000250016539764539,TRUE,0,0,18,0,18,0,1
"S.A.b",21,300,0.5,"TRUE","TRUE","FALSE","18.1582006987347","8.92496471822253","9.2332359805122","6.375","0.24","0.842","1,2,3,4,5,6,7,8,9,160,161,162,163,164,165,166,167,168",0.000530432958119326,TRUE,0,0,18,0,18,0,1
"S.A.b",22,300,0.5,"TRUE","TRUE","FALSE","17.7646712092658","9.09505345110338","8.66961775816246","6.431","0.227","0.859","1,2,3,4,5,6,7,8,9,160,161,162,163,164,165,166,167,168",0.000426042553425777,TRUE,0,0,18,0,18,0,1
"S.A.b",23,300,0.5,"TRUE","TRUE","FALSE","18.08296193226","9.04620749023209","9.03675444202787","4.583","0.261","0.799","1,2,3,4,5,6,7,8,9,160,161,162,163,164,165,166,167,168",0.000376371487421303,TRUE,0,0,18,0,18,0,1
"S.A.b",24,300,0.5,"TRUE","TRUE","FALSE","17.7783264902013","8.878006115772","8.90032037442934","5.835","0.211","0.724","1,2,3,4,5,6,7,8,9,160,161,162,163,164,165,166,167,168",0.000483694713020469,TRUE,0,0,18,0,18,0,1
"S.A.b",25,300,0.5,"TRUE","TRUE","FALSE","17.2303731422184","8.33529795359609","8.89507518862227","5.957","0.232","0.768","1,3,4,5,6,7,8,9,160,161,162,163,164,165,166,167,168",0.00114952054769122,FALSE,0,1,17,0,17,0,0.944444444444444
"S.A.b",26,300,0.5,"TRUE","TRUE","FALSE","18.2399736876658","9.148858495003","9.09111519266283","5.283","0.223","0.9","1,2,3,4,5,6,7,8,9,160,161,162,163,164,165,166,167,168",0.000229561020533188,TRUE,0,0,18,0,18,0,1
"S.A.b",27,300,0.5,"TRUE","TRUE","FALSE","18.0706676984738","9.07872191631018","8.9919457821636","5.289","0.24","0.745","1,2,3,4,5,6,7,8,9,160,161,162,163,164,165,166,167,168",0.000409671209555035,TRUE,0,0,18,0,18,0,1
"S.A.b",28,300,0.5,"TRUE","TRUE","FALSE","18.1461419859245","9.08035224751848","9.06578973840606","4.873","0.23","0.893","1,2,3,4,5,6,7,8,9,160,161,162,163,164,165,166,167,168",0.000341358231697257,TRUE,0,0,18,0,18,0,1
"S.A.b",29,300,0.5,"TRUE","TRUE","FALSE","17.1982007595514","9.08220904625016","8.11599171330126","5.349","0.236","0.773","1,2,3,4,5,6,7,8,9,161,162,163,164,165,166,167,168",0.00115759191107237,FALSE,0,1,17,0,17,0,0.944444444444444
"S.A.b",3,300,0.5,"TRUE","TRUE","FALSE","18.1837344500529","9.05838080703804","9.12535364301485","5.285","0.289","0.82","1,2,3,4,5,6,7,8,9,160,161,162,163,164,165,166,167,168",0.000431487849773485,TRUE,0,0,18,0,18,0,1
"S.A.b",30,300,0.5,"TRUE","TRUE","FALSE","17.8274721038006","8.75135565731884","9.07611644648175","6.515","0.243","0.885","1,2,3,4,5,6,7,8,9,160,161,162,163,164,165,166,167,168",0.000820505342590512,TRUE,0,0,18,0,18,0,1
"S.A.b",31,300,0.5,"TRUE","TRUE","FALSE","17.6326601726799","9.36359972741571","8.26906044526422","6.471","0.218","0.697","1,2,3,4,5,6,7,8,9,161,162,163,164,165,166,167,168",0.001396218790164,FALSE,0,1,17,0,17,0,0.944444444444444
"S.A.b",32,300,0.5,"TRUE","TRUE","FALSE","18.1503077247149","9.05780158882251","9.09250613589242","5.381","0.278","0.991","1,2,3,4,5,6,7,8,9,160,161,162,163,164,165,166,167,168",0.000218162676357373,TRUE,0,0,18,0,18,0,1
"S.A.b",33,300,0.5,"TRUE","TRUE","FALSE","18.1496274466009","9.05897730187063","9.09065014473027","5.351","0.24","0.757","1,2,3,4,5,6,7,8,9,160,161,162,163,164,165,166,167,168",0.000289075865064838,TRUE,0,0,18,0,18,0,1
"S.A.b",34,300,0.5,"TRUE","TRUE","FALSE","18.0046221666469","9.0891030046319","8.91551916201505","5.976","0.228","0.804","1,2,3,4,5,6,7,8,9,160,161,162,163,164,165,166,167,168",0.00021427179660015,TRUE,0,0,18,0,18,0,1
"S.A.b",35,300,0.5,"TRUE","TRUE","FALSE","18.2377410960386","9.08299811499703","9.15474298104159","5.672","0.294","0.865","1,2,3,4,5,6,7,8,9,160,161,162,163,164,165,166,167,168",0.000280048194298795,TRUE,0,0,18,0,18,0,1
"S.A.b",36,300,0.5,"TRUE","TRUE","FALSE","18.5797626468354","9.48217404638508","9.09758860045029","6.493","0.219","1.024","1,2,3,4,5,6,7,8,9,137,160,161,162,163,164,165,166,167,168",0.000572131487047356,FALSE,1,0,19,1,18,0.0526315789473684,1
"S.A.b",37,300,0.5,"TRUE","TRUE","FALSE","18.2926975415196","9.2290995387143","9.06359800280532","5.236","0.167","0.631","1,2,3,4,5,6,7,8,9,160,161,162,163,164,165,166,167,168",0.000440174493039042,TRUE,0,0,18,0,18,0,1
"S.A.b",38,300,0.5,"TRUE","TRUE","FALSE","18.6019818627064","9.08260498554648","9.51937687715996","4.611","0.168","0.612","1,2,3,4,5,6,7,8,9,160,161,162,163,164,165,166,167,168,272",0.000479899513637406,FALSE,1,0,19,1,18,0.0526315789473684,1
"S.A.b",39,300,0.5,"TRUE","TRUE","FALSE","17.8673006378341","9.15574849803667","8.7115521397974","4.313","0.169","0.548","1,2,3,4,5,6,7,8,9,160,161,162,163,164,165,166,167,168",0.000328165858197032,TRUE,0,0,18,0,18,0,1
"S.A.b",4,300,0.5,"TRUE","TRUE","FALSE","18.0983103274693","9.01012904031579","9.08818128715347","5.516","0.224","0.747","1,2,3,4,5,6,7,8,9,160,161,162,163,164,165,166,167,168",0.000553920484730365,TRUE,0,0,18,0,18,0,1
"S.A.b",40,300,0.5,"TRUE","TRUE","FALSE","18.1101836842141","9.0657059554917","9.04447772872238","3.069","0.17","0.493","1,2,3,4,5,6,7,8,9,160,161,162,163,164,165,166,167,168",0.000397824178751901,TRUE,0,0,18,0,18,0,1
"S.A.b",41,300,0.5,"TRUE","TRUE","FALSE","18.328538815632","9.18001577402397","9.14852304160799","3.823","0.158","0.54","1,2,3,4,5,6,7,8,9,160,161,162,163,164,165,166,167,168",0.00052870473419917,TRUE,0,0,18,0,18,0,1
"S.A.b",42,300,0.5,"TRUE","TRUE","FALSE","17.9343663564805","8.80967151546787","9.12469484101262","3.859","0.148","0.544","1,2,3,4,5,6,7,8,9,160,161,162,163,164,165,166,167,168",0.000219595646393078,TRUE,0,0,18,0,18,0,1
"S.A.b",43,300,0.5,"TRUE","TRUE","FALSE","17.844414267938","9.04574832536582","8.79866594257214","3.838","0.18","0.585","1,2,3,4,5,6,7,8,9,160,161,162,163,164,165,166,167,168",0.0004731101888744,TRUE,0,0,18,0,18,0,1
"S.A.b",44,300,0.5,"TRUE","TRUE","FALSE","18.0899277592463","9.06161222678801","9.02831553245827","3.242","0.153","0.549","1,2,3,4,5,6,7,8,9,160,161,162,163,164,165,166,167,168",0.000287206795654434,TRUE,0,0,18,0,18,0,1
"S.A.b",45,300,0.5,"TRUE","TRUE","FALSE","18.2272178572626","9.12894227777533","9.09827557948724","3.964","0.172","0.622","1,2,3,4,5,6,7,8,9,160,161,162,163,164,165,166,167,168",0.000281949849714769,TRUE,0,0,18,0,18,0,1
"S.A.b",46,300,0.5,"TRUE","TRUE","FALSE","17.4957632848538","8.41761184573704","9.07815143911679","4.007","0.164","0.555","1,2,3,4,5,6,7,8,9,160,161,162,163,164,165,166,167,168",0.000421805160361841,TRUE,0,0,18,0,18,0,1
"S.A.b",47,300,0.5,"TRUE","TRUE","FALSE","18.122718676721","9.06384897600152","9.05886970071948","3.278","0.201","0.757","1,2,3,4,5,6,7,8,9,160,161,162,163,164,165,166,167,168",0.000166744420826888,TRUE,0,0,18,0,18,0,1
"S.A.b",48,300,0.5,"TRUE","TRUE","FALSE","18.0317724651528","9.00094763257194","9.03082483258087","4.874","0.195","0.681","1,2,3,4,5,6,7,8,9,160,161,162,163,164,165,166,167,168",0.000298913766687851,TRUE,0,0,18,0,18,0,1
"S.A.b",49,300,0.5,"TRUE","TRUE","FALSE","17.6621106160063","8.47707839718717","9.18503221881909","5.998","0.35","1.147","1,2,3,4,5,6,7,8,9,160,161,162,163,164,165,166,167,168",0.000752425992725858,TRUE,0,0,18,0,18,0,1
"S.A.b",5,300,0.5,"TRUE","TRUE","FALSE","18.5123859638101","9.04595222623094","9.46643373757919","6.383","0.215","1.119","1,2,3,4,5,6,7,8,9,160,161,162,163,164,165,166,167,168,317",0.000789692451485011,FALSE,1,0,19,1,18,0.0526315789473684,1
"S.A.b",50,300,0.5,"TRUE","TRUE","FALSE","18.3967648127177","9.08613392543581","9.31063088728194","4.97","0.168","0.514","1,2,3,4,5,6,7,8,9,160,161,162,163,164,165,166,167,168",0.000417971437670096,TRUE,0,0,18,0,18,0,1
"S.A.b",51,300,0.5,"TRUE","TRUE","FALSE","18.1618375077504","9.08974598328404","9.07209152446638","3.548","0.17","0.62","1,2,3,4,5,6,7,8,9,160,161,162,163,164,165,166,167,168",0.000227183396416007,TRUE,0,0,18,0,18,0,1
"S.A.b",52,300,0.5,"TRUE","TRUE","FALSE","18.0957867258778","9.02422400994882","9.07156271592898","3.73","0.188","0.577","1,2,3,4,5,6,7,8,9,160,161,162,163,164,165,166,167,168",0.000370701055806604,TRUE,0,0,18,0,18,0,1
"S.A.b",53,300,0.5,"TRUE","TRUE","FALSE","17.601942507476","8.52895522316121","9.0729872843148","4.354","0.161","0.535","1,2,3,4,5,6,7,8,9,160,161,162,163,164,165,166,167,168",0.000369750103309095,TRUE,0,0,18,0,18,0,1
"S.A.b",54,300,0.5,"TRUE","TRUE","FALSE","18.1624757656621","9.10278314104572","9.05969262461637","3.96","0.17","0.572","1,2,3,4,5,6,7,8,9,160,161,162,163,164,165,166,167,168",0.000148593297843186,TRUE,0,0,18,0,18,0,1
"S.A.b",55,300,0.5,"TRUE","TRUE","FALSE","18.1795118123678","9.09141783009339","9.08809398227439","4.634","0.19","0.94","1,2,3,4,5,6,7,8,9,160,161,162,163,164,165,166,167,168",0.000401491552815973,TRUE,0,0,18,0,18,0,1
"S.A.b",56,300,0.5,"TRUE","TRUE","FALSE","17.4189438561905","9.07995421401385","8.3389896421766","5.842","0.257","0.718","1,2,3,4,5,6,7,8,9,161,162,163,164,165,166,167,168",0.00119356089566649,FALSE,0,1,17,0,17,0,0.944444444444444
"S.A.b",57,300,0.5,"TRUE","TRUE","FALSE","18.1582996473444","9.08265916702452","9.07564048031989","5.276","0.221","0.603","1,2,3,4,5,6,7,8,9,160,161,162,163,164,165,166,167,168",0.000383701907624826,TRUE,0,0,18,0,18,0,1
"S.A.b",58,300,0.5,"TRUE","TRUE","FALSE","18.1739412088361","9.11670875691403","9.05723245192211","5.566","0.152","0.468","1,2,3,4,5,6,7,8,9,160,161,162,163,164,165,166,167,168",0.000327320740632644,TRUE,0,0,18,0,18,0,1
"S.A.b",59,300,0.5,"TRUE","TRUE","FALSE","17.5127090054627","8.44129999086013","9.07140901460262","4.414","0.203","0.748","2,3,4,5,6,7,8,9,160,161,162,163,164,165,166,167,168",0.00129480287866792,FALSE,0,1,17,0,17,0,0.944444444444444
"S.A.b",6,300,0.5,"TRUE","TRUE","FALSE","18.1310999188914","9.04348072237559","9.08761919651585","4.675","0.351","0.944","1,2,3,4,5,6,7,8,9,160,161,162,163,164,165,166,167,168",0.000274028869420663,TRUE,0,0,18,0,18,0,1
"S.A.b",60,300,0.5,"TRUE","TRUE","FALSE","18.1005096426109","9.05980563870524","9.04070400390571","4.748","0.242","0.784","1,2,3,4,5,6,7,8,9,160,161,162,163,164,165,166,167,168",0.000335018942043346,TRUE,0,0,18,0,18,0,1
"S.A.b",61,300,0.5,"TRUE","TRUE","FALSE","18.0940477816428","9.13577196176134","8.95827581988145","5.856","0.171","0.663","1,2,3,4,5,6,7,8,9,160,161,162,163,164,165,166,167,168",0.000477328404308006,TRUE,0,0,18,0,18,0,1
"S.A.b",62,300,0.5,"TRUE","TRUE","FALSE","17.125330102828","9.04270361697048","8.0826264858575","3.929","0.168","0.59","1,2,3,4,5,6,7,8,9,161,162,163,164,165,166,167,168",0.00130303198206208,FALSE,0,1,17,0,17,0,0.944444444444444
"S.A.b",63,300,0.5,"TRUE","TRUE","FALSE","18.1392920104479","9.058161344976","9.08113066547185","3.508","0.17","0.55","1,2,3,4,5,6,7,8,9,160,161,162,163,164,165,166,167,168",0.000392951963407564,TRUE,0,0,18,0,18,0,1
"S.A.b",64,300,0.5,"TRUE","TRUE","FALSE","18.1541540798889","9.0908691005761","9.06328497931281","3.437","0.204","0.632","1,2,3,4,5,6,7,8,9,160,161,162,163,164,165,166,167,168",0.000300954219922805,TRUE,0,0,18,0,18,0,1
"S.A.b",65,300,0.5,"TRUE","TRUE","FALSE","17.1584699931707","9.06104310698571","8.09742688618494","4.631","0.169","0.638","1,2,3,4,5,6,7,8,9,161,162,163,164,165,166,167,168",0.0013091201005333,FALSE,0,1,17,0,17,0,0.944444444444444
"S.A.b",66,300,0.5,"TRUE","TRUE","FALSE","18.0811423776578","8.5211074446093","9.56003493304849","5.825","0.245","0.7","1,2,3,4,6,7,8,9,160,161,162,163,164,165,166,167,168,306",0.00142138187638143,FALSE,1,1,18,1,17,0.0555555555555556,0.944444444444444
"S.A.b",67,300,0.5,"TRUE","TRUE","FALSE","18.2664757582211","9.12988653961741","9.13658921860365","6.199","0.254","0.788","1,2,3,4,5,6,7,8,9,160,161,162,163,164,165,166,167,168",0.000284656445697503,TRUE,0,0,18,0,18,0,1
"S.A.b",68,300,0.5,"TRUE","TRUE","FALSE","18.1140613343613","9.03371227856742","9.08034905579384","4.341","0.178","0.668","1,2,3,4,5,6,7,8,9,160,161,162,163,164,165,166,167,168",0.000474568185507849,TRUE,0,0,18,0,18,0,1
"S.A.b",69,300,0.5,"TRUE","TRUE","FALSE","17.8219462470147","9.08121717092152","8.74072907609316","5.167","0.243","0.741","1,2,3,4,5,6,7,8,9,160,161,162,163,164,165,166,167,168",0.000425720136678621,TRUE,0,0,18,0,18,0,1
"S.A.b",7,300,0.5,"TRUE","TRUE","FALSE","18.4282176338403","9.14898433709103","9.27923329674931","6.276","0.22","0.896","1,2,3,4,5,6,7,8,9,160,161,162,163,164,165,166,167,168",0.000336669237593705,TRUE,0,0,18,0,18,0,1
"S.A.b",70,300,0.5,"TRUE","TRUE","FALSE","18.1142468407362","9.05302806972201","9.0612187710142","5.352","0.258","0.659","1,2,3,4,5,6,7,8,9,160,161,162,163,164,165,166,167,168",0.000307598083139314,TRUE,0,0,18,0,18,0,1
"S.A.b",71,300,0.5,"TRUE","TRUE","FALSE","18.1381313513231","9.20990234745426","8.92822900386887","5.972","0.191","0.731","1,2,3,4,5,6,7,8,9,160,161,162,163,164,165,166,167,168",0.000428895798840939,TRUE,0,0,18,0,18,0,1
"S.A.b",72,300,0.5,"TRUE","TRUE","FALSE","17.6015854434953","8.85993184852375","8.74165359497151","5.969","0.307","0.627","1,2,3,4,5,6,7,8,9,160,161,162,163,164,165,166,167,168",0.000583482853230154,TRUE,0,0,18,0,18,0,1
"S.A.b",73,300,0.5,"TRUE","TRUE","FALSE","18.1687111033431","9.08404661806152","9.08466448528162","4.003","0.242","0.679","1,2,3,4,5,6,7,8,9,160,161,162,163,164,165,166,167,168",0.000563562989029457,TRUE,0,0,18,0,18,0,1
"S.A.b",74,300,0.5,"TRUE","TRUE","FALSE","18.1428729570703","9.06285043418633","9.08002252288392","4.614","0.149","0.505","1,2,3,4,5,6,7,8,9,160,161,162,163,164,165,166,167,168",0.00056212216340629,TRUE,0,0,18,0,18,0,1
"S.A.b",75,300,0.5,"TRUE","TRUE","FALSE","18.1383131226344","9.06060541099142","9.07770771164301","3.545","0.21","0.595","1,2,3,4,5,6,7,8,9,160,161,162,163,164,165,166,167,168",0.000350535736017101,TRUE,0,0,18,0,18,0,1
"S.A.b",76,300,0.5,"TRUE","TRUE","FALSE","18.233062349434","9.13340815987695","9.09965418955701","4.523","0.24","0.722","1,2,3,4,5,6,7,8,9,160,161,162,163,164,165,166,167,168",0.000287913847673756,TRUE,0,0,18,0,18,0,1
"S.A.b",77,300,0.5,"TRUE","TRUE","FALSE","18.1154030296487","9.04986037487563","9.06554265477305","4.656","0.212","0.673","1,2,3,4,5,6,7,8,9,160,161,162,163,164,165,166,167,168",0.000259992408091481,TRUE,0,0,18,0,18,0,1
"S.A.b",78,300,0.5,"TRUE","TRUE","FALSE","18.1221150636413","9.07894835552792","9.04316670811343","4.016","0.223","0.91","1,2,3,4,5,6,7,8,9,160,161,162,163,164,165,166,167,168",0.000290004351283095,TRUE,0,0,18,0,18,0,1
"S.A.b",79,300,0.5,"TRUE","TRUE","FALSE","18.1376608044592","9.06983141378974","9.06782939066945","4.409","0.174","1.109","1,2,3,4,5,6,7,8,9,160,161,162,163,164,165,166,167,168",0.000349407837340832,TRUE,0,0,18,0,18,0,1
"S.A.b",8,300,0.5,"TRUE","TRUE","FALSE","18.1235735969362","9.06071926823433","9.06285432870182","5.02","0.238","0.915","1,2,3,4,5,6,7,8,9,160,161,162,163,164,165,166,167,168",0.000425093114926264,TRUE,0,0,18,0,18,0,1
"S.A.b",80,300,0.5,"TRUE","TRUE","FALSE","17.6779377631834","8.49587976743201","9.18205799575135","5.312","0.269","0.764","1,2,3,4,5,6,7,8,9,160,161,162,163,164,165,166,167,168",0.000494344327524615,TRUE,0,0,18,0,18,0,1
"S.A.b",81,300,0.5,"TRUE","TRUE","FALSE","17.4474578498024","8.73212199157449","8.71533585822794","6.544","0.249","0.748","1,2,3,4,5,6,7,8,9,160,161,162,163,164,165,166,167,168",0.000405193257626526,TRUE,0,0,18,0,18,0,1
"S.A.b",82,300,0.5,"TRUE","TRUE","FALSE","18.2018124927542","9.09601594559701","9.10579654715719","3.959","0.179","0.733","1,2,3,4,5,6,7,8,9,160,161,162,163,164,165,166,167,168",0.000354402996192977,TRUE,0,0,18,0,18,0,1
"S.A.b",83,300,0.5,"TRUE","TRUE","FALSE","18.2214360382184","9.15608815226943","9.06534788594894","4.621","0.198","0.829","1,2,3,4,5,6,7,8,9,160,161,162,163,164,165,166,167,168",0.000377175657730406,TRUE,0,0,18,0,18,0,1
"S.A.b",84,300,0.5,"TRUE","TRUE","FALSE","18.0758684172759","9.00303518883364","9.07283322844225","5.101","0.241","0.851","1,2,3,4,5,6,7,8,9,160,161,162,163,164,165,166,167,168",0.000176837014555594,TRUE,0,0,18,0,18,0,1
"S.A.b",85,300,0.5,"TRUE","TRUE","FALSE","17.7321691487954","8.67102376961619","9.06114537917923","7.352","0.254","0.841","1,2,3,4,5,6,7,8,9,160,161,162,163,164,165,166,167,168",0.000351905109212016,TRUE,0,0,18,0,18,0,1
"S.A.b",86,300,0.5,"TRUE","TRUE","FALSE","18.118925620395","9.05898120189009","9.05994441850489","4.023","0.247","0.643","1,2,3,4,5,6,7,8,9,160,161,162,163,164,165,166,167,168",0.000250006312370918,TRUE,0,0,18,0,18,0,1
"S.A.b",87,300,0.5,"TRUE","TRUE","FALSE","18.175099279591","9.09727859431014","9.07782068528091","3.943","0.147","0.486","1,2,3,4,5,6,7,8,9,160,161,162,163,164,165,166,167,168",0.000339751773021679,TRUE,0,0,18,0,18,0,1
"S.A.b",88,300,0.5,"TRUE","TRUE","FALSE","18.1257039531834","9.05718618856323","9.06851776462019","4.442","0.198","0.792","1,2,3,4,5,6,7,8,9,160,161,162,163,164,165,166,167,168",0.000346067091880828,TRUE,0,0,18,0,18,0,1
"S.A.b",89,300,0.5,"TRUE","TRUE","FALSE","18.1425193867824","9.06861165996588","9.07390772681648","5.476","0.21","0.69","1,2,3,4,5,6,7,8,9,160,161,162,163,164,165,166,167,168",0.000497693109506054,TRUE,0,0,18,0,18,0,1
"S.A.b",9,300,0.5,"TRUE","TRUE","FALSE","17.9489980839188","8.86626275895918","9.08273532495963","6.005","0.236","0.835","1,2,3,4,5,6,7,8,9,160,161,162,163,164,165,166,167,168",0.000619303221147807,TRUE,0,0,18,0,18,0,1
"S.A.b",90,300,0.5,"TRUE","TRUE","FALSE","17.2733005955025","9.03902940130062","8.23427119420184","4.523","0.212","0.697","1,2,3,4,5,6,7,8,9,161,162,163,164,165,166,167,168",0.0011856510001304,FALSE,0,1,17,0,17,0,0.944444444444444
"S.A.b",91,300,0.5,"TRUE","TRUE","FALSE","18.1323837040068","9.05938229972762","9.07300140427915","4.043","0.185","0.567","1,2,3,4,5,6,7,8,9,160,161,162,163,164,165,166,167,168",0.000315384026778316,TRUE,0,0,18,0,18,0,1
"S.A.b",92,300,0.5,"TRUE","TRUE","FALSE","17.9699776930742","8.91782316186733","9.05215453120684","4.845","0.179","0.661","1,2,3,4,5,6,7,8,9,160,161,162,163,164,165,166,167,168",0.000429750596894936,TRUE,0,0,18,0,18,0,1
"S.A.b",93,300,0.5,"TRUE","TRUE","FALSE","18.0508534224993","9.21576054404053","8.83509287845875","6.2","0.217","0.818","1,2,3,4,5,6,7,8,9,160,161,162,163,164,165,166,167,168",0.000340168534455067,TRUE,0,0,18,0,18,0,1
"S.A.b",94,300,0.5,"TRUE","TRUE","FALSE","17.8660511955517","8.77661604557978","9.08943514997188","4.885","0.192","0.672","1,2,3,4,5,6,7,8,9,160,161,162,163,164,165,166,167,168",0.00057302198403525,TRUE,0,0,18,0,18,0,1
"S.A.b",95,300,0.5,"TRUE","TRUE","FALSE","18.0927616572091","9.03821502134996","9.05454663585913","4.087","0.199","0.64","1,2,3,4,5,6,7,8,9,160,161,162,163,164,165,166,167,168",0.000354016575976833,TRUE,0,0,18,0,18,0,1
"S.A.b",96,300,0.5,"TRUE","TRUE","FALSE","18.2673950946208","9.1910349727668","9.07636012185403","6.683","0.289","0.936","1,2,3,4,5,6,7,8,9,160,161,162,163,164,165,166,167,168,258",0.000611607234189692,FALSE,1,0,19,1,18,0.0526315789473684,1
"S.A.b",97,300,0.5,"TRUE","TRUE","FALSE","18.1650424003441","9.06487094944644","9.10017145089761","4.514","0.161","0.909","1,2,3,4,5,6,7,8,9,160,161,162,163,164,165,166,167,168",0.000433751611340201,TRUE,0,0,18,0,18,0,1
"S.A.b",98,300,0.5,"TRUE","TRUE","FALSE","17.4262189184712","8.24409193925034","9.18212697922083","6.129","0.221","0.67","1,2,3,4,6,7,8,9,160,161,162,163,164,165,166,167,168",0.0015432994761629,FALSE,0,1,17,0,17,0,0.944444444444444
"S.A.b",99,300,0.5,"TRUE","TRUE","FALSE","18.190774709946","9.02822332859858","9.16255138134744","5.063","0.164","0.668","1,2,3,4,5,6,7,8,9,160,161,162,163,164,165,166,167,168",0.000179310212288355,TRUE,0,0,18,0,18,0,1
"S.EB",1,300,0.5,"TRUE","TRUE","FALSE","17.3992705295085","8.6761301879379","8.72314034157063","6.375","0.233","0.797","1,2,3,4,5,6,7,8,9,160,161,162,163,164,165,166,167,168",0.000489119054076153,TRUE,0,0,18,0,18,0,1
"S.EB",10,300,0.5,"TRUE","TRUE","FALSE","17.6692190097831","8.61680930115876","9.05240970862437","5.884","0.241","0.724","1,2,3,4,5,6,7,8,9,160,161,162,163,164,165,166,167,168",0.000245278524267066,TRUE,0,0,18,0,18,0,1
"S.EB",100,300,0.5,"TRUE","TRUE","FALSE","17.4602220086689","9.06680051031999","8.3934214983489","4.984","0.173","0.619","1,2,3,4,5,6,7,8,9,160,161,162,163,164,165,166,167,168",0.000647983617764706,TRUE,0,0,18,0,18,0,1
"S.EB",11,300,0.5,"TRUE","TRUE","FALSE","18.118771450866","9.0589017890942","9.05986966177175","5.174","0.329","0.889","1,2,3,4,5,6,7,8,9,160,161,162,163,164,165,166,167,168",0.000200519334921894,TRUE,0,0,18,0,18,0,1
"S.EB",12,300,0.5,"TRUE","TRUE","FALSE","18.1482100042973","9.09189689445302","9.05631310984424","5.655","0.254","0.895","1,2,3,4,5,6,7,8,9,160,161,162,163,164,165,166,167,168,293",0.000716112611572569,FALSE,1,0,19,1,18,0.0526315789473684,1
"S.EB",13,300,0.5,"TRUE","TRUE","FALSE","18.1157826938769","9.0620220416972","9.05376065217971","4.568","0.214","0.758","1,2,3,4,5,6,7,8,9,160,161,162,163,164,165,166,167,168",0.000482463485324846,TRUE,0,0,18,0,18,0,1
"S.EB",14,300,0.5,"TRUE","TRUE","FALSE","17.2632403425107","8.2111462129357","9.05209412957503","5.034","0.246","0.843","1,2,3,4,5,6,7,8,9,160,161,162,163,164,165,166,167,168",0.000525681738319688,TRUE,0,0,18,0,18,0,1
"S.EB",15,300,0.5,"TRUE","TRUE","FALSE","18.1180709155008","9.06391997857396","9.05415093692685","4.621","0.231","0.725","1,2,3,4,5,6,7,8,9,160,161,162,163,164,165,166,167,168",0.000405553036405782,TRUE,0,0,18,0,18,0,1
"S.EB",16,300,0.5,"TRUE","TRUE","FALSE","18.1106322183854","9.07403218173099","9.03660003665442","5.135","0.214","0.705","1,2,3,4,5,6,7,8,9,160,161,162,163,164,165,166,167,168",0.000294257869274287,TRUE,0,0,18,0,18,0,1
"S.EB",17,300,0.5,"TRUE","TRUE","FALSE","18.1362238749014","9.06966428948108","9.0665595854203","4.484","0.236","0.681","1,2,3,4,5,6,7,8,9,160,161,162,163,164,165,166,167,168",0.000492581904980689,TRUE,0,0,18,0,18,0,1
"S.EB",18,300,0.5,"TRUE","TRUE","FALSE","18.1403364270829","9.06187677372454","9.07845965335837","4.675","0.228","0.719","1,2,3,4,5,6,7,8,9,160,161,162,163,164,165,166,167,168",0.000536467132036482,TRUE,0,0,18,0,18,0,1
"S.EB",19,300,0.5,"TRUE","TRUE","FALSE","17.1950705275132","8.74903605850978","8.44603446900344","7.203","0.236","0.863","1,2,3,4,5,6,7,8,9,160,161,162,163,164,165,166,167,168",0.000528462202663396,TRUE,0,0,18,0,18,0,1
"S.EB",2,300,0.5,"TRUE","TRUE","FALSE","18.000419523057","9.0773341941176","8.92308532893942","5.412","0.232","0.727","1,2,3,4,5,6,7,8,9,160,161,162,163,164,165,166,167,168",0.000235987059290698,TRUE,0,0,18,0,18,0,1
"S.EB",20,300,0.5,"TRUE","TRUE","FALSE","18.2214792180316","9.13209439983436","9.0893848181972","5.053","0.234","0.708","1,2,3,4,5,6,7,8,9,37,160,161,162,163,164,165,166,167,168",0.000556047944740186,FALSE,1,0,19,1,18,0.0526315789473684,1
"S.EB",21,300,0.5,"TRUE","TRUE","FALSE","18.1582006987347","8.92496471822253","9.2332359805122","6.375","0.24","0.842","1,2,3,4,5,6,7,8,9,160,161,162,163,164,165,166,167,168,236,262",0.00111357481883108,FALSE,2,0,20,2,18,0.1,1
"S.EB",22,300,0.5,"TRUE","TRUE","FALSE","17.7646712092658","9.09505345110338","8.66961775816246","6.431","0.227","0.859","1,2,3,4,5,6,7,8,9,160,161,162,163,164,165,166,167,168",0.000426042553425777,TRUE,0,0,18,0,18,0,1
"S.EB",23,300,0.5,"TRUE","TRUE","FALSE","18.08296193226","9.04620749023209","9.03675444202787","4.583","0.261","0.799","1,2,3,4,5,6,7,8,9,160,161,162,163,164,165,166,167,168",0.000376371487421303,TRUE,0,0,18,0,18,0,1
"S.EB",24,300,0.5,"TRUE","TRUE","FALSE","17.7783264902013","8.878006115772","8.90032037442934","5.835","0.211","0.724","1,2,3,4,5,6,7,8,9,160,161,162,163,164,165,166,167,168",0.000483694713020469,TRUE,0,0,18,0,18,0,1
"S.EB",25,300,0.5,"TRUE","TRUE","FALSE","17.2303731422184","8.33529795359609","8.89507518862227","5.957","0.232","0.768","1,2,3,4,5,6,7,8,9,160,161,162,163,164,165,166,167,168",0.000305619329545988,TRUE,0,0,18,0,18,0,1
"S.EB",26,300,0.5,"TRUE","TRUE","FALSE","18.2399736876658","9.148858495003","9.09111519266283","5.283","0.223","0.9","1,2,3,4,5,6,7,8,9,49,160,161,162,163,164,165,166,167,168",0.00053501600644221,FALSE,1,0,19,1,18,0.0526315789473684,1
"S.EB",27,300,0.5,"TRUE","TRUE","FALSE","18.0706676984738","9.07872191631018","8.9919457821636","5.289","0.24","0.745","1,2,3,4,5,6,7,8,9,160,161,162,163,164,165,166,167,168",0.000409671209555035,TRUE,0,0,18,0,18,0,1
"S.EB",28,300,0.5,"TRUE","TRUE","FALSE","18.1461419859245","9.08035224751848","9.06578973840606","4.873","0.23","0.893","1,2,3,4,5,6,7,8,9,160,161,162,163,164,165,166,167,168",0.000341358231697257,TRUE,0,0,18,0,18,0,1
"S.EB",29,300,0.5,"TRUE","TRUE","FALSE","17.1982007595514","9.08220904625016","8.11599171330126","5.349","0.236","0.773","1,2,3,4,5,6,7,8,9,161,162,163,164,165,166,167,168",0.00115759191107237,FALSE,0,1,17,0,17,0,0.944444444444444
"S.EB",3,300,0.5,"TRUE","TRUE","FALSE","18.1837344500529","9.05838080703804","9.12535364301485","5.285","0.289","0.82","1,2,3,4,5,6,7,8,9,160,161,162,163,164,165,166,167,168,207",0.000674135592976088,FALSE,1,0,19,1,18,0.0526315789473684,1
"S.EB",30,300,0.5,"TRUE","TRUE","FALSE","17.8274721038006","8.75135565731884","9.07611644648175","6.515","0.243","0.885","1,2,3,4,5,6,7,8,9,157,160,161,162,163,164,165,166,167,168",0.00106574487867216,FALSE,1,0,19,1,18,0.0526315789473684,1
"S.EB",31,300,0.5,"TRUE","TRUE","FALSE","17.6326601726799","9.36359972741571","8.26906044526422","6.471","0.218","0.697","1,2,3,4,5,6,7,8,9,105,160,161,162,163,164,165,166,167,168",0.000933355797158856,FALSE,1,0,19,1,18,0.0526315789473684,1
"S.EB",32,300,0.5,"TRUE","TRUE","FALSE","18.1503077247149","9.05780158882251","9.09250613589242","5.381","0.278","0.991","1,2,3,4,5,6,7,8,9,160,161,162,163,164,165,166,167,168",0.000218162676357373,TRUE,0,0,18,0,18,0,1
"S.EB",33,300,0.5,"TRUE","TRUE","FALSE","18.1496274466009","9.05897730187063","9.09065014473027","5.351","0.24","0.757","1,2,3,4,5,6,7,8,9,160,161,162,163,164,165,166,167,168",0.000289075865064838,TRUE,0,0,18,0,18,0,1
"S.EB",34,300,0.5,"TRUE","TRUE","FALSE","18.0046221666469","9.0891030046319","8.91551916201505","5.976","0.228","0.804","1,2,3,4,5,6,7,8,9,160,161,162,163,164,165,166,167,168",0.00021427179660015,TRUE,0,0,18,0,18,0,1
"S.EB",35,300,0.5,"TRUE","TRUE","FALSE","18.2377410960386","9.08299811499703","9.15474298104159","5.672","0.294","0.865","1,2,3,4,5,6,7,8,9,160,161,162,163,164,165,166,167,168,201",0.000480997040220855,FALSE,1,0,19,1,18,0.0526315789473684,1
"S.EB",36,300,0.5,"TRUE","TRUE","FALSE","18.5797626468354","9.48217404638508","9.09758860045029","6.493","0.219","1.024","1,2,3,4,5,6,7,8,9,137,160,161,162,163,164,165,166,167,168",0.000572131487047356,FALSE,1,0,19,1,18,0.0526315789473684,1
"S.EB",37,300,0.5,"TRUE","TRUE","FALSE","18.2926975415196","9.2290995387143","9.06359800280532","5.236","0.167","0.631","1,2,3,4,5,6,7,8,9,43,160,161,162,163,164,165,166,167,168",0.000749755186559767,FALSE,1,0,19,1,18,0.0526315789473684,1
"S.EB",38,300,0.5,"TRUE","TRUE","FALSE","18.6019818627064","9.08260498554648","9.51937687715996","4.611","0.168","0.612","1,2,3,4,5,6,7,8,9,160,161,162,163,164,165,166,167,168,272",0.000479899513637406,FALSE,1,0,19,1,18,0.0526315789473684,1
"S.EB",39,300,0.5,"TRUE","TRUE","FALSE","17.8673006378341","9.15574849803667","8.7115521397974","4.313","0.169","0.548","1,2,3,4,5,6,7,8,9,48,160,161,162,163,164,165,166,167,168",0.000524454120723207,FALSE,1,0,19,1,18,0.0526315789473684,1
"S.EB",4,300,0.5,"TRUE","TRUE","FALSE","18.0983103274693","9.01012904031579","9.08818128715347","5.516","0.224","0.747","1,2,3,4,5,6,7,8,9,160,161,162,163,164,165,166,167,168",0.000553920484730365,TRUE,0,0,18,0,18,0,1
"S.EB",40,300,0.5,"TRUE","TRUE","FALSE","18.1101836842141","9.0657059554917","9.04447772872238","3.069","0.17","0.493","1,2,3,4,5,6,7,8,9,160,161,162,163,164,165,166,167,168",0.000397824178751901,TRUE,0,0,18,0,18,0,1
"S.EB",41,300,0.5,"TRUE","TRUE","FALSE","18.328538815632","9.18001577402397","9.14852304160799","3.823","0.158","0.54","1,2,3,4,5,6,7,8,9,68,160,161,162,163,164,165,166,167,168,298",0.00120539924973038,FALSE,2,0,20,2,18,0.1,1
"S.EB",42,300,0.5,"TRUE","TRUE","FALSE","17.9343663564805","8.80967151546787","9.12469484101262","3.859","0.148","0.544","1,2,3,4,5,6,7,8,9,160,161,162,163,164,165,166,167,168",0.000219595646393078,TRUE,0,0,18,0,18,0,1
"S.EB",43,300,0.5,"TRUE","TRUE","FALSE","17.844414267938","9.04574832536582","8.79866594257214","3.838","0.18","0.585","1,2,3,4,5,6,7,8,9,160,161,162,163,164,165,166,167,168",0.0004731101888744,TRUE,0,0,18,0,18,0,1
"S.EB",44,300,0.5,"TRUE","TRUE","FALSE","18.0899277592463","9.06161222678801","9.02831553245827","3.242","0.153","0.549","1,2,3,4,5,6,7,8,9,160,161,162,163,164,165,166,167,168",0.000287206795654434,TRUE,0,0,18,0,18,0,1
"S.EB",45,300,0.5,"TRUE","TRUE","FALSE","18.2272178572626","9.12894227777533","9.09827557948724","3.964","0.172","0.622","1,2,3,4,5,6,7,8,9,100,160,161,162,163,164,165,166,167,168",0.000595977685849035,FALSE,1,0,19,1,18,0.0526315789473684,1
"S.EB",46,300,0.5,"TRUE","TRUE","FALSE","17.4957632848538","8.41761184573704","9.07815143911679","4.007","0.164","0.555","1,2,3,4,5,6,7,8,9,160,161,162,163,164,165,166,167,168",0.000421805160361841,TRUE,0,0,18,0,18,0,1
"S.EB",47,300,0.5,"TRUE","TRUE","FALSE","18.122718676721","9.06384897600152","9.05886970071948","3.278","0.201","0.757","1,2,3,4,5,6,7,8,9,160,161,162,163,164,165,166,167,168",0.000166744420826888,TRUE,0,0,18,0,18,0,1
"S.EB",48,300,0.5,"TRUE","TRUE","FALSE","18.0317724651528","9.00094763257194","9.03082483258087","4.874","0.195","0.681","1,2,3,4,5,6,7,8,9,160,161,162,163,164,165,166,167,168",0.000298913766687851,TRUE,0,0,18,0,18,0,1
"S.EB",49,300,0.5,"TRUE","TRUE","FALSE","17.6621106160063","8.47707839718717","9.18503221881909","5.998","0.35","1.147","1,2,3,4,5,6,7,8,9,160,161,162,163,164,165,166,167,168,317",0.00101213550727912,FALSE,1,0,19,1,18,0.0526315789473684,1
"S.EB",5,300,0.5,"TRUE","TRUE","FALSE","18.5123859638101","9.04595222623094","9.46643373757919","6.383","0.215","1.119","1,2,3,4,5,6,7,8,9,160,161,162,163,164,165,166,167,168,317",0.000789692451485011,FALSE,1,0,19,1,18,0.0526315789473684,1
"S.EB",50,300,0.5,"TRUE","TRUE","FALSE","18.3967648127177","9.08613392543581","9.31063088728194","4.97","0.168","0.514","1,2,3,4,5,6,7,8,9,160,161,162,163,164,165,166,167,168,174,280",0.000989110982203361,FALSE,2,0,20,2,18,0.1,1
"S.EB",51,300,0.5,"TRUE","TRUE","FALSE","18.1618375077504","9.08974598328404","9.07209152446638","3.548","0.17","0.62","1,2,3,4,5,6,7,8,9,160,161,162,163,164,165,166,167,168",0.000227183396416007,TRUE,0,0,18,0,18,0,1
"S.EB",52,300,0.5,"TRUE","TRUE","FALSE","18.0957867258778","9.02422400994882","9.07156271592898","3.73","0.188","0.577","1,2,3,4,5,6,7,8,9,160,161,162,163,164,165,166,167,168",0.000370701055806604,TRUE,0,0,18,0,18,0,1
"S.EB",53,300,0.5,"TRUE","TRUE","FALSE","17.601942507476","8.52895522316121","9.0729872843148","4.354","0.161","0.535","1,2,3,4,5,6,7,8,9,160,161,162,163,164,165,166,167,168",0.000369750103309095,TRUE,0,0,18,0,18,0,1
"S.EB",54,300,0.5,"TRUE","TRUE","FALSE","18.1624757656621","9.10278314104572","9.05969262461637","3.96","0.17","0.572","1,2,3,4,5,6,7,8,9,160,161,162,163,164,165,166,167,168",0.000148593297843186,TRUE,0,0,18,0,18,0,1
"S.EB",55,300,0.5,"TRUE","TRUE","FALSE","18.1795118123678","9.09141783009339","9.08809398227439","4.634","0.19","0.94","1,2,3,4,5,6,7,8,9,160,161,162,163,164,165,166,167,168",0.000401491552815973,TRUE,0,0,18,0,18,0,1
"S.EB",56,300,0.5,"TRUE","TRUE","FALSE","17.4189438561905","9.07995421401385","8.3389896421766","5.842","0.257","0.718","1,2,3,4,5,6,7,8,9,160,161,162,163,164,165,166,167,168",0.000515571510764395,TRUE,0,0,18,0,18,0,1
"S.EB",57,300,0.5,"TRUE","TRUE","FALSE","18.1582996473444","9.08265916702452","9.07564048031989","5.276","0.221","0.603","1,2,3,4,5,6,7,8,9,160,161,162,163,164,165,166,167,168",0.000383701907624826,TRUE,0,0,18,0,18,0,1
"S.EB",58,300,0.5,"TRUE","TRUE","FALSE","18.1739412088361","9.11670875691403","9.05723245192211","5.566","0.152","0.468","1,2,3,4,5,6,7,8,9,160,161,162,163,164,165,166,167,168",0.000327320740632644,TRUE,0,0,18,0,18,0,1
"S.EB",59,300,0.5,"TRUE","TRUE","FALSE","17.5127090054627","8.44129999086013","9.07140901460262","4.414","0.203","0.748","1,2,3,4,5,6,7,8,9,23,160,161,162,163,164,165,166,167,168",0.000730619495366606,FALSE,1,0,19,1,18,0.0526315789473684,1
"S.EB",6,300,0.5,"TRUE","TRUE","FALSE","18.1310999188914","9.04348072237559","9.08761919651585","4.675","0.351","0.944","1,2,3,4,5,6,7,8,9,160,161,162,163,164,165,166,167,168",0.000274028869420663,TRUE,0,0,18,0,18,0,1
"S.EB",60,300,0.5,"TRUE","TRUE","FALSE","18.1005096426109","9.05980563870524","9.04070400390571","4.748","0.242","0.784","1,2,3,4,5,6,7,8,9,160,161,162,163,164,165,166,167,168",0.000335018942043346,TRUE,0,0,18,0,18,0,1
"S.EB",61,300,0.5,"TRUE","TRUE","FALSE","18.0940477816428","9.13577196176134","8.95827581988145","5.856","0.171","0.663","1,2,3,4,5,6,7,8,9,160,161,162,163,164,165,166,167,168",0.000477328404308006,TRUE,0,0,18,0,18,0,1
"S.EB",62,300,0.5,"TRUE","TRUE","FALSE","17.125330102828","9.04270361697048","8.0826264858575","3.929","0.168","0.59","1,2,3,4,5,6,7,8,9,161,162,163,164,165,166,167,168",0.00130303198206208,FALSE,0,1,17,0,17,0,0.944444444444444
"S.EB",63,300,0.5,"TRUE","TRUE","FALSE","18.1392920104479","9.058161344976","9.08113066547185","3.508","0.17","0.55","1,2,3,4,5,6,7,8,9,160,161,162,163,164,165,166,167,168",0.000392951963407564,TRUE,0,0,18,0,18,0,1
"S.EB",64,300,0.5,"TRUE","TRUE","FALSE","18.1541540798889","9.0908691005761","9.06328497931281","3.437","0.204","0.632","1,2,3,4,5,6,7,8,9,160,161,162,163,164,165,166,167,168",0.000300954219922805,TRUE,0,0,18,0,18,0,1
"S.EB",65,300,0.5,"TRUE","TRUE","FALSE","17.1584699931707","9.06104310698571","8.09742688618494","4.631","0.169","0.638","1,2,3,4,5,6,7,8,9,161,162,163,164,165,166,167,168",0.0013091201005333,FALSE,0,1,17,0,17,0,0.944444444444444
"S.EB",66,300,0.5,"TRUE","TRUE","FALSE","18.0811423776578","8.5211074446093","9.56003493304849","5.825","0.245","0.7","1,2,3,4,5,6,7,8,9,39,160,161,162,163,164,165,166,167,168,306",0.000940310726079338,FALSE,2,0,20,2,18,0.1,1
"S.EB",67,300,0.5,"TRUE","TRUE","FALSE","18.2664757582211","9.12988653961741","9.13658921860365","6.199","0.254","0.788","1,2,3,4,5,6,7,8,9,88,160,161,162,163,164,165,166,167,168,260",0.000921768603474655,FALSE,2,0,20,2,18,0.1,1
"S.EB",68,300,0.5,"TRUE","TRUE","FALSE","18.1140613343613","9.03371227856742","9.08034905579384","4.341","0.178","0.668","1,2,3,4,5,6,7,8,9,160,161,162,163,164,165,166,167,168",0.000474568185507849,TRUE,0,0,18,0,18,0,1
"S.EB",69,300,0.5,"TRUE","TRUE","FALSE","17.8219462470147","9.08121717092152","8.74072907609316","5.167","0.243","0.741","1,2,3,4,5,6,7,8,9,160,161,162,163,164,165,166,167,168",0.000425720136678621,TRUE,0,0,18,0,18,0,1
"S.EB",7,300,0.5,"TRUE","TRUE","FALSE","18.4282176338403","9.14898433709103","9.27923329674931","6.276","0.22","0.896","1,2,3,4,5,6,7,8,9,51,160,161,162,163,164,165,166,167,168,221",0.000913746886679462,FALSE,2,0,20,2,18,0.1,1
"S.EB",70,300,0.5,"TRUE","TRUE","FALSE","18.1142468407362","9.05302806972201","9.0612187710142","5.352","0.258","0.659","1,2,3,4,5,6,7,8,9,160,161,162,163,164,165,166,167,168",0.000307598083139314,TRUE,0,0,18,0,18,0,1
"S.EB",71,300,0.5,"TRUE","TRUE","FALSE","18.1381313513231","9.20990234745426","8.92822900386887","5.972","0.191","0.731","1,2,3,4,5,6,7,8,9,25,160,161,162,163,164,165,166,167,168",0.000738050338271175,FALSE,1,0,19,1,18,0.0526315789473684,1
"S.EB",72,300,0.5,"TRUE","TRUE","FALSE","17.6015854434953","8.85993184852375","8.74165359497151","5.969","0.307","0.627","1,2,3,4,5,6,7,8,9,160,161,162,163,164,165,166,167,168",0.000583482853230154,TRUE,0,0,18,0,18,0,1
"S.EB",73,300,0.5,"TRUE","TRUE","FALSE","18.1687111033431","9.08404661806152","9.08466448528162","4.003","0.242","0.679","1,2,3,4,5,6,7,8,9,160,161,162,163,164,165,166,167,168",0.000563562989029457,TRUE,0,0,18,0,18,0,1
"S.EB",74,300,0.5,"TRUE","TRUE","FALSE","18.1428729570703","9.06285043418633","9.08002252288392","4.614","0.149","0.505","1,2,3,4,5,6,7,8,9,160,161,162,163,164,165,166,167,168",0.00056212216340629,TRUE,0,0,18,0,18,0,1
"S.EB",75,300,0.5,"TRUE","TRUE","FALSE","18.1383131226344","9.06060541099142","9.07770771164301","3.545","0.21","0.595","1,2,3,4,5,6,7,8,9,160,161,162,163,164,165,166,167,168",0.000350535736017101,TRUE,0,0,18,0,18,0,1
"S.EB",76,300,0.5,"TRUE","TRUE","FALSE","18.233062349434","9.13340815987695","9.09965418955701","4.523","0.24","0.722","1,2,3,4,5,6,7,8,9,61,160,161,162,163,164,165,166,167,168",0.000528369706544725,FALSE,1,0,19,1,18,0.0526315789473684,1
"S.EB",77,300,0.5,"TRUE","TRUE","FALSE","18.1154030296487","9.04986037487563","9.06554265477305","4.656","0.212","0.673","1,2,3,4,5,6,7,8,9,160,161,162,163,164,165,166,167,168",0.000259992408091481,TRUE,0,0,18,0,18,0,1
"S.EB",78,300,0.5,"TRUE","TRUE","FALSE","18.1221150636413","9.07894835552792","9.04316670811343","4.016","0.223","0.91","1,2,3,4,5,6,7,8,9,160,161,162,163,164,165,166,167,168",0.000290004351283095,TRUE,0,0,18,0,18,0,1
"S.EB",79,300,0.5,"TRUE","TRUE","FALSE","18.1376608044592","9.06983141378974","9.06782939066945","4.409","0.174","1.109","1,2,3,4,5,6,7,8,9,160,161,162,163,164,165,166,167,168",0.000349407837340832,TRUE,0,0,18,0,18,0,1
"S.EB",8,300,0.5,"TRUE","TRUE","FALSE","18.1235735969362","9.06071926823433","9.06285432870182","5.02","0.238","0.915","1,2,3,4,5,6,7,8,9,160,161,162,163,164,165,166,167,168",0.000425093114926264,TRUE,0,0,18,0,18,0,1
"S.EB",80,300,0.5,"TRUE","TRUE","FALSE","17.6779377631834","8.49587976743201","9.18205799575135","5.312","0.269","0.764","1,2,3,4,5,6,7,8,9,160,161,162,163,164,165,166,167,168",0.000494344327524615,TRUE,0,0,18,0,18,0,1
"S.EB",81,300,0.5,"TRUE","TRUE","FALSE","17.4474578498024","8.73212199157449","8.71533585822794","6.544","0.249","0.748","1,2,3,4,5,6,7,8,9,160,161,162,163,164,165,166,167,168",0.000405193257626526,TRUE,0,0,18,0,18,0,1
"S.EB",82,300,0.5,"TRUE","TRUE","FALSE","18.2018124927542","9.09601594559701","9.10579654715719","3.959","0.179","0.733","1,2,3,4,5,6,7,8,9,160,161,162,163,164,165,166,167,168",0.000354402996192977,TRUE,0,0,18,0,18,0,1
"S.EB",83,300,0.5,"TRUE","TRUE","FALSE","18.2214360382184","9.15608815226943","9.06534788594894","4.621","0.198","0.829","1,2,3,4,5,6,7,8,9,48,58,160,161,162,163,164,165,166,167,168",0.00090596731312149,FALSE,2,0,20,2,18,0.1,1
"S.EB",84,300,0.5,"TRUE","TRUE","FALSE","18.0758684172759","9.00303518883364","9.07283322844225","5.101","0.241","0.851","1,2,3,4,5,6,7,8,9,160,161,162,163,164,165,166,167,168",0.000176837014555594,TRUE,0,0,18,0,18,0,1
"S.EB",85,300,0.5,"TRUE","TRUE","FALSE","17.7321691487954","8.67102376961619","9.06114537917923","7.352","0.254","0.841","1,2,3,4,5,6,7,8,9,160,161,162,163,164,165,166,167,168",0.000351905109212016,TRUE,0,0,18,0,18,0,1
"S.EB",86,300,0.5,"TRUE","TRUE","FALSE","18.118925620395","9.05898120189009","9.05994441850489","4.023","0.247","0.643","1,2,3,4,5,6,7,8,9,160,161,162,163,164,165,166,167,168",0.000250006312370918,TRUE,0,0,18,0,18,0,1
"S.EB",87,300,0.5,"TRUE","TRUE","FALSE","18.175099279591","9.09727859431014","9.07782068528091","3.943","0.147","0.486","1,2,3,4,5,6,7,8,9,160,161,162,163,164,165,166,167,168",0.000339751773021679,TRUE,0,0,18,0,18,0,1
"S.EB",88,300,0.5,"TRUE","TRUE","FALSE","18.1257039531834","9.05718618856323","9.06851776462019","4.442","0.198","0.792","1,2,3,4,5,6,7,8,9,160,161,162,163,164,165,166,167,168",0.000346067091880828,TRUE,0,0,18,0,18,0,1
"S.EB",89,300,0.5,"TRUE","TRUE","FALSE","18.1425193867824","9.06861165996588","9.07390772681648","5.476","0.21","0.69","1,2,3,4,5,6,7,8,9,160,161,162,163,164,165,166,167,168",0.000497693109506054,TRUE,0,0,18,0,18,0,1
"S.EB",9,300,0.5,"TRUE","TRUE","FALSE","17.9489980839188","8.86626275895918","9.08273532495963","6.005","0.236","0.835","1,2,3,4,5,6,7,8,9,160,161,162,163,164,165,166,167,168",0.000619303221147807,TRUE,0,0,18,0,18,0,1
"S.EB",90,300,0.5,"TRUE","TRUE","FALSE","17.2733005955025","9.03902940130062","8.23427119420184","4.523","0.212","0.697","1,2,3,4,5,6,7,8,9,160,161,162,163,164,165,166,167,168",0.000388257717293323,TRUE,0,0,18,0,18,0,1
"S.EB",91,300,0.5,"TRUE","TRUE","FALSE","18.1323837040068","9.05938229972762","9.07300140427915","4.043","0.185","0.567","1,2,3,4,5,6,7,8,9,160,161,162,163,164,165,166,167,168",0.000315384026778316,TRUE,0,0,18,0,18,0,1
"S.EB",92,300,0.5,"TRUE","TRUE","FALSE","17.9699776930742","8.91782316186733","9.05215453120684","4.845","0.179","0.661","1,2,3,4,5,6,7,8,9,160,161,162,163,164,165,166,167,168",0.000429750596894936,TRUE,0,0,18,0,18,0,1
"S.EB",93,300,0.5,"TRUE","TRUE","FALSE","18.0508534224993","9.21576054404053","8.83509287845875","6.2","0.217","0.818","1,2,3,4,5,6,7,8,9,159,160,161,162,163,164,165,166,167,168",0.000636416416134302,FALSE,1,0,19,1,18,0.0526315789473684,1
"S.EB",94,300,0.5,"TRUE","TRUE","FALSE","17.8660511955517","8.77661604557978","9.08943514997188","4.885","0.192","0.672","1,2,3,4,5,6,7,8,9,79,145,160,161,162,163,164,165,166,167,168",0.00118528951523084,FALSE,2,0,20,2,18,0.1,1
"S.EB",95,300,0.5,"TRUE","TRUE","FALSE","18.0927616572091","9.03821502134996","9.05454663585913","4.087","0.199","0.64","1,2,3,4,5,6,7,8,9,160,161,162,163,164,165,166,167,168",0.000354016575976833,TRUE,0,0,18,0,18,0,1
"S.EB",96,300,0.5,"TRUE","TRUE","FALSE","18.2673950946208","9.1910349727668","9.07636012185403","6.683","0.289","0.936","1,2,3,4,5,6,7,8,9,160,161,162,163,164,165,166,167,168,258",0.000611607234189692,FALSE,1,0,19,1,18,0.0526315789473684,1
"S.EB",97,300,0.5,"TRUE","TRUE","FALSE","18.1650424003441","9.06487094944644","9.10017145089761","4.514","0.161","0.909","1,2,3,4,5,6,7,8,9,160,161,162,163,164,165,166,167,168",0.000433751611340201,TRUE,0,0,18,0,18,0,1
"S.EB",98,300,0.5,"TRUE","TRUE","FALSE","17.4262189184712","8.24409193925034","9.18212697922083","6.129","0.221","0.67","1,2,3,4,5,6,7,8,9,160,161,162,163,164,165,166,167,168,265",0.000882899300805064,FALSE,1,0,19,1,18,0.0526315789473684,1
"S.EB",99,300,0.5,"TRUE","TRUE","FALSE","18.190774709946","9.02822332859858","9.16255138134744","5.063","0.164","0.668","1,2,3,4,5,6,7,8,9,160,161,162,163,164,165,166,167,168,271",0.000407053671264759,FALSE,1,0,19,1,18,0.0526315789473684,1
"S.EB.b",1,300,0.5,"TRUE","TRUE","FALSE","17.3992705295085","8.6761301879379","8.72314034157063","6.375","0.233","0.797","1,2,3,4,5,6,7,8,9,160,161,162,163,164,165,166,167,168",0.000489119054076153,TRUE,0,0,18,0,18,0,1
"S.EB.b",10,300,0.5,"TRUE","TRUE","FALSE","17.6692190097831","8.61680930115876","9.05240970862437","5.884","0.241","0.724","1,2,3,4,5,6,7,8,9,160,161,162,163,164,165,166,167,168",0.000245278524267066,TRUE,0,0,18,0,18,0,1
"S.EB.b",100,300,0.5,"TRUE","TRUE","FALSE","17.4602220086689","9.06680051031999","8.3934214983489","4.984","0.173","0.619","1,2,3,4,5,6,7,8,9,160,161,162,163,164,165,166,167,168",0.000647983617764706,TRUE,0,0,18,0,18,0,1
"S.EB.b",11,300,0.5,"TRUE","TRUE","FALSE","18.118771450866","9.0589017890942","9.05986966177175","5.174","0.329","0.889","1,2,3,4,5,6,7,8,9,160,161,162,163,164,165,166,167,168",0.000200519334921894,TRUE,0,0,18,0,18,0,1
"S.EB.b",12,300,0.5,"TRUE","TRUE","FALSE","18.1482100042973","9.09189689445302","9.05631310984424","5.655","0.254","0.895","1,2,3,4,5,6,7,8,9,160,161,162,163,164,165,166,167,168,293",0.000716112611572569,FALSE,1,0,19,1,18,0.0526315789473684,1
"S.EB.b",13,300,0.5,"TRUE","TRUE","FALSE","18.1157826938769","9.0620220416972","9.05376065217971","4.568","0.214","0.758","1,2,3,4,5,6,7,8,9,160,161,162,163,164,165,166,167,168",0.000482463485324846,TRUE,0,0,18,0,18,0,1
"S.EB.b",14,300,0.5,"TRUE","TRUE","FALSE","17.2632403425107","8.2111462129357","9.05209412957503","5.034","0.246","0.843","1,2,3,4,5,6,7,8,9,160,161,162,163,164,165,166,167,168",0.000525681738319688,TRUE,0,0,18,0,18,0,1
"S.EB.b",15,300,0.5,"TRUE","TRUE","FALSE","18.1180709155008","9.06391997857396","9.05415093692685","4.621","0.231","0.725","1,2,3,4,5,6,7,8,9,160,161,162,163,164,165,166,167,168",0.000405553036405782,TRUE,0,0,18,0,18,0,1
"S.EB.b",16,300,0.5,"TRUE","TRUE","FALSE","18.1106322183854","9.07403218173099","9.03660003665442","5.135","0.214","0.705","1,2,3,4,5,6,7,8,9,160,161,162,163,164,165,166,167,168",0.000294257869274287,TRUE,0,0,18,0,18,0,1
"S.EB.b",17,300,0.5,"TRUE","TRUE","FALSE","18.1362238749014","9.06966428948108","9.0665595854203","4.484","0.236","0.681","1,2,3,4,5,6,7,8,9,160,161,162,163,164,165,166,167,168",0.000492581904980689,TRUE,0,0,18,0,18,0,1
"S.EB.b",18,300,0.5,"TRUE","TRUE","FALSE","18.1403364270829","9.06187677372454","9.07845965335837","4.675","0.228","0.719","1,2,3,4,5,6,7,8,9,160,161,162,163,164,165,166,167,168",0.000536467132036482,TRUE,0,0,18,0,18,0,1
"S.EB.b",19,300,0.5,"TRUE","TRUE","FALSE","17.1950705275132","8.74903605850978","8.44603446900344","7.203","0.236","0.863","1,2,3,4,5,6,7,8,9,160,161,162,163,164,165,166,167,168",0.000528462202663396,TRUE,0,0,18,0,18,0,1
"S.EB.b",2,300,0.5,"TRUE","TRUE","FALSE","18.000419523057","9.0773341941176","8.92308532893942","5.412","0.232","0.727","1,2,3,4,5,6,7,8,9,160,161,162,163,164,165,166,167,168",0.000235987059290698,TRUE,0,0,18,0,18,0,1
"S.EB.b",20,300,0.5,"TRUE","TRUE","FALSE","18.2214792180316","9.13209439983436","9.0893848181972","5.053","0.234","0.708","1,2,3,4,5,6,7,8,9,37,160,161,162,163,164,165,166,167,168",0.000556047944740186,FALSE,1,0,19,1,18,0.0526315789473684,1
"S.EB.b",21,300,0.5,"TRUE","TRUE","FALSE","18.1582006987347","8.92496471822253","9.2332359805122","6.375","0.24","0.842","1,2,3,4,5,6,7,8,9,160,161,162,163,164,165,166,167,168,236,262",0.00111357481883108,FALSE,2,0,20,2,18,0.1,1
"S.EB.b",22,300,0.5,"TRUE","TRUE","FALSE","17.7646712092658","9.09505345110338","8.66961775816246","6.431","0.227","0.859","1,2,3,4,5,6,7,8,9,160,161,162,163,164,165,166,167,168",0.000426042553425777,TRUE,0,0,18,0,18,0,1
"S.EB.b",23,300,0.5,"TRUE","TRUE","FALSE","18.08296193226","9.04620749023209","9.03675444202787","4.583","0.261","0.799","1,2,3,4,5,6,7,8,9,160,161,162,163,164,165,166,167,168",0.000376371487421303,TRUE,0,0,18,0,18,0,1
"S.EB.b",24,300,0.5,"TRUE","TRUE","FALSE","17.7783264902013","8.878006115772","8.90032037442934","5.835","0.211","0.724","1,2,3,4,5,6,7,8,9,160,161,162,163,164,165,166,167,168",0.000483694713020469,TRUE,0,0,18,0,18,0,1
"S.EB.b",25,300,0.5,"TRUE","TRUE","FALSE","17.2303731422184","8.33529795359609","8.89507518862227","5.957","0.232","0.768","1,2,3,4,5,6,7,8,9,160,161,162,163,164,165,166,167,168",0.000305619329545988,TRUE,0,0,18,0,18,0,1
"S.EB.b",26,300,0.5,"TRUE","TRUE","FALSE","18.2399736876658","9.148858495003","9.09111519266283","5.283","0.223","0.9","1,2,3,4,5,6,7,8,9,49,160,161,162,163,164,165,166,167,168",0.00053501600644221,FALSE,1,0,19,1,18,0.0526315789473684,1
"S.EB.b",27,300,0.5,"TRUE","TRUE","FALSE","18.0706676984738","9.07872191631018","8.9919457821636","5.289","0.24","0.745","1,2,3,4,5,6,7,8,9,160,161,162,163,164,165,166,167,168",0.000409671209555035,TRUE,0,0,18,0,18,0,1
"S.EB.b",28,300,0.5,"TRUE","TRUE","FALSE","18.1461419859245","9.08035224751848","9.06578973840606","4.873","0.23","0.893","1,2,3,4,5,6,7,8,9,160,161,162,163,164,165,166,167,168",0.000341358231697257,TRUE,0,0,18,0,18,0,1
"S.EB.b",29,300,0.5,"TRUE","TRUE","FALSE","17.1982007595514","9.08220904625016","8.11599171330126","5.349","0.236","0.773","1,2,3,4,5,6,7,8,9,161,162,163,164,165,166,167,168",0.00115759191107237,FALSE,0,1,17,0,17,0,0.944444444444444
"S.EB.b",3,300,0.5,"TRUE","TRUE","FALSE","18.1837344500529","9.05838080703804","9.12535364301485","5.285","0.289","0.82","1,2,3,4,5,6,7,8,9,160,161,162,163,164,165,166,167,168,207",0.000674135592976088,FALSE,1,0,19,1,18,0.0526315789473684,1
"S.EB.b",30,300,0.5,"TRUE","TRUE","FALSE","17.8274721038006","8.75135565731884","9.07611644648175","6.515","0.243","0.885","1,2,3,4,5,6,7,8,9,157,160,161,162,163,164,165,166,167,168",0.00106574487867216,FALSE,1,0,19,1,18,0.0526315789473684,1
"S.EB.b",31,300,0.5,"TRUE","TRUE","FALSE","17.6326601726799","9.36359972741571","8.26906044526422","6.471","0.218","0.697","1,2,3,4,5,6,7,8,9,105,160,161,162,163,164,165,166,167,168",0.000933355797158856,FALSE,1,0,19,1,18,0.0526315789473684,1
"S.EB.b",32,300,0.5,"TRUE","TRUE","FALSE","18.1503077247149","9.05780158882251","9.09250613589242","5.381","0.278","0.991","1,2,3,4,5,6,7,8,9,160,161,162,163,164,165,166,167,168",0.000218162676357373,TRUE,0,0,18,0,18,0,1
"S.EB.b",33,300,0.5,"TRUE","TRUE","FALSE","18.1496274466009","9.05897730187063","9.09065014473027","5.351","0.24","0.757","1,2,3,4,5,6,7,8,9,160,161,162,163,164,165,166,167,168",0.000289075865064838,TRUE,0,0,18,0,18,0,1
"S.EB.b",34,300,0.5,"TRUE","TRUE","FALSE","18.0046221666469","9.0891030046319","8.91551916201505","5.976","0.228","0.804","1,2,3,4,5,6,7,8,9,160,161,162,163,164,165,166,167,168",0.00021427179660015,TRUE,0,0,18,0,18,0,1
"S.EB.b",35,300,0.5,"TRUE","TRUE","FALSE","18.2377410960386","9.08299811499703","9.15474298104159","5.672","0.294","0.865","1,2,3,4,5,6,7,8,9,160,161,162,163,164,165,166,167,168,201",0.000480997040220855,FALSE,1,0,19,1,18,0.0526315789473684,1
"S.EB.b",36,300,0.5,"TRUE","TRUE","FALSE","18.5797626468354","9.48217404638508","9.09758860045029","6.493","0.219","1.024","1,2,3,4,5,6,7,8,9,137,160,161,162,163,164,165,166,167,168",0.000572131487047356,FALSE,1,0,19,1,18,0.0526315789473684,1
"S.EB.b",37,300,0.5,"TRUE","TRUE","FALSE","18.2926975415196","9.2290995387143","9.06359800280532","5.236","0.167","0.631","1,2,3,4,5,6,7,8,9,43,160,161,162,163,164,165,166,167,168",0.000749755186559767,FALSE,1,0,19,1,18,0.0526315789473684,1
"S.EB.b",38,300,0.5,"TRUE","TRUE","FALSE","18.6019818627064","9.08260498554648","9.51937687715996","4.611","0.168","0.612","1,2,3,4,5,6,7,8,9,160,161,162,163,164,165,166,167,168,272",0.000479899513637406,FALSE,1,0,19,1,18,0.0526315789473684,1
"S.EB.b",39,300,0.5,"TRUE","TRUE","FALSE","17.8673006378341","9.15574849803667","8.7115521397974","4.313","0.169","0.548","1,2,3,4,5,6,7,8,9,48,160,161,162,163,164,165,166,167,168",0.000524454120723207,FALSE,1,0,19,1,18,0.0526315789473684,1
"S.EB.b",4,300,0.5,"TRUE","TRUE","FALSE","18.0983103274693","9.01012904031579","9.08818128715347","5.516","0.224","0.747","1,2,3,4,5,6,7,8,9,160,161,162,163,164,165,166,167,168",0.000553920484730365,TRUE,0,0,18,0,18,0,1
"S.EB.b",40,300,0.5,"TRUE","TRUE","FALSE","18.1101836842141","9.0657059554917","9.04447772872238","3.069","0.17","0.493","1,2,3,4,5,6,7,8,9,160,161,162,163,164,165,166,167,168",0.000397824178751901,TRUE,0,0,18,0,18,0,1
"S.EB.b",41,300,0.5,"TRUE","TRUE","FALSE","18.328538815632","9.18001577402397","9.14852304160799","3.823","0.158","0.54","1,2,3,4,5,6,7,8,9,68,160,161,162,163,164,165,166,167,168,298",0.00120539924973038,FALSE,2,0,20,2,18,0.1,1
"S.EB.b",42,300,0.5,"TRUE","TRUE","FALSE","17.9343663564805","8.80967151546787","9.12469484101262","3.859","0.148","0.544","1,2,3,4,5,6,7,8,9,160,161,162,163,164,165,166,167,168",0.000219595646393078,TRUE,0,0,18,0,18,0,1
"S.EB.b",43,300,0.5,"TRUE","TRUE","FALSE","17.844414267938","9.04574832536582","8.79866594257214","3.838","0.18","0.585","1,2,3,4,5,6,7,8,9,160,161,162,163,164,165,166,167,168",0.0004731101888744,TRUE,0,0,18,0,18,0,1
"S.EB.b",44,300,0.5,"TRUE","TRUE","FALSE","18.0899277592463","9.06161222678801","9.02831553245827","3.242","0.153","0.549","1,2,3,4,5,6,7,8,9,160,161,162,163,164,165,166,167,168",0.000287206795654434,TRUE,0,0,18,0,18,0,1
"S.EB.b",45,300,0.5,"TRUE","TRUE","FALSE","18.2272178572626","9.12894227777533","9.09827557948724","3.964","0.172","0.622","1,2,3,4,5,6,7,8,9,100,160,161,162,163,164,165,166,167,168",0.000595977685849035,FALSE,1,0,19,1,18,0.0526315789473684,1
"S.EB.b",46,300,0.5,"TRUE","TRUE","FALSE","17.4957632848538","8.41761184573704","9.07815143911679","4.007","0.164","0.555","1,2,3,4,5,6,7,8,9,160,161,162,163,164,165,166,167,168",0.000421805160361841,TRUE,0,0,18,0,18,0,1
"S.EB.b",47,300,0.5,"TRUE","TRUE","FALSE","18.122718676721","9.06384897600152","9.05886970071948","3.278","0.201","0.757","1,2,3,4,5,6,7,8,9,160,161,162,163,164,165,166,167,168",0.000166744420826888,TRUE,0,0,18,0,18,0,1
"S.EB.b",48,300,0.5,"TRUE","TRUE","FALSE","18.0317724651528","9.00094763257194","9.03082483258087","4.874","0.195","0.681","1,2,3,4,5,6,7,8,9,160,161,162,163,164,165,166,167,168",0.000298913766687851,TRUE,0,0,18,0,18,0,1
"S.EB.b",49,300,0.5,"TRUE","TRUE","FALSE","17.6621106160063","8.47707839718717","9.18503221881909","5.998","0.35","1.147","1,2,3,4,5,6,7,8,9,160,161,162,163,164,165,166,167,168,317",0.00101213550727912,FALSE,1,0,19,1,18,0.0526315789473684,1
"S.EB.b",5,300,0.5,"TRUE","TRUE","FALSE","18.5123859638101","9.04595222623094","9.46643373757919","6.383","0.215","1.119","1,2,3,4,5,6,7,8,9,160,161,162,163,164,165,166,167,168,317",0.000789692451485011,FALSE,1,0,19,1,18,0.0526315789473684,1
"S.EB.b",50,300,0.5,"TRUE","TRUE","FALSE","18.3967648127177","9.08613392543581","9.31063088728194","4.97","0.168","0.514","1,2,3,4,5,6,7,8,9,160,161,162,163,164,165,166,167,168,174,280",0.000989110982203361,FALSE,2,0,20,2,18,0.1,1
"S.EB.b",51,300,0.5,"TRUE","TRUE","FALSE","18.1618375077504","9.08974598328404","9.07209152446638","3.548","0.17","0.62","1,2,3,4,5,6,7,8,9,160,161,162,163,164,165,166,167,168",0.000227183396416007,TRUE,0,0,18,0,18,0,1
"S.EB.b",52,300,0.5,"TRUE","TRUE","FALSE","18.0957867258778","9.02422400994882","9.07156271592898","3.73","0.188","0.577","1,2,3,4,5,6,7,8,9,160,161,162,163,164,165,166,167,168",0.000370701055806604,TRUE,0,0,18,0,18,0,1
"S.EB.b",53,300,0.5,"TRUE","TRUE","FALSE","17.601942507476","8.52895522316121","9.0729872843148","4.354","0.161","0.535","1,2,3,4,5,6,7,8,9,160,161,162,163,164,165,166,167,168",0.000369750103309095,TRUE,0,0,18,0,18,0,1
"S.EB.b",54,300,0.5,"TRUE","TRUE","FALSE","18.1624757656621","9.10278314104572","9.05969262461637","3.96","0.17","0.572","1,2,3,4,5,6,7,8,9,160,161,162,163,164,165,166,167,168",0.000148593297843186,TRUE,0,0,18,0,18,0,1
"S.EB.b",55,300,0.5,"TRUE","TRUE","FALSE","18.1795118123678","9.09141783009339","9.08809398227439","4.634","0.19","0.94","1,2,3,4,5,6,7,8,9,160,161,162,163,164,165,166,167,168",0.000401491552815973,TRUE,0,0,18,0,18,0,1
"S.EB.b",56,300,0.5,"TRUE","TRUE","FALSE","17.4189438561905","9.07995421401385","8.3389896421766","5.842","0.257","0.718","1,2,3,4,5,6,7,8,9,160,161,162,163,164,165,166,167,168",0.000515571510764395,TRUE,0,0,18,0,18,0,1
"S.EB.b",57,300,0.5,"TRUE","TRUE","FALSE","18.1582996473444","9.08265916702452","9.07564048031989","5.276","0.221","0.603","1,2,3,4,5,6,7,8,9,160,161,162,163,164,165,166,167,168",0.000383701907624826,TRUE,0,0,18,0,18,0,1
"S.EB.b",58,300,0.5,"TRUE","TRUE","FALSE","18.1739412088361","9.11670875691403","9.05723245192211","5.566","0.152","0.468","1,2,3,4,5,6,7,8,9,160,161,162,163,164,165,166,167,168",0.000327320740632644,TRUE,0,0,18,0,18,0,1
"S.EB.b",59,300,0.5,"TRUE","TRUE","FALSE","17.5127090054627","8.44129999086013","9.07140901460262","4.414","0.203","0.748","1,2,3,4,5,6,7,8,9,23,160,161,162,163,164,165,166,167,168",0.000730619495366606,FALSE,1,0,19,1,18,0.0526315789473684,1
"S.EB.b",6,300,0.5,"TRUE","TRUE","FALSE","18.1310999188914","9.04348072237559","9.08761919651585","4.675","0.351","0.944","1,2,3,4,5,6,7,8,9,160,161,162,163,164,165,166,167,168",0.000274028869420663,TRUE,0,0,18,0,18,0,1
"S.EB.b",60,300,0.5,"TRUE","TRUE","FALSE","18.1005096426109","9.05980563870524","9.04070400390571","4.748","0.242","0.784","1,2,3,4,5,6,7,8,9,160,161,162,163,164,165,166,167,168",0.000335018942043346,TRUE,0,0,18,0,18,0,1
"S.EB.b",61,300,0.5,"TRUE","TRUE","FALSE","18.0940477816428","9.13577196176134","8.95827581988145","5.856","0.171","0.663","1,2,3,4,5,6,7,8,9,160,161,162,163,164,165,166,167,168",0.000477328404308006,TRUE,0,0,18,0,18,0,1
"S.EB.b",62,300,0.5,"TRUE","TRUE","FALSE","17.125330102828","9.04270361697048","8.0826264858575","3.929","0.168","0.59","1,2,3,4,5,6,7,8,9,161,162,163,164,165,166,167,168",0.00130303198206208,FALSE,0,1,17,0,17,0,0.944444444444444
"S.EB.b",63,300,0.5,"TRUE","TRUE","FALSE","18.1392920104479","9.058161344976","9.08113066547185","3.508","0.17","0.55","1,2,3,4,5,6,7,8,9,160,161,162,163,164,165,166,167,168",0.000392951963407564,TRUE,0,0,18,0,18,0,1
"S.EB.b",64,300,0.5,"TRUE","TRUE","FALSE","18.1541540798889","9.0908691005761","9.06328497931281","3.437","0.204","0.632","1,2,3,4,5,6,7,8,9,160,161,162,163,164,165,166,167,168",0.000300954219922805,TRUE,0,0,18,0,18,0,1
"S.EB.b",65,300,0.5,"TRUE","TRUE","FALSE","17.1584699931707","9.06104310698571","8.09742688618494","4.631","0.169","0.638","1,2,3,4,5,6,7,8,9,161,162,163,164,165,166,167,168",0.0013091201005333,FALSE,0,1,17,0,17,0,0.944444444444444
"S.EB.b",66,300,0.5,"TRUE","TRUE","FALSE","18.0811423776578","8.5211074446093","9.56003493304849","5.825","0.245","0.7","1,2,3,4,5,6,7,8,9,39,160,161,162,163,164,165,166,167,168,306",0.000940310726079338,FALSE,2,0,20,2,18,0.1,1
"S.EB.b",67,300,0.5,"TRUE","TRUE","FALSE","18.2664757582211","9.12988653961741","9.13658921860365","6.199","0.254","0.788","1,2,3,4,5,6,7,8,9,88,160,161,162,163,164,165,166,167,168,260",0.000921768603474655,FALSE,2,0,20,2,18,0.1,1
"S.EB.b",68,300,0.5,"TRUE","TRUE","FALSE","18.1140613343613","9.03371227856742","9.08034905579384","4.341","0.178","0.668","1,2,3,4,5,6,7,8,9,160,161,162,163,164,165,166,167,168",0.000474568185507849,TRUE,0,0,18,0,18,0,1
"S.EB.b",69,300,0.5,"TRUE","TRUE","FALSE","17.8219462470147","9.08121717092152","8.74072907609316","5.167","0.243","0.741","1,2,3,4,5,6,7,8,9,160,161,162,163,164,165,166,167,168",0.000425720136678621,TRUE,0,0,18,0,18,0,1
"S.EB.b",7,300,0.5,"TRUE","TRUE","FALSE","18.4282176338403","9.14898433709103","9.27923329674931","6.276","0.22","0.896","1,2,3,4,5,6,7,8,9,51,160,161,162,163,164,165,166,167,168,221",0.000913746886679462,FALSE,2,0,20,2,18,0.1,1
"S.EB.b",70,300,0.5,"TRUE","TRUE","FALSE","18.1142468407362","9.05302806972201","9.0612187710142","5.352","0.258","0.659","1,2,3,4,5,6,7,8,9,160,161,162,163,164,165,166,167,168",0.000307598083139314,TRUE,0,0,18,0,18,0,1
"S.EB.b",71,300,0.5,"TRUE","TRUE","FALSE","18.1381313513231","9.20990234745426","8.92822900386887","5.972","0.191","0.731","1,2,3,4,5,6,7,8,9,25,160,161,162,163,164,165,166,167,168",0.000738050338271175,FALSE,1,0,19,1,18,0.0526315789473684,1
"S.EB.b",72,300,0.5,"TRUE","TRUE","FALSE","17.6015854434953","8.85993184852375","8.74165359497151","5.969","0.307","0.627","1,2,3,4,5,6,7,8,9,160,161,162,163,164,165,166,167,168",0.000583482853230154,TRUE,0,0,18,0,18,0,1
"S.EB.b",73,300,0.5,"TRUE","TRUE","FALSE","18.1687111033431","9.08404661806152","9.08466448528162","4.003","0.242","0.679","1,2,3,4,5,6,7,8,9,160,161,162,163,164,165,166,167,168",0.000563562989029457,TRUE,0,0,18,0,18,0,1
"S.EB.b",74,300,0.5,"TRUE","TRUE","FALSE","18.1428729570703","9.06285043418633","9.08002252288392","4.614","0.149","0.505","1,2,3,4,5,6,7,8,9,160,161,162,163,164,165,166,167,168",0.00056212216340629,TRUE,0,0,18,0,18,0,1
"S.EB.b",75,300,0.5,"TRUE","TRUE","FALSE","18.1383131226344","9.06060541099142","9.07770771164301","3.545","0.21","0.595","1,2,3,4,5,6,7,8,9,160,161,162,163,164,165,166,167,168",0.000350535736017101,TRUE,0,0,18,0,18,0,1
"S.EB.b",76,300,0.5,"TRUE","TRUE","FALSE","18.233062349434","9.13340815987695","9.09965418955701","4.523","0.24","0.722","1,2,3,4,5,6,7,8,9,61,160,161,162,163,164,165,166,167,168",0.000528369706544725,FALSE,1,0,19,1,18,0.0526315789473684,1
"S.EB.b",77,300,0.5,"TRUE","TRUE","FALSE","18.1154030296487","9.04986037487563","9.06554265477305","4.656","0.212","0.673","1,2,3,4,5,6,7,8,9,160,161,162,163,164,165,166,167,168",0.000259992408091481,TRUE,0,0,18,0,18,0,1
"S.EB.b",78,300,0.5,"TRUE","TRUE","FALSE","18.1221150636413","9.07894835552792","9.04316670811343","4.016","0.223","0.91","1,2,3,4,5,6,7,8,9,160,161,162,163,164,165,166,167,168",0.000290004351283095,TRUE,0,0,18,0,18,0,1
"S.EB.b",79,300,0.5,"TRUE","TRUE","FALSE","18.1376608044592","9.06983141378974","9.06782939066945","4.409","0.174","1.109","1,2,3,4,5,6,7,8,9,160,161,162,163,164,165,166,167,168",0.000349407837340832,TRUE,0,0,18,0,18,0,1
"S.EB.b",8,300,0.5,"TRUE","TRUE","FALSE","18.1235735969362","9.06071926823433","9.06285432870182","5.02","0.238","0.915","1,2,3,4,5,6,7,8,9,160,161,162,163,164,165,166,167,168",0.000425093114926264,TRUE,0,0,18,0,18,0,1
"S.EB.b",80,300,0.5,"TRUE","TRUE","FALSE","17.6779377631834","8.49587976743201","9.18205799575135","5.312","0.269","0.764","1,2,3,4,5,6,7,8,9,160,161,162,163,164,165,166,167,168",0.000494344327524615,TRUE,0,0,18,0,18,0,1
"S.EB.b",81,300,0.5,"TRUE","TRUE","FALSE","17.4474578498024","8.73212199157449","8.71533585822794","6.544","0.249","0.748","1,2,3,4,5,6,7,8,9,160,161,162,163,164,165,166,167,168",0.000405193257626526,TRUE,0,0,18,0,18,0,1
"S.EB.b",82,300,0.5,"TRUE","TRUE","FALSE","18.2018124927542","9.09601594559701","9.10579654715719","3.959","0.179","0.733","1,2,3,4,5,6,7,8,9,160,161,162,163,164,165,166,167,168",0.000354402996192977,TRUE,0,0,18,0,18,0,1
"S.EB.b",83,300,0.5,"TRUE","TRUE","FALSE","18.2214360382184","9.15608815226943","9.06534788594894","4.621","0.198","0.829","1,2,3,4,5,6,7,8,9,48,58,160,161,162,163,164,165,166,167,168",0.00090596731312149,FALSE,2,0,20,2,18,0.1,1
"S.EB.b",84,300,0.5,"TRUE","TRUE","FALSE","18.0758684172759","9.00303518883364","9.07283322844225","5.101","0.241","0.851","1,2,3,4,5,6,7,8,9,160,161,162,163,164,165,166,167,168",0.000176837014555594,TRUE,0,0,18,0,18,0,1
"S.EB.b",85,300,0.5,"TRUE","TRUE","FALSE","17.7321691487954","8.67102376961619","9.06114537917923","7.352","0.254","0.841","1,2,3,4,5,6,7,8,9,160,161,162,163,164,165,166,167,168",0.000351905109212016,TRUE,0,0,18,0,18,0,1
"S.EB.b",86,300,0.5,"TRUE","TRUE","FALSE","18.118925620395","9.05898120189009","9.05994441850489","4.023","0.247","0.643","1,2,3,4,5,6,7,8,9,160,161,162,163,164,165,166,167,168",0.000250006312370918,TRUE,0,0,18,0,18,0,1
"S.EB.b",87,300,0.5,"TRUE","TRUE","FALSE","18.175099279591","9.09727859431014","9.07782068528091","3.943","0.147","0.486","1,2,3,4,5,6,7,8,9,160,161,162,163,164,165,166,167,168",0.000339751773021679,TRUE,0,0,18,0,18,0,1
"S.EB.b",88,300,0.5,"TRUE","TRUE","FALSE","18.1257039531834","9.05718618856323","9.06851776462019","4.442","0.198","0.792","1,2,3,4,5,6,7,8,9,160,161,162,163,164,165,166,167,168",0.000346067091880828,TRUE,0,0,18,0,18,0,1
"S.EB.b",89,300,0.5,"TRUE","TRUE","FALSE","18.1425193867824","9.06861165996588","9.07390772681648","5.476","0.21","0.69","1,2,3,4,5,6,7,8,9,160,161,162,163,164,165,166,167,168",0.000497693109506054,TRUE,0,0,18,0,18,0,1
"S.EB.b",9,300,0.5,"TRUE","TRUE","FALSE","17.9489980839188","8.86626275895918","9.08273532495963","6.005","0.236","0.835","1,2,3,4,5,6,7,8,9,160,161,162,163,164,165,166,167,168",0.000619303221147807,TRUE,0,0,18,0,18,0,1
"S.EB.b",90,300,0.5,"TRUE","TRUE","FALSE","17.2733005955025","9.03902940130062","8.23427119420184","4.523","0.212","0.697","1,2,3,4,5,6,7,8,9,160,161,162,163,164,165,166,167,168",0.000388257717293323,TRUE,0,0,18,0,18,0,1
"S.EB.b",91,300,0.5,"TRUE","TRUE","FALSE","18.1323837040068","9.05938229972762","9.07300140427915","4.043","0.185","0.567","1,2,3,4,5,6,7,8,9,160,161,162,163,164,165,166,167,168",0.000315384026778316,TRUE,0,0,18,0,18,0,1
"S.EB.b",92,300,0.5,"TRUE","TRUE","FALSE","17.9699776930742","8.91782316186733","9.05215453120684","4.845","0.179","0.661","1,2,3,4,5,6,7,8,9,160,161,162,163,164,165,166,167,168",0.000429750596894936,TRUE,0,0,18,0,18,0,1
"S.EB.b",93,300,0.5,"TRUE","TRUE","FALSE","18.0508534224993","9.21576054404053","8.83509287845875","6.2","0.217","0.818","1,2,3,4,5,6,7,8,9,159,160,161,162,163,164,165,166,167,168",0.000636416416134302,FALSE,1,0,19,1,18,0.0526315789473684,1
"S.EB.b",94,300,0.5,"TRUE","TRUE","FALSE","17.8660511955517","8.77661604557978","9.08943514997188","4.885","0.192","0.672","1,2,3,4,5,6,7,8,9,79,145,160,161,162,163,164,165,166,167,168",0.00118528951523084,FALSE,2,0,20,2,18,0.1,1
"S.EB.b",95,300,0.5,"TRUE","TRUE","FALSE","18.0927616572091","9.03821502134996","9.05454663585913","4.087","0.199","0.64","1,2,3,4,5,6,7,8,9,160,161,162,163,164,165,166,167,168",0.000354016575976833,TRUE,0,0,18,0,18,0,1
"S.EB.b",96,300,0.5,"TRUE","TRUE","FALSE","18.2673950946208","9.1910349727668","9.07636012185403","6.683","0.289","0.936","1,2,3,4,5,6,7,8,9,160,161,162,163,164,165,166,167,168,258",0.000611607234189692,FALSE,1,0,19,1,18,0.0526315789473684,1
"S.EB.b",97,300,0.5,"TRUE","TRUE","FALSE","18.1650424003441","9.06487094944644","9.10017145089761","4.514","0.161","0.909","1,2,3,4,5,6,7,8,9,160,161,162,163,164,165,166,167,168",0.000433751611340201,TRUE,0,0,18,0,18,0,1
"S.EB.b",98,300,0.5,"TRUE","TRUE","FALSE","17.4262189184712","8.24409193925034","9.18212697922083","6.129","0.221","0.67","1,2,3,4,5,6,7,8,9,160,161,162,163,164,165,166,167,168,265",0.000882899300805064,FALSE,1,0,19,1,18,0.0526315789473684,1
"S.EB.b",99,300,0.5,"TRUE","TRUE","FALSE","18.190774709946","9.02822332859858","9.16255138134744","5.063","0.164","0.668","1,2,3,4,5,6,7,8,9,160,161,162,163,164,165,166,167,168,271",0.000407053671264759,FALSE,1,0,19,1,18,0.0526315789473684,1
"scad.cv",1,300,0.5,"TRUE","TRUE","FALSE","17.3992705295085","8.6761301879379","8.72314034157063","6.375","0.233","0.797","2,3,4,6,7,8,9,81,85,161,162,163,164,165,166,167,168",0.0108160731176414,FALSE,2,3,17,2,15,0.117647058823529,0.833333333333333
"scad.cv",10,300,0.5,"TRUE","TRUE","FALSE","17.6692190097831","8.61680930115876","9.05240970862437","5.884","0.241","0.724","1,2,3,4,5,6,7,8,9,160,161,162,163,164,165,166,167,168",0.00742967173485233,TRUE,0,0,18,0,18,0,1
"scad.cv",100,300,0.5,"TRUE","TRUE","FALSE","17.4602220086689","9.06680051031999","8.3934214983489","4.984","0.173","0.619","2,3,4,5,6,7,8,9,161,162,163,164,165,166,167,168,242",0.013807923262237,FALSE,1,2,17,1,16,0.0588235294117647,0.888888888888889
"scad.cv",11,300,0.5,"TRUE","TRUE","FALSE","18.118771450866","9.0589017890942","9.05986966177175","5.174","0.329","0.889","1,2,3,4,5,6,7,8,9,32,81,107,161,162,163,164,165,166,167,168,187,226,274",0.00903652856711883,FALSE,6,1,23,6,17,0.260869565217391,0.944444444444444
"scad.cv",12,300,0.5,"TRUE","TRUE","FALSE","18.1482100042973","9.09189689445302","9.05631310984424","5.655","0.254","0.895","1,2,3,4,5,6,7,8,9,20,24,161,162,163,164,165,166,167,168,183,294,295",0.00674711329937448,FALSE,5,1,22,5,17,0.227272727272727,0.944444444444444
"scad.cv",13,300,0.5,"TRUE","TRUE","FALSE","18.1157826938769","9.0620220416972","9.05376065217971","4.568","0.214","0.758","1,2,3,4,5,6,7,8,9,160,161,162,163,164,165,166,167,168,173",0.00843469061302633,FALSE,1,0,19,1,18,0.0526315789473684,1
"scad.cv",14,300,0.5,"TRUE","TRUE","FALSE","17.2632403425107","8.2111462129357","9.05209412957503","5.034","0.246","0.843","1,2,3,4,6,7,8,9,25,160,161,162,163,164,165,166,167,168",0.00932797188906451,FALSE,1,1,18,1,17,0.0555555555555556,0.944444444444444
"scad.cv",15,300,0.5,"TRUE","TRUE","FALSE","18.1180709155008","9.06391997857396","9.05415093692685","4.621","0.231","0.725","1,2,3,4,5,6,7,8,9,81,160,161,162,163,164,165,166,167,168",0.00772294174281407,FALSE,1,0,19,1,18,0.0526315789473684,1
"scad.cv",16,300,0.5,"TRUE","TRUE","FALSE","18.1106322183854","9.07403218173099","9.03660003665442","5.135","0.214","0.705","1,2,3,4,5,6,7,8,9,85,160,161,162,163,164,165,166,167,168,294,308",0.00957043985392458,FALSE,3,0,21,3,18,0.142857142857143,1
"scad.cv",17,300,0.5,"TRUE","TRUE","FALSE","18.1362238749014","9.06966428948108","9.0665595854203","4.484","0.236","0.681","1,2,3,4,5,6,7,8,9,160,161,162,163,164,165,166,167,168,224",0.00646667217849123,FALSE,1,0,19,1,18,0.0526315789473684,1
"scad.cv",18,300,0.5,"TRUE","TRUE","FALSE","18.1403364270829","9.06187677372454","9.07845965335837","4.675","0.228","0.719","1,2,3,4,5,6,7,8,9,85,160,161,162,163,164,165,166,168",0.010050454455604,FALSE,1,1,18,1,17,0.0555555555555556,0.944444444444444
"scad.cv",19,300,0.5,"TRUE","TRUE","FALSE","17.1950705275132","8.74903605850978","8.44603446900344","7.203","0.236","0.863","2,3,4,5,6,7,8,9,161,162,163,164,165,166,167,168",0.00772516726588255,FALSE,0,2,16,0,16,0,0.888888888888889
"scad.cv",2,300,0.5,"TRUE","TRUE","FALSE","18.000419523057","9.0773341941176","8.92308532893942","5.412","0.232","0.727","1,2,3,4,5,6,7,8,9,161,162,163,164,165,166,167,168",0.00825260074848178,FALSE,0,1,17,0,17,0,0.944444444444444
"scad.cv",20,300,0.5,"TRUE","TRUE","FALSE","18.2214792180316","9.13209439983436","9.0893848181972","5.053","0.234","0.708","1,2,3,4,5,6,7,8,9,41,85,155,160,161,162,163,164,165,166,167,168,251",0.00936227194121876,FALSE,4,0,22,4,18,0.181818181818182,1
"scad.cv",21,300,0.5,"TRUE","TRUE","FALSE","18.1582006987347","8.92496471822253","9.2332359805122","6.375","0.24","0.842","1,2,3,4,5,6,7,8,9,160,161,162,163,164,165,166,167,168,206",0.0108581811399736,FALSE,1,0,19,1,18,0.0526315789473684,1
"scad.cv",22,300,0.5,"TRUE","TRUE","FALSE","17.7646712092658","9.09505345110338","8.66961775816246","6.431","0.227","0.859","1,2,3,4,5,6,7,8,9,81,161,162,163,164,165,166,167,168,173,200",0.0084567765639796,FALSE,3,1,20,3,17,0.15,0.944444444444444
"scad.cv",23,300,0.5,"TRUE","TRUE","FALSE","18.08296193226","9.04620749023209","9.03675444202787","4.583","0.261","0.799","1,2,3,4,5,6,7,8,9,22,31,47,60,75,92,102,109,126,160,161,162,163,164,165,166,167,168,183,186,206,247,268,275,286,287,295,297",0.00179108982131896,FALSE,19,0,37,19,18,0.513513513513513,1
"scad.cv",24,300,0.5,"TRUE","TRUE","FALSE","17.7783264902013","8.878006115772","8.90032037442934","5.835","0.211","0.724","1,2,3,4,5,6,7,8,9,41,65,161,162,163,164,165,166,167,168",0.009373072525977,FALSE,2,1,19,2,17,0.105263157894737,0.944444444444444
"scad.cv",25,300,0.5,"TRUE","TRUE","FALSE","17.2303731422184","8.33529795359609","8.89507518862227","5.957","0.232","0.768","1,3,4,5,6,7,8,9,65,85,161,162,163,164,165,166,167,168,255",0.00835910643988211,FALSE,3,2,19,3,16,0.157894736842105,0.888888888888889
"scad.cv",26,300,0.5,"TRUE","TRUE","FALSE","18.2399736876658","9.148858495003","9.09111519266283","5.283","0.223","0.9","1,2,3,4,5,6,7,8,9,49,160,161,162,163,164,165,166,167,168",0.00833328140908974,FALSE,1,0,19,1,18,0.0526315789473684,1
"scad.cv",27,300,0.5,"TRUE","TRUE","FALSE","18.0706676984738","9.07872191631018","8.9919457821636","5.289","0.24","0.745","1,2,3,4,5,6,7,8,9,160,161,162,163,164,165,166,167,168",0.0093886893275522,TRUE,0,0,18,0,18,0,1
"scad.cv",28,300,0.5,"TRUE","TRUE","FALSE","18.1461419859245","9.08035224751848","9.06578973840606","4.873","0.23","0.893","1,2,3,4,5,6,7,8,9,140,160,161,162,163,164,165,166,167,168",0.00888304284539025,FALSE,1,0,19,1,18,0.0526315789473684,1
"scad.cv",29,300,0.5,"TRUE","TRUE","FALSE","17.1982007595514","9.08220904625016","8.11599171330126","5.349","0.236","0.773","1,2,3,4,5,6,7,8,9,81,161,162,163,164,165,166,167,168,267",0.00915869630453192,FALSE,2,1,19,2,17,0.105263157894737,0.944444444444444
"scad.cv",3,300,0.5,"TRUE","TRUE","FALSE","18.1837344500529","9.05838080703804","9.12535364301485","5.285","0.289","0.82","1,2,3,4,5,6,7,8,9,85,160,161,162,163,164,165,166,167,168,255,295",0.00999934705743045,FALSE,3,0,21,3,18,0.142857142857143,1
"scad.cv",30,300,0.5,"TRUE","TRUE","FALSE","17.8274721038006","8.75135565731884","9.07611644648175","6.515","0.243","0.885","1,2,3,4,5,6,7,8,9,13,81,157,160,161,162,163,164,165,166,167,168,176,273,308",0.0139597039374009,FALSE,6,0,24,6,18,0.25,1
"scad.cv",31,300,0.5,"TRUE","TRUE","FALSE","17.6326601726799","9.36359972741571","8.26906044526422","6.471","0.218","0.697","1,2,3,4,5,6,7,8,9,30,161,162,163,164,165,166,167,168",0.00949969640944745,FALSE,1,1,18,1,17,0.0555555555555556,0.944444444444444
"scad.cv",32,300,0.5,"TRUE","TRUE","FALSE","18.1503077247149","9.05780158882251","9.09250613589242","5.381","0.278","0.991","1,2,3,4,5,6,7,8,9,13,160,161,162,163,164,165,166,167,168,212,255,281",0.00852216536883618,FALSE,4,0,22,4,18,0.181818181818182,1
"scad.cv",33,300,0.5,"TRUE","TRUE","FALSE","18.1496274466009","9.05897730187063","9.09065014473027","5.351","0.24","0.757","1,2,3,4,5,6,7,8,9,89,92,160,161,162,163,164,165,166,167,168,219",0.00687996903027177,FALSE,3,0,21,3,18,0.142857142857143,1
"scad.cv",34,300,0.5,"TRUE","TRUE","FALSE","18.0046221666469","9.0891030046319","8.91551916201505","5.976","0.228","0.804","1,2,3,4,5,6,7,8,9,81,161,162,163,164,165,166,167,168",0.00929407126705166,FALSE,1,1,18,1,17,0.0555555555555556,0.944444444444444
"scad.cv",35,300,0.5,"TRUE","TRUE","FALSE","18.2377410960386","9.08299811499703","9.15474298104159","5.672","0.294","0.865","1,2,3,4,5,6,7,8,9,160,161,162,163,164,165,166,167,168,177,189",0.0101923197371999,FALSE,2,0,20,2,18,0.1,1
"scad.cv",36,300,0.5,"TRUE","TRUE","FALSE","18.5797626468354","9.48217404638508","9.09758860045029","6.493","0.219","1.024","1,2,3,4,5,6,7,8,9,160,161,162,163,164,165,166,167,168",0.00822332582716685,TRUE,0,0,18,0,18,0,1
"scad.cv",37,300,0.5,"TRUE","TRUE","FALSE","18.2926975415196","9.2290995387143","9.06359800280532","5.236","0.167","0.631","1,2,3,4,5,6,7,8,9,134,155,160,161,162,163,164,165,166,167,168,212,252",0.0100888591931158,FALSE,4,0,22,4,18,0.181818181818182,1
"scad.cv",38,300,0.5,"TRUE","TRUE","FALSE","18.6019818627064","9.08260498554648","9.51937687715996","4.611","0.168","0.612","1,2,3,4,5,6,7,8,9,32,160,161,162,163,164,165,166,167,168",0.00974336651184766,FALSE,1,0,19,1,18,0.0526315789473684,1
"scad.cv",39,300,0.5,"TRUE","TRUE","FALSE","17.8673006378341","9.15574849803667","8.7115521397974","4.313","0.169","0.548","1,2,3,4,5,6,7,8,9,160,161,162,163,164,165,166,167,168",0.010078471723735,TRUE,0,0,18,0,18,0,1
"scad.cv",4,300,0.5,"TRUE","TRUE","FALSE","18.0983103274693","9.01012904031579","9.08818128715347","5.516","0.224","0.747","1,2,3,4,5,6,7,8,9,85,160,161,162,163,164,165,166,167,168,189",0.0115686082843517,FALSE,2,0,20,2,18,0.1,1
"scad.cv",40,300,0.5,"TRUE","TRUE","FALSE","18.1101836842141","9.0657059554917","9.04447772872238","3.069","0.17","0.493","1,2,3,4,5,6,7,8,9,160,161,162,163,164,165,166,167,168",0.0118335756474949,TRUE,0,0,18,0,18,0,1
"scad.cv",41,300,0.5,"TRUE","TRUE","FALSE","18.328538815632","9.18001577402397","9.14852304160799","3.823","0.158","0.54","1,2,3,4,5,6,7,8,9,107,160,161,162,163,164,165,166,167,168",0.010932360632625,FALSE,1,0,19,1,18,0.0526315789473684,1
"scad.cv",42,300,0.5,"TRUE","TRUE","FALSE","17.9343663564805","8.80967151546787","9.12469484101262","3.859","0.148","0.544","2,3,4,5,6,7,8,9,32,160,161,162,163,164,165,166,167,168,169,184",0.00773426340841223,FALSE,3,1,20,3,17,0.15,0.944444444444444
"scad.cv",43,300,0.5,"TRUE","TRUE","FALSE","17.844414267938","9.04574832536582","8.79866594257214","3.838","0.18","0.585","1,2,3,4,5,6,7,8,9,161,162,163,164,165,166,167,168,255",0.00944780362459026,FALSE,1,1,18,1,17,0.0555555555555556,0.944444444444444
"scad.cv",44,300,0.5,"TRUE","TRUE","FALSE","18.0899277592463","9.06161222678801","9.02831553245827","3.242","0.153","0.549","1,2,3,4,5,6,7,8,9,34,41,48,160,161,162,163,164,165,166,167,168,173,220,295",0.0110497844333783,FALSE,6,0,24,6,18,0.25,1
"scad.cv",45,300,0.5,"TRUE","TRUE","FALSE","18.2272178572626","9.12894227777533","9.09827557948724","3.964","0.172","0.622","1,2,3,4,5,6,7,8,9,30,41,160,161,162,163,164,165,166,167,168,189,267,310",0.00977146817106982,FALSE,5,0,23,5,18,0.217391304347826,1
"scad.cv",46,300,0.5,"TRUE","TRUE","FALSE","17.4957632848538","8.41761184573704","9.07815143911679","4.007","0.164","0.555","1,2,3,4,6,7,8,9,160,161,162,163,164,165,166,167,168",0.0079305166707147,FALSE,0,1,17,0,17,0,0.944444444444444
"scad.cv",47,300,0.5,"TRUE","TRUE","FALSE","18.122718676721","9.06384897600152","9.05886970071948","3.278","0.201","0.757","1,2,3,4,5,6,7,8,9,160,161,162,163,164,165,166,167,168,267",0.00938055918379021,FALSE,1,0,19,1,18,0.0526315789473684,1
"scad.cv",48,300,0.5,"TRUE","TRUE","FALSE","18.0317724651528","9.00094763257194","9.03082483258087","4.874","0.195","0.681","1,2,3,4,5,6,7,8,9,32,81,160,161,162,163,164,165,166,167,168",0.00970171836374176,FALSE,2,0,20,2,18,0.1,1
"scad.cv",49,300,0.5,"TRUE","TRUE","FALSE","17.6621106160063","8.47707839718717","9.18503221881909","5.998","0.35","1.147","1,2,3,5,6,7,8,9,160,161,162,163,164,165,166,167,168,173,308",0.012862215648948,FALSE,2,1,19,2,17,0.105263157894737,0.944444444444444
"scad.cv",5,300,0.5,"TRUE","TRUE","FALSE","18.5123859638101","9.04595222623094","9.46643373757919","6.383","0.215","1.119","1,2,3,4,5,6,7,8,9,47,61,87,95,101,103,109,112,113,121,160,161,162,163,164,165,166,167,168,186,187,206,210,213,247,256,261,288,290,294,295,297,312,317",0.00301950169465402,FALSE,25,0,43,25,18,0.581395348837209,1
"scad.cv",50,300,0.5,"TRUE","TRUE","FALSE","18.3967648127177","9.08613392543581","9.31063088728194","4.97","0.168","0.514","1,2,3,4,5,6,7,8,9,160,161,162,163,164,165,166,167,168",0.00880932871392399,TRUE,0,0,18,0,18,0,1
"scad.cv",51,300,0.5,"TRUE","TRUE","FALSE","18.1618375077504","9.08974598328404","9.07209152446638","3.548","0.17","0.62","1,2,3,4,5,6,7,8,9,81,160,161,162,163,164,165,166,167,168,267",0.0103278040325843,FALSE,2,0,20,2,18,0.1,1
"scad.cv",52,300,0.5,"TRUE","TRUE","FALSE","18.0957867258778","9.02422400994882","9.07156271592898","3.73","0.188","0.577","1,2,3,4,5,6,7,8,9,81,160,161,162,163,164,165,166,167,168,225,308",0.0121947106542782,FALSE,3,0,21,3,18,0.142857142857143,1
"scad.cv",53,300,0.5,"TRUE","TRUE","FALSE","17.601942507476","8.52895522316121","9.0729872843148","4.354","0.161","0.535","1,2,3,4,6,7,8,9,161,162,163,164,165,166,167,168,206",0.00898092368109256,FALSE,1,2,17,1,16,0.0588235294117647,0.888888888888889
"scad.cv",54,300,0.5,"TRUE","TRUE","FALSE","18.1624757656621","9.10278314104572","9.05969262461637","3.96","0.17","0.572","1,2,3,4,5,6,7,8,9,32,161,162,163,164,165,166,167,168,281",0.00899942108813224,FALSE,2,1,19,2,17,0.105263157894737,0.944444444444444
"scad.cv",55,300,0.5,"TRUE","TRUE","FALSE","18.1795118123678","9.09141783009339","9.08809398227439","4.634","0.19","0.94","1,2,3,4,5,6,7,8,9,160,161,162,163,164,165,166,167,168,179,206",0.00890561207147613,FALSE,2,0,20,2,18,0.1,1
"scad.cv",56,300,0.5,"TRUE","TRUE","FALSE","17.4189438561905","9.07995421401385","8.3389896421766","5.842","0.257","0.718","1,2,3,4,5,6,7,8,9,25,161,162,163,164,165,166,168",0.0111848894292703,FALSE,1,2,17,1,16,0.0588235294117647,0.888888888888889
"scad.cv",57,300,0.5,"TRUE","TRUE","FALSE","18.1582996473444","9.08265916702452","9.07564048031989","5.276","0.221","0.603","1,2,3,4,5,6,7,8,9,27,31,47,68,75,80,160,161,162,163,164,165,166,167,168,212,215,262,268,273,295,302",0.00331241895705255,FALSE,13,0,31,13,18,0.419354838709677,1
"scad.cv",58,300,0.5,"TRUE","TRUE","FALSE","18.1739412088361","9.11670875691403","9.05723245192211","5.566","0.152","0.468","1,2,3,4,5,6,7,8,9,160,161,162,163,164,165,166,167,168",0.0095981243661249,TRUE,0,0,18,0,18,0,1
"scad.cv",59,300,0.5,"TRUE","TRUE","FALSE","17.5127090054627","8.44129999086013","9.07140901460262","4.414","0.203","0.748","2,3,4,5,6,7,8,9,160,161,162,163,164,165,166,167,168,281",0.00750459580565335,FALSE,1,1,18,1,17,0.0555555555555556,0.944444444444444
"scad.cv",6,300,0.5,"TRUE","TRUE","FALSE","18.1310999188914","9.04348072237559","9.08761919651585","4.675","0.351","0.944","1,2,3,4,5,6,7,8,9,135,160,161,162,163,164,165,166,167,168,189,206,212,217",0.00786991432839668,FALSE,5,0,23,5,18,0.217391304347826,1
"scad.cv",60,300,0.5,"TRUE","TRUE","FALSE","18.1005096426109","9.05980563870524","9.04070400390571","4.748","0.242","0.784","1,2,3,4,5,6,7,8,9,92,113,122,126,134,155,160,161,162,163,164,165,166,167,168,174,289",0.0120642721224618,FALSE,8,0,26,8,18,0.307692307692308,1
"scad.cv",61,300,0.5,"TRUE","TRUE","FALSE","18.0940477816428","9.13577196176134","8.95827581988145","5.856","0.171","0.663","1,2,3,4,5,6,7,8,9,48,160,161,162,163,164,165,166,167,168",0.00899988620286823,FALSE,1,0,19,1,18,0.0526315789473684,1
"scad.cv",62,300,0.5,"TRUE","TRUE","FALSE","17.125330102828","9.04270361697048","8.0826264858575","3.929","0.168","0.59","1,2,3,4,5,6,7,8,9,161,162,163,164,165,166,167,168,279",0.0111951304203085,FALSE,1,1,18,1,17,0.0555555555555556,0.944444444444444
"scad.cv",63,300,0.5,"TRUE","TRUE","FALSE","18.1392920104479","9.058161344976","9.08113066547185","3.508","0.17","0.55","1,2,3,4,5,6,7,8,9,160,161,162,163,164,165,166,167,168,205",0.00835768662875649,FALSE,1,0,19,1,18,0.0526315789473684,1
"scad.cv",64,300,0.5,"TRUE","TRUE","FALSE","18.1541540798889","9.0908691005761","9.06328497931281","3.437","0.204","0.632","1,2,3,4,5,6,7,8,9,81,160,161,162,163,164,165,166,167,168",0.00812207648512364,FALSE,1,0,19,1,18,0.0526315789473684,1
"scad.cv",65,300,0.5,"TRUE","TRUE","FALSE","17.1584699931707","9.06104310698571","8.09742688618494","4.631","0.169","0.638","1,2,3,4,5,6,7,8,9,81,161,162,163,164,165,166,167,168",0.0116600444445329,FALSE,1,1,18,1,17,0.0555555555555556,0.944444444444444
"scad.cv",66,300,0.5,"TRUE","TRUE","FALSE","18.0811423776578","8.5211074446093","9.56003493304849","5.825","0.245","0.7","1,2,3,4,6,7,8,9,160,161,162,163,164,165,166,167,168,306",0.00800539441835833,FALSE,1,1,18,1,17,0.0555555555555556,0.944444444444444
"scad.cv",67,300,0.5,"TRUE","TRUE","FALSE","18.2664757582211","9.12988653961741","9.13658921860365","6.199","0.254","0.788","1,2,3,4,5,6,7,8,9,48,105,135,160,161,162,163,164,165,166,167,168,206",0.00892681033740307,FALSE,4,0,22,4,18,0.181818181818182,1
"scad.cv",68,300,0.5,"TRUE","TRUE","FALSE","18.1140613343613","9.03371227856742","9.08034905579384","4.341","0.178","0.668","1,2,3,4,5,6,7,8,9,160,161,162,163,164,165,166,167,168,295,308",0.0097137800824935,FALSE,2,0,20,2,18,0.1,1
"scad.cv",69,300,0.5,"TRUE","TRUE","FALSE","17.8219462470147","9.08121717092152","8.74072907609316","5.167","0.243","0.741","1,2,3,4,5,6,7,8,9,81,161,162,163,164,165,166,167,168",0.0114545407937736,FALSE,1,1,18,1,17,0.0555555555555556,0.944444444444444
"scad.cv",7,300,0.5,"TRUE","TRUE","FALSE","18.4282176338403","9.14898433709103","9.27923329674931","6.276","0.22","0.896","1,2,3,4,5,6,7,8,9,11,160,161,162,163,164,165,166,167,168,173,221,295",0.00959773669198598,FALSE,4,0,22,4,18,0.181818181818182,1
"scad.cv",70,300,0.5,"TRUE","TRUE","FALSE","18.1142468407362","9.05302806972201","9.0612187710142","5.352","0.258","0.659","1,2,3,4,5,6,7,8,9,161,162,163,164,165,166,167,168",0.00836118881620001,FALSE,0,1,17,0,17,0,0.944444444444444
"scad.cv",71,300,0.5,"TRUE","TRUE","FALSE","18.1381313513231","9.20990234745426","8.92822900386887","5.972","0.191","0.731","1,3,4,5,6,7,8,9,25,44,161,162,163,164,165,166,167,168,279",0.0139364089884101,FALSE,3,2,19,3,16,0.157894736842105,0.888888888888889
"scad.cv",72,300,0.5,"TRUE","TRUE","FALSE","17.6015854434953","8.85993184852375","8.74165359497151","5.969","0.307","0.627","1,3,4,5,6,7,8,9,161,162,163,164,165,166,167,168,294",0.0118631609509142,FALSE,1,2,17,1,16,0.0588235294117647,0.888888888888889
"scad.cv",73,300,0.5,"TRUE","TRUE","FALSE","18.1687111033431","9.08404661806152","9.08466448528162","4.003","0.242","0.679","1,2,3,4,5,6,7,8,9,81,160,161,162,163,164,165,166,168",0.00824098071132736,FALSE,1,1,18,1,17,0.0555555555555556,0.944444444444444
"scad.cv",74,300,0.5,"TRUE","TRUE","FALSE","18.1428729570703","9.06285043418633","9.08002252288392","4.614","0.149","0.505","1,2,3,4,5,6,7,8,9,160,161,162,163,164,165,166,167,168",0.0123286184086841,TRUE,0,0,18,0,18,0,1
"scad.cv",75,300,0.5,"TRUE","TRUE","FALSE","18.1383131226344","9.06060541099142","9.07770771164301","3.545","0.21","0.595","1,2,3,4,5,6,7,8,9,48,81,85,160,161,162,163,164,165,166,167,168,310",0.00952703003216808,FALSE,4,0,22,4,18,0.181818181818182,1
"scad.cv",76,300,0.5,"TRUE","TRUE","FALSE","18.233062349434","9.13340815987695","9.09965418955701","4.523","0.24","0.722","1,2,3,4,5,6,7,8,9,160,161,162,163,164,165,166,167,168",0.00741137348687717,TRUE,0,0,18,0,18,0,1
"scad.cv",77,300,0.5,"TRUE","TRUE","FALSE","18.1154030296487","9.04986037487563","9.06554265477305","4.656","0.212","0.673","1,2,3,4,5,6,7,8,9,160,161,162,163,164,165,166,167,168",0.010237032059893,TRUE,0,0,18,0,18,0,1
"scad.cv",78,300,0.5,"TRUE","TRUE","FALSE","18.1221150636413","9.07894835552792","9.04316670811343","4.016","0.223","0.91","1,2,3,4,5,6,7,8,9,24,27,37,42,60,92,99,110,144,160,161,162,163,164,165,166,167,168,182,186,201,206,209,210,212,213,215,216,236,252,287,288,295,300,301",0.00192595113104976,FALSE,26,0,44,26,18,0.590909090909091,1
"scad.cv",79,300,0.5,"TRUE","TRUE","FALSE","18.1376608044592","9.06983141378974","9.06782939066945","4.409","0.174","1.109","1,2,3,4,5,6,7,8,9,27,32,107,160,161,162,163,164,165,166,167,168,206,269",0.00842377263120424,FALSE,5,0,23,5,18,0.217391304347826,1
"scad.cv",8,300,0.5,"TRUE","TRUE","FALSE","18.1235735969362","9.06071926823433","9.06285432870182","5.02","0.238","0.915","1,2,3,4,5,6,7,8,9,160,161,162,163,164,165,166,167,168,187",0.0100802731010531,FALSE,1,0,19,1,18,0.0526315789473684,1
"scad.cv",80,300,0.5,"TRUE","TRUE","FALSE","17.6779377631834","8.49587976743201","9.18205799575135","5.312","0.269","0.764","1,2,3,4,5,6,7,8,9,25,66,126,160,161,162,163,164,165,166,167,168,177,224",0.0114002714386819,FALSE,5,0,23,5,18,0.217391304347826,1
"scad.cv",81,300,0.5,"TRUE","TRUE","FALSE","17.4474578498024","8.73212199157449","8.71533585822794","6.544","0.249","0.748","1,2,3,4,5,6,7,8,9,161,162,163,164,165,166,167,168,267",0.010004479319938,FALSE,1,1,18,1,17,0.0555555555555556,0.944444444444444
"scad.cv",82,300,0.5,"TRUE","TRUE","FALSE","18.2018124927542","9.09601594559701","9.10579654715719","3.959","0.179","0.733","1,2,3,4,5,6,7,8,9,13,17,28,34,37,47,49,50,66,102,103,112,126,160,161,162,163,164,165,166,167,168,174,175,187,199,215,226,258,278,289,300",0.00222359659938807,FALSE,23,0,41,23,18,0.560975609756098,1
"scad.cv",83,300,0.5,"TRUE","TRUE","FALSE","18.2214360382184","9.15608815226943","9.06534788594894","4.621","0.198","0.829","1,2,3,4,5,6,7,8,9,48,160,161,162,163,164,165,166,167,168",0.00685364816870107,FALSE,1,0,19,1,18,0.0526315789473684,1
"scad.cv",84,300,0.5,"TRUE","TRUE","FALSE","18.0758684172759","9.00303518883364","9.07283322844225","5.101","0.241","0.851","1,2,3,4,5,6,7,8,9,160,161,162,163,164,165,166,167,168",0.0090437072534378,TRUE,0,0,18,0,18,0,1
"scad.cv",85,300,0.5,"TRUE","TRUE","FALSE","17.7321691487954","8.67102376961619","9.06114537917923","7.352","0.254","0.841","1,2,3,4,6,7,8,9,41,161,162,163,164,165,166,167,168,177",0.0100806433127365,FALSE,2,2,18,2,16,0.111111111111111,0.888888888888889
"scad.cv",86,300,0.5,"TRUE","TRUE","FALSE","18.118925620395","9.05898120189009","9.05994441850489","4.023","0.247","0.643","1,2,3,4,5,6,7,8,9,25,160,161,162,163,164,165,166,167,168",0.00751178569803946,FALSE,1,0,19,1,18,0.0526315789473684,1
"scad.cv",87,300,0.5,"TRUE","TRUE","FALSE","18.175099279591","9.09727859431014","9.07782068528091","3.943","0.147","0.486","1,2,3,4,5,6,7,8,9,160,161,162,163,164,165,166,167,168",0.00722700569449836,TRUE,0,0,18,0,18,0,1
"scad.cv",88,300,0.5,"TRUE","TRUE","FALSE","18.1257039531834","9.05718618856323","9.06851776462019","4.442","0.198","0.792","1,2,3,4,5,6,7,8,9,48,160,161,162,163,164,165,166,167,168,173,177,281",0.00791838324798738,FALSE,4,0,22,4,18,0.181818181818182,1
"scad.cv",89,300,0.5,"TRUE","TRUE","FALSE","18.1425193867824","9.06861165996588","9.07390772681648","5.476","0.21","0.69","1,2,3,4,5,6,7,8,9,160,161,162,163,164,165,166,167,168",0.00956644322131454,TRUE,0,0,18,0,18,0,1
"scad.cv",9,300,0.5,"TRUE","TRUE","FALSE","17.9489980839188","8.86626275895918","9.08273532495963","6.005","0.236","0.835","1,2,4,5,6,7,8,9,160,161,162,163,164,165,166,167,168,281",0.0111832296756639,FALSE,1,1,18,1,17,0.0555555555555556,0.944444444444444
"scad.cv",90,300,0.5,"TRUE","TRUE","FALSE","17.2733005955025","9.03902940130062","8.23427119420184","4.523","0.212","0.697","1,2,3,4,5,6,7,8,9,85,161,162,163,164,165,166,167,168",0.008682505875248,FALSE,1,1,18,1,17,0.0555555555555556,0.944444444444444
"scad.cv",91,300,0.5,"TRUE","TRUE","FALSE","18.1323837040068","9.05938229972762","9.07300140427915","4.043","0.185","0.567","1,2,3,4,5,6,7,8,9,155,160,161,162,163,164,165,166,167,168,269",0.0102280651413618,FALSE,2,0,20,2,18,0.1,1
"scad.cv",92,300,0.5,"TRUE","TRUE","FALSE","17.9699776930742","8.91782316186733","9.05215453120684","4.845","0.179","0.661","1,3,4,5,6,7,8,9,161,162,163,164,165,166,167,168",0.0107437813540789,FALSE,0,2,16,0,16,0,0.888888888888889
"scad.cv",93,300,0.5,"TRUE","TRUE","FALSE","18.0508534224993","9.21576054404053","8.83509287845875","6.2","0.217","0.818","1,2,3,4,5,6,7,8,9,81,85,92,161,162,163,164,165,166,167,168",0.00934435119181025,FALSE,3,1,20,3,17,0.15,0.944444444444444
"scad.cv",94,300,0.5,"TRUE","TRUE","FALSE","17.8660511955517","8.77661604557978","9.08943514997188","4.885","0.192","0.672","1,2,3,4,5,6,7,8,9,79,92,113,160,161,162,163,164,165,166,167,168",0.00931601010122027,FALSE,3,0,21,3,18,0.142857142857143,1
"scad.cv",95,300,0.5,"TRUE","TRUE","FALSE","18.0927616572091","9.03821502134996","9.05454663585913","4.087","0.199","0.64","1,2,3,4,5,6,7,8,9,81,160,161,162,163,164,165,166,167,168,187,275,308",0.0102333625888507,FALSE,4,0,22,4,18,0.181818181818182,1
"scad.cv",96,300,0.5,"TRUE","TRUE","FALSE","18.2673950946208","9.1910349727668","9.07636012185403","6.683","0.289","0.936","1,2,3,4,5,6,7,8,9,81,92,161,162,163,164,165,166,167,168,258",0.0105693419147259,FALSE,3,1,20,3,17,0.15,0.944444444444444
"scad.cv",97,300,0.5,"TRUE","TRUE","FALSE","18.1650424003441","9.06487094944644","9.10017145089761","4.514","0.161","0.909","1,2,3,4,5,6,7,8,9,30,85,160,161,162,163,164,165,166,167,168,281,308",0.00869944029411046,FALSE,4,0,22,4,18,0.181818181818182,1
"scad.cv",98,300,0.5,"TRUE","TRUE","FALSE","17.4262189184712","8.24409193925034","9.18212697922083","6.129","0.221","0.67","2,3,4,6,7,8,9,80,86,155,160,161,162,163,164,165,166,167,168,310",0.0104484457854433,FALSE,4,2,20,4,16,0.2,0.888888888888889
"scad.cv",99,300,0.5,"TRUE","TRUE","FALSE","18.190774709946","9.02822332859858","9.16255138134744","5.063","0.164","0.668","1,2,3,4,5,6,7,8,9,160,161,162,163,164,165,166,167,168",0.00910331717291818,TRUE,0,0,18,0,18,0,1
