"method","sim","n","betamin","is.true.model.intop.kappa.o","is.true.model.intop.kappa.oplusLASSO","is.s.hat.nan","s.hat","s0.hat","s1.hat","time.l0","time.lasso.cv","time.scad.cv","sel.model","est.mse","recovery","nb.tI","nb.tII","est.size","FP","TP","FDR","power"
"EBIC",1,40,0.33,"FALSE","FALSE","FALSE","7.25162196299473","5.03752986411447","2.21409209888027","0.519","0.035","0.021","1,2,3,4,9,10,11,15,28,34,49,53,67,70",0.0891696778137058,FALSE,7,4,14,7,7,0.5,0.636363636363636
"EBIC",10,40,0.33,"FALSE","FALSE","FALSE","6.01773480908255","4.22049286267569","1.79724194640686","0.449","0.033","0.022","1,6,10,14,15,36,41,44,60,64,71",0.169187736417897,FALSE,8,8,11,8,3,0.727272727272727,0.272727272727273
"EBIC",100,40,0.33,"FALSE","FALSE","FALSE","4.98209580472968","2.85812651615334","2.12396928857634","0.45","0.03","0.019","1,5,6,8,10,14,32",0.0731362146201433,FALSE,2,6,7,2,5,0.285714285714286,0.454545454545455
"EBIC",11,40,0.33,"FALSE","FALSE","FALSE","4.7139383732594","2.62904046637036","2.08489790688904","0.532","0.032","0.019","2,7,9,11,23,54",0.161296791869222,FALSE,2,7,6,2,4,0.333333333333333,0.363636363636364
"EBIC",12,40,0.33,"FALSE","FALSE","FALSE","5.66740058572008","4.27767146425734","1.38972912146274","0.341","0.03","0.02","1,2,5,6,10,11,14,51,60,62",0.0537099515227754,FALSE,4,5,10,4,6,0.4,0.545454545454545
"EBIC",13,40,0.33,"FALSE","FALSE","FALSE","6.69275741155513","3.73845673533345","2.95430067622168","0.394","0.032","0.021","1,3,5,6,8,10,14,23,56,67",0.106215011162184,FALSE,4,5,10,4,6,0.4,0.545454545454545
"EBIC",14,40,0.33,"FALSE","FALSE","FALSE","6.3144404234883","4.25532181653722","2.05911860695108","0.374","0.029","0.02","1,3,4,5,6,7,8,10,70",0.0265730998217876,FALSE,1,3,9,1,8,0.111111111111111,0.727272727272727
"EBIC",15,40,0.33,"FALSE","FALSE","FALSE","5.51132591035161","3.59498412461384","1.91634178573777","0.386","0.031","0.02","1,5,6,8,10,14",0.069671823863665,FALSE,1,6,6,1,5,0.166666666666667,0.454545454545455
"EBIC",16,40,0.33,"FALSE","FALSE","FALSE","5.65077188180289","2.59194306606645","3.05882881573644","0.522","0.03","0.021","2,3,5,7,9,11,23,57",0.114011769889811,FALSE,2,5,8,2,6,0.25,0.545454545454545
"EBIC",17,40,0.33,"FALSE","FALSE","FALSE","6.84576270094523","4.30365540404873","2.5421072968965","0.394","0.031","0.017","1,3,4,5,6,9,10,11,13,15,31,59,66",0.0551544916516664,FALSE,5,3,13,5,8,0.384615384615385,0.727272727272727
"EBIC",18,40,0.33,"FALSE","FALSE","FALSE","4.75189069517799","2.54554322149957","2.20634747367842","0.449","0.031","0.015","1,4,7,11,18,20,40,51,59",0.144123916075995,FALSE,5,7,9,5,4,0.555555555555556,0.363636363636364
"EBIC",19,40,0.33,"FALSE","FALSE","FALSE","5.70438079184987","2.32012610045013","3.38425469139974","0.608","0.03","0.021","1,5,6,8,10,14,30,36,63,66",0.0916303599826034,FALSE,5,6,10,5,5,0.5,0.454545454545455
"EBIC",2,40,0.33,"FALSE","FALSE","FALSE","6.45944125679855","4.18916419958304","2.27027705721551","0.264","0.03","0.02","1,4,5,6,7,8,10,14,23,25,32,34,45",0.119526129892411,FALSE,6,4,13,6,7,0.461538461538462,0.636363636363636
"EBIC",20,40,0.33,"FALSE","FALSE","FALSE","5.61639616577908","1.91006727662372","3.70632888915536","0.507","0.03","0.017","2,3,7,10,14,22,33,35,36,43,70",0.138132729246335,FALSE,7,7,11,7,4,0.636363636363636,0.363636363636364
"EBIC",21,40,0.33,"FALSE","FALSE","FALSE","6.93053476758112","5.14969401796313","1.78084074961798","0.455","0.032","0.021","1,4,6,7,9,10,11,25,35,51,54,70",0.109430583115067,FALSE,5,4,12,5,7,0.416666666666667,0.636363636363636
"EBIC",22,40,0.33,"FALSE","FALSE","FALSE","6.99316574634321","2.30371050285948","4.68945524348373","0.361","0.029","0.02","5,6,9,10,14,16,30,36,58",0.11889278287251,FALSE,5,7,9,5,4,0.555555555555556,0.363636363636364
"EBIC",23,40,0.33,"FALSE","FALSE","FALSE","5.69093911109185","3.59343369011629","2.09750542097556","0.419","0.029","0.019","3,5,6,8,10,37,41,46,52,57",0.0911535916577616,FALSE,5,6,10,5,5,0.5,0.454545454545455
"EBIC",24,40,0.33,"FALSE","FALSE","FALSE","4.84709904583536","4.1724123882545","0.674686657580858","0.329","0.029","0.018","1,4,5,6,8,10,53",0.0441017701769884,FALSE,1,5,7,1,6,0.142857142857143,0.545454545454545
"EBIC",25,40,0.33,"FALSE","FALSE","FALSE","4.94684457170804","2.60865309669686","2.33819147501118","0.428","0.03","0.018","2,3,5,7,9,11,23,30,33,60",0.125144371228187,FALSE,4,5,10,4,6,0.4,0.545454545454545
"EBIC",26,40,0.33,"FALSE","FALSE","FALSE","5.37329677354441","2.49660360174569","2.87669317179873","0.526","0.031","0.019","1,4,6,8,10,23,33,39,43,45,59",0.153694306469502,FALSE,6,6,11,6,5,0.545454545454545,0.454545454545455
"EBIC",27,40,0.33,"FALSE","FALSE","FALSE","5.2943940903378","4.10538765975585","1.18900643058196","0.42","0.029","0.02","2,3,5,7,9,11,23,33,36",0.1419346788835,FALSE,3,5,9,3,6,0.333333333333333,0.545454545454545
"EBIC",28,40,0.33,"FALSE","FALSE","FALSE","4.82452850526262","2.28668632407933","2.53784218118329","0.588","0.033","0.021","1,4,6,11,13,23,62",0.164757815392412,FALSE,3,7,7,3,4,0.428571428571429,0.363636363636364
"EBIC",29,40,0.33,"FALSE","FALSE","FALSE","5.74876710579874","2.625235077774","3.12353202802474","0.541","0.03","0.019","4,5,6,10,12,42,49,64",0.090206984202961,FALSE,4,7,8,4,4,0.5,0.363636363636364
"EBIC",3,40,0.33,"FALSE","FALSE","FALSE","6.44748251127518","3.10844764726349","3.33903486401169","0.236","0.029","0.02","4,5,6,9,12,49",0.0960442890524402,FALSE,2,7,6,2,4,0.333333333333333,0.363636363636364
"EBIC",30,40,0.33,"FALSE","FALSE","FALSE","5.96450193889206","3.10444826353347","2.86005367535858","0.512","0.029","0.021","1,2,3,5,6,9,10,11",0.021498526825481,FALSE,0,3,8,0,8,0,0.727272727272727
"EBIC",31,40,0.33,"FALSE","FALSE","FALSE","5.30553959417819","3.34934935856974","1.95619023560845","0.493","0.029","0.022","3,5,6,8,10,41,46,52,56,71",0.108721474568508,FALSE,5,6,10,5,5,0.5,0.454545454545455
"EBIC",32,40,0.33,"FALSE","FALSE","FALSE","5.54708800923319","1.25366410313717","4.29342390609602","0.42","0.03","0.018","6,10,15,16,30,34,36,42,48,61",0.187939176887384,FALSE,8,9,10,8,2,0.8,0.181818181818182
"EBIC",33,40,0.33,"FALSE","FALSE","FALSE","5.37533115637303","2.87927416563382","2.49605699073921","0.455","0.03","0.021","1,5,6,10,14,18,30,36,61,63",0.124694322444136,FALSE,6,7,10,6,4,0.6,0.363636363636364
"EBIC",34,40,0.33,"FALSE","FALSE","FALSE","4.75365033771193","2.48940738336784","2.26424295434409","0.419","0.03","0.017","1,2,4,5,6,7,9,10,11,12,14,15,16,22,24,25,30,31,33,41,43,45,47,48,49,50,52,55,56,63,69,70",0.0794464024176698,FALSE,23,2,32,23,9,0.71875,0.818181818181818
"EBIC",35,40,0.33,"FALSE","FALSE","FALSE","5.37584472363585","4.53726582163502","0.838578902000826","0.36","0.031","0.021","4,5,6,8,10",0.0625498864733303,FALSE,0,6,5,0,5,0,0.454545454545455
"EBIC",36,40,0.33,"FALSE","FALSE","FALSE","9.58826686654251","5.34390123123198","4.24436563531053","0.534","0.031","0.022","1,2,3,5,6,10,15,16,27,36,37,44,47,52",0.0753693577220935,FALSE,8,5,14,8,6,0.571428571428571,0.545454545454545
"EBIC",37,40,0.33,"FALSE","FALSE","FALSE","6.6910521463232","6.2646045653336","0.426447580989606","0.256","0.028","0.02","1,2,3,5,6,10,11",0.0323905199018811,FALSE,0,4,7,0,7,0,0.636363636363636
"EBIC",38,40,0.33,"FALSE","FALSE","FALSE","5.48688386825541","3.73517953351371","1.7517043347417","0.378","0.03","0.021","6,10,14,16,28,30,36,49",0.162131120600488,FALSE,6,9,8,6,2,0.75,0.181818181818182
"EBIC",39,40,0.33,"FALSE","FALSE","FALSE","5.14047259986232","3.81391844273146","1.32655415713086","0.413","0.028","0.019","4,7,9,10,11,54,64",0.0994451828151185,FALSE,2,6,7,2,5,0.285714285714286,0.454545454545455
"EBIC",4,40,0.33,"FALSE","FALSE","FALSE","4.92209922723936","4.22293781640872","0.699161410830636","0.398","0.029","0.019","3,5,6,7,8,10,21,52",0.062799993343776,FALSE,2,5,8,2,6,0.25,0.545454545454545
"EBIC",40,40,0.33,"FALSE","FALSE","FALSE","5.54104992906619","2.43075526881041","3.11029466025578","0.645","0.032","0.016","1,11,15,17,22,25,37,43,49,62",0.167356774960654,FALSE,8,9,10,8,2,0.8,0.181818181818182
"EBIC",41,40,0.33,"FALSE","FALSE","FALSE","6.20608469025605","3.05297917800168","3.15310551225437","0.402","0.03","0.018","2,4,6,10,11,15,18,20,30,34,48,50",0.110642966978558,FALSE,7,6,12,7,5,0.583333333333333,0.454545454545455
"EBIC",42,40,0.33,"FALSE","FALSE","FALSE","5.00457674895298","3.59174179425499","1.41283495469799","0.357","0.028","0.017","4,5,6,10,16,17,24,45,58",0.101543001935309,FALSE,5,7,9,5,4,0.555555555555556,0.363636363636364
"EBIC",43,40,0.33,"FALSE","FALSE","FALSE","5.47015113422451","1.75684079490133","3.71331033932317","0.342","0.03","0.02","4,7,9,10,11,19,29,49,52",0.139589850123669,FALSE,4,6,9,4,5,0.444444444444444,0.454545454545455
"EBIC",44,40,0.33,"FALSE","FALSE","FALSE","6.16754766971906","4.9600518919154","1.20749577780366","0.401","0.029","0.019","1,3,4,5,6,7,8,10,11,13,15,20,21,23,29,30,31,36,40,41,42,44,49,52,57,60,62,64",0.0659708701184879,FALSE,19,2,28,19,9,0.678571428571429,0.818181818181818
"EBIC",45,40,0.33,"FALSE","FALSE","FALSE","4.94676458843763","3.51957175711931","1.42719283131832","0.422","0.031","0.02","6,10,14,30,42,49,55,69",0.183796061340924,FALSE,6,9,8,6,2,0.75,0.181818181818182
"EBIC",46,40,0.33,"FALSE","FALSE","FALSE","6.87462305936273","0.611371592696401","6.26325146666633","0.45","0.03","0.023","1,10,14,31,35,36,38,40,46,49",0.159007589675816,FALSE,8,9,10,8,2,0.8,0.181818181818182
"EBIC",47,40,0.33,"FALSE","FALSE","FALSE","5.37807943288491","3.47864924516567","1.89943018771924","0.465","0.03","0.02","1,2,3,5,6,8,10,54,56,59,64",0.0922090331676333,FALSE,4,4,11,4,7,0.363636363636364,0.636363636363636
"EBIC",48,40,0.33,"FALSE","FALSE","FALSE","4.85225067611101","2.50806324584734","2.34418743026368","0.522","0.031","0.021","10,30,36,42,51,66",0.199637975132405,FALSE,5,10,6,5,1,0.833333333333333,0.0909090909090909
"EBIC",49,40,0.33,"FALSE","FALSE","FALSE","8.3059493177318","4.76568602655474","3.54026329117706","0.332","0.028","0.021","1,3,5,6,8,10,14,16,24,49,53,65",0.0730884787361012,FALSE,6,5,12,6,6,0.5,0.545454545454545
"EBIC",5,40,0.33,"FALSE","FALSE","FALSE","5.89121031230702","3.62165636848815","2.26955394381887","0.461","0.032","0.02","1,3,5,6,10,19,27,44,66",0.080687119515566,FALSE,4,6,9,4,5,0.444444444444444,0.454545454545455
"EBIC",50,40,0.33,"FALSE","FALSE","FALSE","5.73999204887069","3.86895428519688","1.87103776367381","0.379","0.029","0.018","1,3,4,5,6,8,10,41",0.0441679876198869,FALSE,1,4,8,1,7,0.125,0.636363636363636
"EBIC",51,40,0.33,"FALSE","FALSE","FALSE","8.29083931359851","2.18480745900165","6.10603185459685","0.442","0.031","0.019","6,10,14,15,18,19,25,46,49,52,53,59",0.154483444653713,FALSE,10,9,12,10,2,0.833333333333333,0.181818181818182
"EBIC",52,40,0.33,"FALSE","FALSE","FALSE","5.51429994117416","3.49036114422057","2.0239387969536","0.513","0.033","0.023","1,5,6,8,10,12,14,35,36,41,52,67",0.103805381626712,FALSE,7,6,12,7,5,0.583333333333333,0.454545454545455
"EBIC",53,40,0.33,"FALSE","FALSE","FALSE","6.25295022743069","4.32155797560493","1.93139225182577","0.389","0.03","0.021","1,4,7,9,10,11,24,27,31,35,65",0.112377963215297,FALSE,5,5,11,5,6,0.454545454545455,0.545454545454545
"EBIC",54,40,0.33,"FALSE","FALSE","FALSE","5.95001989069816","4.53190123421617","1.41811865648199","0.395","0.029","0.022","1,3,4,5,6,7,10,35,40,48,54",0.0758071459585116,FALSE,4,4,11,4,7,0.363636363636364,0.636363636363636
"EBIC",55,40,0.33,"FALSE","FALSE","FALSE","6.91900508004952","6.18953399220733","0.729471087842183","0.342","0.029","0.019","1,2,3,5,6,8,10,13,38,41,69",0.0583199370026804,FALSE,4,4,11,4,7,0.363636363636364,0.636363636363636
"EBIC",56,40,0.33,"FALSE","FALSE","FALSE","4.9552833212846","2.2811214929053","2.6741618283793","0.342","0.031","0.019","1,3,5,10,11,15,39,40",0.113019074535374,FALSE,3,6,8,3,5,0.375,0.454545454545455
"EBIC",57,40,0.33,"FALSE","FALSE","FALSE","4.84769602848083","3.45499477589197","1.39270125258887","0.444","0.031","0.021","1,4,5,6,8,24",0.0660492086195932,FALSE,1,6,6,1,5,0.166666666666667,0.454545454545455
"EBIC",58,40,0.33,"FALSE","FALSE","FALSE","5.2608787251336","2.93361237267328","2.32726635246032","0.458","0.031","0.021","1,6,10,11,54,70",0.0907227421273873,FALSE,2,7,6,2,4,0.333333333333333,0.363636363636364
"EBIC",59,40,0.33,"FALSE","FALSE","FALSE","5.16042288474688","3.89519325303311","1.26522963171377","0.419","0.031","0.02","1,3,5,6,10,14,18,28,46,53,68",0.157224986232855,FALSE,6,6,11,6,5,0.545454545454545,0.454545454545455
"EBIC",6,40,0.33,"FALSE","FALSE","FALSE","5.65429835704365","2.70118626473431","2.95311209230934","0.423","0.031","0.019","1,5,6,10,14,19,21,32,49",0.142349252643607,FALSE,5,7,9,5,4,0.555555555555556,0.363636363636364
"EBIC",60,40,0.33,"FALSE","FALSE","FALSE","7.1806563781495","4.88817142071786","2.29248495743164","0.303","0.029","0.021","1,3,5,6,7,10,11,14,20,36,45,62",0.0494543511360804,FALSE,5,4,12,5,7,0.416666666666667,0.636363636363636
"EBIC",61,40,0.33,"FALSE","FALSE","FALSE","5.10667930378042","3.80028241055746","1.30639689322296","0.355","0.029","0.017","1,3,5,6,8,10",0.0400766895626889,FALSE,0,5,6,0,6,0,0.545454545454545
"EBIC",62,40,0.33,"FALSE","FALSE","FALSE","5.52812257389025","4.69413019383226","0.833992380057989","0.365","0.029","0.02","2,3,4,5,6,10,57",0.0352640284571646,FALSE,1,5,7,1,6,0.142857142857143,0.545454545454545
"EBIC",63,40,0.33,"FALSE","FALSE","FALSE","5.54230689148889","2.12421627427546","3.41809061721344","0.434","0.029","0.019","1,2,3,5,6,10,11,14,65",0.0551296714472745,FALSE,2,4,9,2,7,0.222222222222222,0.636363636363636
"EBIC",64,40,0.33,"FALSE","FALSE","FALSE","30.7407114258604","7.67544658360849","23.0652648422519","0.322","0.03","0.021","1,2,3,4,6,9,10,11,12,16,23,24,25,27,28,32,34,41,42,45,47,48,51,52,54,57,58,60,61,68,70,71",0.0879659539059896,FALSE,24,3,32,24,8,0.75,0.727272727272727
"EBIC",65,40,0.33,"FALSE","FALSE","FALSE","6.1229163319671","4.85424024221493","1.26867608975217","0.476","0.033","0.023","1,2,3,4,6,9,10,11,23,40,61",0.0685418758144106,FALSE,3,3,11,3,8,0.272727272727273,0.727272727272727
"EBIC",66,40,0.33,"FALSE","FALSE","FALSE","5.81299921776197","3.08612328577759","2.72687593198438","0.58","0.03","0.023","2,3,5,6,9,10,35,36,46,47,52,63",0.0891746346083295,FALSE,6,5,12,6,6,0.5,0.545454545454545
"EBIC",67,40,0.33,"FALSE","FALSE","FALSE","5.47299779405995","2.89909154481328","2.57390624924667","0.537","0.03","0.017","4,5,6,7,10,33,52,53,70",0.0885807745890795,FALSE,4,6,9,4,5,0.444444444444444,0.454545454545455
"EBIC",68,40,0.33,"FALSE","FALSE","FALSE","5.76775959345504","3.44850217596154","2.3192574174935","0.452","0.03","0.021","2,7,9,11,23,32,53,54",0.172948267649947,FALSE,4,7,8,4,4,0.5,0.363636363636364
"EBIC",69,40,0.33,"FALSE","FALSE","FALSE","6.55379548510634","2.51241726992558","4.04137821518076","0.596","0.031","0.019","3,6,9,10,17,21,24,37,42,46,50,52,71",0.154769848723892,FALSE,9,7,13,9,4,0.692307692307692,0.363636363636364
"EBIC",7,40,0.33,"FALSE","FALSE","FALSE","5.84104468841461","4.44018411426538","1.40086057414924","0.424","0.029","0.021","3,5,6,7,8,10,14,46,60",0.0777465642109059,FALSE,3,5,9,3,6,0.333333333333333,0.545454545454545
"EBIC",70,40,0.33,"FALSE","FALSE","FALSE","5.7596636612697","2.96758777494362","2.79207588632607","0.454","0.032","0.021","1,2,3,4,5,7,8,9,10,11,14,17,23,26,27,28,32,34,36,41,49,50,52,57,58,59,61,62,64,68,71",0.0990429258076064,FALSE,21,1,31,21,10,0.67741935483871,0.909090909090909
"EBIC",71,40,0.33,"FALSE","FALSE","FALSE","6.29905103437156","3.3567849857027","2.94226604866886","0.379","0.029","0.02","3,6,7,10,13,14,19,22,42,49,59",0.112505862740486,FALSE,7,7,11,7,4,0.636363636363636,0.363636363636364
"EBIC",72,40,0.33,"FALSE","FALSE","FALSE","5.68396658700539","2.78988776951012","2.89407881749527","0.635","0.03","0.021","6,8,10,30,42,49,66",0.129822805673991,FALSE,4,8,7,4,3,0.571428571428571,0.272727272727273
"EBIC",73,40,0.33,"FALSE","FALSE","FALSE","5.89613433281207","4.50705015227497","1.38908418053709","0.522","0.029","0.018","1,2,3,4,5,6,10,11,56,71",0.0235855568305219,FALSE,2,3,10,2,8,0.2,0.727272727272727
"EBIC",74,40,0.33,"FALSE","FALSE","FALSE","11.7370447866388","5.4261396493816","6.31090513725723","0.474","0.029","0.02","3,4,5,6,7,8,9,19,20,28,32,50,51,59,60,61,67",0.116105199981109,FALSE,10,4,17,10,7,0.588235294117647,0.636363636363636
"EBIC",75,40,0.33,"FALSE","FALSE","FALSE","5.59225932865613","2.82632025781825","2.76593907083788","0.326","0.029","0.018","5,6,8,10,12,20,30,33,41,43,46,52,55,71",0.184891824346297,FALSE,10,7,14,10,4,0.714285714285714,0.363636363636364
"EBIC",76,40,0.33,"FALSE","FALSE","FALSE","4.75679212714426","3.31296792705544","1.44382420008882","0.221","0.031","0.019","4,5,6,7,8",0.0825656382235016,FALSE,0,6,5,0,5,0,0.454545454545455
"EBIC",77,40,0.33,"FALSE","FALSE","FALSE","5.74407982148535","1.67009853110695","4.0739812903784","0.29","0.029","0.016","10,21,22,52,59,70",0.211461699958214,FALSE,5,10,6,5,1,0.833333333333333,0.0909090909090909
"EBIC",78,40,0.33,"FALSE","FALSE","FALSE","6.89332371090824","5.11714713045397","1.77617658045428","0.354","0.029","0.019","2,5,6,8,10,11,21,30,34,50,52",0.0864319130472043,FALSE,5,5,11,5,6,0.454545454545455,0.545454545454545
"EBIC",79,40,0.33,"FALSE","FALSE","FALSE","4.95468090980239","2.87067851243445","2.08400239736794","0.413","0.03","0.02","2,8,10,11,26,28,30,32,40,47,62,69",0.16623853544825,FALSE,8,7,12,8,4,0.666666666666667,0.363636363636364
"EBIC",8,40,0.33,"FALSE","FALSE","FALSE","6.60782019830114","4.71954264610455","1.88827755219659","0.476","0.03","0.024","1,2,4,6,10,11,24,31,60,62,65,69",0.0838872463181797,FALSE,6,5,12,6,6,0.5,0.545454545454545
"EBIC",80,40,0.33,"FALSE","FALSE","FALSE","6.95539686331653","4.92699116250098","2.02840570081555","0.469","0.029","0.018","2,4,8,10,11,17,26,28,40,46,57",0.128144968245034,FALSE,6,6,11,6,5,0.545454545454545,0.454545454545455
"EBIC",81,40,0.33,"FALSE","FALSE","FALSE","6.12236522989729","4.768896174923","1.35346905497429","0.308","0.029","0.019","1,5,6,8,10,14,32,37,38",0.100839739214367,FALSE,4,6,9,4,5,0.444444444444444,0.454545454545455
"EBIC",82,40,0.33,"FALSE","FALSE","FALSE","5.92171024003803","5.23807279115749","0.683637448880537","0.402","0.029","0.019","2,3,4,5,6,8,10,21",0.0344493284956466,FALSE,1,4,8,1,7,0.125,0.636363636363636
"EBIC",83,40,0.33,"FALSE","FALSE","FALSE","4.70239778842894","3.234367823368","1.46802996506094","0.412","0.03","0.019","4,5,6,8,12",0.0892313172632257,FALSE,1,7,5,1,4,0.2,0.363636363636364
"EBIC",84,40,0.33,"FALSE","FALSE","FALSE","5.16152213858262","4.09172862298364","1.06979351559898","0.34","0.03","0.02","2,3,4,5,6,8,10,27,54",0.0621727378223388,FALSE,2,4,9,2,7,0.222222222222222,0.636363636363636
"EBIC",85,40,0.33,"FALSE","FALSE","FALSE","6.39106109163","3.66251967985271","2.72854141177729","0.383","0.03","0.019","6,10,11,14,20,30,35,36,37,51,56",0.196161305201637,FALSE,8,8,11,8,3,0.727272727272727,0.272727272727273
"EBIC",86,40,0.33,"FALSE","FALSE","FALSE","6.33061359385261","4.98955247678211","1.3410611170705","0.316","0.033","0.021","2,4,6,9,11,40,47",0.0808845029056598,FALSE,2,6,7,2,5,0.285714285714286,0.454545454545455
"EBIC",87,40,0.33,"FALSE","FALSE","FALSE","6.08100547555106","5.03693077205967","1.04407470349139","0.437","0.031","0.021","1,2,4,5,6,8,10",0.0285356472672832,FALSE,0,4,7,0,7,0,0.636363636363636
"EBIC",88,40,0.33,"FALSE","FALSE","FALSE","5.90044763117223","2.93105067837834","2.96939695279388","0.479","0.031","0.022","6,9,10,14,19,27,49,59",0.135767636852007,FALSE,5,8,8,5,3,0.625,0.272727272727273
"EBIC",89,40,0.33,"FALSE","FALSE","FALSE","6.37375216681416","5.81098812971667","0.562764037097485","0.288","0.031","0.019","1,2,4,5,6,10,11",0.0217549956027031,FALSE,0,4,7,0,7,0,0.636363636363636
"EBIC",9,40,0.33,"FALSE","FALSE","FALSE","5.86717441423307","3.88891199729983","1.97826241693324","0.443","0.031","0.021","2,4,5,6,8,20,45,49,51,70",0.0797308320883524,FALSE,5,6,10,5,5,0.5,0.454545454545455
"EBIC",90,40,0.33,"FALSE","FALSE","FALSE","4.79107084117958","1.50207188245152","3.28899895872806","0.404","0.032","0.016","7,12,22,36,51,64",0.191982576723184,FALSE,5,10,6,5,1,0.833333333333333,0.0909090909090909
"EBIC",91,40,0.33,"FALSE","FALSE","FALSE","40","13","27","0.153","0.031","0.022","1,2,3,5,6,7,9,10,11,13,14,15,16,17,18,20,21,22,24,26,28,32,33,36,38,40,41,43,47,53,54,55,58,59,61,62,66,69,70",0.0597973329961716,FALSE,30,2,39,30,9,0.769230769230769,0.818181818181818
"EBIC",92,40,0.33,"FALSE","FALSE","FALSE","5.19093196508904","2.36554126654054","2.8253906985485","0.413","0.032","0.021","1,6,9,10,11,30,32,33,46,54,66,67",0.133511282048781,FALSE,7,6,12,7,5,0.583333333333333,0.454545454545455
"EBIC",93,40,0.33,"FALSE","FALSE","FALSE","7.06288911977387","2.85907851124437","4.20381060852951","0.513","0.03","0.02","1,6,10,11,14,18,23,27,32,36,40,41,42,49,53,57",0.134481246151543,FALSE,12,7,16,12,4,0.75,0.363636363636364
"EBIC",94,40,0.33,"FALSE","FALSE","FALSE","6.37846884364865","2.34528082042821","4.03318802322043","0.311","0.03","0.02","1,7,10,14,22,33,36,54,55,56,71",0.158948776913797,FALSE,8,8,11,8,3,0.727272727272727,0.272727272727273
"EBIC",95,40,0.33,"FALSE","FALSE","FALSE","5.38254276460404","4.64262596693296","0.739916797671077","0.364","0.029","0.018","1,2,3,4,5,6,7,8,9,10,11,13,20,22,24,27,29,31,36,39,40,41,42,46,47,52,53,57,61,62",0.159830128552972,FALSE,19,0,30,19,11,0.633333333333333,1
"EBIC",96,40,0.33,"FALSE","FALSE","FALSE","5.31405645866019","2.39422530837333","2.91983115028686","0.553","0.031","0.02","1,2,3,4,5,6,7,8,9,10,12,15,16,17,18,21,22,27,31,34,35,38,40,41,43,44,45,48,49,52,53,57,61,62,65,67,69",0.145119174120846,FALSE,27,1,37,27,10,0.72972972972973,0.909090909090909
"EBIC",97,40,0.33,"FALSE","FALSE","FALSE","7.60328465511745","5.12246446582539","2.48082018929206","0.408","0.031","0.02","1,3,4,5,6,8,10,23,28,32,37,38,55,64,66,67",0.0833541402715179,FALSE,9,4,16,9,7,0.5625,0.636363636363636
"EBIC",98,40,0.33,"FALSE","FALSE","FALSE","4.93031328654972","2.58191688275525","2.34839640379447","0.43","0.031","0.015","4,7,9,12,22,64",0.170971476686886,FALSE,3,8,6,3,3,0.5,0.272727272727273
"EBIC",99,40,0.33,"FALSE","FALSE","FALSE","6.32812807000248","4.97835701484837","1.34977105515411","0.33","0.028","0.017","2,4,5,6,8,10,26,39,45,48",0.0753764456156928,FALSE,4,5,10,4,6,0.4,0.545454545454545
"kappa.o",1,40,0.33,"FALSE","FALSE","FALSE","7.25162196299473","5.03752986411447","2.21409209888027","0.519","0.035","0.021","1,2,3,4,6,9,10,11",0.030711933971203,FALSE,0,3,8,0,8,0,0.727272727272727
"kappa.o",10,40,0.33,"FALSE","FALSE","FALSE","6.01773480908255","4.22049286267569","1.79724194640686","0.449","0.033","0.022","4,5,6,8",0.0978057144997918,FALSE,0,7,4,0,4,0,0.363636363636364
"kappa.o",100,40,0.33,"FALSE","FALSE","FALSE","4.98209580472968","2.85812651615334","2.12396928857634","0.45","0.03","0.019","1,10,14,32",0.177473425656345,FALSE,2,9,4,2,2,0.5,0.181818181818182
"kappa.o",11,40,0.33,"FALSE","FALSE","FALSE","4.7139383732594","2.62904046637036","2.08489790688904","0.532","0.032","0.019","3,10,42",0.172594928935677,FALSE,1,9,3,1,2,0.333333333333333,0.181818181818182
"kappa.o",12,40,0.33,"FALSE","FALSE","FALSE","5.66740058572008","4.27767146425734","1.38972912146274","0.341","0.03","0.02","1,5,10,14,31",0.107669049942878,FALSE,2,8,5,2,3,0.4,0.272727272727273
"kappa.o",13,40,0.33,"FALSE","FALSE","FALSE","6.69275741155513","3.73845673533345","2.95430067622168","0.394","0.032","0.021","3,4,7,10,55,64",0.120116737427132,FALSE,2,7,6,2,4,0.333333333333333,0.363636363636364
"kappa.o",14,40,0.33,"FALSE","FALSE","FALSE","6.3144404234883","4.25532181653722","2.05911860695108","0.374","0.029","0.02","1,3,5,6,8,10",0.0424970382224101,FALSE,0,5,6,0,6,0,0.545454545454545
"kappa.o",15,40,0.33,"FALSE","FALSE","FALSE","5.51132591035161","3.59498412461384","1.91634178573777","0.386","0.031","0.02","1,5,6,8,10,14",0.069671823863665,FALSE,1,6,6,1,5,0.166666666666667,0.454545454545455
"kappa.o",16,40,0.33,"FALSE","FALSE","FALSE","5.65077188180289","2.59194306606645","3.05882881573644","0.522","0.03","0.021","2,7,9,11,23,54",0.180987778873968,FALSE,2,7,6,2,4,0.333333333333333,0.363636363636364
"kappa.o",17,40,0.33,"FALSE","FALSE","FALSE","6.84576270094523","4.30365540404873","2.5421072968965","0.394","0.031","0.017","4,7,9,11,22,31",0.125088735991836,FALSE,2,7,6,2,4,0.333333333333333,0.363636363636364
"kappa.o",18,40,0.33,"FALSE","FALSE","FALSE","4.75189069517799","2.54554322149957","2.20634747367842","0.449","0.031","0.015","7,16,22",0.28963717469049,FALSE,2,10,3,2,1,0.666666666666667,0.0909090909090909
"kappa.o",19,40,0.33,"FALSE","FALSE","FALSE","5.70438079184987","2.32012610045013","3.38425469139974","0.608","0.03","0.021","10,30,36,66",0.234098867244589,FALSE,3,10,4,3,1,0.75,0.0909090909090909
"kappa.o",2,40,0.33,"FALSE","FALSE","FALSE","6.45944125679855","4.18916419958304","2.27027705721551","0.264","0.03","0.02","1,5,6,8,10,14",0.075494138063608,FALSE,1,6,6,1,5,0.166666666666667,0.454545454545455
"kappa.o",20,40,0.33,"FALSE","FALSE","FALSE","5.61639616577908","1.91006727662372","3.70632888915536","0.507","0.03","0.017","7,10,14,22,31,36,43",0.141291112599561,FALSE,5,9,7,5,2,0.714285714285714,0.181818181818182
"kappa.o",21,40,0.33,"FALSE","FALSE","FALSE","6.93053476758112","5.14969401796313","1.78084074961798","0.455","0.032","0.021","1,3,5,6,8,10,14",0.0478823780622043,FALSE,1,5,7,1,6,0.142857142857143,0.545454545454545
"kappa.o",22,40,0.33,"FALSE","FALSE","FALSE","6.99316574634321","2.30371050285948","4.68945524348373","0.361","0.029","0.02","5,6,10,14,16,30,36",0.109906861298562,FALSE,4,8,7,4,3,0.571428571428571,0.272727272727273
"kappa.o",23,40,0.33,"FALSE","FALSE","FALSE","5.69093911109185","3.59343369011629","2.09750542097556","0.419","0.029","0.019","3,5,6,10,11,42",0.0537394018563317,FALSE,1,6,6,1,5,0.166666666666667,0.454545454545455
"kappa.o",24,40,0.33,"FALSE","FALSE","FALSE","4.84709904583536","4.1724123882545","0.674686657580858","0.329","0.029","0.018","4,5,6,8",0.102858337420466,FALSE,0,7,4,0,4,0,0.363636363636364
"kappa.o",25,40,0.33,"FALSE","FALSE","FALSE","4.94684457170804","2.60865309669686","2.33819147501118","0.428","0.03","0.018","7,22,59",0.284045727139467,FALSE,2,10,3,2,1,0.666666666666667,0.0909090909090909
"kappa.o",26,40,0.33,"FALSE","FALSE","FALSE","5.37329677354441","2.49660360174569","2.87669317179873","0.526","0.031","0.019","20,22,49,59",0.233515595444759,FALSE,4,11,4,4,0,1,0
"kappa.o",27,40,0.33,"FALSE","FALSE","FALSE","5.2943940903378","4.10538765975585","1.18900643058196","0.42","0.029","0.02","3,4,6,7,9,11",0.0762782313648252,FALSE,0,5,6,0,6,0,0.545454545454545
"kappa.o",28,40,0.33,"FALSE","FALSE","FALSE","4.82452850526262","2.28668632407933","2.53784218118329","0.588","0.033","0.021","4,20,29,49",0.255760071069846,FALSE,3,10,4,3,1,0.75,0.0909090909090909
"kappa.o",29,40,0.33,"FALSE","FALSE","FALSE","5.74876710579874","2.625235077774","3.12353202802474","0.541","0.03","0.019","2,16,22,59",0.23394907971242,FALSE,3,10,4,3,1,0.75,0.0909090909090909
"kappa.o",3,40,0.33,"FALSE","FALSE","FALSE","6.44748251127518","3.10844764726349","3.33903486401169","0.236","0.029","0.02","4,5,6,9,12,49",0.0960442890524402,FALSE,2,7,6,2,4,0.333333333333333,0.363636363636364
"kappa.o",30,40,0.33,"FALSE","FALSE","FALSE","5.96450193889206","3.10444826353347","2.86005367535858","0.512","0.029","0.021","10,21,24,52,71",0.236243562556466,FALSE,4,10,5,4,1,0.8,0.0909090909090909
"kappa.o",31,40,0.33,"FALSE","FALSE","FALSE","5.30553959417819","3.34934935856974","1.95619023560845","0.493","0.029","0.022","3,7,9,11,22",0.132147045090616,FALSE,1,7,5,1,4,0.2,0.363636363636364
"kappa.o",32,40,0.33,"FALSE","FALSE","FALSE","5.54708800923319","1.25366410313717","4.29342390609602","0.42","0.03","0.018","10,16,22,27,49,59",0.172070360959893,FALSE,5,10,6,5,1,0.833333333333333,0.0909090909090909
"kappa.o",33,40,0.33,"FALSE","FALSE","FALSE","5.37533115637303","2.87927416563382","2.49605699073921","0.455","0.03","0.021","1,10,14,36,40",0.175906097791735,FALSE,3,9,5,3,2,0.6,0.181818181818182
"kappa.o",34,40,0.33,"FALSE","FALSE","FALSE","4.75365033771193","2.48940738336784","2.26424295434409","0.419","0.03","0.017","6,10,14,30,49",0.180599053274795,FALSE,3,9,5,3,2,0.6,0.181818181818182
"kappa.o",35,40,0.33,"FALSE","FALSE","FALSE","5.37584472363585","4.53726582163502","0.838578902000826","0.36","0.031","0.021","4,5,6,8,10",0.0625498864733303,FALSE,0,6,5,0,5,0,0.454545454545455
"kappa.o",36,40,0.33,"FALSE","FALSE","FALSE","9.58826686654251","5.34390123123198","4.24436563531053","0.534","0.031","0.022","1,2,3,6,10,16,36,37,44",0.0916186017841092,FALSE,4,6,9,4,5,0.444444444444444,0.454545454545455
"kappa.o",37,40,0.33,"FALSE","FALSE","FALSE","6.6910521463232","6.2646045653336","0.426447580989606","0.256","0.028","0.02","1,2,3,5,6,10,11",0.0323905199018811,FALSE,0,4,7,0,7,0,0.636363636363636
"kappa.o",38,40,0.33,"FALSE","FALSE","FALSE","5.48688386825541","3.73517953351371","1.7517043347417","0.378","0.03","0.021","5,6,8,14,49",0.119653466633364,FALSE,2,8,5,2,3,0.4,0.272727272727273
"kappa.o",39,40,0.33,"FALSE","FALSE","FALSE","5.14047259986232","3.81391844273146","1.32655415713086","0.413","0.028","0.019","4,5,6,8",0.093423614625187,FALSE,0,7,4,0,4,0,0.363636363636364
"kappa.o",4,40,0.33,"FALSE","FALSE","FALSE","4.92209922723936","4.22293781640872","0.699161410830636","0.398","0.029","0.019","3,5,6,8",0.0998285618098321,FALSE,0,7,4,0,4,0,0.363636363636364
"kappa.o",40,40,0.33,"FALSE","FALSE","FALSE","5.54104992906619","2.43075526881041","3.11029466025578","0.645","0.032","0.016","17,22,37,38,43,49,52",0.203649960321024,FALSE,7,11,7,7,0,1,0
"kappa.o",41,40,0.33,"FALSE","FALSE","FALSE","6.20608469025605","3.05297917800168","3.15310551225437","0.402","0.03","0.018","10,15,30,31,34",0.195509931572302,FALSE,4,10,5,4,1,0.8,0.0909090909090909
"kappa.o",42,40,0.33,"FALSE","FALSE","FALSE","5.00457674895298","3.59174179425499","1.41283495469799","0.357","0.028","0.017","4,5,6,8",0.0866437650920733,FALSE,0,7,4,0,4,0,0.363636363636364
"kappa.o",43,40,0.33,"FALSE","FALSE","FALSE","5.47015113422451","1.75684079490133","3.71331033932317","0.342","0.03","0.02","10,19,49,52",0.240392031619629,FALSE,3,10,4,3,1,0.75,0.0909090909090909
"kappa.o",44,40,0.33,"FALSE","FALSE","FALSE","6.16754766971906","4.9600518919154","1.20749577780366","0.401","0.029","0.019","1,3,5,10,11",0.0692048083827971,FALSE,0,6,5,0,5,0,0.454545454545455
"kappa.o",45,40,0.33,"FALSE","FALSE","FALSE","4.94676458843763","3.51957175711931","1.42719283131832","0.422","0.031","0.02","4,5,6,8",0.0961890207877775,FALSE,0,7,4,0,4,0,0.363636363636364
"kappa.o",46,40,0.33,"FALSE","FALSE","FALSE","6.87462305936273","0.611371592696401","6.26325146666633","0.45","0.03","0.023","1,10,14,31,36,38,40,46",0.170812077514194,FALSE,6,9,8,6,2,0.75,0.181818181818182
"kappa.o",47,40,0.33,"FALSE","FALSE","FALSE","5.37807943288491","3.47864924516567","1.89943018771924","0.465","0.03","0.02","1,2,5,6,10,11",0.03960537922763,FALSE,0,5,6,0,6,0,0.545454545454545
"kappa.o",48,40,0.33,"FALSE","FALSE","FALSE","4.85225067611101","2.50806324584734","2.34418743026368","0.522","0.031","0.021","3,10,15,42",0.186088977143351,FALSE,2,9,4,2,2,0.5,0.181818181818182
"kappa.o",49,40,0.33,"FALSE","FALSE","FALSE","8.3059493177318","4.76568602655474","3.54026329117706","0.332","0.028","0.021","1,3,5,6,8,10,14,24",0.0670185940482654,FALSE,2,5,8,2,6,0.25,0.545454545454545
"kappa.o",5,40,0.33,"FALSE","FALSE","FALSE","5.89121031230702","3.62165636848815","2.26955394381887","0.461","0.032","0.02","1,3,5,10,60",0.0942747448654933,FALSE,1,7,5,1,4,0.2,0.363636363636364
"kappa.o",50,40,0.33,"FALSE","FALSE","FALSE","5.73999204887069","3.86895428519688","1.87103776367381","0.379","0.029","0.018","4,5,6,8,41",0.113310666844221,FALSE,1,7,5,1,4,0.2,0.363636363636364
"kappa.o",51,40,0.33,"FALSE","FALSE","FALSE","8.29083931359851","2.18480745900165","6.10603185459685","0.442","0.031","0.019","10,14,19,49,52,53,59",0.168928013589141,FALSE,6,10,7,6,1,0.857142857142857,0.0909090909090909
"kappa.o",52,40,0.33,"FALSE","FALSE","FALSE","5.51429994117416","3.49036114422057","2.0239387969536","0.513","0.033","0.023","5,6,8,41,52",0.145801911220862,FALSE,2,8,5,2,3,0.4,0.272727272727273
"kappa.o",53,40,0.33,"FALSE","FALSE","FALSE","6.25295022743069","4.32155797560493","1.93139225182577","0.389","0.03","0.021","4,7,9,11,27",0.133227454592654,FALSE,1,7,5,1,4,0.2,0.363636363636364
"kappa.o",54,40,0.33,"FALSE","FALSE","FALSE","5.95001989069816","4.53190123421617","1.41811865648199","0.395","0.029","0.022","1,3,5,10,17,35",0.0921963047242781,FALSE,2,7,6,2,4,0.333333333333333,0.363636363636364
"kappa.o",55,40,0.33,"FALSE","FALSE","FALSE","6.91900508004952","6.18953399220733","0.729471087842183","0.342","0.029","0.019","1,2,3,5,6,8,10",0.0330563394094085,FALSE,0,4,7,0,7,0,0.636363636363636
"kappa.o",56,40,0.33,"FALSE","FALSE","FALSE","4.9552833212846","2.2811214929053","2.6741618283793","0.342","0.031","0.019","10,15,30,34",0.253849828021225,FALSE,3,10,4,3,1,0.75,0.0909090909090909
"kappa.o",57,40,0.33,"FALSE","FALSE","FALSE","4.84769602848083","3.45499477589197","1.39270125258887","0.444","0.031","0.021","4,6,18,24",0.186258715785023,FALSE,2,9,4,2,2,0.5,0.181818181818182
"kappa.o",58,40,0.33,"FALSE","FALSE","FALSE","5.2608787251336","2.93361237267328","2.32726635246032","0.458","0.031","0.021","1,10,11,54,70",0.122247412529257,FALSE,2,8,5,2,3,0.4,0.272727272727273
"kappa.o",59,40,0.33,"FALSE","FALSE","FALSE","5.16042288474688","3.89519325303311","1.26522963171377","0.419","0.031","0.02","1,3,10,11",0.110277402105129,FALSE,0,7,4,0,4,0,0.363636363636364
"kappa.o",6,40,0.33,"FALSE","FALSE","FALSE","5.65429835704365","2.70118626473431","2.95311209230934","0.423","0.031","0.019","1,10,11,54,70",0.148519433882527,FALSE,2,8,5,2,3,0.4,0.272727272727273
"kappa.o",60,40,0.33,"FALSE","FALSE","FALSE","7.1806563781495","4.88817142071786","2.29248495743164","0.303","0.029","0.021","1,3,5,6,10,14,36",0.066476965050411,FALSE,2,6,7,2,5,0.285714285714286,0.454545454545455
"kappa.o",61,40,0.33,"FALSE","FALSE","FALSE","5.10667930378042","3.80028241055746","1.30639689322296","0.355","0.029","0.017","1,3,5,6,8,10",0.0400766895626889,FALSE,0,5,6,0,6,0,0.545454545454545
"kappa.o",62,40,0.33,"FALSE","FALSE","FALSE","5.52812257389025","4.69413019383226","0.833992380057989","0.365","0.029","0.02","3,4,5,6,10",0.0475950343380374,FALSE,0,6,5,0,5,0,0.454545454545455
"kappa.o",63,40,0.33,"FALSE","FALSE","FALSE","5.54230689148889","2.12421627427546","3.41809061721344","0.434","0.029","0.019","10,12,14,36,40",0.254365109748473,FALSE,4,10,5,4,1,0.8,0.0909090909090909
"kappa.o",64,40,0.33,"FALSE","FALSE","FALSE","30.7407114258604","7.67544658360849","23.0652648422519","0.322","0.03","0.021","1,2,3,4,6,9,10,11,12,16,23,24,25,27,28,32,34,41,42,45,47,48,51,52,54,57,58,60,61,68,70,71",0.0879659539059896,FALSE,24,3,32,24,8,0.75,0.727272727272727
"kappa.o",65,40,0.33,"FALSE","FALSE","FALSE","6.1229163319671","4.85424024221493","1.26867608975217","0.476","0.033","0.023","3,4,7,9,11,20",0.107159315607869,FALSE,1,6,6,1,5,0.166666666666667,0.454545454545455
"kappa.o",66,40,0.33,"FALSE","FALSE","FALSE","5.81299921776197","3.08612328577759","2.72687593198438","0.58","0.03","0.023","1,5,6,10,14,36",0.101086367347885,FALSE,2,7,6,2,4,0.333333333333333,0.363636363636364
"kappa.o",67,40,0.33,"FALSE","FALSE","FALSE","5.47299779405995","2.89909154481328","2.57390624924667","0.537","0.03","0.017","5,6,10,52,63",0.128117548588349,FALSE,2,8,5,2,3,0.4,0.272727272727273
"kappa.o",68,40,0.33,"FALSE","FALSE","FALSE","5.76775959345504","3.44850217596154","2.3192574174935","0.452","0.03","0.021","7,9,11,23,54",0.198565777409585,FALSE,2,8,5,2,3,0.4,0.272727272727273
"kappa.o",69,40,0.33,"FALSE","FALSE","FALSE","6.55379548510634","2.51241726992558","4.04137821518076","0.596","0.031","0.019","3,6,10,17,21,24,42,46,52,71",0.175918231915636,FALSE,7,8,10,7,3,0.7,0.272727272727273
"kappa.o",7,40,0.33,"FALSE","FALSE","FALSE","5.84104468841461","4.44018411426538","1.40086057414924","0.424","0.029","0.021","3,5,6,8",0.105013767494545,FALSE,0,7,4,0,4,0,0.363636363636364
"kappa.o",70,40,0.33,"FALSE","FALSE","FALSE","5.7596636612697","2.96758777494362","2.79207588632607","0.454","0.032","0.021","1,3,10,14,17,34",0.126842476227869,FALSE,3,8,6,3,3,0.5,0.272727272727273
"kappa.o",71,40,0.33,"FALSE","FALSE","FALSE","6.29905103437156","3.3567849857027","2.94226604866886","0.379","0.029","0.02","3,7,10,14,22,59",0.140318342349596,FALSE,3,8,6,3,3,0.5,0.272727272727273
"kappa.o",72,40,0.33,"FALSE","FALSE","FALSE","5.68396658700539","2.78988776951012","2.89407881749527","0.635","0.03","0.021","6,8,10,30,42,49,66",0.129822805673991,FALSE,4,8,7,4,3,0.571428571428571,0.272727272727273
"kappa.o",73,40,0.33,"FALSE","FALSE","FALSE","5.89613433281207","4.50705015227497","1.38908418053709","0.522","0.029","0.018","1,2,4,5,6,10,11",0.0238192378980062,FALSE,0,4,7,0,7,0,0.636363636363636
"kappa.o",74,40,0.33,"FALSE","FALSE","FALSE","11.7370447866388","5.4261396493816","6.31090513725723","0.474","0.029","0.02","3,4,5,6,7,8,19,20,50,51,59,60,61,67",0.126465138104677,FALSE,8,5,14,8,6,0.571428571428571,0.545454545454545
"kappa.o",75,40,0.33,"FALSE","FALSE","FALSE","5.59225932865613","2.82632025781825","2.76593907083788","0.326","0.029","0.018","2,6,10,30,34",0.167307244463011,FALSE,2,8,5,2,3,0.4,0.272727272727273
"kappa.o",76,40,0.33,"FALSE","FALSE","FALSE","4.75679212714426","3.31296792705544","1.44382420008882","0.221","0.031","0.019","4,5,6,8",0.100556404433179,FALSE,0,7,4,0,4,0,0.363636363636364
"kappa.o",77,40,0.33,"FALSE","FALSE","FALSE","5.74407982148535","1.67009853110695","4.0739812903784","0.29","0.029","0.016","10,21,22,52,59,70",0.211461699958214,FALSE,5,10,6,5,1,0.833333333333333,0.0909090909090909
"kappa.o",78,40,0.33,"FALSE","FALSE","FALSE","6.89332371090824","5.11714713045397","1.77617658045428","0.354","0.029","0.019","1,2,5,6,10,11",0.0404611193330381,FALSE,0,5,6,0,6,0,0.545454545454545
"kappa.o",79,40,0.33,"FALSE","FALSE","FALSE","4.95468090980239","2.87067851243445","2.08400239736794","0.413","0.03","0.02","7,22,59",0.272136470512221,FALSE,2,10,3,2,1,0.666666666666667,0.0909090909090909
"kappa.o",8,40,0.33,"FALSE","FALSE","FALSE","6.60782019830114","4.71954264610455","1.88827755219659","0.476","0.03","0.024","1,2,4,6,10,11,69",0.0579533150133076,FALSE,1,5,7,1,6,0.142857142857143,0.545454545454545
"kappa.o",80,40,0.33,"FALSE","FALSE","FALSE","6.95539686331653","4.92699116250098","2.02840570081555","0.469","0.029","0.018","2,4,6,9,10,39",0.0953002972237224,FALSE,1,6,6,1,5,0.166666666666667,0.454545454545455
"kappa.o",81,40,0.33,"FALSE","FALSE","FALSE","6.12236522989729","4.768896174923","1.35346905497429","0.308","0.029","0.019","1,5,6,8,10,14",0.0634599132010369,FALSE,1,6,6,1,5,0.166666666666667,0.454545454545455
"kappa.o",82,40,0.33,"FALSE","FALSE","FALSE","5.92171024003803","5.23807279115749","0.683637448880537","0.402","0.029","0.019","2,4,5,6,8",0.0801556712010855,FALSE,0,6,5,0,5,0,0.454545454545455
"kappa.o",83,40,0.33,"FALSE","FALSE","FALSE","4.70239778842894","3.234367823368","1.46802996506094","0.412","0.03","0.019","4,5,6,12",0.11889222795423,FALSE,1,8,4,1,3,0.25,0.272727272727273
"kappa.o",84,40,0.33,"FALSE","FALSE","FALSE","5.16152213858262","4.09172862298364","1.06979351559898","0.34","0.03","0.02","2,4,5,6,8",0.0849058325516503,FALSE,0,6,5,0,5,0,0.454545454545455
"kappa.o",85,40,0.33,"FALSE","FALSE","FALSE","6.39106109163","3.66251967985271","2.72854141177729","0.383","0.03","0.019","6,10,14,30,35,36,51,56",0.209057883782161,FALSE,6,9,8,6,2,0.75,0.181818181818182
"kappa.o",86,40,0.33,"FALSE","FALSE","FALSE","6.33061359385261","4.98955247678211","1.3410611170705","0.316","0.033","0.021","2,4,6,9,11",0.0864429783105274,FALSE,0,6,5,0,5,0,0.454545454545455
"kappa.o",87,40,0.33,"FALSE","FALSE","FALSE","6.08100547555106","5.03693077205967","1.04407470349139","0.437","0.031","0.021","1,2,4,5,6,8,10",0.0285356472672832,FALSE,0,4,7,0,7,0,0.636363636363636
"kappa.o",88,40,0.33,"FALSE","FALSE","FALSE","5.90044763117223","2.93105067837834","2.96939695279388","0.479","0.031","0.022","4,6,9,11,27",0.112082775725658,FALSE,1,7,5,1,4,0.2,0.363636363636364
"kappa.o",89,40,0.33,"FALSE","FALSE","FALSE","6.37375216681416","5.81098812971667","0.562764037097485","0.288","0.031","0.019","1,2,5,6,10,11",0.0386478351642784,FALSE,0,5,6,0,6,0,0.545454545454545
"kappa.o",9,40,0.33,"FALSE","FALSE","FALSE","5.86717441423307","3.88891199729983","1.97826241693324","0.443","0.031","0.021","4,5,6,8,49",0.0853280537499684,FALSE,1,7,5,1,4,0.2,0.363636363636364
"kappa.o",90,40,0.33,"FALSE","FALSE","FALSE","4.79107084117958","1.50207188245152","3.28899895872806","0.404","0.032","0.016","7,12,22,36,64",0.212585203430508,FALSE,4,10,5,4,1,0.8,0.0909090909090909
"kappa.o",91,40,0.33,"FALSE","FALSE","FALSE","40","13","27","0.153","0.031","0.022","1,2,3,5,6,7,9,10,11,13,14,15,16,17,18,20,21,22,24,26,28,32,33,36,38,40,41,43,47,53,54,55,58,59,61,62,66,69,70",0.0597973329961716,FALSE,30,2,39,30,9,0.769230769230769,0.818181818181818
"kappa.o",92,40,0.33,"FALSE","FALSE","FALSE","5.19093196508904","2.36554126654054","2.8253906985485","0.413","0.032","0.021","1,10,11,54",0.144939801488863,FALSE,1,8,4,1,3,0.25,0.272727272727273
"kappa.o",93,40,0.33,"FALSE","FALSE","FALSE","7.06288911977387","2.85907851124437","4.20381060852951","0.513","0.03","0.02","5,6,10,14,49,58,59",0.123304322023611,FALSE,4,8,7,4,3,0.571428571428571,0.272727272727273
"kappa.o",94,40,0.33,"FALSE","FALSE","FALSE","6.37846884364865","2.34528082042821","4.03318802322043","0.311","0.03","0.02","1,10,14,36,54",0.177473167193897,FALSE,3,9,5,3,2,0.6,0.181818181818182
"kappa.o",95,40,0.33,"FALSE","FALSE","FALSE","5.38254276460404","4.64262596693296","0.739916797671077","0.364","0.029","0.018","1,3,5,6,10,11",0.0356538239283045,FALSE,0,5,6,0,6,0,0.545454545454545
"kappa.o",96,40,0.33,"FALSE","FALSE","FALSE","5.31405645866019","2.39422530837333","2.91983115028686","0.553","0.031","0.02","4,5,6,12",0.112844678743838,FALSE,1,8,4,1,3,0.25,0.272727272727273
"kappa.o",97,40,0.33,"FALSE","FALSE","FALSE","7.60328465511745","5.12246446582539","2.48082018929206","0.408","0.031","0.02","1,3,5,6,10,26,52",0.0727457816141778,FALSE,2,6,7,2,5,0.285714285714286,0.454545454545455
"kappa.o",98,40,0.33,"FALSE","FALSE","FALSE","4.93031328654972","2.58191688275525","2.34839640379447","0.43","0.031","0.015","7,9,12,22",0.241231988622637,FALSE,2,9,4,2,2,0.5,0.181818181818182
"kappa.o",99,40,0.33,"FALSE","FALSE","FALSE","6.32812807000248","4.97835701484837","1.34977105515411","0.33","0.028","0.017","2,5,7,8,10,23",0.131697551298119,FALSE,1,6,6,1,5,0.166666666666667,0.454545454545455
"lasso.cv",1,40,0.33,"FALSE","FALSE","FALSE","7.25162196299473","5.03752986411447","2.21409209888027","0.519","0.035","0.021","1,2,3,4,5,6,7,9,10,11,14,15,22,24,28,30,33,34,35,52,55,58,59,63,64,71",0.0276090239689118,FALSE,16,1,26,16,10,0.615384615384615,0.909090909090909
"lasso.cv",10,40,0.33,"FALSE","FALSE","FALSE","6.01773480908255","4.22049286267569","1.79724194640686","0.449","0.033","0.022","1,2,3,4,5,6,7,8,9,10,11,14,15,17,20,24,25,26,30,31,32,35,36,37,45,47,52,58,64,71",0.0263527614971363,FALSE,19,0,30,19,11,0.633333333333333,1
"lasso.cv",100,40,0.33,"FALSE","FALSE","FALSE","4.98209580472968","2.85812651615334","2.12396928857634","0.45","0.03","0.019","1,2,3,5,6,7,8,9,10,11,14,17,22,25,30,32,33,35,42,57,67,71",0.0559272530250611,FALSE,12,1,22,12,10,0.545454545454545,0.909090909090909
"lasso.cv",11,40,0.33,"FALSE","FALSE","FALSE","4.7139383732594","2.62904046637036","2.08489790688904","0.532","0.032","0.019","2,3,5,6,7,8,9,10,11,14,16,17,22,24,27,28,30,32,41,42,49,51,52,57,71",0.0475847070707573,FALSE,16,2,25,16,9,0.64,0.818181818181818
"lasso.cv",12,40,0.33,"FALSE","FALSE","FALSE","5.66740058572008","4.27767146425734","1.38972912146274","0.341","0.03","0.02","1,2,3,4,5,6,7,8,10,11,12,14,17,20,31,38,40,41,45,51,52,58,62,64,65",0.0274815519483017,FALSE,15,1,25,15,10,0.6,0.909090909090909
"lasso.cv",13,40,0.33,"FALSE","FALSE","FALSE","6.69275741155513","3.73845673533345","2.95430067622168","0.394","0.032","0.021","1,2,3,4,5,6,7,8,9,10,14,17,20,21,30,31,35,36,38,43,45,54,55,56,57,62,64,67,70,71",0.0565808113362449,FALSE,20,1,30,20,10,0.666666666666667,0.909090909090909
"lasso.cv",14,40,0.33,"FALSE","FALSE","FALSE","6.3144404234883","4.25532181653722","2.05911860695108","0.374","0.029","0.02","1,2,3,4,5,6,7,8,10,11,15,16,17,19,20,24,32,36,40,49,52,59,61,66",0.0276222657849665,FALSE,14,1,24,14,10,0.583333333333333,0.909090909090909
"lasso.cv",15,40,0.33,"FALSE","FALSE","FALSE","5.51132591035161","3.59498412461384","1.91634178573777","0.386","0.031","0.02","1,2,3,4,5,6,7,8,9,10,11,13,14,15,17,19,20,22,28,30,36,49,50,52,56,61,69",0.0319924133768902,FALSE,16,0,27,16,11,0.592592592592593,1
"lasso.cv",16,40,0.33,"FALSE","FALSE","FALSE","5.65077188180289","2.59194306606645","3.05882881573644","0.522","0.03","0.021","1,2,3,5,6,7,8,10,11,14,15,21,31,34,41,47,49,51,55,59,67,68",0.0386760886161756,FALSE,13,2,22,13,9,0.590909090909091,0.818181818181818
"lasso.cv",17,40,0.33,"FALSE","FALSE","FALSE","6.84576270094523","4.30365540404873","2.5421072968965","0.394","0.031","0.017","1,2,3,4,5,6,7,9,10,11,13,14,15,19,21,22,31,41,44,49,52,53,57,61,66",0.0535629043058,FALSE,15,1,25,15,10,0.6,0.909090909090909
"lasso.cv",18,40,0.33,"FALSE","FALSE","FALSE","4.75189069517799","2.54554322149957","2.20634747367842","0.449","0.031","0.015","1,3,4,5,7,10,11,14,15,16,17,18,20,21,22,31,34,38,40,42,45,49,51,58,65,66",0.0684009906062172,FALSE,19,4,26,19,7,0.730769230769231,0.636363636363636
"lasso.cv",19,40,0.33,"FALSE","FALSE","FALSE","5.70438079184987","2.32012610045013","3.38425469139974","0.608","0.03","0.021","1,3,4,5,6,7,9,10,11,14,17,19,24,30,31,36,43,49,52,55,56,57,59,64,66",0.0393885833342012,FALSE,16,2,25,16,9,0.64,0.818181818181818
"lasso.cv",2,40,0.33,"FALSE","FALSE","FALSE","6.45944125679855","4.18916419958304","2.27027705721551","0.264","0.03","0.02","1,2,4,5,6,7,8,9,10,11,14,17,31,34,35,45,48,58,62,65",0.025785839814017,FALSE,10,1,20,10,10,0.5,0.909090909090909
"lasso.cv",20,40,0.33,"FALSE","FALSE","FALSE","5.61639616577908","1.91006727662372","3.70632888915536","0.507","0.03","0.017","1,2,3,4,6,7,9,10,11,14,20,22,24,25,31,34,36,40,43,54,56,57",0.0674572675093484,FALSE,13,2,22,13,9,0.590909090909091,0.818181818181818
"lasso.cv",21,40,0.33,"FALSE","FALSE","FALSE","6.93053476758112","5.14969401796313","1.78084074961798","0.455","0.032","0.021","1,2,3,4,5,6,7,8,9,10,11,14,17,24,29,30,31,32,36,45,49,52,53,54,55,57,66,68,71",0.0293494639913389,FALSE,18,0,29,18,11,0.620689655172414,1
"lasso.cv",22,40,0.33,"FALSE","FALSE","FALSE","6.99316574634321","2.30371050285948","4.68945524348373","0.361","0.029","0.02","1,2,3,4,5,6,7,8,10,11,12,14,15,16,17,20,21,31,36,38,47,50,57,59",0.0457138493800303,FALSE,14,1,24,14,10,0.583333333333333,0.909090909090909
"lasso.cv",23,40,0.33,"FALSE","FALSE","FALSE","5.69093911109185","3.59343369011629","2.09750542097556","0.419","0.029","0.019","3,5,6,7,8,9,10,11,12,14,15,20,22,24,31,41,42,49,52,57,59,61,65",0.0416542971439354,FALSE,15,3,23,15,8,0.652173913043478,0.727272727272727
"lasso.cv",24,40,0.33,"FALSE","FALSE","FALSE","4.84709904583536","4.1724123882545","0.674686657580858","0.329","0.029","0.018","1,2,3,4,5,6,7,8,9,10,11,17,18,22,24,31,45,49,52,53,56,61",0.0291514184265076,FALSE,11,0,22,11,11,0.5,1
"lasso.cv",25,40,0.33,"FALSE","FALSE","FALSE","4.94684457170804","2.60865309669686","2.33819147501118","0.428","0.03","0.018","1,2,3,5,6,7,9,10,11,12,16,21,22,23,24,25,31,34,38,40,41,45,48,52,53,55,58,59,64,71",0.0319146685562002,FALSE,21,2,30,21,9,0.7,0.818181818181818
"lasso.cv",26,40,0.33,"FALSE","FALSE","FALSE","5.37329677354441","2.49660360174569","2.87669317179873","0.526","0.031","0.019","1,2,3,4,5,6,7,8,9,10,11,12,13,15,16,18,20,22,25,31,35,39,48,49,52,58,59,64,66",0.030918607481592,FALSE,18,0,29,18,11,0.620689655172414,1
"lasso.cv",27,40,0.33,"FALSE","FALSE","FALSE","5.2943940903378","4.10538765975585","1.18900643058196","0.42","0.029","0.02","1,2,3,4,5,6,7,8,9,10,11,14,16,17,19,21,24,25,26,29,35,39,40,42,47,51,57,59,68",0.0268958307943281,FALSE,18,0,29,18,11,0.620689655172414,1
"lasso.cv",28,40,0.33,"FALSE","FALSE","FALSE","4.82452850526262","2.28668632407933","2.53784218118329","0.588","0.033","0.021","1,2,3,4,5,6,7,9,10,11,19,20,21,27,28,29,30,37,49,51,52,53,54,55,57,58,64,65,71",0.0355455861857002,FALSE,19,1,29,19,10,0.655172413793103,0.909090909090909
"lasso.cv",29,40,0.33,"FALSE","FALSE","FALSE","5.74876710579874","2.625235077774","3.12353202802474","0.541","0.03","0.019","1,2,3,5,6,7,8,10,11,12,14,15,16,18,20,22,31,42,45,49,51,52,59,64,69",0.0575570276520678,FALSE,16,2,25,16,9,0.64,0.818181818181818
"lasso.cv",3,40,0.33,"FALSE","FALSE","FALSE","6.44748251127518","3.10844764726349","3.33903486401169","0.236","0.029","0.02","1,3,4,5,6,7,9,10,11,12,14,15,16,21,25,34,44,49,52,57,64",0.022357017872201,FALSE,12,2,21,12,9,0.571428571428571,0.818181818181818
"lasso.cv",30,40,0.33,"FALSE","FALSE","FALSE","5.96450193889206","3.10444826353347","2.86005367535858","0.512","0.029","0.021","1,2,3,4,5,6,7,9,10,11,14,15,16,17,19,20,21,24,27,31,36,38,40,43,50,52,55,58,71",0.0332833371143138,FALSE,19,1,29,19,10,0.655172413793103,0.909090909090909
"lasso.cv",31,40,0.33,"FALSE","FALSE","FALSE","5.30553959417819","3.34934935856974","1.95619023560845","0.493","0.029","0.022","1,2,3,5,6,7,8,9,10,11,14,17,22,28,36,41,45,47,51,52,56,58,59,61,67,71",0.0333410761913693,FALSE,16,1,26,16,10,0.615384615384615,0.909090909090909
"lasso.cv",32,40,0.33,"FALSE","FALSE","FALSE","5.54708800923319","1.25366410313717","4.29342390609602","0.42","0.03","0.018","1,2,3,4,5,6,7,8,9,10,11,15,16,20,27,34,36,42,49,54,55,57,59,68,71",0.04277320588906,FALSE,14,0,25,14,11,0.56,1
"lasso.cv",33,40,0.33,"FALSE","FALSE","FALSE","5.37533115637303","2.87927416563382","2.49605699073921","0.455","0.03","0.021","1,2,3,4,5,6,7,9,10,11,12,13,15,20,30,36,37,38,40,43,53,57,58,59,61,63,64,71",0.025365383089862,FALSE,18,1,28,18,10,0.642857142857143,0.909090909090909
"lasso.cv",34,40,0.33,"FALSE","FALSE","FALSE","4.75365033771193","2.48940738336784","2.26424295434409","0.419","0.03","0.017","1,2,4,5,6,7,9,10,11,12,14,15,22,24,30,31,33,43,45,49,52,55,56",0.0479010647370927,FALSE,14,2,23,14,9,0.608695652173913,0.818181818181818
"lasso.cv",35,40,0.33,"FALSE","FALSE","FALSE","5.37584472363585","4.53726582163502","0.838578902000826","0.36","0.031","0.021","1,2,4,5,6,7,8,10,11,20,27,29,31,32,34,35,36,42,51,52,57,59,61,70,71",0.0257103775991659,FALSE,16,2,25,16,9,0.64,0.818181818181818
"lasso.cv",36,40,0.33,"FALSE","FALSE","FALSE","9.58826686654251","5.34390123123198","4.24436563531053","0.534","0.031","0.022","1,2,3,4,6,7,9,10,11,14,15,16,17,18,20,21,28,31,32,36,37,44,45,47,51,52,54,56,57,59,71",0.0481657072859363,FALSE,22,2,31,22,9,0.709677419354839,0.818181818181818
"lasso.cv",37,40,0.33,"FALSE","FALSE","FALSE","6.6910521463232","6.2646045653336","0.426447580989606","0.256","0.028","0.02","1,2,3,4,5,6,7,10,11,24,30,31,32,49,57,64,65,70,71",0.0210363285183601,FALSE,10,2,19,10,9,0.526315789473684,0.818181818181818
"lasso.cv",38,40,0.33,"FALSE","FALSE","FALSE","5.48688386825541","3.73517953351371","1.7517043347417","0.378","0.03","0.021","3,5,6,7,8,9,10,12,13,14,15,16,19,21,30,31,32,35,36,38,47,49,53,57,61",0.0660551187943902,FALSE,18,4,25,18,7,0.72,0.636363636363636
"lasso.cv",39,40,0.33,"FALSE","FALSE","FALSE","5.14047259986232","3.81391844273146","1.32655415713086","0.413","0.028","0.019","3,4,5,6,7,8,10,11,14,15,20,24,28,31,47,54,59,64,71",0.0384401322957373,FALSE,11,3,19,11,8,0.578947368421053,0.727272727272727
"lasso.cv",4,40,0.33,"FALSE","FALSE","FALSE","4.92209922723936","4.22293781640872","0.699161410830636","0.398","0.029","0.019","1,2,3,5,6,7,8,9,10,11,12,15,19,21,34,36,45,49,52,58",0.0378200057185954,FALSE,10,1,20,10,10,0.5,0.909090909090909
"lasso.cv",40,40,0.33,"FALSE","FALSE","FALSE","5.54104992906619","2.43075526881041","3.11029466025578","0.645","0.032","0.016","1,2,3,4,5,6,7,8,9,10,11,14,15,16,17,18,20,21,22,23,27,37,40,43,45,49,55,62,65,68,69",0.067974709681953,FALSE,20,0,31,20,11,0.645161290322581,1
"lasso.cv",41,40,0.33,"FALSE","FALSE","FALSE","6.20608469025605","3.05297917800168","3.15310551225437","0.402","0.03","0.018","1,2,3,4,5,6,7,8,9,10,11,15,17,18,20,25,31,33,34,36,40,41,49,52,58,61,71",0.0307613986565082,FALSE,16,0,27,16,11,0.592592592592593,1
"lasso.cv",42,40,0.33,"FALSE","FALSE","FALSE","5.00457674895298","3.59174179425499","1.41283495469799","0.357","0.028","0.017","1,3,4,5,6,7,8,9,10,14,15,20,21,22,24,30,34,40,49,50,57,58,64,65",0.0344263321635024,FALSE,15,2,24,15,9,0.625,0.818181818181818
"lasso.cv",43,40,0.33,"FALSE","FALSE","FALSE","5.47015113422451","1.75684079490133","3.71331033932317","0.342","0.03","0.02","1,2,3,4,5,6,7,8,9,10,11,15,17,19,20,28,30,36,45,49,52,64,66",0.0428812448453303,FALSE,12,0,23,12,11,0.521739130434783,1
"lasso.cv",44,40,0.33,"FALSE","FALSE","FALSE","6.16754766971906","4.9600518919154","1.20749577780366","0.401","0.029","0.019","1,3,4,5,6,7,8,10,11,13,15,20,21,22,23,31,36,40,41,42,43,49,52,64",0.0300081415175998,FALSE,15,2,24,15,9,0.625,0.818181818181818
"lasso.cv",45,40,0.33,"FALSE","FALSE","FALSE","4.94676458843763","3.51957175711931","1.42719283131832","0.422","0.031","0.02","2,3,4,5,6,7,8,10,11,14,15,17,19,20,35,42,47,49,59,61,65,71",0.0582262710997892,FALSE,13,2,22,13,9,0.590909090909091,0.818181818181818
"lasso.cv",46,40,0.33,"FALSE","FALSE","FALSE","6.87462305936273","0.611371592696401","6.26325146666633","0.45","0.03","0.023","1,3,4,5,6,8,10,14,20,24,27,29,31,35,36,40,42,43,46,47,49,52,55,56",0.0623235577987201,FALSE,17,4,24,17,7,0.708333333333333,0.636363636363636
"lasso.cv",47,40,0.33,"FALSE","FALSE","FALSE","5.37807943288491","3.47864924516567","1.89943018771924","0.465","0.03","0.02","1,2,3,5,6,7,8,9,10,11,12,15,19,21,22,24,36,38,43,44,49,51,56,61,67,71",0.0245500270313158,FALSE,16,1,26,16,10,0.615384615384615,0.909090909090909
"lasso.cv",48,40,0.33,"FALSE","FALSE","FALSE","4.85225067611101","2.50806324584734","2.34418743026368","0.522","0.031","0.021","1,3,4,5,6,9,10,11,12,15,17,20,25,27,30,36,42,43,45,49,55,57,58,64,66",0.0512294702668783,FALSE,17,3,25,17,8,0.68,0.727272727272727
"lasso.cv",49,40,0.33,"FALSE","FALSE","FALSE","8.3059493177318","4.76568602655474","3.54026329117706","0.332","0.028","0.021","1,3,4,5,6,7,8,9,10,14,16,17,20,21,24,32,43,47,49,50,53,57,61,63",0.0481805681437963,FALSE,15,2,24,15,9,0.625,0.818181818181818
"lasso.cv",5,40,0.33,"FALSE","FALSE","FALSE","5.89121031230702","3.62165636848815","2.26955394381887","0.461","0.032","0.02","1,2,3,4,5,6,7,9,10,13,14,19,28,31,32,36,38,43,44,45,49,51,60,66,67,70",0.0494108112071033,FALSE,17,2,26,17,9,0.653846153846154,0.818181818181818
"lasso.cv",50,40,0.33,"FALSE","FALSE","FALSE","5.73999204887069","3.86895428519688","1.87103776367381","0.379","0.029","0.018","1,3,4,5,6,7,8,9,10,11,12,14,17,21,31,36,38,40,41,44,49,51,55,56",0.0278035259722047,FALSE,14,1,24,14,10,0.583333333333333,0.909090909090909
"lasso.cv",51,40,0.33,"FALSE","FALSE","FALSE","8.29083931359851","2.18480745900165","6.10603185459685","0.442","0.031","0.019","1,2,3,4,6,7,9,10,11,13,14,15,17,24,25,28,30,31,36,40,49,52,53,57,58,63,64,66,67,70,71",0.0541120380776546,FALSE,22,2,31,22,9,0.709677419354839,0.818181818181818
"lasso.cv",52,40,0.33,"FALSE","FALSE","FALSE","5.51429994117416","3.49036114422057","2.0239387969536","0.513","0.033","0.023","1,2,3,4,5,6,7,8,9,10,12,14,17,20,24,27,36,41,43,49,51,52,62,64",0.0602426712361684,FALSE,14,1,24,14,10,0.583333333333333,0.909090909090909
"lasso.cv",53,40,0.33,"FALSE","FALSE","FALSE","6.25295022743069","4.32155797560493","1.93139225182577","0.389","0.03","0.021","1,2,3,4,5,6,7,9,10,11,12,17,22,24,25,27,31,34,36,42,44,48,49,51,52,55,57,58,59,64,65",0.0505401440302386,FALSE,21,1,31,21,10,0.67741935483871,0.909090909090909
"lasso.cv",54,40,0.33,"FALSE","FALSE","FALSE","5.95001989069816","4.53190123421617","1.41811865648199","0.395","0.029","0.022","1,3,4,5,6,7,8,10,11,14,17,20,28,34,35,36,42,48,49,55,57,66,68",0.0376326933233521,FALSE,14,2,23,14,9,0.608695652173913,0.818181818181818
"lasso.cv",55,40,0.33,"FALSE","FALSE","FALSE","6.91900508004952","6.18953399220733","0.729471087842183","0.342","0.029","0.019","1,2,3,4,5,6,8,9,10,12,17,24,25,35,41,43,49,52,55,56,58,61",0.0241546784320699,FALSE,13,2,22,13,9,0.590909090909091,0.818181818181818
"lasso.cv",56,40,0.33,"FALSE","FALSE","FALSE","4.9552833212846","2.2811214929053","2.6741618283793","0.342","0.031","0.019","1,3,4,5,6,7,8,9,10,11,13,14,15,17,21,22,26,29,30,32,34,39,40,44,49,51,52,56,62,64",0.0505651790714471,FALSE,20,1,30,20,10,0.666666666666667,0.909090909090909
"lasso.cv",57,40,0.33,"FALSE","FALSE","FALSE","4.84769602848083","3.45499477589197","1.39270125258887","0.444","0.031","0.021","1,3,4,5,6,7,8,9,10,17,24,29,37,40,51,54,55,56,58,59,69,71",0.0298504975220612,FALSE,13,2,22,13,9,0.590909090909091,0.818181818181818
"lasso.cv",58,40,0.33,"FALSE","FALSE","FALSE","5.2608787251336","2.93361237267328","2.32726635246032","0.458","0.031","0.021","1,2,3,4,5,6,7,8,10,11,13,24,27,28,30,31,32,34,35,44,49,52,55,57,63,71",0.0296200475379754,FALSE,16,1,26,16,10,0.615384615384615,0.909090909090909
"lasso.cv",59,40,0.33,"FALSE","FALSE","FALSE","5.16042288474688","3.89519325303311","1.26522963171377","0.419","0.031","0.02","1,2,3,4,5,6,7,9,10,11,16,17,18,25,26,31,32,33,44,49,53,55,56,57,59,70",0.0276095288366171,FALSE,16,1,26,16,10,0.615384615384615,0.909090909090909
"lasso.cv",6,40,0.33,"FALSE","FALSE","FALSE","5.65429835704365","2.70118626473431","2.95311209230934","0.423","0.031","0.019","1,2,4,5,6,8,10,14,22,27,32,35,36,38,45,49,51,52,54,55,57,65,68,71",0.0505205252777662,FALSE,17,4,24,17,7,0.708333333333333,0.636363636363636
"lasso.cv",60,40,0.33,"FALSE","FALSE","FALSE","7.1806563781495","4.88817142071786","2.29248495743164","0.303","0.029","0.021","1,3,5,6,7,10,11,14,16,23,25,29,31,34,36,41,44,52,55,63",0.0372575143206971,FALSE,13,4,20,13,7,0.65,0.636363636363636
"lasso.cv",61,40,0.33,"FALSE","FALSE","FALSE","5.10667930378042","3.80028241055746","1.30639689322296","0.355","0.029","0.017","1,3,5,6,7,8,9,10,11,14,22,24,36,40,41,52,55",0.0306871809435241,FALSE,8,2,17,8,9,0.470588235294118,0.818181818181818
"lasso.cv",62,40,0.33,"FALSE","FALSE","FALSE","5.52812257389025","4.69413019383226","0.833992380057989","0.365","0.029","0.02","2,3,4,5,6,7,10,12,14,15,19,24,31,36,38,41,43,49,52,55,57",0.0334781223848847,FALSE,14,4,21,14,7,0.666666666666667,0.636363636363636
"lasso.cv",63,40,0.33,"FALSE","FALSE","FALSE","5.54230689148889","2.12421627427546","3.41809061721344","0.434","0.029","0.019","1,2,3,5,6,7,8,10,11,12,14,15,21,22,25,27,34,36,40,41,43,44,45,70",0.0473483825559474,FALSE,15,2,24,15,9,0.625,0.818181818181818
"lasso.cv",64,40,0.33,"FALSE","FALSE","FALSE","30.7407114258604","7.67544658360849","23.0652648422519","0.322","0.03","0.021","1,2,3,4,5,6,7,8,9,10,11,14,17,22,24,25,26,32,40,42,45,47,49,55,56,58,60,68,70",0.0373544090299208,FALSE,18,0,29,18,11,0.620689655172414,1
"lasso.cv",65,40,0.33,"FALSE","FALSE","FALSE","6.1229163319671","4.85424024221493","1.26867608975217","0.476","0.033","0.023","1,2,3,4,5,6,7,9,10,11,12,13,16,17,19,21,24,25,30,31,40,52,58,67,71",0.0267443035329401,FALSE,15,1,25,15,10,0.6,0.909090909090909
"lasso.cv",66,40,0.33,"FALSE","FALSE","FALSE","5.81299921776197","3.08612328577759","2.72687593198438","0.58","0.03","0.023","1,2,3,5,6,7,9,10,11,13,14,15,30,31,33,35,36,44,47,52,57,59,61,62,63,71",0.0383542055240875,FALSE,17,2,26,17,9,0.653846153846154,0.818181818181818
"lasso.cv",67,40,0.33,"FALSE","FALSE","FALSE","5.47299779405995","2.89909154481328","2.57390624924667","0.537","0.03","0.017","2,3,4,5,6,7,9,10,11,13,15,17,18,21,22,25,34,41,43,44,52,53,57,63,64,68",0.0573724915674339,FALSE,17,2,26,17,9,0.653846153846154,0.818181818181818
"lasso.cv",68,40,0.33,"FALSE","FALSE","FALSE","5.76775959345504","3.44850217596154","2.3192574174935","0.452","0.03","0.021","1,2,3,5,6,7,8,9,10,12,14,16,17,20,36,38,41,47,49,52,54,59,61",0.0391455672362604,FALSE,14,2,23,14,9,0.608695652173913,0.818181818181818
"lasso.cv",69,40,0.33,"FALSE","FALSE","FALSE","6.55379548510634","2.51241726992558","4.04137821518076","0.596","0.031","0.019","1,3,4,5,6,7,9,10,11,13,19,20,24,26,29,34,39,40,42,43,44,45,47,49,52,56,61,64,67,71",0.0431183763110451,FALSE,21,2,30,21,9,0.7,0.818181818181818
"lasso.cv",7,40,0.33,"FALSE","FALSE","FALSE","5.84104468841461","4.44018411426538","1.40086057414924","0.424","0.029","0.021","2,3,5,6,7,8,9,10,11,12,14,19,20,24,28,30,36,43,49,51,58,60,64,70,71",0.0402344593621614,FALSE,16,2,25,16,9,0.64,0.818181818181818
"lasso.cv",70,40,0.33,"FALSE","FALSE","FALSE","5.7596636612697","2.96758777494362","2.79207588632607","0.454","0.032","0.021","1,2,3,4,5,6,7,8,9,10,11,14,15,17,23,27,34,36,41,49,52,57,59,61,68",0.0571182664348622,FALSE,14,0,25,14,11,0.56,1
"lasso.cv",71,40,0.33,"FALSE","FALSE","FALSE","6.29905103437156","3.3567849857027","2.94226604866886","0.379","0.029","0.02","2,3,4,5,6,7,8,9,10,12,14,17,19,20,22,23,24,29,31,41,43,45,56,57,59,61,68,71",0.0449299035366719,FALSE,19,2,28,19,9,0.678571428571429,0.818181818181818
"lasso.cv",72,40,0.33,"FALSE","FALSE","FALSE","5.68396658700539","2.78988776951012","2.89407881749527","0.635","0.03","0.021","1,3,4,5,6,7,8,10,11,12,13,17,20,22,24,28,32,35,47,49,52,55,66",0.0503995607234375,FALSE,14,2,23,14,9,0.608695652173913,0.818181818181818
"lasso.cv",73,40,0.33,"FALSE","FALSE","FALSE","5.89613433281207","4.50705015227497","1.38908418053709","0.522","0.029","0.018","1,2,3,4,5,6,7,8,10,11,12,14,16,20,22,31,38,49,68,71",0.0174502758807535,FALSE,10,1,20,10,10,0.5,0.909090909090909
"lasso.cv",74,40,0.33,"FALSE","FALSE","FALSE","11.7370447866388","5.4261396493816","6.31090513725723","0.474","0.029","0.02","1,2,3,5,6,7,8,9,10,11,12,14,17,20,24,31,32,35,36,41,42,43,49,50,52,59,61,67,70",0.0627398657850106,FALSE,19,1,29,19,10,0.655172413793103,0.909090909090909
"lasso.cv",75,40,0.33,"FALSE","FALSE","FALSE","5.59225932865613","2.82632025781825","2.76593907083788","0.326","0.029","0.018","1,2,3,5,6,7,8,9,10,11,14,20,22,30,41,49,52,58,59,61,64,65,71",0.0477194887389189,FALSE,13,1,23,13,10,0.565217391304348,0.909090909090909
"lasso.cv",76,40,0.33,"FALSE","FALSE","FALSE","4.75679212714426","3.31296792705544","1.44382420008882","0.221","0.031","0.019","1,2,3,4,5,6,7,8,9,10,11,14,15,17,31,32,36,38,47,51,61",0.0354572948545315,FALSE,10,0,21,10,11,0.476190476190476,1
"lasso.cv",77,40,0.33,"FALSE","FALSE","FALSE","5.74407982148535","1.67009853110695","4.0739812903784","0.29","0.029","0.016","1,2,3,5,6,7,10,11,12,13,14,15,22,28,29,30,32,36,40,45,52,59,64,67,70,71",0.0733101664651008,FALSE,18,3,26,18,8,0.692307692307692,0.727272727272727
"lasso.cv",78,40,0.33,"FALSE","FALSE","FALSE","6.89332371090824","5.11714713045397","1.77617658045428","0.354","0.029","0.019","1,2,3,4,5,6,8,9,10,11,12,14,20,27,30,32,41,43,52,59,61",0.0210053105706535,FALSE,11,1,21,11,10,0.523809523809524,0.909090909090909
"lasso.cv",79,40,0.33,"FALSE","FALSE","FALSE","4.95468090980239","2.87067851243445","2.08400239736794","0.413","0.03","0.02","1,2,3,4,5,6,7,8,10,11,14,21,28,32,34,37,40,44,47,51,57,58,59,61,64,69",0.0257052809131084,FALSE,16,1,26,16,10,0.615384615384615,0.909090909090909
"lasso.cv",8,40,0.33,"FALSE","FALSE","FALSE","6.60782019830114","4.71954264610455","1.88827755219659","0.476","0.03","0.024","1,2,3,4,5,6,7,8,10,11,17,19,21,23,24,27,34,40,42,43,44,49,52,55,57,58,61,64,69",0.0271618420551632,FALSE,19,1,29,19,10,0.655172413793103,0.909090909090909
"lasso.cv",80,40,0.33,"FALSE","FALSE","FALSE","6.95539686331653","4.92699116250098","2.02840570081555","0.469","0.029","0.018","1,2,3,4,6,7,8,9,10,11,14,15,17,22,23,24,27,31,32,35,36,39,40,42,49,52,53,57,61,64,66",0.067100085385932,FALSE,21,1,31,21,10,0.67741935483871,0.909090909090909
"lasso.cv",81,40,0.33,"FALSE","FALSE","FALSE","6.12236522989729","4.768896174923","1.35346905497429","0.308","0.029","0.019","1,3,4,5,6,7,8,10,11,14,17,20,23,24,28,30,33,36,52,53,63,64,70",0.031411379624038,FALSE,14,2,23,14,9,0.608695652173913,0.818181818181818
"lasso.cv",82,40,0.33,"FALSE","FALSE","FALSE","5.92171024003803","5.23807279115749","0.683637448880537","0.402","0.029","0.019","1,2,3,4,5,6,8,9,10,11,12,20,21,24,28,34,43,47,49,51,56,61,64",0.0215252601967577,FALSE,13,1,23,13,10,0.565217391304348,0.909090909090909
"lasso.cv",83,40,0.33,"FALSE","FALSE","FALSE","4.70239778842894","3.234367823368","1.46802996506094","0.412","0.03","0.019","2,3,4,5,6,8,9,10,11,12,15,24,31,35,41,44,47,49,51,52,54",0.0296812807036073,FALSE,12,2,21,12,9,0.571428571428571,0.818181818181818
"lasso.cv",84,40,0.33,"FALSE","FALSE","FALSE","5.16152213858262","4.09172862298364","1.06979351559898","0.34","0.03","0.02","1,2,3,4,5,6,7,8,9,10,11,12,15,17,24,27,28,30,32,36,40,42,43,52,61,64,70",0.0298701883163006,FALSE,16,0,27,16,11,0.592592592592593,1
"lasso.cv",85,40,0.33,"FALSE","FALSE","FALSE","6.39106109163","3.66251967985271","2.72854141177729","0.383","0.03","0.019","1,2,3,4,5,6,7,8,9,10,11,14,15,17,20,24,30,31,33,35,36,38,47,49,51,59,64",0.0354513330039128,FALSE,16,0,27,16,11,0.592592592592593,1
"lasso.cv",86,40,0.33,"FALSE","FALSE","FALSE","6.33061359385261","4.98955247678211","1.3410611170705","0.316","0.033","0.021","1,2,4,5,6,7,8,9,10,11,13,14,17,23,27,29,32,36,40,41,42,43,48,51,52,59,61,63,65",0.0414710952120278,FALSE,19,1,29,19,10,0.655172413793103,0.909090909090909
"lasso.cv",87,40,0.33,"FALSE","FALSE","FALSE","6.08100547555106","5.03693077205967","1.04407470349139","0.437","0.031","0.021","1,2,3,4,5,6,7,8,9,10,11,13,14,15,16,27,31,36,42,45,49,51,52,66,71",0.0265171162044525,FALSE,14,0,25,14,11,0.56,1
"lasso.cv",88,40,0.33,"FALSE","FALSE","FALSE","5.90044763117223","2.93105067837834","2.96939695279388","0.479","0.031","0.022","1,2,3,4,5,6,7,8,9,10,11,12,14,19,24,27,28,30,31,36,38,43,47,49,51,57,59,65,71",0.0380050449283955,FALSE,18,0,29,18,11,0.620689655172414,1
"lasso.cv",89,40,0.33,"FALSE","FALSE","FALSE","6.37375216681416","5.81098812971667","0.562764037097485","0.288","0.031","0.019","1,2,3,4,5,6,7,9,10,11,13,14,15,17,20,22,28,30,31,49,57,58,59,64",0.0429577545075912,FALSE,14,1,24,14,10,0.583333333333333,0.909090909090909
"lasso.cv",9,40,0.33,"FALSE","FALSE","FALSE","5.86717441423307","3.88891199729983","1.97826241693324","0.443","0.031","0.021","1,2,4,5,6,7,8,9,10,12,14,17,20,25,36,37,42,45,47,49,50,51,52,59,65,66,68,70",0.049253045158076,FALSE,19,2,28,19,9,0.678571428571429,0.818181818181818
"lasso.cv",90,40,0.33,"FALSE","FALSE","FALSE","4.79107084117958","1.50207188245152","3.28899895872806","0.404","0.032","0.016","1,2,4,5,6,7,8,10,12,14,15,24,26,30,37,38,44,45,49,51,54,56,58,64,65,68",0.057052662625068,FALSE,18,3,26,18,8,0.692307692307692,0.727272727272727
"lasso.cv",91,40,0.33,"FALSE","FALSE","FALSE","40","13","27","0.153","0.031","0.022","1,2,3,5,6,7,10,11,13,14,15,16,32,36,37,40,43,44,52,53,57,61,62,64,66,67,70,71",0.0294193807282066,FALSE,20,3,28,20,8,0.714285714285714,0.727272727272727
"lasso.cv",92,40,0.33,"FALSE","FALSE","FALSE","5.19093196508904","2.36554126654054","2.8253906985485","0.413","0.032","0.021","1,2,4,5,6,7,9,10,11,18,30,32,35,36,37,38,49,53,54,58,59,65,66,71",0.0420959182763621,FALSE,15,2,24,15,9,0.625,0.818181818181818
"lasso.cv",93,40,0.33,"FALSE","FALSE","FALSE","7.06288911977387","2.85907851124437","4.20381060852951","0.513","0.03","0.02","1,2,4,5,6,7,9,10,11,14,15,18,20,32,36,40,42,49,58,59,65,66,70",0.0630459287204386,FALSE,14,2,23,14,9,0.608695652173913,0.818181818181818
"lasso.cv",94,40,0.33,"FALSE","FALSE","FALSE","6.37846884364865","2.34528082042821","4.03318802322043","0.311","0.03","0.02","1,2,3,4,5,6,7,8,10,12,14,15,16,17,19,22,24,27,28,32,34,36,52,54,55,57,66,68,71",0.068037836931189,FALSE,20,2,29,20,9,0.689655172413793,0.818181818181818
"lasso.cv",95,40,0.33,"FALSE","FALSE","FALSE","5.38254276460404","4.64262596693296","0.739916797671077","0.364","0.029","0.018","1,2,3,4,5,6,7,8,9,10,11,13,20,22,27,31,33,36,39,40,41,42,47,52,53,57,59,61",0.0110177704436187,FALSE,17,0,28,17,11,0.607142857142857,1
"lasso.cv",96,40,0.33,"FALSE","FALSE","FALSE","5.31405645866019","2.39422530837333","2.91983115028686","0.553","0.031","0.02","1,2,3,4,5,6,7,8,9,10,12,15,16,17,18,21,22,27,31,34,35,41,43,49,52,57,61,67,69",0.0572476097232245,FALSE,19,1,29,19,10,0.655172413793103,0.909090909090909
"lasso.cv",97,40,0.33,"FALSE","FALSE","FALSE","7.60328465511745","5.12246446582539","2.48082018929206","0.408","0.031","0.02","1,3,4,5,6,7,8,10,12,16,17,21,22,25,26,27,28,30,44,49,50,52,55,64,66,70",0.0442701980284258,FALSE,18,3,26,18,8,0.692307692307692,0.727272727272727
"lasso.cv",98,40,0.33,"FALSE","FALSE","FALSE","4.93031328654972","2.58191688275525","2.34839640379447","0.43","0.031","0.015","3,6,7,9,10,11,12,14,15,16,17,22,29,30,31,32,37,44,45,47,48,52,55,57,58,61,63,64,67,68,69",0.0875574154008003,FALSE,25,5,31,25,6,0.806451612903226,0.545454545454545
"lasso.cv",99,40,0.33,"FALSE","FALSE","FALSE","6.32812807000248","4.97835701484837","1.34977105515411","0.33","0.028","0.017","1,2,4,5,6,7,8,9,10,11,14,15,22,23,36,38,40,42,43,45,49,57,59,62,64,68",0.039427972264429,FALSE,16,1,26,16,10,0.615384615384615,0.909090909090909
"S.A",1,40,0.33,"FALSE","FALSE","FALSE","7.25162196299473","5.03752986411447","2.21409209888027","0.519","0.035","0.021","1,2,3,4,6,9,10,11",0.030711933971203,FALSE,0,3,8,0,8,0,0.727272727272727
"S.A",10,40,0.33,"FALSE","FALSE","FALSE","6.01773480908255","4.22049286267569","1.79724194640686","0.449","0.033","0.022","4,6,7,9,11,54,64",0.0932789826496486,FALSE,2,6,7,2,5,0.285714285714286,0.454545454545455
"S.A",100,40,0.33,"FALSE","FALSE","FALSE","4.98209580472968","2.85812651615334","2.12396928857634","0.45","0.03","0.019","1,10,14,32",0.177473425656345,FALSE,2,9,4,2,2,0.5,0.181818181818182
"S.A",11,40,0.33,"FALSE","FALSE","FALSE","4.7139383732594","2.62904046637036","2.08489790688904","0.532","0.032","0.019","7,9,11,23,54",0.191447925855379,FALSE,2,8,5,2,3,0.4,0.272727272727273
"S.A",12,40,0.33,"FALSE","FALSE","FALSE","5.66740058572008","4.27767146425734","1.38972912146274","0.341","0.03","0.02","1,5,10,14,31",0.107669049942878,FALSE,2,8,5,2,3,0.4,0.272727272727273
"S.A",13,40,0.33,"FALSE","FALSE","FALSE","6.69275741155513","3.73845673533345","2.95430067622168","0.394","0.032","0.021","3,4,7,10,55,64",0.120116737427132,FALSE,2,7,6,2,4,0.333333333333333,0.363636363636364
"S.A",14,40,0.33,"FALSE","FALSE","FALSE","6.3144404234883","4.25532181653722","2.05911860695108","0.374","0.029","0.02","1,3,5,6,8,10",0.0424970382224101,FALSE,0,5,6,0,6,0,0.545454545454545
"S.A",15,40,0.33,"FALSE","FALSE","FALSE","5.51132591035161","3.59498412461384","1.91634178573777","0.386","0.031","0.02","1,5,6,8,10,14",0.069671823863665,FALSE,1,6,6,1,5,0.166666666666667,0.454545454545455
"S.A",16,40,0.33,"FALSE","FALSE","FALSE","5.65077188180289","2.59194306606645","3.05882881573644","0.522","0.03","0.021","2,7,9,11,23,54",0.180987778873968,FALSE,2,7,6,2,4,0.333333333333333,0.363636363636364
"S.A",17,40,0.33,"FALSE","FALSE","FALSE","6.84576270094523","4.30365540404873","2.5421072968965","0.394","0.031","0.017","4,7,9,11,22,31",0.125088735991836,FALSE,2,7,6,2,4,0.333333333333333,0.363636363636364
"S.A",18,40,0.33,"FALSE","FALSE","FALSE","4.75189069517799","2.54554322149957","2.20634747367842","0.449","0.031","0.015","7,16,22",0.28963717469049,FALSE,2,10,3,2,1,0.666666666666667,0.0909090909090909
"S.A",19,40,0.33,"FALSE","FALSE","FALSE","5.70438079184987","2.32012610045013","3.38425469139974","0.608","0.03","0.021","6,10,14,30,36,69",0.148043721611298,FALSE,4,9,6,4,2,0.666666666666667,0.181818181818182
"S.A",2,40,0.33,"FALSE","FALSE","FALSE","6.45944125679855","4.18916419958304","2.27027705721551","0.264","0.03","0.02","1,5,6,8,10,14",0.075494138063608,FALSE,1,6,6,1,5,0.166666666666667,0.454545454545455
"S.A",20,40,0.33,"FALSE","FALSE","FALSE","5.61639616577908","1.91006727662372","3.70632888915536","0.507","0.03","0.017","7,10,14,22,31,36,43",0.141291112599561,FALSE,5,9,7,5,2,0.714285714285714,0.181818181818182
"S.A",21,40,0.33,"FALSE","FALSE","FALSE","6.93053476758112","5.14969401796313","1.78084074961798","0.455","0.032","0.021","1,3,5,6,8,10,14",0.0478823780622043,FALSE,1,5,7,1,6,0.142857142857143,0.545454545454545
"S.A",22,40,0.33,"FALSE","FALSE","FALSE","6.99316574634321","2.30371050285948","4.68945524348373","0.361","0.029","0.02","5,6,10,14,16,30,36",0.109906861298562,FALSE,4,8,7,4,3,0.571428571428571,0.272727272727273
"S.A",23,40,0.33,"FALSE","FALSE","FALSE","5.69093911109185","3.59343369011629","2.09750542097556","0.419","0.029","0.019","3,5,6,10,11,42",0.0537394018563317,FALSE,1,6,6,1,5,0.166666666666667,0.454545454545455
"S.A",24,40,0.33,"FALSE","FALSE","FALSE","4.84709904583536","4.1724123882545","0.674686657580858","0.329","0.029","0.018","4,5,6,8",0.102858337420466,FALSE,0,7,4,0,4,0,0.363636363636364
"S.A",25,40,0.33,"FALSE","FALSE","FALSE","4.94684457170804","2.60865309669686","2.33819147501118","0.428","0.03","0.018","7,22,59",0.284045727139467,FALSE,2,10,3,2,1,0.666666666666667,0.0909090909090909
"S.A",26,40,0.33,"FALSE","FALSE","FALSE","5.37329677354441","2.49660360174569","2.87669317179873","0.526","0.031","0.019","20,22,49,59",0.233515595444759,FALSE,4,11,4,4,0,1,0
"S.A",27,40,0.33,"FALSE","FALSE","FALSE","5.2943940903378","4.10538765975585","1.18900643058196","0.42","0.029","0.02","3,4,6,7,9,11",0.0762782313648252,FALSE,0,5,6,0,6,0,0.545454545454545
"S.A",28,40,0.33,"FALSE","FALSE","FALSE","4.82452850526262","2.28668632407933","2.53784218118329","0.588","0.033","0.021","4,20,29,49",0.255760071069846,FALSE,3,10,4,3,1,0.75,0.0909090909090909
"S.A",29,40,0.33,"FALSE","FALSE","FALSE","5.74876710579874","2.625235077774","3.12353202802474","0.541","0.03","0.019","2,16,22,59",0.23394907971242,FALSE,3,10,4,3,1,0.75,0.0909090909090909
"S.A",3,40,0.33,"FALSE","FALSE","FALSE","6.44748251127518","3.10844764726349","3.33903486401169","0.236","0.029","0.02","4,5,6,9,12,49",0.0960442890524402,FALSE,2,7,6,2,4,0.333333333333333,0.363636363636364
"S.A",30,40,0.33,"FALSE","FALSE","FALSE","5.96450193889206","3.10444826353347","2.86005367535858","0.512","0.029","0.021","10,21,24,52,71",0.236243562556466,FALSE,4,10,5,4,1,0.8,0.0909090909090909
"S.A",31,40,0.33,"FALSE","FALSE","FALSE","5.30553959417819","3.34934935856974","1.95619023560845","0.493","0.029","0.022","3,7,9,11,22",0.132147045090616,FALSE,1,7,5,1,4,0.2,0.363636363636364
"S.A",32,40,0.33,"FALSE","FALSE","FALSE","5.54708800923319","1.25366410313717","4.29342390609602","0.42","0.03","0.018","10,16,22,27,49,59",0.172070360959893,FALSE,5,10,6,5,1,0.833333333333333,0.0909090909090909
"S.A",33,40,0.33,"FALSE","FALSE","FALSE","5.37533115637303","2.87927416563382","2.49605699073921","0.455","0.03","0.021","1,10,14,36,40",0.175906097791735,FALSE,3,9,5,3,2,0.6,0.181818181818182
"S.A",34,40,0.33,"FALSE","FALSE","FALSE","4.75365033771193","2.48940738336784","2.26424295434409","0.419","0.03","0.017","6,10,14,30,49",0.180599053274795,FALSE,3,9,5,3,2,0.6,0.181818181818182
"S.A",35,40,0.33,"FALSE","FALSE","FALSE","5.37584472363585","4.53726582163502","0.838578902000826","0.36","0.031","0.021","4,5,6,8,10",0.0625498864733303,FALSE,0,6,5,0,5,0,0.454545454545455
"S.A",36,40,0.33,"FALSE","FALSE","FALSE","9.58826686654251","5.34390123123198","4.24436563531053","0.534","0.031","0.022","1,2,3,6,10,16,36,37,44",0.0916186017841092,FALSE,4,6,9,4,5,0.444444444444444,0.454545454545455
"S.A",37,40,0.33,"FALSE","FALSE","FALSE","6.6910521463232","6.2646045653336","0.426447580989606","0.256","0.028","0.02","1,2,3,5,6,10,11",0.0323905199018811,FALSE,0,4,7,0,7,0,0.636363636363636
"S.A",38,40,0.33,"FALSE","FALSE","FALSE","5.48688386825541","3.73517953351371","1.7517043347417","0.378","0.03","0.021","5,6,8,14,49",0.119653466633364,FALSE,2,8,5,2,3,0.4,0.272727272727273
"S.A",39,40,0.33,"FALSE","FALSE","FALSE","5.14047259986232","3.81391844273146","1.32655415713086","0.413","0.028","0.019","4,5,6,8",0.093423614625187,FALSE,0,7,4,0,4,0,0.363636363636364
"S.A",4,40,0.33,"FALSE","FALSE","FALSE","4.92209922723936","4.22293781640872","0.699161410830636","0.398","0.029","0.019","3,5,6,8",0.0998285618098321,FALSE,0,7,4,0,4,0,0.363636363636364
"S.A",40,40,0.33,"FALSE","FALSE","FALSE","5.54104992906619","2.43075526881041","3.11029466025578","0.645","0.032","0.016","17,22,37,38,43,49,52",0.203649960321024,FALSE,7,11,7,7,0,1,0
"S.A",41,40,0.33,"FALSE","FALSE","FALSE","6.20608469025605","3.05297917800168","3.15310551225437","0.402","0.03","0.018","10,15,30,31,34",0.195509931572302,FALSE,4,10,5,4,1,0.8,0.0909090909090909
"S.A",42,40,0.33,"FALSE","FALSE","FALSE","5.00457674895298","3.59174179425499","1.41283495469799","0.357","0.028","0.017","4,5,6,8",0.0866437650920733,FALSE,0,7,4,0,4,0,0.363636363636364
"S.A",43,40,0.33,"FALSE","FALSE","FALSE","5.47015113422451","1.75684079490133","3.71331033932317","0.342","0.03","0.02","10,19,49,52",0.240392031619629,FALSE,3,10,4,3,1,0.75,0.0909090909090909
"S.A",44,40,0.33,"FALSE","FALSE","FALSE","6.16754766971906","4.9600518919154","1.20749577780366","0.401","0.029","0.019","1,3,5,10,11",0.0692048083827971,FALSE,0,6,5,0,5,0,0.454545454545455
"S.A",45,40,0.33,"FALSE","FALSE","FALSE","4.94676458843763","3.51957175711931","1.42719283131832","0.422","0.031","0.02","4,5,6,8",0.0961890207877775,FALSE,0,7,4,0,4,0,0.363636363636364
"S.A",46,40,0.33,"FALSE","FALSE","FALSE","6.87462305936273","0.611371592696401","6.26325146666633","0.45","0.03","0.023","1,10,14,31,36,38,40,46",0.170812077514194,FALSE,6,9,8,6,2,0.75,0.181818181818182
"S.A",47,40,0.33,"FALSE","FALSE","FALSE","5.37807943288491","3.47864924516567","1.89943018771924","0.465","0.03","0.02","1,2,5,6,10,11",0.03960537922763,FALSE,0,5,6,0,6,0,0.545454545454545
"S.A",48,40,0.33,"FALSE","FALSE","FALSE","4.85225067611101","2.50806324584734","2.34418743026368","0.522","0.031","0.021","3,10,15,42",0.186088977143351,FALSE,2,9,4,2,2,0.5,0.181818181818182
"S.A",49,40,0.33,"FALSE","FALSE","FALSE","8.3059493177318","4.76568602655474","3.54026329117706","0.332","0.028","0.021","1,3,5,6,8,10,14,24",0.0670185940482654,FALSE,2,5,8,2,6,0.25,0.545454545454545
"S.A",5,40,0.33,"FALSE","FALSE","FALSE","5.89121031230702","3.62165636848815","2.26955394381887","0.461","0.032","0.02","1,3,5,10,60,66",0.0905330425719005,FALSE,2,7,6,2,4,0.333333333333333,0.363636363636364
"S.A",50,40,0.33,"FALSE","FALSE","FALSE","5.73999204887069","3.86895428519688","1.87103776367381","0.379","0.029","0.018","4,5,6,8,41",0.113310666844221,FALSE,1,7,5,1,4,0.2,0.363636363636364
"S.A",51,40,0.33,"FALSE","FALSE","FALSE","8.29083931359851","2.18480745900165","6.10603185459685","0.442","0.031","0.019","6,10,14,18,19,25,46,49,52,53,59",0.161902810270807,FALSE,9,9,11,9,2,0.818181818181818,0.181818181818182
"S.A",52,40,0.33,"FALSE","FALSE","FALSE","5.51429994117416","3.49036114422057","2.0239387969536","0.513","0.033","0.023","5,6,8,41,52",0.145801911220862,FALSE,2,8,5,2,3,0.4,0.272727272727273
"S.A",53,40,0.33,"FALSE","FALSE","FALSE","6.25295022743069","4.32155797560493","1.93139225182577","0.389","0.03","0.021","4,7,9,11,27",0.133227454592654,FALSE,1,7,5,1,4,0.2,0.363636363636364
"S.A",54,40,0.33,"FALSE","FALSE","FALSE","5.95001989069816","4.53190123421617","1.41811865648199","0.395","0.029","0.022","1,3,5,10,17,35",0.0921963047242781,FALSE,2,7,6,2,4,0.333333333333333,0.363636363636364
"S.A",55,40,0.33,"FALSE","FALSE","FALSE","6.91900508004952","6.18953399220733","0.729471087842183","0.342","0.029","0.019","1,2,3,5,6,8,10",0.0330563394094085,FALSE,0,4,7,0,7,0,0.636363636363636
"S.A",56,40,0.33,"FALSE","FALSE","FALSE","4.9552833212846","2.2811214929053","2.6741618283793","0.342","0.031","0.019","10,15,30,34",0.253849828021225,FALSE,3,10,4,3,1,0.75,0.0909090909090909
"S.A",57,40,0.33,"FALSE","FALSE","FALSE","4.84769602848083","3.45499477589197","1.39270125258887","0.444","0.031","0.021","4,6,18,24",0.186258715785023,FALSE,2,9,4,2,2,0.5,0.181818181818182
"S.A",58,40,0.33,"FALSE","FALSE","FALSE","5.2608787251336","2.93361237267328","2.32726635246032","0.458","0.031","0.021","1,10,11,54,70",0.122247412529257,FALSE,2,8,5,2,3,0.4,0.272727272727273
"S.A",59,40,0.33,"FALSE","FALSE","FALSE","5.16042288474688","3.89519325303311","1.26522963171377","0.419","0.031","0.02","1,3,10,11,70",0.100576523897931,FALSE,1,7,5,1,4,0.2,0.363636363636364
"S.A",6,40,0.33,"FALSE","FALSE","FALSE","5.65429835704365","2.70118626473431","2.95311209230934","0.423","0.031","0.019","1,10,11,54,70",0.148519433882527,FALSE,2,8,5,2,3,0.4,0.272727272727273
"S.A",60,40,0.33,"FALSE","FALSE","FALSE","7.1806563781495","4.88817142071786","2.29248495743164","0.303","0.029","0.021","1,3,5,6,10,14,36",0.066476965050411,FALSE,2,6,7,2,5,0.285714285714286,0.454545454545455
"S.A",61,40,0.33,"FALSE","FALSE","FALSE","5.10667930378042","3.80028241055746","1.30639689322296","0.355","0.029","0.017","1,3,5,6,8,10",0.0400766895626889,FALSE,0,5,6,0,6,0,0.545454545454545
"S.A",62,40,0.33,"FALSE","FALSE","FALSE","5.52812257389025","4.69413019383226","0.833992380057989","0.365","0.029","0.02","3,4,5,6,10",0.0475950343380374,FALSE,0,6,5,0,5,0,0.454545454545455
"S.A",63,40,0.33,"FALSE","FALSE","FALSE","5.54230689148889","2.12421627427546","3.41809061721344","0.434","0.029","0.019","10,12,14,36,40",0.254365109748473,FALSE,4,10,5,4,1,0.8,0.0909090909090909
"S.A",64,40,0.33,"FALSE","FALSE","FALSE","30.7407114258604","7.67544658360849","23.0652648422519","0.322","0.03","0.021","1,2,3,4,6,9,10,11,12,16,23,24,25,27,28,32,34,41,42,45,47,48,51,52,54,57,58,60,61,68,70,71",0.0879659539059896,FALSE,24,3,32,24,8,0.75,0.727272727272727
"S.A",65,40,0.33,"FALSE","FALSE","FALSE","6.1229163319671","4.85424024221493","1.26867608975217","0.476","0.033","0.023","3,4,7,9,11,20",0.107159315607869,FALSE,1,6,6,1,5,0.166666666666667,0.454545454545455
"S.A",66,40,0.33,"FALSE","FALSE","FALSE","5.81299921776197","3.08612328577759","2.72687593198438","0.58","0.03","0.023","1,5,6,10,14,36",0.101086367347885,FALSE,2,7,6,2,4,0.333333333333333,0.363636363636364
"S.A",67,40,0.33,"FALSE","FALSE","FALSE","5.47299779405995","2.89909154481328","2.57390624924667","0.537","0.03","0.017","5,6,10,52,63",0.128117548588349,FALSE,2,8,5,2,3,0.4,0.272727272727273
"S.A",68,40,0.33,"FALSE","FALSE","FALSE","5.76775959345504","3.44850217596154","2.3192574174935","0.452","0.03","0.021","7,9,11,23,54",0.198565777409585,FALSE,2,8,5,2,3,0.4,0.272727272727273
"S.A",69,40,0.33,"FALSE","FALSE","FALSE","6.55379548510634","2.51241726992558","4.04137821518076","0.596","0.031","0.019","3,6,10,17,21,24,42,46,52,71",0.175918231915636,FALSE,7,8,10,7,3,0.7,0.272727272727273
"S.A",7,40,0.33,"FALSE","FALSE","FALSE","5.84104468841461","4.44018411426538","1.40086057414924","0.424","0.029","0.021","3,5,7,8,60",0.129693959226954,FALSE,1,7,5,1,4,0.2,0.363636363636364
"S.A",70,40,0.33,"FALSE","FALSE","FALSE","5.7596636612697","2.96758777494362","2.79207588632607","0.454","0.032","0.021","1,3,10,14,17,34",0.126842476227869,FALSE,3,8,6,3,3,0.5,0.272727272727273
"S.A",71,40,0.33,"FALSE","FALSE","FALSE","6.29905103437156","3.3567849857027","2.94226604866886","0.379","0.029","0.02","3,7,10,14,22,59",0.140318342349596,FALSE,3,8,6,3,3,0.5,0.272727272727273
"S.A",72,40,0.33,"FALSE","FALSE","FALSE","5.68396658700539","2.78988776951012","2.89407881749527","0.635","0.03","0.021","6,8,10,30,42,49,66",0.129822805673991,FALSE,4,8,7,4,3,0.571428571428571,0.272727272727273
"S.A",73,40,0.33,"FALSE","FALSE","FALSE","5.89613433281207","4.50705015227497","1.38908418053709","0.522","0.029","0.018","1,2,4,5,6,10,11",0.0238192378980062,FALSE,0,4,7,0,7,0,0.636363636363636
"S.A",74,40,0.33,"FALSE","FALSE","FALSE","11.7370447866388","5.4261396493816","6.31090513725723","0.474","0.029","0.02","3,4,5,6,7,8,19,20,50,51,59,60,61,67",0.126465138104677,FALSE,8,5,14,8,6,0.571428571428571,0.545454545454545
"S.A",75,40,0.33,"FALSE","FALSE","FALSE","5.59225932865613","2.82632025781825","2.76593907083788","0.326","0.029","0.018","2,6,10,30,34",0.167307244463011,FALSE,2,8,5,2,3,0.4,0.272727272727273
"S.A",76,40,0.33,"FALSE","FALSE","FALSE","4.75679212714426","3.31296792705544","1.44382420008882","0.221","0.031","0.019","4,5,6,8",0.100556404433179,FALSE,0,7,4,0,4,0,0.363636363636364
"S.A",77,40,0.33,"FALSE","FALSE","FALSE","5.74407982148535","1.67009853110695","4.0739812903784","0.29","0.029","0.016","10,21,22,52,59,70",0.211461699958214,FALSE,5,10,6,5,1,0.833333333333333,0.0909090909090909
"S.A",78,40,0.33,"FALSE","FALSE","FALSE","6.89332371090824","5.11714713045397","1.77617658045428","0.354","0.029","0.019","1,2,5,6,10,11",0.0404611193330381,FALSE,0,5,6,0,6,0,0.545454545454545
"S.A",79,40,0.33,"FALSE","FALSE","FALSE","4.95468090980239","2.87067851243445","2.08400239736794","0.413","0.03","0.02","7,22,59",0.272136470512221,FALSE,2,10,3,2,1,0.666666666666667,0.0909090909090909
"S.A",8,40,0.33,"FALSE","FALSE","FALSE","6.60782019830114","4.71954264610455","1.88827755219659","0.476","0.03","0.024","1,2,4,6,10,11,69",0.0579533150133076,FALSE,1,5,7,1,6,0.142857142857143,0.545454545454545
"S.A",80,40,0.33,"FALSE","FALSE","FALSE","6.95539686331653","4.92699116250098","2.02840570081555","0.469","0.029","0.018","2,4,6,9,10,39",0.0953002972237224,FALSE,1,6,6,1,5,0.166666666666667,0.454545454545455
"S.A",81,40,0.33,"FALSE","FALSE","FALSE","6.12236522989729","4.768896174923","1.35346905497429","0.308","0.029","0.019","1,5,6,8,10,14",0.0634599132010369,FALSE,1,6,6,1,5,0.166666666666667,0.454545454545455
"S.A",82,40,0.33,"FALSE","FALSE","FALSE","5.92171024003803","5.23807279115749","0.683637448880537","0.402","0.029","0.019","2,4,5,6,8",0.0801556712010855,FALSE,0,6,5,0,5,0,0.454545454545455
"S.A",83,40,0.33,"FALSE","FALSE","FALSE","4.70239778842894","3.234367823368","1.46802996506094","0.412","0.03","0.019","4,5,6,12",0.11889222795423,FALSE,1,8,4,1,3,0.25,0.272727272727273
"S.A",84,40,0.33,"FALSE","FALSE","FALSE","5.16152213858262","4.09172862298364","1.06979351559898","0.34","0.03","0.02","2,4,5,6,8",0.0849058325516503,FALSE,0,6,5,0,5,0,0.454545454545455
"S.A",85,40,0.33,"FALSE","FALSE","FALSE","6.39106109163","3.66251967985271","2.72854141177729","0.383","0.03","0.019","6,10,14,30,35,36,51,56",0.209057883782161,FALSE,6,9,8,6,2,0.75,0.181818181818182
"S.A",86,40,0.33,"FALSE","FALSE","FALSE","6.33061359385261","4.98955247678211","1.3410611170705","0.316","0.033","0.021","2,4,6,9,11",0.0864429783105274,FALSE,0,6,5,0,5,0,0.454545454545455
"S.A",87,40,0.33,"FALSE","FALSE","FALSE","6.08100547555106","5.03693077205967","1.04407470349139","0.437","0.031","0.021","1,2,4,5,6,8,10",0.0285356472672832,FALSE,0,4,7,0,7,0,0.636363636363636
"S.A",88,40,0.33,"FALSE","FALSE","FALSE","5.90044763117223","2.93105067837834","2.96939695279388","0.479","0.031","0.022","4,6,9,11,27",0.112082775725658,FALSE,1,7,5,1,4,0.2,0.363636363636364
"S.A",89,40,0.33,"FALSE","FALSE","FALSE","6.37375216681416","5.81098812971667","0.562764037097485","0.288","0.031","0.019","1,2,5,6,10,11",0.0386478351642784,FALSE,0,5,6,0,6,0,0.545454545454545
"S.A",9,40,0.33,"FALSE","FALSE","FALSE","5.86717441423307","3.88891199729983","1.97826241693324","0.443","0.031","0.021","4,5,6,8,49",0.0853280537499684,FALSE,1,7,5,1,4,0.2,0.363636363636364
"S.A",90,40,0.33,"FALSE","FALSE","FALSE","4.79107084117958","1.50207188245152","3.28899895872806","0.404","0.032","0.016","7,12,22,36,64",0.212585203430508,FALSE,4,10,5,4,1,0.8,0.0909090909090909
"S.A",91,40,0.33,"FALSE","FALSE","FALSE","40","13","27","0.153","0.031","0.022","1,2,3,5,6,7,9,10,11,13,14,15,16,17,18,20,21,22,24,26,28,32,33,36,38,40,41,43,47,53,54,55,58,59,61,62,66,69,70",0.0597973329961716,FALSE,30,2,39,30,9,0.769230769230769,0.818181818181818
"S.A",92,40,0.33,"FALSE","FALSE","FALSE","5.19093196508904","2.36554126654054","2.8253906985485","0.413","0.032","0.021","1,10,11,54",0.144939801488863,FALSE,1,8,4,1,3,0.25,0.272727272727273
"S.A",93,40,0.33,"FALSE","FALSE","FALSE","7.06288911977387","2.85907851124437","4.20381060852951","0.513","0.03","0.02","5,6,10,14,49,58,59",0.123304322023611,FALSE,4,8,7,4,3,0.571428571428571,0.272727272727273
"S.A",94,40,0.33,"FALSE","FALSE","FALSE","6.37846884364865","2.34528082042821","4.03318802322043","0.311","0.03","0.02","1,10,14,36,54",0.177473167193897,FALSE,3,9,5,3,2,0.6,0.181818181818182
"S.A",95,40,0.33,"FALSE","FALSE","FALSE","5.38254276460404","4.64262596693296","0.739916797671077","0.364","0.029","0.018","1,3,5,6,10,11",0.0356538239283045,FALSE,0,5,6,0,6,0,0.545454545454545
"S.A",96,40,0.33,"FALSE","FALSE","FALSE","5.31405645866019","2.39422530837333","2.91983115028686","0.553","0.031","0.02","4,5,6,12",0.112844678743838,FALSE,1,8,4,1,3,0.25,0.272727272727273
"S.A",97,40,0.33,"FALSE","FALSE","FALSE","7.60328465511745","5.12246446582539","2.48082018929206","0.408","0.031","0.02","1,3,5,6,10,26,52",0.0727457816141778,FALSE,2,6,7,2,5,0.285714285714286,0.454545454545455
"S.A",98,40,0.33,"FALSE","FALSE","FALSE","4.93031328654972","2.58191688275525","2.34839640379447","0.43","0.031","0.015","7,9,12,22",0.241231988622637,FALSE,2,9,4,2,2,0.5,0.181818181818182
"S.A",99,40,0.33,"FALSE","FALSE","FALSE","6.32812807000248","4.97835701484837","1.34977105515411","0.33","0.028","0.017","2,5,7,8,10,23",0.131697551298119,FALSE,1,6,6,1,5,0.166666666666667,0.454545454545455
"S.A.b",1,40,0.33,"FALSE","FALSE","FALSE","7.25162196299473","5.03752986411447","2.21409209888027","0.519","0.035","0.021","1,2,3,4,6,7,9,10,11",0.0268365167996289,FALSE,0,2,9,0,9,0,0.818181818181818
"S.A.b",10,40,0.33,"FALSE","FALSE","FALSE","6.01773480908255","4.22049286267569","1.79724194640686","0.449","0.033","0.022","4,6,7,9,11,54,64",0.0932789826496486,FALSE,2,6,7,2,5,0.285714285714286,0.454545454545455
"S.A.b",100,40,0.33,"FALSE","FALSE","FALSE","4.98209580472968","2.85812651615334","2.12396928857634","0.45","0.03","0.019","1,5,6,8,10,14",0.0727197519223678,FALSE,1,6,6,1,5,0.166666666666667,0.454545454545455
"S.A.b",11,40,0.33,"FALSE","FALSE","FALSE","4.7139383732594","2.62904046637036","2.08489790688904","0.532","0.032","0.019","3,7,9,11,22",0.126579280887665,FALSE,1,7,5,1,4,0.2,0.363636363636364
"S.A.b",12,40,0.33,"FALSE","FALSE","FALSE","5.66740058572008","4.27767146425734","1.38972912146274","0.341","0.03","0.02","1,5,6,10,14,31",0.0798764168255917,FALSE,2,7,6,2,4,0.333333333333333,0.363636363636364
"S.A.b",13,40,0.33,"FALSE","FALSE","FALSE","6.69275741155513","3.73845673533345","2.95430067622168","0.394","0.032","0.021","1,3,5,6,8,10,14,23,56,67",0.106215011162184,FALSE,4,5,10,4,6,0.4,0.545454545454545
"S.A.b",14,40,0.33,"FALSE","FALSE","FALSE","6.3144404234883","4.25532181653722","2.05911860695108","0.374","0.029","0.02","1,3,4,5,6,8,10",0.0285850337752979,FALSE,0,4,7,0,7,0,0.636363636363636
"S.A.b",15,40,0.33,"FALSE","FALSE","FALSE","5.51132591035161","3.59498412461384","1.91634178573777","0.386","0.031","0.02","1,5,6,8,10,14",0.069671823863665,FALSE,1,6,6,1,5,0.166666666666667,0.454545454545455
"S.A.b",16,40,0.33,"FALSE","FALSE","FALSE","5.65077188180289","2.59194306606645","3.05882881573644","0.522","0.03","0.021","2,3,5,7,9,11,23",0.123162457337467,FALSE,1,5,7,1,6,0.142857142857143,0.545454545454545
"S.A.b",17,40,0.33,"FALSE","FALSE","FALSE","6.84576270094523","4.30365540404873","2.5421072968965","0.394","0.031","0.017","1,3,4,5,6,9,10,11,13,15,31,59,66",0.0551544916516664,FALSE,5,3,13,5,8,0.384615384615385,0.727272727272727
"S.A.b",18,40,0.33,"FALSE","FALSE","FALSE","4.75189069517799","2.54554322149957","2.20634747367842","0.449","0.031","0.015","1,7,11,18,20,22",0.152165714272919,FALSE,3,8,6,3,3,0.5,0.272727272727273
"S.A.b",19,40,0.33,"FALSE","FALSE","FALSE","5.70438079184987","2.32012610045013","3.38425469139974","0.608","0.03","0.021","1,3,5,6,10,11",0.0349995841316885,FALSE,0,5,6,0,6,0,0.545454545454545
"S.A.b",2,40,0.33,"FALSE","FALSE","FALSE","6.45944125679855","4.18916419958304","2.27027705721551","0.264","0.03","0.02","1,5,6,8,10,14",0.075494138063608,FALSE,1,6,6,1,5,0.166666666666667,0.454545454545455
"S.A.b",20,40,0.33,"FALSE","FALSE","FALSE","5.61639616577908","1.91006727662372","3.70632888915536","0.507","0.03","0.017","7,10,14,22,31,36,43",0.141291112599561,FALSE,5,9,7,5,2,0.714285714285714,0.181818181818182
"S.A.b",21,40,0.33,"FALSE","FALSE","FALSE","6.93053476758112","5.14969401796313","1.78084074961798","0.455","0.032","0.021","1,2,3,4,5,6,9,10,11",0.0073948488228891,FALSE,0,2,9,0,9,0,0.818181818181818
"S.A.b",22,40,0.33,"FALSE","FALSE","FALSE","6.99316574634321","2.30371050285948","4.68945524348373","0.361","0.029","0.02","1,3,5,6,10,11,14,17",0.0470936323461398,FALSE,2,5,8,2,6,0.25,0.545454545454545
"S.A.b",23,40,0.33,"FALSE","FALSE","FALSE","5.69093911109185","3.59343369011629","2.09750542097556","0.419","0.029","0.019","3,5,6,10,11,42",0.0537394018563317,FALSE,1,6,6,1,5,0.166666666666667,0.454545454545455
"S.A.b",24,40,0.33,"FALSE","FALSE","FALSE","4.84709904583536","4.1724123882545","0.674686657580858","0.329","0.029","0.018","1,3,5,6,8,10",0.0507557316928116,FALSE,0,5,6,0,6,0,0.545454545454545
"S.A.b",25,40,0.33,"FALSE","FALSE","FALSE","4.94684457170804","2.60865309669686","2.33819147501118","0.428","0.03","0.018","1,2,3,5,6,10,11,59",0.0281845186564628,FALSE,1,4,8,1,7,0.125,0.636363636363636
"S.A.b",26,40,0.33,"FALSE","FALSE","FALSE","5.37329677354441","2.49660360174569","2.87669317179873","0.526","0.031","0.019","1,2,3,4,5,6,8,10",0.0202320816234737,FALSE,0,3,8,0,8,0,0.727272727272727
"S.A.b",27,40,0.33,"FALSE","FALSE","FALSE","5.2943940903378","4.10538765975585","1.18900643058196","0.42","0.029","0.02","3,4,6,7,9,11",0.0762782313648252,FALSE,0,5,6,0,6,0,0.545454545454545
"S.A.b",28,40,0.33,"FALSE","FALSE","FALSE","4.82452850526262","2.28668632407933","2.53784218118329","0.588","0.033","0.021","2,4,5,6,8,29",0.0787280146560428,FALSE,1,6,6,1,5,0.166666666666667,0.454545454545455
"S.A.b",29,40,0.33,"FALSE","FALSE","FALSE","5.74876710579874","2.625235077774","3.12353202802474","0.541","0.03","0.019","2,4,5,6,8,10",0.052052486988095,FALSE,0,5,6,0,6,0,0.545454545454545
"S.A.b",3,40,0.33,"FALSE","FALSE","FALSE","6.44748251127518","3.10844764726349","3.33903486401169","0.236","0.029","0.02","4,5,6,9,12,49",0.0960442890524402,FALSE,2,7,6,2,4,0.333333333333333,0.363636363636364
"S.A.b",30,40,0.33,"FALSE","FALSE","FALSE","5.96450193889206","3.10444826353347","2.86005367535858","0.512","0.029","0.021","1,2,3,5,6,10,11",0.0279386067097926,FALSE,0,4,7,0,7,0,0.636363636363636
"S.A.b",31,40,0.33,"FALSE","FALSE","FALSE","5.30553959417819","3.34934935856974","1.95619023560845","0.493","0.029","0.022","1,3,5,6,10,11",0.0357938972466866,FALSE,0,5,6,0,6,0,0.545454545454545
"S.A.b",32,40,0.33,"FALSE","FALSE","FALSE","5.54708800923319","1.25366410313717","4.29342390609602","0.42","0.03","0.018","4,6,7,9,11,18,27",0.0958855561315092,FALSE,2,6,7,2,5,0.285714285714286,0.454545454545455
"S.A.b",33,40,0.33,"FALSE","FALSE","FALSE","5.37533115637303","2.87927416563382","2.49605699073921","0.455","0.03","0.021","1,2,4,5,6,10,11",0.0215362699736873,FALSE,0,4,7,0,7,0,0.636363636363636
"S.A.b",34,40,0.33,"FALSE","FALSE","FALSE","4.75365033771193","2.48940738336784","2.26424295434409","0.419","0.03","0.017","1,2,3,5,6,10,11",0.0301788046572473,FALSE,0,4,7,0,7,0,0.636363636363636
"S.A.b",35,40,0.33,"FALSE","FALSE","FALSE","5.37584472363585","4.53726582163502","0.838578902000826","0.36","0.031","0.021","4,5,6,8,10",0.0625498864733303,FALSE,0,6,5,0,5,0,0.454545454545455
"S.A.b",36,40,0.33,"FALSE","FALSE","FALSE","9.58826686654251","5.34390123123198","4.24436563531053","0.534","0.031","0.022","1,2,3,6,7,10,11,14,18,36,37,44,51",0.0659509150489015,FALSE,6,4,13,6,7,0.461538461538462,0.636363636363636
"S.A.b",37,40,0.33,"FALSE","FALSE","FALSE","6.6910521463232","6.2646045653336","0.426447580989606","0.256","0.028","0.02","1,2,3,5,6,10,11",0.0323905199018811,FALSE,0,4,7,0,7,0,0.636363636363636
"S.A.b",38,40,0.33,"FALSE","FALSE","FALSE","5.48688386825541","3.73517953351371","1.7517043347417","0.378","0.03","0.021","5,6,8,14,49",0.119653466633364,FALSE,2,8,5,2,3,0.4,0.272727272727273
"S.A.b",39,40,0.33,"FALSE","FALSE","FALSE","5.14047259986232","3.81391844273146","1.32655415713086","0.413","0.028","0.019","3,4,5,6,7,8,10,11",0.0233781815373972,FALSE,0,3,8,0,8,0,0.727272727272727
"S.A.b",4,40,0.33,"FALSE","FALSE","FALSE","4.92209922723936","4.22293781640872","0.699161410830636","0.398","0.029","0.019","3,5,6,7,8,10",0.0567946828341004,FALSE,0,5,6,0,6,0,0.545454545454545
"S.A.b",40,40,0.33,"FALSE","FALSE","FALSE","5.54104992906619","2.43075526881041","3.11029466025578","0.645","0.032","0.016","1,3,11,15,17,22,25,37,62",0.176345695358795,FALSE,6,8,9,6,3,0.666666666666667,0.272727272727273
"S.A.b",41,40,0.33,"FALSE","FALSE","FALSE","6.20608469025605","3.05297917800168","3.15310551225437","0.402","0.03","0.018","1,2,3,4,5,6,10,11",0.0114485284535256,FALSE,0,3,8,0,8,0,0.727272727272727
"S.A.b",42,40,0.33,"FALSE","FALSE","FALSE","5.00457674895298","3.59174179425499","1.41283495469799","0.357","0.028","0.017","1,4,5,6,8,10",0.0371570727874749,FALSE,0,5,6,0,6,0,0.545454545454545
"S.A.b",43,40,0.33,"FALSE","FALSE","FALSE","5.47015113422451","1.75684079490133","3.71331033932317","0.342","0.03","0.02","1,2,4,5,6,8,10",0.0348433301242321,FALSE,0,4,7,0,7,0,0.636363636363636
"S.A.b",44,40,0.33,"FALSE","FALSE","FALSE","6.16754766971906","4.9600518919154","1.20749577780366","0.401","0.029","0.019","1,3,4,5,6,7,10,11",0.0195193728897177,FALSE,0,3,8,0,8,0,0.727272727272727
"S.A.b",45,40,0.33,"FALSE","FALSE","FALSE","4.94676458843763","3.51957175711931","1.42719283131832","0.422","0.031","0.02","4,5,6,8",0.0961890207877775,FALSE,0,7,4,0,4,0,0.363636363636364
"S.A.b",46,40,0.33,"FALSE","FALSE","FALSE","6.87462305936273","0.611371592696401","6.26325146666633","0.45","0.03","0.023","1,10,14,31,36,38,40,46",0.170812077514194,FALSE,6,9,8,6,2,0.75,0.181818181818182
"S.A.b",47,40,0.33,"FALSE","FALSE","FALSE","5.37807943288491","3.47864924516567","1.89943018771924","0.465","0.03","0.02","1,2,5,6,8,10,11",0.0286372579810447,FALSE,0,4,7,0,7,0,0.636363636363636
"S.A.b",48,40,0.33,"FALSE","FALSE","FALSE","4.85225067611101","2.50806324584734","2.34418743026368","0.522","0.031","0.021","1,3,5,10,11",0.0697124575197512,FALSE,0,6,5,0,5,0,0.454545454545455
"S.A.b",49,40,0.33,"FALSE","FALSE","FALSE","8.3059493177318","4.76568602655474","3.54026329117706","0.332","0.028","0.021","1,3,5,6,8,10,14,16,24,65",0.0714304654495739,FALSE,4,5,10,4,6,0.4,0.545454545454545
"S.A.b",5,40,0.33,"FALSE","FALSE","FALSE","5.89121031230702","3.62165636848815","2.26955394381887","0.461","0.032","0.02","1,3,5,8,10,60,66",0.0768277313153457,FALSE,2,6,7,2,5,0.285714285714286,0.454545454545455
"S.A.b",50,40,0.33,"FALSE","FALSE","FALSE","5.73999204887069","3.86895428519688","1.87103776367381","0.379","0.029","0.018","1,3,4,5,6,8,10",0.0380492713443412,FALSE,0,4,7,0,7,0,0.636363636363636
"S.A.b",51,40,0.33,"FALSE","FALSE","FALSE","8.29083931359851","2.18480745900165","6.10603185459685","0.442","0.031","0.019","6,10,14,18,19,25,46,49,52,53,59",0.161902810270807,FALSE,9,9,11,9,2,0.818181818181818,0.181818181818182
"S.A.b",52,40,0.33,"FALSE","FALSE","FALSE","5.51429994117416","3.49036114422057","2.0239387969536","0.513","0.033","0.023","1,3,5,6,8,10,14",0.0570480500642947,FALSE,1,5,7,1,6,0.142857142857143,0.545454545454545
"S.A.b",53,40,0.33,"FALSE","FALSE","FALSE","6.25295022743069","4.32155797560493","1.93139225182577","0.389","0.03","0.021","2,4,6,9,11,27",0.0952102934189883,FALSE,1,6,6,1,5,0.166666666666667,0.454545454545455
"S.A.b",54,40,0.33,"FALSE","FALSE","FALSE","5.95001989069816","4.53190123421617","1.41811865648199","0.395","0.029","0.022","1,3,5,10,17,35",0.0921963047242781,FALSE,2,7,6,2,4,0.333333333333333,0.363636363636364
"S.A.b",55,40,0.33,"FALSE","FALSE","FALSE","6.91900508004952","6.18953399220733","0.729471087842183","0.342","0.029","0.019","1,2,3,5,6,8,10",0.0330563394094085,FALSE,0,4,7,0,7,0,0.636363636363636
"S.A.b",56,40,0.33,"FALSE","FALSE","FALSE","4.9552833212846","2.2811214929053","2.6741618283793","0.342","0.031","0.019","1,3,5,10,11,15,39,40",0.113019074535374,FALSE,3,6,8,3,5,0.375,0.454545454545455
"S.A.b",57,40,0.33,"FALSE","FALSE","FALSE","4.84769602848083","3.45499477589197","1.39270125258887","0.444","0.031","0.021","1,4,5,6,8",0.0732950544659474,FALSE,0,6,5,0,5,0,0.454545454545455
"S.A.b",58,40,0.33,"FALSE","FALSE","FALSE","5.2608787251336","2.93361237267328","2.32726635246032","0.458","0.031","0.021","1,2,3,5,6,10,11",0.0306911437288799,FALSE,0,4,7,0,7,0,0.636363636363636
"S.A.b",59,40,0.33,"FALSE","FALSE","FALSE","5.16042288474688","3.89519325303311","1.26522963171377","0.419","0.031","0.02","1,3,5,10,11",0.0729480838462581,FALSE,0,6,5,0,5,0,0.454545454545455
"S.A.b",6,40,0.33,"FALSE","FALSE","FALSE","5.65429835704365","2.70118626473431","2.95311209230934","0.423","0.031","0.019","2,4,5,6,8,10",0.0486666173800656,FALSE,0,5,6,0,6,0,0.545454545454545
"S.A.b",60,40,0.33,"FALSE","FALSE","FALSE","7.1806563781495","4.88817142071786","2.29248495743164","0.303","0.029","0.021","1,3,5,6,10,14,36",0.066476965050411,FALSE,2,6,7,2,5,0.285714285714286,0.454545454545455
"S.A.b",61,40,0.33,"FALSE","FALSE","FALSE","5.10667930378042","3.80028241055746","1.30639689322296","0.355","0.029","0.017","1,3,5,6,8,10",0.0400766895626889,FALSE,0,5,6,0,6,0,0.545454545454545
"S.A.b",62,40,0.33,"FALSE","FALSE","FALSE","5.52812257389025","4.69413019383226","0.833992380057989","0.365","0.029","0.02","2,3,4,5,6,10",0.03537509376278,FALSE,0,5,6,0,6,0,0.545454545454545
"S.A.b",63,40,0.33,"FALSE","FALSE","FALSE","5.54230689148889","2.12421627427546","3.41809061721344","0.434","0.029","0.019","1,2,3,5,6,8,10,14",0.050458991857411,FALSE,1,4,8,1,7,0.125,0.636363636363636
"S.A.b",64,40,0.33,"FALSE","FALSE","FALSE","30.7407114258604","7.67544658360849","23.0652648422519","0.322","0.03","0.021","1,2,3,4,6,9,10,11,12,16,23,24,25,27,28,32,34,41,42,45,47,48,51,52,54,57,58,60,61,68,70,71",0.0879659539059896,FALSE,24,3,32,24,8,0.75,0.727272727272727
"S.A.b",65,40,0.33,"FALSE","FALSE","FALSE","6.1229163319671","4.85424024221493","1.26867608975217","0.476","0.033","0.023","2,3,4,6,7,9,10,11",0.0402876497747619,FALSE,0,3,8,0,8,0,0.727272727272727
"S.A.b",66,40,0.33,"FALSE","FALSE","FALSE","5.81299921776197","3.08612328577759","2.72687593198438","0.58","0.03","0.023","1,2,3,5,6,9,10,11,47",0.0253457618752253,FALSE,1,3,9,1,8,0.111111111111111,0.727272727272727
"S.A.b",67,40,0.33,"FALSE","FALSE","FALSE","5.47299779405995","2.89909154481328","2.57390624924667","0.537","0.03","0.017","4,5,6,10,33,52,53",0.0920096228013737,FALSE,3,7,7,3,4,0.428571428571429,0.363636363636364
"S.A.b",68,40,0.33,"FALSE","FALSE","FALSE","5.76775959345504","3.44850217596154","2.3192574174935","0.452","0.03","0.021","1,3,5,6,8,10,14",0.0460612378603446,FALSE,1,5,7,1,6,0.142857142857143,0.545454545454545
"S.A.b",69,40,0.33,"FALSE","FALSE","FALSE","6.55379548510634","2.51241726992558","4.04137821518076","0.596","0.031","0.019","1,3,5,6,10,11,29",0.0450382798719744,FALSE,1,5,7,1,6,0.142857142857143,0.545454545454545
"S.A.b",7,40,0.33,"FALSE","FALSE","FALSE","5.84104468841461","4.44018411426538","1.40086057414924","0.424","0.029","0.021","3,5,6,7,8,10,11,60",0.0478895536600273,FALSE,1,4,8,1,7,0.125,0.636363636363636
"S.A.b",70,40,0.33,"FALSE","FALSE","FALSE","5.7596636612697","2.96758777494362","2.79207588632607","0.454","0.032","0.021","2,4,7,9,11,23",0.123280921048404,FALSE,1,6,6,1,5,0.166666666666667,0.454545454545455
"S.A.b",71,40,0.33,"FALSE","FALSE","FALSE","6.29905103437156","3.3567849857027","2.94226604866886","0.379","0.029","0.02","3,4,6,7,9,10,11",0.0538001149173647,FALSE,0,4,7,0,7,0,0.636363636363636
"S.A.b",72,40,0.33,"FALSE","FALSE","FALSE","5.68396658700539","2.78988776951012","2.89407881749527","0.635","0.03","0.021","1,3,5,6,8,10,26",0.0455784828610937,FALSE,1,5,7,1,6,0.142857142857143,0.545454545454545
"S.A.b",73,40,0.33,"FALSE","FALSE","FALSE","5.89613433281207","4.50705015227497","1.38908418053709","0.522","0.029","0.018","1,2,3,4,5,6,10,11",0.0127279202432404,FALSE,0,3,8,0,8,0,0.727272727272727
"S.A.b",74,40,0.33,"FALSE","FALSE","FALSE","11.7370447866388","5.4261396493816","6.31090513725723","0.474","0.029","0.02","3,4,5,6,7,8,19,20,50,51,59,60,61,67",0.126465138104677,FALSE,8,5,14,8,6,0.571428571428571,0.545454545454545
"S.A.b",75,40,0.33,"FALSE","FALSE","FALSE","5.59225932865613","2.82632025781825","2.76593907083788","0.326","0.029","0.018","1,2,3,5,6,10,11",0.0281741319788866,FALSE,0,4,7,0,7,0,0.636363636363636
"S.A.b",76,40,0.33,"FALSE","FALSE","FALSE","4.75679212714426","3.31296792705544","1.44382420008882","0.221","0.031","0.019","4,5,6,7,8",0.0825656382235016,FALSE,0,6,5,0,5,0,0.454545454545455
"S.A.b",77,40,0.33,"FALSE","FALSE","FALSE","5.74407982148535","1.67009853110695","4.0739812903784","0.29","0.029","0.016","10,21,22,52,59,70",0.211461699958214,FALSE,5,10,6,5,1,0.833333333333333,0.0909090909090909
"S.A.b",78,40,0.33,"FALSE","FALSE","FALSE","6.89332371090824","5.11714713045397","1.77617658045428","0.354","0.029","0.019","1,2,3,5,6,8,10,11,49",0.0300004646248,FALSE,1,3,9,1,8,0.111111111111111,0.727272727272727
"S.A.b",79,40,0.33,"FALSE","FALSE","FALSE","4.95468090980239","2.87067851243445","2.08400239736794","0.413","0.03","0.02","4,6,7,9,11,13",0.0935771510519291,FALSE,1,6,6,1,5,0.166666666666667,0.454545454545455
"S.A.b",8,40,0.33,"FALSE","FALSE","FALSE","6.60782019830114","4.71954264610455","1.88827755219659","0.476","0.03","0.024","1,2,4,6,10,11,69",0.0579533150133076,FALSE,1,5,7,1,6,0.142857142857143,0.545454545454545
"S.A.b",80,40,0.33,"FALSE","FALSE","FALSE","6.95539686331653","4.92699116250098","2.02840570081555","0.469","0.029","0.018","2,4,6,7,9,10,11,39",0.0637129724691433,FALSE,1,4,8,1,7,0.125,0.636363636363636
"S.A.b",81,40,0.33,"FALSE","FALSE","FALSE","6.12236522989729","4.768896174923","1.35346905497429","0.308","0.029","0.019","1,5,6,8,10,14",0.0634599132010369,FALSE,1,6,6,1,5,0.166666666666667,0.454545454545455
"S.A.b",82,40,0.33,"FALSE","FALSE","FALSE","5.92171024003803","5.23807279115749","0.683637448880537","0.402","0.029","0.019","2,3,4,5,6,8,10",0.0355611543160036,FALSE,0,4,7,0,7,0,0.636363636363636
"S.A.b",83,40,0.33,"FALSE","FALSE","FALSE","4.70239778842894","3.234367823368","1.46802996506094","0.412","0.03","0.019","2,4,6,9,11",0.0828197517014608,FALSE,0,6,5,0,5,0,0.454545454545455
"S.A.b",84,40,0.33,"FALSE","FALSE","FALSE","5.16152213858262","4.09172862298364","1.06979351559898","0.34","0.03","0.02","2,4,5,6,8",0.0849058325516503,FALSE,0,6,5,0,5,0,0.454545454545455
"S.A.b",85,40,0.33,"FALSE","FALSE","FALSE","6.39106109163","3.66251967985271","2.72854141177729","0.383","0.03","0.019","1,3,5,6,8,10,14,36",0.0635670950101857,FALSE,2,5,8,2,6,0.25,0.545454545454545
"S.A.b",86,40,0.33,"FALSE","FALSE","FALSE","6.33061359385261","4.98955247678211","1.3410611170705","0.316","0.033","0.021","1,2,4,6,9,11",0.0665371662253297,FALSE,0,5,6,0,6,0,0.545454545454545
"S.A.b",87,40,0.33,"FALSE","FALSE","FALSE","6.08100547555106","5.03693077205967","1.04407470349139","0.437","0.031","0.021","1,2,4,5,6,8,10",0.0285356472672832,FALSE,0,4,7,0,7,0,0.636363636363636
"S.A.b",88,40,0.33,"FALSE","FALSE","FALSE","5.90044763117223","2.93105067837834","2.96939695279388","0.479","0.031","0.022","2,3,4,5,6,9,11",0.0360655763892215,FALSE,0,4,7,0,7,0,0.636363636363636
"S.A.b",89,40,0.33,"FALSE","FALSE","FALSE","6.37375216681416","5.81098812971667","0.562764037097485","0.288","0.031","0.019","1,2,4,5,6,10,11",0.0217549956027031,FALSE,0,4,7,0,7,0,0.636363636363636
"S.A.b",9,40,0.33,"FALSE","FALSE","FALSE","5.86717441423307","3.88891199729983","1.97826241693324","0.443","0.031","0.021","1,2,4,5,6,8",0.0531733740310098,FALSE,0,5,6,0,6,0,0.545454545454545
"S.A.b",90,40,0.33,"FALSE","FALSE","FALSE","4.79107084117958","1.50207188245152","3.28899895872806","0.404","0.032","0.016","1,2,5,6,8,10",0.0466307918242415,FALSE,0,5,6,0,6,0,0.545454545454545
"S.A.b",91,40,0.33,"FALSE","FALSE","FALSE","40","13","27","0.153","0.031","0.022","1,2,3,5,6,7,9,10,11,13,14,15,16,17,18,20,21,22,24,26,28,32,33,36,38,40,41,43,47,53,54,55,58,59,61,62,66,69,70",0.0597973329961716,FALSE,30,2,39,30,9,0.769230769230769,0.818181818181818
"S.A.b",92,40,0.33,"FALSE","FALSE","FALSE","5.19093196508904","2.36554126654054","2.8253906985485","0.413","0.032","0.021","1,6,9,10,11,32,33,46,54,66,67",0.146943784222739,FALSE,6,6,11,6,5,0.545454545454545,0.454545454545455
"S.A.b",93,40,0.33,"FALSE","FALSE","FALSE","7.06288911977387","2.85907851124437","4.20381060852951","0.513","0.03","0.02","1,6,10,11,14,18,36,40,49",0.112284150812615,FALSE,5,7,9,5,4,0.555555555555556,0.363636363636364
"S.A.b",94,40,0.33,"FALSE","FALSE","FALSE","6.37846884364865","2.34528082042821","4.03318802322043","0.311","0.03","0.02","1,5,6,10,14,36,54",0.113861645090322,FALSE,3,7,7,3,4,0.428571428571429,0.363636363636364
"S.A.b",95,40,0.33,"FALSE","FALSE","FALSE","5.38254276460404","4.64262596693296","0.739916797671077","0.364","0.029","0.018","1,3,5,6,10,11",0.0356538239283045,FALSE,0,5,6,0,6,0,0.545454545454545
"S.A.b",96,40,0.33,"FALSE","FALSE","FALSE","5.31405645866019","2.39422530837333","2.91983115028686","0.553","0.031","0.02","1,2,4,6,10,11,69",0.0455169865946367,FALSE,1,5,7,1,6,0.142857142857143,0.545454545454545
"S.A.b",97,40,0.33,"FALSE","FALSE","FALSE","7.60328465511745","5.12246446582539","2.48082018929206","0.408","0.031","0.02","1,3,5,6,8,10,21,28,52",0.0717279889595912,FALSE,3,5,9,3,6,0.333333333333333,0.545454545454545
"S.A.b",98,40,0.33,"FALSE","FALSE","FALSE","4.93031328654972","2.58191688275525","2.34839640379447","0.43","0.031","0.015","4,7,9,12,22,64",0.170971476686886,FALSE,3,8,6,3,3,0.5,0.272727272727273
"S.A.b",99,40,0.33,"FALSE","FALSE","FALSE","6.32812807000248","4.97835701484837","1.34977105515411","0.33","0.028","0.017","1,2,4,5,6,8,10",0.0373167928923978,FALSE,0,4,7,0,7,0,0.636363636363636
"S.EB",1,40,0.33,"FALSE","FALSE","FALSE","7.25162196299473","5.03752986411447","2.21409209888027","0.519","0.035","0.021","1,2,3,4,9,10,11,15,28,34,49,53,67,70",0.0891696778137058,FALSE,7,4,14,7,7,0.5,0.636363636363636
"S.EB",10,40,0.33,"FALSE","FALSE","FALSE","6.01773480908255","4.22049286267569","1.79724194640686","0.449","0.033","0.022","4,6,7,9,11,54,64",0.0932789826496486,FALSE,2,6,7,2,5,0.285714285714286,0.454545454545455
"S.EB",100,40,0.33,"FALSE","FALSE","FALSE","4.98209580472968","2.85812651615334","2.12396928857634","0.45","0.03","0.019","1,5,6,8,10,14,32",0.0731362146201433,FALSE,2,6,7,2,5,0.285714285714286,0.454545454545455
"S.EB",11,40,0.33,"FALSE","FALSE","FALSE","4.7139383732594","2.62904046637036","2.08489790688904","0.532","0.032","0.019","7,9,11,23,54",0.191447925855379,FALSE,2,8,5,2,3,0.4,0.272727272727273
"S.EB",12,40,0.33,"FALSE","FALSE","FALSE","5.66740058572008","4.27767146425734","1.38972912146274","0.341","0.03","0.02","1,2,5,6,10,11,14,51,60,62",0.0537099515227754,FALSE,4,5,10,4,6,0.4,0.545454545454545
"S.EB",13,40,0.33,"FALSE","FALSE","FALSE","6.69275741155513","3.73845673533345","2.95430067622168","0.394","0.032","0.021","1,3,5,6,8,10,14,23,56,67",0.106215011162184,FALSE,4,5,10,4,6,0.4,0.545454545454545
"S.EB",14,40,0.33,"FALSE","FALSE","FALSE","6.3144404234883","4.25532181653722","2.05911860695108","0.374","0.029","0.02","1,3,4,5,6,7,8,10,70",0.0265730998217876,FALSE,1,3,9,1,8,0.111111111111111,0.727272727272727
"S.EB",15,40,0.33,"FALSE","FALSE","FALSE","5.51132591035161","3.59498412461384","1.91634178573777","0.386","0.031","0.02","1,5,6,8,10,14",0.069671823863665,FALSE,1,6,6,1,5,0.166666666666667,0.454545454545455
"S.EB",16,40,0.33,"FALSE","FALSE","FALSE","5.65077188180289","2.59194306606645","3.05882881573644","0.522","0.03","0.021","2,7,9,11,23,54,57",0.161583159147335,FALSE,3,7,7,3,4,0.428571428571429,0.363636363636364
"S.EB",17,40,0.33,"FALSE","FALSE","FALSE","6.84576270094523","4.30365540404873","2.5421072968965","0.394","0.031","0.017","1,3,4,5,6,9,10,11,13,15,31,59,66",0.0551544916516664,FALSE,5,3,13,5,8,0.384615384615385,0.727272727272727
"S.EB",18,40,0.33,"FALSE","FALSE","FALSE","4.75189069517799","2.54554322149957","2.20634747367842","0.449","0.031","0.015","1,4,7,11,18,20,40,51,59",0.144123916075995,FALSE,5,7,9,5,4,0.555555555555556,0.363636363636364
"S.EB",19,40,0.33,"FALSE","FALSE","FALSE","5.70438079184987","2.32012610045013","3.38425469139974","0.608","0.03","0.021","1,5,6,8,10,14,30,36,63,66",0.0916303599826034,FALSE,5,6,10,5,5,0.5,0.454545454545455
"S.EB",2,40,0.33,"FALSE","FALSE","FALSE","6.45944125679855","4.18916419958304","2.27027705721551","0.264","0.03","0.02","1,4,5,6,7,8,10,14,23,25,32,34,45",0.119526129892411,FALSE,6,4,13,6,7,0.461538461538462,0.636363636363636
"S.EB",20,40,0.33,"FALSE","FALSE","FALSE","5.61639616577908","1.91006727662372","3.70632888915536","0.507","0.03","0.017","3,7,10,14,22,31,36,43,70",0.134404176591996,FALSE,6,8,9,6,3,0.666666666666667,0.272727272727273
"S.EB",21,40,0.33,"FALSE","FALSE","FALSE","6.93053476758112","5.14969401796313","1.78084074961798","0.455","0.032","0.021","1,4,6,7,9,10,11,25,35,51,54,70",0.109430583115067,FALSE,5,4,12,5,7,0.416666666666667,0.636363636363636
"S.EB",22,40,0.33,"FALSE","FALSE","FALSE","6.99316574634321","2.30371050285948","4.68945524348373","0.361","0.029","0.02","5,6,9,10,14,16,30,36,58",0.11889278287251,FALSE,5,7,9,5,4,0.555555555555556,0.363636363636364
"S.EB",23,40,0.33,"FALSE","FALSE","FALSE","5.69093911109185","3.59343369011629","2.09750542097556","0.419","0.029","0.019","3,5,6,8,10,37,41,46,52,57",0.0911535916577616,FALSE,5,6,10,5,5,0.5,0.454545454545455
"S.EB",24,40,0.33,"FALSE","FALSE","FALSE","4.84709904583536","4.1724123882545","0.674686657580858","0.329","0.029","0.018","1,4,5,6,8,10,53",0.0441017701769884,FALSE,1,5,7,1,6,0.142857142857143,0.545454545454545
"S.EB",25,40,0.33,"FALSE","FALSE","FALSE","4.94684457170804","2.60865309669686","2.33819147501118","0.428","0.03","0.018","2,3,5,7,9,11,23,30,33,60",0.125144371228187,FALSE,4,5,10,4,6,0.4,0.545454545454545
"S.EB",26,40,0.33,"FALSE","FALSE","FALSE","5.37329677354441","2.49660360174569","2.87669317179873","0.526","0.031","0.019","1,4,6,8,10,23,33,39,43,59",0.168453394922943,FALSE,5,6,10,5,5,0.5,0.454545454545455
"S.EB",27,40,0.33,"FALSE","FALSE","FALSE","5.2943940903378","4.10538765975585","1.18900643058196","0.42","0.029","0.02","3,4,6,7,9,11",0.0762782313648252,FALSE,0,5,6,0,6,0,0.545454545454545
"S.EB",28,40,0.33,"FALSE","FALSE","FALSE","4.82452850526262","2.28668632407933","2.53784218118329","0.588","0.033","0.021","1,4,6,11,13,23,62",0.164757815392412,FALSE,3,7,7,3,4,0.428571428571429,0.363636363636364
"S.EB",29,40,0.33,"FALSE","FALSE","FALSE","5.74876710579874","2.625235077774","3.12353202802474","0.541","0.03","0.019","4,5,6,10,12,42,49,64",0.090206984202961,FALSE,4,7,8,4,4,0.5,0.363636363636364
"S.EB",3,40,0.33,"FALSE","FALSE","FALSE","6.44748251127518","3.10844764726349","3.33903486401169","0.236","0.029","0.02","4,5,6,9,12,49",0.0960442890524402,FALSE,2,7,6,2,4,0.333333333333333,0.363636363636364
"S.EB",30,40,0.33,"FALSE","FALSE","FALSE","5.96450193889206","3.10444826353347","2.86005367535858","0.512","0.029","0.021","1,2,5,6,10,11,71",0.0441957044858253,FALSE,1,5,7,1,6,0.142857142857143,0.545454545454545
"S.EB",31,40,0.33,"FALSE","FALSE","FALSE","5.30553959417819","3.34934935856974","1.95619023560845","0.493","0.029","0.022","3,5,6,8,10,41,46,52,56,71",0.108721474568508,FALSE,5,6,10,5,5,0.5,0.454545454545455
"S.EB",32,40,0.33,"FALSE","FALSE","FALSE","5.54708800923319","1.25366410313717","4.29342390609602","0.42","0.03","0.018","6,10,15,16,30,34,42,49",0.135666684748472,FALSE,6,9,8,6,2,0.75,0.181818181818182
"S.EB",33,40,0.33,"FALSE","FALSE","FALSE","5.37533115637303","2.87927416563382","2.49605699073921","0.455","0.03","0.021","1,5,6,10,14,18,30,36,61,63",0.124694322444136,FALSE,6,7,10,6,4,0.6,0.363636363636364
"S.EB",34,40,0.33,"FALSE","FALSE","FALSE","4.75365033771193","2.48940738336784","2.26424295434409","0.419","0.03","0.017","6,10,14,30,42,49",0.165745631708479,FALSE,4,9,6,4,2,0.666666666666667,0.181818181818182
"S.EB",35,40,0.33,"FALSE","FALSE","FALSE","5.37584472363585","4.53726582163502","0.838578902000826","0.36","0.031","0.021","4,5,6,8,10",0.0625498864733303,FALSE,0,6,5,0,5,0,0.454545454545455
"S.EB",36,40,0.33,"FALSE","FALSE","FALSE","9.58826686654251","5.34390123123198","4.24436563531053","0.534","0.031","0.022","1,2,3,5,6,10,15,16,27,36,37,44,47,52",0.0753693577220935,FALSE,8,5,14,8,6,0.571428571428571,0.545454545454545
"S.EB",37,40,0.33,"FALSE","FALSE","FALSE","6.6910521463232","6.2646045653336","0.426447580989606","0.256","0.028","0.02","1,2,3,5,6,10,11",0.0323905199018811,FALSE,0,4,7,0,7,0,0.636363636363636
"S.EB",38,40,0.33,"FALSE","FALSE","FALSE","5.48688386825541","3.73517953351371","1.7517043347417","0.378","0.03","0.021","6,10,14,16,28,30,36,49",0.162131120600488,FALSE,6,9,8,6,2,0.75,0.181818181818182
"S.EB",39,40,0.33,"FALSE","FALSE","FALSE","5.14047259986232","3.81391844273146","1.32655415713086","0.413","0.028","0.019","4,7,10,11,54,64",0.112082557282499,FALSE,2,7,6,2,4,0.333333333333333,0.363636363636364
"S.EB",4,40,0.33,"FALSE","FALSE","FALSE","4.92209922723936","4.22293781640872","0.699161410830636","0.398","0.029","0.019","3,5,6,7,8,10",0.0567946828341004,FALSE,0,5,6,0,6,0,0.545454545454545
"S.EB",40,40,0.33,"FALSE","FALSE","FALSE","5.54104992906619","2.43075526881041","3.11029466025578","0.645","0.032","0.016","1,11,15,17,22,25,37,43,49,62",0.167356774960654,FALSE,8,9,10,8,2,0.8,0.181818181818182
"S.EB",41,40,0.33,"FALSE","FALSE","FALSE","6.20608469025605","3.05297917800168","3.15310551225437","0.402","0.03","0.018","2,4,6,10,11,15,18,30,34,50",0.116371705745996,FALSE,5,6,10,5,5,0.5,0.454545454545455
"S.EB",42,40,0.33,"FALSE","FALSE","FALSE","5.00457674895298","3.59174179425499","1.41283495469799","0.357","0.028","0.017","1,4,5,6,8,10",0.0371570727874749,FALSE,0,5,6,0,6,0,0.545454545454545
"S.EB",43,40,0.33,"FALSE","FALSE","FALSE","5.47015113422451","1.75684079490133","3.71331033932317","0.342","0.03","0.02","4,9,10,17,19,49,52",0.15147204897153,FALSE,4,8,7,4,3,0.571428571428571,0.272727272727273
"S.EB",44,40,0.33,"FALSE","FALSE","FALSE","6.16754766971906","4.9600518919154","1.20749577780366","0.401","0.029","0.019","1,2,3,5,7,10,11,23,61",0.0541504084968389,FALSE,2,4,9,2,7,0.222222222222222,0.636363636363636
"S.EB",45,40,0.33,"FALSE","FALSE","FALSE","4.94676458843763","3.51957175711931","1.42719283131832","0.422","0.031","0.02","5,6,8,14,47",0.12212161714305,FALSE,2,8,5,2,3,0.4,0.272727272727273
"S.EB",46,40,0.33,"FALSE","FALSE","FALSE","6.87462305936273","0.611371592696401","6.26325146666633","0.45","0.03","0.023","1,10,14,31,36,38,40,46",0.170812077514194,FALSE,6,9,8,6,2,0.75,0.181818181818182
"S.EB",47,40,0.33,"FALSE","FALSE","FALSE","5.37807943288491","3.47864924516567","1.89943018771924","0.465","0.03","0.02","1,2,3,5,6,8,10,54,56,64",0.0745177174691094,FALSE,3,4,10,3,7,0.3,0.636363636363636
"S.EB",48,40,0.33,"FALSE","FALSE","FALSE","4.85225067611101","2.50806324584734","2.34418743026368","0.522","0.031","0.021","10,30,36,42,51,66",0.199637975132405,FALSE,5,10,6,5,1,0.833333333333333,0.0909090909090909
"S.EB",49,40,0.33,"FALSE","FALSE","FALSE","8.3059493177318","4.76568602655474","3.54026329117706","0.332","0.028","0.021","1,3,5,6,8,10,14,16,24,49,53,65",0.0730884787361012,FALSE,6,5,12,6,6,0.5,0.545454545454545
"S.EB",5,40,0.33,"FALSE","FALSE","FALSE","5.89121031230702","3.62165636848815","2.26955394381887","0.461","0.032","0.02","1,3,5,6,10,19,27,44,66",0.080687119515566,FALSE,4,6,9,4,5,0.444444444444444,0.454545454545455
"S.EB",50,40,0.33,"FALSE","FALSE","FALSE","5.73999204887069","3.86895428519688","1.87103776367381","0.379","0.029","0.018","1,3,5,6,8,10,41",0.0592825459223972,FALSE,1,5,7,1,6,0.142857142857143,0.545454545454545
"S.EB",51,40,0.33,"FALSE","FALSE","FALSE","8.29083931359851","2.18480745900165","6.10603185459685","0.442","0.031","0.019","6,10,14,18,19,25,46,49,52,53,59",0.161902810270807,FALSE,9,9,11,9,2,0.818181818181818,0.181818181818182
"S.EB",52,40,0.33,"FALSE","FALSE","FALSE","5.51429994117416","3.49036114422057","2.0239387969536","0.513","0.033","0.023","1,5,6,8,10,12,14,36,41,52,67",0.0929188576049418,FALSE,6,6,11,6,5,0.545454545454545,0.454545454545455
"S.EB",53,40,0.33,"FALSE","FALSE","FALSE","6.25295022743069","4.32155797560493","1.93139225182577","0.389","0.03","0.021","1,4,7,9,10,11,24,27,31,35,65",0.112377963215297,FALSE,5,5,11,5,6,0.454545454545455,0.545454545454545
"S.EB",54,40,0.33,"FALSE","FALSE","FALSE","5.95001989069816","4.53190123421617","1.41811865648199","0.395","0.029","0.022","1,3,5,10,17,35",0.0921963047242781,FALSE,2,7,6,2,4,0.333333333333333,0.363636363636364
"S.EB",55,40,0.33,"FALSE","FALSE","FALSE","6.91900508004952","6.18953399220733","0.729471087842183","0.342","0.029","0.019","1,2,3,5,6,8,10",0.0330563394094085,FALSE,0,4,7,0,7,0,0.636363636363636
"S.EB",56,40,0.33,"FALSE","FALSE","FALSE","4.9552833212846","2.2811214929053","2.6741618283793","0.342","0.031","0.019","1,3,5,10,11,15,39,40",0.113019074535374,FALSE,3,6,8,3,5,0.375,0.454545454545455
"S.EB",57,40,0.33,"FALSE","FALSE","FALSE","4.84769602848083","3.45499477589197","1.39270125258887","0.444","0.031","0.021","1,4,5,6,8,24",0.0660492086195932,FALSE,1,6,6,1,5,0.166666666666667,0.454545454545455
"S.EB",58,40,0.33,"FALSE","FALSE","FALSE","5.2608787251336","2.93361237267328","2.32726635246032","0.458","0.031","0.021","1,6,10,11,54,70",0.0907227421273873,FALSE,2,7,6,2,4,0.333333333333333,0.363636363636364
"S.EB",59,40,0.33,"FALSE","FALSE","FALSE","5.16042288474688","3.89519325303311","1.26522963171377","0.419","0.031","0.02","1,3,5,6,10,14,18,28,46,53,68",0.157224986232855,FALSE,6,6,11,6,5,0.545454545454545,0.454545454545455
"S.EB",6,40,0.33,"FALSE","FALSE","FALSE","5.65429835704365","2.70118626473431","2.95311209230934","0.423","0.031","0.019","1,10,11,54,70",0.148519433882527,FALSE,2,8,5,2,3,0.4,0.272727272727273
"S.EB",60,40,0.33,"FALSE","FALSE","FALSE","7.1806563781495","4.88817142071786","2.29248495743164","0.303","0.029","0.021","1,3,5,6,7,10,11,14,36,44",0.0390627578802362,FALSE,3,4,10,3,7,0.3,0.636363636363636
"S.EB",61,40,0.33,"FALSE","FALSE","FALSE","5.10667930378042","3.80028241055746","1.30639689322296","0.355","0.029","0.017","1,3,5,6,8,10",0.0400766895626889,FALSE,0,5,6,0,6,0,0.545454545454545
"S.EB",62,40,0.33,"FALSE","FALSE","FALSE","5.52812257389025","4.69413019383226","0.833992380057989","0.365","0.029","0.02","2,3,4,5,6,10,57",0.0352640284571646,FALSE,1,5,7,1,6,0.142857142857143,0.545454545454545
"S.EB",63,40,0.33,"FALSE","FALSE","FALSE","5.54230689148889","2.12421627427546","3.41809061721344","0.434","0.029","0.019","1,2,3,5,6,10,11,14,65",0.0551296714472745,FALSE,2,4,9,2,7,0.222222222222222,0.636363636363636
"S.EB",64,40,0.33,"FALSE","FALSE","FALSE","30.7407114258604","7.67544658360849","23.0652648422519","0.322","0.03","0.021","1,2,3,4,6,9,10,11,12,16,23,24,25,27,28,32,34,41,42,45,47,48,51,52,54,57,58,60,61,68,70,71",0.0879659539059896,FALSE,24,3,32,24,8,0.75,0.727272727272727
"S.EB",65,40,0.33,"FALSE","FALSE","FALSE","6.1229163319671","4.85424024221493","1.26867608975217","0.476","0.033","0.023","1,2,3,4,6,9,10,11,23,40,61",0.0685418758144106,FALSE,3,3,11,3,8,0.272727272727273,0.727272727272727
"S.EB",66,40,0.33,"FALSE","FALSE","FALSE","5.81299921776197","3.08612328577759","2.72687593198438","0.58","0.03","0.023","2,3,5,6,9,10,35,36,46,47,52,63",0.0891746346083295,FALSE,6,5,12,6,6,0.5,0.545454545454545
"S.EB",67,40,0.33,"FALSE","FALSE","FALSE","5.47299779405995","2.89909154481328","2.57390624924667","0.537","0.03","0.017","4,5,6,7,10,33,52,53,70",0.0885807745890795,FALSE,4,6,9,4,5,0.444444444444444,0.454545454545455
"S.EB",68,40,0.33,"FALSE","FALSE","FALSE","5.76775959345504","3.44850217596154","2.3192574174935","0.452","0.03","0.021","2,7,9,11,23,32,53,54",0.172948267649947,FALSE,4,7,8,4,4,0.5,0.363636363636364
"S.EB",69,40,0.33,"FALSE","FALSE","FALSE","6.55379548510634","2.51241726992558","4.04137821518076","0.596","0.031","0.019","3,6,10,17,21,24,42,44,46,52,71",0.166061689496913,FALSE,8,8,11,8,3,0.727272727272727,0.272727272727273
"S.EB",7,40,0.33,"FALSE","FALSE","FALSE","5.84104468841461","4.44018411426538","1.40086057414924","0.424","0.029","0.021","3,5,6,7,8,10,14,46,60",0.0777465642109059,FALSE,3,5,9,3,6,0.333333333333333,0.545454545454545
"S.EB",70,40,0.33,"FALSE","FALSE","FALSE","5.7596636612697","2.96758777494362","2.79207588632607","0.454","0.032","0.021","1,3,10,14,17,34,49",0.128033787443946,FALSE,4,8,7,4,3,0.571428571428571,0.272727272727273
"S.EB",71,40,0.33,"FALSE","FALSE","FALSE","6.29905103437156","3.3567849857027","2.94226604866886","0.379","0.029","0.02","3,6,7,10,13,14,19,22,42,49,59",0.112505862740486,FALSE,7,7,11,7,4,0.636363636363636,0.363636363636364
"S.EB",72,40,0.33,"FALSE","FALSE","FALSE","5.68396658700539","2.78988776951012","2.89407881749527","0.635","0.03","0.021","6,8,10,30,42,49,66",0.129822805673991,FALSE,4,8,7,4,3,0.571428571428571,0.272727272727273
"S.EB",73,40,0.33,"FALSE","FALSE","FALSE","5.89613433281207","4.50705015227497","1.38908418053709","0.522","0.029","0.018","1,2,3,4,5,6,10,11",0.0127279202432404,FALSE,0,3,8,0,8,0,0.727272727272727
"S.EB",74,40,0.33,"FALSE","FALSE","FALSE","11.7370447866388","5.4261396493816","6.31090513725723","0.474","0.029","0.02","3,4,5,6,7,8,9,19,20,28,32,50,51,59,60,61,67",0.116105199981109,FALSE,10,4,17,10,7,0.588235294117647,0.636363636363636
"S.EB",75,40,0.33,"FALSE","FALSE","FALSE","5.59225932865613","2.82632025781825","2.76593907083788","0.326","0.029","0.018","2,6,10,30,34,52",0.159244365519056,FALSE,3,8,6,3,3,0.5,0.272727272727273
"S.EB",76,40,0.33,"FALSE","FALSE","FALSE","4.75679212714426","3.31296792705544","1.44382420008882","0.221","0.031","0.019","4,5,6,7,8",0.0825656382235016,FALSE,0,6,5,0,5,0,0.454545454545455
"S.EB",77,40,0.33,"FALSE","FALSE","FALSE","5.74407982148535","1.67009853110695","4.0739812903784","0.29","0.029","0.016","10,21,22,52,59,70",0.211461699958214,FALSE,5,10,6,5,1,0.833333333333333,0.0909090909090909
"S.EB",78,40,0.33,"FALSE","FALSE","FALSE","6.89332371090824","5.11714713045397","1.77617658045428","0.354","0.029","0.019","1,2,3,5,6,8,10,11,49",0.0300004646248,FALSE,1,3,9,1,8,0.111111111111111,0.727272727272727
"S.EB",79,40,0.33,"FALSE","FALSE","FALSE","4.95468090980239","2.87067851243445","2.08400239736794","0.413","0.03","0.02","2,8,10,11,26,28,32,40,47,69",0.162501380566728,FALSE,6,7,10,6,4,0.6,0.363636363636364
"S.EB",8,40,0.33,"FALSE","FALSE","FALSE","6.60782019830114","4.71954264610455","1.88827755219659","0.476","0.03","0.024","1,2,4,6,10,11,69",0.0579533150133076,FALSE,1,5,7,1,6,0.142857142857143,0.545454545454545
"S.EB",80,40,0.33,"FALSE","FALSE","FALSE","6.95539686331653","4.92699116250098","2.02840570081555","0.469","0.029","0.018","2,4,6,7,9,10,11,22,39",0.0582587602597092,FALSE,2,4,9,2,7,0.222222222222222,0.636363636363636
"S.EB",81,40,0.33,"FALSE","FALSE","FALSE","6.12236522989729","4.768896174923","1.35346905497429","0.308","0.029","0.019","1,5,6,8,10,14,32,37,38",0.100839739214367,FALSE,4,6,9,4,5,0.444444444444444,0.454545454545455
"S.EB",82,40,0.33,"FALSE","FALSE","FALSE","5.92171024003803","5.23807279115749","0.683637448880537","0.402","0.029","0.019","2,3,4,5,6,8,10,21",0.0344493284956466,FALSE,1,4,8,1,7,0.125,0.636363636363636
"S.EB",83,40,0.33,"FALSE","FALSE","FALSE","4.70239778842894","3.234367823368","1.46802996506094","0.412","0.03","0.019","4,5,6,8,12",0.0892313172632257,FALSE,1,7,5,1,4,0.2,0.363636363636364
"S.EB",84,40,0.33,"FALSE","FALSE","FALSE","5.16152213858262","4.09172862298364","1.06979351559898","0.34","0.03","0.02","3,4,6,10,15,23,42,64",0.12859473626631,FALSE,4,7,8,4,4,0.5,0.363636363636364
"S.EB",85,40,0.33,"FALSE","FALSE","FALSE","6.39106109163","3.66251967985271","2.72854141177729","0.383","0.03","0.019","6,10,14,30,35,36,51,56",0.209057883782161,FALSE,6,9,8,6,2,0.75,0.181818181818182
"S.EB",86,40,0.33,"FALSE","FALSE","FALSE","6.33061359385261","4.98955247678211","1.3410611170705","0.316","0.033","0.021","2,4,6,9,11,40,47",0.0808845029056598,FALSE,2,6,7,2,5,0.285714285714286,0.454545454545455
"S.EB",87,40,0.33,"FALSE","FALSE","FALSE","6.08100547555106","5.03693077205967","1.04407470349139","0.437","0.031","0.021","1,2,4,5,6,8,10",0.0285356472672832,FALSE,0,4,7,0,7,0,0.636363636363636
"S.EB",88,40,0.33,"FALSE","FALSE","FALSE","5.90044763117223","2.93105067837834","2.96939695279388","0.479","0.031","0.022","6,9,10,14,19,27,49,59",0.135767636852007,FALSE,5,8,8,5,3,0.625,0.272727272727273
"S.EB",89,40,0.33,"FALSE","FALSE","FALSE","6.37375216681416","5.81098812971667","0.562764037097485","0.288","0.031","0.019","1,2,4,5,6,10,11",0.0217549956027031,FALSE,0,4,7,0,7,0,0.636363636363636
"S.EB",9,40,0.33,"FALSE","FALSE","FALSE","5.86717441423307","3.88891199729983","1.97826241693324","0.443","0.031","0.021","2,4,5,6,8,45,49,51,70",0.0798181805952998,FALSE,4,6,9,4,5,0.444444444444444,0.454545454545455
"S.EB",90,40,0.33,"FALSE","FALSE","FALSE","4.79107084117958","1.50207188245152","3.28899895872806","0.404","0.032","0.016","7,12,22,36,51,64",0.191982576723184,FALSE,5,10,6,5,1,0.833333333333333,0.0909090909090909
"S.EB",91,40,0.33,"FALSE","FALSE","FALSE","40","13","27","0.153","0.031","0.022","1,2,3,5,6,7,9,10,11,13,14,15,16,17,18,20,21,22,24,26,28,32,33,36,38,40,41,43,47,53,54,55,58,59,61,62,66,69,70",0.0597973329961716,FALSE,30,2,39,30,9,0.769230769230769,0.818181818181818
"S.EB",92,40,0.33,"FALSE","FALSE","FALSE","5.19093196508904","2.36554126654054","2.8253906985485","0.413","0.032","0.021","1,6,9,10,11,30,32,33,46,54,66,67",0.133511282048781,FALSE,7,6,12,7,5,0.583333333333333,0.454545454545455
"S.EB",93,40,0.33,"FALSE","FALSE","FALSE","7.06288911977387","2.85907851124437","4.20381060852951","0.513","0.03","0.02","1,6,10,11,14,18,23,27,32,36,40,41,42,49,53,57",0.134481246151543,FALSE,12,7,16,12,4,0.75,0.363636363636364
"S.EB",94,40,0.33,"FALSE","FALSE","FALSE","6.37846884364865","2.34528082042821","4.03318802322043","0.311","0.03","0.02","1,7,10,14,22,33,36,54,55,56,71",0.158948776913797,FALSE,8,8,11,8,3,0.727272727272727,0.272727272727273
"S.EB",95,40,0.33,"FALSE","FALSE","FALSE","5.38254276460404","4.64262596693296","0.739916797671077","0.364","0.029","0.018","3,5,6,8,10,21,42,46,52",0.0977832378089192,FALSE,4,6,9,4,5,0.444444444444444,0.454545454545455
"S.EB",96,40,0.33,"FALSE","FALSE","FALSE","5.31405645866019","2.39422530837333","2.91983115028686","0.553","0.031","0.02","1,2,4,5,6,10,12,16",0.0404720541012931,FALSE,2,5,8,2,6,0.25,0.545454545454545
"S.EB",97,40,0.33,"FALSE","FALSE","FALSE","7.60328465511745","5.12246446582539","2.48082018929206","0.408","0.031","0.02","1,3,4,5,6,7,10,20,26,52,55,64",0.0576641897325298,FALSE,5,4,12,5,7,0.416666666666667,0.636363636363636
"S.EB",98,40,0.33,"FALSE","FALSE","FALSE","4.93031328654972","2.58191688275525","2.34839640379447","0.43","0.031","0.015","4,7,9,12,22,64",0.170971476686886,FALSE,3,8,6,3,3,0.5,0.272727272727273
"S.EB",99,40,0.33,"FALSE","FALSE","FALSE","6.32812807000248","4.97835701484837","1.34977105515411","0.33","0.028","0.017","2,4,5,6,8,10,26,39,45",0.0722457033471141,FALSE,3,5,9,3,6,0.333333333333333,0.545454545454545
"S.EB.b",1,40,0.33,"FALSE","FALSE","FALSE","7.25162196299473","5.03752986411447","2.21409209888027","0.519","0.035","0.021","1,2,3,4,5,6,7,9,10,11",0.0146630798296607,FALSE,0,1,10,0,10,0,0.909090909090909
"S.EB.b",10,40,0.33,"FALSE","FALSE","FALSE","6.01773480908255","4.22049286267569","1.79724194640686","0.449","0.033","0.022","1,2,3,4,5,6,7,9,10,11",0.00873788946501754,FALSE,0,1,10,0,10,0,0.909090909090909
"S.EB.b",100,40,0.33,"FALSE","FALSE","FALSE","4.98209580472968","2.85812651615334","2.12396928857634","0.45","0.03","0.019","1,5,6,8,10,14",0.0727197519223678,FALSE,1,6,6,1,5,0.166666666666667,0.454545454545455
"S.EB.b",11,40,0.33,"FALSE","FALSE","FALSE","4.7139383732594","2.62904046637036","2.08489790688904","0.532","0.032","0.019","3,4,7,9,10,11",0.0714634105221037,FALSE,0,5,6,0,6,0,0.545454545454545
"S.EB.b",12,40,0.33,"FALSE","FALSE","FALSE","5.66740058572008","4.27767146425734","1.38972912146274","0.341","0.03","0.02","1,2,3,5,6,8,10,14",0.0388614230302877,FALSE,1,4,8,1,7,0.125,0.636363636363636
"S.EB.b",13,40,0.33,"FALSE","FALSE","FALSE","6.69275741155513","3.73845673533345","2.95430067622168","0.394","0.032","0.021","1,3,5,6,8,10,14,23,56,67",0.106215011162184,FALSE,4,5,10,4,6,0.4,0.545454545454545
"S.EB.b",14,40,0.33,"FALSE","FALSE","FALSE","6.3144404234883","4.25532181653722","2.05911860695108","0.374","0.029","0.02","1,2,3,4,5,6,7,8,10,70",0.0216315210666055,FALSE,1,2,10,1,9,0.1,0.818181818181818
"S.EB.b",15,40,0.33,"FALSE","FALSE","FALSE","5.51132591035161","3.59498412461384","1.91634178573777","0.386","0.031","0.02","1,5,6,8,10,14",0.069671823863665,FALSE,1,6,6,1,5,0.166666666666667,0.454545454545455
"S.EB.b",16,40,0.33,"FALSE","FALSE","FALSE","5.65077188180289","2.59194306606645","3.05882881573644","0.522","0.03","0.021","2,3,5,7,9,11,23",0.123162457337467,FALSE,1,5,7,1,6,0.142857142857143,0.545454545454545
"S.EB.b",17,40,0.33,"FALSE","FALSE","FALSE","6.84576270094523","4.30365540404873","2.5421072968965","0.394","0.031","0.017","1,3,4,5,6,9,10,11,13,15,31,59,66",0.0551544916516664,FALSE,5,3,13,5,8,0.384615384615385,0.727272727272727
"S.EB.b",18,40,0.33,"FALSE","FALSE","FALSE","4.75189069517799","2.54554322149957","2.20634747367842","0.449","0.031","0.015","1,7,10,11,16,22,54,63",0.155667149579874,FALSE,4,7,8,4,4,0.5,0.363636363636364
"S.EB.b",19,40,0.33,"FALSE","FALSE","FALSE","5.70438079184987","2.32012610045013","3.38425469139974","0.608","0.03","0.021","1,5,6,8,10,14,30,36,63,66",0.0916303599826034,FALSE,5,6,10,5,5,0.5,0.454545454545455
"S.EB.b",2,40,0.33,"FALSE","FALSE","FALSE","6.45944125679855","4.18916419958304","2.27027705721551","0.264","0.03","0.02","1,4,5,6,7,8,10,14,23,25,32,34,45",0.119526129892411,FALSE,6,4,13,6,7,0.461538461538462,0.636363636363636
"S.EB.b",20,40,0.33,"FALSE","FALSE","FALSE","5.61639616577908","1.91006727662372","3.70632888915536","0.507","0.03","0.017","2,3,7,10,14,22,33,36,43,70",0.145167811170098,FALSE,6,7,10,6,4,0.6,0.363636363636364
"S.EB.b",21,40,0.33,"FALSE","FALSE","FALSE","6.93053476758112","5.14969401796313","1.78084074961798","0.455","0.032","0.021","1,2,3,4,5,6,9,10,11",0.0073948488228891,FALSE,0,2,9,0,9,0,0.818181818181818
"S.EB.b",22,40,0.33,"FALSE","FALSE","FALSE","6.99316574634321","2.30371050285948","4.68945524348373","0.361","0.029","0.02","1,3,5,6,10,11,14,17",0.0470936323461398,FALSE,2,5,8,2,6,0.25,0.545454545454545
"S.EB.b",23,40,0.33,"FALSE","FALSE","FALSE","5.69093911109185","3.59343369011629","2.09750542097556","0.419","0.029","0.019","3,5,6,8,10,37,41,46,52",0.098489808751572,FALSE,4,6,9,4,5,0.444444444444444,0.454545454545455
"S.EB.b",24,40,0.33,"FALSE","FALSE","FALSE","4.84709904583536","4.1724123882545","0.674686657580858","0.329","0.029","0.018","1,3,4,5,6,8,10",0.0387466781149477,FALSE,0,4,7,0,7,0,0.636363636363636
"S.EB.b",25,40,0.33,"FALSE","FALSE","FALSE","4.94684457170804","2.60865309669686","2.33819147501118","0.428","0.03","0.018","1,2,3,5,7,9,11,23,33,60",0.102326724686695,FALSE,3,4,10,3,7,0.3,0.636363636363636
"S.EB.b",26,40,0.33,"FALSE","FALSE","FALSE","5.37329677354441","2.49660360174569","2.87669317179873","0.526","0.031","0.019","1,2,3,4,5,6,8,10",0.0202320816234737,FALSE,0,3,8,0,8,0,0.727272727272727
"S.EB.b",27,40,0.33,"FALSE","FALSE","FALSE","5.2943940903378","4.10538765975585","1.18900643058196","0.42","0.029","0.02","2,3,4,6,7,8,9,11",0.0488228524254051,FALSE,0,3,8,0,8,0,0.727272727272727
"S.EB.b",28,40,0.33,"FALSE","FALSE","FALSE","4.82452850526262","2.28668632407933","2.53784218118329","0.588","0.033","0.021","1,2,4,5,6,9,11",0.0381282938546477,FALSE,0,4,7,0,7,0,0.636363636363636
"S.EB.b",29,40,0.33,"FALSE","FALSE","FALSE","5.74876710579874","2.625235077774","3.12353202802474","0.541","0.03","0.019","1,2,4,5,6,8,10",0.0383460309094636,FALSE,0,4,7,0,7,0,0.636363636363636
"S.EB.b",3,40,0.33,"FALSE","FALSE","FALSE","6.44748251127518","3.10844764726349","3.33903486401169","0.236","0.029","0.02","1,4,5,6,9,10,11,12,49",0.0402955499756911,FALSE,2,4,9,2,7,0.222222222222222,0.636363636363636
"S.EB.b",30,40,0.33,"FALSE","FALSE","FALSE","5.96450193889206","3.10444826353347","2.86005367535858","0.512","0.029","0.021","1,2,3,5,6,9,10,11",0.021498526825481,FALSE,0,3,8,0,8,0,0.727272727272727
"S.EB.b",31,40,0.33,"FALSE","FALSE","FALSE","5.30553959417819","3.34934935856974","1.95619023560845","0.493","0.029","0.022","1,3,5,6,8,10,11,39",0.0445550457652387,FALSE,1,4,8,1,7,0.125,0.636363636363636
"S.EB.b",32,40,0.33,"FALSE","FALSE","FALSE","5.54708800923319","1.25366410313717","4.29342390609602","0.42","0.03","0.018","1,3,10,15,17,34,37,67",0.171730300822047,FALSE,5,8,8,5,3,0.625,0.272727272727273
"S.EB.b",33,40,0.33,"FALSE","FALSE","FALSE","5.37533115637303","2.87927416563382","2.49605699073921","0.455","0.03","0.021","1,2,3,4,5,6,10,11",0.014613150898544,FALSE,0,3,8,0,8,0,0.727272727272727
"S.EB.b",34,40,0.33,"FALSE","FALSE","FALSE","4.75365033771193","2.48940738336784","2.26424295434409","0.419","0.03","0.017","1,2,3,5,6,10,11",0.0301788046572473,FALSE,0,4,7,0,7,0,0.636363636363636
"S.EB.b",35,40,0.33,"FALSE","FALSE","FALSE","5.37584472363585","4.53726582163502","0.838578902000826","0.36","0.031","0.021","1,2,4,5,6,8,10,11",0.0171314403579474,FALSE,0,3,8,0,8,0,0.727272727272727
"S.EB.b",36,40,0.33,"FALSE","FALSE","FALSE","9.58826686654251","5.34390123123198","4.24436563531053","0.534","0.031","0.022","1,2,3,4,6,7,9,10,11,18,25,37,41,44,47",0.0531868915295522,FALSE,6,2,15,6,9,0.4,0.818181818181818
"S.EB.b",37,40,0.33,"FALSE","FALSE","FALSE","6.6910521463232","6.2646045653336","0.426447580989606","0.256","0.028","0.02","1,2,3,4,5,6,10,11",0.0221726199380296,FALSE,0,3,8,0,8,0,0.727272727272727
"S.EB.b",38,40,0.33,"FALSE","FALSE","FALSE","5.48688386825541","3.73517953351371","1.7517043347417","0.378","0.03","0.021","1,3,5,6,8,10,14",0.0448817814871936,FALSE,1,5,7,1,6,0.142857142857143,0.545454545454545
"S.EB.b",39,40,0.33,"FALSE","FALSE","FALSE","5.14047259986232","3.81391844273146","1.32655415713086","0.413","0.028","0.019","3,4,5,6,7,8,10,11",0.0233781815373972,FALSE,0,3,8,0,8,0,0.727272727272727
"S.EB.b",4,40,0.33,"FALSE","FALSE","FALSE","4.92209922723936","4.22293781640872","0.699161410830636","0.398","0.029","0.019","1,3,5,6,7,10,11",0.0309264082057882,FALSE,0,4,7,0,7,0,0.636363636363636
"S.EB.b",40,40,0.33,"FALSE","FALSE","FALSE","5.54104992906619","2.43075526881041","3.11029466025578","0.645","0.032","0.016","1,3,11,15,17,21,22,25,37,62",0.177192585062764,FALSE,7,8,10,7,3,0.7,0.272727272727273
"S.EB.b",41,40,0.33,"FALSE","FALSE","FALSE","6.20608469025605","3.05297917800168","3.15310551225437","0.402","0.03","0.018","2,4,6,10,11,15,18,30,34,50",0.116371705745996,FALSE,5,6,10,5,5,0.5,0.454545454545455
"S.EB.b",42,40,0.33,"FALSE","FALSE","FALSE","5.00457674895298","3.59174179425499","1.41283495469799","0.357","0.028","0.017","1,4,5,6,8,10",0.0371570727874749,FALSE,0,5,6,0,6,0,0.545454545454545
"S.EB.b",43,40,0.33,"FALSE","FALSE","FALSE","5.47015113422451","1.75684079490133","3.71331033932317","0.342","0.03","0.02","1,2,4,5,6,8,10,44",0.0461776991928737,FALSE,1,4,8,1,7,0.125,0.636363636363636
"S.EB.b",44,40,0.33,"FALSE","FALSE","FALSE","6.16754766971906","4.9600518919154","1.20749577780366","0.401","0.029","0.019","1,3,4,5,6,7,10,11,15",0.0223861479081132,FALSE,1,3,9,1,8,0.111111111111111,0.727272727272727
"S.EB.b",45,40,0.33,"FALSE","FALSE","FALSE","4.94676458843763","3.51957175711931","1.42719283131832","0.422","0.031","0.02","4,5,6,7,9,11",0.0597690041065014,FALSE,0,5,6,0,6,0,0.545454545454545
"S.EB.b",46,40,0.33,"FALSE","FALSE","FALSE","6.87462305936273","0.611371592696401","6.26325146666633","0.45","0.03","0.023","1,10,14,31,35,36,38,40,46,49",0.159007589675816,FALSE,8,9,10,8,2,0.8,0.181818181818182
"S.EB.b",47,40,0.33,"FALSE","FALSE","FALSE","5.37807943288491","3.47864924516567","1.89943018771924","0.465","0.03","0.02","1,2,3,5,6,8,10,54,56",0.0567658032018952,FALSE,2,4,9,2,7,0.222222222222222,0.636363636363636
"S.EB.b",48,40,0.33,"FALSE","FALSE","FALSE","4.85225067611101","2.50806324584734","2.34418743026368","0.522","0.031","0.021","1,3,5,10,11,42",0.072295286989754,FALSE,1,6,6,1,5,0.166666666666667,0.454545454545455
"S.EB.b",49,40,0.33,"FALSE","FALSE","FALSE","8.3059493177318","4.76568602655474","3.54026329117706","0.332","0.028","0.021","1,3,5,6,8,10,14,16,24,65",0.0714304654495739,FALSE,4,5,10,4,6,0.4,0.545454545454545
"S.EB.b",5,40,0.33,"FALSE","FALSE","FALSE","5.89121031230702","3.62165636848815","2.26955394381887","0.461","0.032","0.02","1,3,5,6,10,19,27,44,66",0.080687119515566,FALSE,4,6,9,4,5,0.444444444444444,0.454545454545455
"S.EB.b",50,40,0.33,"FALSE","FALSE","FALSE","5.73999204887069","3.86895428519688","1.87103776367381","0.379","0.029","0.018","1,3,4,5,6,8,10",0.0380492713443412,FALSE,0,4,7,0,7,0,0.636363636363636
"S.EB.b",51,40,0.33,"FALSE","FALSE","FALSE","8.29083931359851","2.18480745900165","6.10603185459685","0.442","0.031","0.019","6,10,14,18,19,25,46,49,52,53,59",0.161902810270807,FALSE,9,9,11,9,2,0.818181818181818,0.181818181818182
"S.EB.b",52,40,0.33,"FALSE","FALSE","FALSE","5.51429994117416","3.49036114422057","2.0239387969536","0.513","0.033","0.023","1,3,5,6,8,10,14",0.0570480500642947,FALSE,1,5,7,1,6,0.142857142857143,0.545454545454545
"S.EB.b",53,40,0.33,"FALSE","FALSE","FALSE","6.25295022743069","4.32155797560493","1.93139225182577","0.389","0.03","0.021","1,2,4,6,9,10,11,27",0.0597817650711457,FALSE,1,4,8,1,7,0.125,0.636363636363636
"S.EB.b",54,40,0.33,"FALSE","FALSE","FALSE","5.95001989069816","4.53190123421617","1.41811865648199","0.395","0.029","0.022","1,3,5,6,8,10,14,64",0.0668142775116789,FALSE,2,5,8,2,6,0.25,0.545454545454545
"S.EB.b",55,40,0.33,"FALSE","FALSE","FALSE","6.91900508004952","6.18953399220733","0.729471087842183","0.342","0.029","0.019","1,2,3,4,5,6,8,10",0.0219607998257974,FALSE,0,3,8,0,8,0,0.727272727272727
"S.EB.b",56,40,0.33,"FALSE","FALSE","FALSE","4.9552833212846","2.2811214929053","2.6741618283793","0.342","0.031","0.019","1,3,5,10,11,15,39,40",0.113019074535374,FALSE,3,6,8,3,5,0.375,0.454545454545455
"S.EB.b",57,40,0.33,"FALSE","FALSE","FALSE","4.84769602848083","3.45499477589197","1.39270125258887","0.444","0.031","0.021","3,4,5,6,7,8,9",0.0485462109253347,FALSE,0,4,7,0,7,0,0.636363636363636
"S.EB.b",58,40,0.33,"FALSE","FALSE","FALSE","5.2608787251336","2.93361237267328","2.32726635246032","0.458","0.031","0.021","1,2,3,5,6,10,11",0.0306911437288799,FALSE,0,4,7,0,7,0,0.636363636363636
"S.EB.b",59,40,0.33,"FALSE","FALSE","FALSE","5.16042288474688","3.89519325303311","1.26522963171377","0.419","0.031","0.02","1,2,3,5,6,10,11",0.0324452106394357,FALSE,0,4,7,0,7,0,0.636363636363636
"S.EB.b",6,40,0.33,"FALSE","FALSE","FALSE","5.65429835704365","2.70118626473431","2.95311209230934","0.423","0.031","0.019","1,2,4,5,6,8,10,65",0.0352731807431278,FALSE,1,4,8,1,7,0.125,0.636363636363636
"S.EB.b",60,40,0.33,"FALSE","FALSE","FALSE","7.1806563781495","4.88817142071786","2.29248495743164","0.303","0.029","0.021","1,3,5,6,7,10,11,14,20,36",0.0479666988531405,FALSE,3,4,10,3,7,0.3,0.636363636363636
"S.EB.b",61,40,0.33,"FALSE","FALSE","FALSE","5.10667930378042","3.80028241055746","1.30639689322296","0.355","0.029","0.017","1,3,5,6,8,10",0.0400766895626889,FALSE,0,5,6,0,6,0,0.545454545454545
"S.EB.b",62,40,0.33,"FALSE","FALSE","FALSE","5.52812257389025","4.69413019383226","0.833992380057989","0.365","0.029","0.02","2,3,4,5,6,10",0.03537509376278,FALSE,0,5,6,0,6,0,0.545454545454545
"S.EB.b",63,40,0.33,"FALSE","FALSE","FALSE","5.54230689148889","2.12421627427546","3.41809061721344","0.434","0.029","0.019","1,2,3,5,6,10,11,14,65",0.0551296714472745,FALSE,2,4,9,2,7,0.222222222222222,0.636363636363636
"S.EB.b",64,40,0.33,"FALSE","FALSE","FALSE","30.7407114258604","7.67544658360849","23.0652648422519","0.322","0.03","0.021","1,2,3,4,6,9,10,11,12,16,23,24,25,27,28,32,34,41,42,45,47,48,51,52,54,57,58,60,61,68,70,71",0.0879659539059896,FALSE,24,3,32,24,8,0.75,0.727272727272727
"S.EB.b",65,40,0.33,"FALSE","FALSE","FALSE","6.1229163319671","4.85424024221493","1.26867608975217","0.476","0.033","0.023","1,2,3,4,5,6,9,10,11",0.0154652280192829,FALSE,0,2,9,0,9,0,0.818181818181818
"S.EB.b",66,40,0.33,"FALSE","FALSE","FALSE","5.81299921776197","3.08612328577759","2.72687593198438","0.58","0.03","0.023","1,2,3,5,6,9,10,11,47",0.0253457618752253,FALSE,1,3,9,1,8,0.111111111111111,0.727272727272727
"S.EB.b",67,40,0.33,"FALSE","FALSE","FALSE","5.47299779405995","2.89909154481328","2.57390624924667","0.537","0.03","0.017","4,5,6,7,10,33,52,53,70",0.0885807745890795,FALSE,4,6,9,4,5,0.444444444444444,0.454545454545455
"S.EB.b",68,40,0.33,"FALSE","FALSE","FALSE","5.76775959345504","3.44850217596154","2.3192574174935","0.452","0.03","0.021","1,2,3,5,6,8,10,14",0.0357563229641933,FALSE,1,4,8,1,7,0.125,0.636363636363636
"S.EB.b",69,40,0.33,"FALSE","FALSE","FALSE","6.55379548510634","2.51241726992558","4.04137821518076","0.596","0.031","0.019","3,6,10,13,17,21,24,42,46,52,71",0.170568305253534,FALSE,8,8,11,8,3,0.727272727272727,0.272727272727273
"S.EB.b",7,40,0.33,"FALSE","FALSE","FALSE","5.84104468841461","4.44018411426538","1.40086057414924","0.424","0.029","0.021","3,4,5,6,7,8,10,11,60",0.0365142432323018,FALSE,1,3,9,1,8,0.111111111111111,0.727272727272727
"S.EB.b",70,40,0.33,"FALSE","FALSE","FALSE","5.7596636612697","2.96758777494362","2.79207588632607","0.454","0.032","0.021","1,3,7,10,11,14,17",0.0835914802801366,FALSE,2,6,7,2,5,0.285714285714286,0.454545454545455
"S.EB.b",71,40,0.33,"FALSE","FALSE","FALSE","6.29905103437156","3.3567849857027","2.94226604866886","0.379","0.029","0.02","3,4,5,6,7,8,10,29",0.0410302391672963,FALSE,1,4,8,1,7,0.125,0.636363636363636
"S.EB.b",72,40,0.33,"FALSE","FALSE","FALSE","5.68396658700539","2.78988776951012","2.89407881749527","0.635","0.03","0.021","1,3,5,6,8,10,26,66",0.0449519909733388,FALSE,2,5,8,2,6,0.25,0.545454545454545
"S.EB.b",73,40,0.33,"FALSE","FALSE","FALSE","5.89613433281207","4.50705015227497","1.38908418053709","0.522","0.029","0.018","1,2,3,4,5,6,10,11",0.0127279202432404,FALSE,0,3,8,0,8,0,0.727272727272727
"S.EB.b",74,40,0.33,"FALSE","FALSE","FALSE","11.7370447866388","5.4261396493816","6.31090513725723","0.474","0.029","0.02","3,4,5,6,7,8,11,14,19,20,32,50,51,59,60,61,67",0.136261084383919,FALSE,10,4,17,10,7,0.588235294117647,0.636363636363636
"S.EB.b",75,40,0.33,"FALSE","FALSE","FALSE","5.59225932865613","2.82632025781825","2.76593907083788","0.326","0.029","0.018","1,2,3,5,6,10,11",0.0281741319788866,FALSE,0,4,7,0,7,0,0.636363636363636
"S.EB.b",76,40,0.33,"FALSE","FALSE","FALSE","4.75679212714426","3.31296792705544","1.44382420008882","0.221","0.031","0.019","4,5,6,7,8,11",0.0601478927605171,FALSE,0,5,6,0,6,0,0.545454545454545
"S.EB.b",77,40,0.33,"FALSE","FALSE","FALSE","5.74407982148535","1.67009853110695","4.0739812903784","0.29","0.029","0.016","10,21,22,52,59,70",0.211461699958214,FALSE,5,10,6,5,1,0.833333333333333,0.0909090909090909
"S.EB.b",78,40,0.33,"FALSE","FALSE","FALSE","6.89332371090824","5.11714713045397","1.77617658045428","0.354","0.029","0.019","1,2,3,5,6,8,10,11,49",0.0300004646248,FALSE,1,3,9,1,8,0.111111111111111,0.727272727272727
"S.EB.b",79,40,0.33,"FALSE","FALSE","FALSE","4.95468090980239","2.87067851243445","2.08400239736794","0.413","0.03","0.02","1,3,5,6,7,10,11",0.0309421198108196,FALSE,0,4,7,0,7,0,0.636363636363636
"S.EB.b",8,40,0.33,"FALSE","FALSE","FALSE","6.60782019830114","4.71954264610455","1.88827755219659","0.476","0.03","0.024","1,2,3,4,6,7,10,11,69",0.0403378999156759,FALSE,1,3,9,1,8,0.111111111111111,0.727272727272727
"S.EB.b",80,40,0.33,"FALSE","FALSE","FALSE","6.95539686331653","4.92699116250098","2.02840570081555","0.469","0.029","0.018","2,4,6,7,9,10,11,22,39",0.0582587602597092,FALSE,2,4,9,2,7,0.222222222222222,0.636363636363636
"S.EB.b",81,40,0.33,"FALSE","FALSE","FALSE","6.12236522989729","4.768896174923","1.35346905497429","0.308","0.029","0.019","1,3,5,6,8,10,14",0.0481206849533014,FALSE,1,5,7,1,6,0.142857142857143,0.545454545454545
"S.EB.b",82,40,0.33,"FALSE","FALSE","FALSE","5.92171024003803","5.23807279115749","0.683637448880537","0.402","0.029","0.019","1,2,3,4,5,6,10,11",0.01564027475282,FALSE,0,3,8,0,8,0,0.727272727272727
"S.EB.b",83,40,0.33,"FALSE","FALSE","FALSE","4.70239778842894","3.234367823368","1.46802996506094","0.412","0.03","0.019","2,3,4,6,9,10,11",0.0384209562796613,FALSE,0,4,7,0,7,0,0.636363636363636
"S.EB.b",84,40,0.33,"FALSE","FALSE","FALSE","5.16152213858262","4.09172862298364","1.06979351559898","0.34","0.03","0.02","2,3,4,5,6,8,10",0.0374104169699963,FALSE,0,4,7,0,7,0,0.636363636363636
"S.EB.b",85,40,0.33,"FALSE","FALSE","FALSE","6.39106109163","3.66251967985271","2.72854141177729","0.383","0.03","0.019","1,3,5,6,8,10,14,36",0.0635670950101857,FALSE,2,5,8,2,6,0.25,0.545454545454545
"S.EB.b",86,40,0.33,"FALSE","FALSE","FALSE","6.33061359385261","4.98955247678211","1.3410611170705","0.316","0.033","0.021","1,2,4,6,9,11",0.0665371662253297,FALSE,0,5,6,0,6,0,0.545454545454545
"S.EB.b",87,40,0.33,"FALSE","FALSE","FALSE","6.08100547555106","5.03693077205967","1.04407470349139","0.437","0.031","0.021","1,2,4,5,6,8,9,10,11",0.0114263506355396,FALSE,0,2,9,0,9,0,0.818181818181818
"S.EB.b",88,40,0.33,"FALSE","FALSE","FALSE","5.90044763117223","2.93105067837834","2.96939695279388","0.479","0.031","0.022","2,3,4,5,6,9,11,27",0.0433377630977506,FALSE,1,4,8,1,7,0.125,0.636363636363636
"S.EB.b",89,40,0.33,"FALSE","FALSE","FALSE","6.37375216681416","5.81098812971667","0.562764037097485","0.288","0.031","0.019","1,2,4,5,6,10,11",0.0217549956027031,FALSE,0,4,7,0,7,0,0.636363636363636
"S.EB.b",9,40,0.33,"FALSE","FALSE","FALSE","5.86717441423307","3.88891199729983","1.97826241693324","0.443","0.031","0.021","1,2,4,5,6,8",0.0531733740310098,FALSE,0,5,6,0,6,0,0.545454545454545
"S.EB.b",90,40,0.33,"FALSE","FALSE","FALSE","4.79107084117958","1.50207188245152","3.28899895872806","0.404","0.032","0.016","7,12,22,36,51,64",0.191982576723184,FALSE,5,10,6,5,1,0.833333333333333,0.0909090909090909
"S.EB.b",91,40,0.33,"FALSE","FALSE","FALSE","40","13","27","0.153","0.031","0.022","1,2,3,5,6,7,9,10,11,13,14,15,16,17,18,20,21,22,24,26,28,32,33,36,38,40,41,43,47,53,54,55,58,59,61,62,66,69,70",0.0597973329961716,FALSE,30,2,39,30,9,0.769230769230769,0.818181818181818
"S.EB.b",92,40,0.33,"FALSE","FALSE","FALSE","5.19093196508904","2.36554126654054","2.8253906985485","0.413","0.032","0.021","1,6,9,10,11,32,33,46,54,66,67",0.146943784222739,FALSE,6,6,11,6,5,0.545454545454545,0.454545454545455
"S.EB.b",93,40,0.33,"FALSE","FALSE","FALSE","7.06288911977387","2.85907851124437","4.20381060852951","0.513","0.03","0.02","1,6,10,11,14,18,23,27,32,36,40,41,42,49,53,57",0.134481246151543,FALSE,12,7,16,12,4,0.75,0.363636363636364
"S.EB.b",94,40,0.33,"FALSE","FALSE","FALSE","6.37846884364865","2.34528082042821","4.03318802322043","0.311","0.03","0.02","1,7,10,14,22,33,36,54,55,56,71",0.158948776913797,FALSE,8,8,11,8,3,0.727272727272727,0.272727272727273
"S.EB.b",95,40,0.33,"FALSE","FALSE","FALSE","5.38254276460404","4.64262596693296","0.739916797671077","0.364","0.029","0.018","1,2,3,4,5,6,10,11",0.0131681651089991,FALSE,0,3,8,0,8,0,0.727272727272727
"S.EB.b",96,40,0.33,"FALSE","FALSE","FALSE","5.31405645866019","2.39422530837333","2.91983115028686","0.553","0.031","0.02","1,2,4,6,10,11,69",0.0455169865946367,FALSE,1,5,7,1,6,0.142857142857143,0.545454545454545
"S.EB.b",97,40,0.33,"FALSE","FALSE","FALSE","7.60328465511745","5.12246446582539","2.48082018929206","0.408","0.031","0.02","1,3,4,5,6,7,10,20,26,52,55,64",0.0576641897325298,FALSE,5,4,12,5,7,0.416666666666667,0.636363636363636
"S.EB.b",98,40,0.33,"FALSE","FALSE","FALSE","4.93031328654972","2.58191688275525","2.34839640379447","0.43","0.031","0.015","4,7,9,12,22,64",0.170971476686886,FALSE,3,8,6,3,3,0.5,0.272727272727273
"S.EB.b",99,40,0.33,"FALSE","FALSE","FALSE","6.32812807000248","4.97835701484837","1.34977105515411","0.33","0.028","0.017","1,2,4,5,6,8,10",0.0373167928923978,FALSE,0,4,7,0,7,0,0.636363636363636
"scad.cv",1,40,0.33,"FALSE","FALSE","FALSE","7.25162196299473","5.03752986411447","2.21409209888027","0.519","0.035","0.021","2,4,9,10,12,22,57,59,66",0.182489593238519,FALSE,5,7,9,5,4,0.555555555555556,0.363636363636364
"scad.cv",10,40,0.33,"FALSE","FALSE","FALSE","6.01773480908255","4.22049286267569","1.79724194640686","0.449","0.033","0.022","1,3,6,10,11,14,18,27,36,53,64",0.135572693083004,FALSE,6,6,11,6,5,0.545454545454545,0.454545454545455
"scad.cv",100,40,0.33,"FALSE","FALSE","FALSE","4.98209580472968","2.85812651615334","2.12396928857634","0.45","0.03","0.019","1,6,8,10,14,30,32,33",0.129498264287295,FALSE,4,7,8,4,4,0.5,0.363636363636364
"scad.cv",11,40,0.33,"FALSE","FALSE","FALSE","4.7139383732594","2.62904046637036","2.08489790688904","0.532","0.032","0.019","1,3,6,8,10,14,16,30,42",0.117095338598962,FALSE,4,6,9,4,5,0.444444444444444,0.454545454545455
"scad.cv",12,40,0.33,"FALSE","FALSE","FALSE","5.66740058572008","4.27767146425734","1.38972912146274","0.341","0.03","0.02","1,2,3,5,6,10,14,31,62",0.0769753074789932,FALSE,3,5,9,3,6,0.333333333333333,0.545454545454545
"scad.cv",13,40,0.33,"FALSE","FALSE","FALSE","6.69275741155513","3.73845673533345","2.95430067622168","0.394","0.032","0.021","1,3,5,6,7,8,10,14,20,22,31,36,43,51,55,56,60,64,71",0.0555007522708873,FALSE,12,4,19,12,7,0.631578947368421,0.636363636363636
"scad.cv",14,40,0.33,"FALSE","FALSE","FALSE","6.3144404234883","4.25532181653722","2.05911860695108","0.374","0.029","0.02","1,2,3,4,5,6,7,8,10,16,20,22,24,31,32,40,49,59",0.040880430926669,FALSE,9,2,18,9,9,0.5,0.818181818181818
"scad.cv",15,40,0.33,"FALSE","FALSE","FALSE","5.51132591035161","3.59498412461384","1.91634178573777","0.386","0.031","0.02","1,2,3,5,6,7,8,9,10,14,20,22,28,29,36,49,69",0.0526632188109137,FALSE,8,2,17,8,9,0.470588235294118,0.818181818181818
"scad.cv",16,40,0.33,"FALSE","FALSE","FALSE","5.65077188180289","2.59194306606645","3.05882881573644","0.522","0.03","0.021","1,2,3,5,6,7,8,10,12,14,16,22,31,47,49,55,59,68,69",0.0604098741631374,FALSE,11,3,19,11,8,0.578947368421053,0.727272727272727
"scad.cv",17,40,0.33,"FALSE","FALSE","FALSE","6.84576270094523","4.30365540404873","2.5421072968965","0.394","0.031","0.017","2,3,7,10,16,22,43,52,66",0.182659774766446,FALSE,5,7,9,5,4,0.555555555555556,0.363636363636364
"scad.cv",18,40,0.33,"FALSE","FALSE","FALSE","4.75189069517799","2.54554322149957","2.20634747367842","0.449","0.031","0.015","1,7,16,20,22",0.272411570634141,FALSE,3,9,5,3,2,0.6,0.181818181818182
"scad.cv",19,40,0.33,"FALSE","FALSE","FALSE","5.70438079184987","2.32012610045013","3.38425469139974","0.608","0.03","0.021","1,3,5,6,7,8,10,12,14,19,20,22,24,31,36,43,49,55,59,66",0.0368142526858409,FALSE,13,4,20,13,7,0.65,0.636363636363636
"scad.cv",2,40,0.33,"FALSE","FALSE","FALSE","6.45944125679855","4.18916419958304","2.27027705721551","0.264","0.03","0.02","1,2,4,5,6,8,9,45",0.0821503867982024,FALSE,1,4,8,1,7,0.125,0.636363636363636
"scad.cv",20,40,0.33,"FALSE","FALSE","FALSE","5.61639616577908","1.91006727662372","3.70632888915536","0.507","0.03","0.017","2,7,10,12,14,16,22,36,43,59,66",0.266778727083299,FALSE,8,8,11,8,3,0.727272727272727,0.272727272727273
"scad.cv",21,40,0.33,"FALSE","FALSE","FALSE","6.93053476758112","5.14969401796313","1.78084074961798","0.455","0.032","0.021","6,10,14,15,18,30,31,34,36,52,55,70",0.202531935678107,FALSE,10,9,12,10,2,0.833333333333333,0.181818181818182
"scad.cv",22,40,0.33,"FALSE","FALSE","FALSE","6.99316574634321","2.30371050285948","4.68945524348373","0.361","0.029","0.02","4,5,6,10,12,48,64",0.0898719802294934,FALSE,3,7,7,3,4,0.428571428571429,0.363636363636364
"scad.cv",23,40,0.33,"FALSE","FALSE","FALSE","5.69093911109185","3.59343369011629","2.09750542097556","0.419","0.029","0.019","3,5,6,7,8,10,11,12,14,20,22,24,31,32,42,47,49,57,59",0.052635652950482,FALSE,12,4,19,12,7,0.631578947368421,0.636363636363636
"scad.cv",24,40,0.33,"FALSE","FALSE","FALSE","4.84709904583536","4.1724123882545","0.674686657580858","0.329","0.029","0.018","1,3,4,5,6,8,10,14,53",0.0572839828095139,FALSE,2,4,9,2,7,0.222222222222222,0.636363636363636
"scad.cv",25,40,0.33,"FALSE","FALSE","FALSE","4.94684457170804","2.60865309669686","2.33819147501118","0.428","0.03","0.018","2,7,9,12,16,20,22,52,59",0.243006755425717,FALSE,6,8,9,6,3,0.666666666666667,0.272727272727273
"scad.cv",26,40,0.33,"FALSE","FALSE","FALSE","5.37329677354441","2.49660360174569","2.87669317179873","0.526","0.031","0.019","2,7,9,16,22,35,49,57,58,59",0.210979406680955,FALSE,7,8,10,7,3,0.7,0.272727272727273
"scad.cv",27,40,0.33,"FALSE","FALSE","FALSE","5.2943940903378","4.10538765975585","1.18900643058196","0.42","0.029","0.02","2,3,5,6,7,8,10,14,16,20,22,29,59,68",0.0519893128557986,FALSE,7,4,14,7,7,0.5,0.636363636363636
"scad.cv",28,40,0.33,"FALSE","FALSE","FALSE","4.82452850526262","2.28668632407933","2.53784218118329","0.588","0.033","0.021","1,2,3,4,5,6,8,10,11,12,14,16,19,20,22,27,28,29,37,49,55,68",0.0511999969211289,FALSE,13,2,22,13,9,0.590909090909091,0.818181818181818
"scad.cv",29,40,0.33,"FALSE","FALSE","FALSE","5.74876710579874","2.625235077774","3.12353202802474","0.541","0.03","0.019","2,5,6,7,8,10,12,14,16,20,22,31,42,49,59",0.0845518435477915,FALSE,9,5,15,9,6,0.6,0.545454545454545
"scad.cv",3,40,0.33,"FALSE","FALSE","FALSE","6.44748251127518","3.10844764726349","3.33903486401169","0.236","0.029","0.02","4,5,6,9,12,49,64",0.0953164360106929,FALSE,3,7,7,3,4,0.428571428571429,0.363636363636364
"scad.cv",30,40,0.33,"FALSE","FALSE","FALSE","5.96450193889206","3.10444826353347","2.86005367535858","0.512","0.029","0.021","1,10,14,16,36,40,52,71",0.194000744409577,FALSE,6,9,8,6,2,0.75,0.181818181818182
"scad.cv",31,40,0.33,"FALSE","FALSE","FALSE","5.30553959417819","3.34934935856974","1.95619023560845","0.493","0.029","0.022","1,2,3,5,6,10,11,52",0.0325875655761696,FALSE,1,4,8,1,7,0.125,0.636363636363636
"scad.cv",32,40,0.33,"FALSE","FALSE","FALSE","5.54708800923319","1.25366410313717","4.29342390609602","0.42","0.03","0.018","6,7,10,16,22,27,49,55,59",0.180059201970532,FALSE,6,8,9,6,3,0.666666666666667,0.272727272727273
"scad.cv",33,40,0.33,"FALSE","FALSE","FALSE","5.37533115637303","2.87927416563382","2.49605699073921","0.455","0.03","0.021","1,3,5,6,10,14,19,30,33,36,59",0.0730801827800121,FALSE,6,6,11,6,5,0.545454545454545,0.454545454545455
"scad.cv",34,40,0.33,"FALSE","FALSE","FALSE","4.75365033771193","2.48940738336784","2.26424295434409","0.419","0.03","0.017","1,2,7,9,12,14,22,43,49,52",0.259927686558004,FALSE,6,7,10,6,4,0.6,0.363636363636364
"scad.cv",35,40,0.33,"FALSE","FALSE","FALSE","5.37584472363585","4.53726582163502","0.838578902000826","0.36","0.031","0.021","1,4,5,6,8,10,11,12,16,20,22,28,29,31,32,35,42,43,59,68",0.0517019077342271,FALSE,13,4,20,13,7,0.65,0.636363636363636
"scad.cv",36,40,0.33,"FALSE","FALSE","FALSE","9.58826686654251","5.34390123123198","4.24436563531053","0.534","0.031","0.022","1,2,3,6,7,10,15,17,36,37,52,66",0.111777531222406,FALSE,6,5,12,6,6,0.5,0.545454545454545
"scad.cv",37,40,0.33,"FALSE","FALSE","FALSE","6.6910521463232","6.2646045653336","0.426447580989606","0.256","0.028","0.02","2,5,6,10,15,30,34,39,49,57,65,69",0.159845294701585,FALSE,8,7,12,8,4,0.666666666666667,0.363636363636364
"scad.cv",38,40,0.33,"FALSE","FALSE","FALSE","5.48688386825541","3.73517953351371","1.7517043347417","0.378","0.03","0.021","2,4,5,6,7,8,12,48,49,53,55",0.0848778529797015,FALSE,5,5,11,5,6,0.454545454545455,0.545454545454545
"scad.cv",39,40,0.33,"FALSE","FALSE","FALSE","5.14047259986232","3.81391844273146","1.32655415713086","0.413","0.028","0.019","3,5,6,7,8,10,14,28,47",0.0646049517961576,FALSE,3,5,9,3,6,0.333333333333333,0.545454545454545
"scad.cv",4,40,0.33,"FALSE","FALSE","FALSE","4.92209922723936","4.22293781640872","0.699161410830636","0.398","0.029","0.019","2,3,5,6,7,8,10,12,45,67",0.0764423491331201,FALSE,3,4,10,3,7,0.3,0.636363636363636
"scad.cv",40,40,0.33,"FALSE","FALSE","FALSE","5.54104992906619","2.43075526881041","3.11029466025578","0.645","0.032","0.016","1,2,6,11,16,17,22,37,43,59,69",0.173087419616601,FALSE,7,7,11,7,4,0.636363636363636,0.363636363636364
"scad.cv",41,40,0.33,"FALSE","FALSE","FALSE","6.20608469025605","3.05297917800168","3.15310551225437","0.402","0.03","0.018","2,12,16,22,52,59",0.315153918184026,FALSE,5,10,6,5,1,0.833333333333333,0.0909090909090909
"scad.cv",42,40,0.33,"FALSE","FALSE","FALSE","5.00457674895298","3.59174179425499","1.41283495469799","0.357","0.028","0.017","7,9,16,22,59",0.290660912100546,FALSE,3,9,5,3,2,0.6,0.181818181818182
"scad.cv",43,40,0.33,"FALSE","FALSE","FALSE","5.47015113422451","1.75684079490133","3.71331033932317","0.342","0.03","0.02","1,2,3,4,5,6,8,10,20,22,28,49,52,66",0.0564796068351842,FALSE,6,3,14,6,8,0.428571428571429,0.727272727272727
"scad.cv",44,40,0.33,"FALSE","FALSE","FALSE","6.16754766971906","4.9600518919154","1.20749577780366","0.401","0.029","0.019","1,3,7,10,11,22",0.0810623284369721,FALSE,1,6,6,1,5,0.166666666666667,0.454545454545455
"scad.cv",45,40,0.33,"FALSE","FALSE","FALSE","4.94676458843763","3.51957175711931","1.42719283131832","0.422","0.031","0.02","3,5,6,8,10,14,20,22,47,49,59,68",0.0763681981232824,FALSE,7,6,12,7,5,0.583333333333333,0.454545454545455
"scad.cv",46,40,0.33,"FALSE","FALSE","FALSE","6.87462305936273","0.611371592696401","6.26325146666633","0.45","0.03","0.023","10,14,35,36,37,40,49,51,52,55,57",0.180913843807771,FALSE,10,10,11,10,1,0.909090909090909,0.0909090909090909
"scad.cv",47,40,0.33,"FALSE","FALSE","FALSE","5.37807943288491","3.47864924516567","1.89943018771924","0.465","0.03","0.02","1,6,8,10,11,16,33,45,58",0.111360757722122,FALSE,4,6,9,4,5,0.444444444444444,0.454545454545455
"scad.cv",48,40,0.33,"FALSE","FALSE","FALSE","4.85225067611101","2.50806324584734","2.34418743026368","0.522","0.031","0.021","3,6,10,11,15,17,21,28,34,42,45,64,71",0.161228469434128,FALSE,9,7,13,9,4,0.692307692307692,0.363636363636364
"scad.cv",49,40,0.33,"FALSE","FALSE","FALSE","8.3059493177318","4.76568602655474","3.54026329117706","0.332","0.028","0.021","1,6,14,18,24,49,57,65",0.216087978057785,FALSE,6,9,8,6,2,0.75,0.181818181818182
"scad.cv",5,40,0.33,"FALSE","FALSE","FALSE","5.89121031230702","3.62165636848815","2.26955394381887","0.461","0.032","0.02","1,3,5,10,60,66",0.089258484585202,FALSE,2,7,6,2,4,0.333333333333333,0.363636363636364
"scad.cv",50,40,0.33,"FALSE","FALSE","FALSE","5.73999204887069","3.86895428519688","1.87103776367381","0.379","0.029","0.018","3,6,7,10,12,16,17,22,43",0.179301563860642,FALSE,5,7,9,5,4,0.555555555555556,0.363636363636364
"scad.cv",51,40,0.33,"FALSE","FALSE","FALSE","8.29083931359851","2.18480745900165","6.10603185459685","0.442","0.031","0.019","2,10,16,22,52,59,61",0.196701783399766,FALSE,5,9,7,5,2,0.714285714285714,0.181818181818182
"scad.cv",52,40,0.33,"FALSE","FALSE","FALSE","5.51429994117416","3.49036114422057","2.0239387969536","0.513","0.033","0.023","1,3,5,6,8,10,12,14,20,24,27,36,41,46,49,51",0.0515845864097483,FALSE,10,5,16,10,6,0.625,0.545454545454545
"scad.cv",53,40,0.33,"FALSE","FALSE","FALSE","6.25295022743069","4.32155797560493","1.93139225182577","0.389","0.03","0.021","2,4,9,10,11,16,22,27,43,52,57,59",0.181194037364295,FALSE,7,6,12,7,5,0.583333333333333,0.454545454545455
"scad.cv",54,40,0.33,"FALSE","FALSE","FALSE","5.95001989069816","4.53190123421617","1.41811865648199","0.395","0.029","0.022","1,3,5,6,10,14,18,34,35,36,48",0.118014593702932,FALSE,6,6,11,6,5,0.545454545454545,0.454545454545455
"scad.cv",55,40,0.33,"FALSE","FALSE","FALSE","6.91900508004952","6.18953399220733","0.729471087842183","0.342","0.029","0.019","1,2,3,5,6,8,10,14",0.0374835420402217,FALSE,1,4,8,1,7,0.125,0.636363636363636
"scad.cv",56,40,0.33,"FALSE","FALSE","FALSE","4.9552833212846","2.2811214929053","2.6741618283793","0.342","0.031","0.019","2,7,16,22,52,59",0.333840816270356,FALSE,4,9,6,4,2,0.666666666666667,0.181818181818182
"scad.cv",57,40,0.33,"FALSE","FALSE","FALSE","4.84769602848083","3.45499477589197","1.39270125258887","0.444","0.031","0.021","1,3,4,5,6,7,8,9,10,20,22,28,29,55,59,69",0.0419521067809492,FALSE,7,2,16,7,9,0.4375,0.818181818181818
"scad.cv",58,40,0.33,"FALSE","FALSE","FALSE","5.2608787251336","2.93361237267328","2.32726635246032","0.458","0.031","0.021","2,6,10,30,34,36",0.238894930151279,FALSE,3,8,6,3,3,0.5,0.272727272727273
"scad.cv",59,40,0.33,"FALSE","FALSE","FALSE","5.16042288474688","3.89519325303311","1.26522963171377","0.419","0.031","0.02","1,3,5,6,9,10,11,17,18,31,70",0.0800424164038246,FALSE,4,4,11,4,7,0.363636363636364,0.636363636363636
"scad.cv",6,40,0.33,"FALSE","FALSE","FALSE","5.65429835704365","2.70118626473431","2.95311209230934","0.423","0.031","0.019","1,6,10,12,14,22,31,32,36,54",0.166715134839073,FALSE,7,8,10,7,3,0.7,0.272727272727273
"scad.cv",60,40,0.33,"FALSE","FALSE","FALSE","7.1806563781495","4.88817142071786","2.29248495743164","0.303","0.029","0.021","1,3,5,6,10,14,29,36",0.0732623570910657,FALSE,3,6,8,3,5,0.375,0.454545454545455
"scad.cv",61,40,0.33,"FALSE","FALSE","FALSE","5.10667930378042","3.80028241055746","1.30639689322296","0.355","0.029","0.017","1,3,5,6,8,10,36,70",0.039233373260292,FALSE,2,5,8,2,6,0.25,0.545454545454545
"scad.cv",62,40,0.33,"FALSE","FALSE","FALSE","5.52812257389025","4.69413019383226","0.833992380057989","0.365","0.029","0.02","3,4,5,6,10,12,33",0.071975189763915,FALSE,2,6,7,2,5,0.285714285714286,0.454545454545455
"scad.cv",63,40,0.33,"FALSE","FALSE","FALSE","5.54230689148889","2.12421627427546","3.41809061721344","0.434","0.029","0.019","6,7,9,10,12,14,22,36,40,64",0.222765603213407,FALSE,6,7,10,6,4,0.6,0.363636363636364
"scad.cv",64,40,0.33,"FALSE","FALSE","FALSE","30.7407114258604","7.67544658360849","23.0652648422519","0.322","0.03","0.021","1,3,6,10,14,32,33,34,36,69",0.175130767544964,FALSE,6,7,10,6,4,0.6,0.363636363636364
"scad.cv",65,40,0.33,"FALSE","FALSE","FALSE","6.1229163319671","4.85424024221493","1.26867608975217","0.476","0.033","0.023","1,2,3,5,6,9,10,11,26,71",0.0564512553155979,FALSE,2,3,10,2,8,0.2,0.727272727272727
"scad.cv",66,40,0.33,"FALSE","FALSE","FALSE","5.81299921776197","3.08612328577759","2.72687593198438","0.58","0.03","0.023","1,2,3,5,6,7,8,9,10,14,22,29,31,35,36,47,49,59,68",0.030238495078458,FALSE,10,2,19,10,9,0.526315789473684,0.818181818181818
"scad.cv",67,40,0.33,"FALSE","FALSE","FALSE","5.47299779405995","2.89909154481328","2.57390624924667","0.537","0.03","0.017","7,9,17,21,22,31,52,63",0.193382626032669,FALSE,6,9,8,6,2,0.75,0.181818181818182
"scad.cv",68,40,0.33,"FALSE","FALSE","FALSE","5.76775959345504","3.44850217596154","2.3192574174935","0.452","0.03","0.021","2,3,4,5,6,7,8,10,41,52,56,57",0.0905051977582096,FALSE,4,3,12,4,8,0.333333333333333,0.727272727272727
"scad.cv",69,40,0.33,"FALSE","FALSE","FALSE","6.55379548510634","2.51241726992558","4.04137821518076","0.596","0.031","0.019","1,3,5,6,8,10,14,20,22,28,29,31,42,43,49,59",0.0845262439487948,FALSE,10,5,16,10,6,0.625,0.545454545454545
"scad.cv",7,40,0.33,"FALSE","FALSE","FALSE","5.84104468841461","4.44018411426538","1.40086057414924","0.424","0.029","0.021","3,5,6,7,8,10,11,12,14,20,22,24,28,36,43,49,60",0.0440637609646419,FALSE,10,4,17,10,7,0.588235294117647,0.636363636363636
"scad.cv",70,40,0.33,"FALSE","FALSE","FALSE","5.7596636612697","2.96758777494362","2.79207588632607","0.454","0.032","0.021","1,3,5,6,7,8,10,11,12,14,16,17,22,32,36,49,59,68",0.0829967848762003,FALSE,10,3,18,10,8,0.555555555555556,0.727272727272727
"scad.cv",71,40,0.33,"FALSE","FALSE","FALSE","6.29905103437156","3.3567849857027","2.94226604866886","0.379","0.029","0.02","3,7,9,10,14,22,57,59",0.165304894700014,FALSE,4,7,8,4,4,0.5,0.363636363636364
"scad.cv",72,40,0.33,"FALSE","FALSE","FALSE","5.68396658700539","2.78988776951012","2.89407881749527","0.635","0.03","0.021","1,3,4,5,6,7,8,10,12,20,22,24,28,32,47,49,55,66,69",0.070609428864629,FALSE,11,3,19,11,8,0.578947368421053,0.727272727272727
"scad.cv",73,40,0.33,"FALSE","FALSE","FALSE","5.89613433281207","4.50705015227497","1.38908418053709","0.522","0.029","0.018","2,4,6,10,14,16,22,45,59",0.166339361346411,FALSE,5,7,9,5,4,0.555555555555556,0.363636363636364
"scad.cv",74,40,0.33,"FALSE","FALSE","FALSE","11.7370447866388","5.4261396493816","6.31090513725723","0.474","0.029","0.02","1,2,5,6,8,10,20,32,41,59",0.0968627169330833,FALSE,4,5,10,4,6,0.4,0.545454545454545
"scad.cv",75,40,0.33,"FALSE","FALSE","FALSE","5.59225932865613","2.82632025781825","2.76593907083788","0.326","0.029","0.018","2,6,10,14,22,30,52,59,71",0.121434774582593,FALSE,6,8,9,6,3,0.666666666666667,0.272727272727273
"scad.cv",76,40,0.33,"FALSE","FALSE","FALSE","4.75679212714426","3.31296792705544","1.44382420008882","0.221","0.031","0.019","4,5,6,7,8,21,38",0.0821619218576308,FALSE,2,6,7,2,5,0.285714285714286,0.454545454545455
"scad.cv",77,40,0.33,"FALSE","FALSE","FALSE","5.74407982148535","1.67009853110695","4.0739812903784","0.29","0.029","0.016","7,9,10,21,22,52,59,70",0.234911561688626,FALSE,5,8,8,5,3,0.625,0.272727272727273
"scad.cv",78,40,0.33,"FALSE","FALSE","FALSE","6.89332371090824","5.11714713045397","1.77617658045428","0.354","0.029","0.019","1,2,4,5,6,8,14,30,41,52",0.115801376019034,FALSE,4,5,10,4,6,0.4,0.545454545454545
"scad.cv",79,40,0.33,"FALSE","FALSE","FALSE","4.95468090980239","2.87067851243445","2.08400239736794","0.413","0.03","0.02","2,6,7,10,11,14,15,17,30,31,33,34,36,43,48,59,62,69",0.147500939151143,FALSE,13,6,18,13,5,0.722222222222222,0.454545454545455
"scad.cv",8,40,0.33,"FALSE","FALSE","FALSE","6.60782019830114","4.71954264610455","1.88827755219659","0.476","0.03","0.024","1,2,3,4,6,10,11,50,69",0.0909444772134889,FALSE,2,4,9,2,7,0.222222222222222,0.636363636363636
"scad.cv",80,40,0.33,"FALSE","FALSE","FALSE","6.95539686331653","4.92699116250098","2.02840570081555","0.469","0.029","0.018","2,7,9,10,14,16,17,22,52,59",0.310184694412294,FALSE,6,7,10,6,4,0.6,0.363636363636364
"scad.cv",81,40,0.33,"FALSE","FALSE","FALSE","6.12236522989729","4.768896174923","1.35346905497429","0.308","0.029","0.019","1,2,4,5,6,7,8,10,24,30,52",0.0466719276936795,FALSE,3,3,11,3,8,0.272727272727273,0.727272727272727
"scad.cv",82,40,0.33,"FALSE","FALSE","FALSE","5.92171024003803","5.23807279115749","0.683637448880537","0.402","0.029","0.019","2,3,4,5,6,8,10,41,56",0.0722849733907501,FALSE,2,4,9,2,7,0.222222222222222,0.636363636363636
"scad.cv",83,40,0.33,"FALSE","FALSE","FALSE","4.70239778842894","3.234367823368","1.46802996506094","0.412","0.03","0.019","2,4,5,6,9,12,13",0.127840796789326,FALSE,2,6,7,2,5,0.285714285714286,0.454545454545455
"scad.cv",84,40,0.33,"FALSE","FALSE","FALSE","5.16152213858262","4.09172862298364","1.06979351559898","0.34","0.03","0.02","1,2,3,4,5,6,7,8,10,15,20,22,27,32,40,43,52",0.0366112221927498,FALSE,8,2,17,8,9,0.470588235294118,0.818181818181818
"scad.cv",85,40,0.33,"FALSE","FALSE","FALSE","6.39106109163","3.66251967985271","2.72854141177729","0.383","0.03","0.019","2,4,5,6,8,10,33,41,47,56,65",0.081741469299262,FALSE,5,5,11,5,6,0.454545454545455,0.545454545454545
"scad.cv",86,40,0.33,"FALSE","FALSE","FALSE","6.33061359385261","4.98955247678211","1.3410611170705","0.316","0.033","0.021","2,6,10,14,16,30,36,42,49",0.135079495245326,FALSE,6,8,9,6,3,0.666666666666667,0.272727272727273
"scad.cv",87,40,0.33,"FALSE","FALSE","FALSE","6.08100547555106","5.03693077205967","1.04407470349139","0.437","0.031","0.021","1,6,10,11,14,18,27,36",0.12081731413001,FALSE,4,7,8,4,4,0.5,0.363636363636364
"scad.cv",88,40,0.33,"FALSE","FALSE","FALSE","5.90044763117223","2.93105067837834","2.96939695279388","0.479","0.031","0.022","3,5,6,8,9,10,11,12,14,20,22,27,31,32,36,43,47,49,51,55,59,60",0.0591671043373913,FALSE,15,4,22,15,7,0.681818181818182,0.636363636363636
"scad.cv",89,40,0.33,"FALSE","FALSE","FALSE","6.37375216681416","5.81098812971667","0.562764037097485","0.288","0.031","0.019","1,5,6,7,8,10,12,14,16,20,22,28,31,49,59",0.0737691193212654,FALSE,9,5,15,9,6,0.6,0.545454545454545
"scad.cv",9,40,0.33,"FALSE","FALSE","FALSE","5.86717441423307","3.88891199729983","1.97826241693324","0.443","0.031","0.021","1,2,4,5,6,8,45,49,51,70",0.0637703815004171,FALSE,4,5,10,4,6,0.4,0.545454545454545
"scad.cv",90,40,0.33,"FALSE","FALSE","FALSE","4.79107084117958","1.50207188245152","3.28899895872806","0.404","0.032","0.016","7,9,12,22,36,51,64",0.228282440643499,FALSE,5,9,7,5,2,0.714285714285714,0.181818181818182
"scad.cv",91,40,0.33,"FALSE","FALSE","FALSE","40","13","27","0.153","0.031","0.022","1,2,3,5,6,8,10,11,13,20,22,27,29,31,32,40,43,49,66",0.0351389300942272,FALSE,11,3,19,11,8,0.578947368421053,0.727272727272727
"scad.cv",92,40,0.33,"FALSE","FALSE","FALSE","5.19093196508904","2.36554126654054","2.8253906985485","0.413","0.032","0.021","10,16,30,34,36,49,66",0.238723937680394,FALSE,6,10,7,6,1,0.857142857142857,0.0909090909090909
"scad.cv",93,40,0.33,"FALSE","FALSE","FALSE","7.06288911977387","2.85907851124437","4.20381060852951","0.513","0.03","0.02","1,6,10,11,32,33,37,66",0.137178971751301,FALSE,4,7,8,4,4,0.5,0.363636363636364
"scad.cv",94,40,0.33,"FALSE","FALSE","FALSE","6.37846884364865","2.34528082042821","4.03318802322043","0.311","0.03","0.02","1,10,14,34,36,54",0.175569599735344,FALSE,4,9,6,4,2,0.666666666666667,0.181818181818182
"scad.cv",95,40,0.33,"FALSE","FALSE","FALSE","5.38254276460404","4.64262596693296","0.739916797671077","0.364","0.029","0.018","7,9,14,20,22,49,59",0.21036280860319,FALSE,5,9,7,5,2,0.714285714285714,0.181818181818182
"scad.cv",96,40,0.33,"FALSE","FALSE","FALSE","5.31405645866019","2.39422530837333","2.91983115028686","0.553","0.031","0.02","1,2,3,4,5,6,7,10,12,16,22,27,31,43,47,49,69",0.0596187603186336,FALSE,9,3,17,9,8,0.529411764705882,0.727272727272727
"scad.cv",97,40,0.33,"FALSE","FALSE","FALSE","7.60328465511745","5.12246446582539","2.48082018929206","0.408","0.031","0.02","1,3,5,6,10,26,50,52,53",0.0827969381515863,FALSE,4,6,9,4,5,0.444444444444444,0.454545454545455
"scad.cv",98,40,0.33,"FALSE","FALSE","FALSE","4.93031328654972","2.58191688275525","2.34839640379447","0.43","0.031","0.015","7,9,12,16,22,52,59",0.289718850467227,FALSE,5,9,7,5,2,0.714285714285714,0.181818181818182
"scad.cv",99,40,0.33,"FALSE","FALSE","FALSE","6.32812807000248","4.97835701484837","1.34977105515411","0.33","0.028","0.017","2,5,7,8,10,22,57,59",0.178950346961814,FALSE,3,6,8,3,5,0.375,0.454545454545455
