"method","sim","n","betamin","is.true.model.intop.kappa.o","is.true.model.intop.kappa.oplusLASSO","is.s.hat.nan","s.hat","s0.hat","s1.hat","time.l0","time.lasso.cv","time.scad.cv","sel.model","est.mse","recovery","nb.tI","nb.tII","est.size","FP","TP","FDR","power"
"EBIC",1,600,0.33,"TRUE","TRUE","FALSE","19.4447330819948","18.2930484351788","1.15168464681595","15.288","0.561","1.444","1,2,3,4,5,6,7,8,9,10,11,12,13,14,15,16,17,18,19,20",7.49015466646081e-05,TRUE,0,0,20,0,20,0,1
"EBIC",10,600,0.33,"TRUE","TRUE","FALSE","19.4985147143643","19.3624742098218","0.13604050454251","14.831","0.468","1.172","1,2,3,4,5,6,7,8,9,10,11,12,13,14,15,16,17,18,19,20",6.93396250280244e-05,TRUE,0,0,20,0,20,0,1
"EBIC",100,600,0.33,"TRUE","TRUE","FALSE","20.2067360995544","19.916732069631","0.290004029923384","16.548","0.425","1.172","1,2,3,4,5,6,7,8,9,10,11,12,13,14,15,16,17,18,19,20,266,288",0.000189246454884642,FALSE,2,0,22,2,20,0.0909090909090909,1
"EBIC",11,600,0.33,"TRUE","TRUE","FALSE","20.2815319028013","17.9991164920498","2.28241541075151","15.544","0.555","1.182","1,2,3,4,5,6,7,8,9,10,11,12,13,14,15,16,17,18,19,20,236",0.000217124122415568,FALSE,1,0,21,1,20,0.0476190476190476,1
"EBIC",12,600,0.33,"TRUE","TRUE","FALSE","20.2564916400703","20.0019967881343","0.254494851936085","15.373","0.466","1.401","1,2,3,4,5,6,7,8,9,10,11,12,13,14,15,16,17,18,19,20,840",0.000108515486290723,FALSE,1,0,21,1,20,0.0476190476190476,1
"EBIC",13,600,0.33,"TRUE","TRUE","FALSE","20.1197108369293","19.0004762105846","1.11923462634472","13.745","0.457","1.357","1,2,3,4,5,6,7,8,9,10,11,12,13,14,15,16,17,18,19,20",9.31070449681143e-05,TRUE,0,0,20,0,20,0,1
"EBIC",14,600,0.33,"TRUE","TRUE","FALSE","20.1205960363854","18.9984673188882","1.12212871749717","13.802","0.431","1.227","1,2,3,4,5,6,7,8,9,10,11,12,13,14,15,16,17,18,19,20",5.63312831710247e-05,TRUE,0,0,20,0,20,0,1
"EBIC",15,600,0.33,"TRUE","TRUE","FALSE","20.140717677672","20.0004148144685","0.140302863203452","14.672","0.477","1.333","1,2,3,4,5,6,7,8,9,10,11,12,13,14,15,16,17,18,19,20",5.34104191991079e-05,TRUE,0,0,20,0,20,0,1
"EBIC",16,600,0.33,"TRUE","TRUE","FALSE","20.1467702724956","20.0003990533859","0.146371219109627","14.063","0.444","1.236","1,2,3,4,5,6,7,8,9,10,11,12,13,14,15,16,17,18,19,20",8.16275714129626e-05,TRUE,0,0,20,0,20,0,1
"EBIC",17,600,0.33,"TRUE","TRUE","FALSE","20.0275447007704","16.9067325607004","3.12081214007004","14.61","0.458","1.176","1,2,3,4,5,6,7,8,9,10,11,12,13,14,15,16,17,18,19,20",0.000108633398235281,TRUE,0,0,20,0,20,0,1
"EBIC",18,600,0.33,"TRUE","TRUE","FALSE","20.2468763522211","17.9998486766787","2.24702767554245","14.421","0.501","1.201","1,2,3,4,5,6,7,8,9,10,11,12,13,14,15,16,17,18,19,20,508",0.000151728101499503,FALSE,1,0,21,1,20,0.0476190476190476,1
"EBIC",19,600,0.33,"TRUE","TRUE","FALSE","20.1111807959226","20.0000463462332","0.111134449689392","13.902","0.43","1.277","1,2,3,4,5,6,7,8,9,10,11,12,13,14,15,16,17,18,19,20",7.63766141147252e-05,TRUE,0,0,20,0,20,0,1
"EBIC",2,600,0.33,"TRUE","TRUE","FALSE","20.0843941364448","19.0004082680067","1.08398586843808","13.381","0.47","1.278","1,2,3,4,5,6,7,8,9,10,11,12,13,14,15,16,17,18,19,20",7.1767040922026e-05,TRUE,0,0,20,0,20,0,1
"EBIC",20,600,0.33,"TRUE","TRUE","FALSE","20.1451129685685","20.0004812457559","0.144631722812598","13.797","0.454","1.254","1,2,3,4,5,6,7,8,9,10,11,12,13,14,15,16,17,18,19,20",9.44495001118193e-05,TRUE,0,0,20,0,20,0,1
"EBIC",21,600,0.33,"TRUE","TRUE","FALSE","20.1686343799436","19.000568814368","1.16806556557557","14.57","0.454","1.17","1,2,3,4,5,6,7,8,9,10,11,12,13,14,15,16,17,18,19,20",6.91916218939677e-05,TRUE,0,0,20,0,20,0,1
"EBIC",22,600,0.33,"TRUE","TRUE","FALSE","20.1061716781545","20.0012330216769","0.104938656477587","13.721","0.459","1.285","1,2,3,4,5,6,7,8,9,10,11,12,13,14,15,16,17,18,19,20",7.09750957838846e-05,TRUE,0,0,20,0,20,0,1
"EBIC",23,600,0.33,"TRUE","TRUE","FALSE","19.6172382286285","18.4775268703048","1.13971135832368","14.863","0.451","1.251","1,2,3,4,5,6,7,8,9,10,11,12,13,14,15,16,17,18,19,20",9.27579987651754e-05,TRUE,0,0,20,0,20,0,1
"EBIC",24,600,0.33,"TRUE","TRUE","FALSE","20.1009635382549","20.0002089849661","0.100754553288827","13.827","0.472","1.326","1,2,3,4,5,6,7,8,9,10,11,12,13,14,15,16,17,18,19,20",4.92062332224735e-05,TRUE,0,0,20,0,20,0,1
"EBIC",25,600,0.33,"TRUE","TRUE","FALSE","20.0811260857295","19.9815442598175","0.0995818259119392","13.933","0.468","1.433","1,2,3,4,5,6,7,8,9,10,11,12,13,14,15,16,17,18,19,20",8.32343733201484e-05,TRUE,0,0,20,0,20,0,1
"EBIC",26,600,0.33,"TRUE","TRUE","FALSE","20.1401849221133","18.0005765522086","2.13960836990462","14.176","0.444","1.246","1,2,3,4,5,6,7,8,9,10,11,12,13,14,15,16,17,18,19,20",5.80573882263737e-05,TRUE,0,0,20,0,20,0,1
"EBIC",27,600,0.33,"TRUE","TRUE","FALSE","20.14209809025","19.0003577940413","1.14174029620866","14.073","0.505","1.247","1,2,3,4,5,6,7,8,9,10,11,12,13,14,15,16,17,18,19,20",8.46420179697393e-05,TRUE,0,0,20,0,20,0,1
"EBIC",28,600,0.33,"TRUE","TRUE","FALSE","20.1134753228481","19.0008690621358","1.11260626071224","13.28","0.469","1.25","1,2,3,4,5,6,7,8,9,10,11,12,13,14,15,16,17,18,19,20",8.58683627095846e-05,TRUE,0,0,20,0,20,0,1
"EBIC",29,600,0.33,"TRUE","TRUE","FALSE","20.1120781067225","19.0007033601621","1.11137474656035","13.764","0.467","1.281","1,2,3,4,5,6,7,8,9,10,11,12,13,14,15,16,17,18,19,20",6.03796018095322e-05,TRUE,0,0,20,0,20,0,1
"EBIC",3,600,0.33,"TRUE","TRUE","FALSE","20.0734808138735","18.957401948857","1.11607886501652","14.469","0.458","1.35","1,2,3,4,5,6,7,8,9,10,11,12,13,14,15,16,17,18,19,20",5.51277744776043e-05,TRUE,0,0,20,0,20,0,1
"EBIC",30,600,0.33,"TRUE","TRUE","FALSE","19.1248327087793","18.0011564558915","1.12367625288781","13.134","0.461","1.266","2,3,4,5,6,7,8,9,10,11,12,13,14,15,16,17,18,19,20",0.000211140072246712,FALSE,0,1,19,0,19,0,0.95
"EBIC",31,600,0.33,"TRUE","TRUE","FALSE","19.4039519677187","19.2667825856455","0.137169382073191","15.043","0.45","1.187","1,2,3,4,5,6,7,8,9,10,11,12,13,14,15,16,17,18,19,20,802",0.000128054075110227,FALSE,1,0,21,1,20,0.0476190476190476,1
"EBIC",32,600,0.33,"TRUE","TRUE","FALSE","20.2401891986263","20.0006831269066","0.239506071719723","15.268","0.449","1.292","1,2,3,4,5,6,7,8,9,10,11,12,13,14,15,16,17,18,19,20,674",0.000134305850233691,FALSE,1,0,21,1,20,0.0476190476190476,1
"EBIC",33,600,0.33,"TRUE","TRUE","FALSE","20.1123369290908","19.0001616090647","1.11217532002609","14.441","0.469","1.269","1,2,3,4,5,6,7,8,9,10,11,12,13,14,15,16,17,18,19,20",5.77820649474415e-05,TRUE,0,0,20,0,20,0,1
"EBIC",34,600,0.33,"TRUE","TRUE","FALSE","20.0899228498301","18.9962936259493","1.09362922388083","14.041","0.537","1.371","1,2,3,4,5,6,7,8,9,10,11,12,13,14,15,16,17,18,19,20",9.44414542824371e-05,TRUE,0,0,20,0,20,0,1
"EBIC",35,600,0.33,"TRUE","TRUE","FALSE","20.1016749598494","20.0017119587601","0.099963001089258","14.335","0.521","1.283","1,2,3,4,5,6,7,8,9,10,11,12,13,14,15,16,17,18,19,20",5.6546886468517e-05,TRUE,0,0,20,0,20,0,1
"EBIC",36,600,0.33,"TRUE","TRUE","FALSE","20.1288293134958","18.9971262033353","1.13170311016047","14.147","0.441","1.223","1,2,3,4,5,6,7,8,9,10,11,12,13,14,15,16,17,18,19,20",9.39742177078209e-05,TRUE,0,0,20,0,20,0,1
"EBIC",37,600,0.33,"TRUE","TRUE","FALSE","20.1157820613392","19.0004930962225","1.11528896511669","14.17","0.433","1.238","1,2,3,4,5,6,7,8,9,10,11,12,13,14,15,16,17,18,19,20",6.22583358823213e-05,TRUE,0,0,20,0,20,0,1
"EBIC",38,600,0.33,"TRUE","TRUE","FALSE","20.1301542847743","20.0005198795494","0.129634405224857","14.397","0.478","1.237","1,2,3,4,5,6,7,8,9,10,11,12,13,14,15,16,17,18,19,20",6.88550056102477e-05,TRUE,0,0,20,0,20,0,1
"EBIC",39,600,0.33,"TRUE","TRUE","FALSE","20.1585951050723","19.0022317591606","1.15636334591173","14.194","0.461","1.352","1,2,3,4,5,6,7,8,9,10,11,12,13,14,15,16,17,18,19,20",4.55614056434592e-05,TRUE,0,0,20,0,20,0,1
"EBIC",4,600,0.33,"TRUE","TRUE","FALSE","20.179300770611","17.993274141322","2.18602662928907","14.555","0.459","1.326","1,2,3,4,5,6,7,8,9,10,11,12,13,14,15,16,17,18,19,20,221",0.000100564307175764,FALSE,1,0,21,1,20,0.0476190476190476,1
"EBIC",40,600,0.33,"TRUE","TRUE","FALSE","19.9847673564155","18.8869305315485","1.09783682486695","13.544","0.461","1.28","1,2,3,4,5,6,7,8,9,10,11,12,13,14,15,16,17,18,19,20",0.00011632590828075,TRUE,0,0,20,0,20,0,1
"EBIC",41,600,0.33,"TRUE","TRUE","FALSE","20.1649434989496","18.0002953279649","2.1646481709847","14.48","0.453","1.219","1,2,3,4,5,6,7,8,9,10,11,12,13,14,15,16,17,18,19,20,254",0.00016757109034521,FALSE,1,0,21,1,20,0.0476190476190476,1
"EBIC",42,600,0.33,"TRUE","TRUE","FALSE","20.1059861918101","16.9994137741968","3.10657241761333","14.241","0.464","1.281","1,2,3,4,5,6,7,8,9,10,11,12,13,14,15,16,17,18,19,20",0.000124896407636801,TRUE,0,0,20,0,20,0,1
"EBIC",43,600,0.33,"TRUE","TRUE","FALSE","19.7466591359613","18.6278549295494","1.11880420641193","14.282","0.447","1.256","1,2,3,4,5,6,7,8,9,10,11,12,13,14,15,16,17,18,19,20",6.59927791092322e-05,TRUE,0,0,20,0,20,0,1
"EBIC",44,600,0.33,"TRUE","TRUE","FALSE","20.0978534417838","20.0003279533362","0.0975254884475703","14","0.46","1.337","1,2,3,4,5,6,7,8,9,10,11,12,13,14,15,16,17,18,19,20",5.31773544042658e-05,TRUE,0,0,20,0,20,0,1
"EBIC",45,600,0.33,"TRUE","TRUE","FALSE","20.1440698617525","18.0005148090292","2.1435550527233","14.366","0.469","1.313","1,2,3,4,5,6,7,8,9,10,11,12,13,14,15,16,17,18,19,20",5.79120758412153e-05,TRUE,0,0,20,0,20,0,1
"EBIC",46,600,0.33,"TRUE","TRUE","FALSE","20.1869440525039","20.0005255740151","0.186418478488801","14.9","0.44","1.206","1,2,3,4,5,6,7,8,9,10,11,12,13,14,15,16,17,18,19,20,381",0.000108397055894182,FALSE,1,0,21,1,20,0.0476190476190476,1
"EBIC",47,600,0.33,"TRUE","TRUE","FALSE","20.1227056144573","20.0001880724097","0.122517542047648","14.361","0.448","1.281","1,2,3,4,5,6,7,8,9,10,11,12,13,14,15,16,17,18,19,20",9.22433680355492e-05,TRUE,0,0,20,0,20,0,1
"EBIC",48,600,0.33,"TRUE","TRUE","FALSE","20.0034122913192","19.8735015440282","0.129910747291007","14.109","0.486","1.165","1,2,3,4,5,6,7,8,9,10,11,12,13,14,15,16,17,18,19,20",7.64673752339162e-05,TRUE,0,0,20,0,20,0,1
"EBIC",49,600,0.33,"TRUE","TRUE","FALSE","20.1649528609124","20.0008472618576","0.164105599054872","14.588","0.451","1.316","1,2,3,4,5,6,7,8,9,10,11,12,13,14,15,16,17,18,19,20,651",0.00013235322157805,FALSE,1,0,21,1,20,0.0476190476190476,1
"EBIC",5,600,0.33,"TRUE","TRUE","FALSE","20.7897777345616","19.9999346534081","0.789843081153506","18.656","0.506","1.451","1,2,3,4,5,6,7,8,9,10,11,12,13,14,15,16,17,18,19,20,492",0.000122069009723561,FALSE,1,0,21,1,20,0.0476190476190476,1
"EBIC",50,600,0.33,"TRUE","TRUE","FALSE","20.2654924694539","19.0004262758546","1.26506619359927","15.212","0.472","1.149","1,2,3,4,5,6,7,8,9,10,11,12,13,14,15,16,17,18,19,20,715",0.000106447517657455,FALSE,1,0,21,1,20,0.0476190476190476,1
"EBIC",51,600,0.33,"TRUE","TRUE","FALSE","20.2187371402702","18.0002302429458","2.21850689732434","14.893","0.463","1.324","1,2,3,4,5,6,7,8,9,10,11,12,13,14,15,16,17,18,19,20,539,667",0.000172933994122337,FALSE,2,0,22,2,20,0.0909090909090909,1
"EBIC",52,600,0.33,"TRUE","TRUE","FALSE","19.9613565990273","18.665656040013","1.29570055901425","16.388","0.474","1.307","1,2,3,4,5,6,7,8,9,10,11,12,13,14,15,16,17,18,19,20,381",0.000107451476025616,FALSE,1,0,21,1,20,0.0476190476190476,1
"EBIC",53,600,0.33,"TRUE","TRUE","FALSE","20.1269441902414","19.9977461418104","0.129198048431001","14.188","0.464","1.282","1,2,3,4,5,6,7,8,9,10,11,12,13,14,15,16,17,18,19,20",0.000100043365278569,TRUE,0,0,20,0,20,0,1
"EBIC",54,600,0.33,"TRUE","TRUE","FALSE","20.1009180005376","18.9987010280581","1.10221697247955","13.35","0.45","1.29","1,2,3,4,5,6,7,8,9,10,11,12,13,14,15,16,17,18,19,20",5.13832719413643e-05,TRUE,0,0,20,0,20,0,1
"EBIC",55,600,0.33,"TRUE","TRUE","FALSE","20.1262917459673","19.9948232979149","0.131468448052362","14.277","0.455","1.28","1,2,3,4,5,6,7,8,9,10,11,12,13,14,15,16,17,18,19,20",5.21615856193796e-05,TRUE,0,0,20,0,20,0,1
"EBIC",56,600,0.33,"TRUE","TRUE","FALSE","19.6075496073174","19.5088965549682","0.0986530523492158","13.828","0.454","1.208","1,2,3,4,5,6,7,8,9,10,11,12,13,14,15,16,17,18,19,20",5.33203680847042e-05,TRUE,0,0,20,0,20,0,1
"EBIC",57,600,0.33,"TRUE","TRUE","FALSE","20.1909865077958","19.0004140999773","1.19057240781851","14.816","0.45","1.256","1,2,3,4,5,6,7,8,9,10,11,12,13,14,15,16,17,18,19,20,90,299",0.000160580617296607,FALSE,2,0,22,2,20,0.0909090909090909,1
"EBIC",58,600,0.33,"TRUE","TRUE","FALSE","20.2223874222881","20.0008045151896","0.221582907098562","14.988","0.442","1.227","1,2,3,4,5,6,7,8,9,10,11,12,13,14,15,16,17,18,19,20,822,907",0.000147201201116826,FALSE,2,0,22,2,20,0.0909090909090909,1
"EBIC",59,600,0.33,"TRUE","TRUE","FALSE","20.0411863264114","19.8919224938914","0.149263832519921","15.123","0.524","1.389","1,2,3,4,5,6,7,8,9,10,11,12,13,14,15,16,17,18,19,20",7.02957260618112e-05,TRUE,0,0,20,0,20,0,1
"EBIC",6,600,0.33,"TRUE","TRUE","FALSE","20.1215575343645","18.999970527333","1.12158700703157","13.655","0.456","1.29","1,2,3,4,5,6,7,8,9,10,11,12,13,14,15,16,17,18,19,20",8.61630979983126e-05,TRUE,0,0,20,0,20,0,1
"EBIC",60,600,0.33,"TRUE","TRUE","FALSE","20.1153533315206","19.0005748679251","1.11477846359547","13.466","0.45","1.24","1,2,3,4,5,6,7,8,9,10,11,12,13,14,15,16,17,18,19,20",2.33797456855011e-05,TRUE,0,0,20,0,20,0,1
"EBIC",61,600,0.33,"TRUE","TRUE","FALSE","20.1009630442768","19.0008096574804","1.10015338679641","13.658","0.447","1.275","1,2,3,4,5,6,7,8,9,10,11,12,13,14,15,16,17,18,19,20",8.59844557782407e-05,TRUE,0,0,20,0,20,0,1
"EBIC",62,600,0.33,"TRUE","TRUE","FALSE","20.0085085242845","19.8895323202982","0.118976203986322","14.774","0.442","1.251","1,2,3,4,5,6,7,8,9,10,11,12,13,14,15,16,17,18,19,20",6.40778328488403e-05,TRUE,0,0,20,0,20,0,1
"EBIC",63,600,0.33,"TRUE","TRUE","FALSE","20.1657759987756","20.0006489711445","0.165127027631102","14.633","0.466","1.208","1,2,3,4,5,6,7,8,9,10,11,12,13,14,15,16,17,18,19,20",7.7543249310224e-05,TRUE,0,0,20,0,20,0,1
"EBIC",64,600,0.33,"TRUE","TRUE","FALSE","19.6791275651924","19.5793138144721","0.0998137507202514","15.098","0.474","1.269","1,2,3,4,5,6,7,8,9,10,11,12,13,14,15,16,17,18,19,20",5.53586510963607e-05,TRUE,0,0,20,0,20,0,1
"EBIC",65,600,0.33,"TRUE","TRUE","FALSE","20.1001507990746","18.9966236785656","1.10352712050895","13.752","0.445","1.231","1,2,3,4,5,6,7,8,9,10,11,12,13,14,15,16,17,18,19,20",6.25179760596249e-05,TRUE,0,0,20,0,20,0,1
"EBIC",66,600,0.33,"TRUE","TRUE","FALSE","20.1112395909925","20.0010121904909","0.110227400501593","13.714","0.444","1.204","1,2,3,4,5,6,7,8,9,10,11,12,13,14,15,16,17,18,19,20",0.000107608215737685,TRUE,0,0,20,0,20,0,1
"EBIC",67,600,0.33,"TRUE","TRUE","FALSE","20.0984262869949","19.0011265447382","1.09729974225673","14.098","0.472","1.331","1,2,3,4,5,6,7,8,9,10,11,12,13,14,15,16,17,18,19,20",5.81723299112682e-05,TRUE,0,0,20,0,20,0,1
"EBIC",68,600,0.33,"TRUE","TRUE","FALSE","20.2251696629371","19.0005206093204","1.22464905361672","15.534","0.492","1.51","1,2,3,4,5,6,7,8,9,10,11,12,13,14,15,16,17,18,19,20,80",0.000119728374019293,FALSE,1,0,21,1,20,0.0476190476190476,1
"EBIC",69,600,0.33,"TRUE","TRUE","FALSE","20.1158027017945","19.0003264554377","1.11547624635677","14.554","0.467","1.361","1,2,3,4,5,6,7,8,9,10,11,12,13,14,15,16,17,18,19,20",6.02082696813128e-05,TRUE,0,0,20,0,20,0,1
"EBIC",7,600,0.33,"TRUE","TRUE","FALSE","20.1263447118663","20.000372909951","0.125971801915312","13.591","0.451","1.285","1,2,3,4,5,6,7,8,9,10,11,12,13,14,15,16,17,18,19,20",6.83052433591998e-05,TRUE,0,0,20,0,20,0,1
"EBIC",70,600,0.33,"TRUE","TRUE","FALSE","19.9406718884061","19.8401616172618","0.100510271144288","14.181","0.475","1.347","1,2,3,4,5,6,7,8,9,10,11,12,13,14,15,16,17,18,19,20",4.99526327246036e-05,TRUE,0,0,20,0,20,0,1
"EBIC",71,600,0.33,"TRUE","TRUE","FALSE","20.1275253315321","19.000923948634","1.12660138289814","14.299","0.454","1.193","1,2,3,4,5,6,7,8,9,10,11,12,13,14,15,16,17,18,19,20",5.99177682639654e-05,TRUE,0,0,20,0,20,0,1
"EBIC",72,600,0.33,"TRUE","TRUE","FALSE","20.0962579740133","19.0004337048396","1.09582426917374","13.874","0.453","1.186","1,2,3,4,5,6,7,8,9,10,11,12,13,14,15,16,17,18,19,20",9.81063436650222e-05,TRUE,0,0,20,0,20,0,1
"EBIC",73,600,0.33,"TRUE","TRUE","FALSE","19.5447205278531","18.4388636648531","1.10585686300002","14.624","0.435","1.123","1,2,3,4,5,6,7,8,9,10,11,12,13,14,15,16,17,18,19,20",0.000134454356533266,TRUE,0,0,20,0,20,0,1
"EBIC",74,600,0.33,"TRUE","TRUE","FALSE","20.6501344548261","19.9617081496321","0.688426305193996","16.5","0.488","1.457","1,2,3,4,5,6,7,8,9,10,11,12,13,14,15,16,17,18,19,20,32",0.00015369600484736,FALSE,1,0,21,1,20,0.0476190476190476,1
"EBIC",75,600,0.33,"TRUE","TRUE","FALSE","20.0753807463123","19.97725261616","0.0981281301523283","13.937","0.463","1.243","1,2,3,4,5,6,7,8,9,10,11,12,13,14,15,16,17,18,19,20",5.60873280269077e-05,TRUE,0,0,20,0,20,0,1
"EBIC",76,600,0.33,"TRUE","TRUE","FALSE","20.1253568764787","19.0003104182658","1.12504645821287","14.278","0.48","1.357","1,2,3,4,5,6,7,8,9,10,11,12,13,14,15,16,17,18,19,20",9.99693830935533e-05,TRUE,0,0,20,0,20,0,1
"EBIC",77,600,0.33,"TRUE","TRUE","FALSE","20.5738649966425","20.0004577220052","0.57340727463733","16.263","0.464","1.4","1,2,3,4,5,6,7,8,9,10,11,12,13,14,15,16,17,18,19,20,43,88,614",0.000274345038696289,FALSE,3,0,23,3,20,0.130434782608696,1
"EBIC",78,600,0.33,"TRUE","TRUE","FALSE","20.1345342514488","19.0005165461061","1.13401770534271","14.032","0.461","1.242","1,2,3,4,5,6,7,8,9,10,11,12,13,14,15,16,17,18,19,20",9.01367034467087e-05,TRUE,0,0,20,0,20,0,1
"EBIC",79,600,0.33,"TRUE","TRUE","FALSE","20.0199161605781","18.9193057472376","1.10061041334059","13.268","0.457","1.229","1,2,3,4,5,6,7,8,9,10,11,12,13,14,15,16,17,18,19,20",8.41271560936268e-05,TRUE,0,0,20,0,20,0,1
"EBIC",8,600,0.33,"TRUE","TRUE","FALSE","20.1306219823089","19.0001826363328","1.13043934597611","14.373","0.437","1.133","1,2,3,4,5,6,7,8,9,10,11,12,13,14,15,16,17,18,19,20",4.73679742250466e-05,TRUE,0,0,20,0,20,0,1
"EBIC",80,600,0.33,"TRUE","TRUE","FALSE","20.1091897792505","19.0007539564615","1.10843582278899","14.098","0.454","1.234","1,2,3,4,5,6,7,8,9,10,11,12,13,14,15,16,17,18,19,20",7.62493715761153e-05,TRUE,0,0,20,0,20,0,1
"EBIC",81,600,0.33,"TRUE","TRUE","FALSE","20.0968543586526","19.0003117665798","1.09654259207283","13.747","0.463","1.246","1,2,3,4,5,6,7,8,9,10,11,12,13,14,15,16,17,18,19,20",7.82131898606302e-05,TRUE,0,0,20,0,20,0,1
"EBIC",82,600,0.33,"TRUE","TRUE","FALSE","19.5170659206642","17.4280779421156","2.0889879785486","13.713","0.426","1.193","1,2,3,4,5,6,7,8,9,10,11,12,13,14,15,16,17,18,19,20",8.05441897509821e-05,TRUE,0,0,20,0,20,0,1
"EBIC",83,600,0.33,"TRUE","TRUE","FALSE","20.1024901414194","19.0005115935896","1.10197854782986","12.996","0.458","1.258","1,2,3,4,5,6,7,8,9,10,11,12,13,14,15,16,17,18,19,20",4.7661823165336e-05,TRUE,0,0,20,0,20,0,1
"EBIC",84,600,0.33,"TRUE","TRUE","FALSE","20.1025114509504","19.0002567745822","1.10225467636827","13.51","0.455","1.258","1,2,3,4,5,6,7,8,9,10,11,12,13,14,15,16,17,18,19,20",9.36783967711219e-05,TRUE,0,0,20,0,20,0,1
"EBIC",85,600,0.33,"TRUE","TRUE","FALSE","19.7610982685169","18.5661887084666","1.19490956005029","15.506","0.445","1.208","1,2,3,4,5,6,7,8,9,10,11,12,13,14,15,16,17,18,19,20,657",0.000119561194698095,FALSE,1,0,21,1,20,0.0476190476190476,1
"EBIC",86,600,0.33,"TRUE","TRUE","FALSE","20.1254699886178","19.0004951950532","1.12497479356468","13.505","0.479","1.214","1,2,3,4,5,6,7,8,9,10,11,12,13,14,15,16,17,18,19,20",5.51413755987332e-05,TRUE,0,0,20,0,20,0,1
"EBIC",87,600,0.33,"TRUE","TRUE","FALSE","20.1243531101127","18.0000104699991","2.12434264011358","13.994","0.446","1.28","1,2,3,4,5,6,7,8,9,10,11,12,13,14,15,16,17,18,19,20",3.73443275834463e-05,TRUE,0,0,20,0,20,0,1
"EBIC",88,600,0.33,"TRUE","TRUE","FALSE","20.4890351727595","19.0007237776573","1.48831139510222","17.042","0.444","1.164","1,2,3,4,5,6,7,8,9,10,11,12,13,14,15,16,17,18,19,20,865",0.00011203232724551,FALSE,1,0,21,1,20,0.0476190476190476,1
"EBIC",89,600,0.33,"TRUE","TRUE","FALSE","20.1026659909901","20.0004652506233","0.102200740366823","13.837","0.475","1.303","1,2,3,4,5,6,7,8,9,10,11,12,13,14,15,16,17,18,19,20",8.00794635761496e-05,TRUE,0,0,20,0,20,0,1
"EBIC",9,600,0.33,"TRUE","TRUE","FALSE","20.1141930292036","19.0002197270336","1.11397330216998","13.668","0.454","1.205","1,2,3,4,5,6,7,8,9,10,11,12,13,14,15,16,17,18,19,20",5.55915927130054e-05,TRUE,0,0,20,0,20,0,1
"EBIC",90,600,0.33,"TRUE","TRUE","FALSE","20.0919430169898","19.0005271767511","1.09141584023866","12.984","0.478","1.177","1,2,3,4,5,6,7,8,9,10,11,12,13,14,15,16,17,18,19,20",7.81876953663036e-05,TRUE,0,0,20,0,20,0,1
"EBIC",91,600,0.33,"TRUE","TRUE","FALSE","20.0902264223499","19.0002318554956","1.08999456685427","13.587","0.456","1.345","1,2,3,4,5,6,7,8,9,10,11,12,13,14,15,16,17,18,19,20",4.84946948563933e-05,TRUE,0,0,20,0,20,0,1
"EBIC",92,600,0.33,"TRUE","TRUE","FALSE","20.1079978876545","18.0029786410639","2.10501924659067","13.849","0.447","1.286","1,2,3,4,5,6,7,8,9,10,11,12,13,14,15,16,17,18,19,20",9.16344874815516e-05,TRUE,0,0,20,0,20,0,1
"EBIC",93,600,0.33,"TRUE","TRUE","FALSE","20.1082467762207","19.9533519306209","0.154894845599845","14.78","0.457","1.192","1,2,3,4,5,6,7,8,9,10,11,12,13,14,15,16,17,18,19,20",5.99992652036078e-05,TRUE,0,0,20,0,20,0,1
"EBIC",94,600,0.33,"TRUE","TRUE","FALSE","20.1819990475247","18.9771053211512","1.20489372637342","14.96","0.469","1.225","1,2,3,4,5,6,7,8,9,10,11,12,13,14,15,16,17,18,19,20,828",0.000136291572930608,FALSE,1,0,21,1,20,0.0476190476190476,1
"EBIC",95,600,0.33,"TRUE","TRUE","FALSE","20.1131072474729","18.0009574131203","2.11214983435257","14.114","0.446","1.234","1,2,3,4,5,6,7,8,9,10,11,12,13,14,15,16,17,18,19,20",8.01682787607444e-05,TRUE,0,0,20,0,20,0,1
"EBIC",96,600,0.33,"TRUE","TRUE","FALSE","19.8368319639712","16.6489738190109","3.18785814496032","15.549","0.428","1.162","1,2,3,4,5,6,7,8,9,10,11,12,13,14,15,16,17,18,19,20,317",0.000147280451914941,FALSE,1,0,21,1,20,0.0476190476190476,1
"EBIC",97,600,0.33,"TRUE","TRUE","FALSE","20.1319920959635","18.0007699598651","2.13122213609839","14.277","0.447","1.223","1,2,3,4,5,6,7,8,9,10,11,12,13,14,15,16,17,18,19,20",6.56295577827582e-05,TRUE,0,0,20,0,20,0,1
"EBIC",98,600,0.33,"TRUE","TRUE","FALSE","20.1137684333541","19.0021965355883","1.11157189776576","14.286","0.49","1.269","1,2,3,4,5,6,7,8,9,10,11,12,13,14,15,16,17,18,19,20",6.60898254054618e-05,TRUE,0,0,20,0,20,0,1
"EBIC",99,600,0.33,"TRUE","TRUE","FALSE","20.1319893907414","18.0008798614295","2.13110952931184","14.284","0.459","1.309","1,2,3,4,5,6,7,8,9,10,11,12,13,14,15,16,17,18,19,20",5.02129404839105e-05,TRUE,0,0,20,0,20,0,1
"kappa.o",1,600,0.33,"TRUE","TRUE","FALSE","19.4447330819948","18.2930484351788","1.15168464681595","15.288","0.561","1.444","2,3,4,5,6,7,8,9,10,11,12,13,14,15,16,17,18,19,20",0.00018640339269371,FALSE,0,1,19,0,19,0,0.95
"kappa.o",10,600,0.33,"TRUE","TRUE","FALSE","19.4985147143643","19.3624742098218","0.13604050454251","14.831","0.468","1.172","2,3,4,5,6,7,8,9,10,11,12,13,14,15,16,17,18,19,20",0.000185695368884091,FALSE,0,1,19,0,19,0,0.95
"kappa.o",100,600,0.33,"TRUE","TRUE","FALSE","20.2067360995544","19.916732069631","0.290004029923384","16.548","0.425","1.172","1,2,3,4,5,6,7,8,9,10,11,12,13,14,15,16,17,18,19,20",7.62671563016682e-05,TRUE,0,0,20,0,20,0,1
"kappa.o",11,600,0.33,"TRUE","TRUE","FALSE","20.2815319028013","17.9991164920498","2.28241541075151","15.544","0.555","1.182","1,2,3,4,5,6,7,8,9,10,11,12,13,14,15,16,17,18,19,20",0.000130752176349799,TRUE,0,0,20,0,20,0,1
"kappa.o",12,600,0.33,"TRUE","TRUE","FALSE","20.2564916400703","20.0019967881343","0.254494851936085","15.373","0.466","1.401","1,2,3,4,5,6,7,8,9,10,11,12,13,14,15,16,17,18,19,20",4.79590663026522e-05,TRUE,0,0,20,0,20,0,1
"kappa.o",13,600,0.33,"TRUE","TRUE","FALSE","20.1197108369293","19.0004762105846","1.11923462634472","13.745","0.457","1.357","1,2,3,4,5,6,7,8,9,10,11,12,13,14,15,16,17,18,19,20",9.31070449681143e-05,TRUE,0,0,20,0,20,0,1
"kappa.o",14,600,0.33,"TRUE","TRUE","FALSE","20.1205960363854","18.9984673188882","1.12212871749717","13.802","0.431","1.227","1,2,3,4,5,6,7,8,9,10,11,12,13,14,15,16,17,18,19,20",5.63312831710247e-05,TRUE,0,0,20,0,20,0,1
"kappa.o",15,600,0.33,"TRUE","TRUE","FALSE","20.140717677672","20.0004148144685","0.140302863203452","14.672","0.477","1.333","1,2,3,4,5,6,7,8,9,10,11,12,13,14,15,16,17,18,19,20",5.34104191991079e-05,TRUE,0,0,20,0,20,0,1
"kappa.o",16,600,0.33,"TRUE","TRUE","FALSE","20.1467702724956","20.0003990533859","0.146371219109627","14.063","0.444","1.236","1,2,3,4,5,6,7,8,9,10,11,12,13,14,15,16,17,18,19,20",8.16275714129626e-05,TRUE,0,0,20,0,20,0,1
"kappa.o",17,600,0.33,"TRUE","TRUE","FALSE","20.0275447007704","16.9067325607004","3.12081214007004","14.61","0.458","1.176","1,2,3,4,5,6,7,8,9,10,11,12,13,14,15,16,17,18,19,20",0.000108633398235281,TRUE,0,0,20,0,20,0,1
"kappa.o",18,600,0.33,"TRUE","TRUE","FALSE","20.2468763522211","17.9998486766787","2.24702767554245","14.421","0.501","1.201","1,2,3,4,5,6,7,8,9,10,11,12,13,14,15,16,17,18,19,20",0.00010293568542189,TRUE,0,0,20,0,20,0,1
"kappa.o",19,600,0.33,"TRUE","TRUE","FALSE","20.1111807959226","20.0000463462332","0.111134449689392","13.902","0.43","1.277","1,2,3,4,5,6,7,8,9,10,11,12,13,14,15,16,17,18,19,20",7.63766141147252e-05,TRUE,0,0,20,0,20,0,1
"kappa.o",2,600,0.33,"TRUE","TRUE","FALSE","20.0843941364448","19.0004082680067","1.08398586843808","13.381","0.47","1.278","1,2,3,4,5,6,7,8,9,10,11,12,13,14,15,16,17,18,19,20",7.1767040922026e-05,TRUE,0,0,20,0,20,0,1
"kappa.o",20,600,0.33,"TRUE","TRUE","FALSE","20.1451129685685","20.0004812457559","0.144631722812598","13.797","0.454","1.254","1,2,3,4,5,6,7,8,9,10,11,12,13,14,15,16,17,18,19,20",9.44495001118193e-05,TRUE,0,0,20,0,20,0,1
"kappa.o",21,600,0.33,"TRUE","TRUE","FALSE","20.1686343799436","19.000568814368","1.16806556557557","14.57","0.454","1.17","1,2,3,4,5,6,7,8,9,10,11,12,13,14,15,16,17,18,19,20",6.91916218939677e-05,TRUE,0,0,20,0,20,0,1
"kappa.o",22,600,0.33,"TRUE","TRUE","FALSE","20.1061716781545","20.0012330216769","0.104938656477587","13.721","0.459","1.285","1,2,3,4,5,6,7,8,9,10,11,12,13,14,15,16,17,18,19,20",7.09750957838846e-05,TRUE,0,0,20,0,20,0,1
"kappa.o",23,600,0.33,"TRUE","TRUE","FALSE","19.6172382286285","18.4775268703048","1.13971135832368","14.863","0.451","1.251","2,3,4,5,6,7,8,9,10,11,12,13,14,15,16,17,18,19,20",0.00020422969114513,FALSE,0,1,19,0,19,0,0.95
"kappa.o",24,600,0.33,"TRUE","TRUE","FALSE","20.1009635382549","20.0002089849661","0.100754553288827","13.827","0.472","1.326","1,2,3,4,5,6,7,8,9,10,11,12,13,14,15,16,17,18,19,20",4.92062332224735e-05,TRUE,0,0,20,0,20,0,1
"kappa.o",25,600,0.33,"TRUE","TRUE","FALSE","20.0811260857295","19.9815442598175","0.0995818259119392","13.933","0.468","1.433","1,2,3,4,5,6,7,8,9,10,11,12,13,14,15,16,17,18,19,20",8.32343733201484e-05,TRUE,0,0,20,0,20,0,1
"kappa.o",26,600,0.33,"TRUE","TRUE","FALSE","20.1401849221133","18.0005765522086","2.13960836990462","14.176","0.444","1.246","1,2,3,4,5,6,7,8,9,10,11,12,13,14,15,16,17,18,19,20",5.80573882263737e-05,TRUE,0,0,20,0,20,0,1
"kappa.o",27,600,0.33,"TRUE","TRUE","FALSE","20.14209809025","19.0003577940413","1.14174029620866","14.073","0.505","1.247","1,2,3,4,5,6,7,8,9,10,11,12,13,14,15,16,17,18,19,20",8.46420179697393e-05,TRUE,0,0,20,0,20,0,1
"kappa.o",28,600,0.33,"TRUE","TRUE","FALSE","20.1134753228481","19.0008690621358","1.11260626071224","13.28","0.469","1.25","1,2,3,4,5,6,7,8,9,10,11,12,13,14,15,16,17,18,19,20",8.58683627095846e-05,TRUE,0,0,20,0,20,0,1
"kappa.o",29,600,0.33,"TRUE","TRUE","FALSE","20.1120781067225","19.0007033601621","1.11137474656035","13.764","0.467","1.281","1,2,3,4,5,6,7,8,9,10,11,12,13,14,15,16,17,18,19,20",6.03796018095322e-05,TRUE,0,0,20,0,20,0,1
"kappa.o",3,600,0.33,"TRUE","TRUE","FALSE","20.0734808138735","18.957401948857","1.11607886501652","14.469","0.458","1.35","1,2,3,4,5,6,7,8,9,10,11,12,13,14,15,16,17,18,19,20",5.51277744776043e-05,TRUE,0,0,20,0,20,0,1
"kappa.o",30,600,0.33,"TRUE","TRUE","FALSE","19.1248327087793","18.0011564558915","1.12367625288781","13.134","0.461","1.266","2,3,4,5,6,7,8,9,10,11,12,13,14,15,16,17,18,19,20",0.000211140072246712,FALSE,0,1,19,0,19,0,0.95
"kappa.o",31,600,0.33,"TRUE","TRUE","FALSE","19.4039519677187","19.2667825856455","0.137169382073191","15.043","0.45","1.187","2,3,4,5,6,7,8,9,10,11,12,13,14,15,16,17,18,19,20",0.000181081728191263,FALSE,0,1,19,0,19,0,0.95
"kappa.o",32,600,0.33,"TRUE","TRUE","FALSE","20.2401891986263","20.0006831269066","0.239506071719723","15.268","0.449","1.292","1,2,3,4,5,6,7,8,9,10,11,12,13,14,15,16,17,18,19,20",7.9450176672166e-05,TRUE,0,0,20,0,20,0,1
"kappa.o",33,600,0.33,"TRUE","TRUE","FALSE","20.1123369290908","19.0001616090647","1.11217532002609","14.441","0.469","1.269","1,2,3,4,5,6,7,8,9,10,11,12,13,14,15,16,17,18,19,20",5.77820649474415e-05,TRUE,0,0,20,0,20,0,1
"kappa.o",34,600,0.33,"TRUE","TRUE","FALSE","20.0899228498301","18.9962936259493","1.09362922388083","14.041","0.537","1.371","1,2,3,4,5,6,7,8,9,10,11,12,13,14,15,16,17,18,19,20",9.44414542824371e-05,TRUE,0,0,20,0,20,0,1
"kappa.o",35,600,0.33,"TRUE","TRUE","FALSE","20.1016749598494","20.0017119587601","0.099963001089258","14.335","0.521","1.283","1,2,3,4,5,6,7,8,9,10,11,12,13,14,15,16,17,18,19,20",5.6546886468517e-05,TRUE,0,0,20,0,20,0,1
"kappa.o",36,600,0.33,"TRUE","TRUE","FALSE","20.1288293134958","18.9971262033353","1.13170311016047","14.147","0.441","1.223","1,2,3,4,5,6,7,8,9,10,11,12,13,14,15,16,17,18,19,20",9.39742177078209e-05,TRUE,0,0,20,0,20,0,1
"kappa.o",37,600,0.33,"TRUE","TRUE","FALSE","20.1157820613392","19.0004930962225","1.11528896511669","14.17","0.433","1.238","1,2,3,4,5,6,7,8,9,10,11,12,13,14,15,16,17,18,19,20",6.22583358823213e-05,TRUE,0,0,20,0,20,0,1
"kappa.o",38,600,0.33,"TRUE","TRUE","FALSE","20.1301542847743","20.0005198795494","0.129634405224857","14.397","0.478","1.237","1,2,3,4,5,6,7,8,9,10,11,12,13,14,15,16,17,18,19,20",6.88550056102477e-05,TRUE,0,0,20,0,20,0,1
"kappa.o",39,600,0.33,"TRUE","TRUE","FALSE","20.1585951050723","19.0022317591606","1.15636334591173","14.194","0.461","1.352","1,2,3,4,5,6,7,8,9,10,11,12,13,14,15,16,17,18,19,20",4.55614056434592e-05,TRUE,0,0,20,0,20,0,1
"kappa.o",4,600,0.33,"TRUE","TRUE","FALSE","20.179300770611","17.993274141322","2.18602662928907","14.555","0.459","1.326","1,2,3,4,5,6,7,8,9,10,11,12,13,14,15,16,17,18,19,20",4.3372779181841e-05,TRUE,0,0,20,0,20,0,1
"kappa.o",40,600,0.33,"TRUE","TRUE","FALSE","19.9847673564155","18.8869305315485","1.09783682486695","13.544","0.461","1.28","1,2,3,4,5,6,7,8,9,10,11,12,13,14,15,16,17,18,19,20",0.00011632590828075,TRUE,0,0,20,0,20,0,1
"kappa.o",41,600,0.33,"TRUE","TRUE","FALSE","20.1649434989496","18.0002953279649","2.1646481709847","14.48","0.453","1.219","1,2,3,4,5,6,7,8,9,10,11,12,13,14,15,16,17,18,19,20",0.000115823480788468,TRUE,0,0,20,0,20,0,1
"kappa.o",42,600,0.33,"TRUE","TRUE","FALSE","20.1059861918101","16.9994137741968","3.10657241761333","14.241","0.464","1.281","1,2,3,4,5,6,7,8,9,10,11,12,13,14,15,16,17,18,19,20",0.000124896407636801,TRUE,0,0,20,0,20,0,1
"kappa.o",43,600,0.33,"TRUE","TRUE","FALSE","19.7466591359613","18.6278549295494","1.11880420641193","14.282","0.447","1.256","1,2,3,4,5,6,7,8,9,10,11,12,13,14,15,16,17,18,19,20",6.59927791092322e-05,TRUE,0,0,20,0,20,0,1
"kappa.o",44,600,0.33,"TRUE","TRUE","FALSE","20.0978534417838","20.0003279533362","0.0975254884475703","14","0.46","1.337","1,2,3,4,5,6,7,8,9,10,11,12,13,14,15,16,17,18,19,20",5.31773544042658e-05,TRUE,0,0,20,0,20,0,1
"kappa.o",45,600,0.33,"TRUE","TRUE","FALSE","20.1440698617525","18.0005148090292","2.1435550527233","14.366","0.469","1.313","1,2,3,4,5,6,7,8,9,10,11,12,13,14,15,16,17,18,19,20",5.79120758412153e-05,TRUE,0,0,20,0,20,0,1
"kappa.o",46,600,0.33,"TRUE","TRUE","FALSE","20.1869440525039","20.0005255740151","0.186418478488801","14.9","0.44","1.206","1,2,3,4,5,6,7,8,9,10,11,12,13,14,15,16,17,18,19,20",6.21625627073631e-05,TRUE,0,0,20,0,20,0,1
"kappa.o",47,600,0.33,"TRUE","TRUE","FALSE","20.1227056144573","20.0001880724097","0.122517542047648","14.361","0.448","1.281","1,2,3,4,5,6,7,8,9,10,11,12,13,14,15,16,17,18,19,20",9.22433680355492e-05,TRUE,0,0,20,0,20,0,1
"kappa.o",48,600,0.33,"TRUE","TRUE","FALSE","20.0034122913192","19.8735015440282","0.129910747291007","14.109","0.486","1.165","1,2,3,4,5,6,7,8,9,10,11,12,13,14,15,16,17,18,19,20",7.64673752339162e-05,TRUE,0,0,20,0,20,0,1
"kappa.o",49,600,0.33,"TRUE","TRUE","FALSE","20.1649528609124","20.0008472618576","0.164105599054872","14.588","0.451","1.316","1,2,3,4,5,6,7,8,9,10,11,12,13,14,15,16,17,18,19,20",8.38127252576301e-05,TRUE,0,0,20,0,20,0,1
"kappa.o",5,600,0.33,"TRUE","TRUE","FALSE","20.7897777345616","19.9999346534081","0.789843081153506","18.656","0.506","1.451","1,2,3,4,5,6,7,8,9,10,11,12,13,14,15,16,17,18,19,20,492",0.000122069009723561,FALSE,1,0,21,1,20,0.0476190476190476,1
"kappa.o",50,600,0.33,"TRUE","TRUE","FALSE","20.2654924694539","19.0004262758546","1.26506619359927","15.212","0.472","1.149","1,2,3,4,5,6,7,8,9,10,11,12,13,14,15,16,17,18,19,20",5.68968820940733e-05,TRUE,0,0,20,0,20,0,1
"kappa.o",51,600,0.33,"TRUE","TRUE","FALSE","20.2187371402702","18.0002302429458","2.21850689732434","14.893","0.463","1.324","1,2,3,4,5,6,7,8,9,10,11,12,13,14,15,16,17,18,19,20",5.90349872815251e-05,TRUE,0,0,20,0,20,0,1
"kappa.o",52,600,0.33,"TRUE","TRUE","FALSE","19.9613565990273","18.665656040013","1.29570055901425","16.388","0.474","1.307","1,2,3,4,5,6,7,8,9,10,11,12,13,14,15,16,17,18,19,20",4.58057033387463e-05,TRUE,0,0,20,0,20,0,1
"kappa.o",53,600,0.33,"TRUE","TRUE","FALSE","20.1269441902414","19.9977461418104","0.129198048431001","14.188","0.464","1.282","1,2,3,4,5,6,7,8,9,10,11,12,13,14,15,16,17,18,19,20",0.000100043365278569,TRUE,0,0,20,0,20,0,1
"kappa.o",54,600,0.33,"TRUE","TRUE","FALSE","20.1009180005376","18.9987010280581","1.10221697247955","13.35","0.45","1.29","1,2,3,4,5,6,7,8,9,10,11,12,13,14,15,16,17,18,19,20",5.13832719413643e-05,TRUE,0,0,20,0,20,0,1
"kappa.o",55,600,0.33,"TRUE","TRUE","FALSE","20.1262917459673","19.9948232979149","0.131468448052362","14.277","0.455","1.28","1,2,3,4,5,6,7,8,9,10,11,12,13,14,15,16,17,18,19,20",5.21615856193796e-05,TRUE,0,0,20,0,20,0,1
"kappa.o",56,600,0.33,"TRUE","TRUE","FALSE","19.6075496073174","19.5088965549682","0.0986530523492158","13.828","0.454","1.208","1,2,3,4,5,6,7,8,9,10,11,12,13,14,15,16,17,18,19,20",5.33203680847042e-05,TRUE,0,0,20,0,20,0,1
"kappa.o",57,600,0.33,"TRUE","TRUE","FALSE","20.1909865077958","19.0004140999773","1.19057240781851","14.816","0.45","1.256","1,2,3,4,5,6,7,8,9,10,11,12,13,14,15,16,17,18,19,20",5.94090740652412e-05,TRUE,0,0,20,0,20,0,1
"kappa.o",58,600,0.33,"TRUE","TRUE","FALSE","20.2223874222881","20.0008045151896","0.221582907098562","14.988","0.442","1.227","1,2,3,4,5,6,7,8,9,10,11,12,13,14,15,16,17,18,19,20",5.51065134067165e-05,TRUE,0,0,20,0,20,0,1
"kappa.o",59,600,0.33,"TRUE","TRUE","FALSE","20.0411863264114","19.8919224938914","0.149263832519921","15.123","0.524","1.389","1,2,3,4,5,6,7,8,9,10,11,12,13,14,15,16,17,18,19,20",7.02957260618112e-05,TRUE,0,0,20,0,20,0,1
"kappa.o",6,600,0.33,"TRUE","TRUE","FALSE","20.1215575343645","18.999970527333","1.12158700703157","13.655","0.456","1.29","1,2,3,4,5,6,7,8,9,10,11,12,13,14,15,16,17,18,19,20",8.61630979983126e-05,TRUE,0,0,20,0,20,0,1
"kappa.o",60,600,0.33,"TRUE","TRUE","FALSE","20.1153533315206","19.0005748679251","1.11477846359547","13.466","0.45","1.24","1,2,3,4,5,6,7,8,9,10,11,12,13,14,15,16,17,18,19,20",2.33797456855011e-05,TRUE,0,0,20,0,20,0,1
"kappa.o",61,600,0.33,"TRUE","TRUE","FALSE","20.1009630442768","19.0008096574804","1.10015338679641","13.658","0.447","1.275","1,2,3,4,5,6,7,8,9,10,11,12,13,14,15,16,17,18,19,20",8.59844557782407e-05,TRUE,0,0,20,0,20,0,1
"kappa.o",62,600,0.33,"TRUE","TRUE","FALSE","20.0085085242845","19.8895323202982","0.118976203986322","14.774","0.442","1.251","1,2,3,4,5,6,7,8,9,10,11,12,13,14,15,16,17,18,19,20",6.40778328488403e-05,TRUE,0,0,20,0,20,0,1
"kappa.o",63,600,0.33,"TRUE","TRUE","FALSE","20.1657759987756","20.0006489711445","0.165127027631102","14.633","0.466","1.208","1,2,3,4,5,6,7,8,9,10,11,12,13,14,15,16,17,18,19,20",7.7543249310224e-05,TRUE,0,0,20,0,20,0,1
"kappa.o",64,600,0.33,"TRUE","TRUE","FALSE","19.6791275651924","19.5793138144721","0.0998137507202514","15.098","0.474","1.269","1,2,3,4,5,6,7,8,9,10,11,12,13,14,15,16,17,18,19,20",5.53586510963607e-05,TRUE,0,0,20,0,20,0,1
"kappa.o",65,600,0.33,"TRUE","TRUE","FALSE","20.1001507990746","18.9966236785656","1.10352712050895","13.752","0.445","1.231","1,2,3,4,5,6,7,8,9,10,11,12,13,14,15,16,17,18,19,20",6.25179760596249e-05,TRUE,0,0,20,0,20,0,1
"kappa.o",66,600,0.33,"TRUE","TRUE","FALSE","20.1112395909925","20.0010121904909","0.110227400501593","13.714","0.444","1.204","1,2,3,4,5,6,7,8,9,10,11,12,13,14,15,16,17,18,19,20",0.000107608215737685,TRUE,0,0,20,0,20,0,1
"kappa.o",67,600,0.33,"TRUE","TRUE","FALSE","20.0984262869949","19.0011265447382","1.09729974225673","14.098","0.472","1.331","1,2,3,4,5,6,7,8,9,10,11,12,13,14,15,16,17,18,19,20",5.81723299112682e-05,TRUE,0,0,20,0,20,0,1
"kappa.o",68,600,0.33,"TRUE","TRUE","FALSE","20.2251696629371","19.0005206093204","1.22464905361672","15.534","0.492","1.51","1,2,3,4,5,6,7,8,9,10,11,12,13,14,15,16,17,18,19,20",6.58109402244362e-05,TRUE,0,0,20,0,20,0,1
"kappa.o",69,600,0.33,"TRUE","TRUE","FALSE","20.1158027017945","19.0003264554377","1.11547624635677","14.554","0.467","1.361","1,2,3,4,5,6,7,8,9,10,11,12,13,14,15,16,17,18,19,20",6.02082696813128e-05,TRUE,0,0,20,0,20,0,1
"kappa.o",7,600,0.33,"TRUE","TRUE","FALSE","20.1263447118663","20.000372909951","0.125971801915312","13.591","0.451","1.285","1,2,3,4,5,6,7,8,9,10,11,12,13,14,15,16,17,18,19,20",6.83052433591998e-05,TRUE,0,0,20,0,20,0,1
"kappa.o",70,600,0.33,"TRUE","TRUE","FALSE","19.9406718884061","19.8401616172618","0.100510271144288","14.181","0.475","1.347","1,2,3,4,5,6,7,8,9,10,11,12,13,14,15,16,17,18,19,20",4.99526327246036e-05,TRUE,0,0,20,0,20,0,1
"kappa.o",71,600,0.33,"TRUE","TRUE","FALSE","20.1275253315321","19.000923948634","1.12660138289814","14.299","0.454","1.193","1,2,3,4,5,6,7,8,9,10,11,12,13,14,15,16,17,18,19,20",5.99177682639654e-05,TRUE,0,0,20,0,20,0,1
"kappa.o",72,600,0.33,"TRUE","TRUE","FALSE","20.0962579740133","19.0004337048396","1.09582426917374","13.874","0.453","1.186","1,2,3,4,5,6,7,8,9,10,11,12,13,14,15,16,17,18,19,20",9.81063436650222e-05,TRUE,0,0,20,0,20,0,1
"kappa.o",73,600,0.33,"TRUE","TRUE","FALSE","19.5447205278531","18.4388636648531","1.10585686300002","14.624","0.435","1.123","2,3,4,5,6,7,8,9,10,11,12,13,14,15,16,17,18,19,20",0.000238992999877886,FALSE,0,1,19,0,19,0,0.95
"kappa.o",74,600,0.33,"TRUE","TRUE","FALSE","20.6501344548261","19.9617081496321","0.688426305193996","16.5","0.488","1.457","1,2,3,4,5,6,7,8,9,10,11,12,13,14,15,16,17,18,19,20,32",0.00015369600484736,FALSE,1,0,21,1,20,0.0476190476190476,1
"kappa.o",75,600,0.33,"TRUE","TRUE","FALSE","20.0753807463123","19.97725261616","0.0981281301523283","13.937","0.463","1.243","1,2,3,4,5,6,7,8,9,10,11,12,13,14,15,16,17,18,19,20",5.60873280269077e-05,TRUE,0,0,20,0,20,0,1
"kappa.o",76,600,0.33,"TRUE","TRUE","FALSE","20.1253568764787","19.0003104182658","1.12504645821287","14.278","0.48","1.357","1,2,3,4,5,6,7,8,9,10,11,12,13,14,15,16,17,18,19,20",9.99693830935533e-05,TRUE,0,0,20,0,20,0,1
"kappa.o",77,600,0.33,"TRUE","TRUE","FALSE","20.5738649966425","20.0004577220052","0.57340727463733","16.263","0.464","1.4","1,2,3,4,5,6,7,8,9,10,11,12,13,14,15,16,17,18,19,20",9.98574683061745e-05,TRUE,0,0,20,0,20,0,1
"kappa.o",78,600,0.33,"TRUE","TRUE","FALSE","20.1345342514488","19.0005165461061","1.13401770534271","14.032","0.461","1.242","1,2,3,4,5,6,7,8,9,10,11,12,13,14,15,16,17,18,19,20",9.01367034467087e-05,TRUE,0,0,20,0,20,0,1
"kappa.o",79,600,0.33,"TRUE","TRUE","FALSE","20.0199161605781","18.9193057472376","1.10061041334059","13.268","0.457","1.229","1,2,3,4,5,6,7,8,9,10,11,12,13,14,15,16,17,18,19,20",8.41271560936268e-05,TRUE,0,0,20,0,20,0,1
"kappa.o",8,600,0.33,"TRUE","TRUE","FALSE","20.1306219823089","19.0001826363328","1.13043934597611","14.373","0.437","1.133","1,2,3,4,5,6,7,8,9,10,11,12,13,14,15,16,17,18,19,20",4.73679742250466e-05,TRUE,0,0,20,0,20,0,1
"kappa.o",80,600,0.33,"TRUE","TRUE","FALSE","20.1091897792505","19.0007539564615","1.10843582278899","14.098","0.454","1.234","1,2,3,4,5,6,7,8,9,10,11,12,13,14,15,16,17,18,19,20",7.62493715761153e-05,TRUE,0,0,20,0,20,0,1
"kappa.o",81,600,0.33,"TRUE","TRUE","FALSE","20.0968543586526","19.0003117665798","1.09654259207283","13.747","0.463","1.246","1,2,3,4,5,6,7,8,9,10,11,12,13,14,15,16,17,18,19,20",7.82131898606302e-05,TRUE,0,0,20,0,20,0,1
"kappa.o",82,600,0.33,"TRUE","TRUE","FALSE","19.5170659206642","17.4280779421156","2.0889879785486","13.713","0.426","1.193","2,3,4,5,6,7,8,9,10,11,12,13,14,15,16,17,18,19,20",0.00020057622980296,FALSE,0,1,19,0,19,0,0.95
"kappa.o",83,600,0.33,"TRUE","TRUE","FALSE","20.1024901414194","19.0005115935896","1.10197854782986","12.996","0.458","1.258","1,2,3,4,5,6,7,8,9,10,11,12,13,14,15,16,17,18,19,20",4.7661823165336e-05,TRUE,0,0,20,0,20,0,1
"kappa.o",84,600,0.33,"TRUE","TRUE","FALSE","20.1025114509504","19.0002567745822","1.10225467636827","13.51","0.455","1.258","1,2,3,4,5,6,7,8,9,10,11,12,13,14,15,16,17,18,19,20",9.36783967711219e-05,TRUE,0,0,20,0,20,0,1
"kappa.o",85,600,0.33,"TRUE","TRUE","FALSE","19.7610982685169","18.5661887084666","1.19490956005029","15.506","0.445","1.208","1,2,3,4,5,6,7,8,9,10,11,12,13,14,15,16,17,18,19,20",6.51652203536439e-05,TRUE,0,0,20,0,20,0,1
"kappa.o",86,600,0.33,"TRUE","TRUE","FALSE","20.1254699886178","19.0004951950532","1.12497479356468","13.505","0.479","1.214","1,2,3,4,5,6,7,8,9,10,11,12,13,14,15,16,17,18,19,20",5.51413755987332e-05,TRUE,0,0,20,0,20,0,1
"kappa.o",87,600,0.33,"TRUE","TRUE","FALSE","20.1243531101127","18.0000104699991","2.12434264011358","13.994","0.446","1.28","1,2,3,4,5,6,7,8,9,10,11,12,13,14,15,16,17,18,19,20",3.73443275834463e-05,TRUE,0,0,20,0,20,0,1
"kappa.o",88,600,0.33,"TRUE","TRUE","FALSE","20.4890351727595","19.0007237776573","1.48831139510222","17.042","0.444","1.164","1,2,3,4,5,6,7,8,9,10,11,12,13,14,15,16,17,18,19,20",5.43868194405545e-05,TRUE,0,0,20,0,20,0,1
"kappa.o",89,600,0.33,"TRUE","TRUE","FALSE","20.1026659909901","20.0004652506233","0.102200740366823","13.837","0.475","1.303","1,2,3,4,5,6,7,8,9,10,11,12,13,14,15,16,17,18,19,20",8.00794635761496e-05,TRUE,0,0,20,0,20,0,1
"kappa.o",9,600,0.33,"TRUE","TRUE","FALSE","20.1141930292036","19.0002197270336","1.11397330216998","13.668","0.454","1.205","1,2,3,4,5,6,7,8,9,10,11,12,13,14,15,16,17,18,19,20",5.55915927130054e-05,TRUE,0,0,20,0,20,0,1
"kappa.o",90,600,0.33,"TRUE","TRUE","FALSE","20.0919430169898","19.0005271767511","1.09141584023866","12.984","0.478","1.177","1,2,3,4,5,6,7,8,9,10,11,12,13,14,15,16,17,18,19,20",7.81876953663036e-05,TRUE,0,0,20,0,20,0,1
"kappa.o",91,600,0.33,"TRUE","TRUE","FALSE","20.0902264223499","19.0002318554956","1.08999456685427","13.587","0.456","1.345","1,2,3,4,5,6,7,8,9,10,11,12,13,14,15,16,17,18,19,20",4.84946948563933e-05,TRUE,0,0,20,0,20,0,1
"kappa.o",92,600,0.33,"TRUE","TRUE","FALSE","20.1079978876545","18.0029786410639","2.10501924659067","13.849","0.447","1.286","1,2,3,4,5,6,7,8,9,10,11,12,13,14,15,16,17,18,19,20",9.16344874815516e-05,TRUE,0,0,20,0,20,0,1
"kappa.o",93,600,0.33,"TRUE","TRUE","FALSE","20.1082467762207","19.9533519306209","0.154894845599845","14.78","0.457","1.192","1,2,3,4,5,6,7,8,9,10,11,12,13,14,15,16,17,18,19,20",5.99992652036078e-05,TRUE,0,0,20,0,20,0,1
"kappa.o",94,600,0.33,"TRUE","TRUE","FALSE","20.1819990475247","18.9771053211512","1.20489372637342","14.96","0.469","1.225","1,2,3,4,5,6,7,8,9,10,11,12,13,14,15,16,17,18,19,20",6.96552586178708e-05,TRUE,0,0,20,0,20,0,1
"kappa.o",95,600,0.33,"TRUE","TRUE","FALSE","20.1131072474729","18.0009574131203","2.11214983435257","14.114","0.446","1.234","1,2,3,4,5,6,7,8,9,10,11,12,13,14,15,16,17,18,19,20",8.01682787607444e-05,TRUE,0,0,20,0,20,0,1
"kappa.o",96,600,0.33,"TRUE","TRUE","FALSE","19.8368319639712","16.6489738190109","3.18785814496032","15.549","0.428","1.162","1,2,3,4,5,6,7,8,9,10,11,12,13,14,15,16,17,18,19,20",8.8287265361886e-05,TRUE,0,0,20,0,20,0,1
"kappa.o",97,600,0.33,"TRUE","TRUE","FALSE","20.1319920959635","18.0007699598651","2.13122213609839","14.277","0.447","1.223","1,2,3,4,5,6,7,8,9,10,11,12,13,14,15,16,17,18,19,20",6.56295577827582e-05,TRUE,0,0,20,0,20,0,1
"kappa.o",98,600,0.33,"TRUE","TRUE","FALSE","20.1137684333541","19.0021965355883","1.11157189776576","14.286","0.49","1.269","1,2,3,4,5,6,7,8,9,10,11,12,13,14,15,16,17,18,19,20",6.60898254054618e-05,TRUE,0,0,20,0,20,0,1
"kappa.o",99,600,0.33,"TRUE","TRUE","FALSE","20.1319893907414","18.0008798614295","2.13110952931184","14.284","0.459","1.309","1,2,3,4,5,6,7,8,9,10,11,12,13,14,15,16,17,18,19,20",5.02129404839105e-05,TRUE,0,0,20,0,20,0,1
"lasso.cv",1,600,0.33,"TRUE","TRUE","FALSE","19.4447330819948","18.2930484351788","1.15168464681595","15.288","0.561","1.444","1,2,3,4,5,6,7,8,9,10,11,12,13,14,15,16,17,18,19,20,24,44,58,59,63,72,77,81,90,100,107,110,115,171,176,183,220,246,247,260,262,264,268,279,295,306,315,322,327,336,373,388,392,407,438,440,441,465,473,482,495,501,515,519,542,544,550,552,569,572,578,588,595,604,615,620,627,628,649,681,684,696,697,699,711,739,748,750,768,775,817,827,831,832,839,841,865,866,883,896,901,916,920",0.000386923371829089,FALSE,83,0,103,83,20,0.805825242718447,1
"lasso.cv",10,600,0.33,"TRUE","TRUE","FALSE","19.4985147143643","19.3624742098218","0.13604050454251","14.831","0.468","1.172","1,2,3,4,5,6,7,8,9,10,11,12,13,14,15,16,17,18,19,20,63,67,76,86,91,120,140,148,150,166,167,171,179,186,187,200,205,255,290,293,308,321,344,389,397,402,403,440,444,461,473,503,533,544,548,550,578,593,594,619,621,623,629,660,669,672,703,733,743,753,754,761,790,792,848,854,860,861,874,877,901",0.000278056590113062,FALSE,61,0,81,61,20,0.753086419753086,1
"lasso.cv",100,600,0.33,"TRUE","TRUE","FALSE","20.2067360995544","19.916732069631","0.290004029923384","16.548","0.425","1.172","1,2,3,4,5,6,7,8,9,10,11,12,13,14,15,16,17,18,19,20,30,69,82,99,140,146,151,160,163,168,173,194,222,263,274,279,289,302,320,348,361,364,426,440,455,458,465,469,478,488,520,566,591,598,611,632,640,676,677,688,696,707,718,729,740,770,773,797,823,831,864,909",0.000259525219362706,FALSE,52,0,72,52,20,0.722222222222222,1
"lasso.cv",11,600,0.33,"TRUE","TRUE","FALSE","20.2815319028013","17.9991164920498","2.28241541075151","15.544","0.555","1.182","1,2,3,4,5,6,7,8,9,10,11,12,13,14,15,16,17,18,19,20,42,47,67,82,86,103,104,159,170,188,194,240,248,250,254,263,279,293,298,329,351,357,360,373,385,389,419,434,455,465,474,496,512,539,549,553,559,585,620,630,653,671,683,690,696,697,733,738,754,765,771,778,841,854,863,909",0.000334282041506384,FALSE,56,0,76,56,20,0.736842105263158,1
"lasso.cv",12,600,0.33,"TRUE","TRUE","FALSE","20.2564916400703","20.0019967881343","0.254494851936085","15.373","0.466","1.401","1,2,3,4,5,6,7,8,9,10,11,12,13,14,15,16,17,18,19,20,21,38,42,65,71,109,116,132,142,143,159,162,184,200,211,229,248,266,295,329,389,393,395,403,408,423,447,458,464,465,471,474,480,511,512,526,527,528,534,535,557,571,581,589,626,631,634,643,646,650,662,666,670,690,719,744,748,772,773,778,783,787,840,841,848,854,859,870,878,884,890,917",0.000466951384940493,FALSE,72,0,92,72,20,0.782608695652174,1
"lasso.cv",13,600,0.33,"TRUE","TRUE","FALSE","20.1197108369293","19.0004762105846","1.11923462634472","13.745","0.457","1.357","1,2,3,4,5,6,7,8,9,10,11,12,13,14,15,16,17,18,19,20,29,41,47,65,71,75,80,82,85,86,87,100,179,182,210,211,234,239,250,255,257,278,284,291,301,325,344,361,400,403,439,443,467,503,523,546,550,556,571,584,610,614,615,636,660,666,671,673,717,731,732,733,740,762,811,825,827,841,849,863,881,892,893,916",0.000405018945571894,FALSE,64,0,84,64,20,0.761904761904762,1
"lasso.cv",14,600,0.33,"TRUE","TRUE","FALSE","20.1205960363854","18.9984673188882","1.12212871749717","13.802","0.431","1.227","1,2,3,4,5,6,7,8,9,10,11,12,13,14,15,16,17,18,19,20,76,106,115,123,130,162,168,191,204,237,243,246,255,279,284,307,308,440,450,459,473,474,488,494,496,501,547,559,593,629,650,661,664,681,693,703,705,713,715,719,761,767,779,823,829,836,841,900,903,909,910,914",0.000240600799276536,FALSE,52,0,72,52,20,0.722222222222222,1
"lasso.cv",15,600,0.33,"TRUE","TRUE","FALSE","20.140717677672","20.0004148144685","0.140302863203452","14.672","0.477","1.333","1,2,3,4,5,6,7,8,9,10,11,12,13,14,15,16,17,18,19,20,40,43,50,61,64,65,72,84,98,105,109,112,132,151,171,173,179,196,231,260,266,321,323,329,334,339,343,354,357,373,387,410,440,472,501,514,541,550,571,574,584,591,599,620,636,643,648,664,680,694,707,719,727,730,733,748,763,773,786,787,801,802,804,807,828,847,884,898,914,915",0.000427976894846706,FALSE,70,0,90,70,20,0.777777777777778,1
"lasso.cv",16,600,0.33,"TRUE","TRUE","FALSE","20.1467702724956","20.0003990533859","0.146371219109627","14.063","0.444","1.236","1,2,3,4,5,6,7,8,9,10,11,12,13,14,15,16,17,18,19,20,40,71,90,99,108,118,131,151,152,165,168,176,179,192,197,203,204,228,247,289,308,315,348,349,376,379,400,459,468,473,478,491,501,523,534,546,574,591,611,614,618,653,666,669,670,679,701,703,707,744,746,750,785,810,830,869,878,887,888,893,901,907,914",0.000315008901539719,FALSE,63,0,83,63,20,0.759036144578313,1
"lasso.cv",17,600,0.33,"TRUE","TRUE","FALSE","20.0275447007704","16.9067325607004","3.12081214007004","14.61","0.458","1.176","1,2,3,4,5,6,7,8,9,10,11,12,13,14,15,16,17,18,19,20,22,30,44,46,76,89,98,100,104,124,128,134,152,155,171,185,214,219,244,261,262,264,269,273,286,298,307,323,326,338,355,391,434,495,550,566,582,595,596,598,605,606,611,621,636,656,657,672,707,719,725,726,740,760,770,786,787,832,841,873,904,907",0.000361770770550306,FALSE,62,0,82,62,20,0.75609756097561,1
"lasso.cv",18,600,0.33,"TRUE","TRUE","FALSE","20.2468763522211","17.9998486766787","2.24702767554245","14.421","0.501","1.201","1,2,3,4,5,6,7,8,9,10,11,12,13,14,15,16,17,18,19,20,42,47,73,75,82,90,94,102,109,110,120,145,161,168,184,186,189,197,201,223,241,279,291,323,328,348,394,399,400,403,406,439,442,453,461,463,500,508,515,529,534,554,557,561,569,575,577,588,604,607,612,653,662,674,705,719,748,757,764,770,800,822,843,877,893,910,917",0.000359709471024056,FALSE,67,0,87,67,20,0.770114942528736,1
"lasso.cv",19,600,0.33,"TRUE","TRUE","FALSE","20.1111807959226","20.0000463462332","0.111134449689392","13.902","0.43","1.277","1,2,3,4,5,6,7,8,9,10,11,12,13,14,15,16,17,18,19,20,37,40,43,59,63,76,96,109,111,140,144,149,156,184,188,198,210,230,232,288,374,386,400,403,447,449,454,511,513,515,534,556,569,610,618,638,648,653,663,712,732,757,775,816,818,831,853,874,877,888,898",0.000330742672579253,FALSE,51,0,71,51,20,0.71830985915493,1
"lasso.cv",2,600,0.33,"TRUE","TRUE","FALSE","20.0843941364448","19.0004082680067","1.08398586843808","13.381","0.47","1.278","1,2,3,4,5,6,7,8,9,10,11,12,13,14,15,16,17,18,19,20,41,67,98,110,157,163,164,173,192,202,238,255,262,292,295,314,321,326,358,382,406,408,412,419,428,452,457,458,460,464,465,474,478,479,486,491,492,500,503,529,539,569,587,592,613,627,676,714,725,733,745,761,784,810,832,838,852,856,859,895,896,900,905,912",0.00026478410637391,FALSE,64,0,84,64,20,0.761904761904762,1
"lasso.cv",20,600,0.33,"TRUE","TRUE","FALSE","20.1451129685685","20.0004812457559","0.144631722812598","13.797","0.454","1.254","1,2,3,4,5,6,7,8,9,10,11,12,13,14,15,16,17,18,19,20,75,84,101,106,118,120,123,125,143,171,196,222,246,248,273,276,287,288,308,326,357,366,367,383,397,405,408,418,453,463,471,473,489,500,526,548,553,569,571,581,591,614,617,621,637,671,686,701,724,725,748,750,752,760,768,770,796,800,808,828,846,849,864,872,874,906,911,916,919",0.000346613684484605,FALSE,69,0,89,69,20,0.775280898876405,1
"lasso.cv",21,600,0.33,"TRUE","TRUE","FALSE","20.1686343799436","19.000568814368","1.16806556557557","14.57","0.454","1.17","1,2,3,4,5,6,7,8,9,10,11,12,13,14,15,16,17,18,19,20,41,61,72,73,75,80,107,111,148,161,173,197,227,239,246,248,255,298,308,323,328,339,344,348,353,361,374,380,382,417,442,467,475,476,578,587,598,616,628,664,706,713,717,768,769,781,837,841,863,871,877,885,896,917",0.000252924361148865,FALSE,54,0,74,54,20,0.72972972972973,1
"lasso.cv",22,600,0.33,"TRUE","TRUE","FALSE","20.1061716781545","20.0012330216769","0.104938656477587","13.721","0.459","1.285","1,2,3,4,5,6,7,8,9,10,11,12,13,14,15,16,17,18,19,20,31,33,40,61,73,104,105,120,122,149,167,193,201,206,211,222,230,255,278,286,287,329,387,407,417,422,440,441,442,503,509,526,532,540,553,567,572,584,601,617,619,620,624,634,643,650,654,665,670,676,677,696,703,719,778,784,800,802,804,822,823,830,846,851,874,885",0.000362298740961024,FALSE,66,0,86,66,20,0.767441860465116,1
"lasso.cv",23,600,0.33,"TRUE","TRUE","FALSE","19.6172382286285","18.4775268703048","1.13971135832368","14.863","0.451","1.251","1,2,3,4,5,6,7,8,9,10,11,12,13,14,15,16,17,18,19,20,30,41,46,47,106,130,181,185,202,241,244,248,282,284,329,337,362,383,389,397,403,420,427,442,476,503,508,511,512,523,536,539,548,549,561,566,569,571,599,606,614,616,629,661,666,684,699,706,712,720,732,746,755,770,781,797,871,872,913",0.000398594654734846,FALSE,59,0,79,59,20,0.746835443037975,1
"lasso.cv",24,600,0.33,"TRUE","TRUE","FALSE","20.1009635382549","20.0002089849661","0.100754553288827","13.827","0.472","1.326","1,2,3,4,5,6,7,8,9,10,11,12,13,14,15,16,17,18,19,20,22,31,45,47,67,90,94,124,140,179,184,188,207,218,267,269,273,308,344,364,394,395,412,435,446,458,460,464,466,503,511,524,533,582,620,650,653,655,685,696,706,707,714,716,730,733,734,746,751,757,762,777,804,807,815,816,817,820,821,835,845,871,872,891,896,909",0.000294127236502404,FALSE,66,0,86,66,20,0.767441860465116,1
"lasso.cv",25,600,0.33,"TRUE","TRUE","FALSE","20.0811260857295","19.9815442598175","0.0995818259119392","13.933","0.468","1.433","1,2,3,4,5,6,7,8,9,10,11,12,13,14,15,16,17,18,19,20,38,46,61,72,74,85,113,117,123,129,144,150,169,178,188,232,237,239,244,246,247,251,253,263,269,274,285,317,322,331,336,348,367,392,393,406,419,434,435,441,468,469,471,499,515,530,531,540,553,566,577,631,660,671,701,707,717,731,733,739,750,752,764,768,770,776,778,781,782,788,817,851,855,871,874,890,910,911",0.000395245655784716,FALSE,78,0,98,78,20,0.795918367346939,1
"lasso.cv",26,600,0.33,"TRUE","TRUE","FALSE","20.1401849221133","18.0005765522086","2.13960836990462","14.176","0.444","1.246","1,2,3,4,5,6,7,8,9,10,11,12,13,14,15,16,17,18,19,20,45,57,61,73,77,81,85,106,107,110,117,131,138,159,184,191,197,209,247,250,263,265,275,288,301,302,317,329,377,383,385,431,439,491,493,500,515,519,535,584,606,608,639,643,660,671,675,700,701,703,715,716,729,733,745,759,766,773,792,794,797,804,813,822,845,853,887,891,898",0.000296904632097626,FALSE,69,0,89,69,20,0.775280898876405,1
"lasso.cv",27,600,0.33,"TRUE","TRUE","FALSE","20.14209809025","19.0003577940413","1.14174029620866","14.073","0.505","1.247","1,2,3,4,5,6,7,8,9,10,11,12,13,14,15,16,17,18,19,20,40,41,46,57,100,123,129,162,185,187,192,198,217,278,324,340,357,366,374,381,383,389,392,428,471,473,476,478,481,508,532,540,543,544,555,556,570,571,615,629,657,665,701,703,706,725,740,753,755,775,830,859,861,873,891,893,894,896,904",0.000275700249032102,FALSE,59,0,79,59,20,0.746835443037975,1
"lasso.cv",28,600,0.33,"TRUE","TRUE","FALSE","20.1134753228481","19.0008690621358","1.11260626071224","13.28","0.469","1.25","1,2,3,4,5,6,7,8,9,10,11,12,13,14,15,16,17,18,19,20,29,50,57,72,90,93,127,134,140,158,164,171,173,174,179,188,191,206,231,242,248,254,319,337,355,357,378,384,393,401,440,442,448,480,484,507,558,566,577,584,595,614,622,631,647,648,667,707,720,743,750,757,798,851,855,871,873,874,899",0.00035321118113361,FALSE,59,0,79,59,20,0.746835443037975,1
"lasso.cv",29,600,0.33,"TRUE","TRUE","FALSE","20.1120781067225","19.0007033601621","1.11137474656035","13.764","0.467","1.281","1,2,3,4,5,6,7,8,9,10,11,12,13,14,15,16,17,18,19,20,22,31,53,71,75,84,90,100,128,148,160,171,179,185,209,230,241,266,327,357,397,400,403,405,406,435,445,457,464,476,486,501,513,530,548,551,571,576,607,619,620,627,629,657,666,671,686,696,699,778,783,795,815,843,859,882,895,897,902,912,920",0.000369281406023481,FALSE,61,0,81,61,20,0.753086419753086,1
"lasso.cv",3,600,0.33,"TRUE","TRUE","FALSE","20.0734808138735","18.957401948857","1.11607886501652","14.469","0.458","1.35","1,2,3,4,5,6,7,8,9,10,11,12,13,14,15,16,17,18,19,20,47,59,61,63,64,90,121,132,142,168,187,223,256,261,271,278,280,294,300,317,318,338,360,403,406,409,414,415,430,442,455,465,501,508,516,518,520,540,573,616,625,630,632,637,654,660,662,678,682,683,690,691,710,719,732,737,759,760,761,792,827,839,843,861,870,885,888,892,894,897,898,910",0.000336896462525909,FALSE,72,0,92,72,20,0.782608695652174,1
"lasso.cv",30,600,0.33,"TRUE","TRUE","FALSE","19.1248327087793","18.0011564558915","1.12367625288781","13.134","0.461","1.266","1,2,3,4,5,6,7,8,9,10,11,12,13,14,15,16,17,18,19,20,23,40,55,61,72,92,100,131,140,144,166,169,171,187,222,260,263,269,278,279,282,298,302,345,357,400,419,421,431,451,463,490,524,534,543,551,567,569,592,614,619,629,650,665,666,672,701,702,707,763,770,782,787,788,790,791,795,803,827,830,858,870,914",0.000353273966551606,FALSE,63,0,83,63,20,0.759036144578313,1
"lasso.cv",31,600,0.33,"TRUE","TRUE","FALSE","19.4039519677187","19.2667825856455","0.137169382073191","15.043","0.45","1.187","1,2,3,4,5,6,7,8,9,10,11,12,13,14,15,16,17,18,19,20,30,41,76,131,134,195,196,198,225,230,337,339,340,342,357,370,384,389,392,400,402,422,424,447,454,471,500,505,551,565,566,569,571,578,591,595,619,627,632,638,645,651,652,658,698,701,707,734,740,746,749,751,772,774,778,802,805,833,836,852,858,870,872,894,896",0.000332299522756142,FALSE,65,0,85,65,20,0.764705882352941,1
"lasso.cv",32,600,0.33,"TRUE","TRUE","FALSE","20.2401891986263","20.0006831269066","0.239506071719723","15.268","0.449","1.292","1,2,3,4,5,6,7,8,9,10,11,12,13,14,15,16,17,18,19,20,33,41,64,90,125,173,213,278,284,289,290,308,325,334,338,364,372,385,401,403,423,443,451,454,463,471,500,508,515,522,536,564,606,619,625,630,656,674,708,743,757,767,772,792,816,824,828,856,909,914,917",0.000337685053637766,FALSE,51,0,71,51,20,0.71830985915493,1
"lasso.cv",33,600,0.33,"TRUE","TRUE","FALSE","20.1123369290908","19.0001616090647","1.11217532002609","14.441","0.469","1.269","1,2,3,4,5,6,7,8,9,10,11,12,13,14,15,16,17,18,19,20,30,51,62,84,96,100,101,105,125,150,155,156,164,222,254,262,270,279,290,314,367,370,384,385,397,407,432,449,461,464,488,503,564,565,584,652,673,707,712,727,735,739,744,745,748,760,764,765,772,775,781,784,790,806,816,819,822,861,862,874,877,881,888,890,891,892,899,904",0.000345315913251976,FALSE,68,0,88,68,20,0.772727272727273,1
"lasso.cv",34,600,0.33,"TRUE","TRUE","FALSE","20.0899228498301","18.9962936259493","1.09362922388083","14.041","0.537","1.371","1,2,3,4,5,6,7,8,9,10,11,12,13,14,15,16,17,18,19,20,36,48,58,65,87,100,105,120,123,134,139,174,211,243,252,259,260,266,277,289,298,312,328,339,340,356,357,378,383,415,435,449,456,503,508,513,539,543,547,550,562,578,580,588,622,629,632,655,658,669,671,672,676,684,691,700,731,740,770,773,774,787,790,792,826,831,839,851,887,898,900,903,910,912",0.000402126523342103,FALSE,74,0,94,74,20,0.787234042553192,1
"lasso.cv",35,600,0.33,"TRUE","TRUE","FALSE","20.1016749598494","20.0017119587601","0.099963001089258","14.335","0.521","1.283","1,2,3,4,5,6,7,8,9,10,11,12,13,14,15,16,17,18,19,20,31,33,78,107,108,129,142,143,202,213,225,252,256,263,273,278,288,291,319,343,346,360,362,365,367,399,406,423,449,488,523,530,534,537,546,608,611,621,623,639,653,664,665,669,690,695,713,717,725,732,733,741,743,747,763,781,790,794,826,832,845,857,874,879,884,896,897,904,911",0.000288519517818103,FALSE,69,0,89,69,20,0.775280898876405,1
"lasso.cv",36,600,0.33,"TRUE","TRUE","FALSE","20.1288293134958","18.9971262033353","1.13170311016047","14.147","0.441","1.223","1,2,3,4,5,6,7,8,9,10,11,12,13,14,15,16,17,18,19,20,25,43,52,55,90,94,98,104,110,139,142,143,147,159,221,230,248,262,271,272,279,298,331,341,357,361,378,379,401,406,408,416,449,450,452,463,487,520,523,532,556,577,632,638,644,654,656,661,678,685,690,694,696,771,781,791,822,839,841,851,856,874,895,905",0.000347753096444768,FALSE,64,0,84,64,20,0.761904761904762,1
"lasso.cv",37,600,0.33,"TRUE","TRUE","FALSE","20.1157820613392","19.0004930962225","1.11528896511669","14.17","0.433","1.238","1,2,3,4,5,6,7,8,9,10,11,12,13,14,15,16,17,18,19,20,21,40,58,76,98,100,105,142,143,176,181,182,184,197,206,208,216,252,275,282,288,331,335,357,397,400,413,416,491,501,519,524,529,532,534,535,540,546,555,578,596,612,632,640,656,674,682,684,743,757,774,808,843,846,855,861,887,890,901,920",0.00028949805972796,FALSE,60,0,80,60,20,0.75,1
"lasso.cv",38,600,0.33,"TRUE","TRUE","FALSE","20.1301542847743","20.0005198795494","0.129634405224857","14.397","0.478","1.237","1,2,3,4,5,6,7,8,9,10,11,12,13,14,15,16,17,18,19,20,47,98,117,125,134,150,165,205,211,221,222,273,280,288,293,310,323,348,358,362,364,372,373,388,401,422,435,460,465,471,511,515,517,526,534,547,566,571,574,587,616,633,639,661,662,665,666,667,686,703,707,782,831,873,881,884,914",0.000305864018639953,FALSE,57,0,77,57,20,0.74025974025974,1
"lasso.cv",39,600,0.33,"TRUE","TRUE","FALSE","20.1585951050723","19.0022317591606","1.15636334591173","14.194","0.461","1.352","1,2,3,4,5,6,7,8,9,10,11,12,13,14,15,16,17,18,19,20,29,31,36,41,57,86,112,131,140,143,153,171,186,211,213,256,273,283,284,297,364,373,374,386,400,423,460,478,486,488,500,529,543,552,576,577,594,614,615,664,671,693,709,719,725,730,740,744,759,787,798,827,830,831,853,856,857,861,874,881,888,919",0.000364342229010085,FALSE,62,0,82,62,20,0.75609756097561,1
"lasso.cv",4,600,0.33,"TRUE","TRUE","FALSE","20.179300770611","17.993274141322","2.18602662928907","14.555","0.459","1.326","1,2,3,4,5,6,7,8,9,10,11,12,13,14,15,16,17,18,19,20,26,35,72,81,99,102,113,127,164,173,181,183,215,221,231,232,247,258,281,288,324,350,361,362,364,367,378,449,472,481,483,500,514,523,533,566,598,599,633,664,696,702,707,727,732,733,741,743,748,752,767,781,784,785,812,822,849,876,907,914",0.000355305444626353,FALSE,60,0,80,60,20,0.75,1
"lasso.cv",40,600,0.33,"TRUE","TRUE","FALSE","19.9847673564155","18.8869305315485","1.09783682486695","13.544","0.461","1.28","1,2,3,4,5,6,7,8,9,10,11,12,13,14,15,16,17,18,19,20,27,33,40,53,82,88,96,107,116,138,191,205,221,222,224,225,234,239,248,255,256,269,276,286,288,333,342,344,346,350,440,446,464,475,515,519,530,532,591,599,620,622,669,674,695,700,725,728,730,737,745,755,773,775,778,822,823,827,845,854,859,863,869,878,879,893,907",0.000363663584837532,FALSE,67,0,87,67,20,0.770114942528736,1
"lasso.cv",41,600,0.33,"TRUE","TRUE","FALSE","20.1649434989496","18.0002953279649","2.1646481709847","14.48","0.453","1.219","1,2,3,4,5,6,7,8,9,10,11,12,13,14,15,16,17,18,19,20,21,47,51,70,81,96,98,110,119,122,134,193,217,236,284,286,292,322,338,364,387,390,398,407,408,426,463,474,475,497,501,517,523,529,534,573,584,589,591,618,657,663,664,672,675,690,696,704,719,740,744,756,774,777,791,801,822,826,828,859,864,878,883,898,909",0.000325342327214993,FALSE,65,0,85,65,20,0.764705882352941,1
"lasso.cv",42,600,0.33,"TRUE","TRUE","FALSE","20.1059861918101","16.9994137741968","3.10657241761333","14.241","0.464","1.281","1,2,3,4,5,6,7,8,9,10,11,12,13,14,15,16,17,18,19,20,29,38,48,60,66,69,72,74,83,88,109,116,128,142,143,145,162,177,183,217,270,280,283,291,294,344,364,371,378,383,423,435,442,452,454,459,476,482,485,497,500,511,529,532,555,565,584,587,602,607,636,664,684,703,704,734,746,757,790,804,821,824,830,856,863,870,871,904",0.00033059633402138,FALSE,68,0,88,68,20,0.772727272727273,1
"lasso.cv",43,600,0.33,"TRUE","TRUE","FALSE","19.7466591359613","18.6278549295494","1.11880420641193","14.282","0.447","1.256","1,2,3,4,5,6,7,8,9,10,11,12,13,14,15,16,17,18,19,20,41,52,73,80,104,116,120,124,130,144,149,172,176,200,204,222,228,231,279,293,329,340,387,417,425,436,479,492,511,522,531,551,555,559,594,655,658,692,718,726,730,733,750,751,770,777,850,902,914",0.00024286911824795,FALSE,49,0,69,49,20,0.710144927536232,1
"lasso.cv",44,600,0.33,"TRUE","TRUE","FALSE","20.0978534417838","20.0003279533362","0.0975254884475703","14","0.46","1.337","1,2,3,4,5,6,7,8,9,10,11,12,13,14,15,16,17,18,19,20,48,52,57,59,72,78,97,101,113,129,141,144,157,162,163,260,286,304,339,342,343,344,348,360,361,392,401,411,427,434,436,446,456,471,490,491,503,517,520,521,529,532,537,589,593,632,641,673,699,703,706,730,759,775,783,799,807,818,854,869,870,871,879,895,919",0.00033552317559697,FALSE,65,0,85,65,20,0.764705882352941,1
"lasso.cv",45,600,0.33,"TRUE","TRUE","FALSE","20.1440698617525","18.0005148090292","2.1435550527233","14.366","0.469","1.313","1,2,3,4,5,6,7,8,9,10,11,12,13,14,15,16,17,18,19,20,61,79,80,94,98,109,129,131,141,174,177,279,284,350,356,360,399,400,428,440,443,446,452,453,470,474,491,501,505,511,529,544,548,565,567,580,582,588,606,621,628,630,655,681,684,685,696,706,732,740,749,764,820,821,827,832,856,858,871,872,898,905",0.000355136604946639,FALSE,62,0,82,62,20,0.75609756097561,1
"lasso.cv",46,600,0.33,"TRUE","TRUE","FALSE","20.1869440525039","20.0005255740151","0.186418478488801","14.9","0.44","1.206","1,2,3,4,5,6,7,8,9,10,11,12,13,14,15,16,17,18,19,20,23,29,40,47,49,54,59,77,79,86,99,100,103,171,220,233,256,269,285,324,340,353,366,408,445,455,460,470,505,513,515,520,550,559,566,572,581,602,611,614,619,647,656,685,687,700,731,732,734,740,746,770,803,814,827,882,884,907,913",0.000229928980417304,FALSE,59,0,79,59,20,0.746835443037975,1
"lasso.cv",47,600,0.33,"TRUE","TRUE","FALSE","20.1227056144573","20.0001880724097","0.122517542047648","14.361","0.448","1.281","1,2,3,4,5,6,7,8,9,10,11,12,13,14,15,16,17,18,19,20,59,61,81,100,140,141,152,157,162,164,178,196,198,224,230,239,252,289,296,304,322,329,340,356,357,363,393,441,447,460,472,495,540,548,600,616,636,645,676,693,719,726,734,744,750,759,791,806,816,822,843,846,854,855,861,868,888,899,901,904,910,911,912,916,917",0.000395370127967842,FALSE,65,0,85,65,20,0.764705882352941,1
"lasso.cv",48,600,0.33,"TRUE","TRUE","FALSE","20.0034122913192","19.8735015440282","0.129910747291007","14.109","0.486","1.165","1,2,3,4,5,6,7,8,9,10,11,12,13,14,15,16,17,18,19,20,65,73,76,77,90,109,111,139,187,215,238,251,275,276,285,290,308,326,330,334,365,383,396,401,405,417,431,443,447,449,458,506,507,524,534,539,540,548,581,596,630,637,643,648,656,657,687,703,718,729,739,741,750,757,758,770,789,792,808,822,823,845,858,880",0.000233420899346783,FALSE,64,0,84,64,20,0.761904761904762,1
"lasso.cv",49,600,0.33,"TRUE","TRUE","FALSE","20.1649528609124","20.0008472618576","0.164105599054872","14.588","0.451","1.316","1,2,3,4,5,6,7,8,9,10,11,12,13,14,15,16,17,18,19,20,23,30,59,71,91,93,97,100,101,185,195,204,238,245,248,292,304,315,321,324,342,343,346,348,366,376,389,407,408,410,421,449,460,464,476,535,562,593,596,614,618,628,644,651,652,665,678,679,697,699,725,741,755,759,790,792,795,796,804,812,886,890,912",0.00045500687055269,FALSE,63,0,83,63,20,0.759036144578313,1
"lasso.cv",5,600,0.33,"TRUE","TRUE","FALSE","20.7897777345616","19.9999346534081","0.789843081153506","18.656","0.506","1.451","1,2,3,4,5,6,7,8,9,10,11,12,13,14,15,16,17,18,19,20,36,49,75,80,82,102,124,128,145,166,168,171,197,209,230,236,238,239,240,241,247,258,276,308,310,320,327,362,378,379,388,390,400,419,420,422,424,434,446,461,463,489,492,499,523,524,531,534,537,540,548,556,566,567,577,598,611,615,621,628,629,667,669,679,682,696,699,714,724,738,750,761,762,773,777,824,825,832,843,854,855,885,888,897,899,902,905",0.00056385514358657,FALSE,87,0,107,87,20,0.813084112149533,1
"lasso.cv",50,600,0.33,"TRUE","TRUE","FALSE","20.2654924694539","19.0004262758546","1.26506619359927","15.212","0.472","1.149","1,2,3,4,5,6,7,8,9,10,11,12,13,14,15,16,17,18,19,20,73,91,105,113,117,164,198,199,225,249,253,260,270,271,284,306,323,331,338,341,342,350,360,381,419,425,449,453,465,524,534,558,578,654,741,753,797,799,831,855,857,859,861,877,879,888,896,917",0.000218179585394129,FALSE,48,0,68,48,20,0.705882352941177,1
"lasso.cv",51,600,0.33,"TRUE","TRUE","FALSE","20.2187371402702","18.0002302429458","2.21850689732434","14.893","0.463","1.324","1,2,3,4,5,6,7,8,9,10,11,12,13,14,15,16,17,18,19,20,24,49,76,95,110,128,154,159,163,177,182,194,211,218,222,249,279,285,287,336,339,348,350,355,360,366,378,379,393,403,404,412,419,455,474,483,487,497,499,510,529,533,536,539,551,575,578,580,591,616,628,633,663,666,667,670,701,725,748,761,762,791,818,825,839,858,878,879,898,901,908",0.000384241541370851,FALSE,71,0,91,71,20,0.78021978021978,1
"lasso.cv",52,600,0.33,"TRUE","TRUE","FALSE","19.9613565990273","18.665656040013","1.29570055901425","16.388","0.474","1.307","1,2,3,4,5,6,7,8,9,10,11,12,13,14,15,16,17,18,19,20,21,27,40,50,67,132,144,169,178,194,215,234,237,243,250,277,315,359,364,381,393,400,403,421,457,498,506,529,537,540,551,592,593,595,614,618,622,636,653,655,673,676,684,703,725,739,740,753,788,792,795,797,817,823,828,841,851,857,873,874,901,914,920",0.000446697033076799,FALSE,63,0,83,63,20,0.759036144578313,1
"lasso.cv",53,600,0.33,"TRUE","TRUE","FALSE","20.1269441902414","19.9977461418104","0.129198048431001","14.188","0.464","1.282","1,2,3,4,5,6,7,8,9,10,11,12,13,14,15,16,17,18,19,20,28,41,42,61,63,74,115,118,140,152,163,191,197,214,225,233,238,249,258,270,304,334,344,345,347,359,392,419,429,434,439,444,458,467,474,483,485,511,514,550,578,586,607,633,658,661,666,670,695,708,730,768,780,833,851,856,867,869,871,879,888,894,904,907",0.000369111695738838,FALSE,64,0,84,64,20,0.761904761904762,1
"lasso.cv",54,600,0.33,"TRUE","TRUE","FALSE","20.1009180005376","18.9987010280581","1.10221697247955","13.35","0.45","1.29","1,2,3,4,5,6,7,8,9,10,11,12,13,14,15,16,17,18,19,20,27,36,40,93,120,130,134,139,141,146,214,237,256,288,310,321,322,334,374,399,405,450,471,476,514,518,526,552,556,564,571,574,586,614,622,629,630,648,658,662,680,688,726,727,732,733,740,744,748,752,753,758,770,789,807,823,831,856,871,874,899,910,912",0.000323555403965673,FALSE,63,0,83,63,20,0.759036144578313,1
"lasso.cv",55,600,0.33,"TRUE","TRUE","FALSE","20.1262917459673","19.9948232979149","0.131468448052362","14.277","0.455","1.28","1,2,3,4,5,6,7,8,9,10,11,12,13,14,15,16,17,18,19,20,38,47,56,65,74,100,104,120,160,171,174,185,218,232,235,256,265,273,274,284,292,307,341,349,373,419,457,487,512,516,521,539,548,550,611,616,618,636,657,685,696,744,748,752,772,778,782,791,817,831,839,855,890,893,896,914",0.000270102798266574,FALSE,56,0,76,56,20,0.736842105263158,1
"lasso.cv",56,600,0.33,"TRUE","TRUE","FALSE","19.6075496073174","19.5088965549682","0.0986530523492158","13.828","0.454","1.208","1,2,3,4,5,6,7,8,9,10,11,12,13,14,15,16,17,18,19,20,21,61,65,73,76,79,88,90,98,99,101,106,108,113,181,187,194,197,198,235,243,245,246,251,271,277,279,281,298,308,349,364,367,373,379,393,419,420,441,481,528,530,539,543,551,560,566,574,599,620,633,639,665,678,699,706,725,760,769,771,787,813,843,859,867,872,873,891,909,917",0.000305515954866328,FALSE,70,0,90,70,20,0.777777777777778,1
"lasso.cv",57,600,0.33,"TRUE","TRUE","FALSE","20.1909865077958","19.0004140999773","1.19057240781851","14.816","0.45","1.256","1,2,3,4,5,6,7,8,9,10,11,12,13,14,15,16,17,18,19,20,30,41,84,86,87,90,105,113,117,140,142,149,164,239,267,272,286,298,332,393,411,423,449,453,483,515,573,656,664,672,688,690,694,701,729,741,746,762,775,791,828,853,872,887,890,898",0.000386604193967263,FALSE,46,0,66,46,20,0.696969696969697,1
"lasso.cv",58,600,0.33,"TRUE","TRUE","FALSE","20.2223874222881","20.0008045151896","0.221582907098562","14.988","0.442","1.227","1,2,3,4,5,6,7,8,9,10,11,12,13,14,15,16,17,18,19,20,30,55,61,63,81,82,133,183,200,238,259,265,270,288,339,350,377,424,446,477,486,529,533,535,552,571,618,636,643,655,711,712,737,745,746,751,770,781,804,811,822,827,832,853,868,874,877,880,886,898",0.000317010810376552,FALSE,50,0,70,50,20,0.714285714285714,1
"lasso.cv",59,600,0.33,"TRUE","TRUE","FALSE","20.0411863264114","19.8919224938914","0.149263832519921","15.123","0.524","1.389","1,2,3,4,5,6,7,8,9,10,11,12,13,14,15,16,17,18,19,20,22,23,31,35,57,64,88,104,114,130,132,144,151,174,189,196,204,213,222,224,252,254,262,263,279,288,298,305,322,350,353,357,377,399,408,428,435,443,461,473,478,519,526,529,544,547,548,559,619,640,657,666,671,676,684,698,720,725,734,748,759,761,762,778,781,801,816,841,843,861,866,897,900",0.000399771144269661,FALSE,73,0,93,73,20,0.78494623655914,1
"lasso.cv",6,600,0.33,"TRUE","TRUE","FALSE","20.1215575343645","18.999970527333","1.12158700703157","13.655","0.456","1.29","1,2,3,4,5,6,7,8,9,10,11,12,13,14,15,16,17,18,19,20,31,34,36,40,75,81,97,100,110,132,142,162,169,186,187,191,200,204,210,238,248,251,270,274,276,288,362,364,371,389,403,412,424,426,434,436,440,463,490,517,519,527,534,550,566,577,584,596,604,615,627,640,643,649,662,664,697,702,748,795,803,811,815,822,828,879,890,899,904",0.000368137964600779,FALSE,69,0,89,69,20,0.775280898876405,1
"lasso.cv",60,600,0.33,"TRUE","TRUE","FALSE","20.1153533315206","19.0005748679251","1.11477846359547","13.466","0.45","1.24","1,2,3,4,5,6,7,8,9,10,11,12,13,14,15,16,17,18,19,20,30,35,81,97,98,100,120,129,174,211,218,230,232,256,264,312,322,342,349,361,366,385,409,443,447,461,471,490,491,495,521,536,548,550,578,582,584,588,606,615,651,654,699,717,746,751,779,798,831,832,835,851,856,866,916",0.000286720151364004,FALSE,55,0,75,55,20,0.733333333333333,1
"lasso.cv",61,600,0.33,"TRUE","TRUE","FALSE","20.1009630442768","19.0008096574804","1.10015338679641","13.658","0.447","1.275","1,2,3,4,5,6,7,8,9,10,11,12,13,14,15,16,17,18,19,20,29,41,75,76,98,101,125,126,150,151,153,162,214,221,243,245,260,262,275,279,305,311,318,332,387,389,392,426,440,441,476,495,522,530,535,545,569,578,593,608,610,623,634,661,696,698,703,727,732,756,778,784,791,834,855,856,859,886,893",0.000334902143878219,FALSE,59,0,79,59,20,0.746835443037975,1
"lasso.cv",62,600,0.33,"TRUE","TRUE","FALSE","20.0085085242845","19.8895323202982","0.118976203986322","14.774","0.442","1.251","1,2,3,4,5,6,7,8,9,10,11,12,13,14,15,16,17,18,19,20,21,35,41,84,89,103,104,118,129,154,171,179,194,196,205,264,278,291,304,317,327,344,378,399,411,423,434,455,457,474,491,552,571,578,615,629,636,639,665,672,680,690,697,699,713,732,753,774,844,851,867,881,893,895,914,916",0.000313041626231001,FALSE,56,0,76,56,20,0.736842105263158,1
"lasso.cv",63,600,0.33,"TRUE","TRUE","FALSE","20.1657759987756","20.0006489711445","0.165127027631102","14.633","0.466","1.208","1,2,3,4,5,6,7,8,9,10,11,12,13,14,15,16,17,18,19,20,67,70,71,73,109,117,118,127,153,167,179,185,237,254,257,289,291,299,302,308,313,340,372,385,393,421,443,446,449,456,459,461,465,501,519,524,530,541,543,551,559,563,571,585,594,599,600,627,639,652,657,675,711,732,733,751,764,766,771,781,830,831,878,914,916",0.000399967040390966,FALSE,65,0,85,65,20,0.764705882352941,1
"lasso.cv",64,600,0.33,"TRUE","TRUE","FALSE","19.6791275651924","19.5793138144721","0.0998137507202514","15.098","0.474","1.269","1,2,3,4,5,6,7,8,9,10,11,12,13,14,15,16,17,18,19,20,21,37,78,83,105,116,120,121,136,175,202,222,229,247,260,278,285,301,312,337,338,346,352,365,370,376,389,399,400,403,423,468,493,524,527,553,584,595,617,628,634,662,669,676,703,704,743,746,751,765,783,784,802,830,848,860,867,868,871,874,877,879,914",0.00031686591275622,FALSE,63,0,83,63,20,0.759036144578313,1
"lasso.cv",65,600,0.33,"TRUE","TRUE","FALSE","20.1001507990746","18.9966236785656","1.10352712050895","13.752","0.445","1.231","1,2,3,4,5,6,7,8,9,10,11,12,13,14,15,16,17,18,19,20,31,84,89,106,140,148,168,173,181,187,215,279,281,282,288,292,373,374,387,399,400,425,439,440,461,475,486,507,550,555,563,566,574,577,587,603,627,655,657,666,676,680,683,692,696,705,713,732,740,752,761,762,764,767,799,800,801,830,839,853,864,871,893,899,912",0.000305016238194003,FALSE,65,0,85,65,20,0.764705882352941,1
"lasso.cv",66,600,0.33,"TRUE","TRUE","FALSE","20.1112395909925","20.0010121904909","0.110227400501593","13.714","0.444","1.204","1,2,3,4,5,6,7,8,9,10,11,12,13,14,15,16,17,18,19,20,27,43,46,49,50,79,80,82,87,90,91,99,134,140,141,196,279,357,359,373,402,403,424,440,446,449,459,472,474,505,517,534,585,588,591,629,640,652,663,665,695,698,704,748,757,760,772,823,872,892,901,911,919",0.000317004653408838,FALSE,53,0,73,53,20,0.726027397260274,1
"lasso.cv",67,600,0.33,"TRUE","TRUE","FALSE","20.0984262869949","19.0011265447382","1.09729974225673","14.098","0.472","1.331","1,2,3,4,5,6,7,8,9,10,11,12,13,14,15,16,17,18,19,20,35,40,41,44,65,73,75,84,140,160,169,182,183,196,222,252,254,266,273,279,282,294,295,345,359,368,374,380,396,400,415,421,422,424,435,446,460,466,471,501,526,535,540,543,555,561,566,573,574,599,603,615,651,658,692,693,699,701,703,724,738,741,746,766,785,787,817,822,839,843,852,856,876,891,901",0.000399543157819696,FALSE,75,0,95,75,20,0.789473684210526,1
"lasso.cv",68,600,0.33,"TRUE","TRUE","FALSE","20.2251696629371","19.0005206093204","1.22464905361672","15.534","0.492","1.51","1,2,3,4,5,6,7,8,9,10,11,12,13,14,15,16,17,18,19,20,35,36,40,44,47,75,78,79,80,91,98,110,119,120,123,143,159,219,221,223,232,321,326,346,367,372,379,384,389,391,403,406,416,419,449,458,493,499,500,511,515,533,544,546,553,556,557,567,583,619,631,650,654,665,666,667,671,680,681,694,696,734,751,755,768,775,781,788,790,794,805,824,835,854,859,881,894",0.000485529117875082,FALSE,77,0,97,77,20,0.793814432989691,1
"lasso.cv",69,600,0.33,"TRUE","TRUE","FALSE","20.1158027017945","19.0003264554377","1.11547624635677","14.554","0.467","1.361","1,2,3,4,5,6,7,8,9,10,11,12,13,14,15,16,17,18,19,20,25,54,58,114,116,127,142,144,182,195,198,213,221,231,239,275,277,292,296,300,308,320,344,354,355,360,366,376,393,408,420,421,446,447,455,456,495,497,501,503,508,511,514,515,525,540,565,604,610,637,639,642,683,685,688,695,703,725,741,751,765,830,838,843,857,873,881,892,898,908",0.000322715073577504,FALSE,70,0,90,70,20,0.777777777777778,1
"lasso.cv",7,600,0.33,"TRUE","TRUE","FALSE","20.1263447118663","20.000372909951","0.125971801915312","13.591","0.451","1.285","1,2,3,4,5,6,7,8,9,10,11,12,13,14,15,16,17,18,19,20,27,44,77,84,131,231,235,250,287,304,316,345,361,366,374,397,399,426,456,501,505,524,530,545,578,581,595,610,613,614,617,618,651,673,679,696,699,703,724,731,746,766,773,782,784,843,853,859,879,888,895,912,914,915",0.000318358955954101,FALSE,54,0,74,54,20,0.72972972972973,1
"lasso.cv",70,600,0.33,"TRUE","TRUE","FALSE","19.9406718884061","19.8401616172618","0.100510271144288","14.181","0.475","1.347","1,2,3,4,5,6,7,8,9,10,11,12,13,14,15,16,17,18,19,20,21,30,35,57,59,70,85,91,103,140,141,142,145,154,163,197,241,281,287,316,318,341,367,374,387,420,424,455,469,472,482,484,488,505,508,515,565,567,577,596,610,613,616,629,630,643,647,657,674,699,742,770,771,781,790,799,800,831,843,854,862,888,892,893,894,896,910",0.000331815269603171,FALSE,67,0,87,67,20,0.770114942528736,1
"lasso.cv",71,600,0.33,"TRUE","TRUE","FALSE","20.1275253315321","19.000923948634","1.12660138289814","14.299","0.454","1.193","1,2,3,4,5,6,7,8,9,10,11,12,13,14,15,16,17,18,19,20,30,36,47,57,63,84,96,100,101,120,151,154,162,171,183,205,232,241,273,289,311,324,328,343,357,360,375,376,406,438,446,460,483,505,523,535,537,543,551,558,583,588,621,630,658,707,726,732,737,770,773,777,783,811,838,843,849,851,853,894,898,913",0.000252808518600975,FALSE,62,0,82,62,20,0.75609756097561,1
"lasso.cv",72,600,0.33,"TRUE","TRUE","FALSE","20.0962579740133","19.0004337048396","1.09582426917374","13.874","0.453","1.186","1,2,3,4,5,6,7,8,9,10,11,12,13,14,15,16,17,18,19,20,39,40,77,80,88,98,125,128,141,163,181,223,242,260,284,321,343,412,421,422,449,463,465,491,503,515,527,533,547,550,576,582,595,651,666,685,686,690,698,711,728,740,752,769,771,783,841,858,871,874,877,883,903,914",0.00028348340466616,FALSE,54,0,74,54,20,0.72972972972973,1
"lasso.cv",73,600,0.33,"TRUE","TRUE","FALSE","19.5447205278531","18.4388636648531","1.10585686300002","14.624","0.435","1.123","1,2,3,4,5,6,7,8,9,10,11,12,13,14,15,16,17,18,19,20,30,40,52,63,71,78,90,121,129,171,183,196,205,218,273,302,313,338,340,363,373,400,405,406,408,412,438,508,515,518,520,526,530,534,535,546,566,602,615,636,652,684,703,707,710,719,736,741,753,770,771,787,796,827,831,872,873,898,912",0.000369587156513095,FALSE,59,0,79,59,20,0.746835443037975,1
"lasso.cv",74,600,0.33,"TRUE","TRUE","FALSE","20.6501344548261","19.9617081496321","0.688426305193996","16.5","0.488","1.457","1,2,3,4,5,6,7,8,9,10,11,12,13,14,15,16,17,18,19,20,24,30,32,40,41,49,63,93,94,98,101,110,131,159,168,169,176,178,185,197,207,216,217,232,242,265,280,294,331,361,373,405,415,431,439,445,460,484,485,495,500,508,515,519,525,526,528,529,544,546,563,585,664,671,696,719,725,738,743,745,757,760,771,797,803,811,822,828,835,851,857,890,897,911",0.000478127993886918,FALSE,74,0,94,74,20,0.787234042553192,1
"lasso.cv",75,600,0.33,"TRUE","TRUE","FALSE","20.0753807463123","19.97725261616","0.0981281301523283","13.937","0.463","1.243","1,2,3,4,5,6,7,8,9,10,11,12,13,14,15,16,17,18,19,20,41,46,79,128,217,221,242,251,260,268,289,290,326,347,352,354,376,438,447,462,476,518,530,537,552,553,566,583,587,591,597,654,655,662,666,676,679,685,699,700,723,736,744,746,758,830,838,839,854,856,857,862,896,904,909",0.000307159392374317,FALSE,55,0,75,55,20,0.733333333333333,1
"lasso.cv",76,600,0.33,"TRUE","TRUE","FALSE","20.1253568764787","19.0003104182658","1.12504645821287","14.278","0.48","1.357","1,2,3,4,5,6,7,8,9,10,11,12,13,14,15,16,17,18,19,20,21,36,63,69,86,90,99,125,134,139,144,158,163,171,184,220,227,231,238,242,262,275,308,317,322,332,338,348,368,408,412,426,443,450,457,459,471,482,501,511,559,571,581,586,614,629,630,648,673,677,683,684,697,719,721,733,746,768,804,805,809,845,861,888,896,912",0.000385607881196018,FALSE,66,0,86,66,20,0.767441860465116,1
"lasso.cv",77,600,0.33,"TRUE","TRUE","FALSE","20.5738649966425","20.0004577220052","0.57340727463733","16.263","0.464","1.4","1,2,3,4,5,6,7,8,9,10,11,12,13,14,15,16,17,18,19,20,24,43,51,72,73,89,109,118,123,148,150,161,165,194,254,256,263,266,306,329,331,345,355,361,373,378,387,405,412,455,464,483,539,572,582,593,598,614,638,648,672,690,699,701,732,734,746,747,771,784,795,816,828,846,884,898,909,910",0.000515088414108298,FALSE,58,0,78,58,20,0.743589743589744,1
"lasso.cv",78,600,0.33,"TRUE","TRUE","FALSE","20.1345342514488","19.0005165461061","1.13401770534271","14.032","0.461","1.242","1,2,3,4,5,6,7,8,9,10,11,12,13,14,15,16,17,18,19,20,24,39,41,59,64,71,97,100,155,160,173,186,196,198,254,263,266,316,321,352,355,357,365,370,399,440,488,490,504,517,524,529,539,545,562,566,569,582,618,619,622,625,665,687,699,744,751,774,791,801,853,861,863,870,890,906,909",0.000301024249233013,FALSE,57,0,77,57,20,0.74025974025974,1
"lasso.cv",79,600,0.33,"TRUE","TRUE","FALSE","20.0199161605781","18.9193057472376","1.10061041334059","13.268","0.457","1.229","1,2,3,4,5,6,7,8,9,10,11,12,13,14,15,16,17,18,19,20,40,46,63,69,88,100,127,160,165,169,178,183,235,248,250,260,276,284,287,289,303,304,313,338,355,363,366,373,396,443,446,465,495,505,509,534,551,566,577,611,614,643,644,657,683,696,697,699,719,732,733,744,747,751,761,773,788,793,800,832,835,867,871,881,890,909,910",0.000392214632807299,FALSE,67,0,87,67,20,0.770114942528736,1
"lasso.cv",8,600,0.33,"TRUE","TRUE","FALSE","20.1306219823089","19.0001826363328","1.13043934597611","14.373","0.437","1.133","1,2,3,4,5,6,7,8,9,10,11,12,13,14,15,16,17,18,19,20,21,30,40,76,81,104,162,187,193,236,244,253,296,340,344,345,374,377,383,395,443,446,459,463,466,491,497,517,520,544,603,616,618,620,627,674,693,714,743,810,816,838,861,888,910",0.000179552429955833,FALSE,45,0,65,45,20,0.692307692307692,1
"lasso.cv",80,600,0.33,"TRUE","TRUE","FALSE","20.1091897792505","19.0007539564615","1.10843582278899","14.098","0.454","1.234","1,2,3,4,5,6,7,8,9,10,11,12,13,14,15,16,17,18,19,20,21,30,48,85,98,102,121,171,204,212,217,233,241,249,254,278,292,295,318,399,401,411,417,432,440,441,459,472,494,500,511,515,560,561,568,569,600,616,619,620,634,654,664,665,671,672,684,685,710,719,733,764,777,784,801,843,867,884,885,888,897,907",0.000321764554871649,FALSE,62,0,82,62,20,0.75609756097561,1
"lasso.cv",81,600,0.33,"TRUE","TRUE","FALSE","20.0968543586526","19.0003117665798","1.09654259207283","13.747","0.463","1.246","1,2,3,4,5,6,7,8,9,10,11,12,13,14,15,16,17,18,19,20,41,44,47,90,94,98,121,129,164,171,172,186,196,201,202,220,222,234,251,280,282,287,288,308,321,331,340,349,396,397,408,412,433,451,462,463,471,488,496,504,505,508,524,554,597,606,618,659,686,699,701,717,737,740,748,773,781,799,810,824,848,851,879,907,912",0.000254247648836056,FALSE,65,0,85,65,20,0.764705882352941,1
"lasso.cv",82,600,0.33,"TRUE","TRUE","FALSE","19.5170659206642","17.4280779421156","2.0889879785486","13.713","0.426","1.193","1,2,3,4,5,6,7,8,9,10,11,12,13,14,15,16,17,18,19,20,51,58,88,99,113,115,131,140,154,157,163,177,243,247,267,270,278,324,331,335,355,405,408,410,426,474,475,498,506,520,522,529,532,551,553,593,600,614,616,664,672,707,719,732,747,760,761,796,833,838,839,867,906,912",0.000313190172891203,FALSE,54,0,74,54,20,0.72972972972973,1
"lasso.cv",83,600,0.33,"TRUE","TRUE","FALSE","20.1024901414194","19.0005115935896","1.10197854782986","12.996","0.458","1.258","1,2,3,4,5,6,7,8,9,10,11,12,13,14,15,16,17,18,19,20,35,49,63,70,76,83,101,105,117,121,167,214,221,234,241,309,311,322,325,343,354,360,362,408,411,439,440,454,476,486,494,498,509,524,548,556,566,574,582,587,599,609,616,636,643,671,711,727,743,746,753,760,764,774,783,786,795,810,827,856,866,868,870,871",0.000307753460193421,FALSE,64,0,84,64,20,0.761904761904762,1
"lasso.cv",84,600,0.33,"TRUE","TRUE","FALSE","20.1025114509504","19.0002567745822","1.10225467636827","13.51","0.455","1.258","1,2,3,4,5,6,7,8,9,10,11,12,13,14,15,16,17,18,19,20,21,50,55,56,81,89,93,98,102,105,109,134,145,173,206,236,264,273,277,284,328,330,358,361,366,384,387,391,398,400,405,409,419,421,447,452,460,468,509,517,520,521,530,534,543,544,551,553,593,603,610,654,663,674,696,700,717,719,750,767,770,779,816,822,828,858,879,883,903",0.000312428677772243,FALSE,69,0,89,69,20,0.775280898876405,1
"lasso.cv",85,600,0.33,"TRUE","TRUE","FALSE","19.7610982685169","18.5661887084666","1.19490956005029","15.506","0.445","1.208","1,2,3,4,5,6,7,8,9,10,11,12,13,14,15,16,17,18,19,20,27,39,46,49,50,81,82,91,94,99,126,140,171,186,201,238,245,252,268,277,288,327,353,374,379,401,406,452,471,522,524,534,536,570,571,591,690,700,740,743,748,753,754,757,786,812,820,827,852,861,879,891",0.00026625794666684,FALSE,52,0,72,52,20,0.722222222222222,1
"lasso.cv",86,600,0.33,"TRUE","TRUE","FALSE","20.1254699886178","19.0004951950532","1.12497479356468","13.505","0.479","1.214","1,2,3,4,5,6,7,8,9,10,11,12,13,14,15,16,17,18,19,20,76,95,98,108,183,201,218,226,231,247,260,270,282,287,307,334,352,368,373,378,394,401,436,439,460,487,505,524,536,546,581,584,598,608,623,639,653,664,674,703,711,716,724,733,741,762,771,784,816,822,830,841,851,890,901",0.000327010764832114,FALSE,55,0,75,55,20,0.733333333333333,1
"lasso.cv",87,600,0.33,"TRUE","TRUE","FALSE","20.1243531101127","18.0000104699991","2.12434264011358","13.994","0.446","1.28","1,2,3,4,5,6,7,8,9,10,11,12,13,14,15,16,17,18,19,20,59,64,98,107,130,131,143,151,192,212,216,245,246,248,274,279,350,355,384,401,406,431,432,440,443,446,449,481,540,542,560,569,593,600,608,617,644,658,680,696,700,719,731,746,778,811,831,876,881,888,894,895,905,910,914",0.000300238081937077,FALSE,55,0,75,55,20,0.733333333333333,1
"lasso.cv",88,600,0.33,"TRUE","TRUE","FALSE","20.4890351727595","19.0007237776573","1.48831139510222","17.042","0.444","1.164","1,2,3,4,5,6,7,8,9,10,11,12,13,14,15,16,17,18,19,20,41,47,56,61,100,101,105,120,139,218,240,267,318,341,349,399,419,432,435,473,524,528,529,550,552,598,599,629,652,655,663,664,672,678,703,721,746,770,771,789,790,793,816,831,839,854,865,868,872,888,890,896,909",0.00020409957143099,FALSE,53,0,73,53,20,0.726027397260274,1
"lasso.cv",89,600,0.33,"TRUE","TRUE","FALSE","20.1026659909901","20.0004652506233","0.102200740366823","13.837","0.475","1.303","1,2,3,4,5,6,7,8,9,10,11,12,13,14,15,16,17,18,19,20,21,48,67,75,77,105,106,109,115,117,129,143,148,184,247,281,287,288,309,347,357,362,364,387,397,425,446,447,452,454,464,474,478,506,519,520,535,543,555,569,578,608,612,618,619,629,633,638,643,647,653,658,677,682,693,716,721,778,787,818,830,864,874,905,916",0.000325128669876579,FALSE,65,0,85,65,20,0.764705882352941,1
"lasso.cv",9,600,0.33,"TRUE","TRUE","FALSE","20.1141930292036","19.0002197270336","1.11397330216998","13.668","0.454","1.205","1,2,3,4,5,6,7,8,9,10,11,12,13,14,15,16,17,18,19,20,59,67,78,81,88,117,140,168,197,201,234,255,279,373,378,379,384,397,453,461,462,464,480,529,530,534,541,550,581,621,640,654,665,667,676,681,688,699,700,731,734,752,759,782,798,837,848,851,867,868,878,896,911",0.000290195206080143,FALSE,53,0,73,53,20,0.726027397260274,1
"lasso.cv",90,600,0.33,"TRUE","TRUE","FALSE","20.0919430169898","19.0005271767511","1.09141584023866","12.984","0.478","1.177","1,2,3,4,5,6,7,8,9,10,11,12,13,14,15,16,17,18,19,20,76,93,101,102,117,120,136,141,168,178,209,225,234,250,263,278,284,287,294,374,375,400,407,408,417,419,430,449,535,548,551,567,569,579,582,615,653,679,701,705,730,747,748,751,753,784,818,822,843,863,870,883,896,897,916",0.000265485985007693,FALSE,55,0,75,55,20,0.733333333333333,1
"lasso.cv",91,600,0.33,"TRUE","TRUE","FALSE","20.0902264223499","19.0002318554956","1.08999456685427","13.587","0.456","1.345","1,2,3,4,5,6,7,8,9,10,11,12,13,14,15,16,17,18,19,20,40,46,47,62,72,86,100,109,117,118,120,131,162,182,195,197,201,225,227,228,236,250,280,353,361,373,374,379,383,386,394,408,422,452,463,464,470,488,490,505,515,516,524,536,537,548,551,582,585,600,624,629,661,670,684,686,693,701,705,710,729,743,746,747,781,820,832,846,849,852,883,888,892,902,909,912",0.000346277395032612,FALSE,76,0,96,76,20,0.791666666666667,1
"lasso.cv",92,600,0.33,"TRUE","TRUE","FALSE","20.1079978876545","18.0029786410639","2.10501924659067","13.849","0.447","1.286","1,2,3,4,5,6,7,8,9,10,11,12,13,14,15,16,17,18,19,20,29,42,49,57,63,81,123,128,131,176,184,197,282,307,308,309,358,367,374,383,423,436,438,440,489,501,506,517,552,556,563,636,650,670,676,684,688,697,705,735,772,773,798,824,843,861,867,868,870,884",0.000352444099002779,FALSE,50,0,70,50,20,0.714285714285714,1
"lasso.cv",93,600,0.33,"TRUE","TRUE","FALSE","20.1082467762207","19.9533519306209","0.154894845599845","14.78","0.457","1.192","1,2,3,4,5,6,7,8,9,10,11,12,13,14,15,16,17,18,19,20,90,94,98,99,103,139,142,174,183,217,230,286,290,316,322,323,339,380,414,428,435,457,462,464,467,476,479,483,499,511,529,550,585,598,601,607,630,647,654,676,688,691,696,698,703,716,719,723,728,737,760,765,770,773,778,782,792,810,870,874,877",0.000291751038472996,FALSE,61,0,81,61,20,0.753086419753086,1
"lasso.cv",94,600,0.33,"TRUE","TRUE","FALSE","20.1819990475247","18.9771053211512","1.20489372637342","14.96","0.469","1.225","1,2,3,4,5,6,7,8,9,10,11,12,13,14,15,16,17,18,19,20,21,38,41,77,95,100,101,102,109,121,140,209,212,263,267,338,374,383,393,477,497,524,630,655,657,663,671,679,699,701,738,740,742,768,770,777,817,824,828,843,855,861,867,873,883,896,902,910",0.000359670664211982,FALSE,48,0,68,48,20,0.705882352941177,1
"lasso.cv",95,600,0.33,"TRUE","TRUE","FALSE","20.1131072474729","18.0009574131203","2.11214983435257","14.114","0.446","1.234","1,2,3,4,5,6,7,8,9,10,11,12,13,14,15,16,17,18,19,20,36,83,91,139,176,186,252,261,278,286,294,299,328,333,342,344,353,373,379,381,385,405,423,424,428,438,464,466,472,502,515,529,534,571,616,622,635,661,670,732,738,750,759,768,777,781,810,818,823,845,859,861,872,880,884,908,909,910",0.000289434615054303,FALSE,58,0,78,58,20,0.743589743589744,1
"lasso.cv",96,600,0.33,"TRUE","TRUE","FALSE","19.8368319639712","16.6489738190109","3.18785814496032","15.549","0.428","1.162","1,2,3,4,5,6,7,8,9,10,11,12,13,14,15,16,17,18,19,20,21,41,47,50,55,81,109,123,125,129,130,172,185,211,234,250,284,297,305,308,314,317,324,342,371,396,403,429,445,452,535,539,540,556,579,589,701,732,770,785,807,827,854,871,874,879,886,894",0.000240039970301679,FALSE,48,0,68,48,20,0.705882352941177,1
"lasso.cv",97,600,0.33,"TRUE","TRUE","FALSE","20.1319920959635","18.0007699598651","2.13122213609839","14.277","0.447","1.223","1,2,3,4,5,6,7,8,9,10,11,12,13,14,15,16,17,18,19,20,130,139,173,175,187,202,213,237,239,278,279,298,322,326,329,345,355,389,413,416,419,447,462,478,481,489,507,517,525,540,544,548,569,597,616,630,644,674,698,705,732,746,755,773,783,859,861,888,897",0.000231079762553398,FALSE,49,0,69,49,20,0.710144927536232,1
"lasso.cv",98,600,0.33,"TRUE","TRUE","FALSE","20.1137684333541","19.0021965355883","1.11157189776576","14.286","0.49","1.269","1,2,3,4,5,6,7,8,9,10,11,12,13,14,15,16,17,18,19,20,21,69,85,88,96,97,101,107,133,136,150,162,179,187,192,260,263,281,306,329,349,364,374,417,436,443,461,491,528,540,561,565,570,582,593,596,597,612,632,652,671,680,696,699,727,738,773,779,806,845,892,903,918",0.000321714265054938,FALSE,53,0,73,53,20,0.726027397260274,1
"lasso.cv",99,600,0.33,"TRUE","TRUE","FALSE","20.1319893907414","18.0008798614295","2.13110952931184","14.284","0.459","1.309","1,2,3,4,5,6,7,8,9,10,11,12,13,14,15,16,17,18,19,20,30,40,66,69,81,93,95,127,131,132,135,150,177,190,191,230,241,255,258,290,301,322,329,331,350,357,361,400,401,457,460,561,566,569,588,593,604,613,650,651,657,675,693,696,732,756,772,778,792,856,861,890,893,898,900,909,914,916",0.000309956908187703,FALSE,58,0,78,58,20,0.743589743589744,1
"S.A",1,600,0.33,"TRUE","TRUE","FALSE","19.4447330819948","18.2930484351788","1.15168464681595","15.288","0.561","1.444","2,3,4,5,6,7,8,9,10,11,12,13,14,15,16,17,18,19,20",0.00018640339269371,FALSE,0,1,19,0,19,0,0.95
"S.A",10,600,0.33,"TRUE","TRUE","FALSE","19.4985147143643","19.3624742098218","0.13604050454251","14.831","0.468","1.172","2,3,4,5,6,7,8,9,10,11,12,13,14,15,16,17,18,19,20",0.000185695368884091,FALSE,0,1,19,0,19,0,0.95
"S.A",100,600,0.33,"TRUE","TRUE","FALSE","20.2067360995544","19.916732069631","0.290004029923384","16.548","0.425","1.172","1,2,3,4,5,6,7,8,9,10,11,12,13,14,15,16,17,18,19,20",7.62671563016682e-05,TRUE,0,0,20,0,20,0,1
"S.A",11,600,0.33,"TRUE","TRUE","FALSE","20.2815319028013","17.9991164920498","2.28241541075151","15.544","0.555","1.182","1,2,3,4,5,6,7,8,9,10,11,12,13,14,15,16,17,18,19,20",0.000130752176349799,TRUE,0,0,20,0,20,0,1
"S.A",12,600,0.33,"TRUE","TRUE","FALSE","20.2564916400703","20.0019967881343","0.254494851936085","15.373","0.466","1.401","1,2,3,4,5,6,7,8,9,10,11,12,13,14,15,16,17,18,19,20",4.79590663026522e-05,TRUE,0,0,20,0,20,0,1
"S.A",13,600,0.33,"TRUE","TRUE","FALSE","20.1197108369293","19.0004762105846","1.11923462634472","13.745","0.457","1.357","1,2,3,4,5,6,7,8,9,10,11,12,13,14,15,16,17,18,19,20",9.31070449681143e-05,TRUE,0,0,20,0,20,0,1
"S.A",14,600,0.33,"TRUE","TRUE","FALSE","20.1205960363854","18.9984673188882","1.12212871749717","13.802","0.431","1.227","1,2,3,4,5,6,7,8,9,10,11,12,13,14,15,16,17,18,19,20",5.63312831710247e-05,TRUE,0,0,20,0,20,0,1
"S.A",15,600,0.33,"TRUE","TRUE","FALSE","20.140717677672","20.0004148144685","0.140302863203452","14.672","0.477","1.333","1,2,3,4,5,6,7,8,9,10,11,12,13,14,15,16,17,18,19,20",5.34104191991079e-05,TRUE,0,0,20,0,20,0,1
"S.A",16,600,0.33,"TRUE","TRUE","FALSE","20.1467702724956","20.0003990533859","0.146371219109627","14.063","0.444","1.236","1,2,3,4,5,6,7,8,9,10,11,12,13,14,15,16,17,18,19,20",8.16275714129626e-05,TRUE,0,0,20,0,20,0,1
"S.A",17,600,0.33,"TRUE","TRUE","FALSE","20.0275447007704","16.9067325607004","3.12081214007004","14.61","0.458","1.176","1,2,3,4,5,6,7,8,9,10,11,12,13,14,15,16,17,18,19,20",0.000108633398235281,TRUE,0,0,20,0,20,0,1
"S.A",18,600,0.33,"TRUE","TRUE","FALSE","20.2468763522211","17.9998486766787","2.24702767554245","14.421","0.501","1.201","1,2,3,4,5,6,7,8,9,10,11,12,13,14,15,16,17,18,19,20",0.00010293568542189,TRUE,0,0,20,0,20,0,1
"S.A",19,600,0.33,"TRUE","TRUE","FALSE","20.1111807959226","20.0000463462332","0.111134449689392","13.902","0.43","1.277","1,2,3,4,5,6,7,8,9,10,11,12,13,14,15,16,17,18,19,20",7.63766141147252e-05,TRUE,0,0,20,0,20,0,1
"S.A",2,600,0.33,"TRUE","TRUE","FALSE","20.0843941364448","19.0004082680067","1.08398586843808","13.381","0.47","1.278","1,2,3,4,5,6,7,8,9,10,11,12,13,14,15,16,17,18,19,20",7.1767040922026e-05,TRUE,0,0,20,0,20,0,1
"S.A",20,600,0.33,"TRUE","TRUE","FALSE","20.1451129685685","20.0004812457559","0.144631722812598","13.797","0.454","1.254","1,2,3,4,5,6,7,8,9,10,11,12,13,14,15,16,17,18,19,20",9.44495001118193e-05,TRUE,0,0,20,0,20,0,1
"S.A",21,600,0.33,"TRUE","TRUE","FALSE","20.1686343799436","19.000568814368","1.16806556557557","14.57","0.454","1.17","1,2,3,4,5,6,7,8,9,10,11,12,13,14,15,16,17,18,19,20",6.91916218939677e-05,TRUE,0,0,20,0,20,0,1
"S.A",22,600,0.33,"TRUE","TRUE","FALSE","20.1061716781545","20.0012330216769","0.104938656477587","13.721","0.459","1.285","1,2,3,4,5,6,7,8,9,10,11,12,13,14,15,16,17,18,19,20",7.09750957838846e-05,TRUE,0,0,20,0,20,0,1
"S.A",23,600,0.33,"TRUE","TRUE","FALSE","19.6172382286285","18.4775268703048","1.13971135832368","14.863","0.451","1.251","2,3,4,5,6,7,8,9,10,11,12,13,14,15,16,17,18,19,20",0.00020422969114513,FALSE,0,1,19,0,19,0,0.95
"S.A",24,600,0.33,"TRUE","TRUE","FALSE","20.1009635382549","20.0002089849661","0.100754553288827","13.827","0.472","1.326","1,2,3,4,5,6,7,8,9,10,11,12,13,14,15,16,17,18,19,20",4.92062332224735e-05,TRUE,0,0,20,0,20,0,1
"S.A",25,600,0.33,"TRUE","TRUE","FALSE","20.0811260857295","19.9815442598175","0.0995818259119392","13.933","0.468","1.433","1,2,3,4,5,6,7,8,9,10,11,12,13,14,15,16,17,18,19,20",8.32343733201484e-05,TRUE,0,0,20,0,20,0,1
"S.A",26,600,0.33,"TRUE","TRUE","FALSE","20.1401849221133","18.0005765522086","2.13960836990462","14.176","0.444","1.246","1,2,3,4,5,6,7,8,9,10,11,12,13,14,15,16,17,18,19,20",5.80573882263737e-05,TRUE,0,0,20,0,20,0,1
"S.A",27,600,0.33,"TRUE","TRUE","FALSE","20.14209809025","19.0003577940413","1.14174029620866","14.073","0.505","1.247","1,2,3,4,5,6,7,8,9,10,11,12,13,14,15,16,17,18,19,20",8.46420179697393e-05,TRUE,0,0,20,0,20,0,1
"S.A",28,600,0.33,"TRUE","TRUE","FALSE","20.1134753228481","19.0008690621358","1.11260626071224","13.28","0.469","1.25","1,2,3,4,5,6,7,8,9,10,11,12,13,14,15,16,17,18,19,20",8.58683627095846e-05,TRUE,0,0,20,0,20,0,1
"S.A",29,600,0.33,"TRUE","TRUE","FALSE","20.1120781067225","19.0007033601621","1.11137474656035","13.764","0.467","1.281","1,2,3,4,5,6,7,8,9,10,11,12,13,14,15,16,17,18,19,20",6.03796018095322e-05,TRUE,0,0,20,0,20,0,1
"S.A",3,600,0.33,"TRUE","TRUE","FALSE","20.0734808138735","18.957401948857","1.11607886501652","14.469","0.458","1.35","1,2,3,4,5,6,7,8,9,10,11,12,13,14,15,16,17,18,19,20",5.51277744776043e-05,TRUE,0,0,20,0,20,0,1
"S.A",30,600,0.33,"TRUE","TRUE","FALSE","19.1248327087793","18.0011564558915","1.12367625288781","13.134","0.461","1.266","2,3,4,5,6,7,8,9,10,11,12,13,14,15,16,17,18,19,20",0.000211140072246712,FALSE,0,1,19,0,19,0,0.95
"S.A",31,600,0.33,"TRUE","TRUE","FALSE","19.4039519677187","19.2667825856455","0.137169382073191","15.043","0.45","1.187","2,3,4,5,6,7,8,9,10,11,12,13,14,15,16,17,18,19,20",0.000181081728191263,FALSE,0,1,19,0,19,0,0.95
"S.A",32,600,0.33,"TRUE","TRUE","FALSE","20.2401891986263","20.0006831269066","0.239506071719723","15.268","0.449","1.292","1,2,3,4,5,6,7,8,9,10,11,12,13,14,15,16,17,18,19,20",7.9450176672166e-05,TRUE,0,0,20,0,20,0,1
"S.A",33,600,0.33,"TRUE","TRUE","FALSE","20.1123369290908","19.0001616090647","1.11217532002609","14.441","0.469","1.269","1,2,3,4,5,6,7,8,9,10,11,12,13,14,15,16,17,18,19,20",5.77820649474415e-05,TRUE,0,0,20,0,20,0,1
"S.A",34,600,0.33,"TRUE","TRUE","FALSE","20.0899228498301","18.9962936259493","1.09362922388083","14.041","0.537","1.371","1,2,3,4,5,6,7,8,9,10,11,12,13,14,15,16,17,18,19,20",9.44414542824371e-05,TRUE,0,0,20,0,20,0,1
"S.A",35,600,0.33,"TRUE","TRUE","FALSE","20.1016749598494","20.0017119587601","0.099963001089258","14.335","0.521","1.283","1,2,3,4,5,6,7,8,9,10,11,12,13,14,15,16,17,18,19,20",5.6546886468517e-05,TRUE,0,0,20,0,20,0,1
"S.A",36,600,0.33,"TRUE","TRUE","FALSE","20.1288293134958","18.9971262033353","1.13170311016047","14.147","0.441","1.223","1,2,3,4,5,6,7,8,9,10,11,12,13,14,15,16,17,18,19,20",9.39742177078209e-05,TRUE,0,0,20,0,20,0,1
"S.A",37,600,0.33,"TRUE","TRUE","FALSE","20.1157820613392","19.0004930962225","1.11528896511669","14.17","0.433","1.238","1,2,3,4,5,6,7,8,9,10,11,12,13,14,15,16,17,18,19,20",6.22583358823213e-05,TRUE,0,0,20,0,20,0,1
"S.A",38,600,0.33,"TRUE","TRUE","FALSE","20.1301542847743","20.0005198795494","0.129634405224857","14.397","0.478","1.237","1,2,3,4,5,6,7,8,9,10,11,12,13,14,15,16,17,18,19,20",6.88550056102477e-05,TRUE,0,0,20,0,20,0,1
"S.A",39,600,0.33,"TRUE","TRUE","FALSE","20.1585951050723","19.0022317591606","1.15636334591173","14.194","0.461","1.352","1,2,3,4,5,6,7,8,9,10,11,12,13,14,15,16,17,18,19,20",4.55614056434592e-05,TRUE,0,0,20,0,20,0,1
"S.A",4,600,0.33,"TRUE","TRUE","FALSE","20.179300770611","17.993274141322","2.18602662928907","14.555","0.459","1.326","1,2,3,4,5,6,7,8,9,10,11,12,13,14,15,16,17,18,19,20",4.3372779181841e-05,TRUE,0,0,20,0,20,0,1
"S.A",40,600,0.33,"TRUE","TRUE","FALSE","19.9847673564155","18.8869305315485","1.09783682486695","13.544","0.461","1.28","1,2,3,4,5,6,7,8,9,10,11,12,13,14,15,16,17,18,19,20",0.00011632590828075,TRUE,0,0,20,0,20,0,1
"S.A",41,600,0.33,"TRUE","TRUE","FALSE","20.1649434989496","18.0002953279649","2.1646481709847","14.48","0.453","1.219","1,2,3,4,5,6,7,8,9,10,11,12,13,14,15,16,17,18,19,20",0.000115823480788468,TRUE,0,0,20,0,20,0,1
"S.A",42,600,0.33,"TRUE","TRUE","FALSE","20.1059861918101","16.9994137741968","3.10657241761333","14.241","0.464","1.281","1,2,3,4,5,6,7,8,9,10,11,12,13,14,15,16,17,18,19,20",0.000124896407636801,TRUE,0,0,20,0,20,0,1
"S.A",43,600,0.33,"TRUE","TRUE","FALSE","19.7466591359613","18.6278549295494","1.11880420641193","14.282","0.447","1.256","1,2,3,4,5,6,7,8,9,10,11,12,13,14,15,16,17,18,19,20",6.59927791092322e-05,TRUE,0,0,20,0,20,0,1
"S.A",44,600,0.33,"TRUE","TRUE","FALSE","20.0978534417838","20.0003279533362","0.0975254884475703","14","0.46","1.337","1,2,3,4,5,6,7,8,9,10,11,12,13,14,15,16,17,18,19,20",5.31773544042658e-05,TRUE,0,0,20,0,20,0,1
"S.A",45,600,0.33,"TRUE","TRUE","FALSE","20.1440698617525","18.0005148090292","2.1435550527233","14.366","0.469","1.313","1,2,3,4,5,6,7,8,9,10,11,12,13,14,15,16,17,18,19,20",5.79120758412153e-05,TRUE,0,0,20,0,20,0,1
"S.A",46,600,0.33,"TRUE","TRUE","FALSE","20.1869440525039","20.0005255740151","0.186418478488801","14.9","0.44","1.206","1,2,3,4,5,6,7,8,9,10,11,12,13,14,15,16,17,18,19,20",6.21625627073631e-05,TRUE,0,0,20,0,20,0,1
"S.A",47,600,0.33,"TRUE","TRUE","FALSE","20.1227056144573","20.0001880724097","0.122517542047648","14.361","0.448","1.281","1,2,3,4,5,6,7,8,9,10,11,12,13,14,15,16,17,18,19,20",9.22433680355492e-05,TRUE,0,0,20,0,20,0,1
"S.A",48,600,0.33,"TRUE","TRUE","FALSE","20.0034122913192","19.8735015440282","0.129910747291007","14.109","0.486","1.165","1,2,3,4,5,6,7,8,9,10,11,12,13,14,15,16,17,18,19,20",7.64673752339162e-05,TRUE,0,0,20,0,20,0,1
"S.A",49,600,0.33,"TRUE","TRUE","FALSE","20.1649528609124","20.0008472618576","0.164105599054872","14.588","0.451","1.316","1,2,3,4,5,6,7,8,9,10,11,12,13,14,15,16,17,18,19,20",8.38127252576301e-05,TRUE,0,0,20,0,20,0,1
"S.A",5,600,0.33,"TRUE","TRUE","FALSE","20.7897777345616","19.9999346534081","0.789843081153506","18.656","0.506","1.451","1,2,3,4,5,6,7,8,9,10,11,12,13,14,15,16,17,18,19,20,492",0.000122069009723561,FALSE,1,0,21,1,20,0.0476190476190476,1
"S.A",50,600,0.33,"TRUE","TRUE","FALSE","20.2654924694539","19.0004262758546","1.26506619359927","15.212","0.472","1.149","1,2,3,4,5,6,7,8,9,10,11,12,13,14,15,16,17,18,19,20",5.68968820940733e-05,TRUE,0,0,20,0,20,0,1
"S.A",51,600,0.33,"TRUE","TRUE","FALSE","20.2187371402702","18.0002302429458","2.21850689732434","14.893","0.463","1.324","1,2,3,4,5,6,7,8,9,10,11,12,13,14,15,16,17,18,19,20",5.90349872815251e-05,TRUE,0,0,20,0,20,0,1
"S.A",52,600,0.33,"TRUE","TRUE","FALSE","19.9613565990273","18.665656040013","1.29570055901425","16.388","0.474","1.307","1,2,3,4,5,6,7,8,9,10,11,12,13,14,15,16,17,18,19,20",4.58057033387463e-05,TRUE,0,0,20,0,20,0,1
"S.A",53,600,0.33,"TRUE","TRUE","FALSE","20.1269441902414","19.9977461418104","0.129198048431001","14.188","0.464","1.282","1,2,3,4,5,6,7,8,9,10,11,12,13,14,15,16,17,18,19,20",0.000100043365278569,TRUE,0,0,20,0,20,0,1
"S.A",54,600,0.33,"TRUE","TRUE","FALSE","20.1009180005376","18.9987010280581","1.10221697247955","13.35","0.45","1.29","1,2,3,4,5,6,7,8,9,10,11,12,13,14,15,16,17,18,19,20",5.13832719413643e-05,TRUE,0,0,20,0,20,0,1
"S.A",55,600,0.33,"TRUE","TRUE","FALSE","20.1262917459673","19.9948232979149","0.131468448052362","14.277","0.455","1.28","1,2,3,4,5,6,7,8,9,10,11,12,13,14,15,16,17,18,19,20",5.21615856193796e-05,TRUE,0,0,20,0,20,0,1
"S.A",56,600,0.33,"TRUE","TRUE","FALSE","19.6075496073174","19.5088965549682","0.0986530523492158","13.828","0.454","1.208","1,2,3,4,5,6,7,8,9,10,11,12,13,14,15,16,17,18,19,20",5.33203680847042e-05,TRUE,0,0,20,0,20,0,1
"S.A",57,600,0.33,"TRUE","TRUE","FALSE","20.1909865077958","19.0004140999773","1.19057240781851","14.816","0.45","1.256","1,2,3,4,5,6,7,8,9,10,11,12,13,14,15,16,17,18,19,20",5.94090740652412e-05,TRUE,0,0,20,0,20,0,1
"S.A",58,600,0.33,"TRUE","TRUE","FALSE","20.2223874222881","20.0008045151896","0.221582907098562","14.988","0.442","1.227","1,2,3,4,5,6,7,8,9,10,11,12,13,14,15,16,17,18,19,20",5.51065134067165e-05,TRUE,0,0,20,0,20,0,1
"S.A",59,600,0.33,"TRUE","TRUE","FALSE","20.0411863264114","19.8919224938914","0.149263832519921","15.123","0.524","1.389","1,2,3,4,5,6,7,8,9,10,11,12,13,14,15,16,17,18,19,20",7.02957260618112e-05,TRUE,0,0,20,0,20,0,1
"S.A",6,600,0.33,"TRUE","TRUE","FALSE","20.1215575343645","18.999970527333","1.12158700703157","13.655","0.456","1.29","1,2,3,4,5,6,7,8,9,10,11,12,13,14,15,16,17,18,19,20",8.61630979983126e-05,TRUE,0,0,20,0,20,0,1
"S.A",60,600,0.33,"TRUE","TRUE","FALSE","20.1153533315206","19.0005748679251","1.11477846359547","13.466","0.45","1.24","1,2,3,4,5,6,7,8,9,10,11,12,13,14,15,16,17,18,19,20",2.33797456855011e-05,TRUE,0,0,20,0,20,0,1
"S.A",61,600,0.33,"TRUE","TRUE","FALSE","20.1009630442768","19.0008096574804","1.10015338679641","13.658","0.447","1.275","1,2,3,4,5,6,7,8,9,10,11,12,13,14,15,16,17,18,19,20",8.59844557782407e-05,TRUE,0,0,20,0,20,0,1
"S.A",62,600,0.33,"TRUE","TRUE","FALSE","20.0085085242845","19.8895323202982","0.118976203986322","14.774","0.442","1.251","1,2,3,4,5,6,7,8,9,10,11,12,13,14,15,16,17,18,19,20",6.40778328488403e-05,TRUE,0,0,20,0,20,0,1
"S.A",63,600,0.33,"TRUE","TRUE","FALSE","20.1657759987756","20.0006489711445","0.165127027631102","14.633","0.466","1.208","1,2,3,4,5,6,7,8,9,10,11,12,13,14,15,16,17,18,19,20",7.7543249310224e-05,TRUE,0,0,20,0,20,0,1
"S.A",64,600,0.33,"TRUE","TRUE","FALSE","19.6791275651924","19.5793138144721","0.0998137507202514","15.098","0.474","1.269","1,2,3,4,5,6,7,8,9,10,11,12,13,14,15,16,17,18,19,20",5.53586510963607e-05,TRUE,0,0,20,0,20,0,1
"S.A",65,600,0.33,"TRUE","TRUE","FALSE","20.1001507990746","18.9966236785656","1.10352712050895","13.752","0.445","1.231","1,2,3,4,5,6,7,8,9,10,11,12,13,14,15,16,17,18,19,20",6.25179760596249e-05,TRUE,0,0,20,0,20,0,1
"S.A",66,600,0.33,"TRUE","TRUE","FALSE","20.1112395909925","20.0010121904909","0.110227400501593","13.714","0.444","1.204","1,2,3,4,5,6,7,8,9,10,11,12,13,14,15,16,17,18,19,20",0.000107608215737685,TRUE,0,0,20,0,20,0,1
"S.A",67,600,0.33,"TRUE","TRUE","FALSE","20.0984262869949","19.0011265447382","1.09729974225673","14.098","0.472","1.331","1,2,3,4,5,6,7,8,9,10,11,12,13,14,15,16,17,18,19,20",5.81723299112682e-05,TRUE,0,0,20,0,20,0,1
"S.A",68,600,0.33,"TRUE","TRUE","FALSE","20.2251696629371","19.0005206093204","1.22464905361672","15.534","0.492","1.51","1,2,3,4,5,6,7,8,9,10,11,12,13,14,15,16,17,18,19,20",6.58109402244362e-05,TRUE,0,0,20,0,20,0,1
"S.A",69,600,0.33,"TRUE","TRUE","FALSE","20.1158027017945","19.0003264554377","1.11547624635677","14.554","0.467","1.361","1,2,3,4,5,6,7,8,9,10,11,12,13,14,15,16,17,18,19,20",6.02082696813128e-05,TRUE,0,0,20,0,20,0,1
"S.A",7,600,0.33,"TRUE","TRUE","FALSE","20.1263447118663","20.000372909951","0.125971801915312","13.591","0.451","1.285","1,2,3,4,5,6,7,8,9,10,11,12,13,14,15,16,17,18,19,20",6.83052433591998e-05,TRUE,0,0,20,0,20,0,1
"S.A",70,600,0.33,"TRUE","TRUE","FALSE","19.9406718884061","19.8401616172618","0.100510271144288","14.181","0.475","1.347","1,2,3,4,5,6,7,8,9,10,11,12,13,14,15,16,17,18,19,20",4.99526327246036e-05,TRUE,0,0,20,0,20,0,1
"S.A",71,600,0.33,"TRUE","TRUE","FALSE","20.1275253315321","19.000923948634","1.12660138289814","14.299","0.454","1.193","1,2,3,4,5,6,7,8,9,10,11,12,13,14,15,16,17,18,19,20",5.99177682639654e-05,TRUE,0,0,20,0,20,0,1
"S.A",72,600,0.33,"TRUE","TRUE","FALSE","20.0962579740133","19.0004337048396","1.09582426917374","13.874","0.453","1.186","1,2,3,4,5,6,7,8,9,10,11,12,13,14,15,16,17,18,19,20",9.81063436650222e-05,TRUE,0,0,20,0,20,0,1
"S.A",73,600,0.33,"TRUE","TRUE","FALSE","19.5447205278531","18.4388636648531","1.10585686300002","14.624","0.435","1.123","2,3,4,5,6,7,8,9,10,11,12,13,14,15,16,17,18,19,20",0.000238992999877886,FALSE,0,1,19,0,19,0,0.95
"S.A",74,600,0.33,"TRUE","TRUE","FALSE","20.6501344548261","19.9617081496321","0.688426305193996","16.5","0.488","1.457","1,2,3,4,5,6,7,8,9,10,11,12,13,14,15,16,17,18,19,20,32",0.00015369600484736,FALSE,1,0,21,1,20,0.0476190476190476,1
"S.A",75,600,0.33,"TRUE","TRUE","FALSE","20.0753807463123","19.97725261616","0.0981281301523283","13.937","0.463","1.243","1,2,3,4,5,6,7,8,9,10,11,12,13,14,15,16,17,18,19,20",5.60873280269077e-05,TRUE,0,0,20,0,20,0,1
"S.A",76,600,0.33,"TRUE","TRUE","FALSE","20.1253568764787","19.0003104182658","1.12504645821287","14.278","0.48","1.357","1,2,3,4,5,6,7,8,9,10,11,12,13,14,15,16,17,18,19,20",9.99693830935533e-05,TRUE,0,0,20,0,20,0,1
"S.A",77,600,0.33,"TRUE","TRUE","FALSE","20.5738649966425","20.0004577220052","0.57340727463733","16.263","0.464","1.4","1,2,3,4,5,6,7,8,9,10,11,12,13,14,15,16,17,18,19,20",9.98574683061745e-05,TRUE,0,0,20,0,20,0,1
"S.A",78,600,0.33,"TRUE","TRUE","FALSE","20.1345342514488","19.0005165461061","1.13401770534271","14.032","0.461","1.242","1,2,3,4,5,6,7,8,9,10,11,12,13,14,15,16,17,18,19,20",9.01367034467087e-05,TRUE,0,0,20,0,20,0,1
"S.A",79,600,0.33,"TRUE","TRUE","FALSE","20.0199161605781","18.9193057472376","1.10061041334059","13.268","0.457","1.229","1,2,3,4,5,6,7,8,9,10,11,12,13,14,15,16,17,18,19,20",8.41271560936268e-05,TRUE,0,0,20,0,20,0,1
"S.A",8,600,0.33,"TRUE","TRUE","FALSE","20.1306219823089","19.0001826363328","1.13043934597611","14.373","0.437","1.133","1,2,3,4,5,6,7,8,9,10,11,12,13,14,15,16,17,18,19,20",4.73679742250466e-05,TRUE,0,0,20,0,20,0,1
"S.A",80,600,0.33,"TRUE","TRUE","FALSE","20.1091897792505","19.0007539564615","1.10843582278899","14.098","0.454","1.234","1,2,3,4,5,6,7,8,9,10,11,12,13,14,15,16,17,18,19,20",7.62493715761153e-05,TRUE,0,0,20,0,20,0,1
"S.A",81,600,0.33,"TRUE","TRUE","FALSE","20.0968543586526","19.0003117665798","1.09654259207283","13.747","0.463","1.246","1,2,3,4,5,6,7,8,9,10,11,12,13,14,15,16,17,18,19,20",7.82131898606302e-05,TRUE,0,0,20,0,20,0,1
"S.A",82,600,0.33,"TRUE","TRUE","FALSE","19.5170659206642","17.4280779421156","2.0889879785486","13.713","0.426","1.193","2,3,4,5,6,7,8,9,10,11,12,13,14,15,16,17,18,19,20",0.00020057622980296,FALSE,0,1,19,0,19,0,0.95
"S.A",83,600,0.33,"TRUE","TRUE","FALSE","20.1024901414194","19.0005115935896","1.10197854782986","12.996","0.458","1.258","1,2,3,4,5,6,7,8,9,10,11,12,13,14,15,16,17,18,19,20",4.7661823165336e-05,TRUE,0,0,20,0,20,0,1
"S.A",84,600,0.33,"TRUE","TRUE","FALSE","20.1025114509504","19.0002567745822","1.10225467636827","13.51","0.455","1.258","1,2,3,4,5,6,7,8,9,10,11,12,13,14,15,16,17,18,19,20",9.36783967711219e-05,TRUE,0,0,20,0,20,0,1
"S.A",85,600,0.33,"TRUE","TRUE","FALSE","19.7610982685169","18.5661887084666","1.19490956005029","15.506","0.445","1.208","1,2,3,4,5,6,7,8,9,10,11,12,13,14,15,16,17,18,19,20",6.51652203536439e-05,TRUE,0,0,20,0,20,0,1
"S.A",86,600,0.33,"TRUE","TRUE","FALSE","20.1254699886178","19.0004951950532","1.12497479356468","13.505","0.479","1.214","1,2,3,4,5,6,7,8,9,10,11,12,13,14,15,16,17,18,19,20",5.51413755987332e-05,TRUE,0,0,20,0,20,0,1
"S.A",87,600,0.33,"TRUE","TRUE","FALSE","20.1243531101127","18.0000104699991","2.12434264011358","13.994","0.446","1.28","1,2,3,4,5,6,7,8,9,10,11,12,13,14,15,16,17,18,19,20",3.73443275834463e-05,TRUE,0,0,20,0,20,0,1
"S.A",88,600,0.33,"TRUE","TRUE","FALSE","20.4890351727595","19.0007237776573","1.48831139510222","17.042","0.444","1.164","1,2,3,4,5,6,7,8,9,10,11,12,13,14,15,16,17,18,19,20",5.43868194405545e-05,TRUE,0,0,20,0,20,0,1
"S.A",89,600,0.33,"TRUE","TRUE","FALSE","20.1026659909901","20.0004652506233","0.102200740366823","13.837","0.475","1.303","1,2,3,4,5,6,7,8,9,10,11,12,13,14,15,16,17,18,19,20",8.00794635761496e-05,TRUE,0,0,20,0,20,0,1
"S.A",9,600,0.33,"TRUE","TRUE","FALSE","20.1141930292036","19.0002197270336","1.11397330216998","13.668","0.454","1.205","1,2,3,4,5,6,7,8,9,10,11,12,13,14,15,16,17,18,19,20",5.55915927130054e-05,TRUE,0,0,20,0,20,0,1
"S.A",90,600,0.33,"TRUE","TRUE","FALSE","20.0919430169898","19.0005271767511","1.09141584023866","12.984","0.478","1.177","1,2,3,4,5,6,7,8,9,10,11,12,13,14,15,16,17,18,19,20",7.81876953663036e-05,TRUE,0,0,20,0,20,0,1
"S.A",91,600,0.33,"TRUE","TRUE","FALSE","20.0902264223499","19.0002318554956","1.08999456685427","13.587","0.456","1.345","1,2,3,4,5,6,7,8,9,10,11,12,13,14,15,16,17,18,19,20",4.84946948563933e-05,TRUE,0,0,20,0,20,0,1
"S.A",92,600,0.33,"TRUE","TRUE","FALSE","20.1079978876545","18.0029786410639","2.10501924659067","13.849","0.447","1.286","1,2,3,4,5,6,7,8,9,10,11,12,13,14,15,16,17,18,19,20",9.16344874815516e-05,TRUE,0,0,20,0,20,0,1
"S.A",93,600,0.33,"TRUE","TRUE","FALSE","20.1082467762207","19.9533519306209","0.154894845599845","14.78","0.457","1.192","1,2,3,4,5,6,7,8,9,10,11,12,13,14,15,16,17,18,19,20",5.99992652036078e-05,TRUE,0,0,20,0,20,0,1
"S.A",94,600,0.33,"TRUE","TRUE","FALSE","20.1819990475247","18.9771053211512","1.20489372637342","14.96","0.469","1.225","1,2,3,4,5,6,7,8,9,10,11,12,13,14,15,16,17,18,19,20",6.96552586178708e-05,TRUE,0,0,20,0,20,0,1
"S.A",95,600,0.33,"TRUE","TRUE","FALSE","20.1131072474729","18.0009574131203","2.11214983435257","14.114","0.446","1.234","1,2,3,4,5,6,7,8,9,10,11,12,13,14,15,16,17,18,19,20",8.01682787607444e-05,TRUE,0,0,20,0,20,0,1
"S.A",96,600,0.33,"TRUE","TRUE","FALSE","19.8368319639712","16.6489738190109","3.18785814496032","15.549","0.428","1.162","1,2,3,4,5,6,7,8,9,10,11,12,13,14,15,16,17,18,19,20",8.8287265361886e-05,TRUE,0,0,20,0,20,0,1
"S.A",97,600,0.33,"TRUE","TRUE","FALSE","20.1319920959635","18.0007699598651","2.13122213609839","14.277","0.447","1.223","1,2,3,4,5,6,7,8,9,10,11,12,13,14,15,16,17,18,19,20",6.56295577827582e-05,TRUE,0,0,20,0,20,0,1
"S.A",98,600,0.33,"TRUE","TRUE","FALSE","20.1137684333541","19.0021965355883","1.11157189776576","14.286","0.49","1.269","1,2,3,4,5,6,7,8,9,10,11,12,13,14,15,16,17,18,19,20",6.60898254054618e-05,TRUE,0,0,20,0,20,0,1
"S.A",99,600,0.33,"TRUE","TRUE","FALSE","20.1319893907414","18.0008798614295","2.13110952931184","14.284","0.459","1.309","1,2,3,4,5,6,7,8,9,10,11,12,13,14,15,16,17,18,19,20",5.02129404839105e-05,TRUE,0,0,20,0,20,0,1
"S.A.b",1,600,0.33,"TRUE","TRUE","FALSE","19.4447330819948","18.2930484351788","1.15168464681595","15.288","0.561","1.444","1,2,3,4,5,6,7,8,9,10,11,12,13,14,15,16,17,18,19,20",7.49015466646081e-05,TRUE,0,0,20,0,20,0,1
"S.A.b",10,600,0.33,"TRUE","TRUE","FALSE","19.4985147143643","19.3624742098218","0.13604050454251","14.831","0.468","1.172","1,2,3,4,5,6,7,8,9,10,11,12,13,14,15,16,17,18,19,20",6.93396250280244e-05,TRUE,0,0,20,0,20,0,1
"S.A.b",100,600,0.33,"TRUE","TRUE","FALSE","20.2067360995544","19.916732069631","0.290004029923384","16.548","0.425","1.172","1,2,3,4,5,6,7,8,9,10,11,12,13,14,15,16,17,18,19,20",7.62671563016682e-05,TRUE,0,0,20,0,20,0,1
"S.A.b",11,600,0.33,"TRUE","TRUE","FALSE","20.2815319028013","17.9991164920498","2.28241541075151","15.544","0.555","1.182","1,2,3,4,5,6,7,8,9,10,11,12,13,14,15,16,17,18,19,20",0.000130752176349799,TRUE,0,0,20,0,20,0,1
"S.A.b",12,600,0.33,"TRUE","TRUE","FALSE","20.2564916400703","20.0019967881343","0.254494851936085","15.373","0.466","1.401","1,2,3,4,5,6,7,8,9,10,11,12,13,14,15,16,17,18,19,20",4.79590663026522e-05,TRUE,0,0,20,0,20,0,1
"S.A.b",13,600,0.33,"TRUE","TRUE","FALSE","20.1197108369293","19.0004762105846","1.11923462634472","13.745","0.457","1.357","1,2,3,4,5,6,7,8,9,10,11,12,13,14,15,16,17,18,19,20",9.31070449681143e-05,TRUE,0,0,20,0,20,0,1
"S.A.b",14,600,0.33,"TRUE","TRUE","FALSE","20.1205960363854","18.9984673188882","1.12212871749717","13.802","0.431","1.227","1,2,3,4,5,6,7,8,9,10,11,12,13,14,15,16,17,18,19,20",5.63312831710247e-05,TRUE,0,0,20,0,20,0,1
"S.A.b",15,600,0.33,"TRUE","TRUE","FALSE","20.140717677672","20.0004148144685","0.140302863203452","14.672","0.477","1.333","1,2,3,4,5,6,7,8,9,10,11,12,13,14,15,16,17,18,19,20",5.34104191991079e-05,TRUE,0,0,20,0,20,0,1
"S.A.b",16,600,0.33,"TRUE","TRUE","FALSE","20.1467702724956","20.0003990533859","0.146371219109627","14.063","0.444","1.236","1,2,3,4,5,6,7,8,9,10,11,12,13,14,15,16,17,18,19,20",8.16275714129626e-05,TRUE,0,0,20,0,20,0,1
"S.A.b",17,600,0.33,"TRUE","TRUE","FALSE","20.0275447007704","16.9067325607004","3.12081214007004","14.61","0.458","1.176","1,2,3,4,5,6,7,8,9,10,11,12,13,14,15,16,17,18,19,20",0.000108633398235281,TRUE,0,0,20,0,20,0,1
"S.A.b",18,600,0.33,"TRUE","TRUE","FALSE","20.2468763522211","17.9998486766787","2.24702767554245","14.421","0.501","1.201","1,2,3,4,5,6,7,8,9,10,11,12,13,14,15,16,17,18,19,20",0.00010293568542189,TRUE,0,0,20,0,20,0,1
"S.A.b",19,600,0.33,"TRUE","TRUE","FALSE","20.1111807959226","20.0000463462332","0.111134449689392","13.902","0.43","1.277","1,2,3,4,5,6,7,8,9,10,11,12,13,14,15,16,17,18,19,20",7.63766141147252e-05,TRUE,0,0,20,0,20,0,1
"S.A.b",2,600,0.33,"TRUE","TRUE","FALSE","20.0843941364448","19.0004082680067","1.08398586843808","13.381","0.47","1.278","1,2,3,4,5,6,7,8,9,10,11,12,13,14,15,16,17,18,19,20",7.1767040922026e-05,TRUE,0,0,20,0,20,0,1
"S.A.b",20,600,0.33,"TRUE","TRUE","FALSE","20.1451129685685","20.0004812457559","0.144631722812598","13.797","0.454","1.254","1,2,3,4,5,6,7,8,9,10,11,12,13,14,15,16,17,18,19,20",9.44495001118193e-05,TRUE,0,0,20,0,20,0,1
"S.A.b",21,600,0.33,"TRUE","TRUE","FALSE","20.1686343799436","19.000568814368","1.16806556557557","14.57","0.454","1.17","1,2,3,4,5,6,7,8,9,10,11,12,13,14,15,16,17,18,19,20",6.91916218939677e-05,TRUE,0,0,20,0,20,0,1
"S.A.b",22,600,0.33,"TRUE","TRUE","FALSE","20.1061716781545","20.0012330216769","0.104938656477587","13.721","0.459","1.285","1,2,3,4,5,6,7,8,9,10,11,12,13,14,15,16,17,18,19,20",7.09750957838846e-05,TRUE,0,0,20,0,20,0,1
"S.A.b",23,600,0.33,"TRUE","TRUE","FALSE","19.6172382286285","18.4775268703048","1.13971135832368","14.863","0.451","1.251","1,2,3,4,5,6,7,8,9,10,11,12,13,14,15,16,17,18,19,20",9.27579987651754e-05,TRUE,0,0,20,0,20,0,1
"S.A.b",24,600,0.33,"TRUE","TRUE","FALSE","20.1009635382549","20.0002089849661","0.100754553288827","13.827","0.472","1.326","1,2,3,4,5,6,7,8,9,10,11,12,13,14,15,16,17,18,19,20",4.92062332224735e-05,TRUE,0,0,20,0,20,0,1
"S.A.b",25,600,0.33,"TRUE","TRUE","FALSE","20.0811260857295","19.9815442598175","0.0995818259119392","13.933","0.468","1.433","1,2,3,4,5,6,7,8,9,10,11,12,13,14,15,16,17,18,19,20",8.32343733201484e-05,TRUE,0,0,20,0,20,0,1
"S.A.b",26,600,0.33,"TRUE","TRUE","FALSE","20.1401849221133","18.0005765522086","2.13960836990462","14.176","0.444","1.246","1,2,3,4,5,6,7,8,9,10,11,12,13,14,15,16,17,18,19,20",5.80573882263737e-05,TRUE,0,0,20,0,20,0,1
"S.A.b",27,600,0.33,"TRUE","TRUE","FALSE","20.14209809025","19.0003577940413","1.14174029620866","14.073","0.505","1.247","1,2,3,4,5,6,7,8,9,10,11,12,13,14,15,16,17,18,19,20",8.46420179697393e-05,TRUE,0,0,20,0,20,0,1
"S.A.b",28,600,0.33,"TRUE","TRUE","FALSE","20.1134753228481","19.0008690621358","1.11260626071224","13.28","0.469","1.25","1,2,3,4,5,6,7,8,9,10,11,12,13,14,15,16,17,18,19,20",8.58683627095846e-05,TRUE,0,0,20,0,20,0,1
"S.A.b",29,600,0.33,"TRUE","TRUE","FALSE","20.1120781067225","19.0007033601621","1.11137474656035","13.764","0.467","1.281","1,2,3,4,5,6,7,8,9,10,11,12,13,14,15,16,17,18,19,20",6.03796018095322e-05,TRUE,0,0,20,0,20,0,1
"S.A.b",3,600,0.33,"TRUE","TRUE","FALSE","20.0734808138735","18.957401948857","1.11607886501652","14.469","0.458","1.35","1,2,3,4,5,6,7,8,9,10,11,12,13,14,15,16,17,18,19,20",5.51277744776043e-05,TRUE,0,0,20,0,20,0,1
"S.A.b",30,600,0.33,"TRUE","TRUE","FALSE","19.1248327087793","18.0011564558915","1.12367625288781","13.134","0.461","1.266","2,3,4,5,6,7,8,9,10,11,12,13,14,15,16,17,18,19,20",0.000211140072246712,FALSE,0,1,19,0,19,0,0.95
"S.A.b",31,600,0.33,"TRUE","TRUE","FALSE","19.4039519677187","19.2667825856455","0.137169382073191","15.043","0.45","1.187","1,2,3,4,5,6,7,8,9,10,11,12,13,14,15,16,17,18,19,20",7.53024733346494e-05,TRUE,0,0,20,0,20,0,1
"S.A.b",32,600,0.33,"TRUE","TRUE","FALSE","20.2401891986263","20.0006831269066","0.239506071719723","15.268","0.449","1.292","1,2,3,4,5,6,7,8,9,10,11,12,13,14,15,16,17,18,19,20",7.9450176672166e-05,TRUE,0,0,20,0,20,0,1
"S.A.b",33,600,0.33,"TRUE","TRUE","FALSE","20.1123369290908","19.0001616090647","1.11217532002609","14.441","0.469","1.269","1,2,3,4,5,6,7,8,9,10,11,12,13,14,15,16,17,18,19,20",5.77820649474415e-05,TRUE,0,0,20,0,20,0,1
"S.A.b",34,600,0.33,"TRUE","TRUE","FALSE","20.0899228498301","18.9962936259493","1.09362922388083","14.041","0.537","1.371","1,2,3,4,5,6,7,8,9,10,11,12,13,14,15,16,17,18,19,20",9.44414542824371e-05,TRUE,0,0,20,0,20,0,1
"S.A.b",35,600,0.33,"TRUE","TRUE","FALSE","20.1016749598494","20.0017119587601","0.099963001089258","14.335","0.521","1.283","1,2,3,4,5,6,7,8,9,10,11,12,13,14,15,16,17,18,19,20",5.6546886468517e-05,TRUE,0,0,20,0,20,0,1
"S.A.b",36,600,0.33,"TRUE","TRUE","FALSE","20.1288293134958","18.9971262033353","1.13170311016047","14.147","0.441","1.223","1,2,3,4,5,6,7,8,9,10,11,12,13,14,15,16,17,18,19,20",9.39742177078209e-05,TRUE,0,0,20,0,20,0,1
"S.A.b",37,600,0.33,"TRUE","TRUE","FALSE","20.1157820613392","19.0004930962225","1.11528896511669","14.17","0.433","1.238","1,2,3,4,5,6,7,8,9,10,11,12,13,14,15,16,17,18,19,20",6.22583358823213e-05,TRUE,0,0,20,0,20,0,1
"S.A.b",38,600,0.33,"TRUE","TRUE","FALSE","20.1301542847743","20.0005198795494","0.129634405224857","14.397","0.478","1.237","1,2,3,4,5,6,7,8,9,10,11,12,13,14,15,16,17,18,19,20",6.88550056102477e-05,TRUE,0,0,20,0,20,0,1
"S.A.b",39,600,0.33,"TRUE","TRUE","FALSE","20.1585951050723","19.0022317591606","1.15636334591173","14.194","0.461","1.352","1,2,3,4,5,6,7,8,9,10,11,12,13,14,15,16,17,18,19,20",4.55614056434592e-05,TRUE,0,0,20,0,20,0,1
"S.A.b",4,600,0.33,"TRUE","TRUE","FALSE","20.179300770611","17.993274141322","2.18602662928907","14.555","0.459","1.326","1,2,3,4,5,6,7,8,9,10,11,12,13,14,15,16,17,18,19,20",4.3372779181841e-05,TRUE,0,0,20,0,20,0,1
"S.A.b",40,600,0.33,"TRUE","TRUE","FALSE","19.9847673564155","18.8869305315485","1.09783682486695","13.544","0.461","1.28","1,2,3,4,5,6,7,8,9,10,11,12,13,14,15,16,17,18,19,20",0.00011632590828075,TRUE,0,0,20,0,20,0,1
"S.A.b",41,600,0.33,"TRUE","TRUE","FALSE","20.1649434989496","18.0002953279649","2.1646481709847","14.48","0.453","1.219","1,2,3,4,5,6,7,8,9,10,11,12,13,14,15,16,17,18,19,20",0.000115823480788468,TRUE,0,0,20,0,20,0,1
"S.A.b",42,600,0.33,"TRUE","TRUE","FALSE","20.1059861918101","16.9994137741968","3.10657241761333","14.241","0.464","1.281","1,2,3,4,5,6,7,8,9,10,11,12,13,14,15,16,17,18,19,20",0.000124896407636801,TRUE,0,0,20,0,20,0,1
"S.A.b",43,600,0.33,"TRUE","TRUE","FALSE","19.7466591359613","18.6278549295494","1.11880420641193","14.282","0.447","1.256","1,2,3,4,5,6,7,8,9,10,11,12,13,14,15,16,17,18,19,20",6.59927791092322e-05,TRUE,0,0,20,0,20,0,1
"S.A.b",44,600,0.33,"TRUE","TRUE","FALSE","20.0978534417838","20.0003279533362","0.0975254884475703","14","0.46","1.337","1,2,3,4,5,6,7,8,9,10,11,12,13,14,15,16,17,18,19,20",5.31773544042658e-05,TRUE,0,0,20,0,20,0,1
"S.A.b",45,600,0.33,"TRUE","TRUE","FALSE","20.1440698617525","18.0005148090292","2.1435550527233","14.366","0.469","1.313","1,2,3,4,5,6,7,8,9,10,11,12,13,14,15,16,17,18,19,20",5.79120758412153e-05,TRUE,0,0,20,0,20,0,1
"S.A.b",46,600,0.33,"TRUE","TRUE","FALSE","20.1869440525039","20.0005255740151","0.186418478488801","14.9","0.44","1.206","1,2,3,4,5,6,7,8,9,10,11,12,13,14,15,16,17,18,19,20",6.21625627073631e-05,TRUE,0,0,20,0,20,0,1
"S.A.b",47,600,0.33,"TRUE","TRUE","FALSE","20.1227056144573","20.0001880724097","0.122517542047648","14.361","0.448","1.281","1,2,3,4,5,6,7,8,9,10,11,12,13,14,15,16,17,18,19,20",9.22433680355492e-05,TRUE,0,0,20,0,20,0,1
"S.A.b",48,600,0.33,"TRUE","TRUE","FALSE","20.0034122913192","19.8735015440282","0.129910747291007","14.109","0.486","1.165","1,2,3,4,5,6,7,8,9,10,11,12,13,14,15,16,17,18,19,20",7.64673752339162e-05,TRUE,0,0,20,0,20,0,1
"S.A.b",49,600,0.33,"TRUE","TRUE","FALSE","20.1649528609124","20.0008472618576","0.164105599054872","14.588","0.451","1.316","1,2,3,4,5,6,7,8,9,10,11,12,13,14,15,16,17,18,19,20",8.38127252576301e-05,TRUE,0,0,20,0,20,0,1
"S.A.b",5,600,0.33,"TRUE","TRUE","FALSE","20.7897777345616","19.9999346534081","0.789843081153506","18.656","0.506","1.451","1,2,3,4,5,6,7,8,9,10,11,12,13,14,15,16,17,18,19,20,492",0.000122069009723561,FALSE,1,0,21,1,20,0.0476190476190476,1
"S.A.b",50,600,0.33,"TRUE","TRUE","FALSE","20.2654924694539","19.0004262758546","1.26506619359927","15.212","0.472","1.149","1,2,3,4,5,6,7,8,9,10,11,12,13,14,15,16,17,18,19,20",5.68968820940733e-05,TRUE,0,0,20,0,20,0,1
"S.A.b",51,600,0.33,"TRUE","TRUE","FALSE","20.2187371402702","18.0002302429458","2.21850689732434","14.893","0.463","1.324","1,2,3,4,5,6,7,8,9,10,11,12,13,14,15,16,17,18,19,20",5.90349872815251e-05,TRUE,0,0,20,0,20,0,1
"S.A.b",52,600,0.33,"TRUE","TRUE","FALSE","19.9613565990273","18.665656040013","1.29570055901425","16.388","0.474","1.307","1,2,3,4,5,6,7,8,9,10,11,12,13,14,15,16,17,18,19,20",4.58057033387463e-05,TRUE,0,0,20,0,20,0,1
"S.A.b",53,600,0.33,"TRUE","TRUE","FALSE","20.1269441902414","19.9977461418104","0.129198048431001","14.188","0.464","1.282","1,2,3,4,5,6,7,8,9,10,11,12,13,14,15,16,17,18,19,20",0.000100043365278569,TRUE,0,0,20,0,20,0,1
"S.A.b",54,600,0.33,"TRUE","TRUE","FALSE","20.1009180005376","18.9987010280581","1.10221697247955","13.35","0.45","1.29","1,2,3,4,5,6,7,8,9,10,11,12,13,14,15,16,17,18,19,20",5.13832719413643e-05,TRUE,0,0,20,0,20,0,1
"S.A.b",55,600,0.33,"TRUE","TRUE","FALSE","20.1262917459673","19.9948232979149","0.131468448052362","14.277","0.455","1.28","1,2,3,4,5,6,7,8,9,10,11,12,13,14,15,16,17,18,19,20",5.21615856193796e-05,TRUE,0,0,20,0,20,0,1
"S.A.b",56,600,0.33,"TRUE","TRUE","FALSE","19.6075496073174","19.5088965549682","0.0986530523492158","13.828","0.454","1.208","1,2,3,4,5,6,7,8,9,10,11,12,13,14,15,16,17,18,19,20",5.33203680847042e-05,TRUE,0,0,20,0,20,0,1
"S.A.b",57,600,0.33,"TRUE","TRUE","FALSE","20.1909865077958","19.0004140999773","1.19057240781851","14.816","0.45","1.256","1,2,3,4,5,6,7,8,9,10,11,12,13,14,15,16,17,18,19,20",5.94090740652412e-05,TRUE,0,0,20,0,20,0,1
"S.A.b",58,600,0.33,"TRUE","TRUE","FALSE","20.2223874222881","20.0008045151896","0.221582907098562","14.988","0.442","1.227","1,2,3,4,5,6,7,8,9,10,11,12,13,14,15,16,17,18,19,20",5.51065134067165e-05,TRUE,0,0,20,0,20,0,1
"S.A.b",59,600,0.33,"TRUE","TRUE","FALSE","20.0411863264114","19.8919224938914","0.149263832519921","15.123","0.524","1.389","1,2,3,4,5,6,7,8,9,10,11,12,13,14,15,16,17,18,19,20",7.02957260618112e-05,TRUE,0,0,20,0,20,0,1
"S.A.b",6,600,0.33,"TRUE","TRUE","FALSE","20.1215575343645","18.999970527333","1.12158700703157","13.655","0.456","1.29","1,2,3,4,5,6,7,8,9,10,11,12,13,14,15,16,17,18,19,20",8.61630979983126e-05,TRUE,0,0,20,0,20,0,1
"S.A.b",60,600,0.33,"TRUE","TRUE","FALSE","20.1153533315206","19.0005748679251","1.11477846359547","13.466","0.45","1.24","1,2,3,4,5,6,7,8,9,10,11,12,13,14,15,16,17,18,19,20",2.33797456855011e-05,TRUE,0,0,20,0,20,0,1
"S.A.b",61,600,0.33,"TRUE","TRUE","FALSE","20.1009630442768","19.0008096574804","1.10015338679641","13.658","0.447","1.275","1,2,3,4,5,6,7,8,9,10,11,12,13,14,15,16,17,18,19,20",8.59844557782407e-05,TRUE,0,0,20,0,20,0,1
"S.A.b",62,600,0.33,"TRUE","TRUE","FALSE","20.0085085242845","19.8895323202982","0.118976203986322","14.774","0.442","1.251","1,2,3,4,5,6,7,8,9,10,11,12,13,14,15,16,17,18,19,20",6.40778328488403e-05,TRUE,0,0,20,0,20,0,1
"S.A.b",63,600,0.33,"TRUE","TRUE","FALSE","20.1657759987756","20.0006489711445","0.165127027631102","14.633","0.466","1.208","1,2,3,4,5,6,7,8,9,10,11,12,13,14,15,16,17,18,19,20",7.7543249310224e-05,TRUE,0,0,20,0,20,0,1
"S.A.b",64,600,0.33,"TRUE","TRUE","FALSE","19.6791275651924","19.5793138144721","0.0998137507202514","15.098","0.474","1.269","1,2,3,4,5,6,7,8,9,10,11,12,13,14,15,16,17,18,19,20",5.53586510963607e-05,TRUE,0,0,20,0,20,0,1
"S.A.b",65,600,0.33,"TRUE","TRUE","FALSE","20.1001507990746","18.9966236785656","1.10352712050895","13.752","0.445","1.231","1,2,3,4,5,6,7,8,9,10,11,12,13,14,15,16,17,18,19,20",6.25179760596249e-05,TRUE,0,0,20,0,20,0,1
"S.A.b",66,600,0.33,"TRUE","TRUE","FALSE","20.1112395909925","20.0010121904909","0.110227400501593","13.714","0.444","1.204","1,2,3,4,5,6,7,8,9,10,11,12,13,14,15,16,17,18,19,20",0.000107608215737685,TRUE,0,0,20,0,20,0,1
"S.A.b",67,600,0.33,"TRUE","TRUE","FALSE","20.0984262869949","19.0011265447382","1.09729974225673","14.098","0.472","1.331","1,2,3,4,5,6,7,8,9,10,11,12,13,14,15,16,17,18,19,20",5.81723299112682e-05,TRUE,0,0,20,0,20,0,1
"S.A.b",68,600,0.33,"TRUE","TRUE","FALSE","20.2251696629371","19.0005206093204","1.22464905361672","15.534","0.492","1.51","1,2,3,4,5,6,7,8,9,10,11,12,13,14,15,16,17,18,19,20",6.58109402244362e-05,TRUE,0,0,20,0,20,0,1
"S.A.b",69,600,0.33,"TRUE","TRUE","FALSE","20.1158027017945","19.0003264554377","1.11547624635677","14.554","0.467","1.361","1,2,3,4,5,6,7,8,9,10,11,12,13,14,15,16,17,18,19,20",6.02082696813128e-05,TRUE,0,0,20,0,20,0,1
"S.A.b",7,600,0.33,"TRUE","TRUE","FALSE","20.1263447118663","20.000372909951","0.125971801915312","13.591","0.451","1.285","1,2,3,4,5,6,7,8,9,10,11,12,13,14,15,16,17,18,19,20",6.83052433591998e-05,TRUE,0,0,20,0,20,0,1
"S.A.b",70,600,0.33,"TRUE","TRUE","FALSE","19.9406718884061","19.8401616172618","0.100510271144288","14.181","0.475","1.347","1,2,3,4,5,6,7,8,9,10,11,12,13,14,15,16,17,18,19,20",4.99526327246036e-05,TRUE,0,0,20,0,20,0,1
"S.A.b",71,600,0.33,"TRUE","TRUE","FALSE","20.1275253315321","19.000923948634","1.12660138289814","14.299","0.454","1.193","1,2,3,4,5,6,7,8,9,10,11,12,13,14,15,16,17,18,19,20",5.99177682639654e-05,TRUE,0,0,20,0,20,0,1
"S.A.b",72,600,0.33,"TRUE","TRUE","FALSE","20.0962579740133","19.0004337048396","1.09582426917374","13.874","0.453","1.186","1,2,3,4,5,6,7,8,9,10,11,12,13,14,15,16,17,18,19,20",9.81063436650222e-05,TRUE,0,0,20,0,20,0,1
"S.A.b",73,600,0.33,"TRUE","TRUE","FALSE","19.5447205278531","18.4388636648531","1.10585686300002","14.624","0.435","1.123","1,2,3,4,5,6,7,8,9,10,11,12,13,14,15,16,17,18,19,20",0.000134454356533266,TRUE,0,0,20,0,20,0,1
"S.A.b",74,600,0.33,"TRUE","TRUE","FALSE","20.6501344548261","19.9617081496321","0.688426305193996","16.5","0.488","1.457","1,2,3,4,5,6,7,8,9,10,11,12,13,14,15,16,17,18,19,20,32",0.00015369600484736,FALSE,1,0,21,1,20,0.0476190476190476,1
"S.A.b",75,600,0.33,"TRUE","TRUE","FALSE","20.0753807463123","19.97725261616","0.0981281301523283","13.937","0.463","1.243","1,2,3,4,5,6,7,8,9,10,11,12,13,14,15,16,17,18,19,20",5.60873280269077e-05,TRUE,0,0,20,0,20,0,1
"S.A.b",76,600,0.33,"TRUE","TRUE","FALSE","20.1253568764787","19.0003104182658","1.12504645821287","14.278","0.48","1.357","1,2,3,4,5,6,7,8,9,10,11,12,13,14,15,16,17,18,19,20",9.99693830935533e-05,TRUE,0,0,20,0,20,0,1
"S.A.b",77,600,0.33,"TRUE","TRUE","FALSE","20.5738649966425","20.0004577220052","0.57340727463733","16.263","0.464","1.4","1,2,3,4,5,6,7,8,9,10,11,12,13,14,15,16,17,18,19,20",9.98574683061745e-05,TRUE,0,0,20,0,20,0,1
"S.A.b",78,600,0.33,"TRUE","TRUE","FALSE","20.1345342514488","19.0005165461061","1.13401770534271","14.032","0.461","1.242","1,2,3,4,5,6,7,8,9,10,11,12,13,14,15,16,17,18,19,20",9.01367034467087e-05,TRUE,0,0,20,0,20,0,1
"S.A.b",79,600,0.33,"TRUE","TRUE","FALSE","20.0199161605781","18.9193057472376","1.10061041334059","13.268","0.457","1.229","1,2,3,4,5,6,7,8,9,10,11,12,13,14,15,16,17,18,19,20",8.41271560936268e-05,TRUE,0,0,20,0,20,0,1
"S.A.b",8,600,0.33,"TRUE","TRUE","FALSE","20.1306219823089","19.0001826363328","1.13043934597611","14.373","0.437","1.133","1,2,3,4,5,6,7,8,9,10,11,12,13,14,15,16,17,18,19,20",4.73679742250466e-05,TRUE,0,0,20,0,20,0,1
"S.A.b",80,600,0.33,"TRUE","TRUE","FALSE","20.1091897792505","19.0007539564615","1.10843582278899","14.098","0.454","1.234","1,2,3,4,5,6,7,8,9,10,11,12,13,14,15,16,17,18,19,20",7.62493715761153e-05,TRUE,0,0,20,0,20,0,1
"S.A.b",81,600,0.33,"TRUE","TRUE","FALSE","20.0968543586526","19.0003117665798","1.09654259207283","13.747","0.463","1.246","1,2,3,4,5,6,7,8,9,10,11,12,13,14,15,16,17,18,19,20",7.82131898606302e-05,TRUE,0,0,20,0,20,0,1
"S.A.b",82,600,0.33,"TRUE","TRUE","FALSE","19.5170659206642","17.4280779421156","2.0889879785486","13.713","0.426","1.193","1,2,3,4,5,6,7,8,9,10,11,12,13,14,15,16,17,18,19,20",8.05441897509821e-05,TRUE,0,0,20,0,20,0,1
"S.A.b",83,600,0.33,"TRUE","TRUE","FALSE","20.1024901414194","19.0005115935896","1.10197854782986","12.996","0.458","1.258","1,2,3,4,5,6,7,8,9,10,11,12,13,14,15,16,17,18,19,20",4.7661823165336e-05,TRUE,0,0,20,0,20,0,1
"S.A.b",84,600,0.33,"TRUE","TRUE","FALSE","20.1025114509504","19.0002567745822","1.10225467636827","13.51","0.455","1.258","1,2,3,4,5,6,7,8,9,10,11,12,13,14,15,16,17,18,19,20",9.36783967711219e-05,TRUE,0,0,20,0,20,0,1
"S.A.b",85,600,0.33,"TRUE","TRUE","FALSE","19.7610982685169","18.5661887084666","1.19490956005029","15.506","0.445","1.208","1,2,3,4,5,6,7,8,9,10,11,12,13,14,15,16,17,18,19,20",6.51652203536439e-05,TRUE,0,0,20,0,20,0,1
"S.A.b",86,600,0.33,"TRUE","TRUE","FALSE","20.1254699886178","19.0004951950532","1.12497479356468","13.505","0.479","1.214","1,2,3,4,5,6,7,8,9,10,11,12,13,14,15,16,17,18,19,20",5.51413755987332e-05,TRUE,0,0,20,0,20,0,1
"S.A.b",87,600,0.33,"TRUE","TRUE","FALSE","20.1243531101127","18.0000104699991","2.12434264011358","13.994","0.446","1.28","1,2,3,4,5,6,7,8,9,10,11,12,13,14,15,16,17,18,19,20",3.73443275834463e-05,TRUE,0,0,20,0,20,0,1
"S.A.b",88,600,0.33,"TRUE","TRUE","FALSE","20.4890351727595","19.0007237776573","1.48831139510222","17.042","0.444","1.164","1,2,3,4,5,6,7,8,9,10,11,12,13,14,15,16,17,18,19,20",5.43868194405545e-05,TRUE,0,0,20,0,20,0,1
"S.A.b",89,600,0.33,"TRUE","TRUE","FALSE","20.1026659909901","20.0004652506233","0.102200740366823","13.837","0.475","1.303","1,2,3,4,5,6,7,8,9,10,11,12,13,14,15,16,17,18,19,20",8.00794635761496e-05,TRUE,0,0,20,0,20,0,1
"S.A.b",9,600,0.33,"TRUE","TRUE","FALSE","20.1141930292036","19.0002197270336","1.11397330216998","13.668","0.454","1.205","1,2,3,4,5,6,7,8,9,10,11,12,13,14,15,16,17,18,19,20",5.55915927130054e-05,TRUE,0,0,20,0,20,0,1
"S.A.b",90,600,0.33,"TRUE","TRUE","FALSE","20.0919430169898","19.0005271767511","1.09141584023866","12.984","0.478","1.177","1,2,3,4,5,6,7,8,9,10,11,12,13,14,15,16,17,18,19,20",7.81876953663036e-05,TRUE,0,0,20,0,20,0,1
"S.A.b",91,600,0.33,"TRUE","TRUE","FALSE","20.0902264223499","19.0002318554956","1.08999456685427","13.587","0.456","1.345","1,2,3,4,5,6,7,8,9,10,11,12,13,14,15,16,17,18,19,20",4.84946948563933e-05,TRUE,0,0,20,0,20,0,1
"S.A.b",92,600,0.33,"TRUE","TRUE","FALSE","20.1079978876545","18.0029786410639","2.10501924659067","13.849","0.447","1.286","1,2,3,4,5,6,7,8,9,10,11,12,13,14,15,16,17,18,19,20",9.16344874815516e-05,TRUE,0,0,20,0,20,0,1
"S.A.b",93,600,0.33,"TRUE","TRUE","FALSE","20.1082467762207","19.9533519306209","0.154894845599845","14.78","0.457","1.192","1,2,3,4,5,6,7,8,9,10,11,12,13,14,15,16,17,18,19,20",5.99992652036078e-05,TRUE,0,0,20,0,20,0,1
"S.A.b",94,600,0.33,"TRUE","TRUE","FALSE","20.1819990475247","18.9771053211512","1.20489372637342","14.96","0.469","1.225","1,2,3,4,5,6,7,8,9,10,11,12,13,14,15,16,17,18,19,20",6.96552586178708e-05,TRUE,0,0,20,0,20,0,1
"S.A.b",95,600,0.33,"TRUE","TRUE","FALSE","20.1131072474729","18.0009574131203","2.11214983435257","14.114","0.446","1.234","1,2,3,4,5,6,7,8,9,10,11,12,13,14,15,16,17,18,19,20",8.01682787607444e-05,TRUE,0,0,20,0,20,0,1
"S.A.b",96,600,0.33,"TRUE","TRUE","FALSE","19.8368319639712","16.6489738190109","3.18785814496032","15.549","0.428","1.162","1,2,3,4,5,6,7,8,9,10,11,12,13,14,15,16,17,18,19,20",8.8287265361886e-05,TRUE,0,0,20,0,20,0,1
"S.A.b",97,600,0.33,"TRUE","TRUE","FALSE","20.1319920959635","18.0007699598651","2.13122213609839","14.277","0.447","1.223","1,2,3,4,5,6,7,8,9,10,11,12,13,14,15,16,17,18,19,20",6.56295577827582e-05,TRUE,0,0,20,0,20,0,1
"S.A.b",98,600,0.33,"TRUE","TRUE","FALSE","20.1137684333541","19.0021965355883","1.11157189776576","14.286","0.49","1.269","1,2,3,4,5,6,7,8,9,10,11,12,13,14,15,16,17,18,19,20",6.60898254054618e-05,TRUE,0,0,20,0,20,0,1
"S.A.b",99,600,0.33,"TRUE","TRUE","FALSE","20.1319893907414","18.0008798614295","2.13110952931184","14.284","0.459","1.309","1,2,3,4,5,6,7,8,9,10,11,12,13,14,15,16,17,18,19,20",5.02129404839105e-05,TRUE,0,0,20,0,20,0,1
"S.EB",1,600,0.33,"TRUE","TRUE","FALSE","19.4447330819948","18.2930484351788","1.15168464681595","15.288","0.561","1.444","1,2,3,4,5,6,7,8,9,10,11,12,13,14,15,16,17,18,19,20",7.49015466646081e-05,TRUE,0,0,20,0,20,0,1
"S.EB",10,600,0.33,"TRUE","TRUE","FALSE","19.4985147143643","19.3624742098218","0.13604050454251","14.831","0.468","1.172","1,2,3,4,5,6,7,8,9,10,11,12,13,14,15,16,17,18,19,20",6.93396250280244e-05,TRUE,0,0,20,0,20,0,1
"S.EB",100,600,0.33,"TRUE","TRUE","FALSE","20.2067360995544","19.916732069631","0.290004029923384","16.548","0.425","1.172","1,2,3,4,5,6,7,8,9,10,11,12,13,14,15,16,17,18,19,20,288",0.00013437976116674,FALSE,1,0,21,1,20,0.0476190476190476,1
"S.EB",11,600,0.33,"TRUE","TRUE","FALSE","20.2815319028013","17.9991164920498","2.28241541075151","15.544","0.555","1.182","1,2,3,4,5,6,7,8,9,10,11,12,13,14,15,16,17,18,19,20,236",0.000217124122415568,FALSE,1,0,21,1,20,0.0476190476190476,1
"S.EB",12,600,0.33,"TRUE","TRUE","FALSE","20.2564916400703","20.0019967881343","0.254494851936085","15.373","0.466","1.401","1,2,3,4,5,6,7,8,9,10,11,12,13,14,15,16,17,18,19,20,840",0.000108515486290723,FALSE,1,0,21,1,20,0.0476190476190476,1
"S.EB",13,600,0.33,"TRUE","TRUE","FALSE","20.1197108369293","19.0004762105846","1.11923462634472","13.745","0.457","1.357","1,2,3,4,5,6,7,8,9,10,11,12,13,14,15,16,17,18,19,20",9.31070449681143e-05,TRUE,0,0,20,0,20,0,1
"S.EB",14,600,0.33,"TRUE","TRUE","FALSE","20.1205960363854","18.9984673188882","1.12212871749717","13.802","0.431","1.227","1,2,3,4,5,6,7,8,9,10,11,12,13,14,15,16,17,18,19,20",5.63312831710247e-05,TRUE,0,0,20,0,20,0,1
"S.EB",15,600,0.33,"TRUE","TRUE","FALSE","20.140717677672","20.0004148144685","0.140302863203452","14.672","0.477","1.333","1,2,3,4,5,6,7,8,9,10,11,12,13,14,15,16,17,18,19,20",5.34104191991079e-05,TRUE,0,0,20,0,20,0,1
"S.EB",16,600,0.33,"TRUE","TRUE","FALSE","20.1467702724956","20.0003990533859","0.146371219109627","14.063","0.444","1.236","1,2,3,4,5,6,7,8,9,10,11,12,13,14,15,16,17,18,19,20",8.16275714129626e-05,TRUE,0,0,20,0,20,0,1
"S.EB",17,600,0.33,"TRUE","TRUE","FALSE","20.0275447007704","16.9067325607004","3.12081214007004","14.61","0.458","1.176","1,2,3,4,5,6,7,8,9,10,11,12,13,14,15,16,17,18,19,20",0.000108633398235281,TRUE,0,0,20,0,20,0,1
"S.EB",18,600,0.33,"TRUE","TRUE","FALSE","20.2468763522211","17.9998486766787","2.24702767554245","14.421","0.501","1.201","1,2,3,4,5,6,7,8,9,10,11,12,13,14,15,16,17,18,19,20,508",0.000151728101499503,FALSE,1,0,21,1,20,0.0476190476190476,1
"S.EB",19,600,0.33,"TRUE","TRUE","FALSE","20.1111807959226","20.0000463462332","0.111134449689392","13.902","0.43","1.277","1,2,3,4,5,6,7,8,9,10,11,12,13,14,15,16,17,18,19,20",7.63766141147252e-05,TRUE,0,0,20,0,20,0,1
"S.EB",2,600,0.33,"TRUE","TRUE","FALSE","20.0843941364448","19.0004082680067","1.08398586843808","13.381","0.47","1.278","1,2,3,4,5,6,7,8,9,10,11,12,13,14,15,16,17,18,19,20",7.1767040922026e-05,TRUE,0,0,20,0,20,0,1
"S.EB",20,600,0.33,"TRUE","TRUE","FALSE","20.1451129685685","20.0004812457559","0.144631722812598","13.797","0.454","1.254","1,2,3,4,5,6,7,8,9,10,11,12,13,14,15,16,17,18,19,20",9.44495001118193e-05,TRUE,0,0,20,0,20,0,1
"S.EB",21,600,0.33,"TRUE","TRUE","FALSE","20.1686343799436","19.000568814368","1.16806556557557","14.57","0.454","1.17","1,2,3,4,5,6,7,8,9,10,11,12,13,14,15,16,17,18,19,20",6.91916218939677e-05,TRUE,0,0,20,0,20,0,1
"S.EB",22,600,0.33,"TRUE","TRUE","FALSE","20.1061716781545","20.0012330216769","0.104938656477587","13.721","0.459","1.285","1,2,3,4,5,6,7,8,9,10,11,12,13,14,15,16,17,18,19,20",7.09750957838846e-05,TRUE,0,0,20,0,20,0,1
"S.EB",23,600,0.33,"TRUE","TRUE","FALSE","19.6172382286285","18.4775268703048","1.13971135832368","14.863","0.451","1.251","1,2,3,4,5,6,7,8,9,10,11,12,13,14,15,16,17,18,19,20",9.27579987651754e-05,TRUE,0,0,20,0,20,0,1
"S.EB",24,600,0.33,"TRUE","TRUE","FALSE","20.1009635382549","20.0002089849661","0.100754553288827","13.827","0.472","1.326","1,2,3,4,5,6,7,8,9,10,11,12,13,14,15,16,17,18,19,20",4.92062332224735e-05,TRUE,0,0,20,0,20,0,1
"S.EB",25,600,0.33,"TRUE","TRUE","FALSE","20.0811260857295","19.9815442598175","0.0995818259119392","13.933","0.468","1.433","1,2,3,4,5,6,7,8,9,10,11,12,13,14,15,16,17,18,19,20",8.32343733201484e-05,TRUE,0,0,20,0,20,0,1
"S.EB",26,600,0.33,"TRUE","TRUE","FALSE","20.1401849221133","18.0005765522086","2.13960836990462","14.176","0.444","1.246","1,2,3,4,5,6,7,8,9,10,11,12,13,14,15,16,17,18,19,20",5.80573882263737e-05,TRUE,0,0,20,0,20,0,1
"S.EB",27,600,0.33,"TRUE","TRUE","FALSE","20.14209809025","19.0003577940413","1.14174029620866","14.073","0.505","1.247","1,2,3,4,5,6,7,8,9,10,11,12,13,14,15,16,17,18,19,20",8.46420179697393e-05,TRUE,0,0,20,0,20,0,1
"S.EB",28,600,0.33,"TRUE","TRUE","FALSE","20.1134753228481","19.0008690621358","1.11260626071224","13.28","0.469","1.25","1,2,3,4,5,6,7,8,9,10,11,12,13,14,15,16,17,18,19,20",8.58683627095846e-05,TRUE,0,0,20,0,20,0,1
"S.EB",29,600,0.33,"TRUE","TRUE","FALSE","20.1120781067225","19.0007033601621","1.11137474656035","13.764","0.467","1.281","1,2,3,4,5,6,7,8,9,10,11,12,13,14,15,16,17,18,19,20",6.03796018095322e-05,TRUE,0,0,20,0,20,0,1
"S.EB",3,600,0.33,"TRUE","TRUE","FALSE","20.0734808138735","18.957401948857","1.11607886501652","14.469","0.458","1.35","1,2,3,4,5,6,7,8,9,10,11,12,13,14,15,16,17,18,19,20",5.51277744776043e-05,TRUE,0,0,20,0,20,0,1
"S.EB",30,600,0.33,"TRUE","TRUE","FALSE","19.1248327087793","18.0011564558915","1.12367625288781","13.134","0.461","1.266","2,3,4,5,6,7,8,9,10,11,12,13,14,15,16,17,18,19,20",0.000211140072246712,FALSE,0,1,19,0,19,0,0.95
"S.EB",31,600,0.33,"TRUE","TRUE","FALSE","19.4039519677187","19.2667825856455","0.137169382073191","15.043","0.45","1.187","1,2,3,4,5,6,7,8,9,10,11,12,13,14,15,16,17,18,19,20,802",0.000128054075110227,FALSE,1,0,21,1,20,0.0476190476190476,1
"S.EB",32,600,0.33,"TRUE","TRUE","FALSE","20.2401891986263","20.0006831269066","0.239506071719723","15.268","0.449","1.292","1,2,3,4,5,6,7,8,9,10,11,12,13,14,15,16,17,18,19,20,674",0.000134305850233691,FALSE,1,0,21,1,20,0.0476190476190476,1
"S.EB",33,600,0.33,"TRUE","TRUE","FALSE","20.1123369290908","19.0001616090647","1.11217532002609","14.441","0.469","1.269","1,2,3,4,5,6,7,8,9,10,11,12,13,14,15,16,17,18,19,20",5.77820649474415e-05,TRUE,0,0,20,0,20,0,1
"S.EB",34,600,0.33,"TRUE","TRUE","FALSE","20.0899228498301","18.9962936259493","1.09362922388083","14.041","0.537","1.371","1,2,3,4,5,6,7,8,9,10,11,12,13,14,15,16,17,18,19,20",9.44414542824371e-05,TRUE,0,0,20,0,20,0,1
"S.EB",35,600,0.33,"TRUE","TRUE","FALSE","20.1016749598494","20.0017119587601","0.099963001089258","14.335","0.521","1.283","1,2,3,4,5,6,7,8,9,10,11,12,13,14,15,16,17,18,19,20",5.6546886468517e-05,TRUE,0,0,20,0,20,0,1
"S.EB",36,600,0.33,"TRUE","TRUE","FALSE","20.1288293134958","18.9971262033353","1.13170311016047","14.147","0.441","1.223","1,2,3,4,5,6,7,8,9,10,11,12,13,14,15,16,17,18,19,20",9.39742177078209e-05,TRUE,0,0,20,0,20,0,1
"S.EB",37,600,0.33,"TRUE","TRUE","FALSE","20.1157820613392","19.0004930962225","1.11528896511669","14.17","0.433","1.238","1,2,3,4,5,6,7,8,9,10,11,12,13,14,15,16,17,18,19,20",6.22583358823213e-05,TRUE,0,0,20,0,20,0,1
"S.EB",38,600,0.33,"TRUE","TRUE","FALSE","20.1301542847743","20.0005198795494","0.129634405224857","14.397","0.478","1.237","1,2,3,4,5,6,7,8,9,10,11,12,13,14,15,16,17,18,19,20",6.88550056102477e-05,TRUE,0,0,20,0,20,0,1
"S.EB",39,600,0.33,"TRUE","TRUE","FALSE","20.1585951050723","19.0022317591606","1.15636334591173","14.194","0.461","1.352","1,2,3,4,5,6,7,8,9,10,11,12,13,14,15,16,17,18,19,20",4.55614056434592e-05,TRUE,0,0,20,0,20,0,1
"S.EB",4,600,0.33,"TRUE","TRUE","FALSE","20.179300770611","17.993274141322","2.18602662928907","14.555","0.459","1.326","1,2,3,4,5,6,7,8,9,10,11,12,13,14,15,16,17,18,19,20,221",0.000100564307175764,FALSE,1,0,21,1,20,0.0476190476190476,1
"S.EB",40,600,0.33,"TRUE","TRUE","FALSE","19.9847673564155","18.8869305315485","1.09783682486695","13.544","0.461","1.28","1,2,3,4,5,6,7,8,9,10,11,12,13,14,15,16,17,18,19,20",0.00011632590828075,TRUE,0,0,20,0,20,0,1
"S.EB",41,600,0.33,"TRUE","TRUE","FALSE","20.1649434989496","18.0002953279649","2.1646481709847","14.48","0.453","1.219","1,2,3,4,5,6,7,8,9,10,11,12,13,14,15,16,17,18,19,20,254",0.00016757109034521,FALSE,1,0,21,1,20,0.0476190476190476,1
"S.EB",42,600,0.33,"TRUE","TRUE","FALSE","20.1059861918101","16.9994137741968","3.10657241761333","14.241","0.464","1.281","1,2,3,4,5,6,7,8,9,10,11,12,13,14,15,16,17,18,19,20",0.000124896407636801,TRUE,0,0,20,0,20,0,1
"S.EB",43,600,0.33,"TRUE","TRUE","FALSE","19.7466591359613","18.6278549295494","1.11880420641193","14.282","0.447","1.256","1,2,3,4,5,6,7,8,9,10,11,12,13,14,15,16,17,18,19,20",6.59927791092322e-05,TRUE,0,0,20,0,20,0,1
"S.EB",44,600,0.33,"TRUE","TRUE","FALSE","20.0978534417838","20.0003279533362","0.0975254884475703","14","0.46","1.337","1,2,3,4,5,6,7,8,9,10,11,12,13,14,15,16,17,18,19,20",5.31773544042658e-05,TRUE,0,0,20,0,20,0,1
"S.EB",45,600,0.33,"TRUE","TRUE","FALSE","20.1440698617525","18.0005148090292","2.1435550527233","14.366","0.469","1.313","1,2,3,4,5,6,7,8,9,10,11,12,13,14,15,16,17,18,19,20",5.79120758412153e-05,TRUE,0,0,20,0,20,0,1
"S.EB",46,600,0.33,"TRUE","TRUE","FALSE","20.1869440525039","20.0005255740151","0.186418478488801","14.9","0.44","1.206","1,2,3,4,5,6,7,8,9,10,11,12,13,14,15,16,17,18,19,20,381",0.000108397055894182,FALSE,1,0,21,1,20,0.0476190476190476,1
"S.EB",47,600,0.33,"TRUE","TRUE","FALSE","20.1227056144573","20.0001880724097","0.122517542047648","14.361","0.448","1.281","1,2,3,4,5,6,7,8,9,10,11,12,13,14,15,16,17,18,19,20",9.22433680355492e-05,TRUE,0,0,20,0,20,0,1
"S.EB",48,600,0.33,"TRUE","TRUE","FALSE","20.0034122913192","19.8735015440282","0.129910747291007","14.109","0.486","1.165","1,2,3,4,5,6,7,8,9,10,11,12,13,14,15,16,17,18,19,20",7.64673752339162e-05,TRUE,0,0,20,0,20,0,1
"S.EB",49,600,0.33,"TRUE","TRUE","FALSE","20.1649528609124","20.0008472618576","0.164105599054872","14.588","0.451","1.316","1,2,3,4,5,6,7,8,9,10,11,12,13,14,15,16,17,18,19,20,651",0.00013235322157805,FALSE,1,0,21,1,20,0.0476190476190476,1
"S.EB",5,600,0.33,"TRUE","TRUE","FALSE","20.7897777345616","19.9999346534081","0.789843081153506","18.656","0.506","1.451","1,2,3,4,5,6,7,8,9,10,11,12,13,14,15,16,17,18,19,20,492",0.000122069009723561,FALSE,1,0,21,1,20,0.0476190476190476,1
"S.EB",50,600,0.33,"TRUE","TRUE","FALSE","20.2654924694539","19.0004262758546","1.26506619359927","15.212","0.472","1.149","1,2,3,4,5,6,7,8,9,10,11,12,13,14,15,16,17,18,19,20",5.68968820940733e-05,TRUE,0,0,20,0,20,0,1
"S.EB",51,600,0.33,"TRUE","TRUE","FALSE","20.2187371402702","18.0002302429458","2.21850689732434","14.893","0.463","1.324","1,2,3,4,5,6,7,8,9,10,11,12,13,14,15,16,17,18,19,20,539,667",0.000172933994122337,FALSE,2,0,22,2,20,0.0909090909090909,1
"S.EB",52,600,0.33,"TRUE","TRUE","FALSE","19.9613565990273","18.665656040013","1.29570055901425","16.388","0.474","1.307","1,2,3,4,5,6,7,8,9,10,11,12,13,14,15,16,17,18,19,20,381",0.000107451476025616,FALSE,1,0,21,1,20,0.0476190476190476,1
"S.EB",53,600,0.33,"TRUE","TRUE","FALSE","20.1269441902414","19.9977461418104","0.129198048431001","14.188","0.464","1.282","1,2,3,4,5,6,7,8,9,10,11,12,13,14,15,16,17,18,19,20",0.000100043365278569,TRUE,0,0,20,0,20,0,1
"S.EB",54,600,0.33,"TRUE","TRUE","FALSE","20.1009180005376","18.9987010280581","1.10221697247955","13.35","0.45","1.29","1,2,3,4,5,6,7,8,9,10,11,12,13,14,15,16,17,18,19,20",5.13832719413643e-05,TRUE,0,0,20,0,20,0,1
"S.EB",55,600,0.33,"TRUE","TRUE","FALSE","20.1262917459673","19.9948232979149","0.131468448052362","14.277","0.455","1.28","1,2,3,4,5,6,7,8,9,10,11,12,13,14,15,16,17,18,19,20",5.21615856193796e-05,TRUE,0,0,20,0,20,0,1
"S.EB",56,600,0.33,"TRUE","TRUE","FALSE","19.6075496073174","19.5088965549682","0.0986530523492158","13.828","0.454","1.208","1,2,3,4,5,6,7,8,9,10,11,12,13,14,15,16,17,18,19,20",5.33203680847042e-05,TRUE,0,0,20,0,20,0,1
"S.EB",57,600,0.33,"TRUE","TRUE","FALSE","20.1909865077958","19.0004140999773","1.19057240781851","14.816","0.45","1.256","1,2,3,4,5,6,7,8,9,10,11,12,13,14,15,16,17,18,19,20",5.94090740652412e-05,TRUE,0,0,20,0,20,0,1
"S.EB",58,600,0.33,"TRUE","TRUE","FALSE","20.2223874222881","20.0008045151896","0.221582907098562","14.988","0.442","1.227","1,2,3,4,5,6,7,8,9,10,11,12,13,14,15,16,17,18,19,20,822,907",0.000147201201116826,FALSE,2,0,22,2,20,0.0909090909090909,1
"S.EB",59,600,0.33,"TRUE","TRUE","FALSE","20.0411863264114","19.8919224938914","0.149263832519921","15.123","0.524","1.389","1,2,3,4,5,6,7,8,9,10,11,12,13,14,15,16,17,18,19,20",7.02957260618112e-05,TRUE,0,0,20,0,20,0,1
"S.EB",6,600,0.33,"TRUE","TRUE","FALSE","20.1215575343645","18.999970527333","1.12158700703157","13.655","0.456","1.29","1,2,3,4,5,6,7,8,9,10,11,12,13,14,15,16,17,18,19,20",8.61630979983126e-05,TRUE,0,0,20,0,20,0,1
"S.EB",60,600,0.33,"TRUE","TRUE","FALSE","20.1153533315206","19.0005748679251","1.11477846359547","13.466","0.45","1.24","1,2,3,4,5,6,7,8,9,10,11,12,13,14,15,16,17,18,19,20",2.33797456855011e-05,TRUE,0,0,20,0,20,0,1
"S.EB",61,600,0.33,"TRUE","TRUE","FALSE","20.1009630442768","19.0008096574804","1.10015338679641","13.658","0.447","1.275","1,2,3,4,5,6,7,8,9,10,11,12,13,14,15,16,17,18,19,20",8.59844557782407e-05,TRUE,0,0,20,0,20,0,1
"S.EB",62,600,0.33,"TRUE","TRUE","FALSE","20.0085085242845","19.8895323202982","0.118976203986322","14.774","0.442","1.251","1,2,3,4,5,6,7,8,9,10,11,12,13,14,15,16,17,18,19,20",6.40778328488403e-05,TRUE,0,0,20,0,20,0,1
"S.EB",63,600,0.33,"TRUE","TRUE","FALSE","20.1657759987756","20.0006489711445","0.165127027631102","14.633","0.466","1.208","1,2,3,4,5,6,7,8,9,10,11,12,13,14,15,16,17,18,19,20",7.7543249310224e-05,TRUE,0,0,20,0,20,0,1
"S.EB",64,600,0.33,"TRUE","TRUE","FALSE","19.6791275651924","19.5793138144721","0.0998137507202514","15.098","0.474","1.269","1,2,3,4,5,6,7,8,9,10,11,12,13,14,15,16,17,18,19,20",5.53586510963607e-05,TRUE,0,0,20,0,20,0,1
"S.EB",65,600,0.33,"TRUE","TRUE","FALSE","20.1001507990746","18.9966236785656","1.10352712050895","13.752","0.445","1.231","1,2,3,4,5,6,7,8,9,10,11,12,13,14,15,16,17,18,19,20",6.25179760596249e-05,TRUE,0,0,20,0,20,0,1
"S.EB",66,600,0.33,"TRUE","TRUE","FALSE","20.1112395909925","20.0010121904909","0.110227400501593","13.714","0.444","1.204","1,2,3,4,5,6,7,8,9,10,11,12,13,14,15,16,17,18,19,20",0.000107608215737685,TRUE,0,0,20,0,20,0,1
"S.EB",67,600,0.33,"TRUE","TRUE","FALSE","20.0984262869949","19.0011265447382","1.09729974225673","14.098","0.472","1.331","1,2,3,4,5,6,7,8,9,10,11,12,13,14,15,16,17,18,19,20",5.81723299112682e-05,TRUE,0,0,20,0,20,0,1
"S.EB",68,600,0.33,"TRUE","TRUE","FALSE","20.2251696629371","19.0005206093204","1.22464905361672","15.534","0.492","1.51","1,2,3,4,5,6,7,8,9,10,11,12,13,14,15,16,17,18,19,20,80",0.000119728374019293,FALSE,1,0,21,1,20,0.0476190476190476,1
"S.EB",69,600,0.33,"TRUE","TRUE","FALSE","20.1158027017945","19.0003264554377","1.11547624635677","14.554","0.467","1.361","1,2,3,4,5,6,7,8,9,10,11,12,13,14,15,16,17,18,19,20",6.02082696813128e-05,TRUE,0,0,20,0,20,0,1
"S.EB",7,600,0.33,"TRUE","TRUE","FALSE","20.1263447118663","20.000372909951","0.125971801915312","13.591","0.451","1.285","1,2,3,4,5,6,7,8,9,10,11,12,13,14,15,16,17,18,19,20",6.83052433591998e-05,TRUE,0,0,20,0,20,0,1
"S.EB",70,600,0.33,"TRUE","TRUE","FALSE","19.9406718884061","19.8401616172618","0.100510271144288","14.181","0.475","1.347","1,2,3,4,5,6,7,8,9,10,11,12,13,14,15,16,17,18,19,20",4.99526327246036e-05,TRUE,0,0,20,0,20,0,1
"S.EB",71,600,0.33,"TRUE","TRUE","FALSE","20.1275253315321","19.000923948634","1.12660138289814","14.299","0.454","1.193","1,2,3,4,5,6,7,8,9,10,11,12,13,14,15,16,17,18,19,20",5.99177682639654e-05,TRUE,0,0,20,0,20,0,1
"S.EB",72,600,0.33,"TRUE","TRUE","FALSE","20.0962579740133","19.0004337048396","1.09582426917374","13.874","0.453","1.186","1,2,3,4,5,6,7,8,9,10,11,12,13,14,15,16,17,18,19,20",9.81063436650222e-05,TRUE,0,0,20,0,20,0,1
"S.EB",73,600,0.33,"TRUE","TRUE","FALSE","19.5447205278531","18.4388636648531","1.10585686300002","14.624","0.435","1.123","1,2,3,4,5,6,7,8,9,10,11,12,13,14,15,16,17,18,19,20",0.000134454356533266,TRUE,0,0,20,0,20,0,1
"S.EB",74,600,0.33,"TRUE","TRUE","FALSE","20.6501344548261","19.9617081496321","0.688426305193996","16.5","0.488","1.457","1,2,3,4,5,6,7,8,9,10,11,12,13,14,15,16,17,18,19,20,32",0.00015369600484736,FALSE,1,0,21,1,20,0.0476190476190476,1
"S.EB",75,600,0.33,"TRUE","TRUE","FALSE","20.0753807463123","19.97725261616","0.0981281301523283","13.937","0.463","1.243","1,2,3,4,5,6,7,8,9,10,11,12,13,14,15,16,17,18,19,20",5.60873280269077e-05,TRUE,0,0,20,0,20,0,1
"S.EB",76,600,0.33,"TRUE","TRUE","FALSE","20.1253568764787","19.0003104182658","1.12504645821287","14.278","0.48","1.357","1,2,3,4,5,6,7,8,9,10,11,12,13,14,15,16,17,18,19,20",9.99693830935533e-05,TRUE,0,0,20,0,20,0,1
"S.EB",77,600,0.33,"TRUE","TRUE","FALSE","20.5738649966425","20.0004577220052","0.57340727463733","16.263","0.464","1.4","1,2,3,4,5,6,7,8,9,10,11,12,13,14,15,16,17,18,19,20,43,88,614",0.000274345038696289,FALSE,3,0,23,3,20,0.130434782608696,1
"S.EB",78,600,0.33,"TRUE","TRUE","FALSE","20.1345342514488","19.0005165461061","1.13401770534271","14.032","0.461","1.242","1,2,3,4,5,6,7,8,9,10,11,12,13,14,15,16,17,18,19,20",9.01367034467087e-05,TRUE,0,0,20,0,20,0,1
"S.EB",79,600,0.33,"TRUE","TRUE","FALSE","20.0199161605781","18.9193057472376","1.10061041334059","13.268","0.457","1.229","1,2,3,4,5,6,7,8,9,10,11,12,13,14,15,16,17,18,19,20",8.41271560936268e-05,TRUE,0,0,20,0,20,0,1
"S.EB",8,600,0.33,"TRUE","TRUE","FALSE","20.1306219823089","19.0001826363328","1.13043934597611","14.373","0.437","1.133","1,2,3,4,5,6,7,8,9,10,11,12,13,14,15,16,17,18,19,20",4.73679742250466e-05,TRUE,0,0,20,0,20,0,1
"S.EB",80,600,0.33,"TRUE","TRUE","FALSE","20.1091897792505","19.0007539564615","1.10843582278899","14.098","0.454","1.234","1,2,3,4,5,6,7,8,9,10,11,12,13,14,15,16,17,18,19,20",7.62493715761153e-05,TRUE,0,0,20,0,20,0,1
"S.EB",81,600,0.33,"TRUE","TRUE","FALSE","20.0968543586526","19.0003117665798","1.09654259207283","13.747","0.463","1.246","1,2,3,4,5,6,7,8,9,10,11,12,13,14,15,16,17,18,19,20",7.82131898606302e-05,TRUE,0,0,20,0,20,0,1
"S.EB",82,600,0.33,"TRUE","TRUE","FALSE","19.5170659206642","17.4280779421156","2.0889879785486","13.713","0.426","1.193","1,2,3,4,5,6,7,8,9,10,11,12,13,14,15,16,17,18,19,20",8.05441897509821e-05,TRUE,0,0,20,0,20,0,1
"S.EB",83,600,0.33,"TRUE","TRUE","FALSE","20.1024901414194","19.0005115935896","1.10197854782986","12.996","0.458","1.258","1,2,3,4,5,6,7,8,9,10,11,12,13,14,15,16,17,18,19,20",4.7661823165336e-05,TRUE,0,0,20,0,20,0,1
"S.EB",84,600,0.33,"TRUE","TRUE","FALSE","20.1025114509504","19.0002567745822","1.10225467636827","13.51","0.455","1.258","1,2,3,4,5,6,7,8,9,10,11,12,13,14,15,16,17,18,19,20",9.36783967711219e-05,TRUE,0,0,20,0,20,0,1
"S.EB",85,600,0.33,"TRUE","TRUE","FALSE","19.7610982685169","18.5661887084666","1.19490956005029","15.506","0.445","1.208","1,2,3,4,5,6,7,8,9,10,11,12,13,14,15,16,17,18,19,20,657",0.000119561194698095,FALSE,1,0,21,1,20,0.0476190476190476,1
"S.EB",86,600,0.33,"TRUE","TRUE","FALSE","20.1254699886178","19.0004951950532","1.12497479356468","13.505","0.479","1.214","1,2,3,4,5,6,7,8,9,10,11,12,13,14,15,16,17,18,19,20",5.51413755987332e-05,TRUE,0,0,20,0,20,0,1
"S.EB",87,600,0.33,"TRUE","TRUE","FALSE","20.1243531101127","18.0000104699991","2.12434264011358","13.994","0.446","1.28","1,2,3,4,5,6,7,8,9,10,11,12,13,14,15,16,17,18,19,20",3.73443275834463e-05,TRUE,0,0,20,0,20,0,1
"S.EB",88,600,0.33,"TRUE","TRUE","FALSE","20.4890351727595","19.0007237776573","1.48831139510222","17.042","0.444","1.164","1,2,3,4,5,6,7,8,9,10,11,12,13,14,15,16,17,18,19,20,865",0.00011203232724551,FALSE,1,0,21,1,20,0.0476190476190476,1
"S.EB",89,600,0.33,"TRUE","TRUE","FALSE","20.1026659909901","20.0004652506233","0.102200740366823","13.837","0.475","1.303","1,2,3,4,5,6,7,8,9,10,11,12,13,14,15,16,17,18,19,20",8.00794635761496e-05,TRUE,0,0,20,0,20,0,1
"S.EB",9,600,0.33,"TRUE","TRUE","FALSE","20.1141930292036","19.0002197270336","1.11397330216998","13.668","0.454","1.205","1,2,3,4,5,6,7,8,9,10,11,12,13,14,15,16,17,18,19,20",5.55915927130054e-05,TRUE,0,0,20,0,20,0,1
"S.EB",90,600,0.33,"TRUE","TRUE","FALSE","20.0919430169898","19.0005271767511","1.09141584023866","12.984","0.478","1.177","1,2,3,4,5,6,7,8,9,10,11,12,13,14,15,16,17,18,19,20",7.81876953663036e-05,TRUE,0,0,20,0,20,0,1
"S.EB",91,600,0.33,"TRUE","TRUE","FALSE","20.0902264223499","19.0002318554956","1.08999456685427","13.587","0.456","1.345","1,2,3,4,5,6,7,8,9,10,11,12,13,14,15,16,17,18,19,20",4.84946948563933e-05,TRUE,0,0,20,0,20,0,1
"S.EB",92,600,0.33,"TRUE","TRUE","FALSE","20.1079978876545","18.0029786410639","2.10501924659067","13.849","0.447","1.286","1,2,3,4,5,6,7,8,9,10,11,12,13,14,15,16,17,18,19,20",9.16344874815516e-05,TRUE,0,0,20,0,20,0,1
"S.EB",93,600,0.33,"TRUE","TRUE","FALSE","20.1082467762207","19.9533519306209","0.154894845599845","14.78","0.457","1.192","1,2,3,4,5,6,7,8,9,10,11,12,13,14,15,16,17,18,19,20",5.99992652036078e-05,TRUE,0,0,20,0,20,0,1
"S.EB",94,600,0.33,"TRUE","TRUE","FALSE","20.1819990475247","18.9771053211512","1.20489372637342","14.96","0.469","1.225","1,2,3,4,5,6,7,8,9,10,11,12,13,14,15,16,17,18,19,20,828",0.000136291572930608,FALSE,1,0,21,1,20,0.0476190476190476,1
"S.EB",95,600,0.33,"TRUE","TRUE","FALSE","20.1131072474729","18.0009574131203","2.11214983435257","14.114","0.446","1.234","1,2,3,4,5,6,7,8,9,10,11,12,13,14,15,16,17,18,19,20",8.01682787607444e-05,TRUE,0,0,20,0,20,0,1
"S.EB",96,600,0.33,"TRUE","TRUE","FALSE","19.8368319639712","16.6489738190109","3.18785814496032","15.549","0.428","1.162","1,2,3,4,5,6,7,8,9,10,11,12,13,14,15,16,17,18,19,20,317",0.000147280451914941,FALSE,1,0,21,1,20,0.0476190476190476,1
"S.EB",97,600,0.33,"TRUE","TRUE","FALSE","20.1319920959635","18.0007699598651","2.13122213609839","14.277","0.447","1.223","1,2,3,4,5,6,7,8,9,10,11,12,13,14,15,16,17,18,19,20",6.56295577827582e-05,TRUE,0,0,20,0,20,0,1
"S.EB",98,600,0.33,"TRUE","TRUE","FALSE","20.1137684333541","19.0021965355883","1.11157189776576","14.286","0.49","1.269","1,2,3,4,5,6,7,8,9,10,11,12,13,14,15,16,17,18,19,20",6.60898254054618e-05,TRUE,0,0,20,0,20,0,1
"S.EB",99,600,0.33,"TRUE","TRUE","FALSE","20.1319893907414","18.0008798614295","2.13110952931184","14.284","0.459","1.309","1,2,3,4,5,6,7,8,9,10,11,12,13,14,15,16,17,18,19,20",5.02129404839105e-05,TRUE,0,0,20,0,20,0,1
"S.EB.b",1,600,0.33,"TRUE","TRUE","FALSE","19.4447330819948","18.2930484351788","1.15168464681595","15.288","0.561","1.444","1,2,3,4,5,6,7,8,9,10,11,12,13,14,15,16,17,18,19,20",7.49015466646081e-05,TRUE,0,0,20,0,20,0,1
"S.EB.b",10,600,0.33,"TRUE","TRUE","FALSE","19.4985147143643","19.3624742098218","0.13604050454251","14.831","0.468","1.172","1,2,3,4,5,6,7,8,9,10,11,12,13,14,15,16,17,18,19,20",6.93396250280244e-05,TRUE,0,0,20,0,20,0,1
"S.EB.b",100,600,0.33,"TRUE","TRUE","FALSE","20.2067360995544","19.916732069631","0.290004029923384","16.548","0.425","1.172","1,2,3,4,5,6,7,8,9,10,11,12,13,14,15,16,17,18,19,20,37",0.000104834042400203,FALSE,1,0,21,1,20,0.0476190476190476,1
"S.EB.b",11,600,0.33,"TRUE","TRUE","FALSE","20.2815319028013","17.9991164920498","2.28241541075151","15.544","0.555","1.182","1,2,3,4,5,6,7,8,9,10,11,12,13,14,15,16,17,18,19,20",0.000130752176349799,TRUE,0,0,20,0,20,0,1
"S.EB.b",12,600,0.33,"TRUE","TRUE","FALSE","20.2564916400703","20.0019967881343","0.254494851936085","15.373","0.466","1.401","1,2,3,4,5,6,7,8,9,10,11,12,13,14,15,16,17,18,19,20,38",8.04114742172338e-05,FALSE,1,0,21,1,20,0.0476190476190476,1
"S.EB.b",13,600,0.33,"TRUE","TRUE","FALSE","20.1197108369293","19.0004762105846","1.11923462634472","13.745","0.457","1.357","1,2,3,4,5,6,7,8,9,10,11,12,13,14,15,16,17,18,19,20",9.31070449681143e-05,TRUE,0,0,20,0,20,0,1
"S.EB.b",14,600,0.33,"TRUE","TRUE","FALSE","20.1205960363854","18.9984673188882","1.12212871749717","13.802","0.431","1.227","1,2,3,4,5,6,7,8,9,10,11,12,13,14,15,16,17,18,19,20",5.63312831710247e-05,TRUE,0,0,20,0,20,0,1
"S.EB.b",15,600,0.33,"TRUE","TRUE","FALSE","20.140717677672","20.0004148144685","0.140302863203452","14.672","0.477","1.333","1,2,3,4,5,6,7,8,9,10,11,12,13,14,15,16,17,18,19,20",5.34104191991079e-05,TRUE,0,0,20,0,20,0,1
"S.EB.b",16,600,0.33,"TRUE","TRUE","FALSE","20.1467702724956","20.0003990533859","0.146371219109627","14.063","0.444","1.236","1,2,3,4,5,6,7,8,9,10,11,12,13,14,15,16,17,18,19,20",8.16275714129626e-05,TRUE,0,0,20,0,20,0,1
"S.EB.b",17,600,0.33,"TRUE","TRUE","FALSE","20.0275447007704","16.9067325607004","3.12081214007004","14.61","0.458","1.176","1,2,3,4,5,6,7,8,9,10,11,12,13,14,15,16,17,18,19,20",0.000108633398235281,TRUE,0,0,20,0,20,0,1
"S.EB.b",18,600,0.33,"TRUE","TRUE","FALSE","20.2468763522211","17.9998486766787","2.24702767554245","14.421","0.501","1.201","1,2,3,4,5,6,7,8,9,10,11,12,13,14,15,16,17,18,19,20,28",0.000119360401335502,FALSE,1,0,21,1,20,0.0476190476190476,1
"S.EB.b",19,600,0.33,"TRUE","TRUE","FALSE","20.1111807959226","20.0000463462332","0.111134449689392","13.902","0.43","1.277","1,2,3,4,5,6,7,8,9,10,11,12,13,14,15,16,17,18,19,20",7.63766141147252e-05,TRUE,0,0,20,0,20,0,1
"S.EB.b",2,600,0.33,"TRUE","TRUE","FALSE","20.0843941364448","19.0004082680067","1.08398586843808","13.381","0.47","1.278","1,2,3,4,5,6,7,8,9,10,11,12,13,14,15,16,17,18,19,20",7.1767040922026e-05,TRUE,0,0,20,0,20,0,1
"S.EB.b",20,600,0.33,"TRUE","TRUE","FALSE","20.1451129685685","20.0004812457559","0.144631722812598","13.797","0.454","1.254","1,2,3,4,5,6,7,8,9,10,11,12,13,14,15,16,17,18,19,20",9.44495001118193e-05,TRUE,0,0,20,0,20,0,1
"S.EB.b",21,600,0.33,"TRUE","TRUE","FALSE","20.1686343799436","19.000568814368","1.16806556557557","14.57","0.454","1.17","1,2,3,4,5,6,7,8,9,10,11,12,13,14,15,16,17,18,19,20,33",9.02397807711985e-05,FALSE,1,0,21,1,20,0.0476190476190476,1
"S.EB.b",22,600,0.33,"TRUE","TRUE","FALSE","20.1061716781545","20.0012330216769","0.104938656477587","13.721","0.459","1.285","1,2,3,4,5,6,7,8,9,10,11,12,13,14,15,16,17,18,19,20,33",9.54175997184388e-05,FALSE,1,0,21,1,20,0.0476190476190476,1
"S.EB.b",23,600,0.33,"TRUE","TRUE","FALSE","19.6172382286285","18.4775268703048","1.13971135832368","14.863","0.451","1.251","1,2,3,4,5,6,7,8,9,10,11,12,13,14,15,16,17,18,19,20",9.27579987651754e-05,TRUE,0,0,20,0,20,0,1
"S.EB.b",24,600,0.33,"TRUE","TRUE","FALSE","20.1009635382549","20.0002089849661","0.100754553288827","13.827","0.472","1.326","1,2,3,4,5,6,7,8,9,10,11,12,13,14,15,16,17,18,19,20",4.92062332224735e-05,TRUE,0,0,20,0,20,0,1
"S.EB.b",25,600,0.33,"TRUE","TRUE","FALSE","20.0811260857295","19.9815442598175","0.0995818259119392","13.933","0.468","1.433","1,2,3,4,5,6,7,8,9,10,11,12,13,14,15,16,17,18,19,20",8.32343733201484e-05,TRUE,0,0,20,0,20,0,1
"S.EB.b",26,600,0.33,"TRUE","TRUE","FALSE","20.1401849221133","18.0005765522086","2.13960836990462","14.176","0.444","1.246","1,2,3,4,5,6,7,8,9,10,11,12,13,14,15,16,17,18,19,20,33",7.35725918653337e-05,FALSE,1,0,21,1,20,0.0476190476190476,1
"S.EB.b",27,600,0.33,"TRUE","TRUE","FALSE","20.14209809025","19.0003577940413","1.14174029620866","14.073","0.505","1.247","1,2,3,4,5,6,7,8,9,10,11,12,13,14,15,16,17,18,19,20",8.46420179697393e-05,TRUE,0,0,20,0,20,0,1
"S.EB.b",28,600,0.33,"TRUE","TRUE","FALSE","20.1134753228481","19.0008690621358","1.11260626071224","13.28","0.469","1.25","1,2,3,4,5,6,7,8,9,10,11,12,13,14,15,16,17,18,19,20",8.58683627095846e-05,TRUE,0,0,20,0,20,0,1
"S.EB.b",29,600,0.33,"TRUE","TRUE","FALSE","20.1120781067225","19.0007033601621","1.11137474656035","13.764","0.467","1.281","1,2,3,4,5,6,7,8,9,10,11,12,13,14,15,16,17,18,19,20",6.03796018095322e-05,TRUE,0,0,20,0,20,0,1
"S.EB.b",3,600,0.33,"TRUE","TRUE","FALSE","20.0734808138735","18.957401948857","1.11607886501652","14.469","0.458","1.35","1,2,3,4,5,6,7,8,9,10,11,12,13,14,15,16,17,18,19,20",5.51277744776043e-05,TRUE,0,0,20,0,20,0,1
"S.EB.b",30,600,0.33,"TRUE","TRUE","FALSE","19.1248327087793","18.0011564558915","1.12367625288781","13.134","0.461","1.266","2,3,4,5,6,7,8,9,10,11,12,13,14,15,16,17,18,19,20,40",0.000230075195504165,FALSE,1,1,20,1,19,0.05,0.95
"S.EB.b",31,600,0.33,"TRUE","TRUE","FALSE","19.4039519677187","19.2667825856455","0.137169382073191","15.043","0.45","1.187","1,2,3,4,5,6,7,8,9,10,11,12,13,14,15,16,17,18,19,20",7.53024733346494e-05,TRUE,0,0,20,0,20,0,1
"S.EB.b",32,600,0.33,"TRUE","TRUE","FALSE","20.2401891986263","20.0006831269066","0.239506071719723","15.268","0.449","1.292","1,2,3,4,5,6,7,8,9,10,11,12,13,14,15,16,17,18,19,20",7.9450176672166e-05,TRUE,0,0,20,0,20,0,1
"S.EB.b",33,600,0.33,"TRUE","TRUE","FALSE","20.1123369290908","19.0001616090647","1.11217532002609","14.441","0.469","1.269","1,2,3,4,5,6,7,8,9,10,11,12,13,14,15,16,17,18,19,20",5.77820649474415e-05,TRUE,0,0,20,0,20,0,1
"S.EB.b",34,600,0.33,"TRUE","TRUE","FALSE","20.0899228498301","18.9962936259493","1.09362922388083","14.041","0.537","1.371","1,2,3,4,5,6,7,8,9,10,11,12,13,14,15,16,17,18,19,20",9.44414542824371e-05,TRUE,0,0,20,0,20,0,1
"S.EB.b",35,600,0.33,"TRUE","TRUE","FALSE","20.1016749598494","20.0017119587601","0.099963001089258","14.335","0.521","1.283","1,2,3,4,5,6,7,8,9,10,11,12,13,14,15,16,17,18,19,20,33",7.53406046640842e-05,FALSE,1,0,21,1,20,0.0476190476190476,1
"S.EB.b",36,600,0.33,"TRUE","TRUE","FALSE","20.1288293134958","18.9971262033353","1.13170311016047","14.147","0.441","1.223","1,2,3,4,5,6,7,8,9,10,11,12,13,14,15,16,17,18,19,20",9.39742177078209e-05,TRUE,0,0,20,0,20,0,1
"S.EB.b",37,600,0.33,"TRUE","TRUE","FALSE","20.1157820613392","19.0004930962225","1.11528896511669","14.17","0.433","1.238","1,2,3,4,5,6,7,8,9,10,11,12,13,14,15,16,17,18,19,20",6.22583358823213e-05,TRUE,0,0,20,0,20,0,1
"S.EB.b",38,600,0.33,"TRUE","TRUE","FALSE","20.1301542847743","20.0005198795494","0.129634405224857","14.397","0.478","1.237","1,2,3,4,5,6,7,8,9,10,11,12,13,14,15,16,17,18,19,20",6.88550056102477e-05,TRUE,0,0,20,0,20,0,1
"S.EB.b",39,600,0.33,"TRUE","TRUE","FALSE","20.1585951050723","19.0022317591606","1.15636334591173","14.194","0.461","1.352","1,2,3,4,5,6,7,8,9,10,11,12,13,14,15,16,17,18,19,20,36",6.80070177603236e-05,FALSE,1,0,21,1,20,0.0476190476190476,1
"S.EB.b",4,600,0.33,"TRUE","TRUE","FALSE","20.179300770611","17.993274141322","2.18602662928907","14.555","0.459","1.326","1,2,3,4,5,6,7,8,9,10,11,12,13,14,15,16,17,18,19,20",4.3372779181841e-05,TRUE,0,0,20,0,20,0,1
"S.EB.b",40,600,0.33,"TRUE","TRUE","FALSE","19.9847673564155","18.8869305315485","1.09783682486695","13.544","0.461","1.28","1,2,3,4,5,6,7,8,9,10,11,12,13,14,15,16,17,18,19,20",0.00011632590828075,TRUE,0,0,20,0,20,0,1
"S.EB.b",41,600,0.33,"TRUE","TRUE","FALSE","20.1649434989496","18.0002953279649","2.1646481709847","14.48","0.453","1.219","1,2,3,4,5,6,7,8,9,10,11,12,13,14,15,16,17,18,19,20",0.000115823480788468,TRUE,0,0,20,0,20,0,1
"S.EB.b",42,600,0.33,"TRUE","TRUE","FALSE","20.1059861918101","16.9994137741968","3.10657241761333","14.241","0.464","1.281","1,2,3,4,5,6,7,8,9,10,11,12,13,14,15,16,17,18,19,20",0.000124896407636801,TRUE,0,0,20,0,20,0,1
"S.EB.b",43,600,0.33,"TRUE","TRUE","FALSE","19.7466591359613","18.6278549295494","1.11880420641193","14.282","0.447","1.256","1,2,3,4,5,6,7,8,9,10,11,12,13,14,15,16,17,18,19,20,30",9.57810710914093e-05,FALSE,1,0,21,1,20,0.0476190476190476,1
"S.EB.b",44,600,0.33,"TRUE","TRUE","FALSE","20.0978534417838","20.0003279533362","0.0975254884475703","14","0.46","1.337","1,2,3,4,5,6,7,8,9,10,11,12,13,14,15,16,17,18,19,20",5.31773544042658e-05,TRUE,0,0,20,0,20,0,1
"S.EB.b",45,600,0.33,"TRUE","TRUE","FALSE","20.1440698617525","18.0005148090292","2.1435550527233","14.366","0.469","1.313","1,2,3,4,5,6,7,8,9,10,11,12,13,14,15,16,17,18,19,20",5.79120758412153e-05,TRUE,0,0,20,0,20,0,1
"S.EB.b",46,600,0.33,"TRUE","TRUE","FALSE","20.1869440525039","20.0005255740151","0.186418478488801","14.9","0.44","1.206","1,2,3,4,5,6,7,8,9,10,11,12,13,14,15,16,17,18,19,20",6.21625627073631e-05,TRUE,0,0,20,0,20,0,1
"S.EB.b",47,600,0.33,"TRUE","TRUE","FALSE","20.1227056144573","20.0001880724097","0.122517542047648","14.361","0.448","1.281","1,2,3,4,5,6,7,8,9,10,11,12,13,14,15,16,17,18,19,20",9.22433680355492e-05,TRUE,0,0,20,0,20,0,1
"S.EB.b",48,600,0.33,"TRUE","TRUE","FALSE","20.0034122913192","19.8735015440282","0.129910747291007","14.109","0.486","1.165","1,2,3,4,5,6,7,8,9,10,11,12,13,14,15,16,17,18,19,20",7.64673752339162e-05,TRUE,0,0,20,0,20,0,1
"S.EB.b",49,600,0.33,"TRUE","TRUE","FALSE","20.1649528609124","20.0008472618576","0.164105599054872","14.588","0.451","1.316","1,2,3,4,5,6,7,8,9,10,11,12,13,14,15,16,17,18,19,20,30",0.000110136878297201,FALSE,1,0,21,1,20,0.0476190476190476,1
"S.EB.b",5,600,0.33,"TRUE","TRUE","FALSE","20.7897777345616","19.9999346534081","0.789843081153506","18.656","0.506","1.451","1,2,3,4,5,6,7,8,9,10,11,12,13,14,15,16,17,18,19,20,492",0.000122069009723561,FALSE,1,0,21,1,20,0.0476190476190476,1
"S.EB.b",50,600,0.33,"TRUE","TRUE","FALSE","20.2654924694539","19.0004262758546","1.26506619359927","15.212","0.472","1.149","1,2,3,4,5,6,7,8,9,10,11,12,13,14,15,16,17,18,19,20",5.68968820940733e-05,TRUE,0,0,20,0,20,0,1
"S.EB.b",51,600,0.33,"TRUE","TRUE","FALSE","20.2187371402702","18.0002302429458","2.21850689732434","14.893","0.463","1.324","1,2,3,4,5,6,7,8,9,10,11,12,13,14,15,16,17,18,19,20",5.90349872815251e-05,TRUE,0,0,20,0,20,0,1
"S.EB.b",52,600,0.33,"TRUE","TRUE","FALSE","19.9613565990273","18.665656040013","1.29570055901425","16.388","0.474","1.307","1,2,3,4,5,6,7,8,9,10,11,12,13,14,15,16,17,18,19,20",4.58057033387463e-05,TRUE,0,0,20,0,20,0,1
"S.EB.b",53,600,0.33,"TRUE","TRUE","FALSE","20.1269441902414","19.9977461418104","0.129198048431001","14.188","0.464","1.282","1,2,3,4,5,6,7,8,9,10,11,12,13,14,15,16,17,18,19,20",0.000100043365278569,TRUE,0,0,20,0,20,0,1
"S.EB.b",54,600,0.33,"TRUE","TRUE","FALSE","20.1009180005376","18.9987010280581","1.10221697247955","13.35","0.45","1.29","1,2,3,4,5,6,7,8,9,10,11,12,13,14,15,16,17,18,19,20",5.13832719413643e-05,TRUE,0,0,20,0,20,0,1
"S.EB.b",55,600,0.33,"TRUE","TRUE","FALSE","20.1262917459673","19.9948232979149","0.131468448052362","14.277","0.455","1.28","1,2,3,4,5,6,7,8,9,10,11,12,13,14,15,16,17,18,19,20",5.21615856193796e-05,TRUE,0,0,20,0,20,0,1
"S.EB.b",56,600,0.33,"TRUE","TRUE","FALSE","19.6075496073174","19.5088965549682","0.0986530523492158","13.828","0.454","1.208","1,2,3,4,5,6,7,8,9,10,11,12,13,14,15,16,17,18,19,20",5.33203680847042e-05,TRUE,0,0,20,0,20,0,1
"S.EB.b",57,600,0.33,"TRUE","TRUE","FALSE","20.1909865077958","19.0004140999773","1.19057240781851","14.816","0.45","1.256","1,2,3,4,5,6,7,8,9,10,11,12,13,14,15,16,17,18,19,20",5.94090740652412e-05,TRUE,0,0,20,0,20,0,1
"S.EB.b",58,600,0.33,"TRUE","TRUE","FALSE","20.2223874222881","20.0008045151896","0.221582907098562","14.988","0.442","1.227","1,2,3,4,5,6,7,8,9,10,11,12,13,14,15,16,17,18,19,20,29",6.95524386347326e-05,FALSE,1,0,21,1,20,0.0476190476190476,1
"S.EB.b",59,600,0.33,"TRUE","TRUE","FALSE","20.0411863264114","19.8919224938914","0.149263832519921","15.123","0.524","1.389","1,2,3,4,5,6,7,8,9,10,11,12,13,14,15,16,17,18,19,20,23",9.22465943964851e-05,FALSE,1,0,21,1,20,0.0476190476190476,1
"S.EB.b",6,600,0.33,"TRUE","TRUE","FALSE","20.1215575343645","18.999970527333","1.12158700703157","13.655","0.456","1.29","1,2,3,4,5,6,7,8,9,10,11,12,13,14,15,16,17,18,19,20",8.61630979983126e-05,TRUE,0,0,20,0,20,0,1
"S.EB.b",60,600,0.33,"TRUE","TRUE","FALSE","20.1153533315206","19.0005748679251","1.11477846359547","13.466","0.45","1.24","1,2,3,4,5,6,7,8,9,10,11,12,13,14,15,16,17,18,19,20",2.33797456855011e-05,TRUE,0,0,20,0,20,0,1
"S.EB.b",61,600,0.33,"TRUE","TRUE","FALSE","20.1009630442768","19.0008096574804","1.10015338679641","13.658","0.447","1.275","1,2,3,4,5,6,7,8,9,10,11,12,13,14,15,16,17,18,19,20",8.59844557782407e-05,TRUE,0,0,20,0,20,0,1
"S.EB.b",62,600,0.33,"TRUE","TRUE","FALSE","20.0085085242845","19.8895323202982","0.118976203986322","14.774","0.442","1.251","1,2,3,4,5,6,7,8,9,10,11,12,13,14,15,16,17,18,19,20",6.40778328488403e-05,TRUE,0,0,20,0,20,0,1
"S.EB.b",63,600,0.33,"TRUE","TRUE","FALSE","20.1657759987756","20.0006489711445","0.165127027631102","14.633","0.466","1.208","1,2,3,4,5,6,7,8,9,10,11,12,13,14,15,16,17,18,19,20",7.7543249310224e-05,TRUE,0,0,20,0,20,0,1
"S.EB.b",64,600,0.33,"TRUE","TRUE","FALSE","19.6791275651924","19.5793138144721","0.0998137507202514","15.098","0.474","1.269","1,2,3,4,5,6,7,8,9,10,11,12,13,14,15,16,17,18,19,20,31",7.86618390470158e-05,FALSE,1,0,21,1,20,0.0476190476190476,1
"S.EB.b",65,600,0.33,"TRUE","TRUE","FALSE","20.1001507990746","18.9966236785656","1.10352712050895","13.752","0.445","1.231","1,2,3,4,5,6,7,8,9,10,11,12,13,14,15,16,17,18,19,20",6.25179760596249e-05,TRUE,0,0,20,0,20,0,1
"S.EB.b",66,600,0.33,"TRUE","TRUE","FALSE","20.1112395909925","20.0010121904909","0.110227400501593","13.714","0.444","1.204","1,2,3,4,5,6,7,8,9,10,11,12,13,14,15,16,17,18,19,20,40",0.000130257558148304,FALSE,1,0,21,1,20,0.0476190476190476,1
"S.EB.b",67,600,0.33,"TRUE","TRUE","FALSE","20.0984262869949","19.0011265447382","1.09729974225673","14.098","0.472","1.331","1,2,3,4,5,6,7,8,9,10,11,12,13,14,15,16,17,18,19,20",5.81723299112682e-05,TRUE,0,0,20,0,20,0,1
"S.EB.b",68,600,0.33,"TRUE","TRUE","FALSE","20.2251696629371","19.0005206093204","1.22464905361672","15.534","0.492","1.51","1,2,3,4,5,6,7,8,9,10,11,12,13,14,15,16,17,18,19,20",6.58109402244362e-05,TRUE,0,0,20,0,20,0,1
"S.EB.b",69,600,0.33,"TRUE","TRUE","FALSE","20.1158027017945","19.0003264554377","1.11547624635677","14.554","0.467","1.361","1,2,3,4,5,6,7,8,9,10,11,12,13,14,15,16,17,18,19,20",6.02082696813128e-05,TRUE,0,0,20,0,20,0,1
"S.EB.b",7,600,0.33,"TRUE","TRUE","FALSE","20.1263447118663","20.000372909951","0.125971801915312","13.591","0.451","1.285","1,2,3,4,5,6,7,8,9,10,11,12,13,14,15,16,17,18,19,20",6.83052433591998e-05,TRUE,0,0,20,0,20,0,1
"S.EB.b",70,600,0.33,"TRUE","TRUE","FALSE","19.9406718884061","19.8401616172618","0.100510271144288","14.181","0.475","1.347","1,2,3,4,5,6,7,8,9,10,11,12,13,14,15,16,17,18,19,20,21",7.36105381922384e-05,FALSE,1,0,21,1,20,0.0476190476190476,1
"S.EB.b",71,600,0.33,"TRUE","TRUE","FALSE","20.1275253315321","19.000923948634","1.12660138289814","14.299","0.454","1.193","1,2,3,4,5,6,7,8,9,10,11,12,13,14,15,16,17,18,19,20,40",8.07103312058175e-05,FALSE,1,0,21,1,20,0.0476190476190476,1
"S.EB.b",72,600,0.33,"TRUE","TRUE","FALSE","20.0962579740133","19.0004337048396","1.09582426917374","13.874","0.453","1.186","1,2,3,4,5,6,7,8,9,10,11,12,13,14,15,16,17,18,19,20",9.81063436650222e-05,TRUE,0,0,20,0,20,0,1
"S.EB.b",73,600,0.33,"TRUE","TRUE","FALSE","19.5447205278531","18.4388636648531","1.10585686300002","14.624","0.435","1.123","1,2,3,4,5,6,7,8,9,10,11,12,13,14,15,16,17,18,19,20",0.000134454356533266,TRUE,0,0,20,0,20,0,1
"S.EB.b",74,600,0.33,"TRUE","TRUE","FALSE","20.6501344548261","19.9617081496321","0.688426305193996","16.5","0.488","1.457","1,2,3,4,5,6,7,8,9,10,11,12,13,14,15,16,17,18,19,20",8.4893877558322e-05,TRUE,0,0,20,0,20,0,1
"S.EB.b",75,600,0.33,"TRUE","TRUE","FALSE","20.0753807463123","19.97725261616","0.0981281301523283","13.937","0.463","1.243","1,2,3,4,5,6,7,8,9,10,11,12,13,14,15,16,17,18,19,20",5.60873280269077e-05,TRUE,0,0,20,0,20,0,1
"S.EB.b",76,600,0.33,"TRUE","TRUE","FALSE","20.1253568764787","19.0003104182658","1.12504645821287","14.278","0.48","1.357","1,2,3,4,5,6,7,8,9,10,11,12,13,14,15,16,17,18,19,20",9.99693830935533e-05,TRUE,0,0,20,0,20,0,1
"S.EB.b",77,600,0.33,"TRUE","TRUE","FALSE","20.5738649966425","20.0004577220052","0.57340727463733","16.263","0.464","1.4","1,2,3,4,5,6,7,8,9,10,11,12,13,14,15,16,17,18,19,20",9.98574683061745e-05,TRUE,0,0,20,0,20,0,1
"S.EB.b",78,600,0.33,"TRUE","TRUE","FALSE","20.1345342514488","19.0005165461061","1.13401770534271","14.032","0.461","1.242","1,2,3,4,5,6,7,8,9,10,11,12,13,14,15,16,17,18,19,20",9.01367034467087e-05,TRUE,0,0,20,0,20,0,1
"S.EB.b",79,600,0.33,"TRUE","TRUE","FALSE","20.0199161605781","18.9193057472376","1.10061041334059","13.268","0.457","1.229","1,2,3,4,5,6,7,8,9,10,11,12,13,14,15,16,17,18,19,20",8.41271560936268e-05,TRUE,0,0,20,0,20,0,1
"S.EB.b",8,600,0.33,"TRUE","TRUE","FALSE","20.1306219823089","19.0001826363328","1.13043934597611","14.373","0.437","1.133","1,2,3,4,5,6,7,8,9,10,11,12,13,14,15,16,17,18,19,20",4.73679742250466e-05,TRUE,0,0,20,0,20,0,1
"S.EB.b",80,600,0.33,"TRUE","TRUE","FALSE","20.1091897792505","19.0007539564615","1.10843582278899","14.098","0.454","1.234","1,2,3,4,5,6,7,8,9,10,11,12,13,14,15,16,17,18,19,20",7.62493715761153e-05,TRUE,0,0,20,0,20,0,1
"S.EB.b",81,600,0.33,"TRUE","TRUE","FALSE","20.0968543586526","19.0003117665798","1.09654259207283","13.747","0.463","1.246","1,2,3,4,5,6,7,8,9,10,11,12,13,14,15,16,17,18,19,20",7.82131898606302e-05,TRUE,0,0,20,0,20,0,1
"S.EB.b",82,600,0.33,"TRUE","TRUE","FALSE","19.5170659206642","17.4280779421156","2.0889879785486","13.713","0.426","1.193","1,2,3,4,5,6,7,8,9,10,11,12,13,14,15,16,17,18,19,20",8.05441897509821e-05,TRUE,0,0,20,0,20,0,1
"S.EB.b",83,600,0.33,"TRUE","TRUE","FALSE","20.1024901414194","19.0005115935896","1.10197854782986","12.996","0.458","1.258","1,2,3,4,5,6,7,8,9,10,11,12,13,14,15,16,17,18,19,20",4.7661823165336e-05,TRUE,0,0,20,0,20,0,1
"S.EB.b",84,600,0.33,"TRUE","TRUE","FALSE","20.1025114509504","19.0002567745822","1.10225467636827","13.51","0.455","1.258","1,2,3,4,5,6,7,8,9,10,11,12,13,14,15,16,17,18,19,20",9.36783967711219e-05,TRUE,0,0,20,0,20,0,1
"S.EB.b",85,600,0.33,"TRUE","TRUE","FALSE","19.7610982685169","18.5661887084666","1.19490956005029","15.506","0.445","1.208","1,2,3,4,5,6,7,8,9,10,11,12,13,14,15,16,17,18,19,20",6.51652203536439e-05,TRUE,0,0,20,0,20,0,1
"S.EB.b",86,600,0.33,"TRUE","TRUE","FALSE","20.1254699886178","19.0004951950532","1.12497479356468","13.505","0.479","1.214","1,2,3,4,5,6,7,8,9,10,11,12,13,14,15,16,17,18,19,20",5.51413755987332e-05,TRUE,0,0,20,0,20,0,1
"S.EB.b",87,600,0.33,"TRUE","TRUE","FALSE","20.1243531101127","18.0000104699991","2.12434264011358","13.994","0.446","1.28","1,2,3,4,5,6,7,8,9,10,11,12,13,14,15,16,17,18,19,20",3.73443275834463e-05,TRUE,0,0,20,0,20,0,1
"S.EB.b",88,600,0.33,"TRUE","TRUE","FALSE","20.4890351727595","19.0007237776573","1.48831139510222","17.042","0.444","1.164","1,2,3,4,5,6,7,8,9,10,11,12,13,14,15,16,17,18,19,20",5.43868194405545e-05,TRUE,0,0,20,0,20,0,1
"S.EB.b",89,600,0.33,"TRUE","TRUE","FALSE","20.1026659909901","20.0004652506233","0.102200740366823","13.837","0.475","1.303","1,2,3,4,5,6,7,8,9,10,11,12,13,14,15,16,17,18,19,20",8.00794635761496e-05,TRUE,0,0,20,0,20,0,1
"S.EB.b",9,600,0.33,"TRUE","TRUE","FALSE","20.1141930292036","19.0002197270336","1.11397330216998","13.668","0.454","1.205","1,2,3,4,5,6,7,8,9,10,11,12,13,14,15,16,17,18,19,20",5.55915927130054e-05,TRUE,0,0,20,0,20,0,1
"S.EB.b",90,600,0.33,"TRUE","TRUE","FALSE","20.0919430169898","19.0005271767511","1.09141584023866","12.984","0.478","1.177","1,2,3,4,5,6,7,8,9,10,11,12,13,14,15,16,17,18,19,20",7.81876953663036e-05,TRUE,0,0,20,0,20,0,1
"S.EB.b",91,600,0.33,"TRUE","TRUE","FALSE","20.0902264223499","19.0002318554956","1.08999456685427","13.587","0.456","1.345","1,2,3,4,5,6,7,8,9,10,11,12,13,14,15,16,17,18,19,20",4.84946948563933e-05,TRUE,0,0,20,0,20,0,1
"S.EB.b",92,600,0.33,"TRUE","TRUE","FALSE","20.1079978876545","18.0029786410639","2.10501924659067","13.849","0.447","1.286","1,2,3,4,5,6,7,8,9,10,11,12,13,14,15,16,17,18,19,20,25",0.000117392263174125,FALSE,1,0,21,1,20,0.0476190476190476,1
"S.EB.b",93,600,0.33,"TRUE","TRUE","FALSE","20.1082467762207","19.9533519306209","0.154894845599845","14.78","0.457","1.192","1,2,3,4,5,6,7,8,9,10,11,12,13,14,15,16,17,18,19,20",5.99992652036078e-05,TRUE,0,0,20,0,20,0,1
"S.EB.b",94,600,0.33,"TRUE","TRUE","FALSE","20.1819990475247","18.9771053211512","1.20489372637342","14.96","0.469","1.225","1,2,3,4,5,6,7,8,9,10,11,12,13,14,15,16,17,18,19,20",6.96552586178708e-05,TRUE,0,0,20,0,20,0,1
"S.EB.b",95,600,0.33,"TRUE","TRUE","FALSE","20.1131072474729","18.0009574131203","2.11214983435257","14.114","0.446","1.234","1,2,3,4,5,6,7,8,9,10,11,12,13,14,15,16,17,18,19,20,37",9.97241313288836e-05,FALSE,1,0,21,1,20,0.0476190476190476,1
"S.EB.b",96,600,0.33,"TRUE","TRUE","FALSE","19.8368319639712","16.6489738190109","3.18785814496032","15.549","0.428","1.162","1,2,3,4,5,6,7,8,9,10,11,12,13,14,15,16,17,18,19,20,39",0.000113979631108163,FALSE,1,0,21,1,20,0.0476190476190476,1
"S.EB.b",97,600,0.33,"TRUE","TRUE","FALSE","20.1319920959635","18.0007699598651","2.13122213609839","14.277","0.447","1.223","1,2,3,4,5,6,7,8,9,10,11,12,13,14,15,16,17,18,19,20",6.56295577827582e-05,TRUE,0,0,20,0,20,0,1
"S.EB.b",98,600,0.33,"TRUE","TRUE","FALSE","20.1137684333541","19.0021965355883","1.11157189776576","14.286","0.49","1.269","1,2,3,4,5,6,7,8,9,10,11,12,13,14,15,16,17,18,19,20,23",9.008885198163e-05,FALSE,1,0,21,1,20,0.0476190476190476,1
"S.EB.b",99,600,0.33,"TRUE","TRUE","FALSE","20.1319893907414","18.0008798614295","2.13110952931184","14.284","0.459","1.309","1,2,3,4,5,6,7,8,9,10,11,12,13,14,15,16,17,18,19,20",5.02129404839105e-05,TRUE,0,0,20,0,20,0,1
"scad.cv",1,600,0.33,"TRUE","TRUE","FALSE","19.4447330819948","18.2930484351788","1.15168464681595","15.288","0.561","1.444","1,2,3,4,5,6,7,8,9,10,11,12,13,14,15,16,17,18,19,20,107,137,257,262,295,315,392,495,501,551,584,595,627,697,739",0.000916785868063898,FALSE,15,0,35,15,20,0.428571428571429,1
"scad.cv",10,600,0.33,"TRUE","TRUE","FALSE","19.4985147143643","19.3624742098218","0.13604050454251","14.831","0.468","1.172","1,2,3,4,5,6,7,8,9,10,11,12,13,14,15,16,17,18,19,20,761,792,854",0.00116681419397649,FALSE,3,0,23,3,20,0.130434782608696,1
"scad.cv",100,600,0.33,"TRUE","TRUE","FALSE","20.2067360995544","19.916732069631","0.290004029923384","16.548","0.425","1.172","2,3,4,5,6,7,8,9,10,11,12,13,14,15,16,17,18,19,20",0.00261996875297726,FALSE,0,1,19,0,19,0,0.95
"scad.cv",11,600,0.33,"TRUE","TRUE","FALSE","20.2815319028013","17.9991164920498","2.28241541075151","15.544","0.555","1.182","1,2,3,4,5,6,7,8,9,10,11,12,13,14,15,16,17,18,19,20",0.00132886521010725,TRUE,0,0,20,0,20,0,1
"scad.cv",12,600,0.33,"TRUE","TRUE","FALSE","20.2564916400703","20.0019967881343","0.254494851936085","15.373","0.466","1.401","1,2,3,4,5,6,7,8,9,10,11,12,13,14,15,16,17,18,19,20,21,38,65,71,159,162,225,295,389,474,571,589,650,663,848,870",0.0008225726862753,FALSE,16,0,36,16,20,0.444444444444444,1
"scad.cv",13,600,0.33,"TRUE","TRUE","FALSE","20.1197108369293","19.0004762105846","1.11923462634472","13.745","0.457","1.357","1,2,3,4,5,6,7,8,9,10,11,12,13,14,15,16,17,18,19,20,71,80,257,400,551,584,610,823",0.0010794199744517,FALSE,8,0,28,8,20,0.285714285714286,1
"scad.cv",14,600,0.33,"TRUE","TRUE","FALSE","20.1205960363854","18.9984673188882","1.12212871749717","13.802","0.431","1.227","1,2,3,4,5,6,7,8,9,10,11,12,13,14,15,16,17,18,19,20,243,501,593,705,761,823",0.000840934735266637,FALSE,6,0,26,6,20,0.230769230769231,1
"scad.cv",15,600,0.33,"TRUE","TRUE","FALSE","20.140717677672","20.0004148144685","0.140302863203452","14.672","0.477","1.333","1,2,3,4,5,6,7,8,9,10,11,12,13,14,15,16,17,18,19,20,66,98,109,266,302,495,500,541,571,584,697,775,786,802,804,847",0.000937255482295193,FALSE,16,0,36,16,20,0.444444444444444,1
"scad.cv",16,600,0.33,"TRUE","TRUE","FALSE","20.1467702724956","20.0003990533859","0.146371219109627","14.063","0.444","1.236","1,2,3,4,5,6,7,8,9,10,11,12,13,14,15,16,17,18,19,20,468,574",0.000790271563057416,FALSE,2,0,22,2,20,0.0909090909090909,1
"scad.cv",17,600,0.33,"TRUE","TRUE","FALSE","20.0275447007704","16.9067325607004","3.12081214007004","14.61","0.458","1.176","1,2,3,4,5,6,7,8,9,10,11,12,13,14,15,16,17,18,19,20",0.00207962570300318,TRUE,0,0,20,0,20,0,1
"scad.cv",18,600,0.33,"TRUE","TRUE","FALSE","20.2468763522211","17.9998486766787","2.24702767554245","14.421","0.501","1.201","1,2,3,4,5,6,7,8,9,10,11,12,13,14,15,16,17,18,19,20",0.00213224519527197,TRUE,0,0,20,0,20,0,1
"scad.cv",19,600,0.33,"TRUE","TRUE","FALSE","20.1111807959226","20.0000463462332","0.111134449689392","13.902","0.43","1.277","1,2,3,4,5,6,7,8,9,10,11,12,13,14,15,16,17,18,19,20,386,556,663",0.00111737473066273,FALSE,3,0,23,3,20,0.130434782608696,1
"scad.cv",2,600,0.33,"TRUE","TRUE","FALSE","20.0843941364448","19.0004082680067","1.08398586843808","13.381","0.47","1.278","1,2,3,4,5,6,7,8,9,10,11,12,13,14,15,16,17,18,19,20,98,163,295,382,428,551,600,725,761",0.00107363870285645,FALSE,9,0,29,9,20,0.310344827586207,1
"scad.cv",20,600,0.33,"TRUE","TRUE","FALSE","20.1451129685685","20.0004812457559","0.144631722812598","13.797","0.454","1.254","1,2,3,4,5,6,7,8,9,10,11,12,13,14,15,16,17,18,19,20,366,405,500,621,686,864",0.00079793818125857,FALSE,6,0,26,6,20,0.230769230769231,1
"scad.cv",21,600,0.33,"TRUE","TRUE","FALSE","20.1686343799436","19.000568814368","1.16806556557557","14.57","0.454","1.17","1,2,3,4,5,6,7,8,9,10,11,12,13,14,15,16,17,18,19,20,75,616",0.000773078259331562,FALSE,2,0,22,2,20,0.0909090909090909,1
"scad.cv",22,600,0.33,"TRUE","TRUE","FALSE","20.1061716781545","20.0012330216769","0.104938656477587","13.721","0.459","1.285","1,2,3,4,5,6,7,8,9,10,11,12,13,14,15,16,17,18,19,20,33,584,802",0.000938524106460421,FALSE,3,0,23,3,20,0.130434782608696,1
"scad.cv",23,600,0.33,"TRUE","TRUE","FALSE","19.6172382286285","18.4775268703048","1.13971135832368","14.863","0.451","1.251","1,2,3,4,5,6,7,8,9,10,11,12,13,14,15,16,17,18,19,20,403,661",0.001014787565447,FALSE,2,0,22,2,20,0.0909090909090909,1
"scad.cv",24,600,0.33,"TRUE","TRUE","FALSE","20.1009635382549","20.0002089849661","0.100754553288827","13.827","0.472","1.326","1,2,3,4,5,6,7,8,9,10,11,12,13,14,15,16,17,18,19,20,435,777,820",0.00096257032891282,FALSE,3,0,23,3,20,0.130434782608696,1
"scad.cv",25,600,0.33,"TRUE","TRUE","FALSE","20.0811260857295","19.9815442598175","0.0995818259119392","13.933","0.468","1.433","1,2,3,4,5,6,7,8,9,10,11,12,13,14,15,16,17,18,19,20,38,85,766",0.00137631118731473,FALSE,3,0,23,3,20,0.130434782608696,1
"scad.cv",26,600,0.33,"TRUE","TRUE","FALSE","20.1401849221133","18.0005765522086","2.13960836990462","14.176","0.444","1.246","1,2,3,4,5,6,7,8,9,10,11,12,13,14,15,16,17,18,19,20,85,302,500,606,608,766,792",0.00128406664853052,FALSE,7,0,27,7,20,0.259259259259259,1
"scad.cv",27,600,0.33,"TRUE","TRUE","FALSE","20.14209809025","19.0003577940413","1.14174029620866","14.073","0.505","1.247","1,2,3,4,5,6,7,8,9,10,11,12,13,14,15,16,17,18,19,20,381",0.00136233119548491,FALSE,1,0,21,1,20,0.0476190476190476,1
"scad.cv",28,600,0.33,"TRUE","TRUE","FALSE","20.1134753228481","19.0008690621358","1.11260626071224","13.28","0.469","1.25","1,2,3,4,5,6,7,8,9,10,11,12,13,14,15,16,17,18,19,20,164,206,216,384,584,855",0.00108957307522527,FALSE,6,0,26,6,20,0.230769230769231,1
"scad.cv",29,600,0.33,"TRUE","TRUE","FALSE","20.1120781067225","19.0007033601621","1.11137474656035","13.764","0.467","1.281","1,2,3,4,5,6,7,8,9,10,11,12,13,14,15,16,17,18,19,20,230,571,627,902",0.00104492710088367,FALSE,4,0,24,4,20,0.166666666666667,1
"scad.cv",3,600,0.33,"TRUE","TRUE","FALSE","20.0734808138735","18.957401948857","1.11607886501652","14.469","0.458","1.35","1,2,3,4,5,6,7,8,9,10,11,12,13,14,15,16,17,18,19,20,317,409,414,418,501,520,761,885",0.00103935026550196,FALSE,8,0,28,8,20,0.285714285714286,1
"scad.cv",30,600,0.33,"TRUE","TRUE","FALSE","19.1248327087793","18.0011564558915","1.12367625288781","13.134","0.461","1.266","2,3,4,5,6,7,8,9,10,11,12,13,14,15,16,17,18,19,20,490,551,650,702,763,766,795",0.00146919688090768,FALSE,7,1,26,7,19,0.269230769230769,0.95
"scad.cv",31,600,0.33,"TRUE","TRUE","FALSE","19.4039519677187","19.2667825856455","0.137169382073191","15.043","0.45","1.187","2,3,4,5,6,7,8,9,10,11,12,13,14,15,16,17,18,19,20",0.0021999343243463,FALSE,0,1,19,0,19,0,0.95
"scad.cv",32,600,0.33,"TRUE","TRUE","FALSE","20.2401891986263","20.0006831269066","0.239506071719723","15.268","0.449","1.292","1,2,3,4,5,6,7,8,9,10,11,12,13,14,15,16,17,18,19,20,216,325,500,522,536,564,619,674,708,743,761",0.000920913997303142,FALSE,11,0,31,11,20,0.354838709677419,1
"scad.cv",33,600,0.33,"TRUE","TRUE","FALSE","20.1123369290908","19.0001616090647","1.11217532002609","14.441","0.469","1.269","1,2,3,4,5,6,7,8,9,10,11,12,13,14,15,16,17,18,19,20",0.00276972324170863,TRUE,0,0,20,0,20,0,1
"scad.cv",34,600,0.33,"TRUE","TRUE","FALSE","20.0899228498301","18.9962936259493","1.09362922388083","14.041","0.537","1.371","1,2,3,4,5,6,7,8,9,10,11,12,13,14,15,16,17,18,19,20",0.00271667346901611,TRUE,0,0,20,0,20,0,1
"scad.cv",35,600,0.33,"TRUE","TRUE","FALSE","20.1016749598494","20.0017119587601","0.099963001089258","14.335","0.521","1.283","1,2,3,4,5,6,7,8,9,10,11,12,13,14,15,16,17,18,19,20,31,66,143,319,608,623,639,653,884",0.000708670469281368,FALSE,9,0,29,9,20,0.310344827586207,1
"scad.cv",36,600,0.33,"TRUE","TRUE","FALSE","20.1288293134958","18.9971262033353","1.13170311016047","14.147","0.441","1.223","1,2,3,4,5,6,7,8,9,10,11,12,13,14,15,16,17,18,19,20",0.00230851364225965,TRUE,0,0,20,0,20,0,1
"scad.cv",37,600,0.33,"TRUE","TRUE","FALSE","20.1157820613392","19.0004930962225","1.11528896511669","14.17","0.433","1.238","1,2,3,4,5,6,7,8,9,10,11,12,13,14,15,16,17,18,19,20,184,524,612,640",0.000907813559950162,FALSE,4,0,24,4,20,0.166666666666667,1
"scad.cv",38,600,0.33,"TRUE","TRUE","FALSE","20.1301542847743","20.0005198795494","0.129634405224857","14.397","0.478","1.237","1,2,3,4,5,6,7,8,9,10,11,12,13,14,15,16,17,18,19,20,98,280,388,517,571,639,686,881,884",0.000674761771308045,FALSE,9,0,29,9,20,0.310344827586207,1
"scad.cv",39,600,0.33,"TRUE","TRUE","FALSE","20.1585951050723","19.0022317591606","1.15636334591173","14.194","0.461","1.352","1,2,3,4,5,6,7,8,9,10,11,12,13,14,15,16,17,18,19,20,57,143,257,486,500,576,594,725",0.00100450844122287,FALSE,8,0,28,8,20,0.285714285714286,1
"scad.cv",4,600,0.33,"TRUE","TRUE","FALSE","20.179300770611","17.993274141322","2.18602662928907","14.555","0.459","1.326","1,2,3,4,5,6,7,8,9,10,11,12,13,14,15,16,17,18,19,20,221,257,364,472,500,688,702,767",0.00130382915196727,FALSE,8,0,28,8,20,0.285714285714286,1
"scad.cv",40,600,0.33,"TRUE","TRUE","FALSE","19.9847673564155","18.8869305315485","1.09783682486695","13.544","0.461","1.28","2,3,4,5,6,7,8,9,10,11,12,13,14,15,16,17,18,19,20",0.00173114055697693,FALSE,0,1,19,0,19,0,0.95
"scad.cv",41,600,0.33,"TRUE","TRUE","FALSE","20.1649434989496","18.0002953279649","2.1646481709847","14.48","0.453","1.219","1,2,3,4,5,6,7,8,9,10,11,12,13,14,15,16,17,18,19,20",0.00241905540591199,TRUE,0,0,20,0,20,0,1
"scad.cv",42,600,0.33,"TRUE","TRUE","FALSE","20.1059861918101","16.9994137741968","3.10657241761333","14.241","0.464","1.281","1,2,3,4,5,6,7,8,9,10,11,12,13,14,15,16,17,18,19,20,485,584,602",0.00081196141378322,FALSE,3,0,23,3,20,0.130434782608696,1
"scad.cv",43,600,0.33,"TRUE","TRUE","FALSE","19.7466591359613","18.6278549295494","1.11880420641193","14.282","0.447","1.256","1,2,3,4,5,6,7,8,9,10,11,12,13,14,15,16,17,18,19,20,80,436,551,777,902",0.000951756156874568,FALSE,5,0,25,5,20,0.2,1
"scad.cv",44,600,0.33,"TRUE","TRUE","FALSE","20.0978534417838","20.0003279533362","0.0975254884475703","14","0.46","1.337","1,2,3,4,5,6,7,8,9,10,11,12,13,14,15,16,17,18,19,20,163,257,589,802,820",0.00114111023198679,FALSE,5,0,25,5,20,0.2,1
"scad.cv",45,600,0.33,"TRUE","TRUE","FALSE","20.1440698617525","18.0005148090292","2.1435550527233","14.366","0.469","1.313","1,2,3,4,5,6,7,8,9,10,11,12,13,14,15,16,17,18,19,20,98,257,443,588,655,766,820",0.000883591721828753,FALSE,7,0,27,7,20,0.259259259259259,1
"scad.cv",46,600,0.33,"TRUE","TRUE","FALSE","20.1869440525039","20.0005255740151","0.186418478488801","14.9","0.44","1.206","1,2,3,4,5,6,7,8,9,10,11,12,13,14,15,16,17,18,19,20",0.00238261410488764,TRUE,0,0,20,0,20,0,1
"scad.cv",47,600,0.33,"TRUE","TRUE","FALSE","20.1227056144573","20.0001880724097","0.122517542047648","14.361","0.448","1.281","1,2,3,4,5,6,7,8,9,10,11,12,13,14,15,16,17,18,19,20,81,198,363,447,485,495,551,627,645,726,861",0.00104869583307119,FALSE,11,0,31,11,20,0.354838709677419,1
"scad.cv",48,600,0.33,"TRUE","TRUE","FALSE","20.0034122913192","19.8735015440282","0.129910747291007","14.109","0.486","1.165","1,2,3,4,5,6,7,8,9,10,11,12,13,14,15,16,17,18,19,20,257,792",0.00122871785745855,FALSE,2,0,22,2,20,0.0909090909090909,1
"scad.cv",49,600,0.33,"TRUE","TRUE","FALSE","20.1649528609124","20.0008472618576","0.164105599054872","14.588","0.451","1.316","1,2,3,4,5,6,7,8,9,10,11,12,13,14,15,16,17,18,19,20,30,342,366,651,697,792,804",0.00120736141876595,FALSE,7,0,27,7,20,0.259259259259259,1
"scad.cv",5,600,0.33,"TRUE","TRUE","FALSE","20.7897777345616","19.9999346534081","0.789843081153506","18.656","0.506","1.451","1,2,3,4,5,6,7,8,9,10,11,12,13,14,15,16,17,18,19,20",0.00234930872867716,TRUE,0,0,20,0,20,0,1
"scad.cv",50,600,0.33,"TRUE","TRUE","FALSE","20.2654924694539","19.0004262758546","1.26506619359927","15.212","0.472","1.149","1,2,3,4,5,6,7,8,9,10,11,12,13,14,15,16,17,18,19,20,861",0.00096082684409019,FALSE,1,0,21,1,20,0.0476190476190476,1
"scad.cv",51,600,0.33,"TRUE","TRUE","FALSE","20.2187371402702","18.0002302429458","2.21850689732434","14.893","0.463","1.324","1,2,3,4,5,6,7,8,9,10,11,12,13,14,15,16,17,18,19,20,163,177,539,551,575,580,602,663,667,761,762,791",0.0010335937997121,FALSE,12,0,32,12,20,0.375,1
"scad.cv",52,600,0.33,"TRUE","TRUE","FALSE","19.9613565990273","18.665656040013","1.29570055901425","16.388","0.474","1.307","1,2,3,4,5,6,7,8,9,10,11,12,13,14,15,16,17,18,19,20,21,66,178,234,243,277,381,400,551,595,614,618,653,673,684,688,739,740,792,795,823,828",0.00106474380215222,FALSE,22,0,42,22,20,0.523809523809524,1
"scad.cv",53,600,0.33,"TRUE","TRUE","FALSE","20.1269441902414","19.9977461418104","0.129198048431001","14.188","0.464","1.282","1,2,3,4,5,6,7,8,9,10,11,12,13,14,15,16,17,18,19,20,225,344,392,439,485,661,869,879",0.000789128747227677,FALSE,8,0,28,8,20,0.285714285714286,1
"scad.cv",54,600,0.33,"TRUE","TRUE","FALSE","20.1009180005376","18.9987010280581","1.10221697247955","13.35","0.45","1.29","1,2,3,4,5,6,7,8,9,10,11,12,13,14,15,16,17,18,19,20,146,688,740,758,807",0.0013567953151603,FALSE,5,0,25,5,20,0.2,1
"scad.cv",55,600,0.33,"TRUE","TRUE","FALSE","20.1262917459673","19.9948232979149","0.131468448052362","14.277","0.455","1.28","1,2,3,4,5,6,7,8,9,10,11,12,13,14,15,16,17,18,19,20,265,307,341,723,791",0.000904484260124259,FALSE,5,0,25,5,20,0.2,1
"scad.cv",56,600,0.33,"TRUE","TRUE","FALSE","19.6075496073174","19.5088965549682","0.0986530523492158","13.828","0.454","1.208","2,3,4,5,6,7,8,9,10,11,12,13,14,15,16,17,18,19,20",0.00207914392318087,FALSE,0,1,19,0,19,0,0.95
"scad.cv",57,600,0.33,"TRUE","TRUE","FALSE","20.1909865077958","19.0004140999773","1.19057240781851","14.816","0.45","1.256","1,2,3,4,5,6,7,8,9,10,11,12,13,14,15,16,17,18,19,20,84,90,113,149,164,225,286,688",0.000863168068835954,FALSE,8,0,28,8,20,0.285714285714286,1
"scad.cv",58,600,0.33,"TRUE","TRUE","FALSE","20.2223874222881","20.0008045151896","0.221582907098562","14.988","0.442","1.227","1,2,3,4,5,6,7,8,9,10,11,12,13,14,15,16,17,18,19,20",0.00239993952161443,TRUE,0,0,20,0,20,0,1
"scad.cv",59,600,0.33,"TRUE","TRUE","FALSE","20.0411863264114","19.8919224938914","0.149263832519921","15.123","0.524","1.389","1,2,3,4,5,6,7,8,9,10,11,12,13,14,15,16,17,18,19,20,57,279,408,418,640,684,725,734,861",0.00102530855568942,FALSE,9,0,29,9,20,0.310344827586207,1
"scad.cv",6,600,0.33,"TRUE","TRUE","FALSE","20.1215575343645","18.999970527333","1.12158700703157","13.655","0.456","1.29","1,2,3,4,5,6,7,8,9,10,11,12,13,14,15,16,17,18,19,20",0.00258558625973128,TRUE,0,0,20,0,20,0,1
"scad.cv",60,600,0.33,"TRUE","TRUE","FALSE","20.1153533315206","19.0005748679251","1.11477846359547","13.466","0.45","1.24","1,2,3,4,5,6,7,8,9,10,11,12,13,14,15,16,17,18,19,20,81,409,495,584,798",0.00102179692196877,FALSE,5,0,25,5,20,0.2,1
"scad.cv",61,600,0.33,"TRUE","TRUE","FALSE","20.1009630442768","19.0008096574804","1.10015338679641","13.658","0.447","1.275","1,2,3,4,5,6,7,8,9,10,11,12,13,14,15,16,17,18,19,20,275,495,608,856",0.00084040847222263,FALSE,4,0,24,4,20,0.166666666666667,1
"scad.cv",62,600,0.33,"TRUE","TRUE","FALSE","20.0085085242845","19.8895323202982","0.118976203986322","14.774","0.442","1.251","1,2,3,4,5,6,7,8,9,10,11,12,13,14,15,16,17,18,19,20,89,317,344,639,697",0.000904797866496498,FALSE,5,0,25,5,20,0.2,1
"scad.cv",63,600,0.33,"TRUE","TRUE","FALSE","20.1657759987756","20.0006489711445","0.165127027631102","14.633","0.466","1.208","1,2,3,4,5,6,7,8,9,10,11,12,13,14,15,16,17,18,19,20",0.00236403427457559,TRUE,0,0,20,0,20,0,1
"scad.cv",64,600,0.33,"TRUE","TRUE","FALSE","19.6791275651924","19.5793138144721","0.0998137507202514","15.098","0.474","1.269","2,3,4,5,6,7,8,9,10,11,12,13,14,15,16,17,18,19,20",0.00270644987829016,FALSE,0,1,19,0,19,0,0.95
"scad.cv",65,600,0.33,"TRUE","TRUE","FALSE","20.1001507990746","18.9966236785656","1.10352712050895","13.752","0.445","1.231","1,2,3,4,5,6,7,8,9,10,11,12,13,14,15,16,17,18,19,20,181,740,761,764",0.00113504022416371,FALSE,4,0,24,4,20,0.166666666666667,1
"scad.cv",66,600,0.33,"TRUE","TRUE","FALSE","20.1112395909925","20.0010121904909","0.110227400501593","13.714","0.444","1.204","1,2,3,4,5,6,7,8,9,10,11,12,13,14,15,16,17,18,19,20,141,403,585,640,663,688",0.00122570328099431,FALSE,6,0,26,6,20,0.230769230769231,1
"scad.cv",67,600,0.33,"TRUE","TRUE","FALSE","20.0984262869949","19.0011265447382","1.09729974225673","14.098","0.472","1.331","1,2,3,4,5,6,7,8,9,10,11,12,13,14,15,16,17,18,19,20,400,501,603,766",0.000904228672735997,FALSE,4,0,24,4,20,0.166666666666667,1
"scad.cv",68,600,0.33,"TRUE","TRUE","FALSE","20.2251696629371","19.0005206093204","1.22464905361672","15.534","0.492","1.51","1,2,3,4,5,6,7,8,9,10,11,12,13,14,15,16,17,18,19,20",0.00218034566883939,TRUE,0,0,20,0,20,0,1
"scad.cv",69,600,0.33,"TRUE","TRUE","FALSE","20.1158027017945","19.0003264554377","1.11547624635677","14.554","0.467","1.361","1,2,3,4,5,6,7,8,9,10,11,12,13,14,15,16,17,18,19,20",0.00176817611871457,TRUE,0,0,20,0,20,0,1
"scad.cv",7,600,0.33,"TRUE","TRUE","FALSE","20.1263447118663","20.000372909951","0.125971801915312","13.591","0.451","1.285","1,2,3,4,5,6,7,8,9,10,11,12,13,14,15,16,17,18,19,20",0.00235866531276539,TRUE,0,0,20,0,20,0,1
"scad.cv",70,600,0.33,"TRUE","TRUE","FALSE","19.9406718884061","19.8401616172618","0.100510271144288","14.181","0.475","1.347","2,3,4,5,6,7,8,9,10,11,12,13,14,15,16,17,18,19,20",0.00206294193413201,FALSE,0,1,19,0,19,0,0.95
"scad.cv",71,600,0.33,"TRUE","TRUE","FALSE","20.1275253315321","19.000923948634","1.12660138289814","14.299","0.454","1.193","1,2,3,4,5,6,7,8,9,10,11,12,13,14,15,16,17,18,19,20,357,551",0.000786283085116581,FALSE,2,0,22,2,20,0.0909090909090909,1
"scad.cv",72,600,0.33,"TRUE","TRUE","FALSE","20.0962579740133","19.0004337048396","1.09582426917374","13.874","0.453","1.186","1,2,3,4,5,6,7,8,9,10,11,12,13,14,15,16,17,18,19,20,589,686",0.000706801903221141,FALSE,2,0,22,2,20,0.0909090909090909,1
"scad.cv",73,600,0.33,"TRUE","TRUE","FALSE","19.5447205278531","18.4388636648531","1.10585686300002","14.624","0.435","1.123","2,3,4,5,6,7,8,9,10,11,12,13,14,15,16,17,18,19,20",0.00210718320941079,FALSE,0,1,19,0,19,0,0.95
"scad.cv",74,600,0.33,"TRUE","TRUE","FALSE","20.6501344548261","19.9617081496321","0.688426305193996","16.5","0.488","1.457","2,3,4,5,6,7,8,9,10,11,12,13,14,15,16,17,18,19,20",0.00254513937734935,FALSE,0,1,19,0,19,0,0.95
"scad.cv",75,600,0.33,"TRUE","TRUE","FALSE","20.0753807463123","19.97725261616","0.0981281301523283","13.937","0.463","1.243","1,2,3,4,5,6,7,8,9,10,11,12,13,14,15,16,17,18,19,20",0.00223572866846331,TRUE,0,0,20,0,20,0,1
"scad.cv",76,600,0.33,"TRUE","TRUE","FALSE","20.1253568764787","19.0003104182658","1.12504645821287","14.278","0.48","1.357","1,2,3,4,5,6,7,8,9,10,11,12,13,14,15,16,17,18,19,20,412",0.00289464419203689,FALSE,1,0,21,1,20,0.0476190476190476,1
"scad.cv",77,600,0.33,"TRUE","TRUE","FALSE","20.5738649966425","20.0004577220052","0.57340727463733","16.263","0.464","1.4","1,2,3,4,5,6,7,8,9,10,11,12,13,14,15,16,17,18,19,20,43,51,123,254,373,584,614,648,688,699,705,732,746,775,795,823",0.00119274296511371,FALSE,16,0,36,16,20,0.444444444444444,1
"scad.cv",78,600,0.33,"TRUE","TRUE","FALSE","20.1345342514488","19.0005165461061","1.13401770534271","14.032","0.461","1.242","1,2,3,4,5,6,7,8,9,10,11,12,13,14,15,16,17,18,19,20,257",0.00141964081872172,FALSE,1,0,21,1,20,0.0476190476190476,1
"scad.cv",79,600,0.33,"TRUE","TRUE","FALSE","20.0199161605781","18.9193057472376","1.10061041334059","13.268","0.457","1.229","2,3,4,5,6,7,8,9,10,11,12,13,14,15,16,17,18,19,20",0.00211421560888734,FALSE,0,1,19,0,19,0,0.95
"scad.cv",8,600,0.33,"TRUE","TRUE","FALSE","20.1306219823089","19.0001826363328","1.13043934597611","14.373","0.437","1.133","1,2,3,4,5,6,7,8,9,10,11,12,13,14,15,16,17,18,19,20",0.000843275673769903,TRUE,0,0,20,0,20,0,1
"scad.cv",80,600,0.33,"TRUE","TRUE","FALSE","20.1091897792505","19.0007539564615","1.10843582278899","14.098","0.454","1.234","1,2,3,4,5,6,7,8,9,10,11,12,13,14,15,16,17,18,19,20,85,98,212,278,500,603,777",0.00110712436306846,FALSE,7,0,27,7,20,0.259259259259259,1
"scad.cv",81,600,0.33,"TRUE","TRUE","FALSE","20.0968543586526","19.0003117665798","1.09654259207283","13.747","0.463","1.246","1,2,3,4,5,6,7,8,9,10,11,12,13,14,15,16,17,18,19,20,234,412,688,761",0.00146476479678249,FALSE,4,0,24,4,20,0.166666666666667,1
"scad.cv",82,600,0.33,"TRUE","TRUE","FALSE","19.5170659206642","17.4280779421156","2.0889879785486","13.713","0.426","1.193","1,2,3,4,5,6,7,8,9,10,11,12,13,14,15,16,17,18,19,20,51,243,551,600,732,761,792",0.00146740375646405,FALSE,7,0,27,7,20,0.259259259259259,1
"scad.cv",83,600,0.33,"TRUE","TRUE","FALSE","20.1024901414194","19.0005115935896","1.10197854782986","12.996","0.458","1.258","1,2,3,4,5,6,7,8,9,10,11,12,13,14,15,16,17,18,19,20,214,257,556",0.00108875340889188,FALSE,3,0,23,3,20,0.130434782608696,1
"scad.cv",84,600,0.33,"TRUE","TRUE","FALSE","20.1025114509504","19.0002567745822","1.10225467636827","13.51","0.455","1.258","1,2,3,4,5,6,7,8,9,10,11,12,13,14,15,16,17,18,19,20,98,134,405,409,551,610,663,766",0.00105326293307765,FALSE,8,0,28,8,20,0.285714285714286,1
"scad.cv",85,600,0.33,"TRUE","TRUE","FALSE","19.7610982685169","18.5661887084666","1.19490956005029","15.506","0.445","1.208","2,3,4,5,6,7,8,9,10,11,12,13,14,15,16,17,18,19,20",0.00337903305340299,FALSE,0,1,19,0,19,0,0.95
"scad.cv",86,600,0.33,"TRUE","TRUE","FALSE","20.1254699886178","19.0004951950532","1.12497479356468","13.505","0.479","1.214","1,2,3,4,5,6,7,8,9,10,11,12,13,14,15,16,17,18,19,20,495,584,598,608",0.00109221235564123,FALSE,4,0,24,4,20,0.166666666666667,1
"scad.cv",87,600,0.33,"TRUE","TRUE","FALSE","20.1243531101127","18.0000104699991","2.12434264011358","13.994","0.446","1.28","1,2,3,4,5,6,7,8,9,10,11,12,13,14,15,16,17,18,19,20,98,212,248,384,600,876",0.000987516990453951,FALSE,6,0,26,6,20,0.230769230769231,1
"scad.cv",88,600,0.33,"TRUE","TRUE","FALSE","20.4890351727595","19.0007237776573","1.48831139510222","17.042","0.444","1.164","1,2,3,4,5,6,7,8,9,10,11,12,13,14,15,16,17,18,19,20,746",0.00113270664584324,FALSE,1,0,21,1,20,0.0476190476190476,1
"scad.cv",89,600,0.33,"TRUE","TRUE","FALSE","20.1026659909901","20.0004652506233","0.102200740366823","13.837","0.475","1.303","1,2,3,4,5,6,7,8,9,10,11,12,13,14,15,16,17,18,19,20,77,143,184,409,425,447,454,551,612,905",0.00118568786122723,FALSE,10,0,30,10,20,0.333333333333333,1
"scad.cv",9,600,0.33,"TRUE","TRUE","FALSE","20.1141930292036","19.0002197270336","1.11397330216998","13.668","0.454","1.205","1,2,3,4,5,6,7,8,9,10,11,12,13,14,15,16,17,18,19,20",0.00216090100868771,TRUE,0,0,20,0,20,0,1
"scad.cv",90,600,0.33,"TRUE","TRUE","FALSE","20.0919430169898","19.0005271767511","1.09141584023866","12.984","0.478","1.177","1,2,3,4,5,6,7,8,9,10,11,12,13,14,15,16,17,18,19,20",0.00097366346042563,TRUE,0,0,20,0,20,0,1
"scad.cv",91,600,0.33,"TRUE","TRUE","FALSE","20.0902264223499","19.0002318554956","1.08999456685427","13.587","0.456","1.345","1,2,3,4,5,6,7,8,9,10,11,12,13,14,15,16,17,18,19,20",0.00289859444108959,TRUE,0,0,20,0,20,0,1
"scad.cv",92,600,0.33,"TRUE","TRUE","FALSE","20.1079978876545","18.0029786410639","2.10501924659067","13.849","0.447","1.286","1,2,3,4,5,6,7,8,9,10,11,12,13,14,15,16,17,18,19,20",0.0021690923068582,TRUE,0,0,20,0,20,0,1
"scad.cv",93,600,0.33,"TRUE","TRUE","FALSE","20.1082467762207","19.9533519306209","0.154894845599845","14.78","0.457","1.192","1,2,3,4,5,6,7,8,9,10,11,12,13,14,15,16,17,18,19,20,98,286,688",0.00129998186853066,FALSE,3,0,23,3,20,0.130434782608696,1
"scad.cv",94,600,0.33,"TRUE","TRUE","FALSE","20.1819990475247","18.9771053211512","1.20489372637342","14.96","0.469","1.225","1,2,3,4,5,6,7,8,9,10,11,12,13,14,15,16,17,18,19,20,263,777,828,902",0.000678136647728385,FALSE,4,0,24,4,20,0.166666666666667,1
"scad.cv",95,600,0.33,"TRUE","TRUE","FALSE","20.1131072474729","18.0009574131203","2.11214983435257","14.114","0.446","1.234","1,2,3,4,5,6,7,8,9,10,11,12,13,14,15,16,17,18,19,20,373,428",0.00118910266053818,FALSE,2,0,22,2,20,0.0909090909090909,1
"scad.cv",96,600,0.33,"TRUE","TRUE","FALSE","19.8368319639712","16.6489738190109","3.18785814496032","15.549","0.428","1.162","1,2,3,4,5,6,7,8,9,10,11,12,13,14,15,16,17,18,19,20,66,317,589",0.00104297249055195,FALSE,3,0,23,3,20,0.130434782608696,1
"scad.cv",97,600,0.33,"TRUE","TRUE","FALSE","20.1319920959635","18.0007699598651","2.13122213609839","14.277","0.447","1.223","1,2,3,4,5,6,7,8,9,10,11,12,13,14,15,16,17,18,19,20",0.001195159971367,TRUE,0,0,20,0,20,0,1
"scad.cv",98,600,0.33,"TRUE","TRUE","FALSE","20.1137684333541","19.0021965355883","1.11157189776576","14.286","0.49","1.269","1,2,3,4,5,6,7,8,9,10,11,12,13,14,15,16,17,18,19,20",0.00267905593915695,TRUE,0,0,20,0,20,0,1
"scad.cv",99,600,0.33,"TRUE","TRUE","FALSE","20.1319893907414","18.0008798614295","2.13110952931184","14.284","0.459","1.309","1,2,3,4,5,6,7,8,9,10,11,12,13,14,15,16,17,18,19,20,66,150,230,290,588,613,792",0.000914306032189067,FALSE,7,0,27,7,20,0.259259259259259,1
