"method","sim","n","betamin","is.true.model.intop.kappa.o","is.true.model.intop.kappa.oplusLASSO","is.s.hat.nan","s.hat","s0.hat","s1.hat","time.l0","time.lasso.cv","time.scad.cv","sel.model","est.mse","recovery","nb.tI.b0","nb.tI.b1","nb.tII.b0","nb.tII.b1","est.size","FP","TP","FDR","power"
"EBIC",1,300,0.33,"FALSE","FALSE","FALSE","16.5856605279689","7.57910987944427","9.00655064852461","0.864","0.084","0.556","2,3,4,5,6,7,8,9,151,152,153,154,155,156,157,158,159",0.00126267175047506,FALSE,0,0,1,0,17,0,17,0,0.944444444444444
"EBIC",10,300,0.33,"TRUE","TRUE","FALSE","16.9581286059069","7.95409011838503","9.00403848752185","0.862","0.077","0.521","1,2,3,4,5,6,7,8,9,151,152,153,154,155,156,157,158,159",0.00054307411349234,TRUE,0,0,0,0,18,0,18,0,1
"EBIC",100,300,0.33,"TRUE","TRUE","FALSE","16.8709108529522","8.1472405932182","8.72367025973395","0.926","0.077","0.555","2,3,4,5,6,7,8,9,151,152,153,154,155,156,157,158,159",0.00115362734805372,FALSE,0,0,1,0,17,0,17,0,0.944444444444444
"EBIC",11,300,0.33,"TRUE","TRUE","FALSE","17.1411107871469","8.13683570454882","9.00427508259807","0.771","0.075","0.543","2,3,4,5,6,7,8,9,151,152,153,154,155,156,157,158,159",0.000628076341145688,FALSE,0,0,1,0,17,0,17,0,0.944444444444444
"EBIC",12,300,0.33,"TRUE","TRUE","FALSE","17.9721346638192","8.96809900538803","9.00403565843116","0.913","0.081","0.515","1,2,3,4,5,6,7,8,9,20,151,152,153,154,155,156,157,158,159",0.0012179201775386,FALSE,1,0,0,0,19,1,18,0.0526315789473684,1
"EBIC",13,300,0.33,"TRUE","TRUE","FALSE","18.0686481592268","9.06267288317245","9.00597527605432","0.841","0.073","0.507","1,2,3,4,5,6,7,8,9,151,152,153,154,155,156,157,158,159",0.00102413813694949,TRUE,0,0,0,0,18,0,18,0,1
"EBIC",14,300,0.33,"TRUE","TRUE","FALSE","16.6617526638616","7.65520407896979","9.00654858489183","0.869","0.074","0.569","2,3,4,5,6,7,8,9,151,152,153,154,155,156,157,158,159",0.000995911170599858,FALSE,0,0,1,0,17,0,17,0,0.944444444444444
"EBIC",15,300,0.33,"TRUE","TRUE","FALSE","17.1300693121282","8.12516869736927","9.00490061475891","0.72","0.072","0.514","2,3,4,5,6,7,8,9,151,152,153,154,155,156,157,158,159",0.00105649182750792,FALSE,0,0,1,0,17,0,17,0,0.944444444444444
"EBIC",16,300,0.33,"TRUE","TRUE","FALSE","17.1379900769322","8.13356032335065","9.00442975358159","0.768","0.074","0.502","2,3,4,5,6,7,8,9,151,152,153,154,155,156,157,158,159",0.000707584604741466,FALSE,0,0,1,0,17,0,17,0,0.944444444444444
"EBIC",17,300,0.33,"TRUE","TRUE","FALSE","17.3292820703337","8.32421041026813","9.00507166006557","0.867","0.078","0.524","1,2,3,4,5,6,7,8,9,151,152,153,154,155,156,157,158,159",0.00111489332442658,TRUE,0,0,0,0,18,0,18,0,1
"EBIC",18,300,0.33,"TRUE","TRUE","FALSE","17.1498980376772","8.13045661698354","9.01944142069362","0.768","0.078","0.582","2,3,4,5,6,7,8,9,151,152,153,154,155,156,157,158,159",0.00102203182571638,FALSE,0,0,1,0,17,0,17,0,0.944444444444444
"EBIC",19,300,0.33,"TRUE","TRUE","FALSE","17.0741046918642","8.06874191964337","9.00536277222084","0.762","0.074","0.529","2,3,4,5,6,7,8,9,151,152,153,154,155,156,157,158,159",0.00103701263739807,FALSE,0,0,1,0,17,0,17,0,0.944444444444444
"EBIC",2,300,0.33,"TRUE","TRUE","FALSE","17.2229570094682","8.21801437877394","9.00494263069425","0.821","0.08","0.526","2,3,4,5,6,7,8,9,57,151,152,153,154,155,156,157,158,159",0.00109546112641874,FALSE,1,0,1,0,18,1,17,0.0555555555555556,0.944444444444444
"EBIC",20,300,0.33,"TRUE","TRUE","FALSE","17.2101156231899","8.20045053481374","9.00966508837616","0.814","0.074","0.55","2,3,4,5,6,7,8,9,151,152,153,154,155,156,157,158,159",0.000811249984297058,FALSE,0,0,1,0,17,0,17,0,0.944444444444444
"EBIC",21,300,0.33,"TRUE","TRUE","FALSE","17.1275130301157","8.11876051405248","9.00875251606321","0.803","0.072","0.509","2,3,4,5,6,7,8,9,151,152,153,154,155,156,157,158,159",0.00116096118605774,FALSE,0,0,1,0,17,0,17,0,0.944444444444444
"EBIC",22,300,0.33,"TRUE","TRUE","FALSE","17.081094725788","8.45025927475891","8.63083545102907","1.23","0.084","0.579","1,2,3,4,5,6,7,8,9,151,152,153,154,155,156,157,158,159",0.0012532891739076,TRUE,0,0,0,0,18,0,18,0,1
"EBIC",23,300,0.33,"TRUE","TRUE","FALSE","17.2618151210126","8.27147096143072","8.99034415958186","0.819","0.076","0.535","1,2,3,4,5,6,7,8,9,151,152,153,154,155,156,157,158,159",0.000915567044655547,TRUE,0,0,0,0,18,0,18,0,1
"EBIC",24,300,0.33,"TRUE","TRUE","FALSE","17.1299055135474","8.12696373623725","9.00294177731016","0.765","0.085","0.578","2,3,4,5,6,7,8,9,151,152,153,154,155,156,157,158,159",0.00111499536015116,FALSE,0,0,1,0,17,0,17,0,0.944444444444444
"EBIC",25,300,0.33,"TRUE","TRUE","FALSE","17.5787908878626","8.57528588007319","9.00350500778937","0.972","0.076","0.574","1,2,3,4,5,6,7,8,9,151,152,153,154,155,156,157,158,159",0.000964946824205675,TRUE,0,0,0,0,18,0,18,0,1
"EBIC",26,300,0.33,"TRUE","TRUE","FALSE","17.5406784637154","8.53747887470067","9.00319958901475","0.898","0.08","0.543","2,3,4,5,6,7,8,9,49,151,152,153,154,155,156,157,158,159",0.00168845992798924,FALSE,1,0,1,0,18,1,17,0.0555555555555556,0.944444444444444
"EBIC",27,300,0.33,"TRUE","TRUE","FALSE","17.1624105613688","8.14975084137783","9.01265971999101","0.783","0.074","0.557","2,3,4,5,6,7,8,9,151,152,153,154,155,156,157,158,159",0.000726661494344792,FALSE,0,0,1,0,17,0,17,0,0.944444444444444
"EBIC",28,300,0.33,"TRUE","TRUE","FALSE","17.2414640628087","8.22205499309926","9.01940906970944","0.862","0.074","0.532","2,3,4,5,6,7,8,9,151,152,153,154,155,156,157,158,159",0.000701179859609665,FALSE,0,0,1,0,17,0,17,0,0.944444444444444
"EBIC",29,300,0.33,"TRUE","TRUE","FALSE","17.3242703623945","8.31969927508392","9.00457108731058","0.86","0.076","0.57","1,2,3,4,5,6,7,8,9,151,152,153,154,155,156,157,158,159",0.00048197781753004,TRUE,0,0,0,0,18,0,18,0,1
"EBIC",3,300,0.33,"TRUE","TRUE","FALSE","18.0633283815332","9.05881178820526","9.00451659332798","0.797","0.08","0.53","1,2,3,4,5,6,7,8,9,151,152,153,154,155,156,157,158,159",0.000631975289947404,TRUE,0,0,0,0,18,0,18,0,1
"EBIC",30,300,0.33,"TRUE","TRUE","FALSE","17.2396788546928","8.23027994659939","9.00939890809339","0.97","0.077","0.629","1,2,3,4,5,6,7,8,9,151,152,153,154,155,156,157,158,159",0.00142513499143095,TRUE,0,0,0,0,18,0,18,0,1
"EBIC",31,300,0.33,"TRUE","TRUE","FALSE","17.7000213649406","8.66516783403541","9.03485353090517","0.962","0.076","0.569","1,2,3,4,5,6,7,8,9,105,151,152,153,154,155,156,157,158,159",0.00163525618919035,FALSE,1,0,0,0,19,1,18,0.0526315789473684,1
"EBIC",32,300,0.33,"TRUE","TRUE","FALSE","17.1421559856114","8.13756632886387","9.00458965674757","0.761","0.078","0.493","2,3,4,5,6,7,8,9,151,152,153,154,155,156,157,158,159",0.000653654454562652,FALSE,0,0,1,0,17,0,17,0,0.944444444444444
"EBIC",33,300,0.33,"TRUE","TRUE","FALSE","17.1238843511267","8.12019114546496","9.00369320566177","0.711","0.079","0.488","2,3,4,5,6,7,8,9,151,152,153,154,155,156,157,158,159",0.00110177775135044,FALSE,0,0,1,0,17,0,17,0,0.944444444444444
"EBIC",34,300,0.33,"TRUE","TRUE","FALSE","17.187827572679","8.18262270420498","9.00520486847399","0.789","0.086","0.579","2,3,4,5,6,7,8,9,151,152,153,154,155,156,157,158,159",0.000587993951145749,FALSE,0,0,1,0,17,0,17,0,0.944444444444444
"EBIC",35,300,0.33,"TRUE","TRUE","FALSE","17.4038523910628","8.39627085736348","9.00758153369933","0.975","0.076","0.522","2,3,4,5,6,7,8,9,39,94,151,152,153,154,155,156,157,158,159",0.00165484943802915,FALSE,2,0,1,0,19,2,17,0.105263157894737,0.944444444444444
"EBIC",36,300,0.33,"TRUE","TRUE","FALSE","17.642187184675","8.63857006901858","9.00361711565646","0.999","0.074","0.524","1,2,3,4,5,6,7,8,9,137,151,152,153,154,155,156,157,158,159",0.00165582905926115,FALSE,1,0,0,0,19,1,18,0.0526315789473684,1
"EBIC",37,300,0.33,"TRUE","TRUE","FALSE","17.2704206846902","8.26373844070412","9.00668224398612","0.96","0.082","0.504","2,3,4,5,6,7,8,9,43,151,152,153,154,155,156,157,158,159",0.00134270235453733,FALSE,1,0,1,0,18,1,17,0.0555555555555556,0.944444444444444
"EBIC",38,300,0.33,"TRUE","TRUE","FALSE","17.2849915912251","8.28090552608513","9.00408606513993","0.858","0.077","0.517","1,2,3,4,5,6,7,8,9,151,152,153,154,155,156,157,158,159",0.000492243656314568,TRUE,0,0,0,0,18,0,18,0,1
"EBIC",39,300,0.33,"TRUE","TRUE","FALSE","17.4061766684554","8.39730199730314","9.00887467115225","0.92","0.078","0.577","1,2,3,4,5,6,7,8,9,48,151,152,153,154,155,156,157,158,159",0.000859558729905812,FALSE,1,0,0,0,19,1,18,0.0526315789473684,1
"EBIC",4,300,0.33,"TRUE","TRUE","FALSE","17.2845095545827","8.26727120584463","9.01723834873805","0.862","0.072","0.524","1,2,3,4,5,6,7,8,9,151,152,153,154,155,156,157,158,159",0.00105816731278594,TRUE,0,0,0,0,18,0,18,0,1
"EBIC",40,300,0.33,"TRUE","TRUE","FALSE","17.1327329499647","8.12656497801215","9.00616797195256","0.741","0.071","0.503","2,3,4,5,6,7,8,9,151,152,153,154,155,156,157,158,159",0.000844716042004307,FALSE,0,0,1,0,17,0,17,0,0.944444444444444
"EBIC",41,300,0.33,"TRUE","TRUE","FALSE","17.2094736976658","8.17599251930663","9.0334811783592","0.842","0.076","0.564","2,3,4,5,6,7,8,9,151,152,153,154,155,156,157,158,159",0.000641901968527049,FALSE,0,0,1,0,17,0,17,0,0.944444444444444
"EBIC",42,300,0.33,"TRUE","TRUE","FALSE","17.1124490946158","8.10905701360503","9.00339208101077","0.725","0.073","0.492","2,3,4,5,6,7,8,9,151,152,153,154,155,156,157,158,159",0.000776955710630203,FALSE,0,0,1,0,17,0,17,0,0.944444444444444
"EBIC",43,300,0.33,"TRUE","TRUE","FALSE","17.3180477494444","8.31084745519706","9.00720029424733","0.874","0.078","0.58","1,2,3,4,5,6,7,8,9,151,152,153,154,155,156,157,158,159",0.000560638387031267,TRUE,0,0,0,0,18,0,18,0,1
"EBIC",44,300,0.33,"TRUE","TRUE","FALSE","17.1497430720351","8.1460939611387","9.00364911089644","0.768","0.073","0.554","2,3,4,5,6,7,8,9,151,152,153,154,155,156,157,158,159",0.000801700725960943,FALSE,0,0,1,0,17,0,17,0,0.944444444444444
"EBIC",45,300,0.33,"TRUE","TRUE","FALSE","17.1238908603998","8.11468926979101","9.00920159060876","0.825","0.076","0.576","2,3,4,5,6,7,8,9,151,152,153,154,155,156,157,158,159",0.000687944452747798,FALSE,0,0,1,0,17,0,17,0,0.944444444444444
"EBIC",46,300,0.33,"TRUE","TRUE","FALSE","16.9085309565698","7.90164813912697","9.00688281744284","1.018","0.078","0.538","2,3,4,5,6,7,8,9,151,152,153,154,155,156,157,158,159",0.000843790226554512,FALSE,0,0,1,0,17,0,17,0,0.944444444444444
"EBIC",47,300,0.33,"TRUE","TRUE","FALSE","17.1661844739113","8.15310131884094","9.01308315507036","0.806","0.075","0.574","2,3,4,5,6,7,8,9,151,152,153,154,155,156,157,158,159",0.0005420703563035,FALSE,0,0,1,0,17,0,17,0,0.944444444444444
"EBIC",48,300,0.33,"TRUE","TRUE","FALSE","17.1088252488418","8.10526110400602","9.00356414483582","0.807","0.076","0.542","2,3,4,5,6,7,8,9,151,152,153,154,155,156,157,158,159",0.0011954374452796,FALSE,0,0,1,0,17,0,17,0,0.944444444444444
"EBIC",49,300,0.33,"TRUE","TRUE","FALSE","16.8160429303521","7.77592269366852","9.0401202366836","1.085","0.082","0.595","2,3,4,5,6,7,8,9,151,152,153,154,155,156,157,158,159",0.000893047870960827,FALSE,0,0,1,0,17,0,17,0,0.944444444444444
"EBIC",5,300,0.33,"TRUE","TRUE","FALSE","17.2160739888522","8.21092230795581","9.00515168089638","0.835","0.082","0.56","2,3,4,5,6,7,8,9,151,152,153,154,155,156,157,158,159",0.000653334393416828,FALSE,0,0,1,0,17,0,17,0,0.944444444444444
"EBIC",50,300,0.33,"TRUE","TRUE","FALSE","17.1766466614684","8.17247626871353","9.00417039275489","0.783","0.07","0.509","2,3,4,5,6,7,8,9,151,152,153,154,155,156,157,158,159",0.000784320272040639,FALSE,0,0,1,0,17,0,17,0,0.944444444444444
"EBIC",51,300,0.33,"TRUE","TRUE","FALSE","17.1974686447623","8.1832561847946","9.0142124599677","0.807","0.08","0.525","2,3,4,5,6,7,8,9,151,152,153,154,155,156,157,158,159",0.000922872622564762,FALSE,0,0,1,0,17,0,17,0,0.944444444444444
"EBIC",52,300,0.33,"TRUE","TRUE","FALSE","17.3491843886658","8.34323264211737","9.00595174654841","1.014","0.079","0.571","2,3,4,5,6,7,8,9,25,58,151,152,153,154,155,156,157,158,159",0.00167290743106168,FALSE,2,0,1,0,19,2,17,0.105263157894737,0.944444444444444
"EBIC",53,300,0.33,"TRUE","TRUE","FALSE","17.3853511905702","8.38324357071824","9.00210761985199","0.982","0.073","0.517","1,2,3,4,5,6,7,8,9,151,152,153,154,155,156,157,158,159",0.000679363449369528,TRUE,0,0,0,0,18,0,18,0,1
"EBIC",54,300,0.33,"TRUE","TRUE","FALSE","17.3366712602355","8.33144557480371","9.0052256854318","0.939","0.076","0.522","1,2,3,4,5,6,7,8,9,32,71,151,152,153,154,155,156,157,158,159",0.00125218207434744,FALSE,2,0,0,0,20,2,18,0.1,1
"EBIC",55,300,0.33,"TRUE","TRUE","FALSE","17.2013914961026","8.19576472113997","9.00562677496267","0.882","0.079","0.552","2,3,4,5,6,7,8,9,151,152,153,154,155,156,157,158,159",0.00131705114921015,FALSE,0,0,1,0,17,0,17,0,0.944444444444444
"EBIC",56,300,0.33,"TRUE","TRUE","FALSE","17.2363396329443","8.13636369193597","9.09997594100835","0.935","0.073","0.523","2,3,4,5,6,7,8,9,151,152,153,154,155,156,157,158,159,167",0.00148602512913023,FALSE,0,1,1,0,18,1,17,0.0555555555555556,0.944444444444444
"EBIC",57,300,0.33,"TRUE","TRUE","FALSE","17.2617845927475","8.25040772106365","9.01137687168389","0.845","0.073","0.504","2,3,4,5,6,7,8,9,31,151,152,153,154,155,156,157,158,159",0.00143744467814287,FALSE,1,0,1,0,18,1,17,0.0555555555555556,0.944444444444444
"EBIC",58,300,0.33,"TRUE","TRUE","FALSE","17.1755589290736","8.17386310096995","9.00169582810367","0.781","0.07","0.519","2,3,4,5,6,7,8,9,151,152,153,154,155,156,157,158,159",0.000935446925206865,FALSE,0,0,1,0,17,0,17,0,0.944444444444444
"EBIC",59,300,0.33,"TRUE","TRUE","FALSE","17.207833422102","8.20185480187425","9.00597862022772","0.807","0.08","0.553","2,3,4,5,6,7,8,9,23,151,152,153,154,155,156,157,158,159",0.00119022371239357,FALSE,1,0,1,0,18,1,17,0.0555555555555556,0.944444444444444
"EBIC",6,300,0.33,"TRUE","TRUE","FALSE","17.1478177187285","8.13778692910564","9.01003078962284","0.839","0.079","0.582","2,3,4,5,6,7,8,9,151,152,153,154,155,156,157,158,159",0.000833997071550494,FALSE,0,0,1,0,17,0,17,0,0.944444444444444
"EBIC",60,300,0.33,"TRUE","TRUE","FALSE","17.1392111890291","8.13349398075163","9.00571720827748","0.816","0.076","0.542","2,3,4,5,6,7,8,9,151,152,153,154,155,156,157,158,159",0.000806465695002553,FALSE,0,0,1,0,17,0,17,0,0.944444444444444
"EBIC",61,300,0.33,"TRUE","TRUE","FALSE","17.1867986929341","8.16335241209667","9.02344628083743","0.816","0.079","0.528","2,3,4,5,6,7,8,9,151,152,153,154,155,156,157,158,159",0.00102162039861238,FALSE,0,0,1,0,17,0,17,0,0.944444444444444
"EBIC",62,300,0.33,"TRUE","TRUE","FALSE","17.2483547239295","8.23744975039975","9.01090497352971","0.884","0.095","0.545","2,3,4,5,6,7,8,9,17,91,151,152,153,154,155,156,157,158,159",0.00161364185684108,FALSE,2,0,1,0,19,2,17,0.105263157894737,0.944444444444444
"EBIC",63,300,0.33,"TRUE","TRUE","FALSE","17.1042216624383","8.13412037973063","8.97010128270764","0.801","0.074","0.541","2,3,4,5,6,7,8,9,151,152,153,154,155,156,157,158,159",0.00115069308487869,FALSE,0,0,1,0,17,0,17,0,0.944444444444444
"EBIC",64,300,0.33,"TRUE","TRUE","FALSE","17.1250395105947","8.1185484415509","9.00649106904381","0.762","0.082","0.514","2,3,4,5,6,7,8,9,151,152,153,154,155,156,157,158,159",0.000842970485219881,FALSE,0,0,1,0,17,0,17,0,0.944444444444444
"EBIC",65,300,0.33,"TRUE","TRUE","FALSE","17.316791799987","8.30006307960105","9.01672872038593","0.879","0.079","0.512","2,3,4,5,6,7,8,9,22,125,151,152,153,154,155,156,157,158,159",0.00217318678315305,FALSE,2,0,1,0,19,2,17,0.105263157894737,0.944444444444444
"EBIC",66,300,0.33,"TRUE","TRUE","FALSE","17.2148625924546","8.20349083230664","9.01137176014793","0.879","0.08","0.559","2,3,4,5,6,7,8,9,151,152,153,154,155,156,157,158,159",0.00103921310366568,FALSE,0,0,1,0,17,0,17,0,0.944444444444444
"EBIC",67,300,0.33,"TRUE","TRUE","FALSE","17.2484733042053","8.34747075927648","8.90100254492883","0.959","0.08","0.587","1,2,3,4,5,6,7,8,9,88,151,152,153,154,155,156,157,158,159",0.00140192018599519,FALSE,1,0,0,0,19,1,18,0.0526315789473684,1
"EBIC",68,300,0.33,"TRUE","TRUE","FALSE","17.241474265815","8.23587267103259","9.00560159478241","0.825","0.074","0.534","1,2,3,4,5,6,7,8,9,151,152,153,154,155,156,157,158,159",0.000771732385600275,TRUE,0,0,0,0,18,0,18,0,1
"EBIC",69,300,0.33,"TRUE","TRUE","FALSE","17.5838140335521","8.58021832379175","9.00359570976033","0.917","0.074","0.54","1,2,3,4,5,6,7,8,9,151,152,153,154,155,156,157,158,159",0.000671077713859974,TRUE,0,0,0,0,18,0,18,0,1
"EBIC",7,300,0.33,"TRUE","TRUE","FALSE","17.3446103650474","8.33280536616242","9.01180499888501","0.869","0.074","0.538","1,2,3,4,5,6,7,8,9,11,51,151,152,153,154,155,156,157,158,159",0.00136878953357362,FALSE,2,0,0,0,20,2,18,0.1,1
"EBIC",70,300,0.33,"TRUE","TRUE","FALSE","17.1102663754324","8.10982350496674","9.00044287046565","0.745","0.074","0.537","2,3,4,5,6,7,8,9,151,152,153,154,155,156,157,158,159",0.000839092162508135,FALSE,0,0,1,0,17,0,17,0,0.944444444444444
"EBIC",71,300,0.33,"TRUE","TRUE","FALSE","17.404543560417","8.39745775079787","9.00708580961916","0.966","0.079","0.536","2,3,4,5,6,7,8,9,25,151,152,153,154,155,156,157,158,159",0.0017446955903579,FALSE,1,0,1,0,18,1,17,0.0555555555555556,0.944444444444444
"EBIC",72,300,0.33,"TRUE","TRUE","FALSE","17.1759367036731","8.17038310372837","9.00555359994476","0.826","0.079","0.556","2,3,4,5,6,7,8,9,50,151,152,153,154,155,156,157,158,159",0.00184982071357827,FALSE,1,0,1,0,18,1,17,0.0555555555555556,0.944444444444444
"EBIC",73,300,0.33,"TRUE","TRUE","FALSE","18.1216089998828","9.02244170583516","9.09916729404765","0.889","0.072","0.51","1,2,3,4,5,6,7,8,9,151,152,153,154,155,156,157,158,159,167",0.00111302858222387,FALSE,0,1,0,0,19,1,18,0.0526315789473684,1
"EBIC",74,300,0.33,"TRUE","TRUE","FALSE","17.1312367711944","8.12382083242259","9.00741593877184","0.753","0.075","0.539","2,3,4,5,6,7,8,9,151,152,153,154,155,156,157,158,159",0.00109660543522553,FALSE,0,0,1,0,17,0,17,0,0.944444444444444
"EBIC",75,300,0.33,"TRUE","TRUE","FALSE","17.5629040661563","8.55819872896542","9.00470533719088","0.868","0.078","0.56","1,2,3,4,5,6,7,8,9,151,152,153,154,155,156,157,158,159",0.000504492824220886,TRUE,0,0,0,0,18,0,18,0,1
"EBIC",76,300,0.33,"TRUE","TRUE","FALSE","17.1931461905808","8.18779934259251","9.00534684798833","0.807","0.077","0.528","2,3,4,5,6,7,8,9,61,151,152,153,154,155,156,157,158,159",0.00132040559964099,FALSE,1,0,1,0,18,1,17,0.0555555555555556,0.944444444444444
"EBIC",77,300,0.33,"TRUE","TRUE","FALSE","17.2168646129418","8.21365466621972","9.00320994672213","0.886","0.074","0.56","2,3,4,5,6,7,8,9,57,151,152,153,154,155,156,157,158,159",0.0014669957194669,FALSE,1,0,1,0,18,1,17,0.0555555555555556,0.944444444444444
"EBIC",78,300,0.33,"TRUE","TRUE","FALSE","17.1801786707925","8.17097610156764","9.00920256922486","0.78","0.075","0.503","2,3,4,5,6,7,8,9,151,152,153,154,155,156,157,158,159",0.00096784521638326,FALSE,0,0,1,0,17,0,17,0,0.944444444444444
"EBIC",79,300,0.33,"TRUE","TRUE","FALSE","17.1372386622828","8.12770981824075","9.00952884404208","0.772","0.075","0.509","2,3,4,5,6,7,8,9,151,152,153,154,155,156,157,158,159",0.00088152163615097,FALSE,0,0,1,0,17,0,17,0,0.944444444444444
"EBIC",8,300,0.33,"TRUE","TRUE","FALSE","17.1077968209116","8.10410855409459","9.00368826681706","0.688","0.075","0.535","2,3,4,5,6,7,8,9,151,152,153,154,155,156,157,158,159",0.00135169125517997,FALSE,0,0,1,0,17,0,17,0,0.944444444444444
"EBIC",80,300,0.33,"TRUE","TRUE","FALSE","17.0994217282639","8.09428432167851","9.00513740658536","0.852","0.079","0.568","2,3,4,5,6,7,8,9,151,152,153,154,155,156,157,158,159",0.00129621956331992,FALSE,0,0,1,0,17,0,17,0,0.944444444444444
"EBIC",81,300,0.33,"TRUE","TRUE","FALSE","17.1602600991742","8.15644302272303","9.00381707645119","0.924","0.077","0.574","2,3,4,5,6,7,8,9,15,88,151,152,153,154,155,156,157,158,159",0.0017386002090861,FALSE,2,0,1,0,19,2,17,0.105263157894737,0.944444444444444
"EBIC",82,300,0.33,"TRUE","TRUE","FALSE","17.4060714932173","8.40055463044106","9.00551686277625","0.893","0.08","0.56","2,3,4,5,6,7,8,9,49,151,152,153,154,155,156,157,158,159",0.00122713334160432,FALSE,1,0,1,0,18,1,17,0.0555555555555556,0.944444444444444
"EBIC",83,300,0.33,"TRUE","TRUE","FALSE","17.3776425662894","8.37378290029381","9.00385966599559","0.959","0.073","0.486","1,2,3,4,5,6,7,8,9,48,58,151,152,153,154,155,156,157,158,159",0.00185322282649967,FALSE,2,0,0,0,20,2,18,0.1,1
"EBIC",84,300,0.33,"TRUE","TRUE","FALSE","17.1654704759272","8.16219877896169","9.00327169696551","0.8","0.071","0.498","2,3,4,5,6,7,8,9,151,152,153,154,155,156,157,158,159",0.000523886884277627,FALSE,0,0,1,0,17,0,17,0,0.944444444444444
"EBIC",85,300,0.33,"TRUE","TRUE","FALSE","16.8922214275731","7.88712495247016","9.00509647510295","0.991","0.076","0.578","2,3,4,5,6,7,8,9,151,152,153,154,155,156,157,158,159",0.000787186254502016,FALSE,0,0,1,0,17,0,17,0,0.944444444444444
"EBIC",86,300,0.33,"TRUE","TRUE","FALSE","17.1275516422905","8.1230344681457","9.00451717414476","0.772","0.073","0.517","2,3,4,5,6,7,8,9,151,152,153,154,155,156,157,158,159",0.000641685656944664,FALSE,0,0,1,0,17,0,17,0,0.944444444444444
"EBIC",87,300,0.33,"TRUE","TRUE","FALSE","17.5668133843112","8.55891240275773","9.00790098155347","0.895","0.071","0.493","1,2,3,4,5,6,7,8,9,86,120,151,152,153,154,155,156,157,158,159",0.00123729807464828,FALSE,2,0,0,0,20,2,18,0.1,1
"EBIC",88,300,0.33,"TRUE","TRUE","FALSE","17.1038329779645","8.09635063016826","9.0074823477962","0.84","0.08","0.532","2,3,4,5,6,7,8,9,151,152,153,154,155,156,157,158,159",0.000770816953329892,FALSE,0,0,1,0,17,0,17,0,0.944444444444444
"EBIC",89,300,0.33,"TRUE","TRUE","FALSE","18.1436408079114","9.11637949923199","9.02726130867939","0.768","0.073","0.519","1,2,3,4,5,6,7,8,9,151,152,153,154,155,156,157,158,159",0.000798246907926333,TRUE,0,0,0,0,18,0,18,0,1
"EBIC",9,300,0.33,"TRUE","TRUE","FALSE","17.1825291624167","8.19748366587971","8.98504549653703","0.865","0.078","0.54","2,3,4,5,6,7,8,9,151,152,153,154,155,156,157,158,159",0.00112797654512771,FALSE,0,0,1,0,17,0,17,0,0.944444444444444
"EBIC",90,300,0.33,"TRUE","TRUE","FALSE","16.7531513140657","7.74984068723641","9.00331062682934","0.984","0.084","0.551","2,3,4,5,6,7,8,9,34,151,152,153,154,155,156,157,158,159",0.00160220229850192,FALSE,1,0,1,0,18,1,17,0.0555555555555556,0.944444444444444
"EBIC",91,300,0.33,"TRUE","TRUE","FALSE","17.1923143926728","8.18973134334213","9.00258304933069","0.788","0.077","0.508","1,2,3,4,5,6,7,8,9,151,152,153,154,155,156,157,158,159",0.000843422809958221,TRUE,0,0,0,0,18,0,18,0,1
"EBIC",92,300,0.33,"TRUE","TRUE","FALSE","17.2235800898555","8.21848072565989","9.00509936419562","0.913","0.081","0.523","2,3,4,5,6,7,8,9,146,151,152,153,154,155,156,157,158,159",0.00150733705501359,FALSE,1,0,1,0,18,1,17,0.0555555555555556,0.944444444444444
"EBIC",93,300,0.33,"TRUE","TRUE","FALSE","17.0542492232781","8.17300257046963","8.88124665280847","0.818","0.073","0.522","1,2,3,4,5,6,7,8,9,151,152,153,154,155,156,157,158,159",0.00157561745017695,TRUE,0,0,0,0,18,0,18,0,1
"EBIC",94,300,0.33,"TRUE","TRUE","FALSE","18.1938952937342","9.1881453353744","9.00574995835978","1.187","0.085","0.575","1,2,3,4,5,6,7,8,9,79,145,151,152,153,154,155,156,157,158,159",0.0022779590524123,FALSE,2,0,0,0,20,2,18,0.1,1
"EBIC",95,300,0.33,"TRUE","TRUE","FALSE","17.1268923083092","8.12026083379088","9.00663147451832","0.749","0.079","0.591","2,3,4,5,6,7,8,9,151,152,153,154,155,156,157,158,159",0.000633907864088182,FALSE,0,0,1,0,17,0,17,0,0.944444444444444
"EBIC",96,300,0.33,"TRUE","TRUE","FALSE","17.6559531439357","8.64274952129593","9.01320362263977","1.059","0.072","0.52","1,2,3,4,5,6,7,8,9,69,81,151,152,153,154,155,156,157,158,159",0.00181762176383361,FALSE,2,0,0,0,20,2,18,0.1,1
"EBIC",97,300,0.33,"TRUE","TRUE","FALSE","17.2249886367306","8.22696062010267","8.99802801662789","0.9","0.091","0.593","2,3,4,5,6,7,8,9,30,151,152,153,154,155,156,157,158,159",0.00151011988348354,FALSE,1,0,1,0,18,1,17,0.0555555555555556,0.944444444444444
"EBIC",98,300,0.33,"TRUE","TRUE","FALSE","16.5514560812753","7.54275383435849","9.00870224691682","0.927","0.074","0.539","2,3,4,5,6,7,8,9,151,152,153,154,155,156,157,158,159",0.000878583331115497,FALSE,0,0,1,0,17,0,17,0,0.944444444444444
"EBIC",99,300,0.33,"TRUE","TRUE","FALSE","17.1651030198294","8.15749629195607","9.00760672787332","0.776","0.081","0.518","2,3,4,5,6,7,8,9,151,152,153,154,155,156,157,158,159",0.000643621616481878,FALSE,0,0,1,0,17,0,17,0,0.944444444444444
"kappa.o",1,300,0.33,"FALSE","FALSE","FALSE","16.5856605279689","7.57910987944427","9.00655064852461","0.864","0.084","0.556","2,3,4,6,7,8,9,151,152,153,154,155,156,157,158,159",0.00283017110857649,FALSE,0,0,2,0,16,0,16,0,0.888888888888889
"kappa.o",10,300,0.33,"TRUE","TRUE","FALSE","16.9581286059069","7.95409011838503","9.00403848752185","0.862","0.077","0.521","2,3,4,5,6,7,8,9,151,152,153,154,155,156,157,158,159",0.000733595534797865,FALSE,0,0,1,0,17,0,17,0,0.944444444444444
"kappa.o",100,300,0.33,"TRUE","TRUE","FALSE","16.8709108529522","8.1472405932182","8.72367025973395","0.926","0.077","0.555","2,3,4,5,6,7,8,9,151,152,153,154,155,156,157,158,159",0.00115362734805372,FALSE,0,0,1,0,17,0,17,0,0.944444444444444
"kappa.o",11,300,0.33,"TRUE","TRUE","FALSE","17.1411107871469","8.13683570454882","9.00427508259807","0.771","0.075","0.543","2,3,4,5,6,7,8,9,151,152,153,154,155,156,157,158,159",0.000628076341145688,FALSE,0,0,1,0,17,0,17,0,0.944444444444444
"kappa.o",12,300,0.33,"TRUE","TRUE","FALSE","17.9721346638192","8.96809900538803","9.00403565843116","0.913","0.081","0.515","1,2,3,4,5,6,7,8,9,151,152,153,154,155,156,157,158,159",0.000794438774125235,TRUE,0,0,0,0,18,0,18,0,1
"kappa.o",13,300,0.33,"TRUE","TRUE","FALSE","18.0686481592268","9.06267288317245","9.00597527605432","0.841","0.073","0.507","1,2,3,4,5,6,7,8,9,151,152,153,154,155,156,157,158,159",0.00102413813694949,TRUE,0,0,0,0,18,0,18,0,1
"kappa.o",14,300,0.33,"TRUE","TRUE","FALSE","16.6617526638616","7.65520407896979","9.00654858489183","0.869","0.074","0.569","2,3,4,6,7,8,9,151,152,153,154,155,156,157,158,159",0.00242479267406493,FALSE,0,0,2,0,16,0,16,0,0.888888888888889
"kappa.o",15,300,0.33,"TRUE","TRUE","FALSE","17.1300693121282","8.12516869736927","9.00490061475891","0.72","0.072","0.514","2,3,4,5,6,7,8,9,151,152,153,154,155,156,157,158,159",0.00105649182750792,FALSE,0,0,1,0,17,0,17,0,0.944444444444444
"kappa.o",16,300,0.33,"TRUE","TRUE","FALSE","17.1379900769322","8.13356032335065","9.00442975358159","0.768","0.074","0.502","2,3,4,5,6,7,8,9,151,152,153,154,155,156,157,158,159",0.000707584604741466,FALSE,0,0,1,0,17,0,17,0,0.944444444444444
"kappa.o",17,300,0.33,"TRUE","TRUE","FALSE","17.3292820703337","8.32421041026813","9.00507166006557","0.867","0.078","0.524","2,3,4,5,6,7,8,9,151,152,153,154,155,156,157,158,159",0.0012491416373672,FALSE,0,0,1,0,17,0,17,0,0.944444444444444
"kappa.o",18,300,0.33,"TRUE","TRUE","FALSE","17.1498980376772","8.13045661698354","9.01944142069362","0.768","0.078","0.582","2,3,4,5,6,7,8,9,151,152,153,154,155,156,157,158,159",0.00102203182571638,FALSE,0,0,1,0,17,0,17,0,0.944444444444444
"kappa.o",19,300,0.33,"TRUE","TRUE","FALSE","17.0741046918642","8.06874191964337","9.00536277222084","0.762","0.074","0.529","2,3,4,5,6,7,8,9,151,152,153,154,155,156,157,158,159",0.00103701263739807,FALSE,0,0,1,0,17,0,17,0,0.944444444444444
"kappa.o",2,300,0.33,"TRUE","TRUE","FALSE","17.2229570094682","8.21801437877394","9.00494263069425","0.821","0.08","0.526","2,3,4,5,6,7,8,9,151,152,153,154,155,156,157,158,159",0.000628812201499929,FALSE,0,0,1,0,17,0,17,0,0.944444444444444
"kappa.o",20,300,0.33,"TRUE","TRUE","FALSE","17.2101156231899","8.20045053481374","9.00966508837616","0.814","0.074","0.55","2,3,4,5,6,7,8,9,151,152,153,154,155,156,157,158,159",0.000811249984297058,FALSE,0,0,1,0,17,0,17,0,0.944444444444444
"kappa.o",21,300,0.33,"TRUE","TRUE","FALSE","17.1275130301157","8.11876051405248","9.00875251606321","0.803","0.072","0.509","2,3,4,5,6,7,8,9,151,152,153,154,155,156,157,158,159",0.00116096118605774,FALSE,0,0,1,0,17,0,17,0,0.944444444444444
"kappa.o",22,300,0.33,"TRUE","TRUE","FALSE","17.081094725788","8.45025927475891","8.63083545102907","1.23","0.084","0.579","2,3,4,5,6,7,8,9,151,152,153,154,155,156,157,158,159",0.00165626205261308,FALSE,0,0,1,0,17,0,17,0,0.944444444444444
"kappa.o",23,300,0.33,"TRUE","TRUE","FALSE","17.2618151210126","8.27147096143072","8.99034415958186","0.819","0.076","0.535","2,3,4,5,6,7,8,9,151,152,153,154,155,156,157,158,159",0.00126464058461089,FALSE,0,0,1,0,17,0,17,0,0.944444444444444
"kappa.o",24,300,0.33,"TRUE","TRUE","FALSE","17.1299055135474","8.12696373623725","9.00294177731016","0.765","0.085","0.578","2,3,4,5,6,7,8,9,151,152,153,154,155,156,157,158,159",0.00111499536015116,FALSE,0,0,1,0,17,0,17,0,0.944444444444444
"kappa.o",25,300,0.33,"TRUE","TRUE","FALSE","17.5787908878626","8.57528588007319","9.00350500778937","0.972","0.076","0.574","1,2,3,4,5,6,7,8,9,151,152,153,154,155,156,157,158,159",0.000964946824205675,TRUE,0,0,0,0,18,0,18,0,1
"kappa.o",26,300,0.33,"TRUE","TRUE","FALSE","17.5406784637154","8.53747887470067","9.00319958901475","0.898","0.08","0.543","2,3,4,5,6,7,8,9,151,152,153,154,155,156,157,158,159",0.00106557926638193,FALSE,0,0,1,0,17,0,17,0,0.944444444444444
"kappa.o",27,300,0.33,"TRUE","TRUE","FALSE","17.1624105613688","8.14975084137783","9.01265971999101","0.783","0.074","0.557","2,3,4,5,6,7,8,9,151,152,153,154,155,156,157,158,159",0.000726661494344792,FALSE,0,0,1,0,17,0,17,0,0.944444444444444
"kappa.o",28,300,0.33,"TRUE","TRUE","FALSE","17.2414640628087","8.22205499309926","9.01940906970944","0.862","0.074","0.532","2,3,4,5,6,7,8,9,151,152,153,154,155,156,157,158,159",0.000701179859609665,FALSE,0,0,1,0,17,0,17,0,0.944444444444444
"kappa.o",29,300,0.33,"TRUE","TRUE","FALSE","17.3242703623945","8.31969927508392","9.00457108731058","0.86","0.076","0.57","2,3,4,5,6,7,8,9,151,152,153,154,155,156,157,158,159",0.000603533523006148,FALSE,0,0,1,0,17,0,17,0,0.944444444444444
"kappa.o",3,300,0.33,"TRUE","TRUE","FALSE","18.0633283815332","9.05881178820526","9.00451659332798","0.797","0.08","0.53","1,2,3,4,5,6,7,8,9,151,152,153,154,155,156,157,158,159",0.000631975289947404,TRUE,0,0,0,0,18,0,18,0,1
"kappa.o",30,300,0.33,"TRUE","TRUE","FALSE","17.2396788546928","8.23027994659939","9.00939890809339","0.97","0.077","0.629","2,3,4,5,6,7,8,9,151,152,153,154,155,156,157,158,159",0.00157532630309659,FALSE,0,0,1,0,17,0,17,0,0.944444444444444
"kappa.o",31,300,0.33,"TRUE","TRUE","FALSE","17.7000213649406","8.66516783403541","9.03485353090517","0.962","0.076","0.569","2,3,4,5,6,7,8,9,151,152,153,154,155,156,157,158,159",0.00111023068400962,FALSE,0,0,1,0,17,0,17,0,0.944444444444444
"kappa.o",32,300,0.33,"TRUE","TRUE","FALSE","17.1421559856114","8.13756632886387","9.00458965674757","0.761","0.078","0.493","2,3,4,5,6,7,8,9,151,152,153,154,155,156,157,158,159",0.000653654454562652,FALSE,0,0,1,0,17,0,17,0,0.944444444444444
"kappa.o",33,300,0.33,"TRUE","TRUE","FALSE","17.1238843511267","8.12019114546496","9.00369320566177","0.711","0.079","0.488","2,3,4,5,6,7,8,9,151,152,153,154,155,156,157,158,159",0.00110177775135044,FALSE,0,0,1,0,17,0,17,0,0.944444444444444
"kappa.o",34,300,0.33,"TRUE","TRUE","FALSE","17.187827572679","8.18262270420498","9.00520486847399","0.789","0.086","0.579","2,3,4,5,6,7,8,9,151,152,153,154,155,156,157,158,159",0.000587993951145749,FALSE,0,0,1,0,17,0,17,0,0.944444444444444
"kappa.o",35,300,0.33,"TRUE","TRUE","FALSE","17.4038523910628","8.39627085736348","9.00758153369933","0.975","0.076","0.522","2,3,4,5,6,7,8,9,151,152,153,154,155,156,157,158,159",0.000836913283630955,FALSE,0,0,1,0,17,0,17,0,0.944444444444444
"kappa.o",36,300,0.33,"TRUE","TRUE","FALSE","17.642187184675","8.63857006901858","9.00361711565646","0.999","0.074","0.524","2,3,4,5,6,7,8,9,151,152,153,154,155,156,157,158,159",0.0011417175588013,FALSE,0,0,1,0,17,0,17,0,0.944444444444444
"kappa.o",37,300,0.33,"TRUE","TRUE","FALSE","17.2704206846902","8.26373844070412","9.00668224398612","0.96","0.082","0.504","2,3,4,5,6,7,8,9,151,152,153,154,155,156,157,158,159",0.000848549121412189,FALSE,0,0,1,0,17,0,17,0,0.944444444444444
"kappa.o",38,300,0.33,"TRUE","TRUE","FALSE","17.2849915912251","8.28090552608513","9.00408606513993","0.858","0.077","0.517","2,3,4,5,6,7,8,9,151,152,153,154,155,156,157,158,159",0.000795219209169846,FALSE,0,0,1,0,17,0,17,0,0.944444444444444
"kappa.o",39,300,0.33,"TRUE","TRUE","FALSE","17.4061766684554","8.39730199730314","9.00887467115225","0.92","0.078","0.577","2,3,4,5,6,7,8,9,151,152,153,154,155,156,157,158,159",0.000546359553074528,FALSE,0,0,1,0,17,0,17,0,0.944444444444444
"kappa.o",4,300,0.33,"TRUE","TRUE","FALSE","17.2845095545827","8.26727120584463","9.01723834873805","0.862","0.072","0.524","2,3,4,5,6,7,8,9,151,152,153,154,155,156,157,158,159",0.00134308475342737,FALSE,0,0,1,0,17,0,17,0,0.944444444444444
"kappa.o",40,300,0.33,"TRUE","TRUE","FALSE","17.1327329499647","8.12656497801215","9.00616797195256","0.741","0.071","0.503","2,3,4,5,6,7,8,9,151,152,153,154,155,156,157,158,159",0.000844716042004307,FALSE,0,0,1,0,17,0,17,0,0.944444444444444
"kappa.o",41,300,0.33,"TRUE","TRUE","FALSE","17.2094736976658","8.17599251930663","9.0334811783592","0.842","0.076","0.564","2,3,4,5,6,7,8,9,151,152,153,154,155,156,157,158,159",0.000641901968527049,FALSE,0,0,1,0,17,0,17,0,0.944444444444444
"kappa.o",42,300,0.33,"TRUE","TRUE","FALSE","17.1124490946158","8.10905701360503","9.00339208101077","0.725","0.073","0.492","2,3,4,5,6,7,8,9,151,152,153,154,155,156,157,158,159",0.000776955710630203,FALSE,0,0,1,0,17,0,17,0,0.944444444444444
"kappa.o",43,300,0.33,"TRUE","TRUE","FALSE","17.3180477494444","8.31084745519706","9.00720029424733","0.874","0.078","0.58","2,3,4,5,6,7,8,9,151,152,153,154,155,156,157,158,159",0.000748058342950188,FALSE,0,0,1,0,17,0,17,0,0.944444444444444
"kappa.o",44,300,0.33,"TRUE","TRUE","FALSE","17.1497430720351","8.1460939611387","9.00364911089644","0.768","0.073","0.554","2,3,4,5,6,7,8,9,151,152,153,154,155,156,157,158,159",0.000801700725960943,FALSE,0,0,1,0,17,0,17,0,0.944444444444444
"kappa.o",45,300,0.33,"TRUE","TRUE","FALSE","17.1238908603998","8.11468926979101","9.00920159060876","0.825","0.076","0.576","2,3,4,5,6,7,8,9,151,152,153,154,155,156,157,158,159",0.000687944452747798,FALSE,0,0,1,0,17,0,17,0,0.944444444444444
"kappa.o",46,300,0.33,"TRUE","TRUE","FALSE","16.9085309565698","7.90164813912697","9.00688281744284","1.018","0.078","0.538","2,3,4,5,6,7,8,9,151,152,153,154,155,156,157,158,159",0.000843790226554512,FALSE,0,0,1,0,17,0,17,0,0.944444444444444
"kappa.o",47,300,0.33,"TRUE","TRUE","FALSE","17.1661844739113","8.15310131884094","9.01308315507036","0.806","0.075","0.574","2,3,4,5,6,7,8,9,151,152,153,154,155,156,157,158,159",0.0005420703563035,FALSE,0,0,1,0,17,0,17,0,0.944444444444444
"kappa.o",48,300,0.33,"TRUE","TRUE","FALSE","17.1088252488418","8.10526110400602","9.00356414483582","0.807","0.076","0.542","2,3,4,5,6,7,8,9,151,152,153,154,155,156,157,158,159",0.0011954374452796,FALSE,0,0,1,0,17,0,17,0,0.944444444444444
"kappa.o",49,300,0.33,"TRUE","TRUE","FALSE","16.8160429303521","7.77592269366852","9.0401202366836","1.085","0.082","0.595","2,3,4,5,6,7,8,9,151,152,153,154,155,156,157,158,159",0.000893047870960827,FALSE,0,0,1,0,17,0,17,0,0.944444444444444
"kappa.o",5,300,0.33,"TRUE","TRUE","FALSE","17.2160739888522","8.21092230795581","9.00515168089638","0.835","0.082","0.56","2,3,4,5,6,7,8,9,151,152,153,154,155,156,157,158,159",0.000653334393416828,FALSE,0,0,1,0,17,0,17,0,0.944444444444444
"kappa.o",50,300,0.33,"TRUE","TRUE","FALSE","17.1766466614684","8.17247626871353","9.00417039275489","0.783","0.07","0.509","2,3,4,5,6,7,8,9,151,152,153,154,155,156,157,158,159",0.000784320272040639,FALSE,0,0,1,0,17,0,17,0,0.944444444444444
"kappa.o",51,300,0.33,"TRUE","TRUE","FALSE","17.1974686447623","8.1832561847946","9.0142124599677","0.807","0.08","0.525","2,3,4,5,6,7,8,9,151,152,153,154,155,156,157,158,159",0.000922872622564762,FALSE,0,0,1,0,17,0,17,0,0.944444444444444
"kappa.o",52,300,0.33,"TRUE","TRUE","FALSE","17.3491843886658","8.34323264211737","9.00595174654841","1.014","0.079","0.571","2,3,4,5,6,7,8,9,151,152,153,154,155,156,157,158,159",0.000940849228201556,FALSE,0,0,1,0,17,0,17,0,0.944444444444444
"kappa.o",53,300,0.33,"TRUE","TRUE","FALSE","17.3853511905702","8.38324357071824","9.00210761985199","0.982","0.073","0.517","2,3,4,5,6,7,8,9,151,152,153,154,155,156,157,158,159",0.000998609610193377,FALSE,0,0,1,0,17,0,17,0,0.944444444444444
"kappa.o",54,300,0.33,"TRUE","TRUE","FALSE","17.3366712602355","8.33144557480371","9.0052256854318","0.939","0.076","0.522","2,3,4,5,6,7,8,9,151,152,153,154,155,156,157,158,159",0.000591406238688796,FALSE,0,0,1,0,17,0,17,0,0.944444444444444
"kappa.o",55,300,0.33,"TRUE","TRUE","FALSE","17.2013914961026","8.19576472113997","9.00562677496267","0.882","0.079","0.552","2,3,4,5,6,7,8,9,151,152,153,154,155,156,157,158,159",0.00131705114921015,FALSE,0,0,1,0,17,0,17,0,0.944444444444444
"kappa.o",56,300,0.33,"TRUE","TRUE","FALSE","17.2363396329443","8.13636369193597","9.09997594100835","0.935","0.073","0.523","2,3,4,5,6,7,8,9,151,152,153,154,155,156,157,158,159",0.00101228851490319,FALSE,0,0,1,0,17,0,17,0,0.944444444444444
"kappa.o",57,300,0.33,"TRUE","TRUE","FALSE","17.2617845927475","8.25040772106365","9.01137687168389","0.845","0.073","0.504","2,3,4,5,6,7,8,9,151,152,153,154,155,156,157,158,159",0.00101232653589578,FALSE,0,0,1,0,17,0,17,0,0.944444444444444
"kappa.o",58,300,0.33,"TRUE","TRUE","FALSE","17.1755589290736","8.17386310096995","9.00169582810367","0.781","0.07","0.519","2,3,4,5,6,7,8,9,151,152,153,154,155,156,157,158,159",0.000935446925206865,FALSE,0,0,1,0,17,0,17,0,0.944444444444444
"kappa.o",59,300,0.33,"TRUE","TRUE","FALSE","17.207833422102","8.20185480187425","9.00597862022772","0.807","0.08","0.553","2,3,4,5,6,7,8,9,151,152,153,154,155,156,157,158,159",0.000762981656306425,FALSE,0,0,1,0,17,0,17,0,0.944444444444444
"kappa.o",6,300,0.33,"TRUE","TRUE","FALSE","17.1478177187285","8.13778692910564","9.01003078962284","0.839","0.079","0.582","2,3,4,5,6,7,8,9,151,152,153,154,155,156,157,158,159",0.000833997071550494,FALSE,0,0,1,0,17,0,17,0,0.944444444444444
"kappa.o",60,300,0.33,"TRUE","TRUE","FALSE","17.1392111890291","8.13349398075163","9.00571720827748","0.816","0.076","0.542","2,3,4,5,6,7,8,9,151,152,153,154,155,156,157,158,159",0.000806465695002553,FALSE,0,0,1,0,17,0,17,0,0.944444444444444
"kappa.o",61,300,0.33,"TRUE","TRUE","FALSE","17.1867986929341","8.16335241209667","9.02344628083743","0.816","0.079","0.528","2,3,4,5,6,7,8,9,151,152,153,154,155,156,157,158,159",0.00102162039861238,FALSE,0,0,1,0,17,0,17,0,0.944444444444444
"kappa.o",62,300,0.33,"TRUE","TRUE","FALSE","17.2483547239295","8.23744975039975","9.01090497352971","0.884","0.095","0.545","2,3,4,5,6,7,8,9,151,152,153,154,155,156,157,158,159",0.00080526096550062,FALSE,0,0,1,0,17,0,17,0,0.944444444444444
"kappa.o",63,300,0.33,"TRUE","TRUE","FALSE","17.1042216624383","8.13412037973063","8.97010128270764","0.801","0.074","0.541","2,3,4,5,6,7,8,9,151,152,153,154,155,156,157,158,159",0.00115069308487869,FALSE,0,0,1,0,17,0,17,0,0.944444444444444
"kappa.o",64,300,0.33,"TRUE","TRUE","FALSE","17.1250395105947","8.1185484415509","9.00649106904381","0.762","0.082","0.514","2,3,4,5,6,7,8,9,151,152,153,154,155,156,157,158,159",0.000842970485219881,FALSE,0,0,1,0,17,0,17,0,0.944444444444444
"kappa.o",65,300,0.33,"TRUE","TRUE","FALSE","17.316791799987","8.30006307960105","9.01672872038593","0.879","0.079","0.512","2,3,4,5,6,7,8,9,151,152,153,154,155,156,157,158,159",0.00119546440616153,FALSE,0,0,1,0,17,0,17,0,0.944444444444444
"kappa.o",66,300,0.33,"TRUE","TRUE","FALSE","17.2148625924546","8.20349083230664","9.01137176014793","0.879","0.08","0.559","2,3,4,5,6,7,8,9,151,152,153,154,155,156,157,158,159",0.00103921310366568,FALSE,0,0,1,0,17,0,17,0,0.944444444444444
"kappa.o",67,300,0.33,"TRUE","TRUE","FALSE","17.2484733042053","8.34747075927648","8.90100254492883","0.959","0.08","0.587","2,3,4,5,6,7,8,9,151,152,153,154,155,156,157,158,159",0.00103639135213093,FALSE,0,0,1,0,17,0,17,0,0.944444444444444
"kappa.o",68,300,0.33,"TRUE","TRUE","FALSE","17.241474265815","8.23587267103259","9.00560159478241","0.825","0.074","0.534","2,3,4,5,6,7,8,9,151,152,153,154,155,156,157,158,159",0.000950104958941512,FALSE,0,0,1,0,17,0,17,0,0.944444444444444
"kappa.o",69,300,0.33,"TRUE","TRUE","FALSE","17.5838140335521","8.58021832379175","9.00359570976033","0.917","0.074","0.54","2,3,4,5,6,7,8,9,151,152,153,154,155,156,157,158,159",0.000829224295257763,FALSE,0,0,1,0,17,0,17,0,0.944444444444444
"kappa.o",7,300,0.33,"TRUE","TRUE","FALSE","17.3446103650474","8.33280536616242","9.01180499888501","0.869","0.074","0.538","2,3,4,5,6,7,8,9,151,152,153,154,155,156,157,158,159",0.000537564268450237,FALSE,0,0,1,0,17,0,17,0,0.944444444444444
"kappa.o",70,300,0.33,"TRUE","TRUE","FALSE","17.1102663754324","8.10982350496674","9.00044287046565","0.745","0.074","0.537","2,3,4,5,6,7,8,9,151,152,153,154,155,156,157,158,159",0.000839092162508135,FALSE,0,0,1,0,17,0,17,0,0.944444444444444
"kappa.o",71,300,0.33,"TRUE","TRUE","FALSE","17.404543560417","8.39745775079787","9.00708580961916","0.966","0.079","0.536","2,3,4,5,6,7,8,9,151,152,153,154,155,156,157,158,159",0.00122036552741379,FALSE,0,0,1,0,17,0,17,0,0.944444444444444
"kappa.o",72,300,0.33,"TRUE","TRUE","FALSE","17.1759367036731","8.17038310372837","9.00555359994476","0.826","0.079","0.556","2,3,4,5,6,7,8,9,151,152,153,154,155,156,157,158,159",0.00132601150456919,FALSE,0,0,1,0,17,0,17,0,0.944444444444444
"kappa.o",73,300,0.33,"TRUE","TRUE","FALSE","18.1216089998828","9.02244170583516","9.09916729404765","0.889","0.072","0.51","1,2,3,4,5,6,7,8,9,151,152,153,154,155,156,157,158,159",0.000867129639671238,TRUE,0,0,0,0,18,0,18,0,1
"kappa.o",74,300,0.33,"TRUE","TRUE","FALSE","17.1312367711944","8.12382083242259","9.00741593877184","0.753","0.075","0.539","2,3,4,5,6,7,8,9,151,152,153,154,155,156,157,158,159",0.00109660543522553,FALSE,0,0,1,0,17,0,17,0,0.944444444444444
"kappa.o",75,300,0.33,"TRUE","TRUE","FALSE","17.5629040661563","8.55819872896542","9.00470533719088","0.868","0.078","0.56","2,3,4,5,6,7,8,9,151,152,153,154,155,156,157,158,159",0.000788307620301877,FALSE,0,0,1,0,17,0,17,0,0.944444444444444
"kappa.o",76,300,0.33,"TRUE","TRUE","FALSE","17.1931461905808","8.18779934259251","9.00534684798833","0.807","0.077","0.528","2,3,4,5,6,7,8,9,151,152,153,154,155,156,157,158,159",0.000907047935061034,FALSE,0,0,1,0,17,0,17,0,0.944444444444444
"kappa.o",77,300,0.33,"TRUE","TRUE","FALSE","17.2168646129418","8.21365466621972","9.00320994672213","0.886","0.074","0.56","2,3,4,5,6,7,8,9,151,152,153,154,155,156,157,158,159",0.00100036143957953,FALSE,0,0,1,0,17,0,17,0,0.944444444444444
"kappa.o",78,300,0.33,"TRUE","TRUE","FALSE","17.1801786707925","8.17097610156764","9.00920256922486","0.78","0.075","0.503","2,3,4,5,6,7,8,9,151,152,153,154,155,156,157,158,159",0.00096784521638326,FALSE,0,0,1,0,17,0,17,0,0.944444444444444
"kappa.o",79,300,0.33,"TRUE","TRUE","FALSE","17.1372386622828","8.12770981824075","9.00952884404208","0.772","0.075","0.509","2,3,4,5,6,7,8,9,151,152,153,154,155,156,157,158,159",0.00088152163615097,FALSE,0,0,1,0,17,0,17,0,0.944444444444444
"kappa.o",8,300,0.33,"TRUE","TRUE","FALSE","17.1077968209116","8.10410855409459","9.00368826681706","0.688","0.075","0.535","2,3,4,5,6,7,8,9,151,152,153,154,155,156,157,158,159",0.00135169125517997,FALSE,0,0,1,0,17,0,17,0,0.944444444444444
"kappa.o",80,300,0.33,"TRUE","TRUE","FALSE","17.0994217282639","8.09428432167851","9.00513740658536","0.852","0.079","0.568","2,3,4,5,6,7,8,9,151,152,153,154,155,156,157,158,159",0.00129621956331992,FALSE,0,0,1,0,17,0,17,0,0.944444444444444
"kappa.o",81,300,0.33,"TRUE","TRUE","FALSE","17.1602600991742","8.15644302272303","9.00381707645119","0.924","0.077","0.574","2,3,4,5,6,7,8,9,151,152,153,154,155,156,157,158,159",0.000991180898617523,FALSE,0,0,1,0,17,0,17,0,0.944444444444444
"kappa.o",82,300,0.33,"TRUE","TRUE","FALSE","17.4060714932173","8.40055463044106","9.00551686277625","0.893","0.08","0.56","2,3,4,5,6,7,8,9,151,152,153,154,155,156,157,158,159",0.000685778956217358,FALSE,0,0,1,0,17,0,17,0,0.944444444444444
"kappa.o",83,300,0.33,"TRUE","TRUE","FALSE","17.3776425662894","8.37378290029381","9.00385966599559","0.959","0.073","0.486","2,3,4,5,6,7,8,9,151,152,153,154,155,156,157,158,159",0.000869089377680006,FALSE,0,0,1,0,17,0,17,0,0.944444444444444
"kappa.o",84,300,0.33,"TRUE","TRUE","FALSE","17.1654704759272","8.16219877896169","9.00327169696551","0.8","0.071","0.498","2,3,4,5,6,7,8,9,151,152,153,154,155,156,157,158,159",0.000523886884277627,FALSE,0,0,1,0,17,0,17,0,0.944444444444444
"kappa.o",85,300,0.33,"TRUE","TRUE","FALSE","16.8922214275731","7.88712495247016","9.00509647510295","0.991","0.076","0.578","2,3,4,5,6,7,8,9,151,152,153,154,155,156,157,158,159",0.000787186254502016,FALSE,0,0,1,0,17,0,17,0,0.944444444444444
"kappa.o",86,300,0.33,"TRUE","TRUE","FALSE","17.1275516422905","8.1230344681457","9.00451717414476","0.772","0.073","0.517","2,3,4,5,6,7,8,9,151,152,153,154,155,156,157,158,159",0.000641685656944664,FALSE,0,0,1,0,17,0,17,0,0.944444444444444
"kappa.o",87,300,0.33,"TRUE","TRUE","FALSE","17.5668133843112","8.55891240275773","9.00790098155347","0.895","0.071","0.493","2,3,4,5,6,7,8,9,151,152,153,154,155,156,157,158,159",0.00049957208416416,FALSE,0,0,1,0,17,0,17,0,0.944444444444444
"kappa.o",88,300,0.33,"TRUE","TRUE","FALSE","17.1038329779645","8.09635063016826","9.0074823477962","0.84","0.08","0.532","2,3,4,5,6,7,8,9,151,152,153,154,155,156,157,158,159",0.000770816953329892,FALSE,0,0,1,0,17,0,17,0,0.944444444444444
"kappa.o",89,300,0.33,"TRUE","TRUE","FALSE","18.1436408079114","9.11637949923199","9.02726130867939","0.768","0.073","0.519","1,2,3,4,5,6,7,8,9,151,152,153,154,155,156,157,158,159",0.000798246907926333,TRUE,0,0,0,0,18,0,18,0,1
"kappa.o",9,300,0.33,"TRUE","TRUE","FALSE","17.1825291624167","8.19748366587971","8.98504549653703","0.865","0.078","0.54","2,3,4,5,6,7,8,9,151,152,153,154,155,156,157,158,159",0.00112797654512771,FALSE,0,0,1,0,17,0,17,0,0.944444444444444
"kappa.o",90,300,0.33,"TRUE","TRUE","FALSE","16.7531513140657","7.74984068723641","9.00331062682934","0.984","0.084","0.551","2,3,4,5,6,7,8,9,151,152,153,154,155,156,157,158,159",0.00121252335094356,FALSE,0,0,1,0,17,0,17,0,0.944444444444444
"kappa.o",91,300,0.33,"TRUE","TRUE","FALSE","17.1923143926728","8.18973134334213","9.00258304933069","0.788","0.077","0.508","2,3,4,5,6,7,8,9,151,152,153,154,155,156,157,158,159",0.00121174427125744,FALSE,0,0,1,0,17,0,17,0,0.944444444444444
"kappa.o",92,300,0.33,"TRUE","TRUE","FALSE","17.2235800898555","8.21848072565989","9.00509936419562","0.913","0.081","0.523","2,3,4,5,6,7,8,9,151,152,153,154,155,156,157,158,159",0.00109315243725541,FALSE,0,0,1,0,17,0,17,0,0.944444444444444
"kappa.o",93,300,0.33,"TRUE","TRUE","FALSE","17.0542492232781","8.17300257046963","8.88124665280847","0.818","0.073","0.522","2,3,4,5,6,7,8,9,151,152,153,154,155,156,157,158,159",0.00171093185701342,FALSE,0,0,1,0,17,0,17,0,0.944444444444444
"kappa.o",94,300,0.33,"TRUE","TRUE","FALSE","18.1938952937342","9.1881453353744","9.00574995835978","1.187","0.085","0.575","1,2,3,4,5,6,7,8,9,151,152,153,154,155,156,157,158,159",0.0010779263920481,TRUE,0,0,0,0,18,0,18,0,1
"kappa.o",95,300,0.33,"TRUE","TRUE","FALSE","17.1268923083092","8.12026083379088","9.00663147451832","0.749","0.079","0.591","2,3,4,5,6,7,8,9,151,152,153,154,155,156,157,158,159",0.000633907864088182,FALSE,0,0,1,0,17,0,17,0,0.944444444444444
"kappa.o",96,300,0.33,"TRUE","TRUE","FALSE","17.6559531439357","8.64274952129593","9.01320362263977","1.059","0.072","0.52","2,3,4,5,6,7,8,9,151,152,153,154,155,156,157,158,159",0.00111833242365006,FALSE,0,0,1,0,17,0,17,0,0.944444444444444
"kappa.o",97,300,0.33,"TRUE","TRUE","FALSE","17.2249886367306","8.22696062010267","8.99802801662789","0.9","0.091","0.593","2,3,4,5,6,7,8,9,151,152,153,154,155,156,157,158,159",0.000952036779081829,FALSE,0,0,1,0,17,0,17,0,0.944444444444444
"kappa.o",98,300,0.33,"TRUE","TRUE","FALSE","16.5514560812753","7.54275383435849","9.00870224691682","0.927","0.074","0.539","2,3,4,6,7,8,9,151,152,153,154,155,156,157,158,159",0.00248883197735954,FALSE,0,0,2,0,16,0,16,0,0.888888888888889
"kappa.o",99,300,0.33,"TRUE","TRUE","FALSE","17.1651030198294","8.15749629195607","9.00760672787332","0.776","0.081","0.518","2,3,4,5,6,7,8,9,151,152,153,154,155,156,157,158,159",0.000643621616481878,FALSE,0,0,1,0,17,0,17,0,0.944444444444444
"lasso.cv",1,300,0.33,"FALSE","FALSE","FALSE","16.5856605279689","7.57910987944427","9.00655064852461","0.864","0.084","0.556","2,3,4,5,6,7,8,9,11,14,20,23,24,27,28,33,35,43,44,58,59,62,63,68,72,75,76,80,81,82,85,88,90,95,101,104,107,108,109,110,116,120,130,135,146,148,151,152,153,154,155,156,157,158,159,163,165",0.00262773409913535,FALSE,38,2,1,0,57,40,17,0.701754385964912,0.944444444444444
"lasso.cv",10,300,0.33,"TRUE","TRUE","FALSE","16.9581286059069","7.95409011838503","9.00403848752185","0.862","0.077","0.521","1,2,3,4,5,6,7,8,9,11,15,16,19,24,36,40,54,57,72,94,110,112,116,118,134,141,147,149,151,152,153,154,155,156,157,158,159,164,165,166",0.00158822702839978,FALSE,19,3,0,0,40,22,18,0.55,1
"lasso.cv",100,300,0.33,"TRUE","TRUE","FALSE","16.8709108529522","8.1472405932182","8.72367025973395","0.926","0.077","0.555","2,3,4,5,6,7,8,9,11,18,19,21,25,30,34,36,37,40,42,45,50,60,63,72,75,77,90,93,108,118,128,130,133,136,139,142,145,146,151,152,153,154,155,156,157,158,159,161,166",0.00258689365160536,FALSE,30,2,1,0,49,32,17,0.653061224489796,0.944444444444444
"lasso.cv",11,300,0.33,"TRUE","TRUE","FALSE","17.1411107871469","8.13683570454882","9.00427508259807","0.771","0.075","0.543","1,2,3,4,5,6,7,8,9,10,11,15,19,21,22,25,28,31,32,36,40,47,50,54,63,64,70,81,83,88,102,104,107,110,120,127,132,141,142,151,152,153,154,155,156,157,158,159,162",0.00161654426589141,FALSE,30,1,0,0,49,31,18,0.63265306122449,1
"lasso.cv",12,300,0.33,"TRUE","TRUE","FALSE","17.9721346638192","8.96809900538803","9.00403565843116","0.913","0.081","0.515","1,2,3,4,5,6,7,8,9,20,24,30,34,40,41,44,49,50,51,53,60,62,65,69,71,74,83,85,86,91,92,94,95,96,98,102,103,108,110,112,121,128,132,134,142,151,152,153,154,155,156,157,158,159,167",0.00250962520503943,FALSE,36,1,0,0,55,37,18,0.672727272727273,1
"lasso.cv",13,300,0.33,"TRUE","TRUE","FALSE","18.0686481592268","9.06267288317245","9.00597527605432","0.841","0.073","0.507","1,2,3,4,5,6,7,8,9,11,13,26,31,37,43,44,49,62,63,64,66,83,84,103,105,108,109,111,117,122,127,131,135,136,140,150,151,152,153,154,155,156,157,158,159,165,167",0.00231014400774958,FALSE,27,2,0,0,47,29,18,0.617021276595745,1
"lasso.cv",14,300,0.33,"TRUE","TRUE","FALSE","16.6617526638616","7.65520407896979","9.00654858489183","0.869","0.074","0.569","1,2,3,4,5,6,7,8,9,12,20,21,25,26,28,33,36,41,42,44,47,49,54,56,69,75,77,84,85,88,91,93,95,98,104,110,111,112,115,120,122,127,128,129,130,134,136,139,140,142,143,144,148,151,152,153,154,155,156,157,158,159,161,165",0.0022653984788989,FALSE,44,2,0,0,64,46,18,0.71875,1
"lasso.cv",15,300,0.33,"TRUE","TRUE","FALSE","17.1300693121282","8.12516869736927","9.00490061475891","0.72","0.072","0.514","1,2,3,4,5,6,7,8,9,13,14,15,26,29,37,40,47,57,70,72,74,81,83,84,97,104,105,106,112,118,121,132,139,149,151,152,153,154,155,156,157,158,159,160,163,166",0.00165121485655065,FALSE,25,3,0,0,46,28,18,0.608695652173913,1
"lasso.cv",16,300,0.33,"TRUE","TRUE","FALSE","17.1379900769322","8.13356032335065","9.00442975358159","0.768","0.074","0.502","1,2,3,4,5,6,7,8,9,19,21,24,31,42,45,54,68,71,82,85,97,104,106,109,112,113,116,119,120,122,123,125,128,131,151,152,153,154,155,156,157,158,159,165",0.00144742937153074,FALSE,25,1,0,0,44,26,18,0.590909090909091,1
"lasso.cv",17,300,0.33,"TRUE","TRUE","FALSE","17.3292820703337","8.32421041026813","9.00507166006557","0.867","0.078","0.524","1,2,3,4,5,6,7,8,9,11,14,22,23,25,26,29,36,37,53,54,58,59,60,67,71,73,74,76,77,78,81,88,96,103,112,113,118,127,133,137,140,144,151,152,153,154,155,156,157,158,159,160,161,165,166",0.00282719792470221,FALSE,33,4,0,0,55,37,18,0.672727272727273,1
"lasso.cv",18,300,0.33,"TRUE","TRUE","FALSE","17.1498980376772","8.13045661698354","9.01944142069362","0.768","0.078","0.582","1,2,3,4,5,6,7,8,9,15,16,20,21,24,29,30,31,35,38,45,47,50,52,54,56,62,64,68,70,75,76,79,81,83,84,91,92,93,95,96,97,98,99,101,107,110,112,115,116,120,126,129,130,131,133,134,137,141,148,151,152,153,154,155,156,157,158,159,160,163,165,167",0.00319040317436732,FALSE,50,4,0,0,72,54,18,0.75,1
"lasso.cv",19,300,0.33,"TRUE","TRUE","FALSE","17.0741046918642","8.06874191964337","9.00536277222084","0.762","0.074","0.529","2,3,4,5,6,7,8,9,11,13,14,18,21,23,33,42,51,53,57,67,72,75,76,77,79,86,88,91,92,100,102,127,141,142,143,146,148,150,151,152,153,154,155,156,157,158,159,165,166,167",0.00193037809750694,FALSE,30,3,1,0,50,33,17,0.66,0.944444444444444
"lasso.cv",2,300,0.33,"TRUE","TRUE","FALSE","17.2229570094682","8.21801437877394","9.00494263069425","0.821","0.08","0.526","1,2,3,4,5,6,7,8,9,13,23,28,30,35,36,44,47,50,57,60,65,70,82,89,90,98,102,122,128,132,151,152,153,154,155,156,157,158,159,167",0.00209365265087319,FALSE,21,1,0,0,40,22,18,0.55,1
"lasso.cv",20,300,0.33,"TRUE","TRUE","FALSE","17.2101156231899","8.20045053481374","9.00966508837616","0.814","0.074","0.55","1,2,3,4,5,6,7,8,9,21,37,41,42,46,49,52,57,78,82,85,89,101,104,107,110,112,115,129,133,137,139,148,149,151,152,153,154,155,156,157,158,159,164",0.00194339759889777,FALSE,24,1,0,0,43,25,18,0.581395348837209,1
"lasso.cv",21,300,0.33,"TRUE","TRUE","FALSE","17.1275130301157","8.11876051405248","9.00875251606321","0.803","0.072","0.509","1,2,3,4,5,6,7,8,9,18,20,36,42,44,47,49,51,64,66,72,82,98,101,103,104,109,125,127,144,151,152,153,154,155,156,157,158,159,162,165,166",0.00188479037848169,FALSE,20,3,0,0,41,23,18,0.560975609756098,1
"lasso.cv",22,300,0.33,"TRUE","TRUE","FALSE","17.081094725788","8.45025927475891","8.63083545102907","1.23","0.084","0.579","1,2,3,4,5,6,7,8,9,10,12,13,14,16,18,19,21,26,29,31,39,40,41,43,46,47,49,50,51,52,54,56,57,59,64,66,70,71,74,76,84,85,90,91,92,94,96,99,103,104,105,107,108,111,112,114,115,118,123,125,126,127,131,132,139,141,143,144,146,147,151,152,153,154,155,156,157,158,159,162,165",0.00355464924955063,FALSE,61,2,0,0,81,63,18,0.777777777777778,1
"lasso.cv",23,300,0.33,"TRUE","TRUE","FALSE","17.2618151210126","8.27147096143072","8.99034415958186","0.819","0.076","0.535","1,2,3,4,5,6,7,8,9,10,20,22,31,41,42,47,49,60,61,63,87,92,96,102,109,110,112,124,125,127,129,132,137,151,152,153,154,155,156,157,158,159,162,166",0.00223938701856534,FALSE,24,2,0,0,44,26,18,0.590909090909091,1
"lasso.cv",24,300,0.33,"TRUE","TRUE","FALSE","17.1299055135474","8.12696373623725","9.00294177731016","0.765","0.085","0.578","1,2,3,4,5,6,7,8,9,16,21,22,28,38,39,41,43,45,46,54,65,66,74,76,78,102,107,113,114,128,129,132,135,137,140,151,152,153,154,155,156,157,158,159,165",0.00219699846340946,FALSE,26,1,0,0,45,27,18,0.6,1
"lasso.cv",25,300,0.33,"TRUE","TRUE","FALSE","17.5787908878626","8.57528588007319","9.00350500778937","0.972","0.076","0.574","1,2,3,4,5,6,7,8,9,10,14,15,20,21,24,29,41,47,55,58,59,65,71,73,76,77,80,82,85,86,87,88,90,96,100,104,117,122,146,151,152,153,154,155,156,157,158,159,163,165",0.00262951033960704,FALSE,30,2,0,0,50,32,18,0.64,1
"lasso.cv",26,300,0.33,"TRUE","TRUE","FALSE","17.5406784637154","8.53747887470067","9.00319958901475","0.898","0.08","0.543","1,2,3,4,5,6,7,8,9,46,49,52,54,56,66,68,76,77,86,92,93,101,104,105,107,111,112,113,114,121,122,130,139,151,152,153,154,155,156,157,158,159",0.00236374645470625,FALSE,24,0,0,0,42,24,18,0.571428571428571,1
"lasso.cv",27,300,0.33,"TRUE","TRUE","FALSE","17.1624105613688","8.14975084137783","9.01265971999101","0.783","0.074","0.557","1,2,3,4,5,6,7,8,9,15,17,18,23,26,42,44,45,47,58,62,68,72,76,77,80,87,95,98,99,109,116,119,123,128,129,130,131,132,138,145,151,152,153,154,155,156,157,158,159,166",0.00222990957525218,FALSE,31,1,0,0,50,32,18,0.64,1
"lasso.cv",28,300,0.33,"TRUE","TRUE","FALSE","17.2414640628087","8.22205499309926","9.01940906970944","0.862","0.074","0.532","1,2,3,4,5,6,7,8,9,15,16,19,23,35,42,44,46,49,57,71,73,75,77,78,80,95,97,107,110,112,113,116,121,122,125,136,140,141,143,144,147,150,151,152,153,154,155,156,157,158,159,166,167",0.00206175277631647,FALSE,33,2,0,0,53,35,18,0.660377358490566,1
"lasso.cv",29,300,0.33,"TRUE","TRUE","FALSE","17.3242703623945","8.31969927508392","9.00457108731058","0.86","0.076","0.57","1,2,3,4,5,6,7,8,9,15,18,31,35,40,43,49,62,63,64,65,66,71,72,77,79,84,87,90,98,102,105,106,107,108,109,110,111,112,119,130,132,149,151,152,153,154,155,156,157,158,159",0.00190327959495253,FALSE,33,0,0,0,51,33,18,0.647058823529412,1
"lasso.cv",3,300,0.33,"TRUE","TRUE","FALSE","18.0633283815332","9.05881178820526","9.00451659332798","0.797","0.08","0.53","1,2,3,4,5,6,7,8,9,16,18,20,21,29,39,41,46,47,55,59,63,67,68,73,77,84,85,90,101,107,108,110,121,122,123,125,136,138,140,142,145,151,152,153,154,155,156,157,158,159,163,164,165",0.0017299317773071,FALSE,32,3,0,0,53,35,18,0.660377358490566,1
"lasso.cv",30,300,0.33,"TRUE","TRUE","FALSE","17.2396788546928","8.23027994659939","9.00939890809339","0.97","0.077","0.629","1,2,3,4,5,6,7,8,9,10,11,13,29,31,34,35,36,40,48,49,59,78,81,90,94,96,99,106,107,108,133,138,141,143,146,147,151,152,153,154,155,156,157,158,159,160,163,164",0.00368462738709421,FALSE,27,3,0,0,48,30,18,0.625,1
"lasso.cv",31,300,0.33,"TRUE","TRUE","FALSE","17.7000213649406","8.66516783403541","9.03485353090517","0.962","0.076","0.569","1,2,3,4,5,6,7,8,9,13,15,16,18,21,24,25,28,29,30,35,36,40,48,50,55,57,62,71,73,75,82,84,87,88,94,99,101,103,105,108,112,116,118,119,123,126,127,130,138,143,147,149,151,152,153,154,155,156,157,158,159,163,164,165",0.00370933373215073,FALSE,43,3,0,0,64,46,18,0.71875,1
"lasso.cv",32,300,0.33,"TRUE","TRUE","FALSE","17.1421559856114","8.13756632886387","9.00458965674757","0.761","0.078","0.493","2,3,4,5,6,7,8,9,13,14,20,31,36,40,41,44,46,58,98,101,103,106,112,125,131,137,140,148,151,152,153,154,155,156,157,158,159",0.00142069195366434,FALSE,20,0,1,0,37,20,17,0.540540540540541,0.944444444444444
"lasso.cv",33,300,0.33,"TRUE","TRUE","FALSE","17.1238843511267","8.12019114546496","9.00369320566177","0.711","0.079","0.488","1,2,3,4,5,6,7,8,9,15,28,30,35,46,51,55,56,60,61,89,92,95,98,100,108,115,128,134,135,136,151,152,153,154,155,156,157,158,159,163",0.0021595928520229,FALSE,21,1,0,0,40,22,18,0.55,1
"lasso.cv",34,300,0.33,"TRUE","TRUE","FALSE","17.187827572679","8.18262270420498","9.00520486847399","0.789","0.086","0.579","1,2,3,4,5,6,7,8,9,10,11,17,21,22,25,26,27,29,31,39,42,57,59,68,70,71,74,81,88,90,92,99,104,105,106,109,112,114,116,120,141,145,146,148,151,152,153,154,155,156,157,158,159,161,162,166",0.00223500585639798,FALSE,35,3,0,0,56,38,18,0.678571428571429,1
"lasso.cv",35,300,0.33,"TRUE","TRUE","FALSE","17.4038523910628","8.39627085736348","9.00758153369933","0.975","0.076","0.522","1,2,3,4,5,6,7,8,9,12,15,19,20,22,26,39,42,50,72,73,75,82,94,102,103,104,111,112,114,120,127,131,132,135,138,142,145,149,151,152,153,154,155,156,157,158,159,162",0.00237506282926102,FALSE,29,1,0,0,48,30,18,0.625,1
"lasso.cv",36,300,0.33,"TRUE","TRUE","FALSE","17.642187184675","8.63857006901858","9.00361711565646","0.999","0.074","0.524","1,2,3,4,5,6,7,8,9,12,13,17,27,34,36,37,47,53,55,57,61,67,68,73,80,84,90,91,93,97,102,114,116,123,129,131,134,137,151,152,153,154,155,156,157,158,159,160",0.00180928266840289,FALSE,29,1,0,0,48,30,18,0.625,1
"lasso.cv",37,300,0.33,"TRUE","TRUE","FALSE","17.2704206846902","8.26373844070412","9.00668224398612","0.96","0.082","0.504","1,2,3,4,5,6,7,8,9,14,21,26,34,37,43,45,47,59,63,76,78,85,87,94,96,99,102,108,109,120,122,134,135,140,144,151,152,153,154,155,156,157,158,159",0.00219321831993287,FALSE,26,0,0,0,44,26,18,0.590909090909091,1
"lasso.cv",38,300,0.33,"TRUE","TRUE","FALSE","17.2849915912251","8.28090552608513","9.00408606513993","0.858","0.077","0.517","1,2,3,4,5,6,7,8,9,10,18,31,32,33,37,55,61,69,70,76,77,84,85,88,89,91,94,96,98,106,109,121,122,130,133,137,146,151,152,153,154,155,156,157,158,159,161,163,166",0.0016164269473039,FALSE,28,3,0,0,49,31,18,0.63265306122449,1
"lasso.cv",39,300,0.33,"TRUE","TRUE","FALSE","17.4061766684554","8.39730199730314","9.00887467115225","0.92","0.078","0.577","1,2,3,4,5,6,7,8,9,16,20,23,30,36,40,43,45,48,51,56,59,66,69,71,72,73,74,77,79,82,88,90,95,96,101,103,107,110,111,112,114,118,122,123,125,127,128,132,134,139,143,151,152,153,154,155,156,157,158,159,163,165,166",0.00216609897046211,FALSE,42,3,0,0,63,45,18,0.714285714285714,1
"lasso.cv",4,300,0.33,"TRUE","TRUE","FALSE","17.2845095545827","8.26727120584463","9.01723834873805","0.862","0.072","0.524","1,2,3,4,5,6,7,8,9,11,20,24,26,29,36,43,44,51,59,62,66,76,79,84,85,95,98,111,112,114,118,120,122,128,135,138,139,140,151,152,153,154,155,156,157,158,159,160,163,164,165",0.00247423686855715,FALSE,29,4,0,0,51,33,18,0.647058823529412,1
"lasso.cv",40,300,0.33,"TRUE","TRUE","FALSE","17.1327329499647","8.12656497801215","9.00616797195256","0.741","0.071","0.503","1,2,3,4,5,6,7,8,9,13,15,18,26,29,30,39,44,51,60,63,68,75,78,82,89,96,97,100,102,109,110,115,116,125,129,131,132,151,152,153,154,155,156,157,158,159,166",0.00142109078513738,FALSE,28,1,0,0,47,29,18,0.617021276595745,1
"lasso.cv",41,300,0.33,"TRUE","TRUE","FALSE","17.2094736976658","8.17599251930663","9.0334811783592","0.842","0.076","0.564","1,2,3,4,5,6,7,8,9,12,13,16,18,22,34,39,40,41,44,52,54,59,68,70,71,72,73,75,78,80,85,89,99,104,107,115,121,123,124,126,133,134,140,143,145,147,151,152,153,154,155,156,157,158,159,164,165,166",0.00265696400804608,FALSE,37,3,0,0,58,40,18,0.689655172413793,1
"lasso.cv",42,300,0.33,"TRUE","TRUE","FALSE","17.1124490946158","8.10905701360503","9.00339208101077","0.725","0.073","0.492","2,3,4,5,6,7,8,9,11,16,18,32,34,37,47,50,56,70,73,75,77,83,87,101,102,110,115,116,119,127,133,138,142,151,152,153,154,155,156,157,158,159,165",0.00178992887443513,FALSE,25,1,1,0,43,26,17,0.604651162790698,0.944444444444444
"lasso.cv",43,300,0.33,"TRUE","TRUE","FALSE","17.3180477494444","8.31084745519706","9.00720029424733","0.874","0.078","0.58","1,2,3,4,5,6,7,8,9,18,20,22,25,29,30,31,39,40,48,59,61,63,71,73,76,77,82,85,102,103,104,105,106,112,116,122,125,151,152,153,154,155,156,157,158,159,167",0.00264002730141332,FALSE,28,1,0,0,47,29,18,0.617021276595745,1
"lasso.cv",44,300,0.33,"TRUE","TRUE","FALSE","17.1497430720351","8.1460939611387","9.00364911089644","0.768","0.073","0.554","1,2,3,4,5,6,7,8,9,16,18,28,41,45,58,61,63,64,71,77,83,86,87,108,123,124,125,130,139,140,143,147,151,152,153,154,155,156,157,158,159,165,166",0.00219928749332276,FALSE,23,2,0,0,43,25,18,0.581395348837209,1
"lasso.cv",45,300,0.33,"TRUE","TRUE","FALSE","17.1238908603998","8.11468926979101","9.00920159060876","0.825","0.076","0.576","1,2,3,4,5,6,7,8,9,11,14,19,20,26,30,32,41,42,44,46,47,56,59,64,66,78,79,83,87,88,97,100,102,105,106,125,130,131,149,151,152,153,154,155,156,157,158,159,165",0.00227651836308826,FALSE,30,1,0,0,49,31,18,0.63265306122449,1
"lasso.cv",46,300,0.33,"TRUE","TRUE","FALSE","16.9085309565698","7.90164813912697","9.00688281744284","1.018","0.078","0.538","2,3,4,5,6,7,8,9,13,18,20,21,28,32,35,42,43,51,55,58,66,69,83,89,92,99,111,116,117,118,123,124,135,137,151,152,153,154,155,156,157,158,159,165",0.0023509179418796,FALSE,26,1,1,0,44,27,17,0.613636363636364,0.944444444444444
"lasso.cv",47,300,0.33,"TRUE","TRUE","FALSE","17.1661844739113","8.15310131884094","9.01308315507036","0.806","0.075","0.574","1,2,3,4,5,6,7,8,9,13,15,16,19,22,31,37,40,41,43,45,67,74,77,81,82,89,90,91,92,95,97,100,101,102,103,105,109,116,122,124,127,147,151,152,153,154,155,156,157,158,159,162,164,165,166",0.00186686710248699,FALSE,33,4,0,0,55,37,18,0.672727272727273,1
"lasso.cv",48,300,0.33,"TRUE","TRUE","FALSE","17.1088252488418","8.10526110400602","9.00356414483582","0.807","0.076","0.542","1,2,3,4,5,6,7,8,9,12,19,21,26,29,32,34,36,40,43,46,49,54,70,76,81,84,93,95,97,102,103,108,117,118,119,122,125,148,150,151,152,153,154,155,156,157,158,159,163,165",0.00239704998469853,FALSE,30,2,0,0,50,32,18,0.64,1
"lasso.cv",49,300,0.33,"TRUE","TRUE","FALSE","16.8160429303521","7.77592269366852","9.0401202366836","1.085","0.082","0.595","1,2,3,4,5,6,7,8,9,10,13,16,19,20,21,22,24,25,26,29,31,36,42,46,52,53,61,62,77,85,89,94,95,101,102,103,106,111,114,115,118,120,125,127,129,135,136,141,150,151,152,153,154,155,156,157,158,159,160,161,162,163,165,167",0.00318700672805085,FALSE,40,6,0,0,64,46,18,0.71875,1
"lasso.cv",5,300,0.33,"TRUE","TRUE","FALSE","17.2160739888522","8.21092230795581","9.00515168089638","0.835","0.082","0.56","1,2,3,4,5,6,7,8,9,24,25,31,36,38,44,47,51,52,53,56,59,60,61,63,65,69,75,85,86,87,95,99,101,103,104,109,111,112,113,121,132,135,140,142,151,152,153,154,155,156,157,158,159,160,161",0.00216732991361304,FALSE,35,2,0,0,55,37,18,0.672727272727273,1
"lasso.cv",50,300,0.33,"TRUE","TRUE","FALSE","17.1766466614684","8.17247626871353","9.00417039275489","0.783","0.07","0.509","1,2,3,4,5,6,7,8,9,12,13,17,18,19,20,22,26,30,51,57,75,82,91,94,100,102,103,107,109,114,121,140,141,146,151,152,153,154,155,156,157,158,159,160",0.00151982606765415,FALSE,25,1,0,0,44,26,18,0.590909090909091,1
"lasso.cv",51,300,0.33,"TRUE","TRUE","FALSE","17.1974686447623","8.1832561847946","9.0142124599677","0.807","0.08","0.525","1,2,3,4,5,6,7,8,9,12,14,15,17,18,21,22,39,41,42,48,53,56,57,58,59,61,65,67,69,71,74,77,81,84,85,89,97,98,105,106,107,109,111,114,115,118,128,130,138,142,150,151,152,153,154,155,156,157,158,159,161,166,167",0.00293700457529147,FALSE,42,3,0,0,63,45,18,0.714285714285714,1
"lasso.cv",52,300,0.33,"TRUE","TRUE","FALSE","17.3491843886658","8.34323264211737","9.00595174654841","1.014","0.079","0.571","1,2,3,4,5,6,7,8,9,12,13,14,17,25,26,30,31,53,55,56,58,60,61,74,75,76,80,81,83,86,90,93,97,99,100,102,103,108,111,113,116,122,123,135,138,139,143,144,150,151,152,153,154,155,156,157,158,159,160,161,162",0.00280036247545912,FALSE,40,3,0,0,61,43,18,0.704918032786885,1
"lasso.cv",53,300,0.33,"TRUE","TRUE","FALSE","17.3853511905702","8.38324357071824","9.00210761985199","0.982","0.073","0.517","1,2,3,4,5,6,7,8,9,13,15,21,22,28,35,38,39,46,56,57,60,68,70,80,81,88,104,106,107,116,119,123,129,135,136,137,142,145,151,152,153,154,155,156,157,158,159",0.00204392582300059,FALSE,29,0,0,0,47,29,18,0.617021276595745,1
"lasso.cv",54,300,0.33,"TRUE","TRUE","FALSE","17.3366712602355","8.33144557480371","9.0052256854318","0.939","0.076","0.522","1,2,3,4,5,6,7,8,9,13,18,21,22,24,29,32,34,35,38,45,47,49,59,61,66,71,79,80,85,87,96,101,102,104,105,113,115,123,125,127,128,135,138,140,145,151,152,153,154,155,156,157,158,159,161",0.00153198029946521,FALSE,36,1,0,0,55,37,18,0.672727272727273,1
"lasso.cv",55,300,0.33,"TRUE","TRUE","FALSE","17.2013914961026","8.19576472113997","9.00562677496267","0.882","0.079","0.552","1,2,3,4,5,6,7,8,9,13,14,18,20,26,29,36,42,43,46,50,55,57,59,68,73,77,85,87,93,97,99,102,108,117,123,125,127,131,134,140,141,144,145,146,151,152,153,154,155,156,157,158,159,164,165",0.0028029071004127,FALSE,35,2,0,0,55,37,18,0.672727272727273,1
"lasso.cv",56,300,0.33,"TRUE","TRUE","FALSE","17.2363396329443","8.13636369193597","9.09997594100835","0.935","0.073","0.523","1,2,3,4,5,6,7,8,9,10,11,16,25,31,33,38,39,40,52,53,59,64,81,84,89,109,111,114,124,131,133,135,138,151,152,153,154,155,156,157,158,159,166,167",0.00190599784016253,FALSE,24,2,0,0,44,26,18,0.590909090909091,1
"lasso.cv",57,300,0.33,"TRUE","TRUE","FALSE","17.2617845927475","8.25040772106365","9.01137687168389","0.845","0.073","0.504","1,2,3,4,5,6,7,8,9,18,27,31,32,41,47,49,68,73,75,77,80,84,85,88,93,100,116,118,123,128,140,141,144,151,152,153,154,155,156,157,158,159,160,166",0.00216124581336537,FALSE,24,2,0,0,44,26,18,0.590909090909091,1
"lasso.cv",58,300,0.33,"TRUE","TRUE","FALSE","17.1755589290736","8.17386310096995","9.00169582810367","0.781","0.07","0.519","1,2,3,4,5,6,7,8,9,14,21,24,30,41,66,73,81,84,87,94,96,99,101,116,127,141,142,151,152,153,154,155,156,157,158,159",0.00108134746710192,FALSE,18,0,0,0,36,18,18,0.5,1
"lasso.cv",59,300,0.33,"TRUE","TRUE","FALSE","17.207833422102","8.20185480187425","9.00597862022772","0.807","0.08","0.553","2,3,4,5,6,7,8,9,11,14,23,24,26,36,40,54,82,83,88,100,106,108,110,116,117,127,128,131,134,136,137,140,143,151,152,153,154,155,156,157,158,159,166",0.00161950191712143,FALSE,25,1,1,0,43,26,17,0.604651162790698,0.944444444444444
"lasso.cv",6,300,0.33,"TRUE","TRUE","FALSE","17.1478177187285","8.13778692910564","9.01003078962284","0.839","0.079","0.582","1,2,3,4,5,6,7,8,9,13,18,23,29,30,35,36,38,41,46,53,56,57,61,65,67,68,69,77,79,80,83,84,87,96,98,102,105,113,115,116,118,123,130,133,135,138,141,143,145,148,151,152,153,154,155,156,157,158,159,160,165",0.00329230842193432,FALSE,41,2,0,0,61,43,18,0.704918032786885,1
"lasso.cv",60,300,0.33,"TRUE","TRUE","FALSE","17.1392111890291","8.13349398075163","9.00571720827748","0.816","0.076","0.542","1,2,3,4,5,6,7,8,9,20,21,28,33,34,40,42,53,56,58,61,79,90,113,115,117,121,122,125,126,129,134,135,151,152,153,154,155,156,157,158,159",0.00167890486366469,FALSE,23,0,0,0,41,23,18,0.560975609756098,1
"lasso.cv",61,300,0.33,"TRUE","TRUE","FALSE","17.1867986929341","8.16335241209667","9.02344628083743","0.816","0.079","0.528","1,2,3,4,5,6,7,8,9,11,14,16,19,20,21,22,25,27,28,29,30,33,35,44,45,48,51,52,53,54,57,59,60,62,64,67,68,69,72,73,76,78,79,81,85,86,88,91,92,93,94,96,97,99,100,103,104,106,107,108,114,127,131,132,134,135,140,143,151,152,153,154,155,156,157,158,159,161,162,165,166",0.00306235371971574,FALSE,59,4,0,0,81,63,18,0.777777777777778,1
"lasso.cv",62,300,0.33,"TRUE","TRUE","FALSE","17.2483547239295","8.23744975039975","9.01090497352971","0.884","0.095","0.545","1,2,3,4,5,6,7,8,9,17,21,34,35,45,46,48,49,50,54,59,64,73,76,80,82,87,89,90,91,92,94,96,102,108,118,120,135,136,137,138,141,145,151,152,153,154,155,156,157,158,159,160,161,163,164,165,167",0.00210839934360694,FALSE,33,6,0,0,57,39,18,0.684210526315789,1
"lasso.cv",63,300,0.33,"TRUE","TRUE","FALSE","17.1042216624383","8.13412037973063","8.97010128270764","0.801","0.074","0.541","1,2,3,4,5,6,7,8,9,14,17,19,23,25,28,29,33,40,41,50,58,61,64,75,79,85,90,100,103,106,118,123,127,128,138,143,151,152,153,154,155,156,157,158,159",0.00179628167556231,FALSE,27,0,0,0,45,27,18,0.6,1
"lasso.cv",64,300,0.33,"TRUE","TRUE","FALSE","17.1250395105947","8.1185484415509","9.00649106904381","0.762","0.082","0.514","1,2,3,4,5,6,7,8,9,10,13,14,19,21,26,30,32,36,37,44,49,51,54,57,60,61,63,65,66,67,68,70,74,75,78,80,81,82,83,86,89,91,93,95,98,102,103,105,106,107,108,112,116,122,123,125,127,128,129,130,131,133,137,139,142,143,145,146,147,150,151,152,153,154,155,156,157,158,159,160,162,163,165,167",0.00258657904917682,FALSE,61,5,0,0,84,66,18,0.785714285714286,1
"lasso.cv",65,300,0.33,"TRUE","TRUE","FALSE","17.316791799987","8.30006307960105","9.01672872038593","0.879","0.079","0.512","1,2,3,4,5,6,7,8,9,11,21,22,25,27,30,31,33,41,43,45,49,51,58,62,72,74,79,81,84,86,87,92,98,99,100,101,104,105,107,114,118,123,125,126,134,137,139,142,144,145,147,148,150,151,152,153,154,155,156,157,158,159,160,161,164,165",0.00224660648900078,FALSE,44,4,0,0,66,48,18,0.727272727272727,1
"lasso.cv",66,300,0.33,"TRUE","TRUE","FALSE","17.2148625924546","8.20349083230664","9.01137176014793","0.879","0.08","0.559","1,2,3,4,5,6,7,8,9,11,15,16,17,21,23,26,28,30,33,34,36,39,41,46,47,52,55,58,60,64,66,68,73,88,97,101,106,108,111,115,127,130,132,135,141,145,147,148,151,152,153,154,155,156,157,158,159,160,165,166",0.00274063998100858,FALSE,39,3,0,0,60,42,18,0.7,1
"lasso.cv",67,300,0.33,"TRUE","TRUE","FALSE","17.2484733042053","8.34747075927648","8.90100254492883","0.959","0.08","0.587","1,2,3,4,5,6,7,8,9,14,21,24,29,36,48,55,60,62,63,87,88,100,105,106,107,111,116,119,120,123,134,135,138,147,149,151,152,153,154,155,156,157,158,159,165",0.00282990771714276,FALSE,26,1,0,0,45,27,18,0.6,1
"lasso.cv",68,300,0.33,"TRUE","TRUE","FALSE","17.241474265815","8.23587267103259","9.00560159478241","0.825","0.074","0.534","1,2,3,4,5,6,7,8,9,13,22,24,25,28,37,56,59,65,68,69,72,73,77,88,107,108,109,111,116,121,127,129,135,138,146,148,151,152,153,154,155,156,157,158,159,160,165",0.00280895354153423,FALSE,27,2,0,0,47,29,18,0.617021276595745,1
"lasso.cv",69,300,0.33,"TRUE","TRUE","FALSE","17.5838140335521","8.58021832379175","9.00359570976033","0.917","0.074","0.54","1,2,3,4,5,6,7,8,9,16,20,28,29,31,32,34,37,39,43,49,50,53,56,58,71,72,81,87,88,94,107,108,109,116,117,119,123,129,132,142,143,145,151,152,153,154,155,156,157,158,159",0.0020593521346695,FALSE,33,0,0,0,51,33,18,0.647058823529412,1
"lasso.cv",7,300,0.33,"TRUE","TRUE","FALSE","17.3446103650474","8.33280536616242","9.01180499888501","0.869","0.074","0.538","1,2,3,4,5,6,7,8,9,11,15,18,20,25,28,37,40,51,53,55,60,68,72,73,81,83,91,99,102,108,113,120,127,134,137,139,141,146,151,152,153,154,155,156,157,158,159,163,164,165,166",0.00267539527074839,FALSE,29,4,0,0,51,33,18,0.647058823529412,1
"lasso.cv",70,300,0.33,"TRUE","TRUE","FALSE","17.1102663754324","8.10982350496674","9.00044287046565","0.745","0.074","0.537","1,2,3,4,5,6,7,8,9,10,16,19,20,28,37,39,43,46,50,54,59,61,63,86,88,89,92,104,108,109,113,123,125,127,132,135,141,151,152,153,154,155,156,157,158,159",0.00168421236795077,FALSE,28,0,0,0,46,28,18,0.608695652173913,1
"lasso.cv",71,300,0.33,"TRUE","TRUE","FALSE","17.404543560417","8.39745775079787","9.00708580961916","0.966","0.079","0.536","1,2,3,4,5,6,7,8,9,18,25,28,30,41,43,44,52,68,69,73,90,94,95,97,98,104,112,118,131,136,139,142,143,147,151,152,153,154,155,156,157,158,159,161",0.00270625050172669,FALSE,25,1,0,0,44,26,18,0.590909090909091,1
"lasso.cv",72,300,0.33,"TRUE","TRUE","FALSE","17.1759367036731","8.17038310372837","9.00555359994476","0.826","0.079","0.556","1,2,3,4,5,6,7,8,9,10,11,18,20,35,36,41,50,51,59,61,64,71,73,76,82,83,89,93,95,98,100,107,114,116,127,132,135,142,149,150,151,152,153,154,155,156,157,158,159,161,164,165",0.0028198649492514,FALSE,31,3,0,0,52,34,18,0.653846153846154,1
"lasso.cv",73,300,0.33,"TRUE","TRUE","FALSE","18.1216089998828","9.02244170583516","9.09916729404765","0.889","0.072","0.51","1,2,3,4,5,6,7,8,9,14,16,21,34,35,40,42,43,49,53,58,61,63,67,76,81,88,93,98,103,107,112,113,121,123,132,135,142,151,152,153,154,155,156,157,158,159,164,165,166,167",0.00145519821311115,FALSE,28,4,0,0,50,32,18,0.64,1
"lasso.cv",74,300,0.33,"TRUE","TRUE","FALSE","17.1312367711944","8.12382083242259","9.00741593877184","0.753","0.075","0.539","1,2,3,4,5,6,7,8,9,11,18,20,21,28,29,36,46,64,77,90,92,95,97,98,113,115,117,118,120,123,127,131,133,135,141,150,151,152,153,154,155,156,157,158,159,161,162,165",0.00199522928499694,FALSE,27,3,0,0,48,30,18,0.625,1
"lasso.cv",75,300,0.33,"TRUE","TRUE","FALSE","17.5629040661563","8.55819872896542","9.00470533719088","0.868","0.078","0.56","1,2,3,4,5,6,7,8,9,10,28,29,42,48,53,54,61,82,85,86,89,93,95,99,103,109,113,118,125,127,129,142,147,150,151,152,153,154,155,156,157,158,159,160,163,165",0.00155395262754318,FALSE,25,3,0,0,46,28,18,0.608695652173913,1
"lasso.cv",76,300,0.33,"TRUE","TRUE","FALSE","17.1931461905808","8.18779934259251","9.00534684798833","0.807","0.077","0.528","1,2,3,4,5,6,7,8,9,11,18,20,26,50,56,71,79,82,83,93,101,107,108,109,112,116,133,135,136,138,142,151,152,153,154,155,156,157,158,159,160,165",0.00178028429095518,FALSE,22,2,0,0,42,24,18,0.571428571428571,1
"lasso.cv",77,300,0.33,"TRUE","TRUE","FALSE","17.2168646129418","8.21365466621972","9.00320994672213","0.886","0.074","0.56","1,2,3,4,5,6,7,8,9,10,29,31,33,34,36,37,41,43,50,53,55,57,59,62,63,67,71,80,83,86,95,96,103,111,113,115,116,123,128,131,132,135,136,140,142,143,149,151,152,153,154,155,156,157,158,159",0.00229467323668464,FALSE,38,0,0,0,56,38,18,0.678571428571429,1
"lasso.cv",78,300,0.33,"TRUE","TRUE","FALSE","17.1801786707925","8.17097610156764","9.00920256922486","0.78","0.075","0.503","1,2,3,4,5,6,7,8,9,20,24,27,29,36,42,44,54,56,58,60,68,73,76,88,92,95,99,100,110,114,115,123,127,130,144,148,151,152,153,154,155,156,157,158,159,165,167",0.00212251814470488,FALSE,27,2,0,0,47,29,18,0.617021276595745,1
"lasso.cv",79,300,0.33,"TRUE","TRUE","FALSE","17.1372386622828","8.12770981824075","9.00952884404208","0.772","0.075","0.509","1,2,3,4,5,6,7,8,9,10,14,16,20,27,34,35,36,40,44,46,49,58,73,76,82,88,96,107,112,113,114,123,138,139,143,144,147,149,151,152,153,154,155,156,157,158,159,160,163,164,167",0.00189269043628883,FALSE,29,4,0,0,51,33,18,0.647058823529412,1
"lasso.cv",8,300,0.33,"TRUE","TRUE","FALSE","17.1077968209116","8.10410855409459","9.00368826681706","0.688","0.075","0.535","1,2,3,4,5,6,7,8,9,18,22,31,36,61,68,70,75,76,89,90,107,109,119,125,134,137,141,142,148,151,152,153,154,155,156,157,158,159,160,165",0.00185053184885605,FALSE,20,2,0,0,40,22,18,0.55,1
"lasso.cv",80,300,0.33,"TRUE","TRUE","FALSE","17.0994217282639","8.09428432167851","9.00513740658536","0.852","0.079","0.568","1,2,3,4,5,6,7,8,9,18,25,28,29,33,34,40,41,43,44,46,51,60,63,66,76,87,88,98,99,101,124,125,126,132,138,147,149,151,152,153,154,155,156,157,158,159,160,165",0.00229087540251832,FALSE,28,2,0,0,48,30,18,0.625,1
"lasso.cv",81,300,0.33,"TRUE","TRUE","FALSE","17.1602600991742","8.15644302272303","9.00381707645119","0.924","0.077","0.574","1,2,3,4,5,6,7,8,9,10,12,14,15,17,20,21,23,27,28,29,30,31,33,34,35,38,43,45,48,55,56,58,59,60,61,64,66,69,70,71,77,78,80,82,85,88,93,96,99,101,108,110,111,112,114,115,116,119,120,121,122,126,128,129,130,133,134,145,146,147,148,149,150,151,152,153,154,155,156,157,158,159,164,165,166,167",0.00371298603023622,FALSE,64,4,0,0,86,68,18,0.790697674418605,1
"lasso.cv",82,300,0.33,"TRUE","TRUE","FALSE","17.4060714932173","8.40055463044106","9.00551686277625","0.893","0.08","0.56","1,2,3,4,5,6,7,8,9,13,17,18,28,47,49,50,51,59,63,66,68,75,83,87,90,99,102,103,104,106,112,116,121,124,126,128,140,148,151,152,153,154,155,156,157,158,159,165,166",0.00231408423412487,FALSE,29,2,0,0,49,31,18,0.63265306122449,1
"lasso.cv",83,300,0.33,"TRUE","TRUE","FALSE","17.3776425662894","8.37378290029381","9.00385966599559","0.959","0.073","0.486","1,2,3,4,5,6,7,8,9,10,17,22,23,25,28,29,32,35,38,41,45,48,49,51,52,56,58,60,61,63,66,69,70,74,81,83,86,91,92,93,97,101,104,105,106,109,110,113,114,116,120,125,128,129,137,138,142,144,145,146,147,151,152,153,154,155,156,157,158,159,162",0.00293131978011435,FALSE,52,1,0,0,71,53,18,0.746478873239437,1
"lasso.cv",84,300,0.33,"TRUE","TRUE","FALSE","17.1654704759272","8.16219877896169","9.00327169696551","0.8","0.071","0.498","1,2,3,4,5,6,7,8,9,20,22,23,42,47,52,56,58,59,61,62,63,65,67,70,72,73,77,79,81,83,84,87,88,93,99,105,108,109,115,119,125,126,127,145,151,152,153,154,155,156,157,158,159",0.00100755997061255,FALSE,35,0,0,0,53,35,18,0.660377358490566,1
"lasso.cv",85,300,0.33,"TRUE","TRUE","FALSE","16.8922214275731","7.88712495247016","9.00509647510295","0.991","0.076","0.578","1,2,3,4,5,6,7,8,9,14,16,17,19,35,36,41,45,46,47,51,52,57,60,65,67,73,82,109,110,116,128,130,133,140,141,144,149,151,152,153,154,155,156,157,158,159,162",0.00278210761823682,FALSE,28,1,0,0,47,29,18,0.617021276595745,1
"lasso.cv",86,300,0.33,"TRUE","TRUE","FALSE","17.1275516422905","8.1230344681457","9.00451717414476","0.772","0.073","0.517","1,2,3,4,5,6,7,8,9,10,11,12,17,19,21,25,29,31,35,36,37,38,40,63,64,68,73,77,79,84,85,86,94,105,108,112,123,129,138,139,141,143,146,151,152,153,154,155,156,157,158,159",0.00153411950909052,FALSE,34,0,0,0,52,34,18,0.653846153846154,1
"lasso.cv",87,300,0.33,"TRUE","TRUE","FALSE","17.5668133843112","8.55891240275773","9.00790098155347","0.895","0.071","0.493","1,2,3,4,5,6,7,8,9,13,20,43,53,60,62,65,72,86,88,90,95,97,101,105,112,113,120,122,128,132,134,136,144,151,152,153,154,155,156,157,158,159,160,166,167",0.00139568411472683,FALSE,24,3,0,0,45,27,18,0.6,1
"lasso.cv",88,300,0.33,"TRUE","TRUE","FALSE","17.1038329779645","8.09635063016826","9.0074823477962","0.84","0.08","0.532","1,2,3,4,5,6,7,8,9,18,22,24,28,29,35,41,45,48,56,62,69,70,76,82,87,88,91,92,95,101,107,119,136,137,151,152,153,154,155,156,157,158,159,165,166",0.00162043630093043,FALSE,25,2,0,0,45,27,18,0.6,1
"lasso.cv",89,300,0.33,"TRUE","TRUE","FALSE","18.1436408079114","9.11637949923199","9.02726130867939","0.768","0.073","0.519","1,2,3,4,5,6,7,8,9,15,16,22,23,29,30,40,55,58,59,61,77,78,79,80,86,92,94,98,103,109,111,119,123,124,132,135,146,151,152,153,154,155,156,157,158,159,160,161,162,164,165",0.00228278681424652,FALSE,28,5,0,0,51,33,18,0.647058823529412,1
"lasso.cv",9,300,0.33,"TRUE","TRUE","FALSE","17.1825291624167","8.19748366587971","8.98504549653703","0.865","0.078","0.54","1,2,3,4,5,6,7,8,9,22,24,25,28,36,46,49,54,64,65,75,79,82,85,87,90,100,102,103,105,107,108,112,114,118,124,128,129,131,138,145,151,152,153,154,155,156,157,158,159,160,163",0.00254732895572898,FALSE,31,2,0,0,51,33,18,0.647058823529412,1
"lasso.cv",90,300,0.33,"TRUE","TRUE","FALSE","16.7531513140657","7.74984068723641","9.00331062682934","0.984","0.084","0.551","1,2,3,4,5,6,7,8,9,12,19,31,34,38,40,42,43,47,48,50,51,54,56,59,60,75,83,85,93,94,106,107,109,113,117,119,121,122,123,134,139,141,147,148,151,152,153,154,155,156,157,158,159,164,165",0.00241646525439032,FALSE,35,2,0,0,55,37,18,0.672727272727273,1
"lasso.cv",91,300,0.33,"TRUE","TRUE","FALSE","17.1923143926728","8.18973134334213","9.00258304933069","0.788","0.077","0.508","1,2,3,4,5,6,7,8,9,11,20,29,46,47,54,59,67,73,77,99,100,103,104,107,120,138,141,150,151,152,153,154,155,156,157,158,159",0.00145700261369301,FALSE,19,0,0,0,37,19,18,0.513513513513513,1
"lasso.cv",92,300,0.33,"TRUE","TRUE","FALSE","17.2235800898555","8.21848072565989","9.00509936419562","0.913","0.081","0.523","2,3,4,5,6,7,8,9,10,13,20,21,22,27,29,30,33,40,42,47,52,56,57,61,63,67,68,77,80,83,85,89,90,91,92,93,112,118,122,138,146,151,152,153,154,155,156,157,158,159,163,167",0.0020868868956607,FALSE,33,2,1,0,52,35,17,0.673076923076923,0.944444444444444
"lasso.cv",93,300,0.33,"TRUE","TRUE","FALSE","17.0542492232781","8.17300257046963","8.88124665280847","0.818","0.073","0.522","1,2,3,4,5,6,7,8,9,17,21,25,29,35,53,54,57,59,61,68,81,83,84,87,88,92,103,111,118,130,131,135,138,140,151,152,153,154,155,156,157,158,159,162,165",0.00292452730057848,FALSE,25,2,0,0,45,27,18,0.6,1
"lasso.cv",94,300,0.33,"TRUE","TRUE","FALSE","18.1938952937342","9.1881453353744","9.00574995835978","1.187","0.085","0.575","1,2,3,4,5,6,7,8,9,11,21,25,32,41,45,63,70,73,79,100,101,102,113,114,142,143,151,152,153,154,155,156,157,158,159,160,162,166",0.00225575519116061,FALSE,17,3,0,0,38,20,18,0.526315789473684,1
"lasso.cv",95,300,0.33,"TRUE","TRUE","FALSE","17.1268923083092","8.12026083379088","9.00663147451832","0.749","0.079","0.591","2,3,4,5,6,7,8,9,10,13,14,18,22,37,41,43,46,57,60,61,64,65,68,77,81,84,99,100,101,102,105,109,111,112,118,121,123,125,128,132,138,141,148,151,152,153,154,155,156,157,158,159,160,163",0.00234956766920602,FALSE,35,2,1,0,54,37,17,0.685185185185185,0.944444444444444
"lasso.cv",96,300,0.33,"TRUE","TRUE","FALSE","17.6559531439357","8.64274952129593","9.01320362263977","1.059","0.072","0.52","1,2,3,4,5,6,7,8,9,14,15,16,22,30,36,41,42,43,44,53,58,81,92,95,96,100,106,107,110,115,118,119,128,134,138,148,151,152,153,154,155,156,157,158,159,161",0.00225332151794375,FALSE,27,1,0,0,46,28,18,0.608695652173913,1
"lasso.cv",97,300,0.33,"TRUE","TRUE","FALSE","17.2249886367306","8.22696062010267","8.99802801662789","0.9","0.091","0.593","1,2,3,4,5,6,7,8,9,18,20,24,25,30,37,39,44,59,60,71,74,78,81,83,85,87,91,92,93,94,103,105,108,114,116,118,125,129,134,137,142,146,151,152,153,154,155,156,157,158,159,160,166,167",0.00309426103383332,FALSE,33,3,0,0,54,36,18,0.666666666666667,1
"lasso.cv",98,300,0.33,"TRUE","TRUE","FALSE","16.5514560812753","7.54275383435849","9.00870224691682","0.927","0.074","0.539","1,2,3,4,5,6,7,8,9,16,19,20,21,24,30,31,32,36,37,56,59,60,61,64,67,72,79,80,81,86,87,91,93,95,96,100,103,107,108,125,128,131,137,146,151,152,153,154,155,156,157,158,159,160,161,162,163,165,167",0.00243393765683895,FALSE,35,6,0,0,59,41,18,0.694915254237288,1
"lasso.cv",99,300,0.33,"TRUE","TRUE","FALSE","17.1651030198294","8.15749629195607","9.00760672787332","0.776","0.081","0.518","1,2,3,4,5,6,7,8,9,11,20,22,26,37,38,46,61,62,66,73,75,91,93,98,102,105,111,112,113,117,119,132,151,152,153,154,155,156,157,158,159,164",0.0011635156782127,FALSE,23,1,0,0,42,24,18,0.571428571428571,1
"S.A",1,300,0.33,"FALSE","FALSE","FALSE","16.5856605279689","7.57910987944427","9.00655064852461","0.864","0.084","0.556","2,3,4,6,7,8,9,151,152,153,154,155,156,157,158,159",0.00283017110857649,FALSE,0,0,2,0,16,0,16,0,0.888888888888889
"S.A",10,300,0.33,"TRUE","TRUE","FALSE","16.9581286059069","7.95409011838503","9.00403848752185","0.862","0.077","0.521","2,3,4,5,6,7,8,9,151,152,153,154,155,156,157,158,159",0.000733595534797865,FALSE,0,0,1,0,17,0,17,0,0.944444444444444
"S.A",100,300,0.33,"TRUE","TRUE","FALSE","16.8709108529522","8.1472405932182","8.72367025973395","0.926","0.077","0.555","2,3,4,5,6,7,8,9,151,152,153,154,155,156,157,158,159",0.00115362734805372,FALSE,0,0,1,0,17,0,17,0,0.944444444444444
"S.A",11,300,0.33,"TRUE","TRUE","FALSE","17.1411107871469","8.13683570454882","9.00427508259807","0.771","0.075","0.543","2,3,4,5,6,7,8,9,151,152,153,154,155,156,157,158,159",0.000628076341145688,FALSE,0,0,1,0,17,0,17,0,0.944444444444444
"S.A",12,300,0.33,"TRUE","TRUE","FALSE","17.9721346638192","8.96809900538803","9.00403565843116","0.913","0.081","0.515","1,2,3,4,5,6,7,8,9,151,152,153,154,155,156,157,158,159",0.000794438774125235,TRUE,0,0,0,0,18,0,18,0,1
"S.A",13,300,0.33,"TRUE","TRUE","FALSE","18.0686481592268","9.06267288317245","9.00597527605432","0.841","0.073","0.507","1,2,3,4,5,6,7,8,9,151,152,153,154,155,156,157,158,159",0.00102413813694949,TRUE,0,0,0,0,18,0,18,0,1
"S.A",14,300,0.33,"TRUE","TRUE","FALSE","16.6617526638616","7.65520407896979","9.00654858489183","0.869","0.074","0.569","2,3,4,5,6,7,8,9,151,152,153,154,155,156,157,158,159",0.000995911170599858,FALSE,0,0,1,0,17,0,17,0,0.944444444444444
"S.A",15,300,0.33,"TRUE","TRUE","FALSE","17.1300693121282","8.12516869736927","9.00490061475891","0.72","0.072","0.514","2,3,4,5,6,7,8,9,151,152,153,154,155,156,157,158,159",0.00105649182750792,FALSE,0,0,1,0,17,0,17,0,0.944444444444444
"S.A",16,300,0.33,"TRUE","TRUE","FALSE","17.1379900769322","8.13356032335065","9.00442975358159","0.768","0.074","0.502","2,3,4,5,6,7,8,9,151,152,153,154,155,156,157,158,159",0.000707584604741466,FALSE,0,0,1,0,17,0,17,0,0.944444444444444
"S.A",17,300,0.33,"TRUE","TRUE","FALSE","17.3292820703337","8.32421041026813","9.00507166006557","0.867","0.078","0.524","2,3,4,5,6,7,8,9,151,152,153,154,155,156,157,158,159",0.0012491416373672,FALSE,0,0,1,0,17,0,17,0,0.944444444444444
"S.A",18,300,0.33,"TRUE","TRUE","FALSE","17.1498980376772","8.13045661698354","9.01944142069362","0.768","0.078","0.582","2,3,4,5,6,7,8,9,151,152,153,154,155,156,157,158,159",0.00102203182571638,FALSE,0,0,1,0,17,0,17,0,0.944444444444444
"S.A",19,300,0.33,"TRUE","TRUE","FALSE","17.0741046918642","8.06874191964337","9.00536277222084","0.762","0.074","0.529","2,3,4,5,6,7,8,9,151,152,153,154,155,156,157,158,159",0.00103701263739807,FALSE,0,0,1,0,17,0,17,0,0.944444444444444
"S.A",2,300,0.33,"TRUE","TRUE","FALSE","17.2229570094682","8.21801437877394","9.00494263069425","0.821","0.08","0.526","2,3,4,5,6,7,8,9,151,152,153,154,155,156,157,158,159",0.000628812201499929,FALSE,0,0,1,0,17,0,17,0,0.944444444444444
"S.A",20,300,0.33,"TRUE","TRUE","FALSE","17.2101156231899","8.20045053481374","9.00966508837616","0.814","0.074","0.55","2,3,4,5,6,7,8,9,151,152,153,154,155,156,157,158,159",0.000811249984297058,FALSE,0,0,1,0,17,0,17,0,0.944444444444444
"S.A",21,300,0.33,"TRUE","TRUE","FALSE","17.1275130301157","8.11876051405248","9.00875251606321","0.803","0.072","0.509","2,3,4,5,6,7,8,9,151,152,153,154,155,156,157,158,159",0.00116096118605774,FALSE,0,0,1,0,17,0,17,0,0.944444444444444
"S.A",22,300,0.33,"TRUE","TRUE","FALSE","17.081094725788","8.45025927475891","8.63083545102907","1.23","0.084","0.579","2,3,4,5,6,7,8,9,151,152,153,154,155,156,157,158,159",0.00165626205261308,FALSE,0,0,1,0,17,0,17,0,0.944444444444444
"S.A",23,300,0.33,"TRUE","TRUE","FALSE","17.2618151210126","8.27147096143072","8.99034415958186","0.819","0.076","0.535","2,3,4,5,6,7,8,9,151,152,153,154,155,156,157,158,159",0.00126464058461089,FALSE,0,0,1,0,17,0,17,0,0.944444444444444
"S.A",24,300,0.33,"TRUE","TRUE","FALSE","17.1299055135474","8.12696373623725","9.00294177731016","0.765","0.085","0.578","2,3,4,5,6,7,8,9,151,152,153,154,155,156,157,158,159",0.00111499536015116,FALSE,0,0,1,0,17,0,17,0,0.944444444444444
"S.A",25,300,0.33,"TRUE","TRUE","FALSE","17.5787908878626","8.57528588007319","9.00350500778937","0.972","0.076","0.574","1,2,3,4,5,6,7,8,9,151,152,153,154,155,156,157,158,159",0.000964946824205675,TRUE,0,0,0,0,18,0,18,0,1
"S.A",26,300,0.33,"TRUE","TRUE","FALSE","17.5406784637154","8.53747887470067","9.00319958901475","0.898","0.08","0.543","2,3,4,5,6,7,8,9,151,152,153,154,155,156,157,158,159",0.00106557926638193,FALSE,0,0,1,0,17,0,17,0,0.944444444444444
"S.A",27,300,0.33,"TRUE","TRUE","FALSE","17.1624105613688","8.14975084137783","9.01265971999101","0.783","0.074","0.557","2,3,4,5,6,7,8,9,151,152,153,154,155,156,157,158,159",0.000726661494344792,FALSE,0,0,1,0,17,0,17,0,0.944444444444444
"S.A",28,300,0.33,"TRUE","TRUE","FALSE","17.2414640628087","8.22205499309926","9.01940906970944","0.862","0.074","0.532","2,3,4,5,6,7,8,9,151,152,153,154,155,156,157,158,159",0.000701179859609665,FALSE,0,0,1,0,17,0,17,0,0.944444444444444
"S.A",29,300,0.33,"TRUE","TRUE","FALSE","17.3242703623945","8.31969927508392","9.00457108731058","0.86","0.076","0.57","2,3,4,5,6,7,8,9,151,152,153,154,155,156,157,158,159",0.000603533523006148,FALSE,0,0,1,0,17,0,17,0,0.944444444444444
"S.A",3,300,0.33,"TRUE","TRUE","FALSE","18.0633283815332","9.05881178820526","9.00451659332798","0.797","0.08","0.53","1,2,3,4,5,6,7,8,9,151,152,153,154,155,156,157,158,159",0.000631975289947404,TRUE,0,0,0,0,18,0,18,0,1
"S.A",30,300,0.33,"TRUE","TRUE","FALSE","17.2396788546928","8.23027994659939","9.00939890809339","0.97","0.077","0.629","2,3,4,5,6,7,8,9,151,152,153,154,155,156,157,158,159",0.00157532630309659,FALSE,0,0,1,0,17,0,17,0,0.944444444444444
"S.A",31,300,0.33,"TRUE","TRUE","FALSE","17.7000213649406","8.66516783403541","9.03485353090517","0.962","0.076","0.569","2,3,4,5,6,7,8,9,151,152,153,154,155,156,157,158,159",0.00111023068400962,FALSE,0,0,1,0,17,0,17,0,0.944444444444444
"S.A",32,300,0.33,"TRUE","TRUE","FALSE","17.1421559856114","8.13756632886387","9.00458965674757","0.761","0.078","0.493","2,3,4,5,6,7,8,9,151,152,153,154,155,156,157,158,159",0.000653654454562652,FALSE,0,0,1,0,17,0,17,0,0.944444444444444
"S.A",33,300,0.33,"TRUE","TRUE","FALSE","17.1238843511267","8.12019114546496","9.00369320566177","0.711","0.079","0.488","2,3,4,5,6,7,8,9,151,152,153,154,155,156,157,158,159",0.00110177775135044,FALSE,0,0,1,0,17,0,17,0,0.944444444444444
"S.A",34,300,0.33,"TRUE","TRUE","FALSE","17.187827572679","8.18262270420498","9.00520486847399","0.789","0.086","0.579","2,3,4,5,6,7,8,9,151,152,153,154,155,156,157,158,159",0.000587993951145749,FALSE,0,0,1,0,17,0,17,0,0.944444444444444
"S.A",35,300,0.33,"TRUE","TRUE","FALSE","17.4038523910628","8.39627085736348","9.00758153369933","0.975","0.076","0.522","2,3,4,5,6,7,8,9,151,152,153,154,155,156,157,158,159",0.000836913283630955,FALSE,0,0,1,0,17,0,17,0,0.944444444444444
"S.A",36,300,0.33,"TRUE","TRUE","FALSE","17.642187184675","8.63857006901858","9.00361711565646","0.999","0.074","0.524","2,3,4,5,6,7,8,9,151,152,153,154,155,156,157,158,159",0.0011417175588013,FALSE,0,0,1,0,17,0,17,0,0.944444444444444
"S.A",37,300,0.33,"TRUE","TRUE","FALSE","17.2704206846902","8.26373844070412","9.00668224398612","0.96","0.082","0.504","2,3,4,5,6,7,8,9,151,152,153,154,155,156,157,158,159",0.000848549121412189,FALSE,0,0,1,0,17,0,17,0,0.944444444444444
"S.A",38,300,0.33,"TRUE","TRUE","FALSE","17.2849915912251","8.28090552608513","9.00408606513993","0.858","0.077","0.517","2,3,4,5,6,7,8,9,151,152,153,154,155,156,157,158,159",0.000795219209169846,FALSE,0,0,1,0,17,0,17,0,0.944444444444444
"S.A",39,300,0.33,"TRUE","TRUE","FALSE","17.4061766684554","8.39730199730314","9.00887467115225","0.92","0.078","0.577","2,3,4,5,6,7,8,9,151,152,153,154,155,156,157,158,159",0.000546359553074528,FALSE,0,0,1,0,17,0,17,0,0.944444444444444
"S.A",4,300,0.33,"TRUE","TRUE","FALSE","17.2845095545827","8.26727120584463","9.01723834873805","0.862","0.072","0.524","2,3,4,5,6,7,8,9,151,152,153,154,155,156,157,158,159",0.00134308475342737,FALSE,0,0,1,0,17,0,17,0,0.944444444444444
"S.A",40,300,0.33,"TRUE","TRUE","FALSE","17.1327329499647","8.12656497801215","9.00616797195256","0.741","0.071","0.503","2,3,4,5,6,7,8,9,151,152,153,154,155,156,157,158,159",0.000844716042004307,FALSE,0,0,1,0,17,0,17,0,0.944444444444444
"S.A",41,300,0.33,"TRUE","TRUE","FALSE","17.2094736976658","8.17599251930663","9.0334811783592","0.842","0.076","0.564","2,3,4,5,6,7,8,9,151,152,153,154,155,156,157,158,159",0.000641901968527049,FALSE,0,0,1,0,17,0,17,0,0.944444444444444
"S.A",42,300,0.33,"TRUE","TRUE","FALSE","17.1124490946158","8.10905701360503","9.00339208101077","0.725","0.073","0.492","2,3,4,5,6,7,8,9,151,152,153,154,155,156,157,158,159",0.000776955710630203,FALSE,0,0,1,0,17,0,17,0,0.944444444444444
"S.A",43,300,0.33,"TRUE","TRUE","FALSE","17.3180477494444","8.31084745519706","9.00720029424733","0.874","0.078","0.58","2,3,4,5,6,7,8,9,151,152,153,154,155,156,157,158,159",0.000748058342950188,FALSE,0,0,1,0,17,0,17,0,0.944444444444444
"S.A",44,300,0.33,"TRUE","TRUE","FALSE","17.1497430720351","8.1460939611387","9.00364911089644","0.768","0.073","0.554","2,3,4,5,6,7,8,9,151,152,153,154,155,156,157,158,159",0.000801700725960943,FALSE,0,0,1,0,17,0,17,0,0.944444444444444
"S.A",45,300,0.33,"TRUE","TRUE","FALSE","17.1238908603998","8.11468926979101","9.00920159060876","0.825","0.076","0.576","2,3,4,5,6,7,8,9,151,152,153,154,155,156,157,158,159",0.000687944452747798,FALSE,0,0,1,0,17,0,17,0,0.944444444444444
"S.A",46,300,0.33,"TRUE","TRUE","FALSE","16.9085309565698","7.90164813912697","9.00688281744284","1.018","0.078","0.538","2,3,4,5,6,7,8,9,151,152,153,154,155,156,157,158,159",0.000843790226554512,FALSE,0,0,1,0,17,0,17,0,0.944444444444444
"S.A",47,300,0.33,"TRUE","TRUE","FALSE","17.1661844739113","8.15310131884094","9.01308315507036","0.806","0.075","0.574","2,3,4,5,6,7,8,9,151,152,153,154,155,156,157,158,159",0.0005420703563035,FALSE,0,0,1,0,17,0,17,0,0.944444444444444
"S.A",48,300,0.33,"TRUE","TRUE","FALSE","17.1088252488418","8.10526110400602","9.00356414483582","0.807","0.076","0.542","2,3,4,5,6,7,8,9,151,152,153,154,155,156,157,158,159",0.0011954374452796,FALSE,0,0,1,0,17,0,17,0,0.944444444444444
"S.A",49,300,0.33,"TRUE","TRUE","FALSE","16.8160429303521","7.77592269366852","9.0401202366836","1.085","0.082","0.595","2,3,4,5,6,7,8,9,151,152,153,154,155,156,157,158,159",0.000893047870960827,FALSE,0,0,1,0,17,0,17,0,0.944444444444444
"S.A",5,300,0.33,"TRUE","TRUE","FALSE","17.2160739888522","8.21092230795581","9.00515168089638","0.835","0.082","0.56","2,3,4,5,6,7,8,9,151,152,153,154,155,156,157,158,159",0.000653334393416828,FALSE,0,0,1,0,17,0,17,0,0.944444444444444
"S.A",50,300,0.33,"TRUE","TRUE","FALSE","17.1766466614684","8.17247626871353","9.00417039275489","0.783","0.07","0.509","2,3,4,5,6,7,8,9,151,152,153,154,155,156,157,158,159",0.000784320272040639,FALSE,0,0,1,0,17,0,17,0,0.944444444444444
"S.A",51,300,0.33,"TRUE","TRUE","FALSE","17.1974686447623","8.1832561847946","9.0142124599677","0.807","0.08","0.525","2,3,4,5,6,7,8,9,151,152,153,154,155,156,157,158,159",0.000922872622564762,FALSE,0,0,1,0,17,0,17,0,0.944444444444444
"S.A",52,300,0.33,"TRUE","TRUE","FALSE","17.3491843886658","8.34323264211737","9.00595174654841","1.014","0.079","0.571","2,3,4,5,6,7,8,9,151,152,153,154,155,156,157,158,159",0.000940849228201556,FALSE,0,0,1,0,17,0,17,0,0.944444444444444
"S.A",53,300,0.33,"TRUE","TRUE","FALSE","17.3853511905702","8.38324357071824","9.00210761985199","0.982","0.073","0.517","2,3,4,5,6,7,8,9,151,152,153,154,155,156,157,158,159",0.000998609610193377,FALSE,0,0,1,0,17,0,17,0,0.944444444444444
"S.A",54,300,0.33,"TRUE","TRUE","FALSE","17.3366712602355","8.33144557480371","9.0052256854318","0.939","0.076","0.522","2,3,4,5,6,7,8,9,151,152,153,154,155,156,157,158,159",0.000591406238688796,FALSE,0,0,1,0,17,0,17,0,0.944444444444444
"S.A",55,300,0.33,"TRUE","TRUE","FALSE","17.2013914961026","8.19576472113997","9.00562677496267","0.882","0.079","0.552","2,3,4,5,6,7,8,9,151,152,153,154,155,156,157,158,159",0.00131705114921015,FALSE,0,0,1,0,17,0,17,0,0.944444444444444
"S.A",56,300,0.33,"TRUE","TRUE","FALSE","17.2363396329443","8.13636369193597","9.09997594100835","0.935","0.073","0.523","2,3,4,5,6,7,8,9,151,152,153,154,155,156,157,158,159",0.00101228851490319,FALSE,0,0,1,0,17,0,17,0,0.944444444444444
"S.A",57,300,0.33,"TRUE","TRUE","FALSE","17.2617845927475","8.25040772106365","9.01137687168389","0.845","0.073","0.504","2,3,4,5,6,7,8,9,151,152,153,154,155,156,157,158,159",0.00101232653589578,FALSE,0,0,1,0,17,0,17,0,0.944444444444444
"S.A",58,300,0.33,"TRUE","TRUE","FALSE","17.1755589290736","8.17386310096995","9.00169582810367","0.781","0.07","0.519","2,3,4,5,6,7,8,9,151,152,153,154,155,156,157,158,159",0.000935446925206865,FALSE,0,0,1,0,17,0,17,0,0.944444444444444
"S.A",59,300,0.33,"TRUE","TRUE","FALSE","17.207833422102","8.20185480187425","9.00597862022772","0.807","0.08","0.553","2,3,4,5,6,7,8,9,151,152,153,154,155,156,157,158,159",0.000762981656306425,FALSE,0,0,1,0,17,0,17,0,0.944444444444444
"S.A",6,300,0.33,"TRUE","TRUE","FALSE","17.1478177187285","8.13778692910564","9.01003078962284","0.839","0.079","0.582","2,3,4,5,6,7,8,9,151,152,153,154,155,156,157,158,159",0.000833997071550494,FALSE,0,0,1,0,17,0,17,0,0.944444444444444
"S.A",60,300,0.33,"TRUE","TRUE","FALSE","17.1392111890291","8.13349398075163","9.00571720827748","0.816","0.076","0.542","2,3,4,5,6,7,8,9,151,152,153,154,155,156,157,158,159",0.000806465695002553,FALSE,0,0,1,0,17,0,17,0,0.944444444444444
"S.A",61,300,0.33,"TRUE","TRUE","FALSE","17.1867986929341","8.16335241209667","9.02344628083743","0.816","0.079","0.528","2,3,4,5,6,7,8,9,151,152,153,154,155,156,157,158,159",0.00102162039861238,FALSE,0,0,1,0,17,0,17,0,0.944444444444444
"S.A",62,300,0.33,"TRUE","TRUE","FALSE","17.2483547239295","8.23744975039975","9.01090497352971","0.884","0.095","0.545","2,3,4,5,6,7,8,9,151,152,153,154,155,156,157,158,159",0.00080526096550062,FALSE,0,0,1,0,17,0,17,0,0.944444444444444
"S.A",63,300,0.33,"TRUE","TRUE","FALSE","17.1042216624383","8.13412037973063","8.97010128270764","0.801","0.074","0.541","2,3,4,5,6,7,8,9,151,152,153,154,155,156,157,158,159",0.00115069308487869,FALSE,0,0,1,0,17,0,17,0,0.944444444444444
"S.A",64,300,0.33,"TRUE","TRUE","FALSE","17.1250395105947","8.1185484415509","9.00649106904381","0.762","0.082","0.514","2,3,4,5,6,7,8,9,151,152,153,154,155,156,157,158,159",0.000842970485219881,FALSE,0,0,1,0,17,0,17,0,0.944444444444444
"S.A",65,300,0.33,"TRUE","TRUE","FALSE","17.316791799987","8.30006307960105","9.01672872038593","0.879","0.079","0.512","2,3,4,5,6,7,8,9,151,152,153,154,155,156,157,158,159",0.00119546440616153,FALSE,0,0,1,0,17,0,17,0,0.944444444444444
"S.A",66,300,0.33,"TRUE","TRUE","FALSE","17.2148625924546","8.20349083230664","9.01137176014793","0.879","0.08","0.559","2,3,4,5,6,7,8,9,151,152,153,154,155,156,157,158,159",0.00103921310366568,FALSE,0,0,1,0,17,0,17,0,0.944444444444444
"S.A",67,300,0.33,"TRUE","TRUE","FALSE","17.2484733042053","8.34747075927648","8.90100254492883","0.959","0.08","0.587","2,3,4,5,6,7,8,9,151,152,153,154,155,156,157,158,159",0.00103639135213093,FALSE,0,0,1,0,17,0,17,0,0.944444444444444
"S.A",68,300,0.33,"TRUE","TRUE","FALSE","17.241474265815","8.23587267103259","9.00560159478241","0.825","0.074","0.534","2,3,4,5,6,7,8,9,151,152,153,154,155,156,157,158,159",0.000950104958941512,FALSE,0,0,1,0,17,0,17,0,0.944444444444444
"S.A",69,300,0.33,"TRUE","TRUE","FALSE","17.5838140335521","8.58021832379175","9.00359570976033","0.917","0.074","0.54","2,3,4,5,6,7,8,9,151,152,153,154,155,156,157,158,159",0.000829224295257763,FALSE,0,0,1,0,17,0,17,0,0.944444444444444
"S.A",7,300,0.33,"TRUE","TRUE","FALSE","17.3446103650474","8.33280536616242","9.01180499888501","0.869","0.074","0.538","2,3,4,5,6,7,8,9,151,152,153,154,155,156,157,158,159",0.000537564268450237,FALSE,0,0,1,0,17,0,17,0,0.944444444444444
"S.A",70,300,0.33,"TRUE","TRUE","FALSE","17.1102663754324","8.10982350496674","9.00044287046565","0.745","0.074","0.537","2,3,4,5,6,7,8,9,151,152,153,154,155,156,157,158,159",0.000839092162508135,FALSE,0,0,1,0,17,0,17,0,0.944444444444444
"S.A",71,300,0.33,"TRUE","TRUE","FALSE","17.404543560417","8.39745775079787","9.00708580961916","0.966","0.079","0.536","2,3,4,5,6,7,8,9,151,152,153,154,155,156,157,158,159",0.00122036552741379,FALSE,0,0,1,0,17,0,17,0,0.944444444444444
"S.A",72,300,0.33,"TRUE","TRUE","FALSE","17.1759367036731","8.17038310372837","9.00555359994476","0.826","0.079","0.556","2,3,4,5,6,7,8,9,151,152,153,154,155,156,157,158,159",0.00132601150456919,FALSE,0,0,1,0,17,0,17,0,0.944444444444444
"S.A",73,300,0.33,"TRUE","TRUE","FALSE","18.1216089998828","9.02244170583516","9.09916729404765","0.889","0.072","0.51","1,2,3,4,5,6,7,8,9,151,152,153,154,155,156,157,158,159",0.000867129639671238,TRUE,0,0,0,0,18,0,18,0,1
"S.A",74,300,0.33,"TRUE","TRUE","FALSE","17.1312367711944","8.12382083242259","9.00741593877184","0.753","0.075","0.539","2,3,4,5,6,7,8,9,151,152,153,154,155,156,157,158,159",0.00109660543522553,FALSE,0,0,1,0,17,0,17,0,0.944444444444444
"S.A",75,300,0.33,"TRUE","TRUE","FALSE","17.5629040661563","8.55819872896542","9.00470533719088","0.868","0.078","0.56","2,3,4,5,6,7,8,9,151,152,153,154,155,156,157,158,159",0.000788307620301877,FALSE,0,0,1,0,17,0,17,0,0.944444444444444
"S.A",76,300,0.33,"TRUE","TRUE","FALSE","17.1931461905808","8.18779934259251","9.00534684798833","0.807","0.077","0.528","2,3,4,5,6,7,8,9,151,152,153,154,155,156,157,158,159",0.000907047935061034,FALSE,0,0,1,0,17,0,17,0,0.944444444444444
"S.A",77,300,0.33,"TRUE","TRUE","FALSE","17.2168646129418","8.21365466621972","9.00320994672213","0.886","0.074","0.56","2,3,4,5,6,7,8,9,151,152,153,154,155,156,157,158,159",0.00100036143957953,FALSE,0,0,1,0,17,0,17,0,0.944444444444444
"S.A",78,300,0.33,"TRUE","TRUE","FALSE","17.1801786707925","8.17097610156764","9.00920256922486","0.78","0.075","0.503","2,3,4,5,6,7,8,9,151,152,153,154,155,156,157,158,159",0.00096784521638326,FALSE,0,0,1,0,17,0,17,0,0.944444444444444
"S.A",79,300,0.33,"TRUE","TRUE","FALSE","17.1372386622828","8.12770981824075","9.00952884404208","0.772","0.075","0.509","2,3,4,5,6,7,8,9,151,152,153,154,155,156,157,158,159",0.00088152163615097,FALSE,0,0,1,0,17,0,17,0,0.944444444444444
"S.A",8,300,0.33,"TRUE","TRUE","FALSE","17.1077968209116","8.10410855409459","9.00368826681706","0.688","0.075","0.535","2,3,4,5,6,7,8,9,151,152,153,154,155,156,157,158,159",0.00135169125517997,FALSE,0,0,1,0,17,0,17,0,0.944444444444444
"S.A",80,300,0.33,"TRUE","TRUE","FALSE","17.0994217282639","8.09428432167851","9.00513740658536","0.852","0.079","0.568","2,3,4,5,6,7,8,9,151,152,153,154,155,156,157,158,159",0.00129621956331992,FALSE,0,0,1,0,17,0,17,0,0.944444444444444
"S.A",81,300,0.33,"TRUE","TRUE","FALSE","17.1602600991742","8.15644302272303","9.00381707645119","0.924","0.077","0.574","2,3,4,5,6,7,8,9,151,152,153,154,155,156,157,158,159",0.000991180898617523,FALSE,0,0,1,0,17,0,17,0,0.944444444444444
"S.A",82,300,0.33,"TRUE","TRUE","FALSE","17.4060714932173","8.40055463044106","9.00551686277625","0.893","0.08","0.56","2,3,4,5,6,7,8,9,151,152,153,154,155,156,157,158,159",0.000685778956217358,FALSE,0,0,1,0,17,0,17,0,0.944444444444444
"S.A",83,300,0.33,"TRUE","TRUE","FALSE","17.3776425662894","8.37378290029381","9.00385966599559","0.959","0.073","0.486","2,3,4,5,6,7,8,9,151,152,153,154,155,156,157,158,159",0.000869089377680006,FALSE,0,0,1,0,17,0,17,0,0.944444444444444
"S.A",84,300,0.33,"TRUE","TRUE","FALSE","17.1654704759272","8.16219877896169","9.00327169696551","0.8","0.071","0.498","2,3,4,5,6,7,8,9,151,152,153,154,155,156,157,158,159",0.000523886884277627,FALSE,0,0,1,0,17,0,17,0,0.944444444444444
"S.A",85,300,0.33,"TRUE","TRUE","FALSE","16.8922214275731","7.88712495247016","9.00509647510295","0.991","0.076","0.578","2,3,4,5,6,7,8,9,151,152,153,154,155,156,157,158,159",0.000787186254502016,FALSE,0,0,1,0,17,0,17,0,0.944444444444444
"S.A",86,300,0.33,"TRUE","TRUE","FALSE","17.1275516422905","8.1230344681457","9.00451717414476","0.772","0.073","0.517","2,3,4,5,6,7,8,9,151,152,153,154,155,156,157,158,159",0.000641685656944664,FALSE,0,0,1,0,17,0,17,0,0.944444444444444
"S.A",87,300,0.33,"TRUE","TRUE","FALSE","17.5668133843112","8.55891240275773","9.00790098155347","0.895","0.071","0.493","2,3,4,5,6,7,8,9,151,152,153,154,155,156,157,158,159",0.00049957208416416,FALSE,0,0,1,0,17,0,17,0,0.944444444444444
"S.A",88,300,0.33,"TRUE","TRUE","FALSE","17.1038329779645","8.09635063016826","9.0074823477962","0.84","0.08","0.532","2,3,4,5,6,7,8,9,151,152,153,154,155,156,157,158,159",0.000770816953329892,FALSE,0,0,1,0,17,0,17,0,0.944444444444444
"S.A",89,300,0.33,"TRUE","TRUE","FALSE","18.1436408079114","9.11637949923199","9.02726130867939","0.768","0.073","0.519","1,2,3,4,5,6,7,8,9,151,152,153,154,155,156,157,158,159",0.000798246907926333,TRUE,0,0,0,0,18,0,18,0,1
"S.A",9,300,0.33,"TRUE","TRUE","FALSE","17.1825291624167","8.19748366587971","8.98504549653703","0.865","0.078","0.54","2,3,4,5,6,7,8,9,151,152,153,154,155,156,157,158,159",0.00112797654512771,FALSE,0,0,1,0,17,0,17,0,0.944444444444444
"S.A",90,300,0.33,"TRUE","TRUE","FALSE","16.7531513140657","7.74984068723641","9.00331062682934","0.984","0.084","0.551","2,3,4,5,6,7,8,9,151,152,153,154,155,156,157,158,159",0.00121252335094356,FALSE,0,0,1,0,17,0,17,0,0.944444444444444
"S.A",91,300,0.33,"TRUE","TRUE","FALSE","17.1923143926728","8.18973134334213","9.00258304933069","0.788","0.077","0.508","2,3,4,5,6,7,8,9,151,152,153,154,155,156,157,158,159",0.00121174427125744,FALSE,0,0,1,0,17,0,17,0,0.944444444444444
"S.A",92,300,0.33,"TRUE","TRUE","FALSE","17.2235800898555","8.21848072565989","9.00509936419562","0.913","0.081","0.523","2,3,4,5,6,7,8,9,151,152,153,154,155,156,157,158,159",0.00109315243725541,FALSE,0,0,1,0,17,0,17,0,0.944444444444444
"S.A",93,300,0.33,"TRUE","TRUE","FALSE","17.0542492232781","8.17300257046963","8.88124665280847","0.818","0.073","0.522","2,3,4,5,6,7,8,9,151,152,153,154,155,156,157,158,159",0.00171093185701342,FALSE,0,0,1,0,17,0,17,0,0.944444444444444
"S.A",94,300,0.33,"TRUE","TRUE","FALSE","18.1938952937342","9.1881453353744","9.00574995835978","1.187","0.085","0.575","1,2,3,4,5,6,7,8,9,151,152,153,154,155,156,157,158,159",0.0010779263920481,TRUE,0,0,0,0,18,0,18,0,1
"S.A",95,300,0.33,"TRUE","TRUE","FALSE","17.1268923083092","8.12026083379088","9.00663147451832","0.749","0.079","0.591","2,3,4,5,6,7,8,9,151,152,153,154,155,156,157,158,159",0.000633907864088182,FALSE,0,0,1,0,17,0,17,0,0.944444444444444
"S.A",96,300,0.33,"TRUE","TRUE","FALSE","17.6559531439357","8.64274952129593","9.01320362263977","1.059","0.072","0.52","2,3,4,5,6,7,8,9,151,152,153,154,155,156,157,158,159",0.00111833242365006,FALSE,0,0,1,0,17,0,17,0,0.944444444444444
"S.A",97,300,0.33,"TRUE","TRUE","FALSE","17.2249886367306","8.22696062010267","8.99802801662789","0.9","0.091","0.593","2,3,4,5,6,7,8,9,151,152,153,154,155,156,157,158,159",0.000952036779081829,FALSE,0,0,1,0,17,0,17,0,0.944444444444444
"S.A",98,300,0.33,"TRUE","TRUE","FALSE","16.5514560812753","7.54275383435849","9.00870224691682","0.927","0.074","0.539","2,3,4,6,7,8,9,151,152,153,154,155,156,157,158,159",0.00248883197735954,FALSE,0,0,2,0,16,0,16,0,0.888888888888889
"S.A",99,300,0.33,"TRUE","TRUE","FALSE","17.1651030198294","8.15749629195607","9.00760672787332","0.776","0.081","0.518","2,3,4,5,6,7,8,9,151,152,153,154,155,156,157,158,159",0.000643621616481878,FALSE,0,0,1,0,17,0,17,0,0.944444444444444
"S.A.b",1,300,0.33,"FALSE","FALSE","FALSE","16.5856605279689","7.57910987944427","9.00655064852461","0.864","0.084","0.556","2,3,4,5,6,7,8,9,151,152,153,154,155,156,157,158,159",0.00126267175047506,FALSE,0,0,1,0,17,0,17,0,0.944444444444444
"S.A.b",10,300,0.33,"TRUE","TRUE","FALSE","16.9581286059069","7.95409011838503","9.00403848752185","0.862","0.077","0.521","2,3,4,5,6,7,8,9,151,152,153,154,155,156,157,158,159",0.000733595534797865,FALSE,0,0,1,0,17,0,17,0,0.944444444444444
"S.A.b",100,300,0.33,"TRUE","TRUE","FALSE","16.8709108529522","8.1472405932182","8.72367025973395","0.926","0.077","0.555","2,3,4,5,6,7,8,9,151,152,153,154,155,156,157,158,159",0.00115362734805372,FALSE,0,0,1,0,17,0,17,0,0.944444444444444
"S.A.b",11,300,0.33,"TRUE","TRUE","FALSE","17.1411107871469","8.13683570454882","9.00427508259807","0.771","0.075","0.543","2,3,4,5,6,7,8,9,151,152,153,154,155,156,157,158,159",0.000628076341145688,FALSE,0,0,1,0,17,0,17,0,0.944444444444444
"S.A.b",12,300,0.33,"TRUE","TRUE","FALSE","17.9721346638192","8.96809900538803","9.00403565843116","0.913","0.081","0.515","1,2,3,4,5,6,7,8,9,151,152,153,154,155,156,157,158,159",0.000794438774125235,TRUE,0,0,0,0,18,0,18,0,1
"S.A.b",13,300,0.33,"TRUE","TRUE","FALSE","18.0686481592268","9.06267288317245","9.00597527605432","0.841","0.073","0.507","1,2,3,4,5,6,7,8,9,151,152,153,154,155,156,157,158,159",0.00102413813694949,TRUE,0,0,0,0,18,0,18,0,1
"S.A.b",14,300,0.33,"TRUE","TRUE","FALSE","16.6617526638616","7.65520407896979","9.00654858489183","0.869","0.074","0.569","2,3,4,5,6,7,8,9,151,152,153,154,155,156,157,158,159",0.000995911170599858,FALSE,0,0,1,0,17,0,17,0,0.944444444444444
"S.A.b",15,300,0.33,"TRUE","TRUE","FALSE","17.1300693121282","8.12516869736927","9.00490061475891","0.72","0.072","0.514","2,3,4,5,6,7,8,9,151,152,153,154,155,156,157,158,159",0.00105649182750792,FALSE,0,0,1,0,17,0,17,0,0.944444444444444
"S.A.b",16,300,0.33,"TRUE","TRUE","FALSE","17.1379900769322","8.13356032335065","9.00442975358159","0.768","0.074","0.502","2,3,4,5,6,7,8,9,151,152,153,154,155,156,157,158,159",0.000707584604741466,FALSE,0,0,1,0,17,0,17,0,0.944444444444444
"S.A.b",17,300,0.33,"TRUE","TRUE","FALSE","17.3292820703337","8.32421041026813","9.00507166006557","0.867","0.078","0.524","2,3,4,5,6,7,8,9,151,152,153,154,155,156,157,158,159",0.0012491416373672,FALSE,0,0,1,0,17,0,17,0,0.944444444444444
"S.A.b",18,300,0.33,"TRUE","TRUE","FALSE","17.1498980376772","8.13045661698354","9.01944142069362","0.768","0.078","0.582","2,3,4,5,6,7,8,9,151,152,153,154,155,156,157,158,159",0.00102203182571638,FALSE,0,0,1,0,17,0,17,0,0.944444444444444
"S.A.b",19,300,0.33,"TRUE","TRUE","FALSE","17.0741046918642","8.06874191964337","9.00536277222084","0.762","0.074","0.529","2,3,4,5,6,7,8,9,151,152,153,154,155,156,157,158,159",0.00103701263739807,FALSE,0,0,1,0,17,0,17,0,0.944444444444444
"S.A.b",2,300,0.33,"TRUE","TRUE","FALSE","17.2229570094682","8.21801437877394","9.00494263069425","0.821","0.08","0.526","2,3,4,5,6,7,8,9,151,152,153,154,155,156,157,158,159",0.000628812201499929,FALSE,0,0,1,0,17,0,17,0,0.944444444444444
"S.A.b",20,300,0.33,"TRUE","TRUE","FALSE","17.2101156231899","8.20045053481374","9.00966508837616","0.814","0.074","0.55","2,3,4,5,6,7,8,9,151,152,153,154,155,156,157,158,159",0.000811249984297058,FALSE,0,0,1,0,17,0,17,0,0.944444444444444
"S.A.b",21,300,0.33,"TRUE","TRUE","FALSE","17.1275130301157","8.11876051405248","9.00875251606321","0.803","0.072","0.509","2,3,4,5,6,7,8,9,151,152,153,154,155,156,157,158,159",0.00116096118605774,FALSE,0,0,1,0,17,0,17,0,0.944444444444444
"S.A.b",22,300,0.33,"TRUE","TRUE","FALSE","17.081094725788","8.45025927475891","8.63083545102907","1.23","0.084","0.579","2,3,4,5,6,7,8,9,151,152,153,154,155,156,157,158,159",0.00165626205261308,FALSE,0,0,1,0,17,0,17,0,0.944444444444444
"S.A.b",23,300,0.33,"TRUE","TRUE","FALSE","17.2618151210126","8.27147096143072","8.99034415958186","0.819","0.076","0.535","2,3,4,5,6,7,8,9,151,152,153,154,155,156,157,158,159",0.00126464058461089,FALSE,0,0,1,0,17,0,17,0,0.944444444444444
"S.A.b",24,300,0.33,"TRUE","TRUE","FALSE","17.1299055135474","8.12696373623725","9.00294177731016","0.765","0.085","0.578","2,3,4,5,6,7,8,9,151,152,153,154,155,156,157,158,159",0.00111499536015116,FALSE,0,0,1,0,17,0,17,0,0.944444444444444
"S.A.b",25,300,0.33,"TRUE","TRUE","FALSE","17.5787908878626","8.57528588007319","9.00350500778937","0.972","0.076","0.574","1,2,3,4,5,6,7,8,9,151,152,153,154,155,156,157,158,159",0.000964946824205675,TRUE,0,0,0,0,18,0,18,0,1
"S.A.b",26,300,0.33,"TRUE","TRUE","FALSE","17.5406784637154","8.53747887470067","9.00319958901475","0.898","0.08","0.543","2,3,4,5,6,7,8,9,151,152,153,154,155,156,157,158,159",0.00106557926638193,FALSE,0,0,1,0,17,0,17,0,0.944444444444444
"S.A.b",27,300,0.33,"TRUE","TRUE","FALSE","17.1624105613688","8.14975084137783","9.01265971999101","0.783","0.074","0.557","2,3,4,5,6,7,8,9,151,152,153,154,155,156,157,158,159",0.000726661494344792,FALSE,0,0,1,0,17,0,17,0,0.944444444444444
"S.A.b",28,300,0.33,"TRUE","TRUE","FALSE","17.2414640628087","8.22205499309926","9.01940906970944","0.862","0.074","0.532","2,3,4,5,6,7,8,9,151,152,153,154,155,156,157,158,159",0.000701179859609665,FALSE,0,0,1,0,17,0,17,0,0.944444444444444
"S.A.b",29,300,0.33,"TRUE","TRUE","FALSE","17.3242703623945","8.31969927508392","9.00457108731058","0.86","0.076","0.57","2,3,4,5,6,7,8,9,151,152,153,154,155,156,157,158,159",0.000603533523006148,FALSE,0,0,1,0,17,0,17,0,0.944444444444444
"S.A.b",3,300,0.33,"TRUE","TRUE","FALSE","18.0633283815332","9.05881178820526","9.00451659332798","0.797","0.08","0.53","1,2,3,4,5,6,7,8,9,151,152,153,154,155,156,157,158,159",0.000631975289947404,TRUE,0,0,0,0,18,0,18,0,1
"S.A.b",30,300,0.33,"TRUE","TRUE","FALSE","17.2396788546928","8.23027994659939","9.00939890809339","0.97","0.077","0.629","2,3,4,5,6,7,8,9,151,152,153,154,155,156,157,158,159",0.00157532630309659,FALSE,0,0,1,0,17,0,17,0,0.944444444444444
"S.A.b",31,300,0.33,"TRUE","TRUE","FALSE","17.7000213649406","8.66516783403541","9.03485353090517","0.962","0.076","0.569","2,3,4,5,6,7,8,9,151,152,153,154,155,156,157,158,159",0.00111023068400962,FALSE,0,0,1,0,17,0,17,0,0.944444444444444
"S.A.b",32,300,0.33,"TRUE","TRUE","FALSE","17.1421559856114","8.13756632886387","9.00458965674757","0.761","0.078","0.493","2,3,4,5,6,7,8,9,151,152,153,154,155,156,157,158,159",0.000653654454562652,FALSE,0,0,1,0,17,0,17,0,0.944444444444444
"S.A.b",33,300,0.33,"TRUE","TRUE","FALSE","17.1238843511267","8.12019114546496","9.00369320566177","0.711","0.079","0.488","2,3,4,5,6,7,8,9,151,152,153,154,155,156,157,158,159",0.00110177775135044,FALSE,0,0,1,0,17,0,17,0,0.944444444444444
"S.A.b",34,300,0.33,"TRUE","TRUE","FALSE","17.187827572679","8.18262270420498","9.00520486847399","0.789","0.086","0.579","2,3,4,5,6,7,8,9,151,152,153,154,155,156,157,158,159",0.000587993951145749,FALSE,0,0,1,0,17,0,17,0,0.944444444444444
"S.A.b",35,300,0.33,"TRUE","TRUE","FALSE","17.4038523910628","8.39627085736348","9.00758153369933","0.975","0.076","0.522","2,3,4,5,6,7,8,9,151,152,153,154,155,156,157,158,159",0.000836913283630955,FALSE,0,0,1,0,17,0,17,0,0.944444444444444
"S.A.b",36,300,0.33,"TRUE","TRUE","FALSE","17.642187184675","8.63857006901858","9.00361711565646","0.999","0.074","0.524","2,3,4,5,6,7,8,9,151,152,153,154,155,156,157,158,159",0.0011417175588013,FALSE,0,0,1,0,17,0,17,0,0.944444444444444
"S.A.b",37,300,0.33,"TRUE","TRUE","FALSE","17.2704206846902","8.26373844070412","9.00668224398612","0.96","0.082","0.504","2,3,4,5,6,7,8,9,151,152,153,154,155,156,157,158,159",0.000848549121412189,FALSE,0,0,1,0,17,0,17,0,0.944444444444444
"S.A.b",38,300,0.33,"TRUE","TRUE","FALSE","17.2849915912251","8.28090552608513","9.00408606513993","0.858","0.077","0.517","2,3,4,5,6,7,8,9,151,152,153,154,155,156,157,158,159",0.000795219209169846,FALSE,0,0,1,0,17,0,17,0,0.944444444444444
"S.A.b",39,300,0.33,"TRUE","TRUE","FALSE","17.4061766684554","8.39730199730314","9.00887467115225","0.92","0.078","0.577","2,3,4,5,6,7,8,9,151,152,153,154,155,156,157,158,159",0.000546359553074528,FALSE,0,0,1,0,17,0,17,0,0.944444444444444
"S.A.b",4,300,0.33,"TRUE","TRUE","FALSE","17.2845095545827","8.26727120584463","9.01723834873805","0.862","0.072","0.524","2,3,4,5,6,7,8,9,151,152,153,154,155,156,157,158,159",0.00134308475342737,FALSE,0,0,1,0,17,0,17,0,0.944444444444444
"S.A.b",40,300,0.33,"TRUE","TRUE","FALSE","17.1327329499647","8.12656497801215","9.00616797195256","0.741","0.071","0.503","2,3,4,5,6,7,8,9,151,152,153,154,155,156,157,158,159",0.000844716042004307,FALSE,0,0,1,0,17,0,17,0,0.944444444444444
"S.A.b",41,300,0.33,"TRUE","TRUE","FALSE","17.2094736976658","8.17599251930663","9.0334811783592","0.842","0.076","0.564","2,3,4,5,6,7,8,9,151,152,153,154,155,156,157,158,159",0.000641901968527049,FALSE,0,0,1,0,17,0,17,0,0.944444444444444
"S.A.b",42,300,0.33,"TRUE","TRUE","FALSE","17.1124490946158","8.10905701360503","9.00339208101077","0.725","0.073","0.492","2,3,4,5,6,7,8,9,151,152,153,154,155,156,157,158,159",0.000776955710630203,FALSE,0,0,1,0,17,0,17,0,0.944444444444444
"S.A.b",43,300,0.33,"TRUE","TRUE","FALSE","17.3180477494444","8.31084745519706","9.00720029424733","0.874","0.078","0.58","2,3,4,5,6,7,8,9,151,152,153,154,155,156,157,158,159",0.000748058342950188,FALSE,0,0,1,0,17,0,17,0,0.944444444444444
"S.A.b",44,300,0.33,"TRUE","TRUE","FALSE","17.1497430720351","8.1460939611387","9.00364911089644","0.768","0.073","0.554","2,3,4,5,6,7,8,9,151,152,153,154,155,156,157,158,159",0.000801700725960943,FALSE,0,0,1,0,17,0,17,0,0.944444444444444
"S.A.b",45,300,0.33,"TRUE","TRUE","FALSE","17.1238908603998","8.11468926979101","9.00920159060876","0.825","0.076","0.576","2,3,4,5,6,7,8,9,151,152,153,154,155,156,157,158,159",0.000687944452747798,FALSE,0,0,1,0,17,0,17,0,0.944444444444444
"S.A.b",46,300,0.33,"TRUE","TRUE","FALSE","16.9085309565698","7.90164813912697","9.00688281744284","1.018","0.078","0.538","2,3,4,5,6,7,8,9,151,152,153,154,155,156,157,158,159",0.000843790226554512,FALSE,0,0,1,0,17,0,17,0,0.944444444444444
"S.A.b",47,300,0.33,"TRUE","TRUE","FALSE","17.1661844739113","8.15310131884094","9.01308315507036","0.806","0.075","0.574","2,3,4,5,6,7,8,9,151,152,153,154,155,156,157,158,159",0.0005420703563035,FALSE,0,0,1,0,17,0,17,0,0.944444444444444
"S.A.b",48,300,0.33,"TRUE","TRUE","FALSE","17.1088252488418","8.10526110400602","9.00356414483582","0.807","0.076","0.542","2,3,4,5,6,7,8,9,151,152,153,154,155,156,157,158,159",0.0011954374452796,FALSE,0,0,1,0,17,0,17,0,0.944444444444444
"S.A.b",49,300,0.33,"TRUE","TRUE","FALSE","16.8160429303521","7.77592269366852","9.0401202366836","1.085","0.082","0.595","2,3,4,5,6,7,8,9,151,152,153,154,155,156,157,158,159",0.000893047870960827,FALSE,0,0,1,0,17,0,17,0,0.944444444444444
"S.A.b",5,300,0.33,"TRUE","TRUE","FALSE","17.2160739888522","8.21092230795581","9.00515168089638","0.835","0.082","0.56","2,3,4,5,6,7,8,9,151,152,153,154,155,156,157,158,159",0.000653334393416828,FALSE,0,0,1,0,17,0,17,0,0.944444444444444
"S.A.b",50,300,0.33,"TRUE","TRUE","FALSE","17.1766466614684","8.17247626871353","9.00417039275489","0.783","0.07","0.509","2,3,4,5,6,7,8,9,151,152,153,154,155,156,157,158,159",0.000784320272040639,FALSE,0,0,1,0,17,0,17,0,0.944444444444444
"S.A.b",51,300,0.33,"TRUE","TRUE","FALSE","17.1974686447623","8.1832561847946","9.0142124599677","0.807","0.08","0.525","2,3,4,5,6,7,8,9,151,152,153,154,155,156,157,158,159",0.000922872622564762,FALSE,0,0,1,0,17,0,17,0,0.944444444444444
"S.A.b",52,300,0.33,"TRUE","TRUE","FALSE","17.3491843886658","8.34323264211737","9.00595174654841","1.014","0.079","0.571","2,3,4,5,6,7,8,9,151,152,153,154,155,156,157,158,159",0.000940849228201556,FALSE,0,0,1,0,17,0,17,0,0.944444444444444
"S.A.b",53,300,0.33,"TRUE","TRUE","FALSE","17.3853511905702","8.38324357071824","9.00210761985199","0.982","0.073","0.517","2,3,4,5,6,7,8,9,151,152,153,154,155,156,157,158,159",0.000998609610193377,FALSE,0,0,1,0,17,0,17,0,0.944444444444444
"S.A.b",54,300,0.33,"TRUE","TRUE","FALSE","17.3366712602355","8.33144557480371","9.0052256854318","0.939","0.076","0.522","2,3,4,5,6,7,8,9,151,152,153,154,155,156,157,158,159",0.000591406238688796,FALSE,0,0,1,0,17,0,17,0,0.944444444444444
"S.A.b",55,300,0.33,"TRUE","TRUE","FALSE","17.2013914961026","8.19576472113997","9.00562677496267","0.882","0.079","0.552","2,3,4,5,6,7,8,9,151,152,153,154,155,156,157,158,159",0.00131705114921015,FALSE,0,0,1,0,17,0,17,0,0.944444444444444
"S.A.b",56,300,0.33,"TRUE","TRUE","FALSE","17.2363396329443","8.13636369193597","9.09997594100835","0.935","0.073","0.523","2,3,4,5,6,7,8,9,151,152,153,154,155,156,157,158,159,167",0.00148602512913023,FALSE,0,1,1,0,18,1,17,0.0555555555555556,0.944444444444444
"S.A.b",57,300,0.33,"TRUE","TRUE","FALSE","17.2617845927475","8.25040772106365","9.01137687168389","0.845","0.073","0.504","2,3,4,5,6,7,8,9,151,152,153,154,155,156,157,158,159",0.00101232653589578,FALSE,0,0,1,0,17,0,17,0,0.944444444444444
"S.A.b",58,300,0.33,"TRUE","TRUE","FALSE","17.1755589290736","8.17386310096995","9.00169582810367","0.781","0.07","0.519","2,3,4,5,6,7,8,9,151,152,153,154,155,156,157,158,159",0.000935446925206865,FALSE,0,0,1,0,17,0,17,0,0.944444444444444
"S.A.b",59,300,0.33,"TRUE","TRUE","FALSE","17.207833422102","8.20185480187425","9.00597862022772","0.807","0.08","0.553","2,3,4,5,6,7,8,9,151,152,153,154,155,156,157,158,159",0.000762981656306425,FALSE,0,0,1,0,17,0,17,0,0.944444444444444
"S.A.b",6,300,0.33,"TRUE","TRUE","FALSE","17.1478177187285","8.13778692910564","9.01003078962284","0.839","0.079","0.582","2,3,4,5,6,7,8,9,151,152,153,154,155,156,157,158,159",0.000833997071550494,FALSE,0,0,1,0,17,0,17,0,0.944444444444444
"S.A.b",60,300,0.33,"TRUE","TRUE","FALSE","17.1392111890291","8.13349398075163","9.00571720827748","0.816","0.076","0.542","2,3,4,5,6,7,8,9,151,152,153,154,155,156,157,158,159",0.000806465695002553,FALSE,0,0,1,0,17,0,17,0,0.944444444444444
"S.A.b",61,300,0.33,"TRUE","TRUE","FALSE","17.1867986929341","8.16335241209667","9.02344628083743","0.816","0.079","0.528","2,3,4,5,6,7,8,9,151,152,153,154,155,156,157,158,159",0.00102162039861238,FALSE,0,0,1,0,17,0,17,0,0.944444444444444
"S.A.b",62,300,0.33,"TRUE","TRUE","FALSE","17.2483547239295","8.23744975039975","9.01090497352971","0.884","0.095","0.545","2,3,4,5,6,7,8,9,151,152,153,154,155,156,157,158,159",0.00080526096550062,FALSE,0,0,1,0,17,0,17,0,0.944444444444444
"S.A.b",63,300,0.33,"TRUE","TRUE","FALSE","17.1042216624383","8.13412037973063","8.97010128270764","0.801","0.074","0.541","2,3,4,5,6,7,8,9,151,152,153,154,155,156,157,158,159",0.00115069308487869,FALSE,0,0,1,0,17,0,17,0,0.944444444444444
"S.A.b",64,300,0.33,"TRUE","TRUE","FALSE","17.1250395105947","8.1185484415509","9.00649106904381","0.762","0.082","0.514","2,3,4,5,6,7,8,9,151,152,153,154,155,156,157,158,159",0.000842970485219881,FALSE,0,0,1,0,17,0,17,0,0.944444444444444
"S.A.b",65,300,0.33,"TRUE","TRUE","FALSE","17.316791799987","8.30006307960105","9.01672872038593","0.879","0.079","0.512","2,3,4,5,6,7,8,9,151,152,153,154,155,156,157,158,159",0.00119546440616153,FALSE,0,0,1,0,17,0,17,0,0.944444444444444
"S.A.b",66,300,0.33,"TRUE","TRUE","FALSE","17.2148625924546","8.20349083230664","9.01137176014793","0.879","0.08","0.559","2,3,4,5,6,7,8,9,151,152,153,154,155,156,157,158,159",0.00103921310366568,FALSE,0,0,1,0,17,0,17,0,0.944444444444444
"S.A.b",67,300,0.33,"TRUE","TRUE","FALSE","17.2484733042053","8.34747075927648","8.90100254492883","0.959","0.08","0.587","2,3,4,5,6,7,8,9,151,152,153,154,155,156,157,158,159",0.00103639135213093,FALSE,0,0,1,0,17,0,17,0,0.944444444444444
"S.A.b",68,300,0.33,"TRUE","TRUE","FALSE","17.241474265815","8.23587267103259","9.00560159478241","0.825","0.074","0.534","2,3,4,5,6,7,8,9,151,152,153,154,155,156,157,158,159",0.000950104958941512,FALSE,0,0,1,0,17,0,17,0,0.944444444444444
"S.A.b",69,300,0.33,"TRUE","TRUE","FALSE","17.5838140335521","8.58021832379175","9.00359570976033","0.917","0.074","0.54","2,3,4,5,6,7,8,9,151,152,153,154,155,156,157,158,159",0.000829224295257763,FALSE,0,0,1,0,17,0,17,0,0.944444444444444
"S.A.b",7,300,0.33,"TRUE","TRUE","FALSE","17.3446103650474","8.33280536616242","9.01180499888501","0.869","0.074","0.538","2,3,4,5,6,7,8,9,151,152,153,154,155,156,157,158,159",0.000537564268450237,FALSE,0,0,1,0,17,0,17,0,0.944444444444444
"S.A.b",70,300,0.33,"TRUE","TRUE","FALSE","17.1102663754324","8.10982350496674","9.00044287046565","0.745","0.074","0.537","2,3,4,5,6,7,8,9,151,152,153,154,155,156,157,158,159",0.000839092162508135,FALSE,0,0,1,0,17,0,17,0,0.944444444444444
"S.A.b",71,300,0.33,"TRUE","TRUE","FALSE","17.404543560417","8.39745775079787","9.00708580961916","0.966","0.079","0.536","2,3,4,5,6,7,8,9,151,152,153,154,155,156,157,158,159",0.00122036552741379,FALSE,0,0,1,0,17,0,17,0,0.944444444444444
"S.A.b",72,300,0.33,"TRUE","TRUE","FALSE","17.1759367036731","8.17038310372837","9.00555359994476","0.826","0.079","0.556","2,3,4,5,6,7,8,9,151,152,153,154,155,156,157,158,159",0.00132601150456919,FALSE,0,0,1,0,17,0,17,0,0.944444444444444
"S.A.b",73,300,0.33,"TRUE","TRUE","FALSE","18.1216089998828","9.02244170583516","9.09916729404765","0.889","0.072","0.51","1,2,3,4,5,6,7,8,9,151,152,153,154,155,156,157,158,159,167",0.00111302858222387,FALSE,0,1,0,0,19,1,18,0.0526315789473684,1
"S.A.b",74,300,0.33,"TRUE","TRUE","FALSE","17.1312367711944","8.12382083242259","9.00741593877184","0.753","0.075","0.539","2,3,4,5,6,7,8,9,151,152,153,154,155,156,157,158,159",0.00109660543522553,FALSE,0,0,1,0,17,0,17,0,0.944444444444444
"S.A.b",75,300,0.33,"TRUE","TRUE","FALSE","17.5629040661563","8.55819872896542","9.00470533719088","0.868","0.078","0.56","2,3,4,5,6,7,8,9,151,152,153,154,155,156,157,158,159",0.000788307620301877,FALSE,0,0,1,0,17,0,17,0,0.944444444444444
"S.A.b",76,300,0.33,"TRUE","TRUE","FALSE","17.1931461905808","8.18779934259251","9.00534684798833","0.807","0.077","0.528","2,3,4,5,6,7,8,9,151,152,153,154,155,156,157,158,159",0.000907047935061034,FALSE,0,0,1,0,17,0,17,0,0.944444444444444
"S.A.b",77,300,0.33,"TRUE","TRUE","FALSE","17.2168646129418","8.21365466621972","9.00320994672213","0.886","0.074","0.56","2,3,4,5,6,7,8,9,151,152,153,154,155,156,157,158,159",0.00100036143957953,FALSE,0,0,1,0,17,0,17,0,0.944444444444444
"S.A.b",78,300,0.33,"TRUE","TRUE","FALSE","17.1801786707925","8.17097610156764","9.00920256922486","0.78","0.075","0.503","2,3,4,5,6,7,8,9,151,152,153,154,155,156,157,158,159",0.00096784521638326,FALSE,0,0,1,0,17,0,17,0,0.944444444444444
"S.A.b",79,300,0.33,"TRUE","TRUE","FALSE","17.1372386622828","8.12770981824075","9.00952884404208","0.772","0.075","0.509","2,3,4,5,6,7,8,9,151,152,153,154,155,156,157,158,159",0.00088152163615097,FALSE,0,0,1,0,17,0,17,0,0.944444444444444
"S.A.b",8,300,0.33,"TRUE","TRUE","FALSE","17.1077968209116","8.10410855409459","9.00368826681706","0.688","0.075","0.535","2,3,4,5,6,7,8,9,151,152,153,154,155,156,157,158,159",0.00135169125517997,FALSE,0,0,1,0,17,0,17,0,0.944444444444444
"S.A.b",80,300,0.33,"TRUE","TRUE","FALSE","17.0994217282639","8.09428432167851","9.00513740658536","0.852","0.079","0.568","2,3,4,5,6,7,8,9,151,152,153,154,155,156,157,158,159",0.00129621956331992,FALSE,0,0,1,0,17,0,17,0,0.944444444444444
"S.A.b",81,300,0.33,"TRUE","TRUE","FALSE","17.1602600991742","8.15644302272303","9.00381707645119","0.924","0.077","0.574","2,3,4,5,6,7,8,9,151,152,153,154,155,156,157,158,159",0.000991180898617523,FALSE,0,0,1,0,17,0,17,0,0.944444444444444
"S.A.b",82,300,0.33,"TRUE","TRUE","FALSE","17.4060714932173","8.40055463044106","9.00551686277625","0.893","0.08","0.56","2,3,4,5,6,7,8,9,151,152,153,154,155,156,157,158,159",0.000685778956217358,FALSE,0,0,1,0,17,0,17,0,0.944444444444444
"S.A.b",83,300,0.33,"TRUE","TRUE","FALSE","17.3776425662894","8.37378290029381","9.00385966599559","0.959","0.073","0.486","2,3,4,5,6,7,8,9,151,152,153,154,155,156,157,158,159",0.000869089377680006,FALSE,0,0,1,0,17,0,17,0,0.944444444444444
"S.A.b",84,300,0.33,"TRUE","TRUE","FALSE","17.1654704759272","8.16219877896169","9.00327169696551","0.8","0.071","0.498","2,3,4,5,6,7,8,9,151,152,153,154,155,156,157,158,159",0.000523886884277627,FALSE,0,0,1,0,17,0,17,0,0.944444444444444
"S.A.b",85,300,0.33,"TRUE","TRUE","FALSE","16.8922214275731","7.88712495247016","9.00509647510295","0.991","0.076","0.578","2,3,4,5,6,7,8,9,151,152,153,154,155,156,157,158,159",0.000787186254502016,FALSE,0,0,1,0,17,0,17,0,0.944444444444444
"S.A.b",86,300,0.33,"TRUE","TRUE","FALSE","17.1275516422905","8.1230344681457","9.00451717414476","0.772","0.073","0.517","2,3,4,5,6,7,8,9,151,152,153,154,155,156,157,158,159",0.000641685656944664,FALSE,0,0,1,0,17,0,17,0,0.944444444444444
"S.A.b",87,300,0.33,"TRUE","TRUE","FALSE","17.5668133843112","8.55891240275773","9.00790098155347","0.895","0.071","0.493","2,3,4,5,6,7,8,9,151,152,153,154,155,156,157,158,159",0.00049957208416416,FALSE,0,0,1,0,17,0,17,0,0.944444444444444
"S.A.b",88,300,0.33,"TRUE","TRUE","FALSE","17.1038329779645","8.09635063016826","9.0074823477962","0.84","0.08","0.532","2,3,4,5,6,7,8,9,151,152,153,154,155,156,157,158,159",0.000770816953329892,FALSE,0,0,1,0,17,0,17,0,0.944444444444444
"S.A.b",89,300,0.33,"TRUE","TRUE","FALSE","18.1436408079114","9.11637949923199","9.02726130867939","0.768","0.073","0.519","1,2,3,4,5,6,7,8,9,151,152,153,154,155,156,157,158,159",0.000798246907926333,TRUE,0,0,0,0,18,0,18,0,1
"S.A.b",9,300,0.33,"TRUE","TRUE","FALSE","17.1825291624167","8.19748366587971","8.98504549653703","0.865","0.078","0.54","2,3,4,5,6,7,8,9,151,152,153,154,155,156,157,158,159",0.00112797654512771,FALSE,0,0,1,0,17,0,17,0,0.944444444444444
"S.A.b",90,300,0.33,"TRUE","TRUE","FALSE","16.7531513140657","7.74984068723641","9.00331062682934","0.984","0.084","0.551","2,3,4,5,6,7,8,9,151,152,153,154,155,156,157,158,159",0.00121252335094356,FALSE,0,0,1,0,17,0,17,0,0.944444444444444
"S.A.b",91,300,0.33,"TRUE","TRUE","FALSE","17.1923143926728","8.18973134334213","9.00258304933069","0.788","0.077","0.508","2,3,4,5,6,7,8,9,151,152,153,154,155,156,157,158,159",0.00121174427125744,FALSE,0,0,1,0,17,0,17,0,0.944444444444444
"S.A.b",92,300,0.33,"TRUE","TRUE","FALSE","17.2235800898555","8.21848072565989","9.00509936419562","0.913","0.081","0.523","2,3,4,5,6,7,8,9,151,152,153,154,155,156,157,158,159",0.00109315243725541,FALSE,0,0,1,0,17,0,17,0,0.944444444444444
"S.A.b",93,300,0.33,"TRUE","TRUE","FALSE","17.0542492232781","8.17300257046963","8.88124665280847","0.818","0.073","0.522","2,3,4,5,6,7,8,9,151,152,153,154,155,156,157,158,159",0.00171093185701342,FALSE,0,0,1,0,17,0,17,0,0.944444444444444
"S.A.b",94,300,0.33,"TRUE","TRUE","FALSE","18.1938952937342","9.1881453353744","9.00574995835978","1.187","0.085","0.575","1,2,3,4,5,6,7,8,9,151,152,153,154,155,156,157,158,159",0.0010779263920481,TRUE,0,0,0,0,18,0,18,0,1
"S.A.b",95,300,0.33,"TRUE","TRUE","FALSE","17.1268923083092","8.12026083379088","9.00663147451832","0.749","0.079","0.591","2,3,4,5,6,7,8,9,151,152,153,154,155,156,157,158,159",0.000633907864088182,FALSE,0,0,1,0,17,0,17,0,0.944444444444444
"S.A.b",96,300,0.33,"TRUE","TRUE","FALSE","17.6559531439357","8.64274952129593","9.01320362263977","1.059","0.072","0.52","2,3,4,5,6,7,8,9,151,152,153,154,155,156,157,158,159",0.00111833242365006,FALSE,0,0,1,0,17,0,17,0,0.944444444444444
"S.A.b",97,300,0.33,"TRUE","TRUE","FALSE","17.2249886367306","8.22696062010267","8.99802801662789","0.9","0.091","0.593","2,3,4,5,6,7,8,9,151,152,153,154,155,156,157,158,159",0.000952036779081829,FALSE,0,0,1,0,17,0,17,0,0.944444444444444
"S.A.b",98,300,0.33,"TRUE","TRUE","FALSE","16.5514560812753","7.54275383435849","9.00870224691682","0.927","0.074","0.539","2,3,4,6,7,8,9,151,152,153,154,155,156,157,158,159",0.00248883197735954,FALSE,0,0,2,0,16,0,16,0,0.888888888888889
"S.A.b",99,300,0.33,"TRUE","TRUE","FALSE","17.1651030198294","8.15749629195607","9.00760672787332","0.776","0.081","0.518","2,3,4,5,6,7,8,9,151,152,153,154,155,156,157,158,159",0.000643621616481878,FALSE,0,0,1,0,17,0,17,0,0.944444444444444
"S.EB",1,300,0.33,"FALSE","FALSE","FALSE","16.5856605279689","7.57910987944427","9.00655064852461","0.864","0.084","0.556","2,3,4,5,6,7,8,9,151,152,153,154,155,156,157,158,159",0.00126267175047506,FALSE,0,0,1,0,17,0,17,0,0.944444444444444
"S.EB",10,300,0.33,"TRUE","TRUE","FALSE","16.9581286059069","7.95409011838503","9.00403848752185","0.862","0.077","0.521","1,2,3,4,5,6,7,8,9,151,152,153,154,155,156,157,158,159",0.00054307411349234,TRUE,0,0,0,0,18,0,18,0,1
"S.EB",100,300,0.33,"TRUE","TRUE","FALSE","16.8709108529522","8.1472405932182","8.72367025973395","0.926","0.077","0.555","2,3,4,5,6,7,8,9,151,152,153,154,155,156,157,158,159",0.00115362734805372,FALSE,0,0,1,0,17,0,17,0,0.944444444444444
"S.EB",11,300,0.33,"TRUE","TRUE","FALSE","17.1411107871469","8.13683570454882","9.00427508259807","0.771","0.075","0.543","2,3,4,5,6,7,8,9,151,152,153,154,155,156,157,158,159",0.000628076341145688,FALSE,0,0,1,0,17,0,17,0,0.944444444444444
"S.EB",12,300,0.33,"TRUE","TRUE","FALSE","17.9721346638192","8.96809900538803","9.00403565843116","0.913","0.081","0.515","1,2,3,4,5,6,7,8,9,20,151,152,153,154,155,156,157,158,159",0.0012179201775386,FALSE,1,0,0,0,19,1,18,0.0526315789473684,1
"S.EB",13,300,0.33,"TRUE","TRUE","FALSE","18.0686481592268","9.06267288317245","9.00597527605432","0.841","0.073","0.507","1,2,3,4,5,6,7,8,9,151,152,153,154,155,156,157,158,159",0.00102413813694949,TRUE,0,0,0,0,18,0,18,0,1
"S.EB",14,300,0.33,"TRUE","TRUE","FALSE","16.6617526638616","7.65520407896979","9.00654858489183","0.869","0.074","0.569","2,3,4,5,6,7,8,9,151,152,153,154,155,156,157,158,159",0.000995911170599858,FALSE,0,0,1,0,17,0,17,0,0.944444444444444
"S.EB",15,300,0.33,"TRUE","TRUE","FALSE","17.1300693121282","8.12516869736927","9.00490061475891","0.72","0.072","0.514","2,3,4,5,6,7,8,9,151,152,153,154,155,156,157,158,159",0.00105649182750792,FALSE,0,0,1,0,17,0,17,0,0.944444444444444
"S.EB",16,300,0.33,"TRUE","TRUE","FALSE","17.1379900769322","8.13356032335065","9.00442975358159","0.768","0.074","0.502","2,3,4,5,6,7,8,9,151,152,153,154,155,156,157,158,159",0.000707584604741466,FALSE,0,0,1,0,17,0,17,0,0.944444444444444
"S.EB",17,300,0.33,"TRUE","TRUE","FALSE","17.3292820703337","8.32421041026813","9.00507166006557","0.867","0.078","0.524","1,2,3,4,5,6,7,8,9,151,152,153,154,155,156,157,158,159",0.00111489332442658,TRUE,0,0,0,0,18,0,18,0,1
"S.EB",18,300,0.33,"TRUE","TRUE","FALSE","17.1498980376772","8.13045661698354","9.01944142069362","0.768","0.078","0.582","2,3,4,5,6,7,8,9,151,152,153,154,155,156,157,158,159",0.00102203182571638,FALSE,0,0,1,0,17,0,17,0,0.944444444444444
"S.EB",19,300,0.33,"TRUE","TRUE","FALSE","17.0741046918642","8.06874191964337","9.00536277222084","0.762","0.074","0.529","2,3,4,5,6,7,8,9,151,152,153,154,155,156,157,158,159",0.00103701263739807,FALSE,0,0,1,0,17,0,17,0,0.944444444444444
"S.EB",2,300,0.33,"TRUE","TRUE","FALSE","17.2229570094682","8.21801437877394","9.00494263069425","0.821","0.08","0.526","2,3,4,5,6,7,8,9,151,152,153,154,155,156,157,158,159",0.000628812201499929,FALSE,0,0,1,0,17,0,17,0,0.944444444444444
"S.EB",20,300,0.33,"TRUE","TRUE","FALSE","17.2101156231899","8.20045053481374","9.00966508837616","0.814","0.074","0.55","2,3,4,5,6,7,8,9,151,152,153,154,155,156,157,158,159",0.000811249984297058,FALSE,0,0,1,0,17,0,17,0,0.944444444444444
"S.EB",21,300,0.33,"TRUE","TRUE","FALSE","17.1275130301157","8.11876051405248","9.00875251606321","0.803","0.072","0.509","2,3,4,5,6,7,8,9,151,152,153,154,155,156,157,158,159",0.00116096118605774,FALSE,0,0,1,0,17,0,17,0,0.944444444444444
"S.EB",22,300,0.33,"TRUE","TRUE","FALSE","17.081094725788","8.45025927475891","8.63083545102907","1.23","0.084","0.579","1,2,3,4,5,6,7,8,9,151,152,153,154,155,156,157,158,159",0.0012532891739076,TRUE,0,0,0,0,18,0,18,0,1
"S.EB",23,300,0.33,"TRUE","TRUE","FALSE","17.2618151210126","8.27147096143072","8.99034415958186","0.819","0.076","0.535","1,2,3,4,5,6,7,8,9,151,152,153,154,155,156,157,158,159",0.000915567044655547,TRUE,0,0,0,0,18,0,18,0,1
"S.EB",24,300,0.33,"TRUE","TRUE","FALSE","17.1299055135474","8.12696373623725","9.00294177731016","0.765","0.085","0.578","2,3,4,5,6,7,8,9,151,152,153,154,155,156,157,158,159",0.00111499536015116,FALSE,0,0,1,0,17,0,17,0,0.944444444444444
"S.EB",25,300,0.33,"TRUE","TRUE","FALSE","17.5787908878626","8.57528588007319","9.00350500778937","0.972","0.076","0.574","1,2,3,4,5,6,7,8,9,151,152,153,154,155,156,157,158,159",0.000964946824205675,TRUE,0,0,0,0,18,0,18,0,1
"S.EB",26,300,0.33,"TRUE","TRUE","FALSE","17.5406784637154","8.53747887470067","9.00319958901475","0.898","0.08","0.543","2,3,4,5,6,7,8,9,49,151,152,153,154,155,156,157,158,159",0.00168845992798924,FALSE,1,0,1,0,18,1,17,0.0555555555555556,0.944444444444444
"S.EB",27,300,0.33,"TRUE","TRUE","FALSE","17.1624105613688","8.14975084137783","9.01265971999101","0.783","0.074","0.557","2,3,4,5,6,7,8,9,151,152,153,154,155,156,157,158,159",0.000726661494344792,FALSE,0,0,1,0,17,0,17,0,0.944444444444444
"S.EB",28,300,0.33,"TRUE","TRUE","FALSE","17.2414640628087","8.22205499309926","9.01940906970944","0.862","0.074","0.532","2,3,4,5,6,7,8,9,151,152,153,154,155,156,157,158,159",0.000701179859609665,FALSE,0,0,1,0,17,0,17,0,0.944444444444444
"S.EB",29,300,0.33,"TRUE","TRUE","FALSE","17.3242703623945","8.31969927508392","9.00457108731058","0.86","0.076","0.57","1,2,3,4,5,6,7,8,9,151,152,153,154,155,156,157,158,159",0.00048197781753004,TRUE,0,0,0,0,18,0,18,0,1
"S.EB",3,300,0.33,"TRUE","TRUE","FALSE","18.0633283815332","9.05881178820526","9.00451659332798","0.797","0.08","0.53","1,2,3,4,5,6,7,8,9,151,152,153,154,155,156,157,158,159",0.000631975289947404,TRUE,0,0,0,0,18,0,18,0,1
"S.EB",30,300,0.33,"TRUE","TRUE","FALSE","17.2396788546928","8.23027994659939","9.00939890809339","0.97","0.077","0.629","1,2,3,4,5,6,7,8,9,151,152,153,154,155,156,157,158,159",0.00142513499143095,TRUE,0,0,0,0,18,0,18,0,1
"S.EB",31,300,0.33,"TRUE","TRUE","FALSE","17.7000213649406","8.66516783403541","9.03485353090517","0.962","0.076","0.569","1,2,3,4,5,6,7,8,9,105,151,152,153,154,155,156,157,158,159",0.00163525618919035,FALSE,1,0,0,0,19,1,18,0.0526315789473684,1
"S.EB",32,300,0.33,"TRUE","TRUE","FALSE","17.1421559856114","8.13756632886387","9.00458965674757","0.761","0.078","0.493","2,3,4,5,6,7,8,9,151,152,153,154,155,156,157,158,159",0.000653654454562652,FALSE,0,0,1,0,17,0,17,0,0.944444444444444
"S.EB",33,300,0.33,"TRUE","TRUE","FALSE","17.1238843511267","8.12019114546496","9.00369320566177","0.711","0.079","0.488","2,3,4,5,6,7,8,9,151,152,153,154,155,156,157,158,159",0.00110177775135044,FALSE,0,0,1,0,17,0,17,0,0.944444444444444
"S.EB",34,300,0.33,"TRUE","TRUE","FALSE","17.187827572679","8.18262270420498","9.00520486847399","0.789","0.086","0.579","2,3,4,5,6,7,8,9,151,152,153,154,155,156,157,158,159",0.000587993951145749,FALSE,0,0,1,0,17,0,17,0,0.944444444444444
"S.EB",35,300,0.33,"TRUE","TRUE","FALSE","17.4038523910628","8.39627085736348","9.00758153369933","0.975","0.076","0.522","2,3,4,5,6,7,8,9,39,94,151,152,153,154,155,156,157,158,159",0.00165484943802915,FALSE,2,0,1,0,19,2,17,0.105263157894737,0.944444444444444
"S.EB",36,300,0.33,"TRUE","TRUE","FALSE","17.642187184675","8.63857006901858","9.00361711565646","0.999","0.074","0.524","1,2,3,4,5,6,7,8,9,137,151,152,153,154,155,156,157,158,159",0.00165582905926115,FALSE,1,0,0,0,19,1,18,0.0526315789473684,1
"S.EB",37,300,0.33,"TRUE","TRUE","FALSE","17.2704206846902","8.26373844070412","9.00668224398612","0.96","0.082","0.504","2,3,4,5,6,7,8,9,43,151,152,153,154,155,156,157,158,159",0.00134270235453733,FALSE,1,0,1,0,18,1,17,0.0555555555555556,0.944444444444444
"S.EB",38,300,0.33,"TRUE","TRUE","FALSE","17.2849915912251","8.28090552608513","9.00408606513993","0.858","0.077","0.517","1,2,3,4,5,6,7,8,9,151,152,153,154,155,156,157,158,159",0.000492243656314568,TRUE,0,0,0,0,18,0,18,0,1
"S.EB",39,300,0.33,"TRUE","TRUE","FALSE","17.4061766684554","8.39730199730314","9.00887467115225","0.92","0.078","0.577","1,2,3,4,5,6,7,8,9,48,151,152,153,154,155,156,157,158,159",0.000859558729905812,FALSE,1,0,0,0,19,1,18,0.0526315789473684,1
"S.EB",4,300,0.33,"TRUE","TRUE","FALSE","17.2845095545827","8.26727120584463","9.01723834873805","0.862","0.072","0.524","1,2,3,4,5,6,7,8,9,151,152,153,154,155,156,157,158,159",0.00105816731278594,TRUE,0,0,0,0,18,0,18,0,1
"S.EB",40,300,0.33,"TRUE","TRUE","FALSE","17.1327329499647","8.12656497801215","9.00616797195256","0.741","0.071","0.503","2,3,4,5,6,7,8,9,151,152,153,154,155,156,157,158,159",0.000844716042004307,FALSE,0,0,1,0,17,0,17,0,0.944444444444444
"S.EB",41,300,0.33,"TRUE","TRUE","FALSE","17.2094736976658","8.17599251930663","9.0334811783592","0.842","0.076","0.564","2,3,4,5,6,7,8,9,151,152,153,154,155,156,157,158,159",0.000641901968527049,FALSE,0,0,1,0,17,0,17,0,0.944444444444444
"S.EB",42,300,0.33,"TRUE","TRUE","FALSE","17.1124490946158","8.10905701360503","9.00339208101077","0.725","0.073","0.492","2,3,4,5,6,7,8,9,151,152,153,154,155,156,157,158,159",0.000776955710630203,FALSE,0,0,1,0,17,0,17,0,0.944444444444444
"S.EB",43,300,0.33,"TRUE","TRUE","FALSE","17.3180477494444","8.31084745519706","9.00720029424733","0.874","0.078","0.58","1,2,3,4,5,6,7,8,9,151,152,153,154,155,156,157,158,159",0.000560638387031267,TRUE,0,0,0,0,18,0,18,0,1
"S.EB",44,300,0.33,"TRUE","TRUE","FALSE","17.1497430720351","8.1460939611387","9.00364911089644","0.768","0.073","0.554","2,3,4,5,6,7,8,9,151,152,153,154,155,156,157,158,159",0.000801700725960943,FALSE,0,0,1,0,17,0,17,0,0.944444444444444
"S.EB",45,300,0.33,"TRUE","TRUE","FALSE","17.1238908603998","8.11468926979101","9.00920159060876","0.825","0.076","0.576","2,3,4,5,6,7,8,9,151,152,153,154,155,156,157,158,159",0.000687944452747798,FALSE,0,0,1,0,17,0,17,0,0.944444444444444
"S.EB",46,300,0.33,"TRUE","TRUE","FALSE","16.9085309565698","7.90164813912697","9.00688281744284","1.018","0.078","0.538","2,3,4,5,6,7,8,9,151,152,153,154,155,156,157,158,159",0.000843790226554512,FALSE,0,0,1,0,17,0,17,0,0.944444444444444
"S.EB",47,300,0.33,"TRUE","TRUE","FALSE","17.1661844739113","8.15310131884094","9.01308315507036","0.806","0.075","0.574","2,3,4,5,6,7,8,9,151,152,153,154,155,156,157,158,159",0.0005420703563035,FALSE,0,0,1,0,17,0,17,0,0.944444444444444
"S.EB",48,300,0.33,"TRUE","TRUE","FALSE","17.1088252488418","8.10526110400602","9.00356414483582","0.807","0.076","0.542","2,3,4,5,6,7,8,9,151,152,153,154,155,156,157,158,159",0.0011954374452796,FALSE,0,0,1,0,17,0,17,0,0.944444444444444
"S.EB",49,300,0.33,"TRUE","TRUE","FALSE","16.8160429303521","7.77592269366852","9.0401202366836","1.085","0.082","0.595","2,3,4,5,6,7,8,9,151,152,153,154,155,156,157,158,159",0.000893047870960827,FALSE,0,0,1,0,17,0,17,0,0.944444444444444
"S.EB",5,300,0.33,"TRUE","TRUE","FALSE","17.2160739888522","8.21092230795581","9.00515168089638","0.835","0.082","0.56","2,3,4,5,6,7,8,9,151,152,153,154,155,156,157,158,159",0.000653334393416828,FALSE,0,0,1,0,17,0,17,0,0.944444444444444
"S.EB",50,300,0.33,"TRUE","TRUE","FALSE","17.1766466614684","8.17247626871353","9.00417039275489","0.783","0.07","0.509","2,3,4,5,6,7,8,9,151,152,153,154,155,156,157,158,159",0.000784320272040639,FALSE,0,0,1,0,17,0,17,0,0.944444444444444
"S.EB",51,300,0.33,"TRUE","TRUE","FALSE","17.1974686447623","8.1832561847946","9.0142124599677","0.807","0.08","0.525","2,3,4,5,6,7,8,9,151,152,153,154,155,156,157,158,159",0.000922872622564762,FALSE,0,0,1,0,17,0,17,0,0.944444444444444
"S.EB",52,300,0.33,"TRUE","TRUE","FALSE","17.3491843886658","8.34323264211737","9.00595174654841","1.014","0.079","0.571","2,3,4,5,6,7,8,9,58,151,152,153,154,155,156,157,158,159",0.00133029833745602,FALSE,1,0,1,0,18,1,17,0.0555555555555556,0.944444444444444
"S.EB",53,300,0.33,"TRUE","TRUE","FALSE","17.3853511905702","8.38324357071824","9.00210761985199","0.982","0.073","0.517","1,2,3,4,5,6,7,8,9,151,152,153,154,155,156,157,158,159",0.000679363449369528,TRUE,0,0,0,0,18,0,18,0,1
"S.EB",54,300,0.33,"TRUE","TRUE","FALSE","17.3366712602355","8.33144557480371","9.0052256854318","0.939","0.076","0.522","1,2,3,4,5,6,7,8,9,32,71,151,152,153,154,155,156,157,158,159",0.00125218207434744,FALSE,2,0,0,0,20,2,18,0.1,1
"S.EB",55,300,0.33,"TRUE","TRUE","FALSE","17.2013914961026","8.19576472113997","9.00562677496267","0.882","0.079","0.552","2,3,4,5,6,7,8,9,151,152,153,154,155,156,157,158,159",0.00131705114921015,FALSE,0,0,1,0,17,0,17,0,0.944444444444444
"S.EB",56,300,0.33,"TRUE","TRUE","FALSE","17.2363396329443","8.13636369193597","9.09997594100835","0.935","0.073","0.523","2,3,4,5,6,7,8,9,151,152,153,154,155,156,157,158,159,167",0.00148602512913023,FALSE,0,1,1,0,18,1,17,0.0555555555555556,0.944444444444444
"S.EB",57,300,0.33,"TRUE","TRUE","FALSE","17.2617845927475","8.25040772106365","9.01137687168389","0.845","0.073","0.504","2,3,4,5,6,7,8,9,31,151,152,153,154,155,156,157,158,159",0.00143744467814287,FALSE,1,0,1,0,18,1,17,0.0555555555555556,0.944444444444444
"S.EB",58,300,0.33,"TRUE","TRUE","FALSE","17.1755589290736","8.17386310096995","9.00169582810367","0.781","0.07","0.519","2,3,4,5,6,7,8,9,151,152,153,154,155,156,157,158,159",0.000935446925206865,FALSE,0,0,1,0,17,0,17,0,0.944444444444444
"S.EB",59,300,0.33,"TRUE","TRUE","FALSE","17.207833422102","8.20185480187425","9.00597862022772","0.807","0.08","0.553","2,3,4,5,6,7,8,9,23,151,152,153,154,155,156,157,158,159",0.00119022371239357,FALSE,1,0,1,0,18,1,17,0.0555555555555556,0.944444444444444
"S.EB",6,300,0.33,"TRUE","TRUE","FALSE","17.1478177187285","8.13778692910564","9.01003078962284","0.839","0.079","0.582","2,3,4,5,6,7,8,9,151,152,153,154,155,156,157,158,159",0.000833997071550494,FALSE,0,0,1,0,17,0,17,0,0.944444444444444
"S.EB",60,300,0.33,"TRUE","TRUE","FALSE","17.1392111890291","8.13349398075163","9.00571720827748","0.816","0.076","0.542","2,3,4,5,6,7,8,9,151,152,153,154,155,156,157,158,159",0.000806465695002553,FALSE,0,0,1,0,17,0,17,0,0.944444444444444
"S.EB",61,300,0.33,"TRUE","TRUE","FALSE","17.1867986929341","8.16335241209667","9.02344628083743","0.816","0.079","0.528","2,3,4,5,6,7,8,9,151,152,153,154,155,156,157,158,159",0.00102162039861238,FALSE,0,0,1,0,17,0,17,0,0.944444444444444
"S.EB",62,300,0.33,"TRUE","TRUE","FALSE","17.2483547239295","8.23744975039975","9.01090497352971","0.884","0.095","0.545","2,3,4,5,6,7,8,9,17,91,151,152,153,154,155,156,157,158,159",0.00161364185684108,FALSE,2,0,1,0,19,2,17,0.105263157894737,0.944444444444444
"S.EB",63,300,0.33,"TRUE","TRUE","FALSE","17.1042216624383","8.13412037973063","8.97010128270764","0.801","0.074","0.541","2,3,4,5,6,7,8,9,151,152,153,154,155,156,157,158,159",0.00115069308487869,FALSE,0,0,1,0,17,0,17,0,0.944444444444444
"S.EB",64,300,0.33,"TRUE","TRUE","FALSE","17.1250395105947","8.1185484415509","9.00649106904381","0.762","0.082","0.514","2,3,4,5,6,7,8,9,151,152,153,154,155,156,157,158,159",0.000842970485219881,FALSE,0,0,1,0,17,0,17,0,0.944444444444444
"S.EB",65,300,0.33,"TRUE","TRUE","FALSE","17.316791799987","8.30006307960105","9.01672872038593","0.879","0.079","0.512","2,3,4,5,6,7,8,9,22,125,151,152,153,154,155,156,157,158,159",0.00217318678315305,FALSE,2,0,1,0,19,2,17,0.105263157894737,0.944444444444444
"S.EB",66,300,0.33,"TRUE","TRUE","FALSE","17.2148625924546","8.20349083230664","9.01137176014793","0.879","0.08","0.559","2,3,4,5,6,7,8,9,151,152,153,154,155,156,157,158,159",0.00103921310366568,FALSE,0,0,1,0,17,0,17,0,0.944444444444444
"S.EB",67,300,0.33,"TRUE","TRUE","FALSE","17.2484733042053","8.34747075927648","8.90100254492883","0.959","0.08","0.587","2,3,4,5,6,7,8,9,88,151,152,153,154,155,156,157,158,159",0.00170059760989246,FALSE,1,0,1,0,18,1,17,0.0555555555555556,0.944444444444444
"S.EB",68,300,0.33,"TRUE","TRUE","FALSE","17.241474265815","8.23587267103259","9.00560159478241","0.825","0.074","0.534","1,2,3,4,5,6,7,8,9,151,152,153,154,155,156,157,158,159",0.000771732385600275,TRUE,0,0,0,0,18,0,18,0,1
"S.EB",69,300,0.33,"TRUE","TRUE","FALSE","17.5838140335521","8.58021832379175","9.00359570976033","0.917","0.074","0.54","1,2,3,4,5,6,7,8,9,151,152,153,154,155,156,157,158,159",0.000671077713859974,TRUE,0,0,0,0,18,0,18,0,1
"S.EB",7,300,0.33,"TRUE","TRUE","FALSE","17.3446103650474","8.33280536616242","9.01180499888501","0.869","0.074","0.538","1,2,3,4,5,6,7,8,9,11,51,151,152,153,154,155,156,157,158,159",0.00136878953357362,FALSE,2,0,0,0,20,2,18,0.1,1
"S.EB",70,300,0.33,"TRUE","TRUE","FALSE","17.1102663754324","8.10982350496674","9.00044287046565","0.745","0.074","0.537","2,3,4,5,6,7,8,9,151,152,153,154,155,156,157,158,159",0.000839092162508135,FALSE,0,0,1,0,17,0,17,0,0.944444444444444
"S.EB",71,300,0.33,"TRUE","TRUE","FALSE","17.404543560417","8.39745775079787","9.00708580961916","0.966","0.079","0.536","2,3,4,5,6,7,8,9,25,151,152,153,154,155,156,157,158,159",0.0017446955903579,FALSE,1,0,1,0,18,1,17,0.0555555555555556,0.944444444444444
"S.EB",72,300,0.33,"TRUE","TRUE","FALSE","17.1759367036731","8.17038310372837","9.00555359994476","0.826","0.079","0.556","2,3,4,5,6,7,8,9,50,151,152,153,154,155,156,157,158,159",0.00184982071357827,FALSE,1,0,1,0,18,1,17,0.0555555555555556,0.944444444444444
"S.EB",73,300,0.33,"TRUE","TRUE","FALSE","18.1216089998828","9.02244170583516","9.09916729404765","0.889","0.072","0.51","1,2,3,4,5,6,7,8,9,151,152,153,154,155,156,157,158,159,167",0.00111302858222387,FALSE,0,1,0,0,19,1,18,0.0526315789473684,1
"S.EB",74,300,0.33,"TRUE","TRUE","FALSE","17.1312367711944","8.12382083242259","9.00741593877184","0.753","0.075","0.539","2,3,4,5,6,7,8,9,151,152,153,154,155,156,157,158,159",0.00109660543522553,FALSE,0,0,1,0,17,0,17,0,0.944444444444444
"S.EB",75,300,0.33,"TRUE","TRUE","FALSE","17.5629040661563","8.55819872896542","9.00470533719088","0.868","0.078","0.56","1,2,3,4,5,6,7,8,9,151,152,153,154,155,156,157,158,159",0.000504492824220886,TRUE,0,0,0,0,18,0,18,0,1
"S.EB",76,300,0.33,"TRUE","TRUE","FALSE","17.1931461905808","8.18779934259251","9.00534684798833","0.807","0.077","0.528","2,3,4,5,6,7,8,9,61,151,152,153,154,155,156,157,158,159",0.00132040559964099,FALSE,1,0,1,0,18,1,17,0.0555555555555556,0.944444444444444
"S.EB",77,300,0.33,"TRUE","TRUE","FALSE","17.2168646129418","8.21365466621972","9.00320994672213","0.886","0.074","0.56","2,3,4,5,6,7,8,9,57,151,152,153,154,155,156,157,158,159",0.0014669957194669,FALSE,1,0,1,0,18,1,17,0.0555555555555556,0.944444444444444
"S.EB",78,300,0.33,"TRUE","TRUE","FALSE","17.1801786707925","8.17097610156764","9.00920256922486","0.78","0.075","0.503","2,3,4,5,6,7,8,9,151,152,153,154,155,156,157,158,159",0.00096784521638326,FALSE,0,0,1,0,17,0,17,0,0.944444444444444
"S.EB",79,300,0.33,"TRUE","TRUE","FALSE","17.1372386622828","8.12770981824075","9.00952884404208","0.772","0.075","0.509","2,3,4,5,6,7,8,9,151,152,153,154,155,156,157,158,159",0.00088152163615097,FALSE,0,0,1,0,17,0,17,0,0.944444444444444
"S.EB",8,300,0.33,"TRUE","TRUE","FALSE","17.1077968209116","8.10410855409459","9.00368826681706","0.688","0.075","0.535","2,3,4,5,6,7,8,9,151,152,153,154,155,156,157,158,159",0.00135169125517997,FALSE,0,0,1,0,17,0,17,0,0.944444444444444
"S.EB",80,300,0.33,"TRUE","TRUE","FALSE","17.0994217282639","8.09428432167851","9.00513740658536","0.852","0.079","0.568","2,3,4,5,6,7,8,9,151,152,153,154,155,156,157,158,159",0.00129621956331992,FALSE,0,0,1,0,17,0,17,0,0.944444444444444
"S.EB",81,300,0.33,"TRUE","TRUE","FALSE","17.1602600991742","8.15644302272303","9.00381707645119","0.924","0.077","0.574","2,3,4,5,6,7,8,9,15,88,151,152,153,154,155,156,157,158,159",0.0017386002090861,FALSE,2,0,1,0,19,2,17,0.105263157894737,0.944444444444444
"S.EB",82,300,0.33,"TRUE","TRUE","FALSE","17.4060714932173","8.40055463044106","9.00551686277625","0.893","0.08","0.56","2,3,4,5,6,7,8,9,49,151,152,153,154,155,156,157,158,159",0.00122713334160432,FALSE,1,0,1,0,18,1,17,0.0555555555555556,0.944444444444444
"S.EB",83,300,0.33,"TRUE","TRUE","FALSE","17.3776425662894","8.37378290029381","9.00385966599559","0.959","0.073","0.486","1,2,3,4,5,6,7,8,9,48,58,151,152,153,154,155,156,157,158,159",0.00185322282649967,FALSE,2,0,0,0,20,2,18,0.1,1
"S.EB",84,300,0.33,"TRUE","TRUE","FALSE","17.1654704759272","8.16219877896169","9.00327169696551","0.8","0.071","0.498","2,3,4,5,6,7,8,9,151,152,153,154,155,156,157,158,159",0.000523886884277627,FALSE,0,0,1,0,17,0,17,0,0.944444444444444
"S.EB",85,300,0.33,"TRUE","TRUE","FALSE","16.8922214275731","7.88712495247016","9.00509647510295","0.991","0.076","0.578","2,3,4,5,6,7,8,9,151,152,153,154,155,156,157,158,159",0.000787186254502016,FALSE,0,0,1,0,17,0,17,0,0.944444444444444
"S.EB",86,300,0.33,"TRUE","TRUE","FALSE","17.1275516422905","8.1230344681457","9.00451717414476","0.772","0.073","0.517","2,3,4,5,6,7,8,9,151,152,153,154,155,156,157,158,159",0.000641685656944664,FALSE,0,0,1,0,17,0,17,0,0.944444444444444
"S.EB",87,300,0.33,"TRUE","TRUE","FALSE","17.5668133843112","8.55891240275773","9.00790098155347","0.895","0.071","0.493","1,2,3,4,5,6,7,8,9,120,151,152,153,154,155,156,157,158,159",0.000716840642838047,FALSE,1,0,0,0,19,1,18,0.0526315789473684,1
"S.EB",88,300,0.33,"TRUE","TRUE","FALSE","17.1038329779645","8.09635063016826","9.0074823477962","0.84","0.08","0.532","2,3,4,5,6,7,8,9,151,152,153,154,155,156,157,158,159",0.000770816953329892,FALSE,0,0,1,0,17,0,17,0,0.944444444444444
"S.EB",89,300,0.33,"TRUE","TRUE","FALSE","18.1436408079114","9.11637949923199","9.02726130867939","0.768","0.073","0.519","1,2,3,4,5,6,7,8,9,151,152,153,154,155,156,157,158,159",0.000798246907926333,TRUE,0,0,0,0,18,0,18,0,1
"S.EB",9,300,0.33,"TRUE","TRUE","FALSE","17.1825291624167","8.19748366587971","8.98504549653703","0.865","0.078","0.54","2,3,4,5,6,7,8,9,151,152,153,154,155,156,157,158,159",0.00112797654512771,FALSE,0,0,1,0,17,0,17,0,0.944444444444444
"S.EB",90,300,0.33,"TRUE","TRUE","FALSE","16.7531513140657","7.74984068723641","9.00331062682934","0.984","0.084","0.551","2,3,4,5,6,7,8,9,34,151,152,153,154,155,156,157,158,159",0.00160220229850192,FALSE,1,0,1,0,18,1,17,0.0555555555555556,0.944444444444444
"S.EB",91,300,0.33,"TRUE","TRUE","FALSE","17.1923143926728","8.18973134334213","9.00258304933069","0.788","0.077","0.508","1,2,3,4,5,6,7,8,9,151,152,153,154,155,156,157,158,159",0.000843422809958221,TRUE,0,0,0,0,18,0,18,0,1
"S.EB",92,300,0.33,"TRUE","TRUE","FALSE","17.2235800898555","8.21848072565989","9.00509936419562","0.913","0.081","0.523","2,3,4,5,6,7,8,9,146,151,152,153,154,155,156,157,158,159",0.00150733705501359,FALSE,1,0,1,0,18,1,17,0.0555555555555556,0.944444444444444
"S.EB",93,300,0.33,"TRUE","TRUE","FALSE","17.0542492232781","8.17300257046963","8.88124665280847","0.818","0.073","0.522","1,2,3,4,5,6,7,8,9,151,152,153,154,155,156,157,158,159",0.00157561745017695,TRUE,0,0,0,0,18,0,18,0,1
"S.EB",94,300,0.33,"TRUE","TRUE","FALSE","18.1938952937342","9.1881453353744","9.00574995835978","1.187","0.085","0.575","1,2,3,4,5,6,7,8,9,79,145,151,152,153,154,155,156,157,158,159",0.0022779590524123,FALSE,2,0,0,0,20,2,18,0.1,1
"S.EB",95,300,0.33,"TRUE","TRUE","FALSE","17.1268923083092","8.12026083379088","9.00663147451832","0.749","0.079","0.591","2,3,4,5,6,7,8,9,151,152,153,154,155,156,157,158,159",0.000633907864088182,FALSE,0,0,1,0,17,0,17,0,0.944444444444444
"S.EB",96,300,0.33,"TRUE","TRUE","FALSE","17.6559531439357","8.64274952129593","9.01320362263977","1.059","0.072","0.52","1,2,3,4,5,6,7,8,9,69,151,152,153,154,155,156,157,158,159",0.00152161949912262,FALSE,1,0,0,0,19,1,18,0.0526315789473684,1
"S.EB",97,300,0.33,"TRUE","TRUE","FALSE","17.2249886367306","8.22696062010267","8.99802801662789","0.9","0.091","0.593","2,3,4,5,6,7,8,9,30,151,152,153,154,155,156,157,158,159",0.00151011988348354,FALSE,1,0,1,0,18,1,17,0.0555555555555556,0.944444444444444
"S.EB",98,300,0.33,"TRUE","TRUE","FALSE","16.5514560812753","7.54275383435849","9.00870224691682","0.927","0.074","0.539","2,3,4,5,6,7,8,9,151,152,153,154,155,156,157,158,159",0.000878583331115497,FALSE,0,0,1,0,17,0,17,0,0.944444444444444
"S.EB",99,300,0.33,"TRUE","TRUE","FALSE","17.1651030198294","8.15749629195607","9.00760672787332","0.776","0.081","0.518","2,3,4,5,6,7,8,9,151,152,153,154,155,156,157,158,159",0.000643621616481878,FALSE,0,0,1,0,17,0,17,0,0.944444444444444
"S.EB.b",1,300,0.33,"FALSE","FALSE","FALSE","16.5856605279689","7.57910987944427","9.00655064852461","0.864","0.084","0.556","2,3,4,5,6,7,8,9,151,152,153,154,155,156,157,158,159",0.00126267175047506,FALSE,0,0,1,0,17,0,17,0,0.944444444444444
"S.EB.b",10,300,0.33,"TRUE","TRUE","FALSE","16.9581286059069","7.95409011838503","9.00403848752185","0.862","0.077","0.521","2,3,4,5,6,7,8,9,151,152,153,154,155,156,157,158,159",0.000733595534797865,FALSE,0,0,1,0,17,0,17,0,0.944444444444444
"S.EB.b",100,300,0.33,"TRUE","TRUE","FALSE","16.8709108529522","8.1472405932182","8.72367025973395","0.926","0.077","0.555","2,3,4,5,6,7,8,9,151,152,153,154,155,156,157,158,159",0.00115362734805372,FALSE,0,0,1,0,17,0,17,0,0.944444444444444
"S.EB.b",11,300,0.33,"TRUE","TRUE","FALSE","17.1411107871469","8.13683570454882","9.00427508259807","0.771","0.075","0.543","2,3,4,5,6,7,8,9,151,152,153,154,155,156,157,158,159",0.000628076341145688,FALSE,0,0,1,0,17,0,17,0,0.944444444444444
"S.EB.b",12,300,0.33,"TRUE","TRUE","FALSE","17.9721346638192","8.96809900538803","9.00403565843116","0.913","0.081","0.515","1,2,3,4,5,6,7,8,9,20,151,152,153,154,155,156,157,158,159",0.0012179201775386,FALSE,1,0,0,0,19,1,18,0.0526315789473684,1
"S.EB.b",13,300,0.33,"TRUE","TRUE","FALSE","18.0686481592268","9.06267288317245","9.00597527605432","0.841","0.073","0.507","1,2,3,4,5,6,7,8,9,151,152,153,154,155,156,157,158,159",0.00102413813694949,TRUE,0,0,0,0,18,0,18,0,1
"S.EB.b",14,300,0.33,"TRUE","TRUE","FALSE","16.6617526638616","7.65520407896979","9.00654858489183","0.869","0.074","0.569","2,3,4,5,6,7,8,9,151,152,153,154,155,156,157,158,159",0.000995911170599858,FALSE,0,0,1,0,17,0,17,0,0.944444444444444
"S.EB.b",15,300,0.33,"TRUE","TRUE","FALSE","17.1300693121282","8.12516869736927","9.00490061475891","0.72","0.072","0.514","2,3,4,5,6,7,8,9,151,152,153,154,155,156,157,158,159",0.00105649182750792,FALSE,0,0,1,0,17,0,17,0,0.944444444444444
"S.EB.b",16,300,0.33,"TRUE","TRUE","FALSE","17.1379900769322","8.13356032335065","9.00442975358159","0.768","0.074","0.502","2,3,4,5,6,7,8,9,151,152,153,154,155,156,157,158,159",0.000707584604741466,FALSE,0,0,1,0,17,0,17,0,0.944444444444444
"S.EB.b",17,300,0.33,"TRUE","TRUE","FALSE","17.3292820703337","8.32421041026813","9.00507166006557","0.867","0.078","0.524","1,2,3,4,5,6,7,8,9,151,152,153,154,155,156,157,158,159",0.00111489332442658,TRUE,0,0,0,0,18,0,18,0,1
"S.EB.b",18,300,0.33,"TRUE","TRUE","FALSE","17.1498980376772","8.13045661698354","9.01944142069362","0.768","0.078","0.582","2,3,4,5,6,7,8,9,151,152,153,154,155,156,157,158,159,163",0.00124743181135589,FALSE,0,1,1,0,18,1,17,0.0555555555555556,0.944444444444444
"S.EB.b",19,300,0.33,"TRUE","TRUE","FALSE","17.0741046918642","8.06874191964337","9.00536277222084","0.762","0.074","0.529","2,3,4,5,6,7,8,9,151,152,153,154,155,156,157,158,159",0.00103701263739807,FALSE,0,0,1,0,17,0,17,0,0.944444444444444
"S.EB.b",2,300,0.33,"TRUE","TRUE","FALSE","17.2229570094682","8.21801437877394","9.00494263069425","0.821","0.08","0.526","2,3,4,5,6,7,8,9,151,152,153,154,155,156,157,158,159",0.000628812201499929,FALSE,0,0,1,0,17,0,17,0,0.944444444444444
"S.EB.b",20,300,0.33,"TRUE","TRUE","FALSE","17.2101156231899","8.20045053481374","9.00966508837616","0.814","0.074","0.55","2,3,4,5,6,7,8,9,151,152,153,154,155,156,157,158,159,167",0.00113175241979539,FALSE,0,1,1,0,18,1,17,0.0555555555555556,0.944444444444444
"S.EB.b",21,300,0.33,"TRUE","TRUE","FALSE","17.1275130301157","8.11876051405248","9.00875251606321","0.803","0.072","0.509","2,3,4,5,6,7,8,9,151,152,153,154,155,156,157,158,159",0.00116096118605774,FALSE,0,0,1,0,17,0,17,0,0.944444444444444
"S.EB.b",22,300,0.33,"TRUE","TRUE","FALSE","17.081094725788","8.45025927475891","8.63083545102907","1.23","0.084","0.579","1,2,3,4,5,6,7,8,9,151,152,153,154,155,156,157,158,159",0.0012532891739076,TRUE,0,0,0,0,18,0,18,0,1
"S.EB.b",23,300,0.33,"TRUE","TRUE","FALSE","17.2618151210126","8.27147096143072","8.99034415958186","0.819","0.076","0.535","1,2,3,4,5,6,7,8,9,151,152,153,154,155,156,157,158,159",0.000915567044655547,TRUE,0,0,0,0,18,0,18,0,1
"S.EB.b",24,300,0.33,"TRUE","TRUE","FALSE","17.1299055135474","8.12696373623725","9.00294177731016","0.765","0.085","0.578","2,3,4,5,6,7,8,9,151,152,153,154,155,156,157,158,159",0.00111499536015116,FALSE,0,0,1,0,17,0,17,0,0.944444444444444
"S.EB.b",25,300,0.33,"TRUE","TRUE","FALSE","17.5787908878626","8.57528588007319","9.00350500778937","0.972","0.076","0.574","1,2,3,4,5,6,7,8,9,151,152,153,154,155,156,157,158,159",0.000964946824205675,TRUE,0,0,0,0,18,0,18,0,1
"S.EB.b",26,300,0.33,"TRUE","TRUE","FALSE","17.5406784637154","8.53747887470067","9.00319958901475","0.898","0.08","0.543","2,3,4,5,6,7,8,9,49,151,152,153,154,155,156,157,158,159",0.00168845992798924,FALSE,1,0,1,0,18,1,17,0.0555555555555556,0.944444444444444
"S.EB.b",27,300,0.33,"TRUE","TRUE","FALSE","17.1624105613688","8.14975084137783","9.01265971999101","0.783","0.074","0.557","2,3,4,5,6,7,8,9,151,152,153,154,155,156,157,158,159,166",0.00114350797956789,FALSE,0,1,1,0,18,1,17,0.0555555555555556,0.944444444444444
"S.EB.b",28,300,0.33,"TRUE","TRUE","FALSE","17.2414640628087","8.22205499309926","9.01940906970944","0.862","0.074","0.532","2,3,4,5,6,7,8,9,151,152,153,154,155,156,157,158,159,167",0.000914352472534327,FALSE,0,1,1,0,18,1,17,0.0555555555555556,0.944444444444444
"S.EB.b",29,300,0.33,"TRUE","TRUE","FALSE","17.3242703623945","8.31969927508392","9.00457108731058","0.86","0.076","0.57","1,2,3,4,5,6,7,8,9,151,152,153,154,155,156,157,158,159",0.00048197781753004,TRUE,0,0,0,0,18,0,18,0,1
"S.EB.b",3,300,0.33,"TRUE","TRUE","FALSE","18.0633283815332","9.05881178820526","9.00451659332798","0.797","0.08","0.53","1,2,3,4,5,6,7,8,9,151,152,153,154,155,156,157,158,159",0.000631975289947404,TRUE,0,0,0,0,18,0,18,0,1
"S.EB.b",30,300,0.33,"TRUE","TRUE","FALSE","17.2396788546928","8.23027994659939","9.00939890809339","0.97","0.077","0.629","1,2,3,4,5,6,7,8,9,151,152,153,154,155,156,157,158,159",0.00142513499143095,TRUE,0,0,0,0,18,0,18,0,1
"S.EB.b",31,300,0.33,"TRUE","TRUE","FALSE","17.7000213649406","8.66516783403541","9.03485353090517","0.962","0.076","0.569","1,2,3,4,5,6,7,8,9,105,151,152,153,154,155,156,157,158,159,165",0.00203335844323189,FALSE,1,1,0,0,20,2,18,0.1,1
"S.EB.b",32,300,0.33,"TRUE","TRUE","FALSE","17.1421559856114","8.13756632886387","9.00458965674757","0.761","0.078","0.493","2,3,4,5,6,7,8,9,151,152,153,154,155,156,157,158,159",0.000653654454562652,FALSE,0,0,1,0,17,0,17,0,0.944444444444444
"S.EB.b",33,300,0.33,"TRUE","TRUE","FALSE","17.1238843511267","8.12019114546496","9.00369320566177","0.711","0.079","0.488","2,3,4,5,6,7,8,9,151,152,153,154,155,156,157,158,159",0.00110177775135044,FALSE,0,0,1,0,17,0,17,0,0.944444444444444
"S.EB.b",34,300,0.33,"TRUE","TRUE","FALSE","17.187827572679","8.18262270420498","9.00520486847399","0.789","0.086","0.579","2,3,4,5,6,7,8,9,151,152,153,154,155,156,157,158,159",0.000587993951145749,FALSE,0,0,1,0,17,0,17,0,0.944444444444444
"S.EB.b",35,300,0.33,"TRUE","TRUE","FALSE","17.4038523910628","8.39627085736348","9.00758153369933","0.975","0.076","0.522","2,3,4,5,6,7,8,9,73,151,152,153,154,155,156,157,158,159",0.00119306556321505,FALSE,1,0,1,0,18,1,17,0.0555555555555556,0.944444444444444
"S.EB.b",36,300,0.33,"TRUE","TRUE","FALSE","17.642187184675","8.63857006901858","9.00361711565646","0.999","0.074","0.524","1,2,3,4,5,6,7,8,9,137,151,152,153,154,155,156,157,158,159",0.00165582905926115,FALSE,1,0,0,0,19,1,18,0.0526315789473684,1
"S.EB.b",37,300,0.33,"TRUE","TRUE","FALSE","17.2704206846902","8.26373844070412","9.00668224398612","0.96","0.082","0.504","2,3,4,5,6,7,8,9,43,151,152,153,154,155,156,157,158,159",0.00134270235453733,FALSE,1,0,1,0,18,1,17,0.0555555555555556,0.944444444444444
"S.EB.b",38,300,0.33,"TRUE","TRUE","FALSE","17.2849915912251","8.28090552608513","9.00408606513993","0.858","0.077","0.517","1,2,3,4,5,6,7,8,9,151,152,153,154,155,156,157,158,159",0.000492243656314568,TRUE,0,0,0,0,18,0,18,0,1
"S.EB.b",39,300,0.33,"TRUE","TRUE","FALSE","17.4061766684554","8.39730199730314","9.00887467115225","0.92","0.078","0.577","1,2,3,4,5,6,7,8,9,48,151,152,153,154,155,156,157,158,159",0.000859558729905812,FALSE,1,0,0,0,19,1,18,0.0526315789473684,1
"S.EB.b",4,300,0.33,"TRUE","TRUE","FALSE","17.2845095545827","8.26727120584463","9.01723834873805","0.862","0.072","0.524","2,3,4,5,6,7,8,9,151,152,153,154,155,156,157,158,159,163",0.00149835665700867,FALSE,0,1,1,0,18,1,17,0.0555555555555556,0.944444444444444
"S.EB.b",40,300,0.33,"TRUE","TRUE","FALSE","17.1327329499647","8.12656497801215","9.00616797195256","0.741","0.071","0.503","2,3,4,5,6,7,8,9,151,152,153,154,155,156,157,158,159",0.000844716042004307,FALSE,0,0,1,0,17,0,17,0,0.944444444444444
"S.EB.b",41,300,0.33,"TRUE","TRUE","FALSE","17.2094736976658","8.17599251930663","9.0334811783592","0.842","0.076","0.564","2,3,4,5,6,7,8,9,151,152,153,154,155,156,157,158,159,164,166",0.00130914724659056,FALSE,0,2,1,0,19,2,17,0.105263157894737,0.944444444444444
"S.EB.b",42,300,0.33,"TRUE","TRUE","FALSE","17.1124490946158","8.10905701360503","9.00339208101077","0.725","0.073","0.492","2,3,4,5,6,7,8,9,151,152,153,154,155,156,157,158,159",0.000776955710630203,FALSE,0,0,1,0,17,0,17,0,0.944444444444444
"S.EB.b",43,300,0.33,"TRUE","TRUE","FALSE","17.3180477494444","8.31084745519706","9.00720029424733","0.874","0.078","0.58","1,2,3,4,5,6,7,8,9,151,152,153,154,155,156,157,158,159,167",0.000836618761441744,FALSE,0,1,0,0,19,1,18,0.0526315789473684,1
"S.EB.b",44,300,0.33,"TRUE","TRUE","FALSE","17.1497430720351","8.1460939611387","9.00364911089644","0.768","0.073","0.554","2,3,4,5,6,7,8,9,151,152,153,154,155,156,157,158,159",0.000801700725960943,FALSE,0,0,1,0,17,0,17,0,0.944444444444444
"S.EB.b",45,300,0.33,"TRUE","TRUE","FALSE","17.1238908603998","8.11468926979101","9.00920159060876","0.825","0.076","0.576","2,3,4,5,6,7,8,9,151,152,153,154,155,156,157,158,159,162",0.000975016220259499,FALSE,0,1,1,0,18,1,17,0.0555555555555556,0.944444444444444
"S.EB.b",46,300,0.33,"TRUE","TRUE","FALSE","16.9085309565698","7.90164813912697","9.00688281744284","1.018","0.078","0.538","2,3,4,5,6,7,8,9,151,152,153,154,155,156,157,158,159",0.000843790226554512,FALSE,0,0,1,0,17,0,17,0,0.944444444444444
"S.EB.b",47,300,0.33,"TRUE","TRUE","FALSE","17.1661844739113","8.15310131884094","9.01308315507036","0.806","0.075","0.574","2,3,4,5,6,7,8,9,151,152,153,154,155,156,157,158,159,166",0.000905504561325113,FALSE,0,1,1,0,18,1,17,0.0555555555555556,0.944444444444444
"S.EB.b",48,300,0.33,"TRUE","TRUE","FALSE","17.1088252488418","8.10526110400602","9.00356414483582","0.807","0.076","0.542","2,3,4,5,6,7,8,9,151,152,153,154,155,156,157,158,159",0.0011954374452796,FALSE,0,0,1,0,17,0,17,0,0.944444444444444
"S.EB.b",49,300,0.33,"TRUE","TRUE","FALSE","16.8160429303521","7.77592269366852","9.0401202366836","1.085","0.082","0.595","2,3,4,5,6,7,8,9,151,152,153,154,155,156,157,158,159,161",0.0012993011778702,FALSE,0,1,1,0,18,1,17,0.0555555555555556,0.944444444444444
"S.EB.b",5,300,0.33,"TRUE","TRUE","FALSE","17.2160739888522","8.21092230795581","9.00515168089638","0.835","0.082","0.56","2,3,4,5,6,7,8,9,151,152,153,154,155,156,157,158,159",0.000653334393416828,FALSE,0,0,1,0,17,0,17,0,0.944444444444444
"S.EB.b",50,300,0.33,"TRUE","TRUE","FALSE","17.1766466614684","8.17247626871353","9.00417039275489","0.783","0.07","0.509","2,3,4,5,6,7,8,9,151,152,153,154,155,156,157,158,159",0.000784320272040639,FALSE,0,0,1,0,17,0,17,0,0.944444444444444
"S.EB.b",51,300,0.33,"TRUE","TRUE","FALSE","17.1974686447623","8.1832561847946","9.0142124599677","0.807","0.08","0.525","2,3,4,5,6,7,8,9,151,152,153,154,155,156,157,158,159,166",0.00123971657935323,FALSE,0,1,1,0,18,1,17,0.0555555555555556,0.944444444444444
"S.EB.b",52,300,0.33,"TRUE","TRUE","FALSE","17.3491843886658","8.34323264211737","9.00595174654841","1.014","0.079","0.571","2,3,4,5,6,7,8,9,151,152,153,154,155,156,157,158,159",0.000940849228201556,FALSE,0,0,1,0,17,0,17,0,0.944444444444444
"S.EB.b",53,300,0.33,"TRUE","TRUE","FALSE","17.3853511905702","8.38324357071824","9.00210761985199","0.982","0.073","0.517","1,2,3,4,5,6,7,8,9,151,152,153,154,155,156,157,158,159",0.000679363449369528,TRUE,0,0,0,0,18,0,18,0,1
"S.EB.b",54,300,0.33,"TRUE","TRUE","FALSE","17.3366712602355","8.33144557480371","9.0052256854318","0.939","0.076","0.522","1,2,3,4,5,6,7,8,9,151,152,153,154,155,156,157,158,159",0.000446605420566149,TRUE,0,0,0,0,18,0,18,0,1
"S.EB.b",55,300,0.33,"TRUE","TRUE","FALSE","17.2013914961026","8.19576472113997","9.00562677496267","0.882","0.079","0.552","2,3,4,5,6,7,8,9,151,152,153,154,155,156,157,158,159",0.00131705114921015,FALSE,0,0,1,0,17,0,17,0,0.944444444444444
"S.EB.b",56,300,0.33,"TRUE","TRUE","FALSE","17.2363396329443","8.13636369193597","9.09997594100835","0.935","0.073","0.523","2,3,4,5,6,7,8,9,151,152,153,154,155,156,157,158,159,167",0.00148602512913023,FALSE,0,1,1,0,18,1,17,0.0555555555555556,0.944444444444444
"S.EB.b",57,300,0.33,"TRUE","TRUE","FALSE","17.2617845927475","8.25040772106365","9.01137687168389","0.845","0.073","0.504","2,3,4,5,6,7,8,9,31,151,152,153,154,155,156,157,158,159,163",0.00173499926937646,FALSE,1,1,1,0,19,2,17,0.105263157894737,0.944444444444444
"S.EB.b",58,300,0.33,"TRUE","TRUE","FALSE","17.1755589290736","8.17386310096995","9.00169582810367","0.781","0.07","0.519","2,3,4,5,6,7,8,9,151,152,153,154,155,156,157,158,159",0.000935446925206865,FALSE,0,0,1,0,17,0,17,0,0.944444444444444
"S.EB.b",59,300,0.33,"TRUE","TRUE","FALSE","17.207833422102","8.20185480187425","9.00597862022772","0.807","0.08","0.553","2,3,4,5,6,7,8,9,23,151,152,153,154,155,156,157,158,159",0.00119022371239357,FALSE,1,0,1,0,18,1,17,0.0555555555555556,0.944444444444444
"S.EB.b",6,300,0.33,"TRUE","TRUE","FALSE","17.1478177187285","8.13778692910564","9.01003078962284","0.839","0.079","0.582","2,3,4,5,6,7,8,9,151,152,153,154,155,156,157,158,159,160",0.00115311410207241,FALSE,0,1,1,0,18,1,17,0.0555555555555556,0.944444444444444
"S.EB.b",60,300,0.33,"TRUE","TRUE","FALSE","17.1392111890291","8.13349398075163","9.00571720827748","0.816","0.076","0.542","2,3,4,5,6,7,8,9,151,152,153,154,155,156,157,158,159",0.000806465695002553,FALSE,0,0,1,0,17,0,17,0,0.944444444444444
"S.EB.b",61,300,0.33,"TRUE","TRUE","FALSE","17.1867986929341","8.16335241209667","9.02344628083743","0.816","0.079","0.528","2,3,4,5,6,7,8,9,151,152,153,154,155,156,157,158,159,161",0.00144842111778925,FALSE,0,1,1,0,18,1,17,0.0555555555555556,0.944444444444444
"S.EB.b",62,300,0.33,"TRUE","TRUE","FALSE","17.2483547239295","8.23744975039975","9.01090497352971","0.884","0.095","0.545","2,3,4,5,6,7,8,9,151,152,153,154,155,156,157,158,159",0.00080526096550062,FALSE,0,0,1,0,17,0,17,0,0.944444444444444
"S.EB.b",63,300,0.33,"TRUE","TRUE","FALSE","17.1042216624383","8.13412037973063","8.97010128270764","0.801","0.074","0.541","2,3,4,5,6,7,8,9,151,152,153,154,155,156,157,158,159",0.00115069308487869,FALSE,0,0,1,0,17,0,17,0,0.944444444444444
"S.EB.b",64,300,0.33,"TRUE","TRUE","FALSE","17.1250395105947","8.1185484415509","9.00649106904381","0.762","0.082","0.514","2,3,4,5,6,7,8,9,151,152,153,154,155,156,157,158,159",0.000842970485219881,FALSE,0,0,1,0,17,0,17,0,0.944444444444444
"S.EB.b",65,300,0.33,"TRUE","TRUE","FALSE","17.316791799987","8.30006307960105","9.01672872038593","0.879","0.079","0.512","2,3,4,5,6,7,8,9,151,152,153,154,155,156,157,158,159,164",0.00143571352304344,FALSE,0,1,1,0,18,1,17,0.0555555555555556,0.944444444444444
"S.EB.b",66,300,0.33,"TRUE","TRUE","FALSE","17.2148625924546","8.20349083230664","9.01137176014793","0.879","0.08","0.559","2,3,4,5,6,7,8,9,151,152,153,154,155,156,157,158,159,166",0.00137657044704173,FALSE,0,1,1,0,18,1,17,0.0555555555555556,0.944444444444444
"S.EB.b",67,300,0.33,"TRUE","TRUE","FALSE","17.2484733042053","8.34747075927648","8.90100254492883","0.959","0.08","0.587","2,3,4,5,6,7,8,9,88,151,152,153,154,155,156,157,158,159",0.00170059760989246,FALSE,1,0,1,0,18,1,17,0.0555555555555556,0.944444444444444
"S.EB.b",68,300,0.33,"TRUE","TRUE","FALSE","17.241474265815","8.23587267103259","9.00560159478241","0.825","0.074","0.534","1,2,3,4,5,6,7,8,9,151,152,153,154,155,156,157,158,159",0.000771732385600275,TRUE,0,0,0,0,18,0,18,0,1
"S.EB.b",69,300,0.33,"TRUE","TRUE","FALSE","17.5838140335521","8.58021832379175","9.00359570976033","0.917","0.074","0.54","1,2,3,4,5,6,7,8,9,151,152,153,154,155,156,157,158,159",0.000671077713859974,TRUE,0,0,0,0,18,0,18,0,1
"S.EB.b",7,300,0.33,"TRUE","TRUE","FALSE","17.3446103650474","8.33280536616242","9.01180499888501","0.869","0.074","0.538","2,3,4,5,6,7,8,9,151,152,153,154,155,156,157,158,159,164",0.000820199208082661,FALSE,0,1,1,0,18,1,17,0.0555555555555556,0.944444444444444
"S.EB.b",70,300,0.33,"TRUE","TRUE","FALSE","17.1102663754324","8.10982350496674","9.00044287046565","0.745","0.074","0.537","2,3,4,5,6,7,8,9,151,152,153,154,155,156,157,158,159",0.000839092162508135,FALSE,0,0,1,0,17,0,17,0,0.944444444444444
"S.EB.b",71,300,0.33,"TRUE","TRUE","FALSE","17.404543560417","8.39745775079787","9.00708580961916","0.966","0.079","0.536","2,3,4,5,6,7,8,9,25,151,152,153,154,155,156,157,158,159",0.0017446955903579,FALSE,1,0,1,0,18,1,17,0.0555555555555556,0.944444444444444
"S.EB.b",72,300,0.33,"TRUE","TRUE","FALSE","17.1759367036731","8.17038310372837","9.00555359994476","0.826","0.079","0.556","2,3,4,5,6,7,8,9,151,152,153,154,155,156,157,158,159",0.00132601150456919,FALSE,0,0,1,0,17,0,17,0,0.944444444444444
"S.EB.b",73,300,0.33,"TRUE","TRUE","FALSE","18.1216089998828","9.02244170583516","9.09916729404765","0.889","0.072","0.51","1,2,3,4,5,6,7,8,9,151,152,153,154,155,156,157,158,159,162,167",0.00125717275800339,FALSE,0,2,0,0,20,2,18,0.1,1
"S.EB.b",74,300,0.33,"TRUE","TRUE","FALSE","17.1312367711944","8.12382083242259","9.00741593877184","0.753","0.075","0.539","2,3,4,5,6,7,8,9,151,152,153,154,155,156,157,158,159",0.00109660543522553,FALSE,0,0,1,0,17,0,17,0,0.944444444444444
"S.EB.b",75,300,0.33,"TRUE","TRUE","FALSE","17.5629040661563","8.55819872896542","9.00470533719088","0.868","0.078","0.56","1,2,3,4,5,6,7,8,9,151,152,153,154,155,156,157,158,159",0.000504492824220886,TRUE,0,0,0,0,18,0,18,0,1
"S.EB.b",76,300,0.33,"TRUE","TRUE","FALSE","17.1931461905808","8.18779934259251","9.00534684798833","0.807","0.077","0.528","2,3,4,5,6,7,8,9,151,152,153,154,155,156,157,158,159",0.000907047935061034,FALSE,0,0,1,0,17,0,17,0,0.944444444444444
"S.EB.b",77,300,0.33,"TRUE","TRUE","FALSE","17.2168646129418","8.21365466621972","9.00320994672213","0.886","0.074","0.56","2,3,4,5,6,7,8,9,57,151,152,153,154,155,156,157,158,159",0.0014669957194669,FALSE,1,0,1,0,18,1,17,0.0555555555555556,0.944444444444444
"S.EB.b",78,300,0.33,"TRUE","TRUE","FALSE","17.1801786707925","8.17097610156764","9.00920256922486","0.78","0.075","0.503","2,3,4,5,6,7,8,9,151,152,153,154,155,156,157,158,159,167",0.0011771038536237,FALSE,0,1,1,0,18,1,17,0.0555555555555556,0.944444444444444
"S.EB.b",79,300,0.33,"TRUE","TRUE","FALSE","17.1372386622828","8.12770981824075","9.00952884404208","0.772","0.075","0.509","2,3,4,5,6,7,8,9,151,152,153,154,155,156,157,158,159",0.00088152163615097,FALSE,0,0,1,0,17,0,17,0,0.944444444444444
"S.EB.b",8,300,0.33,"TRUE","TRUE","FALSE","17.1077968209116","8.10410855409459","9.00368826681706","0.688","0.075","0.535","2,3,4,5,6,7,8,9,151,152,153,154,155,156,157,158,159",0.00135169125517997,FALSE,0,0,1,0,17,0,17,0,0.944444444444444
"S.EB.b",80,300,0.33,"TRUE","TRUE","FALSE","17.0994217282639","8.09428432167851","9.00513740658536","0.852","0.079","0.568","2,3,4,5,6,7,8,9,151,152,153,154,155,156,157,158,159",0.00129621956331992,FALSE,0,0,1,0,17,0,17,0,0.944444444444444
"S.EB.b",81,300,0.33,"TRUE","TRUE","FALSE","17.1602600991742","8.15644302272303","9.00381707645119","0.924","0.077","0.574","2,3,4,5,6,7,8,9,151,152,153,154,155,156,157,158,159",0.000991180898617523,FALSE,0,0,1,0,17,0,17,0,0.944444444444444
"S.EB.b",82,300,0.33,"TRUE","TRUE","FALSE","17.4060714932173","8.40055463044106","9.00551686277625","0.893","0.08","0.56","2,3,4,5,6,7,8,9,49,151,152,153,154,155,156,157,158,159",0.00122713334160432,FALSE,1,0,1,0,18,1,17,0.0555555555555556,0.944444444444444
"S.EB.b",83,300,0.33,"TRUE","TRUE","FALSE","17.3776425662894","8.37378290029381","9.00385966599559","0.959","0.073","0.486","2,3,4,5,6,7,8,9,38,151,152,153,154,155,156,157,158,159",0.00138305864367792,FALSE,1,0,1,0,18,1,17,0.0555555555555556,0.944444444444444
"S.EB.b",84,300,0.33,"TRUE","TRUE","FALSE","17.1654704759272","8.16219877896169","9.00327169696551","0.8","0.071","0.498","2,3,4,5,6,7,8,9,151,152,153,154,155,156,157,158,159",0.000523886884277627,FALSE,0,0,1,0,17,0,17,0,0.944444444444444
"S.EB.b",85,300,0.33,"TRUE","TRUE","FALSE","16.8922214275731","7.88712495247016","9.00509647510295","0.991","0.076","0.578","2,3,4,5,6,7,8,9,151,152,153,154,155,156,157,158,159",0.000787186254502016,FALSE,0,0,1,0,17,0,17,0,0.944444444444444
"S.EB.b",86,300,0.33,"TRUE","TRUE","FALSE","17.1275516422905","8.1230344681457","9.00451717414476","0.772","0.073","0.517","2,3,4,5,6,7,8,9,151,152,153,154,155,156,157,158,159",0.000641685656944664,FALSE,0,0,1,0,17,0,17,0,0.944444444444444
"S.EB.b",87,300,0.33,"TRUE","TRUE","FALSE","17.5668133843112","8.55891240275773","9.00790098155347","0.895","0.071","0.493","1,2,3,4,5,6,7,8,9,120,151,152,153,154,155,156,157,158,159",0.000716840642838047,FALSE,1,0,0,0,19,1,18,0.0526315789473684,1
"S.EB.b",88,300,0.33,"TRUE","TRUE","FALSE","17.1038329779645","8.09635063016826","9.0074823477962","0.84","0.08","0.532","2,3,4,5,6,7,8,9,151,152,153,154,155,156,157,158,159",0.000770816953329892,FALSE,0,0,1,0,17,0,17,0,0.944444444444444
"S.EB.b",89,300,0.33,"TRUE","TRUE","FALSE","18.1436408079114","9.11637949923199","9.02726130867939","0.768","0.073","0.519","1,2,3,4,5,6,7,8,9,151,152,153,154,155,156,157,158,159,162,164",0.00138539922835617,FALSE,0,2,0,0,20,2,18,0.1,1
"S.EB.b",9,300,0.33,"TRUE","TRUE","FALSE","17.1825291624167","8.19748366587971","8.98504549653703","0.865","0.078","0.54","2,3,4,5,6,7,8,9,151,152,153,154,155,156,157,158,159",0.00112797654512771,FALSE,0,0,1,0,17,0,17,0,0.944444444444444
"S.EB.b",90,300,0.33,"TRUE","TRUE","FALSE","16.7531513140657","7.74984068723641","9.00331062682934","0.984","0.084","0.551","2,3,4,5,6,7,8,9,151,152,153,154,155,156,157,158,159",0.00121252335094356,FALSE,0,0,1,0,17,0,17,0,0.944444444444444
"S.EB.b",91,300,0.33,"TRUE","TRUE","FALSE","17.1923143926728","8.18973134334213","9.00258304933069","0.788","0.077","0.508","2,3,4,5,6,7,8,9,151,152,153,154,155,156,157,158,159",0.00121174427125744,FALSE,0,0,1,0,17,0,17,0,0.944444444444444
"S.EB.b",92,300,0.33,"TRUE","TRUE","FALSE","17.2235800898555","8.21848072565989","9.00509936419562","0.913","0.081","0.523","2,3,4,5,6,7,8,9,146,151,152,153,154,155,156,157,158,159",0.00150733705501359,FALSE,1,0,1,0,18,1,17,0.0555555555555556,0.944444444444444
"S.EB.b",93,300,0.33,"TRUE","TRUE","FALSE","17.0542492232781","8.17300257046963","8.88124665280847","0.818","0.073","0.522","2,3,4,5,6,7,8,9,151,152,153,154,155,156,157,158,159",0.00171093185701342,FALSE,0,0,1,0,17,0,17,0,0.944444444444444
"S.EB.b",94,300,0.33,"TRUE","TRUE","FALSE","18.1938952937342","9.1881453353744","9.00574995835978","1.187","0.085","0.575","1,2,3,4,5,6,7,8,9,79,151,152,153,154,155,156,157,158,159",0.00168888458885208,FALSE,1,0,0,0,19,1,18,0.0526315789473684,1
"S.EB.b",95,300,0.33,"TRUE","TRUE","FALSE","17.1268923083092","8.12026083379088","9.00663147451832","0.749","0.079","0.591","2,3,4,5,6,7,8,9,151,152,153,154,155,156,157,158,159",0.000633907864088182,FALSE,0,0,1,0,17,0,17,0,0.944444444444444
"S.EB.b",96,300,0.33,"TRUE","TRUE","FALSE","17.6559531439357","8.64274952129593","9.01320362263977","1.059","0.072","0.52","1,2,3,4,5,6,7,8,9,69,151,152,153,154,155,156,157,158,159,165",0.0018188016411735,FALSE,1,1,0,0,20,2,18,0.1,1
"S.EB.b",97,300,0.33,"TRUE","TRUE","FALSE","17.2249886367306","8.22696062010267","8.99802801662789","0.9","0.091","0.593","2,3,4,5,6,7,8,9,151,152,153,154,155,156,157,158,159",0.000952036779081829,FALSE,0,0,1,0,17,0,17,0,0.944444444444444
"S.EB.b",98,300,0.33,"TRUE","TRUE","FALSE","16.5514560812753","7.54275383435849","9.00870224691682","0.927","0.074","0.539","2,3,4,5,6,7,8,9,151,152,153,154,155,156,157,158,159",0.000878583331115497,FALSE,0,0,1,0,17,0,17,0,0.944444444444444
"S.EB.b",99,300,0.33,"TRUE","TRUE","FALSE","17.1651030198294","8.15749629195607","9.00760672787332","0.776","0.081","0.518","2,3,4,5,6,7,8,9,151,152,153,154,155,156,157,158,159",0.000643621616481878,FALSE,0,0,1,0,17,0,17,0,0.944444444444444
"scad.cv",1,300,0.33,"FALSE","FALSE","FALSE","16.5856605279689","7.57910987944427","9.00655064852461","0.864","0.084","0.556","2,3,4,5,6,7,8,9,27,59,68,75,151,152,153,154,155,156,157,158,159",0.00129595063531995,FALSE,4,0,1,0,21,4,17,0.19047619047619,0.944444444444444
"scad.cv",10,300,0.33,"TRUE","TRUE","FALSE","16.9581286059069","7.95409011838503","9.00403848752185","0.862","0.077","0.521","1,2,3,4,5,6,7,8,9,70,112,151,152,153,154,155,156,157,158,159",0.000517583683579621,FALSE,2,0,0,0,20,2,18,0.1,1
"scad.cv",100,300,0.33,"TRUE","TRUE","FALSE","16.8709108529522","8.1472405932182","8.72367025973395","0.926","0.077","0.555","2,3,4,5,6,7,8,9,42,72,128,142,149,151,152,153,154,155,156,157,158,159,167",0.00118478940245308,FALSE,5,1,1,0,23,6,17,0.260869565217391,0.944444444444444
"scad.cv",11,300,0.33,"TRUE","TRUE","FALSE","17.1411107871469","8.13683570454882","9.00427508259807","0.771","0.075","0.543","2,3,4,5,6,7,8,9,132,151,152,153,154,155,156,157,158,159",0.000635402253233128,FALSE,1,0,1,0,18,1,17,0.0555555555555556,0.944444444444444
"scad.cv",12,300,0.33,"TRUE","TRUE","FALSE","17.9721346638192","8.96809900538803","9.00403565843116","0.913","0.081","0.515","1,2,3,4,5,6,7,8,9,20,24,110,151,152,153,154,155,156,157,158,159",0.00112083093928803,FALSE,3,0,0,0,21,3,18,0.142857142857143,1
"scad.cv",13,300,0.33,"TRUE","TRUE","FALSE","18.0686481592268","9.06267288317245","9.00597527605432","0.841","0.073","0.507","1,2,3,4,5,6,7,8,9,44,151,152,153,154,155,156,157,158,159",0.0010693102979563,FALSE,1,0,0,0,19,1,18,0.0526315789473684,1
"scad.cv",14,300,0.33,"TRUE","TRUE","FALSE","16.6617526638616","7.65520407896979","9.00654858489183","0.869","0.074","0.569","2,3,4,5,6,7,8,9,25,44,95,115,120,122,130,148,151,152,153,154,155,156,157,158,159",0.001071269192952,FALSE,8,0,1,0,25,8,17,0.32,0.944444444444444
"scad.cv",15,300,0.33,"TRUE","TRUE","FALSE","17.1300693121282","8.12516869736927","9.00490061475891","0.72","0.072","0.514","2,3,4,5,6,7,8,9,151,152,153,154,155,156,157,158,159",0.00104846501458678,FALSE,0,0,1,0,17,0,17,0,0.944444444444444
"scad.cv",16,300,0.33,"TRUE","TRUE","FALSE","17.1379900769322","8.13356032335065","9.00442975358159","0.768","0.074","0.502","2,3,4,5,6,7,8,9,151,152,153,154,155,156,157,158,159",0.000702897935078685,FALSE,0,0,1,0,17,0,17,0,0.944444444444444
"scad.cv",17,300,0.33,"TRUE","TRUE","FALSE","17.3292820703337","8.32421041026813","9.00507166006557","0.867","0.078","0.524","1,2,3,4,5,6,7,8,9,59,151,152,153,154,155,156,157,158,159",0.0011002444117671,FALSE,1,0,0,0,19,1,18,0.0526315789473684,1
"scad.cv",18,300,0.33,"TRUE","TRUE","FALSE","17.1498980376772","8.13045661698354","9.01944142069362","0.768","0.078","0.582","2,3,4,5,6,7,8,9,151,152,153,154,155,156,157,158,159",0.00102306002747996,FALSE,0,0,1,0,17,0,17,0,0.944444444444444
"scad.cv",19,300,0.33,"TRUE","TRUE","FALSE","17.0741046918642","8.06874191964337","9.00536277222084","0.762","0.074","0.529","2,3,4,5,6,7,8,9,85,150,151,152,153,154,155,156,157,158,159",0.0010452845023188,FALSE,2,0,1,0,19,2,17,0.105263157894737,0.944444444444444
"scad.cv",2,300,0.33,"TRUE","TRUE","FALSE","17.2229570094682","8.21801437877394","9.00494263069425","0.821","0.08","0.526","1,2,3,4,5,6,7,8,9,35,36,57,70,90,151,152,153,154,155,156,157,158,159",0.000573583480386062,FALSE,5,0,0,0,23,5,18,0.217391304347826,1
"scad.cv",20,300,0.33,"TRUE","TRUE","FALSE","17.2101156231899","8.20045053481374","9.00966508837616","0.814","0.074","0.55","2,3,4,5,6,7,8,9,37,52,115,137,151,152,153,154,155,156,157,158,159,167",0.000843774468424749,FALSE,4,1,1,0,22,5,17,0.227272727272727,0.944444444444444
"scad.cv",21,300,0.33,"TRUE","TRUE","FALSE","17.1275130301157","8.11876051405248","9.00875251606321","0.803","0.072","0.509","2,3,4,5,6,7,8,9,151,152,153,154,155,156,157,158,159",0.00118841686861366,FALSE,0,0,1,0,17,0,17,0,0.944444444444444
"scad.cv",22,300,0.33,"TRUE","TRUE","FALSE","17.081094725788","8.45025927475891","8.63083545102907","1.23","0.084","0.579","1,2,3,4,5,6,7,8,9,51,94,99,132,139,144,151,152,153,154,155,156,157,158,159",0.00137650025202171,FALSE,6,0,0,0,24,6,18,0.25,1
"scad.cv",23,300,0.33,"TRUE","TRUE","FALSE","17.2618151210126","8.27147096143072","8.99034415958186","0.819","0.076","0.535","1,2,3,4,5,6,7,8,9,14,20,31,50,92,102,151,152,153,154,155,156,157,158,159,162",0.000926427475970446,FALSE,6,1,0,0,25,7,18,0.28,1
"scad.cv",24,300,0.33,"TRUE","TRUE","FALSE","17.1299055135474","8.12696373623725","9.00294177731016","0.765","0.085","0.578","2,3,4,5,6,7,8,9,13,129,132,151,152,153,154,155,156,157,158,159",0.00109919753327906,FALSE,3,0,1,0,20,3,17,0.15,0.944444444444444
"scad.cv",25,300,0.33,"TRUE","TRUE","FALSE","17.5787908878626","8.57528588007319","9.00350500778937","0.972","0.076","0.574","1,2,3,4,5,6,7,8,9,65,71,82,85,87,96,122,135,151,152,153,154,155,156,157,158,159",0.000985042201802447,FALSE,8,0,0,0,26,8,18,0.307692307692308,1
"scad.cv",26,300,0.33,"TRUE","TRUE","FALSE","17.5406784637154","8.53747887470067","9.00319958901475","0.898","0.08","0.543","2,3,4,5,6,7,8,9,49,56,105,122,151,152,153,154,155,156,157,158,159",0.00174846944819006,FALSE,4,0,1,0,21,4,17,0.19047619047619,0.944444444444444
"scad.cv",27,300,0.33,"TRUE","TRUE","FALSE","17.1624105613688","8.14975084137783","9.01265971999101","0.783","0.074","0.557","2,3,4,5,6,7,8,9,145,151,152,153,154,155,156,157,158,159",0.000724882932615248,FALSE,1,0,1,0,18,1,17,0.0555555555555556,0.944444444444444
"scad.cv",28,300,0.33,"TRUE","TRUE","FALSE","17.2414640628087","8.22205499309926","9.01940906970944","0.862","0.074","0.532","2,3,4,5,6,7,8,9,151,152,153,154,155,156,157,158,159",0.000730018444467135,FALSE,0,0,1,0,17,0,17,0,0.944444444444444
"scad.cv",29,300,0.33,"TRUE","TRUE","FALSE","17.3242703623945","8.31969927508392","9.00457108731058","0.86","0.076","0.57","1,2,3,4,5,6,7,8,9,63,151,152,153,154,155,156,157,158,159",0.000476567871425592,FALSE,1,0,0,0,19,1,18,0.0526315789473684,1
"scad.cv",3,300,0.33,"TRUE","TRUE","FALSE","18.0633283815332","9.05881178820526","9.00451659332798","0.797","0.08","0.53","1,2,3,4,5,6,7,8,9,136,151,152,153,154,155,156,157,158,159",0.000640140201988018,FALSE,1,0,0,0,19,1,18,0.0526315789473684,1
"scad.cv",30,300,0.33,"TRUE","TRUE","FALSE","17.2396788546928","8.23027994659939","9.00939890809339","0.97","0.077","0.629","1,2,3,4,5,6,7,8,9,35,96,133,146,147,151,152,153,154,155,156,157,158,159",0.00138865192244559,FALSE,5,0,0,0,23,5,18,0.217391304347826,1
"scad.cv",31,300,0.33,"TRUE","TRUE","FALSE","17.7000213649406","8.66516783403541","9.03485353090517","0.962","0.076","0.569","1,2,3,4,5,6,7,8,9,24,29,30,57,73,105,151,152,153,154,155,156,157,158,159,165",0.00154185528244679,FALSE,6,1,0,0,25,7,18,0.28,1
"scad.cv",32,300,0.33,"TRUE","TRUE","FALSE","17.1421559856114","8.13756632886387","9.00458965674757","0.761","0.078","0.493","2,3,4,5,6,7,8,9,151,152,153,154,155,156,157,158,159",0.000658049324445196,FALSE,0,0,1,0,17,0,17,0,0.944444444444444
"scad.cv",33,300,0.33,"TRUE","TRUE","FALSE","17.1238843511267","8.12019114546496","9.00369320566177","0.711","0.079","0.488","2,3,4,5,6,7,8,9,89,151,152,153,154,155,156,157,158,159",0.00108288817976757,FALSE,1,0,1,0,18,1,17,0.0555555555555556,0.944444444444444
"scad.cv",34,300,0.33,"TRUE","TRUE","FALSE","17.187827572679","8.18262270420498","9.00520486847399","0.789","0.086","0.579","1,2,3,4,5,6,7,8,9,21,25,146,151,152,153,154,155,156,157,158,159",0.000598619370535598,FALSE,3,0,0,0,21,3,18,0.142857142857143,1
"scad.cv",35,300,0.33,"TRUE","TRUE","FALSE","17.4038523910628","8.39627085736348","9.00758153369933","0.975","0.076","0.522","2,3,4,5,6,7,8,9,15,39,73,94,120,151,152,153,154,155,156,157,158,159",0.000850931934381173,FALSE,5,0,1,0,22,5,17,0.227272727272727,0.944444444444444
"scad.cv",36,300,0.33,"TRUE","TRUE","FALSE","17.642187184675","8.63857006901858","9.00361711565646","0.999","0.074","0.524","1,2,3,4,5,6,7,8,9,18,40,63,91,129,134,137,151,152,153,154,155,156,157,158,159",0.00174603175603404,FALSE,7,0,0,0,25,7,18,0.28,1
"scad.cv",37,300,0.33,"TRUE","TRUE","FALSE","17.2704206846902","8.26373844070412","9.00668224398612","0.96","0.082","0.504","1,2,3,4,5,6,7,8,9,43,109,151,152,153,154,155,156,157,158,159",0.000865980005078881,FALSE,2,0,0,0,20,2,18,0.1,1
"scad.cv",38,300,0.33,"TRUE","TRUE","FALSE","17.2849915912251","8.28090552608513","9.00408606513993","0.858","0.077","0.517","1,2,3,4,5,6,7,8,9,89,146,151,152,153,154,155,156,157,158,159",0.000669522746644958,FALSE,2,0,0,0,20,2,18,0.1,1
"scad.cv",39,300,0.33,"TRUE","TRUE","FALSE","17.4061766684554","8.39730199730314","9.00887467115225","0.92","0.078","0.577","1,2,3,4,5,6,7,8,9,20,23,45,48,74,79,122,123,139,151,152,153,154,155,156,157,158,159",0.000919204858677638,FALSE,9,0,0,0,27,9,18,0.333333333333333,1
"scad.cv",4,300,0.33,"TRUE","TRUE","FALSE","17.2845095545827","8.26727120584463","9.01723834873805","0.862","0.072","0.524","1,2,3,4,5,6,7,8,9,30,118,151,152,153,154,155,156,157,158,159",0.00120254406124552,FALSE,2,0,0,0,20,2,18,0.1,1
"scad.cv",40,300,0.33,"TRUE","TRUE","FALSE","17.1327329499647","8.12656497801215","9.00616797195256","0.741","0.071","0.503","2,3,4,5,6,7,8,9,132,151,152,153,154,155,156,157,158,159",0.000831743853462404,FALSE,1,0,1,0,18,1,17,0.0555555555555556,0.944444444444444
"scad.cv",41,300,0.33,"TRUE","TRUE","FALSE","17.2094736976658","8.17599251930663","9.0334811783592","0.842","0.076","0.564","2,3,4,5,6,7,8,9,151,152,153,154,155,156,157,158,159",0.000644434297512732,FALSE,0,0,1,0,17,0,17,0,0.944444444444444
"scad.cv",42,300,0.33,"TRUE","TRUE","FALSE","17.1124490946158","8.10905701360503","9.00339208101077","0.725","0.073","0.492","2,3,4,5,6,7,8,9,36,151,152,153,154,155,156,157,158,159",0.000788882732902383,FALSE,1,0,1,0,18,1,17,0.0555555555555556,0.944444444444444
"scad.cv",43,300,0.33,"TRUE","TRUE","FALSE","17.3180477494444","8.31084745519706","9.00720029424733","0.874","0.078","0.58","1,2,3,4,5,6,7,8,9,25,105,122,151,152,153,154,155,156,157,158,159",0.000611712186699756,FALSE,3,0,0,0,21,3,18,0.142857142857143,1
"scad.cv",44,300,0.33,"TRUE","TRUE","FALSE","17.1497430720351","8.1460939611387","9.00364911089644","0.768","0.073","0.554","2,3,4,5,6,7,8,9,18,108,151,152,153,154,155,156,157,158,159",0.000829201604482473,FALSE,2,0,1,0,19,2,17,0.105263157894737,0.944444444444444
"scad.cv",45,300,0.33,"TRUE","TRUE","FALSE","17.1238908603998","8.11468926979101","9.00920159060876","0.825","0.076","0.576","2,3,4,5,6,7,8,9,26,41,87,100,130,151,152,153,154,155,156,157,158,159,162",0.000685641830792172,FALSE,5,1,1,0,23,6,17,0.260869565217391,0.944444444444444
"scad.cv",46,300,0.33,"TRUE","TRUE","FALSE","16.9085309565698","7.90164813912697","9.00688281744284","1.018","0.078","0.538","2,3,4,5,6,7,8,9,21,51,64,69,92,96,118,123,124,151,152,153,154,155,156,157,158,159",0.000905465261432411,FALSE,9,0,1,0,26,9,17,0.346153846153846,0.944444444444444
"scad.cv",47,300,0.33,"TRUE","TRUE","FALSE","17.1661844739113","8.15310131884094","9.01308315507036","0.806","0.075","0.574","2,3,4,5,6,7,8,9,151,152,153,154,155,156,157,158,159",0.00054187980401244,FALSE,0,0,1,0,17,0,17,0,0.944444444444444
"scad.cv",48,300,0.33,"TRUE","TRUE","FALSE","17.1088252488418","8.10526110400602","9.00356414483582","0.807","0.076","0.542","2,3,4,5,6,7,8,9,36,73,97,117,118,125,151,152,153,154,155,156,157,158,159",0.0012041021729177,FALSE,6,0,1,0,23,6,17,0.260869565217391,0.944444444444444
"scad.cv",49,300,0.33,"TRUE","TRUE","FALSE","16.8160429303521","7.77592269366852","9.0401202366836","1.085","0.082","0.595","2,3,4,5,6,7,8,9,20,85,114,150,151,152,153,154,155,156,157,158,159,161,167",0.0009046778454723,FALSE,4,2,1,0,23,6,17,0.260869565217391,0.944444444444444
"scad.cv",5,300,0.33,"TRUE","TRUE","FALSE","17.2160739888522","8.21092230795581","9.00515168089638","0.835","0.082","0.56","1,2,3,4,5,6,7,8,9,25,51,95,151,152,153,154,155,156,157,158,159",0.000579114388854114,FALSE,3,0,0,0,21,3,18,0.142857142857143,1
"scad.cv",50,300,0.33,"TRUE","TRUE","FALSE","17.1766466614684","8.17247626871353","9.00417039275489","0.783","0.07","0.509","1,2,3,4,5,6,7,8,9,19,22,24,84,91,94,100,114,140,146,151,152,153,154,155,156,157,158,159",0.00292404959696888,FALSE,10,0,0,0,28,10,18,0.357142857142857,1
"scad.cv",51,300,0.33,"TRUE","TRUE","FALSE","17.1974686447623","8.1832561847946","9.0142124599677","0.807","0.08","0.525","2,3,4,5,6,7,8,9,151,152,153,154,155,156,157,158,159",0.000926324497132476,FALSE,0,0,1,0,17,0,17,0,0.944444444444444
"scad.cv",52,300,0.33,"TRUE","TRUE","FALSE","17.3491843886658","8.34323264211737","9.00595174654841","1.014","0.079","0.571","2,3,4,5,6,7,8,9,25,58,143,144,151,152,153,154,155,156,157,158,159",0.000980278099181459,FALSE,4,0,1,0,21,4,17,0.19047619047619,0.944444444444444
"scad.cv",53,300,0.33,"TRUE","TRUE","FALSE","17.3853511905702","8.38324357071824","9.00210761985199","0.982","0.073","0.517","1,2,3,4,5,6,7,8,9,57,151,152,153,154,155,156,157,158,159",0.000819235094531718,FALSE,1,0,0,0,19,1,18,0.0526315789473684,1
"scad.cv",54,300,0.33,"TRUE","TRUE","FALSE","17.3366712602355","8.33144557480371","9.0052256854318","0.939","0.076","0.522","1,2,3,4,5,6,7,8,9,17,27,32,38,71,79,81,105,131,151,152,153,154,155,156,157,158,159",0.00115182159804795,FALSE,9,0,0,0,27,9,18,0.333333333333333,1
"scad.cv",55,300,0.33,"TRUE","TRUE","FALSE","17.2013914961026","8.19576472113997","9.00562677496267","0.882","0.079","0.552","1,2,3,4,5,6,7,8,9,59,127,151,152,153,154,155,156,157,158,159",0.00129511251467165,FALSE,2,0,0,0,20,2,18,0.1,1
"scad.cv",56,300,0.33,"TRUE","TRUE","FALSE","17.2363396329443","8.13636369193597","9.09997594100835","0.935","0.073","0.523","2,3,4,5,6,7,8,9,40,84,114,133,138,151,152,153,154,155,156,157,158,159,167",0.00118647946166331,FALSE,5,1,1,0,23,6,17,0.260869565217391,0.944444444444444
"scad.cv",57,300,0.33,"TRUE","TRUE","FALSE","17.2617845927475","8.25040772106365","9.01137687168389","0.845","0.073","0.504","1,2,3,4,5,6,7,8,9,31,151,152,153,154,155,156,157,158,159",0.000967752233452773,FALSE,1,0,0,0,19,1,18,0.0526315789473684,1
"scad.cv",58,300,0.33,"TRUE","TRUE","FALSE","17.1755589290736","8.17386310096995","9.00169582810367","0.781","0.07","0.519","1,2,3,4,5,6,7,8,9,60,64,73,88,114,147,148,151,152,153,154,155,156,157,158,159",0.000856442991340232,FALSE,7,0,0,0,25,7,18,0.28,1
"scad.cv",59,300,0.33,"TRUE","TRUE","FALSE","17.207833422102","8.20185480187425","9.00597862022772","0.807","0.08","0.553","2,3,4,5,6,7,8,9,23,151,152,153,154,155,156,157,158,159",0.000770991311109945,FALSE,1,0,1,0,18,1,17,0.0555555555555556,0.944444444444444
"scad.cv",6,300,0.33,"TRUE","TRUE","FALSE","17.1478177187285","8.13778692910564","9.01003078962284","0.839","0.079","0.582","2,3,4,5,6,7,8,9,151,152,153,154,155,156,157,158,159",0.000832628956875904,FALSE,0,0,1,0,17,0,17,0,0.944444444444444
"scad.cv",60,300,0.33,"TRUE","TRUE","FALSE","17.1392111890291","8.13349398075163","9.00571720827748","0.816","0.076","0.542","1,2,3,4,5,6,7,8,9,40,77,113,135,151,152,153,154,155,156,157,158,159",0.000830810531222772,FALSE,4,0,0,0,22,4,18,0.181818181818182,1
"scad.cv",61,300,0.33,"TRUE","TRUE","FALSE","17.1867986929341","8.16335241209667","9.02344628083743","0.816","0.079","0.528","2,3,4,5,6,7,8,9,151,152,153,154,155,156,157,158,159",0.00102641471439551,FALSE,0,0,1,0,17,0,17,0,0.944444444444444
"scad.cv",62,300,0.33,"TRUE","TRUE","FALSE","17.2483547239295","8.23744975039975","9.01090497352971","0.884","0.095","0.545","1,2,3,4,5,6,7,8,9,17,64,76,80,91,108,151,152,153,154,155,156,157,158,159",0.000733960450968796,FALSE,6,0,0,0,24,6,18,0.25,1
"scad.cv",63,300,0.33,"TRUE","TRUE","FALSE","17.1042216624383","8.13412037973063","8.97010128270764","0.801","0.074","0.541","1,2,3,4,5,6,7,8,9,76,151,152,153,154,155,156,157,158,159",0.00101125494858072,FALSE,1,0,0,0,19,1,18,0.0526315789473684,1
"scad.cv",64,300,0.33,"TRUE","TRUE","FALSE","17.1250395105947","8.1185484415509","9.00649106904381","0.762","0.082","0.514","2,3,4,5,6,7,8,9,151,152,153,154,155,156,157,158,159",0.000809298918359272,FALSE,0,0,1,0,17,0,17,0,0.944444444444444
"scad.cv",65,300,0.33,"TRUE","TRUE","FALSE","17.316791799987","8.30006307960105","9.01672872038593","0.879","0.079","0.512","1,2,3,4,5,6,7,8,9,22,125,151,152,153,154,155,156,157,158,159",0.00117372544341305,FALSE,2,0,0,0,20,2,18,0.1,1
"scad.cv",66,300,0.33,"TRUE","TRUE","FALSE","17.2148625924546","8.20349083230664","9.01137176014793","0.879","0.08","0.559","2,3,4,5,6,7,8,9,11,23,148,151,152,153,154,155,156,157,158,159",0.00101099548507103,FALSE,3,0,1,0,20,3,17,0.15,0.944444444444444
"scad.cv",67,300,0.33,"TRUE","TRUE","FALSE","17.2484733042053","8.34747075927648","8.90100254492883","0.959","0.08","0.587","1,2,3,4,5,6,7,8,9,14,48,88,105,151,152,153,154,155,156,157,158,159",0.00113373236211687,FALSE,4,0,0,0,22,4,18,0.181818181818182,1
"scad.cv",68,300,0.33,"TRUE","TRUE","FALSE","17.241474265815","8.23587267103259","9.00560159478241","0.825","0.074","0.534","1,2,3,4,5,6,7,8,9,127,151,152,153,154,155,156,157,158,159",0.000819324465645209,FALSE,1,0,0,0,19,1,18,0.0526315789473684,1
"scad.cv",69,300,0.33,"TRUE","TRUE","FALSE","17.5838140335521","8.58021832379175","9.00359570976033","0.917","0.074","0.54","1,2,3,4,5,6,7,8,9,108,117,151,152,153,154,155,156,157,158,159",0.00064519697770681,FALSE,2,0,0,0,20,2,18,0.1,1
"scad.cv",7,300,0.33,"TRUE","TRUE","FALSE","17.3446103650474","8.33280536616242","9.01180499888501","0.869","0.074","0.538","1,2,3,4,5,6,7,8,9,11,51,55,72,73,80,91,102,110,111,131,137,151,152,153,154,155,156,157,158,159,164",0.00241424335839252,FALSE,12,1,0,0,31,13,18,0.419354838709677,1
"scad.cv",70,300,0.33,"TRUE","TRUE","FALSE","17.1102663754324","8.10982350496674","9.00044287046565","0.745","0.074","0.537","2,3,4,5,6,7,8,9,10,108,151,152,153,154,155,156,157,158,159",0.000836800611478566,FALSE,2,0,1,0,19,2,17,0.105263157894737,0.944444444444444
"scad.cv",71,300,0.33,"TRUE","TRUE","FALSE","17.404543560417","8.39745775079787","9.00708580961916","0.966","0.079","0.536","2,3,4,5,6,7,8,9,25,44,131,151,152,153,154,155,156,157,158,159",0.00124959543259246,FALSE,3,0,1,0,20,3,17,0.15,0.944444444444444
"scad.cv",72,300,0.33,"TRUE","TRUE","FALSE","17.1759367036731","8.17038310372837","9.00555359994476","0.826","0.079","0.556","2,3,4,5,6,7,8,9,44,50,59,64,71,114,151,152,153,154,155,156,157,158,159",0.00136049082791679,FALSE,6,0,1,0,23,6,17,0.260869565217391,0.944444444444444
"scad.cv",73,300,0.33,"TRUE","TRUE","FALSE","18.1216089998828","9.02244170583516","9.09916729404765","0.889","0.072","0.51","1,2,3,4,5,6,7,8,9,70,88,106,142,151,152,153,154,155,156,157,158,159,162,167",0.000892653554795275,FALSE,4,2,0,0,24,6,18,0.25,1
"scad.cv",74,300,0.33,"TRUE","TRUE","FALSE","17.1312367711944","8.12382083242259","9.00741593877184","0.753","0.075","0.539","2,3,4,5,6,7,8,9,151,152,153,154,155,156,157,158,159",0.00110483463895128,FALSE,0,0,1,0,17,0,17,0,0.944444444444444
"scad.cv",75,300,0.33,"TRUE","TRUE","FALSE","17.5629040661563","8.55819872896542","9.00470533719088","0.868","0.078","0.56","1,2,3,4,5,6,7,8,9,151,152,153,154,155,156,157,158,159",0.000606888232059812,TRUE,0,0,0,0,18,0,18,0,1
"scad.cv",76,300,0.33,"TRUE","TRUE","FALSE","17.1931461905808","8.18779934259251","9.00534684798833","0.807","0.077","0.528","1,2,3,4,5,6,7,8,9,61,145,151,152,153,154,155,156,157,158,159",0.000904247734477441,FALSE,2,0,0,0,20,2,18,0.1,1
"scad.cv",77,300,0.33,"TRUE","TRUE","FALSE","17.2168646129418","8.21365466621972","9.00320994672213","0.886","0.074","0.56","2,3,4,5,6,7,8,9,10,17,31,57,63,113,115,136,140,151,152,153,154,155,156,157,158,159",0.00158554283033099,FALSE,9,0,1,0,26,9,17,0.346153846153846,0.944444444444444
"scad.cv",78,300,0.33,"TRUE","TRUE","FALSE","17.1801786707925","8.17097610156764","9.00920256922486","0.78","0.075","0.503","2,3,4,5,6,7,8,9,151,152,153,154,155,156,157,158,159",0.000960362226345547,FALSE,0,0,1,0,17,0,17,0,0.944444444444444
"scad.cv",79,300,0.33,"TRUE","TRUE","FALSE","17.1372386622828","8.12770981824075","9.00952884404208","0.772","0.075","0.509","2,3,4,5,6,7,8,9,113,151,152,153,154,155,156,157,158,159",0.000849749899824163,FALSE,1,0,1,0,18,1,17,0.0555555555555556,0.944444444444444
"scad.cv",8,300,0.33,"TRUE","TRUE","FALSE","17.1077968209116","8.10410855409459","9.00368826681706","0.688","0.075","0.535","2,3,4,5,6,7,8,9,151,152,153,154,155,156,157,158,159",0.00137281360735754,FALSE,0,0,1,0,17,0,17,0,0.944444444444444
"scad.cv",80,300,0.33,"TRUE","TRUE","FALSE","17.0994217282639","8.09428432167851","9.00513740658536","0.852","0.079","0.568","2,3,4,5,6,7,8,9,126,138,151,152,153,154,155,156,157,158,159",0.00131892312182424,FALSE,2,0,1,0,19,2,17,0.105263157894737,0.944444444444444
"scad.cv",81,300,0.33,"TRUE","TRUE","FALSE","17.1602600991742","8.15644302272303","9.00381707645119","0.924","0.077","0.574","1,2,3,4,5,6,7,8,9,15,88,151,152,153,154,155,156,157,158,159",0.000893984638522501,FALSE,2,0,0,0,20,2,18,0.1,1
"scad.cv",82,300,0.33,"TRUE","TRUE","FALSE","17.4060714932173","8.40055463044106","9.00551686277625","0.893","0.08","0.56","1,2,3,4,5,6,7,8,9,47,49,151,152,153,154,155,156,157,158,159",0.000697627094295887,FALSE,2,0,0,0,20,2,18,0.1,1
"scad.cv",83,300,0.33,"TRUE","TRUE","FALSE","17.3776425662894","8.37378290029381","9.00385966599559","0.959","0.073","0.486","1,2,3,4,5,6,7,8,9,23,38,48,56,58,81,101,105,106,109,120,128,138,147,151,152,153,154,155,156,157,158,159",0.00318567752484798,FALSE,14,0,0,0,32,14,18,0.4375,1
"scad.cv",84,300,0.33,"TRUE","TRUE","FALSE","17.1654704759272","8.16219877896169","9.00327169696551","0.8","0.071","0.498","2,3,4,5,6,7,8,9,56,81,119,151,152,153,154,155,156,157,158,159",0.000555455526110233,FALSE,3,0,1,0,20,3,17,0.15,0.944444444444444
"scad.cv",85,300,0.33,"TRUE","TRUE","FALSE","16.8922214275731","7.88712495247016","9.00509647510295","0.991","0.076","0.578","2,3,4,5,6,7,8,9,14,16,19,41,45,47,69,116,144,148,151,152,153,154,155,156,157,158,159",0.000863009040601954,FALSE,10,0,1,0,27,10,17,0.37037037037037,0.944444444444444
"scad.cv",86,300,0.33,"TRUE","TRUE","FALSE","17.1275516422905","8.1230344681457","9.00451717414476","0.772","0.073","0.517","2,3,4,5,6,7,8,9,151,152,153,154,155,156,157,158,159",0.000643838156286959,FALSE,0,0,1,0,17,0,17,0,0.944444444444444
"scad.cv",87,300,0.33,"TRUE","TRUE","FALSE","17.5668133843112","8.55891240275773","9.00790098155347","0.895","0.071","0.493","1,2,3,4,5,6,7,8,9,43,86,101,120,121,122,148,151,152,153,154,155,156,157,158,159,167",0.000801671404909008,FALSE,7,1,0,0,26,8,18,0.307692307692308,1
"scad.cv",88,300,0.33,"TRUE","TRUE","FALSE","17.1038329779645","8.09635063016826","9.0074823477962","0.84","0.08","0.532","2,3,4,5,6,7,8,9,151,152,153,154,155,156,157,158,159",0.000768881041961809,FALSE,0,0,1,0,17,0,17,0,0.944444444444444
"scad.cv",89,300,0.33,"TRUE","TRUE","FALSE","18.1436408079114","9.11637949923199","9.02726130867939","0.768","0.073","0.519","1,2,3,4,5,6,7,8,9,151,152,153,154,155,156,157,158,159",0.000793161098112612,TRUE,0,0,0,0,18,0,18,0,1
"scad.cv",9,300,0.33,"TRUE","TRUE","FALSE","17.1825291624167","8.19748366587971","8.98504549653703","0.865","0.078","0.54","1,2,3,4,5,6,7,8,9,25,64,82,118,129,151,152,153,154,155,156,157,158,159",0.00102284565005413,FALSE,5,0,0,0,23,5,18,0.217391304347826,1
"scad.cv",90,300,0.33,"TRUE","TRUE","FALSE","16.7531513140657","7.74984068723641","9.00331062682934","0.984","0.084","0.551","1,2,3,4,5,6,7,8,9,34,50,59,79,84,94,106,122,151,152,153,154,155,156,157,158,159",0.00143615443904338,FALSE,8,0,0,0,26,8,18,0.307692307692308,1
"scad.cv",91,300,0.33,"TRUE","TRUE","FALSE","17.1923143926728","8.18973134334213","9.00258304933069","0.788","0.077","0.508","1,2,3,4,5,6,7,8,9,151,152,153,154,155,156,157,158,159",0.00105461655128371,TRUE,0,0,0,0,18,0,18,0,1
"scad.cv",92,300,0.33,"TRUE","TRUE","FALSE","17.2235800898555","8.21848072565989","9.00509936419562","0.913","0.081","0.523","2,3,4,5,6,7,8,9,27,66,93,124,128,136,138,146,147,151,152,153,154,155,156,157,158,159",0.0015306274022889,FALSE,9,0,1,0,26,9,17,0.346153846153846,0.944444444444444
"scad.cv",93,300,0.33,"TRUE","TRUE","FALSE","17.0542492232781","8.17300257046963","8.88124665280847","0.818","0.073","0.522","1,2,3,4,5,6,7,8,9,59,83,92,140,151,152,153,154,155,156,157,158,159",0.00153725426504188,FALSE,4,0,0,0,22,4,18,0.181818181818182,1
"scad.cv",94,300,0.33,"TRUE","TRUE","FALSE","18.1938952937342","9.1881453353744","9.00574995835978","1.187","0.085","0.575","1,2,3,4,5,6,7,8,9,19,44,79,91,113,135,145,151,152,153,154,155,156,157,158,159",0.00160759045598178,FALSE,7,0,0,0,25,7,18,0.28,1
"scad.cv",95,300,0.33,"TRUE","TRUE","FALSE","17.1268923083092","8.12026083379088","9.00663147451832","0.749","0.079","0.591","2,3,4,5,6,7,8,9,151,152,153,154,155,156,157,158,159",0.000645944200772298,FALSE,0,0,1,0,17,0,17,0,0.944444444444444
"scad.cv",96,300,0.33,"TRUE","TRUE","FALSE","17.6559531439357","8.64274952129593","9.01320362263977","1.059","0.072","0.52","1,2,3,4,5,6,7,8,9,14,22,29,69,81,87,88,92,100,104,142,151,152,153,154,155,156,157,158,159,161,165",0.00158463379557603,FALSE,11,2,0,0,31,13,18,0.419354838709677,1
"scad.cv",97,300,0.33,"TRUE","TRUE","FALSE","17.2249886367306","8.22696062010267","8.99802801662789","0.9","0.091","0.593","2,3,4,5,6,7,8,9,30,71,85,118,151,152,153,154,155,156,157,158,159",0.00102718969145676,FALSE,4,0,1,0,21,4,17,0.19047619047619,0.944444444444444
"scad.cv",98,300,0.33,"TRUE","TRUE","FALSE","16.5514560812753","7.54275383435849","9.00870224691682","0.927","0.074","0.539","2,3,4,5,6,7,8,9,59,80,86,87,93,151,152,153,154,155,156,157,158,159",0.000895518066004703,FALSE,5,0,1,0,22,5,17,0.227272727272727,0.944444444444444
"scad.cv",99,300,0.33,"TRUE","TRUE","FALSE","17.1651030198294","8.15749629195607","9.00760672787332","0.776","0.081","0.518","1,2,3,4,5,6,7,8,9,21,151,152,153,154,155,156,157,158,159",0.00054226744635821,FALSE,1,0,0,0,19,1,18,0.0526315789473684,1
