"method","sim","n","betamin","is.true.model.intop.kappa.o","is.true.model.intop.kappa.oplusLASSO","is.s.hat.nan","s.hat","s0.hat","s1.hat","time.l0","time.lasso.cv","time.scad.cv","sel.model","est.mse","recovery","nb.tI","nb.tII","est.size","FP","TP","FDR","power"
"EBIC",1,700,0.33,"TRUE","TRUE","FALSE","20.126590702499","0.0016245756974117","20.1249661268016","14.561","0.559","1.256","1,2,3,4,5,6,7,8,9,10,11,12,13,14,15,16,17,18,19,20",6.74176319344161e-05,TRUE,0,0,20,0,20,0,1
"EBIC",10,700,0.33,"TRUE","TRUE","FALSE","20.1172447123304","0.000980387406893565","20.1162643249235","12.922","0.501","1.203","1,2,3,4,5,6,7,8,9,10,11,12,13,14,15,16,17,18,19,20",5.39424731837775e-05,TRUE,0,0,20,0,20,0,1
"EBIC",100,700,0.33,"TRUE","TRUE","FALSE","20.116937694478","0.00257991022745103","20.1143577842505","12.489","0.507","1.137","1,2,3,4,5,6,7,8,9,10,11,12,13,14,15,16,17,18,19,20",5.09795351155271e-05,TRUE,0,0,20,0,20,0,1
"EBIC",11,700,0.33,"TRUE","TRUE","FALSE","20.1204301946995","0.00125568496988351","20.1191745097296","13.012","0.513","1.201","1,2,3,4,5,6,7,8,9,10,11,12,13,14,15,16,17,18,19,20",3.69836999496476e-05,TRUE,0,0,20,0,20,0,1
"EBIC",12,700,0.33,"TRUE","TRUE","FALSE","20.0993220925899","0.00142574793408339","20.0978963446558","12.125","0.62","1.2","1,2,3,4,5,6,7,8,9,10,11,12,13,14,15,16,17,18,19,20",4.85955419294304e-05,TRUE,0,0,20,0,20,0,1
"EBIC",13,700,0.33,"TRUE","TRUE","FALSE","20.1048694389672","0.00232701297562595","20.1025424259916","12.526","0.527","1.262","1,2,3,4,5,6,7,8,9,10,11,12,13,14,15,16,17,18,19,20",5.60084734266487e-05,TRUE,0,0,20,0,20,0,1
"EBIC",14,700,0.33,"TRUE","TRUE","FALSE","20.1141510852008","0.00129549265896727","20.1128555925418","12.781","0.502","1.203","1,2,3,4,5,6,7,8,9,10,11,12,13,14,15,16,17,18,19,20",2.02052908806615e-05,TRUE,0,0,20,0,20,0,1
"EBIC",15,700,0.33,"TRUE","TRUE","FALSE","20.168802555883","0.0025701862526913","20.1662323696303","12.621","0.513","1.117","1,2,3,4,5,6,7,8,9,10,11,12,13,14,15,16,17,18,19,20,1060",0.000127705473751173,FALSE,1,0,21,1,20,0.0476190476190476,1
"EBIC",16,700,0.33,"TRUE","TRUE","FALSE","20.1156141909142","0.00106654426203489","20.1145476466522","12.885","0.501","1.138","1,2,3,4,5,6,7,8,9,10,11,12,13,14,15,16,17,18,19,20",6.30624760391025e-05,TRUE,0,0,20,0,20,0,1
"EBIC",17,700,0.33,"TRUE","TRUE","FALSE","20.1067350747346","0.00136041948650029","20.1053746552481","12.466","0.515","1.15","1,2,3,4,5,6,7,8,9,10,11,12,13,14,15,16,17,18,19,20",7.13103058146e-05,TRUE,0,0,20,0,20,0,1
"EBIC",18,700,0.33,"TRUE","TRUE","FALSE","20.1422058104564","0.00101521293529664","20.1411905975211","13.012","0.505","1.253","1,2,3,4,5,6,7,8,9,10,11,12,13,14,15,16,17,18,19,20",4.9600779418466e-05,TRUE,0,0,20,0,20,0,1
"EBIC",19,700,0.33,"TRUE","TRUE","FALSE","20.100704201874","0.0017338857995057","20.0989703160745","12.666","0.507","1.189","1,2,3,4,5,6,7,8,9,10,11,12,13,14,15,16,17,18,19,20",6.123912728548e-05,TRUE,0,0,20,0,20,0,1
"EBIC",2,700,0.33,"TRUE","TRUE","FALSE","20.1159092923851","0.00110029651825187","20.1148089958669","12.676","0.515","1.213","1,2,3,4,5,6,7,8,9,10,11,12,13,14,15,16,17,18,19,20",7.31635854708417e-05,TRUE,0,0,20,0,20,0,1
"EBIC",20,700,0.33,"TRUE","TRUE","FALSE","20.1065689302076","0.00684821587737767","20.0997207143303","12.91","0.513","1.209","1,2,3,4,5,6,7,8,9,10,11,12,13,14,15,16,17,18,19,20",4.96438413714523e-05,TRUE,0,0,20,0,20,0,1
"EBIC",21,700,0.33,"TRUE","TRUE","FALSE","20.1089919999589","0.00450948187908088","20.1044825180798","12.697","0.499","1.198","1,2,3,4,5,6,7,8,9,10,11,12,13,14,15,16,17,18,19,20",5.352933334176e-05,TRUE,0,0,20,0,20,0,1
"EBIC",22,700,0.33,"TRUE","TRUE","FALSE","20.3776292975073","0.00154838610005719","20.3760809114072","15.561","0.466","1.081","1,2,3,4,5,6,7,8,9,10,11,12,13,14,15,16,17,18,19,20,318",8.63360184856161e-05,FALSE,1,0,21,1,20,0.0476190476190476,1
"EBIC",23,700,0.33,"TRUE","TRUE","FALSE","20.1341881352908","0.00154657038078009","20.13264156491","12.714","0.495","1.207","1,2,3,4,5,6,7,8,9,10,11,12,13,14,15,16,17,18,19,20",6.46528297443836e-05,TRUE,0,0,20,0,20,0,1
"EBIC",24,700,0.33,"TRUE","TRUE","FALSE","20.1716626460339","0.00125127309620797","20.1704113729376","12.714","0.512","1.158","1,2,3,4,5,6,7,8,9,10,11,12,13,14,15,16,17,18,19,20,776",8.0533001639425e-05,FALSE,1,0,21,1,20,0.0476190476190476,1
"EBIC",25,700,0.33,"TRUE","TRUE","FALSE","20.1237048199922","0.00145455617809656","20.1222502638141","12.541","0.52","1.222","1,2,3,4,5,6,7,8,9,10,11,12,13,14,15,16,17,18,19,20",4.89300937037898e-05,TRUE,0,0,20,0,20,0,1
"EBIC",26,700,0.33,"TRUE","TRUE","FALSE","19.5406751885967","0.0011976426595332","19.5394775459371","14.656","0.51","1.176","1,2,3,4,5,6,7,8,9,10,11,12,13,14,15,16,17,18,19,20",6.77810351747424e-05,TRUE,0,0,20,0,20,0,1
"EBIC",27,700,0.33,"TRUE","TRUE","FALSE","20.2757075127557","0.00233087536261353","20.2733766373931","14.969","0.581","1.282","1,2,3,4,5,6,7,8,9,10,11,12,13,14,15,16,17,18,19,20,558,909",0.00015021159267845,FALSE,2,0,22,2,20,0.0909090909090909,1
"EBIC",28,700,0.33,"TRUE","TRUE","FALSE","20.0870758032113","0.00192318373503931","20.0851526194762","11.737","0.503","1.139","1,2,3,4,5,6,7,8,9,10,11,12,13,14,15,16,17,18,19,20",5.52343695745238e-05,TRUE,0,0,20,0,20,0,1
"EBIC",29,700,0.33,"TRUE","TRUE","FALSE","20.1662711658484","0.00158608355814648","20.1646850822903","13.257","0.49","1.067","1,2,3,4,5,6,7,8,9,10,11,12,13,14,15,16,17,18,19,20",5.40255554008635e-05,TRUE,0,0,20,0,20,0,1
"EBIC",3,700,0.33,"TRUE","TRUE","FALSE","20.1080815849963","0.00224223721413337","20.1058393477821","13.114","0.503","1.211","1,2,3,4,5,6,7,8,9,10,11,12,13,14,15,16,17,18,19,20",3.93607704940908e-05,TRUE,0,0,20,0,20,0,1
"EBIC",30,700,0.33,"TRUE","TRUE","FALSE","20.1675753464431","0.0022726030979973","20.1653027433451","12.864","0.517","1.178","1,2,3,4,5,6,7,8,9,10,11,12,13,14,15,16,17,18,19,20",5.23977575418578e-05,TRUE,0,0,20,0,20,0,1
"EBIC",31,700,0.33,"TRUE","TRUE","FALSE","20.1121684272051","0.0152634157718381","20.0969050114332","12.223","0.493","1.13","1,2,3,4,5,6,7,8,9,10,11,12,13,14,15,16,17,18,19,20",7.48642850284818e-05,TRUE,0,0,20,0,20,0,1
"EBIC",32,700,0.33,"TRUE","TRUE","FALSE","20.0925413783822","0.00111743557981193","20.0914239428024","12.676","0.5","1.227","1,2,3,4,5,6,7,8,9,10,11,12,13,14,15,16,17,18,19,20",5.79071107108362e-05,TRUE,0,0,20,0,20,0,1
"EBIC",33,700,0.33,"TRUE","TRUE","FALSE","20.187744542033","0.00124894146501835","20.186495600568","13.649","0.526","1.325","1,2,3,4,5,6,7,8,9,10,11,12,13,14,15,16,17,18,19,20,757",0.000104011255821078,FALSE,1,0,21,1,20,0.0476190476190476,1
"EBIC",34,700,0.33,"TRUE","TRUE","FALSE","20.0883721063102","0.00172662232187821","20.0866454839883","12.264","0.505","1.207","1,2,3,4,5,6,7,8,9,10,11,12,13,14,15,16,17,18,19,20",4.77383815376631e-05,TRUE,0,0,20,0,20,0,1
"EBIC",35,700,0.33,"TRUE","TRUE","FALSE","20.1476544049773","0.00273725486097616","20.1449171501163","12.724","0.508","1.156","1,2,3,4,5,6,7,8,9,10,11,12,13,14,15,16,17,18,19,20,911",7.5485356812913e-05,FALSE,1,0,21,1,20,0.0476190476190476,1
"EBIC",36,700,0.33,"TRUE","TRUE","FALSE","20.1059730774879","0.00457954823116256","20.1013935292568","13.413","0.503","1.137","1,2,3,4,5,6,7,8,9,10,11,12,13,14,15,16,17,18,19,20",5.45628156781641e-05,TRUE,0,0,20,0,20,0,1
"EBIC",37,700,0.33,"TRUE","TRUE","FALSE","20.1301144003684","0.000943664244075498","20.1291707361243","12.948","0.501","1.115","1,2,3,4,5,6,7,8,9,10,11,12,13,14,15,16,17,18,19,20",4.73870188387715e-05,TRUE,0,0,20,0,20,0,1
"EBIC",38,700,0.33,"TRUE","TRUE","FALSE","20.1388599394814","0.00111441039692237","20.1377455290845","13.436","0.47","1.197","1,2,3,4,5,6,7,8,9,10,11,12,13,14,15,16,17,18,19,20",4.00325572611777e-05,TRUE,0,0,20,0,20,0,1
"EBIC",39,700,0.33,"TRUE","TRUE","FALSE","20.1541764162756","0.00347285648999456","20.1507035597856","12.352","0.502","1.119","1,2,3,4,5,6,7,8,9,10,11,12,13,14,15,16,17,18,19,20,444",7.40289587671451e-05,FALSE,1,0,21,1,20,0.0476190476190476,1
"EBIC",4,700,0.33,"TRUE","TRUE","FALSE","20.1011554414155","0.000915510129220175","20.1002399312863","12.631","0.54","1.209","1,2,3,4,5,6,7,8,9,10,11,12,13,14,15,16,17,18,19,20",5.15393039371833e-05,TRUE,0,0,20,0,20,0,1
"EBIC",40,700,0.33,"TRUE","TRUE","FALSE","20.2022740115936","0.00113259410522617","20.2011414174884","13.741","0.521","1.269","1,2,3,4,5,6,7,8,9,10,11,12,13,14,15,16,17,18,19,20,138",0.000100313394538807,FALSE,1,0,21,1,20,0.0476190476190476,1
"EBIC",41,700,0.33,"TRUE","TRUE","FALSE","20.0999217092385","0.00132156394917165","20.0986001452893","12.695","0.527","1.265","1,2,3,4,5,6,7,8,9,10,11,12,13,14,15,16,17,18,19,20",4.74196531087553e-05,TRUE,0,0,20,0,20,0,1
"EBIC",42,700,0.33,"TRUE","TRUE","FALSE","20.2191993542864","0.00124379157232759","20.2179555627141","13.611","0.5","1.177","1,2,3,4,5,6,7,8,9,10,11,12,13,14,15,16,17,18,19,20,1006",7.51581017276426e-05,FALSE,1,0,21,1,20,0.0476190476190476,1
"EBIC",43,700,0.33,"TRUE","TRUE","FALSE","20.1800119433602","0.00569545247328374","20.1743164908869","12.908","0.489","1.069","1,2,3,4,5,6,7,8,9,10,11,12,13,14,15,16,17,18,19,20",4.57928290915959e-05,TRUE,0,0,20,0,20,0,1
"EBIC",44,700,0.33,"TRUE","TRUE","FALSE","20.1040476655596","0.00105402368728985","20.1029936418723","11.878","0.503","1.119","1,2,3,4,5,6,7,8,9,10,11,12,13,14,15,16,17,18,19,20",5.5232672873022e-05,TRUE,0,0,20,0,20,0,1
"EBIC",45,700,0.33,"TRUE","TRUE","FALSE","20.1399687304897","0.00147013139735484","20.1384985990923","13.776","0.488","1.152","1,2,3,4,5,6,7,8,9,10,11,12,13,14,15,16,17,18,19,20",4.80583098415526e-05,TRUE,0,0,20,0,20,0,1
"EBIC",46,700,0.33,"TRUE","TRUE","FALSE","20.0979144976145","0.00121778872580518","20.0966967088887","12.288","0.495","1.128","1,2,3,4,5,6,7,8,9,10,11,12,13,14,15,16,17,18,19,20",3.89083369235394e-05,TRUE,0,0,20,0,20,0,1
"EBIC",47,700,0.33,"TRUE","TRUE","FALSE","20.1859292735648","0.00134438661966528","20.1845848869451","12.732","0.492","1.06","1,2,3,4,5,6,7,8,9,10,11,12,13,14,15,16,17,18,19,20",7.60521587447851e-05,TRUE,0,0,20,0,20,0,1
"EBIC",48,700,0.33,"TRUE","TRUE","FALSE","20.1193147838901","0.00131872930064992","20.1179960545894","12.908","0.519","1.317","1,2,3,4,5,6,7,8,9,10,11,12,13,14,15,16,17,18,19,20",6.75602898771891e-05,TRUE,0,0,20,0,20,0,1
"EBIC",49,700,0.33,"TRUE","TRUE","FALSE","20.1353617528181","0.000908939903611035","20.1344528129144","12.783","0.5","1.195","1,2,3,4,5,6,7,8,9,10,11,12,13,14,15,16,17,18,19,20",3.32829334576776e-05,TRUE,0,0,20,0,20,0,1
"EBIC",5,700,0.33,"TRUE","TRUE","FALSE","20.1401985775202","0.000914037025675448","20.1392845404945","12.2","0.49","1.192","1,2,3,4,5,6,7,8,9,10,11,12,13,14,15,16,17,18,19,20",5.63511708297439e-05,TRUE,0,0,20,0,20,0,1
"EBIC",50,700,0.33,"TRUE","TRUE","FALSE","20.1272757431152","0.00133152786318832","20.125944215252","12.277","0.512","1.19","1,2,3,4,5,6,7,8,9,10,11,12,13,14,15,16,17,18,19,20",3.73420812331709e-05,TRUE,0,0,20,0,20,0,1
"EBIC",51,700,0.33,"TRUE","TRUE","FALSE","20.1003290296468","0.00168779883021751","20.0986412308166","13.148","0.537","1.23","1,2,3,4,5,6,7,8,9,10,11,12,13,14,15,16,17,18,19,20",3.76426255154983e-05,TRUE,0,0,20,0,20,0,1
"EBIC",52,700,0.33,"TRUE","TRUE","FALSE","20.1045081735977","0.00133238383472931","20.103175789763","12.101","0.538","1.279","1,2,3,4,5,6,7,8,9,10,11,12,13,14,15,16,17,18,19,20",4.94780235146805e-05,TRUE,0,0,20,0,20,0,1
"EBIC",53,700,0.33,"TRUE","TRUE","FALSE","20.1155740092037","0.00270436618117779","20.1128696430225","13.937","0.583","1.345","1,2,3,4,5,6,7,8,9,10,11,12,13,14,15,16,17,18,19,20",4.91292595525968e-05,TRUE,0,0,20,0,20,0,1
"EBIC",54,700,0.33,"TRUE","TRUE","FALSE","20.1026776458672","0.00155563737590595","20.1011220084913","12.515","0.488","1.097","1,2,3,4,5,6,7,8,9,10,11,12,13,14,15,16,17,18,19,20",5.80428741854245e-05,TRUE,0,0,20,0,20,0,1
"EBIC",55,700,0.33,"TRUE","TRUE","FALSE","20.0967539678299","0.00607708929068761","20.0906768785392","12.148","0.502","1.132","1,2,3,4,5,6,7,8,9,10,11,12,13,14,15,16,17,18,19,20",5.39090501477697e-05,TRUE,0,0,20,0,20,0,1
"EBIC",56,700,0.33,"TRUE","TRUE","FALSE","20.1230680361153","0.00182438902778923","20.1212436470875","12.904","0.517","1.208","1,2,3,4,5,6,7,8,9,10,11,12,13,14,15,16,17,18,19,20",4.52465493227432e-05,TRUE,0,0,20,0,20,0,1
"EBIC",57,700,0.33,"TRUE","TRUE","FALSE","20.0920348205965","0.00105480944862977","20.0909800111479","11.829","0.526","1.261","1,2,3,4,5,6,7,8,9,10,11,12,13,14,15,16,17,18,19,20",5.36639443142452e-05,TRUE,0,0,20,0,20,0,1
"EBIC",58,700,0.33,"TRUE","TRUE","FALSE","20.121858128715","0.00260531416613001","20.1192528145489","13.068","0.506","1.106","1,2,3,4,5,6,7,8,9,10,11,12,13,14,15,16,17,18,19,20",5.14790144244568e-05,TRUE,0,0,20,0,20,0,1
"EBIC",59,700,0.33,"TRUE","TRUE","FALSE","20.1261761578509","0.00273227900335452","20.1234438788476","12.391","0.475","1.059","1,2,3,4,5,6,7,8,9,10,11,12,13,14,15,16,17,18,19,20",5.26507571712329e-05,TRUE,0,0,20,0,20,0,1
"EBIC",6,700,0.33,"TRUE","TRUE","FALSE","20.0986841253995","0.00124862927053063","20.0974354961289","12.363","0.508","1.264","1,2,3,4,5,6,7,8,9,10,11,12,13,14,15,16,17,18,19,20",4.102061957636e-05,TRUE,0,0,20,0,20,0,1
"EBIC",60,700,0.33,"TRUE","TRUE","FALSE","20.1259418311732","0.00184532486051339","20.1240965063127","12.532","0.501","1.162","1,2,3,4,5,6,7,8,9,10,11,12,13,14,15,16,17,18,19,20",3.6508355088691e-05,TRUE,0,0,20,0,20,0,1
"EBIC",61,700,0.33,"TRUE","TRUE","FALSE","20.1486025440689","0.001483059872254","20.1471194841967","13.239","0.474","1.055","1,2,3,4,5,6,7,8,9,10,11,12,13,14,15,16,17,18,19,20",6.22493720127828e-05,TRUE,0,0,20,0,20,0,1
"EBIC",62,700,0.33,"TRUE","TRUE","FALSE","20.0929984252563","0.0014675444387156","20.0915308808175","13.762","0.494","1.168","1,2,3,4,5,6,7,8,9,10,11,12,13,14,15,16,17,18,19,20",3.87978461816772e-05,TRUE,0,0,20,0,20,0,1
"EBIC",63,700,0.33,"TRUE","TRUE","FALSE","20.3119605371886","0.00137904948395085","20.3105814877046","13.553","0.502","1.162","1,2,3,4,5,6,7,8,9,10,11,12,13,14,15,16,17,18,19,20,587",7.30992175366868e-05,FALSE,1,0,21,1,20,0.0476190476190476,1
"EBIC",64,700,0.33,"TRUE","TRUE","FALSE","20.2330203429041","0.00190463400144172","20.2311157089026","13.615","0.498","1.142","1,2,3,4,5,6,7,8,9,10,11,12,13,14,15,16,17,18,19,20,86",8.54331249895178e-05,FALSE,1,0,21,1,20,0.0476190476190476,1
"EBIC",65,700,0.33,"TRUE","TRUE","FALSE","20.0992555669958","0.00115781452662906","20.0980977524692","12.478","0.53","1.249","1,2,3,4,5,6,7,8,9,10,11,12,13,14,15,16,17,18,19,20",0.00011393030660204,TRUE,0,0,20,0,20,0,1
"EBIC",66,700,0.33,"TRUE","TRUE","FALSE","20.1043062279213","0.00143800305671811","20.1028682248646","12.208","0.506","1.171","1,2,3,4,5,6,7,8,9,10,11,12,13,14,15,16,17,18,19,20",4.39593787428929e-05,TRUE,0,0,20,0,20,0,1
"EBIC",67,700,0.33,"TRUE","TRUE","FALSE","20.1844822251387","0.00213459601898451","20.1823476291197","13.034","0.512","1.104","1,2,3,4,5,6,7,8,9,10,11,12,13,14,15,16,17,18,19,20,281",9.45918278117057e-05,FALSE,1,0,21,1,20,0.0476190476190476,1
"EBIC",68,700,0.33,"TRUE","TRUE","FALSE","20.2347592141918","0.00145284785271296","20.2333063663391","13.802","0.508","1.102","1,2,3,4,5,6,7,8,9,10,11,12,13,14,15,16,17,18,19,20,916",7.59678933070461e-05,FALSE,1,0,21,1,20,0.0476190476190476,1
"EBIC",69,700,0.33,"TRUE","TRUE","FALSE","20.0998677588748","0.00132392334161139","20.0985438355332","12.531","0.495","1.06","1,2,3,4,5,6,7,8,9,10,11,12,13,14,15,16,17,18,19,20",5.39464630720481e-05,TRUE,0,0,20,0,20,0,1
"EBIC",7,700,0.33,"TRUE","TRUE","FALSE","20.2102073391912","0.00102862071639926","20.2091787184748","14.082","0.482","1.041","1,2,3,4,5,6,7,8,9,10,11,12,13,14,15,16,17,18,19,20,721",7.38075453189993e-05,FALSE,1,0,21,1,20,0.0476190476190476,1
"EBIC",70,700,0.33,"TRUE","TRUE","FALSE","20.1176402615273","0.00243644671492222","20.1152038148124","13.29","0.498","1.12","1,2,3,4,5,6,7,8,9,10,11,12,13,14,15,16,17,18,19,20",4.38210103848326e-05,TRUE,0,0,20,0,20,0,1
"EBIC",71,700,0.33,"TRUE","TRUE","FALSE","20.1064182247613","0.00155219724700754","20.1048660275143","12.502","0.514","1.26","1,2,3,4,5,6,7,8,9,10,11,12,13,14,15,16,17,18,19,20",7.11005426723631e-05,TRUE,0,0,20,0,20,0,1
"EBIC",72,700,0.33,"TRUE","TRUE","FALSE","20.0931139765464","0.00685408374471531","20.0862598928017","12.364","0.495","1.176","1,2,3,4,5,6,7,8,9,10,11,12,13,14,15,16,17,18,19,20",5.75793823677765e-05,TRUE,0,0,20,0,20,0,1
"EBIC",73,700,0.33,"TRUE","TRUE","FALSE","20.2126609283987","0.00114222907163559","20.2115186993271","13.953","0.504","1.117","1,2,3,4,5,6,7,8,9,10,11,12,13,14,15,16,17,18,19,20,657",9.35367502644187e-05,FALSE,1,0,21,1,20,0.0476190476190476,1
"EBIC",74,700,0.33,"TRUE","TRUE","FALSE","20.0989614109042","0.00132089004213246","20.097640520862","12.879","0.502","1.064","1,2,3,4,5,6,7,8,9,10,11,12,13,14,15,16,17,18,19,20",4.23486531890038e-05,TRUE,0,0,20,0,20,0,1
"EBIC",75,700,0.33,"TRUE","TRUE","FALSE","20.1382352180422","0.0020175844037009","20.1362176336385","12.084","0.498","1.134","1,2,3,4,5,6,7,8,9,10,11,12,13,14,15,16,17,18,19,20",4.20602051434878e-05,TRUE,0,0,20,0,20,0,1
"EBIC",76,700,0.33,"TRUE","TRUE","FALSE","20.2857126392522","0.00152846448763364","20.2841841747646","15.141","0.533","1.233","1,2,3,4,5,6,7,8,9,10,11,12,13,14,15,16,17,18,19,20,1004",6.96970688114351e-05,FALSE,1,0,21,1,20,0.0476190476190476,1
"EBIC",77,700,0.33,"TRUE","TRUE","FALSE","20.2575562852388","0.00259873588125078","20.2549575493575","13.892","0.509","1.135","1,2,3,4,5,6,7,8,9,10,11,12,13,14,15,16,17,18,19,20,170",6.83838387289821e-05,FALSE,1,0,21,1,20,0.0476190476190476,1
"EBIC",78,700,0.33,"TRUE","TRUE","FALSE","20.3255959317886","0.00145072298670002","20.3241452088019","14.241","0.495","1.165","1,2,3,4,5,6,7,8,9,10,11,12,13,14,15,16,17,18,19,20,461",0.000100237956727939,FALSE,1,0,21,1,20,0.0476190476190476,1
"EBIC",79,700,0.33,"TRUE","TRUE","FALSE","20.0926902614635","0.00265668098813693","20.0900335804754","14.272","0.56","1.191","1,2,3,4,5,6,7,8,9,10,11,12,13,14,15,16,17,18,19,20",6.26354283422586e-05,TRUE,0,0,20,0,20,0,1
"EBIC",8,700,0.33,"TRUE","TRUE","FALSE","20.1564050532129","0.00176464503176973","20.1546404081812","12.644","0.497","1.177","1,2,3,4,5,6,7,8,9,10,11,12,13,14,15,16,17,18,19,20",4.99592537987401e-05,TRUE,0,0,20,0,20,0,1
"EBIC",80,700,0.33,"TRUE","TRUE","FALSE","20.113961411498","0.00209682860980455","20.1118645828882","12.819","0.499","1.149","1,2,3,4,5,6,7,8,9,10,11,12,13,14,15,16,17,18,19,20",3.2345736677187e-05,TRUE,0,0,20,0,20,0,1
"EBIC",81,700,0.33,"TRUE","TRUE","FALSE","20.107071989716","0.00135313300918717","20.1057188567068","12.563","0.518","1.182","1,2,3,4,5,6,7,8,9,10,11,12,13,14,15,16,17,18,19,20",3.97996888296208e-05,TRUE,0,0,20,0,20,0,1
"EBIC",82,700,0.33,"TRUE","TRUE","FALSE","20.1109664274472","0.00115770459548528","20.1098087228517","13.38","0.535","1.228","1,2,3,4,5,6,7,8,9,10,11,12,13,14,15,16,17,18,19,20",5.8815302232032e-05,TRUE,0,0,20,0,20,0,1
"EBIC",83,700,0.33,"TRUE","TRUE","FALSE","20.1202583633009","0.00120474069332216","20.1190536226076","13.038","0.516","1.165","1,2,3,4,5,6,7,8,9,10,11,12,13,14,15,16,17,18,19,20",8.77450908610322e-05,TRUE,0,0,20,0,20,0,1
"EBIC",84,700,0.33,"TRUE","TRUE","FALSE","20.1568546670289","0.00458640123766738","20.1522682657913","12.793","0.488","1.177","1,2,3,4,5,6,7,8,9,10,11,12,13,14,15,16,17,18,19,20",5.43349543602998e-05,TRUE,0,0,20,0,20,0,1
"EBIC",85,700,0.33,"TRUE","TRUE","FALSE","20.115438624533","0.00175063048710292","20.1136879940459","12.794","0.576","1.278","1,2,3,4,5,6,7,8,9,10,11,12,13,14,15,16,17,18,19,20",3.46863047146607e-05,TRUE,0,0,20,0,20,0,1
"EBIC",86,700,0.33,"TRUE","TRUE","FALSE","20.0871293846918","0.00132440335040898","20.0858049813414","12.574","0.508","1.177","1,2,3,4,5,6,7,8,9,10,11,12,13,14,15,16,17,18,19,20",3.97959315997652e-05,TRUE,0,0,20,0,20,0,1
"EBIC",87,700,0.33,"TRUE","TRUE","FALSE","20.116875654151","0.00143664313243961","20.1154390110186","12.391","0.516","1.154","1,2,3,4,5,6,7,8,9,10,11,12,13,14,15,16,17,18,19,20",6.37654428419845e-05,TRUE,0,0,20,0,20,0,1
"EBIC",88,700,0.33,"TRUE","TRUE","FALSE","20.1210157848314","0.00182572318898801","20.1191900616424","13.308","0.507","1.192","1,2,3,4,5,6,7,8,9,10,11,12,13,14,15,16,17,18,19,20",4.3568406790193e-05,TRUE,0,0,20,0,20,0,1
"EBIC",89,700,0.33,"TRUE","TRUE","FALSE","20.1492368861503","0.00164568688298463","20.1475911992673","12.781","0.512","1.19","1,2,3,4,5,6,7,8,9,10,11,12,13,14,15,16,17,18,19,20",5.90063830324048e-05,TRUE,0,0,20,0,20,0,1
"EBIC",9,700,0.33,"TRUE","TRUE","FALSE","20.1011398554024","0.00100539065743094","20.1001344647449","12.957","0.507","1.196","1,2,3,4,5,6,7,8,9,10,11,12,13,14,15,16,17,18,19,20",5.00629033972076e-05,TRUE,0,0,20,0,20,0,1
"EBIC",90,700,0.33,"TRUE","TRUE","FALSE","20.1196694497678","0.0011124212198482","20.118557028548","13.217","0.525","1.321","1,2,3,4,5,6,7,8,9,10,11,12,13,14,15,16,17,18,19,20",7.11936234003236e-05,TRUE,0,0,20,0,20,0,1
"EBIC",91,700,0.33,"TRUE","TRUE","FALSE","20.1732576374293","0.00712334338455285","20.1661342940448","12.985","0.508","1.048","1,2,3,4,5,6,7,8,9,10,11,12,13,14,15,16,17,18,19,20",7.89805821316396e-05,TRUE,0,0,20,0,20,0,1
"EBIC",92,700,0.33,"TRUE","TRUE","FALSE","20.1149983602335","0.00178973142531121","20.1132086288082","12.729","0.504","1.092","1,2,3,4,5,6,7,8,9,10,11,12,13,14,15,16,17,18,19,20",4.94304460269792e-05,TRUE,0,0,20,0,20,0,1
"EBIC",93,700,0.33,"TRUE","TRUE","FALSE","20.116868496698","0.00150751396331882","20.1153609827346","12.906","0.522","1.208","1,2,3,4,5,6,7,8,9,10,11,12,13,14,15,16,17,18,19,20",5.66170708224259e-05,TRUE,0,0,20,0,20,0,1
"EBIC",94,700,0.33,"TRUE","TRUE","FALSE","20.0898500045206","0.00123005868769223","20.088619945833","12.417","0.497","1.113","1,2,3,4,5,6,7,8,9,10,11,12,13,14,15,16,17,18,19,20",0.000107272626980608,TRUE,0,0,20,0,20,0,1
"EBIC",95,700,0.33,"TRUE","TRUE","FALSE","20.1077284468808","0.00269350853936227","20.1050349383414","12.726","0.497","1.118","1,2,3,4,5,6,7,8,9,10,11,12,13,14,15,16,17,18,19,20",4.41317675522687e-05,TRUE,0,0,20,0,20,0,1
"EBIC",96,700,0.33,"TRUE","TRUE","FALSE","20.1774327626771","0.00143637204879313","20.1759963906283","13.051","0.486","1.115","1,2,3,4,5,6,7,8,9,10,11,12,13,14,15,16,17,18,19,20,877",0.000120880291671568,FALSE,1,0,21,1,20,0.0476190476190476,1
"EBIC",97,700,0.33,"TRUE","TRUE","FALSE","20.1119112048192","0.0018997905604051","20.1100114142588","12.493","0.503","1.202","1,2,3,4,5,6,7,8,9,10,11,12,13,14,15,16,17,18,19,20",3.4641739540532e-05,TRUE,0,0,20,0,20,0,1
"EBIC",98,700,0.33,"TRUE","TRUE","FALSE","20.2873658288619","0.00206555840296309","20.2853002704589","16.264","0.536","1.343","1,2,3,4,5,6,7,8,9,10,11,12,13,14,15,16,17,18,19,20,376",0.000110210650372721,FALSE,1,0,21,1,20,0.0476190476190476,1
"EBIC",99,700,0.33,"TRUE","TRUE","FALSE","20.1470863178214","0.00119647723771311","20.1458898405836","12.995","0.511","1.191","1,2,3,4,5,6,7,8,9,10,11,12,13,14,15,16,17,18,19,20",2.48815433730119e-05,TRUE,0,0,20,0,20,0,1
"kappa.o",1,700,0.33,"TRUE","TRUE","FALSE","20.126590702499","0.0016245756974117","20.1249661268016","14.561","0.559","1.256","1,2,3,4,5,6,7,8,9,10,11,12,13,14,15,16,17,18,19,20",6.74176319344161e-05,TRUE,0,0,20,0,20,0,1
"kappa.o",10,700,0.33,"TRUE","TRUE","FALSE","20.1172447123304","0.000980387406893565","20.1162643249235","12.922","0.501","1.203","1,2,3,4,5,6,7,8,9,10,11,12,13,14,15,16,17,18,19,20",5.39424731837775e-05,TRUE,0,0,20,0,20,0,1
"kappa.o",100,700,0.33,"TRUE","TRUE","FALSE","20.116937694478","0.00257991022745103","20.1143577842505","12.489","0.507","1.137","1,2,3,4,5,6,7,8,9,10,11,12,13,14,15,16,17,18,19,20",5.09795351155271e-05,TRUE,0,0,20,0,20,0,1
"kappa.o",11,700,0.33,"TRUE","TRUE","FALSE","20.1204301946995","0.00125568496988351","20.1191745097296","13.012","0.513","1.201","1,2,3,4,5,6,7,8,9,10,11,12,13,14,15,16,17,18,19,20",3.69836999496476e-05,TRUE,0,0,20,0,20,0,1
"kappa.o",12,700,0.33,"TRUE","TRUE","FALSE","20.0993220925899","0.00142574793408339","20.0978963446558","12.125","0.62","1.2","1,2,3,4,5,6,7,8,9,10,11,12,13,14,15,16,17,18,19,20",4.85955419294304e-05,TRUE,0,0,20,0,20,0,1
"kappa.o",13,700,0.33,"TRUE","TRUE","FALSE","20.1048694389672","0.00232701297562595","20.1025424259916","12.526","0.527","1.262","1,2,3,4,5,6,7,8,9,10,11,12,13,14,15,16,17,18,19,20",5.60084734266487e-05,TRUE,0,0,20,0,20,0,1
"kappa.o",14,700,0.33,"TRUE","TRUE","FALSE","20.1141510852008","0.00129549265896727","20.1128555925418","12.781","0.502","1.203","1,2,3,4,5,6,7,8,9,10,11,12,13,14,15,16,17,18,19,20",2.02052908806615e-05,TRUE,0,0,20,0,20,0,1
"kappa.o",15,700,0.33,"TRUE","TRUE","FALSE","20.168802555883","0.0025701862526913","20.1662323696303","12.621","0.513","1.117","1,2,3,4,5,6,7,8,9,10,11,12,13,14,15,16,17,18,19,20",8.55558372214884e-05,TRUE,0,0,20,0,20,0,1
"kappa.o",16,700,0.33,"TRUE","TRUE","FALSE","20.1156141909142","0.00106654426203489","20.1145476466522","12.885","0.501","1.138","1,2,3,4,5,6,7,8,9,10,11,12,13,14,15,16,17,18,19,20",6.30624760391025e-05,TRUE,0,0,20,0,20,0,1
"kappa.o",17,700,0.33,"TRUE","TRUE","FALSE","20.1067350747346","0.00136041948650029","20.1053746552481","12.466","0.515","1.15","1,2,3,4,5,6,7,8,9,10,11,12,13,14,15,16,17,18,19,20",7.13103058146e-05,TRUE,0,0,20,0,20,0,1
"kappa.o",18,700,0.33,"TRUE","TRUE","FALSE","20.1422058104564","0.00101521293529664","20.1411905975211","13.012","0.505","1.253","1,2,3,4,5,6,7,8,9,10,11,12,13,14,15,16,17,18,19,20",4.9600779418466e-05,TRUE,0,0,20,0,20,0,1
"kappa.o",19,700,0.33,"TRUE","TRUE","FALSE","20.100704201874","0.0017338857995057","20.0989703160745","12.666","0.507","1.189","1,2,3,4,5,6,7,8,9,10,11,12,13,14,15,16,17,18,19,20",6.123912728548e-05,TRUE,0,0,20,0,20,0,1
"kappa.o",2,700,0.33,"TRUE","TRUE","FALSE","20.1159092923851","0.00110029651825187","20.1148089958669","12.676","0.515","1.213","1,2,3,4,5,6,7,8,9,10,11,12,13,14,15,16,17,18,19,20",7.31635854708417e-05,TRUE,0,0,20,0,20,0,1
"kappa.o",20,700,0.33,"TRUE","TRUE","FALSE","20.1065689302076","0.00684821587737767","20.0997207143303","12.91","0.513","1.209","1,2,3,4,5,6,7,8,9,10,11,12,13,14,15,16,17,18,19,20",4.96438413714523e-05,TRUE,0,0,20,0,20,0,1
"kappa.o",21,700,0.33,"TRUE","TRUE","FALSE","20.1089919999589","0.00450948187908088","20.1044825180798","12.697","0.499","1.198","1,2,3,4,5,6,7,8,9,10,11,12,13,14,15,16,17,18,19,20",5.352933334176e-05,TRUE,0,0,20,0,20,0,1
"kappa.o",22,700,0.33,"TRUE","TRUE","FALSE","20.3776292975073","0.00154838610005719","20.3760809114072","15.561","0.466","1.081","1,2,3,4,5,6,7,8,9,10,11,12,13,14,15,16,17,18,19,20",3.8799584878468e-05,TRUE,0,0,20,0,20,0,1
"kappa.o",23,700,0.33,"TRUE","TRUE","FALSE","20.1341881352908","0.00154657038078009","20.13264156491","12.714","0.495","1.207","1,2,3,4,5,6,7,8,9,10,11,12,13,14,15,16,17,18,19,20",6.46528297443836e-05,TRUE,0,0,20,0,20,0,1
"kappa.o",24,700,0.33,"TRUE","TRUE","FALSE","20.1716626460339","0.00125127309620797","20.1704113729376","12.714","0.512","1.158","1,2,3,4,5,6,7,8,9,10,11,12,13,14,15,16,17,18,19,20",4.08642189564535e-05,TRUE,0,0,20,0,20,0,1
"kappa.o",25,700,0.33,"TRUE","TRUE","FALSE","20.1237048199922","0.00145455617809656","20.1222502638141","12.541","0.52","1.222","1,2,3,4,5,6,7,8,9,10,11,12,13,14,15,16,17,18,19,20",4.89300937037898e-05,TRUE,0,0,20,0,20,0,1
"kappa.o",26,700,0.33,"TRUE","TRUE","FALSE","19.5406751885967","0.0011976426595332","19.5394775459371","14.656","0.51","1.176","1,2,3,4,5,6,7,8,10,11,12,13,14,15,16,17,18,19,20",0.00019840156510118,FALSE,0,1,19,0,19,0,0.95
"kappa.o",27,700,0.33,"TRUE","TRUE","FALSE","20.2757075127557","0.00233087536261353","20.2733766373931","14.969","0.581","1.282","1,2,3,4,5,6,7,8,9,10,11,12,13,14,15,16,17,18,19,20",6.38030069890463e-05,TRUE,0,0,20,0,20,0,1
"kappa.o",28,700,0.33,"TRUE","TRUE","FALSE","20.0870758032113","0.00192318373503931","20.0851526194762","11.737","0.503","1.139","1,2,3,4,5,6,7,8,9,10,11,12,13,14,15,16,17,18,19,20",5.52343695745238e-05,TRUE,0,0,20,0,20,0,1
"kappa.o",29,700,0.33,"TRUE","TRUE","FALSE","20.1662711658484","0.00158608355814648","20.1646850822903","13.257","0.49","1.067","1,2,3,4,5,6,7,8,9,10,11,12,13,14,15,16,17,18,19,20",5.40255554008635e-05,TRUE,0,0,20,0,20,0,1
"kappa.o",3,700,0.33,"TRUE","TRUE","FALSE","20.1080815849963","0.00224223721413337","20.1058393477821","13.114","0.503","1.211","1,2,3,4,5,6,7,8,9,10,11,12,13,14,15,16,17,18,19,20",3.93607704940908e-05,TRUE,0,0,20,0,20,0,1
"kappa.o",30,700,0.33,"TRUE","TRUE","FALSE","20.1675753464431","0.0022726030979973","20.1653027433451","12.864","0.517","1.178","1,2,3,4,5,6,7,8,9,10,11,12,13,14,15,16,17,18,19,20",5.23977575418578e-05,TRUE,0,0,20,0,20,0,1
"kappa.o",31,700,0.33,"TRUE","TRUE","FALSE","20.1121684272051","0.0152634157718381","20.0969050114332","12.223","0.493","1.13","1,2,3,4,5,6,7,8,9,10,11,12,13,14,15,16,17,18,19,20",7.48642850284818e-05,TRUE,0,0,20,0,20,0,1
"kappa.o",32,700,0.33,"TRUE","TRUE","FALSE","20.0925413783822","0.00111743557981193","20.0914239428024","12.676","0.5","1.227","1,2,3,4,5,6,7,8,9,10,11,12,13,14,15,16,17,18,19,20",5.79071107108362e-05,TRUE,0,0,20,0,20,0,1
"kappa.o",33,700,0.33,"TRUE","TRUE","FALSE","20.187744542033","0.00124894146501835","20.186495600568","13.649","0.526","1.325","1,2,3,4,5,6,7,8,9,10,11,12,13,14,15,16,17,18,19,20",7.33510876581572e-05,TRUE,0,0,20,0,20,0,1
"kappa.o",34,700,0.33,"TRUE","TRUE","FALSE","20.0883721063102","0.00172662232187821","20.0866454839883","12.264","0.505","1.207","1,2,3,4,5,6,7,8,9,10,11,12,13,14,15,16,17,18,19,20",4.77383815376631e-05,TRUE,0,0,20,0,20,0,1
"kappa.o",35,700,0.33,"TRUE","TRUE","FALSE","20.1476544049773","0.00273725486097616","20.1449171501163","12.724","0.508","1.156","1,2,3,4,5,6,7,8,9,10,11,12,13,14,15,16,17,18,19,20",3.04537930198823e-05,TRUE,0,0,20,0,20,0,1
"kappa.o",36,700,0.33,"TRUE","TRUE","FALSE","20.1059730774879","0.00457954823116256","20.1013935292568","13.413","0.503","1.137","1,2,3,4,5,6,7,8,9,10,11,12,13,14,15,16,17,18,19,20",5.45628156781641e-05,TRUE,0,0,20,0,20,0,1
"kappa.o",37,700,0.33,"TRUE","TRUE","FALSE","20.1301144003684","0.000943664244075498","20.1291707361243","12.948","0.501","1.115","1,2,3,4,5,6,7,8,9,10,11,12,13,14,15,16,17,18,19,20",4.73870188387715e-05,TRUE,0,0,20,0,20,0,1
"kappa.o",38,700,0.33,"TRUE","TRUE","FALSE","20.1388599394814","0.00111441039692237","20.1377455290845","13.436","0.47","1.197","1,2,3,4,5,6,7,8,9,10,11,12,13,14,15,16,17,18,19,20",4.00325572611777e-05,TRUE,0,0,20,0,20,0,1
"kappa.o",39,700,0.33,"TRUE","TRUE","FALSE","20.1541764162756","0.00347285648999456","20.1507035597856","12.352","0.502","1.119","1,2,3,4,5,6,7,8,9,10,11,12,13,14,15,16,17,18,19,20",3.79612719531445e-05,TRUE,0,0,20,0,20,0,1
"kappa.o",4,700,0.33,"TRUE","TRUE","FALSE","20.1011554414155","0.000915510129220175","20.1002399312863","12.631","0.54","1.209","1,2,3,4,5,6,7,8,9,10,11,12,13,14,15,16,17,18,19,20",5.15393039371833e-05,TRUE,0,0,20,0,20,0,1
"kappa.o",40,700,0.33,"TRUE","TRUE","FALSE","20.2022740115936","0.00113259410522617","20.2011414174884","13.741","0.521","1.269","1,2,3,4,5,6,7,8,9,10,11,12,13,14,15,16,17,18,19,20",6.09646525660863e-05,TRUE,0,0,20,0,20,0,1
"kappa.o",41,700,0.33,"TRUE","TRUE","FALSE","20.0999217092385","0.00132156394917165","20.0986001452893","12.695","0.527","1.265","1,2,3,4,5,6,7,8,9,10,11,12,13,14,15,16,17,18,19,20",4.74196531087553e-05,TRUE,0,0,20,0,20,0,1
"kappa.o",42,700,0.33,"TRUE","TRUE","FALSE","20.2191993542864","0.00124379157232759","20.2179555627141","13.611","0.5","1.177","1,2,3,4,5,6,7,8,9,10,11,12,13,14,15,16,17,18,19,20",2.99482103643611e-05,TRUE,0,0,20,0,20,0,1
"kappa.o",43,700,0.33,"TRUE","TRUE","FALSE","20.1800119433602","0.00569545247328374","20.1743164908869","12.908","0.489","1.069","1,2,3,4,5,6,7,8,9,10,11,12,13,14,15,16,17,18,19,20",4.57928290915959e-05,TRUE,0,0,20,0,20,0,1
"kappa.o",44,700,0.33,"TRUE","TRUE","FALSE","20.1040476655596","0.00105402368728985","20.1029936418723","11.878","0.503","1.119","1,2,3,4,5,6,7,8,9,10,11,12,13,14,15,16,17,18,19,20",5.5232672873022e-05,TRUE,0,0,20,0,20,0,1
"kappa.o",45,700,0.33,"TRUE","TRUE","FALSE","20.1399687304897","0.00147013139735484","20.1384985990923","13.776","0.488","1.152","1,2,3,4,5,6,7,8,9,10,11,12,13,14,15,16,17,18,19,20",4.80583098415526e-05,TRUE,0,0,20,0,20,0,1
"kappa.o",46,700,0.33,"TRUE","TRUE","FALSE","20.0979144976145","0.00121778872580518","20.0966967088887","12.288","0.495","1.128","1,2,3,4,5,6,7,8,9,10,11,12,13,14,15,16,17,18,19,20",3.89083369235394e-05,TRUE,0,0,20,0,20,0,1
"kappa.o",47,700,0.33,"TRUE","TRUE","FALSE","20.1859292735648","0.00134438661966528","20.1845848869451","12.732","0.492","1.06","1,2,3,4,5,6,7,8,9,10,11,12,13,14,15,16,17,18,19,20",7.60521587447851e-05,TRUE,0,0,20,0,20,0,1
"kappa.o",48,700,0.33,"TRUE","TRUE","FALSE","20.1193147838901","0.00131872930064992","20.1179960545894","12.908","0.519","1.317","1,2,3,4,5,6,7,8,9,10,11,12,13,14,15,16,17,18,19,20",6.75602898771891e-05,TRUE,0,0,20,0,20,0,1
"kappa.o",49,700,0.33,"TRUE","TRUE","FALSE","20.1353617528181","0.000908939903611035","20.1344528129144","12.783","0.5","1.195","1,2,3,4,5,6,7,8,9,10,11,12,13,14,15,16,17,18,19,20",3.32829334576776e-05,TRUE,0,0,20,0,20,0,1
"kappa.o",5,700,0.33,"TRUE","TRUE","FALSE","20.1401985775202","0.000914037025675448","20.1392845404945","12.2","0.49","1.192","1,2,3,4,5,6,7,8,9,10,11,12,13,14,15,16,17,18,19,20",5.63511708297439e-05,TRUE,0,0,20,0,20,0,1
"kappa.o",50,700,0.33,"TRUE","TRUE","FALSE","20.1272757431152","0.00133152786318832","20.125944215252","12.277","0.512","1.19","1,2,3,4,5,6,7,8,9,10,11,12,13,14,15,16,17,18,19,20",3.73420812331709e-05,TRUE,0,0,20,0,20,0,1
"kappa.o",51,700,0.33,"TRUE","TRUE","FALSE","20.1003290296468","0.00168779883021751","20.0986412308166","13.148","0.537","1.23","1,2,3,4,5,6,7,8,9,10,11,12,13,14,15,16,17,18,19,20",3.76426255154983e-05,TRUE,0,0,20,0,20,0,1
"kappa.o",52,700,0.33,"TRUE","TRUE","FALSE","20.1045081735977","0.00133238383472931","20.103175789763","12.101","0.538","1.279","1,2,3,4,5,6,7,8,9,10,11,12,13,14,15,16,17,18,19,20",4.94780235146805e-05,TRUE,0,0,20,0,20,0,1
"kappa.o",53,700,0.33,"TRUE","TRUE","FALSE","20.1155740092037","0.00270436618117779","20.1128696430225","13.937","0.583","1.345","1,2,3,4,5,6,7,8,9,10,11,12,13,14,15,16,17,18,19,20",4.91292595525968e-05,TRUE,0,0,20,0,20,0,1
"kappa.o",54,700,0.33,"TRUE","TRUE","FALSE","20.1026776458672","0.00155563737590595","20.1011220084913","12.515","0.488","1.097","1,2,3,4,5,6,7,8,9,10,11,12,13,14,15,16,17,18,19,20",5.80428741854245e-05,TRUE,0,0,20,0,20,0,1
"kappa.o",55,700,0.33,"TRUE","TRUE","FALSE","20.0967539678299","0.00607708929068761","20.0906768785392","12.148","0.502","1.132","1,2,3,4,5,6,7,8,9,10,11,12,13,14,15,16,17,18,19,20",5.39090501477697e-05,TRUE,0,0,20,0,20,0,1
"kappa.o",56,700,0.33,"TRUE","TRUE","FALSE","20.1230680361153","0.00182438902778923","20.1212436470875","12.904","0.517","1.208","1,2,3,4,5,6,7,8,9,10,11,12,13,14,15,16,17,18,19,20",4.52465493227432e-05,TRUE,0,0,20,0,20,0,1
"kappa.o",57,700,0.33,"TRUE","TRUE","FALSE","20.0920348205965","0.00105480944862977","20.0909800111479","11.829","0.526","1.261","1,2,3,4,5,6,7,8,9,10,11,12,13,14,15,16,17,18,19,20",5.36639443142452e-05,TRUE,0,0,20,0,20,0,1
"kappa.o",58,700,0.33,"TRUE","TRUE","FALSE","20.121858128715","0.00260531416613001","20.1192528145489","13.068","0.506","1.106","1,2,3,4,5,6,7,8,9,10,11,12,13,14,15,16,17,18,19,20",5.14790144244568e-05,TRUE,0,0,20,0,20,0,1
"kappa.o",59,700,0.33,"TRUE","TRUE","FALSE","20.1261761578509","0.00273227900335452","20.1234438788476","12.391","0.475","1.059","1,2,3,4,5,6,7,8,9,10,11,12,13,14,15,16,17,18,19,20",5.26507571712329e-05,TRUE,0,0,20,0,20,0,1
"kappa.o",6,700,0.33,"TRUE","TRUE","FALSE","20.0986841253995","0.00124862927053063","20.0974354961289","12.363","0.508","1.264","1,2,3,4,5,6,7,8,9,10,11,12,13,14,15,16,17,18,19,20",4.102061957636e-05,TRUE,0,0,20,0,20,0,1
"kappa.o",60,700,0.33,"TRUE","TRUE","FALSE","20.1259418311732","0.00184532486051339","20.1240965063127","12.532","0.501","1.162","1,2,3,4,5,6,7,8,9,10,11,12,13,14,15,16,17,18,19,20",3.6508355088691e-05,TRUE,0,0,20,0,20,0,1
"kappa.o",61,700,0.33,"TRUE","TRUE","FALSE","20.1486025440689","0.001483059872254","20.1471194841967","13.239","0.474","1.055","1,2,3,4,5,6,7,8,9,10,11,12,13,14,15,16,17,18,19,20",6.22493720127828e-05,TRUE,0,0,20,0,20,0,1
"kappa.o",62,700,0.33,"TRUE","TRUE","FALSE","20.0929984252563","0.0014675444387156","20.0915308808175","13.762","0.494","1.168","1,2,3,4,5,6,7,8,9,10,11,12,13,14,15,16,17,18,19,20",3.87978461816772e-05,TRUE,0,0,20,0,20,0,1
"kappa.o",63,700,0.33,"TRUE","TRUE","FALSE","20.3119605371886","0.00137904948395085","20.3105814877046","13.553","0.502","1.162","1,2,3,4,5,6,7,8,9,10,11,12,13,14,15,16,17,18,19,20",2.58913976505152e-05,TRUE,0,0,20,0,20,0,1
"kappa.o",64,700,0.33,"TRUE","TRUE","FALSE","20.2330203429041","0.00190463400144172","20.2311157089026","13.615","0.498","1.142","1,2,3,4,5,6,7,8,9,10,11,12,13,14,15,16,17,18,19,20",4.05210692883593e-05,TRUE,0,0,20,0,20,0,1
"kappa.o",65,700,0.33,"TRUE","TRUE","FALSE","20.0992555669958","0.00115781452662906","20.0980977524692","12.478","0.53","1.249","1,2,3,4,5,6,7,8,9,10,11,12,13,14,15,16,17,18,19,20",0.00011393030660204,TRUE,0,0,20,0,20,0,1
"kappa.o",66,700,0.33,"TRUE","TRUE","FALSE","20.1043062279213","0.00143800305671811","20.1028682248646","12.208","0.506","1.171","1,2,3,4,5,6,7,8,9,10,11,12,13,14,15,16,17,18,19,20",4.39593787428929e-05,TRUE,0,0,20,0,20,0,1
"kappa.o",67,700,0.33,"TRUE","TRUE","FALSE","20.1844822251387","0.00213459601898451","20.1823476291197","13.034","0.512","1.104","1,2,3,4,5,6,7,8,9,10,11,12,13,14,15,16,17,18,19,20",5.38088292963411e-05,TRUE,0,0,20,0,20,0,1
"kappa.o",68,700,0.33,"TRUE","TRUE","FALSE","20.2347592141918","0.00145284785271296","20.2333063663391","13.802","0.508","1.102","1,2,3,4,5,6,7,8,9,10,11,12,13,14,15,16,17,18,19,20",3.8264631119225e-05,TRUE,0,0,20,0,20,0,1
"kappa.o",69,700,0.33,"TRUE","TRUE","FALSE","20.0998677588748","0.00132392334161139","20.0985438355332","12.531","0.495","1.06","1,2,3,4,5,6,7,8,9,10,11,12,13,14,15,16,17,18,19,20",5.39464630720481e-05,TRUE,0,0,20,0,20,0,1
"kappa.o",7,700,0.33,"TRUE","TRUE","FALSE","20.2102073391912","0.00102862071639926","20.2091787184748","14.082","0.482","1.041","1,2,3,4,5,6,7,8,9,10,11,12,13,14,15,16,17,18,19,20",3.7717469337761e-05,TRUE,0,0,20,0,20,0,1
"kappa.o",70,700,0.33,"TRUE","TRUE","FALSE","20.1176402615273","0.00243644671492222","20.1152038148124","13.29","0.498","1.12","1,2,3,4,5,6,7,8,9,10,11,12,13,14,15,16,17,18,19,20",4.38210103848326e-05,TRUE,0,0,20,0,20,0,1
"kappa.o",71,700,0.33,"TRUE","TRUE","FALSE","20.1064182247613","0.00155219724700754","20.1048660275143","12.502","0.514","1.26","1,2,3,4,5,6,7,8,9,10,11,12,13,14,15,16,17,18,19,20",7.11005426723631e-05,TRUE,0,0,20,0,20,0,1
"kappa.o",72,700,0.33,"TRUE","TRUE","FALSE","20.0931139765464","0.00685408374471531","20.0862598928017","12.364","0.495","1.176","1,2,3,4,5,6,7,8,9,10,11,12,13,14,15,16,17,18,19,20",5.75793823677765e-05,TRUE,0,0,20,0,20,0,1
"kappa.o",73,700,0.33,"TRUE","TRUE","FALSE","20.2126609283987","0.00114222907163559","20.2115186993271","13.953","0.504","1.117","1,2,3,4,5,6,7,8,9,10,11,12,13,14,15,16,17,18,19,20",4.61754074587818e-05,TRUE,0,0,20,0,20,0,1
"kappa.o",74,700,0.33,"TRUE","TRUE","FALSE","20.0989614109042","0.00132089004213246","20.097640520862","12.879","0.502","1.064","1,2,3,4,5,6,7,8,9,10,11,12,13,14,15,16,17,18,19,20",4.23486531890038e-05,TRUE,0,0,20,0,20,0,1
"kappa.o",75,700,0.33,"TRUE","TRUE","FALSE","20.1382352180422","0.0020175844037009","20.1362176336385","12.084","0.498","1.134","1,2,3,4,5,6,7,8,9,10,11,12,13,14,15,16,17,18,19,20",4.20602051434878e-05,TRUE,0,0,20,0,20,0,1
"kappa.o",76,700,0.33,"TRUE","TRUE","FALSE","20.2857126392522","0.00152846448763364","20.2841841747646","15.141","0.533","1.233","1,2,3,4,5,6,7,8,9,10,11,12,13,14,15,16,17,18,19,20",3.41246613704907e-05,TRUE,0,0,20,0,20,0,1
"kappa.o",77,700,0.33,"TRUE","TRUE","FALSE","20.2575562852388","0.00259873588125078","20.2549575493575","13.892","0.509","1.135","1,2,3,4,5,6,7,8,9,10,11,12,13,14,15,16,17,18,19,20",2.70264404127971e-05,TRUE,0,0,20,0,20,0,1
"kappa.o",78,700,0.33,"TRUE","TRUE","FALSE","20.3255959317886","0.00145072298670002","20.3241452088019","14.241","0.495","1.165","1,2,3,4,5,6,7,8,9,10,11,12,13,14,15,16,17,18,19,20",4.95006103846362e-05,TRUE,0,0,20,0,20,0,1
"kappa.o",79,700,0.33,"TRUE","TRUE","FALSE","20.0926902614635","0.00265668098813693","20.0900335804754","14.272","0.56","1.191","1,2,3,4,5,6,7,8,9,10,11,12,13,14,15,16,17,18,19,20",6.26354283422586e-05,TRUE,0,0,20,0,20,0,1
"kappa.o",8,700,0.33,"TRUE","TRUE","FALSE","20.1564050532129","0.00176464503176973","20.1546404081812","12.644","0.497","1.177","1,2,3,4,5,6,7,8,9,10,11,12,13,14,15,16,17,18,19,20",4.99592537987401e-05,TRUE,0,0,20,0,20,0,1
"kappa.o",80,700,0.33,"TRUE","TRUE","FALSE","20.113961411498","0.00209682860980455","20.1118645828882","12.819","0.499","1.149","1,2,3,4,5,6,7,8,9,10,11,12,13,14,15,16,17,18,19,20",3.2345736677187e-05,TRUE,0,0,20,0,20,0,1
"kappa.o",81,700,0.33,"TRUE","TRUE","FALSE","20.107071989716","0.00135313300918717","20.1057188567068","12.563","0.518","1.182","1,2,3,4,5,6,7,8,9,10,11,12,13,14,15,16,17,18,19,20",3.97996888296208e-05,TRUE,0,0,20,0,20,0,1
"kappa.o",82,700,0.33,"TRUE","TRUE","FALSE","20.1109664274472","0.00115770459548528","20.1098087228517","13.38","0.535","1.228","1,2,3,4,5,6,7,8,9,10,11,12,13,14,15,16,17,18,19,20",5.8815302232032e-05,TRUE,0,0,20,0,20,0,1
"kappa.o",83,700,0.33,"TRUE","TRUE","FALSE","20.1202583633009","0.00120474069332216","20.1190536226076","13.038","0.516","1.165","1,2,3,4,5,6,7,8,9,10,11,12,13,14,15,16,17,18,19,20",8.77450908610322e-05,TRUE,0,0,20,0,20,0,1
"kappa.o",84,700,0.33,"TRUE","TRUE","FALSE","20.1568546670289","0.00458640123766738","20.1522682657913","12.793","0.488","1.177","1,2,3,4,5,6,7,8,9,10,11,12,13,14,15,16,17,18,19,20",5.43349543602998e-05,TRUE,0,0,20,0,20,0,1
"kappa.o",85,700,0.33,"TRUE","TRUE","FALSE","20.115438624533","0.00175063048710292","20.1136879940459","12.794","0.576","1.278","1,2,3,4,5,6,7,8,9,10,11,12,13,14,15,16,17,18,19,20",3.46863047146607e-05,TRUE,0,0,20,0,20,0,1
"kappa.o",86,700,0.33,"TRUE","TRUE","FALSE","20.0871293846918","0.00132440335040898","20.0858049813414","12.574","0.508","1.177","1,2,3,4,5,6,7,8,9,10,11,12,13,14,15,16,17,18,19,20",3.97959315997652e-05,TRUE,0,0,20,0,20,0,1
"kappa.o",87,700,0.33,"TRUE","TRUE","FALSE","20.116875654151","0.00143664313243961","20.1154390110186","12.391","0.516","1.154","1,2,3,4,5,6,7,8,9,10,11,12,13,14,15,16,17,18,19,20",6.37654428419845e-05,TRUE,0,0,20,0,20,0,1
"kappa.o",88,700,0.33,"TRUE","TRUE","FALSE","20.1210157848314","0.00182572318898801","20.1191900616424","13.308","0.507","1.192","1,2,3,4,5,6,7,8,9,10,11,12,13,14,15,16,17,18,19,20",4.3568406790193e-05,TRUE,0,0,20,0,20,0,1
"kappa.o",89,700,0.33,"TRUE","TRUE","FALSE","20.1492368861503","0.00164568688298463","20.1475911992673","12.781","0.512","1.19","1,2,3,4,5,6,7,8,9,10,11,12,13,14,15,16,17,18,19,20",5.90063830324048e-05,TRUE,0,0,20,0,20,0,1
"kappa.o",9,700,0.33,"TRUE","TRUE","FALSE","20.1011398554024","0.00100539065743094","20.1001344647449","12.957","0.507","1.196","1,2,3,4,5,6,7,8,9,10,11,12,13,14,15,16,17,18,19,20",5.00629033972076e-05,TRUE,0,0,20,0,20,0,1
"kappa.o",90,700,0.33,"TRUE","TRUE","FALSE","20.1196694497678","0.0011124212198482","20.118557028548","13.217","0.525","1.321","1,2,3,4,5,6,7,8,9,10,11,12,13,14,15,16,17,18,19,20",7.11936234003236e-05,TRUE,0,0,20,0,20,0,1
"kappa.o",91,700,0.33,"TRUE","TRUE","FALSE","20.1732576374293","0.00712334338455285","20.1661342940448","12.985","0.508","1.048","1,2,3,4,5,6,7,8,9,10,11,12,13,14,15,16,17,18,19,20",7.89805821316396e-05,TRUE,0,0,20,0,20,0,1
"kappa.o",92,700,0.33,"TRUE","TRUE","FALSE","20.1149983602335","0.00178973142531121","20.1132086288082","12.729","0.504","1.092","1,2,3,4,5,6,7,8,9,10,11,12,13,14,15,16,17,18,19,20",4.94304460269792e-05,TRUE,0,0,20,0,20,0,1
"kappa.o",93,700,0.33,"TRUE","TRUE","FALSE","20.116868496698","0.00150751396331882","20.1153609827346","12.906","0.522","1.208","1,2,3,4,5,6,7,8,9,10,11,12,13,14,15,16,17,18,19,20",5.66170708224259e-05,TRUE,0,0,20,0,20,0,1
"kappa.o",94,700,0.33,"TRUE","TRUE","FALSE","20.0898500045206","0.00123005868769223","20.088619945833","12.417","0.497","1.113","1,2,3,4,5,6,7,8,9,10,11,12,13,14,15,16,17,18,19,20",0.000107272626980608,TRUE,0,0,20,0,20,0,1
"kappa.o",95,700,0.33,"TRUE","TRUE","FALSE","20.1077284468808","0.00269350853936227","20.1050349383414","12.726","0.497","1.118","1,2,3,4,5,6,7,8,9,10,11,12,13,14,15,16,17,18,19,20",4.41317675522687e-05,TRUE,0,0,20,0,20,0,1
"kappa.o",96,700,0.33,"TRUE","TRUE","FALSE","20.1774327626771","0.00143637204879313","20.1759963906283","13.051","0.486","1.115","1,2,3,4,5,6,7,8,9,10,11,12,13,14,15,16,17,18,19,20",7.92673009129473e-05,TRUE,0,0,20,0,20,0,1
"kappa.o",97,700,0.33,"TRUE","TRUE","FALSE","20.1119112048192","0.0018997905604051","20.1100114142588","12.493","0.503","1.202","1,2,3,4,5,6,7,8,9,10,11,12,13,14,15,16,17,18,19,20",3.4641739540532e-05,TRUE,0,0,20,0,20,0,1
"kappa.o",98,700,0.33,"TRUE","TRUE","FALSE","20.2873658288619","0.00206555840296309","20.2853002704589","16.264","0.536","1.343","1,2,3,4,5,6,7,8,9,10,11,12,13,14,15,16,17,18,19,20",6.07910009424305e-05,TRUE,0,0,20,0,20,0,1
"kappa.o",99,700,0.33,"TRUE","TRUE","FALSE","20.1470863178214","0.00119647723771311","20.1458898405836","12.995","0.511","1.191","1,2,3,4,5,6,7,8,9,10,11,12,13,14,15,16,17,18,19,20",2.48815433730119e-05,TRUE,0,0,20,0,20,0,1
"lasso.cv",1,700,0.33,"TRUE","TRUE","FALSE","20.126590702499","0.0016245756974117","20.1249661268016","14.561","0.559","1.256","1,2,3,4,5,6,7,8,9,10,11,12,13,14,15,16,17,18,19,20,24,59,72,77,81,84,90,107,110,171,176,183,220,228,246,247,262,279,306,307,315,322,327,328,361,363,388,392,407,412,438,440,441,473,482,495,501,515,519,549,551,552,566,595,604,617,620,627,628,684,697,699,711,739,748,750,768,803,805,831,832,839,865,866,874,883,890,896,901,916,920,966,982,983,988,1012,1055,1058,1063",0.000306983307250119,FALSE,79,0,99,79,20,0.797979797979798,1
"lasso.cv",10,700,0.33,"TRUE","TRUE","FALSE","20.1172447123304","0.000980387406893565","20.1162643249235","12.922","0.501","1.203","1,2,3,4,5,6,7,8,9,10,11,12,13,14,15,16,17,18,19,20,30,94,98,111,139,144,162,170,181,191,200,252,261,277,326,349,357,395,400,405,422,436,440,443,448,458,465,474,501,508,516,534,539,548,564,577,589,608,653,660,662,672,690,691,712,719,723,738,754,773,776,778,820,856,859,870,891,911,923,936,953,958,981,1007,1014,1021,1043,1052,1053,1061",0.000291389874349098,FALSE,70,0,90,70,20,0.777777777777778,1
"lasso.cv",100,700,0.33,"TRUE","TRUE","FALSE","20.116937694478","0.00257991022745103","20.1143577842505","12.489","0.507","1.137","1,2,3,4,5,6,7,8,9,10,11,12,13,14,15,16,17,18,19,20,34,49,67,110,120,162,169,186,198,285,290,308,354,364,415,419,423,433,434,444,488,515,517,526,562,588,628,644,654,671,673,677,692,732,733,735,766,776,790,824,827,828,849,854,887,890,900,913,923,933,989,992,1000,1002",0.000221023086635577,FALSE,54,0,74,54,20,0.72972972972973,1
"lasso.cv",11,700,0.33,"TRUE","TRUE","FALSE","20.1204301946995","0.00125568496988351","20.1191745097296","13.012","0.513","1.201","1,2,3,4,5,6,7,8,9,10,11,12,13,14,15,16,17,18,19,20,39,53,61,76,80,94,98,101,140,148,200,204,207,211,214,246,252,261,272,274,313,333,337,349,361,374,401,420,428,476,482,483,508,515,554,594,605,613,627,653,661,672,697,708,733,746,772,783,785,792,795,823,857,869,881,892,901,906,908,927,942,953,1000,1032,1035,1068,1070",0.000285328357642379,FALSE,67,0,87,67,20,0.770114942528736,1
"lasso.cv",12,700,0.33,"TRUE","TRUE","FALSE","20.0993220925899","0.00142574793408339","20.0978963446558","12.125","0.62","1.2","1,2,3,4,5,6,7,8,9,10,11,12,13,14,15,16,17,18,19,20,26,60,82,91,93,98,145,171,183,212,219,251,258,267,278,304,316,331,340,349,364,371,374,397,423,426,432,440,452,455,461,465,467,473,475,491,545,566,604,664,693,733,755,824,828,833,839,853,854,855,873,900,902,911,954,958,960,963,993,1000,1001,1004,1011,1022,1038,1050,1062,1070",0.000282996541238728,FALSE,68,0,88,68,20,0.772727272727273,1
"lasso.cv",13,700,0.33,"TRUE","TRUE","FALSE","20.1048694389672","0.00232701297562595","20.1025424259916","12.526","0.527","1.262","1,2,3,4,5,6,7,8,9,10,11,12,13,14,15,16,17,18,19,20,29,40,50,61,64,65,72,75,105,109,120,132,140,168,171,196,231,249,255,260,266,321,323,329,339,360,387,396,431,435,440,446,464,472,501,514,515,535,541,574,584,591,599,620,643,648,677,704,719,730,733,741,748,760,763,773,783,786,787,801,804,807,819,822,828,847,874,884,898,914,915,926,941,950,955,976,989,992,994,1001,1007,1027,1070",0.000363489903511107,FALSE,83,0,103,83,20,0.805825242718447,1
"lasso.cv",14,700,0.33,"TRUE","TRUE","FALSE","20.1141510852008","0.00129549265896727","20.1128555925418","12.781","0.502","1.203","1,2,3,4,5,6,7,8,9,10,11,12,13,14,15,16,17,18,19,20,22,26,64,89,90,95,105,125,133,173,210,222,241,242,284,293,339,351,363,374,376,392,419,435,436,440,457,490,501,509,517,552,556,563,564,572,582,591,614,619,629,633,651,661,666,672,703,707,732,733,742,786,792,800,816,843,854,856,871,872,888,898,901,903,933,935,937,941,966,967,977,984,986,993,1020,1040,1070",0.000231236504832872,FALSE,77,0,97,77,20,0.793814432989691,1
"lasso.cv",15,700,0.33,"TRUE","TRUE","FALSE","20.168802555883","0.0025701862526913","20.1662323696303","12.621","0.513","1.117","1,2,3,4,5,6,7,8,9,10,11,12,13,14,15,16,17,18,19,20,21,25,30,42,71,75,90,100,101,108,120,161,165,170,222,230,231,258,263,313,322,327,329,338,344,373,405,412,421,431,437,460,477,478,529,530,552,593,599,604,629,640,652,657,676,738,748,768,790,795,798,812,816,841,853,861,878,901,910,918,935,957,980,1041,1047,1059,1060,1066",0.000316250801714856,FALSE,68,0,88,68,20,0.772727272727273,1
"lasso.cv",16,700,0.33,"TRUE","TRUE","FALSE","20.1156141909142","0.00106654426203489","20.1145476466522","12.885","0.501","1.138","1,2,3,4,5,6,7,8,9,10,11,12,13,14,15,16,17,18,19,20,47,60,75,78,84,97,114,117,131,134,159,171,179,211,231,269,278,288,339,371,373,379,401,402,406,418,425,443,475,490,518,531,534,535,549,604,632,653,654,682,746,753,770,775,783,795,808,810,848,854,869,871,878,909,920,922,936,937,941,956,959,960,961,976,1001,1003,1039,1043,1046,1052",0.000247602524663123,FALSE,70,0,90,70,20,0.777777777777778,1
"lasso.cv",17,700,0.33,"TRUE","TRUE","FALSE","20.1067350747346","0.00136041948650029","20.1053746552481","12.466","0.515","1.15","1,2,3,4,5,6,7,8,9,10,11,12,13,14,15,16,17,18,19,20,41,69,77,89,95,98,109,111,127,157,174,191,197,210,216,230,251,256,320,322,323,345,349,373,401,431,440,446,462,471,481,484,530,531,567,570,573,579,587,588,645,655,656,661,671,696,700,707,720,724,732,764,770,824,827,849,855,886,887,899,911,914,923,925,926,940,972,975,981,1009,1052,1061",0.000304464003401171,FALSE,72,0,92,72,20,0.782608695652174,1
"lasso.cv",18,700,0.33,"TRUE","TRUE","FALSE","20.1422058104564","0.00101521293529664","20.1411905975211","13.012","0.505","1.253","1,2,3,4,5,6,7,8,9,10,11,12,13,14,15,16,17,18,19,20,34,97,98,100,142,157,191,194,201,208,211,216,221,230,244,248,249,250,263,279,283,287,357,401,446,450,455,470,494,511,529,535,546,567,571,574,609,614,617,622,630,643,657,666,670,705,722,733,734,781,822,839,845,854,866,868,871,901,928,950,961,971,991,995,1001,1013,1032,1055",0.000319781743115831,FALSE,68,0,88,68,20,0.772727272727273,1
"lasso.cv",19,700,0.33,"TRUE","TRUE","FALSE","20.100704201874","0.0017338857995057","20.0989703160745","12.666","0.507","1.189","1,2,3,4,5,6,7,8,9,10,11,12,13,14,15,16,17,18,19,20,22,31,33,34,40,73,82,104,105,167,222,230,253,255,263,278,329,387,407,417,422,440,441,452,503,526,539,540,553,567,572,584,596,601,617,619,624,632,634,643,650,654,658,665,670,696,703,719,727,740,778,794,800,802,823,846,851,859,874,885,891,908,911,941,956,961,972,988,992,1007,1010,1021,1030,1047,1052",0.000304498174517629,FALSE,75,0,95,75,20,0.789473684210526,1
"lasso.cv",2,700,0.33,"TRUE","TRUE","FALSE","20.1159092923851","0.00110029651825187","20.1148089958669","12.676","0.515","1.213","1,2,3,4,5,6,7,8,9,10,11,12,13,14,15,16,17,18,19,20,36,55,70,80,106,110,125,191,209,230,240,258,262,266,275,286,308,340,355,362,363,396,411,417,420,467,474,481,503,511,524,535,543,551,611,612,630,645,657,659,661,676,684,703,719,733,752,753,772,782,783,796,832,848,849,871,878,879,898,906,953,972,990,1000,1011,1032",0.000298424938199869,FALSE,66,0,86,66,20,0.767441860465116,1
"lasso.cv",20,700,0.33,"TRUE","TRUE","FALSE","20.1065689302076","0.00684821587737767","20.0997207143303","12.91","0.513","1.209","1,2,3,4,5,6,7,8,9,10,11,12,13,14,15,16,17,18,19,20,26,27,31,34,36,96,100,117,124,131,171,175,178,185,203,209,218,234,269,271,286,318,325,328,335,338,342,345,360,376,399,412,427,434,449,455,468,543,551,552,582,608,620,632,641,658,690,692,730,740,744,748,768,784,787,856,862,871,874,881,890,893,924,948,949,954,995,1005,1019,1020,1036,1052,1065",0.000311673223487863,FALSE,73,0,93,73,20,0.78494623655914,1
"lasso.cv",21,700,0.33,"TRUE","TRUE","FALSE","20.1089919999589","0.00450948187908088","20.1044825180798","12.697","0.499","1.198","1,2,3,4,5,6,7,8,9,10,11,12,13,14,15,16,17,18,19,20,21,29,32,33,41,45,73,76,80,101,110,115,149,178,205,210,224,235,240,248,251,277,363,387,400,404,426,428,438,461,465,507,524,535,575,582,606,674,687,693,698,712,747,748,766,774,778,783,793,861,873,898,904,914,923,929,934,960,961,978,979,1030,1051,1065",0.000282945682290699,FALSE,64,0,84,64,20,0.761904761904762,1
"lasso.cv",22,700,0.33,"TRUE","TRUE","FALSE","20.3776292975073","0.00154838610005719","20.3760809114072","15.561","0.466","1.081","1,2,3,4,5,6,7,8,9,10,11,12,13,14,15,16,17,18,19,20,40,46,51,100,101,102,128,141,163,184,204,256,258,275,313,322,326,337,345,350,360,376,386,420,447,474,483,550,552,563,574,588,620,673,767,769,787,809,835,841,852,861,884,893,912,913,966,970,971,993,1007,1050",0.000155661199205743,FALSE,52,0,72,52,20,0.722222222222222,1
"lasso.cv",23,700,0.33,"TRUE","TRUE","FALSE","20.1341881352908","0.00154657038078009","20.13264156491","12.714","0.495","1.207","1,2,3,4,5,6,7,8,9,10,11,12,13,14,15,16,17,18,19,20,23,29,45,59,90,125,131,152,167,188,222,227,270,276,282,298,300,326,337,350,377,389,398,417,433,444,456,457,465,467,475,476,515,521,524,551,566,569,574,604,630,664,684,700,744,761,764,766,781,783,796,824,827,828,841,872,894,896,900,906,918,941,949,951,955,986,999,1028,1041,1065,1070",0.00027203163092751,FALSE,71,0,91,71,20,0.78021978021978,1
"lasso.cv",24,700,0.33,"TRUE","TRUE","FALSE","20.1716626460339","0.00125127309620797","20.1704113729376","12.714","0.512","1.158","1,2,3,4,5,6,7,8,9,10,11,12,13,14,15,16,17,18,19,20,21,41,43,57,59,76,91,92,97,98,105,106,109,111,118,174,187,194,232,237,240,252,293,304,313,353,360,362,379,386,393,441,487,514,528,572,612,614,615,620,707,746,751,752,776,789,791,797,800,857,894,910,917,930,965,1021,1043,1052,1060",0.000262529017009823,FALSE,59,0,79,59,20,0.746835443037975,1
"lasso.cv",25,700,0.33,"TRUE","TRUE","FALSE","20.1237048199922","0.00145455617809656","20.1222502638141","12.541","0.52","1.222","1,2,3,4,5,6,7,8,9,10,11,12,13,14,15,16,17,18,19,20,30,31,53,71,75,90,100,139,148,179,185,209,212,230,241,263,266,294,327,331,348,360,361,400,405,406,441,445,457,464,513,530,547,548,567,571,607,619,620,627,639,657,666,671,674,699,721,785,795,815,846,859,892,895,897,902,920,929,951,967,993,1005,1015,1049,1050,1064",0.000303235954660287,FALSE,66,0,86,66,20,0.767441860465116,1
"lasso.cv",26,700,0.33,"TRUE","TRUE","FALSE","19.5406751885967","0.0011976426595332","19.5394775459371","14.656","0.51","1.176","1,2,3,4,5,6,7,8,9,10,11,12,13,14,15,16,17,18,19,20,41,90,97,98,125,140,141,142,150,151,156,184,202,248,249,259,284,308,336,344,346,353,357,360,362,371,379,392,395,397,398,432,433,439,443,449,453,456,469,535,566,581,606,618,642,645,664,677,688,707,715,718,719,728,768,772,773,775,795,797,816,817,832,841,851,856,861,885,908,929,946,978,987,1015,1025,1054,1066",0.000346744918382595,FALSE,77,0,97,77,20,0.793814432989691,1
"lasso.cv",27,700,0.33,"TRUE","TRUE","FALSE","20.2757075127557","0.00233087536261353","20.2733766373931","14.969","0.581","1.282","1,2,3,4,5,6,7,8,9,10,11,12,13,14,15,16,17,18,19,20,29,39,41,75,77,94,97,118,148,158,164,165,187,190,191,217,251,254,357,374,379,394,400,420,456,486,493,507,529,530,608,620,639,686,697,707,716,720,731,752,756,766,768,773,774,795,857,866,890,909,936,946,976,1047,1062",0.000281273070329815,FALSE,55,0,75,55,20,0.733333333333333,1
"lasso.cv",28,700,0.33,"TRUE","TRUE","FALSE","20.0870758032113","0.00192318373503931","20.0851526194762","11.737","0.503","1.139","1,2,3,4,5,6,7,8,9,10,11,12,13,14,15,16,17,18,19,20,23,38,75,81,104,131,133,160,171,191,209,254,258,284,285,304,325,326,333,339,348,372,387,464,486,511,544,554,576,620,625,630,632,664,668,699,707,718,719,728,750,792,817,825,836,841,847,861,871,895,898,905,908,933,951,953,957,961,970,984,986,994,1023,1067",0.000263787236649662,FALSE,64,0,84,64,20,0.761904761904762,1
"lasso.cv",29,700,0.33,"TRUE","TRUE","FALSE","20.1662711658484","0.00158608355814648","20.1646850822903","13.257","0.49","1.067","1,2,3,4,5,6,7,8,9,10,11,12,13,14,15,16,17,18,19,20,21,41,43,85,93,100,110,127,132,163,193,213,230,280,290,344,357,361,362,372,391,395,402,420,447,503,510,579,587,592,608,615,671,693,703,744,748,796,807,822,854,879,890,895,900,901,928,929,961,987,995,1003,1050,1056",0.000234031545931258,FALSE,54,0,74,54,20,0.72972972972973,1
"lasso.cv",3,700,0.33,"TRUE","TRUE","FALSE","20.1080815849963","0.00224223721413337","20.1058393477821","13.114","0.503","1.211","1,2,3,4,5,6,7,8,9,10,11,12,13,14,15,16,17,18,19,20,31,33,59,60,75,81,94,101,109,115,116,168,187,192,202,212,220,238,245,252,263,265,269,271,304,309,345,362,367,370,373,393,397,407,411,452,455,462,464,466,470,507,514,526,531,535,542,558,563,616,635,653,654,676,692,696,710,722,732,737,757,767,775,778,784,795,798,803,835,860,871,899,933,957,981,986,1008,1020,1067,1070",0.000299218247685439,FALSE,80,0,100,80,20,0.8,1
"lasso.cv",30,700,0.33,"TRUE","TRUE","FALSE","20.1675753464431","0.0022726030979973","20.1653027433451","12.864","0.517","1.178","1,2,3,4,5,6,7,8,9,10,11,12,13,14,15,16,17,18,19,20,25,27,29,49,77,78,91,99,104,152,162,169,198,222,225,231,241,242,268,279,281,316,326,328,340,342,343,367,370,390,393,405,406,407,438,449,463,496,534,548,550,553,565,615,654,673,694,773,775,784,795,799,817,834,845,852,858,867,868,894,901,902,940,948,973,976,982,993,1013,1016,1035,1048",0.000290812517482854,FALSE,72,0,92,72,20,0.782608695652174,1
"lasso.cv",31,700,0.33,"TRUE","TRUE","FALSE","20.1121684272051","0.0152634157718381","20.0969050114332","12.223","0.493","1.13","1,2,3,4,5,6,7,8,9,10,11,12,13,14,15,16,17,18,19,20,25,43,52,55,76,90,93,94,104,117,142,147,159,186,194,221,230,236,264,272,298,314,331,338,341,357,361,379,394,416,425,452,453,487,491,520,523,532,540,556,571,577,638,654,656,657,661,678,684,686,694,746,757,771,781,791,822,824,839,856,874,905,960,963,992,995,1066,1068",0.000266815721206622,FALSE,68,0,88,68,20,0.772727272727273,1
"lasso.cv",32,700,0.33,"TRUE","TRUE","FALSE","20.0925413783822","0.00111743557981193","20.0914239428024","12.676","0.5","1.227","1,2,3,4,5,6,7,8,9,10,11,12,13,14,15,16,17,18,19,20,30,41,54,55,58,65,82,96,99,118,135,181,196,205,209,249,265,290,301,322,334,371,400,403,410,411,423,431,435,455,469,529,531,554,576,592,606,614,619,646,657,659,668,730,733,752,755,768,791,796,827,854,857,871,900,917,924,956,961,962,994,1018,1028,1031,1041,1052",0.000231503040898243,FALSE,66,0,86,66,20,0.767441860465116,1
"lasso.cv",33,700,0.33,"TRUE","TRUE","FALSE","20.187744542033","0.00124894146501835","20.186495600568","13.649","0.526","1.325","1,2,3,4,5,6,7,8,9,10,11,12,13,14,15,16,17,18,19,20,40,46,50,56,111,114,120,124,144,157,162,165,168,232,237,241,246,252,256,260,263,267,278,290,300,327,331,337,349,366,419,447,460,464,481,482,515,516,524,599,614,616,628,633,644,650,655,674,676,688,701,716,739,751,757,763,778,800,831,850,852,856,861,865,885,892,896,898,905,907,937,941,948,961,978,979,989,1007,1016,1021,1041,1059",0.000370219332034605,FALSE,82,0,102,82,20,0.803921568627451,1
"lasso.cv",34,700,0.33,"TRUE","TRUE","FALSE","20.0883721063102","0.00172662232187821","20.0866454839883","12.264","0.505","1.207","1,2,3,4,5,6,7,8,9,10,11,12,13,14,15,16,17,18,19,20,27,35,42,44,59,60,88,91,113,117,144,146,147,148,196,201,210,252,255,287,300,308,320,321,341,343,374,394,406,464,467,476,479,482,484,491,502,507,514,531,587,619,627,637,643,672,701,713,761,770,781,785,805,815,825,827,832,855,870,883,909,926,933,937,942,953,1047,1057",0.000273087563066328,FALSE,68,0,88,68,20,0.772727272727273,1
"lasso.cv",35,700,0.33,"TRUE","TRUE","FALSE","20.1476544049773","0.00273725486097616","20.1449171501163","12.724","0.508","1.156","1,2,3,4,5,6,7,8,9,10,11,12,13,14,15,16,17,18,19,20,29,41,57,93,98,101,116,139,140,157,184,209,248,255,276,279,288,318,325,339,360,362,411,425,435,464,471,511,529,587,599,607,617,622,623,631,646,654,659,676,686,699,718,725,749,761,786,787,806,818,843,870,871,895,916,925,960,984,1007,1013,1021,1022,1041,1050,1065",0.000220777214163279,FALSE,65,0,85,65,20,0.764705882352941,1
"lasso.cv",36,700,0.33,"TRUE","TRUE","FALSE","20.1059730774879","0.00457954823116256","20.1013935292568","13.413","0.503","1.137","1,2,3,4,5,6,7,8,9,10,11,12,13,14,15,16,17,18,19,20,30,55,103,115,127,141,150,171,180,236,251,271,288,294,295,304,357,389,403,422,426,440,462,464,482,493,503,534,535,551,584,592,608,614,622,632,644,723,756,760,762,778,794,806,826,854,858,888,896,924,946,971,986,992,993,1000,1019,1022,1031",0.000285961037952028,FALSE,59,0,79,59,20,0.746835443037975,1
"lasso.cv",37,700,0.33,"TRUE","TRUE","FALSE","20.1301144003684","0.000943664244075498","20.1291707361243","12.948","0.501","1.115","1,2,3,4,5,6,7,8,9,10,11,12,13,14,15,16,17,18,19,20,36,41,65,73,80,116,120,124,130,144,149,171,176,197,200,204,222,228,231,247,251,279,329,383,387,394,417,436,442,464,479,482,511,522,531,539,551,555,559,578,594,691,692,726,730,733,746,750,770,777,805,895,914,946,962,966,987,988,1017,1023,1032",0.000197883792896575,FALSE,61,0,81,61,20,0.753086419753086,1
"lasso.cv",38,700,0.33,"TRUE","TRUE","FALSE","20.1388599394814","0.00111441039692237","20.1377455290845","13.436","0.47","1.197","1,2,3,4,5,6,7,8,9,10,11,12,13,14,15,16,17,18,19,20,42,72,80,87,100,110,163,224,232,247,250,262,278,345,357,373,418,440,445,451,458,464,470,536,540,577,627,636,645,648,671,673,725,751,752,785,820,825,838,848,893,906,923,929,987,999,1003,1032,1047",0.000261384472965059,FALSE,49,0,69,49,20,0.710144927536232,1
"lasso.cv",39,700,0.33,"TRUE","TRUE","FALSE","20.1541764162756","0.00347285648999456","20.1507035597856","12.352","0.502","1.119","1,2,3,4,5,6,7,8,9,10,11,12,13,14,15,16,17,18,19,20,30,35,59,66,115,119,134,152,171,183,188,193,195,197,234,240,248,250,279,287,334,349,351,364,369,388,438,440,441,444,449,464,496,515,529,551,579,587,611,648,653,696,718,734,741,748,761,768,775,783,885,891,896,917,948,995,1013,1019,1028,1030,1050,1056,1064",0.000214369803200027,FALSE,63,0,83,63,20,0.759036144578313,1
"lasso.cv",4,700,0.33,"TRUE","TRUE","FALSE","20.1011554414155","0.000915510129220175","20.1002399312863","12.631","0.54","1.209","1,2,3,4,5,6,7,8,9,10,11,12,13,14,15,16,17,18,19,20,61,75,76,77,90,98,99,119,125,134,187,266,292,307,317,320,326,339,343,354,357,360,367,379,411,432,437,438,499,511,515,549,556,620,625,627,696,731,751,760,800,806,837,848,857,859,865,867,869,870,887,900,911,960,961,986,995,1003,1006,1023,1056",0.000210311337790541,FALSE,61,0,81,61,20,0.753086419753086,1
"lasso.cv",40,700,0.33,"TRUE","TRUE","FALSE","20.2022740115936","0.00113259410522617","20.2011414174884","13.741","0.521","1.269","1,2,3,4,5,6,7,8,9,10,11,12,13,14,15,16,17,18,19,20,29,44,63,69,83,90,94,131,138,175,204,210,220,244,279,328,333,356,357,408,419,422,441,445,460,475,500,507,539,544,553,556,586,618,619,620,632,655,665,674,685,746,748,750,753,755,773,797,802,804,822,825,830,836,854,861,878,893,898,912,923,948,949,984,996,999,1001,1007,1010,1013,1047,1056,1057",0.000338402453542333,FALSE,73,0,93,73,20,0.78494623655914,1
"lasso.cv",41,700,0.33,"TRUE","TRUE","FALSE","20.0999217092385","0.00132156394917165","20.0986001452893","12.695","0.527","1.265","1,2,3,4,5,6,7,8,9,10,11,12,13,14,15,16,17,18,19,20,54,59,63,77,98,104,112,124,129,140,151,162,163,168,183,197,202,210,214,230,241,246,251,263,281,311,316,322,324,364,365,389,390,403,405,462,475,488,531,542,552,563,567,611,618,658,661,682,692,694,702,710,730,732,733,744,749,751,756,785,789,809,831,841,860,923,941,944,981,986,999,1022,1026,1048,1050",0.000282108348290337,FALSE,75,0,95,75,20,0.789473684210526,1
"lasso.cv",42,700,0.33,"TRUE","TRUE","FALSE","20.2191993542864","0.00124379157232759","20.2179555627141","13.611","0.5","1.177","1,2,3,4,5,6,7,8,9,10,11,12,13,14,15,16,17,18,19,20,41,55,59,77,94,100,123,125,175,177,235,260,266,273,324,346,384,396,414,459,504,529,535,540,543,575,584,600,614,621,625,627,645,648,653,654,664,670,674,683,684,706,707,732,747,763,790,791,792,813,816,818,824,854,858,862,875,893,908,932,935,940,960,963,970,971,1006,1051,1054,1059",0.000282773019998207,FALSE,70,0,90,70,20,0.777777777777778,1
"lasso.cv",43,700,0.33,"TRUE","TRUE","FALSE","20.1800119433602","0.00569545247328374","20.1743164908869","12.908","0.489","1.069","1,2,3,4,5,6,7,8,9,10,11,12,13,14,15,16,17,18,19,20,38,40,73,91,98,105,168,199,249,253,255,270,271,272,317,321,323,331,338,341,342,350,360,402,419,425,453,494,534,648,654,741,797,799,832,855,857,859,861,883,888,896,917,937,947,957,960,963,995,1016,1034,1056",0.00017343326125451,FALSE,52,0,72,52,20,0.722222222222222,1
"lasso.cv",44,700,0.33,"TRUE","TRUE","FALSE","20.1040476655596","0.00105402368728985","20.1029936418723","11.878","0.503","1.119","1,2,3,4,5,6,7,8,9,10,11,12,13,14,15,16,17,18,19,20,51,81,84,99,111,112,130,176,211,218,264,266,271,278,286,340,353,387,416,421,438,451,531,539,551,559,564,569,571,573,630,654,656,670,672,678,705,707,725,742,751,755,761,778,813,843,860,879,885,888,894,896,899,903,929,932,980,981,1013,1016,1019,1023,1061",0.000254157443512465,FALSE,63,0,83,63,20,0.759036144578313,1
"lasso.cv",45,700,0.33,"TRUE","TRUE","FALSE","20.1399687304897","0.00147013139735484","20.1384985990923","13.776","0.488","1.152","1,2,3,4,5,6,7,8,9,10,11,12,13,14,15,16,17,18,19,20,21,54,57,69,82,128,131,168,171,173,178,196,201,266,269,278,285,287,303,323,328,344,361,393,396,463,503,535,540,550,575,606,650,653,654,692,715,746,753,781,791,823,824,832,838,839,847,851,852,881,960,969,979,983,995,1009,1048,1056,1060,1061,1068",0.000281797741814875,FALSE,61,0,81,61,20,0.753086419753086,1
"lasso.cv",46,700,0.33,"TRUE","TRUE","FALSE","20.0979144976145","0.00121778872580518","20.0966967088887","12.288","0.495","1.128","1,2,3,4,5,6,7,8,9,10,11,12,13,14,15,16,17,18,19,20,44,71,74,87,95,133,140,144,171,183,191,196,205,209,230,238,278,279,308,312,325,329,330,333,334,349,361,373,416,443,473,520,524,562,577,593,614,672,673,683,686,693,698,722,734,748,774,822,825,836,849,864,884,895,896,919,967,1017,1020,1033,1047",0.000238329296509896,FALSE,61,0,81,61,20,0.753086419753086,1
"lasso.cv",47,700,0.33,"TRUE","TRUE","FALSE","20.1859292735648","0.00134438661966528","20.1845848869451","12.732","0.492","1.06","1,2,3,4,5,6,7,8,9,10,11,12,13,14,15,16,17,18,19,20,35,70,78,97,113,157,206,228,273,292,293,300,326,333,355,362,366,377,378,394,431,455,464,495,530,551,567,587,617,637,690,692,717,747,748,757,770,775,820,832,852,855,866,896,899,907,909,912,917,957,961,968,1032,1041,1047,1054",0.000246811973049697,FALSE,56,0,76,56,20,0.736842105263158,1
"lasso.cv",48,700,0.33,"TRUE","TRUE","FALSE","20.1193147838901","0.00131872930064992","20.1179960545894","12.908","0.519","1.317","1,2,3,4,5,6,7,8,9,10,11,12,13,14,15,16,17,18,19,20,38,76,111,113,117,166,171,194,206,216,237,247,255,283,286,317,321,344,346,354,361,362,365,368,399,406,410,423,440,444,446,447,467,483,552,567,570,572,576,584,618,619,656,658,664,686,743,749,750,751,761,811,815,816,818,822,832,839,861,863,876,879,887,897,899,907,908,912,920,921,968,979,981,1019,1033,1049",0.000293986998287554,FALSE,76,0,96,76,20,0.791666666666667,1
"lasso.cv",49,700,0.33,"TRUE","TRUE","FALSE","20.1353617528181","0.000908939903611035","20.1344528129144","12.783","0.5","1.195","1,2,3,4,5,6,7,8,9,10,11,12,13,14,15,16,17,18,19,20,41,52,77,81,84,87,90,99,113,117,142,209,239,272,286,298,322,332,335,371,400,411,453,515,553,564,573,579,619,656,664,672,688,690,694,701,731,741,755,760,762,781,791,828,853,854,872,887,890,898,923,940,977,985,989,1014,1018,1035,1047",0.00032061168577485,FALSE,59,0,79,59,20,0.746835443037975,1
"lasso.cv",5,700,0.33,"TRUE","TRUE","FALSE","20.1401985775202","0.000914037025675448","20.1392845404945","12.2","0.49","1.192","1,2,3,4,5,6,7,8,9,10,11,12,13,14,15,16,17,18,19,20,77,82,86,102,117,126,137,156,163,197,200,210,218,230,232,258,278,279,329,330,378,424,438,484,489,505,515,522,523,524,529,531,532,546,550,552,611,612,628,641,644,646,648,673,686,696,725,732,737,811,833,845,861,866,877,883,896,922,923,964,978,994,1000,1014,1023,1024,1047,1050,1065",0.00030240560296963,FALSE,69,0,89,69,20,0.775280898876405,1
"lasso.cv",50,700,0.33,"TRUE","TRUE","FALSE","20.1272757431152","0.00133152786318832","20.125944215252","12.277","0.512","1.19","1,2,3,4,5,6,7,8,9,10,11,12,13,14,15,16,17,18,19,20,22,30,41,55,90,108,113,114,132,142,152,158,175,232,259,265,276,280,308,321,326,349,350,373,436,449,474,477,507,524,532,534,535,566,571,615,629,632,640,652,653,675,703,707,727,748,784,785,800,816,835,839,851,861,884,887,904,906,920,961,1017,1022,1037,1047,1052",0.000244524352375469,FALSE,65,0,85,65,20,0.764705882352941,1
"lasso.cv",51,700,0.33,"TRUE","TRUE","FALSE","20.1003290296468","0.00168779883021751","20.0986412308166","13.148","0.537","1.23","1,2,3,4,5,6,7,8,9,10,11,12,13,14,15,16,17,18,19,20,21,30,38,58,73,98,102,105,109,145,174,190,202,221,235,246,270,291,304,313,322,350,357,372,373,381,385,412,419,423,435,443,444,452,493,532,533,534,551,552,578,611,630,656,664,693,699,746,750,759,768,792,814,818,827,828,849,860,878,879,885,896,898,899,900,912,915,920,930,936,940,942,953,995,1003,1023",0.000247962158234455,FALSE,76,0,96,76,20,0.791666666666667,1
"lasso.cv",52,700,0.33,"TRUE","TRUE","FALSE","20.1045081735977","0.00133238383472931","20.103175789763","12.101","0.538","1.279","1,2,3,4,5,6,7,8,9,10,11,12,13,14,15,16,17,18,19,20,62,70,74,76,83,84,86,94,102,148,155,167,197,225,238,277,281,321,324,334,374,379,387,407,419,440,441,457,474,511,512,520,548,550,551,556,560,623,636,667,672,678,681,696,702,731,732,734,745,770,775,808,841,843,848,861,879,897,902,904,916,923,928,938,971,984,990,995,1035,1058,1059,1060,1067",0.000322242731098465,FALSE,73,0,93,73,20,0.78494623655914,1
"lasso.cv",53,700,0.33,"TRUE","TRUE","FALSE","20.1155740092037","0.00270436618117779","20.1128696430225","13.937","0.583","1.345","1,2,3,4,5,6,7,8,9,10,11,12,13,14,15,16,17,18,19,20,21,75,100,113,118,125,140,144,151,169,215,228,247,258,264,306,313,320,340,355,357,364,374,376,378,445,455,474,479,503,508,512,519,522,536,551,554,556,575,608,619,620,644,655,661,670,683,697,701,713,722,746,749,795,839,870,871,875,884,886,887,896,901,914,927,942,971,976,1006,1008,1028,1063,1070",0.000271650029934804,FALSE,73,0,93,73,20,0.78494623655914,1
"lasso.cv",54,700,0.33,"TRUE","TRUE","FALSE","20.1026776458672","0.00155563737590595","20.1011220084913","12.515","0.488","1.097","1,2,3,4,5,6,7,8,9,10,11,12,13,14,15,16,17,18,19,20,34,37,41,71,99,100,148,154,157,165,173,178,191,232,260,264,282,310,321,360,373,379,389,427,440,452,455,459,464,483,493,496,520,523,529,532,540,546,566,580,588,591,612,620,664,671,678,705,727,752,770,852,862,888,896,901,923,930,958,1012,1052,1065,1070",0.000252862694610145,FALSE,63,0,83,63,20,0.759036144578313,1
"lasso.cv",55,700,0.33,"TRUE","TRUE","FALSE","20.0967539678299","0.00607708929068761","20.0906768785392","12.148","0.502","1.132","1,2,3,4,5,6,7,8,9,10,11,12,13,14,15,16,17,18,19,20,21,34,37,49,78,105,116,120,121,124,135,136,147,175,202,206,222,285,287,301,304,307,312,326,336,337,338,346,352,365,370,376,388,389,396,399,400,403,423,435,468,493,524,532,550,584,595,615,617,620,628,634,648,651,669,676,704,746,751,752,765,783,784,811,848,852,860,868,871,874,879,914,926,932,970,1000,1032",0.00024658588284506,FALSE,77,0,97,77,20,0.793814432989691,1
"lasso.cv",56,700,0.33,"TRUE","TRUE","FALSE","20.1230680361153","0.00182438902778923","20.1212436470875","12.904","0.517","1.208","1,2,3,4,5,6,7,8,9,10,11,12,13,14,15,16,17,18,19,20,38,98,99,102,114,135,202,243,254,279,280,286,287,315,320,332,336,338,342,355,362,389,403,408,420,514,523,535,589,606,611,615,620,648,661,665,671,672,685,686,689,703,714,718,719,731,736,743,763,810,816,827,832,864,871,891,909,913,934,942,948,957,963,966,974,988,1001,1005,1011,1022,1043,1066,1070",0.000257637790250724,FALSE,73,0,93,73,20,0.78494623655914,1
"lasso.cv",57,700,0.33,"TRUE","TRUE","FALSE","20.0920348205965","0.00105480944862977","20.0909800111479","11.829","0.526","1.261","1,2,3,4,5,6,7,8,9,10,11,12,13,14,15,16,17,18,19,20,36,78,79,89,101,106,125,134,141,143,144,149,152,158,159,163,171,228,236,258,263,273,281,300,308,328,354,377,391,392,408,426,441,446,456,474,487,505,511,519,529,544,551,619,718,733,785,791,809,823,825,836,843,871,885,892,896,901,911,980,983,993,1019,1021,1024,1025,1028,1039,1047,1068,1069",0.000283391032022648,FALSE,71,0,91,71,20,0.78021978021978,1
"lasso.cv",58,700,0.33,"TRUE","TRUE","FALSE","20.121858128715","0.00260531416613001","20.1192528145489","13.068","0.506","1.106","1,2,3,4,5,6,7,8,9,10,11,12,13,14,15,16,17,18,19,20,40,55,80,87,97,98,109,113,123,142,144,176,190,196,203,211,250,284,287,357,361,407,425,461,469,501,524,528,535,608,615,624,629,650,662,674,700,720,723,730,740,751,785,799,808,816,825,828,851,864,878,892,896,912,979,981,988,1019,1022,1027,1057",0.000232728500831226,FALSE,61,0,81,61,20,0.753086419753086,1
"lasso.cv",59,700,0.33,"TRUE","TRUE","FALSE","20.1261761578509","0.00273227900335452","20.1234438788476","12.391","0.475","1.059","1,2,3,4,5,6,7,8,9,10,11,12,13,14,15,16,17,18,19,20,29,36,45,57,67,98,100,121,129,168,190,196,200,201,211,274,307,327,342,364,378,393,401,402,447,452,477,505,534,588,591,619,685,696,733,757,768,781,795,799,805,863,890,920,939,951,955,961,979,982,1000,1001,1017,1030,1049",0.000181439525316244,FALSE,55,0,75,55,20,0.733333333333333,1
"lasso.cv",6,700,0.33,"TRUE","TRUE","FALSE","20.0986841253995","0.00124862927053063","20.0974354961289","12.363","0.508","1.264","1,2,3,4,5,6,7,8,9,10,11,12,13,14,15,16,17,18,19,20,44,59,71,74,76,87,97,98,101,130,138,142,164,171,187,198,209,211,213,228,234,260,279,292,298,360,373,374,379,387,406,423,488,503,505,523,530,567,578,580,591,620,638,639,660,672,693,696,699,703,721,724,744,751,763,773,786,787,794,795,812,841,846,851,856,915,923,948,954,979,1019,1020,1021,1050,1053,1056",0.000293773298442761,FALSE,76,0,96,76,20,0.791666666666667,1
"lasso.cv",60,700,0.33,"TRUE","TRUE","FALSE","20.1259418311732","0.00184532486051339","20.1240965063127","12.532","0.501","1.162","1,2,3,4,5,6,7,8,9,10,11,12,13,14,15,16,17,18,19,20,25,58,71,84,88,98,140,148,165,216,227,259,288,321,339,345,349,359,362,374,379,393,417,449,460,463,492,503,515,516,535,544,640,649,658,668,680,701,726,740,750,769,778,782,786,791,795,816,866,867,878,881,886,888,914,920,925,929,940,982,1017",0.000239693663694797,FALSE,61,0,81,61,20,0.753086419753086,1
"lasso.cv",61,700,0.33,"TRUE","TRUE","FALSE","20.1486025440689","0.001483059872254","20.1471194841967","13.239","0.474","1.055","1,2,3,4,5,6,7,8,9,10,11,12,13,14,15,16,17,18,19,20,30,36,51,57,63,84,98,117,145,151,171,183,205,232,273,289,303,311,324,343,357,376,431,446,505,523,529,537,551,569,571,580,583,628,703,707,732,770,773,777,785,796,809,825,838,843,849,851,853,854,872,894,898,913,929,954,973,985,987,1007,1032,1034,1061,1070",0.000237721445633178,FALSE,64,0,84,64,20,0.761904761904762,1
"lasso.cv",62,700,0.33,"TRUE","TRUE","FALSE","20.0929984252563","0.0014675444387156","20.0915308808175","13.762","0.494","1.168","1,2,3,4,5,6,7,8,9,10,11,12,13,14,15,16,17,18,19,20,21,31,35,52,88,94,138,187,189,190,192,232,242,262,280,322,325,345,350,370,372,385,392,400,459,461,465,475,503,522,523,545,595,615,638,645,653,683,700,724,725,726,741,748,750,792,797,823,832,839,846,856,886,892,901,911,916,930,940,971,999,1035,1047,1057,1059,1060",0.000276012009245766,FALSE,66,0,86,66,20,0.767441860465116,1
"lasso.cv",63,700,0.33,"TRUE","TRUE","FALSE","20.3119605371886","0.00137904948395085","20.3105814877046","13.553","0.502","1.162","1,2,3,4,5,6,7,8,9,10,11,12,13,14,15,16,17,18,19,20,22,39,42,63,94,98,148,174,179,183,227,233,260,273,299,331,340,403,416,418,427,431,450,453,454,473,481,524,526,530,533,538,549,562,567,577,672,676,677,686,696,736,740,741,748,752,769,773,774,782,787,814,823,843,871,874,881,891,908,910,970,994,1007,1032,1053",0.000177966866845568,FALSE,65,0,85,65,20,0.764705882352941,1
"lasso.cv",64,700,0.33,"TRUE","TRUE","FALSE","20.2330203429041","0.00190463400144172","20.2311157089026","13.615","0.498","1.142","1,2,3,4,5,6,7,8,9,10,11,12,13,14,15,16,17,18,19,20,43,73,89,92,98,108,114,138,144,160,193,205,225,238,279,284,294,308,317,324,349,357,407,440,441,461,465,474,523,559,612,632,673,683,688,705,720,745,746,760,777,781,814,815,816,855,885,893,910,912,962,973,992,1004,1018,1020",0.000169315310488432,FALSE,56,0,76,56,20,0.736842105263158,1
"lasso.cv",65,700,0.33,"TRUE","TRUE","FALSE","20.0992555669958","0.00115781452662906","20.0980977524692","12.478","0.53","1.249","1,2,3,4,5,6,7,8,9,10,11,12,13,14,15,16,17,18,19,20,75,76,94,96,134,145,153,190,194,202,228,240,248,264,271,304,353,356,376,402,425,426,440,442,474,476,494,503,505,507,529,535,543,574,583,619,620,623,625,636,664,678,684,686,687,696,702,703,733,746,770,773,817,820,825,831,844,847,853,857,864,871,899,906,909,912,913,943,948,971,974,977,979,984,995,1068,1070",0.000343185041573731,FALSE,77,0,97,77,20,0.793814432989691,1
"lasso.cv",66,700,0.33,"TRUE","TRUE","FALSE","20.1043062279213","0.00143800305671811","20.1028682248646","12.208","0.506","1.171","1,2,3,4,5,6,7,8,9,10,11,12,13,14,15,16,17,18,19,20,21,34,81,85,98,99,100,101,133,148,182,210,230,236,271,279,302,315,318,403,408,414,420,425,476,511,529,543,544,552,570,620,621,638,658,660,699,711,731,748,749,763,767,775,778,787,807,810,824,827,831,848,854,909,912,933,954,971,980,1010,1011,1017,1022,1025,1033,1057,1061",0.00028231861390173,FALSE,67,0,87,67,20,0.770114942528736,1
"lasso.cv",67,700,0.33,"TRUE","TRUE","FALSE","20.1844822251387","0.00213459601898451","20.1823476291197","13.034","0.512","1.104","1,2,3,4,5,6,7,8,9,10,11,12,13,14,15,16,17,18,19,20,24,41,50,59,62,64,71,100,116,155,173,186,196,198,241,254,263,288,321,352,355,357,365,388,399,440,488,490,504,511,517,529,530,539,545,562,566,582,587,591,619,622,665,699,744,751,758,774,791,801,808,853,857,906,909,923,938,941,946,955,973,975,981,985,1003,1008,1064",0.000222275024548244,FALSE,67,0,87,67,20,0.770114942528736,1
"lasso.cv",68,700,0.33,"TRUE","TRUE","FALSE","20.2347592141918","0.00145284785271296","20.2333063663391","13.802","0.508","1.102","1,2,3,4,5,6,7,8,9,10,11,12,13,14,15,16,17,18,19,20,23,70,124,128,130,131,158,168,169,187,201,215,223,227,235,236,238,287,333,347,364,374,391,394,408,424,440,454,520,552,578,608,620,627,629,643,644,666,672,717,719,732,734,765,785,804,816,823,827,835,852,897,910,923,929,968,970,979,990,1021,1039,1047,1056,1061,1065,1070",0.000274457507411128,FALSE,66,0,86,66,20,0.767441860465116,1
"lasso.cv",69,700,0.33,"TRUE","TRUE","FALSE","20.0998677588748","0.00132392334161139","20.0985438355332","12.531","0.495","1.06","1,2,3,4,5,6,7,8,9,10,11,12,13,14,15,16,17,18,19,20,59,66,81,96,127,131,134,170,175,196,205,211,217,221,241,271,276,283,285,347,353,373,394,398,416,431,449,452,531,578,586,588,612,626,630,674,696,732,757,759,760,769,780,795,818,825,831,857,869,881,890,891,909,913,940,947,953,958,976,997,1019,1025,1032,1047,1068,1070",0.00020807522375196,FALSE,66,0,86,66,20,0.767441860465116,1
"lasso.cv",7,700,0.33,"TRUE","TRUE","FALSE","20.2102073391912","0.00102862071639926","20.2091787184748","14.082","0.482","1.041","1,2,3,4,5,6,7,8,9,10,11,12,13,14,15,16,17,18,19,20,21,40,41,76,104,162,169,186,187,193,253,263,279,340,345,357,364,374,383,395,446,459,463,491,517,578,603,615,616,620,627,657,674,679,693,714,743,751,765,810,816,836,838,843,871,876,910,937,961,1003,1009,1020,1028",0.000146012453877841,FALSE,53,0,73,53,20,0.726027397260274,1
"lasso.cv",70,700,0.33,"TRUE","TRUE","FALSE","20.1176402615273","0.00243644671492222","20.1152038148124","13.29","0.498","1.12","1,2,3,4,5,6,7,8,9,10,11,12,13,14,15,16,17,18,19,20,21,34,49,56,88,95,112,117,144,193,263,264,279,290,291,303,313,319,337,343,379,400,410,419,421,455,488,504,517,522,540,566,581,608,612,615,633,636,661,662,690,691,699,709,714,718,721,737,747,771,810,822,837,839,858,861,862,898,901,953,961,963,991,1037,1038,1063",0.000212227059745802,FALSE,66,0,86,66,20,0.767441860465116,1
"lasso.cv",71,700,0.33,"TRUE","TRUE","FALSE","20.1064182247613","0.00155219724700754","20.1048660275143","12.502","0.514","1.26","1,2,3,4,5,6,7,8,9,10,11,12,13,14,15,16,17,18,19,20,29,61,69,80,83,90,97,113,144,147,168,171,175,187,191,241,242,257,339,340,342,364,391,393,397,407,421,425,460,465,471,518,519,524,529,534,548,593,624,631,654,666,673,682,706,715,726,734,748,762,764,769,787,803,804,816,826,827,835,836,857,869,872,878,929,933,938,971,995,1006,1011,1015,1023,1039,1046,1050,1061,1064,1070",0.000347887997293298,FALSE,79,0,99,79,20,0.797979797979798,1
"lasso.cv",72,700,0.33,"TRUE","TRUE","FALSE","20.0931139765464","0.00685408374471531","20.0862598928017","12.364","0.495","1.176","1,2,3,4,5,6,7,8,9,10,11,12,13,14,15,16,17,18,19,20,35,40,44,73,115,127,142,149,185,214,246,258,271,279,337,340,343,345,362,378,397,400,416,420,424,438,440,446,457,460,505,508,510,520,546,547,557,571,572,580,665,684,687,696,733,738,762,785,790,797,798,816,830,831,846,854,860,876,885,899,957,958,980,1018,1022,1023,1047,1052",0.000252430115663123,FALSE,68,0,88,68,20,0.772727272727273,1
"lasso.cv",73,700,0.33,"TRUE","TRUE","FALSE","20.2126609283987","0.00114222907163559","20.2115186993271","13.953","0.504","1.117","1,2,3,4,5,6,7,8,9,10,11,12,13,14,15,16,17,18,19,20,27,41,49,80,81,91,93,94,99,126,143,171,186,201,227,238,245,252,277,288,322,327,329,401,406,449,452,453,481,524,534,536,570,571,591,634,687,690,723,753,754,757,774,786,820,827,891,900,946,949,957,966,1001,1003,1038,1046,1052",0.000227878330652799,FALSE,57,0,77,57,20,0.74025974025974,1
"lasso.cv",74,700,0.33,"TRUE","TRUE","FALSE","20.0989614109042","0.00132089004213246","20.097640520862","12.879","0.502","1.064","1,2,3,4,5,6,7,8,9,10,11,12,13,14,15,16,17,18,19,20,27,37,41,49,59,67,73,76,80,90,96,100,120,150,167,178,190,224,240,286,322,323,344,350,378,379,382,389,399,403,416,421,426,442,444,457,462,482,488,502,507,515,571,589,616,644,655,690,699,731,733,761,772,807,816,833,860,871,914,953,989,1001,1016,1052,1070",0.00022014448025679,FALSE,65,0,85,65,20,0.764705882352941,1
"lasso.cv",75,700,0.33,"TRUE","TRUE","FALSE","20.1382352180422","0.0020175844037009","20.1362176336385","12.084","0.498","1.134","1,2,3,4,5,6,7,8,9,10,11,12,13,14,15,16,17,18,19,20,28,42,86,88,91,153,154,159,185,206,213,249,262,277,278,308,313,337,349,357,360,378,391,393,421,466,508,511,535,556,561,591,620,630,638,640,645,648,655,666,678,689,705,714,722,735,749,757,761,795,805,858,883,890,897,899,901,940,1010,1023,1037,1046,1066",0.000264373620161292,FALSE,63,0,83,63,20,0.759036144578313,1
"lasso.cv",76,700,0.33,"TRUE","TRUE","FALSE","20.2857126392522","0.00152846448763364","20.2841841747646","15.141","0.533","1.233","1,2,3,4,5,6,7,8,9,10,11,12,13,14,15,16,17,18,19,20,37,41,42,57,76,84,104,115,117,122,128,132,136,152,169,184,187,211,236,263,306,328,338,353,361,367,377,389,399,412,416,437,441,447,465,475,500,505,511,513,524,529,571,572,591,598,632,655,665,682,686,699,712,719,720,736,741,763,769,770,772,778,788,792,795,801,861,896,898,903,904,910,914,923,926,936,943,945,955,961,971,987,1004,1006,1022,1023,1059",0.000336120862748968,FALSE,87,0,107,87,20,0.813084112149533,1
"lasso.cv",77,700,0.33,"TRUE","TRUE","FALSE","20.2575562852388","0.00259873588125078","20.2549575493575","13.892","0.509","1.135","1,2,3,4,5,6,7,8,9,10,11,12,13,14,15,16,17,18,19,20,23,24,33,40,47,61,71,113,139,166,189,220,238,258,260,278,281,314,328,362,373,385,446,481,507,524,529,587,589,614,615,618,619,699,703,714,743,746,751,752,771,778,792,797,810,839,841,848,859,872,879,881,940,952,960,965,979,996,1056",0.000267305696140926,FALSE,59,0,79,59,20,0.746835443037975,1
"lasso.cv",78,700,0.33,"TRUE","TRUE","FALSE","20.3255959317886","0.00145072298670002","20.3241452088019","14.241","0.495","1.165","1,2,3,4,5,6,7,8,9,10,11,12,13,14,15,16,17,18,19,20,34,82,90,105,117,155,157,211,222,230,254,256,273,280,284,304,313,345,374,421,426,434,440,443,447,449,462,469,503,534,542,549,571,574,587,598,615,622,650,658,686,717,733,734,744,787,808,823,831,845,846,863,881,891,929,957,979,987,1026,1053",0.000222284153676328,FALSE,60,0,80,60,20,0.75,1
"lasso.cv",79,700,0.33,"TRUE","TRUE","FALSE","20.0926902614635","0.00265668098813693","20.0900335804754","14.272","0.56","1.191","1,2,3,4,5,6,7,8,9,10,11,12,13,14,15,16,17,18,19,20,29,42,49,57,76,81,128,131,132,160,175,176,184,197,244,257,258,282,283,292,307,308,309,340,341,358,367,374,408,413,423,436,501,514,517,552,556,563,577,620,636,650,670,676,684,697,703,723,732,735,743,772,773,798,805,843,861,867,868,884,893,936,938,944,965,979,1029,1037,1051,1053",0.00024848910196014,FALSE,70,0,90,70,20,0.777777777777778,1
"lasso.cv",8,700,0.33,"TRUE","TRUE","FALSE","20.1564050532129","0.00176464503176973","20.1546404081812","12.644","0.497","1.177","1,2,3,4,5,6,7,8,9,10,11,12,13,14,15,16,17,18,19,20,22,23,65,75,84,148,164,181,197,218,222,240,278,287,290,320,325,326,329,331,360,387,392,394,400,431,451,469,502,515,522,537,571,598,613,614,621,640,654,656,666,686,741,764,772,782,795,817,818,838,855,896,898,910,911,928,954,958,970,973,977,981,988,1014,1018,1038,1060,1070",0.000219093407258326,FALSE,68,0,88,68,20,0.772727272727273,1
"lasso.cv",80,700,0.33,"TRUE","TRUE","FALSE","20.113961411498","0.00209682860980455","20.1118645828882","12.819","0.499","1.149","1,2,3,4,5,6,7,8,9,10,11,12,13,14,15,16,17,18,19,20,24,35,36,40,41,73,78,90,93,98,99,108,115,128,171,179,181,194,240,247,258,270,276,303,311,352,370,402,419,430,432,443,450,474,548,551,568,570,596,604,614,624,671,677,686,687,692,693,694,696,699,742,743,748,760,782,788,815,822,855,856,934,968,1047",0.000204683775775992,FALSE,64,0,84,64,20,0.761904761904762,1
"lasso.cv",81,700,0.33,"TRUE","TRUE","FALSE","20.107071989716","0.00135313300918717","20.1057188567068","12.563","0.518","1.182","1,2,3,4,5,6,7,8,9,10,11,12,13,14,15,16,17,18,19,20,110,117,121,141,148,150,166,179,191,193,204,244,248,263,271,302,332,333,340,349,399,421,524,529,552,564,565,569,578,588,612,613,625,648,672,673,732,745,777,780,781,794,814,825,833,835,836,854,857,858,860,864,879,898,914,922,941,948,956,986,987,992,1037,1043,1056,1059,1061",0.000260087897474318,FALSE,67,0,87,67,20,0.770114942528736,1
"lasso.cv",82,700,0.33,"TRUE","TRUE","FALSE","20.1109664274472","0.00115770459548528","20.1098087228517","13.38","0.535","1.228","1,2,3,4,5,6,7,8,9,10,11,12,13,14,15,16,17,18,19,20,37,49,73,77,88,104,117,141,175,179,199,205,206,234,249,263,267,278,287,304,323,328,339,355,375,387,443,452,454,496,519,523,529,544,573,617,619,647,671,672,673,684,719,775,780,785,813,816,826,832,855,867,878,881,897,910,952,956,960,963,966,971,981,984,995,1037,1039,1043,1053",0.000322465672068466,FALSE,69,0,89,69,20,0.775280898876405,1
"lasso.cv",83,700,0.33,"TRUE","TRUE","FALSE","20.1202583633009","0.00120474069332216","20.1190536226076","13.038","0.516","1.165","1,2,3,4,5,6,7,8,9,10,11,12,13,14,15,16,17,18,19,20,87,88,94,130,142,150,179,191,198,201,222,238,241,260,263,281,286,287,297,299,302,314,324,340,359,361,362,372,376,413,434,438,461,474,478,484,519,539,544,564,591,593,595,618,635,644,650,651,663,672,676,684,709,724,725,733,777,781,816,851,852,857,859,912,918,955,972,999,1013,1041,1042,1044",0.000329367089446353,FALSE,72,0,92,72,20,0.782608695652174,1
"lasso.cv",84,700,0.33,"TRUE","TRUE","FALSE","20.1568546670289","0.00458640123766738","20.1522682657913","12.793","0.488","1.177","1,2,3,4,5,6,7,8,9,10,11,12,13,14,15,16,17,18,19,20,23,30,33,46,55,57,61,71,103,125,163,202,250,278,279,283,301,358,364,371,373,395,400,452,474,483,503,509,515,540,564,581,615,670,673,695,705,722,746,770,791,816,822,825,838,859,887,893,914,953,976,993,1001,1003,1006,1007,1050,1061",0.000282177763904469,FALSE,58,0,78,58,20,0.743589743589744,1
"lasso.cv",85,700,0.33,"TRUE","TRUE","FALSE","20.115438624533","0.00175063048710292","20.1136879940459","12.794","0.576","1.278","1,2,3,4,5,6,7,8,9,10,11,12,13,14,15,16,17,18,19,20,30,35,66,69,81,93,127,131,132,135,150,177,190,230,254,258,281,290,322,328,329,341,350,400,401,441,457,460,461,469,561,569,588,593,604,613,614,650,657,696,732,756,762,772,778,791,792,807,856,865,898,900,909,914,916,921,934,936,937,961,979,995,1014,1027,1029,1050,1061",0.000271982225488059,FALSE,67,0,87,67,20,0.770114942528736,1
"lasso.cv",86,700,0.33,"TRUE","TRUE","FALSE","20.0871293846918","0.00132440335040898","20.0858049813414","12.574","0.508","1.177","1,2,3,4,5,6,7,8,9,10,11,12,13,14,15,16,17,18,19,20,21,40,72,73,81,99,108,120,139,160,176,196,204,207,230,234,263,292,293,296,335,373,377,496,498,501,524,529,530,616,617,651,665,683,701,723,739,750,751,771,787,795,813,822,854,872,878,885,892,897,905,923,966,982,995,999,1006,1025,1035,1036,1055,1060,1061",0.000226703007535285,FALSE,63,0,83,63,20,0.759036144578313,1
"lasso.cv",87,700,0.33,"TRUE","TRUE","FALSE","20.116875654151","0.00143664313243961","20.1154390110186","12.391","0.516","1.154","1,2,3,4,5,6,7,8,9,10,11,12,13,14,15,16,17,18,19,20,52,62,64,65,80,118,131,144,162,209,219,241,246,253,262,285,290,291,301,349,354,358,362,381,382,392,400,403,415,437,439,440,443,459,475,477,488,520,526,534,537,540,556,562,578,588,604,615,619,636,651,663,664,670,676,696,701,707,736,750,751,762,784,807,816,824,839,840,843,872,877,886,894,910,914,956,968,987,991,999,1025,1056",0.000258366793685029,FALSE,82,0,102,82,20,0.803921568627451,1
"lasso.cv",88,700,0.33,"TRUE","TRUE","FALSE","20.1210157848314","0.00182572318898801","20.1191900616424","13.308","0.507","1.192","1,2,3,4,5,6,7,8,9,10,11,12,13,14,15,16,17,18,19,20,40,50,67,78,100,115,128,146,154,163,171,200,248,258,267,288,304,318,336,364,376,398,400,402,413,440,450,515,569,581,594,597,604,615,616,620,663,673,684,701,721,744,746,766,775,778,790,827,831,835,841,848,851,898,904,905,909,937,961,966,982,1001,1013,1021,1028,1037",0.000299017092333285,FALSE,66,0,86,66,20,0.767441860465116,1
"lasso.cv",89,700,0.33,"TRUE","TRUE","FALSE","20.1492368861503","0.00164568688298463","20.1475911992673","12.781","0.512","1.19","1,2,3,4,5,6,7,8,9,10,11,12,13,14,15,16,17,18,19,20,40,57,59,88,95,97,101,106,131,151,156,157,171,176,182,187,190,199,201,222,234,258,266,272,333,344,374,385,392,462,501,508,546,549,550,572,591,601,618,652,653,654,655,664,696,707,718,726,748,762,772,783,831,835,846,855,871,891,904,906,912,953,979,980,1028,1049,1051",0.000276554657902038,FALSE,67,0,87,67,20,0.770114942528736,1
"lasso.cv",9,700,0.33,"TRUE","TRUE","FALSE","20.1011398554024","0.00100539065743094","20.1001344647449","12.957","0.507","1.196","1,2,3,4,5,6,7,8,9,10,11,12,13,14,15,16,17,18,19,20,41,72,80,105,116,169,173,183,194,201,254,262,269,284,290,306,328,338,348,374,387,446,454,465,491,503,520,524,535,543,556,588,609,626,631,692,713,743,753,774,775,803,827,835,839,845,871,908,923,925,935,947,970,1009,1050",0.000320880362821319,FALSE,55,0,75,55,20,0.733333333333333,1
"lasso.cv",90,700,0.33,"TRUE","TRUE","FALSE","20.1196694497678","0.0011124212198482","20.118557028548","13.217","0.525","1.321","1,2,3,4,5,6,7,8,9,10,11,12,13,14,15,16,17,18,19,20,30,41,57,61,77,78,82,88,91,99,102,106,117,134,149,150,152,156,185,211,250,251,255,285,287,294,325,329,354,356,366,373,376,398,401,443,468,469,470,474,480,481,483,490,497,523,546,589,606,611,620,624,643,653,656,662,685,702,732,752,756,757,776,783,785,789,798,811,816,822,824,827,828,881,898,906,915,920,924,940,944,948,950,958,986,989,1003,1007,1013,1025,1048,1057,1061",0.000329341042478595,FALSE,93,0,113,93,20,0.823008849557522,1
"lasso.cv",91,700,0.33,"TRUE","TRUE","FALSE","20.1732576374293","0.00712334338455285","20.1661342940448","12.985","0.508","1.048","1,2,3,4,5,6,7,8,9,10,11,12,13,14,15,16,17,18,19,20,21,87,88,110,123,165,192,215,244,253,255,273,292,355,364,372,374,414,422,454,460,515,524,530,532,535,548,550,551,555,563,615,618,700,721,764,781,792,798,804,816,833,838,841,871,893,898,912,923,957,990,1014,1019,1022,1037,1060,1063",0.00018848885368594,FALSE,57,0,77,57,20,0.74025974025974,1
"lasso.cv",92,700,0.33,"TRUE","TRUE","FALSE","20.1149983602335","0.00178973142531121","20.1132086288082","12.729","0.504","1.092","1,2,3,4,5,6,7,8,9,10,11,12,13,14,15,16,17,18,19,20,29,31,38,39,44,50,63,69,77,84,106,113,118,134,150,197,211,250,256,284,314,319,332,339,349,353,362,408,409,431,483,493,504,532,534,535,567,574,623,630,674,679,684,685,690,693,699,703,705,717,719,740,753,764,768,778,795,804,824,827,837,857,871,881,882,893,898,901,947,962,968,969,980,991,1003,1011,1016,1040,1047,1052,1070",0.000201414274715054,FALSE,81,0,101,81,20,0.801980198019802,1
"lasso.cv",93,700,0.33,"TRUE","TRUE","FALSE","20.116868496698","0.00150751396331882","20.1153609827346","12.906","0.522","1.208","1,2,3,4,5,6,7,8,9,10,11,12,13,14,15,16,17,18,19,20,23,68,79,88,99,106,123,124,140,169,175,176,206,209,215,240,250,256,270,276,277,282,290,321,330,332,345,374,400,414,420,423,439,441,473,474,476,478,487,492,500,540,550,551,569,574,577,614,632,644,657,661,676,692,696,698,702,713,719,753,760,768,804,813,817,822,841,843,861,864,893,900,937,957,970,971,982,990,991,995,1003,1005,1037,1047,1051",0.00029686955950059,FALSE,85,0,105,85,20,0.80952380952381,1
"lasso.cv",94,700,0.33,"TRUE","TRUE","FALSE","20.0898500045206","0.00123005868769223","20.088619945833","12.417","0.497","1.113","1,2,3,4,5,6,7,8,9,10,11,12,13,14,15,16,17,18,19,20,34,37,68,81,83,90,120,140,183,270,279,282,317,327,343,345,366,372,379,421,454,482,513,529,533,534,553,567,596,612,690,696,703,723,727,732,740,753,757,787,827,828,831,883,884,898,912,941,968,973,980,994,1021,1025,1029,1037,1040,1065,1066",0.000248093644178814,FALSE,59,0,79,59,20,0.746835443037975,1
"lasso.cv",95,700,0.33,"TRUE","TRUE","FALSE","20.1077284468808","0.00269350853936227","20.1050349383414","12.726","0.497","1.118","1,2,3,4,5,6,7,8,9,10,11,12,13,14,15,16,17,18,19,20,24,25,50,62,88,93,99,113,114,128,183,207,209,242,310,349,370,372,376,393,417,418,428,449,491,511,551,604,606,616,623,638,644,685,733,751,786,796,799,826,828,832,846,849,854,886,901,926,933,943,953,957,961,966,971,982,1047,1054,1064",0.000214218455935645,FALSE,59,0,79,59,20,0.746835443037975,1
"lasso.cv",96,700,0.33,"TRUE","TRUE","FALSE","20.1774327626771","0.00143637204879313","20.1759963906283","13.051","0.486","1.115","1,2,3,4,5,6,7,8,9,10,11,12,13,14,15,16,17,18,19,20,31,84,94,107,114,119,142,258,294,302,321,334,342,361,362,372,405,408,414,433,465,471,491,494,534,550,564,580,610,619,643,644,669,684,699,703,732,733,751,769,772,777,792,799,813,839,845,852,859,909,914,916,945,946,954,970,971,980,981,1018,1055,1056,1064",0.000276377080390268,FALSE,63,0,83,63,20,0.759036144578313,1
"lasso.cv",97,700,0.33,"TRUE","TRUE","FALSE","20.1119112048192","0.0018997905604051","20.1100114142588","12.493","0.503","1.202","1,2,3,4,5,6,7,8,9,10,11,12,13,14,15,16,17,18,19,20,34,55,61,78,103,136,140,185,191,197,198,214,234,246,251,265,266,273,288,308,348,367,373,376,387,391,426,440,476,505,549,569,578,581,583,607,619,620,621,627,630,696,730,743,768,810,824,830,837,857,874,877,885,888,914,921,927,949,961,968,974,977,982,1010,1018,1043,1061",0.000326324007017136,FALSE,67,0,87,67,20,0.770114942528736,1
"lasso.cv",98,700,0.33,"TRUE","TRUE","FALSE","20.2873658288619","0.00206555840296309","20.2853002704589","16.264","0.536","1.343","1,2,3,4,5,6,7,8,9,10,11,12,13,14,15,16,17,18,19,20,30,35,36,52,73,76,87,88,94,97,102,118,152,158,160,176,198,199,220,222,234,243,246,250,267,270,273,274,283,284,287,332,347,361,362,376,379,389,402,419,435,474,482,489,495,509,530,533,534,570,571,575,615,623,627,636,653,672,681,695,736,752,770,772,794,795,796,804,807,854,861,871,877,891,909,911,916,917,932,936,941,966,986,1003,1034,1037",0.000439108837714795,FALSE,86,0,106,86,20,0.811320754716981,1
"lasso.cv",99,700,0.33,"TRUE","TRUE","FALSE","20.1470863178214","0.00119647723771311","20.1458898405836","12.995","0.511","1.191","1,2,3,4,5,6,7,8,9,10,11,12,13,14,15,16,17,18,19,20,41,43,57,76,77,91,98,146,166,169,193,214,223,246,289,290,292,327,330,342,348,400,424,491,504,506,514,552,570,600,643,659,664,680,683,684,685,701,706,726,737,756,770,773,781,805,853,861,882,890,899,923,926,948,951,981,1011,1023,1025,1032,1050,1070",0.000225364894433062,FALSE,62,0,82,62,20,0.75609756097561,1
"S.A",1,700,0.33,"TRUE","TRUE","FALSE","20.126590702499","0.0016245756974117","20.1249661268016","14.561","0.559","1.256","1,2,3,4,5,6,7,8,9,10,11,12,13,14,15,16,17,18,19,20",6.74176319344161e-05,TRUE,0,0,20,0,20,0,1
"S.A",10,700,0.33,"TRUE","TRUE","FALSE","20.1172447123304","0.000980387406893565","20.1162643249235","12.922","0.501","1.203","1,2,3,4,5,6,7,8,9,10,11,12,13,14,15,16,17,18,19,20",5.39424731837775e-05,TRUE,0,0,20,0,20,0,1
"S.A",100,700,0.33,"TRUE","TRUE","FALSE","20.116937694478","0.00257991022745103","20.1143577842505","12.489","0.507","1.137","1,2,3,4,5,6,7,8,9,10,11,12,13,14,15,16,17,18,19,20",5.09795351155271e-05,TRUE,0,0,20,0,20,0,1
"S.A",11,700,0.33,"TRUE","TRUE","FALSE","20.1204301946995","0.00125568496988351","20.1191745097296","13.012","0.513","1.201","1,2,3,4,5,6,7,8,9,10,11,12,13,14,15,16,17,18,19,20",3.69836999496476e-05,TRUE,0,0,20,0,20,0,1
"S.A",12,700,0.33,"TRUE","TRUE","FALSE","20.0993220925899","0.00142574793408339","20.0978963446558","12.125","0.62","1.2","1,2,3,4,5,6,7,8,9,10,11,12,13,14,15,16,17,18,19,20",4.85955419294304e-05,TRUE,0,0,20,0,20,0,1
"S.A",13,700,0.33,"TRUE","TRUE","FALSE","20.1048694389672","0.00232701297562595","20.1025424259916","12.526","0.527","1.262","1,2,3,4,5,6,7,8,9,10,11,12,13,14,15,16,17,18,19,20",5.60084734266487e-05,TRUE,0,0,20,0,20,0,1
"S.A",14,700,0.33,"TRUE","TRUE","FALSE","20.1141510852008","0.00129549265896727","20.1128555925418","12.781","0.502","1.203","1,2,3,4,5,6,7,8,9,10,11,12,13,14,15,16,17,18,19,20",2.02052908806615e-05,TRUE,0,0,20,0,20,0,1
"S.A",15,700,0.33,"TRUE","TRUE","FALSE","20.168802555883","0.0025701862526913","20.1662323696303","12.621","0.513","1.117","1,2,3,4,5,6,7,8,9,10,11,12,13,14,15,16,17,18,19,20",8.55558372214884e-05,TRUE,0,0,20,0,20,0,1
"S.A",16,700,0.33,"TRUE","TRUE","FALSE","20.1156141909142","0.00106654426203489","20.1145476466522","12.885","0.501","1.138","1,2,3,4,5,6,7,8,9,10,11,12,13,14,15,16,17,18,19,20",6.30624760391025e-05,TRUE,0,0,20,0,20,0,1
"S.A",17,700,0.33,"TRUE","TRUE","FALSE","20.1067350747346","0.00136041948650029","20.1053746552481","12.466","0.515","1.15","1,2,3,4,5,6,7,8,9,10,11,12,13,14,15,16,17,18,19,20",7.13103058146e-05,TRUE,0,0,20,0,20,0,1
"S.A",18,700,0.33,"TRUE","TRUE","FALSE","20.1422058104564","0.00101521293529664","20.1411905975211","13.012","0.505","1.253","1,2,3,4,5,6,7,8,9,10,11,12,13,14,15,16,17,18,19,20",4.9600779418466e-05,TRUE,0,0,20,0,20,0,1
"S.A",19,700,0.33,"TRUE","TRUE","FALSE","20.100704201874","0.0017338857995057","20.0989703160745","12.666","0.507","1.189","1,2,3,4,5,6,7,8,9,10,11,12,13,14,15,16,17,18,19,20",6.123912728548e-05,TRUE,0,0,20,0,20,0,1
"S.A",2,700,0.33,"TRUE","TRUE","FALSE","20.1159092923851","0.00110029651825187","20.1148089958669","12.676","0.515","1.213","1,2,3,4,5,6,7,8,9,10,11,12,13,14,15,16,17,18,19,20",7.31635854708417e-05,TRUE,0,0,20,0,20,0,1
"S.A",20,700,0.33,"TRUE","TRUE","FALSE","20.1065689302076","0.00684821587737767","20.0997207143303","12.91","0.513","1.209","1,2,3,4,5,6,7,8,9,10,11,12,13,14,15,16,17,18,19,20",4.96438413714523e-05,TRUE,0,0,20,0,20,0,1
"S.A",21,700,0.33,"TRUE","TRUE","FALSE","20.1089919999589","0.00450948187908088","20.1044825180798","12.697","0.499","1.198","1,2,3,4,5,6,7,8,9,10,11,12,13,14,15,16,17,18,19,20",5.352933334176e-05,TRUE,0,0,20,0,20,0,1
"S.A",22,700,0.33,"TRUE","TRUE","FALSE","20.3776292975073","0.00154838610005719","20.3760809114072","15.561","0.466","1.081","1,2,3,4,5,6,7,8,9,10,11,12,13,14,15,16,17,18,19,20",3.8799584878468e-05,TRUE,0,0,20,0,20,0,1
"S.A",23,700,0.33,"TRUE","TRUE","FALSE","20.1341881352908","0.00154657038078009","20.13264156491","12.714","0.495","1.207","1,2,3,4,5,6,7,8,9,10,11,12,13,14,15,16,17,18,19,20",6.46528297443836e-05,TRUE,0,0,20,0,20,0,1
"S.A",24,700,0.33,"TRUE","TRUE","FALSE","20.1716626460339","0.00125127309620797","20.1704113729376","12.714","0.512","1.158","1,2,3,4,5,6,7,8,9,10,11,12,13,14,15,16,17,18,19,20",4.08642189564535e-05,TRUE,0,0,20,0,20,0,1
"S.A",25,700,0.33,"TRUE","TRUE","FALSE","20.1237048199922","0.00145455617809656","20.1222502638141","12.541","0.52","1.222","1,2,3,4,5,6,7,8,9,10,11,12,13,14,15,16,17,18,19,20",4.89300937037898e-05,TRUE,0,0,20,0,20,0,1
"S.A",26,700,0.33,"TRUE","TRUE","FALSE","19.5406751885967","0.0011976426595332","19.5394775459371","14.656","0.51","1.176","1,2,3,4,5,6,7,8,10,11,12,13,14,15,16,17,18,19,20",0.00019840156510118,FALSE,0,1,19,0,19,0,0.95
"S.A",27,700,0.33,"TRUE","TRUE","FALSE","20.2757075127557","0.00233087536261353","20.2733766373931","14.969","0.581","1.282","1,2,3,4,5,6,7,8,9,10,11,12,13,14,15,16,17,18,19,20",6.38030069890463e-05,TRUE,0,0,20,0,20,0,1
"S.A",28,700,0.33,"TRUE","TRUE","FALSE","20.0870758032113","0.00192318373503931","20.0851526194762","11.737","0.503","1.139","1,2,3,4,5,6,7,8,9,10,11,12,13,14,15,16,17,18,19,20",5.52343695745238e-05,TRUE,0,0,20,0,20,0,1
"S.A",29,700,0.33,"TRUE","TRUE","FALSE","20.1662711658484","0.00158608355814648","20.1646850822903","13.257","0.49","1.067","1,2,3,4,5,6,7,8,9,10,11,12,13,14,15,16,17,18,19,20",5.40255554008635e-05,TRUE,0,0,20,0,20,0,1
"S.A",3,700,0.33,"TRUE","TRUE","FALSE","20.1080815849963","0.00224223721413337","20.1058393477821","13.114","0.503","1.211","1,2,3,4,5,6,7,8,9,10,11,12,13,14,15,16,17,18,19,20",3.93607704940908e-05,TRUE,0,0,20,0,20,0,1
"S.A",30,700,0.33,"TRUE","TRUE","FALSE","20.1675753464431","0.0022726030979973","20.1653027433451","12.864","0.517","1.178","1,2,3,4,5,6,7,8,9,10,11,12,13,14,15,16,17,18,19,20",5.23977575418578e-05,TRUE,0,0,20,0,20,0,1
"S.A",31,700,0.33,"TRUE","TRUE","FALSE","20.1121684272051","0.0152634157718381","20.0969050114332","12.223","0.493","1.13","1,2,3,4,5,6,7,8,9,10,11,12,13,14,15,16,17,18,19,20",7.48642850284818e-05,TRUE,0,0,20,0,20,0,1
"S.A",32,700,0.33,"TRUE","TRUE","FALSE","20.0925413783822","0.00111743557981193","20.0914239428024","12.676","0.5","1.227","1,2,3,4,5,6,7,8,9,10,11,12,13,14,15,16,17,18,19,20",5.79071107108362e-05,TRUE,0,0,20,0,20,0,1
"S.A",33,700,0.33,"TRUE","TRUE","FALSE","20.187744542033","0.00124894146501835","20.186495600568","13.649","0.526","1.325","1,2,3,4,5,6,7,8,9,10,11,12,13,14,15,16,17,18,19,20",7.33510876581572e-05,TRUE,0,0,20,0,20,0,1
"S.A",34,700,0.33,"TRUE","TRUE","FALSE","20.0883721063102","0.00172662232187821","20.0866454839883","12.264","0.505","1.207","1,2,3,4,5,6,7,8,9,10,11,12,13,14,15,16,17,18,19,20",4.77383815376631e-05,TRUE,0,0,20,0,20,0,1
"S.A",35,700,0.33,"TRUE","TRUE","FALSE","20.1476544049773","0.00273725486097616","20.1449171501163","12.724","0.508","1.156","1,2,3,4,5,6,7,8,9,10,11,12,13,14,15,16,17,18,19,20",3.04537930198823e-05,TRUE,0,0,20,0,20,0,1
"S.A",36,700,0.33,"TRUE","TRUE","FALSE","20.1059730774879","0.00457954823116256","20.1013935292568","13.413","0.503","1.137","1,2,3,4,5,6,7,8,9,10,11,12,13,14,15,16,17,18,19,20",5.45628156781641e-05,TRUE,0,0,20,0,20,0,1
"S.A",37,700,0.33,"TRUE","TRUE","FALSE","20.1301144003684","0.000943664244075498","20.1291707361243","12.948","0.501","1.115","1,2,3,4,5,6,7,8,9,10,11,12,13,14,15,16,17,18,19,20",4.73870188387715e-05,TRUE,0,0,20,0,20,0,1
"S.A",38,700,0.33,"TRUE","TRUE","FALSE","20.1388599394814","0.00111441039692237","20.1377455290845","13.436","0.47","1.197","1,2,3,4,5,6,7,8,9,10,11,12,13,14,15,16,17,18,19,20",4.00325572611777e-05,TRUE,0,0,20,0,20,0,1
"S.A",39,700,0.33,"TRUE","TRUE","FALSE","20.1541764162756","0.00347285648999456","20.1507035597856","12.352","0.502","1.119","1,2,3,4,5,6,7,8,9,10,11,12,13,14,15,16,17,18,19,20",3.79612719531445e-05,TRUE,0,0,20,0,20,0,1
"S.A",4,700,0.33,"TRUE","TRUE","FALSE","20.1011554414155","0.000915510129220175","20.1002399312863","12.631","0.54","1.209","1,2,3,4,5,6,7,8,9,10,11,12,13,14,15,16,17,18,19,20",5.15393039371833e-05,TRUE,0,0,20,0,20,0,1
"S.A",40,700,0.33,"TRUE","TRUE","FALSE","20.2022740115936","0.00113259410522617","20.2011414174884","13.741","0.521","1.269","1,2,3,4,5,6,7,8,9,10,11,12,13,14,15,16,17,18,19,20",6.09646525660863e-05,TRUE,0,0,20,0,20,0,1
"S.A",41,700,0.33,"TRUE","TRUE","FALSE","20.0999217092385","0.00132156394917165","20.0986001452893","12.695","0.527","1.265","1,2,3,4,5,6,7,8,9,10,11,12,13,14,15,16,17,18,19,20",4.74196531087553e-05,TRUE,0,0,20,0,20,0,1
"S.A",42,700,0.33,"TRUE","TRUE","FALSE","20.2191993542864","0.00124379157232759","20.2179555627141","13.611","0.5","1.177","1,2,3,4,5,6,7,8,9,10,11,12,13,14,15,16,17,18,19,20",2.99482103643611e-05,TRUE,0,0,20,0,20,0,1
"S.A",43,700,0.33,"TRUE","TRUE","FALSE","20.1800119433602","0.00569545247328374","20.1743164908869","12.908","0.489","1.069","1,2,3,4,5,6,7,8,9,10,11,12,13,14,15,16,17,18,19,20",4.57928290915959e-05,TRUE,0,0,20,0,20,0,1
"S.A",44,700,0.33,"TRUE","TRUE","FALSE","20.1040476655596","0.00105402368728985","20.1029936418723","11.878","0.503","1.119","1,2,3,4,5,6,7,8,9,10,11,12,13,14,15,16,17,18,19,20",5.5232672873022e-05,TRUE,0,0,20,0,20,0,1
"S.A",45,700,0.33,"TRUE","TRUE","FALSE","20.1399687304897","0.00147013139735484","20.1384985990923","13.776","0.488","1.152","1,2,3,4,5,6,7,8,9,10,11,12,13,14,15,16,17,18,19,20",4.80583098415526e-05,TRUE,0,0,20,0,20,0,1
"S.A",46,700,0.33,"TRUE","TRUE","FALSE","20.0979144976145","0.00121778872580518","20.0966967088887","12.288","0.495","1.128","1,2,3,4,5,6,7,8,9,10,11,12,13,14,15,16,17,18,19,20",3.89083369235394e-05,TRUE,0,0,20,0,20,0,1
"S.A",47,700,0.33,"TRUE","TRUE","FALSE","20.1859292735648","0.00134438661966528","20.1845848869451","12.732","0.492","1.06","1,2,3,4,5,6,7,8,9,10,11,12,13,14,15,16,17,18,19,20",7.60521587447851e-05,TRUE,0,0,20,0,20,0,1
"S.A",48,700,0.33,"TRUE","TRUE","FALSE","20.1193147838901","0.00131872930064992","20.1179960545894","12.908","0.519","1.317","1,2,3,4,5,6,7,8,9,10,11,12,13,14,15,16,17,18,19,20",6.75602898771891e-05,TRUE,0,0,20,0,20,0,1
"S.A",49,700,0.33,"TRUE","TRUE","FALSE","20.1353617528181","0.000908939903611035","20.1344528129144","12.783","0.5","1.195","1,2,3,4,5,6,7,8,9,10,11,12,13,14,15,16,17,18,19,20",3.32829334576776e-05,TRUE,0,0,20,0,20,0,1
"S.A",5,700,0.33,"TRUE","TRUE","FALSE","20.1401985775202","0.000914037025675448","20.1392845404945","12.2","0.49","1.192","1,2,3,4,5,6,7,8,9,10,11,12,13,14,15,16,17,18,19,20",5.63511708297439e-05,TRUE,0,0,20,0,20,0,1
"S.A",50,700,0.33,"TRUE","TRUE","FALSE","20.1272757431152","0.00133152786318832","20.125944215252","12.277","0.512","1.19","1,2,3,4,5,6,7,8,9,10,11,12,13,14,15,16,17,18,19,20",3.73420812331709e-05,TRUE,0,0,20,0,20,0,1
"S.A",51,700,0.33,"TRUE","TRUE","FALSE","20.1003290296468","0.00168779883021751","20.0986412308166","13.148","0.537","1.23","1,2,3,4,5,6,7,8,9,10,11,12,13,14,15,16,17,18,19,20",3.76426255154983e-05,TRUE,0,0,20,0,20,0,1
"S.A",52,700,0.33,"TRUE","TRUE","FALSE","20.1045081735977","0.00133238383472931","20.103175789763","12.101","0.538","1.279","1,2,3,4,5,6,7,8,9,10,11,12,13,14,15,16,17,18,19,20",4.94780235146805e-05,TRUE,0,0,20,0,20,0,1
"S.A",53,700,0.33,"TRUE","TRUE","FALSE","20.1155740092037","0.00270436618117779","20.1128696430225","13.937","0.583","1.345","1,2,3,4,5,6,7,8,9,10,11,12,13,14,15,16,17,18,19,20",4.91292595525968e-05,TRUE,0,0,20,0,20,0,1
"S.A",54,700,0.33,"TRUE","TRUE","FALSE","20.1026776458672","0.00155563737590595","20.1011220084913","12.515","0.488","1.097","1,2,3,4,5,6,7,8,9,10,11,12,13,14,15,16,17,18,19,20",5.80428741854245e-05,TRUE,0,0,20,0,20,0,1
"S.A",55,700,0.33,"TRUE","TRUE","FALSE","20.0967539678299","0.00607708929068761","20.0906768785392","12.148","0.502","1.132","1,2,3,4,5,6,7,8,9,10,11,12,13,14,15,16,17,18,19,20",5.39090501477697e-05,TRUE,0,0,20,0,20,0,1
"S.A",56,700,0.33,"TRUE","TRUE","FALSE","20.1230680361153","0.00182438902778923","20.1212436470875","12.904","0.517","1.208","1,2,3,4,5,6,7,8,9,10,11,12,13,14,15,16,17,18,19,20",4.52465493227432e-05,TRUE,0,0,20,0,20,0,1
"S.A",57,700,0.33,"TRUE","TRUE","FALSE","20.0920348205965","0.00105480944862977","20.0909800111479","11.829","0.526","1.261","1,2,3,4,5,6,7,8,9,10,11,12,13,14,15,16,17,18,19,20",5.36639443142452e-05,TRUE,0,0,20,0,20,0,1
"S.A",58,700,0.33,"TRUE","TRUE","FALSE","20.121858128715","0.00260531416613001","20.1192528145489","13.068","0.506","1.106","1,2,3,4,5,6,7,8,9,10,11,12,13,14,15,16,17,18,19,20",5.14790144244568e-05,TRUE,0,0,20,0,20,0,1
"S.A",59,700,0.33,"TRUE","TRUE","FALSE","20.1261761578509","0.00273227900335452","20.1234438788476","12.391","0.475","1.059","1,2,3,4,5,6,7,8,9,10,11,12,13,14,15,16,17,18,19,20",5.26507571712329e-05,TRUE,0,0,20,0,20,0,1
"S.A",6,700,0.33,"TRUE","TRUE","FALSE","20.0986841253995","0.00124862927053063","20.0974354961289","12.363","0.508","1.264","1,2,3,4,5,6,7,8,9,10,11,12,13,14,15,16,17,18,19,20",4.102061957636e-05,TRUE,0,0,20,0,20,0,1
"S.A",60,700,0.33,"TRUE","TRUE","FALSE","20.1259418311732","0.00184532486051339","20.1240965063127","12.532","0.501","1.162","1,2,3,4,5,6,7,8,9,10,11,12,13,14,15,16,17,18,19,20",3.6508355088691e-05,TRUE,0,0,20,0,20,0,1
"S.A",61,700,0.33,"TRUE","TRUE","FALSE","20.1486025440689","0.001483059872254","20.1471194841967","13.239","0.474","1.055","1,2,3,4,5,6,7,8,9,10,11,12,13,14,15,16,17,18,19,20",6.22493720127828e-05,TRUE,0,0,20,0,20,0,1
"S.A",62,700,0.33,"TRUE","TRUE","FALSE","20.0929984252563","0.0014675444387156","20.0915308808175","13.762","0.494","1.168","1,2,3,4,5,6,7,8,9,10,11,12,13,14,15,16,17,18,19,20",3.87978461816772e-05,TRUE,0,0,20,0,20,0,1
"S.A",63,700,0.33,"TRUE","TRUE","FALSE","20.3119605371886","0.00137904948395085","20.3105814877046","13.553","0.502","1.162","1,2,3,4,5,6,7,8,9,10,11,12,13,14,15,16,17,18,19,20",2.58913976505152e-05,TRUE,0,0,20,0,20,0,1
"S.A",64,700,0.33,"TRUE","TRUE","FALSE","20.2330203429041","0.00190463400144172","20.2311157089026","13.615","0.498","1.142","1,2,3,4,5,6,7,8,9,10,11,12,13,14,15,16,17,18,19,20",4.05210692883593e-05,TRUE,0,0,20,0,20,0,1
"S.A",65,700,0.33,"TRUE","TRUE","FALSE","20.0992555669958","0.00115781452662906","20.0980977524692","12.478","0.53","1.249","1,2,3,4,5,6,7,8,9,10,11,12,13,14,15,16,17,18,19,20",0.00011393030660204,TRUE,0,0,20,0,20,0,1
"S.A",66,700,0.33,"TRUE","TRUE","FALSE","20.1043062279213","0.00143800305671811","20.1028682248646","12.208","0.506","1.171","1,2,3,4,5,6,7,8,9,10,11,12,13,14,15,16,17,18,19,20",4.39593787428929e-05,TRUE,0,0,20,0,20,0,1
"S.A",67,700,0.33,"TRUE","TRUE","FALSE","20.1844822251387","0.00213459601898451","20.1823476291197","13.034","0.512","1.104","1,2,3,4,5,6,7,8,9,10,11,12,13,14,15,16,17,18,19,20",5.38088292963411e-05,TRUE,0,0,20,0,20,0,1
"S.A",68,700,0.33,"TRUE","TRUE","FALSE","20.2347592141918","0.00145284785271296","20.2333063663391","13.802","0.508","1.102","1,2,3,4,5,6,7,8,9,10,11,12,13,14,15,16,17,18,19,20",3.8264631119225e-05,TRUE,0,0,20,0,20,0,1
"S.A",69,700,0.33,"TRUE","TRUE","FALSE","20.0998677588748","0.00132392334161139","20.0985438355332","12.531","0.495","1.06","1,2,3,4,5,6,7,8,9,10,11,12,13,14,15,16,17,18,19,20",5.39464630720481e-05,TRUE,0,0,20,0,20,0,1
"S.A",7,700,0.33,"TRUE","TRUE","FALSE","20.2102073391912","0.00102862071639926","20.2091787184748","14.082","0.482","1.041","1,2,3,4,5,6,7,8,9,10,11,12,13,14,15,16,17,18,19,20",3.7717469337761e-05,TRUE,0,0,20,0,20,0,1
"S.A",70,700,0.33,"TRUE","TRUE","FALSE","20.1176402615273","0.00243644671492222","20.1152038148124","13.29","0.498","1.12","1,2,3,4,5,6,7,8,9,10,11,12,13,14,15,16,17,18,19,20",4.38210103848326e-05,TRUE,0,0,20,0,20,0,1
"S.A",71,700,0.33,"TRUE","TRUE","FALSE","20.1064182247613","0.00155219724700754","20.1048660275143","12.502","0.514","1.26","1,2,3,4,5,6,7,8,9,10,11,12,13,14,15,16,17,18,19,20",7.11005426723631e-05,TRUE,0,0,20,0,20,0,1
"S.A",72,700,0.33,"TRUE","TRUE","FALSE","20.0931139765464","0.00685408374471531","20.0862598928017","12.364","0.495","1.176","1,2,3,4,5,6,7,8,9,10,11,12,13,14,15,16,17,18,19,20",5.75793823677765e-05,TRUE,0,0,20,0,20,0,1
"S.A",73,700,0.33,"TRUE","TRUE","FALSE","20.2126609283987","0.00114222907163559","20.2115186993271","13.953","0.504","1.117","1,2,3,4,5,6,7,8,9,10,11,12,13,14,15,16,17,18,19,20",4.61754074587818e-05,TRUE,0,0,20,0,20,0,1
"S.A",74,700,0.33,"TRUE","TRUE","FALSE","20.0989614109042","0.00132089004213246","20.097640520862","12.879","0.502","1.064","1,2,3,4,5,6,7,8,9,10,11,12,13,14,15,16,17,18,19,20",4.23486531890038e-05,TRUE,0,0,20,0,20,0,1
"S.A",75,700,0.33,"TRUE","TRUE","FALSE","20.1382352180422","0.0020175844037009","20.1362176336385","12.084","0.498","1.134","1,2,3,4,5,6,7,8,9,10,11,12,13,14,15,16,17,18,19,20",4.20602051434878e-05,TRUE,0,0,20,0,20,0,1
"S.A",76,700,0.33,"TRUE","TRUE","FALSE","20.2857126392522","0.00152846448763364","20.2841841747646","15.141","0.533","1.233","1,2,3,4,5,6,7,8,9,10,11,12,13,14,15,16,17,18,19,20",3.41246613704907e-05,TRUE,0,0,20,0,20,0,1
"S.A",77,700,0.33,"TRUE","TRUE","FALSE","20.2575562852388","0.00259873588125078","20.2549575493575","13.892","0.509","1.135","1,2,3,4,5,6,7,8,9,10,11,12,13,14,15,16,17,18,19,20",2.70264404127971e-05,TRUE,0,0,20,0,20,0,1
"S.A",78,700,0.33,"TRUE","TRUE","FALSE","20.3255959317886","0.00145072298670002","20.3241452088019","14.241","0.495","1.165","1,2,3,4,5,6,7,8,9,10,11,12,13,14,15,16,17,18,19,20",4.95006103846362e-05,TRUE,0,0,20,0,20,0,1
"S.A",79,700,0.33,"TRUE","TRUE","FALSE","20.0926902614635","0.00265668098813693","20.0900335804754","14.272","0.56","1.191","1,2,3,4,5,6,7,8,9,10,11,12,13,14,15,16,17,18,19,20",6.26354283422586e-05,TRUE,0,0,20,0,20,0,1
"S.A",8,700,0.33,"TRUE","TRUE","FALSE","20.1564050532129","0.00176464503176973","20.1546404081812","12.644","0.497","1.177","1,2,3,4,5,6,7,8,9,10,11,12,13,14,15,16,17,18,19,20",4.99592537987401e-05,TRUE,0,0,20,0,20,0,1
"S.A",80,700,0.33,"TRUE","TRUE","FALSE","20.113961411498","0.00209682860980455","20.1118645828882","12.819","0.499","1.149","1,2,3,4,5,6,7,8,9,10,11,12,13,14,15,16,17,18,19,20",3.2345736677187e-05,TRUE,0,0,20,0,20,0,1
"S.A",81,700,0.33,"TRUE","TRUE","FALSE","20.107071989716","0.00135313300918717","20.1057188567068","12.563","0.518","1.182","1,2,3,4,5,6,7,8,9,10,11,12,13,14,15,16,17,18,19,20",3.97996888296208e-05,TRUE,0,0,20,0,20,0,1
"S.A",82,700,0.33,"TRUE","TRUE","FALSE","20.1109664274472","0.00115770459548528","20.1098087228517","13.38","0.535","1.228","1,2,3,4,5,6,7,8,9,10,11,12,13,14,15,16,17,18,19,20",5.8815302232032e-05,TRUE,0,0,20,0,20,0,1
"S.A",83,700,0.33,"TRUE","TRUE","FALSE","20.1202583633009","0.00120474069332216","20.1190536226076","13.038","0.516","1.165","1,2,3,4,5,6,7,8,9,10,11,12,13,14,15,16,17,18,19,20",8.77450908610322e-05,TRUE,0,0,20,0,20,0,1
"S.A",84,700,0.33,"TRUE","TRUE","FALSE","20.1568546670289","0.00458640123766738","20.1522682657913","12.793","0.488","1.177","1,2,3,4,5,6,7,8,9,10,11,12,13,14,15,16,17,18,19,20",5.43349543602998e-05,TRUE,0,0,20,0,20,0,1
"S.A",85,700,0.33,"TRUE","TRUE","FALSE","20.115438624533","0.00175063048710292","20.1136879940459","12.794","0.576","1.278","1,2,3,4,5,6,7,8,9,10,11,12,13,14,15,16,17,18,19,20",3.46863047146607e-05,TRUE,0,0,20,0,20,0,1
"S.A",86,700,0.33,"TRUE","TRUE","FALSE","20.0871293846918","0.00132440335040898","20.0858049813414","12.574","0.508","1.177","1,2,3,4,5,6,7,8,9,10,11,12,13,14,15,16,17,18,19,20",3.97959315997652e-05,TRUE,0,0,20,0,20,0,1
"S.A",87,700,0.33,"TRUE","TRUE","FALSE","20.116875654151","0.00143664313243961","20.1154390110186","12.391","0.516","1.154","1,2,3,4,5,6,7,8,9,10,11,12,13,14,15,16,17,18,19,20",6.37654428419845e-05,TRUE,0,0,20,0,20,0,1
"S.A",88,700,0.33,"TRUE","TRUE","FALSE","20.1210157848314","0.00182572318898801","20.1191900616424","13.308","0.507","1.192","1,2,3,4,5,6,7,8,9,10,11,12,13,14,15,16,17,18,19,20",4.3568406790193e-05,TRUE,0,0,20,0,20,0,1
"S.A",89,700,0.33,"TRUE","TRUE","FALSE","20.1492368861503","0.00164568688298463","20.1475911992673","12.781","0.512","1.19","1,2,3,4,5,6,7,8,9,10,11,12,13,14,15,16,17,18,19,20",5.90063830324048e-05,TRUE,0,0,20,0,20,0,1
"S.A",9,700,0.33,"TRUE","TRUE","FALSE","20.1011398554024","0.00100539065743094","20.1001344647449","12.957","0.507","1.196","1,2,3,4,5,6,7,8,9,10,11,12,13,14,15,16,17,18,19,20",5.00629033972076e-05,TRUE,0,0,20,0,20,0,1
"S.A",90,700,0.33,"TRUE","TRUE","FALSE","20.1196694497678","0.0011124212198482","20.118557028548","13.217","0.525","1.321","1,2,3,4,5,6,7,8,9,10,11,12,13,14,15,16,17,18,19,20",7.11936234003236e-05,TRUE,0,0,20,0,20,0,1
"S.A",91,700,0.33,"TRUE","TRUE","FALSE","20.1732576374293","0.00712334338455285","20.1661342940448","12.985","0.508","1.048","1,2,3,4,5,6,7,8,9,10,11,12,13,14,15,16,17,18,19,20",7.89805821316396e-05,TRUE,0,0,20,0,20,0,1
"S.A",92,700,0.33,"TRUE","TRUE","FALSE","20.1149983602335","0.00178973142531121","20.1132086288082","12.729","0.504","1.092","1,2,3,4,5,6,7,8,9,10,11,12,13,14,15,16,17,18,19,20",4.94304460269792e-05,TRUE,0,0,20,0,20,0,1
"S.A",93,700,0.33,"TRUE","TRUE","FALSE","20.116868496698","0.00150751396331882","20.1153609827346","12.906","0.522","1.208","1,2,3,4,5,6,7,8,9,10,11,12,13,14,15,16,17,18,19,20",5.66170708224259e-05,TRUE,0,0,20,0,20,0,1
"S.A",94,700,0.33,"TRUE","TRUE","FALSE","20.0898500045206","0.00123005868769223","20.088619945833","12.417","0.497","1.113","1,2,3,4,5,6,7,8,9,10,11,12,13,14,15,16,17,18,19,20",0.000107272626980608,TRUE,0,0,20,0,20,0,1
"S.A",95,700,0.33,"TRUE","TRUE","FALSE","20.1077284468808","0.00269350853936227","20.1050349383414","12.726","0.497","1.118","1,2,3,4,5,6,7,8,9,10,11,12,13,14,15,16,17,18,19,20",4.41317675522687e-05,TRUE,0,0,20,0,20,0,1
"S.A",96,700,0.33,"TRUE","TRUE","FALSE","20.1774327626771","0.00143637204879313","20.1759963906283","13.051","0.486","1.115","1,2,3,4,5,6,7,8,9,10,11,12,13,14,15,16,17,18,19,20",7.92673009129473e-05,TRUE,0,0,20,0,20,0,1
"S.A",97,700,0.33,"TRUE","TRUE","FALSE","20.1119112048192","0.0018997905604051","20.1100114142588","12.493","0.503","1.202","1,2,3,4,5,6,7,8,9,10,11,12,13,14,15,16,17,18,19,20",3.4641739540532e-05,TRUE,0,0,20,0,20,0,1
"S.A",98,700,0.33,"TRUE","TRUE","FALSE","20.2873658288619","0.00206555840296309","20.2853002704589","16.264","0.536","1.343","1,2,3,4,5,6,7,8,9,10,11,12,13,14,15,16,17,18,19,20",6.07910009424305e-05,TRUE,0,0,20,0,20,0,1
"S.A",99,700,0.33,"TRUE","TRUE","FALSE","20.1470863178214","0.00119647723771311","20.1458898405836","12.995","0.511","1.191","1,2,3,4,5,6,7,8,9,10,11,12,13,14,15,16,17,18,19,20",2.48815433730119e-05,TRUE,0,0,20,0,20,0,1
"S.A.b",1,700,0.33,"TRUE","TRUE","FALSE","20.126590702499","0.0016245756974117","20.1249661268016","14.561","0.559","1.256","1,2,3,4,5,6,7,8,9,10,11,12,13,14,15,16,17,18,19,20",6.74176319344161e-05,TRUE,0,0,20,0,20,0,1
"S.A.b",10,700,0.33,"TRUE","TRUE","FALSE","20.1172447123304","0.000980387406893565","20.1162643249235","12.922","0.501","1.203","1,2,3,4,5,6,7,8,9,10,11,12,13,14,15,16,17,18,19,20",5.39424731837775e-05,TRUE,0,0,20,0,20,0,1
"S.A.b",100,700,0.33,"TRUE","TRUE","FALSE","20.116937694478","0.00257991022745103","20.1143577842505","12.489","0.507","1.137","1,2,3,4,5,6,7,8,9,10,11,12,13,14,15,16,17,18,19,20",5.09795351155271e-05,TRUE,0,0,20,0,20,0,1
"S.A.b",11,700,0.33,"TRUE","TRUE","FALSE","20.1204301946995","0.00125568496988351","20.1191745097296","13.012","0.513","1.201","1,2,3,4,5,6,7,8,9,10,11,12,13,14,15,16,17,18,19,20",3.69836999496476e-05,TRUE,0,0,20,0,20,0,1
"S.A.b",12,700,0.33,"TRUE","TRUE","FALSE","20.0993220925899","0.00142574793408339","20.0978963446558","12.125","0.62","1.2","1,2,3,4,5,6,7,8,9,10,11,12,13,14,15,16,17,18,19,20",4.85955419294304e-05,TRUE,0,0,20,0,20,0,1
"S.A.b",13,700,0.33,"TRUE","TRUE","FALSE","20.1048694389672","0.00232701297562595","20.1025424259916","12.526","0.527","1.262","1,2,3,4,5,6,7,8,9,10,11,12,13,14,15,16,17,18,19,20",5.60084734266487e-05,TRUE,0,0,20,0,20,0,1
"S.A.b",14,700,0.33,"TRUE","TRUE","FALSE","20.1141510852008","0.00129549265896727","20.1128555925418","12.781","0.502","1.203","1,2,3,4,5,6,7,8,9,10,11,12,13,14,15,16,17,18,19,20",2.02052908806615e-05,TRUE,0,0,20,0,20,0,1
"S.A.b",15,700,0.33,"TRUE","TRUE","FALSE","20.168802555883","0.0025701862526913","20.1662323696303","12.621","0.513","1.117","1,2,3,4,5,6,7,8,9,10,11,12,13,14,15,16,17,18,19,20",8.55558372214884e-05,TRUE,0,0,20,0,20,0,1
"S.A.b",16,700,0.33,"TRUE","TRUE","FALSE","20.1156141909142","0.00106654426203489","20.1145476466522","12.885","0.501","1.138","1,2,3,4,5,6,7,8,9,10,11,12,13,14,15,16,17,18,19,20",6.30624760391025e-05,TRUE,0,0,20,0,20,0,1
"S.A.b",17,700,0.33,"TRUE","TRUE","FALSE","20.1067350747346","0.00136041948650029","20.1053746552481","12.466","0.515","1.15","1,2,3,4,5,6,7,8,9,10,11,12,13,14,15,16,17,18,19,20",7.13103058146e-05,TRUE,0,0,20,0,20,0,1
"S.A.b",18,700,0.33,"TRUE","TRUE","FALSE","20.1422058104564","0.00101521293529664","20.1411905975211","13.012","0.505","1.253","1,2,3,4,5,6,7,8,9,10,11,12,13,14,15,16,17,18,19,20",4.9600779418466e-05,TRUE,0,0,20,0,20,0,1
"S.A.b",19,700,0.33,"TRUE","TRUE","FALSE","20.100704201874","0.0017338857995057","20.0989703160745","12.666","0.507","1.189","1,2,3,4,5,6,7,8,9,10,11,12,13,14,15,16,17,18,19,20",6.123912728548e-05,TRUE,0,0,20,0,20,0,1
"S.A.b",2,700,0.33,"TRUE","TRUE","FALSE","20.1159092923851","0.00110029651825187","20.1148089958669","12.676","0.515","1.213","1,2,3,4,5,6,7,8,9,10,11,12,13,14,15,16,17,18,19,20",7.31635854708417e-05,TRUE,0,0,20,0,20,0,1
"S.A.b",20,700,0.33,"TRUE","TRUE","FALSE","20.1065689302076","0.00684821587737767","20.0997207143303","12.91","0.513","1.209","1,2,3,4,5,6,7,8,9,10,11,12,13,14,15,16,17,18,19,20",4.96438413714523e-05,TRUE,0,0,20,0,20,0,1
"S.A.b",21,700,0.33,"TRUE","TRUE","FALSE","20.1089919999589","0.00450948187908088","20.1044825180798","12.697","0.499","1.198","1,2,3,4,5,6,7,8,9,10,11,12,13,14,15,16,17,18,19,20",5.352933334176e-05,TRUE,0,0,20,0,20,0,1
"S.A.b",22,700,0.33,"TRUE","TRUE","FALSE","20.3776292975073","0.00154838610005719","20.3760809114072","15.561","0.466","1.081","1,2,3,4,5,6,7,8,9,10,11,12,13,14,15,16,17,18,19,20",3.8799584878468e-05,TRUE,0,0,20,0,20,0,1
"S.A.b",23,700,0.33,"TRUE","TRUE","FALSE","20.1341881352908","0.00154657038078009","20.13264156491","12.714","0.495","1.207","1,2,3,4,5,6,7,8,9,10,11,12,13,14,15,16,17,18,19,20",6.46528297443836e-05,TRUE,0,0,20,0,20,0,1
"S.A.b",24,700,0.33,"TRUE","TRUE","FALSE","20.1716626460339","0.00125127309620797","20.1704113729376","12.714","0.512","1.158","1,2,3,4,5,6,7,8,9,10,11,12,13,14,15,16,17,18,19,20",4.08642189564535e-05,TRUE,0,0,20,0,20,0,1
"S.A.b",25,700,0.33,"TRUE","TRUE","FALSE","20.1237048199922","0.00145455617809656","20.1222502638141","12.541","0.52","1.222","1,2,3,4,5,6,7,8,9,10,11,12,13,14,15,16,17,18,19,20",4.89300937037898e-05,TRUE,0,0,20,0,20,0,1
"S.A.b",26,700,0.33,"TRUE","TRUE","FALSE","19.5406751885967","0.0011976426595332","19.5394775459371","14.656","0.51","1.176","1,2,3,4,5,6,7,8,10,11,12,13,14,15,16,17,18,19,20",0.00019840156510118,FALSE,0,1,19,0,19,0,0.95
"S.A.b",27,700,0.33,"TRUE","TRUE","FALSE","20.2757075127557","0.00233087536261353","20.2733766373931","14.969","0.581","1.282","1,2,3,4,5,6,7,8,9,10,11,12,13,14,15,16,17,18,19,20",6.38030069890463e-05,TRUE,0,0,20,0,20,0,1
"S.A.b",28,700,0.33,"TRUE","TRUE","FALSE","20.0870758032113","0.00192318373503931","20.0851526194762","11.737","0.503","1.139","1,2,3,4,5,6,7,8,9,10,11,12,13,14,15,16,17,18,19,20",5.52343695745238e-05,TRUE,0,0,20,0,20,0,1
"S.A.b",29,700,0.33,"TRUE","TRUE","FALSE","20.1662711658484","0.00158608355814648","20.1646850822903","13.257","0.49","1.067","1,2,3,4,5,6,7,8,9,10,11,12,13,14,15,16,17,18,19,20",5.40255554008635e-05,TRUE,0,0,20,0,20,0,1
"S.A.b",3,700,0.33,"TRUE","TRUE","FALSE","20.1080815849963","0.00224223721413337","20.1058393477821","13.114","0.503","1.211","1,2,3,4,5,6,7,8,9,10,11,12,13,14,15,16,17,18,19,20",3.93607704940908e-05,TRUE,0,0,20,0,20,0,1
"S.A.b",30,700,0.33,"TRUE","TRUE","FALSE","20.1675753464431","0.0022726030979973","20.1653027433451","12.864","0.517","1.178","1,2,3,4,5,6,7,8,9,10,11,12,13,14,15,16,17,18,19,20",5.23977575418578e-05,TRUE,0,0,20,0,20,0,1
"S.A.b",31,700,0.33,"TRUE","TRUE","FALSE","20.1121684272051","0.0152634157718381","20.0969050114332","12.223","0.493","1.13","1,2,3,4,5,6,7,8,9,10,11,12,13,14,15,16,17,18,19,20",7.48642850284818e-05,TRUE,0,0,20,0,20,0,1
"S.A.b",32,700,0.33,"TRUE","TRUE","FALSE","20.0925413783822","0.00111743557981193","20.0914239428024","12.676","0.5","1.227","1,2,3,4,5,6,7,8,9,10,11,12,13,14,15,16,17,18,19,20",5.79071107108362e-05,TRUE,0,0,20,0,20,0,1
"S.A.b",33,700,0.33,"TRUE","TRUE","FALSE","20.187744542033","0.00124894146501835","20.186495600568","13.649","0.526","1.325","1,2,3,4,5,6,7,8,9,10,11,12,13,14,15,16,17,18,19,20",7.33510876581572e-05,TRUE,0,0,20,0,20,0,1
"S.A.b",34,700,0.33,"TRUE","TRUE","FALSE","20.0883721063102","0.00172662232187821","20.0866454839883","12.264","0.505","1.207","1,2,3,4,5,6,7,8,9,10,11,12,13,14,15,16,17,18,19,20",4.77383815376631e-05,TRUE,0,0,20,0,20,0,1
"S.A.b",35,700,0.33,"TRUE","TRUE","FALSE","20.1476544049773","0.00273725486097616","20.1449171501163","12.724","0.508","1.156","1,2,3,4,5,6,7,8,9,10,11,12,13,14,15,16,17,18,19,20",3.04537930198823e-05,TRUE,0,0,20,0,20,0,1
"S.A.b",36,700,0.33,"TRUE","TRUE","FALSE","20.1059730774879","0.00457954823116256","20.1013935292568","13.413","0.503","1.137","1,2,3,4,5,6,7,8,9,10,11,12,13,14,15,16,17,18,19,20",5.45628156781641e-05,TRUE,0,0,20,0,20,0,1
"S.A.b",37,700,0.33,"TRUE","TRUE","FALSE","20.1301144003684","0.000943664244075498","20.1291707361243","12.948","0.501","1.115","1,2,3,4,5,6,7,8,9,10,11,12,13,14,15,16,17,18,19,20",4.73870188387715e-05,TRUE,0,0,20,0,20,0,1
"S.A.b",38,700,0.33,"TRUE","TRUE","FALSE","20.1388599394814","0.00111441039692237","20.1377455290845","13.436","0.47","1.197","1,2,3,4,5,6,7,8,9,10,11,12,13,14,15,16,17,18,19,20",4.00325572611777e-05,TRUE,0,0,20,0,20,0,1
"S.A.b",39,700,0.33,"TRUE","TRUE","FALSE","20.1541764162756","0.00347285648999456","20.1507035597856","12.352","0.502","1.119","1,2,3,4,5,6,7,8,9,10,11,12,13,14,15,16,17,18,19,20",3.79612719531445e-05,TRUE,0,0,20,0,20,0,1
"S.A.b",4,700,0.33,"TRUE","TRUE","FALSE","20.1011554414155","0.000915510129220175","20.1002399312863","12.631","0.54","1.209","1,2,3,4,5,6,7,8,9,10,11,12,13,14,15,16,17,18,19,20",5.15393039371833e-05,TRUE,0,0,20,0,20,0,1
"S.A.b",40,700,0.33,"TRUE","TRUE","FALSE","20.2022740115936","0.00113259410522617","20.2011414174884","13.741","0.521","1.269","1,2,3,4,5,6,7,8,9,10,11,12,13,14,15,16,17,18,19,20",6.09646525660863e-05,TRUE,0,0,20,0,20,0,1
"S.A.b",41,700,0.33,"TRUE","TRUE","FALSE","20.0999217092385","0.00132156394917165","20.0986001452893","12.695","0.527","1.265","1,2,3,4,5,6,7,8,9,10,11,12,13,14,15,16,17,18,19,20",4.74196531087553e-05,TRUE,0,0,20,0,20,0,1
"S.A.b",42,700,0.33,"TRUE","TRUE","FALSE","20.2191993542864","0.00124379157232759","20.2179555627141","13.611","0.5","1.177","1,2,3,4,5,6,7,8,9,10,11,12,13,14,15,16,17,18,19,20",2.99482103643611e-05,TRUE,0,0,20,0,20,0,1
"S.A.b",43,700,0.33,"TRUE","TRUE","FALSE","20.1800119433602","0.00569545247328374","20.1743164908869","12.908","0.489","1.069","1,2,3,4,5,6,7,8,9,10,11,12,13,14,15,16,17,18,19,20",4.57928290915959e-05,TRUE,0,0,20,0,20,0,1
"S.A.b",44,700,0.33,"TRUE","TRUE","FALSE","20.1040476655596","0.00105402368728985","20.1029936418723","11.878","0.503","1.119","1,2,3,4,5,6,7,8,9,10,11,12,13,14,15,16,17,18,19,20",5.5232672873022e-05,TRUE,0,0,20,0,20,0,1
"S.A.b",45,700,0.33,"TRUE","TRUE","FALSE","20.1399687304897","0.00147013139735484","20.1384985990923","13.776","0.488","1.152","1,2,3,4,5,6,7,8,9,10,11,12,13,14,15,16,17,18,19,20",4.80583098415526e-05,TRUE,0,0,20,0,20,0,1
"S.A.b",46,700,0.33,"TRUE","TRUE","FALSE","20.0979144976145","0.00121778872580518","20.0966967088887","12.288","0.495","1.128","1,2,3,4,5,6,7,8,9,10,11,12,13,14,15,16,17,18,19,20",3.89083369235394e-05,TRUE,0,0,20,0,20,0,1
"S.A.b",47,700,0.33,"TRUE","TRUE","FALSE","20.1859292735648","0.00134438661966528","20.1845848869451","12.732","0.492","1.06","1,2,3,4,5,6,7,8,9,10,11,12,13,14,15,16,17,18,19,20",7.60521587447851e-05,TRUE,0,0,20,0,20,0,1
"S.A.b",48,700,0.33,"TRUE","TRUE","FALSE","20.1193147838901","0.00131872930064992","20.1179960545894","12.908","0.519","1.317","1,2,3,4,5,6,7,8,9,10,11,12,13,14,15,16,17,18,19,20",6.75602898771891e-05,TRUE,0,0,20,0,20,0,1
"S.A.b",49,700,0.33,"TRUE","TRUE","FALSE","20.1353617528181","0.000908939903611035","20.1344528129144","12.783","0.5","1.195","1,2,3,4,5,6,7,8,9,10,11,12,13,14,15,16,17,18,19,20",3.32829334576776e-05,TRUE,0,0,20,0,20,0,1
"S.A.b",5,700,0.33,"TRUE","TRUE","FALSE","20.1401985775202","0.000914037025675448","20.1392845404945","12.2","0.49","1.192","1,2,3,4,5,6,7,8,9,10,11,12,13,14,15,16,17,18,19,20",5.63511708297439e-05,TRUE,0,0,20,0,20,0,1
"S.A.b",50,700,0.33,"TRUE","TRUE","FALSE","20.1272757431152","0.00133152786318832","20.125944215252","12.277","0.512","1.19","1,2,3,4,5,6,7,8,9,10,11,12,13,14,15,16,17,18,19,20",3.73420812331709e-05,TRUE,0,0,20,0,20,0,1
"S.A.b",51,700,0.33,"TRUE","TRUE","FALSE","20.1003290296468","0.00168779883021751","20.0986412308166","13.148","0.537","1.23","1,2,3,4,5,6,7,8,9,10,11,12,13,14,15,16,17,18,19,20",3.76426255154983e-05,TRUE,0,0,20,0,20,0,1
"S.A.b",52,700,0.33,"TRUE","TRUE","FALSE","20.1045081735977","0.00133238383472931","20.103175789763","12.101","0.538","1.279","1,2,3,4,5,6,7,8,9,10,11,12,13,14,15,16,17,18,19,20",4.94780235146805e-05,TRUE,0,0,20,0,20,0,1
"S.A.b",53,700,0.33,"TRUE","TRUE","FALSE","20.1155740092037","0.00270436618117779","20.1128696430225","13.937","0.583","1.345","1,2,3,4,5,6,7,8,9,10,11,12,13,14,15,16,17,18,19,20",4.91292595525968e-05,TRUE,0,0,20,0,20,0,1
"S.A.b",54,700,0.33,"TRUE","TRUE","FALSE","20.1026776458672","0.00155563737590595","20.1011220084913","12.515","0.488","1.097","1,2,3,4,5,6,7,8,9,10,11,12,13,14,15,16,17,18,19,20",5.80428741854245e-05,TRUE,0,0,20,0,20,0,1
"S.A.b",55,700,0.33,"TRUE","TRUE","FALSE","20.0967539678299","0.00607708929068761","20.0906768785392","12.148","0.502","1.132","1,2,3,4,5,6,7,8,9,10,11,12,13,14,15,16,17,18,19,20",5.39090501477697e-05,TRUE,0,0,20,0,20,0,1
"S.A.b",56,700,0.33,"TRUE","TRUE","FALSE","20.1230680361153","0.00182438902778923","20.1212436470875","12.904","0.517","1.208","1,2,3,4,5,6,7,8,9,10,11,12,13,14,15,16,17,18,19,20",4.52465493227432e-05,TRUE,0,0,20,0,20,0,1
"S.A.b",57,700,0.33,"TRUE","TRUE","FALSE","20.0920348205965","0.00105480944862977","20.0909800111479","11.829","0.526","1.261","1,2,3,4,5,6,7,8,9,10,11,12,13,14,15,16,17,18,19,20",5.36639443142452e-05,TRUE,0,0,20,0,20,0,1
"S.A.b",58,700,0.33,"TRUE","TRUE","FALSE","20.121858128715","0.00260531416613001","20.1192528145489","13.068","0.506","1.106","1,2,3,4,5,6,7,8,9,10,11,12,13,14,15,16,17,18,19,20",5.14790144244568e-05,TRUE,0,0,20,0,20,0,1
"S.A.b",59,700,0.33,"TRUE","TRUE","FALSE","20.1261761578509","0.00273227900335452","20.1234438788476","12.391","0.475","1.059","1,2,3,4,5,6,7,8,9,10,11,12,13,14,15,16,17,18,19,20",5.26507571712329e-05,TRUE,0,0,20,0,20,0,1
"S.A.b",6,700,0.33,"TRUE","TRUE","FALSE","20.0986841253995","0.00124862927053063","20.0974354961289","12.363","0.508","1.264","1,2,3,4,5,6,7,8,9,10,11,12,13,14,15,16,17,18,19,20",4.102061957636e-05,TRUE,0,0,20,0,20,0,1
"S.A.b",60,700,0.33,"TRUE","TRUE","FALSE","20.1259418311732","0.00184532486051339","20.1240965063127","12.532","0.501","1.162","1,2,3,4,5,6,7,8,9,10,11,12,13,14,15,16,17,18,19,20",3.6508355088691e-05,TRUE,0,0,20,0,20,0,1
"S.A.b",61,700,0.33,"TRUE","TRUE","FALSE","20.1486025440689","0.001483059872254","20.1471194841967","13.239","0.474","1.055","1,2,3,4,5,6,7,8,9,10,11,12,13,14,15,16,17,18,19,20",6.22493720127828e-05,TRUE,0,0,20,0,20,0,1
"S.A.b",62,700,0.33,"TRUE","TRUE","FALSE","20.0929984252563","0.0014675444387156","20.0915308808175","13.762","0.494","1.168","1,2,3,4,5,6,7,8,9,10,11,12,13,14,15,16,17,18,19,20",3.87978461816772e-05,TRUE,0,0,20,0,20,0,1
"S.A.b",63,700,0.33,"TRUE","TRUE","FALSE","20.3119605371886","0.00137904948395085","20.3105814877046","13.553","0.502","1.162","1,2,3,4,5,6,7,8,9,10,11,12,13,14,15,16,17,18,19,20",2.58913976505152e-05,TRUE,0,0,20,0,20,0,1
"S.A.b",64,700,0.33,"TRUE","TRUE","FALSE","20.2330203429041","0.00190463400144172","20.2311157089026","13.615","0.498","1.142","1,2,3,4,5,6,7,8,9,10,11,12,13,14,15,16,17,18,19,20",4.05210692883593e-05,TRUE,0,0,20,0,20,0,1
"S.A.b",65,700,0.33,"TRUE","TRUE","FALSE","20.0992555669958","0.00115781452662906","20.0980977524692","12.478","0.53","1.249","1,2,3,4,5,6,7,8,9,10,11,12,13,14,15,16,17,18,19,20",0.00011393030660204,TRUE,0,0,20,0,20,0,1
"S.A.b",66,700,0.33,"TRUE","TRUE","FALSE","20.1043062279213","0.00143800305671811","20.1028682248646","12.208","0.506","1.171","1,2,3,4,5,6,7,8,9,10,11,12,13,14,15,16,17,18,19,20",4.39593787428929e-05,TRUE,0,0,20,0,20,0,1
"S.A.b",67,700,0.33,"TRUE","TRUE","FALSE","20.1844822251387","0.00213459601898451","20.1823476291197","13.034","0.512","1.104","1,2,3,4,5,6,7,8,9,10,11,12,13,14,15,16,17,18,19,20",5.38088292963411e-05,TRUE,0,0,20,0,20,0,1
"S.A.b",68,700,0.33,"TRUE","TRUE","FALSE","20.2347592141918","0.00145284785271296","20.2333063663391","13.802","0.508","1.102","1,2,3,4,5,6,7,8,9,10,11,12,13,14,15,16,17,18,19,20",3.8264631119225e-05,TRUE,0,0,20,0,20,0,1
"S.A.b",69,700,0.33,"TRUE","TRUE","FALSE","20.0998677588748","0.00132392334161139","20.0985438355332","12.531","0.495","1.06","1,2,3,4,5,6,7,8,9,10,11,12,13,14,15,16,17,18,19,20",5.39464630720481e-05,TRUE,0,0,20,0,20,0,1
"S.A.b",7,700,0.33,"TRUE","TRUE","FALSE","20.2102073391912","0.00102862071639926","20.2091787184748","14.082","0.482","1.041","1,2,3,4,5,6,7,8,9,10,11,12,13,14,15,16,17,18,19,20",3.7717469337761e-05,TRUE,0,0,20,0,20,0,1
"S.A.b",70,700,0.33,"TRUE","TRUE","FALSE","20.1176402615273","0.00243644671492222","20.1152038148124","13.29","0.498","1.12","1,2,3,4,5,6,7,8,9,10,11,12,13,14,15,16,17,18,19,20",4.38210103848326e-05,TRUE,0,0,20,0,20,0,1
"S.A.b",71,700,0.33,"TRUE","TRUE","FALSE","20.1064182247613","0.00155219724700754","20.1048660275143","12.502","0.514","1.26","1,2,3,4,5,6,7,8,9,10,11,12,13,14,15,16,17,18,19,20",7.11005426723631e-05,TRUE,0,0,20,0,20,0,1
"S.A.b",72,700,0.33,"TRUE","TRUE","FALSE","20.0931139765464","0.00685408374471531","20.0862598928017","12.364","0.495","1.176","1,2,3,4,5,6,7,8,9,10,11,12,13,14,15,16,17,18,19,20",5.75793823677765e-05,TRUE,0,0,20,0,20,0,1
"S.A.b",73,700,0.33,"TRUE","TRUE","FALSE","20.2126609283987","0.00114222907163559","20.2115186993271","13.953","0.504","1.117","1,2,3,4,5,6,7,8,9,10,11,12,13,14,15,16,17,18,19,20",4.61754074587818e-05,TRUE,0,0,20,0,20,0,1
"S.A.b",74,700,0.33,"TRUE","TRUE","FALSE","20.0989614109042","0.00132089004213246","20.097640520862","12.879","0.502","1.064","1,2,3,4,5,6,7,8,9,10,11,12,13,14,15,16,17,18,19,20",4.23486531890038e-05,TRUE,0,0,20,0,20,0,1
"S.A.b",75,700,0.33,"TRUE","TRUE","FALSE","20.1382352180422","0.0020175844037009","20.1362176336385","12.084","0.498","1.134","1,2,3,4,5,6,7,8,9,10,11,12,13,14,15,16,17,18,19,20",4.20602051434878e-05,TRUE,0,0,20,0,20,0,1
"S.A.b",76,700,0.33,"TRUE","TRUE","FALSE","20.2857126392522","0.00152846448763364","20.2841841747646","15.141","0.533","1.233","1,2,3,4,5,6,7,8,9,10,11,12,13,14,15,16,17,18,19,20",3.41246613704907e-05,TRUE,0,0,20,0,20,0,1
"S.A.b",77,700,0.33,"TRUE","TRUE","FALSE","20.2575562852388","0.00259873588125078","20.2549575493575","13.892","0.509","1.135","1,2,3,4,5,6,7,8,9,10,11,12,13,14,15,16,17,18,19,20",2.70264404127971e-05,TRUE,0,0,20,0,20,0,1
"S.A.b",78,700,0.33,"TRUE","TRUE","FALSE","20.3255959317886","0.00145072298670002","20.3241452088019","14.241","0.495","1.165","1,2,3,4,5,6,7,8,9,10,11,12,13,14,15,16,17,18,19,20",4.95006103846362e-05,TRUE,0,0,20,0,20,0,1
"S.A.b",79,700,0.33,"TRUE","TRUE","FALSE","20.0926902614635","0.00265668098813693","20.0900335804754","14.272","0.56","1.191","1,2,3,4,5,6,7,8,9,10,11,12,13,14,15,16,17,18,19,20",6.26354283422586e-05,TRUE,0,0,20,0,20,0,1
"S.A.b",8,700,0.33,"TRUE","TRUE","FALSE","20.1564050532129","0.00176464503176973","20.1546404081812","12.644","0.497","1.177","1,2,3,4,5,6,7,8,9,10,11,12,13,14,15,16,17,18,19,20",4.99592537987401e-05,TRUE,0,0,20,0,20,0,1
"S.A.b",80,700,0.33,"TRUE","TRUE","FALSE","20.113961411498","0.00209682860980455","20.1118645828882","12.819","0.499","1.149","1,2,3,4,5,6,7,8,9,10,11,12,13,14,15,16,17,18,19,20",3.2345736677187e-05,TRUE,0,0,20,0,20,0,1
"S.A.b",81,700,0.33,"TRUE","TRUE","FALSE","20.107071989716","0.00135313300918717","20.1057188567068","12.563","0.518","1.182","1,2,3,4,5,6,7,8,9,10,11,12,13,14,15,16,17,18,19,20",3.97996888296208e-05,TRUE,0,0,20,0,20,0,1
"S.A.b",82,700,0.33,"TRUE","TRUE","FALSE","20.1109664274472","0.00115770459548528","20.1098087228517","13.38","0.535","1.228","1,2,3,4,5,6,7,8,9,10,11,12,13,14,15,16,17,18,19,20",5.8815302232032e-05,TRUE,0,0,20,0,20,0,1
"S.A.b",83,700,0.33,"TRUE","TRUE","FALSE","20.1202583633009","0.00120474069332216","20.1190536226076","13.038","0.516","1.165","1,2,3,4,5,6,7,8,9,10,11,12,13,14,15,16,17,18,19,20",8.77450908610322e-05,TRUE,0,0,20,0,20,0,1
"S.A.b",84,700,0.33,"TRUE","TRUE","FALSE","20.1568546670289","0.00458640123766738","20.1522682657913","12.793","0.488","1.177","1,2,3,4,5,6,7,8,9,10,11,12,13,14,15,16,17,18,19,20",5.43349543602998e-05,TRUE,0,0,20,0,20,0,1
"S.A.b",85,700,0.33,"TRUE","TRUE","FALSE","20.115438624533","0.00175063048710292","20.1136879940459","12.794","0.576","1.278","1,2,3,4,5,6,7,8,9,10,11,12,13,14,15,16,17,18,19,20",3.46863047146607e-05,TRUE,0,0,20,0,20,0,1
"S.A.b",86,700,0.33,"TRUE","TRUE","FALSE","20.0871293846918","0.00132440335040898","20.0858049813414","12.574","0.508","1.177","1,2,3,4,5,6,7,8,9,10,11,12,13,14,15,16,17,18,19,20",3.97959315997652e-05,TRUE,0,0,20,0,20,0,1
"S.A.b",87,700,0.33,"TRUE","TRUE","FALSE","20.116875654151","0.00143664313243961","20.1154390110186","12.391","0.516","1.154","1,2,3,4,5,6,7,8,9,10,11,12,13,14,15,16,17,18,19,20",6.37654428419845e-05,TRUE,0,0,20,0,20,0,1
"S.A.b",88,700,0.33,"TRUE","TRUE","FALSE","20.1210157848314","0.00182572318898801","20.1191900616424","13.308","0.507","1.192","1,2,3,4,5,6,7,8,9,10,11,12,13,14,15,16,17,18,19,20",4.3568406790193e-05,TRUE,0,0,20,0,20,0,1
"S.A.b",89,700,0.33,"TRUE","TRUE","FALSE","20.1492368861503","0.00164568688298463","20.1475911992673","12.781","0.512","1.19","1,2,3,4,5,6,7,8,9,10,11,12,13,14,15,16,17,18,19,20",5.90063830324048e-05,TRUE,0,0,20,0,20,0,1
"S.A.b",9,700,0.33,"TRUE","TRUE","FALSE","20.1011398554024","0.00100539065743094","20.1001344647449","12.957","0.507","1.196","1,2,3,4,5,6,7,8,9,10,11,12,13,14,15,16,17,18,19,20",5.00629033972076e-05,TRUE,0,0,20,0,20,0,1
"S.A.b",90,700,0.33,"TRUE","TRUE","FALSE","20.1196694497678","0.0011124212198482","20.118557028548","13.217","0.525","1.321","1,2,3,4,5,6,7,8,9,10,11,12,13,14,15,16,17,18,19,20",7.11936234003236e-05,TRUE,0,0,20,0,20,0,1
"S.A.b",91,700,0.33,"TRUE","TRUE","FALSE","20.1732576374293","0.00712334338455285","20.1661342940448","12.985","0.508","1.048","1,2,3,4,5,6,7,8,9,10,11,12,13,14,15,16,17,18,19,20",7.89805821316396e-05,TRUE,0,0,20,0,20,0,1
"S.A.b",92,700,0.33,"TRUE","TRUE","FALSE","20.1149983602335","0.00178973142531121","20.1132086288082","12.729","0.504","1.092","1,2,3,4,5,6,7,8,9,10,11,12,13,14,15,16,17,18,19,20",4.94304460269792e-05,TRUE,0,0,20,0,20,0,1
"S.A.b",93,700,0.33,"TRUE","TRUE","FALSE","20.116868496698","0.00150751396331882","20.1153609827346","12.906","0.522","1.208","1,2,3,4,5,6,7,8,9,10,11,12,13,14,15,16,17,18,19,20",5.66170708224259e-05,TRUE,0,0,20,0,20,0,1
"S.A.b",94,700,0.33,"TRUE","TRUE","FALSE","20.0898500045206","0.00123005868769223","20.088619945833","12.417","0.497","1.113","1,2,3,4,5,6,7,8,9,10,11,12,13,14,15,16,17,18,19,20",0.000107272626980608,TRUE,0,0,20,0,20,0,1
"S.A.b",95,700,0.33,"TRUE","TRUE","FALSE","20.1077284468808","0.00269350853936227","20.1050349383414","12.726","0.497","1.118","1,2,3,4,5,6,7,8,9,10,11,12,13,14,15,16,17,18,19,20",4.41317675522687e-05,TRUE,0,0,20,0,20,0,1
"S.A.b",96,700,0.33,"TRUE","TRUE","FALSE","20.1774327626771","0.00143637204879313","20.1759963906283","13.051","0.486","1.115","1,2,3,4,5,6,7,8,9,10,11,12,13,14,15,16,17,18,19,20",7.92673009129473e-05,TRUE,0,0,20,0,20,0,1
"S.A.b",97,700,0.33,"TRUE","TRUE","FALSE","20.1119112048192","0.0018997905604051","20.1100114142588","12.493","0.503","1.202","1,2,3,4,5,6,7,8,9,10,11,12,13,14,15,16,17,18,19,20",3.4641739540532e-05,TRUE,0,0,20,0,20,0,1
"S.A.b",98,700,0.33,"TRUE","TRUE","FALSE","20.2873658288619","0.00206555840296309","20.2853002704589","16.264","0.536","1.343","1,2,3,4,5,6,7,8,9,10,11,12,13,14,15,16,17,18,19,20",6.07910009424305e-05,TRUE,0,0,20,0,20,0,1
"S.A.b",99,700,0.33,"TRUE","TRUE","FALSE","20.1470863178214","0.00119647723771311","20.1458898405836","12.995","0.511","1.191","1,2,3,4,5,6,7,8,9,10,11,12,13,14,15,16,17,18,19,20",2.48815433730119e-05,TRUE,0,0,20,0,20,0,1
"S.EB",1,700,0.33,"TRUE","TRUE","FALSE","20.126590702499","0.0016245756974117","20.1249661268016","14.561","0.559","1.256","1,2,3,4,5,6,7,8,9,10,11,12,13,14,15,16,17,18,19,20",6.74176319344161e-05,TRUE,0,0,20,0,20,0,1
"S.EB",10,700,0.33,"TRUE","TRUE","FALSE","20.1172447123304","0.000980387406893565","20.1162643249235","12.922","0.501","1.203","1,2,3,4,5,6,7,8,9,10,11,12,13,14,15,16,17,18,19,20",5.39424731837775e-05,TRUE,0,0,20,0,20,0,1
"S.EB",100,700,0.33,"TRUE","TRUE","FALSE","20.116937694478","0.00257991022745103","20.1143577842505","12.489","0.507","1.137","1,2,3,4,5,6,7,8,9,10,11,12,13,14,15,16,17,18,19,20",5.09795351155271e-05,TRUE,0,0,20,0,20,0,1
"S.EB",11,700,0.33,"TRUE","TRUE","FALSE","20.1204301946995","0.00125568496988351","20.1191745097296","13.012","0.513","1.201","1,2,3,4,5,6,7,8,9,10,11,12,13,14,15,16,17,18,19,20",3.69836999496476e-05,TRUE,0,0,20,0,20,0,1
"S.EB",12,700,0.33,"TRUE","TRUE","FALSE","20.0993220925899","0.00142574793408339","20.0978963446558","12.125","0.62","1.2","1,2,3,4,5,6,7,8,9,10,11,12,13,14,15,16,17,18,19,20",4.85955419294304e-05,TRUE,0,0,20,0,20,0,1
"S.EB",13,700,0.33,"TRUE","TRUE","FALSE","20.1048694389672","0.00232701297562595","20.1025424259916","12.526","0.527","1.262","1,2,3,4,5,6,7,8,9,10,11,12,13,14,15,16,17,18,19,20",5.60084734266487e-05,TRUE,0,0,20,0,20,0,1
"S.EB",14,700,0.33,"TRUE","TRUE","FALSE","20.1141510852008","0.00129549265896727","20.1128555925418","12.781","0.502","1.203","1,2,3,4,5,6,7,8,9,10,11,12,13,14,15,16,17,18,19,20",2.02052908806615e-05,TRUE,0,0,20,0,20,0,1
"S.EB",15,700,0.33,"TRUE","TRUE","FALSE","20.168802555883","0.0025701862526913","20.1662323696303","12.621","0.513","1.117","1,2,3,4,5,6,7,8,9,10,11,12,13,14,15,16,17,18,19,20,1060",0.000127705473751173,FALSE,1,0,21,1,20,0.0476190476190476,1
"S.EB",16,700,0.33,"TRUE","TRUE","FALSE","20.1156141909142","0.00106654426203489","20.1145476466522","12.885","0.501","1.138","1,2,3,4,5,6,7,8,9,10,11,12,13,14,15,16,17,18,19,20",6.30624760391025e-05,TRUE,0,0,20,0,20,0,1
"S.EB",17,700,0.33,"TRUE","TRUE","FALSE","20.1067350747346","0.00136041948650029","20.1053746552481","12.466","0.515","1.15","1,2,3,4,5,6,7,8,9,10,11,12,13,14,15,16,17,18,19,20",7.13103058146e-05,TRUE,0,0,20,0,20,0,1
"S.EB",18,700,0.33,"TRUE","TRUE","FALSE","20.1422058104564","0.00101521293529664","20.1411905975211","13.012","0.505","1.253","1,2,3,4,5,6,7,8,9,10,11,12,13,14,15,16,17,18,19,20",4.9600779418466e-05,TRUE,0,0,20,0,20,0,1
"S.EB",19,700,0.33,"TRUE","TRUE","FALSE","20.100704201874","0.0017338857995057","20.0989703160745","12.666","0.507","1.189","1,2,3,4,5,6,7,8,9,10,11,12,13,14,15,16,17,18,19,20",6.123912728548e-05,TRUE,0,0,20,0,20,0,1
"S.EB",2,700,0.33,"TRUE","TRUE","FALSE","20.1159092923851","0.00110029651825187","20.1148089958669","12.676","0.515","1.213","1,2,3,4,5,6,7,8,9,10,11,12,13,14,15,16,17,18,19,20",7.31635854708417e-05,TRUE,0,0,20,0,20,0,1
"S.EB",20,700,0.33,"TRUE","TRUE","FALSE","20.1065689302076","0.00684821587737767","20.0997207143303","12.91","0.513","1.209","1,2,3,4,5,6,7,8,9,10,11,12,13,14,15,16,17,18,19,20",4.96438413714523e-05,TRUE,0,0,20,0,20,0,1
"S.EB",21,700,0.33,"TRUE","TRUE","FALSE","20.1089919999589","0.00450948187908088","20.1044825180798","12.697","0.499","1.198","1,2,3,4,5,6,7,8,9,10,11,12,13,14,15,16,17,18,19,20",5.352933334176e-05,TRUE,0,0,20,0,20,0,1
"S.EB",22,700,0.33,"TRUE","TRUE","FALSE","20.3776292975073","0.00154838610005719","20.3760809114072","15.561","0.466","1.081","1,2,3,4,5,6,7,8,9,10,11,12,13,14,15,16,17,18,19,20,318",8.63360184856161e-05,FALSE,1,0,21,1,20,0.0476190476190476,1
"S.EB",23,700,0.33,"TRUE","TRUE","FALSE","20.1341881352908","0.00154657038078009","20.13264156491","12.714","0.495","1.207","1,2,3,4,5,6,7,8,9,10,11,12,13,14,15,16,17,18,19,20",6.46528297443836e-05,TRUE,0,0,20,0,20,0,1
"S.EB",24,700,0.33,"TRUE","TRUE","FALSE","20.1716626460339","0.00125127309620797","20.1704113729376","12.714","0.512","1.158","1,2,3,4,5,6,7,8,9,10,11,12,13,14,15,16,17,18,19,20,776",8.0533001639425e-05,FALSE,1,0,21,1,20,0.0476190476190476,1
"S.EB",25,700,0.33,"TRUE","TRUE","FALSE","20.1237048199922","0.00145455617809656","20.1222502638141","12.541","0.52","1.222","1,2,3,4,5,6,7,8,9,10,11,12,13,14,15,16,17,18,19,20",4.89300937037898e-05,TRUE,0,0,20,0,20,0,1
"S.EB",26,700,0.33,"TRUE","TRUE","FALSE","19.5406751885967","0.0011976426595332","19.5394775459371","14.656","0.51","1.176","1,2,3,4,5,6,7,8,9,10,11,12,13,14,15,16,17,18,19,20",6.77810351747424e-05,TRUE,0,0,20,0,20,0,1
"S.EB",27,700,0.33,"TRUE","TRUE","FALSE","20.2757075127557","0.00233087536261353","20.2733766373931","14.969","0.581","1.282","1,2,3,4,5,6,7,8,9,10,11,12,13,14,15,16,17,18,19,20,558,909",0.00015021159267845,FALSE,2,0,22,2,20,0.0909090909090909,1
"S.EB",28,700,0.33,"TRUE","TRUE","FALSE","20.0870758032113","0.00192318373503931","20.0851526194762","11.737","0.503","1.139","1,2,3,4,5,6,7,8,9,10,11,12,13,14,15,16,17,18,19,20",5.52343695745238e-05,TRUE,0,0,20,0,20,0,1
"S.EB",29,700,0.33,"TRUE","TRUE","FALSE","20.1662711658484","0.00158608355814648","20.1646850822903","13.257","0.49","1.067","1,2,3,4,5,6,7,8,9,10,11,12,13,14,15,16,17,18,19,20",5.40255554008635e-05,TRUE,0,0,20,0,20,0,1
"S.EB",3,700,0.33,"TRUE","TRUE","FALSE","20.1080815849963","0.00224223721413337","20.1058393477821","13.114","0.503","1.211","1,2,3,4,5,6,7,8,9,10,11,12,13,14,15,16,17,18,19,20",3.93607704940908e-05,TRUE,0,0,20,0,20,0,1
"S.EB",30,700,0.33,"TRUE","TRUE","FALSE","20.1675753464431","0.0022726030979973","20.1653027433451","12.864","0.517","1.178","1,2,3,4,5,6,7,8,9,10,11,12,13,14,15,16,17,18,19,20",5.23977575418578e-05,TRUE,0,0,20,0,20,0,1
"S.EB",31,700,0.33,"TRUE","TRUE","FALSE","20.1121684272051","0.0152634157718381","20.0969050114332","12.223","0.493","1.13","1,2,3,4,5,6,7,8,9,10,11,12,13,14,15,16,17,18,19,20",7.48642850284818e-05,TRUE,0,0,20,0,20,0,1
"S.EB",32,700,0.33,"TRUE","TRUE","FALSE","20.0925413783822","0.00111743557981193","20.0914239428024","12.676","0.5","1.227","1,2,3,4,5,6,7,8,9,10,11,12,13,14,15,16,17,18,19,20",5.79071107108362e-05,TRUE,0,0,20,0,20,0,1
"S.EB",33,700,0.33,"TRUE","TRUE","FALSE","20.187744542033","0.00124894146501835","20.186495600568","13.649","0.526","1.325","1,2,3,4,5,6,7,8,9,10,11,12,13,14,15,16,17,18,19,20,757",0.000104011255821078,FALSE,1,0,21,1,20,0.0476190476190476,1
"S.EB",34,700,0.33,"TRUE","TRUE","FALSE","20.0883721063102","0.00172662232187821","20.0866454839883","12.264","0.505","1.207","1,2,3,4,5,6,7,8,9,10,11,12,13,14,15,16,17,18,19,20",4.77383815376631e-05,TRUE,0,0,20,0,20,0,1
"S.EB",35,700,0.33,"TRUE","TRUE","FALSE","20.1476544049773","0.00273725486097616","20.1449171501163","12.724","0.508","1.156","1,2,3,4,5,6,7,8,9,10,11,12,13,14,15,16,17,18,19,20,911",7.5485356812913e-05,FALSE,1,0,21,1,20,0.0476190476190476,1
"S.EB",36,700,0.33,"TRUE","TRUE","FALSE","20.1059730774879","0.00457954823116256","20.1013935292568","13.413","0.503","1.137","1,2,3,4,5,6,7,8,9,10,11,12,13,14,15,16,17,18,19,20",5.45628156781641e-05,TRUE,0,0,20,0,20,0,1
"S.EB",37,700,0.33,"TRUE","TRUE","FALSE","20.1301144003684","0.000943664244075498","20.1291707361243","12.948","0.501","1.115","1,2,3,4,5,6,7,8,9,10,11,12,13,14,15,16,17,18,19,20",4.73870188387715e-05,TRUE,0,0,20,0,20,0,1
"S.EB",38,700,0.33,"TRUE","TRUE","FALSE","20.1388599394814","0.00111441039692237","20.1377455290845","13.436","0.47","1.197","1,2,3,4,5,6,7,8,9,10,11,12,13,14,15,16,17,18,19,20",4.00325572611777e-05,TRUE,0,0,20,0,20,0,1
"S.EB",39,700,0.33,"TRUE","TRUE","FALSE","20.1541764162756","0.00347285648999456","20.1507035597856","12.352","0.502","1.119","1,2,3,4,5,6,7,8,9,10,11,12,13,14,15,16,17,18,19,20,444",7.40289587671451e-05,FALSE,1,0,21,1,20,0.0476190476190476,1
"S.EB",4,700,0.33,"TRUE","TRUE","FALSE","20.1011554414155","0.000915510129220175","20.1002399312863","12.631","0.54","1.209","1,2,3,4,5,6,7,8,9,10,11,12,13,14,15,16,17,18,19,20",5.15393039371833e-05,TRUE,0,0,20,0,20,0,1
"S.EB",40,700,0.33,"TRUE","TRUE","FALSE","20.2022740115936","0.00113259410522617","20.2011414174884","13.741","0.521","1.269","1,2,3,4,5,6,7,8,9,10,11,12,13,14,15,16,17,18,19,20,138",0.000100313394538807,FALSE,1,0,21,1,20,0.0476190476190476,1
"S.EB",41,700,0.33,"TRUE","TRUE","FALSE","20.0999217092385","0.00132156394917165","20.0986001452893","12.695","0.527","1.265","1,2,3,4,5,6,7,8,9,10,11,12,13,14,15,16,17,18,19,20",4.74196531087553e-05,TRUE,0,0,20,0,20,0,1
"S.EB",42,700,0.33,"TRUE","TRUE","FALSE","20.2191993542864","0.00124379157232759","20.2179555627141","13.611","0.5","1.177","1,2,3,4,5,6,7,8,9,10,11,12,13,14,15,16,17,18,19,20,1006",7.51581017276426e-05,FALSE,1,0,21,1,20,0.0476190476190476,1
"S.EB",43,700,0.33,"TRUE","TRUE","FALSE","20.1800119433602","0.00569545247328374","20.1743164908869","12.908","0.489","1.069","1,2,3,4,5,6,7,8,9,10,11,12,13,14,15,16,17,18,19,20",4.57928290915959e-05,TRUE,0,0,20,0,20,0,1
"S.EB",44,700,0.33,"TRUE","TRUE","FALSE","20.1040476655596","0.00105402368728985","20.1029936418723","11.878","0.503","1.119","1,2,3,4,5,6,7,8,9,10,11,12,13,14,15,16,17,18,19,20",5.5232672873022e-05,TRUE,0,0,20,0,20,0,1
"S.EB",45,700,0.33,"TRUE","TRUE","FALSE","20.1399687304897","0.00147013139735484","20.1384985990923","13.776","0.488","1.152","1,2,3,4,5,6,7,8,9,10,11,12,13,14,15,16,17,18,19,20",4.80583098415526e-05,TRUE,0,0,20,0,20,0,1
"S.EB",46,700,0.33,"TRUE","TRUE","FALSE","20.0979144976145","0.00121778872580518","20.0966967088887","12.288","0.495","1.128","1,2,3,4,5,6,7,8,9,10,11,12,13,14,15,16,17,18,19,20",3.89083369235394e-05,TRUE,0,0,20,0,20,0,1
"S.EB",47,700,0.33,"TRUE","TRUE","FALSE","20.1859292735648","0.00134438661966528","20.1845848869451","12.732","0.492","1.06","1,2,3,4,5,6,7,8,9,10,11,12,13,14,15,16,17,18,19,20",7.60521587447851e-05,TRUE,0,0,20,0,20,0,1
"S.EB",48,700,0.33,"TRUE","TRUE","FALSE","20.1193147838901","0.00131872930064992","20.1179960545894","12.908","0.519","1.317","1,2,3,4,5,6,7,8,9,10,11,12,13,14,15,16,17,18,19,20",6.75602898771891e-05,TRUE,0,0,20,0,20,0,1
"S.EB",49,700,0.33,"TRUE","TRUE","FALSE","20.1353617528181","0.000908939903611035","20.1344528129144","12.783","0.5","1.195","1,2,3,4,5,6,7,8,9,10,11,12,13,14,15,16,17,18,19,20",3.32829334576776e-05,TRUE,0,0,20,0,20,0,1
"S.EB",5,700,0.33,"TRUE","TRUE","FALSE","20.1401985775202","0.000914037025675448","20.1392845404945","12.2","0.49","1.192","1,2,3,4,5,6,7,8,9,10,11,12,13,14,15,16,17,18,19,20",5.63511708297439e-05,TRUE,0,0,20,0,20,0,1
"S.EB",50,700,0.33,"TRUE","TRUE","FALSE","20.1272757431152","0.00133152786318832","20.125944215252","12.277","0.512","1.19","1,2,3,4,5,6,7,8,9,10,11,12,13,14,15,16,17,18,19,20",3.73420812331709e-05,TRUE,0,0,20,0,20,0,1
"S.EB",51,700,0.33,"TRUE","TRUE","FALSE","20.1003290296468","0.00168779883021751","20.0986412308166","13.148","0.537","1.23","1,2,3,4,5,6,7,8,9,10,11,12,13,14,15,16,17,18,19,20",3.76426255154983e-05,TRUE,0,0,20,0,20,0,1
"S.EB",52,700,0.33,"TRUE","TRUE","FALSE","20.1045081735977","0.00133238383472931","20.103175789763","12.101","0.538","1.279","1,2,3,4,5,6,7,8,9,10,11,12,13,14,15,16,17,18,19,20",4.94780235146805e-05,TRUE,0,0,20,0,20,0,1
"S.EB",53,700,0.33,"TRUE","TRUE","FALSE","20.1155740092037","0.00270436618117779","20.1128696430225","13.937","0.583","1.345","1,2,3,4,5,6,7,8,9,10,11,12,13,14,15,16,17,18,19,20",4.91292595525968e-05,TRUE,0,0,20,0,20,0,1
"S.EB",54,700,0.33,"TRUE","TRUE","FALSE","20.1026776458672","0.00155563737590595","20.1011220084913","12.515","0.488","1.097","1,2,3,4,5,6,7,8,9,10,11,12,13,14,15,16,17,18,19,20",5.80428741854245e-05,TRUE,0,0,20,0,20,0,1
"S.EB",55,700,0.33,"TRUE","TRUE","FALSE","20.0967539678299","0.00607708929068761","20.0906768785392","12.148","0.502","1.132","1,2,3,4,5,6,7,8,9,10,11,12,13,14,15,16,17,18,19,20",5.39090501477697e-05,TRUE,0,0,20,0,20,0,1
"S.EB",56,700,0.33,"TRUE","TRUE","FALSE","20.1230680361153","0.00182438902778923","20.1212436470875","12.904","0.517","1.208","1,2,3,4,5,6,7,8,9,10,11,12,13,14,15,16,17,18,19,20",4.52465493227432e-05,TRUE,0,0,20,0,20,0,1
"S.EB",57,700,0.33,"TRUE","TRUE","FALSE","20.0920348205965","0.00105480944862977","20.0909800111479","11.829","0.526","1.261","1,2,3,4,5,6,7,8,9,10,11,12,13,14,15,16,17,18,19,20",5.36639443142452e-05,TRUE,0,0,20,0,20,0,1
"S.EB",58,700,0.33,"TRUE","TRUE","FALSE","20.121858128715","0.00260531416613001","20.1192528145489","13.068","0.506","1.106","1,2,3,4,5,6,7,8,9,10,11,12,13,14,15,16,17,18,19,20",5.14790144244568e-05,TRUE,0,0,20,0,20,0,1
"S.EB",59,700,0.33,"TRUE","TRUE","FALSE","20.1261761578509","0.00273227900335452","20.1234438788476","12.391","0.475","1.059","1,2,3,4,5,6,7,8,9,10,11,12,13,14,15,16,17,18,19,20",5.26507571712329e-05,TRUE,0,0,20,0,20,0,1
"S.EB",6,700,0.33,"TRUE","TRUE","FALSE","20.0986841253995","0.00124862927053063","20.0974354961289","12.363","0.508","1.264","1,2,3,4,5,6,7,8,9,10,11,12,13,14,15,16,17,18,19,20",4.102061957636e-05,TRUE,0,0,20,0,20,0,1
"S.EB",60,700,0.33,"TRUE","TRUE","FALSE","20.1259418311732","0.00184532486051339","20.1240965063127","12.532","0.501","1.162","1,2,3,4,5,6,7,8,9,10,11,12,13,14,15,16,17,18,19,20",3.6508355088691e-05,TRUE,0,0,20,0,20,0,1
"S.EB",61,700,0.33,"TRUE","TRUE","FALSE","20.1486025440689","0.001483059872254","20.1471194841967","13.239","0.474","1.055","1,2,3,4,5,6,7,8,9,10,11,12,13,14,15,16,17,18,19,20",6.22493720127828e-05,TRUE,0,0,20,0,20,0,1
"S.EB",62,700,0.33,"TRUE","TRUE","FALSE","20.0929984252563","0.0014675444387156","20.0915308808175","13.762","0.494","1.168","1,2,3,4,5,6,7,8,9,10,11,12,13,14,15,16,17,18,19,20",3.87978461816772e-05,TRUE,0,0,20,0,20,0,1
"S.EB",63,700,0.33,"TRUE","TRUE","FALSE","20.3119605371886","0.00137904948395085","20.3105814877046","13.553","0.502","1.162","1,2,3,4,5,6,7,8,9,10,11,12,13,14,15,16,17,18,19,20,587",7.30992175366868e-05,FALSE,1,0,21,1,20,0.0476190476190476,1
"S.EB",64,700,0.33,"TRUE","TRUE","FALSE","20.2330203429041","0.00190463400144172","20.2311157089026","13.615","0.498","1.142","1,2,3,4,5,6,7,8,9,10,11,12,13,14,15,16,17,18,19,20,86",8.54331249895178e-05,FALSE,1,0,21,1,20,0.0476190476190476,1
"S.EB",65,700,0.33,"TRUE","TRUE","FALSE","20.0992555669958","0.00115781452662906","20.0980977524692","12.478","0.53","1.249","1,2,3,4,5,6,7,8,9,10,11,12,13,14,15,16,17,18,19,20",0.00011393030660204,TRUE,0,0,20,0,20,0,1
"S.EB",66,700,0.33,"TRUE","TRUE","FALSE","20.1043062279213","0.00143800305671811","20.1028682248646","12.208","0.506","1.171","1,2,3,4,5,6,7,8,9,10,11,12,13,14,15,16,17,18,19,20",4.39593787428929e-05,TRUE,0,0,20,0,20,0,1
"S.EB",67,700,0.33,"TRUE","TRUE","FALSE","20.1844822251387","0.00213459601898451","20.1823476291197","13.034","0.512","1.104","1,2,3,4,5,6,7,8,9,10,11,12,13,14,15,16,17,18,19,20",5.38088292963411e-05,TRUE,0,0,20,0,20,0,1
"S.EB",68,700,0.33,"TRUE","TRUE","FALSE","20.2347592141918","0.00145284785271296","20.2333063663391","13.802","0.508","1.102","1,2,3,4,5,6,7,8,9,10,11,12,13,14,15,16,17,18,19,20,916",7.59678933070461e-05,FALSE,1,0,21,1,20,0.0476190476190476,1
"S.EB",69,700,0.33,"TRUE","TRUE","FALSE","20.0998677588748","0.00132392334161139","20.0985438355332","12.531","0.495","1.06","1,2,3,4,5,6,7,8,9,10,11,12,13,14,15,16,17,18,19,20",5.39464630720481e-05,TRUE,0,0,20,0,20,0,1
"S.EB",7,700,0.33,"TRUE","TRUE","FALSE","20.2102073391912","0.00102862071639926","20.2091787184748","14.082","0.482","1.041","1,2,3,4,5,6,7,8,9,10,11,12,13,14,15,16,17,18,19,20,721",7.38075453189993e-05,FALSE,1,0,21,1,20,0.0476190476190476,1
"S.EB",70,700,0.33,"TRUE","TRUE","FALSE","20.1176402615273","0.00243644671492222","20.1152038148124","13.29","0.498","1.12","1,2,3,4,5,6,7,8,9,10,11,12,13,14,15,16,17,18,19,20",4.38210103848326e-05,TRUE,0,0,20,0,20,0,1
"S.EB",71,700,0.33,"TRUE","TRUE","FALSE","20.1064182247613","0.00155219724700754","20.1048660275143","12.502","0.514","1.26","1,2,3,4,5,6,7,8,9,10,11,12,13,14,15,16,17,18,19,20",7.11005426723631e-05,TRUE,0,0,20,0,20,0,1
"S.EB",72,700,0.33,"TRUE","TRUE","FALSE","20.0931139765464","0.00685408374471531","20.0862598928017","12.364","0.495","1.176","1,2,3,4,5,6,7,8,9,10,11,12,13,14,15,16,17,18,19,20",5.75793823677765e-05,TRUE,0,0,20,0,20,0,1
"S.EB",73,700,0.33,"TRUE","TRUE","FALSE","20.2126609283987","0.00114222907163559","20.2115186993271","13.953","0.504","1.117","1,2,3,4,5,6,7,8,9,10,11,12,13,14,15,16,17,18,19,20,657",9.35367502644187e-05,FALSE,1,0,21,1,20,0.0476190476190476,1
"S.EB",74,700,0.33,"TRUE","TRUE","FALSE","20.0989614109042","0.00132089004213246","20.097640520862","12.879","0.502","1.064","1,2,3,4,5,6,7,8,9,10,11,12,13,14,15,16,17,18,19,20",4.23486531890038e-05,TRUE,0,0,20,0,20,0,1
"S.EB",75,700,0.33,"TRUE","TRUE","FALSE","20.1382352180422","0.0020175844037009","20.1362176336385","12.084","0.498","1.134","1,2,3,4,5,6,7,8,9,10,11,12,13,14,15,16,17,18,19,20",4.20602051434878e-05,TRUE,0,0,20,0,20,0,1
"S.EB",76,700,0.33,"TRUE","TRUE","FALSE","20.2857126392522","0.00152846448763364","20.2841841747646","15.141","0.533","1.233","1,2,3,4,5,6,7,8,9,10,11,12,13,14,15,16,17,18,19,20,1004",6.96970688114351e-05,FALSE,1,0,21,1,20,0.0476190476190476,1
"S.EB",77,700,0.33,"TRUE","TRUE","FALSE","20.2575562852388","0.00259873588125078","20.2549575493575","13.892","0.509","1.135","1,2,3,4,5,6,7,8,9,10,11,12,13,14,15,16,17,18,19,20,170",6.83838387289821e-05,FALSE,1,0,21,1,20,0.0476190476190476,1
"S.EB",78,700,0.33,"TRUE","TRUE","FALSE","20.3255959317886","0.00145072298670002","20.3241452088019","14.241","0.495","1.165","1,2,3,4,5,6,7,8,9,10,11,12,13,14,15,16,17,18,19,20,461",0.000100237956727939,FALSE,1,0,21,1,20,0.0476190476190476,1
"S.EB",79,700,0.33,"TRUE","TRUE","FALSE","20.0926902614635","0.00265668098813693","20.0900335804754","14.272","0.56","1.191","1,2,3,4,5,6,7,8,9,10,11,12,13,14,15,16,17,18,19,20",6.26354283422586e-05,TRUE,0,0,20,0,20,0,1
"S.EB",8,700,0.33,"TRUE","TRUE","FALSE","20.1564050532129","0.00176464503176973","20.1546404081812","12.644","0.497","1.177","1,2,3,4,5,6,7,8,9,10,11,12,13,14,15,16,17,18,19,20",4.99592537987401e-05,TRUE,0,0,20,0,20,0,1
"S.EB",80,700,0.33,"TRUE","TRUE","FALSE","20.113961411498","0.00209682860980455","20.1118645828882","12.819","0.499","1.149","1,2,3,4,5,6,7,8,9,10,11,12,13,14,15,16,17,18,19,20",3.2345736677187e-05,TRUE,0,0,20,0,20,0,1
"S.EB",81,700,0.33,"TRUE","TRUE","FALSE","20.107071989716","0.00135313300918717","20.1057188567068","12.563","0.518","1.182","1,2,3,4,5,6,7,8,9,10,11,12,13,14,15,16,17,18,19,20",3.97996888296208e-05,TRUE,0,0,20,0,20,0,1
"S.EB",82,700,0.33,"TRUE","TRUE","FALSE","20.1109664274472","0.00115770459548528","20.1098087228517","13.38","0.535","1.228","1,2,3,4,5,6,7,8,9,10,11,12,13,14,15,16,17,18,19,20",5.8815302232032e-05,TRUE,0,0,20,0,20,0,1
"S.EB",83,700,0.33,"TRUE","TRUE","FALSE","20.1202583633009","0.00120474069332216","20.1190536226076","13.038","0.516","1.165","1,2,3,4,5,6,7,8,9,10,11,12,13,14,15,16,17,18,19,20",8.77450908610322e-05,TRUE,0,0,20,0,20,0,1
"S.EB",84,700,0.33,"TRUE","TRUE","FALSE","20.1568546670289","0.00458640123766738","20.1522682657913","12.793","0.488","1.177","1,2,3,4,5,6,7,8,9,10,11,12,13,14,15,16,17,18,19,20",5.43349543602998e-05,TRUE,0,0,20,0,20,0,1
"S.EB",85,700,0.33,"TRUE","TRUE","FALSE","20.115438624533","0.00175063048710292","20.1136879940459","12.794","0.576","1.278","1,2,3,4,5,6,7,8,9,10,11,12,13,14,15,16,17,18,19,20",3.46863047146607e-05,TRUE,0,0,20,0,20,0,1
"S.EB",86,700,0.33,"TRUE","TRUE","FALSE","20.0871293846918","0.00132440335040898","20.0858049813414","12.574","0.508","1.177","1,2,3,4,5,6,7,8,9,10,11,12,13,14,15,16,17,18,19,20",3.97959315997652e-05,TRUE,0,0,20,0,20,0,1
"S.EB",87,700,0.33,"TRUE","TRUE","FALSE","20.116875654151","0.00143664313243961","20.1154390110186","12.391","0.516","1.154","1,2,3,4,5,6,7,8,9,10,11,12,13,14,15,16,17,18,19,20",6.37654428419845e-05,TRUE,0,0,20,0,20,0,1
"S.EB",88,700,0.33,"TRUE","TRUE","FALSE","20.1210157848314","0.00182572318898801","20.1191900616424","13.308","0.507","1.192","1,2,3,4,5,6,7,8,9,10,11,12,13,14,15,16,17,18,19,20",4.3568406790193e-05,TRUE,0,0,20,0,20,0,1
"S.EB",89,700,0.33,"TRUE","TRUE","FALSE","20.1492368861503","0.00164568688298463","20.1475911992673","12.781","0.512","1.19","1,2,3,4,5,6,7,8,9,10,11,12,13,14,15,16,17,18,19,20",5.90063830324048e-05,TRUE,0,0,20,0,20,0,1
"S.EB",9,700,0.33,"TRUE","TRUE","FALSE","20.1011398554024","0.00100539065743094","20.1001344647449","12.957","0.507","1.196","1,2,3,4,5,6,7,8,9,10,11,12,13,14,15,16,17,18,19,20",5.00629033972076e-05,TRUE,0,0,20,0,20,0,1
"S.EB",90,700,0.33,"TRUE","TRUE","FALSE","20.1196694497678","0.0011124212198482","20.118557028548","13.217","0.525","1.321","1,2,3,4,5,6,7,8,9,10,11,12,13,14,15,16,17,18,19,20",7.11936234003236e-05,TRUE,0,0,20,0,20,0,1
"S.EB",91,700,0.33,"TRUE","TRUE","FALSE","20.1732576374293","0.00712334338455285","20.1661342940448","12.985","0.508","1.048","1,2,3,4,5,6,7,8,9,10,11,12,13,14,15,16,17,18,19,20",7.89805821316396e-05,TRUE,0,0,20,0,20,0,1
"S.EB",92,700,0.33,"TRUE","TRUE","FALSE","20.1149983602335","0.00178973142531121","20.1132086288082","12.729","0.504","1.092","1,2,3,4,5,6,7,8,9,10,11,12,13,14,15,16,17,18,19,20",4.94304460269792e-05,TRUE,0,0,20,0,20,0,1
"S.EB",93,700,0.33,"TRUE","TRUE","FALSE","20.116868496698","0.00150751396331882","20.1153609827346","12.906","0.522","1.208","1,2,3,4,5,6,7,8,9,10,11,12,13,14,15,16,17,18,19,20",5.66170708224259e-05,TRUE,0,0,20,0,20,0,1
"S.EB",94,700,0.33,"TRUE","TRUE","FALSE","20.0898500045206","0.00123005868769223","20.088619945833","12.417","0.497","1.113","1,2,3,4,5,6,7,8,9,10,11,12,13,14,15,16,17,18,19,20",0.000107272626980608,TRUE,0,0,20,0,20,0,1
"S.EB",95,700,0.33,"TRUE","TRUE","FALSE","20.1077284468808","0.00269350853936227","20.1050349383414","12.726","0.497","1.118","1,2,3,4,5,6,7,8,9,10,11,12,13,14,15,16,17,18,19,20",4.41317675522687e-05,TRUE,0,0,20,0,20,0,1
"S.EB",96,700,0.33,"TRUE","TRUE","FALSE","20.1774327626771","0.00143637204879313","20.1759963906283","13.051","0.486","1.115","1,2,3,4,5,6,7,8,9,10,11,12,13,14,15,16,17,18,19,20,877",0.000120880291671568,FALSE,1,0,21,1,20,0.0476190476190476,1
"S.EB",97,700,0.33,"TRUE","TRUE","FALSE","20.1119112048192","0.0018997905604051","20.1100114142588","12.493","0.503","1.202","1,2,3,4,5,6,7,8,9,10,11,12,13,14,15,16,17,18,19,20",3.4641739540532e-05,TRUE,0,0,20,0,20,0,1
"S.EB",98,700,0.33,"TRUE","TRUE","FALSE","20.2873658288619","0.00206555840296309","20.2853002704589","16.264","0.536","1.343","1,2,3,4,5,6,7,8,9,10,11,12,13,14,15,16,17,18,19,20,376",0.000110210650372721,FALSE,1,0,21,1,20,0.0476190476190476,1
"S.EB",99,700,0.33,"TRUE","TRUE","FALSE","20.1470863178214","0.00119647723771311","20.1458898405836","12.995","0.511","1.191","1,2,3,4,5,6,7,8,9,10,11,12,13,14,15,16,17,18,19,20",2.48815433730119e-05,TRUE,0,0,20,0,20,0,1
"S.EB.b",1,700,0.33,"TRUE","TRUE","FALSE","20.126590702499","0.0016245756974117","20.1249661268016","14.561","0.559","1.256","1,2,3,4,5,6,7,8,9,10,11,12,13,14,15,16,17,18,19,20",6.74176319344161e-05,TRUE,0,0,20,0,20,0,1
"S.EB.b",10,700,0.33,"TRUE","TRUE","FALSE","20.1172447123304","0.000980387406893565","20.1162643249235","12.922","0.501","1.203","1,2,3,4,5,6,7,8,9,10,11,12,13,14,15,16,17,18,19,20",5.39424731837775e-05,TRUE,0,0,20,0,20,0,1
"S.EB.b",100,700,0.33,"TRUE","TRUE","FALSE","20.116937694478","0.00257991022745103","20.1143577842505","12.489","0.507","1.137","1,2,3,4,5,6,7,8,9,10,11,12,13,14,15,16,17,18,19,20",5.09795351155271e-05,TRUE,0,0,20,0,20,0,1
"S.EB.b",11,700,0.33,"TRUE","TRUE","FALSE","20.1204301946995","0.00125568496988351","20.1191745097296","13.012","0.513","1.201","1,2,3,4,5,6,7,8,9,10,11,12,13,14,15,16,17,18,19,20",3.69836999496476e-05,TRUE,0,0,20,0,20,0,1
"S.EB.b",12,700,0.33,"TRUE","TRUE","FALSE","20.0993220925899","0.00142574793408339","20.0978963446558","12.125","0.62","1.2","1,2,3,4,5,6,7,8,9,10,11,12,13,14,15,16,17,18,19,20",4.85955419294304e-05,TRUE,0,0,20,0,20,0,1
"S.EB.b",13,700,0.33,"TRUE","TRUE","FALSE","20.1048694389672","0.00232701297562595","20.1025424259916","12.526","0.527","1.262","1,2,3,4,5,6,7,8,9,10,11,12,13,14,15,16,17,18,19,20",5.60084734266487e-05,TRUE,0,0,20,0,20,0,1
"S.EB.b",14,700,0.33,"TRUE","TRUE","FALSE","20.1141510852008","0.00129549265896727","20.1128555925418","12.781","0.502","1.203","1,2,3,4,5,6,7,8,9,10,11,12,13,14,15,16,17,18,19,20",2.02052908806615e-05,TRUE,0,0,20,0,20,0,1
"S.EB.b",15,700,0.33,"TRUE","TRUE","FALSE","20.168802555883","0.0025701862526913","20.1662323696303","12.621","0.513","1.117","1,2,3,4,5,6,7,8,9,10,11,12,13,14,15,16,17,18,19,20,1060",0.000127705473751173,FALSE,1,0,21,1,20,0.0476190476190476,1
"S.EB.b",16,700,0.33,"TRUE","TRUE","FALSE","20.1156141909142","0.00106654426203489","20.1145476466522","12.885","0.501","1.138","1,2,3,4,5,6,7,8,9,10,11,12,13,14,15,16,17,18,19,20",6.30624760391025e-05,TRUE,0,0,20,0,20,0,1
"S.EB.b",17,700,0.33,"TRUE","TRUE","FALSE","20.1067350747346","0.00136041948650029","20.1053746552481","12.466","0.515","1.15","1,2,3,4,5,6,7,8,9,10,11,12,13,14,15,16,17,18,19,20",7.13103058146e-05,TRUE,0,0,20,0,20,0,1
"S.EB.b",18,700,0.33,"TRUE","TRUE","FALSE","20.1422058104564","0.00101521293529664","20.1411905975211","13.012","0.505","1.253","1,2,3,4,5,6,7,8,9,10,11,12,13,14,15,16,17,18,19,20",4.9600779418466e-05,TRUE,0,0,20,0,20,0,1
"S.EB.b",19,700,0.33,"TRUE","TRUE","FALSE","20.100704201874","0.0017338857995057","20.0989703160745","12.666","0.507","1.189","1,2,3,4,5,6,7,8,9,10,11,12,13,14,15,16,17,18,19,20",6.123912728548e-05,TRUE,0,0,20,0,20,0,1
"S.EB.b",2,700,0.33,"TRUE","TRUE","FALSE","20.1159092923851","0.00110029651825187","20.1148089958669","12.676","0.515","1.213","1,2,3,4,5,6,7,8,9,10,11,12,13,14,15,16,17,18,19,20",7.31635854708417e-05,TRUE,0,0,20,0,20,0,1
"S.EB.b",20,700,0.33,"TRUE","TRUE","FALSE","20.1065689302076","0.00684821587737767","20.0997207143303","12.91","0.513","1.209","1,2,3,4,5,6,7,8,9,10,11,12,13,14,15,16,17,18,19,20",4.96438413714523e-05,TRUE,0,0,20,0,20,0,1
"S.EB.b",21,700,0.33,"TRUE","TRUE","FALSE","20.1089919999589","0.00450948187908088","20.1044825180798","12.697","0.499","1.198","1,2,3,4,5,6,7,8,9,10,11,12,13,14,15,16,17,18,19,20",5.352933334176e-05,TRUE,0,0,20,0,20,0,1
"S.EB.b",22,700,0.33,"TRUE","TRUE","FALSE","20.3776292975073","0.00154838610005719","20.3760809114072","15.561","0.466","1.081","1,2,3,4,5,6,7,8,9,10,11,12,13,14,15,16,17,18,19,20,318",8.63360184856161e-05,FALSE,1,0,21,1,20,0.0476190476190476,1
"S.EB.b",23,700,0.33,"TRUE","TRUE","FALSE","20.1341881352908","0.00154657038078009","20.13264156491","12.714","0.495","1.207","1,2,3,4,5,6,7,8,9,10,11,12,13,14,15,16,17,18,19,20",6.46528297443836e-05,TRUE,0,0,20,0,20,0,1
"S.EB.b",24,700,0.33,"TRUE","TRUE","FALSE","20.1716626460339","0.00125127309620797","20.1704113729376","12.714","0.512","1.158","1,2,3,4,5,6,7,8,9,10,11,12,13,14,15,16,17,18,19,20,776",8.0533001639425e-05,FALSE,1,0,21,1,20,0.0476190476190476,1
"S.EB.b",25,700,0.33,"TRUE","TRUE","FALSE","20.1237048199922","0.00145455617809656","20.1222502638141","12.541","0.52","1.222","1,2,3,4,5,6,7,8,9,10,11,12,13,14,15,16,17,18,19,20",4.89300937037898e-05,TRUE,0,0,20,0,20,0,1
"S.EB.b",26,700,0.33,"TRUE","TRUE","FALSE","19.5406751885967","0.0011976426595332","19.5394775459371","14.656","0.51","1.176","1,2,3,4,5,6,7,8,9,10,11,12,13,14,15,16,17,18,19,20",6.77810351747424e-05,TRUE,0,0,20,0,20,0,1
"S.EB.b",27,700,0.33,"TRUE","TRUE","FALSE","20.2757075127557","0.00233087536261353","20.2733766373931","14.969","0.581","1.282","1,2,3,4,5,6,7,8,9,10,11,12,13,14,15,16,17,18,19,20,558,909",0.00015021159267845,FALSE,2,0,22,2,20,0.0909090909090909,1
"S.EB.b",28,700,0.33,"TRUE","TRUE","FALSE","20.0870758032113","0.00192318373503931","20.0851526194762","11.737","0.503","1.139","1,2,3,4,5,6,7,8,9,10,11,12,13,14,15,16,17,18,19,20",5.52343695745238e-05,TRUE,0,0,20,0,20,0,1
"S.EB.b",29,700,0.33,"TRUE","TRUE","FALSE","20.1662711658484","0.00158608355814648","20.1646850822903","13.257","0.49","1.067","1,2,3,4,5,6,7,8,9,10,11,12,13,14,15,16,17,18,19,20",5.40255554008635e-05,TRUE,0,0,20,0,20,0,1
"S.EB.b",3,700,0.33,"TRUE","TRUE","FALSE","20.1080815849963","0.00224223721413337","20.1058393477821","13.114","0.503","1.211","1,2,3,4,5,6,7,8,9,10,11,12,13,14,15,16,17,18,19,20",3.93607704940908e-05,TRUE,0,0,20,0,20,0,1
"S.EB.b",30,700,0.33,"TRUE","TRUE","FALSE","20.1675753464431","0.0022726030979973","20.1653027433451","12.864","0.517","1.178","1,2,3,4,5,6,7,8,9,10,11,12,13,14,15,16,17,18,19,20",5.23977575418578e-05,TRUE,0,0,20,0,20,0,1
"S.EB.b",31,700,0.33,"TRUE","TRUE","FALSE","20.1121684272051","0.0152634157718381","20.0969050114332","12.223","0.493","1.13","1,2,3,4,5,6,7,8,9,10,11,12,13,14,15,16,17,18,19,20",7.48642850284818e-05,TRUE,0,0,20,0,20,0,1
"S.EB.b",32,700,0.33,"TRUE","TRUE","FALSE","20.0925413783822","0.00111743557981193","20.0914239428024","12.676","0.5","1.227","1,2,3,4,5,6,7,8,9,10,11,12,13,14,15,16,17,18,19,20",5.79071107108362e-05,TRUE,0,0,20,0,20,0,1
"S.EB.b",33,700,0.33,"TRUE","TRUE","FALSE","20.187744542033","0.00124894146501835","20.186495600568","13.649","0.526","1.325","1,2,3,4,5,6,7,8,9,10,11,12,13,14,15,16,17,18,19,20,757",0.000104011255821078,FALSE,1,0,21,1,20,0.0476190476190476,1
"S.EB.b",34,700,0.33,"TRUE","TRUE","FALSE","20.0883721063102","0.00172662232187821","20.0866454839883","12.264","0.505","1.207","1,2,3,4,5,6,7,8,9,10,11,12,13,14,15,16,17,18,19,20",4.77383815376631e-05,TRUE,0,0,20,0,20,0,1
"S.EB.b",35,700,0.33,"TRUE","TRUE","FALSE","20.1476544049773","0.00273725486097616","20.1449171501163","12.724","0.508","1.156","1,2,3,4,5,6,7,8,9,10,11,12,13,14,15,16,17,18,19,20,911",7.5485356812913e-05,FALSE,1,0,21,1,20,0.0476190476190476,1
"S.EB.b",36,700,0.33,"TRUE","TRUE","FALSE","20.1059730774879","0.00457954823116256","20.1013935292568","13.413","0.503","1.137","1,2,3,4,5,6,7,8,9,10,11,12,13,14,15,16,17,18,19,20",5.45628156781641e-05,TRUE,0,0,20,0,20,0,1
"S.EB.b",37,700,0.33,"TRUE","TRUE","FALSE","20.1301144003684","0.000943664244075498","20.1291707361243","12.948","0.501","1.115","1,2,3,4,5,6,7,8,9,10,11,12,13,14,15,16,17,18,19,20",4.73870188387715e-05,TRUE,0,0,20,0,20,0,1
"S.EB.b",38,700,0.33,"TRUE","TRUE","FALSE","20.1388599394814","0.00111441039692237","20.1377455290845","13.436","0.47","1.197","1,2,3,4,5,6,7,8,9,10,11,12,13,14,15,16,17,18,19,20",4.00325572611777e-05,TRUE,0,0,20,0,20,0,1
"S.EB.b",39,700,0.33,"TRUE","TRUE","FALSE","20.1541764162756","0.00347285648999456","20.1507035597856","12.352","0.502","1.119","1,2,3,4,5,6,7,8,9,10,11,12,13,14,15,16,17,18,19,20,444",7.40289587671451e-05,FALSE,1,0,21,1,20,0.0476190476190476,1
"S.EB.b",4,700,0.33,"TRUE","TRUE","FALSE","20.1011554414155","0.000915510129220175","20.1002399312863","12.631","0.54","1.209","1,2,3,4,5,6,7,8,9,10,11,12,13,14,15,16,17,18,19,20",5.15393039371833e-05,TRUE,0,0,20,0,20,0,1
"S.EB.b",40,700,0.33,"TRUE","TRUE","FALSE","20.2022740115936","0.00113259410522617","20.2011414174884","13.741","0.521","1.269","1,2,3,4,5,6,7,8,9,10,11,12,13,14,15,16,17,18,19,20,138",0.000100313394538807,FALSE,1,0,21,1,20,0.0476190476190476,1
"S.EB.b",41,700,0.33,"TRUE","TRUE","FALSE","20.0999217092385","0.00132156394917165","20.0986001452893","12.695","0.527","1.265","1,2,3,4,5,6,7,8,9,10,11,12,13,14,15,16,17,18,19,20",4.74196531087553e-05,TRUE,0,0,20,0,20,0,1
"S.EB.b",42,700,0.33,"TRUE","TRUE","FALSE","20.2191993542864","0.00124379157232759","20.2179555627141","13.611","0.5","1.177","1,2,3,4,5,6,7,8,9,10,11,12,13,14,15,16,17,18,19,20,1006",7.51581017276426e-05,FALSE,1,0,21,1,20,0.0476190476190476,1
"S.EB.b",43,700,0.33,"TRUE","TRUE","FALSE","20.1800119433602","0.00569545247328374","20.1743164908869","12.908","0.489","1.069","1,2,3,4,5,6,7,8,9,10,11,12,13,14,15,16,17,18,19,20",4.57928290915959e-05,TRUE,0,0,20,0,20,0,1
"S.EB.b",44,700,0.33,"TRUE","TRUE","FALSE","20.1040476655596","0.00105402368728985","20.1029936418723","11.878","0.503","1.119","1,2,3,4,5,6,7,8,9,10,11,12,13,14,15,16,17,18,19,20",5.5232672873022e-05,TRUE,0,0,20,0,20,0,1
"S.EB.b",45,700,0.33,"TRUE","TRUE","FALSE","20.1399687304897","0.00147013139735484","20.1384985990923","13.776","0.488","1.152","1,2,3,4,5,6,7,8,9,10,11,12,13,14,15,16,17,18,19,20",4.80583098415526e-05,TRUE,0,0,20,0,20,0,1
"S.EB.b",46,700,0.33,"TRUE","TRUE","FALSE","20.0979144976145","0.00121778872580518","20.0966967088887","12.288","0.495","1.128","1,2,3,4,5,6,7,8,9,10,11,12,13,14,15,16,17,18,19,20",3.89083369235394e-05,TRUE,0,0,20,0,20,0,1
"S.EB.b",47,700,0.33,"TRUE","TRUE","FALSE","20.1859292735648","0.00134438661966528","20.1845848869451","12.732","0.492","1.06","1,2,3,4,5,6,7,8,9,10,11,12,13,14,15,16,17,18,19,20",7.60521587447851e-05,TRUE,0,0,20,0,20,0,1
"S.EB.b",48,700,0.33,"TRUE","TRUE","FALSE","20.1193147838901","0.00131872930064992","20.1179960545894","12.908","0.519","1.317","1,2,3,4,5,6,7,8,9,10,11,12,13,14,15,16,17,18,19,20",6.75602898771891e-05,TRUE,0,0,20,0,20,0,1
"S.EB.b",49,700,0.33,"TRUE","TRUE","FALSE","20.1353617528181","0.000908939903611035","20.1344528129144","12.783","0.5","1.195","1,2,3,4,5,6,7,8,9,10,11,12,13,14,15,16,17,18,19,20",3.32829334576776e-05,TRUE,0,0,20,0,20,0,1
"S.EB.b",5,700,0.33,"TRUE","TRUE","FALSE","20.1401985775202","0.000914037025675448","20.1392845404945","12.2","0.49","1.192","1,2,3,4,5,6,7,8,9,10,11,12,13,14,15,16,17,18,19,20",5.63511708297439e-05,TRUE,0,0,20,0,20,0,1
"S.EB.b",50,700,0.33,"TRUE","TRUE","FALSE","20.1272757431152","0.00133152786318832","20.125944215252","12.277","0.512","1.19","1,2,3,4,5,6,7,8,9,10,11,12,13,14,15,16,17,18,19,20",3.73420812331709e-05,TRUE,0,0,20,0,20,0,1
"S.EB.b",51,700,0.33,"TRUE","TRUE","FALSE","20.1003290296468","0.00168779883021751","20.0986412308166","13.148","0.537","1.23","1,2,3,4,5,6,7,8,9,10,11,12,13,14,15,16,17,18,19,20",3.76426255154983e-05,TRUE,0,0,20,0,20,0,1
"S.EB.b",52,700,0.33,"TRUE","TRUE","FALSE","20.1045081735977","0.00133238383472931","20.103175789763","12.101","0.538","1.279","1,2,3,4,5,6,7,8,9,10,11,12,13,14,15,16,17,18,19,20",4.94780235146805e-05,TRUE,0,0,20,0,20,0,1
"S.EB.b",53,700,0.33,"TRUE","TRUE","FALSE","20.1155740092037","0.00270436618117779","20.1128696430225","13.937","0.583","1.345","1,2,3,4,5,6,7,8,9,10,11,12,13,14,15,16,17,18,19,20",4.91292595525968e-05,TRUE,0,0,20,0,20,0,1
"S.EB.b",54,700,0.33,"TRUE","TRUE","FALSE","20.1026776458672","0.00155563737590595","20.1011220084913","12.515","0.488","1.097","1,2,3,4,5,6,7,8,9,10,11,12,13,14,15,16,17,18,19,20",5.80428741854245e-05,TRUE,0,0,20,0,20,0,1
"S.EB.b",55,700,0.33,"TRUE","TRUE","FALSE","20.0967539678299","0.00607708929068761","20.0906768785392","12.148","0.502","1.132","1,2,3,4,5,6,7,8,9,10,11,12,13,14,15,16,17,18,19,20",5.39090501477697e-05,TRUE,0,0,20,0,20,0,1
"S.EB.b",56,700,0.33,"TRUE","TRUE","FALSE","20.1230680361153","0.00182438902778923","20.1212436470875","12.904","0.517","1.208","1,2,3,4,5,6,7,8,9,10,11,12,13,14,15,16,17,18,19,20",4.52465493227432e-05,TRUE,0,0,20,0,20,0,1
"S.EB.b",57,700,0.33,"TRUE","TRUE","FALSE","20.0920348205965","0.00105480944862977","20.0909800111479","11.829","0.526","1.261","1,2,3,4,5,6,7,8,9,10,11,12,13,14,15,16,17,18,19,20",5.36639443142452e-05,TRUE,0,0,20,0,20,0,1
"S.EB.b",58,700,0.33,"TRUE","TRUE","FALSE","20.121858128715","0.00260531416613001","20.1192528145489","13.068","0.506","1.106","1,2,3,4,5,6,7,8,9,10,11,12,13,14,15,16,17,18,19,20",5.14790144244568e-05,TRUE,0,0,20,0,20,0,1
"S.EB.b",59,700,0.33,"TRUE","TRUE","FALSE","20.1261761578509","0.00273227900335452","20.1234438788476","12.391","0.475","1.059","1,2,3,4,5,6,7,8,9,10,11,12,13,14,15,16,17,18,19,20",5.26507571712329e-05,TRUE,0,0,20,0,20,0,1
"S.EB.b",6,700,0.33,"TRUE","TRUE","FALSE","20.0986841253995","0.00124862927053063","20.0974354961289","12.363","0.508","1.264","1,2,3,4,5,6,7,8,9,10,11,12,13,14,15,16,17,18,19,20",4.102061957636e-05,TRUE,0,0,20,0,20,0,1
"S.EB.b",60,700,0.33,"TRUE","TRUE","FALSE","20.1259418311732","0.00184532486051339","20.1240965063127","12.532","0.501","1.162","1,2,3,4,5,6,7,8,9,10,11,12,13,14,15,16,17,18,19,20",3.6508355088691e-05,TRUE,0,0,20,0,20,0,1
"S.EB.b",61,700,0.33,"TRUE","TRUE","FALSE","20.1486025440689","0.001483059872254","20.1471194841967","13.239","0.474","1.055","1,2,3,4,5,6,7,8,9,10,11,12,13,14,15,16,17,18,19,20",6.22493720127828e-05,TRUE,0,0,20,0,20,0,1
"S.EB.b",62,700,0.33,"TRUE","TRUE","FALSE","20.0929984252563","0.0014675444387156","20.0915308808175","13.762","0.494","1.168","1,2,3,4,5,6,7,8,9,10,11,12,13,14,15,16,17,18,19,20",3.87978461816772e-05,TRUE,0,0,20,0,20,0,1
"S.EB.b",63,700,0.33,"TRUE","TRUE","FALSE","20.3119605371886","0.00137904948395085","20.3105814877046","13.553","0.502","1.162","1,2,3,4,5,6,7,8,9,10,11,12,13,14,15,16,17,18,19,20,587",7.30992175366868e-05,FALSE,1,0,21,1,20,0.0476190476190476,1
"S.EB.b",64,700,0.33,"TRUE","TRUE","FALSE","20.2330203429041","0.00190463400144172","20.2311157089026","13.615","0.498","1.142","1,2,3,4,5,6,7,8,9,10,11,12,13,14,15,16,17,18,19,20,86",8.54331249895178e-05,FALSE,1,0,21,1,20,0.0476190476190476,1
"S.EB.b",65,700,0.33,"TRUE","TRUE","FALSE","20.0992555669958","0.00115781452662906","20.0980977524692","12.478","0.53","1.249","1,2,3,4,5,6,7,8,9,10,11,12,13,14,15,16,17,18,19,20",0.00011393030660204,TRUE,0,0,20,0,20,0,1
"S.EB.b",66,700,0.33,"TRUE","TRUE","FALSE","20.1043062279213","0.00143800305671811","20.1028682248646","12.208","0.506","1.171","1,2,3,4,5,6,7,8,9,10,11,12,13,14,15,16,17,18,19,20",4.39593787428929e-05,TRUE,0,0,20,0,20,0,1
"S.EB.b",67,700,0.33,"TRUE","TRUE","FALSE","20.1844822251387","0.00213459601898451","20.1823476291197","13.034","0.512","1.104","1,2,3,4,5,6,7,8,9,10,11,12,13,14,15,16,17,18,19,20,281",9.45918278117057e-05,FALSE,1,0,21,1,20,0.0476190476190476,1
"S.EB.b",68,700,0.33,"TRUE","TRUE","FALSE","20.2347592141918","0.00145284785271296","20.2333063663391","13.802","0.508","1.102","1,2,3,4,5,6,7,8,9,10,11,12,13,14,15,16,17,18,19,20,916",7.59678933070461e-05,FALSE,1,0,21,1,20,0.0476190476190476,1
"S.EB.b",69,700,0.33,"TRUE","TRUE","FALSE","20.0998677588748","0.00132392334161139","20.0985438355332","12.531","0.495","1.06","1,2,3,4,5,6,7,8,9,10,11,12,13,14,15,16,17,18,19,20",5.39464630720481e-05,TRUE,0,0,20,0,20,0,1
"S.EB.b",7,700,0.33,"TRUE","TRUE","FALSE","20.2102073391912","0.00102862071639926","20.2091787184748","14.082","0.482","1.041","1,2,3,4,5,6,7,8,9,10,11,12,13,14,15,16,17,18,19,20,721",7.38075453189993e-05,FALSE,1,0,21,1,20,0.0476190476190476,1
"S.EB.b",70,700,0.33,"TRUE","TRUE","FALSE","20.1176402615273","0.00243644671492222","20.1152038148124","13.29","0.498","1.12","1,2,3,4,5,6,7,8,9,10,11,12,13,14,15,16,17,18,19,20",4.38210103848326e-05,TRUE,0,0,20,0,20,0,1
"S.EB.b",71,700,0.33,"TRUE","TRUE","FALSE","20.1064182247613","0.00155219724700754","20.1048660275143","12.502","0.514","1.26","1,2,3,4,5,6,7,8,9,10,11,12,13,14,15,16,17,18,19,20",7.11005426723631e-05,TRUE,0,0,20,0,20,0,1
"S.EB.b",72,700,0.33,"TRUE","TRUE","FALSE","20.0931139765464","0.00685408374471531","20.0862598928017","12.364","0.495","1.176","1,2,3,4,5,6,7,8,9,10,11,12,13,14,15,16,17,18,19,20",5.75793823677765e-05,TRUE,0,0,20,0,20,0,1
"S.EB.b",73,700,0.33,"TRUE","TRUE","FALSE","20.2126609283987","0.00114222907163559","20.2115186993271","13.953","0.504","1.117","1,2,3,4,5,6,7,8,9,10,11,12,13,14,15,16,17,18,19,20,657",9.35367502644187e-05,FALSE,1,0,21,1,20,0.0476190476190476,1
"S.EB.b",74,700,0.33,"TRUE","TRUE","FALSE","20.0989614109042","0.00132089004213246","20.097640520862","12.879","0.502","1.064","1,2,3,4,5,6,7,8,9,10,11,12,13,14,15,16,17,18,19,20",4.23486531890038e-05,TRUE,0,0,20,0,20,0,1
"S.EB.b",75,700,0.33,"TRUE","TRUE","FALSE","20.1382352180422","0.0020175844037009","20.1362176336385","12.084","0.498","1.134","1,2,3,4,5,6,7,8,9,10,11,12,13,14,15,16,17,18,19,20",4.20602051434878e-05,TRUE,0,0,20,0,20,0,1
"S.EB.b",76,700,0.33,"TRUE","TRUE","FALSE","20.2857126392522","0.00152846448763364","20.2841841747646","15.141","0.533","1.233","1,2,3,4,5,6,7,8,9,10,11,12,13,14,15,16,17,18,19,20,1004",6.96970688114351e-05,FALSE,1,0,21,1,20,0.0476190476190476,1
"S.EB.b",77,700,0.33,"TRUE","TRUE","FALSE","20.2575562852388","0.00259873588125078","20.2549575493575","13.892","0.509","1.135","1,2,3,4,5,6,7,8,9,10,11,12,13,14,15,16,17,18,19,20,170",6.83838387289821e-05,FALSE,1,0,21,1,20,0.0476190476190476,1
"S.EB.b",78,700,0.33,"TRUE","TRUE","FALSE","20.3255959317886","0.00145072298670002","20.3241452088019","14.241","0.495","1.165","1,2,3,4,5,6,7,8,9,10,11,12,13,14,15,16,17,18,19,20,461",0.000100237956727939,FALSE,1,0,21,1,20,0.0476190476190476,1
"S.EB.b",79,700,0.33,"TRUE","TRUE","FALSE","20.0926902614635","0.00265668098813693","20.0900335804754","14.272","0.56","1.191","1,2,3,4,5,6,7,8,9,10,11,12,13,14,15,16,17,18,19,20",6.26354283422586e-05,TRUE,0,0,20,0,20,0,1
"S.EB.b",8,700,0.33,"TRUE","TRUE","FALSE","20.1564050532129","0.00176464503176973","20.1546404081812","12.644","0.497","1.177","1,2,3,4,5,6,7,8,9,10,11,12,13,14,15,16,17,18,19,20",4.99592537987401e-05,TRUE,0,0,20,0,20,0,1
"S.EB.b",80,700,0.33,"TRUE","TRUE","FALSE","20.113961411498","0.00209682860980455","20.1118645828882","12.819","0.499","1.149","1,2,3,4,5,6,7,8,9,10,11,12,13,14,15,16,17,18,19,20",3.2345736677187e-05,TRUE,0,0,20,0,20,0,1
"S.EB.b",81,700,0.33,"TRUE","TRUE","FALSE","20.107071989716","0.00135313300918717","20.1057188567068","12.563","0.518","1.182","1,2,3,4,5,6,7,8,9,10,11,12,13,14,15,16,17,18,19,20",3.97996888296208e-05,TRUE,0,0,20,0,20,0,1
"S.EB.b",82,700,0.33,"TRUE","TRUE","FALSE","20.1109664274472","0.00115770459548528","20.1098087228517","13.38","0.535","1.228","1,2,3,4,5,6,7,8,9,10,11,12,13,14,15,16,17,18,19,20",5.8815302232032e-05,TRUE,0,0,20,0,20,0,1
"S.EB.b",83,700,0.33,"TRUE","TRUE","FALSE","20.1202583633009","0.00120474069332216","20.1190536226076","13.038","0.516","1.165","1,2,3,4,5,6,7,8,9,10,11,12,13,14,15,16,17,18,19,20",8.77450908610322e-05,TRUE,0,0,20,0,20,0,1
"S.EB.b",84,700,0.33,"TRUE","TRUE","FALSE","20.1568546670289","0.00458640123766738","20.1522682657913","12.793","0.488","1.177","1,2,3,4,5,6,7,8,9,10,11,12,13,14,15,16,17,18,19,20",5.43349543602998e-05,TRUE,0,0,20,0,20,0,1
"S.EB.b",85,700,0.33,"TRUE","TRUE","FALSE","20.115438624533","0.00175063048710292","20.1136879940459","12.794","0.576","1.278","1,2,3,4,5,6,7,8,9,10,11,12,13,14,15,16,17,18,19,20",3.46863047146607e-05,TRUE,0,0,20,0,20,0,1
"S.EB.b",86,700,0.33,"TRUE","TRUE","FALSE","20.0871293846918","0.00132440335040898","20.0858049813414","12.574","0.508","1.177","1,2,3,4,5,6,7,8,9,10,11,12,13,14,15,16,17,18,19,20",3.97959315997652e-05,TRUE,0,0,20,0,20,0,1
"S.EB.b",87,700,0.33,"TRUE","TRUE","FALSE","20.116875654151","0.00143664313243961","20.1154390110186","12.391","0.516","1.154","1,2,3,4,5,6,7,8,9,10,11,12,13,14,15,16,17,18,19,20",6.37654428419845e-05,TRUE,0,0,20,0,20,0,1
"S.EB.b",88,700,0.33,"TRUE","TRUE","FALSE","20.1210157848314","0.00182572318898801","20.1191900616424","13.308","0.507","1.192","1,2,3,4,5,6,7,8,9,10,11,12,13,14,15,16,17,18,19,20",4.3568406790193e-05,TRUE,0,0,20,0,20,0,1
"S.EB.b",89,700,0.33,"TRUE","TRUE","FALSE","20.1492368861503","0.00164568688298463","20.1475911992673","12.781","0.512","1.19","1,2,3,4,5,6,7,8,9,10,11,12,13,14,15,16,17,18,19,20",5.90063830324048e-05,TRUE,0,0,20,0,20,0,1
"S.EB.b",9,700,0.33,"TRUE","TRUE","FALSE","20.1011398554024","0.00100539065743094","20.1001344647449","12.957","0.507","1.196","1,2,3,4,5,6,7,8,9,10,11,12,13,14,15,16,17,18,19,20",5.00629033972076e-05,TRUE,0,0,20,0,20,0,1
"S.EB.b",90,700,0.33,"TRUE","TRUE","FALSE","20.1196694497678","0.0011124212198482","20.118557028548","13.217","0.525","1.321","1,2,3,4,5,6,7,8,9,10,11,12,13,14,15,16,17,18,19,20",7.11936234003236e-05,TRUE,0,0,20,0,20,0,1
"S.EB.b",91,700,0.33,"TRUE","TRUE","FALSE","20.1732576374293","0.00712334338455285","20.1661342940448","12.985","0.508","1.048","1,2,3,4,5,6,7,8,9,10,11,12,13,14,15,16,17,18,19,20",7.89805821316396e-05,TRUE,0,0,20,0,20,0,1
"S.EB.b",92,700,0.33,"TRUE","TRUE","FALSE","20.1149983602335","0.00178973142531121","20.1132086288082","12.729","0.504","1.092","1,2,3,4,5,6,7,8,9,10,11,12,13,14,15,16,17,18,19,20",4.94304460269792e-05,TRUE,0,0,20,0,20,0,1
"S.EB.b",93,700,0.33,"TRUE","TRUE","FALSE","20.116868496698","0.00150751396331882","20.1153609827346","12.906","0.522","1.208","1,2,3,4,5,6,7,8,9,10,11,12,13,14,15,16,17,18,19,20",5.66170708224259e-05,TRUE,0,0,20,0,20,0,1
"S.EB.b",94,700,0.33,"TRUE","TRUE","FALSE","20.0898500045206","0.00123005868769223","20.088619945833","12.417","0.497","1.113","1,2,3,4,5,6,7,8,9,10,11,12,13,14,15,16,17,18,19,20",0.000107272626980608,TRUE,0,0,20,0,20,0,1
"S.EB.b",95,700,0.33,"TRUE","TRUE","FALSE","20.1077284468808","0.00269350853936227","20.1050349383414","12.726","0.497","1.118","1,2,3,4,5,6,7,8,9,10,11,12,13,14,15,16,17,18,19,20",4.41317675522687e-05,TRUE,0,0,20,0,20,0,1
"S.EB.b",96,700,0.33,"TRUE","TRUE","FALSE","20.1774327626771","0.00143637204879313","20.1759963906283","13.051","0.486","1.115","1,2,3,4,5,6,7,8,9,10,11,12,13,14,15,16,17,18,19,20,877",0.000120880291671568,FALSE,1,0,21,1,20,0.0476190476190476,1
"S.EB.b",97,700,0.33,"TRUE","TRUE","FALSE","20.1119112048192","0.0018997905604051","20.1100114142588","12.493","0.503","1.202","1,2,3,4,5,6,7,8,9,10,11,12,13,14,15,16,17,18,19,20",3.4641739540532e-05,TRUE,0,0,20,0,20,0,1
"S.EB.b",98,700,0.33,"TRUE","TRUE","FALSE","20.2873658288619","0.00206555840296309","20.2853002704589","16.264","0.536","1.343","1,2,3,4,5,6,7,8,9,10,11,12,13,14,15,16,17,18,19,20,376",0.000110210650372721,FALSE,1,0,21,1,20,0.0476190476190476,1
"S.EB.b",99,700,0.33,"TRUE","TRUE","FALSE","20.1470863178214","0.00119647723771311","20.1458898405836","12.995","0.511","1.191","1,2,3,4,5,6,7,8,9,10,11,12,13,14,15,16,17,18,19,20",2.48815433730119e-05,TRUE,0,0,20,0,20,0,1
"scad.cv",1,700,0.33,"TRUE","TRUE","FALSE","20.126590702499","0.0016245756974117","20.1249661268016","14.561","0.559","1.256","1,2,3,4,5,6,8,9,10,11,12,13,14,15,16,17,18,19,20",0.00140640273935375,FALSE,0,1,19,0,19,0,0.95
"scad.cv",10,700,0.33,"TRUE","TRUE","FALSE","20.1172447123304","0.000980387406893565","20.1162643249235","12.922","0.501","1.203","1,2,3,4,5,6,7,8,9,10,11,12,13,14,15,16,17,18,19,20,98,723,936,1043",0.000945327672800687,FALSE,4,0,24,4,20,0.166666666666667,1
"scad.cv",100,700,0.33,"TRUE","TRUE","FALSE","20.116937694478","0.00257991022745103","20.1143577842505","12.489","0.507","1.137","1,2,3,4,5,6,7,8,9,10,11,12,13,14,15,16,17,18,19,20,644,766,900",0.0010701952624333,FALSE,3,0,23,3,20,0.130434782608696,1
"scad.cv",11,700,0.33,"TRUE","TRUE","FALSE","20.1204301946995","0.00125568496988351","20.1191745097296","13.012","0.513","1.201","1,2,3,4,5,6,8,9,10,11,12,13,14,15,16,17,18,19,20",0.00213414196411777,FALSE,0,1,19,0,19,0,0.95
"scad.cv",12,700,0.33,"TRUE","TRUE","FALSE","20.0993220925899","0.00142574793408339","20.0978963446558","12.125","0.62","1.2","1,2,3,4,5,6,7,8,9,10,11,12,13,14,15,16,17,18,19,20,60,491,900,960",0.00119377333334902,FALSE,4,0,24,4,20,0.166666666666667,1
"scad.cv",13,700,0.33,"TRUE","TRUE","FALSE","20.1048694389672","0.00232701297562595","20.1025424259916","12.526","0.527","1.262","1,2,3,4,5,6,8,9,10,11,12,13,14,15,16,17,18,19,20",0.00231579312444846,FALSE,0,1,19,0,19,0,0.95
"scad.cv",14,700,0.33,"TRUE","TRUE","FALSE","20.1141510852008","0.00129549265896727","20.1128555925418","12.781","0.502","1.203","1,2,3,4,5,6,8,9,10,11,12,13,14,15,16,17,18,19,20",0.00221283191695291,FALSE,0,1,19,0,19,0,0.95
"scad.cv",15,700,0.33,"TRUE","TRUE","FALSE","20.168802555883","0.0025701862526913","20.1662323696303","12.621","0.513","1.117","1,2,3,4,5,6,7,8,9,10,11,12,13,14,15,16,17,18,19,20",0.00197307320451895,TRUE,0,0,20,0,20,0,1
"scad.cv",16,700,0.33,"TRUE","TRUE","FALSE","20.1156141909142","0.00106654426203489","20.1145476466522","12.885","0.501","1.138","1,2,3,4,5,6,7,8,9,10,11,12,13,14,15,16,17,18,19,20",0.00169422930155897,TRUE,0,0,20,0,20,0,1
"scad.cv",17,700,0.33,"TRUE","TRUE","FALSE","20.1067350747346","0.00136041948650029","20.1053746552481","12.466","0.515","1.15","1,2,3,4,5,6,8,9,10,11,12,13,14,15,16,17,18,19,20",0.00270965688069856,FALSE,0,1,19,0,19,0,0.95
"scad.cv",18,700,0.33,"TRUE","TRUE","FALSE","20.1422058104564","0.00101521293529664","20.1411905975211","13.012","0.505","1.253","1,2,3,4,5,6,7,8,9,10,11,12,13,14,15,16,17,18,19,20,30,100,194,287,567,571,731,886,1001,1043",0.00116671024829382,FALSE,10,0,30,10,20,0.333333333333333,1
"scad.cv",19,700,0.33,"TRUE","TRUE","FALSE","20.100704201874","0.0017338857995057","20.0989703160745","12.666","0.507","1.189","1,2,3,4,5,6,7,8,9,10,11,12,13,14,15,16,17,18,19,20,73,441,571,584,619,885,891,961,1007",0.000943016830517139,FALSE,9,0,29,9,20,0.310344827586207,1
"scad.cv",2,700,0.33,"TRUE","TRUE","FALSE","20.1159092923851","0.00110029651825187","20.1148089958669","12.676","0.515","1.213","1,2,3,4,5,6,7,8,9,10,11,12,13,14,15,16,17,18,19,20,275,308,363,420,495,551,630,645,848,871",0.000873549345815104,FALSE,10,0,30,10,20,0.333333333333333,1
"scad.cv",20,700,0.33,"TRUE","TRUE","FALSE","20.1065689302076","0.00684821587737767","20.0997207143303","12.91","0.513","1.209","1,2,3,4,5,6,8,10,11,12,13,14,15,16,17,18,19,20",0.00213227042783119,FALSE,0,2,18,0,18,0,0.9
"scad.cv",21,700,0.33,"TRUE","TRUE","FALSE","20.1089919999589","0.00450948187908088","20.1044825180798","12.697","0.499","1.198","1,2,3,4,5,6,8,9,10,11,12,13,14,15,16,17,18,19,20",0.00266022587647605,FALSE,0,1,19,0,19,0,0.95
"scad.cv",22,700,0.33,"TRUE","TRUE","FALSE","20.3776292975073","0.00154838610005719","20.3760809114072","15.561","0.466","1.081","1,2,3,4,5,6,8,9,10,11,12,13,14,15,16,17,18,19,20",0.00254516267164958,FALSE,0,1,19,0,19,0,0.95
"scad.cv",23,700,0.33,"TRUE","TRUE","FALSE","20.1341881352908","0.00154657038078009","20.13264156491","12.714","0.495","1.207","1,2,3,4,5,6,7,8,9,10,11,12,13,14,15,16,17,18,19,20",0.00231044407017868,TRUE,0,0,20,0,20,0,1
"scad.cv",24,700,0.33,"TRUE","TRUE","FALSE","20.1716626460339","0.00125127309620797","20.1704113729376","12.714","0.512","1.158","1,2,3,4,5,6,7,8,9,10,11,12,13,14,15,16,17,18,19,20",0.00216322311542489,TRUE,0,0,20,0,20,0,1
"scad.cv",25,700,0.33,"TRUE","TRUE","FALSE","20.1237048199922","0.00145455617809656","20.1222502638141","12.541","0.52","1.222","1,2,3,4,5,6,7,8,10,11,12,13,14,15,16,17,18,19,20",0.00198274290411107,FALSE,0,1,19,0,19,0,0.95
"scad.cv",26,700,0.33,"TRUE","TRUE","FALSE","19.5406751885967","0.0011976426595332","19.5394775459371","14.656","0.51","1.176","1,2,3,4,5,6,8,10,11,12,13,14,15,16,17,18,19,20",0.00209746591630373,FALSE,0,2,18,0,18,0,0.9
"scad.cv",27,700,0.33,"TRUE","TRUE","FALSE","20.2757075127557","0.00233087536261353","20.2733766373931","14.969","0.581","1.282","1,2,3,4,5,6,7,8,9,10,11,12,13,14,15,16,17,18,19,20",0.00260560831142135,TRUE,0,0,20,0,20,0,1
"scad.cv",28,700,0.33,"TRUE","TRUE","FALSE","20.0870758032113","0.00192318373503931","20.0851526194762","11.737","0.503","1.139","1,2,3,4,5,6,7,8,9,10,11,12,13,14,15,16,17,18,19,20,825,871,895,908",0.00112779482200981,FALSE,4,0,24,4,20,0.166666666666667,1
"scad.cv",29,700,0.33,"TRUE","TRUE","FALSE","20.1662711658484","0.00158608355814648","20.1646850822903","13.257","0.49","1.067","1,2,3,4,5,6,8,9,10,11,12,13,14,15,16,17,18,19,20",0.00235326151679099,FALSE,0,1,19,0,19,0,0.95
"scad.cv",3,700,0.33,"TRUE","TRUE","FALSE","20.1080815849963","0.00224223721413337","20.1058393477821","13.114","0.503","1.211","1,2,3,4,5,6,8,9,10,11,12,13,14,15,16,17,18,19,20",0.0020993592616194,FALSE,0,1,19,0,19,0,0.95
"scad.cv",30,700,0.33,"TRUE","TRUE","FALSE","20.1675753464431","0.0022726030979973","20.1653027433451","12.864","0.517","1.178","1,2,3,4,5,6,8,9,10,11,12,13,14,15,16,17,18,19,20",0.00216036866514106,FALSE,0,1,19,0,19,0,0.95
"scad.cv",31,700,0.33,"TRUE","TRUE","FALSE","20.1121684272051","0.0152634157718381","20.0969050114332","12.223","0.493","1.13","1,2,3,4,5,6,7,8,9,10,11,12,13,14,15,16,17,18,19,20",0.00278865888648831,TRUE,0,0,20,0,20,0,1
"scad.cv",32,700,0.33,"TRUE","TRUE","FALSE","20.0925413783822","0.00111743557981193","20.0914239428024","12.676","0.5","1.227","1,2,3,4,5,6,8,9,10,11,12,13,14,15,16,17,18,19,20,900",0.00216795211918275,FALSE,1,1,20,1,19,0.05,0.95
"scad.cv",33,700,0.33,"TRUE","TRUE","FALSE","20.187744542033","0.00124894146501835","20.186495600568","13.649","0.526","1.325","1,2,3,4,5,6,7,8,9,10,11,12,13,14,15,16,17,18,19,20",0.00243632484704433,TRUE,0,0,20,0,20,0,1
"scad.cv",34,700,0.33,"TRUE","TRUE","FALSE","20.0883721063102","0.00172662232187821","20.0866454839883","12.264","0.505","1.207","1,2,3,4,5,6,8,10,11,12,13,14,15,16,17,18,19,20",0.00232115112992167,FALSE,0,2,18,0,18,0,0.9
"scad.cv",35,700,0.33,"TRUE","TRUE","FALSE","20.1476544049773","0.00273725486097616","20.1449171501163","12.724","0.508","1.156","1,2,3,4,5,6,8,9,10,11,12,13,14,15,16,17,18,19,20",0.00209672222265756,FALSE,0,1,19,0,19,0,0.95
"scad.cv",36,700,0.33,"TRUE","TRUE","FALSE","20.1059730774879","0.00457954823116256","20.1013935292568","13.413","0.503","1.137","1,2,3,4,5,6,7,8,9,10,11,12,13,14,15,16,17,18,19,20,30,236,257,295,462,551,584,614,644,723,794,896,971",0.000804809849846355,FALSE,13,0,33,13,20,0.393939393939394,1
"scad.cv",37,700,0.33,"TRUE","TRUE","FALSE","20.1301144003684","0.000943664244075498","20.1291707361243","12.948","0.501","1.115","1,2,3,4,5,6,7,8,9,10,11,12,13,14,15,16,17,18,19,20",0.00128572683344212,TRUE,0,0,20,0,20,0,1
"scad.cv",38,700,0.33,"TRUE","TRUE","FALSE","20.1388599394814","0.00111441039692237","20.1377455290845","13.436","0.47","1.197","1,2,3,4,5,6,7,8,9,10,11,12,13,14,15,16,17,18,19,20",0.00207698351580852,TRUE,0,0,20,0,20,0,1
"scad.cv",39,700,0.33,"TRUE","TRUE","FALSE","20.1541764162756","0.00347285648999456","20.1507035597856","12.352","0.502","1.119","1,2,3,4,5,6,7,8,9,10,11,12,13,14,15,16,17,18,19,20,30,444,896,948",0.000952389791657742,FALSE,4,0,24,4,20,0.166666666666667,1
"scad.cv",4,700,0.33,"TRUE","TRUE","FALSE","20.1011554414155","0.000915510129220175","20.1002399312863","12.631","0.54","1.209","1,2,3,4,5,6,7,8,9,10,11,12,13,14,15,16,17,18,19,20",0.00161011603645037,TRUE,0,0,20,0,20,0,1
"scad.cv",40,700,0.33,"TRUE","TRUE","FALSE","20.2022740115936","0.00113259410522617","20.2011414174884","13.741","0.521","1.269","1,2,3,4,5,6,7,8,9,10,11,12,13,14,15,16,17,18,19,20",0.00245602457555744,TRUE,0,0,20,0,20,0,1
"scad.cv",41,700,0.33,"TRUE","TRUE","FALSE","20.0999217092385","0.00132156394917165","20.0986001452893","12.695","0.527","1.265","1,2,3,4,5,6,7,8,9,10,11,12,13,14,15,16,17,18,19,20",0.00275640430692525,TRUE,0,0,20,0,20,0,1
"scad.cv",42,700,0.33,"TRUE","TRUE","FALSE","20.2191993542864","0.00124379157232759","20.2179555627141","13.611","0.5","1.177","1,2,3,4,5,6,8,9,10,11,12,13,14,15,16,17,18,19,20",0.00174409475141758,FALSE,0,1,19,0,19,0,0.95
"scad.cv",43,700,0.33,"TRUE","TRUE","FALSE","20.1800119433602","0.00569545247328374","20.1743164908869","12.908","0.489","1.069","1,2,3,4,5,6,8,9,10,11,12,13,14,15,16,17,18,19,20",0.00204653080907984,FALSE,0,1,19,0,19,0,0.95
"scad.cv",44,700,0.33,"TRUE","TRUE","FALSE","20.1040476655596","0.00105402368728985","20.1029936418723","11.878","0.503","1.119","1,2,3,4,5,6,7,8,9,10,11,12,13,14,15,16,17,18,19,20,51,99,111,112,213,280,465,531,539,551,559,571,670,879,885,894,896,903",0.000935192337083744,FALSE,18,0,38,18,20,0.473684210526316,1
"scad.cv",45,700,0.33,"TRUE","TRUE","FALSE","20.1399687304897","0.00147013139735484","20.1384985990923","13.776","0.488","1.152","1,2,3,4,5,6,7,8,9,10,11,12,13,14,15,16,17,18,19,20",0.00242206109463601,TRUE,0,0,20,0,20,0,1
"scad.cv",46,700,0.33,"TRUE","TRUE","FALSE","20.0979144976145","0.00121778872580518","20.0966967088887","12.288","0.495","1.128","1,2,3,4,5,6,7,8,10,11,12,13,14,15,16,17,18,19,20",0.00155380714196458,FALSE,0,1,19,0,19,0,0.95
"scad.cv",47,700,0.33,"TRUE","TRUE","FALSE","20.1859292735648","0.00134438661966528","20.1845848869451","12.732","0.492","1.06","1,2,3,4,5,6,8,10,11,12,13,14,15,16,17,18,19,20",0.00177533981984479,FALSE,0,2,18,0,18,0,0.9
"scad.cv",48,700,0.33,"TRUE","TRUE","FALSE","20.1193147838901","0.00131872930064992","20.1179960545894","12.908","0.519","1.317","1,2,3,4,5,6,7,8,9,10,11,12,13,14,15,16,17,18,19,20",0.00226379787632473,TRUE,0,0,20,0,20,0,1
"scad.cv",49,700,0.33,"TRUE","TRUE","FALSE","20.1353617528181","0.000908939903611035","20.1344528129144","12.783","0.5","1.195","1,2,3,4,5,6,7,8,9,10,11,12,13,14,15,16,17,18,19,20,30,52,84,90,113,192,286,515,551,664,690,731,746,791,890,898,940,948,977,989,1018",0.000683870975869354,FALSE,21,0,41,21,20,0.51219512195122,1
"scad.cv",5,700,0.33,"TRUE","TRUE","FALSE","20.1401985775202","0.000914037025675448","20.1392845404945","12.2","0.49","1.192","1,2,3,4,5,6,8,10,11,12,13,14,15,16,17,18,19,20",0.00198660920735176,FALSE,0,2,18,0,18,0,0.9
"scad.cv",50,700,0.33,"TRUE","TRUE","FALSE","20.1272757431152","0.00133152786318832","20.125944215252","12.277","0.512","1.19","1,2,3,4,5,6,7,8,9,10,11,12,13,14,15,16,17,18,19,20",0.00177510484737507,TRUE,0,0,20,0,20,0,1
"scad.cv",51,700,0.33,"TRUE","TRUE","FALSE","20.1003290296468","0.00168779883021751","20.0986412308166","13.148","0.537","1.23","1,2,3,4,5,6,7,8,9,10,11,12,13,14,15,16,17,18,19,20",0.000998075251464172,TRUE,0,0,20,0,20,0,1
"scad.cv",52,700,0.33,"TRUE","TRUE","FALSE","20.1045081735977","0.00133238383472931","20.103175789763","12.101","0.538","1.279","1,2,3,4,5,6,7,8,9,10,11,12,13,14,15,16,17,18,19,20",0.00190029758770905,TRUE,0,0,20,0,20,0,1
"scad.cv",53,700,0.33,"TRUE","TRUE","FALSE","20.1155740092037","0.00270436618117779","20.1128696430225","13.937","0.583","1.345","1,2,3,4,5,6,7,8,9,10,11,12,13,14,15,16,17,18,19,20",0.00238809661644953,TRUE,0,0,20,0,20,0,1
"scad.cv",54,700,0.33,"TRUE","TRUE","FALSE","20.1026776458672","0.00155563737590595","20.1011220084913","12.515","0.488","1.097","1,2,3,4,5,6,7,8,9,10,11,12,13,14,15,16,17,18,19,20,37,232,495,520,862,896",0.000930004358467767,FALSE,6,0,26,6,20,0.230769230769231,1
"scad.cv",55,700,0.33,"TRUE","TRUE","FALSE","20.0967539678299","0.00607708929068761","20.0906768785392","12.148","0.502","1.132","1,2,3,4,5,6,8,9,10,11,12,13,14,15,16,17,18,19,20",0.00174456885077826,FALSE,0,1,19,0,19,0,0.95
"scad.cv",56,700,0.33,"TRUE","TRUE","FALSE","20.1230680361153","0.00182438902778923","20.1212436470875","12.904","0.517","1.208","1,2,3,4,5,6,7,8,10,11,12,13,14,15,16,17,18,19,20",0.00257603599533065,FALSE,0,1,19,0,19,0,0.95
"scad.cv",57,700,0.33,"TRUE","TRUE","FALSE","20.0920348205965","0.00105480944862977","20.0909800111479","11.829","0.526","1.261","1,2,3,4,5,6,7,8,9,10,11,12,13,14,15,16,17,18,19,20",0.00278994631400245,TRUE,0,0,20,0,20,0,1
"scad.cv",58,700,0.33,"TRUE","TRUE","FALSE","20.121858128715","0.00260531416613001","20.1192528145489","13.068","0.506","1.106","1,2,3,4,5,6,8,9,10,11,12,13,14,15,16,17,18,19,20",0.00164768425050127,FALSE,0,1,19,0,19,0,0.95
"scad.cv",59,700,0.33,"TRUE","TRUE","FALSE","20.1261761578509","0.00273227900335452","20.1234438788476","12.391","0.475","1.059","1,2,3,4,5,6,7,8,10,11,12,13,14,15,16,17,18,19,20",0.00266452076104318,FALSE,0,1,19,0,19,0,0.95
"scad.cv",6,700,0.33,"TRUE","TRUE","FALSE","20.0986841253995","0.00124862927053063","20.0974354961289","12.363","0.508","1.264","1,2,3,4,5,6,7,8,9,10,11,12,13,14,15,16,17,18,19,20",0.00218422284403673,TRUE,0,0,20,0,20,0,1
"scad.cv",60,700,0.33,"TRUE","TRUE","FALSE","20.1259418311732","0.00184532486051339","20.1240965063127","12.532","0.501","1.162","1,2,3,4,5,6,7,8,9,10,11,12,13,14,15,16,17,18,19,20",0.00200857866546572,TRUE,0,0,20,0,20,0,1
"scad.cv",61,700,0.33,"TRUE","TRUE","FALSE","20.1486025440689","0.001483059872254","20.1471194841967","13.239","0.474","1.055","1,2,3,4,5,6,8,9,10,11,12,13,14,15,16,17,18,19,20",0.00227440604991178,FALSE,0,1,19,0,19,0,0.95
"scad.cv",62,700,0.33,"TRUE","TRUE","FALSE","20.0929984252563","0.0014675444387156","20.0915308808175","13.762","0.494","1.168","1,2,3,4,5,6,7,8,10,11,12,13,14,15,16,17,18,19,20",0.00183547736691892,FALSE,0,1,19,0,19,0,0.95
"scad.cv",63,700,0.33,"TRUE","TRUE","FALSE","20.3119605371886","0.00137904948395085","20.3105814877046","13.553","0.502","1.162","1,2,3,4,5,6,8,9,10,11,12,13,14,15,16,17,18,19,20",0.00198378171259235,FALSE,0,1,19,0,19,0,0.95
"scad.cv",64,700,0.33,"TRUE","TRUE","FALSE","20.2330203429041","0.00190463400144172","20.2311157089026","13.615","0.498","1.142","1,2,3,4,5,6,8,9,10,11,12,13,14,15,16,17,18,19,20",0.00205034084374067,FALSE,0,1,19,0,19,0,0.95
"scad.cv",65,700,0.33,"TRUE","TRUE","FALSE","20.0992555669958","0.00115781452662906","20.0980977524692","12.478","0.53","1.249","1,2,3,4,5,6,7,8,9,10,11,12,13,14,15,16,17,18,19,20,353,392,474,494,551,619,684,825,871,971",0.000896945822526289,FALSE,10,0,30,10,20,0.333333333333333,1
"scad.cv",66,700,0.33,"TRUE","TRUE","FALSE","20.1043062279213","0.00143800305671811","20.1028682248646","12.208","0.506","1.171","1,2,3,4,5,6,8,9,10,11,12,13,14,15,16,17,18,19,20",0.00253672377453411,FALSE,0,1,19,0,19,0,0.95
"scad.cv",67,700,0.33,"TRUE","TRUE","FALSE","20.1844822251387","0.00213459601898451","20.1823476291197","13.034","0.512","1.104","1,2,3,4,5,6,8,9,10,11,12,13,14,15,16,17,18,19,20",0.00252165029425518,FALSE,0,1,19,0,19,0,0.95
"scad.cv",68,700,0.33,"TRUE","TRUE","FALSE","20.2347592141918","0.00145284785271296","20.2333063663391","13.802","0.508","1.102","1,2,3,4,5,6,7,8,9,10,11,12,13,14,15,16,17,18,19,20,37,424,520,968",0.000649455836533647,FALSE,4,0,24,4,20,0.166666666666667,1
"scad.cv",69,700,0.33,"TRUE","TRUE","FALSE","20.0998677588748","0.00132392334161139","20.0985438355332","12.531","0.495","1.06","1,2,3,4,5,6,7,8,9,10,11,12,13,14,15,16,17,18,19,20,825,831",0.000900487084382681,FALSE,2,0,22,2,20,0.0909090909090909,1
"scad.cv",7,700,0.33,"TRUE","TRUE","FALSE","20.2102073391912","0.00102862071639926","20.2091787184748","14.082","0.482","1.041","1,2,3,4,5,6,7,8,10,11,12,13,14,15,16,17,18,19,20",0.00192998044812359,FALSE,0,1,19,0,19,0,0.95
"scad.cv",70,700,0.33,"TRUE","TRUE","FALSE","20.1176402615273","0.00243644671492222","20.1152038148124","13.29","0.498","1.12","1,2,3,4,5,6,7,8,9,10,11,12,13,14,15,16,17,18,19,20",0.00216180504087513,TRUE,0,0,20,0,20,0,1
"scad.cv",71,700,0.33,"TRUE","TRUE","FALSE","20.1064182247613","0.00155219724700754","20.1048660275143","12.502","0.514","1.26","1,2,3,4,5,6,8,9,10,11,12,13,14,15,16,17,18,19,20",0.00218688805636755,FALSE,0,1,19,0,19,0,0.95
"scad.cv",72,700,0.33,"TRUE","TRUE","FALSE","20.0931139765464","0.00685408374471531","20.0862598928017","12.364","0.495","1.176","1,2,3,4,5,6,7,8,10,11,12,13,14,15,16,17,18,19,20",0.00202091154968705,FALSE,0,1,19,0,19,0,0.95
"scad.cv",73,700,0.33,"TRUE","TRUE","FALSE","20.2126609283987","0.00114222907163559","20.2115186993271","13.953","0.504","1.117","1,2,3,4,5,6,7,8,9,10,11,12,13,14,15,16,17,18,19,20,495,571,1046",0.00107411035972849,FALSE,3,0,23,3,20,0.130434782608696,1
"scad.cv",74,700,0.33,"TRUE","TRUE","FALSE","20.0989614109042","0.00132089004213246","20.097640520862","12.879","0.502","1.064","1,2,3,4,5,6,7,8,9,10,11,12,13,14,15,16,17,18,19,20,37,96,571,589,655,731,807,871,1001",0.000941009080757775,FALSE,9,0,29,9,20,0.310344827586207,1
"scad.cv",75,700,0.33,"TRUE","TRUE","FALSE","20.1382352180422","0.0020175844037009","20.1362176336385","12.084","0.498","1.134","1,2,3,4,5,6,7,8,9,10,11,12,13,14,15,16,17,18,19,20,30,153,159,213,262,551,556,567,640,645,795,858,883,940,968,1023,1046",0.000885674684358075,FALSE,17,0,37,17,20,0.459459459459459,1
"scad.cv",76,700,0.33,"TRUE","TRUE","FALSE","20.2857126392522","0.00152846448763364","20.2841841747646","15.141","0.533","1.233","1,2,3,4,5,6,7,8,9,10,11,12,13,14,15,16,17,18,19,20",0.00181232797435586,TRUE,0,0,20,0,20,0,1
"scad.cv",77,700,0.33,"TRUE","TRUE","FALSE","20.2575562852388","0.00259873588125078","20.2549575493575","13.892","0.509","1.135","1,2,3,4,5,6,8,10,11,12,13,14,15,16,17,18,19,20",0.00200390196877998,FALSE,0,2,18,0,18,0,0.9
"scad.cv",78,700,0.33,"TRUE","TRUE","FALSE","20.3255959317886","0.00145072298670002","20.3241452088019","14.241","0.495","1.165","1,2,3,4,5,6,8,10,11,12,13,14,15,16,17,18,19,20",0.00170362758740064,FALSE,0,2,18,0,18,0,0.9
"scad.cv",79,700,0.33,"TRUE","TRUE","FALSE","20.0926902614635","0.00265668098813693","20.0900335804754","14.272","0.56","1.191","1,2,3,4,5,6,7,8,9,10,11,12,13,14,15,16,17,18,19,20",0.00242310012160154,TRUE,0,0,20,0,20,0,1
"scad.cv",8,700,0.33,"TRUE","TRUE","FALSE","20.1564050532129","0.00176464503176973","20.1546404081812","12.644","0.497","1.177","1,2,3,4,5,6,8,10,11,12,13,14,15,16,17,18,19,20",0.00204553782629078,FALSE,0,2,18,0,18,0,0.9
"scad.cv",80,700,0.33,"TRUE","TRUE","FALSE","20.113961411498","0.00209682860980455","20.1118645828882","12.819","0.499","1.149","1,2,3,4,5,6,8,9,10,11,12,13,14,15,16,17,18,19,20",0.00186015541497315,FALSE,0,1,19,0,19,0,0.95
"scad.cv",81,700,0.33,"TRUE","TRUE","FALSE","20.107071989716","0.00135313300918717","20.1057188567068","12.563","0.518","1.182","1,2,3,4,5,6,7,8,9,10,11,12,13,14,15,16,17,18,19,20",0.00202668171561893,TRUE,0,0,20,0,20,0,1
"scad.cv",82,700,0.33,"TRUE","TRUE","FALSE","20.1109664274472","0.00115770459548528","20.1098087228517","13.38","0.535","1.228","1,2,3,4,5,6,8,9,10,11,12,13,14,15,16,17,18,19,20",0.00201693566043017,FALSE,0,1,19,0,19,0,0.95
"scad.cv",83,700,0.33,"TRUE","TRUE","FALSE","20.1202583633009","0.00120474069332216","20.1190536226076","13.038","0.516","1.165","1,2,3,4,5,6,8,10,11,12,13,14,15,16,17,18,19,20",0.00210539799256543,FALSE,0,2,18,0,18,0,0.9
"scad.cv",84,700,0.33,"TRUE","TRUE","FALSE","20.1568546670289","0.00458640123766738","20.1522682657913","12.793","0.488","1.177","1,2,3,4,5,6,8,9,10,11,12,13,14,15,16,17,18,19,20",0.00207405305176052,FALSE,0,1,19,0,19,0,0.95
"scad.cv",85,700,0.33,"TRUE","TRUE","FALSE","20.115438624533","0.00175063048710292","20.1136879940459","12.794","0.576","1.278","1,2,3,4,5,6,8,9,10,11,12,13,14,15,16,17,18,19,20",0.00214907241193935,FALSE,0,1,19,0,19,0,0.95
"scad.cv",86,700,0.33,"TRUE","TRUE","FALSE","20.0871293846918","0.00132440335040898","20.0858049813414","12.574","0.508","1.177","1,2,3,4,5,6,7,8,9,10,11,12,13,14,15,16,17,18,19,20",0.0016632444681406,TRUE,0,0,20,0,20,0,1
"scad.cv",87,700,0.33,"TRUE","TRUE","FALSE","20.116875654151","0.00143664313243961","20.1154390110186","12.391","0.516","1.154","1,2,3,4,5,6,7,8,9,10,11,12,13,14,15,16,17,18,19,20,968",0.000783519380873191,FALSE,1,0,21,1,20,0.0476190476190476,1
"scad.cv",88,700,0.33,"TRUE","TRUE","FALSE","20.1210157848314","0.00182572318898801","20.1191900616424","13.308","0.507","1.192","1,2,3,4,5,6,7,8,9,10,11,12,13,14,15,16,17,18,19,20,146,450,495,594,603,684,746,766,831,841,848,896,898,909,937,961,1001",0.000707537961143563,FALSE,17,0,37,17,20,0.459459459459459,1
"scad.cv",89,700,0.33,"TRUE","TRUE","FALSE","20.1492368861503","0.00164568688298463","20.1475911992673","12.781","0.512","1.19","1,2,3,4,5,6,7,8,9,10,11,12,13,14,15,16,17,18,19,20,392",0.00154299333797092,FALSE,1,0,21,1,20,0.0476190476190476,1
"scad.cv",9,700,0.33,"TRUE","TRUE","FALSE","20.1011398554024","0.00100539065743094","20.1001344647449","12.957","0.507","1.196","1,2,3,4,5,6,7,8,9,10,11,12,13,14,15,16,17,18,19,20",0.00211331493644943,TRUE,0,0,20,0,20,0,1
"scad.cv",90,700,0.33,"TRUE","TRUE","FALSE","20.1196694497678","0.0011124212198482","20.118557028548","13.217","0.525","1.321","1,2,3,4,5,6,8,10,11,12,13,14,15,16,17,18,19,20",0.00162822382415219,FALSE,0,2,18,0,18,0,0.9
"scad.cv",91,700,0.33,"TRUE","TRUE","FALSE","20.1732576374293","0.00712334338455285","20.1661342940448","12.985","0.508","1.048","1,2,3,4,5,6,7,8,9,10,11,12,13,14,15,16,17,18,19,20,192,454,551,764,871",0.000851774744248916,FALSE,5,0,25,5,20,0.2,1
"scad.cv",92,700,0.33,"TRUE","TRUE","FALSE","20.1149983602335","0.00178973142531121","20.1132086288082","12.729","0.504","1.092","1,2,3,4,5,6,7,8,9,10,11,12,13,14,15,16,17,18,19,20,567,764,968",0.0012181031688575,FALSE,3,0,23,3,20,0.130434782608696,1
"scad.cv",93,700,0.33,"TRUE","TRUE","FALSE","20.116868496698","0.00150751396331882","20.1153609827346","12.906","0.522","1.208","1,2,3,4,5,6,7,8,9,10,11,12,13,14,15,16,17,18,19,20,30,102,169,206,209,215,414,420,439,474,495,551,644,746,794,841,843,900,971",0.000764884721705713,FALSE,19,0,39,19,20,0.487179487179487,1
"scad.cv",94,700,0.33,"TRUE","TRUE","FALSE","20.0898500045206","0.00123005868769223","20.088619945833","12.417","0.497","1.113","1,2,3,4,5,6,8,10,11,12,13,14,15,16,17,18,19,20",0.00311075634871715,FALSE,0,2,18,0,18,0,0.9
"scad.cv",95,700,0.33,"TRUE","TRUE","FALSE","20.1077284468808","0.00269350853936227","20.1050349383414","12.726","0.497","1.118","1,2,3,4,5,6,8,10,11,12,13,14,15,16,17,18,19,20",0.0021164689225515,FALSE,0,2,18,0,18,0,0.9
"scad.cv",96,700,0.33,"TRUE","TRUE","FALSE","20.1774327626771","0.00143637204879313","20.1759963906283","13.051","0.486","1.115","1,2,3,4,5,6,7,8,9,10,11,12,13,14,15,16,17,18,19,20",0.00196688377883011,TRUE,0,0,20,0,20,0,1
"scad.cv",97,700,0.33,"TRUE","TRUE","FALSE","20.1119112048192","0.0018997905604051","20.1100114142588","12.493","0.503","1.202","1,2,3,4,5,6,7,8,9,10,11,12,13,14,15,16,17,18,19,20",0.00263518818154176,TRUE,0,0,20,0,20,0,1
"scad.cv",98,700,0.33,"TRUE","TRUE","FALSE","20.2873658288619","0.00206555840296309","20.2853002704589","16.264","0.536","1.343","1,2,3,4,5,6,7,8,9,10,11,12,13,14,15,16,17,18,19,20,30,37,52,102,113,161,199,250,257,287,301,344,376,379,389,419,435,495,571,575,644,653,663,752,794,795,807,871,877,911,933,936,968,1027",0.000923864637590314,FALSE,34,0,54,34,20,0.62962962962963,1
"scad.cv",99,700,0.33,"TRUE","TRUE","FALSE","20.1470863178214","0.00119647723771311","20.1458898405836","12.995","0.511","1.191","1,2,3,4,5,6,8,9,10,11,12,13,14,15,16,17,18,19,20",0.00169041399316861,FALSE,0,1,19,0,19,0,0.95
