"method","sim","n","betamin","is.true.model.intop.kappa.o","is.true.model.intop.kappa.oplusLASSO","is.s.hat.nan","s.hat","s0.hat","s1.hat","time.l0","time.lasso.cv","time.scad.cv","sel.model","est.mse","recovery","nb.tI","nb.tII","est.size","FP","TP","FDR","power"
"EBIC",1,300,0.33,"TRUE","TRUE","FALSE","17.1052026169054","0.00591091948484315","17.0992916974206","3.008","0.117","0.36","1,2,3,4,5,6,7,8,9,10,11,12,13,14,15,16,17",0.000289804182160264,TRUE,0,0,17,0,17,0,1
"EBIC",10,300,0.33,"TRUE","TRUE","FALSE","17.0938889039523","0.00579658949561494","17.0880923144567","3.085","0.107","0.332","1,2,3,4,5,6,7,8,9,10,11,12,13,14,15,16,17",0.00020848933160585,TRUE,0,0,17,0,17,0,1
"EBIC",100,300,0.33,"TRUE","TRUE","FALSE","16.4042545741308","0.00317359060966691","16.4010809835211","3.441","0.11","0.34","1,2,3,4,5,6,7,8,9,10,11,12,13,14,15,16,17,350",0.00040367371132485,FALSE,1,0,18,1,17,0.0555555555555556,1
"EBIC",11,300,0.33,"TRUE","TRUE","FALSE","17.1069000620732","0.00504468841003592","17.1018553736631","2.993","0.113","0.385","1,2,3,4,5,6,7,8,9,10,11,12,13,14,15,16,17",0.000184935431604886,TRUE,0,0,17,0,17,0,1
"EBIC",12,300,0.33,"TRUE","TRUE","FALSE","16.6239088246908","0.0975554719486716","16.5263533527421","5.497","0.12","0.357","1,2,3,4,5,6,7,8,9,10,11,12,13,14,15,16,17,293",0.000502078969436462,FALSE,1,0,18,1,17,0.0555555555555556,1
"EBIC",13,300,0.33,"TRUE","TRUE","FALSE","16.0606218658202","0.00337729345132891","16.0572445723689","3.279","0.105","0.328","1,2,3,4,5,6,7,8,9,10,11,12,13,14,15,16,17",0.000328870486758093,TRUE,0,0,17,0,17,0,1
"EBIC",14,300,0.33,"TRUE","TRUE","FALSE","17.1279466761639","0.00620842996703667","17.1217382461969","2.988","0.126","0.382","1,2,3,4,5,6,7,8,9,10,11,12,13,14,15,16,17",0.000294124933532796,TRUE,0,0,17,0,17,0,1
"EBIC",15,300,0.33,"TRUE","TRUE","FALSE","16.153449359098","0.00312080655750013","16.1503285525405","3.382","0.11","0.326","1,2,3,4,5,6,7,9,10,11,12,13,14,15,16,17,446",0.000863107743598843,FALSE,1,1,17,1,16,0.0588235294117647,0.941176470588235
"EBIC",16,300,0.33,"TRUE","TRUE","FALSE","16.8437815286594","0.00562769239982813","16.8381538362596","3.281","0.115","0.343","1,2,3,4,5,6,7,8,9,10,11,12,13,14,15,16,17",0.000269031597349683,TRUE,0,0,17,0,17,0,1
"EBIC",17,300,0.33,"TRUE","TRUE","FALSE","16.13493461291","0.00409685783854739","16.1308377550715","3.107","0.111","0.316","1,2,3,4,5,6,7,8,10,11,12,13,14,15,16,17",0.000631667799391016,FALSE,0,1,16,0,16,0,0.941176470588235
"EBIC",18,300,0.33,"TRUE","TRUE","FALSE","17.1660942011458","0.00368486140915729","17.1624093397366","3.082","0.114","0.462","1,2,3,4,5,6,7,8,9,10,11,12,13,14,15,16,17",0.000153228093133186,TRUE,0,0,17,0,17,0,1
"EBIC",19,300,0.33,"TRUE","TRUE","FALSE","16.9276552055102","0.00317288262207104","16.9244823228881","3.283","0.099","0.326","1,2,3,4,5,6,7,8,9,10,11,12,13,14,15,16,17",0.000330800016220214,TRUE,0,0,17,0,17,0,1
"EBIC",2,300,0.33,"TRUE","TRUE","FALSE","16.2624320636738","0.00551191612364854","16.2569201475502","4.208","0.111","0.351","1,2,3,4,5,6,7,8,9,10,11,12,13,14,15,16,17",8.28579935259123e-05,TRUE,0,0,17,0,17,0,1
"EBIC",20,300,0.33,"TRUE","TRUE","FALSE","17.2214838248348","0.00465958744629067","17.2168242373885","3.277","0.11","0.331","1,2,3,4,5,6,7,8,9,10,11,12,13,14,15,16,17,37",0.000383637660248088,FALSE,1,0,18,1,17,0.0555555555555556,1
"EBIC",21,300,0.33,"TRUE","TRUE","FALSE","17.3075338755409","0.00943832501203404","17.2980955505289","3.326","0.113","0.351","1,2,3,4,5,6,7,8,9,10,11,12,13,14,15,16,17,236,262",0.00067731869330613,FALSE,2,0,19,2,17,0.105263157894737,1
"EBIC",22,300,0.33,"TRUE","TRUE","FALSE","15.2562737336186","0.00416825535837106","15.2521054782602","4.039","0.126","0.349","1,2,3,4,5,6,7,8,10,11,12,13,14,15,16,17",0.000614189059798562,FALSE,0,1,16,0,16,0,0.941176470588235
"EBIC",23,300,0.33,"TRUE","TRUE","FALSE","16.2414132997027","0.00452179490298481","16.2368915047997","3.635","0.11","0.326","1,2,3,4,5,6,7,8,9,10,11,12,13,14,15,16,17",0.000306234526469419,TRUE,0,0,17,0,17,0,1
"EBIC",24,300,0.33,"TRUE","TRUE","FALSE","16.1051861017938","0.00420244998832697","16.1009836518055","2.877","0.109","0.326","1,2,3,4,5,6,7,8,10,11,12,13,14,15,16,17",0.000766387529092526,FALSE,0,1,16,0,16,0,0.941176470588235
"EBIC",25,300,0.33,"TRUE","TRUE","FALSE","15.8570594772513","0.00375230103409188","15.8533071762172","3.566","0.107","0.307","1,2,3,4,5,6,7,8,9,10,11,12,13,14,15,16,17",0.000251871550931974,TRUE,0,0,17,0,17,0,1
"EBIC",26,300,0.33,"TRUE","TRUE","FALSE","17.2361840481819","0.00329753953530833","17.2328865086466","3.7","0.105","0.343","1,2,3,4,5,6,7,8,9,10,11,12,13,14,15,16,17,49,318",0.000642759778650996,FALSE,2,0,19,2,17,0.105263157894737,1
"EBIC",27,300,0.33,"TRUE","TRUE","FALSE","16.7564651241794","0.0274912932950084","16.7289738308844","3.442","0.107","0.317","1,2,3,4,5,6,7,8,9,10,11,12,13,14,15,16,17",0.000208992720660744,TRUE,0,0,17,0,17,0,1
"EBIC",28,300,0.33,"TRUE","TRUE","FALSE","17.1148566052738","0.00436059739117195","17.1104960078826","3.002","0.102","0.343","1,2,3,4,5,6,7,8,9,10,11,12,13,14,15,16,17",0.000215797495195967,TRUE,0,0,17,0,17,0,1
"EBIC",29,300,0.33,"TRUE","TRUE","FALSE","17.099999230228","0.00590886629727178","17.0940903639307","3.035","0.114","0.336","1,2,3,4,5,6,7,8,9,10,11,12,13,14,15,16,17",0.000102112750961419,TRUE,0,0,17,0,17,0,1
"EBIC",3,300,0.33,"TRUE","TRUE","FALSE","15.4581402784038","0.00337491227136331","15.4547653661325","3.579","0.107","0.332","1,2,3,4,5,6,7,8,9,10,11,12,13,14,15,16,17",0.000181883208234499,TRUE,0,0,17,0,17,0,1
"EBIC",30,300,0.33,"FALSE","FALSE","FALSE","15.0374645314866","0.00446238007046644","15.0330021514161","4.095","0.131","0.383","1,2,3,4,5,6,8,10,11,12,13,14,15,16,17",0.00107973723228374,FALSE,0,2,15,0,15,0,0.882352941176471
"EBIC",31,300,0.33,"TRUE","TRUE","FALSE","16.0940666189078","0.0175371446967818","16.076529474211","4.004","0.105","0.316","1,2,3,4,5,6,7,8,9,10,11,12,13,14,15,16,17,105",0.000545446709829546,FALSE,1,0,18,1,17,0.0555555555555556,1
"EBIC",32,300,0.33,"TRUE","TRUE","FALSE","16.8011843565271","0.00363369138777766","16.7975506651393","3.641","0.112","0.344","1,2,3,4,5,6,7,8,9,10,11,12,13,14,15,16,17",0.000223945937829029,TRUE,0,0,17,0,17,0,1
"EBIC",33,300,0.33,"TRUE","TRUE","FALSE","15.3968457835721","0.0042603264735847","15.3925854570985","3.533","0.1","0.303","1,2,3,4,5,6,7,8,10,11,12,13,14,15,16,17",0.000529045097824955,FALSE,0,1,16,0,16,0,0.941176470588235
"EBIC",34,300,0.33,"TRUE","TRUE","FALSE","16.4412286484918","0.0177012804289206","16.4235273680629","4.241","0.115","0.344","1,2,3,4,5,6,7,8,9,10,11,12,13,14,15,16,17",7.72910647952475e-05,TRUE,0,0,17,0,17,0,1
"EBIC",35,300,0.33,"TRUE","TRUE","FALSE","16.7895286736382","0.004038078619951","16.7854905950182","3.914","0.11","0.335","1,2,3,4,5,6,7,8,9,10,11,12,13,14,15,16,17",0.000311614414672977,TRUE,0,0,17,0,17,0,1
"EBIC",36,300,0.33,"TRUE","TRUE","FALSE","17.4237148958023","0.00742559847556915","17.4162892973268","3.617","0.111","0.311","1,2,3,4,5,6,7,8,9,10,11,12,13,14,15,16,17,137",0.000457869913194992,FALSE,1,0,18,1,17,0.0555555555555556,1
"EBIC",37,300,0.33,"TRUE","TRUE","FALSE","16.3109235337772","0.0039116396875293","16.3070118940897","3.961","0.106","0.339","1,2,3,4,5,6,7,8,9,10,11,12,13,14,15,16,17,47",0.000412967952622005,FALSE,1,0,18,1,17,0.0555555555555556,1
"EBIC",38,300,0.33,"TRUE","TRUE","FALSE","17.215707588805","0.00439633563118239","17.2113112531739","3.444","0.116","0.361","1,2,3,4,5,6,7,8,9,10,11,12,13,14,15,16,17,272",0.000266712124866802,FALSE,1,0,18,1,17,0.0555555555555556,1
"EBIC",39,300,0.33,"TRUE","TRUE","FALSE","16.5209031328914","0.00762342279227454","16.5132797100991","3.785","0.115","0.327","1,2,3,4,5,6,7,8,9,10,11,12,13,14,15,16,17,48",0.000391337540884654,FALSE,1,0,18,1,17,0.0555555555555556,1
"EBIC",4,300,0.33,"TRUE","TRUE","FALSE","17.1075798173043","0.00742305957785323","17.1001567577265","3.351","0.108","0.341","1,2,3,4,5,6,7,8,9,10,11,12,13,14,15,16,17",0.000264804227565265,TRUE,0,0,17,0,17,0,1
"EBIC",40,300,0.33,"TRUE","TRUE","FALSE","17.1014191149638","0.00264246721036209","17.0987766477535","2.839","0.102","0.326","1,2,3,4,5,6,7,8,9,10,11,12,13,14,15,16,17",0.000163258652851735,TRUE,0,0,17,0,17,0,1
"EBIC",41,300,0.33,"TRUE","TRUE","FALSE","16.8843929290965","0.00303052181258921","16.8813624072839","3.695","0.109","0.331","1,2,3,4,5,6,7,8,9,10,11,12,13,14,15,16,17",0.000163715295104381,TRUE,0,0,17,0,17,0,1
"EBIC",42,300,0.33,"TRUE","TRUE","FALSE","17.1570087346846","0.00564903569846996","17.1513596989861","2.913","0.098","0.312","1,2,3,4,5,6,7,8,9,10,11,12,13,14,15,16,17",0.000137505771646673,TRUE,0,0,17,0,17,0,1
"EBIC",43,300,0.33,"TRUE","TRUE","FALSE","16.6426957346315","0.00771604831268448","16.6349796863188","4.242","0.122","0.359","1,2,3,4,5,6,7,8,9,10,11,12,13,14,15,16,17,344",0.000372069404628835,FALSE,1,0,18,1,17,0.0555555555555556,1
"EBIC",44,300,0.33,"TRUE","TRUE","FALSE","16.0282729226329","0.0199104487999111","16.008362473833","3.286","0.109","0.331","1,2,3,4,5,6,7,9,10,11,12,13,14,15,16,17",0.000636976124622526,FALSE,0,1,16,0,16,0,0.941176470588235
"EBIC",45,300,0.33,"TRUE","TRUE","FALSE","16.1073149310558","0.00815678404202205","16.0991581470138","4.115","0.114","0.379","1,2,3,4,5,6,7,8,9,10,11,12,13,14,15,16,17",0.000212554910468318,TRUE,0,0,17,0,17,0,1
"EBIC",46,300,0.33,"TRUE","TRUE","FALSE","17.1722272022184","0.00862705449229579","17.1636001477261","3.012","0.113","0.351","1,2,3,4,5,6,7,8,9,10,11,12,13,14,15,16,17",0.000200124964075871,TRUE,0,0,17,0,17,0,1
"EBIC",47,300,0.33,"TRUE","TRUE","FALSE","17.1315424520166","0.00362231231102705","17.1279201397056","2.865","0.105","0.344","1,2,3,4,5,6,7,8,9,10,11,12,13,14,15,16,17",0.000153532539187868,TRUE,0,0,17,0,17,0,1
"EBIC",48,300,0.33,"TRUE","TRUE","FALSE","16.3194314595991","0.00464199632897668","16.3147894632702","3.218","0.112","0.322","1,2,3,4,5,6,7,8,9,10,11,12,13,14,15,16,17",0.000247356099965998,TRUE,0,0,17,0,17,0,1
"EBIC",49,300,0.33,"TRUE","TRUE","FALSE","16.1750515534402","0.00943806061255235","16.1656134928277","4.231","0.121","0.385","1,2,3,4,5,6,7,8,9,10,11,12,13,14,15,16,17,317",0.000493229990825542,FALSE,1,0,18,1,17,0.0555555555555556,1
"EBIC",5,300,0.33,"TRUE","TRUE","FALSE","16.732346787277","0.00400844065896738","16.728338346618","3.612","0.161","0.473","1,2,3,4,5,6,7,9,10,11,12,13,14,15,16,17,317",0.00086623524951438,FALSE,1,1,17,1,16,0.0588235294117647,0.941176470588235
"EBIC",50,300,0.33,"TRUE","TRUE","FALSE","16.6248050679477","0.0293233930918826","16.5954816748559","4.098","0.102","0.278","1,2,3,4,5,6,8,9,10,11,12,13,14,15,16,17,174,259,280",0.00143207295618144,FALSE,3,1,19,3,16,0.157894736842105,0.941176470588235
"EBIC",51,300,0.33,"TRUE","TRUE","FALSE","16.4417808441124","0.00390426198070113","16.4378765821317","3.237","0.108","0.308","1,2,3,4,5,6,7,8,9,10,11,12,13,14,15,16,17",0.000227839706159055,TRUE,0,0,17,0,17,0,1
"EBIC",52,300,0.33,"TRUE","TRUE","FALSE","16.8658486130613","0.00742255757267216","16.8584260554886","3.67","0.121","0.372","1,2,3,4,5,6,7,8,9,10,11,12,13,14,15,16,17,404",0.000427824433761556,FALSE,1,0,18,1,17,0.0555555555555556,1
"EBIC",53,300,0.33,"TRUE","TRUE","FALSE","16.8096202998334","0.00424979787469879","16.8053705019587","3.26","0.107","0.331","1,2,3,4,5,6,7,8,9,10,11,12,13,14,15,16,17",0.000281162251972478,TRUE,0,0,17,0,17,0,1
"EBIC",54,300,0.33,"TRUE","TRUE","FALSE","17.1579360340139","0.0478277950803951","17.1101082389335","3.285","0.115","0.346","1,2,3,4,5,6,7,8,9,10,11,12,13,14,15,16,17",0.000130301558025869,TRUE,0,0,17,0,17,0,1
"EBIC",55,300,0.33,"TRUE","TRUE","FALSE","16.591672351303","0.00505791118642398","16.5866144401165","3.533","0.115","0.306","1,2,3,4,5,6,7,8,9,10,11,12,13,14,15,16,17",0.000356651633599205,TRUE,0,0,17,0,17,0,1
"EBIC",56,300,0.33,"TRUE","TRUE","FALSE","16.4468444783963","0.00543309016543942","16.4414113882309","3.656","0.11","0.314","1,2,3,4,5,6,7,8,9,10,11,12,13,14,15,16,17,167",0.000444108978851028,FALSE,1,0,18,1,17,0.0555555555555556,1
"EBIC",57,300,0.33,"TRUE","TRUE","FALSE","17.1348397228729","0.0176681045582525","17.1171716183146","3.23","0.111","0.325","1,2,3,4,5,6,7,8,9,10,11,12,13,14,15,16,17",0.000221085286979502,TRUE,0,0,17,0,17,0,1
"EBIC",58,300,0.33,"TRUE","TRUE","FALSE","16.6971146013646","0.00413174549771885","16.6929828558669","3.569","0.119","0.296","1,2,3,4,5,6,7,8,9,10,11,12,13,14,15,16,17,415",0.000337381119385437,FALSE,1,0,18,1,17,0.0555555555555556,1
"EBIC",59,300,0.33,"TRUE","TRUE","FALSE","16.2852804773672","0.00907849443868375","16.2762019829285","3.245","0.106","0.33","1,2,3,4,5,6,7,8,9,10,11,12,13,14,15,16,17",0.000295769800419403,TRUE,0,0,17,0,17,0,1
"EBIC",6,300,0.33,"TRUE","TRUE","FALSE","16.1445784204548","0.00423495978573094","16.140343460669","3.31","0.118","0.353","1,2,3,4,5,6,7,8,9,10,11,12,13,14,15,16,17",0.00014473750073253,TRUE,0,0,17,0,17,0,1
"EBIC",60,300,0.33,"TRUE","TRUE","FALSE","17.0630804064994","0.00560903544984946","17.0574713710496","3.181","0.118","0.372","1,2,3,4,5,6,7,8,9,10,11,12,13,14,15,16,17",0.00016313884068897,TRUE,0,0,17,0,17,0,1
"EBIC",61,300,0.33,"TRUE","TRUE","FALSE","16.7569814380677","0.00553488175603696","16.7514465563117","3.883","0.115","0.343","1,2,3,4,5,6,7,8,9,10,11,12,13,14,15,16,17",0.000294678550679392,TRUE,0,0,17,0,17,0,1
"EBIC",62,300,0.33,"TRUE","TRUE","FALSE","15.9266351095654","0.00596813572363066","15.9206669738418","4.495","0.126","0.351","1,2,3,4,5,6,7,8,9,10,11,12,13,14,15,16,17,91",0.000459684519814913,FALSE,1,0,18,1,17,0.0555555555555556,1
"EBIC",63,300,0.33,"TRUE","TRUE","FALSE","17.1355079513531","0.00424147840401149","17.1312664729491","3.029","0.104","0.305","1,2,3,4,5,6,7,8,9,10,11,12,13,14,15,16,17",0.000153812611785496,TRUE,0,0,17,0,17,0,1
"EBIC",64,300,0.33,"TRUE","TRUE","FALSE","16.4107217988764","0.0096490729812955","16.4010727258951","4.093","0.124","0.521","1,2,3,4,5,6,7,8,9,10,11,12,13,14,15,16,17",0.00016725871459185,TRUE,0,0,17,0,17,0,1
"EBIC",65,300,0.33,"TRUE","TRUE","FALSE","17.1754586154308","0.0307912312056027","17.1446673842252","3.081","0.108","0.332","1,2,3,4,5,6,7,8,9,10,11,12,13,14,15,16,17",0.000182462103066885,TRUE,0,0,17,0,17,0,1
"EBIC",66,300,0.33,"TRUE","TRUE","FALSE","17.1011460919022","0.00692664837069784","17.0942194435315","3.337","0.105","0.345","1,2,3,4,5,6,7,8,9,10,11,12,13,14,15,16,17,39,306",0.000625231558852518,FALSE,2,0,19,2,17,0.105263157894737,1
"EBIC",67,300,0.33,"TRUE","TRUE","FALSE","15.6475135529828","0.00464238229652024","15.6428711706863","4.074","0.117","0.358","1,2,3,4,5,6,7,9,10,11,12,13,14,15,16,17,260",0.00105089389354162,FALSE,1,1,17,1,16,0.0588235294117647,0.941176470588235
"EBIC",68,300,0.33,"TRUE","TRUE","FALSE","16.3287140334086","0.00417619328619141","16.3245378401224","3.839","0.118","0.356","1,2,3,4,5,6,8,9,10,11,12,13,14,15,16,17,408",0.000681126232117427,FALSE,1,1,17,1,16,0.0588235294117647,0.941176470588235
"EBIC",69,300,0.33,"TRUE","TRUE","FALSE","16.3669103466169","0.00458334394349835","16.3623270026734","3.352","0.116","0.345","1,2,3,4,5,6,7,8,9,10,11,12,13,14,15,16,17",0.000160019737180739,TRUE,0,0,17,0,17,0,1
"EBIC",7,300,0.33,"TRUE","TRUE","FALSE","15.9815665210166","0.00341530453131804","15.9781512164853","3.932","0.111","0.328","1,2,3,4,5,6,9,10,11,12,13,14,15,16,17,221",0.00125210212206995,FALSE,1,2,16,1,15,0.0625,0.882352941176471
"EBIC",70,300,0.33,"TRUE","TRUE","FALSE","17.0689152415015","0.00346795465572268","17.0654472868458","3.409","0.105","0.309","1,2,3,4,5,6,7,8,9,10,11,12,13,14,15,16,17",0.000273635804729716,TRUE,0,0,17,0,17,0,1
"EBIC",71,300,0.33,"TRUE","TRUE","FALSE","17.2279763403816","0.0386750534894809","17.1893012868921","3.246","0.122","0.336","1,2,3,4,5,6,7,8,9,10,11,12,13,14,15,16,17",0.000245670482313628,TRUE,0,0,17,0,17,0,1
"EBIC",72,300,0.33,"TRUE","TRUE","FALSE","16.2881717957363","0.00342480008512918","16.2847469956512","3.908","0.116","0.354","1,2,3,4,5,6,7,9,10,11,12,13,14,15,16,17,50",0.000922369763279658,FALSE,1,1,17,1,16,0.0588235294117647,0.941176470588235
"EBIC",73,300,0.33,"TRUE","TRUE","FALSE","17.1577933249717","0.00258279499473594","17.155210529977","2.989","0.1","0.327","1,2,3,4,5,6,7,8,9,10,11,12,13,14,15,16,17",0.000258967410949862,TRUE,0,0,17,0,17,0,1
"EBIC",74,300,0.33,"TRUE","TRUE","FALSE","16.2191165526886","0.00412167626940185","16.2149948764192","3.089","0.112","0.322","1,2,3,4,5,6,7,8,9,10,11,12,13,14,15,16,17",0.000349824748739679,TRUE,0,0,17,0,17,0,1
"EBIC",75,300,0.33,"TRUE","TRUE","FALSE","16.3131279548693","0.00465733137206194","16.3084706234972","3.283","0.108","0.331","1,2,3,4,5,6,7,8,9,10,11,12,13,14,15,16,17",0.000185578693717447,TRUE,0,0,17,0,17,0,1
"EBIC",76,300,0.33,"TRUE","TRUE","FALSE","17.1711549589391","0.00719967517901347","17.16395528376","2.989","0.102","0.32","1,2,3,4,5,6,7,8,9,10,11,12,13,14,15,16,17",0.00020154252895132,TRUE,0,0,17,0,17,0,1
"EBIC",77,300,0.33,"TRUE","TRUE","FALSE","16.947705498463","0.0114370415950604","16.9362684568679","3.845","0.117","0.365","1,2,3,4,5,6,7,8,9,10,11,12,13,14,15,16,17,57",0.000483929635919298,FALSE,1,0,18,1,17,0.0555555555555556,1
"EBIC",78,300,0.33,"TRUE","TRUE","FALSE","17.1627642692509","0.00475685719565201","17.1580074120552","3.106","0.113","0.309","1,2,3,4,5,6,7,8,9,10,11,12,13,14,15,16,17",0.000172667940909301,TRUE,0,0,17,0,17,0,1
"EBIC",79,300,0.33,"TRUE","TRUE","FALSE","16.0910187259937","0.00440058659077119","16.0866181394029","3.422","0.107","0.313","1,2,3,4,5,6,7,8,9,10,11,12,13,14,15,16,17,113",0.000401443442931489,FALSE,1,0,18,1,17,0.0555555555555556,1
"EBIC",8,300,0.33,"TRUE","TRUE","FALSE","17.170110596186","0.00448539459249653","17.1656252015935","2.926","0.11","0.329","1,2,3,4,5,6,7,8,9,10,11,12,13,14,15,16,17",0.000317817572760037,TRUE,0,0,17,0,17,0,1
"EBIC",80,300,0.33,"TRUE","TRUE","FALSE","17.2522065076651","0.00652552469387425","17.2456809829712","3.431","0.122","0.348","1,2,3,4,5,6,7,8,9,10,11,12,13,14,15,16,17,444",0.000516203081375425,FALSE,1,0,18,1,17,0.0555555555555556,1
"EBIC",81,300,0.33,"TRUE","TRUE","FALSE","16.8130795172477","0.00926569321442564","16.8038138240333","3.722","0.116","0.328","1,2,3,4,5,6,7,8,9,10,11,12,13,14,15,16,17,88",0.000469631173612527,FALSE,1,0,18,1,17,0.0555555555555556,1
"EBIC",82,300,0.33,"TRUE","TRUE","FALSE","15.8514359289538","0.00376871070835483","15.8476672182454","4.013","0.1","0.308","1,2,3,4,5,6,8,9,10,11,12,13,14,15,16,17,49,335",0.00104186027841705,FALSE,2,1,18,2,16,0.111111111111111,0.941176470588235
"EBIC",83,300,0.33,"TRUE","TRUE","FALSE","15.5393437632225","0.00469665426460247","15.5346471089579","3.682","0.105","0.295","1,2,3,4,5,6,8,9,10,11,12,13,14,15,16,17",0.000605439612236812,FALSE,0,1,16,0,16,0,0.941176470588235
"EBIC",84,300,0.33,"TRUE","TRUE","FALSE","17.2062335533971","0.00380857861785642","17.2024249747792","3.29","0.104","0.329","1,2,3,4,5,6,7,8,9,10,11,12,13,14,15,16,17,378",0.000338862433771495,FALSE,1,0,18,1,17,0.0555555555555556,1
"EBIC",85,300,0.33,"TRUE","TRUE","FALSE","16.302605543022","0.00606135871322391","16.2965441843088","3.161","0.111","0.378","1,2,3,4,5,6,7,8,9,10,11,12,13,14,15,16,17",0.000402651180919285,TRUE,0,0,17,0,17,0,1
"EBIC",86,300,0.33,"TRUE","TRUE","FALSE","16.8755001841231","0.00344506101566228","16.8720551231074","3.028","0.097","0.298","1,2,3,4,5,6,7,8,9,10,11,12,13,14,15,16,17",0.000270765352792408,TRUE,0,0,17,0,17,0,1
"EBIC",87,300,0.33,"TRUE","TRUE","FALSE","17.0841985636306","0.00380174463285428","17.0803968189978","3.138","0.104","0.306","1,2,3,4,5,6,7,8,9,10,11,12,13,14,15,16,17",0.000104846236153921,TRUE,0,0,17,0,17,0,1
"EBIC",88,300,0.33,"TRUE","TRUE","FALSE","17.3442837332833","0.0132148712661655","17.3310688620172","3.654","0.117","0.342","1,2,3,4,5,6,7,8,9,10,11,12,13,14,15,16,17,349",0.000365824769440236,FALSE,1,0,18,1,17,0.0555555555555556,1
"EBIC",89,300,0.33,"TRUE","TRUE","FALSE","16.7989662424881","0.00375826451675405","16.7952079779713","3.566","0.113","0.339","1,2,3,4,5,6,7,8,9,10,11,12,13,14,15,16,17",0.000203283444403428,TRUE,0,0,17,0,17,0,1
"EBIC",9,300,0.33,"TRUE","TRUE","FALSE","16.3131781513844","0.00577485860824309","16.3074032927762","3.606","0.116","0.362","1,2,3,4,5,6,8,9,10,11,12,13,14,15,16,17",0.000649319780994295,FALSE,0,1,16,0,16,0,0.941176470588235
"EBIC",90,300,0.33,"TRUE","TRUE","FALSE","17.0965403115627","0.0165476837460984","17.0799926278166","3.024","0.114","0.328","1,2,3,4,5,6,7,8,9,10,11,12,13,14,15,16,17",0.000282503908097366,TRUE,0,0,17,0,17,0,1
"EBIC",91,300,0.33,"TRUE","TRUE","FALSE","17.2342193211959","0.0040210669848076","17.230198254211","3.224","0.1","0.307","1,2,3,4,5,6,7,8,9,10,11,12,13,14,15,16,17,381",0.000341141587618462,FALSE,1,0,18,1,17,0.0555555555555556,1
"EBIC",92,300,0.33,"TRUE","TRUE","FALSE","16.7878682507066","0.00612311751799545","16.7817451331886","3.62","0.114","0.374","1,2,3,4,5,6,7,8,9,10,11,12,13,14,15,16,17,146",0.000446083964524752,FALSE,1,0,18,1,17,0.0555555555555556,1
"EBIC",93,300,0.33,"TRUE","TRUE","FALSE","17.2142447477421","0.00299010399058802","17.2112546437516","3.899","0.12","0.365","1,2,3,4,5,6,7,8,9,10,11,12,13,14,15,16,17",0.000124881884148099,TRUE,0,0,17,0,17,0,1
"EBIC",94,300,0.33,"TRUE","TRUE","FALSE","15.5106970976896","0.00394500179209268","15.5067520958975","3.611","0.105","0.297","1,2,3,4,5,6,7,9,10,11,12,13,14,15,16,17",0.000748186535307605,FALSE,0,1,16,0,16,0,0.941176470588235
"EBIC",95,300,0.33,"TRUE","TRUE","FALSE","16.1567994083643","0.00296622454903674","16.1538331838153","3.018","0.115","0.342","1,2,3,4,5,6,8,9,10,11,12,13,14,15,16,17",0.000614675490597898,FALSE,0,1,16,0,16,0,0.941176470588235
"EBIC",96,300,0.33,"TRUE","TRUE","FALSE","16.1891848179884","0.00515727062323928","16.1840275473652","4.409","0.113","0.353","1,2,3,4,5,6,7,8,10,11,12,13,14,15,16,17,258",0.000777852568322727,FALSE,1,1,17,1,16,0.0588235294117647,0.941176470588235
"EBIC",97,300,0.33,"TRUE","TRUE","FALSE","16.3710441948329","0.103362521752753","16.2676816730801","3.707","0.119","0.357","1,2,3,4,5,6,8,9,10,11,12,13,14,15,16,17,30",0.000832636211884783,FALSE,1,1,17,1,16,0.0588235294117647,0.941176470588235
"EBIC",98,300,0.33,"TRUE","TRUE","FALSE","17.1650735456061","0.0050752033846588","17.1599983422214","3.027","0.111","0.349","1,2,3,4,5,6,7,8,9,10,11,12,13,14,15,16,17",0.00022861514420155,TRUE,0,0,17,0,17,0,1
"EBIC",99,300,0.33,"TRUE","TRUE","FALSE","17.1716632513286","0.00738369615485029","17.1642795551738","3.554","0.126","0.365","1,2,3,4,5,6,7,8,9,10,11,12,13,14,15,16,17",0.000156452651683836,TRUE,0,0,17,0,17,0,1
"kappa.o",1,300,0.33,"TRUE","TRUE","FALSE","17.1052026169054","0.00591091948484315","17.0992916974206","3.008","0.117","0.36","1,2,3,4,5,6,7,8,9,10,11,12,13,14,15,16,17",0.000289804182160264,TRUE,0,0,17,0,17,0,1
"kappa.o",10,300,0.33,"TRUE","TRUE","FALSE","17.0938889039523","0.00579658949561494","17.0880923144567","3.085","0.107","0.332","1,2,3,4,5,6,7,8,9,10,11,12,13,14,15,16,17",0.00020848933160585,TRUE,0,0,17,0,17,0,1
"kappa.o",100,300,0.33,"TRUE","TRUE","FALSE","16.4042545741308","0.00317359060966691","16.4010809835211","3.441","0.11","0.34","1,2,3,4,5,6,8,9,10,11,12,13,14,15,16,17",0.000588814171641901,FALSE,0,1,16,0,16,0,0.941176470588235
"kappa.o",11,300,0.33,"TRUE","TRUE","FALSE","17.1069000620732","0.00504468841003592","17.1018553736631","2.993","0.113","0.385","1,2,3,4,5,6,7,8,9,10,11,12,13,14,15,16,17",0.000184935431604886,TRUE,0,0,17,0,17,0,1
"kappa.o",12,300,0.33,"TRUE","TRUE","FALSE","16.6239088246908","0.0975554719486716","16.5263533527421","5.497","0.12","0.357","1,2,3,4,5,6,8,10,11,12,13,14,15,16,17,293",0.00134720631446715,FALSE,1,2,16,1,15,0.0625,0.882352941176471
"kappa.o",13,300,0.33,"TRUE","TRUE","FALSE","16.0606218658202","0.00337729345132891","16.0572445723689","3.279","0.105","0.328","1,2,3,4,5,6,7,9,10,11,12,13,14,15,16,17",0.000731643503409255,FALSE,0,1,16,0,16,0,0.941176470588235
"kappa.o",14,300,0.33,"TRUE","TRUE","FALSE","17.1279466761639","0.00620842996703667","17.1217382461969","2.988","0.126","0.382","1,2,3,4,5,6,7,8,9,10,11,12,13,14,15,16,17",0.000294124933532796,TRUE,0,0,17,0,17,0,1
"kappa.o",15,300,0.33,"TRUE","TRUE","FALSE","16.153449359098","0.00312080655750013","16.1503285525405","3.382","0.11","0.326","1,2,3,4,5,6,7,10,11,12,13,14,15,16,17,446",0.00125388174592023,FALSE,1,2,16,1,15,0.0625,0.882352941176471
"kappa.o",16,300,0.33,"TRUE","TRUE","FALSE","16.8437815286594","0.00562769239982813","16.8381538362596","3.281","0.115","0.343","1,2,3,4,5,6,7,8,9,10,11,12,13,14,15,16,17",0.000269031597349683,TRUE,0,0,17,0,17,0,1
"kappa.o",17,300,0.33,"TRUE","TRUE","FALSE","16.13493461291","0.00409685783854739","16.1308377550715","3.107","0.111","0.316","1,2,3,4,5,6,7,8,10,11,12,13,14,15,16,17",0.000631667799391016,FALSE,0,1,16,0,16,0,0.941176470588235
"kappa.o",18,300,0.33,"TRUE","TRUE","FALSE","17.1660942011458","0.00368486140915729","17.1624093397366","3.082","0.114","0.462","1,2,3,4,5,6,7,8,9,10,11,12,13,14,15,16,17",0.000153228093133186,TRUE,0,0,17,0,17,0,1
"kappa.o",19,300,0.33,"TRUE","TRUE","FALSE","16.9276552055102","0.00317288262207104","16.9244823228881","3.283","0.099","0.326","1,2,3,4,5,6,7,8,9,10,11,12,13,14,15,16,17",0.000330800016220214,TRUE,0,0,17,0,17,0,1
"kappa.o",2,300,0.33,"TRUE","TRUE","FALSE","16.2624320636738","0.00551191612364854","16.2569201475502","4.208","0.111","0.351","1,2,3,4,5,6,7,8,10,11,12,13,14,15,16,17",0.000453297008879508,FALSE,0,1,16,0,16,0,0.941176470588235
"kappa.o",20,300,0.33,"TRUE","TRUE","FALSE","17.2214838248348","0.00465958744629067","17.2168242373885","3.277","0.11","0.331","1,2,3,4,5,6,7,8,9,10,11,12,13,14,15,16,17",0.000168569126175371,TRUE,0,0,17,0,17,0,1
"kappa.o",21,300,0.33,"TRUE","TRUE","FALSE","17.3075338755409","0.00943832501203404","17.2980955505289","3.326","0.113","0.351","1,2,3,4,5,6,7,8,9,10,11,12,13,14,15,16,17",0.000223320363216083,TRUE,0,0,17,0,17,0,1
"kappa.o",22,300,0.33,"TRUE","TRUE","FALSE","15.2562737336186","0.00416825535837106","15.2521054782602","4.039","0.126","0.349","1,2,3,4,5,6,8,10,11,12,13,14,15,16,17",0.00101407633820973,FALSE,0,2,15,0,15,0,0.882352941176471
"kappa.o",23,300,0.33,"TRUE","TRUE","FALSE","16.2414132997027","0.00452179490298481","16.2368915047997","3.635","0.11","0.326","1,2,3,4,5,6,7,8,10,11,12,13,14,15,16,17",0.000669371147694722,FALSE,0,1,16,0,16,0,0.941176470588235
"kappa.o",24,300,0.33,"TRUE","TRUE","FALSE","16.1051861017938","0.00420244998832697","16.1009836518055","2.877","0.109","0.326","1,2,3,4,5,6,7,8,10,11,12,13,14,15,16,17",0.000766387529092526,FALSE,0,1,16,0,16,0,0.941176470588235
"kappa.o",25,300,0.33,"TRUE","TRUE","FALSE","15.8570594772513","0.00375230103409188","15.8533071762172","3.566","0.107","0.307","1,3,4,5,6,7,8,9,10,11,12,13,14,15,16,17",0.000862249636923899,FALSE,0,1,16,0,16,0,0.941176470588235
"kappa.o",26,300,0.33,"TRUE","TRUE","FALSE","17.2361840481819","0.00329753953530833","17.2328865086466","3.7","0.105","0.343","1,2,3,4,5,6,7,8,9,10,11,12,13,14,15,16,17",0.000190572222093747,TRUE,0,0,17,0,17,0,1
"kappa.o",27,300,0.33,"TRUE","TRUE","FALSE","16.7564651241794","0.0274912932950084","16.7289738308844","3.442","0.107","0.317","1,2,3,4,5,6,7,8,9,10,11,12,13,14,15,16,17",0.000208992720660744,TRUE,0,0,17,0,17,0,1
"kappa.o",28,300,0.33,"TRUE","TRUE","FALSE","17.1148566052738","0.00436059739117195","17.1104960078826","3.002","0.102","0.343","1,2,3,4,5,6,7,8,9,10,11,12,13,14,15,16,17",0.000215797495195967,TRUE,0,0,17,0,17,0,1
"kappa.o",29,300,0.33,"TRUE","TRUE","FALSE","17.099999230228","0.00590886629727178","17.0940903639307","3.035","0.114","0.336","1,2,3,4,5,6,7,8,9,10,11,12,13,14,15,16,17",0.000102112750961419,TRUE,0,0,17,0,17,0,1
"kappa.o",3,300,0.33,"TRUE","TRUE","FALSE","15.4581402784038","0.00337491227136331","15.4547653661325","3.579","0.107","0.332","1,2,3,4,5,6,9,10,11,12,13,14,15,16,17",0.00101762033675683,FALSE,0,2,15,0,15,0,0.882352941176471
"kappa.o",30,300,0.33,"FALSE","FALSE","FALSE","15.0374645314866","0.00446238007046644","15.0330021514161","4.095","0.131","0.383","1,2,3,4,5,6,8,10,11,12,13,14,15,16,17",0.00107973723228374,FALSE,0,2,15,0,15,0,0.882352941176471
"kappa.o",31,300,0.33,"TRUE","TRUE","FALSE","16.0940666189078","0.0175371446967818","16.076529474211","4.004","0.105","0.316","1,2,3,4,5,6,7,9,10,11,12,13,14,15,16,17",0.000738658008452715,FALSE,0,1,16,0,16,0,0.941176470588235
"kappa.o",32,300,0.33,"TRUE","TRUE","FALSE","16.8011843565271","0.00363369138777766","16.7975506651393","3.641","0.112","0.344","1,2,3,4,5,6,7,8,9,10,11,12,13,14,15,16,17",0.000223945937829029,TRUE,0,0,17,0,17,0,1
"kappa.o",33,300,0.33,"TRUE","TRUE","FALSE","15.3968457835721","0.0042603264735847","15.3925854570985","3.533","0.1","0.303","1,2,3,4,5,6,8,10,11,12,13,14,15,16,17",0.000963399430964825,FALSE,0,2,15,0,15,0,0.882352941176471
"kappa.o",34,300,0.33,"TRUE","TRUE","FALSE","16.4412286484918","0.0177012804289206","16.4235273680629","4.241","0.115","0.344","1,2,3,4,5,6,7,8,9,10,11,12,13,14,15,16,17",7.72910647952475e-05,TRUE,0,0,17,0,17,0,1
"kappa.o",35,300,0.33,"TRUE","TRUE","FALSE","16.7895286736382","0.004038078619951","16.7854905950182","3.914","0.11","0.335","1,2,3,4,5,6,7,8,9,10,11,12,13,14,15,16,17",0.000311614414672977,TRUE,0,0,17,0,17,0,1
"kappa.o",36,300,0.33,"TRUE","TRUE","FALSE","17.4237148958023","0.00742559847556915","17.4162892973268","3.617","0.111","0.311","1,2,3,4,5,6,7,8,9,10,11,12,13,14,15,16,17",0.000187754375380932,TRUE,0,0,17,0,17,0,1
"kappa.o",37,300,0.33,"TRUE","TRUE","FALSE","16.3109235337772","0.0039116396875293","16.3070118940897","3.961","0.106","0.339","1,2,3,4,5,6,8,9,10,11,12,13,14,15,16,17",0.000593472664530241,FALSE,0,1,16,0,16,0,0.941176470588235
"kappa.o",38,300,0.33,"TRUE","TRUE","FALSE","17.215707588805","0.00439633563118239","17.2113112531739","3.444","0.116","0.361","1,2,3,4,5,6,7,8,9,10,11,12,13,14,15,16,17",0.000112308096016786,TRUE,0,0,17,0,17,0,1
"kappa.o",39,300,0.33,"TRUE","TRUE","FALSE","16.5209031328914","0.00762342279227454","16.5132797100991","3.785","0.115","0.327","1,2,3,4,5,6,8,9,10,11,12,13,14,15,16,17",0.00058374212174796,FALSE,0,1,16,0,16,0,0.941176470588235
"kappa.o",4,300,0.33,"TRUE","TRUE","FALSE","17.1075798173043","0.00742305957785323","17.1001567577265","3.351","0.108","0.341","1,2,3,4,5,6,7,8,9,10,11,12,13,14,15,16,17",0.000264804227565265,TRUE,0,0,17,0,17,0,1
"kappa.o",40,300,0.33,"TRUE","TRUE","FALSE","17.1014191149638","0.00264246721036209","17.0987766477535","2.839","0.102","0.326","1,2,3,4,5,6,7,8,9,10,11,12,13,14,15,16,17",0.000163258652851735,TRUE,0,0,17,0,17,0,1
"kappa.o",41,300,0.33,"TRUE","TRUE","FALSE","16.8843929290965","0.00303052181258921","16.8813624072839","3.695","0.109","0.331","1,2,3,4,5,6,7,8,9,10,11,12,13,14,15,16,17",0.000163715295104381,TRUE,0,0,17,0,17,0,1
"kappa.o",42,300,0.33,"TRUE","TRUE","FALSE","17.1570087346846","0.00564903569846996","17.1513596989861","2.913","0.098","0.312","1,2,3,4,5,6,7,8,9,10,11,12,13,14,15,16,17",0.000137505771646673,TRUE,0,0,17,0,17,0,1
"kappa.o",43,300,0.33,"TRUE","TRUE","FALSE","16.6426957346315","0.00771604831268448","16.6349796863188","4.242","0.122","0.359","1,2,3,4,5,6,7,8,9,10,11,12,13,14,15,16,17",0.000128864369481865,TRUE,0,0,17,0,17,0,1
"kappa.o",44,300,0.33,"TRUE","TRUE","FALSE","16.0282729226329","0.0199104487999111","16.008362473833","3.286","0.109","0.331","1,2,3,4,5,6,7,9,10,11,12,13,14,15,16,17",0.000636976124622526,FALSE,0,1,16,0,16,0,0.941176470588235
"kappa.o",45,300,0.33,"TRUE","TRUE","FALSE","16.1073149310558","0.00815678404202205","16.0991581470138","4.115","0.114","0.379","1,2,3,4,5,6,8,9,10,11,12,13,14,15,16,17",0.000610498959573504,FALSE,0,1,16,0,16,0,0.941176470588235
"kappa.o",46,300,0.33,"TRUE","TRUE","FALSE","17.1722272022184","0.00862705449229579","17.1636001477261","3.012","0.113","0.351","1,2,3,4,5,6,7,8,9,10,11,12,13,14,15,16,17",0.000200124964075871,TRUE,0,0,17,0,17,0,1
"kappa.o",47,300,0.33,"TRUE","TRUE","FALSE","17.1315424520166","0.00362231231102705","17.1279201397056","2.865","0.105","0.344","1,2,3,4,5,6,7,8,9,10,11,12,13,14,15,16,17",0.000153532539187868,TRUE,0,0,17,0,17,0,1
"kappa.o",48,300,0.33,"TRUE","TRUE","FALSE","16.3194314595991","0.00464199632897668","16.3147894632702","3.218","0.112","0.322","1,2,3,4,5,6,7,8,10,11,12,13,14,15,16,17",0.000593751411323717,FALSE,0,1,16,0,16,0,0.941176470588235
"kappa.o",49,300,0.33,"TRUE","TRUE","FALSE","16.1750515534402","0.00943806061255235","16.1656134928277","4.231","0.121","0.385","1,2,3,4,5,6,8,9,10,11,12,13,14,15,16,17",0.00061968548607453,FALSE,0,1,16,0,16,0,0.941176470588235
"kappa.o",5,300,0.33,"TRUE","TRUE","FALSE","16.732346787277","0.00400844065896738","16.728338346618","3.612","0.161","0.473","1,2,3,4,5,6,7,9,10,11,12,13,14,15,16,17,317",0.00086623524951438,FALSE,1,1,17,1,16,0.0588235294117647,0.941176470588235
"kappa.o",50,300,0.33,"TRUE","TRUE","FALSE","16.6248050679477","0.0293233930918826","16.5954816748559","4.098","0.102","0.278","1,2,3,4,5,6,8,9,10,11,12,13,14,15,16,17",0.000597064636221964,FALSE,0,1,16,0,16,0,0.941176470588235
"kappa.o",51,300,0.33,"TRUE","TRUE","FALSE","16.4417808441124","0.00390426198070113","16.4378765821317","3.237","0.108","0.308","1,2,3,4,5,6,8,9,10,11,12,13,14,15,16,17",0.000651926670352315,FALSE,0,1,16,0,16,0,0.941176470588235
"kappa.o",52,300,0.33,"TRUE","TRUE","FALSE","16.8658486130613","0.00742255757267216","16.8584260554886","3.67","0.121","0.372","1,2,3,4,5,6,7,8,9,10,11,12,13,14,15,16,17",0.000285595250221213,TRUE,0,0,17,0,17,0,1
"kappa.o",53,300,0.33,"TRUE","TRUE","FALSE","16.8096202998334","0.00424979787469879","16.8053705019587","3.26","0.107","0.331","1,2,3,4,5,6,7,8,9,10,11,12,13,14,15,16,17",0.000281162251972478,TRUE,0,0,17,0,17,0,1
"kappa.o",54,300,0.33,"TRUE","TRUE","FALSE","17.1579360340139","0.0478277950803951","17.1101082389335","3.285","0.115","0.346","1,2,3,4,5,6,7,8,9,10,11,12,13,14,15,16,17",0.000130301558025869,TRUE,0,0,17,0,17,0,1
"kappa.o",55,300,0.33,"TRUE","TRUE","FALSE","16.591672351303","0.00505791118642398","16.5866144401165","3.533","0.115","0.306","1,2,3,4,5,6,7,9,10,11,12,13,14,15,16,17",0.000752158372785622,FALSE,0,1,16,0,16,0,0.941176470588235
"kappa.o",56,300,0.33,"TRUE","TRUE","FALSE","16.4468444783963","0.00543309016543942","16.4414113882309","3.656","0.11","0.314","1,2,3,4,5,6,7,9,10,11,12,13,14,15,16,17",0.00066831258294635,FALSE,0,1,16,0,16,0,0.941176470588235
"kappa.o",57,300,0.33,"TRUE","TRUE","FALSE","17.1348397228729","0.0176681045582525","17.1171716183146","3.23","0.111","0.325","1,2,3,4,5,6,7,8,9,10,11,12,13,14,15,16,17",0.000221085286979502,TRUE,0,0,17,0,17,0,1
"kappa.o",58,300,0.33,"TRUE","TRUE","FALSE","16.6971146013646","0.00413174549771885","16.6929828558669","3.569","0.119","0.296","1,2,3,4,5,6,7,8,10,11,12,13,14,15,16,17",0.000605361054150608,FALSE,0,1,16,0,16,0,0.941176470588235
"kappa.o",59,300,0.33,"TRUE","TRUE","FALSE","16.2852804773672","0.00907849443868375","16.2762019829285","3.245","0.106","0.33","1,2,3,4,5,6,8,9,10,11,12,13,14,15,16,17",0.000648979457871088,FALSE,0,1,16,0,16,0,0.941176470588235
"kappa.o",6,300,0.33,"TRUE","TRUE","FALSE","16.1445784204548","0.00423495978573094","16.140343460669","3.31","0.118","0.353","1,2,3,4,5,6,7,9,10,11,12,13,14,15,16,17",0.000511224540635955,FALSE,0,1,16,0,16,0,0.941176470588235
"kappa.o",60,300,0.33,"TRUE","TRUE","FALSE","17.0630804064994","0.00560903544984946","17.0574713710496","3.181","0.118","0.372","1,2,3,4,5,6,7,8,9,10,11,12,13,14,15,16,17",0.00016313884068897,TRUE,0,0,17,0,17,0,1
"kappa.o",61,300,0.33,"TRUE","TRUE","FALSE","16.7569814380677","0.00553488175603696","16.7514465563117","3.883","0.115","0.343","1,2,3,4,5,6,7,8,9,10,11,12,13,14,15,16,17",0.000294678550679392,TRUE,0,0,17,0,17,0,1
"kappa.o",62,300,0.33,"TRUE","TRUE","FALSE","15.9266351095654","0.00596813572363066","15.9206669738418","4.495","0.126","0.351","1,2,3,4,5,6,7,8,10,11,12,13,14,15,16,17",0.00059529017439737,FALSE,0,1,16,0,16,0,0.941176470588235
"kappa.o",63,300,0.33,"TRUE","TRUE","FALSE","17.1355079513531","0.00424147840401149","17.1312664729491","3.029","0.104","0.305","1,2,3,4,5,6,7,8,9,10,11,12,13,14,15,16,17",0.000153812611785496,TRUE,0,0,17,0,17,0,1
"kappa.o",64,300,0.33,"TRUE","TRUE","FALSE","16.4107217988764","0.0096490729812955","16.4010727258951","4.093","0.124","0.521","1,2,3,4,5,6,7,9,10,11,12,13,14,15,16,17",0.000562744855869087,FALSE,0,1,16,0,16,0,0.941176470588235
"kappa.o",65,300,0.33,"TRUE","TRUE","FALSE","17.1754586154308","0.0307912312056027","17.1446673842252","3.081","0.108","0.332","1,2,3,4,5,6,7,8,9,10,11,12,13,14,15,16,17",0.000182462103066885,TRUE,0,0,17,0,17,0,1
"kappa.o",66,300,0.33,"TRUE","TRUE","FALSE","17.1011460919022","0.00692664837069784","17.0942194435315","3.337","0.105","0.345","1,2,3,4,5,6,7,8,9,10,11,12,13,14,15,16,17",0.000330007172424578,TRUE,0,0,17,0,17,0,1
"kappa.o",67,300,0.33,"TRUE","TRUE","FALSE","15.6475135529828","0.00464238229652024","15.6428711706863","4.074","0.117","0.358","1,2,3,4,5,6,9,10,11,12,13,14,15,16,17",0.00128732247960325,FALSE,0,2,15,0,15,0,0.882352941176471
"kappa.o",68,300,0.33,"TRUE","TRUE","FALSE","16.3287140334086","0.00417619328619141","16.3245378401224","3.839","0.118","0.356","1,2,3,4,5,6,8,9,10,11,12,13,14,15,16,17",0.000528520715120488,FALSE,0,1,16,0,16,0,0.941176470588235
"kappa.o",69,300,0.33,"TRUE","TRUE","FALSE","16.3669103466169","0.00458334394349835","16.3623270026734","3.352","0.116","0.345","1,2,3,4,5,6,8,9,10,11,12,13,14,15,16,17",0.000564413084670011,FALSE,0,1,16,0,16,0,0.941176470588235
"kappa.o",7,300,0.33,"TRUE","TRUE","FALSE","15.9815665210166","0.00341530453131804","15.9781512164853","3.932","0.111","0.328","1,2,3,4,5,6,9,10,11,12,13,14,15,16,17,221",0.00125210212206995,FALSE,1,2,16,1,15,0.0625,0.882352941176471
"kappa.o",70,300,0.33,"TRUE","TRUE","FALSE","17.0689152415015","0.00346795465572268","17.0654472868458","3.409","0.105","0.309","1,2,3,4,5,6,7,8,9,10,11,12,13,14,15,16,17",0.000273635804729716,TRUE,0,0,17,0,17,0,1
"kappa.o",71,300,0.33,"TRUE","TRUE","FALSE","17.2279763403816","0.0386750534894809","17.1893012868921","3.246","0.122","0.336","1,2,3,4,5,6,7,8,9,10,11,12,13,14,15,16,17",0.000245670482313628,TRUE,0,0,17,0,17,0,1
"kappa.o",72,300,0.33,"TRUE","TRUE","FALSE","16.2881717957363","0.00342480008512918","16.2847469956512","3.908","0.116","0.354","1,2,3,4,5,6,7,9,10,11,12,13,14,15,16,17",0.000735961779024548,FALSE,0,1,16,0,16,0,0.941176470588235
"kappa.o",73,300,0.33,"TRUE","TRUE","FALSE","17.1577933249717","0.00258279499473594","17.155210529977","2.989","0.1","0.327","1,2,3,4,5,6,7,8,9,10,11,12,13,14,15,16,17",0.000258967410949862,TRUE,0,0,17,0,17,0,1
"kappa.o",74,300,0.33,"TRUE","TRUE","FALSE","16.2191165526886","0.00412167626940185","16.2149948764192","3.089","0.112","0.322","1,2,3,4,5,6,8,9,10,11,12,13,14,15,16,17",0.000719143409235598,FALSE,0,1,16,0,16,0,0.941176470588235
"kappa.o",75,300,0.33,"TRUE","TRUE","FALSE","16.3131279548693","0.00465733137206194","16.3084706234972","3.283","0.108","0.331","1,2,3,4,5,6,7,8,10,11,12,13,14,15,16,17",0.000550792823385857,FALSE,0,1,16,0,16,0,0.941176470588235
"kappa.o",76,300,0.33,"TRUE","TRUE","FALSE","17.1711549589391","0.00719967517901347","17.16395528376","2.989","0.102","0.32","1,2,3,4,5,6,7,8,9,10,11,12,13,14,15,16,17",0.00020154252895132,TRUE,0,0,17,0,17,0,1
"kappa.o",77,300,0.33,"TRUE","TRUE","FALSE","16.947705498463","0.0114370415950604","16.9362684568679","3.845","0.117","0.365","1,2,3,4,5,6,7,8,9,10,11,12,13,14,15,16,17",0.000263485106204842,TRUE,0,0,17,0,17,0,1
"kappa.o",78,300,0.33,"TRUE","TRUE","FALSE","17.1627642692509","0.00475685719565201","17.1580074120552","3.106","0.113","0.309","1,2,3,4,5,6,7,8,9,10,11,12,13,14,15,16,17",0.000172667940909301,TRUE,0,0,17,0,17,0,1
"kappa.o",79,300,0.33,"TRUE","TRUE","FALSE","16.0910187259937","0.00440058659077119","16.0866181394029","3.422","0.107","0.313","1,2,3,4,5,6,7,8,10,11,12,13,14,15,16,17",0.000558048940934102,FALSE,0,1,16,0,16,0,0.941176470588235
"kappa.o",8,300,0.33,"TRUE","TRUE","FALSE","17.170110596186","0.00448539459249653","17.1656252015935","2.926","0.11","0.329","1,2,3,4,5,6,7,8,9,10,11,12,13,14,15,16,17",0.000317817572760037,TRUE,0,0,17,0,17,0,1
"kappa.o",80,300,0.33,"TRUE","TRUE","FALSE","17.2522065076651","0.00652552469387425","17.2456809829712","3.431","0.122","0.348","1,2,3,4,5,6,7,8,9,10,11,12,13,14,15,16,17",0.000284471006060258,TRUE,0,0,17,0,17,0,1
"kappa.o",81,300,0.33,"TRUE","TRUE","FALSE","16.8130795172477","0.00926569321442564","16.8038138240333","3.722","0.116","0.328","1,2,3,4,5,6,7,8,9,10,11,12,13,14,15,16,17",0.000297642469836851,TRUE,0,0,17,0,17,0,1
"kappa.o",82,300,0.33,"TRUE","TRUE","FALSE","15.8514359289538","0.00376871070835483","15.8476672182454","4.013","0.1","0.308","1,2,3,4,5,6,8,9,10,11,12,13,14,15,16,17",0.000617013670405932,FALSE,0,1,16,0,16,0,0.941176470588235
"kappa.o",83,300,0.33,"TRUE","TRUE","FALSE","15.5393437632225","0.00469665426460247","15.5346471089579","3.682","0.105","0.295","1,2,3,4,5,6,9,10,11,12,13,14,15,16,17",0.000999055717043992,FALSE,0,2,15,0,15,0,0.882352941176471
"kappa.o",84,300,0.33,"TRUE","TRUE","FALSE","17.2062335533971","0.00380857861785642","17.2024249747792","3.29","0.104","0.329","1,2,3,4,5,6,7,8,9,10,11,12,13,14,15,16,17",0.000146770375762756,TRUE,0,0,17,0,17,0,1
"kappa.o",85,300,0.33,"TRUE","TRUE","FALSE","16.302605543022","0.00606135871322391","16.2965441843088","3.161","0.111","0.378","1,2,3,4,5,6,7,9,10,11,12,13,14,15,16,17",0.000823438058312272,FALSE,0,1,16,0,16,0,0.941176470588235
"kappa.o",86,300,0.33,"TRUE","TRUE","FALSE","16.8755001841231","0.00344506101566228","16.8720551231074","3.028","0.097","0.298","1,2,3,4,5,6,7,8,9,10,11,12,13,14,15,16,17",0.000270765352792408,TRUE,0,0,17,0,17,0,1
"kappa.o",87,300,0.33,"TRUE","TRUE","FALSE","17.0841985636306","0.00380174463285428","17.0803968189978","3.138","0.104","0.306","1,2,3,4,5,6,7,8,9,10,11,12,13,14,15,16,17",0.000104846236153921,TRUE,0,0,17,0,17,0,1
"kappa.o",88,300,0.33,"TRUE","TRUE","FALSE","17.3442837332833","0.0132148712661655","17.3310688620172","3.654","0.117","0.342","1,2,3,4,5,6,7,8,9,10,11,12,13,14,15,16,17",0.000157912053423452,TRUE,0,0,17,0,17,0,1
"kappa.o",89,300,0.33,"TRUE","TRUE","FALSE","16.7989662424881","0.00375826451675405","16.7952079779713","3.566","0.113","0.339","1,2,3,4,5,6,7,8,9,10,11,12,13,14,15,16,17",0.000203283444403428,TRUE,0,0,17,0,17,0,1
"kappa.o",9,300,0.33,"TRUE","TRUE","FALSE","16.3131781513844","0.00577485860824309","16.3074032927762","3.606","0.116","0.362","1,2,3,4,5,6,8,9,10,11,12,13,14,15,16,17",0.000649319780994295,FALSE,0,1,16,0,16,0,0.941176470588235
"kappa.o",90,300,0.33,"TRUE","TRUE","FALSE","17.0965403115627","0.0165476837460984","17.0799926278166","3.024","0.114","0.328","1,2,3,4,5,6,7,8,9,10,11,12,13,14,15,16,17",0.000282503908097366,TRUE,0,0,17,0,17,0,1
"kappa.o",91,300,0.33,"TRUE","TRUE","FALSE","17.2342193211959","0.0040210669848076","17.230198254211","3.224","0.1","0.307","1,2,3,4,5,6,7,8,9,10,11,12,13,14,15,16,17",0.000143584673630219,TRUE,0,0,17,0,17,0,1
"kappa.o",92,300,0.33,"TRUE","TRUE","FALSE","16.7878682507066","0.00612311751799545","16.7817451331886","3.62","0.114","0.374","1,2,3,4,5,6,7,8,9,10,11,12,13,14,15,16,17",0.000251300087904629,TRUE,0,0,17,0,17,0,1
"kappa.o",93,300,0.33,"TRUE","TRUE","FALSE","17.2142447477421","0.00299010399058802","17.2112546437516","3.899","0.12","0.365","1,2,3,4,5,6,7,8,9,10,11,12,13,14,15,16,17",0.000124881884148099,TRUE,0,0,17,0,17,0,1
"kappa.o",94,300,0.33,"TRUE","TRUE","FALSE","15.5106970976896","0.00394500179209268","15.5067520958975","3.611","0.105","0.297","1,2,3,4,5,6,9,10,11,12,13,14,15,16,17",0.0011818900111225,FALSE,0,2,15,0,15,0,0.882352941176471
"kappa.o",95,300,0.33,"TRUE","TRUE","FALSE","16.1567994083643","0.00296622454903674","16.1538331838153","3.018","0.115","0.342","1,2,3,4,5,6,8,9,10,11,12,13,14,15,16,17",0.000614675490597898,FALSE,0,1,16,0,16,0,0.941176470588235
"kappa.o",96,300,0.33,"TRUE","TRUE","FALSE","16.1891848179884","0.00515727062323928","16.1840275473652","4.409","0.113","0.353","1,2,3,4,5,6,7,10,11,12,13,14,15,16,17,258",0.00126888419926593,FALSE,1,2,16,1,15,0.0625,0.882352941176471
"kappa.o",97,300,0.33,"TRUE","TRUE","FALSE","16.3710441948329","0.103362521752753","16.2676816730801","3.707","0.119","0.357","1,2,3,4,5,6,8,9,10,11,12,13,14,15,16,17",0.000621915174463018,FALSE,0,1,16,0,16,0,0.941176470588235
"kappa.o",98,300,0.33,"TRUE","TRUE","FALSE","17.1650735456061","0.0050752033846588","17.1599983422214","3.027","0.111","0.349","1,2,3,4,5,6,7,8,9,10,11,12,13,14,15,16,17",0.00022861514420155,TRUE,0,0,17,0,17,0,1
"kappa.o",99,300,0.33,"TRUE","TRUE","FALSE","17.1716632513286","0.00738369615485029","17.1642795551738","3.554","0.126","0.365","1,2,3,4,5,6,7,8,9,10,11,12,13,14,15,16,17",0.000156452651683836,TRUE,0,0,17,0,17,0,1
"lasso.cv",1,300,0.33,"TRUE","TRUE","FALSE","17.1052026169054","0.00591091948484315","17.0992916974206","3.008","0.117","0.36","1,2,3,4,5,6,7,8,9,10,11,12,13,14,15,16,17,28,33,43,59,68,72,82,90,104,107,109,110,120,135,156,165,171,176,191,202,220,226,235,246,254,260,262,265,272,279,295,297,306,315,318,322,327,330,335,344,352,364,388,392,406,407,412,423,438,440,441,444,465",0.0010676690851131,FALSE,53,0,70,53,17,0.757142857142857,1
"lasso.cv",10,300,0.33,"TRUE","TRUE","FALSE","17.0938889039523","0.00579658949561494","17.0880923144567","3.085","0.107","0.332","1,2,3,4,5,6,7,8,9,10,11,12,13,14,15,16,17,24,36,40,57,72,94,110,112,149,171,188,190,192,196,198,205,216,222,226,234,235,252,265,271,274,276,288,295,313,322,326,339,356,357,366,373,377,379,385,396,410,428,432,440,442,443,446,465",0.000842348283826904,FALSE,48,0,65,48,17,0.738461538461539,1
"lasso.cv",100,300,0.33,"TRUE","TRUE","FALSE","16.4042545741308","0.00317359060966691","16.4010809835211","3.441","0.11","0.34","1,2,3,4,5,6,7,8,9,10,11,12,13,14,15,16,17,25,34,36,37,40,42,61,63,72,75,77,90,93,118,128,130,142,157,161,167,169,185,191,202,235,238,242,254,279,296,302,306,311,324,343,363,364,367,374,376,387,397,403,436,437,445,449",0.000994341017690848,FALSE,47,0,64,47,17,0.734375,1
"lasso.cv",11,300,0.33,"TRUE","TRUE","FALSE","17.1069000620732","0.00504468841003592","17.1018553736631","2.993","0.113","0.385","1,2,3,4,5,6,7,8,9,10,11,12,13,14,15,16,17,22,31,36,47,61,88,91,107,110,120,132,142,162,179,184,185,186,187,191,210,227,230,238,251,254,274,282,293,313,322,323,324,352,354,356,364,365,381,406,426,440,446,449,455",0.00111387965958845,FALSE,44,0,61,44,17,0.721311475409836,1
"lasso.cv",12,300,0.33,"TRUE","TRUE","FALSE","16.6239088246908","0.0975554719486716","16.5263533527421","5.497","0.12","0.357","1,2,3,4,5,6,7,8,9,10,11,12,13,14,15,16,17,20,24,40,41,86,91,95,96,98,110,167,168,183,191,201,211,218,220,227,248,250,256,257,266,268,274,292,293,294,295,324,334,336,339,361,372,385,393,404,405,420,423,435,460",0.00165860861343236,FALSE,44,0,61,44,17,0.721311475409836,1
"lasso.cv",13,300,0.33,"TRUE","TRUE","FALSE","16.0606218658202","0.00337729345132891","16.0572445723689","3.279","0.105","0.328","1,2,3,4,5,6,7,8,9,10,11,12,13,14,15,16,17,26,27,31,44,62,63,64,66,84,103,109,117,131,136,140,144,156,188,198,202,235,248,250,254,285,290,297,304,324,331,345,350,354,361,366,367,374,385,397,405,408,425,447,458",0.000972368685524466,FALSE,44,0,61,44,17,0.721311475409836,1
"lasso.cv",14,300,0.33,"TRUE","TRUE","FALSE","17.1279466761639","0.00620842996703667","17.1217382461969","2.988","0.126","0.382","1,2,3,4,5,6,7,8,9,10,11,12,13,14,15,16,17,20,25,26,28,36,47,49,69,75,84,86,88,111,112,130,139,140,141,142,162,165,173,179,183,184,191,202,230,232,239,243,250,252,263,272,291,327,337,349,358,364,365,397,398,401,403,406,407,411,412,421,422,439,442,443,446,464",0.001324777646235,FALSE,57,0,74,57,17,0.77027027027027,1
"lasso.cv",15,300,0.33,"TRUE","TRUE","FALSE","16.153449359098","0.00312080655750013","16.1503285525405","3.382","0.11","0.326","1,2,3,4,5,6,7,8,9,10,11,12,13,14,15,16,17,26,40,70,81,83,91,104,105,106,112,118,132,263,265,314,321,340,344,345,365,371,383,386,400,403,406,424,431,440,443,444,446,447,450,451,455,463",0.000871020449790987,FALSE,37,0,54,37,17,0.685185185185185,1
"lasso.cv",16,300,0.33,"TRUE","TRUE","FALSE","16.8437815286594","0.00562769239982813","16.8381538362596","3.281","0.115","0.343","1,2,3,4,5,6,7,8,9,10,11,12,13,14,15,16,17,19,21,31,40,42,45,55,82,97,104,106,109,113,116,120,122,125,131,155,164,165,178,198,212,222,228,234,246,258,286,294,321,342,364,367,385,397,398,415,432,434,436,438,443,448,450,465",0.00108830515524203,FALSE,47,0,64,47,17,0.734375,1
"lasso.cv",17,300,0.33,"TRUE","TRUE","FALSE","16.13493461291","0.00409685783854739","16.1308377550715","3.107","0.111","0.316","1,2,3,4,5,6,7,8,9,10,11,12,13,14,15,16,17,22,26,37,54,59,73,74,77,78,81,84,88,96,112,113,118,140,144,201,215,224,226,243,245,246,249,255,279,288,291,324,336,340,347,357,373,380,384,389,390,397,398,401,403,411,417,423,450,462",0.00114668651776426,FALSE,49,0,66,49,17,0.742424242424242,1
"lasso.cv",18,300,0.33,"TRUE","TRUE","FALSE","17.1660942011458","0.00368486140915729","17.1624093397366","3.082","0.114","0.462","1,2,3,4,5,6,7,8,9,10,11,12,13,14,15,16,17,29,68,75,76,84,88,93,96,97,98,101,116,120,163,177,186,202,205,210,216,220,222,230,232,239,250,257,263,273,284,293,295,301,307,312,318,324,351,361,364,373,374,387,406,415,437,460",0.000845681272721502,FALSE,47,0,64,47,17,0.734375,1
"lasso.cv",19,300,0.33,"TRUE","TRUE","FALSE","16.9276552055102","0.00317288262207104","16.9244823228881","3.283","0.099","0.326","1,2,3,4,5,6,7,8,9,10,11,12,13,14,15,16,17,18,21,27,33,67,72,75,76,86,88,91,127,143,146,148,150,178,187,199,209,218,254,255,268,275,286,290,321,344,361,364,366,389,397,403,405,416,423,440,443,461",0.000806448636425761,FALSE,41,0,58,41,17,0.706896551724138,1
"lasso.cv",2,300,0.33,"TRUE","TRUE","FALSE","16.2624320636738","0.00551191612364854","16.2569201475502","4.208","0.111","0.351","1,2,3,4,5,6,7,8,9,10,11,12,13,14,15,16,17,23,28,30,35,36,47,57,60,65,82,89,90,91,128,132,190,211,231,241,242,254,257,288,290,300,301,307,322,326,337,350,361,403,413,420,447,454,463",0.000739332115067042,FALSE,38,0,55,38,17,0.690909090909091,1
"lasso.cv",20,300,0.33,"TRUE","TRUE","FALSE","17.2214838248348","0.00465958744629067","17.2168242373885","3.277","0.11","0.331","1,2,3,4,5,6,7,8,9,10,11,12,13,14,15,16,17,21,37,41,42,46,49,52,78,82,101,107,110,115,137,139,148,178,180,181,182,187,202,220,229,230,251,252,279,284,360,373,376,382,383,391,392,397,400,403,431,433,434,449,461,465",0.00124798132517027,FALSE,45,0,62,45,17,0.725806451612903,1
"lasso.cv",21,300,0.33,"TRUE","TRUE","FALSE","17.3075338755409","0.00943832501203404","17.2980955505289","3.326","0.113","0.351","1,2,3,4,5,6,7,8,9,10,11,12,13,14,15,16,17,18,20,42,44,47,51,72,82,125,144,152,162,170,179,201,206,210,229,234,239,248,250,254,268,279,293,304,351,357,373,384,385,394,396,404,423,424,442,459,466",0.00093898223160212,FALSE,40,0,57,40,17,0.701754385964912,1
"lasso.cv",22,300,0.33,"TRUE","TRUE","FALSE","15.2562737336186","0.00416825535837106","15.2521054782602","4.039","0.126","0.349","1,2,3,4,5,6,7,8,9,10,11,12,13,14,15,16,17,18,21,56,84,85,90,91,94,96,99,104,111,114,125,132,139,144,154,162,170,172,173,178,189,190,200,205,210,227,228,231,252,255,269,276,280,282,287,304,313,336,349,352,357,359,365,367,376,378,395,403,426,432,436,440,443,457,458,465",0.00127103767434448,FALSE,59,0,76,59,17,0.776315789473684,1
"lasso.cv",23,300,0.33,"TRUE","TRUE","FALSE","16.2414132997027","0.00452179490298481","16.2368915047997","3.635","0.11","0.326","1,2,3,4,5,6,7,8,9,10,11,12,13,14,15,16,17,20,22,31,41,47,55,61,87,92,96,99,102,109,110,127,162,180,183,184,185,223,241,247,249,254,266,275,286,287,307,331,350,372,389,393,401,402,403,408,413,424,438,440,447,453,458,465",0.00109022428290526,FALSE,47,0,64,47,17,0.734375,1
"lasso.cv",24,300,0.33,"TRUE","TRUE","FALSE","16.1051861017938","0.00420244998832697","16.1009836518055","2.877","0.109","0.326","1,2,3,4,5,6,7,8,9,10,11,12,13,14,15,16,17,21,22,28,38,41,65,74,78,107,113,114,129,132,137,140,168,173,180,189,208,210,225,233,245,252,279,282,292,295,307,312,318,321,326,331,339,348,349,350,363,364,380,383,400,403,457,458",0.00111448213453314,FALSE,47,0,64,47,17,0.734375,1
"lasso.cv",25,300,0.33,"TRUE","TRUE","FALSE","15.8570594772513","0.00375230103409188","15.8533071762172","3.566","0.107","0.307","1,2,3,4,5,6,7,8,9,10,11,12,13,14,15,16,17,29,41,47,55,58,65,71,80,82,85,86,87,90,96,100,107,120,122,191,210,216,218,234,239,250,255,256,260,262,269,276,279,284,292,295,301,325,339,342,353,361,372,377,378,400,401,417,433,443,445,460,464,467",0.000889686870082352,FALSE,53,0,70,53,17,0.757142857142857,1
"lasso.cv",26,300,0.33,"TRUE","TRUE","FALSE","17.2361840481819","0.00329753953530833","17.2328865086466","3.7","0.105","0.343","1,2,3,4,5,6,7,8,9,10,11,12,13,14,15,16,17,46,49,52,56,66,76,101,104,105,107,111,112,113,121,122,152,170,209,220,251,280,285,292,308,318,325,334,350,367,368,393,405,408,411,412,413,440,462,465",0.00126152364144087,FALSE,39,0,56,39,17,0.696428571428571,1
"lasso.cv",27,300,0.33,"TRUE","TRUE","FALSE","16.7564651241794","0.0274912932950084","16.7289738308844","3.442","0.107","0.317","1,2,3,4,5,6,7,8,9,10,11,12,13,14,15,16,17,18,23,35,42,45,47,62,65,76,87,99,109,123,131,132,168,174,176,191,202,230,232,243,246,260,275,279,284,292,295,307,319,322,339,342,367,392,400,423,435,440,453,459",0.00089957292167086,FALSE,43,0,60,43,17,0.716666666666667,1
"lasso.cv",28,300,0.33,"TRUE","TRUE","FALSE","17.1148566052738","0.00436059739117195","17.1104960078826","3.002","0.102","0.343","1,2,3,4,5,6,7,8,9,10,11,12,13,14,15,16,17,19,49,56,73,75,78,97,107,110,112,113,121,140,144,150,166,167,171,173,187,191,209,210,226,234,249,254,294,315,342,374,376,378,405,412,425,437,440,446,451,465",0.00102664415705132,FALSE,41,0,58,41,17,0.706896551724138,1
"lasso.cv",29,300,0.33,"TRUE","TRUE","FALSE","17.099999230228","0.00590886629727178","17.0940903639307","3.035","0.114","0.336","1,2,3,4,5,6,7,8,9,10,11,12,13,14,15,16,17,18,31,63,65,72,84,90,107,108,109,111,144,188,204,221,227,231,249,266,282,290,297,304,312,321,322,323,324,350,352,357,367,377,380,385,402,410,414,421,424,432,440,447,449",0.00109915106140503,FALSE,44,0,61,44,17,0.721311475409836,1
"lasso.cv",3,300,0.33,"TRUE","TRUE","FALSE","15.4581402784038","0.00337491227136331","15.4547653661325","3.579","0.107","0.332","1,2,3,4,5,6,7,8,9,10,11,12,13,14,15,16,17,21,47,55,63,67,68,84,90,108,110,136,145,157,162,168,190,202,207,255,256,262,285,289,295,307,311,314,321,322,324,327,358,392,400,405,406,419,428,436,451,452,457,460,463,464,465",0.000891790458197767,FALSE,46,0,63,46,17,0.73015873015873,1
"lasso.cv",30,300,0.33,"FALSE","FALSE","FALSE","15.0374645314866","0.00446238007046644","15.0330021514161","4.095","0.131","0.383","1,2,3,4,5,6,7,8,9,10,11,12,13,14,15,16,17,29,35,36,40,59,78,90,96,99,133,138,140,144,147,151,157,174,175,176,178,201,202,210,230,262,272,273,280,284,308,324,326,336,341,344,345,358,360,361,365,367,376,379,393,399,400,402,429,436,447",0.00135407381071377,FALSE,50,0,67,50,17,0.746268656716418,1
"lasso.cv",31,300,0.33,"TRUE","TRUE","FALSE","16.0940666189078","0.0175371446967818","16.076529474211","4.004","0.105","0.316","1,2,3,4,5,6,7,8,9,10,11,12,13,14,15,16,17,21,24,30,40,62,82,84,88,94,99,101,105,108,118,126,127,151,163,165,179,184,191,226,236,245,254,269,272,282,291,311,322,327,349,357,369,376,400,414,447,451,452,460,462",0.00115480380641971,FALSE,44,0,61,44,17,0.721311475409836,1
"lasso.cv",32,300,0.33,"TRUE","TRUE","FALSE","16.8011843565271","0.00363369138777766","16.7975506651393","3.641","0.112","0.344","1,2,3,4,5,6,7,8,9,10,11,12,13,14,15,16,17,36,40,41,44,58,97,98,106,110,112,125,126,140,158,179,202,213,226,227,229,256,264,279,281,286,306,311,336,346,348,357,374,387,392,396,397,399,400,407,419,420,426,458",0.00104027108859516,FALSE,43,0,60,43,17,0.716666666666667,1
"lasso.cv",33,300,0.33,"TRUE","TRUE","FALSE","15.3968457835721","0.0042603264735847","15.3925854570985","3.533","0.1","0.303","1,2,3,4,5,6,7,8,9,10,11,12,13,14,15,16,17,28,30,35,46,55,89,92,98,100,108,115,132,152,158,171,185,192,204,214,219,230,241,242,249,261,269,286,291,307,326,334,338,350,353,391,434,459",0.000903120208761643,FALSE,37,0,54,37,17,0.685185185185185,1
"lasso.cv",34,300,0.33,"TRUE","TRUE","FALSE","16.4412286484918","0.0177012804289206","16.4235273680629","4.241","0.115","0.344","1,2,3,4,5,6,7,8,9,10,11,12,13,14,15,16,17,22,31,70,88,90,99,104,105,106,112,116,141,144,145,146,178,179,180,185,187,190,210,215,240,246,259,314,323,325,326,348,360,361,376,391,408,416,417,422,430,436,440,447,449,457",0.00107192645446833,FALSE,45,0,62,45,17,0.725806451612903,1
"lasso.cv",35,300,0.33,"TRUE","TRUE","FALSE","16.7895286736382","0.004038078619951","16.7854905950182","3.914","0.11","0.335","1,2,3,4,5,6,7,8,9,10,11,12,13,14,15,16,17,20,22,39,42,72,73,94,102,104,109,114,120,127,142,145,162,172,173,180,185,189,197,201,210,223,235,236,241,249,260,273,279,280,287,291,300,302,321,323,347,350,356,358,365,368,385,386,397,399,403,426,435,453,456,463",0.00129295724276603,FALSE,55,0,72,55,17,0.763888888888889,1
"lasso.cv",36,300,0.33,"TRUE","TRUE","FALSE","17.4237148958023","0.00742559847556915","17.4162892973268","3.617","0.111","0.311","1,2,3,4,5,6,7,8,9,10,11,12,13,14,15,16,17,27,34,36,55,67,84,90,93,114,129,134,137,152,156,176,178,183,187,190,192,194,209,225,269,273,288,290,332,339,355,361,367,373,381,387,392,401,411,425,442,443",0.000864768117948746,FALSE,41,0,58,41,17,0.706896551724138,1
"lasso.cv",37,300,0.33,"TRUE","TRUE","FALSE","16.3109235337772","0.0039116396875293","16.3070118940897","3.961","0.106","0.339","1,2,3,4,5,6,7,8,9,10,11,12,13,14,15,16,17,26,34,43,63,76,78,84,87,96,99,109,110,144,172,173,178,188,198,202,230,232,241,252,289,321,361,365,374,376,386,387,389,392,400,403,427,440,446,465",0.0011319363383524,FALSE,39,0,56,39,17,0.696428571428571,1
"lasso.cv",38,300,0.33,"TRUE","TRUE","FALSE","17.215707588805","0.00439633563118239","17.2113112531739","3.444","0.116","0.361","1,2,3,4,5,6,7,8,9,10,11,12,13,14,15,16,17,31,32,33,47,55,61,69,70,84,88,89,96,98,109,121,133,146,151,155,179,185,191,202,210,217,223,229,236,256,264,272,280,291,313,327,351,355,367,385,393,415,419,420,431,440,443,458,466",0.000808296189951035,FALSE,48,0,65,48,17,0.738461538461539,1
"lasso.cv",39,300,0.33,"TRUE","TRUE","FALSE","16.5209031328914","0.00762342279227454","16.5132797100991","3.785","0.115","0.327","1,2,3,4,5,6,7,8,9,10,11,12,13,14,15,16,17,23,36,45,48,51,59,73,77,79,88,90,96,103,122,123,125,139,163,171,176,191,194,196,197,204,212,215,218,222,225,239,241,246,248,254,263,270,273,287,311,316,332,357,358,360,367,387,405,406,407,408,435,447,457,463",0.00119006222575871,FALSE,55,0,72,55,17,0.763888888888889,1
"lasso.cv",4,300,0.33,"TRUE","TRUE","FALSE","17.1075798173043","0.00742305957785323","17.1001567577265","3.351","0.108","0.341","1,2,3,4,5,6,7,8,9,10,11,12,13,14,15,16,17,20,26,29,62,66,79,84,95,113,118,120,140,163,164,169,189,202,209,225,227,232,249,254,260,269,291,304,317,322,331,334,336,341,357,361,364,373,374,381,392,406,408,422,432,436,449,453,456",0.00105023152560723,FALSE,48,0,65,48,17,0.738461538461539,1
"lasso.cv",40,300,0.33,"TRUE","TRUE","FALSE","17.1014191149638","0.00264246721036209","17.0987766477535","2.839","0.102","0.326","1,2,3,4,5,6,7,8,9,10,11,12,13,14,15,16,17,18,30,44,63,75,78,82,96,100,132,152,179,192,197,202,215,220,222,239,247,264,280,290,325,330,345,350,357,362,364,376,383,384,389,392,396,400,441,446,451",0.000844192034896466,FALSE,40,0,57,40,17,0.701754385964912,1
"lasso.cv",41,300,0.33,"TRUE","TRUE","FALSE","16.8843929290965","0.00303052181258921","16.8813624072839","3.695","0.109","0.331","1,2,3,4,5,6,7,8,9,10,11,12,13,14,15,16,17,22,28,34,44,52,68,70,72,75,78,89,99,107,133,165,166,191,197,201,209,215,232,239,246,247,255,292,298,323,339,349,353,356,361,365,374,382,421,440,442,450,451,460,464",0.00111093062317257,FALSE,44,0,61,44,17,0.721311475409836,1
"lasso.cv",42,300,0.33,"TRUE","TRUE","FALSE","17.1570087346846","0.00564903569846996","17.1513596989861","2.913","0.098","0.312","1,2,3,4,5,6,7,8,9,10,11,12,13,14,15,16,17,32,47,70,73,75,82,101,102,115,119,165,169,182,184,187,191,201,228,241,245,254,275,277,279,292,325,342,357,359,369,374,377,384,387,394,396,425,440,454,458,459",0.000869433165423962,FALSE,41,0,58,41,17,0.706896551724138,1
"lasso.cv",43,300,0.33,"TRUE","TRUE","FALSE","16.6426957346315","0.00771604831268448","16.6349796863188","4.242","0.122","0.359","1,2,3,4,5,6,7,8,9,10,11,12,13,14,15,16,17,18,20,22,30,31,40,48,61,73,77,82,103,105,112,120,122,125,145,159,176,181,191,202,204,220,225,226,230,254,255,263,267,279,280,285,286,287,324,325,329,330,366,376,382,407,410,422,423,428,434,436,440,441,442,444",0.00137243763305536,FALSE,55,0,72,55,17,0.763888888888889,1
"lasso.cv",44,300,0.33,"TRUE","TRUE","FALSE","16.0282729226329","0.0199104487999111","16.008362473833","3.286","0.109","0.331","1,2,3,4,5,6,7,8,9,10,11,12,13,14,15,16,17,18,28,58,61,71,77,83,86,87,108,123,124,130,140,170,194,201,209,211,220,221,248,250,256,262,264,274,319,324,325,326,327,332,373,379,389,397,401,410,415,420,432,438,443,456,457,460",0.00113836169693152,FALSE,47,0,64,47,17,0.734375,1
"lasso.cv",45,300,0.33,"TRUE","TRUE","FALSE","16.1073149310558","0.00815678404202205","16.0991581470138","4.115","0.114","0.379","1,2,3,4,5,6,7,8,9,10,11,12,13,14,15,16,17,26,30,41,44,46,47,83,87,88,100,106,125,131,165,182,185,189,191,202,213,215,218,222,229,230,241,248,264,282,286,302,310,318,324,325,329,337,347,348,350,357,367,397,403,411,418,426,427,440,441,442",0.00146750402246627,FALSE,51,0,68,51,17,0.75,1
"lasso.cv",46,300,0.33,"TRUE","TRUE","FALSE","17.1722272022184","0.00862705449229579","17.1636001477261","3.012","0.113","0.351","1,2,3,4,5,6,7,8,9,10,11,12,13,14,15,16,17,18,20,21,28,51,61,66,69,72,92,99,111,118,123,124,137,176,178,179,191,217,229,241,245,254,284,285,327,331,350,353,356,359,361,364,373,389,391,392,399,406,412,419,423,427,428,440,441,451",0.00118445723287254,FALSE,49,0,66,49,17,0.742424242424242,1
"lasso.cv",47,300,0.33,"TRUE","TRUE","FALSE","17.1315424520166","0.00362231231102705","17.1279201397056","2.865","0.105","0.344","1,2,3,4,5,6,7,8,9,10,11,12,13,14,15,16,17,22,67,82,89,90,91,92,100,103,105,109,124,168,171,179,188,191,207,210,213,216,218,240,265,267,295,311,322,335,344,348,350,359,364,394,403,406,415,422,423,431,435,438,446,460,464,466",0.000774448622418188,FALSE,47,0,64,47,17,0.734375,1
"lasso.cv",48,300,0.33,"TRUE","TRUE","FALSE","16.3194314595991","0.00464199632897668","16.3147894632702","3.218","0.112","0.322","1,2,3,4,5,6,7,8,9,10,11,12,13,14,15,16,17,18,19,32,34,36,40,46,49,54,55,70,82,84,93,97,103,108,117,118,125,132,156,187,202,205,210,211,214,252,274,276,311,321,343,350,352,357,359,360,367,384,399,400,404,419,438,439,441,442,443,444,449,454,459,460,465",0.000988893090163619,FALSE,56,0,73,56,17,0.767123287671233,1
"lasso.cv",49,300,0.33,"TRUE","TRUE","FALSE","16.1750515534402","0.00943806061255235","16.1656134928277","4.231","0.121","0.385","1,2,3,4,5,6,7,8,9,10,11,12,13,14,15,16,17,20,21,24,26,46,61,85,106,114,118,120,125,136,150,161,162,167,178,188,194,202,204,215,220,226,232,233,239,246,248,252,263,269,287,298,307,317,321,323,324,331,344,348,359,364,367,389,393,404,419,423,434,438,442,448,460,461",0.00163315959432489,FALSE,57,0,74,57,17,0.77027027027027,1
"lasso.cv",5,300,0.33,"TRUE","TRUE","FALSE","16.732346787277","0.00400844065896738","16.728338346618","3.612","0.161","0.473","1,2,3,4,5,6,7,8,9,10,11,12,13,14,15,16,17,25,44,47,51,52,61,65,87,95,99,101,103,111,112,113,121,140,142,168,185,187,197,198,210,213,214,227,228,256,261,280,295,306,317,318,325,340,351,364,370,374,386,392,403,406,423,430,431,436,442,443,452,453,465",0.0013846904134351,FALSE,54,0,71,54,17,0.76056338028169,1
"lasso.cv",50,300,0.33,"TRUE","TRUE","FALSE","16.6248050679477","0.0293233930918826","16.5954816748559","4.098","0.102","0.278","1,2,3,4,5,6,7,8,9,10,11,12,13,14,15,16,17,20,26,30,51,57,75,82,91,100,103,107,109,141,146,156,160,169,173,174,184,189,204,223,243,254,256,259,271,280,307,326,345,349,350,359,366,367,376,398,412,428,438,447",0.000660962104939043,FALSE,43,0,60,43,17,0.716666666666667,1
"lasso.cv",51,300,0.33,"TRUE","TRUE","FALSE","16.4417808441124","0.00390426198070113","16.4378765821317","3.237","0.108","0.308","1,2,3,4,5,6,7,8,9,10,11,12,13,14,15,16,17,21,22,41,42,61,67,77,81,85,89,98,107,109,111,115,150,158,166,185,187,191,197,202,206,222,223,233,236,244,250,254,259,274,275,284,287,288,359,364,383,385,396,423,428,433,436,447",0.00078703786759624,FALSE,47,0,64,47,17,0.734375,1
"lasso.cv",52,300,0.33,"TRUE","TRUE","FALSE","16.8658486130613","0.00742255757267216","16.8584260554886","3.67","0.121","0.372","1,2,3,4,5,6,7,8,9,10,11,12,13,14,15,16,17,25,26,56,58,60,61,74,75,86,97,99,100,103,113,135,139,143,144,175,187,192,201,205,211,225,230,239,256,260,277,292,324,325,350,360,371,378,380,387,401,403,404,408,411,416,424,430,438,442,450,458,460",0.00117075464091089,FALSE,52,0,69,52,17,0.753623188405797,1
"lasso.cv",53,300,0.33,"TRUE","TRUE","FALSE","16.8096202998334","0.00424979787469879","16.8053705019587","3.26","0.107","0.331","1,2,3,4,5,6,7,8,9,10,11,12,13,14,15,16,17,22,57,61,70,82,88,91,106,107,142,145,159,185,191,192,198,206,214,217,230,232,236,240,244,248,284,291,324,326,329,350,356,357,366,370,374,383,392,396,408,419,420,423,457,461",0.00106315643955236,FALSE,45,0,62,45,17,0.725806451612903,1
"lasso.cv",54,300,0.33,"TRUE","TRUE","FALSE","17.1579360340139","0.0478277950803951","17.1101082389335","3.285","0.115","0.346","1,2,3,4,5,6,7,8,9,10,11,12,13,14,15,16,17,18,21,22,29,32,47,49,61,79,80,85,87,104,113,115,123,140,145,158,183,190,202,204,211,215,249,254,261,272,280,293,294,302,305,311,316,319,324,325,327,329,341,375,383,396,406,408,420,436,441,459,461",0.000833246097075248,FALSE,52,0,69,52,17,0.753623188405797,1
"lasso.cv",55,300,0.33,"TRUE","TRUE","FALSE","16.591672351303","0.00505791118642398","16.5866144401165","3.533","0.115","0.306","1,2,3,4,5,6,7,8,9,10,11,12,13,14,15,16,17,18,20,29,36,42,55,59,75,90,91,94,104,113,117,123,125,127,140,144,165,172,179,188,206,248,254,255,273,293,309,318,349,357,365,376,383,397,401,403,440,446,453,457,460",0.00127952544286384,FALSE,44,0,61,44,17,0.721311475409836,1
"lasso.cv",56,300,0.33,"TRUE","TRUE","FALSE","16.4468444783963","0.00543309016543942","16.4414113882309","3.656","0.11","0.314","1,2,3,4,5,6,7,8,9,10,11,12,13,14,15,16,17,40,52,53,64,84,111,133,138,157,167,173,181,202,227,232,241,256,291,312,315,325,354,357,359,376,387,389,399,416,417,421,431,436,437,438,442,443,462",0.000789408946449319,FALSE,38,0,55,38,17,0.690909090909091,1
"lasso.cv",57,300,0.33,"TRUE","TRUE","FALSE","17.1348397228729","0.0176681045582525","17.1171716183146","3.23","0.111","0.325","1,2,3,4,5,6,7,8,9,10,11,12,13,14,15,16,17,18,31,32,41,47,49,75,80,84,88,93,100,123,128,140,148,156,178,185,202,212,215,230,262,266,273,279,289,295,303,323,325,327,345,349,350,364,366,403,405,419,435,442",0.000991270728278553,FALSE,43,0,60,43,17,0.716666666666667,1
"lasso.cv",58,300,0.33,"TRUE","TRUE","FALSE","16.6971146013646","0.00413174549771885","16.6929828558669","3.569","0.119","0.296","1,2,3,4,5,6,7,8,9,10,11,12,13,14,15,16,17,20,41,47,60,73,75,81,84,87,94,99,101,127,142,147,173,187,188,190,201,207,232,245,249,252,270,279,295,306,310,325,334,344,358,364,365,373,397,403,415,428,432,443,446,449,451,465",0.000514258777664,FALSE,47,0,64,47,17,0.734375,1
"lasso.cv",59,300,0.33,"TRUE","TRUE","FALSE","16.2852804773672","0.00907849443868375","16.2762019829285","3.245","0.106","0.33","1,2,3,4,5,6,7,8,9,10,11,12,13,14,15,16,17,23,40,67,82,88,100,110,131,136,140,179,187,202,229,260,265,278,281,292,316,331,355,357,374,424,431,442,451,458,463",0.00103635867307169,FALSE,30,0,47,30,17,0.638297872340426,1
"lasso.cv",6,300,0.33,"TRUE","TRUE","FALSE","16.1445784204548","0.00423495978573094","16.140343460669","3.31","0.118","0.353","1,2,3,4,5,6,7,8,9,10,11,12,13,14,15,16,17,18,29,30,61,67,84,87,113,135,143,160,176,180,189,202,206,209,212,216,217,222,227,231,244,246,251,256,270,281,289,290,326,351,353,360,362,364,373,377,403,419,425,428,436,438,440,449,458",0.00118577444244546,FALSE,48,0,65,48,17,0.738461538461539,1
"lasso.cv",60,300,0.33,"TRUE","TRUE","FALSE","17.0630804064994","0.00560903544984946","17.0574713710496","3.181","0.118","0.372","1,2,3,4,5,6,7,8,9,10,11,12,13,14,15,16,17,21,28,40,53,61,90,96,113,125,126,135,159,171,174,201,230,232,251,253,256,262,265,272,286,289,307,315,322,327,333,340,350,357,367,372,378,379,391,412,413,417,423,437,440,444,446,450,453,467",0.00115145686239038,FALSE,49,0,66,49,17,0.742424242424242,1
"lasso.cv",61,300,0.33,"TRUE","TRUE","FALSE","16.7569814380677","0.00553488175603696","16.7514465563117","3.883","0.115","0.343","1,2,3,4,5,6,7,8,9,10,11,12,13,14,15,16,17,20,29,30,35,47,48,57,67,72,79,88,91,127,159,165,166,185,186,195,196,198,205,225,230,232,242,248,271,280,307,315,322,324,326,329,339,345,350,355,357,360,361,376,389,392,403,417,422,423,424,436,447,451,454",0.00132706074630896,FALSE,54,0,71,54,17,0.76056338028169,1
"lasso.cv",62,300,0.33,"TRUE","TRUE","FALSE","15.9266351095654","0.00596813572363066","15.9206669738418","4.495","0.126","0.351","1,2,3,4,5,6,7,8,9,10,11,12,13,14,15,16,17,21,35,46,49,64,73,76,80,82,87,89,90,92,96,120,155,163,164,176,182,183,185,201,211,215,225,227,233,239,267,269,272,273,279,280,284,288,304,311,322,340,344,373,385,413,417,449,451,464",0.00106581126935965,FALSE,49,0,66,49,17,0.742424242424242,1
"lasso.cv",63,300,0.33,"TRUE","TRUE","FALSE","17.1355079513531","0.00424147840401149","17.1312664729491","3.029","0.104","0.305","1,2,3,4,5,6,7,8,9,10,11,12,13,14,15,16,17,40,41,58,75,90,118,123,143,144,194,201,202,205,208,213,216,256,276,278,289,322,323,325,327,353,355,364,379,385,401,430,431,443,447,450,451,455,463",0.000697987962174919,FALSE,38,0,55,38,17,0.690909090909091,1
"lasso.cv",64,300,0.33,"TRUE","TRUE","FALSE","16.4107217988764","0.0096490729812955","16.4010727258951","4.093","0.124","0.521","1,2,3,4,5,6,7,8,9,10,11,12,13,14,15,16,17,36,49,54,61,70,75,80,95,103,123,128,152,165,168,172,198,201,209,226,228,239,254,258,259,264,270,304,323,325,330,333,348,350,352,360,370,372,412,423,433,434,436,438,443,458,462",0.00116642908494011,FALSE,46,0,63,46,17,0.73015873015873,1
"lasso.cv",65,300,0.33,"TRUE","TRUE","FALSE","17.1754586154308","0.0307912312056027","17.1446673842252","3.081","0.108","0.332","1,2,3,4,5,6,7,8,9,10,11,12,13,14,15,16,17,21,43,62,81,84,86,90,99,101,105,107,118,125,134,139,144,147,150,155,156,164,172,175,185,192,195,202,221,239,252,253,254,262,263,270,288,291,310,311,313,314,325,332,360,367,381,383,384,385,405,427,430,449",0.000789232808851073,FALSE,53,0,70,53,17,0.757142857142857,1
"lasso.cv",66,300,0.33,"TRUE","TRUE","FALSE","17.1011460919022","0.00692664837069784","17.0942194435315","3.337","0.105","0.345","1,2,3,4,5,6,7,8,9,10,11,12,13,14,15,16,17,26,28,30,36,39,46,47,55,86,88,97,101,106,115,132,135,141,148,170,179,180,189,198,202,208,230,232,234,235,236,246,254,261,285,291,306,307,313,348,358,374,396,416,419,421,438,440,457,460,462",0.00123132621987617,FALSE,50,0,67,50,17,0.746268656716418,1
"lasso.cv",67,300,0.33,"TRUE","TRUE","FALSE","15.6475135529828","0.00464238229652024","15.6428711706863","4.074","0.117","0.358","1,2,3,4,5,6,7,8,9,10,11,12,13,14,15,16,17,36,48,55,63,82,100,105,107,111,120,123,134,135,144,154,158,173,179,216,221,226,227,235,239,253,254,260,263,289,292,312,315,327,328,334,339,341,356,357,358,365,374,378,382,383,403,421,426,437,449,450",0.00176845428063441,FALSE,51,0,68,51,17,0.75,1
"lasso.cv",68,300,0.33,"TRUE","TRUE","FALSE","16.3287140334086","0.00417619328619141","16.3245378401224","3.839","0.118","0.356","1,2,3,4,5,6,7,8,9,10,11,12,13,14,15,16,17,22,37,72,73,77,99,107,108,111,127,129,135,148,152,160,165,169,173,174,185,187,197,202,210,215,250,252,258,260,272,276,279,280,281,301,305,309,311,317,322,337,340,359,392,396,401,403,408,412,443,450,453,466",0.00101136896953203,FALSE,53,0,70,53,17,0.757142857142857,1
"lasso.cv",69,300,0.33,"TRUE","TRUE","FALSE","16.3669103466169","0.00458334394349835","16.3623270026734","3.352","0.116","0.345","1,2,3,4,5,6,7,8,9,10,11,12,13,14,15,16,17,20,28,34,43,58,71,72,81,82,88,94,108,117,119,132,145,158,168,175,188,202,205,211,225,226,232,254,256,277,291,297,312,327,343,356,361,362,367,368,371,391,397,415,423,438",0.00092192661104811,FALSE,45,0,62,45,17,0.725806451612903,1
"lasso.cv",7,300,0.33,"TRUE","TRUE","FALSE","15.9815665210166","0.00341530453131804","15.9781512164853","3.932","0.111","0.328","1,2,3,4,5,6,7,8,9,10,11,12,13,14,15,16,17,18,27,51,55,72,73,82,99,164,174,183,198,201,209,210,215,216,220,221,231,232,233,247,248,258,272,274,282,288,289,292,293,295,300,313,324,338,346,350,352,362,364,367,378,402,408,431,443,454,460",0.00121062048565968,FALSE,50,0,67,50,17,0.746268656716418,1
"lasso.cv",70,300,0.33,"TRUE","TRUE","FALSE","17.0689152415015","0.00346795465572268","17.0654472868458","3.409","0.105","0.309","1,2,3,4,5,6,7,8,9,10,11,12,13,14,15,16,17,43,54,59,86,88,104,123,125,141,168,173,180,211,216,217,255,260,269,276,288,295,306,316,327,344,347,356,366,367,370,385,389,397,426,436,439,440,446,449,458",0.000924868986750407,FALSE,40,0,57,40,17,0.701754385964912,1
"lasso.cv",71,300,0.33,"TRUE","TRUE","FALSE","17.2279763403816","0.0386750534894809","17.1893012868921","3.246","0.122","0.336","1,2,3,4,5,6,7,8,9,10,11,12,13,14,15,16,17,18,25,41,44,51,52,57,88,90,94,97,98,131,136,142,143,159,161,181,196,218,221,230,245,254,260,264,272,279,280,289,290,294,325,336,341,357,367,368,395,401,416,425,436,446,449,450,457",0.00144017879551696,FALSE,48,0,65,48,17,0.738461538461539,1
"lasso.cv",72,300,0.33,"TRUE","TRUE","FALSE","16.2881717957363","0.00342480008512918","16.2847469956512","3.908","0.116","0.354","1,2,3,4,5,6,7,8,9,10,11,12,13,14,15,16,17,29,36,50,51,59,61,64,82,86,89,91,93,100,107,114,135,149,150,156,178,180,182,185,195,197,227,228,230,254,259,263,283,289,294,301,340,352,356,358,359,361,364,393,397,413,415,416,453",0.00123106915837179,FALSE,48,0,65,48,17,0.738461538461539,1
"lasso.cv",73,300,0.33,"TRUE","TRUE","FALSE","17.1577933249717","0.00258279499473594","17.155210529977","2.989","0.1","0.327","1,2,3,4,5,6,7,8,9,10,11,12,13,14,15,16,17,34,40,49,58,61,67,81,93,98,107,113,123,132,142,156,157,165,166,167,176,180,182,197,201,206,209,226,236,251,252,271,275,286,288,295,302,304,312,331,357,362,397,411,420,435",0.000834182784999702,FALSE,45,0,62,45,17,0.725806451612903,1
"lasso.cv",74,300,0.33,"TRUE","TRUE","FALSE","16.2191165526886","0.00412167626940185","16.2149948764192","3.089","0.112","0.322","1,2,3,4,5,6,7,8,9,10,11,12,13,14,15,16,17,20,21,28,36,46,77,78,90,95,97,98,113,118,120,133,141,150,152,158,165,185,190,198,215,241,250,285,304,313,318,324,364,365,380,383,397,404,406,416,440,445,449,453,459,465",0.00113547766124929,FALSE,45,0,62,45,17,0.725806451612903,1
"lasso.cv",75,300,0.33,"TRUE","TRUE","FALSE","16.3131279548693","0.00465733137206194","16.3084706234972","3.283","0.108","0.331","1,2,3,4,5,6,7,8,9,10,11,12,13,14,15,16,17,28,29,48,53,61,70,82,86,88,91,93,95,99,113,125,140,142,150,163,181,185,195,202,220,221,222,232,252,278,279,280,288,293,323,358,361,364,401,402,411,415,436,446,457,460,465",0.000963614888026838,FALSE,46,0,63,46,17,0.73015873015873,1
"lasso.cv",76,300,0.33,"TRUE","TRUE","FALSE","17.1711549589391","0.00719967517901347","17.16395528376","2.989","0.102","0.32","1,2,3,4,5,6,7,8,9,10,11,12,13,14,15,16,17,18,20,26,71,75,82,93,101,107,109,136,142,144,156,160,168,171,176,184,188,197,205,210,216,224,225,273,322,325,327,331,347,353,364,367,376,392,399,435,440,449,459",0.0010492068095366,FALSE,42,0,59,42,17,0.711864406779661,1
"lasso.cv",77,300,0.33,"TRUE","TRUE","FALSE","16.947705498463","0.0114370415950604","16.9362684568679","3.845","0.117","0.365","1,2,3,4,5,6,7,8,9,10,11,12,13,14,15,16,17,29,31,34,36,41,53,55,57,62,63,67,86,96,111,115,131,140,143,149,157,171,176,178,186,193,201,203,211,248,249,252,273,279,283,311,323,333,335,361,364,373,374,396,401,413,423,425,433,438,443,455",0.00138132282657138,FALSE,51,0,68,51,17,0.75,1
"lasso.cv",78,300,0.33,"TRUE","TRUE","FALSE","17.1627642692509","0.00475685719565201","17.1580074120552","3.106","0.113","0.309","1,2,3,4,5,6,7,8,9,10,11,12,13,14,15,16,17,24,27,29,42,60,88,99,100,110,114,123,144,167,182,201,202,209,210,213,216,220,233,252,253,254,256,287,300,304,322,325,331,347,350,353,356,359,367,374,377,380,392,403,421,425,428,435,437,440,449,462",0.00125965724169405,FALSE,51,0,68,51,17,0.75,1
"lasso.cv",79,300,0.33,"TRUE","TRUE","FALSE","16.0910187259937","0.00440058659077119","16.0866181394029","3.422","0.107","0.313","1,2,3,4,5,6,7,8,9,10,11,12,13,14,15,16,17,20,27,36,40,53,82,88,96,107,113,139,144,154,167,170,173,191,197,201,202,206,221,224,234,248,250,254,257,262,265,269,295,305,337,357,391,399,440,446,456",0.000849570190023327,FALSE,40,0,57,40,17,0.701754385964912,1
"lasso.cv",8,300,0.33,"TRUE","TRUE","FALSE","17.170110596186","0.00448539459249653","17.1656252015935","2.926","0.11","0.329","1,2,3,4,5,6,7,8,9,10,11,12,13,14,15,16,17,18,22,31,61,70,75,76,89,90,109,125,142,148,156,172,177,187,191,250,292,307,314,325,331,343,348,353,357,360,366,367,392,394,411,413,425,432,438,462",0.00105361411558932,FALSE,39,0,56,39,17,0.696428571428571,1
"lasso.cv",80,300,0.33,"TRUE","TRUE","FALSE","17.2522065076651","0.00652552469387425","17.2456809829712","3.431","0.122","0.348","1,2,3,4,5,6,7,8,9,10,11,12,13,14,15,16,17,28,33,34,40,41,44,46,66,72,88,98,99,124,125,126,132,138,158,170,178,191,210,221,224,236,239,240,262,265,270,280,284,295,311,316,322,324,325,326,333,336,341,350,353,365,376,407,408,417,421,425,429,436,442,443,444,449,452,463,464,467",0.00126801827806843,FALSE,61,0,78,61,17,0.782051282051282,1
"lasso.cv",81,300,0.33,"TRUE","TRUE","FALSE","16.8130795172477","0.00926569321442564","16.8038138240333","3.722","0.116","0.328","1,2,3,4,5,6,7,8,9,10,11,12,13,14,15,16,17,20,21,28,29,30,34,51,55,57,58,70,78,96,101,110,111,122,125,134,147,149,157,166,181,231,236,241,250,284,286,292,322,357,361,363,364,367,386,390,391,396,401,426,448,451",0.000945386035020571,FALSE,45,0,62,45,17,0.725806451612903,1
"lasso.cv",82,300,0.33,"TRUE","TRUE","FALSE","15.8514359289538","0.00376871070835483","15.8476672182454","4.013","0.1","0.308","1,2,3,4,5,6,7,8,9,10,11,12,13,14,15,16,17,28,47,49,51,59,66,99,103,104,106,112,126,140,166,175,176,187,198,199,202,209,215,218,225,226,240,241,265,278,284,289,293,300,311,313,326,335,336,356,363,366,393,406,430,436,448,458,460",0.00101014890751678,FALSE,48,0,65,48,17,0.738461538461539,1
"lasso.cv",83,300,0.33,"TRUE","TRUE","FALSE","15.5393437632225","0.00469665426460247","15.5346471089579","3.682","0.105","0.295","1,2,3,4,5,6,7,8,9,10,11,12,13,14,15,16,17,38,48,49,56,58,61,66,91,101,106,109,128,138,144,145,147,162,177,182,183,187,200,215,217,230,238,242,278,294,306,307,323,325,350,360,361,364,378,401,405,436,459",0.000878117538459704,FALSE,42,0,59,42,17,0.711864406779661,1
"lasso.cv",84,300,0.33,"TRUE","TRUE","FALSE","17.2062335533971","0.00380857861785642","17.2024249747792","3.29","0.104","0.329","1,2,3,4,5,6,7,8,9,10,11,12,13,14,15,16,17,20,22,47,52,56,61,67,70,73,77,82,84,88,119,125,127,157,171,175,183,191,229,246,250,257,289,293,303,321,327,339,342,345,358,359,362,378,385,421,425,445,447,464,467",0.00078388415423454,FALSE,44,0,61,44,17,0.721311475409836,1
"lasso.cv",85,300,0.33,"TRUE","TRUE","FALSE","16.302605543022","0.00606135871322391","16.2965441843088","3.161","0.111","0.378","1,2,3,4,5,6,7,8,9,10,11,12,13,14,15,16,17,19,35,36,41,45,47,52,67,73,82,104,110,116,120,133,140,144,162,173,176,178,191,192,197,202,225,249,289,293,295,307,324,340,366,387,388,403,435,436,442,443,445,446,465",0.00140336543705272,FALSE,44,0,61,44,17,0.721311475409836,1
"lasso.cv",86,300,0.33,"TRUE","TRUE","FALSE","16.8755001841231","0.00344506101566228","16.8720551231074","3.028","0.097","0.298","1,2,3,4,5,6,7,8,9,10,11,12,13,14,15,16,17,25,29,36,37,63,64,68,77,79,94,105,108,112,113,123,139,141,143,178,185,197,205,211,230,236,246,250,253,255,260,264,282,292,295,308,322,325,340,342,359,361,366,370,401,403,408,426,439,453,464",0.000801336196200292,FALSE,50,0,67,50,17,0.746268656716418,1
"lasso.cv",87,300,0.33,"TRUE","TRUE","FALSE","17.0841985636306","0.00380174463285428","17.0803968189978","3.138","0.104","0.306","1,2,3,4,5,6,7,8,9,10,11,12,13,14,15,16,17,20,65,72,84,86,90,101,112,113,134,144,157,159,160,166,210,213,236,238,268,278,284,286,307,331,343,344,360,361,374,390,396,401,413,419,427,434,442,446,456",0.000713917925203162,FALSE,40,0,57,40,17,0.701754385964912,1
"lasso.cv",88,300,0.33,"TRUE","TRUE","FALSE","17.3442837332833","0.0132148712661655","17.3310688620172","3.654","0.117","0.342","1,2,3,4,5,6,7,8,9,10,11,12,13,14,15,16,17,22,24,29,35,48,70,82,87,88,91,95,107,113,136,165,173,179,183,187,224,229,230,239,263,281,294,308,309,317,318,327,341,349,355,357,358,364,367,374,384,385,391,431,432,433,446,461,464,467",0.0014206439387291,FALSE,49,0,66,49,17,0.742424242424242,1
"lasso.cv",89,300,0.33,"TRUE","TRUE","FALSE","16.7989662424881","0.00375826451675405","16.7952079779713","3.566","0.113","0.339","1,2,3,4,5,6,7,8,9,10,11,12,13,14,15,16,17,22,30,40,55,61,79,86,94,98,99,103,111,113,123,132,135,146,159,162,164,169,177,180,183,207,224,230,236,237,270,273,276,279,301,318,329,341,345,350,353,356,360,367,400,408,413,431,432,443,445,446,458,465",0.000949327013175049,FALSE,53,0,70,53,17,0.757142857142857,1
"lasso.cv",9,300,0.33,"TRUE","TRUE","FALSE","16.3131781513844","0.00577485860824309","16.3074032927762","3.606","0.116","0.362","1,2,3,4,5,6,7,8,9,10,11,12,13,14,15,16,17,22,24,36,64,65,75,82,102,105,118,145,162,168,171,181,194,195,197,202,205,230,232,234,236,239,241,250,257,258,278,281,292,306,311,323,325,327,329,342,354,372,420,434,438,446,461",0.00175445804226908,FALSE,46,0,63,46,17,0.73015873015873,1
"lasso.cv",90,300,0.33,"TRUE","TRUE","FALSE","17.0965403115627","0.0165476837460984","17.0799926278166","3.024","0.114","0.328","1,2,3,4,5,6,7,8,9,10,11,12,13,14,15,16,17,34,40,48,50,59,75,94,106,107,109,122,123,148,164,171,172,178,182,209,210,215,232,235,254,275,282,301,313,314,319,324,339,342,350,352,363,364,367,380,381,386,391,398,401,416,419,428,436,440,447,451",0.00106862395556844,FALSE,51,0,68,51,17,0.75,1
"lasso.cv",91,300,0.33,"TRUE","TRUE","FALSE","17.2342193211959","0.0040210669848076","17.230198254211","3.224","0.1","0.307","1,2,3,4,5,6,7,8,9,10,11,12,13,14,15,16,17,46,47,53,73,77,99,100,103,120,141,154,155,158,178,198,204,220,249,256,265,285,307,325,326,340,353,358,366,367,381,434,445,451,455,465",0.000742100197991212,FALSE,35,0,52,35,17,0.673076923076923,1
"lasso.cv",92,300,0.33,"TRUE","TRUE","FALSE","16.7878682507066","0.00612311751799545","16.7817451331886","3.62","0.114","0.374","1,2,3,4,5,6,7,8,9,10,11,12,13,14,15,16,17,21,22,27,30,33,47,61,63,89,93,112,122,138,146,151,169,175,192,202,210,248,254,275,276,280,284,287,290,293,295,304,310,326,327,329,333,350,352,353,356,373,376,399,419,420,422,439,440,441,443,455,463,465",0.000996102386663961,FALSE,53,0,70,53,17,0.757142857142857,1
"lasso.cv",93,300,0.33,"TRUE","TRUE","FALSE","17.2142447477421","0.00299010399058802","17.2112546437516","3.899","0.12","0.365","1,2,3,4,5,6,7,8,9,10,11,12,13,14,15,16,17,59,61,83,84,92,111,118,135,140,152,157,159,162,172,178,179,196,198,239,243,252,275,279,286,287,290,291,294,295,296,304,307,309,311,312,315,317,318,322,325,329,340,350,367,375,397,398,406,439,441,442,449,453,459,460",0.00127493422541096,FALSE,55,0,72,55,17,0.763888888888889,1
"lasso.cv",94,300,0.33,"TRUE","TRUE","FALSE","15.5106970976896","0.00394500179209268","15.5067520958975","3.611","0.105","0.297","1,2,3,4,5,6,7,8,9,10,11,12,13,14,15,16,17,21,25,32,73,79,82,100,102,113,114,142,162,174,182,185,191,201,210,222,254,306,311,324,325,344,350,351,353,361,365,391,401,404,416,449,451,457",0.000929701688392011,FALSE,37,0,54,37,17,0.685185185185185,1
"lasso.cv",95,300,0.33,"TRUE","TRUE","FALSE","16.1567994083643","0.00296622454903674","16.1538331838153","3.018","0.115","0.342","1,2,3,4,5,6,7,8,9,10,11,12,13,14,15,16,17,22,41,43,46,61,65,77,84,99,101,109,118,125,128,160,163,173,187,201,210,216,220,232,250,251,256,263,275,286,287,301,304,308,316,330,334,353,354,364,380,396,397,401,405,409,428,436,438,443,447,449,458,465",0.00105359014895839,FALSE,53,0,70,53,17,0.757142857142857,1
"lasso.cv",96,300,0.33,"TRUE","TRUE","FALSE","16.1891848179884","0.00515727062323928","16.1840275473652","4.409","0.113","0.353","1,2,3,4,5,6,7,8,9,10,11,12,13,14,15,16,17,22,30,36,41,53,69,81,91,92,96,100,107,110,115,118,119,138,151,152,155,205,210,225,229,256,258,266,269,286,292,296,312,319,320,326,327,330,336,351,368,374,376,377,380,384,399,408,431,443,460",0.00110932265894869,FALSE,50,0,67,50,17,0.746268656716418,1
"lasso.cv",97,300,0.33,"TRUE","TRUE","FALSE","16.3710441948329","0.103362521752753","16.2676816730801","3.707","0.119","0.357","1,2,3,4,5,6,7,8,9,10,11,12,13,14,15,16,17,18,20,30,37,72,74,75,77,78,91,93,101,110,118,125,148,157,180,183,185,195,201,202,221,226,230,231,245,248,262,265,281,308,315,321,324,328,342,343,347,348,364,366,371,376,389,405,407,410,435,438,449,460",0.00175860336796151,FALSE,53,0,70,53,17,0.757142857142857,1
"lasso.cv",98,300,0.33,"TRUE","TRUE","FALSE","17.1650735456061","0.0050752033846588","17.1599983422214","3.027","0.111","0.349","1,2,3,4,5,6,7,8,9,10,11,12,13,14,15,16,17,20,30,32,36,59,61,67,80,86,87,91,95,96,125,137,146,160,163,176,177,180,191,199,242,254,267,286,288,296,304,307,310,325,330,347,349,368,378,387,395,400,401,406,425,460,465",0.00103999151643533,FALSE,46,0,63,46,17,0.73015873015873,1
"lasso.cv",99,300,0.33,"TRUE","TRUE","FALSE","17.1716632513286","0.00738369615485029","17.1642795551738","3.554","0.126","0.365","1,2,3,4,5,6,7,8,9,10,11,12,13,14,15,16,17,20,22,26,38,62,73,75,76,91,93,111,112,113,132,140,151,164,180,199,201,250,259,260,270,271,284,286,293,304,321,323,330,331,338,339,341,342,344,349,354,356,360,367,388,396,410,425,429,431,449",0.00102517972692555,FALSE,50,0,67,50,17,0.746268656716418,1
"S.A",1,300,0.33,"TRUE","TRUE","FALSE","17.1052026169054","0.00591091948484315","17.0992916974206","3.008","0.117","0.36","1,2,3,4,5,6,7,8,9,10,11,12,13,14,15,16,17",0.000289804182160264,TRUE,0,0,17,0,17,0,1
"S.A",10,300,0.33,"TRUE","TRUE","FALSE","17.0938889039523","0.00579658949561494","17.0880923144567","3.085","0.107","0.332","1,2,3,4,5,6,7,8,9,10,11,12,13,14,15,16,17",0.00020848933160585,TRUE,0,0,17,0,17,0,1
"S.A",100,300,0.33,"TRUE","TRUE","FALSE","16.4042545741308","0.00317359060966691","16.4010809835211","3.441","0.11","0.34","1,2,3,4,5,6,8,9,10,11,12,13,14,15,16,17",0.000588814171641901,FALSE,0,1,16,0,16,0,0.941176470588235
"S.A",11,300,0.33,"TRUE","TRUE","FALSE","17.1069000620732","0.00504468841003592","17.1018553736631","2.993","0.113","0.385","1,2,3,4,5,6,7,8,9,10,11,12,13,14,15,16,17",0.000184935431604886,TRUE,0,0,17,0,17,0,1
"S.A",12,300,0.33,"TRUE","TRUE","FALSE","16.6239088246908","0.0975554719486716","16.5263533527421","5.497","0.12","0.357","1,2,3,4,5,6,8,10,11,12,13,14,15,16,17,293",0.00134720631446715,FALSE,1,2,16,1,15,0.0625,0.882352941176471
"S.A",13,300,0.33,"TRUE","TRUE","FALSE","16.0606218658202","0.00337729345132891","16.0572445723689","3.279","0.105","0.328","1,2,3,4,5,6,7,9,10,11,12,13,14,15,16,17",0.000731643503409255,FALSE,0,1,16,0,16,0,0.941176470588235
"S.A",14,300,0.33,"TRUE","TRUE","FALSE","17.1279466761639","0.00620842996703667","17.1217382461969","2.988","0.126","0.382","1,2,3,4,5,6,7,8,9,10,11,12,13,14,15,16,17",0.000294124933532796,TRUE,0,0,17,0,17,0,1
"S.A",15,300,0.33,"TRUE","TRUE","FALSE","16.153449359098","0.00312080655750013","16.1503285525405","3.382","0.11","0.326","1,2,3,4,5,6,7,10,11,12,13,14,15,16,17,446",0.00125388174592023,FALSE,1,2,16,1,15,0.0625,0.882352941176471
"S.A",16,300,0.33,"TRUE","TRUE","FALSE","16.8437815286594","0.00562769239982813","16.8381538362596","3.281","0.115","0.343","1,2,3,4,5,6,7,8,9,10,11,12,13,14,15,16,17",0.000269031597349683,TRUE,0,0,17,0,17,0,1
"S.A",17,300,0.33,"TRUE","TRUE","FALSE","16.13493461291","0.00409685783854739","16.1308377550715","3.107","0.111","0.316","1,2,3,4,5,6,7,8,10,11,12,13,14,15,16,17",0.000631667799391016,FALSE,0,1,16,0,16,0,0.941176470588235
"S.A",18,300,0.33,"TRUE","TRUE","FALSE","17.1660942011458","0.00368486140915729","17.1624093397366","3.082","0.114","0.462","1,2,3,4,5,6,7,8,9,10,11,12,13,14,15,16,17",0.000153228093133186,TRUE,0,0,17,0,17,0,1
"S.A",19,300,0.33,"TRUE","TRUE","FALSE","16.9276552055102","0.00317288262207104","16.9244823228881","3.283","0.099","0.326","1,2,3,4,5,6,7,8,9,10,11,12,13,14,15,16,17",0.000330800016220214,TRUE,0,0,17,0,17,0,1
"S.A",2,300,0.33,"TRUE","TRUE","FALSE","16.2624320636738","0.00551191612364854","16.2569201475502","4.208","0.111","0.351","1,2,3,4,5,6,7,8,10,11,12,13,14,15,16,17",0.000453297008879508,FALSE,0,1,16,0,16,0,0.941176470588235
"S.A",20,300,0.33,"TRUE","TRUE","FALSE","17.2214838248348","0.00465958744629067","17.2168242373885","3.277","0.11","0.331","1,2,3,4,5,6,7,8,9,10,11,12,13,14,15,16,17",0.000168569126175371,TRUE,0,0,17,0,17,0,1
"S.A",21,300,0.33,"TRUE","TRUE","FALSE","17.3075338755409","0.00943832501203404","17.2980955505289","3.326","0.113","0.351","1,2,3,4,5,6,7,8,9,10,11,12,13,14,15,16,17",0.000223320363216083,TRUE,0,0,17,0,17,0,1
"S.A",22,300,0.33,"TRUE","TRUE","FALSE","15.2562737336186","0.00416825535837106","15.2521054782602","4.039","0.126","0.349","1,2,3,4,5,6,8,10,11,12,13,14,15,16,17",0.00101407633820973,FALSE,0,2,15,0,15,0,0.882352941176471
"S.A",23,300,0.33,"TRUE","TRUE","FALSE","16.2414132997027","0.00452179490298481","16.2368915047997","3.635","0.11","0.326","1,2,3,4,5,6,7,8,10,11,12,13,14,15,16,17",0.000669371147694722,FALSE,0,1,16,0,16,0,0.941176470588235
"S.A",24,300,0.33,"TRUE","TRUE","FALSE","16.1051861017938","0.00420244998832697","16.1009836518055","2.877","0.109","0.326","1,2,3,4,5,6,7,8,10,11,12,13,14,15,16,17",0.000766387529092526,FALSE,0,1,16,0,16,0,0.941176470588235
"S.A",25,300,0.33,"TRUE","TRUE","FALSE","15.8570594772513","0.00375230103409188","15.8533071762172","3.566","0.107","0.307","1,3,4,5,6,7,8,9,10,11,12,13,14,15,16,17",0.000862249636923899,FALSE,0,1,16,0,16,0,0.941176470588235
"S.A",26,300,0.33,"TRUE","TRUE","FALSE","17.2361840481819","0.00329753953530833","17.2328865086466","3.7","0.105","0.343","1,2,3,4,5,6,7,8,9,10,11,12,13,14,15,16,17",0.000190572222093747,TRUE,0,0,17,0,17,0,1
"S.A",27,300,0.33,"TRUE","TRUE","FALSE","16.7564651241794","0.0274912932950084","16.7289738308844","3.442","0.107","0.317","1,2,3,4,5,6,7,8,9,10,11,12,13,14,15,16,17",0.000208992720660744,TRUE,0,0,17,0,17,0,1
"S.A",28,300,0.33,"TRUE","TRUE","FALSE","17.1148566052738","0.00436059739117195","17.1104960078826","3.002","0.102","0.343","1,2,3,4,5,6,7,8,9,10,11,12,13,14,15,16,17",0.000215797495195967,TRUE,0,0,17,0,17,0,1
"S.A",29,300,0.33,"TRUE","TRUE","FALSE","17.099999230228","0.00590886629727178","17.0940903639307","3.035","0.114","0.336","1,2,3,4,5,6,7,8,9,10,11,12,13,14,15,16,17",0.000102112750961419,TRUE,0,0,17,0,17,0,1
"S.A",3,300,0.33,"TRUE","TRUE","FALSE","15.4581402784038","0.00337491227136331","15.4547653661325","3.579","0.107","0.332","1,2,3,4,5,6,9,10,11,12,13,14,15,16,17",0.00101762033675683,FALSE,0,2,15,0,15,0,0.882352941176471
"S.A",30,300,0.33,"FALSE","FALSE","FALSE","15.0374645314866","0.00446238007046644","15.0330021514161","4.095","0.131","0.383","1,2,3,4,5,6,8,10,11,12,13,14,15,16,17",0.00107973723228374,FALSE,0,2,15,0,15,0,0.882352941176471
"S.A",31,300,0.33,"TRUE","TRUE","FALSE","16.0940666189078","0.0175371446967818","16.076529474211","4.004","0.105","0.316","1,2,3,4,5,6,7,9,10,11,12,13,14,15,16,17",0.000738658008452715,FALSE,0,1,16,0,16,0,0.941176470588235
"S.A",32,300,0.33,"TRUE","TRUE","FALSE","16.8011843565271","0.00363369138777766","16.7975506651393","3.641","0.112","0.344","1,2,3,4,5,6,7,8,9,10,11,12,13,14,15,16,17",0.000223945937829029,TRUE,0,0,17,0,17,0,1
"S.A",33,300,0.33,"TRUE","TRUE","FALSE","15.3968457835721","0.0042603264735847","15.3925854570985","3.533","0.1","0.303","1,2,3,4,5,6,8,10,11,12,13,14,15,16,17",0.000963399430964825,FALSE,0,2,15,0,15,0,0.882352941176471
"S.A",34,300,0.33,"TRUE","TRUE","FALSE","16.4412286484918","0.0177012804289206","16.4235273680629","4.241","0.115","0.344","1,2,3,4,5,6,7,8,9,10,11,12,13,14,15,16,17",7.72910647952475e-05,TRUE,0,0,17,0,17,0,1
"S.A",35,300,0.33,"TRUE","TRUE","FALSE","16.7895286736382","0.004038078619951","16.7854905950182","3.914","0.11","0.335","1,2,3,4,5,6,7,8,9,10,11,12,13,14,15,16,17",0.000311614414672977,TRUE,0,0,17,0,17,0,1
"S.A",36,300,0.33,"TRUE","TRUE","FALSE","17.4237148958023","0.00742559847556915","17.4162892973268","3.617","0.111","0.311","1,2,3,4,5,6,7,8,9,10,11,12,13,14,15,16,17",0.000187754375380932,TRUE,0,0,17,0,17,0,1
"S.A",37,300,0.33,"TRUE","TRUE","FALSE","16.3109235337772","0.0039116396875293","16.3070118940897","3.961","0.106","0.339","1,2,3,4,5,6,8,9,10,11,12,13,14,15,16,17",0.000593472664530241,FALSE,0,1,16,0,16,0,0.941176470588235
"S.A",38,300,0.33,"TRUE","TRUE","FALSE","17.215707588805","0.00439633563118239","17.2113112531739","3.444","0.116","0.361","1,2,3,4,5,6,7,8,9,10,11,12,13,14,15,16,17",0.000112308096016786,TRUE,0,0,17,0,17,0,1
"S.A",39,300,0.33,"TRUE","TRUE","FALSE","16.5209031328914","0.00762342279227454","16.5132797100991","3.785","0.115","0.327","1,2,3,4,5,6,8,9,10,11,12,13,14,15,16,17",0.00058374212174796,FALSE,0,1,16,0,16,0,0.941176470588235
"S.A",4,300,0.33,"TRUE","TRUE","FALSE","17.1075798173043","0.00742305957785323","17.1001567577265","3.351","0.108","0.341","1,2,3,4,5,6,7,8,9,10,11,12,13,14,15,16,17",0.000264804227565265,TRUE,0,0,17,0,17,0,1
"S.A",40,300,0.33,"TRUE","TRUE","FALSE","17.1014191149638","0.00264246721036209","17.0987766477535","2.839","0.102","0.326","1,2,3,4,5,6,7,8,9,10,11,12,13,14,15,16,17",0.000163258652851735,TRUE,0,0,17,0,17,0,1
"S.A",41,300,0.33,"TRUE","TRUE","FALSE","16.8843929290965","0.00303052181258921","16.8813624072839","3.695","0.109","0.331","1,2,3,4,5,6,7,8,9,10,11,12,13,14,15,16,17",0.000163715295104381,TRUE,0,0,17,0,17,0,1
"S.A",42,300,0.33,"TRUE","TRUE","FALSE","17.1570087346846","0.00564903569846996","17.1513596989861","2.913","0.098","0.312","1,2,3,4,5,6,7,8,9,10,11,12,13,14,15,16,17",0.000137505771646673,TRUE,0,0,17,0,17,0,1
"S.A",43,300,0.33,"TRUE","TRUE","FALSE","16.6426957346315","0.00771604831268448","16.6349796863188","4.242","0.122","0.359","1,2,3,4,5,6,7,8,9,10,11,12,13,14,15,16,17",0.000128864369481865,TRUE,0,0,17,0,17,0,1
"S.A",44,300,0.33,"TRUE","TRUE","FALSE","16.0282729226329","0.0199104487999111","16.008362473833","3.286","0.109","0.331","1,2,3,4,5,6,7,9,10,11,12,13,14,15,16,17",0.000636976124622526,FALSE,0,1,16,0,16,0,0.941176470588235
"S.A",45,300,0.33,"TRUE","TRUE","FALSE","16.1073149310558","0.00815678404202205","16.0991581470138","4.115","0.114","0.379","1,2,3,4,5,6,8,9,10,11,12,13,14,15,16,17",0.000610498959573504,FALSE,0,1,16,0,16,0,0.941176470588235
"S.A",46,300,0.33,"TRUE","TRUE","FALSE","17.1722272022184","0.00862705449229579","17.1636001477261","3.012","0.113","0.351","1,2,3,4,5,6,7,8,9,10,11,12,13,14,15,16,17",0.000200124964075871,TRUE,0,0,17,0,17,0,1
"S.A",47,300,0.33,"TRUE","TRUE","FALSE","17.1315424520166","0.00362231231102705","17.1279201397056","2.865","0.105","0.344","1,2,3,4,5,6,7,8,9,10,11,12,13,14,15,16,17",0.000153532539187868,TRUE,0,0,17,0,17,0,1
"S.A",48,300,0.33,"TRUE","TRUE","FALSE","16.3194314595991","0.00464199632897668","16.3147894632702","3.218","0.112","0.322","1,2,3,4,5,6,7,8,10,11,12,13,14,15,16,17",0.000593751411323717,FALSE,0,1,16,0,16,0,0.941176470588235
"S.A",49,300,0.33,"TRUE","TRUE","FALSE","16.1750515534402","0.00943806061255235","16.1656134928277","4.231","0.121","0.385","1,2,3,4,5,6,8,9,10,11,12,13,14,15,16,17",0.00061968548607453,FALSE,0,1,16,0,16,0,0.941176470588235
"S.A",5,300,0.33,"TRUE","TRUE","FALSE","16.732346787277","0.00400844065896738","16.728338346618","3.612","0.161","0.473","1,2,3,4,5,6,7,9,10,11,12,13,14,15,16,17,317",0.00086623524951438,FALSE,1,1,17,1,16,0.0588235294117647,0.941176470588235
"S.A",50,300,0.33,"TRUE","TRUE","FALSE","16.6248050679477","0.0293233930918826","16.5954816748559","4.098","0.102","0.278","1,2,3,4,5,6,8,9,10,11,12,13,14,15,16,17",0.000597064636221964,FALSE,0,1,16,0,16,0,0.941176470588235
"S.A",51,300,0.33,"TRUE","TRUE","FALSE","16.4417808441124","0.00390426198070113","16.4378765821317","3.237","0.108","0.308","1,2,3,4,5,6,8,9,10,11,12,13,14,15,16,17",0.000651926670352315,FALSE,0,1,16,0,16,0,0.941176470588235
"S.A",52,300,0.33,"TRUE","TRUE","FALSE","16.8658486130613","0.00742255757267216","16.8584260554886","3.67","0.121","0.372","1,2,3,4,5,6,7,8,9,10,11,12,13,14,15,16,17",0.000285595250221213,TRUE,0,0,17,0,17,0,1
"S.A",53,300,0.33,"TRUE","TRUE","FALSE","16.8096202998334","0.00424979787469879","16.8053705019587","3.26","0.107","0.331","1,2,3,4,5,6,7,8,9,10,11,12,13,14,15,16,17",0.000281162251972478,TRUE,0,0,17,0,17,0,1
"S.A",54,300,0.33,"TRUE","TRUE","FALSE","17.1579360340139","0.0478277950803951","17.1101082389335","3.285","0.115","0.346","1,2,3,4,5,6,7,8,9,10,11,12,13,14,15,16,17",0.000130301558025869,TRUE,0,0,17,0,17,0,1
"S.A",55,300,0.33,"TRUE","TRUE","FALSE","16.591672351303","0.00505791118642398","16.5866144401165","3.533","0.115","0.306","1,2,3,4,5,6,7,9,10,11,12,13,14,15,16,17",0.000752158372785622,FALSE,0,1,16,0,16,0,0.941176470588235
"S.A",56,300,0.33,"TRUE","TRUE","FALSE","16.4468444783963","0.00543309016543942","16.4414113882309","3.656","0.11","0.314","1,2,3,4,5,6,7,9,10,11,12,13,14,15,16,17",0.00066831258294635,FALSE,0,1,16,0,16,0,0.941176470588235
"S.A",57,300,0.33,"TRUE","TRUE","FALSE","17.1348397228729","0.0176681045582525","17.1171716183146","3.23","0.111","0.325","1,2,3,4,5,6,7,8,9,10,11,12,13,14,15,16,17",0.000221085286979502,TRUE,0,0,17,0,17,0,1
"S.A",58,300,0.33,"TRUE","TRUE","FALSE","16.6971146013646","0.00413174549771885","16.6929828558669","3.569","0.119","0.296","1,2,3,4,5,6,7,8,10,11,12,13,14,15,16,17",0.000605361054150608,FALSE,0,1,16,0,16,0,0.941176470588235
"S.A",59,300,0.33,"TRUE","TRUE","FALSE","16.2852804773672","0.00907849443868375","16.2762019829285","3.245","0.106","0.33","1,2,3,4,5,6,8,9,10,11,12,13,14,15,16,17",0.000648979457871088,FALSE,0,1,16,0,16,0,0.941176470588235
"S.A",6,300,0.33,"TRUE","TRUE","FALSE","16.1445784204548","0.00423495978573094","16.140343460669","3.31","0.118","0.353","1,2,3,4,5,6,7,9,10,11,12,13,14,15,16,17",0.000511224540635955,FALSE,0,1,16,0,16,0,0.941176470588235
"S.A",60,300,0.33,"TRUE","TRUE","FALSE","17.0630804064994","0.00560903544984946","17.0574713710496","3.181","0.118","0.372","1,2,3,4,5,6,7,8,9,10,11,12,13,14,15,16,17",0.00016313884068897,TRUE,0,0,17,0,17,0,1
"S.A",61,300,0.33,"TRUE","TRUE","FALSE","16.7569814380677","0.00553488175603696","16.7514465563117","3.883","0.115","0.343","1,2,3,4,5,6,7,8,9,10,11,12,13,14,15,16,17",0.000294678550679392,TRUE,0,0,17,0,17,0,1
"S.A",62,300,0.33,"TRUE","TRUE","FALSE","15.9266351095654","0.00596813572363066","15.9206669738418","4.495","0.126","0.351","1,2,3,4,5,6,7,8,10,11,12,13,14,15,16,17",0.00059529017439737,FALSE,0,1,16,0,16,0,0.941176470588235
"S.A",63,300,0.33,"TRUE","TRUE","FALSE","17.1355079513531","0.00424147840401149","17.1312664729491","3.029","0.104","0.305","1,2,3,4,5,6,7,8,9,10,11,12,13,14,15,16,17",0.000153812611785496,TRUE,0,0,17,0,17,0,1
"S.A",64,300,0.33,"TRUE","TRUE","FALSE","16.4107217988764","0.0096490729812955","16.4010727258951","4.093","0.124","0.521","1,2,3,4,5,6,7,9,10,11,12,13,14,15,16,17",0.000562744855869087,FALSE,0,1,16,0,16,0,0.941176470588235
"S.A",65,300,0.33,"TRUE","TRUE","FALSE","17.1754586154308","0.0307912312056027","17.1446673842252","3.081","0.108","0.332","1,2,3,4,5,6,7,8,9,10,11,12,13,14,15,16,17",0.000182462103066885,TRUE,0,0,17,0,17,0,1
"S.A",66,300,0.33,"TRUE","TRUE","FALSE","17.1011460919022","0.00692664837069784","17.0942194435315","3.337","0.105","0.345","1,2,3,4,5,6,7,8,9,10,11,12,13,14,15,16,17",0.000330007172424578,TRUE,0,0,17,0,17,0,1
"S.A",67,300,0.33,"TRUE","TRUE","FALSE","15.6475135529828","0.00464238229652024","15.6428711706863","4.074","0.117","0.358","1,2,3,4,5,6,9,10,11,12,13,14,15,16,17",0.00128732247960325,FALSE,0,2,15,0,15,0,0.882352941176471
"S.A",68,300,0.33,"TRUE","TRUE","FALSE","16.3287140334086","0.00417619328619141","16.3245378401224","3.839","0.118","0.356","1,2,3,4,5,6,8,9,10,11,12,13,14,15,16,17",0.000528520715120488,FALSE,0,1,16,0,16,0,0.941176470588235
"S.A",69,300,0.33,"TRUE","TRUE","FALSE","16.3669103466169","0.00458334394349835","16.3623270026734","3.352","0.116","0.345","1,2,3,4,5,6,8,9,10,11,12,13,14,15,16,17",0.000564413084670011,FALSE,0,1,16,0,16,0,0.941176470588235
"S.A",7,300,0.33,"TRUE","TRUE","FALSE","15.9815665210166","0.00341530453131804","15.9781512164853","3.932","0.111","0.328","1,2,3,4,5,6,9,10,11,12,13,14,15,16,17,221",0.00125210212206995,FALSE,1,2,16,1,15,0.0625,0.882352941176471
"S.A",70,300,0.33,"TRUE","TRUE","FALSE","17.0689152415015","0.00346795465572268","17.0654472868458","3.409","0.105","0.309","1,2,3,4,5,6,7,8,9,10,11,12,13,14,15,16,17",0.000273635804729716,TRUE,0,0,17,0,17,0,1
"S.A",71,300,0.33,"TRUE","TRUE","FALSE","17.2279763403816","0.0386750534894809","17.1893012868921","3.246","0.122","0.336","1,2,3,4,5,6,7,8,9,10,11,12,13,14,15,16,17",0.000245670482313628,TRUE,0,0,17,0,17,0,1
"S.A",72,300,0.33,"TRUE","TRUE","FALSE","16.2881717957363","0.00342480008512918","16.2847469956512","3.908","0.116","0.354","1,2,3,4,5,6,7,9,10,11,12,13,14,15,16,17",0.000735961779024548,FALSE,0,1,16,0,16,0,0.941176470588235
"S.A",73,300,0.33,"TRUE","TRUE","FALSE","17.1577933249717","0.00258279499473594","17.155210529977","2.989","0.1","0.327","1,2,3,4,5,6,7,8,9,10,11,12,13,14,15,16,17",0.000258967410949862,TRUE,0,0,17,0,17,0,1
"S.A",74,300,0.33,"TRUE","TRUE","FALSE","16.2191165526886","0.00412167626940185","16.2149948764192","3.089","0.112","0.322","1,2,3,4,5,6,8,9,10,11,12,13,14,15,16,17",0.000719143409235598,FALSE,0,1,16,0,16,0,0.941176470588235
"S.A",75,300,0.33,"TRUE","TRUE","FALSE","16.3131279548693","0.00465733137206194","16.3084706234972","3.283","0.108","0.331","1,2,3,4,5,6,7,8,10,11,12,13,14,15,16,17",0.000550792823385857,FALSE,0,1,16,0,16,0,0.941176470588235
"S.A",76,300,0.33,"TRUE","TRUE","FALSE","17.1711549589391","0.00719967517901347","17.16395528376","2.989","0.102","0.32","1,2,3,4,5,6,7,8,9,10,11,12,13,14,15,16,17",0.00020154252895132,TRUE,0,0,17,0,17,0,1
"S.A",77,300,0.33,"TRUE","TRUE","FALSE","16.947705498463","0.0114370415950604","16.9362684568679","3.845","0.117","0.365","1,2,3,4,5,6,7,8,9,10,11,12,13,14,15,16,17",0.000263485106204842,TRUE,0,0,17,0,17,0,1
"S.A",78,300,0.33,"TRUE","TRUE","FALSE","17.1627642692509","0.00475685719565201","17.1580074120552","3.106","0.113","0.309","1,2,3,4,5,6,7,8,9,10,11,12,13,14,15,16,17",0.000172667940909301,TRUE,0,0,17,0,17,0,1
"S.A",79,300,0.33,"TRUE","TRUE","FALSE","16.0910187259937","0.00440058659077119","16.0866181394029","3.422","0.107","0.313","1,2,3,4,5,6,7,8,10,11,12,13,14,15,16,17",0.000558048940934102,FALSE,0,1,16,0,16,0,0.941176470588235
"S.A",8,300,0.33,"TRUE","TRUE","FALSE","17.170110596186","0.00448539459249653","17.1656252015935","2.926","0.11","0.329","1,2,3,4,5,6,7,8,9,10,11,12,13,14,15,16,17",0.000317817572760037,TRUE,0,0,17,0,17,0,1
"S.A",80,300,0.33,"TRUE","TRUE","FALSE","17.2522065076651","0.00652552469387425","17.2456809829712","3.431","0.122","0.348","1,2,3,4,5,6,7,8,9,10,11,12,13,14,15,16,17",0.000284471006060258,TRUE,0,0,17,0,17,0,1
"S.A",81,300,0.33,"TRUE","TRUE","FALSE","16.8130795172477","0.00926569321442564","16.8038138240333","3.722","0.116","0.328","1,2,3,4,5,6,7,8,9,10,11,12,13,14,15,16,17",0.000297642469836851,TRUE,0,0,17,0,17,0,1
"S.A",82,300,0.33,"TRUE","TRUE","FALSE","15.8514359289538","0.00376871070835483","15.8476672182454","4.013","0.1","0.308","1,2,3,4,5,6,8,9,10,11,12,13,14,15,16,17",0.000617013670405932,FALSE,0,1,16,0,16,0,0.941176470588235
"S.A",83,300,0.33,"TRUE","TRUE","FALSE","15.5393437632225","0.00469665426460247","15.5346471089579","3.682","0.105","0.295","1,2,3,4,5,6,9,10,11,12,13,14,15,16,17",0.000999055717043992,FALSE,0,2,15,0,15,0,0.882352941176471
"S.A",84,300,0.33,"TRUE","TRUE","FALSE","17.2062335533971","0.00380857861785642","17.2024249747792","3.29","0.104","0.329","1,2,3,4,5,6,7,8,9,10,11,12,13,14,15,16,17",0.000146770375762756,TRUE,0,0,17,0,17,0,1
"S.A",85,300,0.33,"TRUE","TRUE","FALSE","16.302605543022","0.00606135871322391","16.2965441843088","3.161","0.111","0.378","1,2,3,4,5,6,7,9,10,11,12,13,14,15,16,17",0.000823438058312272,FALSE,0,1,16,0,16,0,0.941176470588235
"S.A",86,300,0.33,"TRUE","TRUE","FALSE","16.8755001841231","0.00344506101566228","16.8720551231074","3.028","0.097","0.298","1,2,3,4,5,6,7,8,9,10,11,12,13,14,15,16,17",0.000270765352792408,TRUE,0,0,17,0,17,0,1
"S.A",87,300,0.33,"TRUE","TRUE","FALSE","17.0841985636306","0.00380174463285428","17.0803968189978","3.138","0.104","0.306","1,2,3,4,5,6,7,8,9,10,11,12,13,14,15,16,17",0.000104846236153921,TRUE,0,0,17,0,17,0,1
"S.A",88,300,0.33,"TRUE","TRUE","FALSE","17.3442837332833","0.0132148712661655","17.3310688620172","3.654","0.117","0.342","1,2,3,4,5,6,7,8,9,10,11,12,13,14,15,16,17",0.000157912053423452,TRUE,0,0,17,0,17,0,1
"S.A",89,300,0.33,"TRUE","TRUE","FALSE","16.7989662424881","0.00375826451675405","16.7952079779713","3.566","0.113","0.339","1,2,3,4,5,6,7,8,9,10,11,12,13,14,15,16,17",0.000203283444403428,TRUE,0,0,17,0,17,0,1
"S.A",9,300,0.33,"TRUE","TRUE","FALSE","16.3131781513844","0.00577485860824309","16.3074032927762","3.606","0.116","0.362","1,2,3,4,5,6,8,9,10,11,12,13,14,15,16,17",0.000649319780994295,FALSE,0,1,16,0,16,0,0.941176470588235
"S.A",90,300,0.33,"TRUE","TRUE","FALSE","17.0965403115627","0.0165476837460984","17.0799926278166","3.024","0.114","0.328","1,2,3,4,5,6,7,8,9,10,11,12,13,14,15,16,17",0.000282503908097366,TRUE,0,0,17,0,17,0,1
"S.A",91,300,0.33,"TRUE","TRUE","FALSE","17.2342193211959","0.0040210669848076","17.230198254211","3.224","0.1","0.307","1,2,3,4,5,6,7,8,9,10,11,12,13,14,15,16,17",0.000143584673630219,TRUE,0,0,17,0,17,0,1
"S.A",92,300,0.33,"TRUE","TRUE","FALSE","16.7878682507066","0.00612311751799545","16.7817451331886","3.62","0.114","0.374","1,2,3,4,5,6,7,8,9,10,11,12,13,14,15,16,17",0.000251300087904629,TRUE,0,0,17,0,17,0,1
"S.A",93,300,0.33,"TRUE","TRUE","FALSE","17.2142447477421","0.00299010399058802","17.2112546437516","3.899","0.12","0.365","1,2,3,4,5,6,7,8,9,10,11,12,13,14,15,16,17",0.000124881884148099,TRUE,0,0,17,0,17,0,1
"S.A",94,300,0.33,"TRUE","TRUE","FALSE","15.5106970976896","0.00394500179209268","15.5067520958975","3.611","0.105","0.297","1,2,3,4,5,6,9,10,11,12,13,14,15,16,17",0.0011818900111225,FALSE,0,2,15,0,15,0,0.882352941176471
"S.A",95,300,0.33,"TRUE","TRUE","FALSE","16.1567994083643","0.00296622454903674","16.1538331838153","3.018","0.115","0.342","1,2,3,4,5,6,8,9,10,11,12,13,14,15,16,17",0.000614675490597898,FALSE,0,1,16,0,16,0,0.941176470588235
"S.A",96,300,0.33,"TRUE","TRUE","FALSE","16.1891848179884","0.00515727062323928","16.1840275473652","4.409","0.113","0.353","1,2,3,4,5,6,7,10,11,12,13,14,15,16,17,258",0.00126888419926593,FALSE,1,2,16,1,15,0.0625,0.882352941176471
"S.A",97,300,0.33,"TRUE","TRUE","FALSE","16.3710441948329","0.103362521752753","16.2676816730801","3.707","0.119","0.357","1,2,3,4,5,6,8,9,10,11,12,13,14,15,16,17",0.000621915174463018,FALSE,0,1,16,0,16,0,0.941176470588235
"S.A",98,300,0.33,"TRUE","TRUE","FALSE","17.1650735456061","0.0050752033846588","17.1599983422214","3.027","0.111","0.349","1,2,3,4,5,6,7,8,9,10,11,12,13,14,15,16,17",0.00022861514420155,TRUE,0,0,17,0,17,0,1
"S.A",99,300,0.33,"TRUE","TRUE","FALSE","17.1716632513286","0.00738369615485029","17.1642795551738","3.554","0.126","0.365","1,2,3,4,5,6,7,8,9,10,11,12,13,14,15,16,17",0.000156452651683836,TRUE,0,0,17,0,17,0,1
"S.A.b",1,300,0.33,"TRUE","TRUE","FALSE","17.1052026169054","0.00591091948484315","17.0992916974206","3.008","0.117","0.36","1,2,3,4,5,6,7,8,9,10,11,12,13,14,15,16,17",0.000289804182160264,TRUE,0,0,17,0,17,0,1
"S.A.b",10,300,0.33,"TRUE","TRUE","FALSE","17.0938889039523","0.00579658949561494","17.0880923144567","3.085","0.107","0.332","1,2,3,4,5,6,7,8,9,10,11,12,13,14,15,16,17",0.00020848933160585,TRUE,0,0,17,0,17,0,1
"S.A.b",100,300,0.33,"TRUE","TRUE","FALSE","16.4042545741308","0.00317359060966691","16.4010809835211","3.441","0.11","0.34","1,2,3,4,5,6,8,9,10,11,12,13,14,15,16,17",0.000588814171641901,FALSE,0,1,16,0,16,0,0.941176470588235
"S.A.b",11,300,0.33,"TRUE","TRUE","FALSE","17.1069000620732","0.00504468841003592","17.1018553736631","2.993","0.113","0.385","1,2,3,4,5,6,7,8,9,10,11,12,13,14,15,16,17",0.000184935431604886,TRUE,0,0,17,0,17,0,1
"S.A.b",12,300,0.33,"TRUE","TRUE","FALSE","16.6239088246908","0.0975554719486716","16.5263533527421","5.497","0.12","0.357","1,2,3,4,5,6,8,10,11,12,13,14,15,16,17,20,293",0.00144720814763654,FALSE,2,2,17,2,15,0.117647058823529,0.882352941176471
"S.A.b",13,300,0.33,"TRUE","TRUE","FALSE","16.0606218658202","0.00337729345132891","16.0572445723689","3.279","0.105","0.328","1,2,3,4,5,6,7,9,10,11,12,13,14,15,16,17",0.000731643503409255,FALSE,0,1,16,0,16,0,0.941176470588235
"S.A.b",14,300,0.33,"TRUE","TRUE","FALSE","17.1279466761639","0.00620842996703667","17.1217382461969","2.988","0.126","0.382","1,2,3,4,5,6,7,8,9,10,11,12,13,14,15,16,17",0.000294124933532796,TRUE,0,0,17,0,17,0,1
"S.A.b",15,300,0.33,"TRUE","TRUE","FALSE","16.153449359098","0.00312080655750013","16.1503285525405","3.382","0.11","0.326","1,2,3,4,5,6,7,10,11,12,13,14,15,16,17,446",0.00125388174592023,FALSE,1,2,16,1,15,0.0625,0.882352941176471
"S.A.b",16,300,0.33,"TRUE","TRUE","FALSE","16.8437815286594","0.00562769239982813","16.8381538362596","3.281","0.115","0.343","1,2,3,4,5,6,7,8,9,10,11,12,13,14,15,16,17",0.000269031597349683,TRUE,0,0,17,0,17,0,1
"S.A.b",17,300,0.33,"TRUE","TRUE","FALSE","16.13493461291","0.00409685783854739","16.1308377550715","3.107","0.111","0.316","1,2,3,4,5,6,7,8,10,11,12,13,14,15,16,17",0.000631667799391016,FALSE,0,1,16,0,16,0,0.941176470588235
"S.A.b",18,300,0.33,"TRUE","TRUE","FALSE","17.1660942011458","0.00368486140915729","17.1624093397366","3.082","0.114","0.462","1,2,3,4,5,6,7,8,9,10,11,12,13,14,15,16,17",0.000153228093133186,TRUE,0,0,17,0,17,0,1
"S.A.b",19,300,0.33,"TRUE","TRUE","FALSE","16.9276552055102","0.00317288262207104","16.9244823228881","3.283","0.099","0.326","1,2,3,4,5,6,7,8,9,10,11,12,13,14,15,16,17",0.000330800016220214,TRUE,0,0,17,0,17,0,1
"S.A.b",2,300,0.33,"TRUE","TRUE","FALSE","16.2624320636738","0.00551191612364854","16.2569201475502","4.208","0.111","0.351","1,2,3,4,5,6,7,8,10,11,12,13,14,15,16,17",0.000453297008879508,FALSE,0,1,16,0,16,0,0.941176470588235
"S.A.b",20,300,0.33,"TRUE","TRUE","FALSE","17.2214838248348","0.00465958744629067","17.2168242373885","3.277","0.11","0.331","1,2,3,4,5,6,7,8,9,10,11,12,13,14,15,16,17",0.000168569126175371,TRUE,0,0,17,0,17,0,1
"S.A.b",21,300,0.33,"TRUE","TRUE","FALSE","17.3075338755409","0.00943832501203404","17.2980955505289","3.326","0.113","0.351","1,2,3,4,5,6,7,8,9,10,11,12,13,14,15,16,17",0.000223320363216083,TRUE,0,0,17,0,17,0,1
"S.A.b",22,300,0.33,"TRUE","TRUE","FALSE","15.2562737336186","0.00416825535837106","15.2521054782602","4.039","0.126","0.349","1,2,3,4,5,6,8,10,11,12,13,14,15,16,17",0.00101407633820973,FALSE,0,2,15,0,15,0,0.882352941176471
"S.A.b",23,300,0.33,"TRUE","TRUE","FALSE","16.2414132997027","0.00452179490298481","16.2368915047997","3.635","0.11","0.326","1,2,3,4,5,6,7,8,10,11,12,13,14,15,16,17",0.000669371147694722,FALSE,0,1,16,0,16,0,0.941176470588235
"S.A.b",24,300,0.33,"TRUE","TRUE","FALSE","16.1051861017938","0.00420244998832697","16.1009836518055","2.877","0.109","0.326","1,2,3,4,5,6,7,8,10,11,12,13,14,15,16,17",0.000766387529092526,FALSE,0,1,16,0,16,0,0.941176470588235
"S.A.b",25,300,0.33,"TRUE","TRUE","FALSE","15.8570594772513","0.00375230103409188","15.8533071762172","3.566","0.107","0.307","1,3,4,5,6,7,8,9,10,11,12,13,14,15,16,17",0.000862249636923899,FALSE,0,1,16,0,16,0,0.941176470588235
"S.A.b",26,300,0.33,"TRUE","TRUE","FALSE","17.2361840481819","0.00329753953530833","17.2328865086466","3.7","0.105","0.343","1,2,3,4,5,6,7,8,9,10,11,12,13,14,15,16,17",0.000190572222093747,TRUE,0,0,17,0,17,0,1
"S.A.b",27,300,0.33,"TRUE","TRUE","FALSE","16.7564651241794","0.0274912932950084","16.7289738308844","3.442","0.107","0.317","1,2,3,4,5,6,7,8,9,10,11,12,13,14,15,16,17",0.000208992720660744,TRUE,0,0,17,0,17,0,1
"S.A.b",28,300,0.33,"TRUE","TRUE","FALSE","17.1148566052738","0.00436059739117195","17.1104960078826","3.002","0.102","0.343","1,2,3,4,5,6,7,8,9,10,11,12,13,14,15,16,17",0.000215797495195967,TRUE,0,0,17,0,17,0,1
"S.A.b",29,300,0.33,"TRUE","TRUE","FALSE","17.099999230228","0.00590886629727178","17.0940903639307","3.035","0.114","0.336","1,2,3,4,5,6,7,8,9,10,11,12,13,14,15,16,17",0.000102112750961419,TRUE,0,0,17,0,17,0,1
"S.A.b",3,300,0.33,"TRUE","TRUE","FALSE","15.4581402784038","0.00337491227136331","15.4547653661325","3.579","0.107","0.332","1,2,3,4,5,6,9,10,11,12,13,14,15,16,17",0.00101762033675683,FALSE,0,2,15,0,15,0,0.882352941176471
"S.A.b",30,300,0.33,"FALSE","FALSE","FALSE","15.0374645314866","0.00446238007046644","15.0330021514161","4.095","0.131","0.383","1,2,3,4,5,6,8,10,11,12,13,14,15,16,17",0.00107973723228374,FALSE,0,2,15,0,15,0,0.882352941176471
"S.A.b",31,300,0.33,"TRUE","TRUE","FALSE","16.0940666189078","0.0175371446967818","16.076529474211","4.004","0.105","0.316","1,2,3,4,5,6,7,9,10,11,12,13,14,15,16,17",0.000738658008452715,FALSE,0,1,16,0,16,0,0.941176470588235
"S.A.b",32,300,0.33,"TRUE","TRUE","FALSE","16.8011843565271","0.00363369138777766","16.7975506651393","3.641","0.112","0.344","1,2,3,4,5,6,7,8,9,10,11,12,13,14,15,16,17",0.000223945937829029,TRUE,0,0,17,0,17,0,1
"S.A.b",33,300,0.33,"TRUE","TRUE","FALSE","15.3968457835721","0.0042603264735847","15.3925854570985","3.533","0.1","0.303","1,2,3,4,5,6,8,10,11,12,13,14,15,16,17",0.000963399430964825,FALSE,0,2,15,0,15,0,0.882352941176471
"S.A.b",34,300,0.33,"TRUE","TRUE","FALSE","16.4412286484918","0.0177012804289206","16.4235273680629","4.241","0.115","0.344","1,2,3,4,5,6,7,8,9,10,11,12,13,14,15,16,17",7.72910647952475e-05,TRUE,0,0,17,0,17,0,1
"S.A.b",35,300,0.33,"TRUE","TRUE","FALSE","16.7895286736382","0.004038078619951","16.7854905950182","3.914","0.11","0.335","1,2,3,4,5,6,7,8,9,10,11,12,13,14,15,16,17",0.000311614414672977,TRUE,0,0,17,0,17,0,1
"S.A.b",36,300,0.33,"TRUE","TRUE","FALSE","17.4237148958023","0.00742559847556915","17.4162892973268","3.617","0.111","0.311","1,2,3,4,5,6,7,8,9,10,11,12,13,14,15,16,17",0.000187754375380932,TRUE,0,0,17,0,17,0,1
"S.A.b",37,300,0.33,"TRUE","TRUE","FALSE","16.3109235337772","0.0039116396875293","16.3070118940897","3.961","0.106","0.339","1,2,3,4,5,6,8,9,10,11,12,13,14,15,16,17",0.000593472664530241,FALSE,0,1,16,0,16,0,0.941176470588235
"S.A.b",38,300,0.33,"TRUE","TRUE","FALSE","17.215707588805","0.00439633563118239","17.2113112531739","3.444","0.116","0.361","1,2,3,4,5,6,7,8,9,10,11,12,13,14,15,16,17",0.000112308096016786,TRUE,0,0,17,0,17,0,1
"S.A.b",39,300,0.33,"TRUE","TRUE","FALSE","16.5209031328914","0.00762342279227454","16.5132797100991","3.785","0.115","0.327","1,2,3,4,5,6,8,9,10,11,12,13,14,15,16,17",0.00058374212174796,FALSE,0,1,16,0,16,0,0.941176470588235
"S.A.b",4,300,0.33,"TRUE","TRUE","FALSE","17.1075798173043","0.00742305957785323","17.1001567577265","3.351","0.108","0.341","1,2,3,4,5,6,7,8,9,10,11,12,13,14,15,16,17",0.000264804227565265,TRUE,0,0,17,0,17,0,1
"S.A.b",40,300,0.33,"TRUE","TRUE","FALSE","17.1014191149638","0.00264246721036209","17.0987766477535","2.839","0.102","0.326","1,2,3,4,5,6,7,8,9,10,11,12,13,14,15,16,17",0.000163258652851735,TRUE,0,0,17,0,17,0,1
"S.A.b",41,300,0.33,"TRUE","TRUE","FALSE","16.8843929290965","0.00303052181258921","16.8813624072839","3.695","0.109","0.331","1,2,3,4,5,6,7,8,9,10,11,12,13,14,15,16,17",0.000163715295104381,TRUE,0,0,17,0,17,0,1
"S.A.b",42,300,0.33,"TRUE","TRUE","FALSE","17.1570087346846","0.00564903569846996","17.1513596989861","2.913","0.098","0.312","1,2,3,4,5,6,7,8,9,10,11,12,13,14,15,16,17",0.000137505771646673,TRUE,0,0,17,0,17,0,1
"S.A.b",43,300,0.33,"TRUE","TRUE","FALSE","16.6426957346315","0.00771604831268448","16.6349796863188","4.242","0.122","0.359","1,2,3,4,5,6,7,8,9,10,11,12,13,14,15,16,17",0.000128864369481865,TRUE,0,0,17,0,17,0,1
"S.A.b",44,300,0.33,"TRUE","TRUE","FALSE","16.0282729226329","0.0199104487999111","16.008362473833","3.286","0.109","0.331","1,2,3,4,5,6,7,9,10,11,12,13,14,15,16,17",0.000636976124622526,FALSE,0,1,16,0,16,0,0.941176470588235
"S.A.b",45,300,0.33,"TRUE","TRUE","FALSE","16.1073149310558","0.00815678404202205","16.0991581470138","4.115","0.114","0.379","1,2,3,4,5,6,8,9,10,11,12,13,14,15,16,17",0.000610498959573504,FALSE,0,1,16,0,16,0,0.941176470588235
"S.A.b",46,300,0.33,"TRUE","TRUE","FALSE","17.1722272022184","0.00862705449229579","17.1636001477261","3.012","0.113","0.351","1,2,3,4,5,6,7,8,9,10,11,12,13,14,15,16,17",0.000200124964075871,TRUE,0,0,17,0,17,0,1
"S.A.b",47,300,0.33,"TRUE","TRUE","FALSE","17.1315424520166","0.00362231231102705","17.1279201397056","2.865","0.105","0.344","1,2,3,4,5,6,7,8,9,10,11,12,13,14,15,16,17",0.000153532539187868,TRUE,0,0,17,0,17,0,1
"S.A.b",48,300,0.33,"TRUE","TRUE","FALSE","16.3194314595991","0.00464199632897668","16.3147894632702","3.218","0.112","0.322","1,2,3,4,5,6,7,8,10,11,12,13,14,15,16,17",0.000593751411323717,FALSE,0,1,16,0,16,0,0.941176470588235
"S.A.b",49,300,0.33,"TRUE","TRUE","FALSE","16.1750515534402","0.00943806061255235","16.1656134928277","4.231","0.121","0.385","1,2,3,4,5,6,8,9,10,11,12,13,14,15,16,17",0.00061968548607453,FALSE,0,1,16,0,16,0,0.941176470588235
"S.A.b",5,300,0.33,"TRUE","TRUE","FALSE","16.732346787277","0.00400844065896738","16.728338346618","3.612","0.161","0.473","1,2,3,4,5,6,7,9,10,11,12,13,14,15,16,17,317",0.00086623524951438,FALSE,1,1,17,1,16,0.0588235294117647,0.941176470588235
"S.A.b",50,300,0.33,"TRUE","TRUE","FALSE","16.6248050679477","0.0293233930918826","16.5954816748559","4.098","0.102","0.278","1,2,3,4,5,6,8,9,10,11,12,13,14,15,16,17",0.000597064636221964,FALSE,0,1,16,0,16,0,0.941176470588235
"S.A.b",51,300,0.33,"TRUE","TRUE","FALSE","16.4417808441124","0.00390426198070113","16.4378765821317","3.237","0.108","0.308","1,2,3,4,5,6,8,9,10,11,12,13,14,15,16,17",0.000651926670352315,FALSE,0,1,16,0,16,0,0.941176470588235
"S.A.b",52,300,0.33,"TRUE","TRUE","FALSE","16.8658486130613","0.00742255757267216","16.8584260554886","3.67","0.121","0.372","1,2,3,4,5,6,7,8,9,10,11,12,13,14,15,16,17",0.000285595250221213,TRUE,0,0,17,0,17,0,1
"S.A.b",53,300,0.33,"TRUE","TRUE","FALSE","16.8096202998334","0.00424979787469879","16.8053705019587","3.26","0.107","0.331","1,2,3,4,5,6,7,8,9,10,11,12,13,14,15,16,17",0.000281162251972478,TRUE,0,0,17,0,17,0,1
"S.A.b",54,300,0.33,"TRUE","TRUE","FALSE","17.1579360340139","0.0478277950803951","17.1101082389335","3.285","0.115","0.346","1,2,3,4,5,6,7,8,9,10,11,12,13,14,15,16,17,32",0.000314316641873005,FALSE,1,0,18,1,17,0.0555555555555556,1
"S.A.b",55,300,0.33,"TRUE","TRUE","FALSE","16.591672351303","0.00505791118642398","16.5866144401165","3.533","0.115","0.306","1,2,3,4,5,6,7,9,10,11,12,13,14,15,16,17",0.000752158372785622,FALSE,0,1,16,0,16,0,0.941176470588235
"S.A.b",56,300,0.33,"TRUE","TRUE","FALSE","16.4468444783963","0.00543309016543942","16.4414113882309","3.656","0.11","0.314","1,2,3,4,5,6,7,9,10,11,12,13,14,15,16,17",0.00066831258294635,FALSE,0,1,16,0,16,0,0.941176470588235
"S.A.b",57,300,0.33,"TRUE","TRUE","FALSE","17.1348397228729","0.0176681045582525","17.1171716183146","3.23","0.111","0.325","1,2,3,4,5,6,7,8,9,10,11,12,13,14,15,16,17",0.000221085286979502,TRUE,0,0,17,0,17,0,1
"S.A.b",58,300,0.33,"TRUE","TRUE","FALSE","16.6971146013646","0.00413174549771885","16.6929828558669","3.569","0.119","0.296","1,2,3,4,5,6,7,8,10,11,12,13,14,15,16,17",0.000605361054150608,FALSE,0,1,16,0,16,0,0.941176470588235
"S.A.b",59,300,0.33,"TRUE","TRUE","FALSE","16.2852804773672","0.00907849443868375","16.2762019829285","3.245","0.106","0.33","1,2,3,4,5,6,8,9,10,11,12,13,14,15,16,17",0.000648979457871088,FALSE,0,1,16,0,16,0,0.941176470588235
"S.A.b",6,300,0.33,"TRUE","TRUE","FALSE","16.1445784204548","0.00423495978573094","16.140343460669","3.31","0.118","0.353","1,2,3,4,5,6,7,9,10,11,12,13,14,15,16,17",0.000511224540635955,FALSE,0,1,16,0,16,0,0.941176470588235
"S.A.b",60,300,0.33,"TRUE","TRUE","FALSE","17.0630804064994","0.00560903544984946","17.0574713710496","3.181","0.118","0.372","1,2,3,4,5,6,7,8,9,10,11,12,13,14,15,16,17",0.00016313884068897,TRUE,0,0,17,0,17,0,1
"S.A.b",61,300,0.33,"TRUE","TRUE","FALSE","16.7569814380677","0.00553488175603696","16.7514465563117","3.883","0.115","0.343","1,2,3,4,5,6,7,8,9,10,11,12,13,14,15,16,17",0.000294678550679392,TRUE,0,0,17,0,17,0,1
"S.A.b",62,300,0.33,"TRUE","TRUE","FALSE","15.9266351095654","0.00596813572363066","15.9206669738418","4.495","0.126","0.351","1,2,3,4,5,6,7,8,10,11,12,13,14,15,16,17",0.00059529017439737,FALSE,0,1,16,0,16,0,0.941176470588235
"S.A.b",63,300,0.33,"TRUE","TRUE","FALSE","17.1355079513531","0.00424147840401149","17.1312664729491","3.029","0.104","0.305","1,2,3,4,5,6,7,8,9,10,11,12,13,14,15,16,17",0.000153812611785496,TRUE,0,0,17,0,17,0,1
"S.A.b",64,300,0.33,"TRUE","TRUE","FALSE","16.4107217988764","0.0096490729812955","16.4010727258951","4.093","0.124","0.521","1,2,3,4,5,6,7,9,10,11,12,13,14,15,16,17",0.000562744855869087,FALSE,0,1,16,0,16,0,0.941176470588235
"S.A.b",65,300,0.33,"TRUE","TRUE","FALSE","17.1754586154308","0.0307912312056027","17.1446673842252","3.081","0.108","0.332","1,2,3,4,5,6,7,8,9,10,11,12,13,14,15,16,17",0.000182462103066885,TRUE,0,0,17,0,17,0,1
"S.A.b",66,300,0.33,"TRUE","TRUE","FALSE","17.1011460919022","0.00692664837069784","17.0942194435315","3.337","0.105","0.345","1,2,3,4,5,6,7,8,9,10,11,12,13,14,15,16,17",0.000330007172424578,TRUE,0,0,17,0,17,0,1
"S.A.b",67,300,0.33,"TRUE","TRUE","FALSE","15.6475135529828","0.00464238229652024","15.6428711706863","4.074","0.117","0.358","1,2,3,4,5,6,9,10,11,12,13,14,15,16,17",0.00128732247960325,FALSE,0,2,15,0,15,0,0.882352941176471
"S.A.b",68,300,0.33,"TRUE","TRUE","FALSE","16.3287140334086","0.00417619328619141","16.3245378401224","3.839","0.118","0.356","1,2,3,4,5,6,8,9,10,11,12,13,14,15,16,17",0.000528520715120488,FALSE,0,1,16,0,16,0,0.941176470588235
"S.A.b",69,300,0.33,"TRUE","TRUE","FALSE","16.3669103466169","0.00458334394349835","16.3623270026734","3.352","0.116","0.345","1,2,3,4,5,6,8,9,10,11,12,13,14,15,16,17",0.000564413084670011,FALSE,0,1,16,0,16,0,0.941176470588235
"S.A.b",7,300,0.33,"TRUE","TRUE","FALSE","15.9815665210166","0.00341530453131804","15.9781512164853","3.932","0.111","0.328","1,2,3,4,5,6,9,10,11,12,13,14,15,16,17,221",0.00125210212206995,FALSE,1,2,16,1,15,0.0625,0.882352941176471
"S.A.b",70,300,0.33,"TRUE","TRUE","FALSE","17.0689152415015","0.00346795465572268","17.0654472868458","3.409","0.105","0.309","1,2,3,4,5,6,7,8,9,10,11,12,13,14,15,16,17",0.000273635804729716,TRUE,0,0,17,0,17,0,1
"S.A.b",71,300,0.33,"TRUE","TRUE","FALSE","17.2279763403816","0.0386750534894809","17.1893012868921","3.246","0.122","0.336","1,2,3,4,5,6,7,8,9,10,11,12,13,14,15,16,17",0.000245670482313628,TRUE,0,0,17,0,17,0,1
"S.A.b",72,300,0.33,"TRUE","TRUE","FALSE","16.2881717957363","0.00342480008512918","16.2847469956512","3.908","0.116","0.354","1,2,3,4,5,6,7,9,10,11,12,13,14,15,16,17",0.000735961779024548,FALSE,0,1,16,0,16,0,0.941176470588235
"S.A.b",73,300,0.33,"TRUE","TRUE","FALSE","17.1577933249717","0.00258279499473594","17.155210529977","2.989","0.1","0.327","1,2,3,4,5,6,7,8,9,10,11,12,13,14,15,16,17",0.000258967410949862,TRUE,0,0,17,0,17,0,1
"S.A.b",74,300,0.33,"TRUE","TRUE","FALSE","16.2191165526886","0.00412167626940185","16.2149948764192","3.089","0.112","0.322","1,2,3,4,5,6,8,9,10,11,12,13,14,15,16,17",0.000719143409235598,FALSE,0,1,16,0,16,0,0.941176470588235
"S.A.b",75,300,0.33,"TRUE","TRUE","FALSE","16.3131279548693","0.00465733137206194","16.3084706234972","3.283","0.108","0.331","1,2,3,4,5,6,7,8,10,11,12,13,14,15,16,17",0.000550792823385857,FALSE,0,1,16,0,16,0,0.941176470588235
"S.A.b",76,300,0.33,"TRUE","TRUE","FALSE","17.1711549589391","0.00719967517901347","17.16395528376","2.989","0.102","0.32","1,2,3,4,5,6,7,8,9,10,11,12,13,14,15,16,17",0.00020154252895132,TRUE,0,0,17,0,17,0,1
"S.A.b",77,300,0.33,"TRUE","TRUE","FALSE","16.947705498463","0.0114370415950604","16.9362684568679","3.845","0.117","0.365","1,2,3,4,5,6,7,8,9,10,11,12,13,14,15,16,17",0.000263485106204842,TRUE,0,0,17,0,17,0,1
"S.A.b",78,300,0.33,"TRUE","TRUE","FALSE","17.1627642692509","0.00475685719565201","17.1580074120552","3.106","0.113","0.309","1,2,3,4,5,6,7,8,9,10,11,12,13,14,15,16,17",0.000172667940909301,TRUE,0,0,17,0,17,0,1
"S.A.b",79,300,0.33,"TRUE","TRUE","FALSE","16.0910187259937","0.00440058659077119","16.0866181394029","3.422","0.107","0.313","1,2,3,4,5,6,7,8,10,11,12,13,14,15,16,17",0.000558048940934102,FALSE,0,1,16,0,16,0,0.941176470588235
"S.A.b",8,300,0.33,"TRUE","TRUE","FALSE","17.170110596186","0.00448539459249653","17.1656252015935","2.926","0.11","0.329","1,2,3,4,5,6,7,8,9,10,11,12,13,14,15,16,17",0.000317817572760037,TRUE,0,0,17,0,17,0,1
"S.A.b",80,300,0.33,"TRUE","TRUE","FALSE","17.2522065076651","0.00652552469387425","17.2456809829712","3.431","0.122","0.348","1,2,3,4,5,6,7,8,9,10,11,12,13,14,15,16,17",0.000284471006060258,TRUE,0,0,17,0,17,0,1
"S.A.b",81,300,0.33,"TRUE","TRUE","FALSE","16.8130795172477","0.00926569321442564","16.8038138240333","3.722","0.116","0.328","1,2,3,4,5,6,7,8,9,10,11,12,13,14,15,16,17",0.000297642469836851,TRUE,0,0,17,0,17,0,1
"S.A.b",82,300,0.33,"TRUE","TRUE","FALSE","15.8514359289538","0.00376871070835483","15.8476672182454","4.013","0.1","0.308","1,2,3,4,5,6,8,9,10,11,12,13,14,15,16,17",0.000617013670405932,FALSE,0,1,16,0,16,0,0.941176470588235
"S.A.b",83,300,0.33,"TRUE","TRUE","FALSE","15.5393437632225","0.00469665426460247","15.5346471089579","3.682","0.105","0.295","1,2,3,4,5,6,9,10,11,12,13,14,15,16,17",0.000999055717043992,FALSE,0,2,15,0,15,0,0.882352941176471
"S.A.b",84,300,0.33,"TRUE","TRUE","FALSE","17.2062335533971","0.00380857861785642","17.2024249747792","3.29","0.104","0.329","1,2,3,4,5,6,7,8,9,10,11,12,13,14,15,16,17",0.000146770375762756,TRUE,0,0,17,0,17,0,1
"S.A.b",85,300,0.33,"TRUE","TRUE","FALSE","16.302605543022","0.00606135871322391","16.2965441843088","3.161","0.111","0.378","1,2,3,4,5,6,7,9,10,11,12,13,14,15,16,17",0.000823438058312272,FALSE,0,1,16,0,16,0,0.941176470588235
"S.A.b",86,300,0.33,"TRUE","TRUE","FALSE","16.8755001841231","0.00344506101566228","16.8720551231074","3.028","0.097","0.298","1,2,3,4,5,6,7,8,9,10,11,12,13,14,15,16,17",0.000270765352792408,TRUE,0,0,17,0,17,0,1
"S.A.b",87,300,0.33,"TRUE","TRUE","FALSE","17.0841985636306","0.00380174463285428","17.0803968189978","3.138","0.104","0.306","1,2,3,4,5,6,7,8,9,10,11,12,13,14,15,16,17",0.000104846236153921,TRUE,0,0,17,0,17,0,1
"S.A.b",88,300,0.33,"TRUE","TRUE","FALSE","17.3442837332833","0.0132148712661655","17.3310688620172","3.654","0.117","0.342","1,2,3,4,5,6,7,8,9,10,11,12,13,14,15,16,17",0.000157912053423452,TRUE,0,0,17,0,17,0,1
"S.A.b",89,300,0.33,"TRUE","TRUE","FALSE","16.7989662424881","0.00375826451675405","16.7952079779713","3.566","0.113","0.339","1,2,3,4,5,6,7,8,9,10,11,12,13,14,15,16,17",0.000203283444403428,TRUE,0,0,17,0,17,0,1
"S.A.b",9,300,0.33,"TRUE","TRUE","FALSE","16.3131781513844","0.00577485860824309","16.3074032927762","3.606","0.116","0.362","1,2,3,4,5,6,8,9,10,11,12,13,14,15,16,17",0.000649319780994295,FALSE,0,1,16,0,16,0,0.941176470588235
"S.A.b",90,300,0.33,"TRUE","TRUE","FALSE","17.0965403115627","0.0165476837460984","17.0799926278166","3.024","0.114","0.328","1,2,3,4,5,6,7,8,9,10,11,12,13,14,15,16,17",0.000282503908097366,TRUE,0,0,17,0,17,0,1
"S.A.b",91,300,0.33,"TRUE","TRUE","FALSE","17.2342193211959","0.0040210669848076","17.230198254211","3.224","0.1","0.307","1,2,3,4,5,6,7,8,9,10,11,12,13,14,15,16,17",0.000143584673630219,TRUE,0,0,17,0,17,0,1
"S.A.b",92,300,0.33,"TRUE","TRUE","FALSE","16.7878682507066","0.00612311751799545","16.7817451331886","3.62","0.114","0.374","1,2,3,4,5,6,7,8,9,10,11,12,13,14,15,16,17",0.000251300087904629,TRUE,0,0,17,0,17,0,1
"S.A.b",93,300,0.33,"TRUE","TRUE","FALSE","17.2142447477421","0.00299010399058802","17.2112546437516","3.899","0.12","0.365","1,2,3,4,5,6,7,8,9,10,11,12,13,14,15,16,17",0.000124881884148099,TRUE,0,0,17,0,17,0,1
"S.A.b",94,300,0.33,"TRUE","TRUE","FALSE","15.5106970976896","0.00394500179209268","15.5067520958975","3.611","0.105","0.297","1,2,3,4,5,6,9,10,11,12,13,14,15,16,17",0.0011818900111225,FALSE,0,2,15,0,15,0,0.882352941176471
"S.A.b",95,300,0.33,"TRUE","TRUE","FALSE","16.1567994083643","0.00296622454903674","16.1538331838153","3.018","0.115","0.342","1,2,3,4,5,6,8,9,10,11,12,13,14,15,16,17",0.000614675490597898,FALSE,0,1,16,0,16,0,0.941176470588235
"S.A.b",96,300,0.33,"TRUE","TRUE","FALSE","16.1891848179884","0.00515727062323928","16.1840275473652","4.409","0.113","0.353","1,2,3,4,5,6,7,10,11,12,13,14,15,16,17,258",0.00126888419926593,FALSE,1,2,16,1,15,0.0625,0.882352941176471
"S.A.b",97,300,0.33,"TRUE","TRUE","FALSE","16.3710441948329","0.103362521752753","16.2676816730801","3.707","0.119","0.357","1,2,3,4,5,6,8,9,10,11,12,13,14,15,16,17,30",0.000832636211884783,FALSE,1,1,17,1,16,0.0588235294117647,0.941176470588235
"S.A.b",98,300,0.33,"TRUE","TRUE","FALSE","17.1650735456061","0.0050752033846588","17.1599983422214","3.027","0.111","0.349","1,2,3,4,5,6,7,8,9,10,11,12,13,14,15,16,17",0.00022861514420155,TRUE,0,0,17,0,17,0,1
"S.A.b",99,300,0.33,"TRUE","TRUE","FALSE","17.1716632513286","0.00738369615485029","17.1642795551738","3.554","0.126","0.365","1,2,3,4,5,6,7,8,9,10,11,12,13,14,15,16,17",0.000156452651683836,TRUE,0,0,17,0,17,0,1
"S.EB",1,300,0.33,"TRUE","TRUE","FALSE","17.1052026169054","0.00591091948484315","17.0992916974206","3.008","0.117","0.36","1,2,3,4,5,6,7,8,9,10,11,12,13,14,15,16,17",0.000289804182160264,TRUE,0,0,17,0,17,0,1
"S.EB",10,300,0.33,"TRUE","TRUE","FALSE","17.0938889039523","0.00579658949561494","17.0880923144567","3.085","0.107","0.332","1,2,3,4,5,6,7,8,9,10,11,12,13,14,15,16,17",0.00020848933160585,TRUE,0,0,17,0,17,0,1
"S.EB",100,300,0.33,"TRUE","TRUE","FALSE","16.4042545741308","0.00317359060966691","16.4010809835211","3.441","0.11","0.34","1,2,3,4,5,6,7,8,9,10,11,12,13,14,15,16,17,350",0.00040367371132485,FALSE,1,0,18,1,17,0.0555555555555556,1
"S.EB",11,300,0.33,"TRUE","TRUE","FALSE","17.1069000620732","0.00504468841003592","17.1018553736631","2.993","0.113","0.385","1,2,3,4,5,6,7,8,9,10,11,12,13,14,15,16,17",0.000184935431604886,TRUE,0,0,17,0,17,0,1
"S.EB",12,300,0.33,"TRUE","TRUE","FALSE","16.6239088246908","0.0975554719486716","16.5263533527421","5.497","0.12","0.357","1,2,3,4,5,6,7,8,9,10,11,12,13,14,15,16,17,293",0.000502078969436462,FALSE,1,0,18,1,17,0.0555555555555556,1
"S.EB",13,300,0.33,"TRUE","TRUE","FALSE","16.0606218658202","0.00337729345132891","16.0572445723689","3.279","0.105","0.328","1,2,3,4,5,6,7,8,9,10,11,12,13,14,15,16,17",0.000328870486758093,TRUE,0,0,17,0,17,0,1
"S.EB",14,300,0.33,"TRUE","TRUE","FALSE","17.1279466761639","0.00620842996703667","17.1217382461969","2.988","0.126","0.382","1,2,3,4,5,6,7,8,9,10,11,12,13,14,15,16,17",0.000294124933532796,TRUE,0,0,17,0,17,0,1
"S.EB",15,300,0.33,"TRUE","TRUE","FALSE","16.153449359098","0.00312080655750013","16.1503285525405","3.382","0.11","0.326","1,2,3,4,5,6,7,9,10,11,12,13,14,15,16,17,446",0.000863107743598843,FALSE,1,1,17,1,16,0.0588235294117647,0.941176470588235
"S.EB",16,300,0.33,"TRUE","TRUE","FALSE","16.8437815286594","0.00562769239982813","16.8381538362596","3.281","0.115","0.343","1,2,3,4,5,6,7,8,9,10,11,12,13,14,15,16,17",0.000269031597349683,TRUE,0,0,17,0,17,0,1
"S.EB",17,300,0.33,"TRUE","TRUE","FALSE","16.13493461291","0.00409685783854739","16.1308377550715","3.107","0.111","0.316","1,2,3,4,5,6,7,8,10,11,12,13,14,15,16,17",0.000631667799391016,FALSE,0,1,16,0,16,0,0.941176470588235
"S.EB",18,300,0.33,"TRUE","TRUE","FALSE","17.1660942011458","0.00368486140915729","17.1624093397366","3.082","0.114","0.462","1,2,3,4,5,6,7,8,9,10,11,12,13,14,15,16,17",0.000153228093133186,TRUE,0,0,17,0,17,0,1
"S.EB",19,300,0.33,"TRUE","TRUE","FALSE","16.9276552055102","0.00317288262207104","16.9244823228881","3.283","0.099","0.326","1,2,3,4,5,6,7,8,9,10,11,12,13,14,15,16,17",0.000330800016220214,TRUE,0,0,17,0,17,0,1
"S.EB",2,300,0.33,"TRUE","TRUE","FALSE","16.2624320636738","0.00551191612364854","16.2569201475502","4.208","0.111","0.351","1,2,3,4,5,6,7,8,9,10,11,12,13,14,15,16,17",8.28579935259123e-05,TRUE,0,0,17,0,17,0,1
"S.EB",20,300,0.33,"TRUE","TRUE","FALSE","17.2214838248348","0.00465958744629067","17.2168242373885","3.277","0.11","0.331","1,2,3,4,5,6,7,8,9,10,11,12,13,14,15,16,17,37",0.000383637660248088,FALSE,1,0,18,1,17,0.0555555555555556,1
"S.EB",21,300,0.33,"TRUE","TRUE","FALSE","17.3075338755409","0.00943832501203404","17.2980955505289","3.326","0.113","0.351","1,2,3,4,5,6,7,8,9,10,11,12,13,14,15,16,17,236",0.000459370474459823,FALSE,1,0,18,1,17,0.0555555555555556,1
"S.EB",22,300,0.33,"TRUE","TRUE","FALSE","15.2562737336186","0.00416825535837106","15.2521054782602","4.039","0.126","0.349","1,2,3,4,5,6,7,8,10,11,12,13,14,15,16,17",0.000614189059798562,FALSE,0,1,16,0,16,0,0.941176470588235
"S.EB",23,300,0.33,"TRUE","TRUE","FALSE","16.2414132997027","0.00452179490298481","16.2368915047997","3.635","0.11","0.326","1,2,3,4,5,6,7,8,9,10,11,12,13,14,15,16,17",0.000306234526469419,TRUE,0,0,17,0,17,0,1
"S.EB",24,300,0.33,"TRUE","TRUE","FALSE","16.1051861017938","0.00420244998832697","16.1009836518055","2.877","0.109","0.326","1,2,3,4,5,6,7,8,10,11,12,13,14,15,16,17",0.000766387529092526,FALSE,0,1,16,0,16,0,0.941176470588235
"S.EB",25,300,0.33,"TRUE","TRUE","FALSE","15.8570594772513","0.00375230103409188","15.8533071762172","3.566","0.107","0.307","1,2,3,4,5,6,7,8,9,10,11,12,13,14,15,16,17",0.000251871550931974,TRUE,0,0,17,0,17,0,1
"S.EB",26,300,0.33,"TRUE","TRUE","FALSE","17.2361840481819","0.00329753953530833","17.2328865086466","3.7","0.105","0.343","1,2,3,4,5,6,7,8,9,10,11,12,13,14,15,16,17,49,318",0.000642759778650996,FALSE,2,0,19,2,17,0.105263157894737,1
"S.EB",27,300,0.33,"TRUE","TRUE","FALSE","16.7564651241794","0.0274912932950084","16.7289738308844","3.442","0.107","0.317","1,2,3,4,5,6,7,8,9,10,11,12,13,14,15,16,17",0.000208992720660744,TRUE,0,0,17,0,17,0,1
"S.EB",28,300,0.33,"TRUE","TRUE","FALSE","17.1148566052738","0.00436059739117195","17.1104960078826","3.002","0.102","0.343","1,2,3,4,5,6,7,8,9,10,11,12,13,14,15,16,17",0.000215797495195967,TRUE,0,0,17,0,17,0,1
"S.EB",29,300,0.33,"TRUE","TRUE","FALSE","17.099999230228","0.00590886629727178","17.0940903639307","3.035","0.114","0.336","1,2,3,4,5,6,7,8,9,10,11,12,13,14,15,16,17",0.000102112750961419,TRUE,0,0,17,0,17,0,1
"S.EB",3,300,0.33,"TRUE","TRUE","FALSE","15.4581402784038","0.00337491227136331","15.4547653661325","3.579","0.107","0.332","1,2,3,4,5,6,7,8,9,10,11,12,13,14,15,16,17",0.000181883208234499,TRUE,0,0,17,0,17,0,1
"S.EB",30,300,0.33,"FALSE","FALSE","FALSE","15.0374645314866","0.00446238007046644","15.0330021514161","4.095","0.131","0.383","1,2,3,4,5,6,8,10,11,12,13,14,15,16,17",0.00107973723228374,FALSE,0,2,15,0,15,0,0.882352941176471
"S.EB",31,300,0.33,"TRUE","TRUE","FALSE","16.0940666189078","0.0175371446967818","16.076529474211","4.004","0.105","0.316","1,2,3,4,5,6,7,8,9,10,11,12,13,14,15,16,17,105",0.000545446709829546,FALSE,1,0,18,1,17,0.0555555555555556,1
"S.EB",32,300,0.33,"TRUE","TRUE","FALSE","16.8011843565271","0.00363369138777766","16.7975506651393","3.641","0.112","0.344","1,2,3,4,5,6,7,8,9,10,11,12,13,14,15,16,17",0.000223945937829029,TRUE,0,0,17,0,17,0,1
"S.EB",33,300,0.33,"TRUE","TRUE","FALSE","15.3968457835721","0.0042603264735847","15.3925854570985","3.533","0.1","0.303","1,2,3,4,5,6,7,8,10,11,12,13,14,15,16,17",0.000529045097824955,FALSE,0,1,16,0,16,0,0.941176470588235
"S.EB",34,300,0.33,"TRUE","TRUE","FALSE","16.4412286484918","0.0177012804289206","16.4235273680629","4.241","0.115","0.344","1,2,3,4,5,6,7,8,9,10,11,12,13,14,15,16,17",7.72910647952475e-05,TRUE,0,0,17,0,17,0,1
"S.EB",35,300,0.33,"TRUE","TRUE","FALSE","16.7895286736382","0.004038078619951","16.7854905950182","3.914","0.11","0.335","1,2,3,4,5,6,7,8,9,10,11,12,13,14,15,16,17",0.000311614414672977,TRUE,0,0,17,0,17,0,1
"S.EB",36,300,0.33,"TRUE","TRUE","FALSE","17.4237148958023","0.00742559847556915","17.4162892973268","3.617","0.111","0.311","1,2,3,4,5,6,7,8,9,10,11,12,13,14,15,16,17,137",0.000457869913194992,FALSE,1,0,18,1,17,0.0555555555555556,1
"S.EB",37,300,0.33,"TRUE","TRUE","FALSE","16.3109235337772","0.0039116396875293","16.3070118940897","3.961","0.106","0.339","1,2,3,4,5,6,7,8,9,10,11,12,13,14,15,16,17",0.000223451721445735,TRUE,0,0,17,0,17,0,1
"S.EB",38,300,0.33,"TRUE","TRUE","FALSE","17.215707588805","0.00439633563118239","17.2113112531739","3.444","0.116","0.361","1,2,3,4,5,6,7,8,9,10,11,12,13,14,15,16,17,272",0.000266712124866802,FALSE,1,0,18,1,17,0.0555555555555556,1
"S.EB",39,300,0.33,"TRUE","TRUE","FALSE","16.5209031328914","0.00762342279227454","16.5132797100991","3.785","0.115","0.327","1,2,3,4,5,6,7,8,9,10,11,12,13,14,15,16,17,48",0.000391337540884654,FALSE,1,0,18,1,17,0.0555555555555556,1
"S.EB",4,300,0.33,"TRUE","TRUE","FALSE","17.1075798173043","0.00742305957785323","17.1001567577265","3.351","0.108","0.341","1,2,3,4,5,6,7,8,9,10,11,12,13,14,15,16,17",0.000264804227565265,TRUE,0,0,17,0,17,0,1
"S.EB",40,300,0.33,"TRUE","TRUE","FALSE","17.1014191149638","0.00264246721036209","17.0987766477535","2.839","0.102","0.326","1,2,3,4,5,6,7,8,9,10,11,12,13,14,15,16,17",0.000163258652851735,TRUE,0,0,17,0,17,0,1
"S.EB",41,300,0.33,"TRUE","TRUE","FALSE","16.8843929290965","0.00303052181258921","16.8813624072839","3.695","0.109","0.331","1,2,3,4,5,6,7,8,9,10,11,12,13,14,15,16,17",0.000163715295104381,TRUE,0,0,17,0,17,0,1
"S.EB",42,300,0.33,"TRUE","TRUE","FALSE","17.1570087346846","0.00564903569846996","17.1513596989861","2.913","0.098","0.312","1,2,3,4,5,6,7,8,9,10,11,12,13,14,15,16,17",0.000137505771646673,TRUE,0,0,17,0,17,0,1
"S.EB",43,300,0.33,"TRUE","TRUE","FALSE","16.6426957346315","0.00771604831268448","16.6349796863188","4.242","0.122","0.359","1,2,3,4,5,6,7,8,9,10,11,12,13,14,15,16,17,344",0.000372069404628835,FALSE,1,0,18,1,17,0.0555555555555556,1
"S.EB",44,300,0.33,"TRUE","TRUE","FALSE","16.0282729226329","0.0199104487999111","16.008362473833","3.286","0.109","0.331","1,2,3,4,5,6,7,9,10,11,12,13,14,15,16,17",0.000636976124622526,FALSE,0,1,16,0,16,0,0.941176470588235
"S.EB",45,300,0.33,"TRUE","TRUE","FALSE","16.1073149310558","0.00815678404202205","16.0991581470138","4.115","0.114","0.379","1,2,3,4,5,6,7,8,9,10,11,12,13,14,15,16,17",0.000212554910468318,TRUE,0,0,17,0,17,0,1
"S.EB",46,300,0.33,"TRUE","TRUE","FALSE","17.1722272022184","0.00862705449229579","17.1636001477261","3.012","0.113","0.351","1,2,3,4,5,6,7,8,9,10,11,12,13,14,15,16,17",0.000200124964075871,TRUE,0,0,17,0,17,0,1
"S.EB",47,300,0.33,"TRUE","TRUE","FALSE","17.1315424520166","0.00362231231102705","17.1279201397056","2.865","0.105","0.344","1,2,3,4,5,6,7,8,9,10,11,12,13,14,15,16,17",0.000153532539187868,TRUE,0,0,17,0,17,0,1
"S.EB",48,300,0.33,"TRUE","TRUE","FALSE","16.3194314595991","0.00464199632897668","16.3147894632702","3.218","0.112","0.322","1,2,3,4,5,6,7,8,9,10,11,12,13,14,15,16,17",0.000247356099965998,TRUE,0,0,17,0,17,0,1
"S.EB",49,300,0.33,"TRUE","TRUE","FALSE","16.1750515534402","0.00943806061255235","16.1656134928277","4.231","0.121","0.385","1,2,3,4,5,6,8,9,10,11,12,13,14,15,16,17,317",0.000819808652992291,FALSE,1,1,17,1,16,0.0588235294117647,0.941176470588235
"S.EB",5,300,0.33,"TRUE","TRUE","FALSE","16.732346787277","0.00400844065896738","16.728338346618","3.612","0.161","0.473","1,2,3,4,5,6,7,9,10,11,12,13,14,15,16,17,317",0.00086623524951438,FALSE,1,1,17,1,16,0.0588235294117647,0.941176470588235
"S.EB",50,300,0.33,"TRUE","TRUE","FALSE","16.6248050679477","0.0293233930918826","16.5954816748559","4.098","0.102","0.278","1,2,3,4,5,6,8,9,10,11,12,13,14,15,16,17,174,259,280",0.00143207295618144,FALSE,3,1,19,3,16,0.157894736842105,0.941176470588235
"S.EB",51,300,0.33,"TRUE","TRUE","FALSE","16.4417808441124","0.00390426198070113","16.4378765821317","3.237","0.108","0.308","1,2,3,4,5,6,7,8,9,10,11,12,13,14,15,16,17",0.000227839706159055,TRUE,0,0,17,0,17,0,1
"S.EB",52,300,0.33,"TRUE","TRUE","FALSE","16.8658486130613","0.00742255757267216","16.8584260554886","3.67","0.121","0.372","1,2,3,4,5,6,7,8,9,10,11,12,13,14,15,16,17,404",0.000427824433761556,FALSE,1,0,18,1,17,0.0555555555555556,1
"S.EB",53,300,0.33,"TRUE","TRUE","FALSE","16.8096202998334","0.00424979787469879","16.8053705019587","3.26","0.107","0.331","1,2,3,4,5,6,7,8,9,10,11,12,13,14,15,16,17",0.000281162251972478,TRUE,0,0,17,0,17,0,1
"S.EB",54,300,0.33,"TRUE","TRUE","FALSE","17.1579360340139","0.0478277950803951","17.1101082389335","3.285","0.115","0.346","1,2,3,4,5,6,7,8,9,10,11,12,13,14,15,16,17",0.000130301558025869,TRUE,0,0,17,0,17,0,1
"S.EB",55,300,0.33,"TRUE","TRUE","FALSE","16.591672351303","0.00505791118642398","16.5866144401165","3.533","0.115","0.306","1,2,3,4,5,6,7,8,9,10,11,12,13,14,15,16,17",0.000356651633599205,TRUE,0,0,17,0,17,0,1
"S.EB",56,300,0.33,"TRUE","TRUE","FALSE","16.4468444783963","0.00543309016543942","16.4414113882309","3.656","0.11","0.314","1,2,3,4,5,6,7,8,9,10,11,12,13,14,15,16,17,167",0.000444108978851028,FALSE,1,0,18,1,17,0.0555555555555556,1
"S.EB",57,300,0.33,"TRUE","TRUE","FALSE","17.1348397228729","0.0176681045582525","17.1171716183146","3.23","0.111","0.325","1,2,3,4,5,6,7,8,9,10,11,12,13,14,15,16,17",0.000221085286979502,TRUE,0,0,17,0,17,0,1
"S.EB",58,300,0.33,"TRUE","TRUE","FALSE","16.6971146013646","0.00413174549771885","16.6929828558669","3.569","0.119","0.296","1,2,3,4,5,6,7,8,9,10,11,12,13,14,15,16,17,415",0.000337381119385437,FALSE,1,0,18,1,17,0.0555555555555556,1
"S.EB",59,300,0.33,"TRUE","TRUE","FALSE","16.2852804773672","0.00907849443868375","16.2762019829285","3.245","0.106","0.33","1,2,3,4,5,6,7,8,9,10,11,12,13,14,15,16,17",0.000295769800419403,TRUE,0,0,17,0,17,0,1
"S.EB",6,300,0.33,"TRUE","TRUE","FALSE","16.1445784204548","0.00423495978573094","16.140343460669","3.31","0.118","0.353","1,2,3,4,5,6,7,8,9,10,11,12,13,14,15,16,17",0.00014473750073253,TRUE,0,0,17,0,17,0,1
"S.EB",60,300,0.33,"TRUE","TRUE","FALSE","17.0630804064994","0.00560903544984946","17.0574713710496","3.181","0.118","0.372","1,2,3,4,5,6,7,8,9,10,11,12,13,14,15,16,17",0.00016313884068897,TRUE,0,0,17,0,17,0,1
"S.EB",61,300,0.33,"TRUE","TRUE","FALSE","16.7569814380677","0.00553488175603696","16.7514465563117","3.883","0.115","0.343","1,2,3,4,5,6,7,8,9,10,11,12,13,14,15,16,17",0.000294678550679392,TRUE,0,0,17,0,17,0,1
"S.EB",62,300,0.33,"TRUE","TRUE","FALSE","15.9266351095654","0.00596813572363066","15.9206669738418","4.495","0.126","0.351","1,2,3,4,5,6,7,8,9,10,11,12,13,14,15,16,17,91",0.000459684519814913,FALSE,1,0,18,1,17,0.0555555555555556,1
"S.EB",63,300,0.33,"TRUE","TRUE","FALSE","17.1355079513531","0.00424147840401149","17.1312664729491","3.029","0.104","0.305","1,2,3,4,5,6,7,8,9,10,11,12,13,14,15,16,17",0.000153812611785496,TRUE,0,0,17,0,17,0,1
"S.EB",64,300,0.33,"TRUE","TRUE","FALSE","16.4107217988764","0.0096490729812955","16.4010727258951","4.093","0.124","0.521","1,2,3,4,5,6,7,8,9,10,11,12,13,14,15,16,17",0.00016725871459185,TRUE,0,0,17,0,17,0,1
"S.EB",65,300,0.33,"TRUE","TRUE","FALSE","17.1754586154308","0.0307912312056027","17.1446673842252","3.081","0.108","0.332","1,2,3,4,5,6,7,8,9,10,11,12,13,14,15,16,17",0.000182462103066885,TRUE,0,0,17,0,17,0,1
"S.EB",66,300,0.33,"TRUE","TRUE","FALSE","17.1011460919022","0.00692664837069784","17.0942194435315","3.337","0.105","0.345","1,2,3,4,5,6,7,8,9,10,11,12,13,14,15,16,17,39,306",0.000625231558852518,FALSE,2,0,19,2,17,0.105263157894737,1
"S.EB",67,300,0.33,"TRUE","TRUE","FALSE","15.6475135529828","0.00464238229652024","15.6428711706863","4.074","0.117","0.358","1,2,3,4,5,6,7,9,10,11,12,13,14,15,16,17,260",0.00105089389354162,FALSE,1,1,17,1,16,0.0588235294117647,0.941176470588235
"S.EB",68,300,0.33,"TRUE","TRUE","FALSE","16.3287140334086","0.00417619328619141","16.3245378401224","3.839","0.118","0.356","1,2,3,4,5,6,8,9,10,11,12,13,14,15,16,17,408",0.000681126232117427,FALSE,1,1,17,1,16,0.0588235294117647,0.941176470588235
"S.EB",69,300,0.33,"TRUE","TRUE","FALSE","16.3669103466169","0.00458334394349835","16.3623270026734","3.352","0.116","0.345","1,2,3,4,5,6,7,8,9,10,11,12,13,14,15,16,17",0.000160019737180739,TRUE,0,0,17,0,17,0,1
"S.EB",7,300,0.33,"TRUE","TRUE","FALSE","15.9815665210166","0.00341530453131804","15.9781512164853","3.932","0.111","0.328","1,2,3,4,5,6,9,10,11,12,13,14,15,16,17,221",0.00125210212206995,FALSE,1,2,16,1,15,0.0625,0.882352941176471
"S.EB",70,300,0.33,"TRUE","TRUE","FALSE","17.0689152415015","0.00346795465572268","17.0654472868458","3.409","0.105","0.309","1,2,3,4,5,6,7,8,9,10,11,12,13,14,15,16,17",0.000273635804729716,TRUE,0,0,17,0,17,0,1
"S.EB",71,300,0.33,"TRUE","TRUE","FALSE","17.2279763403816","0.0386750534894809","17.1893012868921","3.246","0.122","0.336","1,2,3,4,5,6,7,8,9,10,11,12,13,14,15,16,17",0.000245670482313628,TRUE,0,0,17,0,17,0,1
"S.EB",72,300,0.33,"TRUE","TRUE","FALSE","16.2881717957363","0.00342480008512918","16.2847469956512","3.908","0.116","0.354","1,2,3,4,5,6,7,9,10,11,12,13,14,15,16,17,50",0.000922369763279658,FALSE,1,1,17,1,16,0.0588235294117647,0.941176470588235
"S.EB",73,300,0.33,"TRUE","TRUE","FALSE","17.1577933249717","0.00258279499473594","17.155210529977","2.989","0.1","0.327","1,2,3,4,5,6,7,8,9,10,11,12,13,14,15,16,17",0.000258967410949862,TRUE,0,0,17,0,17,0,1
"S.EB",74,300,0.33,"TRUE","TRUE","FALSE","16.2191165526886","0.00412167626940185","16.2149948764192","3.089","0.112","0.322","1,2,3,4,5,6,7,8,9,10,11,12,13,14,15,16,17",0.000349824748739679,TRUE,0,0,17,0,17,0,1
"S.EB",75,300,0.33,"TRUE","TRUE","FALSE","16.3131279548693","0.00465733137206194","16.3084706234972","3.283","0.108","0.331","1,2,3,4,5,6,7,8,9,10,11,12,13,14,15,16,17",0.000185578693717447,TRUE,0,0,17,0,17,0,1
"S.EB",76,300,0.33,"TRUE","TRUE","FALSE","17.1711549589391","0.00719967517901347","17.16395528376","2.989","0.102","0.32","1,2,3,4,5,6,7,8,9,10,11,12,13,14,15,16,17",0.00020154252895132,TRUE,0,0,17,0,17,0,1
"S.EB",77,300,0.33,"TRUE","TRUE","FALSE","16.947705498463","0.0114370415950604","16.9362684568679","3.845","0.117","0.365","1,2,3,4,5,6,7,8,9,10,11,12,13,14,15,16,17,57",0.000483929635919298,FALSE,1,0,18,1,17,0.0555555555555556,1
"S.EB",78,300,0.33,"TRUE","TRUE","FALSE","17.1627642692509","0.00475685719565201","17.1580074120552","3.106","0.113","0.309","1,2,3,4,5,6,7,8,9,10,11,12,13,14,15,16,17",0.000172667940909301,TRUE,0,0,17,0,17,0,1
"S.EB",79,300,0.33,"TRUE","TRUE","FALSE","16.0910187259937","0.00440058659077119","16.0866181394029","3.422","0.107","0.313","1,2,3,4,5,6,7,8,9,10,11,12,13,14,15,16,17,113",0.000401443442931489,FALSE,1,0,18,1,17,0.0555555555555556,1
"S.EB",8,300,0.33,"TRUE","TRUE","FALSE","17.170110596186","0.00448539459249653","17.1656252015935","2.926","0.11","0.329","1,2,3,4,5,6,7,8,9,10,11,12,13,14,15,16,17",0.000317817572760037,TRUE,0,0,17,0,17,0,1
"S.EB",80,300,0.33,"TRUE","TRUE","FALSE","17.2522065076651","0.00652552469387425","17.2456809829712","3.431","0.122","0.348","1,2,3,4,5,6,7,8,9,10,11,12,13,14,15,16,17,444",0.000516203081375425,FALSE,1,0,18,1,17,0.0555555555555556,1
"S.EB",81,300,0.33,"TRUE","TRUE","FALSE","16.8130795172477","0.00926569321442564","16.8038138240333","3.722","0.116","0.328","1,2,3,4,5,6,7,8,9,10,11,12,13,14,15,16,17,88",0.000469631173612527,FALSE,1,0,18,1,17,0.0555555555555556,1
"S.EB",82,300,0.33,"TRUE","TRUE","FALSE","15.8514359289538","0.00376871070835483","15.8476672182454","4.013","0.1","0.308","1,2,3,4,5,6,8,9,10,11,12,13,14,15,16,17,49,335",0.00104186027841705,FALSE,2,1,18,2,16,0.111111111111111,0.941176470588235
"S.EB",83,300,0.33,"TRUE","TRUE","FALSE","15.5393437632225","0.00469665426460247","15.5346471089579","3.682","0.105","0.295","1,2,3,4,5,6,8,9,10,11,12,13,14,15,16,17",0.000605439612236812,FALSE,0,1,16,0,16,0,0.941176470588235
"S.EB",84,300,0.33,"TRUE","TRUE","FALSE","17.2062335533971","0.00380857861785642","17.2024249747792","3.29","0.104","0.329","1,2,3,4,5,6,7,8,9,10,11,12,13,14,15,16,17,378",0.000338862433771495,FALSE,1,0,18,1,17,0.0555555555555556,1
"S.EB",85,300,0.33,"TRUE","TRUE","FALSE","16.302605543022","0.00606135871322391","16.2965441843088","3.161","0.111","0.378","1,2,3,4,5,6,7,8,9,10,11,12,13,14,15,16,17",0.000402651180919285,TRUE,0,0,17,0,17,0,1
"S.EB",86,300,0.33,"TRUE","TRUE","FALSE","16.8755001841231","0.00344506101566228","16.8720551231074","3.028","0.097","0.298","1,2,3,4,5,6,7,8,9,10,11,12,13,14,15,16,17",0.000270765352792408,TRUE,0,0,17,0,17,0,1
"S.EB",87,300,0.33,"TRUE","TRUE","FALSE","17.0841985636306","0.00380174463285428","17.0803968189978","3.138","0.104","0.306","1,2,3,4,5,6,7,8,9,10,11,12,13,14,15,16,17",0.000104846236153921,TRUE,0,0,17,0,17,0,1
"S.EB",88,300,0.33,"TRUE","TRUE","FALSE","17.3442837332833","0.0132148712661655","17.3310688620172","3.654","0.117","0.342","1,2,3,4,5,6,7,8,9,10,11,12,13,14,15,16,17,349",0.000365824769440236,FALSE,1,0,18,1,17,0.0555555555555556,1
"S.EB",89,300,0.33,"TRUE","TRUE","FALSE","16.7989662424881","0.00375826451675405","16.7952079779713","3.566","0.113","0.339","1,2,3,4,5,6,7,8,9,10,11,12,13,14,15,16,17",0.000203283444403428,TRUE,0,0,17,0,17,0,1
"S.EB",9,300,0.33,"TRUE","TRUE","FALSE","16.3131781513844","0.00577485860824309","16.3074032927762","3.606","0.116","0.362","1,2,3,4,5,6,8,9,10,11,12,13,14,15,16,17",0.000649319780994295,FALSE,0,1,16,0,16,0,0.941176470588235
"S.EB",90,300,0.33,"TRUE","TRUE","FALSE","17.0965403115627","0.0165476837460984","17.0799926278166","3.024","0.114","0.328","1,2,3,4,5,6,7,8,9,10,11,12,13,14,15,16,17",0.000282503908097366,TRUE,0,0,17,0,17,0,1
"S.EB",91,300,0.33,"TRUE","TRUE","FALSE","17.2342193211959","0.0040210669848076","17.230198254211","3.224","0.1","0.307","1,2,3,4,5,6,7,8,9,10,11,12,13,14,15,16,17,381",0.000341141587618462,FALSE,1,0,18,1,17,0.0555555555555556,1
"S.EB",92,300,0.33,"TRUE","TRUE","FALSE","16.7878682507066","0.00612311751799545","16.7817451331886","3.62","0.114","0.374","1,2,3,4,5,6,7,8,9,10,11,12,13,14,15,16,17",0.000251300087904629,TRUE,0,0,17,0,17,0,1
"S.EB",93,300,0.33,"TRUE","TRUE","FALSE","17.2142447477421","0.00299010399058802","17.2112546437516","3.899","0.12","0.365","1,2,3,4,5,6,7,8,9,10,11,12,13,14,15,16,17",0.000124881884148099,TRUE,0,0,17,0,17,0,1
"S.EB",94,300,0.33,"TRUE","TRUE","FALSE","15.5106970976896","0.00394500179209268","15.5067520958975","3.611","0.105","0.297","1,2,3,4,5,6,7,9,10,11,12,13,14,15,16,17",0.000748186535307605,FALSE,0,1,16,0,16,0,0.941176470588235
"S.EB",95,300,0.33,"TRUE","TRUE","FALSE","16.1567994083643","0.00296622454903674","16.1538331838153","3.018","0.115","0.342","1,2,3,4,5,6,8,9,10,11,12,13,14,15,16,17",0.000614675490597898,FALSE,0,1,16,0,16,0,0.941176470588235
"S.EB",96,300,0.33,"TRUE","TRUE","FALSE","16.1891848179884","0.00515727062323928","16.1840275473652","4.409","0.113","0.353","1,2,3,4,5,6,7,8,10,11,12,13,14,15,16,17,258",0.000777852568322727,FALSE,1,1,17,1,16,0.0588235294117647,0.941176470588235
"S.EB",97,300,0.33,"TRUE","TRUE","FALSE","16.3710441948329","0.103362521752753","16.2676816730801","3.707","0.119","0.357","1,2,3,4,5,6,8,9,10,11,12,13,14,15,16,17,30",0.000832636211884783,FALSE,1,1,17,1,16,0.0588235294117647,0.941176470588235
"S.EB",98,300,0.33,"TRUE","TRUE","FALSE","17.1650735456061","0.0050752033846588","17.1599983422214","3.027","0.111","0.349","1,2,3,4,5,6,7,8,9,10,11,12,13,14,15,16,17",0.00022861514420155,TRUE,0,0,17,0,17,0,1
"S.EB",99,300,0.33,"TRUE","TRUE","FALSE","17.1716632513286","0.00738369615485029","17.1642795551738","3.554","0.126","0.365","1,2,3,4,5,6,7,8,9,10,11,12,13,14,15,16,17",0.000156452651683836,TRUE,0,0,17,0,17,0,1
"S.EB.b",1,300,0.33,"TRUE","TRUE","FALSE","17.1052026169054","0.00591091948484315","17.0992916974206","3.008","0.117","0.36","1,2,3,4,5,6,7,8,9,10,11,12,13,14,15,16,17",0.000289804182160264,TRUE,0,0,17,0,17,0,1
"S.EB.b",10,300,0.33,"TRUE","TRUE","FALSE","17.0938889039523","0.00579658949561494","17.0880923144567","3.085","0.107","0.332","1,2,3,4,5,6,7,8,9,10,11,12,13,14,15,16,17",0.00020848933160585,TRUE,0,0,17,0,17,0,1
"S.EB.b",100,300,0.33,"TRUE","TRUE","FALSE","16.4042545741308","0.00317359060966691","16.4010809835211","3.441","0.11","0.34","1,2,3,4,5,6,7,8,9,10,11,12,13,14,15,16,17,350",0.00040367371132485,FALSE,1,0,18,1,17,0.0555555555555556,1
"S.EB.b",11,300,0.33,"TRUE","TRUE","FALSE","17.1069000620732","0.00504468841003592","17.1018553736631","2.993","0.113","0.385","1,2,3,4,5,6,7,8,9,10,11,12,13,14,15,16,17",0.000184935431604886,TRUE,0,0,17,0,17,0,1
"S.EB.b",12,300,0.33,"TRUE","TRUE","FALSE","16.6239088246908","0.0975554719486716","16.5263533527421","5.497","0.12","0.357","1,2,3,4,5,6,7,8,9,10,11,12,13,14,15,16,17,293",0.000502078969436462,FALSE,1,0,18,1,17,0.0555555555555556,1
"S.EB.b",13,300,0.33,"TRUE","TRUE","FALSE","16.0606218658202","0.00337729345132891","16.0572445723689","3.279","0.105","0.328","1,2,3,4,5,6,7,8,9,10,11,12,13,14,15,16,17",0.000328870486758093,TRUE,0,0,17,0,17,0,1
"S.EB.b",14,300,0.33,"TRUE","TRUE","FALSE","17.1279466761639","0.00620842996703667","17.1217382461969","2.988","0.126","0.382","1,2,3,4,5,6,7,8,9,10,11,12,13,14,15,16,17",0.000294124933532796,TRUE,0,0,17,0,17,0,1
"S.EB.b",15,300,0.33,"TRUE","TRUE","FALSE","16.153449359098","0.00312080655750013","16.1503285525405","3.382","0.11","0.326","1,2,3,4,5,6,7,9,10,11,12,13,14,15,16,17,446",0.000863107743598843,FALSE,1,1,17,1,16,0.0588235294117647,0.941176470588235
"S.EB.b",16,300,0.33,"TRUE","TRUE","FALSE","16.8437815286594","0.00562769239982813","16.8381538362596","3.281","0.115","0.343","1,2,3,4,5,6,7,8,9,10,11,12,13,14,15,16,17",0.000269031597349683,TRUE,0,0,17,0,17,0,1
"S.EB.b",17,300,0.33,"TRUE","TRUE","FALSE","16.13493461291","0.00409685783854739","16.1308377550715","3.107","0.111","0.316","1,2,3,4,5,6,7,8,10,11,12,13,14,15,16,17",0.000631667799391016,FALSE,0,1,16,0,16,0,0.941176470588235
"S.EB.b",18,300,0.33,"TRUE","TRUE","FALSE","17.1660942011458","0.00368486140915729","17.1624093397366","3.082","0.114","0.462","1,2,3,4,5,6,7,8,9,10,11,12,13,14,15,16,17",0.000153228093133186,TRUE,0,0,17,0,17,0,1
"S.EB.b",19,300,0.33,"TRUE","TRUE","FALSE","16.9276552055102","0.00317288262207104","16.9244823228881","3.283","0.099","0.326","1,2,3,4,5,6,7,8,9,10,11,12,13,14,15,16,17",0.000330800016220214,TRUE,0,0,17,0,17,0,1
"S.EB.b",2,300,0.33,"TRUE","TRUE","FALSE","16.2624320636738","0.00551191612364854","16.2569201475502","4.208","0.111","0.351","1,2,3,4,5,6,7,8,9,10,11,12,13,14,15,16,17",8.28579935259123e-05,TRUE,0,0,17,0,17,0,1
"S.EB.b",20,300,0.33,"TRUE","TRUE","FALSE","17.2214838248348","0.00465958744629067","17.2168242373885","3.277","0.11","0.331","1,2,3,4,5,6,7,8,9,10,11,12,13,14,15,16,17,37",0.000383637660248088,FALSE,1,0,18,1,17,0.0555555555555556,1
"S.EB.b",21,300,0.33,"TRUE","TRUE","FALSE","17.3075338755409","0.00943832501203404","17.2980955505289","3.326","0.113","0.351","1,2,3,4,5,6,7,8,9,10,11,12,13,14,15,16,17,236,262",0.00067731869330613,FALSE,2,0,19,2,17,0.105263157894737,1
"S.EB.b",22,300,0.33,"TRUE","TRUE","FALSE","15.2562737336186","0.00416825535837106","15.2521054782602","4.039","0.126","0.349","1,2,3,4,5,6,7,8,10,11,12,13,14,15,16,17",0.000614189059798562,FALSE,0,1,16,0,16,0,0.941176470588235
"S.EB.b",23,300,0.33,"TRUE","TRUE","FALSE","16.2414132997027","0.00452179490298481","16.2368915047997","3.635","0.11","0.326","1,2,3,4,5,6,7,8,9,10,11,12,13,14,15,16,17",0.000306234526469419,TRUE,0,0,17,0,17,0,1
"S.EB.b",24,300,0.33,"TRUE","TRUE","FALSE","16.1051861017938","0.00420244998832697","16.1009836518055","2.877","0.109","0.326","1,2,3,4,5,6,7,8,10,11,12,13,14,15,16,17",0.000766387529092526,FALSE,0,1,16,0,16,0,0.941176470588235
"S.EB.b",25,300,0.33,"TRUE","TRUE","FALSE","15.8570594772513","0.00375230103409188","15.8533071762172","3.566","0.107","0.307","1,2,3,4,5,6,7,8,9,10,11,12,13,14,15,16,17",0.000251871550931974,TRUE,0,0,17,0,17,0,1
"S.EB.b",26,300,0.33,"TRUE","TRUE","FALSE","17.2361840481819","0.00329753953530833","17.2328865086466","3.7","0.105","0.343","1,2,3,4,5,6,7,8,9,10,11,12,13,14,15,16,17,49,318",0.000642759778650996,FALSE,2,0,19,2,17,0.105263157894737,1
"S.EB.b",27,300,0.33,"TRUE","TRUE","FALSE","16.7564651241794","0.0274912932950084","16.7289738308844","3.442","0.107","0.317","1,2,3,4,5,6,7,8,9,10,11,12,13,14,15,16,17",0.000208992720660744,TRUE,0,0,17,0,17,0,1
"S.EB.b",28,300,0.33,"TRUE","TRUE","FALSE","17.1148566052738","0.00436059739117195","17.1104960078826","3.002","0.102","0.343","1,2,3,4,5,6,7,8,9,10,11,12,13,14,15,16,17",0.000215797495195967,TRUE,0,0,17,0,17,0,1
"S.EB.b",29,300,0.33,"TRUE","TRUE","FALSE","17.099999230228","0.00590886629727178","17.0940903639307","3.035","0.114","0.336","1,2,3,4,5,6,7,8,9,10,11,12,13,14,15,16,17",0.000102112750961419,TRUE,0,0,17,0,17,0,1
"S.EB.b",3,300,0.33,"TRUE","TRUE","FALSE","15.4581402784038","0.00337491227136331","15.4547653661325","3.579","0.107","0.332","1,2,3,4,5,6,7,8,9,10,11,12,13,14,15,16,17",0.000181883208234499,TRUE,0,0,17,0,17,0,1
"S.EB.b",30,300,0.33,"FALSE","FALSE","FALSE","15.0374645314866","0.00446238007046644","15.0330021514161","4.095","0.131","0.383","1,2,3,4,5,6,8,10,11,12,13,14,15,16,17",0.00107973723228374,FALSE,0,2,15,0,15,0,0.882352941176471
"S.EB.b",31,300,0.33,"TRUE","TRUE","FALSE","16.0940666189078","0.0175371446967818","16.076529474211","4.004","0.105","0.316","1,2,3,4,5,6,7,8,9,10,11,12,13,14,15,16,17,105",0.000545446709829546,FALSE,1,0,18,1,17,0.0555555555555556,1
"S.EB.b",32,300,0.33,"TRUE","TRUE","FALSE","16.8011843565271","0.00363369138777766","16.7975506651393","3.641","0.112","0.344","1,2,3,4,5,6,7,8,9,10,11,12,13,14,15,16,17",0.000223945937829029,TRUE,0,0,17,0,17,0,1
"S.EB.b",33,300,0.33,"TRUE","TRUE","FALSE","15.3968457835721","0.0042603264735847","15.3925854570985","3.533","0.1","0.303","1,2,3,4,5,6,7,8,10,11,12,13,14,15,16,17",0.000529045097824955,FALSE,0,1,16,0,16,0,0.941176470588235
"S.EB.b",34,300,0.33,"TRUE","TRUE","FALSE","16.4412286484918","0.0177012804289206","16.4235273680629","4.241","0.115","0.344","1,2,3,4,5,6,7,8,9,10,11,12,13,14,15,16,17",7.72910647952475e-05,TRUE,0,0,17,0,17,0,1
"S.EB.b",35,300,0.33,"TRUE","TRUE","FALSE","16.7895286736382","0.004038078619951","16.7854905950182","3.914","0.11","0.335","1,2,3,4,5,6,7,8,9,10,11,12,13,14,15,16,17",0.000311614414672977,TRUE,0,0,17,0,17,0,1
"S.EB.b",36,300,0.33,"TRUE","TRUE","FALSE","17.4237148958023","0.00742559847556915","17.4162892973268","3.617","0.111","0.311","1,2,3,4,5,6,7,8,9,10,11,12,13,14,15,16,17,137",0.000457869913194992,FALSE,1,0,18,1,17,0.0555555555555556,1
"S.EB.b",37,300,0.33,"TRUE","TRUE","FALSE","16.3109235337772","0.0039116396875293","16.3070118940897","3.961","0.106","0.339","1,2,3,4,5,6,7,8,9,10,11,12,13,14,15,16,17,47",0.000412967952622005,FALSE,1,0,18,1,17,0.0555555555555556,1
"S.EB.b",38,300,0.33,"TRUE","TRUE","FALSE","17.215707588805","0.00439633563118239","17.2113112531739","3.444","0.116","0.361","1,2,3,4,5,6,7,8,9,10,11,12,13,14,15,16,17,272",0.000266712124866802,FALSE,1,0,18,1,17,0.0555555555555556,1
"S.EB.b",39,300,0.33,"TRUE","TRUE","FALSE","16.5209031328914","0.00762342279227454","16.5132797100991","3.785","0.115","0.327","1,2,3,4,5,6,7,8,9,10,11,12,13,14,15,16,17,48",0.000391337540884654,FALSE,1,0,18,1,17,0.0555555555555556,1
"S.EB.b",4,300,0.33,"TRUE","TRUE","FALSE","17.1075798173043","0.00742305957785323","17.1001567577265","3.351","0.108","0.341","1,2,3,4,5,6,7,8,9,10,11,12,13,14,15,16,17",0.000264804227565265,TRUE,0,0,17,0,17,0,1
"S.EB.b",40,300,0.33,"TRUE","TRUE","FALSE","17.1014191149638","0.00264246721036209","17.0987766477535","2.839","0.102","0.326","1,2,3,4,5,6,7,8,9,10,11,12,13,14,15,16,17",0.000163258652851735,TRUE,0,0,17,0,17,0,1
"S.EB.b",41,300,0.33,"TRUE","TRUE","FALSE","16.8843929290965","0.00303052181258921","16.8813624072839","3.695","0.109","0.331","1,2,3,4,5,6,7,8,9,10,11,12,13,14,15,16,17",0.000163715295104381,TRUE,0,0,17,0,17,0,1
"S.EB.b",42,300,0.33,"TRUE","TRUE","FALSE","17.1570087346846","0.00564903569846996","17.1513596989861","2.913","0.098","0.312","1,2,3,4,5,6,7,8,9,10,11,12,13,14,15,16,17",0.000137505771646673,TRUE,0,0,17,0,17,0,1
"S.EB.b",43,300,0.33,"TRUE","TRUE","FALSE","16.6426957346315","0.00771604831268448","16.6349796863188","4.242","0.122","0.359","1,2,3,4,5,6,7,8,9,10,11,12,13,14,15,16,17,344",0.000372069404628835,FALSE,1,0,18,1,17,0.0555555555555556,1
"S.EB.b",44,300,0.33,"TRUE","TRUE","FALSE","16.0282729226329","0.0199104487999111","16.008362473833","3.286","0.109","0.331","1,2,3,4,5,6,7,9,10,11,12,13,14,15,16,17",0.000636976124622526,FALSE,0,1,16,0,16,0,0.941176470588235
"S.EB.b",45,300,0.33,"TRUE","TRUE","FALSE","16.1073149310558","0.00815678404202205","16.0991581470138","4.115","0.114","0.379","1,2,3,4,5,6,7,8,9,10,11,12,13,14,15,16,17",0.000212554910468318,TRUE,0,0,17,0,17,0,1
"S.EB.b",46,300,0.33,"TRUE","TRUE","FALSE","17.1722272022184","0.00862705449229579","17.1636001477261","3.012","0.113","0.351","1,2,3,4,5,6,7,8,9,10,11,12,13,14,15,16,17",0.000200124964075871,TRUE,0,0,17,0,17,0,1
"S.EB.b",47,300,0.33,"TRUE","TRUE","FALSE","17.1315424520166","0.00362231231102705","17.1279201397056","2.865","0.105","0.344","1,2,3,4,5,6,7,8,9,10,11,12,13,14,15,16,17",0.000153532539187868,TRUE,0,0,17,0,17,0,1
"S.EB.b",48,300,0.33,"TRUE","TRUE","FALSE","16.3194314595991","0.00464199632897668","16.3147894632702","3.218","0.112","0.322","1,2,3,4,5,6,7,8,9,10,11,12,13,14,15,16,17",0.000247356099965998,TRUE,0,0,17,0,17,0,1
"S.EB.b",49,300,0.33,"TRUE","TRUE","FALSE","16.1750515534402","0.00943806061255235","16.1656134928277","4.231","0.121","0.385","1,2,3,4,5,6,7,8,9,10,11,12,13,14,15,16,17,317",0.000493229990825542,FALSE,1,0,18,1,17,0.0555555555555556,1
"S.EB.b",5,300,0.33,"TRUE","TRUE","FALSE","16.732346787277","0.00400844065896738","16.728338346618","3.612","0.161","0.473","1,2,3,4,5,6,7,9,10,11,12,13,14,15,16,17,317",0.00086623524951438,FALSE,1,1,17,1,16,0.0588235294117647,0.941176470588235
"S.EB.b",50,300,0.33,"TRUE","TRUE","FALSE","16.6248050679477","0.0293233930918826","16.5954816748559","4.098","0.102","0.278","1,2,3,4,5,6,8,9,10,11,12,13,14,15,16,17,174,259,280",0.00143207295618144,FALSE,3,1,19,3,16,0.157894736842105,0.941176470588235
"S.EB.b",51,300,0.33,"TRUE","TRUE","FALSE","16.4417808441124","0.00390426198070113","16.4378765821317","3.237","0.108","0.308","1,2,3,4,5,6,7,8,9,10,11,12,13,14,15,16,17",0.000227839706159055,TRUE,0,0,17,0,17,0,1
"S.EB.b",52,300,0.33,"TRUE","TRUE","FALSE","16.8658486130613","0.00742255757267216","16.8584260554886","3.67","0.121","0.372","1,2,3,4,5,6,7,8,9,10,11,12,13,14,15,16,17,404",0.000427824433761556,FALSE,1,0,18,1,17,0.0555555555555556,1
"S.EB.b",53,300,0.33,"TRUE","TRUE","FALSE","16.8096202998334","0.00424979787469879","16.8053705019587","3.26","0.107","0.331","1,2,3,4,5,6,7,8,9,10,11,12,13,14,15,16,17",0.000281162251972478,TRUE,0,0,17,0,17,0,1
"S.EB.b",54,300,0.33,"TRUE","TRUE","FALSE","17.1579360340139","0.0478277950803951","17.1101082389335","3.285","0.115","0.346","1,2,3,4,5,6,7,8,9,10,11,12,13,14,15,16,17",0.000130301558025869,TRUE,0,0,17,0,17,0,1
"S.EB.b",55,300,0.33,"TRUE","TRUE","FALSE","16.591672351303","0.00505791118642398","16.5866144401165","3.533","0.115","0.306","1,2,3,4,5,6,7,8,9,10,11,12,13,14,15,16,17",0.000356651633599205,TRUE,0,0,17,0,17,0,1
"S.EB.b",56,300,0.33,"TRUE","TRUE","FALSE","16.4468444783963","0.00543309016543942","16.4414113882309","3.656","0.11","0.314","1,2,3,4,5,6,7,8,9,10,11,12,13,14,15,16,17,167",0.000444108978851028,FALSE,1,0,18,1,17,0.0555555555555556,1
"S.EB.b",57,300,0.33,"TRUE","TRUE","FALSE","17.1348397228729","0.0176681045582525","17.1171716183146","3.23","0.111","0.325","1,2,3,4,5,6,7,8,9,10,11,12,13,14,15,16,17",0.000221085286979502,TRUE,0,0,17,0,17,0,1
"S.EB.b",58,300,0.33,"TRUE","TRUE","FALSE","16.6971146013646","0.00413174549771885","16.6929828558669","3.569","0.119","0.296","1,2,3,4,5,6,7,8,9,10,11,12,13,14,15,16,17,415",0.000337381119385437,FALSE,1,0,18,1,17,0.0555555555555556,1
"S.EB.b",59,300,0.33,"TRUE","TRUE","FALSE","16.2852804773672","0.00907849443868375","16.2762019829285","3.245","0.106","0.33","1,2,3,4,5,6,7,8,9,10,11,12,13,14,15,16,17",0.000295769800419403,TRUE,0,0,17,0,17,0,1
"S.EB.b",6,300,0.33,"TRUE","TRUE","FALSE","16.1445784204548","0.00423495978573094","16.140343460669","3.31","0.118","0.353","1,2,3,4,5,6,7,8,9,10,11,12,13,14,15,16,17",0.00014473750073253,TRUE,0,0,17,0,17,0,1
"S.EB.b",60,300,0.33,"TRUE","TRUE","FALSE","17.0630804064994","0.00560903544984946","17.0574713710496","3.181","0.118","0.372","1,2,3,4,5,6,7,8,9,10,11,12,13,14,15,16,17",0.00016313884068897,TRUE,0,0,17,0,17,0,1
"S.EB.b",61,300,0.33,"TRUE","TRUE","FALSE","16.7569814380677","0.00553488175603696","16.7514465563117","3.883","0.115","0.343","1,2,3,4,5,6,7,8,9,10,11,12,13,14,15,16,17",0.000294678550679392,TRUE,0,0,17,0,17,0,1
"S.EB.b",62,300,0.33,"TRUE","TRUE","FALSE","15.9266351095654","0.00596813572363066","15.9206669738418","4.495","0.126","0.351","1,2,3,4,5,6,7,8,9,10,11,12,13,14,15,16,17,91",0.000459684519814913,FALSE,1,0,18,1,17,0.0555555555555556,1
"S.EB.b",63,300,0.33,"TRUE","TRUE","FALSE","17.1355079513531","0.00424147840401149","17.1312664729491","3.029","0.104","0.305","1,2,3,4,5,6,7,8,9,10,11,12,13,14,15,16,17",0.000153812611785496,TRUE,0,0,17,0,17,0,1
"S.EB.b",64,300,0.33,"TRUE","TRUE","FALSE","16.4107217988764","0.0096490729812955","16.4010727258951","4.093","0.124","0.521","1,2,3,4,5,6,7,8,9,10,11,12,13,14,15,16,17",0.00016725871459185,TRUE,0,0,17,0,17,0,1
"S.EB.b",65,300,0.33,"TRUE","TRUE","FALSE","17.1754586154308","0.0307912312056027","17.1446673842252","3.081","0.108","0.332","1,2,3,4,5,6,7,8,9,10,11,12,13,14,15,16,17",0.000182462103066885,TRUE,0,0,17,0,17,0,1
"S.EB.b",66,300,0.33,"TRUE","TRUE","FALSE","17.1011460919022","0.00692664837069784","17.0942194435315","3.337","0.105","0.345","1,2,3,4,5,6,7,8,9,10,11,12,13,14,15,16,17,39,306",0.000625231558852518,FALSE,2,0,19,2,17,0.105263157894737,1
"S.EB.b",67,300,0.33,"TRUE","TRUE","FALSE","15.6475135529828","0.00464238229652024","15.6428711706863","4.074","0.117","0.358","1,2,3,4,5,6,7,9,10,11,12,13,14,15,16,17,260",0.00105089389354162,FALSE,1,1,17,1,16,0.0588235294117647,0.941176470588235
"S.EB.b",68,300,0.33,"TRUE","TRUE","FALSE","16.3287140334086","0.00417619328619141","16.3245378401224","3.839","0.118","0.356","1,2,3,4,5,6,8,9,10,11,12,13,14,15,16,17,408",0.000681126232117427,FALSE,1,1,17,1,16,0.0588235294117647,0.941176470588235
"S.EB.b",69,300,0.33,"TRUE","TRUE","FALSE","16.3669103466169","0.00458334394349835","16.3623270026734","3.352","0.116","0.345","1,2,3,4,5,6,7,8,9,10,11,12,13,14,15,16,17",0.000160019737180739,TRUE,0,0,17,0,17,0,1
"S.EB.b",7,300,0.33,"TRUE","TRUE","FALSE","15.9815665210166","0.00341530453131804","15.9781512164853","3.932","0.111","0.328","1,2,3,4,5,6,9,10,11,12,13,14,15,16,17,221",0.00125210212206995,FALSE,1,2,16,1,15,0.0625,0.882352941176471
"S.EB.b",70,300,0.33,"TRUE","TRUE","FALSE","17.0689152415015","0.00346795465572268","17.0654472868458","3.409","0.105","0.309","1,2,3,4,5,6,7,8,9,10,11,12,13,14,15,16,17",0.000273635804729716,TRUE,0,0,17,0,17,0,1
"S.EB.b",71,300,0.33,"TRUE","TRUE","FALSE","17.2279763403816","0.0386750534894809","17.1893012868921","3.246","0.122","0.336","1,2,3,4,5,6,7,8,9,10,11,12,13,14,15,16,17",0.000245670482313628,TRUE,0,0,17,0,17,0,1
"S.EB.b",72,300,0.33,"TRUE","TRUE","FALSE","16.2881717957363","0.00342480008512918","16.2847469956512","3.908","0.116","0.354","1,2,3,4,5,6,7,9,10,11,12,13,14,15,16,17,50",0.000922369763279658,FALSE,1,1,17,1,16,0.0588235294117647,0.941176470588235
"S.EB.b",73,300,0.33,"TRUE","TRUE","FALSE","17.1577933249717","0.00258279499473594","17.155210529977","2.989","0.1","0.327","1,2,3,4,5,6,7,8,9,10,11,12,13,14,15,16,17",0.000258967410949862,TRUE,0,0,17,0,17,0,1
"S.EB.b",74,300,0.33,"TRUE","TRUE","FALSE","16.2191165526886","0.00412167626940185","16.2149948764192","3.089","0.112","0.322","1,2,3,4,5,6,7,8,9,10,11,12,13,14,15,16,17",0.000349824748739679,TRUE,0,0,17,0,17,0,1
"S.EB.b",75,300,0.33,"TRUE","TRUE","FALSE","16.3131279548693","0.00465733137206194","16.3084706234972","3.283","0.108","0.331","1,2,3,4,5,6,7,8,9,10,11,12,13,14,15,16,17",0.000185578693717447,TRUE,0,0,17,0,17,0,1
"S.EB.b",76,300,0.33,"TRUE","TRUE","FALSE","17.1711549589391","0.00719967517901347","17.16395528376","2.989","0.102","0.32","1,2,3,4,5,6,7,8,9,10,11,12,13,14,15,16,17",0.00020154252895132,TRUE,0,0,17,0,17,0,1
"S.EB.b",77,300,0.33,"TRUE","TRUE","FALSE","16.947705498463","0.0114370415950604","16.9362684568679","3.845","0.117","0.365","1,2,3,4,5,6,7,8,9,10,11,12,13,14,15,16,17,57",0.000483929635919298,FALSE,1,0,18,1,17,0.0555555555555556,1
"S.EB.b",78,300,0.33,"TRUE","TRUE","FALSE","17.1627642692509","0.00475685719565201","17.1580074120552","3.106","0.113","0.309","1,2,3,4,5,6,7,8,9,10,11,12,13,14,15,16,17",0.000172667940909301,TRUE,0,0,17,0,17,0,1
"S.EB.b",79,300,0.33,"TRUE","TRUE","FALSE","16.0910187259937","0.00440058659077119","16.0866181394029","3.422","0.107","0.313","1,2,3,4,5,6,7,8,9,10,11,12,13,14,15,16,17,113",0.000401443442931489,FALSE,1,0,18,1,17,0.0555555555555556,1
"S.EB.b",8,300,0.33,"TRUE","TRUE","FALSE","17.170110596186","0.00448539459249653","17.1656252015935","2.926","0.11","0.329","1,2,3,4,5,6,7,8,9,10,11,12,13,14,15,16,17",0.000317817572760037,TRUE,0,0,17,0,17,0,1
"S.EB.b",80,300,0.33,"TRUE","TRUE","FALSE","17.2522065076651","0.00652552469387425","17.2456809829712","3.431","0.122","0.348","1,2,3,4,5,6,7,8,9,10,11,12,13,14,15,16,17,444",0.000516203081375425,FALSE,1,0,18,1,17,0.0555555555555556,1
"S.EB.b",81,300,0.33,"TRUE","TRUE","FALSE","16.8130795172477","0.00926569321442564","16.8038138240333","3.722","0.116","0.328","1,2,3,4,5,6,7,8,9,10,11,12,13,14,15,16,17,88",0.000469631173612527,FALSE,1,0,18,1,17,0.0555555555555556,1
"S.EB.b",82,300,0.33,"TRUE","TRUE","FALSE","15.8514359289538","0.00376871070835483","15.8476672182454","4.013","0.1","0.308","1,2,3,4,5,6,8,9,10,11,12,13,14,15,16,17,49,335",0.00104186027841705,FALSE,2,1,18,2,16,0.111111111111111,0.941176470588235
"S.EB.b",83,300,0.33,"TRUE","TRUE","FALSE","15.5393437632225","0.00469665426460247","15.5346471089579","3.682","0.105","0.295","1,2,3,4,5,6,8,9,10,11,12,13,14,15,16,17",0.000605439612236812,FALSE,0,1,16,0,16,0,0.941176470588235
"S.EB.b",84,300,0.33,"TRUE","TRUE","FALSE","17.2062335533971","0.00380857861785642","17.2024249747792","3.29","0.104","0.329","1,2,3,4,5,6,7,8,9,10,11,12,13,14,15,16,17,378",0.000338862433771495,FALSE,1,0,18,1,17,0.0555555555555556,1
"S.EB.b",85,300,0.33,"TRUE","TRUE","FALSE","16.302605543022","0.00606135871322391","16.2965441843088","3.161","0.111","0.378","1,2,3,4,5,6,7,8,9,10,11,12,13,14,15,16,17",0.000402651180919285,TRUE,0,0,17,0,17,0,1
"S.EB.b",86,300,0.33,"TRUE","TRUE","FALSE","16.8755001841231","0.00344506101566228","16.8720551231074","3.028","0.097","0.298","1,2,3,4,5,6,7,8,9,10,11,12,13,14,15,16,17",0.000270765352792408,TRUE,0,0,17,0,17,0,1
"S.EB.b",87,300,0.33,"TRUE","TRUE","FALSE","17.0841985636306","0.00380174463285428","17.0803968189978","3.138","0.104","0.306","1,2,3,4,5,6,7,8,9,10,11,12,13,14,15,16,17",0.000104846236153921,TRUE,0,0,17,0,17,0,1
"S.EB.b",88,300,0.33,"TRUE","TRUE","FALSE","17.3442837332833","0.0132148712661655","17.3310688620172","3.654","0.117","0.342","1,2,3,4,5,6,7,8,9,10,11,12,13,14,15,16,17,349",0.000365824769440236,FALSE,1,0,18,1,17,0.0555555555555556,1
"S.EB.b",89,300,0.33,"TRUE","TRUE","FALSE","16.7989662424881","0.00375826451675405","16.7952079779713","3.566","0.113","0.339","1,2,3,4,5,6,7,8,9,10,11,12,13,14,15,16,17",0.000203283444403428,TRUE,0,0,17,0,17,0,1
"S.EB.b",9,300,0.33,"TRUE","TRUE","FALSE","16.3131781513844","0.00577485860824309","16.3074032927762","3.606","0.116","0.362","1,2,3,4,5,6,8,9,10,11,12,13,14,15,16,17",0.000649319780994295,FALSE,0,1,16,0,16,0,0.941176470588235
"S.EB.b",90,300,0.33,"TRUE","TRUE","FALSE","17.0965403115627","0.0165476837460984","17.0799926278166","3.024","0.114","0.328","1,2,3,4,5,6,7,8,9,10,11,12,13,14,15,16,17",0.000282503908097366,TRUE,0,0,17,0,17,0,1
"S.EB.b",91,300,0.33,"TRUE","TRUE","FALSE","17.2342193211959","0.0040210669848076","17.230198254211","3.224","0.1","0.307","1,2,3,4,5,6,7,8,9,10,11,12,13,14,15,16,17,381",0.000341141587618462,FALSE,1,0,18,1,17,0.0555555555555556,1
"S.EB.b",92,300,0.33,"TRUE","TRUE","FALSE","16.7878682507066","0.00612311751799545","16.7817451331886","3.62","0.114","0.374","1,2,3,4,5,6,7,8,9,10,11,12,13,14,15,16,17",0.000251300087904629,TRUE,0,0,17,0,17,0,1
"S.EB.b",93,300,0.33,"TRUE","TRUE","FALSE","17.2142447477421","0.00299010399058802","17.2112546437516","3.899","0.12","0.365","1,2,3,4,5,6,7,8,9,10,11,12,13,14,15,16,17",0.000124881884148099,TRUE,0,0,17,0,17,0,1
"S.EB.b",94,300,0.33,"TRUE","TRUE","FALSE","15.5106970976896","0.00394500179209268","15.5067520958975","3.611","0.105","0.297","1,2,3,4,5,6,7,9,10,11,12,13,14,15,16,17",0.000748186535307605,FALSE,0,1,16,0,16,0,0.941176470588235
"S.EB.b",95,300,0.33,"TRUE","TRUE","FALSE","16.1567994083643","0.00296622454903674","16.1538331838153","3.018","0.115","0.342","1,2,3,4,5,6,8,9,10,11,12,13,14,15,16,17",0.000614675490597898,FALSE,0,1,16,0,16,0,0.941176470588235
"S.EB.b",96,300,0.33,"TRUE","TRUE","FALSE","16.1891848179884","0.00515727062323928","16.1840275473652","4.409","0.113","0.353","1,2,3,4,5,6,7,8,10,11,12,13,14,15,16,17,258",0.000777852568322727,FALSE,1,1,17,1,16,0.0588235294117647,0.941176470588235
"S.EB.b",97,300,0.33,"TRUE","TRUE","FALSE","16.3710441948329","0.103362521752753","16.2676816730801","3.707","0.119","0.357","1,2,3,4,5,6,8,9,10,11,12,13,14,15,16,17",0.000621915174463018,FALSE,0,1,16,0,16,0,0.941176470588235
"S.EB.b",98,300,0.33,"TRUE","TRUE","FALSE","17.1650735456061","0.0050752033846588","17.1599983422214","3.027","0.111","0.349","1,2,3,4,5,6,7,8,9,10,11,12,13,14,15,16,17",0.00022861514420155,TRUE,0,0,17,0,17,0,1
"S.EB.b",99,300,0.33,"TRUE","TRUE","FALSE","17.1716632513286","0.00738369615485029","17.1642795551738","3.554","0.126","0.365","1,2,3,4,5,6,7,8,9,10,11,12,13,14,15,16,17",0.000156452651683836,TRUE,0,0,17,0,17,0,1
"scad.cv",1,300,0.33,"TRUE","TRUE","FALSE","17.1052026169054","0.00591091948484315","17.0992916974206","3.008","0.117","0.36","1,2,3,4,5,6,7,8,9,10,11,12,13,14,15,16,17",0.005689235155757,TRUE,0,0,17,0,17,0,1
"scad.cv",10,300,0.33,"TRUE","TRUE","FALSE","17.0938889039523","0.00579658949561494","17.0880923144567","3.085","0.107","0.332","1,2,3,4,5,6,8,9,10,11,12,13,14,15,16,17,112,149,379",0.00591552719848123,FALSE,3,1,19,3,16,0.157894736842105,0.941176470588235
"scad.cv",100,300,0.33,"TRUE","TRUE","FALSE","16.4042545741308","0.00317359060966691","16.4010809835211","3.441","0.11","0.34","1,2,3,4,5,6,8,9,10,11,12,13,14,15,16,17",0.00634633572565542,FALSE,0,1,16,0,16,0,0.941176470588235
"scad.cv",11,300,0.33,"TRUE","TRUE","FALSE","17.1069000620732","0.00504468841003592","17.1018553736631","2.993","0.113","0.385","1,2,3,4,5,6,8,9,10,11,12,13,14,15,16,17,36,426",0.00604798491985979,FALSE,2,1,18,2,16,0.111111111111111,0.941176470588235
"scad.cv",12,300,0.33,"TRUE","TRUE","FALSE","16.6239088246908","0.0975554719486716","16.5263533527421","5.497","0.12","0.357","1,2,3,4,5,6,8,10,11,12,13,14,15,16,17,293",0.00536264483321093,FALSE,1,2,16,1,15,0.0625,0.882352941176471
"scad.cv",13,300,0.33,"TRUE","TRUE","FALSE","16.0606218658202","0.00337729345132891","16.0572445723689","3.279","0.105","0.328","1,2,3,4,5,6,10,11,12,13,14,15,16,17",0.00664537206892583,FALSE,0,3,14,0,14,0,0.823529411764706
"scad.cv",14,300,0.33,"TRUE","TRUE","FALSE","17.1279466761639","0.00620842996703667","17.1217382461969","2.988","0.126","0.382","1,2,3,4,5,6,7,8,9,10,11,12,13,14,15,16,17,22,26,47,75,84,134,143,162,173,183,191,202,210,232,239,252,254,272,297,301,302,314,325,397,406,422,426,439,443,447",0.00170132616477085,FALSE,30,0,47,30,17,0.638297872340426,1
"scad.cv",15,300,0.33,"TRUE","TRUE","FALSE","16.153449359098","0.00312080655750013","16.1503285525405","3.382","0.11","0.326","1,2,3,4,5,6,7,8,10,11,12,13,14,15,16,17",0.00501702743462487,FALSE,0,1,16,0,16,0,0.941176470588235
"scad.cv",16,300,0.33,"TRUE","TRUE","FALSE","16.8437815286594","0.00562769239982813","16.8381538362596","3.281","0.115","0.343","1,2,3,4,5,6,8,9,10,11,12,13,14,15,16,17",0.00593680278470535,FALSE,0,1,16,0,16,0,0.941176470588235
"scad.cv",17,300,0.33,"TRUE","TRUE","FALSE","16.13493461291","0.00409685783854739","16.1308377550715","3.107","0.111","0.316","1,2,3,4,5,6,7,8,10,11,12,13,14,15,16,17",0.00548148187847172,FALSE,0,1,16,0,16,0,0.941176470588235
"scad.cv",18,300,0.33,"TRUE","TRUE","FALSE","17.1660942011458","0.00368486140915729","17.1624093397366","3.082","0.114","0.462","1,2,3,4,5,6,7,8,9,10,11,12,13,14,15,16,17,149,163",0.00653166927746544,FALSE,2,0,19,2,17,0.105263157894737,1
"scad.cv",19,300,0.33,"TRUE","TRUE","FALSE","16.9276552055102","0.00317288262207104","16.9244823228881","3.283","0.099","0.326","1,2,3,4,5,6,7,9,10,11,12,13,14,15,16,17",0.00609252635758182,FALSE,0,1,16,0,16,0,0.941176470588235
"scad.cv",2,300,0.33,"TRUE","TRUE","FALSE","16.2624320636738","0.00551191612364854","16.2569201475502","4.208","0.111","0.351","1,2,3,4,5,6,8,10,11,12,13,14,15,16,17,36",0.00468841603260354,FALSE,1,2,16,1,15,0.0625,0.882352941176471
"scad.cv",20,300,0.33,"TRUE","TRUE","FALSE","17.2214838248348","0.00465958744629067","17.2168242373885","3.277","0.11","0.331","1,2,3,4,5,6,8,9,10,11,12,13,14,15,16,17,37,137,220,251",0.00486695957825962,FALSE,4,1,20,4,16,0.2,0.941176470588235
"scad.cv",21,300,0.33,"TRUE","TRUE","FALSE","17.3075338755409","0.00943832501203404","17.2980955505289","3.326","0.113","0.351","1,2,3,4,5,6,7,8,9,10,11,12,13,14,15,16,17,137",0.00488880336390649,FALSE,1,0,18,1,17,0.0555555555555556,1
"scad.cv",22,300,0.33,"TRUE","TRUE","FALSE","15.2562737336186","0.00416825535837106","15.2521054782602","4.039","0.126","0.349","1,2,3,4,5,6,10,11,12,13,14,15,16,17",0.00355602206113792,FALSE,0,3,14,0,14,0,0.823529411764706
"scad.cv",23,300,0.33,"TRUE","TRUE","FALSE","16.2414132997027","0.00452179490298481","16.2368915047997","3.635","0.11","0.326","1,2,3,4,5,6,8,10,11,12,13,14,15,16,17",0.00542667183417753,FALSE,0,2,15,0,15,0,0.882352941176471
"scad.cv",24,300,0.33,"TRUE","TRUE","FALSE","16.1051861017938","0.00420244998832697","16.1009836518055","2.877","0.109","0.326","1,2,3,4,5,6,7,8,10,11,12,13,14,15,16,17,137",0.00558406517589286,FALSE,1,1,17,1,16,0.0588235294117647,0.941176470588235
"scad.cv",25,300,0.33,"TRUE","TRUE","FALSE","15.8570594772513","0.00375230103409188","15.8533071762172","3.566","0.107","0.307","1,3,4,5,6,10,11,12,13,14,15,16,17",0.00565710728083927,FALSE,0,4,13,0,13,0,0.764705882352941
"scad.cv",26,300,0.33,"TRUE","TRUE","FALSE","17.2361840481819","0.00329753953530833","17.2328865086466","3.7","0.105","0.343","1,2,3,4,5,6,7,8,9,10,11,12,13,14,15,16,17,137,332",0.00681691969373031,FALSE,2,0,19,2,17,0.105263157894737,1
"scad.cv",27,300,0.33,"TRUE","TRUE","FALSE","16.7564651241794","0.0274912932950084","16.7289738308844","3.442","0.107","0.317","1,2,3,4,5,6,8,10,11,12,13,14,15,16,17,18",0.0066999906686534,FALSE,1,2,16,1,15,0.0625,0.882352941176471
"scad.cv",28,300,0.33,"TRUE","TRUE","FALSE","17.1148566052738","0.00436059739117195","17.1104960078826","3.002","0.102","0.343","1,2,3,4,5,6,8,9,10,11,12,13,14,15,16,17,167",0.00617725253444037,FALSE,1,1,17,1,16,0.0588235294117647,0.941176470588235
"scad.cv",29,300,0.33,"TRUE","TRUE","FALSE","17.099999230228","0.00590886629727178","17.0940903639307","3.035","0.114","0.336","1,2,3,4,5,6,8,9,10,11,12,13,14,15,16,17,149",0.00533910635784083,FALSE,1,1,17,1,16,0.0588235294117647,0.941176470588235
"scad.cv",3,300,0.33,"TRUE","TRUE","FALSE","15.4581402784038","0.00337491227136331","15.4547653661325","3.579","0.107","0.332","1,2,3,4,5,6,10,11,12,13,14,15,16,17,392",0.00485443067921176,FALSE,1,3,15,1,14,0.0666666666666667,0.823529411764706
"scad.cv",30,300,0.33,"FALSE","FALSE","FALSE","15.0374645314866","0.00446238007046644","15.0330021514161","4.095","0.131","0.383","1,3,4,5,6,8,10,11,12,13,14,15,16,17",0.0058705678147878,FALSE,0,3,14,0,14,0,0.823529411764706
"scad.cv",31,300,0.33,"TRUE","TRUE","FALSE","16.0940666189078","0.0175371446967818","16.076529474211","4.004","0.105","0.316","1,2,3,4,5,6,10,11,12,13,14,15,16,17",0.00524130984959314,FALSE,0,3,14,0,14,0,0.823529411764706
"scad.cv",32,300,0.33,"TRUE","TRUE","FALSE","16.8011843565271","0.00363369138777766","16.7975506651393","3.641","0.112","0.344","1,2,3,4,5,6,9,10,11,12,13,14,15,16,17,36,137",0.00434696760115263,FALSE,2,2,17,2,15,0.117647058823529,0.882352941176471
"scad.cv",33,300,0.33,"TRUE","TRUE","FALSE","15.3968457835721","0.0042603264735847","15.3925854570985","3.533","0.1","0.303","1,2,3,4,5,6,8,10,11,12,13,14,15,16,17",0.00503977595716006,FALSE,0,2,15,0,15,0,0.882352941176471
"scad.cv",34,300,0.33,"TRUE","TRUE","FALSE","16.4412286484918","0.0177012804289206","16.4235273680629","4.241","0.115","0.344","1,2,3,4,5,6,8,9,10,11,12,13,14,15,16,17,116",0.00487399161762296,FALSE,1,1,17,1,16,0.0588235294117647,0.941176470588235
"scad.cv",35,300,0.33,"TRUE","TRUE","FALSE","16.7895286736382","0.004038078619951","16.7854905950182","3.914","0.11","0.335","1,2,3,4,5,6,7,8,10,11,12,13,14,15,16,17,149",0.00631936616737918,FALSE,1,1,17,1,16,0.0588235294117647,0.941176470588235
"scad.cv",36,300,0.33,"TRUE","TRUE","FALSE","17.4237148958023","0.00742559847556915","17.4162892973268","3.617","0.111","0.311","1,2,3,4,5,6,7,8,9,10,11,12,13,14,15,16,17",0.00516948457484078,TRUE,0,0,17,0,17,0,1
"scad.cv",37,300,0.33,"TRUE","TRUE","FALSE","16.3109235337772","0.0039116396875293","16.3070118940897","3.961","0.106","0.339","1,2,3,4,5,6,8,9,10,11,12,13,14,15,16,17,392",0.00568130419610835,FALSE,1,1,17,1,16,0.0588235294117647,0.941176470588235
"scad.cv",38,300,0.33,"TRUE","TRUE","FALSE","17.215707588805","0.00439633563118239","17.2113112531739","3.444","0.116","0.361","1,2,3,4,5,6,10,11,12,13,14,15,16,17,137,217",0.00652675504252042,FALSE,2,3,16,2,14,0.125,0.823529411764706
"scad.cv",39,300,0.33,"TRUE","TRUE","FALSE","16.5209031328914","0.00762342279227454","16.5132797100991","3.785","0.115","0.327","1,2,3,4,5,6,8,10,11,12,13,14,15,16,17",0.00474969818204759,FALSE,0,2,15,0,15,0,0.882352941176471
"scad.cv",4,300,0.33,"TRUE","TRUE","FALSE","17.1075798173043","0.00742305957785323","17.1001567577265","3.351","0.108","0.341","1,2,3,4,5,6,8,9,10,11,12,13,14,15,16,17,149",0.00444868971902921,FALSE,1,1,17,1,16,0.0588235294117647,0.941176470588235
"scad.cv",40,300,0.33,"TRUE","TRUE","FALSE","17.1014191149638","0.00264246721036209","17.0987766477535","2.839","0.102","0.326","1,2,3,4,5,6,7,8,10,11,12,13,14,15,16,17,392",0.00604240510899965,FALSE,1,1,17,1,16,0.0588235294117647,0.941176470588235
"scad.cv",41,300,0.33,"TRUE","TRUE","FALSE","16.8843929290965","0.00303052181258921","16.8813624072839","3.695","0.109","0.331","1,2,3,4,5,6,8,9,10,11,12,13,14,15,16,17,137,255",0.00519161160341984,FALSE,2,1,18,2,16,0.111111111111111,0.941176470588235
"scad.cv",42,300,0.33,"TRUE","TRUE","FALSE","17.1570087346846","0.00564903569846996","17.1513596989861","2.913","0.098","0.312","1,2,3,4,5,6,7,8,9,10,11,12,13,14,15,16,17,116",0.00595183925978178,FALSE,1,0,18,1,17,0.0555555555555556,1
"scad.cv",43,300,0.33,"TRUE","TRUE","FALSE","16.6426957346315","0.00771604831268448","16.6349796863188","4.242","0.122","0.359","1,2,3,4,5,6,8,9,10,11,12,13,14,15,16,17,33,122,407",0.00601130015889855,FALSE,3,1,19,3,16,0.157894736842105,0.941176470588235
"scad.cv",44,300,0.33,"TRUE","TRUE","FALSE","16.0282729226329","0.0199104487999111","16.008362473833","3.286","0.109","0.331","1,2,3,4,5,6,9,10,11,12,13,14,15,16,17,332,379,389",0.00645405059065201,FALSE,3,2,18,3,15,0.166666666666667,0.882352941176471
"scad.cv",45,300,0.33,"TRUE","TRUE","FALSE","16.1073149310558","0.00815678404202205","16.0991581470138","4.115","0.114","0.379","1,2,3,4,5,6,8,9,10,11,12,13,14,15,16,17",0.00498225955610362,FALSE,0,1,16,0,16,0,0.941176470588235
"scad.cv",46,300,0.33,"TRUE","TRUE","FALSE","17.1722272022184","0.00862705449229579","17.1636001477261","3.012","0.113","0.351","1,2,3,4,5,6,7,8,9,10,11,12,13,14,15,16,17,137,217,419",0.00417873607591357,FALSE,3,0,20,3,17,0.15,1
"scad.cv",47,300,0.33,"TRUE","TRUE","FALSE","17.1315424520166","0.00362231231102705","17.1279201397056","2.865","0.105","0.344","1,2,3,4,5,6,8,9,10,11,12,13,14,15,16,17,137",0.005225355360621,FALSE,1,1,17,1,16,0.0588235294117647,0.941176470588235
"scad.cv",48,300,0.33,"TRUE","TRUE","FALSE","16.3194314595991","0.00464199632897668","16.3147894632702","3.218","0.112","0.322","1,2,3,4,5,6,8,10,11,12,13,14,15,16,17",0.00581362450720149,FALSE,0,2,15,0,15,0,0.882352941176471
"scad.cv",49,300,0.33,"TRUE","TRUE","FALSE","16.1750515534402","0.00943806061255235","16.1656134928277","4.231","0.121","0.385","1,2,3,4,5,6,8,10,11,12,13,14,15,16,17",0.00646424550066639,FALSE,0,2,15,0,15,0,0.882352941176471
"scad.cv",5,300,0.33,"TRUE","TRUE","FALSE","16.732346787277","0.00400844065896738","16.728338346618","3.612","0.161","0.473","1,2,3,4,5,6,7,9,10,11,12,13,14,15,16,17,149,317,340",0.0054559191460952,FALSE,3,1,19,3,16,0.157894736842105,0.941176470588235
"scad.cv",50,300,0.33,"TRUE","TRUE","FALSE","16.6248050679477","0.0293233930918826","16.5954816748559","4.098","0.102","0.278","1,2,3,4,5,6,8,9,10,11,12,13,14,15,16,17",0.0044413765827977,FALSE,0,1,16,0,16,0,0.941176470588235
"scad.cv",51,300,0.33,"TRUE","TRUE","FALSE","16.4417808441124","0.00390426198070113","16.4378765821317","3.237","0.108","0.308","1,2,3,4,5,6,8,9,10,11,12,13,14,15,16,17",0.0063136100029216,FALSE,0,1,16,0,16,0,0.941176470588235
"scad.cv",52,300,0.33,"TRUE","TRUE","FALSE","16.8658486130613","0.00742255757267216","16.8584260554886","3.67","0.121","0.372","1,2,3,4,5,6,8,9,10,11,12,13,14,15,16,17",0.00405989019763293,FALSE,0,1,16,0,16,0,0.941176470588235
"scad.cv",53,300,0.33,"TRUE","TRUE","FALSE","16.8096202998334","0.00424979787469879","16.8053705019587","3.26","0.107","0.331","1,2,3,4,5,6,8,10,11,12,13,14,15,16,17,244",0.0037232252453945,FALSE,1,2,16,1,15,0.0625,0.882352941176471
"scad.cv",54,300,0.33,"TRUE","TRUE","FALSE","17.1579360340139","0.0478277950803951","17.1101082389335","3.285","0.115","0.346","1,2,3,4,5,6,8,9,10,11,12,13,14,15,16,17,217",0.00543575219736633,FALSE,1,1,17,1,16,0.0588235294117647,0.941176470588235
"scad.cv",55,300,0.33,"TRUE","TRUE","FALSE","16.591672351303","0.00505791118642398","16.5866144401165","3.533","0.115","0.306","1,2,3,4,5,6,7,8,9,10,11,12,13,14,15,16,17",0.00366768340783912,TRUE,0,0,17,0,17,0,1
"scad.cv",56,300,0.33,"TRUE","TRUE","FALSE","16.4468444783963","0.00543309016543942","16.4414113882309","3.656","0.11","0.314","1,2,3,4,5,6,7,9,10,11,12,13,14,15,16,17",0.00606489525974279,FALSE,0,1,16,0,16,0,0.941176470588235
"scad.cv",57,300,0.33,"TRUE","TRUE","FALSE","17.1348397228729","0.0176681045582525","17.1171716183146","3.23","0.111","0.325","1,2,3,4,5,6,8,10,11,12,13,14,15,16,17,379",0.00645279848666333,FALSE,1,2,16,1,15,0.0625,0.882352941176471
"scad.cv",58,300,0.33,"TRUE","TRUE","FALSE","16.6971146013646","0.00413174549771885","16.6929828558669","3.569","0.119","0.296","1,2,3,4,5,6,7,8,10,11,12,13,14,15,16,17",0.00377065247160609,FALSE,0,1,16,0,16,0,0.941176470588235
"scad.cv",59,300,0.33,"TRUE","TRUE","FALSE","16.2852804773672","0.00907849443868375","16.2762019829285","3.245","0.106","0.33","1,2,3,4,5,6,9,10,11,12,13,14,15,16,17,137",0.00618827676539988,FALSE,1,2,16,1,15,0.0625,0.882352941176471
"scad.cv",6,300,0.33,"TRUE","TRUE","FALSE","16.1445784204548","0.00423495978573094","16.140343460669","3.31","0.118","0.353","1,2,3,4,5,6,9,10,11,12,13,14,15,16,17,149,176,217,392",0.00633500972795273,FALSE,4,2,19,4,15,0.210526315789474,0.882352941176471
"scad.cv",60,300,0.33,"TRUE","TRUE","FALSE","17.0630804064994","0.00560903544984946","17.0574713710496","3.181","0.118","0.372","1,2,3,4,5,6,7,8,9,10,11,12,13,14,15,16,17,251,322,450",0.00560891121227052,FALSE,3,0,20,3,17,0.15,1
"scad.cv",61,300,0.33,"TRUE","TRUE","FALSE","16.7569814380677","0.00553488175603696","16.7514465563117","3.883","0.115","0.343","1,2,3,4,5,6,7,8,10,11,12,13,14,15,16,17",0.00604342730658382,FALSE,0,1,16,0,16,0,0.941176470588235
"scad.cv",62,300,0.33,"TRUE","TRUE","FALSE","15.9266351095654","0.00596813572363066","15.9206669738418","4.495","0.126","0.351","1,2,3,4,5,6,8,10,11,12,13,14,15,16,17",0.00473368686577304,FALSE,0,2,15,0,15,0,0.882352941176471
"scad.cv",63,300,0.33,"TRUE","TRUE","FALSE","17.1355079513531","0.00424147840401149","17.1312664729491","3.029","0.104","0.305","1,2,3,4,5,6,8,9,10,11,12,13,14,15,16,17,194,379",0.0045045536224453,FALSE,2,1,18,2,16,0.111111111111111,0.941176470588235
"scad.cv",64,300,0.33,"TRUE","TRUE","FALSE","16.4107217988764","0.0096490729812955","16.4010727258951","4.093","0.124","0.521","1,2,3,4,5,6,9,10,11,12,13,14,15,16,17",0.00463141089024776,FALSE,0,2,15,0,15,0,0.882352941176471
"scad.cv",65,300,0.33,"TRUE","TRUE","FALSE","17.1754586154308","0.0307912312056027","17.1446673842252","3.081","0.108","0.332","1,2,3,4,5,6,7,8,9,10,11,12,13,14,15,16,17,332",0.00625848016420639,FALSE,1,0,18,1,17,0.0555555555555556,1
"scad.cv",66,300,0.33,"TRUE","TRUE","FALSE","17.1011460919022","0.00692664837069784","17.0942194435315","3.337","0.105","0.345","1,2,3,4,5,6,8,9,10,11,12,13,14,15,16,17,234",0.00547862944592644,FALSE,1,1,17,1,16,0.0588235294117647,0.941176470588235
"scad.cv",67,300,0.33,"TRUE","TRUE","FALSE","15.6475135529828","0.00464238229652024","15.6428711706863","4.074","0.117","0.358","1,2,3,4,5,6,10,11,12,13,14,15,16,17,221",0.00758226956524777,FALSE,1,3,15,1,14,0.0666666666666667,0.823529411764706
"scad.cv",68,300,0.33,"TRUE","TRUE","FALSE","16.3287140334086","0.00417619328619141","16.3245378401224","3.839","0.118","0.356","1,2,3,4,5,6,8,10,11,12,13,14,15,16,17,466",0.00443714591015667,FALSE,1,2,16,1,15,0.0625,0.882352941176471
"scad.cv",69,300,0.33,"TRUE","TRUE","FALSE","16.3669103466169","0.00458334394349835","16.3623270026734","3.352","0.116","0.345","1,2,3,4,5,6,8,9,10,11,12,13,14,15,16,17",0.00492648844744136,FALSE,0,1,16,0,16,0,0.941176470588235
"scad.cv",7,300,0.33,"TRUE","TRUE","FALSE","15.9815665210166","0.00341530453131804","15.9781512164853","3.932","0.111","0.328","1,2,3,4,5,6,9,10,11,12,13,14,15,16,17,174,221,346",0.00627531927728726,FALSE,3,2,18,3,15,0.166666666666667,0.882352941176471
"scad.cv",70,300,0.33,"TRUE","TRUE","FALSE","17.0689152415015","0.00346795465572268","17.0654472868458","3.409","0.105","0.309","1,2,3,4,5,6,8,10,11,12,13,14,15,16,17,137,255",0.00634511782474551,FALSE,2,2,17,2,15,0.117647058823529,0.882352941176471
"scad.cv",71,300,0.33,"TRUE","TRUE","FALSE","17.2279763403816","0.0386750534894809","17.1893012868921","3.246","0.122","0.336","1,2,3,4,5,6,7,8,9,10,11,12,13,14,15,16,17,221,357",0.00669324232776596,FALSE,2,0,19,2,17,0.105263157894737,1
"scad.cv",72,300,0.33,"TRUE","TRUE","FALSE","16.2881717957363","0.00342480008512918","16.2847469956512","3.908","0.116","0.354","1,2,3,4,5,6,9,10,11,12,13,14,15,16,17,149,340",0.00707785434177303,FALSE,2,2,17,2,15,0.117647058823529,0.882352941176471
"scad.cv",73,300,0.33,"TRUE","TRUE","FALSE","17.1577933249717","0.00258279499473594","17.155210529977","2.989","0.1","0.327","1,2,3,4,5,6,7,8,9,10,11,12,13,14,15,16,17,182",0.00614655416860598,FALSE,1,0,18,1,17,0.0555555555555556,1
"scad.cv",74,300,0.33,"TRUE","TRUE","FALSE","16.2191165526886","0.00412167626940185","16.2149948764192","3.089","0.112","0.322","1,2,3,4,5,6,8,9,10,11,12,13,14,15,16,17,251,365,383",0.00722405053885742,FALSE,3,1,19,3,16,0.157894736842105,0.941176470588235
"scad.cv",75,300,0.33,"TRUE","TRUE","FALSE","16.3131279548693","0.00465733137206194","16.3084706234972","3.283","0.108","0.331","1,2,3,4,5,6,8,10,11,12,13,14,15,16,17",0.00534247620416044,FALSE,0,2,15,0,15,0,0.882352941176471
"scad.cv",76,300,0.33,"TRUE","TRUE","FALSE","17.1711549589391","0.00719967517901347","17.16395528376","2.989","0.102","0.32","1,2,3,4,5,6,8,9,10,11,12,13,14,15,16,17,210",0.00570360542486506,FALSE,1,1,17,1,16,0.0588235294117647,0.941176470588235
"scad.cv",77,300,0.33,"TRUE","TRUE","FALSE","16.947705498463","0.0114370415950604","16.9362684568679","3.845","0.117","0.365","1,2,3,4,5,6,7,8,9,10,11,12,13,14,15,16,17,36,57,149,178,392",0.00717213875990829,FALSE,5,0,22,5,17,0.227272727272727,1
"scad.cv",78,300,0.33,"TRUE","TRUE","FALSE","17.1627642692509","0.00475685719565201","17.1580074120552","3.106","0.113","0.309","1,2,3,4,5,6,8,10,11,12,13,14,15,16,17,60",0.00465331597757303,FALSE,1,2,16,1,15,0.0625,0.882352941176471
"scad.cv",79,300,0.33,"TRUE","TRUE","FALSE","16.0910187259937","0.00440058659077119","16.0866181394029","3.422","0.107","0.313","1,2,3,4,5,6,8,10,11,12,13,14,15,16,17",0.00514860931186185,FALSE,0,2,15,0,15,0,0.882352941176471
"scad.cv",8,300,0.33,"TRUE","TRUE","FALSE","17.170110596186","0.00448539459249653","17.1656252015935","2.926","0.11","0.329","1,2,3,4,5,6,7,8,9,10,11,12,13,14,15,16,17",0.0043683100020632,TRUE,0,0,17,0,17,0,1
"scad.cv",80,300,0.33,"TRUE","TRUE","FALSE","17.2522065076651","0.00652552469387425","17.2456809829712","3.431","0.122","0.348","1,2,3,4,5,6,7,8,10,11,12,13,14,15,16,17,137,191,376",0.0060528767993426,FALSE,3,1,19,3,16,0.157894736842105,0.941176470588235
"scad.cv",81,300,0.33,"TRUE","TRUE","FALSE","16.8130795172477","0.00926569321442564","16.8038138240333","3.722","0.116","0.328","1,2,3,4,5,6,8,9,10,11,12,13,14,15,16,17,48,137,149",0.00651450449103246,FALSE,3,1,19,3,16,0.157894736842105,0.941176470588235
"scad.cv",82,300,0.33,"TRUE","TRUE","FALSE","15.8514359289538","0.00376871070835483","15.8476672182454","4.013","0.1","0.308","1,2,3,4,5,6,8,10,11,12,13,14,15,16,17",0.00498179517952489,FALSE,0,2,15,0,15,0,0.882352941176471
"scad.cv",83,300,0.33,"TRUE","TRUE","FALSE","15.5393437632225","0.00469665426460247","15.5346471089579","3.682","0.105","0.295","1,2,3,4,5,6,8,10,11,12,13,14,15,16,17",0.00527450684634905,FALSE,0,2,15,0,15,0,0.882352941176471
"scad.cv",84,300,0.33,"TRUE","TRUE","FALSE","17.2062335533971","0.00380857861785642","17.2024249747792","3.29","0.104","0.329","1,2,3,4,5,6,7,8,9,10,11,12,13,14,15,16,17,137",0.00673696961497432,FALSE,1,0,18,1,17,0.0555555555555556,1
"scad.cv",85,300,0.33,"TRUE","TRUE","FALSE","16.302605543022","0.00606135871322391","16.2965441843088","3.161","0.111","0.378","1,2,3,4,5,6,7,9,10,11,12,13,14,15,16,17,340",0.00467368648629853,FALSE,1,1,17,1,16,0.0588235294117647,0.941176470588235
"scad.cv",86,300,0.33,"TRUE","TRUE","FALSE","16.8755001841231","0.00344506101566228","16.8720551231074","3.028","0.097","0.298","1,2,3,4,5,6,9,10,11,12,13,14,15,16,17",0.00687526698651459,FALSE,0,2,15,0,15,0,0.882352941176471
"scad.cv",87,300,0.33,"TRUE","TRUE","FALSE","17.0841985636306","0.00380174463285428","17.0803968189978","3.138","0.104","0.306","1,2,3,4,5,6,8,10,11,12,13,14,15,16,17",0.00428719473508365,FALSE,0,2,15,0,15,0,0.882352941176471
"scad.cv",88,300,0.33,"TRUE","TRUE","FALSE","17.3442837332833","0.0132148712661655","17.3310688620172","3.654","0.117","0.342","1,2,3,4,5,6,8,9,10,11,12,13,14,15,16,17,48,137,149,217,355,379,433",0.00508941258311124,FALSE,7,1,23,7,16,0.304347826086957,0.941176470588235
"scad.cv",89,300,0.33,"TRUE","TRUE","FALSE","16.7989662424881","0.00375826451675405","16.7952079779713","3.566","0.113","0.339","1,2,3,4,5,6,10,11,12,13,14,15,16,17",0.00571179879324622,FALSE,0,3,14,0,14,0,0.823529411764706
"scad.cv",9,300,0.33,"TRUE","TRUE","FALSE","16.3131781513844","0.00577485860824309","16.3074032927762","3.606","0.116","0.362","1,2,3,4,5,6,8,9,10,11,12,13,14,15,16,17,168,221,234",0.00601965062028355,FALSE,3,1,19,3,16,0.157894736842105,0.941176470588235
"scad.cv",90,300,0.33,"TRUE","TRUE","FALSE","17.0965403115627","0.0165476837460984","17.0799926278166","3.024","0.114","0.328","1,2,3,4,5,6,8,9,10,11,12,13,14,15,16,17",0.0058326430869343,FALSE,0,1,16,0,16,0,0.941176470588235
"scad.cv",91,300,0.33,"TRUE","TRUE","FALSE","17.2342193211959","0.0040210669848076","17.230198254211","3.224","0.1","0.307","1,2,3,4,5,6,7,8,9,10,11,12,13,14,15,16,17",0.00502331869207882,TRUE,0,0,17,0,17,0,1
"scad.cv",92,300,0.33,"TRUE","TRUE","FALSE","16.7878682507066","0.00612311751799545","16.7817451331886","3.62","0.114","0.374","1,2,3,4,5,6,8,9,10,11,12,13,14,15,16,17,146,299",0.00630030977931613,FALSE,2,1,18,2,16,0.111111111111111,0.941176470588235
"scad.cv",93,300,0.33,"TRUE","TRUE","FALSE","17.2142447477421","0.00299010399058802","17.2112546437516","3.899","0.12","0.365","1,2,3,4,5,6,8,9,10,11,12,13,14,15,16,17",0.00409945950417301,FALSE,0,1,16,0,16,0,0.941176470588235
"scad.cv",94,300,0.33,"TRUE","TRUE","FALSE","15.5106970976896","0.00394500179209268","15.5067520958975","3.611","0.105","0.297","1,2,3,4,5,6,9,10,11,12,13,14,15,16,17",0.00708571063063616,FALSE,0,2,15,0,15,0,0.882352941176471
"scad.cv",95,300,0.33,"TRUE","TRUE","FALSE","16.1567994083643","0.00296622454903674","16.1538331838153","3.018","0.115","0.342","1,2,3,4,5,6,8,9,10,11,12,13,14,15,16,17,251",0.00491961682960407,FALSE,1,1,17,1,16,0.0588235294117647,0.941176470588235
"scad.cv",96,300,0.33,"TRUE","TRUE","FALSE","16.1891848179884","0.00515727062323928","16.1840275473652","4.409","0.113","0.353","1,2,3,4,5,6,10,11,12,13,14,15,16,17,258",0.00475426823683967,FALSE,1,3,15,1,14,0.0666666666666667,0.823529411764706
"scad.cv",97,300,0.33,"TRUE","TRUE","FALSE","16.3710441948329","0.103362521752753","16.2676816730801","3.707","0.119","0.357","1,2,3,4,5,6,8,9,10,11,12,13,14,15,16,17,137,231,248,308,346",0.0055398730490465,FALSE,5,1,21,5,16,0.238095238095238,0.941176470588235
"scad.cv",98,300,0.33,"TRUE","TRUE","FALSE","17.1650735456061","0.0050752033846588","17.1599983422214","3.027","0.111","0.349","1,2,3,4,5,6,7,8,9,10,11,12,13,14,15,16,17,137,217,242",0.00542871846932085,FALSE,3,0,20,3,17,0.15,1
"scad.cv",99,300,0.33,"TRUE","TRUE","FALSE","17.1716632513286","0.00738369615485029","17.1642795551738","3.554","0.126","0.365","1,2,3,4,5,6,8,9,10,11,12,13,14,15,16,17,221",0.00534160926568986,FALSE,1,1,17,1,16,0.0588235294117647,0.941176470588235
