"method","sim","n","betamin","is.true.model.intop.kappa.o","is.true.model.intop.kappa.oplusLASSO","is.s.hat.nan","s.hat","s0.hat","s1.hat","time.l0","time.lasso.cv","time.scad.cv","sel.model","est.mse","recovery","nb.tI","nb.tII","est.size","FP","TP","FDR","power"
"EBIC",1,60,0.33,"FALSE","FALSE","FALSE","7.68922014936485","4.98743848061308","2.70178166875177","0.574","0.035","0.031","1,2,3,4,5,6,9,10,11,12",0.00713355871682619,FALSE,0,2,10,0,10,0,0.833333333333333
"EBIC",10,60,0.33,"FALSE","FALSE","FALSE","6.81906764327463","4.11123778260381","2.70782986067082","0.559","0.032","0.028","1,2,3,4,5,6,10,11,12",0.00946140954529442,FALSE,0,3,9,0,9,0,0.75
"EBIC",100,60,0.33,"FALSE","FALSE","FALSE","7.94134491333354","4.19237539422955","3.74896951910399","0.557","0.035","0.03","1,3,5,6,7,8,10,11,12,14,66,71,81,83",0.0332757930150593,FALSE,5,3,14,5,9,0.357142857142857,0.75
"EBIC",11,60,0.33,"FALSE","FALSE","FALSE","7.01100311899139","5.19042859233904","1.82057452665235","0.445","0.033","0.029","1,3,5,6,8,10,12,14,28,49",0.0391611579949372,FALSE,3,5,10,3,7,0.3,0.583333333333333
"EBIC",12,60,0.33,"FALSE","FALSE","FALSE","6.9335489110909","3.72551907830594","3.20802983278495","0.999","0.041","0.033","8,10,14,20,30,49,59,72,100",0.133441409058966,FALSE,7,10,9,7,2,0.777777777777778,0.166666666666667
"EBIC",13,60,0.33,"FALSE","FALSE","FALSE","7.50194670440047","3.92526503802579","3.57668166637469","0.609","0.036","0.029","2,5,6,10,11,12,30,72,99,102",0.0445075428748324,FALSE,4,6,10,4,6,0.4,0.5
"EBIC",14,60,0.33,"FALSE","FALSE","FALSE","8.30501182945556","4.27310732418778","4.03190450526777","0.525","0.034","0.029","1,3,5,6,10,11,12,70,79,91",0.0329062222068197,FALSE,3,5,10,3,7,0.3,0.583333333333333
"EBIC",15,60,0.33,"FALSE","FALSE","FALSE","6.92936673020583","5.14630087382392","1.78306585638191","0.413","0.032","0.034","1,3,5,6,10,12,14,17,60,75,100",0.0518114178080984,FALSE,5,6,11,5,6,0.454545454545455,0.5
"EBIC",16,60,0.33,"FALSE","FALSE","FALSE","6.95725970217814","5.16929877036627","1.78796093181188","0.425","0.033","0.029","1,3,5,6,8,10,12,14,36",0.0314487717881559,FALSE,2,5,9,2,7,0.222222222222222,0.583333333333333
"EBIC",17,60,0.33,"FALSE","FALSE","FALSE","6.7096564684374","3.19983573039856","3.50982073803883","0.324","0.033","0.027","1,2,3,5,6,10,11,12",0.0201954509064488,FALSE,0,4,8,0,8,0,0.666666666666667
"EBIC",18,60,0.33,"FALSE","FALSE","FALSE","6.95954449152822","2.77279917055513","4.18674532097309","0.744","0.035","0.03","5,10,11,12,14,29,49,54,77,102",0.0780580548751804,FALSE,6,8,10,6,4,0.6,0.333333333333333
"EBIC",19,60,0.33,"FALSE","FALSE","FALSE","6.31953416332954","2.24113318300771","4.07840098032183","0.611","0.038","0.033","1,2,3,4,5,6,10,11,12",0.00926858608982993,FALSE,0,3,9,0,9,0,0.75
"EBIC",2,60,0.33,"FALSE","FALSE","FALSE","7.18599887300466","3.90567360484741","3.28032526815725","0.506","0.035","0.028","3,4,5,6,7,10,12,53",0.0305119851192716,FALSE,1,5,8,1,7,0.125,0.583333333333333
"EBIC",20,60,0.33,"FALSE","FALSE","FALSE","6.69320455079162","5.02233471779025","1.67086983300137","0.457","0.034","0.028","1,3,5,6,8,10,12,14",0.0291580777042752,FALSE,1,5,8,1,7,0.125,0.583333333333333
"EBIC",21,60,0.33,"FALSE","FALSE","FALSE","7.44802286739135","3.83415642841776","3.61386643897359","0.654","0.035","0.03","1,3,5,6,9,10,11,12,39,50,52,92,101",0.0412581126514684,FALSE,5,4,13,5,8,0.384615384615385,0.666666666666667
"EBIC",22,60,0.33,"FALSE","FALSE","FALSE","6.97302892096946","3.88711676215891","3.08591215881056","0.49","0.035","0.029","1,2,3,5,6,10,11,12,67,70",0.022182483724408,FALSE,2,4,10,2,8,0.2,0.666666666666667
"EBIC",23,60,0.33,"FALSE","FALSE","FALSE","6.66256250878901","3.39439909541856","3.26816341337046","0.716","0.035","0.031","1,2,4,6,9,10,11,12,30,49",0.0358137474104641,FALSE,2,4,10,2,8,0.2,0.666666666666667
"EBIC",24,60,0.33,"FALSE","FALSE","FALSE","5.98884301434904","3.11413429580614","2.8747087185429","0.838","0.036","0.031","3,4,7,9,11,12,18,22,49",0.0718975241555981,FALSE,3,6,9,3,6,0.333333333333333,0.5
"EBIC",25,60,0.33,"FALSE","FALSE","FALSE","8.41044128489778","5.80649676201225","2.60394452288553","0.399","0.032","0.028","1,2,5,6,10,11,12,24,30,31,70,94,99",0.0450255992227504,FALSE,6,5,13,6,7,0.461538461538462,0.583333333333333
"EBIC",26,60,0.33,"FALSE","FALSE","FALSE","7.02029940096678","4.05007347711261","2.97022592385416","0.532","0.035","0.032","1,3,5,6,10,11,12",0.0231833607720531,FALSE,0,5,7,0,7,0,0.583333333333333
"EBIC",27,60,0.33,"FALSE","FALSE","FALSE","8.62943254676745","3.16088172486123","5.46855082190623","0.747","0.04","0.032","2,3,6,8,12,15,42,54,74,76,90",0.101483504829512,FALSE,6,7,11,6,5,0.545454545454545,0.416666666666667
"EBIC",28,60,0.33,"FALSE","FALSE","FALSE","7.29723542252072","3.29713882021287","4.00009660230785","0.62","0.034","0.035","6,10,11,29,30,85,102",0.104380505385642,FALSE,4,9,7,4,3,0.571428571428571,0.25
"EBIC",29,60,0.33,"FALSE","FALSE","FALSE","7.77485758488408","4.44499370509018","3.3298638797939","0.663","0.039","0.039","1,2,4,6,8,9,10,11,12,44,64,69",0.0340165919936143,FALSE,3,3,12,3,9,0.25,0.75
"EBIC",3,60,0.33,"FALSE","FALSE","FALSE","5.92217504413645","4.68203165142776","1.24014339270869","0.455","0.034","0.025","1,3,5,6,10,11,12,15,23,34",0.0402860716641783,FALSE,3,5,10,3,7,0.3,0.583333333333333
"EBIC",30,60,0.33,"FALSE","FALSE","FALSE","7.31881731287337","4.62739632228984","2.69142099058353","0.641","0.033","0.028","1,2,4,5,6,10,11,12,13,57,79",0.0231205828780735,FALSE,3,4,11,3,8,0.272727272727273,0.666666666666667
"EBIC",31,60,0.33,"FALSE","FALSE","FALSE","7.90101944035378","3.37724372711177","4.52377571324201","0.918","0.034","0.036","1,5,6,8,10,11,12,14,27,84",0.0379512416839168,FALSE,3,5,10,3,7,0.3,0.583333333333333
"EBIC",32,60,0.33,"FALSE","FALSE","FALSE","6.0833742322156","2.93375096227851","3.14962326993709","0.514","0.036","0.034","2,4,10,11,30,34,100",0.0995136373334738,FALSE,3,8,7,3,4,0.428571428571429,0.333333333333333
"EBIC",33,60,0.33,"FALSE","FALSE","FALSE","7.53169482775426","2.52556738253876","5.0061274452155","0.587","0.033","0.031","1,3,5,6,8,10,11,12,14,23",0.0353706437574206,FALSE,2,4,10,2,8,0.2,0.666666666666667
"EBIC",34,60,0.33,"FALSE","FALSE","FALSE","7.90005986183054","4.54659173661652","3.35346812521402","0.484","0.033","0.031","1,3,4,5,6,7,10,11,12,53,65,96",0.0172541117533011,FALSE,3,3,12,3,9,0.25,0.75
"EBIC",35,60,0.33,"FALSE","FALSE","FALSE","7.4146711989692","6.19429190392096","1.22037929504824","0.571","0.034","0.027","1,3,5,6,10,12,14,36",0.0425201831049793,FALSE,2,6,8,2,6,0.25,0.5
"EBIC",36,60,0.33,"FALSE","FALSE","FALSE","6.25668702319255","1.352535910711","4.90415111248155","0.834","0.036","0.033","2,6,10,11,12,30,34,42,66,100",0.0691714994788403,FALSE,5,7,10,5,5,0.5,0.416666666666667
"EBIC",37,60,0.33,"FALSE","FALSE","FALSE","7.82543367071515","3.57187702507796","4.25355664563719","0.495","0.035","0.027","1,2,3,5,6,8,10,11,12,88",0.013397167382308,FALSE,1,3,10,1,9,0.1,0.75
"EBIC",38,60,0.33,"FALSE","FALSE","FALSE","7.60086680216985","2.97355388874913","4.62731291342072","1.029","0.038","0.033","3,5,6,10,11,12,47,52,54,71",0.0517688406571671,FALSE,4,6,10,4,6,0.4,0.5
"EBIC",39,60,0.33,"FALSE","FALSE","FALSE","7.23542138896594","4.16165449432566","3.07376689464028","0.581","0.035","0.033","1,2,3,4,5,6,10,11,12,29",0.0160619752978296,FALSE,1,3,10,1,9,0.1,0.75
"EBIC",4,60,0.33,"FALSE","FALSE","FALSE","7.36117969387914","4.0601514083448","3.30102828553435","0.333","0.035","0.029","1,3,5,6,10,12,36",0.0381271082919296,FALSE,1,6,7,1,6,0.142857142857143,0.5
"EBIC",40,60,0.33,"FALSE","FALSE","FALSE","8.12757146223777","6.01603766796839","2.11153379426938","0.443","0.034","0.033","1,2,3,4,5,6,10,11,12,16,23,58",0.019973896392718,FALSE,3,3,12,3,9,0.25,0.75
"EBIC",41,60,0.33,"FALSE","FALSE","FALSE","7.13189765906047","4.93113296069517","2.20076469836529","0.438","0.034","0.032","1,3,5,6,10,12,36",0.0368054744202707,FALSE,1,6,7,1,6,0.142857142857143,0.5
"EBIC",42,60,0.33,"FALSE","FALSE","FALSE","6.35943822310008","3.15545771259685","3.20398051050324","0.371","0.033","0.029","1,3,5,10,12,77,100",0.0581103697140206,FALSE,2,7,7,2,5,0.285714285714286,0.416666666666667
"EBIC",43,60,0.33,"FALSE","FALSE","FALSE","7.74835637752646","3.93176652209682","3.81658985542964","0.552","0.035","0.036","2,4,6,7,8,9,10,11,12,32,86",0.0366953967924467,FALSE,2,3,11,2,9,0.181818181818182,0.75
"EBIC",44,60,0.33,"FALSE","FALSE","FALSE","8.34936743714239","4.7385444586821","3.61082297846028","0.569","0.034","0.029","1,3,4,5,6,10,11,12,27,39,84,87",0.0348445281373107,FALSE,4,4,12,4,8,0.333333333333333,0.666666666666667
"EBIC",45,60,0.33,"FALSE","FALSE","FALSE","6.86018912324427","3.56192727559681","3.29826184764745","0.655","0.036","0.03","5,6,8,12,14,27,78",0.0767842497391393,FALSE,3,8,7,3,4,0.428571428571429,0.333333333333333
"EBIC",46,60,0.33,"FALSE","FALSE","FALSE","8.66614314537463","6.31615434548147","2.34998879989316","0.533","0.035","0.034","1,2,3,4,5,6,9,10,11,12,37,38,46,55,63,95,99",0.0228336349323094,FALSE,7,2,17,7,10,0.411764705882353,0.833333333333333
"EBIC",47,60,0.33,"FALSE","FALSE","FALSE","7.01036907531646","4.34215480407254","2.66821427124392","0.552","0.033","0.033","1,3,5,10,12,14,17,49,61",0.0642048204435428,FALSE,4,7,9,4,5,0.444444444444444,0.416666666666667
"EBIC",48,60,0.33,"FALSE","FALSE","FALSE","9.21315681216577","4.89405691389545","4.31909989827032","0.496","0.032","0.03","1,3,5,6,8,10,12,14,25,27,28,55,91",0.0504190071150534,FALSE,6,5,13,6,7,0.461538461538462,0.583333333333333
"EBIC",49,60,0.33,"FALSE","FALSE","FALSE","8.83207322738537","5.63287980384969","3.19919342353568","0.457","0.031","0.036","1,2,3,4,5,6,10,11,12,16,83",0.014180062326026,FALSE,2,3,11,2,9,0.181818181818182,0.75
"EBIC",5,60,0.33,"FALSE","FALSE","FALSE","5.82034156726912","2.59960556395211","3.22073600331702","0.513","0.035","0.024","1,3,5,6,10,12,36",0.0418690912275631,FALSE,1,6,7,1,6,0.142857142857143,0.5
"EBIC",50,60,0.33,"FALSE","FALSE","FALSE","7.32649174692513","3.27702217343811","4.04946957348702","0.506","0.035","0.03","1,3,5,6,8,10,11,12,39",0.0452943786002973,FALSE,1,4,9,1,8,0.111111111111111,0.666666666666667
"EBIC",51,60,0.33,"FALSE","FALSE","FALSE","7.35930363956101","4.74957221043269","2.60973142912832","0.59","0.035","0.033","2,4,5,6,7,8,9,11,12,38,62",0.0375314727688139,FALSE,2,3,11,2,9,0.181818181818182,0.75
"EBIC",52,60,0.33,"FALSE","FALSE","FALSE","6.54775119144061","3.25198510473445","3.29576608670616","0.687","0.035","0.027","1,2,3,5,6,8,10,12,14,64",0.0311875379413169,FALSE,2,4,10,2,8,0.2,0.666666666666667
"EBIC",53,60,0.33,"FALSE","FALSE","FALSE","6.94852655220055","2.14376509113478","4.80476146106577","0.913","0.037","0.036","2,6,10,16,30,35,46,54,55,59,68,100",0.138143444843006,FALSE,9,9,12,9,3,0.75,0.25
"EBIC",54,60,0.33,"FALSE","FALSE","FALSE","6.81204405910584","3.68552278464846","3.12652127445738","0.469","0.032","0.027","3,4,5,6,7,8,10,12",0.021644814281771,FALSE,0,4,8,0,8,0,0.666666666666667
"EBIC",55,60,0.33,"FALSE","FALSE","FALSE","6.90466926854919","3.1820734277721","3.7225958407771","0.463","0.036","0.026","1,2,3,5,6,10,11,12",0.0171812468058732,FALSE,0,4,8,0,8,0,0.666666666666667
"EBIC",56,60,0.33,"FALSE","FALSE","FALSE","5.93312299632008","2.41799563581028","3.51512736050979","0.613","0.034","0.032","1,2,3,4,5,6,10,11,12",0.0115302873696702,FALSE,0,3,9,0,9,0,0.75
"EBIC",57,60,0.33,"FALSE","FALSE","FALSE","8.11182306962972","5.85204095172895","2.25978211790077","0.553","0.032","0.029","2,3,4,5,6,8,9,10,11,12,35,36",0.0130857823412074,FALSE,2,2,12,2,10,0.166666666666667,0.833333333333333
"EBIC",58,60,0.33,"FALSE","FALSE","FALSE","10.2859473456174","3.12700892456477","7.15893842105266","0.614","0.038","0.035","2,4,6,7,10,11,19,28,70,76,85,87,93,102",0.0810969730015578,FALSE,8,6,14,8,6,0.571428571428571,0.5
"EBIC",59,60,0.33,"FALSE","FALSE","FALSE","7.00887790760936","4.76261893892721","2.24625896868215","0.756","0.036","0.029","3,5,6,9,10,12,27,31,46,77,99",0.063562216548006,FALSE,5,6,11,5,6,0.454545454545455,0.5
"EBIC",6,60,0.33,"FALSE","FALSE","FALSE","7.00535810208473","4.22570262154302","2.77965548054171","0.481","0.033","0.031","1,3,5,6,10,12,36",0.0480946217383385,FALSE,1,6,7,1,6,0.142857142857143,0.5
"EBIC",60,60,0.33,"FALSE","FALSE","FALSE","6.56994056410605","3.33261103088302","3.23732953322303","0.667","0.035","0.03","3,4,5,6,7,10,11,12,43,85",0.0225651105634082,FALSE,2,4,10,2,8,0.2,0.666666666666667
"EBIC",61,60,0.33,"FALSE","FALSE","FALSE","7.25009114704058","4.60730734152416","2.64278380551641","0.446","0.033","0.035","1,2,3,4,5,6,10,11,12,29",0.0119021124358139,FALSE,1,3,10,1,9,0.1,0.75
"EBIC",62,60,0.33,"FALSE","FALSE","FALSE","7.3858404531188","5.55814765097066","1.82769280214813","0.562","0.034","0.028","1,3,4,5,6,7,10,11,12,31",0.0147040899101765,FALSE,1,3,10,1,9,0.1,0.75
"EBIC",63,60,0.33,"FALSE","FALSE","FALSE","7.93490687873804","3.77456807494354","4.1603388037945","0.918","0.038","0.034","1,3,5,6,10,12,14,16,36,54,88",0.0445888387027907,FALSE,5,6,11,5,6,0.454545454545455,0.5
"EBIC",64,60,0.33,"FALSE","FALSE","FALSE","7.40088167986231","6.09309338958035","1.30778829028197","0.311","0.035","0.028","1,3,5,6,10,12,14",0.0415954001371002,FALSE,1,6,7,1,6,0.142857142857143,0.5
"EBIC",65,60,0.33,"FALSE","FALSE","FALSE","6.81916434088295","4.24240173110244","2.57676260978051","0.5","0.035","0.028","1,3,5,6,10,12,13,14,91",0.0393366352121491,FALSE,3,6,9,3,6,0.333333333333333,0.5
"EBIC",66,60,0.33,"FALSE","FALSE","FALSE","6.52935028276656","2.40549236833434","4.12385791443221","0.793","0.034","0.033","1,3,4,5,6,10,12,20,36,41",0.0335577001370735,FALSE,3,5,10,3,7,0.3,0.583333333333333
"EBIC",67,60,0.33,"FALSE","FALSE","FALSE","6.72365543955259","3.38068425592273","3.34297118362986","0.581","0.034","0.029","1,3,5,6,8,10,12,14,39,81,87",0.0506929628450339,FALSE,4,5,11,4,7,0.363636363636364,0.583333333333333
"EBIC",68,60,0.33,"FALSE","FALSE","FALSE","7.71796792536276","4.72889928416147","2.98906864120129","0.863","0.037","0.031","2,4,5,6,8,10,11,19,24,30,46,80",0.0535431728408922,FALSE,5,5,12,5,7,0.416666666666667,0.583333333333333
"EBIC",69,60,0.33,"FALSE","FALSE","FALSE","6.7771221078367","3.6806152070248","3.0965069008119","0.661","0.034","0.03","1,2,3,5,6,10,11,12,15,29",0.0223628082502877,FALSE,2,4,10,2,8,0.2,0.666666666666667
"EBIC",7,60,0.33,"FALSE","FALSE","FALSE","7.91426298083486","4.86357043040892","3.05069255042594","0.922","0.036","0.033","1,2,3,4,5,6,9,10,11,12,71",0.0112263738749592,FALSE,1,2,11,1,10,0.0909090909090909,0.833333333333333
"EBIC",70,60,0.33,"FALSE","FALSE","FALSE","7.57615847184581","4.18846410709692","3.38769436474889","0.318","0.031","0.028","1,2,3,5,6,10,11,12",0.0185231544263974,FALSE,0,4,8,0,8,0,0.666666666666667
"EBIC",71,60,0.33,"FALSE","FALSE","FALSE","7.5708237622128","6.14974176602371","1.42108199618908","0.468","0.034","0.029","1,3,5,6,10,12,14,36",0.0412454770775524,FALSE,2,6,8,2,6,0.25,0.5
"EBIC",72,60,0.33,"FALSE","FALSE","FALSE","7.65925335803774","4.56937972466681","3.08987363337094","0.541","0.032","0.029","1,2,3,4,5,6,10,11,12,16,51,95,102",0.0155142627404602,FALSE,4,3,13,4,9,0.307692307692308,0.75
"EBIC",73,60,0.33,"FALSE","FALSE","FALSE","7.76245187029338","2.57579302598796","5.18665884430542","0.517","0.037","0.033","1,2,3,4,5,6,10,11,12,92",0.0143702552812995,FALSE,1,3,10,1,9,0.1,0.75
"EBIC",74,60,0.33,"FALSE","FALSE","FALSE","7.38561373090244","2.89191761214061","4.49369611876183","0.584","0.034","0.031","3,5,6,12,14,42,49,74,84",0.0706109316195238,FALSE,5,8,9,5,4,0.555555555555556,0.333333333333333
"EBIC",75,60,0.33,"FALSE","FALSE","FALSE","7.02238134045707","3.58501326610906","3.43736807434802","0.644","0.033","0.032","1,2,3,5,6,10,12,14,58",0.0362952210468853,FALSE,2,5,9,2,7,0.222222222222222,0.583333333333333
"EBIC",76,60,0.33,"FALSE","FALSE","FALSE","6.95494988039902","4.39140903193718","2.56354084846184","0.605","0.037","0.031","1,3,5,6,10,12,14,31",0.041302342162756,FALSE,2,6,8,2,6,0.25,0.5
"EBIC",77,60,0.33,"FALSE","FALSE","FALSE","6.72621857545989","3.50011881144807","3.22609976401182","0.522","0.035","0.029","1,2,3,5,6,10,11,12,16,45",0.0190136258292081,FALSE,2,4,10,2,8,0.2,0.666666666666667
"EBIC",78,60,0.33,"FALSE","FALSE","FALSE","7.94666261922567","4.7642727332939","3.18238988593177","0.527","0.032","0.027","1,2,3,5,6,9,10,11,12,45",0.0149592366400989,FALSE,1,3,10,1,9,0.1,0.75
"EBIC",79,60,0.33,"FALSE","FALSE","FALSE","5.9448729995828","2.84923895708978","3.09563404249302","0.425","0.032","0.024","1,2,5,6,9,10,11,12",0.0238640708248253,FALSE,0,4,8,0,8,0,0.666666666666667
"EBIC",8,60,0.33,"FALSE","FALSE","FALSE","7.91104918002214","2.6991694126884","5.21187976733374","0.757","0.035","0.034","1,2,4,6,10,11,25,55,59,60,98",0.07770459502341,FALSE,5,6,11,5,6,0.454545454545455,0.5
"EBIC",80,60,0.33,"FALSE","FALSE","FALSE","8.99778008181522","4.55226440055374","4.44551568126148","0.629","0.034","0.03","1,2,3,5,6,10,11,12,40,69,75,76,86",0.029192186064095,FALSE,5,4,13,5,8,0.384615384615385,0.666666666666667
"EBIC",81,60,0.33,"FALSE","FALSE","FALSE","7.85507903102157","4.58627709981785","3.26880193120372","0.748","0.036","0.031","1,2,4,6,8,10,11,12,15,25,74,86",0.035266877290382,FALSE,4,4,12,4,8,0.333333333333333,0.666666666666667
"EBIC",82,60,0.33,"FALSE","FALSE","FALSE","6.6145936521519","1.80198373988875","4.81260991226315","0.642","0.037","0.03","2,6,10,12,15,30,34,42",0.0956217306468643,FALSE,4,8,8,4,4,0.5,0.333333333333333
"EBIC",83,60,0.33,"FALSE","FALSE","FALSE","6.87112305175437","3.31377106141046","3.55735199034391","0.491","0.034","0.033","3,6,7,8,10,11,14,69,72",0.0662627775744384,FALSE,3,6,9,3,6,0.333333333333333,0.5
"EBIC",84,60,0.33,"FALSE","FALSE","FALSE","6.98818509540631","4.93150799934989","2.05667709605642","0.483","0.036","0.033","1,3,5,6,10,12,14,29",0.0404241108582407,FALSE,2,6,8,2,6,0.25,0.5
"EBIC",85,60,0.33,"FALSE","FALSE","FALSE","6.56964942040437","4.505026224439","2.06462319596537","0.579","0.035","0.027","3,5,6,10,12,14,58,102",0.0497285237413811,FALSE,3,7,8,3,5,0.375,0.416666666666667
"EBIC",86,60,0.33,"FALSE","FALSE","FALSE","7.4585159637515","5.29718106873669","2.16133489501481","0.69","0.034","0.033","2,3,4,5,6,7,8,10,12",0.0179191993883274,FALSE,0,3,9,0,9,0,0.75
"EBIC",87,60,0.33,"TRUE","TRUE","FALSE","9.45668860657648","5.15658926055446","4.30009934602202","0.467","0.033","0.031","1,2,3,4,5,6,8,9,10,11,12",0.00428167982333357,FALSE,0,1,11,0,11,0,0.916666666666667
"EBIC",88,60,0.33,"FALSE","FALSE","FALSE","6.37273645687217","3.50622583694293","2.86651061992924","0.836","0.035","0.025","3,5,6,7,11,12,53,74,88,101",0.0498494723678488,FALSE,4,6,10,4,6,0.4,0.5
"EBIC",89,60,0.33,"FALSE","FALSE","FALSE","7.26702230972971","3.71904395446359","3.54797835526612","0.447","0.04","0.03","1,3,5,6,10,12,14",0.0413457737037969,FALSE,1,6,7,1,6,0.142857142857143,0.5
"EBIC",9,60,0.33,"FALSE","FALSE","FALSE","7.18394525081941","4.70084539604945","2.48309985476996","0.407","0.034","0.031","1,3,5,6,8,10,12,14",0.0402082370866628,FALSE,1,5,8,1,7,0.125,0.583333333333333
"EBIC",90,60,0.33,"FALSE","FALSE","FALSE","6.33563370079702","4.60236322127963","1.73327047951739","0.623","0.036","0.033","1,2,3,5,6,10,11,12,51",0.0158342797925028,FALSE,1,4,9,1,8,0.111111111111111,0.666666666666667
"EBIC",91,60,0.33,"FALSE","FALSE","FALSE","6.90333223126881","5.37072200972357","1.53261022154524","0.432","0.033","0.028","1,3,5,6,10,12,14,61,75",0.0380812963419118,FALSE,3,6,9,3,6,0.333333333333333,0.5
"EBIC",92,60,0.33,"FALSE","FALSE","FALSE","8.96932665950671","5.47741933893665","3.49190732057006","0.469","0.036","0.029","1,2,3,4,5,6,9,10,11,12",0.00754636428003528,FALSE,0,2,10,0,10,0,0.833333333333333
"EBIC",93,60,0.33,"FALSE","FALSE","FALSE","9.04490740695497","4.41216928433504","4.63273812261994","0.597","0.034","0.029","1,2,5,6,7,10,11,12,36,48,66,73,97",0.0458900919335985,FALSE,5,4,13,5,8,0.384615384615385,0.666666666666667
"EBIC",94,60,0.33,"FALSE","FALSE","FALSE","7.39360732103674","5.5658561894397","1.82775113159704","0.361","0.035","0.026","1,3,5,6,8,10,12,14",0.0331275451125934,FALSE,1,5,8,1,7,0.125,0.583333333333333
"EBIC",95,60,0.33,"FALSE","FALSE","FALSE","5.24731205527022","3.73383241019454","1.51347964507568","0.544","0.034","0.024","2,3,4,5,6,9,11,12,53,72",0.0414614892579357,FALSE,2,4,10,2,8,0.2,0.666666666666667
"EBIC",96,60,0.33,"FALSE","FALSE","FALSE","6.68473932772023","2.27353766152147","4.41120166619876","0.73","0.037","0.032","1,5,10,12,31,36,41,83",0.10541408201186,FALSE,4,8,8,4,4,0.5,0.333333333333333
"EBIC",97,60,0.33,"FALSE","FALSE","FALSE","7.01883575764651","3.15428872773728","3.86454702990923","0.451","0.033","0.029","3,5,6,7,10,12,14,36",0.0419490167531161,FALSE,2,6,8,2,6,0.25,0.5
"EBIC",98,60,0.33,"FALSE","FALSE","FALSE","7.2837615173384","4.12881140471138","3.15495011262702","0.433","0.035","0.026","1,2,3,4,5,6,9,10,11,12",0.008060066064866,FALSE,0,2,10,0,10,0,0.833333333333333
"EBIC",99,60,0.33,"FALSE","FALSE","FALSE","6.73122288794613","3.99384509900352","2.73737778894261","0.461","0.035","0.029","1,3,5,10,12,31,77,100",0.0576905633463936,FALSE,3,7,8,3,5,0.375,0.416666666666667
"kappa.o",1,60,0.33,"FALSE","FALSE","FALSE","7.68922014936485","4.98743848061308","2.70178166875177","0.574","0.035","0.031","1,2,3,5,6,10,12",0.0310076377224845,FALSE,0,5,7,0,7,0,0.583333333333333
"kappa.o",10,60,0.33,"FALSE","FALSE","FALSE","6.81906764327463","4.11123778260381","2.70782986067082","0.559","0.032","0.028","1,3,5,6,10,12",0.0410452875952934,FALSE,0,6,6,0,6,0,0.5
"kappa.o",100,60,0.33,"FALSE","FALSE","FALSE","7.94134491333354","4.19237539422955","3.74896951910399","0.557","0.035","0.03","1,3,5,6,8,10,12,14",0.0330970680099841,FALSE,1,5,8,1,7,0.125,0.583333333333333
"kappa.o",11,60,0.33,"FALSE","FALSE","FALSE","7.01100311899139","5.19042859233904","1.82057452665235","0.445","0.033","0.029","1,3,5,6,10,12",0.0385549310123729,FALSE,0,6,6,0,6,0,0.5
"kappa.o",12,60,0.33,"FALSE","FALSE","FALSE","6.9335489110909","3.72551907830594","3.20802983278495","0.999","0.041","0.033","1,5,6,10,11,12,97",0.0379220444816816,FALSE,1,6,7,1,6,0.142857142857143,0.5
"kappa.o",13,60,0.33,"FALSE","FALSE","FALSE","7.50194670440047","3.92526503802579","3.57668166637469","0.609","0.036","0.029","3,5,6,10,12,94,99",0.0500174885196083,FALSE,2,7,7,2,5,0.285714285714286,0.416666666666667
"kappa.o",14,60,0.33,"FALSE","FALSE","FALSE","8.30501182945556","4.27310732418778","4.03190450526777","0.525","0.034","0.029","1,3,5,6,10,11,12",0.0248335718033811,FALSE,0,5,7,0,7,0,0.583333333333333
"kappa.o",15,60,0.33,"FALSE","FALSE","FALSE","6.92936673020583","5.14630087382392","1.78306585638191","0.413","0.032","0.034","3,5,6,10,12,14",0.0542194975571116,FALSE,1,7,6,1,5,0.166666666666667,0.416666666666667
"kappa.o",16,60,0.33,"FALSE","FALSE","FALSE","6.95725970217814","5.16929877036627","1.78796093181188","0.425","0.033","0.029","3,5,6,8,10,12,14",0.0394821780888872,FALSE,1,6,7,1,6,0.142857142857143,0.5
"kappa.o",17,60,0.33,"FALSE","FALSE","FALSE","6.7096564684374","3.19983573039856","3.50982073803883","0.324","0.033","0.027","1,3,5,6,10,12",0.0412497884750596,FALSE,0,6,6,0,6,0,0.5
"kappa.o",18,60,0.33,"FALSE","FALSE","FALSE","6.95954449152822","2.77279917055513","4.18674532097309","0.744","0.035","0.03","1,5,10,12,71,77",0.0850589078238377,FALSE,2,8,6,2,4,0.333333333333333,0.333333333333333
"kappa.o",19,60,0.33,"FALSE","FALSE","FALSE","6.31953416332954","2.24113318300771","4.07840098032183","0.611","0.038","0.033","1,3,5,6,10,12",0.0389966877719972,FALSE,0,6,6,0,6,0,0.5
"kappa.o",2,60,0.33,"FALSE","FALSE","FALSE","7.18599887300466","3.90567360484741","3.28032526815725","0.506","0.035","0.028","1,3,5,6,10,12",0.0403613156580427,FALSE,0,6,6,0,6,0,0.5
"kappa.o",20,60,0.33,"FALSE","FALSE","FALSE","6.69320455079162","5.02233471779025","1.67086983300137","0.457","0.034","0.028","1,3,5,6,10,12",0.036119171275771,FALSE,0,6,6,0,6,0,0.5
"kappa.o",21,60,0.33,"FALSE","FALSE","FALSE","7.44802286739135","3.83415642841776","3.61386643897359","0.654","0.035","0.03","1,3,5,6,10,11,12",0.0262194010949408,FALSE,0,5,7,0,7,0,0.583333333333333
"kappa.o",22,60,0.33,"FALSE","FALSE","FALSE","6.97302892096946","3.88711676215891","3.08591215881056","0.49","0.035","0.029","1,2,3,5,6,10,11,12",0.0155275627046402,FALSE,0,4,8,0,8,0,0.666666666666667
"kappa.o",23,60,0.33,"FALSE","FALSE","FALSE","6.66256250878901","3.39439909541856","3.26816341337046","0.716","0.035","0.031","1,3,5,6,10,12",0.0404505121779659,FALSE,0,6,6,0,6,0,0.5
"kappa.o",24,60,0.33,"FALSE","FALSE","FALSE","5.98884301434904","3.11413429580614","2.8747087185429","0.838","0.036","0.031","9,12,22,49,66",0.146314010137604,FALSE,3,10,5,3,2,0.6,0.166666666666667
"kappa.o",25,60,0.33,"FALSE","FALSE","FALSE","8.41044128489778","5.80649676201225","2.60394452288553","0.399","0.032","0.028","1,2,3,5,6,10,11,12",0.0195432867317304,FALSE,0,4,8,0,8,0,0.666666666666667
"kappa.o",26,60,0.33,"FALSE","FALSE","FALSE","7.02029940096678","4.05007347711261","2.97022592385416","0.532","0.035","0.032","1,3,5,6,10,11,12",0.0231833607720531,FALSE,0,5,7,0,7,0,0.583333333333333
"kappa.o",27,60,0.33,"FALSE","FALSE","FALSE","8.62943254676745","3.16088172486123","5.46855082190623","0.747","0.04","0.032","3,6,8,12,15,42,54,74,76",0.114059595615468,FALSE,5,8,9,5,4,0.555555555555556,0.333333333333333
"kappa.o",28,60,0.33,"FALSE","FALSE","FALSE","7.29723542252072","3.29713882021287","4.00009660230785","0.62","0.034","0.035","6,10,11,29,30,85,102",0.104380505385642,FALSE,4,9,7,4,3,0.571428571428571,0.25
"kappa.o",29,60,0.33,"FALSE","FALSE","FALSE","7.77485758488408","4.44499370509018","3.3298638797939","0.663","0.039","0.039","1,2,4,6,10,11",0.0536832067346223,FALSE,0,6,6,0,6,0,0.5
"kappa.o",3,60,0.33,"FALSE","FALSE","FALSE","5.92217504413645","4.68203165142776","1.24014339270869","0.455","0.034","0.025","3,5,6,12,61",0.0752014115113177,FALSE,1,8,5,1,4,0.2,0.333333333333333
"kappa.o",30,60,0.33,"FALSE","FALSE","FALSE","7.31881731287337","4.62739632228984","2.69142099058353","0.641","0.033","0.028","1,2,5,6,10,11,12",0.0269328547103856,FALSE,0,5,7,0,7,0,0.583333333333333
"kappa.o",31,60,0.33,"FALSE","FALSE","FALSE","7.90101944035378","3.37724372711177","4.52377571324201","0.918","0.034","0.036","1,2,5,6,10,11,12",0.024342871433971,FALSE,0,5,7,0,7,0,0.583333333333333
"kappa.o",32,60,0.33,"FALSE","FALSE","FALSE","6.0833742322156","2.93375096227851","3.14962326993709","0.514","0.036","0.034","2,4,10,11,30,34",0.106275444437474,FALSE,2,8,6,2,4,0.333333333333333,0.333333333333333
"kappa.o",33,60,0.33,"FALSE","FALSE","FALSE","7.53169482775426","2.52556738253876","5.0061274452155","0.587","0.033","0.031","1,3,5,6,8,10,12,14",0.0380456350529454,FALSE,1,5,8,1,7,0.125,0.583333333333333
"kappa.o",34,60,0.33,"FALSE","FALSE","FALSE","7.90005986183054","4.54659173661652","3.35346812521402","0.484","0.033","0.031","1,3,5,6,10,11,12",0.022932517401415,FALSE,0,5,7,0,7,0,0.583333333333333
"kappa.o",35,60,0.33,"FALSE","FALSE","FALSE","7.4146711989692","6.19429190392096","1.22037929504824","0.571","0.034","0.027","1,3,5,6,10,12,14,36",0.0425201831049793,FALSE,2,6,8,2,6,0.25,0.5
"kappa.o",36,60,0.33,"FALSE","FALSE","FALSE","6.25668702319255","1.352535910711","4.90415111248155","0.834","0.036","0.033","3,5,12,61",0.1043647781842,FALSE,1,9,4,1,3,0.25,0.25
"kappa.o",37,60,0.33,"FALSE","FALSE","FALSE","7.82543367071515","3.57187702507796","4.25355664563719","0.495","0.035","0.027","1,3,5,6,10,12,36",0.0373541902265819,FALSE,1,6,7,1,6,0.142857142857143,0.5
"kappa.o",38,60,0.33,"FALSE","FALSE","FALSE","7.60086680216985","2.97355388874913","4.62731291342072","1.029","0.038","0.033","10,11,47,52,54,71,79,82",0.137424213605241,FALSE,6,10,8,6,2,0.75,0.166666666666667
"kappa.o",39,60,0.33,"FALSE","FALSE","FALSE","7.23542138896594","4.16165449432566","3.07376689464028","0.581","0.035","0.033","2,4,6,10,11,29,30",0.0696796634748741,FALSE,2,7,7,2,5,0.285714285714286,0.416666666666667
"kappa.o",4,60,0.33,"FALSE","FALSE","FALSE","7.36117969387914","4.0601514083448","3.30102828553435","0.333","0.035","0.029","1,3,5,6,10,12,36",0.0381271082919296,FALSE,1,6,7,1,6,0.142857142857143,0.5
"kappa.o",40,60,0.33,"FALSE","FALSE","FALSE","8.12757146223777","6.01603766796839","2.11153379426938","0.443","0.034","0.033","1,3,4,5,6,10,12,16",0.0238428169009262,FALSE,1,5,8,1,7,0.125,0.583333333333333
"kappa.o",41,60,0.33,"FALSE","FALSE","FALSE","7.13189765906047","4.93113296069517","2.20076469836529","0.438","0.034","0.032","1,3,5,6,10,12,36",0.0368054744202707,FALSE,1,6,7,1,6,0.142857142857143,0.5
"kappa.o",42,60,0.33,"FALSE","FALSE","FALSE","6.35943822310008","3.15545771259685","3.20398051050324","0.371","0.033","0.029","1,3,5,10,12,77",0.0593765651775233,FALSE,1,7,6,1,5,0.166666666666667,0.416666666666667
"kappa.o",43,60,0.33,"FALSE","FALSE","FALSE","7.74835637752646","3.93176652209682","3.81658985542964","0.552","0.035","0.036","4,6,7,8,10,12,86",0.0616297789153009,FALSE,1,6,7,1,6,0.142857142857143,0.5
"kappa.o",44,60,0.33,"FALSE","FALSE","FALSE","8.34936743714239","4.7385444586821","3.61082297846028","0.569","0.034","0.029","1,3,5,6,10,11,12,89",0.0299127131492117,FALSE,1,5,8,1,7,0.125,0.583333333333333
"kappa.o",45,60,0.33,"FALSE","FALSE","FALSE","6.86018912324427","3.56192727559681","3.29826184764745","0.655","0.036","0.03","5,6,8,12,14,27,78",0.0767842497391393,FALSE,3,8,7,3,4,0.428571428571429,0.333333333333333
"kappa.o",46,60,0.33,"FALSE","FALSE","FALSE","8.66614314537463","6.31615434548147","2.34998879989316","0.533","0.035","0.034","1,2,4,6,9,10,11,12",0.0255922373970811,FALSE,0,4,8,0,8,0,0.666666666666667
"kappa.o",47,60,0.33,"FALSE","FALSE","FALSE","7.01036907531646","4.34215480407254","2.66821427124392","0.552","0.033","0.033","1,10,12,14,49,97",0.10833051102529,FALSE,3,9,6,3,3,0.5,0.25
"kappa.o",48,60,0.33,"FALSE","FALSE","FALSE","9.21315681216577","4.89405691389545","4.31909989827032","0.496","0.032","0.03","1,3,5,6,8,10,12,14",0.0323116001776493,FALSE,1,5,8,1,7,0.125,0.583333333333333
"kappa.o",49,60,0.33,"FALSE","FALSE","FALSE","8.83207322738537","5.63287980384969","3.19919342353568","0.457","0.031","0.036","1,2,3,4,5,6,10,11,12,16",0.0110137742489169,FALSE,1,3,10,1,9,0.1,0.75
"kappa.o",5,60,0.33,"FALSE","FALSE","FALSE","5.82034156726912","2.59960556395211","3.22073600331702","0.513","0.035","0.024","3,5,6,12,61",0.0765394288329517,FALSE,1,8,5,1,4,0.2,0.333333333333333
"kappa.o",50,60,0.33,"FALSE","FALSE","FALSE","7.32649174692513","3.27702217343811","4.04946957348702","0.506","0.035","0.03","1,5,6,10,11,12,39",0.0665908194591511,FALSE,1,6,7,1,6,0.142857142857143,0.5
"kappa.o",51,60,0.33,"FALSE","FALSE","FALSE","7.35930363956101","4.74957221043269","2.60973142912832","0.59","0.035","0.033","4,5,6,7,8,11",0.0613228807736747,FALSE,0,6,6,0,6,0,0.5
"kappa.o",52,60,0.33,"FALSE","FALSE","FALSE","6.54775119144061","3.25198510473445","3.29576608670616","0.687","0.035","0.027","3,5,6,12",0.0825013686365809,FALSE,0,8,4,0,4,0,0.333333333333333
"kappa.o",53,60,0.33,"FALSE","FALSE","FALSE","6.94852655220055","2.14376509113478","4.80476146106577","0.913","0.037","0.036","3,5,6,7,8,12",0.0473921926099469,FALSE,0,6,6,0,6,0,0.5
"kappa.o",54,60,0.33,"FALSE","FALSE","FALSE","6.81204405910584","3.68552278464846","3.12652127445738","0.469","0.032","0.027","1,3,5,6,8,10,12",0.026876892776243,FALSE,0,5,7,0,7,0,0.583333333333333
"kappa.o",55,60,0.33,"FALSE","FALSE","FALSE","6.90466926854919","3.1820734277721","3.7225958407771","0.463","0.036","0.026","2,3,5,6,10,12",0.0392349665916,FALSE,0,6,6,0,6,0,0.5
"kappa.o",56,60,0.33,"FALSE","FALSE","FALSE","5.93312299632008","2.41799563581028","3.51512736050979","0.613","0.034","0.032","2,3,5,6,12",0.0623622790840451,FALSE,0,7,5,0,5,0,0.416666666666667
"kappa.o",57,60,0.33,"FALSE","FALSE","FALSE","8.11182306962972","5.85204095172895","2.25978211790077","0.553","0.032","0.029","3,5,6,8,10,12,14,36",0.042667266078949,FALSE,2,6,8,2,6,0.25,0.5
"kappa.o",58,60,0.33,"FALSE","FALSE","FALSE","10.2859473456174","3.12700892456477","7.15893842105266","0.614","0.038","0.035","2,4,6,7,10,11,28,85,87,93,102",0.0641423186557524,FALSE,5,6,11,5,6,0.454545454545455,0.5
"kappa.o",59,60,0.33,"FALSE","FALSE","FALSE","7.00887790760936","4.76261893892721","2.24625896868215","0.756","0.036","0.029","3,5,6,12,42,74",0.0731039480830918,FALSE,2,8,6,2,4,0.333333333333333,0.333333333333333
"kappa.o",6,60,0.33,"FALSE","FALSE","FALSE","7.00535810208473","4.22570262154302","2.77965548054171","0.481","0.033","0.031","1,3,5,6,10,12,36",0.0480946217383385,FALSE,1,6,7,1,6,0.142857142857143,0.5
"kappa.o",60,60,0.33,"FALSE","FALSE","FALSE","6.56994056410605","3.33261103088302","3.23732953322303","0.667","0.035","0.03","3,5,6,11,12,42",0.0506467589437595,FALSE,1,7,6,1,5,0.166666666666667,0.416666666666667
"kappa.o",61,60,0.33,"FALSE","FALSE","FALSE","7.25009114704058","4.60730734152416","2.64278380551641","0.446","0.033","0.035","1,3,5,6,10,12",0.0364101356495006,FALSE,0,6,6,0,6,0,0.5
"kappa.o",62,60,0.33,"FALSE","FALSE","FALSE","7.3858404531188","5.55814765097066","1.82769280214813","0.562","0.034","0.028","1,3,5,6,10,11,12",0.0307568582868997,FALSE,0,5,7,0,7,0,0.583333333333333
"kappa.o",63,60,0.33,"FALSE","FALSE","FALSE","7.93490687873804","3.77456807494354","4.1603388037945","0.918","0.038","0.034","1,3,5,10,12,14,75",0.0600821820185929,FALSE,2,7,7,2,5,0.285714285714286,0.416666666666667
"kappa.o",64,60,0.33,"FALSE","FALSE","FALSE","7.40088167986231","6.09309338958035","1.30778829028197","0.311","0.035","0.028","1,3,5,6,10,12,14",0.0415954001371002,FALSE,1,6,7,1,6,0.142857142857143,0.5
"kappa.o",65,60,0.33,"FALSE","FALSE","FALSE","6.81916434088295","4.24240173110244","2.57676260978051","0.5","0.035","0.028","1,3,5,6,10,12",0.0431836559576203,FALSE,0,6,6,0,6,0,0.5
"kappa.o",66,60,0.33,"FALSE","FALSE","FALSE","6.52935028276656","2.40549236833434","4.12385791443221","0.793","0.034","0.033","1,3,5,6,10,12",0.0336871394660182,FALSE,0,6,6,0,6,0,0.5
"kappa.o",67,60,0.33,"FALSE","FALSE","FALSE","6.72365543955259","3.38068425592273","3.34297118362986","0.581","0.034","0.029","1,3,5,6,10,12,14",0.0451850322020435,FALSE,1,6,7,1,6,0.142857142857143,0.5
"kappa.o",68,60,0.33,"FALSE","FALSE","FALSE","7.71796792536276","4.72889928416147","2.98906864120129","0.863","0.037","0.031","2,4,6,10,11,30,34,46",0.0681776144513561,FALSE,3,7,8,3,5,0.375,0.416666666666667
"kappa.o",69,60,0.33,"FALSE","FALSE","FALSE","6.7771221078367","3.6806152070248","3.0965069008119","0.661","0.034","0.03","1,3,5,6,10,12",0.040630703645222,FALSE,0,6,6,0,6,0,0.5
"kappa.o",7,60,0.33,"FALSE","FALSE","FALSE","7.91426298083486","4.86357043040892","3.05069255042594","0.922","0.036","0.033","3,4,6,7,8,11,92",0.0682395469200363,FALSE,1,6,7,1,6,0.142857142857143,0.5
"kappa.o",70,60,0.33,"FALSE","FALSE","FALSE","7.57615847184581","4.18846410709692","3.38769436474889","0.318","0.031","0.028","1,2,5,6,10,11,12",0.0260024951174487,FALSE,0,5,7,0,7,0,0.583333333333333
"kappa.o",71,60,0.33,"FALSE","FALSE","FALSE","7.5708237622128","6.14974176602371","1.42108199618908","0.468","0.034","0.029","3,5,6,7,10,12,14",0.0433937916495154,FALSE,1,6,7,1,6,0.142857142857143,0.5
"kappa.o",72,60,0.33,"FALSE","FALSE","FALSE","7.65925335803774","4.56937972466681","3.08987363337094","0.541","0.032","0.029","1,3,5,6,10,12,14",0.0376436155363435,FALSE,1,6,7,1,6,0.142857142857143,0.5
"kappa.o",73,60,0.33,"FALSE","FALSE","FALSE","7.76245187029338","2.57579302598796","5.18665884430542","0.517","0.037","0.033","1,3,5,6,10,11,12",0.0304082030765556,FALSE,0,5,7,0,7,0,0.583333333333333
"kappa.o",74,60,0.33,"FALSE","FALSE","FALSE","7.38561373090244","2.89191761214061","4.49369611876183","0.584","0.034","0.031","3,6,12,14,42,49,74",0.0966144312966518,FALSE,4,9,7,4,3,0.571428571428571,0.25
"kappa.o",75,60,0.33,"FALSE","FALSE","FALSE","7.02238134045707","3.58501326610906","3.43736807434802","0.644","0.033","0.032","1,3,5,6,10,12,14",0.0441388111679224,FALSE,1,6,7,1,6,0.142857142857143,0.5
"kappa.o",76,60,0.33,"FALSE","FALSE","FALSE","6.95494988039902","4.39140903193718","2.56354084846184","0.605","0.037","0.031","1,3,5,6,10,12,14,31",0.041302342162756,FALSE,2,6,8,2,6,0.25,0.5
"kappa.o",77,60,0.33,"FALSE","FALSE","FALSE","6.72621857545989","3.50011881144807","3.22609976401182","0.522","0.035","0.029","1,3,5,6,10,12",0.0409764333322951,FALSE,0,6,6,0,6,0,0.5
"kappa.o",78,60,0.33,"FALSE","FALSE","FALSE","7.94666261922567","4.7642727332939","3.18238988593177","0.527","0.032","0.027","1,2,3,5,6,10,11,12",0.0191631484136846,FALSE,0,4,8,0,8,0,0.666666666666667
"kappa.o",79,60,0.33,"FALSE","FALSE","FALSE","5.9448729995828","2.84923895708978","3.09563404249302","0.425","0.032","0.024","1,5,6,10,11,12",0.0405735862408699,FALSE,0,6,6,0,6,0,0.5
"kappa.o",8,60,0.33,"FALSE","FALSE","FALSE","7.91104918002214","2.6991694126884","5.21187976733374","0.757","0.035","0.034","2,6,10,11,30,76,85",0.088404017763412,FALSE,3,8,7,3,4,0.428571428571429,0.333333333333333
"kappa.o",80,60,0.33,"FALSE","FALSE","FALSE","8.99778008181522","4.55226440055374","4.44551568126148","0.629","0.034","0.03","1,2,3,5,6,10,11,12,75,76",0.0218352695804755,FALSE,2,4,10,2,8,0.2,0.666666666666667
"kappa.o",81,60,0.33,"FALSE","FALSE","FALSE","7.85507903102157","4.58627709981785","3.26880193120372","0.748","0.036","0.031","1,2,4,6,8,10,11",0.0420176262540663,FALSE,0,5,7,0,7,0,0.583333333333333
"kappa.o",82,60,0.33,"FALSE","FALSE","FALSE","6.6145936521519","1.80198373988875","4.81260991226315","0.642","0.037","0.03","2,10,12,15,30,34,42",0.115572251546949,FALSE,4,9,7,4,3,0.571428571428571,0.25
"kappa.o",83,60,0.33,"FALSE","FALSE","FALSE","6.87112305175437","3.31377106141046","3.55735199034391","0.491","0.034","0.033","3,6,8,10,14,69",0.089578266264784,FALSE,2,8,6,2,4,0.333333333333333,0.333333333333333
"kappa.o",84,60,0.33,"FALSE","FALSE","FALSE","6.98818509540631","4.93150799934989","2.05667709605642","0.483","0.036","0.033","1,3,5,6,10,12",0.0398150033792632,FALSE,0,6,6,0,6,0,0.5
"kappa.o",85,60,0.33,"FALSE","FALSE","FALSE","6.56964942040437","4.505026224439","2.06462319596537","0.579","0.035","0.027","3,5,6,10,12,14,58",0.0520553755053358,FALSE,2,7,7,2,5,0.285714285714286,0.416666666666667
"kappa.o",86,60,0.33,"FALSE","FALSE","FALSE","7.4585159637515","5.29718106873669","2.16133489501481","0.69","0.034","0.033","3,5,6,7,8,10,14",0.0579033911249518,FALSE,1,6,7,1,6,0.142857142857143,0.5
"kappa.o",87,60,0.33,"TRUE","TRUE","FALSE","9.45668860657648","5.15658926055446","4.30009934602202","0.467","0.033","0.031","1,3,4,5,6,9,10,11,12",0.0109416467905219,FALSE,0,3,9,0,9,0,0.75
"kappa.o",88,60,0.33,"FALSE","FALSE","FALSE","6.37273645687217","3.50622583694293","2.86651061992924","0.836","0.035","0.025","3,5,6,12,61",0.0817145847116639,FALSE,1,8,5,1,4,0.2,0.333333333333333
"kappa.o",89,60,0.33,"FALSE","FALSE","FALSE","7.26702230972971","3.71904395446359","3.54797835526612","0.447","0.04","0.03","1,3,5,6,10,12,14",0.0413457737037969,FALSE,1,6,7,1,6,0.142857142857143,0.5
"kappa.o",9,60,0.33,"FALSE","FALSE","FALSE","7.18394525081941","4.70084539604945","2.48309985476996","0.407","0.034","0.031","1,3,5,6,8,10,14",0.0595260622945514,FALSE,1,6,7,1,6,0.142857142857143,0.5
"kappa.o",90,60,0.33,"FALSE","FALSE","FALSE","6.33563370079702","4.60236322127963","1.73327047951739","0.623","0.036","0.033","3,5,6,12,57",0.0653543008444775,FALSE,1,8,5,1,4,0.2,0.333333333333333
"kappa.o",91,60,0.33,"FALSE","FALSE","FALSE","6.90333223126881","5.37072200972357","1.53261022154524","0.432","0.033","0.028","1,3,5,6,10,12,14",0.0375972835491696,FALSE,1,6,7,1,6,0.142857142857143,0.5
"kappa.o",92,60,0.33,"FALSE","FALSE","FALSE","8.96932665950671","5.47741933893665","3.49190732057006","0.469","0.036","0.029","1,2,3,4,5,6,9,10,11,12",0.00754636428003528,FALSE,0,2,10,0,10,0,0.833333333333333
"kappa.o",93,60,0.33,"FALSE","FALSE","FALSE","9.04490740695497","4.41216928433504","4.63273812261994","0.597","0.034","0.029","1,2,5,6,10,11,12,97",0.0278202972285754,FALSE,1,5,8,1,7,0.125,0.583333333333333
"kappa.o",94,60,0.33,"FALSE","FALSE","FALSE","7.39360732103674","5.5658561894397","1.82775113159704","0.361","0.035","0.026","1,3,5,6,8,10,12,14",0.0331275451125934,FALSE,1,5,8,1,7,0.125,0.583333333333333
"kappa.o",95,60,0.33,"FALSE","FALSE","FALSE","5.24731205527022","3.73383241019454","1.51347964507568","0.544","0.034","0.024","3,5,12,61",0.118029988913893,FALSE,1,9,4,1,3,0.25,0.25
"kappa.o",96,60,0.33,"FALSE","FALSE","FALSE","6.68473932772023","2.27353766152147","4.41120166619876","0.73","0.037","0.032","1,5,10,12,31,77",0.0715950635933106,FALSE,2,8,6,2,4,0.333333333333333,0.333333333333333
"kappa.o",97,60,0.33,"FALSE","FALSE","FALSE","7.01883575764651","3.15428872773728","3.86454702990923","0.451","0.033","0.029","3,5,6,10,12,36",0.0485759433285895,FALSE,1,7,6,1,5,0.166666666666667,0.416666666666667
"kappa.o",98,60,0.33,"FALSE","FALSE","FALSE","7.2837615173384","4.12881140471138","3.15495011262702","0.433","0.035","0.026","1,3,5,6,10,11,12",0.0283226507418114,FALSE,0,5,7,0,7,0,0.583333333333333
"kappa.o",99,60,0.33,"FALSE","FALSE","FALSE","6.73122288794613","3.99384509900352","2.73737778894261","0.461","0.035","0.029","1,3,5,10,12,77",0.0623913217435578,FALSE,1,7,6,1,5,0.166666666666667,0.416666666666667
"lasso.cv",1,60,0.33,"FALSE","FALSE","FALSE","7.68922014936485","4.98743848061308","2.70178166875177","0.574","0.035","0.031","1,2,3,4,5,6,8,9,10,11,12,31,34,41,49,56,59,63,64,66,68,70,71,73,74,78,79,80,84,86,93,101",0.014647084505293,FALSE,21,1,32,21,11,0.65625,0.916666666666667
"lasso.cv",10,60,0.33,"FALSE","FALSE","FALSE","6.81906764327463","4.11123778260381","2.70782986067082","0.559","0.032","0.028","1,2,3,4,5,6,7,8,10,11,12,14,17,31,32,36,43,44,45,49,64,77,80,84,88,91,93,102",0.0148259507476561,FALSE,17,1,28,17,11,0.607142857142857,0.916666666666667
"lasso.cv",100,60,0.33,"FALSE","FALSE","FALSE","7.94134491333354","4.19237539422955","3.74896951910399","0.557","0.035","0.03","1,2,3,4,5,6,7,8,9,10,11,12,14,15,19,22,24,30,31,38,42,47,57,61,70,71,76,79,80,83,96,98,100",0.0118886920824681,FALSE,21,0,33,21,12,0.636363636363636,1
"lasso.cv",11,60,0.33,"FALSE","FALSE","FALSE","7.01100311899139","5.19042859233904","1.82057452665235","0.445","0.033","0.029","1,2,3,4,5,6,7,8,10,11,12,14,15,31,41,44,47,49,52,55,59,68,73,74,79,84,85,102",0.0259788711563364,FALSE,17,1,28,17,11,0.607142857142857,0.916666666666667
"lasso.cv",12,60,0.33,"FALSE","FALSE","FALSE","6.9335489110909","3.72551907830594","3.20802983278495","0.999","0.041","0.033","1,2,3,5,6,7,8,10,11,12,14,15,16,18,20,23,24,27,30,35,48,49,52,55,59,70,71,74,75,79,80,82,85,87,93,97,98,100",0.0458758995688975,FALSE,28,2,38,28,10,0.736842105263158,0.833333333333333
"lasso.cv",13,60,0.33,"FALSE","FALSE","FALSE","7.50194670440047","3.92526503802579","3.57668166637469","0.609","0.036","0.029","2,3,4,5,6,7,8,9,10,11,12,17,23,26,30,41,49,64,66,72,74,75,79,84,85,86,87,88,91,93,94,98,99,102",0.0274519373411831,FALSE,23,1,34,23,11,0.676470588235294,0.916666666666667
"lasso.cv",14,60,0.33,"FALSE","FALSE","FALSE","8.30501182945556","4.27310732418778","4.03190450526777","0.525","0.034","0.029","1,2,3,5,6,7,8,10,11,12,14,22,24,27,35,36,41,42,44,45,47,50,51,52,57,59,61,68,70,73,82,86,91",0.0147606093135596,FALSE,23,2,33,23,10,0.696969696969697,0.833333333333333
"lasso.cv",15,60,0.33,"FALSE","FALSE","FALSE","6.92936673020583","5.14630087382392","1.78306585638191","0.413","0.032","0.034","1,3,4,5,6,7,10,11,12,14,15,16,17,18,19,20,21,30,55,59,60,63,64,66,75,77,82,88,102",0.0256076549305382,FALSE,20,3,29,20,9,0.689655172413793,0.75
"lasso.cv",16,60,0.33,"FALSE","FALSE","FALSE","6.95725970217814","5.16929877036627","1.78796093181188","0.425","0.033","0.029","1,2,3,4,5,6,7,8,9,10,11,12,14,15,24,36,43,49,51,59,64,71,74,76,82,84,85,98,99",0.012477229619165,FALSE,17,0,29,17,12,0.586206896551724,1
"lasso.cv",17,60,0.33,"FALSE","FALSE","FALSE","6.7096564684374","3.19983573039856","3.50982073803883","0.324","0.033","0.027","1,2,3,5,6,7,9,10,11,12,14,16,20,22,24,25,27,29,31,34,59,66,71,78,79,102",0.017061556105428,FALSE,16,2,26,16,10,0.615384615384615,0.833333333333333
"lasso.cv",18,60,0.33,"FALSE","FALSE","FALSE","6.95954449152822","2.77279917055513","4.18674532097309","0.744","0.035","0.03","1,2,3,4,5,6,7,8,10,11,12,14,29,38,41,42,49,54,62,69,70,71,73,74,75,77,80,84,85,102",0.0266330826778771,FALSE,19,1,30,19,11,0.633333333333333,0.916666666666667
"lasso.cv",19,60,0.33,"FALSE","FALSE","FALSE","6.31953416332954","2.24113318300771","4.07840098032183","0.611","0.038","0.033","1,2,3,4,5,6,7,8,10,11,12,16,19,20,27,29,30,31,43,49,51,53,55,56,58,66,75,79,80,84,85,86,89,100",0.0138647920162946,FALSE,23,1,34,23,11,0.676470588235294,0.916666666666667
"lasso.cv",2,60,0.33,"FALSE","FALSE","FALSE","7.18599887300466","3.90567360484741","3.28032526815725","0.506","0.035","0.028","1,2,3,4,5,6,7,8,10,11,12,15,19,20,24,30,35,40,42,49,53,55,59,70,73,75,82,88,89,98,99,102",0.0242600616267954,FALSE,21,1,32,21,11,0.65625,0.916666666666667
"lasso.cv",20,60,0.33,"FALSE","FALSE","FALSE","6.69320455079162","5.02233471779025","1.67086983300137","0.457","0.034","0.028","1,2,3,4,5,6,7,8,9,10,11,12,14,15,18,20,21,31,32,40,45,49,52,54,60,62,63,65,66,70,72,85,89,90,93,95,96,102",0.0178551158999119,FALSE,26,0,38,26,12,0.684210526315789,1
"lasso.cv",21,60,0.33,"FALSE","FALSE","FALSE","7.44802286739135","3.83415642841776","3.61386643897359","0.654","0.035","0.03","1,2,3,5,6,7,8,10,11,12,14,18,24,25,37,39,40,42,45,47,51,52,61,70,71,72,73,77,79,80,82,85,86,87,88,98,101",0.0260645906274032,FALSE,27,2,37,27,10,0.72972972972973,0.833333333333333
"lasso.cv",22,60,0.33,"FALSE","FALSE","FALSE","6.97302892096946","3.88711676215891","3.08591215881056","0.49","0.035","0.029","1,2,3,4,5,6,7,9,10,11,12,14,15,30,32,41,47,49,52,55,56,66,70,72,77,78,84,85,93,102",0.0157853517382935,FALSE,19,1,30,19,11,0.633333333333333,0.916666666666667
"lasso.cv",23,60,0.33,"FALSE","FALSE","FALSE","6.66256250878901","3.39439909541856","3.26816341337046","0.716","0.035","0.031","1,2,3,4,5,6,7,9,10,11,12,14,15,22,29,30,31,36,41,43,49,55,56,70,72,74,80,82,88,93,100",0.0233329785415656,FALSE,20,1,31,20,11,0.645161290322581,0.916666666666667
"lasso.cv",24,60,0.33,"FALSE","FALSE","FALSE","5.98884301434904","3.11413429580614","2.8747087185429","0.838","0.036","0.031","1,2,3,5,6,7,10,11,12,14,15,17,18,22,23,25,26,27,28,29,31,34,35,39,45,47,49,54,57,63,64,68,71,72,75,80,82,86,96,98,100",0.0466284926495125,FALSE,32,3,41,32,9,0.780487804878049,0.75
"lasso.cv",25,60,0.33,"FALSE","FALSE","FALSE","8.41044128489778","5.80649676201225","2.60394452288553","0.399","0.032","0.028","1,2,3,4,5,6,7,10,11,12,24,27,29,30,31,32,33,40,47,54,56,57,65,70,74,76,78,80,82,94,98,99,100",0.0244266195711591,FALSE,23,2,33,23,10,0.696969696969697,0.833333333333333
"lasso.cv",26,60,0.33,"FALSE","FALSE","FALSE","7.02029940096678","4.05007347711261","2.97022592385416","0.532","0.035","0.032","1,2,3,4,5,6,8,9,10,11,12,13,14,15,20,26,49,54,55,61,67,68,71,74,79,81,85,98,100",0.0211061960136967,FALSE,18,1,29,18,11,0.620689655172414,0.916666666666667
"lasso.cv",27,60,0.33,"FALSE","FALSE","FALSE","8.62943254676745","3.16088172486123","5.46855082190623","0.747","0.04","0.032","1,2,3,4,5,6,8,10,11,12,13,15,17,18,21,23,27,29,30,35,42,43,45,49,52,54,55,59,63,65,67,68,71,74,75,76,77,80,88,89,90,91,96,98",0.0526863541659582,FALSE,34,2,44,34,10,0.772727272727273,0.833333333333333
"lasso.cv",28,60,0.33,"FALSE","FALSE","FALSE","7.29723542252072","3.29713882021287","4.00009660230785","0.62","0.034","0.035","1,3,4,5,6,8,10,11,12,14,18,22,24,31,32,36,41,45,49,55,60,61,71,82,84,85,90,98,100,102",0.0235359874491139,FALSE,21,3,30,21,9,0.7,0.75
"lasso.cv",29,60,0.33,"FALSE","FALSE","FALSE","7.77485758488408","4.44499370509018","3.3298638797939","0.663","0.039","0.039","1,2,3,4,5,6,7,8,9,10,11,12,15,17,20,22,26,30,36,45,49,52,54,66,73,80,85,88,98,102",0.0196788185263212,FALSE,18,0,30,18,12,0.6,1
"lasso.cv",3,60,0.33,"FALSE","FALSE","FALSE","5.92217504413645","4.68203165142776","1.24014339270869","0.455","0.034","0.025","1,2,3,5,6,7,8,9,10,11,12,15,16,20,21,23,34,41,45,49,60,61,65,66,73,79,80,82,85,86,87,93,100,102",0.0201354852669616,FALSE,23,1,34,23,11,0.676470588235294,0.916666666666667
"lasso.cv",30,60,0.33,"FALSE","FALSE","FALSE","7.31881731287337","4.62739632228984","2.69142099058353","0.641","0.033","0.028","1,2,3,5,6,7,8,9,10,11,12,13,14,20,22,30,31,54,55,57,61,72,74,75,77,79,85,87,92,93,98",0.0282217477153033,FALSE,20,1,31,20,11,0.645161290322581,0.916666666666667
"lasso.cv",31,60,0.33,"FALSE","FALSE","FALSE","7.90101944035378","3.37724372711177","4.52377571324201","0.918","0.034","0.036","1,2,3,5,6,8,9,10,11,12,14,20,24,27,29,30,37,47,49,54,70,72,73,75,84,90,92,93,98,99,100,102",0.0336485200346684,FALSE,22,2,32,22,10,0.6875,0.833333333333333
"lasso.cv",32,60,0.33,"FALSE","FALSE","FALSE","6.0833742322156","2.93375096227851","3.14962326993709","0.514","0.036","0.034","1,2,3,4,5,6,7,10,11,12,14,17,20,24,30,34,35,45,47,49,52,61,67,68,70,73,75,88,90,100",0.0275611136321274,FALSE,20,2,30,20,10,0.666666666666667,0.833333333333333
"lasso.cv",33,60,0.33,"FALSE","FALSE","FALSE","7.53169482775426","2.52556738253876","5.0061274452155","0.587","0.033","0.031","1,3,4,5,6,7,8,9,10,11,12,14,16,18,23,24,41,43,45,48,49,58,60,64,65,68,69,70,73,76,84,88,89,91,96,98,99,100",0.0264281611920423,FALSE,27,1,38,27,11,0.710526315789474,0.916666666666667
"lasso.cv",34,60,0.33,"FALSE","FALSE","FALSE","7.90005986183054","4.54659173661652","3.35346812521402","0.484","0.033","0.031","1,2,3,4,5,6,7,8,9,10,11,12,20,27,40,41,48,49,53,58,61,64,68,74,75,77,96,98,100",0.0123301837013424,FALSE,17,0,29,17,12,0.586206896551724,1
"lasso.cv",35,60,0.33,"FALSE","FALSE","FALSE","7.4146711989692","6.19429190392096","1.22037929504824","0.571","0.034","0.027","1,2,3,4,5,6,8,9,10,12,14,15,16,20,24,27,36,41,42,47,49,52,56,61,64,66,77,84,88,98,101,102",0.0252694899836518,FALSE,22,2,32,22,10,0.6875,0.833333333333333
"lasso.cv",36,60,0.33,"FALSE","FALSE","FALSE","6.25668702319255","1.352535910711","4.90415111248155","0.834","0.036","0.033","1,2,3,4,5,6,7,8,9,10,11,12,16,18,27,30,35,42,45,59,61,66,68,71,76,80,81,82,87,93,98,100",0.0242313922240086,FALSE,20,0,32,20,12,0.625,1
"lasso.cv",37,60,0.33,"FALSE","FALSE","FALSE","7.82543367071515","3.57187702507796","4.25355664563719","0.495","0.035","0.027","1,2,3,4,5,6,7,8,9,10,11,12,15,18,20,24,30,36,41,42,49,52,54,62,70,82,88,92,98,99,100",0.00968977584533551,FALSE,19,0,31,19,12,0.612903225806452,1
"lasso.cv",38,60,0.33,"FALSE","FALSE","FALSE","7.60086680216985","2.97355388874913","4.62731291342072","1.029","0.038","0.033","3,4,5,6,7,10,11,12,13,14,18,24,26,31,35,47,52,54,55,59,60,65,66,67,70,71,78,82,83,85,88,98,101",0.0416462098523765,FALSE,25,4,33,25,8,0.757575757575758,0.666666666666667
"lasso.cv",39,60,0.33,"FALSE","FALSE","FALSE","7.23542138896594","4.16165449432566","3.07376689464028","0.581","0.035","0.033","1,2,3,4,5,6,8,10,11,12,13,14,17,24,26,29,30,31,35,42,47,52,63,68,98",0.0222513419814655,FALSE,15,2,25,15,10,0.6,0.833333333333333
"lasso.cv",4,60,0.33,"FALSE","FALSE","FALSE","7.36117969387914","4.0601514083448","3.30102828553435","0.333","0.035","0.029","1,2,3,4,5,6,8,9,10,11,12,13,16,17,19,20,27,36,43,52,57,68,73,74,75,78,80,82,87,88,89",0.0210468291234995,FALSE,20,1,31,20,11,0.645161290322581,0.916666666666667
"lasso.cv",40,60,0.33,"FALSE","FALSE","FALSE","8.12757146223777","6.01603766796839","2.11153379426938","0.443","0.034","0.033","1,2,3,4,5,6,7,8,9,10,11,12,15,16,18,21,28,58,59,63,71,73,82,84,89,96,99",0.0139928958981389,FALSE,15,0,27,15,12,0.555555555555556,1
"lasso.cv",41,60,0.33,"FALSE","FALSE","FALSE","7.13189765906047","4.93113296069517","2.20076469836529","0.438","0.034","0.032","1,2,3,5,6,7,8,9,10,11,12,14,17,22,24,27,36,40,49,54,73,75,82,90,100,102",0.0226251799996644,FALSE,15,1,26,15,11,0.576923076923077,0.916666666666667
"lasso.cv",42,60,0.33,"FALSE","FALSE","FALSE","6.35943822310008","3.15545771259685","3.20398051050324","0.371","0.033","0.029","1,2,3,4,5,6,7,8,9,10,11,12,16,20,23,24,49,68,73,76,77,78,79,80,82,86,88,100",0.020395099991373,FALSE,16,0,28,16,12,0.571428571428571,1
"lasso.cv",43,60,0.33,"FALSE","FALSE","FALSE","7.74835637752646","3.93176652209682","3.81658985542964","0.552","0.035","0.036","1,2,3,4,5,6,7,8,9,10,11,12,14,16,18,20,24,25,30,32,42,45,49,55,57,61,70,73,74,76,80,81,82,86,90,96,98",0.0221588091319204,FALSE,25,0,37,25,12,0.675675675675676,1
"lasso.cv",44,60,0.33,"FALSE","FALSE","FALSE","8.34936743714239","4.7385444586821","3.61082297846028","0.569","0.034","0.029","1,2,3,4,5,6,7,9,10,11,12,27,28,31,32,34,35,54,56,63,77,84,86,87,88,89,91,92",0.012291174627367,FALSE,17,1,28,17,11,0.607142857142857,0.916666666666667
"lasso.cv",45,60,0.33,"FALSE","FALSE","FALSE","6.86018912324427","3.56192727559681","3.29826184764745","0.655","0.036","0.03","2,3,4,5,6,7,8,10,11,12,14,15,21,27,29,34,41,42,44,47,52,53,55,57,63,66,68,73,78,80,82,89,99,100,101,102",0.0280596690220694,FALSE,26,2,36,26,10,0.722222222222222,0.833333333333333
"lasso.cv",46,60,0.33,"FALSE","FALSE","FALSE","8.66614314537463","6.31615434548147","2.34998879989316","0.533","0.035","0.034","1,2,3,4,5,6,9,10,11,12,14,15,20,24,31,33,37,38,39,41,47,49,51,57,59,63,72,73,77,84,85,89,91,92,93,94,95,97,98,99,101,102",0.0202232985315864,FALSE,32,2,42,32,10,0.761904761904762,0.833333333333333
"lasso.cv",47,60,0.33,"FALSE","FALSE","FALSE","7.01036907531646","4.34215480407254","2.66821427124392","0.552","0.033","0.033","1,2,3,4,5,6,7,10,11,12,14,16,17,34,41,42,47,48,49,52,57,59,61,68,74,76,82,87,97,99",0.0237241533941682,FALSE,20,2,30,20,10,0.666666666666667,0.833333333333333
"lasso.cv",48,60,0.33,"FALSE","FALSE","FALSE","9.21315681216577","4.89405691389545","4.31909989827032","0.496","0.032","0.03","1,2,3,5,6,7,8,10,12,14,15,17,24,27,31,40,52,59,61,64,80,91",0.0244759507962448,FALSE,13,3,22,13,9,0.590909090909091,0.75
"lasso.cv",49,60,0.33,"FALSE","FALSE","FALSE","8.83207322738537","5.63287980384969","3.19919342353568","0.457","0.031","0.036","1,2,3,4,5,6,7,10,11,12,14,15,16,30,31,40,49,68,70,71,75,77,78,80,82,88,90,94",0.0168771035013069,FALSE,18,2,28,18,10,0.642857142857143,0.833333333333333
"lasso.cv",5,60,0.33,"FALSE","FALSE","FALSE","5.82034156726912","2.59960556395211","3.22073600331702","0.513","0.035","0.024","1,2,3,4,5,6,7,8,9,10,11,12,21,24,28,29,30,36,43,45,47,49,51,61,66,70,74,79,82,85,86,98",0.0138255224556291,FALSE,20,0,32,20,12,0.625,1
"lasso.cv",50,60,0.33,"FALSE","FALSE","FALSE","7.32649174692513","3.27702217343811","4.04946957348702","0.506","0.035","0.03","1,2,3,4,5,6,8,9,10,11,12,14,16,17,21,29,32,36,56,57,76,80,89,99,100,102",0.0121779093611352,FALSE,15,1,26,15,11,0.576923076923077,0.916666666666667
"lasso.cv",51,60,0.33,"FALSE","FALSE","FALSE","7.35930363956101","4.74957221043269","2.60973142912832","0.59","0.035","0.033","2,3,4,5,6,7,8,9,10,11,12,15,17,21,31,36,38,40,43,44,45,47,49,51,62,64,70,78,79,82,87,88,91,98,99",0.0217039479625819,FALSE,24,1,35,24,11,0.685714285714286,0.916666666666667
"lasso.cv",52,60,0.33,"FALSE","FALSE","FALSE","6.54775119144061","3.25198510473445","3.29576608670616","0.687","0.035","0.027","1,2,3,4,5,6,7,8,9,10,11,12,14,15,17,18,20,21,35,41,54,56,67,75,80,81,82,86,87,92,100,102",0.0158360755074673,FALSE,20,0,32,20,12,0.625,1
"lasso.cv",53,60,0.33,"FALSE","FALSE","FALSE","6.94852655220055","2.14376509113478","4.80476146106577","0.913","0.037","0.036","1,2,3,4,5,6,7,8,9,10,11,12,13,14,28,29,30,34,35,40,44,45,47,51,59,66,67,68,69,74,86,90,96,100",0.0215821687535778,FALSE,22,0,34,22,12,0.647058823529412,1
"lasso.cv",54,60,0.33,"FALSE","FALSE","FALSE","6.81204405910584","3.68552278464846","3.12652127445738","0.469","0.032","0.027","1,2,3,4,5,6,7,8,9,10,11,12,27,42,45,49,61,68,71,74,78,80,82,84,85,94,100",0.0148861244989191,FALSE,15,0,27,15,12,0.555555555555556,1
"lasso.cv",55,60,0.33,"FALSE","FALSE","FALSE","6.90466926854919","3.1820734277721","3.7225958407771","0.463","0.036","0.026","1,2,3,4,5,6,7,8,10,11,12,13,14,18,21,22,24,25,28,36,37,43,47,49,60,61,63,78,86,88,95,99",0.0112226662524375,FALSE,21,1,32,21,11,0.65625,0.916666666666667
"lasso.cv",56,60,0.33,"FALSE","FALSE","FALSE","5.93312299632008","2.41799563581028","3.51512736050979","0.613","0.034","0.032","1,2,3,4,5,6,8,10,11,12,20,24,27,31,34,37,49,56,73,74,76,77,84,86,88,93,98,100",0.0255066473683371,FALSE,18,2,28,18,10,0.642857142857143,0.833333333333333
"lasso.cv",57,60,0.33,"FALSE","FALSE","FALSE","8.11182306962972","5.85204095172895","2.25978211790077","0.553","0.032","0.029","1,2,3,4,5,6,8,9,10,11,12,14,15,16,21,24,27,35,36,47,55,59,64,74,80,85,88,99,102",0.015713700506268,FALSE,18,1,29,18,11,0.620689655172414,0.916666666666667
"lasso.cv",58,60,0.33,"FALSE","FALSE","FALSE","10.2859473456174","3.12700892456477","7.15893842105266","0.614","0.038","0.035","1,2,3,4,5,6,7,8,10,11,12,13,14,23,27,28,35,36,42,45,49,52,56,64,68,70,75,80,85,87,93,97,100,102",0.0299275658820233,FALSE,23,1,34,23,11,0.676470588235294,0.916666666666667
"lasso.cv",59,60,0.33,"FALSE","FALSE","FALSE","7.00887790760936","4.76261893892721","2.24625896868215","0.756","0.036","0.029","2,3,4,5,6,8,9,10,11,12,18,21,27,30,31,33,42,45,47,49,50,53,57,59,66,72,74,75,77,79,82,84,86,87,92,94,99,100,101",0.0305613745576999,FALSE,29,2,39,29,10,0.743589743589744,0.833333333333333
"lasso.cv",6,60,0.33,"FALSE","FALSE","FALSE","7.00535810208473","4.22570262154302","2.77965548054171","0.481","0.033","0.031","1,2,3,4,5,6,7,8,10,11,12,13,14,16,18,23,24,27,30,35,36,44,49,61,74,75,78,99,101",0.0231127240346685,FALSE,18,1,29,18,11,0.620689655172414,0.916666666666667
"lasso.cv",60,60,0.33,"FALSE","FALSE","FALSE","6.56994056410605","3.33261103088302","3.23732953322303","0.667","0.035","0.03","1,2,3,4,5,6,7,8,10,11,12,15,16,18,23,27,35,36,41,43,47,49,55,59,62,64,75,78,85,86,88,95,98,102",0.0162699480233628,FALSE,23,1,34,23,11,0.676470588235294,0.916666666666667
"lasso.cv",61,60,0.33,"FALSE","FALSE","FALSE","7.25009114704058","4.60730734152416","2.64278380551641","0.446","0.033","0.035","1,2,3,4,5,6,8,10,11,12,14,15,21,27,28,29,31,35,40,43,45,61,63,64,66,67,75,80,82,97,99",0.0155807550874456,FALSE,21,2,31,21,10,0.67741935483871,0.833333333333333
"lasso.cv",62,60,0.33,"FALSE","FALSE","FALSE","7.3858404531188","5.55814765097066","1.82769280214813","0.562","0.034","0.028","1,2,3,4,5,6,7,8,10,11,12,14,15,16,17,19,20,24,31,38,41,42,49,56,63,71,73,79,80,82,98",0.0175635439366693,FALSE,20,1,31,20,11,0.645161290322581,0.916666666666667
"lasso.cv",63,60,0.33,"FALSE","FALSE","FALSE","7.93490687873804","3.77456807494354","4.1603388037945","0.918","0.038","0.034","1,2,3,4,5,6,7,8,10,11,12,14,15,16,22,27,30,32,36,41,42,52,54,56,63,66,68,72,75,77,84,85,88,89,93,98,99,100",0.0316474437139489,FALSE,27,1,38,27,11,0.710526315789474,0.916666666666667
"lasso.cv",64,60,0.33,"FALSE","FALSE","FALSE","7.40088167986231","6.09309338958035","1.30778829028197","0.311","0.035","0.028","1,2,3,4,5,6,7,8,10,11,12,13,14,18,20,22,24,28,30,32,45,49,59,63,70,75,76,79,80,85,87,90,98,99,100,102",0.0319811774844736,FALSE,25,1,36,25,11,0.694444444444444,0.916666666666667
"lasso.cv",65,60,0.33,"FALSE","FALSE","FALSE","6.81916434088295","4.24240173110244","2.57676260978051","0.5","0.035","0.028","1,3,4,5,6,7,8,10,11,12,13,14,17,18,20,24,27,28,30,49,50,51,52,56,64,66,74,78,79,88,93,99,100,102",0.025452883928891,FALSE,24,2,34,24,10,0.705882352941177,0.833333333333333
"lasso.cv",66,60,0.33,"FALSE","FALSE","FALSE","6.52935028276656","2.40549236833434","4.12385791443221","0.793","0.034","0.033","1,2,3,4,5,6,7,8,9,10,11,12,14,16,17,18,20,27,30,36,41,43,63,70,74,82,88",0.0229132937443707,FALSE,15,0,27,15,12,0.555555555555556,1
"lasso.cv",67,60,0.33,"FALSE","FALSE","FALSE","6.72365543955259","3.38068425592273","3.34297118362986","0.581","0.034","0.029","1,2,3,4,5,6,8,9,10,11,12,14,29,30,32,35,41,49,57,67,68,70,71,81,86,87,88,97,98",0.0273207611811898,FALSE,18,1,29,18,11,0.620689655172414,0.916666666666667
"lasso.cv",68,60,0.33,"FALSE","FALSE","FALSE","7.71796792536276","4.72889928416147","2.98906864120129","0.863","0.037","0.031","1,2,3,4,5,6,8,10,11,12,14,17,18,19,24,27,28,30,35,39,41,43,46,49,50,51,53,55,56,63,64,66,69,70,71,74,75,80,82,85,93,98",0.0238938291403654,FALSE,32,2,42,32,10,0.761904761904762,0.833333333333333
"lasso.cv",69,60,0.33,"FALSE","FALSE","FALSE","6.7771221078367","3.6806152070248","3.0965069008119","0.661","0.034","0.03","1,2,3,4,5,6,8,9,10,11,12,15,24,26,27,29,45,48,49,52,54,55,73,74,77,79,81,85,87,89,96",0.0229768125454167,FALSE,20,1,31,20,11,0.645161290322581,0.916666666666667
"lasso.cv",7,60,0.33,"FALSE","FALSE","FALSE","7.91426298083486","4.86357043040892","3.05069255042594","0.922","0.036","0.033","1,2,3,4,5,6,7,8,9,10,11,12,14,15,20,24,29,35,37,44,45,51,52,57,61,64,71,76,77,82,85,92,97,101,102",0.0149718959946018,FALSE,23,0,35,23,12,0.657142857142857,1
"lasso.cv",70,60,0.33,"FALSE","FALSE","FALSE","7.57615847184581","4.18846410709692","3.38769436474889","0.318","0.031","0.028","1,2,3,5,6,7,8,10,11,12,14,15,20,22,36,40,45,49,64,73,80,84,85,86,88,100,101",0.0162068010751743,FALSE,17,2,27,17,10,0.62962962962963,0.833333333333333
"lasso.cv",71,60,0.33,"FALSE","FALSE","FALSE","7.5708237622128","6.14974176602371","1.42108199618908","0.468","0.034","0.029","1,2,3,5,6,7,8,9,10,11,12,13,14,15,17,18,23,30,31,32,35,36,41,51,57,58,59,70,72,74,80,82,97,98",0.0220554183900362,FALSE,23,1,34,23,11,0.676470588235294,0.916666666666667
"lasso.cv",72,60,0.33,"FALSE","FALSE","FALSE","7.65925335803774","4.56937972466681","3.08987363337094","0.541","0.032","0.029","1,2,3,4,5,6,8,9,10,11,12,14,16,31,32,41,49,51,55,57,84,86,100,102",0.0127991498934632,FALSE,13,1,24,13,11,0.541666666666667,0.916666666666667
"lasso.cv",73,60,0.33,"FALSE","FALSE","FALSE","7.76245187029338","2.57579302598796","5.18665884430542","0.517","0.037","0.033","1,2,3,4,5,6,7,9,10,11,12,28,30,34,35,40,42,43,49,57,59,63,66,68,70,71,72,74,77,78,81,82,86,87,92,95,102",0.0259919103041332,FALSE,26,1,37,26,11,0.702702702702703,0.916666666666667
"lasso.cv",74,60,0.33,"FALSE","FALSE","FALSE","7.38561373090244","2.89191761214061","4.49369611876183","0.584","0.034","0.031","1,2,3,4,5,6,8,9,10,11,12,14,16,31,41,42,44,49,55,59,67,68,70,74,78,79,82,83,84,88",0.021198188913458,FALSE,19,1,30,19,11,0.633333333333333,0.916666666666667
"lasso.cv",75,60,0.33,"FALSE","FALSE","FALSE","7.02238134045707","3.58501326610906","3.43736807434802","0.644","0.033","0.032","1,2,3,4,5,6,7,8,10,12,13,14,18,20,22,24,31,37,41,45,50,51,54,56,57,58,73,80,82,100,102",0.0312906494236778,FALSE,21,2,31,21,10,0.67741935483871,0.833333333333333
"lasso.cv",76,60,0.33,"FALSE","FALSE","FALSE","6.95494988039902","4.39140903193718","2.56354084846184","0.605","0.037","0.031","1,2,3,5,6,8,9,10,11,12,14,19,21,24,30,31,32,36,45,49,51,52,59,60,75,82,84,88,92,102",0.0319231446267854,FALSE,20,2,30,20,10,0.666666666666667,0.833333333333333
"lasso.cv",77,60,0.33,"FALSE","FALSE","FALSE","6.72621857545989","3.50011881144807","3.22609976401182","0.522","0.035","0.029","1,2,3,4,5,6,7,8,10,11,12,13,14,15,16,21,31,35,45,49,51,52,53,59,63,64,71,78,82,101",0.0172158553925868,FALSE,19,1,30,19,11,0.633333333333333,0.916666666666667
"lasso.cv",78,60,0.33,"FALSE","FALSE","FALSE","7.94666261922567","4.7642727332939","3.18238988593177","0.527","0.032","0.027","1,2,3,4,5,6,7,8,9,10,11,12,14,16,17,18,26,27,33,34,41,45,52,63,67,68,75,80,89,96,98,100",0.0106619705551338,FALSE,20,0,32,20,12,0.625,1
"lasso.cv",79,60,0.33,"FALSE","FALSE","FALSE","5.9448729995828","2.84923895708978","3.09563404249302","0.425","0.032","0.024","1,2,3,5,6,8,9,10,11,12,13,16,17,20,23,65,67,71,74,75,80,86,93,98,102",0.020757607681468,FALSE,15,2,25,15,10,0.6,0.833333333333333
"lasso.cv",8,60,0.33,"FALSE","FALSE","FALSE","7.91104918002214","2.6991694126884","5.21187976733374","0.757","0.035","0.034","1,2,3,4,5,6,7,8,9,10,11,12,14,16,18,23,25,30,41,55,59,63,73,76,78,85,86,87,92,97,98,99",0.0267103258134215,FALSE,20,0,32,20,12,0.625,1
"lasso.cv",80,60,0.33,"FALSE","FALSE","FALSE","8.99778008181522","4.55226440055374","4.44551568126148","0.629","0.034","0.03","1,2,3,5,6,7,8,10,11,12,13,14,15,19,20,24,31,36,56,59,63,64,68,69,71,75,76,88,98",0.0175787750471319,FALSE,19,2,29,19,10,0.655172413793103,0.833333333333333
"lasso.cv",81,60,0.33,"FALSE","FALSE","FALSE","7.85507903102157","4.58627709981785","3.26880193120372","0.748","0.036","0.031","1,2,3,4,5,6,7,8,10,11,12,15,23,25,30,52,59,66,70,74,75,77,78,80,84,86,92,93,94,99,100",0.0224954399325831,FALSE,20,1,31,20,11,0.645161290322581,0.916666666666667
"lasso.cv",82,60,0.33,"FALSE","FALSE","FALSE","6.6145936521519","1.80198373988875","4.81260991226315","0.642","0.037","0.03","1,2,3,4,5,6,7,8,9,10,11,12,14,15,17,24,27,28,30,42,49,52,55,56,59,61,63,68,73,77,78,88,91,93",0.0238367351598904,FALSE,22,0,34,22,12,0.647058823529412,1
"lasso.cv",83,60,0.33,"FALSE","FALSE","FALSE","6.87112305175437","3.31377106141046","3.55735199034391","0.491","0.034","0.033","1,3,4,5,6,7,8,10,11,12,14,15,26,31,34,45,48,49,50,51,56,61,63,67,69,70,72,79",0.0323556550531966,FALSE,18,2,28,18,10,0.642857142857143,0.833333333333333
"lasso.cv",84,60,0.33,"FALSE","FALSE","FALSE","6.98818509540631","4.93150799934989","2.05667709605642","0.483","0.036","0.033","1,2,3,4,5,6,7,8,10,11,12,14,20,21,24,26,29,31,41,55,59,73,74,77,78,79,82,93,99,102",0.0225111863028807,FALSE,19,1,30,19,11,0.633333333333333,0.916666666666667
"lasso.cv",85,60,0.33,"FALSE","FALSE","FALSE","6.56964942040437","4.505026224439","2.06462319596537","0.579","0.035","0.027","2,3,4,5,6,7,8,9,10,11,12,14,18,21,23,31,49,52,54,58,62,75,79,80,81,82,86,88,96,98,100",0.0184581719961941,FALSE,20,1,31,20,11,0.645161290322581,0.916666666666667
"lasso.cv",86,60,0.33,"FALSE","FALSE","FALSE","7.4585159637515","5.29718106873669","2.16133489501481","0.69","0.034","0.033","2,3,4,5,6,7,8,9,10,11,12,14,20,24,26,29,30,31,42,55,64,68,71,78,80,82,85,86,96,98,99",0.0234050599564587,FALSE,20,1,31,20,11,0.645161290322581,0.916666666666667
"lasso.cv",87,60,0.33,"TRUE","TRUE","FALSE","9.45668860657648","5.15658926055446","4.30009934602202","0.467","0.033","0.031","1,2,3,4,5,6,7,8,9,10,11,12,14,34,35,42,43,48,49,52,59,63,70,75,82,86,87,98,102",0.00797439197051565,FALSE,17,0,29,17,12,0.586206896551724,1
"lasso.cv",88,60,0.33,"FALSE","FALSE","FALSE","6.37273645687217","3.50622583694293","2.86651061992924","0.836","0.035","0.025","2,3,4,5,6,7,8,9,11,12,18,24,28,30,36,43,45,47,49,54,55,61,64,68,73,74,78,83,88,93,94,95,98,99,101",0.028805210740956,FALSE,25,2,35,25,10,0.714285714285714,0.833333333333333
"lasso.cv",89,60,0.33,"FALSE","FALSE","FALSE","7.26702230972971","3.71904395446359","3.54797835526612","0.447","0.04","0.03","1,2,3,4,5,6,7,10,11,12,14,16,18,21,23,30,39,48,49,51,53,54,55,56,62,64,71,72,74,77,78,79,80,82,84,85,86,88,89,92,96,100",0.0247244798851623,FALSE,32,2,42,32,10,0.761904761904762,0.833333333333333
"lasso.cv",9,60,0.33,"FALSE","FALSE","FALSE","7.18394525081941","4.70084539604945","2.48309985476996","0.407","0.034","0.031","1,2,3,5,6,7,8,9,10,11,12,14,16,20,21,27,30,32,55,56,64,70,71,74,77,80,85,98,102",0.0290881669300177,FALSE,18,1,29,18,11,0.620689655172414,0.916666666666667
"lasso.cv",90,60,0.33,"FALSE","FALSE","FALSE","6.33563370079702","4.60236322127963","1.73327047951739","0.623","0.036","0.033","1,2,3,4,5,6,9,10,11,12,13,16,20,24,27,30,44,47,49,51,57,61,63,64,65,70,74,76,79,82,88",0.0262391791592291,FALSE,21,2,31,21,10,0.67741935483871,0.833333333333333
"lasso.cv",91,60,0.33,"FALSE","FALSE","FALSE","6.90333223126881","5.37072200972357","1.53261022154524","0.432","0.033","0.028","1,2,3,4,5,6,7,8,9,10,11,12,13,14,15,20,24,41,44,61,73,74,75,78,79,86,93",0.0158229514977543,FALSE,15,0,27,15,12,0.555555555555556,1
"lasso.cv",92,60,0.33,"FALSE","FALSE","FALSE","8.96932665950671","5.47741933893665","3.49190732057006","0.469","0.036","0.029","1,2,3,4,5,6,8,9,10,11,12,13,14,15,18,38,41,43,44,45,49,52,64,67,70,71,76,80,82,85,93,94,96,98,100,101",0.0124575816912561,FALSE,25,1,36,25,11,0.694444444444444,0.916666666666667
"lasso.cv",93,60,0.33,"FALSE","FALSE","FALSE","9.04490740695497","4.41216928433504","4.63273812261994","0.597","0.034","0.029","1,2,3,4,5,6,8,10,11,12,14,28,29,32,42,47,55,58,66,68,72,73,83,84,88,90,93,97,100,101",0.0174608161241504,FALSE,20,2,30,20,10,0.666666666666667,0.833333333333333
"lasso.cv",94,60,0.33,"FALSE","FALSE","FALSE","7.39360732103674","5.5658561894397","1.82775113159704","0.361","0.035","0.026","1,2,3,4,5,6,7,8,10,11,12,13,14,16,17,18,22,28,41,49,55,70,73,75,76,83,92,97,99",0.0161336870094391,FALSE,18,1,29,18,11,0.620689655172414,0.916666666666667
"lasso.cv",95,60,0.33,"FALSE","FALSE","FALSE","5.24731205527022","3.73383241019454","1.51347964507568","0.544","0.034","0.024","1,2,3,4,5,6,7,8,9,10,11,12,14,16,17,23,27,30,31,35,41,49,52,53,57,61,71,72,76,82,86,87,91,93,96,97,98,99",0.0273962023401778,FALSE,26,0,38,26,12,0.684210526315789,1
"lasso.cv",96,60,0.33,"FALSE","FALSE","FALSE","6.68473932772023","2.27353766152147","4.41120166619876","0.73","0.037","0.032","1,2,3,4,5,6,7,8,9,10,11,12,14,20,31,36,41,42,45,47,49,64,68,74,77,82,85,94,98,102",0.0206883049176492,FALSE,18,0,30,18,12,0.6,1
"lasso.cv",97,60,0.33,"FALSE","FALSE","FALSE","7.01883575764651","3.15428872773728","3.86454702990923","0.451","0.033","0.029","2,3,4,5,6,7,8,10,11,12,14,24,36,52,53,64,68,72,74,76,77,78,85,88,89,91,93,99,101",0.017677498436871,FALSE,19,2,29,19,10,0.655172413793103,0.833333333333333
"lasso.cv",98,60,0.33,"FALSE","FALSE","FALSE","7.2837615173384","4.12881140471138","3.15495011262702","0.433","0.035","0.026","1,2,3,4,5,6,9,10,11,12,14,15,17,29,34,45,48,49,61,70,71,72,74,80,86,88,92,93,100,101,102",0.0263372567734623,FALSE,21,2,31,21,10,0.67741935483871,0.833333333333333
"lasso.cv",99,60,0.33,"FALSE","FALSE","FALSE","6.73122288794613","3.99384509900352","2.73737778894261","0.461","0.035","0.029","1,2,3,4,5,6,8,10,11,12,14,17,20,31,32,41,42,49,63,70,73,77,79,80,84,89,97,98,99,100",0.025574504304336,FALSE,20,2,30,20,10,0.666666666666667,0.833333333333333
"S.A",1,60,0.33,"FALSE","FALSE","FALSE","7.68922014936485","4.98743848061308","2.70178166875177","0.574","0.035","0.031","1,2,3,5,6,10,12",0.0310076377224845,FALSE,0,5,7,0,7,0,0.583333333333333
"S.A",10,60,0.33,"FALSE","FALSE","FALSE","6.81906764327463","4.11123778260381","2.70782986067082","0.559","0.032","0.028","1,3,5,6,10,12",0.0410452875952934,FALSE,0,6,6,0,6,0,0.5
"S.A",100,60,0.33,"FALSE","FALSE","FALSE","7.94134491333354","4.19237539422955","3.74896951910399","0.557","0.035","0.03","1,3,5,6,8,10,12,14",0.0330970680099841,FALSE,1,5,8,1,7,0.125,0.583333333333333
"S.A",11,60,0.33,"FALSE","FALSE","FALSE","7.01100311899139","5.19042859233904","1.82057452665235","0.445","0.033","0.029","1,3,5,6,10,12",0.0385549310123729,FALSE,0,6,6,0,6,0,0.5
"S.A",12,60,0.33,"FALSE","FALSE","FALSE","6.9335489110909","3.72551907830594","3.20802983278495","0.999","0.041","0.033","1,5,6,10,11,12,97",0.0379220444816816,FALSE,1,6,7,1,6,0.142857142857143,0.5
"S.A",13,60,0.33,"FALSE","FALSE","FALSE","7.50194670440047","3.92526503802579","3.57668166637469","0.609","0.036","0.029","3,5,6,10,12,94,99",0.0500174885196083,FALSE,2,7,7,2,5,0.285714285714286,0.416666666666667
"S.A",14,60,0.33,"FALSE","FALSE","FALSE","8.30501182945556","4.27310732418778","4.03190450526777","0.525","0.034","0.029","1,3,5,6,10,11,12",0.0248335718033811,FALSE,0,5,7,0,7,0,0.583333333333333
"S.A",15,60,0.33,"FALSE","FALSE","FALSE","6.92936673020583","5.14630087382392","1.78306585638191","0.413","0.032","0.034","3,5,6,10,12,14",0.0542194975571116,FALSE,1,7,6,1,5,0.166666666666667,0.416666666666667
"S.A",16,60,0.33,"FALSE","FALSE","FALSE","6.95725970217814","5.16929877036627","1.78796093181188","0.425","0.033","0.029","3,5,6,8,10,12,14",0.0394821780888872,FALSE,1,6,7,1,6,0.142857142857143,0.5
"S.A",17,60,0.33,"FALSE","FALSE","FALSE","6.7096564684374","3.19983573039856","3.50982073803883","0.324","0.033","0.027","1,3,5,6,10,12",0.0412497884750596,FALSE,0,6,6,0,6,0,0.5
"S.A",18,60,0.33,"FALSE","FALSE","FALSE","6.95954449152822","2.77279917055513","4.18674532097309","0.744","0.035","0.03","1,5,10,12,71,77",0.0850589078238377,FALSE,2,8,6,2,4,0.333333333333333,0.333333333333333
"S.A",19,60,0.33,"FALSE","FALSE","FALSE","6.31953416332954","2.24113318300771","4.07840098032183","0.611","0.038","0.033","1,3,5,6,10,12",0.0389966877719972,FALSE,0,6,6,0,6,0,0.5
"S.A",2,60,0.33,"FALSE","FALSE","FALSE","7.18599887300466","3.90567360484741","3.28032526815725","0.506","0.035","0.028","3,4,5,6,7,10,12,53",0.0305119851192716,FALSE,1,5,8,1,7,0.125,0.583333333333333
"S.A",20,60,0.33,"FALSE","FALSE","FALSE","6.69320455079162","5.02233471779025","1.67086983300137","0.457","0.034","0.028","1,3,5,6,10,12,14",0.0347779549719279,FALSE,1,6,7,1,6,0.142857142857143,0.5
"S.A",21,60,0.33,"FALSE","FALSE","FALSE","7.44802286739135","3.83415642841776","3.61386643897359","0.654","0.035","0.03","1,3,5,6,10,11,12",0.0262194010949408,FALSE,0,5,7,0,7,0,0.583333333333333
"S.A",22,60,0.33,"FALSE","FALSE","FALSE","6.97302892096946","3.88711676215891","3.08591215881056","0.49","0.035","0.029","1,2,3,5,6,10,11,12",0.0155275627046402,FALSE,0,4,8,0,8,0,0.666666666666667
"S.A",23,60,0.33,"FALSE","FALSE","FALSE","6.66256250878901","3.39439909541856","3.26816341337046","0.716","0.035","0.031","1,3,5,6,10,12",0.0404505121779659,FALSE,0,6,6,0,6,0,0.5
"S.A",24,60,0.33,"FALSE","FALSE","FALSE","5.98884301434904","3.11413429580614","2.8747087185429","0.838","0.036","0.031","9,12,22,49,66",0.146314010137604,FALSE,3,10,5,3,2,0.6,0.166666666666667
"S.A",25,60,0.33,"FALSE","FALSE","FALSE","8.41044128489778","5.80649676201225","2.60394452288553","0.399","0.032","0.028","1,2,3,5,6,10,11,12",0.0195432867317304,FALSE,0,4,8,0,8,0,0.666666666666667
"S.A",26,60,0.33,"FALSE","FALSE","FALSE","7.02029940096678","4.05007347711261","2.97022592385416","0.532","0.035","0.032","1,3,5,6,10,11,12",0.0231833607720531,FALSE,0,5,7,0,7,0,0.583333333333333
"S.A",27,60,0.33,"FALSE","FALSE","FALSE","8.62943254676745","3.16088172486123","5.46855082190623","0.747","0.04","0.032","3,6,8,12,15,42,54,74,76",0.114059595615468,FALSE,5,8,9,5,4,0.555555555555556,0.333333333333333
"S.A",28,60,0.33,"FALSE","FALSE","FALSE","7.29723542252072","3.29713882021287","4.00009660230785","0.62","0.034","0.035","6,10,11,29,30,85,102",0.104380505385642,FALSE,4,9,7,4,3,0.571428571428571,0.25
"S.A",29,60,0.33,"FALSE","FALSE","FALSE","7.77485758488408","4.44499370509018","3.3298638797939","0.663","0.039","0.039","1,2,4,6,10,11",0.0536832067346223,FALSE,0,6,6,0,6,0,0.5
"S.A",3,60,0.33,"FALSE","FALSE","FALSE","5.92217504413645","4.68203165142776","1.24014339270869","0.455","0.034","0.025","3,5,6,12,61",0.0752014115113177,FALSE,1,8,5,1,4,0.2,0.333333333333333
"S.A",30,60,0.33,"FALSE","FALSE","FALSE","7.31881731287337","4.62739632228984","2.69142099058353","0.641","0.033","0.028","1,2,5,6,10,11,12",0.0269328547103856,FALSE,0,5,7,0,7,0,0.583333333333333
"S.A",31,60,0.33,"FALSE","FALSE","FALSE","7.90101944035378","3.37724372711177","4.52377571324201","0.918","0.034","0.036","1,2,5,6,10,11,12",0.024342871433971,FALSE,0,5,7,0,7,0,0.583333333333333
"S.A",32,60,0.33,"FALSE","FALSE","FALSE","6.0833742322156","2.93375096227851","3.14962326993709","0.514","0.036","0.034","2,4,10,11,30,34",0.106275444437474,FALSE,2,8,6,2,4,0.333333333333333,0.333333333333333
"S.A",33,60,0.33,"FALSE","FALSE","FALSE","7.53169482775426","2.52556738253876","5.0061274452155","0.587","0.033","0.031","1,3,5,6,8,10,12,14",0.0380456350529454,FALSE,1,5,8,1,7,0.125,0.583333333333333
"S.A",34,60,0.33,"FALSE","FALSE","FALSE","7.90005986183054","4.54659173661652","3.35346812521402","0.484","0.033","0.031","1,3,4,5,6,10,11,12",0.0128263280912015,FALSE,0,4,8,0,8,0,0.666666666666667
"S.A",35,60,0.33,"FALSE","FALSE","FALSE","7.4146711989692","6.19429190392096","1.22037929504824","0.571","0.034","0.027","1,3,5,6,10,12,14,36",0.0425201831049793,FALSE,2,6,8,2,6,0.25,0.5
"S.A",36,60,0.33,"FALSE","FALSE","FALSE","6.25668702319255","1.352535910711","4.90415111248155","0.834","0.036","0.033","3,5,12,61",0.1043647781842,FALSE,1,9,4,1,3,0.25,0.25
"S.A",37,60,0.33,"FALSE","FALSE","FALSE","7.82543367071515","3.57187702507796","4.25355664563719","0.495","0.035","0.027","1,3,5,6,10,12,36",0.0373541902265819,FALSE,1,6,7,1,6,0.142857142857143,0.5
"S.A",38,60,0.33,"FALSE","FALSE","FALSE","7.60086680216985","2.97355388874913","4.62731291342072","1.029","0.038","0.033","10,11,47,52,54,71,79,82",0.137424213605241,FALSE,6,10,8,6,2,0.75,0.166666666666667
"S.A",39,60,0.33,"FALSE","FALSE","FALSE","7.23542138896594","4.16165449432566","3.07376689464028","0.581","0.035","0.033","2,4,6,10,11,29,30",0.0696796634748741,FALSE,2,7,7,2,5,0.285714285714286,0.416666666666667
"S.A",4,60,0.33,"FALSE","FALSE","FALSE","7.36117969387914","4.0601514083448","3.30102828553435","0.333","0.035","0.029","1,3,5,6,10,12,36",0.0381271082919296,FALSE,1,6,7,1,6,0.142857142857143,0.5
"S.A",40,60,0.33,"FALSE","FALSE","FALSE","8.12757146223777","6.01603766796839","2.11153379426938","0.443","0.034","0.033","1,3,4,5,6,10,12,16",0.0238428169009262,FALSE,1,5,8,1,7,0.125,0.583333333333333
"S.A",41,60,0.33,"FALSE","FALSE","FALSE","7.13189765906047","4.93113296069517","2.20076469836529","0.438","0.034","0.032","1,3,5,6,10,12,36",0.0368054744202707,FALSE,1,6,7,1,6,0.142857142857143,0.5
"S.A",42,60,0.33,"FALSE","FALSE","FALSE","6.35943822310008","3.15545771259685","3.20398051050324","0.371","0.033","0.029","1,3,5,10,12,77",0.0593765651775233,FALSE,1,7,6,1,5,0.166666666666667,0.416666666666667
"S.A",43,60,0.33,"FALSE","FALSE","FALSE","7.74835637752646","3.93176652209682","3.81658985542964","0.552","0.035","0.036","4,6,7,8,10,12,86",0.0616297789153009,FALSE,1,6,7,1,6,0.142857142857143,0.5
"S.A",44,60,0.33,"FALSE","FALSE","FALSE","8.34936743714239","4.7385444586821","3.61082297846028","0.569","0.034","0.029","1,3,5,6,10,11,12,89",0.0299127131492117,FALSE,1,5,8,1,7,0.125,0.583333333333333
"S.A",45,60,0.33,"FALSE","FALSE","FALSE","6.86018912324427","3.56192727559681","3.29826184764745","0.655","0.036","0.03","5,6,8,12,14,27,78",0.0767842497391393,FALSE,3,8,7,3,4,0.428571428571429,0.333333333333333
"S.A",46,60,0.33,"FALSE","FALSE","FALSE","8.66614314537463","6.31615434548147","2.34998879989316","0.533","0.035","0.034","1,2,4,6,9,10,11,12",0.0255922373970811,FALSE,0,4,8,0,8,0,0.666666666666667
"S.A",47,60,0.33,"FALSE","FALSE","FALSE","7.01036907531646","4.34215480407254","2.66821427124392","0.552","0.033","0.033","1,10,12,14,49,97",0.10833051102529,FALSE,3,9,6,3,3,0.5,0.25
"S.A",48,60,0.33,"FALSE","FALSE","FALSE","9.21315681216577","4.89405691389545","4.31909989827032","0.496","0.032","0.03","1,3,5,6,8,10,12,14",0.0323116001776493,FALSE,1,5,8,1,7,0.125,0.583333333333333
"S.A",49,60,0.33,"FALSE","FALSE","FALSE","8.83207322738537","5.63287980384969","3.19919342353568","0.457","0.031","0.036","1,2,3,4,5,6,10,11,12,16",0.0110137742489169,FALSE,1,3,10,1,9,0.1,0.75
"S.A",5,60,0.33,"FALSE","FALSE","FALSE","5.82034156726912","2.59960556395211","3.22073600331702","0.513","0.035","0.024","3,5,6,12,61",0.0765394288329517,FALSE,1,8,5,1,4,0.2,0.333333333333333
"S.A",50,60,0.33,"FALSE","FALSE","FALSE","7.32649174692513","3.27702217343811","4.04946957348702","0.506","0.035","0.03","1,5,6,10,11,12,39",0.0665908194591511,FALSE,1,6,7,1,6,0.142857142857143,0.5
"S.A",51,60,0.33,"FALSE","FALSE","FALSE","7.35930363956101","4.74957221043269","2.60973142912832","0.59","0.035","0.033","4,5,6,7,8,11",0.0613228807736747,FALSE,0,6,6,0,6,0,0.5
"S.A",52,60,0.33,"FALSE","FALSE","FALSE","6.54775119144061","3.25198510473445","3.29576608670616","0.687","0.035","0.027","3,5,6,10,12,14",0.0523274524100947,FALSE,1,7,6,1,5,0.166666666666667,0.416666666666667
"S.A",53,60,0.33,"FALSE","FALSE","FALSE","6.94852655220055","2.14376509113478","4.80476146106577","0.913","0.037","0.036","3,5,6,7,8,12",0.0473921926099469,FALSE,0,6,6,0,6,0,0.5
"S.A",54,60,0.33,"FALSE","FALSE","FALSE","6.81204405910584","3.68552278464846","3.12652127445738","0.469","0.032","0.027","1,3,5,6,8,10,12",0.026876892776243,FALSE,0,5,7,0,7,0,0.583333333333333
"S.A",55,60,0.33,"FALSE","FALSE","FALSE","6.90466926854919","3.1820734277721","3.7225958407771","0.463","0.036","0.026","2,3,5,6,10,12",0.0392349665916,FALSE,0,6,6,0,6,0,0.5
"S.A",56,60,0.33,"FALSE","FALSE","FALSE","5.93312299632008","2.41799563581028","3.51512736050979","0.613","0.034","0.032","2,3,5,6,12",0.0623622790840451,FALSE,0,7,5,0,5,0,0.416666666666667
"S.A",57,60,0.33,"FALSE","FALSE","FALSE","8.11182306962972","5.85204095172895","2.25978211790077","0.553","0.032","0.029","3,5,6,8,10,12,14,36",0.042667266078949,FALSE,2,6,8,2,6,0.25,0.5
"S.A",58,60,0.33,"FALSE","FALSE","FALSE","10.2859473456174","3.12700892456477","7.15893842105266","0.614","0.038","0.035","2,4,6,7,10,11,28,85,87,93,102",0.0641423186557524,FALSE,5,6,11,5,6,0.454545454545455,0.5
"S.A",59,60,0.33,"FALSE","FALSE","FALSE","7.00887790760936","4.76261893892721","2.24625896868215","0.756","0.036","0.029","3,5,6,12,42,74",0.0731039480830918,FALSE,2,8,6,2,4,0.333333333333333,0.333333333333333
"S.A",6,60,0.33,"FALSE","FALSE","FALSE","7.00535810208473","4.22570262154302","2.77965548054171","0.481","0.033","0.031","1,3,5,6,10,12,36",0.0480946217383385,FALSE,1,6,7,1,6,0.142857142857143,0.5
"S.A",60,60,0.33,"FALSE","FALSE","FALSE","6.56994056410605","3.33261103088302","3.23732953322303","0.667","0.035","0.03","3,5,6,11,12,42",0.0506467589437595,FALSE,1,7,6,1,5,0.166666666666667,0.416666666666667
"S.A",61,60,0.33,"FALSE","FALSE","FALSE","7.25009114704058","4.60730734152416","2.64278380551641","0.446","0.033","0.035","1,3,5,6,10,12",0.0364101356495006,FALSE,0,6,6,0,6,0,0.5
"S.A",62,60,0.33,"FALSE","FALSE","FALSE","7.3858404531188","5.55814765097066","1.82769280214813","0.562","0.034","0.028","1,3,5,6,10,11,12",0.0307568582868997,FALSE,0,5,7,0,7,0,0.583333333333333
"S.A",63,60,0.33,"FALSE","FALSE","FALSE","7.93490687873804","3.77456807494354","4.1603388037945","0.918","0.038","0.034","1,3,5,10,12,14,75",0.0600821820185929,FALSE,2,7,7,2,5,0.285714285714286,0.416666666666667
"S.A",64,60,0.33,"FALSE","FALSE","FALSE","7.40088167986231","6.09309338958035","1.30778829028197","0.311","0.035","0.028","1,3,5,6,10,12,14",0.0415954001371002,FALSE,1,6,7,1,6,0.142857142857143,0.5
"S.A",65,60,0.33,"FALSE","FALSE","FALSE","6.81916434088295","4.24240173110244","2.57676260978051","0.5","0.035","0.028","1,3,5,6,10,12",0.0431836559576203,FALSE,0,6,6,0,6,0,0.5
"S.A",66,60,0.33,"FALSE","FALSE","FALSE","6.52935028276656","2.40549236833434","4.12385791443221","0.793","0.034","0.033","1,3,5,6,10,12",0.0336871394660182,FALSE,0,6,6,0,6,0,0.5
"S.A",67,60,0.33,"FALSE","FALSE","FALSE","6.72365543955259","3.38068425592273","3.34297118362986","0.581","0.034","0.029","1,3,5,6,10,12,14",0.0451850322020435,FALSE,1,6,7,1,6,0.142857142857143,0.5
"S.A",68,60,0.33,"FALSE","FALSE","FALSE","7.71796792536276","4.72889928416147","2.98906864120129","0.863","0.037","0.031","2,4,6,10,11,30,34,46",0.0681776144513561,FALSE,3,7,8,3,5,0.375,0.416666666666667
"S.A",69,60,0.33,"FALSE","FALSE","FALSE","6.7771221078367","3.6806152070248","3.0965069008119","0.661","0.034","0.03","1,3,5,6,10,12",0.040630703645222,FALSE,0,6,6,0,6,0,0.5
"S.A",7,60,0.33,"FALSE","FALSE","FALSE","7.91426298083486","4.86357043040892","3.05069255042594","0.922","0.036","0.033","3,4,6,7,8,11,92",0.0682395469200363,FALSE,1,6,7,1,6,0.142857142857143,0.5
"S.A",70,60,0.33,"FALSE","FALSE","FALSE","7.57615847184581","4.18846410709692","3.38769436474889","0.318","0.031","0.028","1,2,5,6,10,11,12",0.0260024951174487,FALSE,0,5,7,0,7,0,0.583333333333333
"S.A",71,60,0.33,"FALSE","FALSE","FALSE","7.5708237622128","6.14974176602371","1.42108199618908","0.468","0.034","0.029","3,5,6,7,10,12,14",0.0433937916495154,FALSE,1,6,7,1,6,0.142857142857143,0.5
"S.A",72,60,0.33,"FALSE","FALSE","FALSE","7.65925335803774","4.56937972466681","3.08987363337094","0.541","0.032","0.029","1,3,5,6,10,12,14",0.0376436155363435,FALSE,1,6,7,1,6,0.142857142857143,0.5
"S.A",73,60,0.33,"FALSE","FALSE","FALSE","7.76245187029338","2.57579302598796","5.18665884430542","0.517","0.037","0.033","1,3,5,6,10,11,12",0.0304082030765556,FALSE,0,5,7,0,7,0,0.583333333333333
"S.A",74,60,0.33,"FALSE","FALSE","FALSE","7.38561373090244","2.89191761214061","4.49369611876183","0.584","0.034","0.031","3,6,12,14,42,49,74",0.0966144312966518,FALSE,4,9,7,4,3,0.571428571428571,0.25
"S.A",75,60,0.33,"FALSE","FALSE","FALSE","7.02238134045707","3.58501326610906","3.43736807434802","0.644","0.033","0.032","1,2,3,5,6,10,12,14",0.0351988938408834,FALSE,1,5,8,1,7,0.125,0.583333333333333
"S.A",76,60,0.33,"FALSE","FALSE","FALSE","6.95494988039902","4.39140903193718","2.56354084846184","0.605","0.037","0.031","1,3,5,6,10,12,14,31",0.041302342162756,FALSE,2,6,8,2,6,0.25,0.5
"S.A",77,60,0.33,"FALSE","FALSE","FALSE","6.72621857545989","3.50011881144807","3.22609976401182","0.522","0.035","0.029","1,3,5,6,10,12",0.0409764333322951,FALSE,0,6,6,0,6,0,0.5
"S.A",78,60,0.33,"FALSE","FALSE","FALSE","7.94666261922567","4.7642727332939","3.18238988593177","0.527","0.032","0.027","1,2,3,5,6,10,11,12",0.0191631484136846,FALSE,0,4,8,0,8,0,0.666666666666667
"S.A",79,60,0.33,"FALSE","FALSE","FALSE","5.9448729995828","2.84923895708978","3.09563404249302","0.425","0.032","0.024","1,5,6,10,11,12",0.0405735862408699,FALSE,0,6,6,0,6,0,0.5
"S.A",8,60,0.33,"FALSE","FALSE","FALSE","7.91104918002214","2.6991694126884","5.21187976733374","0.757","0.035","0.034","2,6,10,11,30,76,85",0.088404017763412,FALSE,3,8,7,3,4,0.428571428571429,0.333333333333333
"S.A",80,60,0.33,"FALSE","FALSE","FALSE","8.99778008181522","4.55226440055374","4.44551568126148","0.629","0.034","0.03","1,2,3,5,6,10,11,12,75,76",0.0218352695804755,FALSE,2,4,10,2,8,0.2,0.666666666666667
"S.A",81,60,0.33,"FALSE","FALSE","FALSE","7.85507903102157","4.58627709981785","3.26880193120372","0.748","0.036","0.031","1,2,4,6,8,10,11",0.0420176262540663,FALSE,0,5,7,0,7,0,0.583333333333333
"S.A",82,60,0.33,"FALSE","FALSE","FALSE","6.6145936521519","1.80198373988875","4.81260991226315","0.642","0.037","0.03","2,10,12,15,30,34,42",0.115572251546949,FALSE,4,9,7,4,3,0.571428571428571,0.25
"S.A",83,60,0.33,"FALSE","FALSE","FALSE","6.87112305175437","3.31377106141046","3.55735199034391","0.491","0.034","0.033","3,6,8,10,14,69",0.089578266264784,FALSE,2,8,6,2,4,0.333333333333333,0.333333333333333
"S.A",84,60,0.33,"FALSE","FALSE","FALSE","6.98818509540631","4.93150799934989","2.05667709605642","0.483","0.036","0.033","1,3,5,6,10,12",0.0398150033792632,FALSE,0,6,6,0,6,0,0.5
"S.A",85,60,0.33,"FALSE","FALSE","FALSE","6.56964942040437","4.505026224439","2.06462319596537","0.579","0.035","0.027","3,5,6,10,12,14,58",0.0520553755053358,FALSE,2,7,7,2,5,0.285714285714286,0.416666666666667
"S.A",86,60,0.33,"FALSE","FALSE","FALSE","7.4585159637515","5.29718106873669","2.16133489501481","0.69","0.034","0.033","3,5,6,7,8,10,14",0.0579033911249518,FALSE,1,6,7,1,6,0.142857142857143,0.5
"S.A",87,60,0.33,"TRUE","TRUE","FALSE","9.45668860657648","5.15658926055446","4.30009934602202","0.467","0.033","0.031","1,3,4,5,6,9,10,11,12",0.0109416467905219,FALSE,0,3,9,0,9,0,0.75
"S.A",88,60,0.33,"FALSE","FALSE","FALSE","6.37273645687217","3.50622583694293","2.86651061992924","0.836","0.035","0.025","3,5,6,12,61",0.0817145847116639,FALSE,1,8,5,1,4,0.2,0.333333333333333
"S.A",89,60,0.33,"FALSE","FALSE","FALSE","7.26702230972971","3.71904395446359","3.54797835526612","0.447","0.04","0.03","1,3,5,6,10,12,14",0.0413457737037969,FALSE,1,6,7,1,6,0.142857142857143,0.5
"S.A",9,60,0.33,"FALSE","FALSE","FALSE","7.18394525081941","4.70084539604945","2.48309985476996","0.407","0.034","0.031","1,3,5,6,8,10,14",0.0595260622945514,FALSE,1,6,7,1,6,0.142857142857143,0.5
"S.A",90,60,0.33,"FALSE","FALSE","FALSE","6.33563370079702","4.60236322127963","1.73327047951739","0.623","0.036","0.033","3,5,6,12,57",0.0653543008444775,FALSE,1,8,5,1,4,0.2,0.333333333333333
"S.A",91,60,0.33,"FALSE","FALSE","FALSE","6.90333223126881","5.37072200972357","1.53261022154524","0.432","0.033","0.028","1,3,5,6,10,12,14",0.0375972835491696,FALSE,1,6,7,1,6,0.142857142857143,0.5
"S.A",92,60,0.33,"FALSE","FALSE","FALSE","8.96932665950671","5.47741933893665","3.49190732057006","0.469","0.036","0.029","1,2,3,4,5,6,9,10,11,12",0.00754636428003528,FALSE,0,2,10,0,10,0,0.833333333333333
"S.A",93,60,0.33,"FALSE","FALSE","FALSE","9.04490740695497","4.41216928433504","4.63273812261994","0.597","0.034","0.029","1,2,5,6,10,11,12,97",0.0278202972285754,FALSE,1,5,8,1,7,0.125,0.583333333333333
"S.A",94,60,0.33,"FALSE","FALSE","FALSE","7.39360732103674","5.5658561894397","1.82775113159704","0.361","0.035","0.026","1,3,5,6,8,10,12,14",0.0331275451125934,FALSE,1,5,8,1,7,0.125,0.583333333333333
"S.A",95,60,0.33,"FALSE","FALSE","FALSE","5.24731205527022","3.73383241019454","1.51347964507568","0.544","0.034","0.024","3,5,12,61",0.118029988913893,FALSE,1,9,4,1,3,0.25,0.25
"S.A",96,60,0.33,"FALSE","FALSE","FALSE","6.68473932772023","2.27353766152147","4.41120166619876","0.73","0.037","0.032","1,5,10,12,31,77",0.0715950635933106,FALSE,2,8,6,2,4,0.333333333333333,0.333333333333333
"S.A",97,60,0.33,"FALSE","FALSE","FALSE","7.01883575764651","3.15428872773728","3.86454702990923","0.451","0.033","0.029","3,5,6,7,10,12,14,36",0.0419490167531161,FALSE,2,6,8,2,6,0.25,0.5
"S.A",98,60,0.33,"FALSE","FALSE","FALSE","7.2837615173384","4.12881140471138","3.15495011262702","0.433","0.035","0.026","1,3,5,6,10,11,12",0.0283226507418114,FALSE,0,5,7,0,7,0,0.583333333333333
"S.A",99,60,0.33,"FALSE","FALSE","FALSE","6.73122288794613","3.99384509900352","2.73737778894261","0.461","0.035","0.029","1,3,5,10,12,77",0.0623913217435578,FALSE,1,7,6,1,5,0.166666666666667,0.416666666666667
"S.A.b",1,60,0.33,"FALSE","FALSE","FALSE","7.68922014936485","4.98743848061308","2.70178166875177","0.574","0.035","0.031","1,2,3,4,5,6,9,10,11,12",0.00713355871682619,FALSE,0,2,10,0,10,0,0.833333333333333
"S.A.b",10,60,0.33,"FALSE","FALSE","FALSE","6.81906764327463","4.11123778260381","2.70782986067082","0.559","0.032","0.028","1,3,5,6,8,10,12,14",0.0294192626153265,FALSE,1,5,8,1,7,0.125,0.583333333333333
"S.A.b",100,60,0.33,"FALSE","FALSE","FALSE","7.94134491333354","4.19237539422955","3.74896951910399","0.557","0.035","0.03","1,3,5,6,8,10,12,14",0.0330970680099841,FALSE,1,5,8,1,7,0.125,0.583333333333333
"S.A.b",11,60,0.33,"FALSE","FALSE","FALSE","7.01100311899139","5.19042859233904","1.82057452665235","0.445","0.033","0.029","1,3,5,6,8,10,12,14",0.0287062776992862,FALSE,1,5,8,1,7,0.125,0.583333333333333
"S.A.b",12,60,0.33,"FALSE","FALSE","FALSE","6.9335489110909","3.72551907830594","3.20802983278495","0.999","0.041","0.033","3,5,6,7,8,12,14",0.0527403073813521,FALSE,1,6,7,1,6,0.142857142857143,0.5
"S.A.b",13,60,0.33,"FALSE","FALSE","FALSE","7.50194670440047","3.92526503802579","3.57668166637469","0.609","0.036","0.029","3,5,6,10,12,94,99",0.0500174885196083,FALSE,2,7,7,2,5,0.285714285714286,0.416666666666667
"S.A.b",14,60,0.33,"FALSE","FALSE","FALSE","8.30501182945556","4.27310732418778","4.03190450526777","0.525","0.034","0.029","1,2,3,5,6,8,10,11,12",0.0133876914910606,FALSE,0,3,9,0,9,0,0.75
"S.A.b",15,60,0.33,"FALSE","FALSE","FALSE","6.92936673020583","5.14630087382392","1.78306585638191","0.413","0.032","0.034","3,5,6,10,12,14",0.0542194975571116,FALSE,1,7,6,1,5,0.166666666666667,0.416666666666667
"S.A.b",16,60,0.33,"FALSE","FALSE","FALSE","6.95725970217814","5.16929877036627","1.78796093181188","0.425","0.033","0.029","3,5,6,8,10,12,14",0.0394821780888872,FALSE,1,6,7,1,6,0.142857142857143,0.5
"S.A.b",17,60,0.33,"FALSE","FALSE","FALSE","6.7096564684374","3.19983573039856","3.50982073803883","0.324","0.033","0.027","1,3,5,6,10,11,12",0.0291559084527995,FALSE,0,5,7,0,7,0,0.583333333333333
"S.A.b",18,60,0.33,"FALSE","FALSE","FALSE","6.95954449152822","2.77279917055513","4.18674532097309","0.744","0.035","0.03","1,5,10,12,71,77",0.0850589078238377,FALSE,2,8,6,2,4,0.333333333333333,0.333333333333333
"S.A.b",19,60,0.33,"FALSE","FALSE","FALSE","6.31953416332954","2.24113318300771","4.07840098032183","0.611","0.038","0.033","1,2,3,5,6,10,11,12",0.0180483680817355,FALSE,0,4,8,0,8,0,0.666666666666667
"S.A.b",2,60,0.33,"FALSE","FALSE","FALSE","7.18599887300466","3.90567360484741","3.28032526815725","0.506","0.035","0.028","3,4,5,6,7,10,12,53",0.0305119851192716,FALSE,1,5,8,1,7,0.125,0.583333333333333
"S.A.b",20,60,0.33,"FALSE","FALSE","FALSE","6.69320455079162","5.02233471779025","1.67086983300137","0.457","0.034","0.028","1,3,5,6,10,12,14",0.0347779549719279,FALSE,1,6,7,1,6,0.142857142857143,0.5
"S.A.b",21,60,0.33,"FALSE","FALSE","FALSE","7.44802286739135","3.83415642841776","3.61386643897359","0.654","0.035","0.03","1,3,5,6,8,10,12,14",0.0320034652390181,FALSE,1,5,8,1,7,0.125,0.583333333333333
"S.A.b",22,60,0.33,"FALSE","FALSE","FALSE","6.97302892096946","3.88711676215891","3.08591215881056","0.49","0.035","0.029","1,2,3,5,6,10,11,12",0.0155275627046402,FALSE,0,4,8,0,8,0,0.666666666666667
"S.A.b",23,60,0.33,"FALSE","FALSE","FALSE","6.66256250878901","3.39439909541856","3.26816341337046","0.716","0.035","0.031","1,2,3,5,6,10,11,12",0.0183392717990528,FALSE,0,4,8,0,8,0,0.666666666666667
"S.A.b",24,60,0.33,"FALSE","FALSE","FALSE","5.98884301434904","3.11413429580614","2.8747087185429","0.838","0.036","0.031","9,11,12,18,22,49",0.121587240875177,FALSE,3,9,6,3,3,0.5,0.25
"S.A.b",25,60,0.33,"FALSE","FALSE","FALSE","8.41044128489778","5.80649676201225","2.60394452288553","0.399","0.032","0.028","1,2,3,5,6,10,11,12",0.0195432867317304,FALSE,0,4,8,0,8,0,0.666666666666667
"S.A.b",26,60,0.33,"FALSE","FALSE","FALSE","7.02029940096678","4.05007347711261","2.97022592385416","0.532","0.035","0.032","1,3,5,6,10,11,12",0.0231833607720531,FALSE,0,5,7,0,7,0,0.583333333333333
"S.A.b",27,60,0.33,"FALSE","FALSE","FALSE","8.62943254676745","3.16088172486123","5.46855082190623","0.747","0.04","0.032","3,6,8,12,15,42,54,74,76",0.114059595615468,FALSE,5,8,9,5,4,0.555555555555556,0.333333333333333
"S.A.b",28,60,0.33,"FALSE","FALSE","FALSE","7.29723542252072","3.29713882021287","4.00009660230785","0.62","0.034","0.035","6,10,11,29,30,85,102",0.104380505385642,FALSE,4,9,7,4,3,0.571428571428571,0.25
"S.A.b",29,60,0.33,"FALSE","FALSE","FALSE","7.77485758488408","4.44499370509018","3.3298638797939","0.663","0.039","0.039","1,2,4,6,9,10,11,12,66",0.0296223240485779,FALSE,1,4,9,1,8,0.111111111111111,0.666666666666667
"S.A.b",3,60,0.33,"FALSE","FALSE","FALSE","5.92217504413645","4.68203165142776","1.24014339270869","0.455","0.034","0.025","1,3,5,6,10,11,12",0.0260415793386334,FALSE,0,5,7,0,7,0,0.583333333333333
"S.A.b",30,60,0.33,"FALSE","FALSE","FALSE","7.31881731287337","4.62739632228984","2.69142099058353","0.641","0.033","0.028","1,2,5,6,10,11,12",0.0269328547103856,FALSE,0,5,7,0,7,0,0.583333333333333
"S.A.b",31,60,0.33,"FALSE","FALSE","FALSE","7.90101944035378","3.37724372711177","4.52377571324201","0.918","0.034","0.036","1,2,4,5,6,10,11,12",0.0150561503549196,FALSE,0,4,8,0,8,0,0.666666666666667
"S.A.b",32,60,0.33,"FALSE","FALSE","FALSE","6.0833742322156","2.93375096227851","3.14962326993709","0.514","0.036","0.034","1,3,5,10,12,14,34",0.0658884049843523,FALSE,2,7,7,2,5,0.285714285714286,0.416666666666667
"S.A.b",33,60,0.33,"FALSE","FALSE","FALSE","7.53169482775426","2.52556738253876","5.0061274452155","0.587","0.033","0.031","1,3,5,6,8,10,12,14",0.0380456350529454,FALSE,1,5,8,1,7,0.125,0.583333333333333
"S.A.b",34,60,0.33,"FALSE","FALSE","FALSE","7.90005986183054","4.54659173661652","3.35346812521402","0.484","0.033","0.031","1,2,3,4,5,6,10,11,12",0.00758794893664162,FALSE,0,3,9,0,9,0,0.75
"S.A.b",35,60,0.33,"FALSE","FALSE","FALSE","7.4146711989692","6.19429190392096","1.22037929504824","0.571","0.034","0.027","1,3,5,6,10,12,14,36",0.0425201831049793,FALSE,2,6,8,2,6,0.25,0.5
"S.A.b",36,60,0.33,"FALSE","FALSE","FALSE","6.25668702319255","1.352535910711","4.90415111248155","0.834","0.036","0.033","2,10,11,12,30,34,42,100",0.0908631123965207,FALSE,4,8,8,4,4,0.5,0.333333333333333
"S.A.b",37,60,0.33,"FALSE","FALSE","FALSE","7.82543367071515","3.57187702507796","4.25355664563719","0.495","0.035","0.027","1,2,3,5,6,8,10,11,12,88",0.013397167382308,FALSE,1,3,10,1,9,0.1,0.75
"S.A.b",38,60,0.33,"FALSE","FALSE","FALSE","7.60086680216985","2.97355388874913","4.62731291342072","1.029","0.038","0.033","2,4,6,10,11,46",0.0627740358402514,FALSE,1,7,6,1,5,0.166666666666667,0.416666666666667
"S.A.b",39,60,0.33,"FALSE","FALSE","FALSE","7.23542138896594","4.16165449432566","3.07376689464028","0.581","0.035","0.033","1,2,3,4,6,10,11,12,29",0.0285206921717536,FALSE,1,4,9,1,8,0.111111111111111,0.666666666666667
"S.A.b",4,60,0.33,"FALSE","FALSE","FALSE","7.36117969387914","4.0601514083448","3.30102828553435","0.333","0.035","0.029","1,3,5,6,10,12,36",0.0381271082919296,FALSE,1,6,7,1,6,0.142857142857143,0.5
"S.A.b",40,60,0.33,"FALSE","FALSE","FALSE","8.12757146223777","6.01603766796839","2.11153379426938","0.443","0.034","0.033","1,3,4,5,6,10,12,16",0.0238428169009262,FALSE,1,5,8,1,7,0.125,0.583333333333333
"S.A.b",41,60,0.33,"FALSE","FALSE","FALSE","7.13189765906047","4.93113296069517","2.20076469836529","0.438","0.034","0.032","1,3,5,6,10,12,36",0.0368054744202707,FALSE,1,6,7,1,6,0.142857142857143,0.5
"S.A.b",42,60,0.33,"FALSE","FALSE","FALSE","6.35943822310008","3.15545771259685","3.20398051050324","0.371","0.033","0.029","1,3,5,10,12,77",0.0593765651775233,FALSE,1,7,6,1,5,0.166666666666667,0.416666666666667
"S.A.b",43,60,0.33,"FALSE","FALSE","FALSE","7.74835637752646","3.93176652209682","3.81658985542964","0.552","0.035","0.036","4,6,7,8,10,12,86",0.0616297789153009,FALSE,1,6,7,1,6,0.142857142857143,0.5
"S.A.b",44,60,0.33,"FALSE","FALSE","FALSE","8.34936743714239","4.7385444586821","3.61082297846028","0.569","0.034","0.029","1,2,3,4,5,6,10,11,12,89",0.0150586017858643,FALSE,1,3,10,1,9,0.1,0.75
"S.A.b",45,60,0.33,"FALSE","FALSE","FALSE","6.86018912324427","3.56192727559681","3.29826184764745","0.655","0.036","0.03","5,6,8,12,14,27,78",0.0767842497391393,FALSE,3,8,7,3,4,0.428571428571429,0.333333333333333
"S.A.b",46,60,0.33,"FALSE","FALSE","FALSE","8.66614314537463","6.31615434548147","2.34998879989316","0.533","0.035","0.034","1,2,4,5,6,9,10,11,12",0.0143518500015947,FALSE,0,3,9,0,9,0,0.75
"S.A.b",47,60,0.33,"FALSE","FALSE","FALSE","7.01036907531646","4.34215480407254","2.66821427124392","0.552","0.033","0.033","1,3,5,10,12,14,17,49",0.0659373417426499,FALSE,3,7,8,3,5,0.375,0.416666666666667
"S.A.b",48,60,0.33,"FALSE","FALSE","FALSE","9.21315681216577","4.89405691389545","4.31909989827032","0.496","0.032","0.03","1,3,5,6,8,10,12,14",0.0323116001776493,FALSE,1,5,8,1,7,0.125,0.583333333333333
"S.A.b",49,60,0.33,"FALSE","FALSE","FALSE","8.83207322738537","5.63287980384969","3.19919342353568","0.457","0.031","0.036","1,2,3,4,5,6,10,11,12,16",0.0110137742489169,FALSE,1,3,10,1,9,0.1,0.75
"S.A.b",5,60,0.33,"FALSE","FALSE","FALSE","5.82034156726912","2.59960556395211","3.22073600331702","0.513","0.035","0.024","1,3,5,6,10,11,12",0.0297332154228574,FALSE,0,5,7,0,7,0,0.583333333333333
"S.A.b",50,60,0.33,"FALSE","FALSE","FALSE","7.32649174692513","3.27702217343811","4.04946957348702","0.506","0.035","0.03","1,3,5,6,8,10,11,12,39",0.0452943786002973,FALSE,1,4,9,1,8,0.111111111111111,0.666666666666667
"S.A.b",51,60,0.33,"FALSE","FALSE","FALSE","7.35930363956101","4.74957221043269","2.60973142912832","0.59","0.035","0.033","4,5,6,7,8,11",0.0613228807736747,FALSE,0,6,6,0,6,0,0.5
"S.A.b",52,60,0.33,"FALSE","FALSE","FALSE","6.54775119144061","3.25198510473445","3.29576608670616","0.687","0.035","0.027","1,3,5,6,8,10,12,14",0.0331449870347152,FALSE,1,5,8,1,7,0.125,0.583333333333333
"S.A.b",53,60,0.33,"FALSE","FALSE","FALSE","6.94852655220055","2.14376509113478","4.80476146106577","0.913","0.037","0.036","3,4,5,6,7,8,12",0.0362314117817746,FALSE,0,5,7,0,7,0,0.583333333333333
"S.A.b",54,60,0.33,"FALSE","FALSE","FALSE","6.81204405910584","3.68552278464846","3.12652127445738","0.469","0.032","0.027","3,4,5,6,7,8,10,12",0.021644814281771,FALSE,0,4,8,0,8,0,0.666666666666667
"S.A.b",55,60,0.33,"FALSE","FALSE","FALSE","6.90466926854919","3.1820734277721","3.7225958407771","0.463","0.036","0.026","1,2,3,5,6,10,11,12",0.0171812468058732,FALSE,0,4,8,0,8,0,0.666666666666667
"S.A.b",56,60,0.33,"FALSE","FALSE","FALSE","5.93312299632008","2.41799563581028","3.51512736050979","0.613","0.034","0.032","1,2,3,5,6,10,11,12",0.0208616436362809,FALSE,0,4,8,0,8,0,0.666666666666667
"S.A.b",57,60,0.33,"FALSE","FALSE","FALSE","8.11182306962972","5.85204095172895","2.25978211790077","0.553","0.032","0.029","3,4,5,6,10,12,16,35,36",0.0427608078482545,FALSE,3,6,9,3,6,0.333333333333333,0.5
"S.A.b",58,60,0.33,"FALSE","FALSE","FALSE","10.2859473456174","3.12700892456477","7.15893842105266","0.614","0.038","0.035","2,4,6,7,10,11,28,85,87,93,102",0.0641423186557524,FALSE,5,6,11,5,6,0.454545454545455,0.5
"S.A.b",59,60,0.33,"FALSE","FALSE","FALSE","7.00887790760936","4.76261893892721","2.24625896868215","0.756","0.036","0.029","1,3,5,6,9,10,12,18,31,77",0.0463532227018512,FALSE,3,5,10,3,7,0.3,0.583333333333333
"S.A.b",6,60,0.33,"FALSE","FALSE","FALSE","7.00535810208473","4.22570262154302","2.77965548054171","0.481","0.033","0.031","1,2,5,6,10,11,12,24",0.0274659827464284,FALSE,1,5,8,1,7,0.125,0.583333333333333
"S.A.b",60,60,0.33,"FALSE","FALSE","FALSE","6.56994056410605","3.33261103088302","3.23732953322303","0.667","0.035","0.03","3,4,5,6,7,11,12",0.029757677832079,FALSE,0,5,7,0,7,0,0.583333333333333
"S.A.b",61,60,0.33,"FALSE","FALSE","FALSE","7.25009114704058","4.60730734152416","2.64278380551641","0.446","0.033","0.035","1,2,3,5,6,10,11,12",0.0176182955274491,FALSE,0,4,8,0,8,0,0.666666666666667
"S.A.b",62,60,0.33,"FALSE","FALSE","FALSE","7.3858404531188","5.55814765097066","1.82769280214813","0.562","0.034","0.028","1,3,4,5,6,7,10,11,12",0.0126301125501074,FALSE,0,3,9,0,9,0,0.75
"S.A.b",63,60,0.33,"FALSE","FALSE","FALSE","7.93490687873804","3.77456807494354","4.1603388037945","0.918","0.038","0.034","1,3,5,6,10,12,14,36,88",0.0434554278925869,FALSE,3,6,9,3,6,0.333333333333333,0.5
"S.A.b",64,60,0.33,"FALSE","FALSE","FALSE","7.40088167986231","6.09309338958035","1.30778829028197","0.311","0.035","0.028","1,3,5,6,10,12,14",0.0415954001371002,FALSE,1,6,7,1,6,0.142857142857143,0.5
"S.A.b",65,60,0.33,"FALSE","FALSE","FALSE","6.81916434088295","4.24240173110244","2.57676260978051","0.5","0.035","0.028","1,3,5,6,10,12,14",0.040558988840451,FALSE,1,6,7,1,6,0.142857142857143,0.5
"S.A.b",66,60,0.33,"FALSE","FALSE","FALSE","6.52935028276656","2.40549236833434","4.12385791443221","0.793","0.034","0.033","1,3,5,6,10,12,17",0.0348398628844986,FALSE,1,6,7,1,6,0.142857142857143,0.5
"S.A.b",67,60,0.33,"FALSE","FALSE","FALSE","6.72365543955259","3.38068425592273","3.34297118362986","0.581","0.034","0.029","1,3,5,6,10,12,14",0.0451850322020435,FALSE,1,6,7,1,6,0.142857142857143,0.5
"S.A.b",68,60,0.33,"FALSE","FALSE","FALSE","7.71796792536276","4.72889928416147","2.98906864120129","0.863","0.037","0.031","1,2,3,4,5,6,10,11,12,64",0.0108304266162858,FALSE,1,3,10,1,9,0.1,0.75
"S.A.b",69,60,0.33,"FALSE","FALSE","FALSE","6.7771221078367","3.6806152070248","3.0965069008119","0.661","0.034","0.03","1,2,3,5,6,10,11,12",0.0173105542617126,FALSE,0,4,8,0,8,0,0.666666666666667
"S.A.b",7,60,0.33,"FALSE","FALSE","FALSE","7.91426298083486","4.86357043040892","3.05069255042594","0.922","0.036","0.033","1,2,3,4,5,6,9,10,11,12,71",0.0112263738749592,FALSE,1,2,11,1,10,0.0909090909090909,0.833333333333333
"S.A.b",70,60,0.33,"FALSE","FALSE","FALSE","7.57615847184581","4.18846410709692","3.38769436474889","0.318","0.031","0.028","1,2,3,5,6,10,11,12",0.0185231544263974,FALSE,0,4,8,0,8,0,0.666666666666667
"S.A.b",71,60,0.33,"FALSE","FALSE","FALSE","7.5708237622128","6.14974176602371","1.42108199618908","0.468","0.034","0.029","2,3,5,6,10,12,14",0.0380677601240921,FALSE,1,6,7,1,6,0.142857142857143,0.5
"S.A.b",72,60,0.33,"FALSE","FALSE","FALSE","7.65925335803774","4.56937972466681","3.08987363337094","0.541","0.032","0.029","1,2,3,4,5,6,10,11,12,16",0.00992100334295753,FALSE,1,3,10,1,9,0.1,0.75
"S.A.b",73,60,0.33,"FALSE","FALSE","FALSE","7.76245187029338","2.57579302598796","5.18665884430542","0.517","0.037","0.033","1,2,3,5,6,10,11,12",0.0219516342188581,FALSE,0,4,8,0,8,0,0.666666666666667
"S.A.b",74,60,0.33,"FALSE","FALSE","FALSE","7.38561373090244","2.89191761214061","4.49369611876183","0.584","0.034","0.031","3,4,5,6,7,9,11,12",0.028025422558268,FALSE,0,4,8,0,8,0,0.666666666666667
"S.A.b",75,60,0.33,"FALSE","FALSE","FALSE","7.02238134045707","3.58501326610906","3.43736807434802","0.644","0.033","0.032","1,2,3,5,6,10,12,14",0.0351988938408834,FALSE,1,5,8,1,7,0.125,0.583333333333333
"S.A.b",76,60,0.33,"FALSE","FALSE","FALSE","6.95494988039902","4.39140903193718","2.56354084846184","0.605","0.037","0.031","1,3,5,6,10,12,14,31",0.041302342162756,FALSE,2,6,8,2,6,0.25,0.5
"S.A.b",77,60,0.33,"FALSE","FALSE","FALSE","6.72621857545989","3.50011881144807","3.22609976401182","0.522","0.035","0.029","1,2,3,5,6,10,11,12,16",0.0177019569804437,FALSE,1,4,9,1,8,0.111111111111111,0.666666666666667
"S.A.b",78,60,0.33,"FALSE","FALSE","FALSE","7.94666261922567","4.7642727332939","3.18238988593177","0.527","0.032","0.027","1,2,3,5,6,10,11,12",0.0191631484136846,FALSE,0,4,8,0,8,0,0.666666666666667
"S.A.b",79,60,0.33,"FALSE","FALSE","FALSE","5.9448729995828","2.84923895708978","3.09563404249302","0.425","0.032","0.024","1,5,6,9,10,11,12",0.0336846617403358,FALSE,0,5,7,0,7,0,0.583333333333333
"S.A.b",8,60,0.33,"FALSE","FALSE","FALSE","7.91104918002214","2.6991694126884","5.21187976733374","0.757","0.035","0.034","2,4,6,9,10,11,30",0.0621973966154953,FALSE,1,6,7,1,6,0.142857142857143,0.5
"S.A.b",80,60,0.33,"FALSE","FALSE","FALSE","8.99778008181522","4.55226440055374","4.44551568126148","0.629","0.034","0.03","1,2,3,5,6,10,11,12,75,76",0.0218352695804755,FALSE,2,4,10,2,8,0.2,0.666666666666667
"S.A.b",81,60,0.33,"FALSE","FALSE","FALSE","7.85507903102157","4.58627709981785","3.26880193120372","0.748","0.036","0.031","1,2,4,5,6,8,10,11,12,23",0.0169931641900055,FALSE,1,3,10,1,9,0.1,0.75
"S.A.b",82,60,0.33,"FALSE","FALSE","FALSE","6.6145936521519","1.80198373988875","4.81260991226315","0.642","0.037","0.03","1,5,6,8,10,12,14,27",0.0491532167372917,FALSE,2,6,8,2,6,0.25,0.5
"S.A.b",83,60,0.33,"FALSE","FALSE","FALSE","6.87112305175437","3.31377106141046","3.55735199034391","0.491","0.034","0.033","3,6,8,10,14,69",0.089578266264784,FALSE,2,8,6,2,4,0.333333333333333,0.333333333333333
"S.A.b",84,60,0.33,"FALSE","FALSE","FALSE","6.98818509540631","4.93150799934989","2.05667709605642","0.483","0.036","0.033","1,3,5,6,10,12",0.0398150033792632,FALSE,0,6,6,0,6,0,0.5
"S.A.b",85,60,0.33,"FALSE","FALSE","FALSE","6.56964942040437","4.505026224439","2.06462319596537","0.579","0.035","0.027","3,5,6,10,12,14,58",0.0520553755053358,FALSE,2,7,7,2,5,0.285714285714286,0.416666666666667
"S.A.b",86,60,0.33,"FALSE","FALSE","FALSE","7.4585159637515","5.29718106873669","2.16133489501481","0.69","0.034","0.033","2,3,4,5,6,7,8,10,11",0.0232611215622146,FALSE,0,3,9,0,9,0,0.75
"S.A.b",87,60,0.33,"TRUE","TRUE","FALSE","9.45668860657648","5.15658926055446","4.30009934602202","0.467","0.033","0.031","1,2,3,4,5,6,8,9,10,11,12",0.00428167982333357,FALSE,0,1,11,0,11,0,0.916666666666667
"S.A.b",88,60,0.33,"FALSE","FALSE","FALSE","6.37273645687217","3.50622583694293","2.86651061992924","0.836","0.035","0.025","3,5,6,7,8,11,12,88",0.0427944015127863,FALSE,1,5,8,1,7,0.125,0.583333333333333
"S.A.b",89,60,0.33,"FALSE","FALSE","FALSE","7.26702230972971","3.71904395446359","3.54797835526612","0.447","0.04","0.03","1,3,5,6,10,12,14",0.0413457737037969,FALSE,1,6,7,1,6,0.142857142857143,0.5
"S.A.b",9,60,0.33,"FALSE","FALSE","FALSE","7.18394525081941","4.70084539604945","2.48309985476996","0.407","0.034","0.031","1,3,5,6,8,10,12,14",0.0402082370866628,FALSE,1,5,8,1,7,0.125,0.583333333333333
"S.A.b",90,60,0.33,"FALSE","FALSE","FALSE","6.33563370079702","4.60236322127963","1.73327047951739","0.623","0.036","0.033","1,2,3,5,6,10,11,12",0.0149910040240218,FALSE,0,4,8,0,8,0,0.666666666666667
"S.A.b",91,60,0.33,"FALSE","FALSE","FALSE","6.90333223126881","5.37072200972357","1.53261022154524","0.432","0.033","0.028","1,3,5,6,10,12,14",0.0375972835491696,FALSE,1,6,7,1,6,0.142857142857143,0.5
"S.A.b",92,60,0.33,"FALSE","FALSE","FALSE","8.96932665950671","5.47741933893665","3.49190732057006","0.469","0.036","0.029","1,2,3,4,5,6,9,10,11,12",0.00754636428003528,FALSE,0,2,10,0,10,0,0.833333333333333
"S.A.b",93,60,0.33,"FALSE","FALSE","FALSE","9.04490740695497","4.41216928433504","4.63273812261994","0.597","0.034","0.029","1,2,4,5,6,10,11,12,97",0.0193666434869157,FALSE,1,4,9,1,8,0.111111111111111,0.666666666666667
"S.A.b",94,60,0.33,"FALSE","FALSE","FALSE","7.39360732103674","5.5658561894397","1.82775113159704","0.361","0.035","0.026","1,3,5,6,8,10,12,14",0.0331275451125934,FALSE,1,5,8,1,7,0.125,0.583333333333333
"S.A.b",95,60,0.33,"FALSE","FALSE","FALSE","5.24731205527022","3.73383241019454","1.51347964507568","0.544","0.034","0.024","3,4,5,6,7,9,11,12",0.0320031491909022,FALSE,0,4,8,0,8,0,0.666666666666667
"S.A.b",96,60,0.33,"FALSE","FALSE","FALSE","6.68473932772023","2.27353766152147","4.41120166619876","0.73","0.037","0.032","1,3,5,6,10,12,14,31",0.0388123939799419,FALSE,2,6,8,2,6,0.25,0.5
"S.A.b",97,60,0.33,"FALSE","FALSE","FALSE","7.01883575764651","3.15428872773728","3.86454702990923","0.451","0.033","0.029","3,4,5,6,7,10,12",0.0275390772968539,FALSE,0,5,7,0,7,0,0.583333333333333
"S.A.b",98,60,0.33,"FALSE","FALSE","FALSE","7.2837615173384","4.12881140471138","3.15495011262702","0.433","0.035","0.026","1,3,5,6,10,11,12",0.0283226507418114,FALSE,0,5,7,0,7,0,0.583333333333333
"S.A.b",99,60,0.33,"FALSE","FALSE","FALSE","6.73122288794613","3.99384509900352","2.73737778894261","0.461","0.035","0.029","1,3,5,6,8,10,12",0.0337650410149079,FALSE,0,5,7,0,7,0,0.583333333333333
"S.EB",1,60,0.33,"FALSE","FALSE","FALSE","7.68922014936485","4.98743848061308","2.70178166875177","0.574","0.035","0.031","1,2,3,4,5,6,9,10,11,12",0.00713355871682619,FALSE,0,2,10,0,10,0,0.833333333333333
"S.EB",10,60,0.33,"FALSE","FALSE","FALSE","6.81906764327463","4.11123778260381","2.70782986067082","0.559","0.032","0.028","1,2,3,4,5,6,10,11,12",0.00946140954529442,FALSE,0,3,9,0,9,0,0.75
"S.EB",100,60,0.33,"FALSE","FALSE","FALSE","7.94134491333354","4.19237539422955","3.74896951910399","0.557","0.035","0.03","1,3,5,6,7,8,10,11,12,14,66",0.0243773613311384,FALSE,2,3,11,2,9,0.181818181818182,0.75
"S.EB",11,60,0.33,"FALSE","FALSE","FALSE","7.01100311899139","5.19042859233904","1.82057452665235","0.445","0.033","0.029","1,3,5,6,8,10,12,14",0.0287062776992862,FALSE,1,5,8,1,7,0.125,0.583333333333333
"S.EB",12,60,0.33,"FALSE","FALSE","FALSE","6.9335489110909","3.72551907830594","3.20802983278495","0.999","0.041","0.033","8,10,14,20,30,49,59,72,100",0.133441409058966,FALSE,7,10,9,7,2,0.777777777777778,0.166666666666667
"S.EB",13,60,0.33,"FALSE","FALSE","FALSE","7.50194670440047","3.92526503802579","3.57668166637469","0.609","0.036","0.029","2,5,6,10,11,12,30,72,99,102",0.0445075428748324,FALSE,4,6,10,4,6,0.4,0.5
"S.EB",14,60,0.33,"FALSE","FALSE","FALSE","8.30501182945556","4.27310732418778","4.03190450526777","0.525","0.034","0.029","1,3,5,6,10,11,12,70,79,91",0.0329062222068197,FALSE,3,5,10,3,7,0.3,0.583333333333333
"S.EB",15,60,0.33,"FALSE","FALSE","FALSE","6.92936673020583","5.14630087382392","1.78306585638191","0.413","0.032","0.034","1,3,5,6,10,12,14,17,60,75,100",0.0518114178080984,FALSE,5,6,11,5,6,0.454545454545455,0.5
"S.EB",16,60,0.33,"FALSE","FALSE","FALSE","6.95725970217814","5.16929877036627","1.78796093181188","0.425","0.033","0.029","3,5,6,8,10,12,14,36",0.038921498338484,FALSE,2,6,8,2,6,0.25,0.5
"S.EB",17,60,0.33,"FALSE","FALSE","FALSE","6.7096564684374","3.19983573039856","3.50982073803883","0.324","0.033","0.027","1,2,3,5,6,10,11,12",0.0201954509064488,FALSE,0,4,8,0,8,0,0.666666666666667
"S.EB",18,60,0.33,"FALSE","FALSE","FALSE","6.95954449152822","2.77279917055513","4.18674532097309","0.744","0.035","0.03","5,10,11,12,14,29,49,54,77,102",0.0780580548751804,FALSE,6,8,10,6,4,0.6,0.333333333333333
"S.EB",19,60,0.33,"FALSE","FALSE","FALSE","6.31953416332954","2.24113318300771","4.07840098032183","0.611","0.038","0.033","1,2,3,5,6,10,11,12",0.0180483680817355,FALSE,0,4,8,0,8,0,0.666666666666667
"S.EB",2,60,0.33,"FALSE","FALSE","FALSE","7.18599887300466","3.90567360484741","3.28032526815725","0.506","0.035","0.028","3,4,5,6,7,10,12,53",0.0305119851192716,FALSE,1,5,8,1,7,0.125,0.583333333333333
"S.EB",20,60,0.33,"FALSE","FALSE","FALSE","6.69320455079162","5.02233471779025","1.67086983300137","0.457","0.034","0.028","1,3,5,6,8,10,12,14",0.0291580777042752,FALSE,1,5,8,1,7,0.125,0.583333333333333
"S.EB",21,60,0.33,"FALSE","FALSE","FALSE","7.44802286739135","3.83415642841776","3.61386643897359","0.654","0.035","0.03","1,3,5,6,9,10,11,12,39,50,52,92,101",0.0412581126514684,FALSE,5,4,13,5,8,0.384615384615385,0.666666666666667
"S.EB",22,60,0.33,"FALSE","FALSE","FALSE","6.97302892096946","3.88711676215891","3.08591215881056","0.49","0.035","0.029","1,2,3,5,6,10,11,12,70",0.0163612389708148,FALSE,1,4,9,1,8,0.111111111111111,0.666666666666667
"S.EB",23,60,0.33,"FALSE","FALSE","FALSE","6.66256250878901","3.39439909541856","3.26816341337046","0.716","0.035","0.031","1,2,4,6,9,10,11,12,30,49",0.0358137474104641,FALSE,2,4,10,2,8,0.2,0.666666666666667
"S.EB",24,60,0.33,"FALSE","FALSE","FALSE","5.98884301434904","3.11413429580614","2.8747087185429","0.838","0.036","0.031","1,3,10,12,15,34,36",0.0942826474965363,FALSE,3,8,7,3,4,0.428571428571429,0.333333333333333
"S.EB",25,60,0.33,"FALSE","FALSE","FALSE","8.41044128489778","5.80649676201225","2.60394452288553","0.399","0.032","0.028","1,2,5,6,10,11,12,24,30,31,70,94,99",0.0450255992227504,FALSE,6,5,13,6,7,0.461538461538462,0.583333333333333
"S.EB",26,60,0.33,"FALSE","FALSE","FALSE","7.02029940096678","4.05007347711261","2.97022592385416","0.532","0.035","0.032","1,3,5,6,10,11,12",0.0231833607720531,FALSE,0,5,7,0,7,0,0.583333333333333
"S.EB",27,60,0.33,"FALSE","FALSE","FALSE","8.62943254676745","3.16088172486123","5.46855082190623","0.747","0.04","0.032","3,6,8,12,15,42,54,74,76",0.114059595615468,FALSE,5,8,9,5,4,0.555555555555556,0.333333333333333
"S.EB",28,60,0.33,"FALSE","FALSE","FALSE","7.29723542252072","3.29713882021287","4.00009660230785","0.62","0.034","0.035","6,10,11,29,30,85,102",0.104380505385642,FALSE,4,9,7,4,3,0.571428571428571,0.25
"S.EB",29,60,0.33,"FALSE","FALSE","FALSE","7.77485758488408","4.44499370509018","3.3298638797939","0.663","0.039","0.039","1,2,4,6,8,9,10,11,12,44,64,69",0.0340165919936143,FALSE,3,3,12,3,9,0.25,0.75
"S.EB",3,60,0.33,"FALSE","FALSE","FALSE","5.92217504413645","4.68203165142776","1.24014339270869","0.455","0.034","0.025","1,3,5,6,10,11,12,15,23,34",0.0402860716641783,FALSE,3,5,10,3,7,0.3,0.583333333333333
"S.EB",30,60,0.33,"FALSE","FALSE","FALSE","7.31881731287337","4.62739632228984","2.69142099058353","0.641","0.033","0.028","1,2,5,6,10,11,12,13,57",0.0275588006444694,FALSE,2,5,9,2,7,0.222222222222222,0.583333333333333
"S.EB",31,60,0.33,"FALSE","FALSE","FALSE","7.90101944035378","3.37724372711177","4.52377571324201","0.918","0.034","0.036","1,5,6,8,10,11,12,14,27,84",0.0379512416839168,FALSE,3,5,10,3,7,0.3,0.583333333333333
"S.EB",32,60,0.33,"FALSE","FALSE","FALSE","6.0833742322156","2.93375096227851","3.14962326993709","0.514","0.036","0.034","2,4,10,11,30,34,100",0.0995136373334738,FALSE,3,8,7,3,4,0.428571428571429,0.333333333333333
"S.EB",33,60,0.33,"FALSE","FALSE","FALSE","7.53169482775426","2.52556738253876","5.0061274452155","0.587","0.033","0.031","1,3,5,6,8,10,11,12,14,23",0.0353706437574206,FALSE,2,4,10,2,8,0.2,0.666666666666667
"S.EB",34,60,0.33,"FALSE","FALSE","FALSE","7.90005986183054","4.54659173661652","3.35346812521402","0.484","0.033","0.031","1,3,4,5,6,7,10,11,12,53,65,96",0.0172541117533011,FALSE,3,3,12,3,9,0.25,0.75
"S.EB",35,60,0.33,"FALSE","FALSE","FALSE","7.4146711989692","6.19429190392096","1.22037929504824","0.571","0.034","0.027","1,3,5,6,10,12,14,36",0.0425201831049793,FALSE,2,6,8,2,6,0.25,0.5
"S.EB",36,60,0.33,"FALSE","FALSE","FALSE","6.25668702319255","1.352535910711","4.90415111248155","0.834","0.036","0.033","2,6,10,11,12,30,34,42,100",0.071438825219453,FALSE,4,7,9,4,5,0.444444444444444,0.416666666666667
"S.EB",37,60,0.33,"FALSE","FALSE","FALSE","7.82543367071515","3.57187702507796","4.25355664563719","0.495","0.035","0.027","1,2,3,5,6,8,10,11,12,88",0.013397167382308,FALSE,1,3,10,1,9,0.1,0.75
"S.EB",38,60,0.33,"FALSE","FALSE","FALSE","7.60086680216985","2.97355388874913","4.62731291342072","1.029","0.038","0.033","3,5,6,10,11,12,47,52,54,71",0.0517688406571671,FALSE,4,6,10,4,6,0.4,0.5
"S.EB",39,60,0.33,"FALSE","FALSE","FALSE","7.23542138896594","4.16165449432566","3.07376689464028","0.581","0.035","0.033","1,2,3,4,6,10,11,12,29",0.0285206921717536,FALSE,1,4,9,1,8,0.111111111111111,0.666666666666667
"S.EB",4,60,0.33,"FALSE","FALSE","FALSE","7.36117969387914","4.0601514083448","3.30102828553435","0.333","0.035","0.029","1,3,5,6,10,12,36",0.0381271082919296,FALSE,1,6,7,1,6,0.142857142857143,0.5
"S.EB",40,60,0.33,"FALSE","FALSE","FALSE","8.12757146223777","6.01603766796839","2.11153379426938","0.443","0.034","0.033","1,2,3,4,5,6,10,12,16",0.0196054340684259,FALSE,1,4,9,1,8,0.111111111111111,0.666666666666667
"S.EB",41,60,0.33,"FALSE","FALSE","FALSE","7.13189765906047","4.93113296069517","2.20076469836529","0.438","0.034","0.032","1,3,5,6,10,12,36",0.0368054744202707,FALSE,1,6,7,1,6,0.142857142857143,0.5
"S.EB",42,60,0.33,"FALSE","FALSE","FALSE","6.35943822310008","3.15545771259685","3.20398051050324","0.371","0.033","0.029","1,3,5,10,12,77,100",0.0581103697140206,FALSE,2,7,7,2,5,0.285714285714286,0.416666666666667
"S.EB",43,60,0.33,"FALSE","FALSE","FALSE","7.74835637752646","3.93176652209682","3.81658985542964","0.552","0.035","0.036","2,4,6,7,8,9,10,11,12,32,86",0.0366953967924467,FALSE,2,3,11,2,9,0.181818181818182,0.75
"S.EB",44,60,0.33,"FALSE","FALSE","FALSE","8.34936743714239","4.7385444586821","3.61082297846028","0.569","0.034","0.029","1,3,4,5,6,10,11,12,27,39,84,87",0.0348445281373107,FALSE,4,4,12,4,8,0.333333333333333,0.666666666666667
"S.EB",45,60,0.33,"FALSE","FALSE","FALSE","6.86018912324427","3.56192727559681","3.29826184764745","0.655","0.036","0.03","5,6,8,12,14,27,78",0.0767842497391393,FALSE,3,8,7,3,4,0.428571428571429,0.333333333333333
"S.EB",46,60,0.33,"FALSE","FALSE","FALSE","8.66614314537463","6.31615434548147","2.34998879989316","0.533","0.035","0.034","1,2,3,4,5,6,9,10,11,12,50,63,95",0.0207264202776325,FALSE,3,2,13,3,10,0.230769230769231,0.833333333333333
"S.EB",47,60,0.33,"FALSE","FALSE","FALSE","7.01036907531646","4.34215480407254","2.66821427124392","0.552","0.033","0.033","1,3,5,10,12,14,17,49",0.0659373417426499,FALSE,3,7,8,3,5,0.375,0.416666666666667
"S.EB",48,60,0.33,"FALSE","FALSE","FALSE","9.21315681216577","4.89405691389545","4.31909989827032","0.496","0.032","0.03","1,3,5,6,8,10,12,14,25,27,28,55,91",0.0504190071150534,FALSE,6,5,13,6,7,0.461538461538462,0.583333333333333
"S.EB",49,60,0.33,"FALSE","FALSE","FALSE","8.83207322738537","5.63287980384969","3.19919342353568","0.457","0.031","0.036","1,2,3,4,5,6,10,11,12,16,83",0.014180062326026,FALSE,2,3,11,2,9,0.181818181818182,0.75
"S.EB",5,60,0.33,"FALSE","FALSE","FALSE","5.82034156726912","2.59960556395211","3.22073600331702","0.513","0.035","0.024","1,3,5,6,10,12,36",0.0418690912275631,FALSE,1,6,7,1,6,0.142857142857143,0.5
"S.EB",50,60,0.33,"FALSE","FALSE","FALSE","7.32649174692513","3.27702217343811","4.04946957348702","0.506","0.035","0.03","1,3,5,6,8,10,11,12,39",0.0452943786002973,FALSE,1,4,9,1,8,0.111111111111111,0.666666666666667
"S.EB",51,60,0.33,"FALSE","FALSE","FALSE","7.35930363956101","4.74957221043269","2.60973142912832","0.59","0.035","0.033","2,4,5,6,7,8,9,11,12,38,62",0.0375314727688139,FALSE,2,3,11,2,9,0.181818181818182,0.75
"S.EB",52,60,0.33,"FALSE","FALSE","FALSE","6.54775119144061","3.25198510473445","3.29576608670616","0.687","0.035","0.027","2,3,4,5,6,8,10,12,41",0.0232947218522222,FALSE,1,4,9,1,8,0.111111111111111,0.666666666666667
"S.EB",53,60,0.33,"FALSE","FALSE","FALSE","6.94852655220055","2.14376509113478","4.80476146106577","0.913","0.037","0.036","2,4,6,7,8,10,11,59,67",0.0487487835348363,FALSE,2,5,9,2,7,0.222222222222222,0.583333333333333
"S.EB",54,60,0.33,"FALSE","FALSE","FALSE","6.81204405910584","3.68552278464846","3.12652127445738","0.469","0.032","0.027","3,4,5,6,7,8,10,12",0.021644814281771,FALSE,0,4,8,0,8,0,0.666666666666667
"S.EB",55,60,0.33,"FALSE","FALSE","FALSE","6.90466926854919","3.1820734277721","3.7225958407771","0.463","0.036","0.026","1,2,3,5,6,10,11,12",0.0171812468058732,FALSE,0,4,8,0,8,0,0.666666666666667
"S.EB",56,60,0.33,"FALSE","FALSE","FALSE","5.93312299632008","2.41799563581028","3.51512736050979","0.613","0.034","0.032","1,2,3,5,6,10,11,12",0.0208616436362809,FALSE,0,4,8,0,8,0,0.666666666666667
"S.EB",57,60,0.33,"FALSE","FALSE","FALSE","8.11182306962972","5.85204095172895","2.25978211790077","0.553","0.032","0.029","2,3,4,5,6,8,9,10,11,12,35,36",0.0130857823412074,FALSE,2,2,12,2,10,0.166666666666667,0.833333333333333
"S.EB",58,60,0.33,"FALSE","FALSE","FALSE","10.2859473456174","3.12700892456477","7.15893842105266","0.614","0.038","0.035","2,4,6,7,10,11,19,28,70,76,85,87,93,102",0.0810969730015578,FALSE,8,6,14,8,6,0.571428571428571,0.5
"S.EB",59,60,0.33,"FALSE","FALSE","FALSE","7.00887790760936","4.76261893892721","2.24625896868215","0.756","0.036","0.029","3,5,6,9,10,12,27,31,46,77,99",0.063562216548006,FALSE,5,6,11,5,6,0.454545454545455,0.5
"S.EB",6,60,0.33,"FALSE","FALSE","FALSE","7.00535810208473","4.22570262154302","2.77965548054171","0.481","0.033","0.031","1,3,5,6,10,12,36",0.0480946217383385,FALSE,1,6,7,1,6,0.142857142857143,0.5
"S.EB",60,60,0.33,"FALSE","FALSE","FALSE","6.56994056410605","3.33261103088302","3.23732953322303","0.667","0.035","0.03","3,4,5,6,7,10,11,12,43,85",0.0225651105634082,FALSE,2,4,10,2,8,0.2,0.666666666666667
"S.EB",61,60,0.33,"FALSE","FALSE","FALSE","7.25009114704058","4.60730734152416","2.64278380551641","0.446","0.033","0.035","1,2,3,5,6,10,11,12",0.0176182955274491,FALSE,0,4,8,0,8,0,0.666666666666667
"S.EB",62,60,0.33,"FALSE","FALSE","FALSE","7.3858404531188","5.55814765097066","1.82769280214813","0.562","0.034","0.028","1,3,4,5,6,7,10,11,12",0.0126301125501074,FALSE,0,3,9,0,9,0,0.75
"S.EB",63,60,0.33,"FALSE","FALSE","FALSE","7.93490687873804","3.77456807494354","4.1603388037945","0.918","0.038","0.034","1,5,6,10,12,14,27,36,66,88",0.0563934372478893,FALSE,5,7,10,5,5,0.5,0.416666666666667
"S.EB",64,60,0.33,"FALSE","FALSE","FALSE","7.40088167986231","6.09309338958035","1.30778829028197","0.311","0.035","0.028","1,3,5,6,10,12,14",0.0415954001371002,FALSE,1,6,7,1,6,0.142857142857143,0.5
"S.EB",65,60,0.33,"FALSE","FALSE","FALSE","6.81916434088295","4.24240173110244","2.57676260978051","0.5","0.035","0.028","1,3,5,6,10,12,13,14,91",0.0393366352121491,FALSE,3,6,9,3,6,0.333333333333333,0.5
"S.EB",66,60,0.33,"FALSE","FALSE","FALSE","6.52935028276656","2.40549236833434","4.12385791443221","0.793","0.034","0.033","1,4,5,6,10,12,20,36,41",0.0455303751885227,FALSE,3,6,9,3,6,0.333333333333333,0.5
"S.EB",67,60,0.33,"FALSE","FALSE","FALSE","6.72365543955259","3.38068425592273","3.34297118362986","0.581","0.034","0.029","1,3,5,6,8,10,12,14,39,81,87",0.0506929628450339,FALSE,4,5,11,4,7,0.363636363636364,0.583333333333333
"S.EB",68,60,0.33,"FALSE","FALSE","FALSE","7.71796792536276","4.72889928416147","2.98906864120129","0.863","0.037","0.031","1,2,3,4,5,6,10,11,12,53,64",0.0115813188903193,FALSE,2,3,11,2,9,0.181818181818182,0.75
"S.EB",69,60,0.33,"FALSE","FALSE","FALSE","6.7771221078367","3.6806152070248","3.0965069008119","0.661","0.034","0.03","1,3,5,6,10,11,12,15,29",0.0296484045681673,FALSE,2,5,9,2,7,0.222222222222222,0.583333333333333
"S.EB",7,60,0.33,"FALSE","FALSE","FALSE","7.91426298083486","4.86357043040892","3.05069255042594","0.922","0.036","0.033","1,3,5,6,10,12,14,36,71",0.0440487228951672,FALSE,3,6,9,3,6,0.333333333333333,0.5
"S.EB",70,60,0.33,"FALSE","FALSE","FALSE","7.57615847184581","4.18846410709692","3.38769436474889","0.318","0.031","0.028","1,2,3,5,6,10,11,12",0.0185231544263974,FALSE,0,4,8,0,8,0,0.666666666666667
"S.EB",71,60,0.33,"FALSE","FALSE","FALSE","7.5708237622128","6.14974176602371","1.42108199618908","0.468","0.034","0.029","1,3,5,6,10,12,14,36",0.0412454770775524,FALSE,2,6,8,2,6,0.25,0.5
"S.EB",72,60,0.33,"FALSE","FALSE","FALSE","7.65925335803774","4.56937972466681","3.08987363337094","0.541","0.032","0.029","1,2,3,4,5,6,10,11,12,16,51,95,102",0.0155142627404602,FALSE,4,3,13,4,9,0.307692307692308,0.75
"S.EB",73,60,0.33,"FALSE","FALSE","FALSE","7.76245187029338","2.57579302598796","5.18665884430542","0.517","0.037","0.033","1,2,3,5,6,10,11,12",0.0219516342188581,FALSE,0,4,8,0,8,0,0.666666666666667
"S.EB",74,60,0.33,"FALSE","FALSE","FALSE","7.38561373090244","2.89191761214061","4.49369611876183","0.584","0.034","0.031","3,5,6,12,14,42,49,74,84",0.0706109316195238,FALSE,5,8,9,5,4,0.555555555555556,0.333333333333333
"S.EB",75,60,0.33,"FALSE","FALSE","FALSE","7.02238134045707","3.58501326610906","3.43736807434802","0.644","0.033","0.032","1,2,3,5,6,10,12,14",0.0351988938408834,FALSE,1,5,8,1,7,0.125,0.583333333333333
"S.EB",76,60,0.33,"FALSE","FALSE","FALSE","6.95494988039902","4.39140903193718","2.56354084846184","0.605","0.037","0.031","1,3,5,6,10,12,14,31",0.041302342162756,FALSE,2,6,8,2,6,0.25,0.5
"S.EB",77,60,0.33,"FALSE","FALSE","FALSE","6.72621857545989","3.50011881144807","3.22609976401182","0.522","0.035","0.029","1,2,3,5,6,10,11,12,16",0.0177019569804437,FALSE,1,4,9,1,8,0.111111111111111,0.666666666666667
"S.EB",78,60,0.33,"FALSE","FALSE","FALSE","7.94666261922567","4.7642727332939","3.18238988593177","0.527","0.032","0.027","1,2,3,5,6,9,10,11,12,45",0.0149592366400989,FALSE,1,3,10,1,9,0.1,0.75
"S.EB",79,60,0.33,"FALSE","FALSE","FALSE","5.9448729995828","2.84923895708978","3.09563404249302","0.425","0.032","0.024","1,5,6,10,11,12",0.0405735862408699,FALSE,0,6,6,0,6,0,0.5
"S.EB",8,60,0.33,"FALSE","FALSE","FALSE","7.91104918002214","2.6991694126884","5.21187976733374","0.757","0.035","0.034","1,2,4,6,10,11,25,55,59,60,98",0.07770459502341,FALSE,5,6,11,5,6,0.454545454545455,0.5
"S.EB",80,60,0.33,"FALSE","FALSE","FALSE","8.99778008181522","4.55226440055374","4.44551568126148","0.629","0.034","0.03","1,2,3,5,6,10,11,12,69,75,76",0.0213564135930986,FALSE,3,4,11,3,8,0.272727272727273,0.666666666666667
"S.EB",81,60,0.33,"FALSE","FALSE","FALSE","7.85507903102157","4.58627709981785","3.26880193120372","0.748","0.036","0.031","1,2,4,6,7,8,10,11,18,61,92",0.0549064938830388,FALSE,3,4,11,3,8,0.272727272727273,0.666666666666667
"S.EB",82,60,0.33,"FALSE","FALSE","FALSE","6.6145936521519","1.80198373988875","4.81260991226315","0.642","0.037","0.03","2,10,12,15,30,34,42",0.115572251546949,FALSE,4,9,7,4,3,0.571428571428571,0.25
"S.EB",83,60,0.33,"FALSE","FALSE","FALSE","6.87112305175437","3.31377106141046","3.55735199034391","0.491","0.034","0.033","3,6,7,8,10,11,14,69,72",0.0662627775744384,FALSE,3,6,9,3,6,0.333333333333333,0.5
"S.EB",84,60,0.33,"FALSE","FALSE","FALSE","6.98818509540631","4.93150799934989","2.05667709605642","0.483","0.036","0.033","1,3,5,6,10,12,14,29",0.0404241108582407,FALSE,2,6,8,2,6,0.25,0.5
"S.EB",85,60,0.33,"FALSE","FALSE","FALSE","6.56964942040437","4.505026224439","2.06462319596537","0.579","0.035","0.027","3,5,6,10,12,14,58",0.0520553755053358,FALSE,2,7,7,2,5,0.285714285714286,0.416666666666667
"S.EB",86,60,0.33,"FALSE","FALSE","FALSE","7.4585159637515","5.29718106873669","2.16133489501481","0.69","0.034","0.033","2,3,4,5,6,7,8,10,12",0.0179191993883274,FALSE,0,3,9,0,9,0,0.75
"S.EB",87,60,0.33,"TRUE","TRUE","FALSE","9.45668860657648","5.15658926055446","4.30009934602202","0.467","0.033","0.031","1,2,3,4,5,6,8,9,10,11,12",0.00428167982333357,FALSE,0,1,11,0,11,0,0.916666666666667
"S.EB",88,60,0.33,"FALSE","FALSE","FALSE","6.37273645687217","3.50622583694293","2.86651061992924","0.836","0.035","0.025","3,5,6,7,8,12,61,74,88",0.0543253166798966,FALSE,3,6,9,3,6,0.333333333333333,0.5
"S.EB",89,60,0.33,"FALSE","FALSE","FALSE","7.26702230972971","3.71904395446359","3.54797835526612","0.447","0.04","0.03","1,3,5,6,10,12,14",0.0413457737037969,FALSE,1,6,7,1,6,0.142857142857143,0.5
"S.EB",9,60,0.33,"FALSE","FALSE","FALSE","7.18394525081941","4.70084539604945","2.48309985476996","0.407","0.034","0.031","1,3,5,6,8,10,12,14",0.0402082370866628,FALSE,1,5,8,1,7,0.125,0.583333333333333
"S.EB",90,60,0.33,"FALSE","FALSE","FALSE","6.33563370079702","4.60236322127963","1.73327047951739","0.623","0.036","0.033","1,2,3,5,6,10,11,12",0.0149910040240218,FALSE,0,4,8,0,8,0,0.666666666666667
"S.EB",91,60,0.33,"FALSE","FALSE","FALSE","6.90333223126881","5.37072200972357","1.53261022154524","0.432","0.033","0.028","1,3,5,6,10,12,14",0.0375972835491696,FALSE,1,6,7,1,6,0.142857142857143,0.5
"S.EB",92,60,0.33,"FALSE","FALSE","FALSE","8.96932665950671","5.47741933893665","3.49190732057006","0.469","0.036","0.029","1,2,3,4,5,6,9,10,11,12",0.00754636428003528,FALSE,0,2,10,0,10,0,0.833333333333333
"S.EB",93,60,0.33,"FALSE","FALSE","FALSE","9.04490740695497","4.41216928433504","4.63273812261994","0.597","0.034","0.029","1,2,5,6,7,10,11,12,36,48,66,73,97",0.0458900919335985,FALSE,5,4,13,5,8,0.384615384615385,0.666666666666667
"S.EB",94,60,0.33,"FALSE","FALSE","FALSE","7.39360732103674","5.5658561894397","1.82775113159704","0.361","0.035","0.026","1,3,5,6,8,10,12,14",0.0331275451125934,FALSE,1,5,8,1,7,0.125,0.583333333333333
"S.EB",95,60,0.33,"FALSE","FALSE","FALSE","5.24731205527022","3.73383241019454","1.51347964507568","0.544","0.034","0.024","3,4,5,6,7,9,11,12",0.0320031491909022,FALSE,0,4,8,0,8,0,0.666666666666667
"S.EB",96,60,0.33,"FALSE","FALSE","FALSE","6.68473932772023","2.27353766152147","4.41120166619876","0.73","0.037","0.032","1,5,10,12,31,36,41,83",0.10541408201186,FALSE,4,8,8,4,4,0.5,0.333333333333333
"S.EB",97,60,0.33,"FALSE","FALSE","FALSE","7.01883575764651","3.15428872773728","3.86454702990923","0.451","0.033","0.029","3,5,6,7,10,12,14,36",0.0419490167531161,FALSE,2,6,8,2,6,0.25,0.5
"S.EB",98,60,0.33,"FALSE","FALSE","FALSE","7.2837615173384","4.12881140471138","3.15495011262702","0.433","0.035","0.026","1,3,5,6,10,11,12",0.0283226507418114,FALSE,0,5,7,0,7,0,0.583333333333333
"S.EB",99,60,0.33,"FALSE","FALSE","FALSE","6.73122288794613","3.99384509900352","2.73737778894261","0.461","0.035","0.029","1,3,5,10,12,31,77,100",0.0576905633463936,FALSE,3,7,8,3,5,0.375,0.416666666666667
"S.EB.b",1,60,0.33,"FALSE","FALSE","FALSE","7.68922014936485","4.98743848061308","2.70178166875177","0.574","0.035","0.031","1,2,3,4,5,6,9,10,11,12",0.00713355871682619,FALSE,0,2,10,0,10,0,0.833333333333333
"S.EB.b",10,60,0.33,"FALSE","FALSE","FALSE","6.81906764327463","4.11123778260381","2.70782986067082","0.559","0.032","0.028","1,3,5,6,8,10,12,14",0.0294192626153265,FALSE,1,5,8,1,7,0.125,0.583333333333333
"S.EB.b",100,60,0.33,"FALSE","FALSE","FALSE","7.94134491333354","4.19237539422955","3.74896951910399","0.557","0.035","0.03","1,2,4,5,6,7,8,9,10,11,12",0.00585768553132327,FALSE,0,1,11,0,11,0,0.916666666666667
"S.EB.b",11,60,0.33,"FALSE","FALSE","FALSE","7.01100311899139","5.19042859233904","1.82057452665235","0.445","0.033","0.029","1,3,5,6,8,10,12,14",0.0287062776992862,FALSE,1,5,8,1,7,0.125,0.583333333333333
"S.EB.b",12,60,0.33,"FALSE","FALSE","FALSE","6.9335489110909","3.72551907830594","3.20802983278495","0.999","0.041","0.033","3,5,6,7,8,12,14",0.0527403073813521,FALSE,1,6,7,1,6,0.142857142857143,0.5
"S.EB.b",13,60,0.33,"FALSE","FALSE","FALSE","7.50194670440047","3.92526503802579","3.57668166637469","0.609","0.036","0.029","1,3,4,5,6,7,10,11,12",0.010683458881632,FALSE,0,3,9,0,9,0,0.75
"S.EB.b",14,60,0.33,"FALSE","FALSE","FALSE","8.30501182945556","4.27310732418778","4.03190450526777","0.525","0.034","0.029","1,2,3,5,6,8,10,11,12,42",0.0131120219789527,FALSE,1,3,10,1,9,0.1,0.75
"S.EB.b",15,60,0.33,"FALSE","FALSE","FALSE","6.92936673020583","5.14630087382392","1.78306585638191","0.413","0.032","0.034","3,4,5,6,10,12,14,17,64",0.0386485985345742,FALSE,3,6,9,3,6,0.333333333333333,0.5
"S.EB.b",16,60,0.33,"FALSE","FALSE","FALSE","6.95725970217814","5.16929877036627","1.78796093181188","0.425","0.033","0.029","1,3,5,6,8,10,12,14",0.0309573927319277,FALSE,1,5,8,1,7,0.125,0.583333333333333
"S.EB.b",17,60,0.33,"FALSE","FALSE","FALSE","6.7096564684374","3.19983573039856","3.50982073803883","0.324","0.033","0.027","1,2,3,5,6,9,10,11,12",0.0159261052222262,FALSE,0,3,9,0,9,0,0.75
"S.EB.b",18,60,0.33,"FALSE","FALSE","FALSE","6.95954449152822","2.77279917055513","4.18674532097309","0.744","0.035","0.03","5,7,10,12,14,49,71,77,102",0.082778071689069,FALSE,5,8,9,5,4,0.555555555555556,0.333333333333333
"S.EB.b",19,60,0.33,"FALSE","FALSE","FALSE","6.31953416332954","2.24113318300771","4.07840098032183","0.611","0.038","0.033","1,2,3,4,5,6,10,11,12",0.00926858608982993,FALSE,0,3,9,0,9,0,0.75
"S.EB.b",2,60,0.33,"FALSE","FALSE","FALSE","7.18599887300466","3.90567360484741","3.28032526815725","0.506","0.035","0.028","1,2,3,4,5,6,10,12,53",0.0225199060743633,FALSE,1,4,9,1,8,0.111111111111111,0.666666666666667
"S.EB.b",20,60,0.33,"FALSE","FALSE","FALSE","6.69320455079162","5.02233471779025","1.67086983300137","0.457","0.034","0.028","1,3,5,6,10,12,14",0.0347779549719279,FALSE,1,6,7,1,6,0.142857142857143,0.5
"S.EB.b",21,60,0.33,"FALSE","FALSE","FALSE","7.44802286739135","3.83415642841776","3.61386643897359","0.654","0.035","0.03","1,3,5,6,8,10,11,12,14",0.0228011375011006,FALSE,1,4,9,1,8,0.111111111111111,0.666666666666667
"S.EB.b",22,60,0.33,"FALSE","FALSE","FALSE","6.97302892096946","3.88711676215891","3.08591215881056","0.49","0.035","0.029","1,2,3,5,6,10,11,12,70",0.0163612389708148,FALSE,1,4,9,1,8,0.111111111111111,0.666666666666667
"S.EB.b",23,60,0.33,"FALSE","FALSE","FALSE","6.66256250878901","3.39439909541856","3.26816341337046","0.716","0.035","0.031","1,2,3,5,6,10,11,12",0.0183392717990528,FALSE,0,4,8,0,8,0,0.666666666666667
"S.EB.b",24,60,0.33,"FALSE","FALSE","FALSE","5.98884301434904","3.11413429580614","2.8747087185429","0.838","0.036","0.031","3,4,7,9,11,12,18,22,49",0.0718975241555981,FALSE,3,6,9,3,6,0.333333333333333,0.5
"S.EB.b",25,60,0.33,"FALSE","FALSE","FALSE","8.41044128489778","5.80649676201225","2.60394452288553","0.399","0.032","0.028","1,2,3,5,6,10,11,12",0.0195432867317304,FALSE,0,4,8,0,8,0,0.666666666666667
"S.EB.b",26,60,0.33,"FALSE","FALSE","FALSE","7.02029940096678","4.05007347711261","2.97022592385416","0.532","0.035","0.032","1,3,5,6,10,11,12",0.0231833607720531,FALSE,0,5,7,0,7,0,0.583333333333333
"S.EB.b",27,60,0.33,"FALSE","FALSE","FALSE","8.62943254676745","3.16088172486123","5.46855082190623","0.747","0.04","0.032","3,6,8,12,13,15,42,54,74,76",0.110387850275747,FALSE,6,8,10,6,4,0.6,0.333333333333333
"S.EB.b",28,60,0.33,"FALSE","FALSE","FALSE","7.29723542252072","3.29713882021287","4.00009660230785","0.62","0.034","0.035","1,4,5,6,8,10,11,55",0.0337536907276346,FALSE,1,5,8,1,7,0.125,0.583333333333333
"S.EB.b",29,60,0.33,"FALSE","FALSE","FALSE","7.77485758488408","4.44499370509018","3.3298638797939","0.663","0.039","0.039","1,2,4,6,9,10,11,12,19,44,49,66",0.0368291161867388,FALSE,4,4,12,4,8,0.333333333333333,0.666666666666667
"S.EB.b",3,60,0.33,"FALSE","FALSE","FALSE","5.92217504413645","4.68203165142776","1.24014339270869","0.455","0.034","0.025","1,3,5,6,10,11,12,23",0.032337656255593,FALSE,1,5,8,1,7,0.125,0.583333333333333
"S.EB.b",30,60,0.33,"FALSE","FALSE","FALSE","7.31881731287337","4.62739632228984","2.69142099058353","0.641","0.033","0.028","1,2,4,5,6,10,11,12,13,57",0.0213973814043332,FALSE,2,4,10,2,8,0.2,0.666666666666667
"S.EB.b",31,60,0.33,"FALSE","FALSE","FALSE","7.90101944035378","3.37724372711177","4.52377571324201","0.918","0.034","0.036","1,2,5,6,8,10,11,12,14,27,84",0.029548691263621,FALSE,3,4,11,3,8,0.272727272727273,0.666666666666667
"S.EB.b",32,60,0.33,"FALSE","FALSE","FALSE","6.0833742322156","2.93375096227851","3.14962326993709","0.514","0.036","0.034","1,3,5,10,12,14,34",0.0658884049843523,FALSE,2,7,7,2,5,0.285714285714286,0.416666666666667
"S.EB.b",33,60,0.33,"FALSE","FALSE","FALSE","7.53169482775426","2.52556738253876","5.0061274452155","0.587","0.033","0.031","1,3,5,6,10,11,12,14,16,23",0.0396999840194637,FALSE,3,5,10,3,7,0.3,0.583333333333333
"S.EB.b",34,60,0.33,"FALSE","FALSE","FALSE","7.90005986183054","4.54659173661652","3.35346812521402","0.484","0.033","0.031","1,2,3,4,5,6,7,10,11,12",0.00494542555697354,FALSE,0,2,10,0,10,0,0.833333333333333
"S.EB.b",35,60,0.33,"FALSE","FALSE","FALSE","7.4146711989692","6.19429190392096","1.22037929504824","0.571","0.034","0.027","1,3,5,6,10,12,14,22,36",0.0524981590841143,FALSE,3,6,9,3,6,0.333333333333333,0.5
"S.EB.b",36,60,0.33,"FALSE","FALSE","FALSE","6.25668702319255","1.352535910711","4.90415111248155","0.834","0.036","0.033","2,10,11,12,30,34,42,100",0.0908631123965207,FALSE,4,8,8,4,4,0.5,0.333333333333333
"S.EB.b",37,60,0.33,"FALSE","FALSE","FALSE","7.82543367071515","3.57187702507796","4.25355664563719","0.495","0.035","0.027","1,2,3,5,6,8,10,11,12,88",0.013397167382308,FALSE,1,3,10,1,9,0.1,0.75
"S.EB.b",38,60,0.33,"FALSE","FALSE","FALSE","7.60086680216985","2.97355388874913","4.62731291342072","1.029","0.038","0.033","3,6,7,10,11,14,52,54,71,83",0.0786885345778885,FALSE,5,7,10,5,5,0.5,0.416666666666667
"S.EB.b",39,60,0.33,"FALSE","FALSE","FALSE","7.23542138896594","4.16165449432566","3.07376689464028","0.581","0.035","0.033","1,2,3,4,5,6,10,11,12,29",0.0160619752978296,FALSE,1,3,10,1,9,0.1,0.75
"S.EB.b",4,60,0.33,"FALSE","FALSE","FALSE","7.36117969387914","4.0601514083448","3.30102828553435","0.333","0.035","0.029","1,3,5,6,10,12,36",0.0381271082919296,FALSE,1,6,7,1,6,0.142857142857143,0.5
"S.EB.b",40,60,0.33,"FALSE","FALSE","FALSE","8.12757146223777","6.01603766796839","2.11153379426938","0.443","0.034","0.033","1,3,5,6,10,12,14,16,23,58",0.0417874438766879,FALSE,4,6,10,4,6,0.4,0.5
"S.EB.b",41,60,0.33,"FALSE","FALSE","FALSE","7.13189765906047","4.93113296069517","2.20076469836529","0.438","0.034","0.032","1,3,5,6,10,12,14,36",0.0370540954021299,FALSE,2,6,8,2,6,0.25,0.5
"S.EB.b",42,60,0.33,"FALSE","FALSE","FALSE","6.35943822310008","3.15545771259685","3.20398051050324","0.371","0.033","0.029","1,3,5,6,10,12,77",0.0421553748910294,FALSE,1,6,7,1,6,0.142857142857143,0.5
"S.EB.b",43,60,0.33,"FALSE","FALSE","FALSE","7.74835637752646","3.93176652209682","3.81658985542964","0.552","0.035","0.036","3,4,5,6,7,8,10,12,86",0.0309669635849656,FALSE,1,4,9,1,8,0.111111111111111,0.666666666666667
"S.EB.b",44,60,0.33,"FALSE","FALSE","FALSE","8.34936743714239","4.7385444586821","3.61082297846028","0.569","0.034","0.029","1,2,3,4,5,6,10,11,12,89",0.0150586017858643,FALSE,1,3,10,1,9,0.1,0.75
"S.EB.b",45,60,0.33,"FALSE","FALSE","FALSE","6.86018912324427","3.56192727559681","3.29826184764745","0.655","0.036","0.03","1,2,3,5,6,10,12,14,34",0.0286625952543391,FALSE,2,5,9,2,7,0.222222222222222,0.583333333333333
"S.EB.b",46,60,0.33,"FALSE","FALSE","FALSE","8.66614314537463","6.31615434548147","2.34998879989316","0.533","0.035","0.034","1,2,3,4,5,6,9,10,11,12,50,63,95",0.0207264202776325,FALSE,3,2,13,3,10,0.230769230769231,0.833333333333333
"S.EB.b",47,60,0.33,"FALSE","FALSE","FALSE","7.01036907531646","4.34215480407254","2.66821427124392","0.552","0.033","0.033","1,3,5,6,7,10,11,12,14,17",0.0319608774666804,FALSE,2,4,10,2,8,0.2,0.666666666666667
"S.EB.b",48,60,0.33,"FALSE","FALSE","FALSE","9.21315681216577","4.89405691389545","4.31909989827032","0.496","0.032","0.03","1,3,5,6,8,10,12,14,25,27,28,55,91",0.0504190071150534,FALSE,6,5,13,6,7,0.461538461538462,0.583333333333333
"S.EB.b",49,60,0.33,"FALSE","FALSE","FALSE","8.83207322738537","5.63287980384969","3.19919342353568","0.457","0.031","0.036","1,2,3,4,5,6,10,11,12,16",0.0110137742489169,FALSE,1,3,10,1,9,0.1,0.75
"S.EB.b",5,60,0.33,"FALSE","FALSE","FALSE","5.82034156726912","2.59960556395211","3.22073600331702","0.513","0.035","0.024","1,3,5,6,10,12,14,36",0.0385857630051801,FALSE,2,6,8,2,6,0.25,0.5
"S.EB.b",50,60,0.33,"FALSE","FALSE","FALSE","7.32649174692513","3.27702217343811","4.04946957348702","0.506","0.035","0.03","1,3,5,6,8,10,11,12,39",0.0452943786002973,FALSE,1,4,9,1,8,0.111111111111111,0.666666666666667
"S.EB.b",51,60,0.33,"FALSE","FALSE","FALSE","7.35930363956101","4.74957221043269","2.60973142912832","0.59","0.035","0.033","2,4,5,6,7,8,9,11,12,38,62",0.0375314727688139,FALSE,2,3,11,2,9,0.181818181818182,0.75
"S.EB.b",52,60,0.33,"FALSE","FALSE","FALSE","6.54775119144061","3.25198510473445","3.29576608670616","0.687","0.035","0.027","1,3,5,6,8,10,12,14,17",0.033757745464978,FALSE,2,5,9,2,7,0.222222222222222,0.583333333333333
"S.EB.b",53,60,0.33,"FALSE","FALSE","FALSE","6.94852655220055","2.14376509113478","4.80476146106577","0.913","0.037","0.036","2,4,6,7,8,10,11,59,67",0.0487487835348363,FALSE,2,5,9,2,7,0.222222222222222,0.583333333333333
"S.EB.b",54,60,0.33,"FALSE","FALSE","FALSE","6.81204405910584","3.68552278464846","3.12652127445738","0.469","0.032","0.027","3,4,5,6,7,8,10,12",0.021644814281771,FALSE,0,4,8,0,8,0,0.666666666666667
"S.EB.b",55,60,0.33,"FALSE","FALSE","FALSE","6.90466926854919","3.1820734277721","3.7225958407771","0.463","0.036","0.026","1,2,3,5,6,10,11,12",0.0171812468058732,FALSE,0,4,8,0,8,0,0.666666666666667
"S.EB.b",56,60,0.33,"FALSE","FALSE","FALSE","5.93312299632008","2.41799563581028","3.51512736050979","0.613","0.034","0.032","1,2,3,5,6,10,11,12",0.0208616436362809,FALSE,0,4,8,0,8,0,0.666666666666667
"S.EB.b",57,60,0.33,"FALSE","FALSE","FALSE","8.11182306962972","5.85204095172895","2.25978211790077","0.553","0.032","0.029","2,3,4,5,6,10,11,12,16,35,36",0.0259915235451289,FALSE,3,4,11,3,8,0.272727272727273,0.666666666666667
"S.EB.b",58,60,0.33,"FALSE","FALSE","FALSE","10.2859473456174","3.12700892456477","7.15893842105266","0.614","0.038","0.035","2,4,6,7,10,11,19,28,70,76,85,87,93,102",0.0810969730015578,FALSE,8,6,14,8,6,0.571428571428571,0.5
"S.EB.b",59,60,0.33,"FALSE","FALSE","FALSE","7.00887790760936","4.76261893892721","2.24625896868215","0.756","0.036","0.029","1,3,5,6,9,10,12,18,31,77",0.0463532227018512,FALSE,3,5,10,3,7,0.3,0.583333333333333
"S.EB.b",6,60,0.33,"FALSE","FALSE","FALSE","7.00535810208473","4.22570262154302","2.77965548054171","0.481","0.033","0.031","1,2,5,6,10,11,12,24",0.0274659827464284,FALSE,1,5,8,1,7,0.125,0.583333333333333
"S.EB.b",60,60,0.33,"FALSE","FALSE","FALSE","6.56994056410605","3.33261103088302","3.23732953322303","0.667","0.035","0.03","1,3,4,5,6,7,10,11,12",0.00971474806907015,FALSE,0,3,9,0,9,0,0.75
"S.EB.b",61,60,0.33,"FALSE","FALSE","FALSE","7.25009114704058","4.60730734152416","2.64278380551641","0.446","0.033","0.035","1,2,3,5,6,8,10,11,12",0.0140489713058597,FALSE,0,3,9,0,9,0,0.75
"S.EB.b",62,60,0.33,"FALSE","FALSE","FALSE","7.3858404531188","5.55814765097066","1.82769280214813","0.562","0.034","0.028","1,3,4,5,6,7,10,11,12",0.0126301125501074,FALSE,0,3,9,0,9,0,0.75
"S.EB.b",63,60,0.33,"FALSE","FALSE","FALSE","7.93490687873804","3.77456807494354","4.1603388037945","0.918","0.038","0.034","1,3,5,6,10,12,14,36,88",0.0434554278925869,FALSE,3,6,9,3,6,0.333333333333333,0.5
"S.EB.b",64,60,0.33,"FALSE","FALSE","FALSE","7.40088167986231","6.09309338958035","1.30778829028197","0.311","0.035","0.028","1,2,3,5,6,10,12,14,24",0.0319755286006718,FALSE,2,5,9,2,7,0.222222222222222,0.583333333333333
"S.EB.b",65,60,0.33,"FALSE","FALSE","FALSE","6.81916434088295","4.24240173110244","2.57676260978051","0.5","0.035","0.028","1,3,5,6,10,12,13,14,91",0.0393366352121491,FALSE,3,6,9,3,6,0.333333333333333,0.5
"S.EB.b",66,60,0.33,"FALSE","FALSE","FALSE","6.52935028276656","2.40549236833434","4.12385791443221","0.793","0.034","0.033","1,3,5,6,10,12,17",0.0348398628844986,FALSE,1,6,7,1,6,0.142857142857143,0.5
"S.EB.b",67,60,0.33,"FALSE","FALSE","FALSE","6.72365543955259","3.38068425592273","3.34297118362986","0.581","0.034","0.029","1,3,5,6,10,12,14,39,87",0.0555738080315672,FALSE,3,6,9,3,6,0.333333333333333,0.5
"S.EB.b",68,60,0.33,"FALSE","FALSE","FALSE","7.71796792536276","4.72889928416147","2.98906864120129","0.863","0.037","0.031","2,4,5,6,8,10,11,19,24,30,46,80",0.0535431728408922,FALSE,5,5,12,5,7,0.416666666666667,0.583333333333333
"S.EB.b",69,60,0.33,"FALSE","FALSE","FALSE","6.7771221078367","3.6806152070248","3.0965069008119","0.661","0.034","0.03","1,2,3,5,6,10,11,12,15,29",0.0223628082502877,FALSE,2,4,10,2,8,0.2,0.666666666666667
"S.EB.b",7,60,0.33,"FALSE","FALSE","FALSE","7.91426298083486","4.86357043040892","3.05069255042594","0.922","0.036","0.033","1,2,3,4,5,6,9,10,11,12,71",0.0112263738749592,FALSE,1,2,11,1,10,0.0909090909090909,0.833333333333333
"S.EB.b",70,60,0.33,"FALSE","FALSE","FALSE","7.57615847184581","4.18846410709692","3.38769436474889","0.318","0.031","0.028","1,2,3,5,6,10,11,12,15",0.0187959451456186,FALSE,1,4,9,1,8,0.111111111111111,0.666666666666667
"S.EB.b",71,60,0.33,"FALSE","FALSE","FALSE","7.5708237622128","6.14974176602371","1.42108199618908","0.468","0.034","0.029","2,3,5,6,10,12,14,17,57",0.036997006305333,FALSE,3,6,9,3,6,0.333333333333333,0.5
"S.EB.b",72,60,0.33,"FALSE","FALSE","FALSE","7.65925335803774","4.56937972466681","3.08987363337094","0.541","0.032","0.029","1,2,3,4,5,6,10,11,12,16",0.00992100334295753,FALSE,1,3,10,1,9,0.1,0.75
"S.EB.b",73,60,0.33,"FALSE","FALSE","FALSE","7.76245187029338","2.57579302598796","5.18665884430542","0.517","0.037","0.033","1,2,3,4,5,6,10,11,12,92",0.0143702552812995,FALSE,1,3,10,1,9,0.1,0.75
"S.EB.b",74,60,0.33,"FALSE","FALSE","FALSE","7.38561373090244","2.89191761214061","4.49369611876183","0.584","0.034","0.031","2,3,4,5,6,7,9,11,12",0.022339793549392,FALSE,0,3,9,0,9,0,0.75
"S.EB.b",75,60,0.33,"FALSE","FALSE","FALSE","7.02238134045707","3.58501326610906","3.43736807434802","0.644","0.033","0.032","1,2,3,5,6,10,12,14",0.0351988938408834,FALSE,1,5,8,1,7,0.125,0.583333333333333
"S.EB.b",76,60,0.33,"FALSE","FALSE","FALSE","6.95494988039902","4.39140903193718","2.56354084846184","0.605","0.037","0.031","1,3,5,6,10,12,14,31",0.041302342162756,FALSE,2,6,8,2,6,0.25,0.5
"S.EB.b",77,60,0.33,"FALSE","FALSE","FALSE","6.72621857545989","3.50011881144807","3.22609976401182","0.522","0.035","0.029","1,2,3,5,6,10,11,12,16",0.0177019569804437,FALSE,1,4,9,1,8,0.111111111111111,0.666666666666667
"S.EB.b",78,60,0.33,"FALSE","FALSE","FALSE","7.94666261922567","4.7642727332939","3.18238988593177","0.527","0.032","0.027","1,2,3,4,5,6,9,10,11,12",0.00833761026242718,FALSE,0,2,10,0,10,0,0.833333333333333
"S.EB.b",79,60,0.33,"FALSE","FALSE","FALSE","5.9448729995828","2.84923895708978","3.09563404249302","0.425","0.032","0.024","1,2,5,6,9,10,11,12,23",0.0253253213988292,FALSE,1,4,9,1,8,0.111111111111111,0.666666666666667
"S.EB.b",8,60,0.33,"FALSE","FALSE","FALSE","7.91104918002214","2.6991694126884","5.21187976733374","0.757","0.035","0.034","1,2,4,6,10,11,25,55,59,60,98",0.07770459502341,FALSE,5,6,11,5,6,0.454545454545455,0.5
"S.EB.b",80,60,0.33,"FALSE","FALSE","FALSE","8.99778008181522","4.55226440055374","4.44551568126148","0.629","0.034","0.03","1,2,3,5,6,10,11,12,69,75,76",0.0213564135930986,FALSE,3,4,11,3,8,0.272727272727273,0.666666666666667
"S.EB.b",81,60,0.33,"FALSE","FALSE","FALSE","7.85507903102157","4.58627709981785","3.26880193120372","0.748","0.036","0.031","1,2,4,5,6,8,10,11,12,23",0.0169931641900055,FALSE,1,3,10,1,9,0.1,0.75
"S.EB.b",82,60,0.33,"FALSE","FALSE","FALSE","6.6145936521519","1.80198373988875","4.81260991226315","0.642","0.037","0.03","2,6,10,12,15,30,34,42",0.0956217306468643,FALSE,4,8,8,4,4,0.5,0.333333333333333
"S.EB.b",83,60,0.33,"FALSE","FALSE","FALSE","6.87112305175437","3.31377106141046","3.55735199034391","0.491","0.034","0.033","3,5,6,7,8,10,11,14,51,72",0.0461917254350754,FALSE,3,5,10,3,7,0.3,0.583333333333333
"S.EB.b",84,60,0.33,"FALSE","FALSE","FALSE","6.98818509540631","4.93150799934989","2.05667709605642","0.483","0.036","0.033","1,2,3,5,6,10,11,12,29",0.0206511908136299,FALSE,1,4,9,1,8,0.111111111111111,0.666666666666667
"S.EB.b",85,60,0.33,"FALSE","FALSE","FALSE","6.56964942040437","4.505026224439","2.06462319596537","0.579","0.035","0.027","3,4,5,6,8,9,10,12",0.0252045345291444,FALSE,0,4,8,0,8,0,0.666666666666667
"S.EB.b",86,60,0.33,"FALSE","FALSE","FALSE","7.4585159637515","5.29718106873669","2.16133489501481","0.69","0.034","0.033","2,3,4,5,6,7,8,10,11",0.0232611215622146,FALSE,0,3,9,0,9,0,0.75
"S.EB.b",87,60,0.33,"TRUE","TRUE","FALSE","9.45668860657648","5.15658926055446","4.30009934602202","0.467","0.033","0.031","1,2,3,4,5,6,8,9,10,11,12",0.00428167982333357,FALSE,0,1,11,0,11,0,0.916666666666667
"S.EB.b",88,60,0.33,"FALSE","FALSE","FALSE","6.37273645687217","3.50622583694293","2.86651061992924","0.836","0.035","0.025","3,5,6,7,8,11,12,74,88",0.0438059097822073,FALSE,2,5,9,2,7,0.222222222222222,0.583333333333333
"S.EB.b",89,60,0.33,"FALSE","FALSE","FALSE","7.26702230972971","3.71904395446359","3.54797835526612","0.447","0.04","0.03","1,3,5,6,10,12,14",0.0413457737037969,FALSE,1,6,7,1,6,0.142857142857143,0.5
"S.EB.b",9,60,0.33,"FALSE","FALSE","FALSE","7.18394525081941","4.70084539604945","2.48309985476996","0.407","0.034","0.031","1,3,5,6,8,10,12,14",0.0402082370866628,FALSE,1,5,8,1,7,0.125,0.583333333333333
"S.EB.b",90,60,0.33,"FALSE","FALSE","FALSE","6.33563370079702","4.60236322127963","1.73327047951739","0.623","0.036","0.033","1,2,3,4,5,6,10,11,12",0.00862240538700281,FALSE,0,3,9,0,9,0,0.75
"S.EB.b",91,60,0.33,"FALSE","FALSE","FALSE","6.90333223126881","5.37072200972357","1.53261022154524","0.432","0.033","0.028","1,3,5,6,8,10,12,14",0.0313323299388533,FALSE,1,5,8,1,7,0.125,0.583333333333333
"S.EB.b",92,60,0.33,"FALSE","FALSE","FALSE","8.96932665950671","5.47741933893665","3.49190732057006","0.469","0.036","0.029","1,2,3,4,5,6,8,9,10,11,12",0.0044925678564464,FALSE,0,1,11,0,11,0,0.916666666666667
"S.EB.b",93,60,0.33,"FALSE","FALSE","FALSE","9.04490740695497","4.41216928433504","4.63273812261994","0.597","0.034","0.029","1,2,4,5,6,10,11,12,20,66,73,97",0.0254515703822769,FALSE,4,4,12,4,8,0.333333333333333,0.666666666666667
"S.EB.b",94,60,0.33,"FALSE","FALSE","FALSE","7.39360732103674","5.5658561894397","1.82775113159704","0.361","0.035","0.026","1,3,5,6,8,10,12,14",0.0331275451125934,FALSE,1,5,8,1,7,0.125,0.583333333333333
"S.EB.b",95,60,0.33,"FALSE","FALSE","FALSE","5.24731205527022","3.73383241019454","1.51347964507568","0.544","0.034","0.024","3,4,5,6,7,9,11,12",0.0320031491909022,FALSE,0,4,8,0,8,0,0.666666666666667
"S.EB.b",96,60,0.33,"FALSE","FALSE","FALSE","6.68473932772023","2.27353766152147","4.41120166619876","0.73","0.037","0.032","1,3,5,6,10,12,14,31,36",0.0392688151108212,FALSE,3,6,9,3,6,0.333333333333333,0.5
"S.EB.b",97,60,0.33,"FALSE","FALSE","FALSE","7.01883575764651","3.15428872773728","3.86454702990923","0.451","0.033","0.029","3,5,6,7,10,12,14,36",0.0419490167531161,FALSE,2,6,8,2,6,0.25,0.5
"S.EB.b",98,60,0.33,"FALSE","FALSE","FALSE","7.2837615173384","4.12881140471138","3.15495011262702","0.433","0.035","0.026","1,2,3,4,5,6,9,10,11,12",0.008060066064866,FALSE,0,2,10,0,10,0,0.833333333333333
"S.EB.b",99,60,0.33,"FALSE","FALSE","FALSE","6.73122288794613","3.99384509900352","2.73737778894261","0.461","0.035","0.029","1,3,5,6,8,10,12",0.0337650410149079,FALSE,0,5,7,0,7,0,0.583333333333333
"scad.cv",1,60,0.33,"FALSE","FALSE","FALSE","7.68922014936485","4.98743848061308","2.70178166875177","0.574","0.035","0.031","1,2,3,5,6,10,12,14,34",0.0434226321908122,FALSE,2,5,9,2,7,0.222222222222222,0.583333333333333
"scad.cv",10,60,0.33,"FALSE","FALSE","FALSE","6.81906764327463","4.11123778260381","2.70782986067082","0.559","0.032","0.028","1,3,5,6,10,12,14,31,36,77",0.0422734079971114,FALSE,4,6,10,4,6,0.4,0.5
"scad.cv",100,60,0.33,"FALSE","FALSE","FALSE","7.94134491333354","4.19237539422955","3.74896951910399","0.557","0.035","0.03","1,3,5,6,8,10,12,14",0.0456434345678094,FALSE,1,5,8,1,7,0.125,0.583333333333333
"scad.cv",11,60,0.33,"FALSE","FALSE","FALSE","7.01100311899139","5.19042859233904","1.82057452665235","0.445","0.033","0.029","1,3,5,6,8,10,12,14,33",0.0360901494962024,FALSE,2,5,9,2,7,0.222222222222222,0.583333333333333
"scad.cv",12,60,0.33,"FALSE","FALSE","FALSE","6.9335489110909","3.72551907830594","3.20802983278495","0.999","0.041","0.033","1,3,5,6,7,8,10,11,12,14,16,18,20,22,24,31,49,55,59,75,79,97,100",0.0401711819040601,FALSE,14,3,23,14,9,0.608695652173913,0.75
"scad.cv",13,60,0.33,"FALSE","FALSE","FALSE","7.50194670440047","3.92526503802579","3.57668166637469","0.609","0.036","0.029","1,3,5,6,10,12,17,94,99",0.0470868881844399,FALSE,3,6,9,3,6,0.333333333333333,0.5
"scad.cv",14,60,0.33,"FALSE","FALSE","FALSE","8.30501182945556","4.27310732418778","4.03190450526777","0.525","0.034","0.029","1,3,5,6,8,10,11,12,36,53,91",0.0344637199723476,FALSE,3,4,11,3,8,0.272727272727273,0.666666666666667
"scad.cv",15,60,0.33,"FALSE","FALSE","FALSE","6.92936673020583","5.14630087382392","1.78306585638191","0.413","0.032","0.034","3,5,6,10,12,14,17,60,94",0.0529759338993865,FALSE,4,7,9,4,5,0.444444444444444,0.416666666666667
"scad.cv",16,60,0.33,"FALSE","FALSE","FALSE","6.95725970217814","5.16929877036627","1.78796093181188","0.425","0.033","0.029","6,8,10,12,14,27,49,59,68,69,82,90",0.130297346683916,FALSE,8,8,12,8,4,0.666666666666667,0.333333333333333
"scad.cv",17,60,0.33,"FALSE","FALSE","FALSE","6.7096564684374","3.19983573039856","3.50982073803883","0.324","0.033","0.027","1,3,5,6,10,12",0.0414114950150365,FALSE,0,6,6,0,6,0,0.5
"scad.cv",18,60,0.33,"FALSE","FALSE","FALSE","6.95954449152822","2.77279917055513","4.18674532097309","0.744","0.035","0.03","1,2,3,5,10,12,31,71,77",0.0789718330661415,FALSE,3,6,9,3,6,0.333333333333333,0.5
"scad.cv",19,60,0.33,"FALSE","FALSE","FALSE","6.31953416332954","2.24113318300771","4.07840098032183","0.611","0.038","0.033","1,2,3,5,6,10,12,14,37",0.0363987052485578,FALSE,2,5,9,2,7,0.222222222222222,0.583333333333333
"scad.cv",2,60,0.33,"FALSE","FALSE","FALSE","7.18599887300466","3.90567360484741","3.28032526815725","0.506","0.035","0.028","1,2,3,5,6,10,12,53,102",0.0450341058954116,FALSE,2,5,9,2,7,0.222222222222222,0.583333333333333
"scad.cv",20,60,0.33,"FALSE","FALSE","FALSE","6.69320455079162","5.02233471779025","1.67086983300137","0.457","0.034","0.028","1,3,5,6,10,12,14",0.0361141786217285,FALSE,1,6,7,1,6,0.142857142857143,0.5
"scad.cv",21,60,0.33,"FALSE","FALSE","FALSE","7.44802286739135","3.83415642841776","3.61386643897359","0.654","0.035","0.03","1,3,5,6,8,10,11,12,14,61,82",0.0357883514855064,FALSE,3,4,11,3,8,0.272727272727273,0.666666666666667
"scad.cv",22,60,0.33,"FALSE","FALSE","FALSE","6.97302892096946","3.88711676215891","3.08591215881056","0.49","0.035","0.029","1,2,3,5,6,10,11,12,70",0.0311402319255663,FALSE,1,4,9,1,8,0.111111111111111,0.666666666666667
"scad.cv",23,60,0.33,"FALSE","FALSE","FALSE","6.66256250878901","3.39439909541856","3.26816341337046","0.716","0.035","0.031","1,3,5,6,10,12,14,33,43",0.0374134887315776,FALSE,3,6,9,3,6,0.333333333333333,0.5
"scad.cv",24,60,0.33,"FALSE","FALSE","FALSE","5.98884301434904","3.11413429580614","2.8747087185429","0.838","0.036","0.031","1,3,5,6,7,9,10,11,12,18,22,34,36,49,57,61,64,72",0.0486201757442943,FALSE,9,3,18,9,9,0.5,0.75
"scad.cv",25,60,0.33,"FALSE","FALSE","FALSE","8.41044128489778","5.80649676201225","2.60394452288553","0.399","0.032","0.028","1,2,3,5,6,10,11,12,14,31,65",0.0377466197647214,FALSE,3,4,11,3,8,0.272727272727273,0.666666666666667
"scad.cv",26,60,0.33,"FALSE","FALSE","FALSE","7.02029940096678","4.05007347711261","2.97022592385416","0.532","0.035","0.032","1,3,4,5,6,8,10,11,12,14,20,22,31,49,68,79,85,94,98",0.0218702659855398,FALSE,10,3,19,10,9,0.526315789473684,0.75
"scad.cv",27,60,0.33,"FALSE","FALSE","FALSE","8.62943254676745","3.16088172486123","5.46855082190623","0.747","0.04","0.032","1,2,3,4,5,6,8,10,11,12,14,16,17,20,22,31,41,49,55,68,75,80,89,94",0.0287174219598083,FALSE,14,2,24,14,10,0.583333333333333,0.833333333333333
"scad.cv",28,60,0.33,"FALSE","FALSE","FALSE","7.29723542252072","3.29713882021287","4.00009660230785","0.62","0.034","0.035","1,3,4,5,6,8,10,11,12,14,22,24,31,45,49,55,60,68,90,102",0.0257519213333609,FALSE,11,3,20,11,9,0.55,0.75
"scad.cv",29,60,0.33,"FALSE","FALSE","FALSE","7.77485758488408","4.44499370509018","3.3298638797939","0.663","0.039","0.039","1,3,4,5,6,8,9,10,11,12,14,17,20,22,49,66,68,75,80",0.0276965577858531,FALSE,9,2,19,9,10,0.473684210526316,0.833333333333333
"scad.cv",3,60,0.33,"FALSE","FALSE","FALSE","5.92217504413645","4.68203165142776","1.24014339270869","0.455","0.034","0.025","1,3,5,6,7,8,10,12,61,80",0.0626689824157612,FALSE,2,4,10,2,8,0.2,0.666666666666667
"scad.cv",30,60,0.33,"FALSE","FALSE","FALSE","7.31881731287337","4.62739632228984","2.69142099058353","0.641","0.033","0.028","1,3,5,6,10,11,12,13,14,31,77",0.0630507024867144,FALSE,4,5,11,4,7,0.363636363636364,0.583333333333333
"scad.cv",31,60,0.33,"FALSE","FALSE","FALSE","7.90101944035378","3.37724372711177","4.52377571324201","0.918","0.034","0.036","1,2,3,5,6,8,10,11,12,14,20,22,24,27,31,41,46,49,68,73,75,84,92,93,94,100",0.0324192678619814,FALSE,17,3,26,17,9,0.653846153846154,0.75
"scad.cv",32,60,0.33,"FALSE","FALSE","FALSE","6.0833742322156","2.93375096227851","3.14962326993709","0.514","0.036","0.034","2,6,10,12,14,17,30,34,68",0.148811169638709,FALSE,5,8,9,5,4,0.555555555555556,0.333333333333333
"scad.cv",33,60,0.33,"FALSE","FALSE","FALSE","7.53169482775426","2.52556738253876","5.0061274452155","0.587","0.033","0.031","1,3,5,6,8,10,11,12,14,16,22,24,31,41,46,49,68",0.029039681074474,FALSE,9,4,17,9,8,0.529411764705882,0.666666666666667
"scad.cv",34,60,0.33,"FALSE","FALSE","FALSE","7.90005986183054","4.54659173661652","3.35346812521402","0.484","0.033","0.031","1,3,4,5,6,10,11,12",0.0302128695419275,FALSE,0,4,8,0,8,0,0.666666666666667
"scad.cv",35,60,0.33,"FALSE","FALSE","FALSE","7.4146711989692","6.19429190392096","1.22037929504824","0.571","0.034","0.027","1,3,5,6,9,10,12,56,61,64,77,102",0.087306637069575,FALSE,5,5,12,5,7,0.416666666666667,0.583333333333333
"scad.cv",36,60,0.33,"FALSE","FALSE","FALSE","6.25668702319255","1.352535910711","4.90415111248155","0.834","0.036","0.033","1,2,3,5,6,8,10,11,12,14,22,24,31,42,45,46,61,66,68,75,80,93,100",0.031522595880562,FALSE,14,3,23,14,9,0.608695652173913,0.75
"scad.cv",37,60,0.33,"FALSE","FALSE","FALSE","7.82543367071515","3.57187702507796","4.25355664563719","0.495","0.035","0.027","1,3,5,6,8,10,12,14",0.0361620302771366,FALSE,1,5,8,1,7,0.125,0.583333333333333
"scad.cv",38,60,0.33,"FALSE","FALSE","FALSE","7.60086680216985","2.97355388874913","4.62731291342072","1.029","0.038","0.033","3,6,10,12,13,14,39,45,71,82,83,85",0.0891386938029952,FALSE,8,8,12,8,4,0.666666666666667,0.333333333333333
"scad.cv",39,60,0.33,"FALSE","FALSE","FALSE","7.23542138896594","4.16165449432566","3.07376689464028","0.581","0.035","0.033","1,6,8,10,12,13,14,17,29,30,31,34,42,68",0.0846564741761788,FALSE,9,7,14,9,5,0.642857142857143,0.416666666666667
"scad.cv",4,60,0.33,"FALSE","FALSE","FALSE","7.36117969387914","4.0601514083448","3.30102828553435","0.333","0.035","0.029","1,3,5,6,10,12,36",0.0387312219487437,FALSE,1,6,7,1,6,0.142857142857143,0.5
"scad.cv",40,60,0.33,"FALSE","FALSE","FALSE","8.12757146223777","6.01603766796839","2.11153379426938","0.443","0.034","0.033","1,3,4,5,6,10,12,16",0.0307061264428686,FALSE,1,5,8,1,7,0.125,0.583333333333333
"scad.cv",41,60,0.33,"FALSE","FALSE","FALSE","7.13189765906047","4.93113296069517","2.20076469836529","0.438","0.034","0.032","1,3,5,6,10,11,12,36",0.0331475178020305,FALSE,1,5,8,1,7,0.125,0.583333333333333
"scad.cv",42,60,0.33,"FALSE","FALSE","FALSE","6.35943822310008","3.15545771259685","3.20398051050324","0.371","0.033","0.029","1,3,5,6,10,12,76,77,91,100",0.0551332987921475,FALSE,4,6,10,4,6,0.4,0.5
"scad.cv",43,60,0.33,"FALSE","FALSE","FALSE","7.74835637752646","3.93176652209682","3.81658985542964","0.552","0.035","0.036","6,7,8,10,14,30,68,80,81,83,86",0.0924514461524566,FALSE,7,8,11,7,4,0.636363636363636,0.333333333333333
"scad.cv",44,60,0.33,"FALSE","FALSE","FALSE","8.34936743714239","4.7385444586821","3.61082297846028","0.569","0.034","0.029","1,3,5,6,10,11,12,14,31,34,77,89",0.045172259188665,FALSE,5,5,12,5,7,0.416666666666667,0.583333333333333
"scad.cv",45,60,0.33,"FALSE","FALSE","FALSE","6.86018912324427","3.56192727559681","3.29826184764745","0.655","0.036","0.03","1,2,3,5,6,7,8,10,11,12,53,61,78,80,84,102",0.0467293345642721,FALSE,6,2,16,6,10,0.375,0.833333333333333
"scad.cv",46,60,0.33,"FALSE","FALSE","FALSE","8.66614314537463","6.31615434548147","2.34998879989316","0.533","0.035","0.034","1,2,3,5,6,10,11,12,14,34,69,73,85,97",0.066942162917364,FALSE,6,4,14,6,8,0.428571428571429,0.666666666666667
"scad.cv",47,60,0.33,"FALSE","FALSE","FALSE","7.01036907531646","4.34215480407254","2.66821427124392","0.552","0.033","0.033","1,3,4,5,6,7,8,10,11,12,14,17,20,31,34,41,49,61,68,76,97,99",0.0260838579563701,FALSE,12,2,22,12,10,0.545454545454545,0.833333333333333
"scad.cv",48,60,0.33,"FALSE","FALSE","FALSE","9.21315681216577","4.89405691389545","4.31909989827032","0.496","0.032","0.03","1,3,5,6,8,10,12,14,52,64,91",0.0446580191806181,FALSE,4,5,11,4,7,0.363636363636364,0.583333333333333
"scad.cv",49,60,0.33,"FALSE","FALSE","FALSE","8.83207322738537","5.63287980384969","3.19919342353568","0.457","0.031","0.036","2,6,10,14,16,30,31,68,80",0.112043218076391,FALSE,6,9,9,6,3,0.666666666666667,0.25
"scad.cv",5,60,0.33,"FALSE","FALSE","FALSE","5.82034156726912","2.59960556395211","3.22073600331702","0.513","0.035","0.024","1,3,5,6,7,8,9,10,12,43,61,74",0.0679669744647274,FALSE,3,3,12,3,9,0.25,0.75
"scad.cv",50,60,0.33,"FALSE","FALSE","FALSE","7.32649174692513","3.27702217343811","4.04946957348702","0.506","0.035","0.03","1,2,3,5,6,8,9,10,11,12,17,36,39",0.0399076715484553,FALSE,3,2,13,3,10,0.230769230769231,0.833333333333333
"scad.cv",51,60,0.33,"FALSE","FALSE","FALSE","7.35930363956101","4.74957221043269","2.60973142912832","0.59","0.035","0.033","2,4,5,6,7,8,9,11,38,44,51,78,87,88",0.0549799942301248,FALSE,6,4,14,6,8,0.428571428571429,0.666666666666667
"scad.cv",52,60,0.33,"FALSE","FALSE","FALSE","6.54775119144061","3.25198510473445","3.29576608670616","0.687","0.035","0.027","1,2,3,5,6,9,10,12,17,35,56,72,74,77,102",0.0733913050284842,FALSE,7,4,15,7,8,0.466666666666667,0.666666666666667
"scad.cv",53,60,0.33,"FALSE","FALSE","FALSE","6.94852655220055","2.14376509113478","4.80476146106577","0.913","0.037","0.036","6,7,8,10,14,27,45,59,66,67,96",0.119578186626218,FALSE,7,8,11,7,4,0.636363636363636,0.333333333333333
"scad.cv",54,60,0.33,"FALSE","FALSE","FALSE","6.81204405910584","3.68552278464846","3.12652127445738","0.469","0.032","0.027","3,5,6,7,8,10,12,27,42,74,78,80,94",0.0441465194985919,FALSE,6,5,13,6,7,0.461538461538462,0.583333333333333
"scad.cv",55,60,0.33,"FALSE","FALSE","FALSE","6.90466926854919","3.1820734277721","3.7225958407771","0.463","0.036","0.026","1,2,3,5,6,10,12,14,43",0.0393283101471412,FALSE,2,5,9,2,7,0.222222222222222,0.583333333333333
"scad.cv",56,60,0.33,"FALSE","FALSE","FALSE","5.93312299632008","2.41799563581028","3.51512736050979","0.613","0.034","0.032","1,2,3,4,5,6,10,12,20,34,56,91,98",0.0447885617344752,FALSE,5,4,13,5,8,0.384615384615385,0.666666666666667
"scad.cv",57,60,0.33,"FALSE","FALSE","FALSE","8.11182306962972","5.85204095172895","2.25978211790077","0.553","0.032","0.029","6,8,10,12,14,21,27,59,68,85",0.118464547784482,FALSE,6,8,10,6,4,0.6,0.333333333333333
"scad.cv",58,60,0.33,"FALSE","FALSE","FALSE","10.2859473456174","3.12700892456477","7.15893842105266","0.614","0.038","0.035","1,2,3,5,6,8,10,11,12,14,20,22,24,31,36,49,56,68,75,80,84,93",0.0335767090110935,FALSE,13,3,22,13,9,0.590909090909091,0.75
"scad.cv",59,60,0.33,"FALSE","FALSE","FALSE","7.00887790760936","4.76261893892721","2.24625896868215","0.756","0.036","0.029","3,5,6,9,10,12,43,57,61,64,74,77,94",0.0777488757331593,FALSE,7,6,13,7,6,0.538461538461538,0.5
"scad.cv",6,60,0.33,"FALSE","FALSE","FALSE","7.00535810208473","4.22570262154302","2.77965548054171","0.481","0.033","0.031","1,2,3,5,6,10,12,36",0.0473235156692456,FALSE,1,5,8,1,7,0.125,0.583333333333333
"scad.cv",60,60,0.33,"FALSE","FALSE","FALSE","6.56994056410605","3.33261103088302","3.23732953322303","0.667","0.035","0.03","1,3,5,6,10,11,12,16,18,42,43,94",0.0594823571170527,FALSE,5,5,12,5,7,0.416666666666667,0.583333333333333
"scad.cv",61,60,0.33,"FALSE","FALSE","FALSE","7.25009114704058","4.60730734152416","2.64278380551641","0.446","0.033","0.035","1,3,5,6,10,11,12,75",0.033840398790659,FALSE,1,5,8,1,7,0.125,0.583333333333333
"scad.cv",62,60,0.33,"FALSE","FALSE","FALSE","7.3858404531188","5.55814765097066","1.82769280214813","0.562","0.034","0.028","1,3,5,6,10,11,12,17,31,77",0.0664397328909028,FALSE,3,5,10,3,7,0.3,0.583333333333333
"scad.cv",63,60,0.33,"FALSE","FALSE","FALSE","7.93490687873804","3.77456807494354","4.1603388037945","0.918","0.038","0.034","1,3,5,6,10,12,14,25,36,54,75,77,95",0.0639919010632011,FALSE,7,6,13,7,6,0.538461538461538,0.5
"scad.cv",64,60,0.33,"FALSE","FALSE","FALSE","7.40088167986231","6.09309338958035","1.30778829028197","0.311","0.035","0.028","1,2,3,5,6,10,12,14",0.039511693470734,FALSE,1,5,8,1,7,0.125,0.583333333333333
"scad.cv",65,60,0.33,"FALSE","FALSE","FALSE","6.81916434088295","4.24240173110244","2.57676260978051","0.5","0.035","0.028","1,3,5,6,10,12,52,91",0.0441059478878973,FALSE,2,6,8,2,6,0.25,0.5
"scad.cv",66,60,0.33,"FALSE","FALSE","FALSE","6.52935028276656","2.40549236833434","4.12385791443221","0.793","0.034","0.033","1,3,4,5,6,8,10,12,14,17,20,27,28,36,41,68,75",0.0269020327572002,FALSE,9,4,17,9,8,0.529411764705882,0.666666666666667
"scad.cv",67,60,0.33,"FALSE","FALSE","FALSE","6.72365543955259","3.38068425592273","3.34297118362986","0.581","0.034","0.029","1,5,6,8,10,12,14,34,68,77,87,97",0.0897850377060452,FALSE,6,6,12,6,6,0.5,0.5
"scad.cv",68,60,0.33,"FALSE","FALSE","FALSE","7.71796792536276","4.72889928416147","2.98906864120129","0.863","0.037","0.031","1,2,3,4,5,6,8,10,11,12,14,20,22,24,31,41,46,49,55,56,66,68,75,93",0.024516728954559,FALSE,14,2,24,14,10,0.583333333333333,0.833333333333333
"scad.cv",69,60,0.33,"FALSE","FALSE","FALSE","6.7771221078367","3.6806152070248","3.0965069008119","0.661","0.034","0.03","1,3,5,6,10,11,12,15",0.0388877710748142,FALSE,1,5,8,1,7,0.125,0.583333333333333
"scad.cv",7,60,0.33,"FALSE","FALSE","FALSE","7.91426298083486","4.86357043040892","3.05069255042594","0.922","0.036","0.033","1,3,4,5,6,8,10,11,12,14,20,22,24,31,40,51,68,71,94",0.0214109287519227,FALSE,10,3,19,10,9,0.526315789473684,0.75
"scad.cv",70,60,0.33,"FALSE","FALSE","FALSE","7.57615847184581","4.18846410709692","3.38769436474889","0.318","0.031","0.028","1,2,3,5,6,10,11,12,15,33,64,85",0.0354576373930223,FALSE,4,4,12,4,8,0.333333333333333,0.666666666666667
"scad.cv",71,60,0.33,"FALSE","FALSE","FALSE","7.5708237622128","6.14974176602371","1.42108199618908","0.468","0.034","0.029","1,2,3,5,6,7,10,12,14,17,36,58",0.0431964120729753,FALSE,4,4,12,4,8,0.333333333333333,0.666666666666667
"scad.cv",72,60,0.33,"FALSE","FALSE","FALSE","7.65925335803774","4.56937972466681","3.08987363337094","0.541","0.032","0.029","1,3,5,6,10,12,14,16,51,102",0.0419845627735894,FALSE,4,6,10,4,6,0.4,0.5
"scad.cv",73,60,0.33,"FALSE","FALSE","FALSE","7.76245187029338","2.57579302598796","5.18665884430542","0.517","0.037","0.033","1,2,4,5,6,9,10,11,12,29,30,48,59,62,92,97",0.0502727209630699,FALSE,7,3,16,7,9,0.4375,0.75
"scad.cv",74,60,0.33,"FALSE","FALSE","FALSE","7.38561373090244","2.89191761214061","4.49369611876183","0.584","0.034","0.031","3,5,6,12,14,16,38,42,64,74",0.0685412204055064,FALSE,6,8,10,6,4,0.6,0.333333333333333
"scad.cv",75,60,0.33,"FALSE","FALSE","FALSE","7.02238134045707","3.58501326610906","3.43736807434802","0.644","0.033","0.032","1,2,3,5,6,10,12,14,50,54,100",0.0496830607781622,FALSE,4,5,11,4,7,0.363636363636364,0.583333333333333
"scad.cv",76,60,0.33,"FALSE","FALSE","FALSE","6.95494988039902","4.39140903193718","2.56354084846184","0.605","0.037","0.031","1,3,5,6,10,12,14,31,33,77",0.0604714317231192,FALSE,4,6,10,4,6,0.4,0.5
"scad.cv",77,60,0.33,"FALSE","FALSE","FALSE","6.72621857545989","3.50011881144807","3.22609976401182","0.522","0.035","0.029","1,2,3,5,6,10,12,14,16,21,53,64,66",0.0368872633877167,FALSE,6,5,13,6,7,0.461538461538462,0.583333333333333
"scad.cv",78,60,0.33,"FALSE","FALSE","FALSE","7.94666261922567","4.7642727332939","3.18238988593177","0.527","0.032","0.027","1,2,3,5,6,10,12,14,75",0.0420028309673266,FALSE,2,5,9,2,7,0.222222222222222,0.583333333333333
"scad.cv",79,60,0.33,"FALSE","FALSE","FALSE","5.9448729995828","2.84923895708978","3.09563404249302","0.425","0.032","0.024","1,3,5,6,9,10,11,12,13,17,23,33,65",0.0497740567972619,FALSE,5,4,13,5,8,0.384615384615385,0.666666666666667
"scad.cv",8,60,0.33,"FALSE","FALSE","FALSE","7.91104918002214","2.6991694126884","5.21187976733374","0.757","0.035","0.034","2,3,4,6,7,9,10,11,16,48,76,87,92,96,98",0.0762126760133166,FALSE,7,4,15,7,8,0.466666666666667,0.666666666666667
"scad.cv",80,60,0.33,"FALSE","FALSE","FALSE","8.99778008181522","4.55226440055374","4.44551568126148","0.629","0.034","0.03","1,2,3,5,6,10,11,12,17,36,75,76",0.033359477169632,FALSE,4,4,12,4,8,0.333333333333333,0.666666666666667
"scad.cv",81,60,0.33,"FALSE","FALSE","FALSE","7.85507903102157","4.58627709981785","3.26880193120372","0.748","0.036","0.031","1,2,3,4,5,6,8,10,11,12,14,20,22,23,40,66,75,80,84,94,100",0.0239964837077366,FALSE,11,2,21,11,10,0.523809523809524,0.833333333333333
"scad.cv",82,60,0.33,"FALSE","FALSE","FALSE","6.6145936521519","1.80198373988875","4.81260991226315","0.642","0.037","0.03","1,3,5,10,12,33,77,91",0.0725033136607076,FALSE,3,7,8,3,5,0.375,0.416666666666667
"scad.cv",83,60,0.33,"FALSE","FALSE","FALSE","6.87112305175437","3.31377106141046","3.55735199034391","0.491","0.034","0.033","3,5,6,7,11,12,14,16,44,51,67,72,87,102",0.0670809264719101,FALSE,8,6,14,8,6,0.571428571428571,0.5
"scad.cv",84,60,0.33,"FALSE","FALSE","FALSE","6.98818509540631","4.93150799934989","2.05667709605642","0.483","0.036","0.033","1,2,3,5,6,7,8,12,42,72,74,76,99",0.0704397792375576,FALSE,5,4,13,5,8,0.384615384615385,0.666666666666667
"scad.cv",85,60,0.33,"FALSE","FALSE","FALSE","6.56964942040437","4.505026224439","2.06462319596537","0.579","0.035","0.027","3,4,5,6,8,9,10,12,58,72,80,98,102",0.058760141571814,FALSE,5,4,13,5,8,0.384615384615385,0.666666666666667
"scad.cv",86,60,0.33,"FALSE","FALSE","FALSE","7.4585159637515","5.29718106873669","2.16133489501481","0.69","0.034","0.033","1,2,3,4,5,6,7,8,10,12,14,20,22,24,31,49,68,80",0.0312072130793289,FALSE,8,2,18,8,10,0.444444444444444,0.833333333333333
"scad.cv",87,60,0.33,"TRUE","TRUE","FALSE","9.45668860657648","5.15658926055446","4.30009934602202","0.467","0.033","0.031","1,3,4,5,6,8,9,10,11,12,14,42,43,58,74,102",0.0442190109262225,FALSE,6,2,16,6,10,0.375,0.833333333333333
"scad.cv",88,60,0.33,"FALSE","FALSE","FALSE","6.37273645687217","3.50622583694293","2.86651061992924","0.836","0.035","0.025","3,5,6,7,12,36,53,61,64,74",0.0837272050637213,FALSE,5,7,10,5,5,0.5,0.416666666666667
"scad.cv",89,60,0.33,"FALSE","FALSE","FALSE","7.26702230972971","3.71904395446359","3.54797835526612","0.447","0.04","0.03","1,3,5,6,10,12,14,37",0.0431761394932452,FALSE,2,6,8,2,6,0.25,0.5
"scad.cv",9,60,0.33,"FALSE","FALSE","FALSE","7.18394525081941","4.70084539604945","2.48309985476996","0.407","0.034","0.031","6,8,10,14,27,30,56,70,74,91,102",0.115441131428663,FALSE,8,9,11,8,3,0.727272727272727,0.25
"scad.cv",90,60,0.33,"FALSE","FALSE","FALSE","6.33563370079702","4.60236322127963","1.73327047951739","0.623","0.036","0.033","1,2,3,5,6,10,12,44,51,57,61,63,65,74,76,88",0.0414656909853157,FALSE,9,5,16,9,7,0.5625,0.583333333333333
"scad.cv",91,60,0.33,"FALSE","FALSE","FALSE","6.90333223126881","5.37072200972357","1.53261022154524","0.432","0.033","0.028","1,3,5,6,10,12,14",0.0358078412972361,FALSE,1,6,7,1,6,0.142857142857143,0.5
"scad.cv",92,60,0.33,"FALSE","FALSE","FALSE","8.96932665950671","5.47741933893665","3.49190732057006","0.469","0.036","0.029","1,3,5,6,10,11,12,14,58",0.0427847292784343,FALSE,2,5,9,2,7,0.222222222222222,0.583333333333333
"scad.cv",93,60,0.33,"FALSE","FALSE","FALSE","9.04490740695497","4.41216928433504","4.63273812261994","0.597","0.034","0.029","1,2,3,5,6,8,10,11,12,36,42,66",0.0491900319034646,FALSE,3,3,12,3,9,0.25,0.75
"scad.cv",94,60,0.33,"FALSE","FALSE","FALSE","7.39360732103674","5.5658561894397","1.82775113159704","0.361","0.035","0.026","1,3,5,6,8,10,12,14",0.0454505577335242,FALSE,1,5,8,1,7,0.125,0.583333333333333
"scad.cv",95,60,0.33,"FALSE","FALSE","FALSE","5.24731205527022","3.73383241019454","1.51347964507568","0.544","0.034","0.024","1,3,5,6,9,12,17,57,61,72,94",0.0985443882204774,FALSE,5,6,11,5,6,0.454545454545455,0.5
"scad.cv",96,60,0.33,"FALSE","FALSE","FALSE","6.68473932772023","2.27353766152147","4.41120166619876","0.73","0.037","0.032","1,2,3,5,6,7,8,10,12,14,20,22,31,36,41,45,49,68,94",0.0364638342726784,FALSE,10,3,19,10,9,0.526315789473684,0.75
"scad.cv",97,60,0.33,"FALSE","FALSE","FALSE","7.01883575764651","3.15428872773728","3.86454702990923","0.451","0.033","0.029","1,3,5,6,7,10,12,14,36,52",0.0378226420820691,FALSE,3,5,10,3,7,0.3,0.583333333333333
"scad.cv",98,60,0.33,"FALSE","FALSE","FALSE","7.2837615173384","4.12881140471138","3.15495011262702","0.433","0.035","0.026","1,3,5,6,10,12,14,17",0.0550195073493001,FALSE,2,6,8,2,6,0.25,0.5
"scad.cv",99,60,0.33,"FALSE","FALSE","FALSE","6.73122288794613","3.99384509900352","2.73737778894261","0.461","0.035","0.029","1,3,5,6,8,10,12,17,31,77",0.0523688961041668,FALSE,3,5,10,3,7,0.3,0.583333333333333
