"method","sim","n","betamin","is.true.model.intop.kappa.o","is.true.model.intop.kappa.oplusLASSO","is.s.hat.nan","s.hat","s0.hat","s1.hat","time.l0","time.lasso.cv","time.scad.cv","sel.model","est.mse","recovery","nb.tI","nb.tII","est.size","FP","TP","FDR","power"
"EBIC",1,500,0.33,"TRUE","TRUE","FALSE","17.1458920830486","9.02145605086877","8.12443603217979","9.274","0.278","0.902","2,3,4,5,6,7,8,9,10,11,12,13,14,15,16,17,18",0.00026092947660165,FALSE,0,1,17,0,17,0,0.944444444444444
"EBIC",10,500,0.33,"TRUE","TRUE","FALSE","17.9387714435368","13.0015384510241","4.93723299251271","11.402","0.511","1.244","1,2,3,4,5,6,7,8,9,10,11,12,13,14,15,16,17,18",0.000146435277794301,TRUE,0,0,18,0,18,0,1
"EBIC",100,500,0.33,"TRUE","TRUE","FALSE","18.0921069339882","12.0027799212978","6.08932701269041","7.302","0.264","0.743","1,2,3,4,5,6,7,8,9,10,11,12,13,14,15,16,17,18",6.88108450991756e-05,TRUE,0,0,18,0,18,0,1
"EBIC",11,500,0.33,"TRUE","TRUE","FALSE","17.5408342430687","11.3886635481988","6.15217069486991","10.86","0.343","0.927","1,2,3,4,5,6,7,8,9,10,11,12,13,14,15,16,17,18",0.000114520631031029,TRUE,0,0,18,0,18,0,1
"EBIC",12,500,0.33,"TRUE","TRUE","FALSE","18.1153649588782","13.0014281686894","5.11393679018882","10.091","0.304","1.046","1,2,3,4,5,6,7,8,9,10,11,12,13,14,15,16,17,18",0.000123846876081248,TRUE,0,0,18,0,18,0,1
"EBIC",13,500,0.33,"TRUE","TRUE","FALSE","17.9093955597924","12.6613457801843","5.24804977960812","8.949","0.333","0.779","1,2,3,4,5,6,7,8,9,10,11,12,13,14,15,16,17,18,236",0.000228394894361945,FALSE,1,0,19,1,18,0.0526315789473684,1
"EBIC",14,500,0.33,"TRUE","TRUE","FALSE","17.497923025141","10.3898065422094","7.10811648293158","9.427","0.284","0.747","1,2,3,4,5,6,7,8,9,10,11,12,13,14,15,16,17,18",0.000109686400279826,TRUE,0,0,18,0,18,0,1
"EBIC",15,500,0.33,"TRUE","TRUE","FALSE","18.1997607381729","12.0012654005279","6.19849533764502","9.044","0.325","0.974","1,2,3,4,5,6,7,8,9,10,11,12,13,14,15,16,17,18,613",0.000159373764878666,FALSE,1,0,19,1,18,0.0526315789473684,1
"EBIC",16,500,0.33,"TRUE","TRUE","FALSE","17.4989627516866","10.1333441813573","7.36561857032931","8.836","0.267","0.723","1,2,3,4,5,6,7,8,9,10,11,12,13,14,15,16,17,18,49",0.000187997378283466,FALSE,1,0,19,1,18,0.0526315789473684,1
"EBIC",17,500,0.33,"TRUE","TRUE","FALSE","18.1341395535671","11.9622006072383","6.17193894632877","8.575","0.334","0.986","1,2,3,4,5,6,7,8,9,10,11,12,13,14,15,16,17,18,163",0.000218111025641036,FALSE,1,0,19,1,18,0.0526315789473684,1
"EBIC",18,500,0.33,"TRUE","TRUE","FALSE","18.2222782025643","14.022489565661","4.19978863690335","9.449","0.299","0.768","1,2,3,4,5,6,7,8,9,10,11,12,13,14,15,16,17,18",9.42887131379683e-05,TRUE,0,0,18,0,18,0,1
"EBIC",19,500,0.33,"TRUE","TRUE","FALSE","18.1539813991203","12.0062577184994","6.14772368062094","7.373","0.25","0.671","1,2,3,4,5,6,7,8,9,10,11,12,13,14,15,16,17,18",0.000113360707109755,TRUE,0,0,18,0,18,0,1
"EBIC",2,500,0.33,"TRUE","TRUE","FALSE","18.1333305480413","10.0019924368064","8.13133811123499","8.823","0.355","0.881","1,2,3,4,5,6,7,8,9,10,11,12,13,14,15,16,17,18",5.21304148982777e-05,TRUE,0,0,18,0,18,0,1
"EBIC",20,500,0.33,"TRUE","TRUE","FALSE","18.0774617082382","12.9845677056174","5.0928940026208","8.87","0.34","0.853","1,2,3,4,5,6,7,8,9,10,11,12,13,14,15,16,17,18",0.000107943929126394,TRUE,0,0,18,0,18,0,1
"EBIC",21,500,0.33,"TRUE","TRUE","FALSE","18.1173213431007","10.0035295228326","8.11379182026813","7.455","0.353","0.843","1,2,3,4,5,6,7,8,9,10,11,12,13,14,15,16,17,18",0.000124847870917515,TRUE,0,0,18,0,18,0,1
"EBIC",22,500,0.33,"TRUE","TRUE","FALSE","18.4512798964707","12.0014736875039","6.44980620896681","9.437","0.261","0.722","1,2,3,4,5,6,7,8,9,10,11,12,13,14,15,16,17,18,129,137,425",0.000413132969751248,FALSE,3,0,21,3,18,0.142857142857143,1
"EBIC",23,500,0.33,"TRUE","TRUE","FALSE","18.1195886448298","15.0050352557283","3.11455338910156","7.674","0.284","0.789","1,2,3,4,5,6,7,8,9,10,11,12,13,14,15,16,17,18",4.12101604285384e-05,TRUE,0,0,18,0,18,0,1
"EBIC",24,500,0.33,"TRUE","TRUE","FALSE","18.1205356009018","12.0025934690178","6.11794213188403","8.255","0.278","0.799","1,2,3,4,5,6,7,8,9,10,11,12,13,14,15,16,17,18",6.90886369077436e-05,TRUE,0,0,18,0,18,0,1
"EBIC",25,500,0.33,"TRUE","TRUE","FALSE","18.1714354165711","12.0016844096015","6.16975100696968","8.293","0.285","0.754","1,2,3,4,5,6,7,8,9,10,11,12,13,14,15,16,17,18",8.03923491753404e-05,TRUE,0,0,18,0,18,0,1
"EBIC",26,500,0.33,"TRUE","TRUE","FALSE","18.2060960358114","14.0010838728338","4.20501216297761","9.486","0.285","0.752","1,2,3,4,5,6,7,8,9,10,11,12,13,14,15,16,17,18,210",0.000179545539221169,FALSE,1,0,19,1,18,0.0526315789473684,1
"EBIC",27,500,0.33,"TRUE","TRUE","FALSE","18.1462188886286","14.0023876104165","4.14383127821211","8.097","0.267","0.725","1,2,3,4,5,6,7,8,9,10,11,12,13,14,15,16,17,18",5.76849327892292e-05,TRUE,0,0,18,0,18,0,1
"EBIC",28,500,0.33,"TRUE","TRUE","FALSE","17.7365520976883","13.5253748616647","4.21117723602366","11.71","0.307","0.917","1,2,3,4,5,6,7,8,9,10,11,12,13,14,15,16,17,18,125,285",0.000224381975039997,FALSE,2,0,20,2,18,0.1,1
"EBIC",29,500,0.33,"TRUE","TRUE","FALSE","17.263480769356","13.0689737201204","4.19450704923561","10.128","0.428","1.669","2,3,4,5,6,7,8,9,10,11,12,13,14,15,16,17,18,224",0.0002805302071845,FALSE,1,1,18,1,17,0.0555555555555556,0.944444444444444
"EBIC",3,500,0.33,"TRUE","TRUE","FALSE","18.0895265612141","12.0020375970708","6.08748896414331","8.065","0.348","0.961","1,2,3,4,5,6,7,8,9,10,11,12,13,14,15,16,17,18",0.000145284346660375,TRUE,0,0,18,0,18,0,1
"EBIC",30,500,0.33,"TRUE","TRUE","FALSE","18.156081952173","12.9944238012122","5.16165815096078","8.778","0.316","0.951","1,2,3,4,5,6,7,8,9,10,11,12,13,14,15,16,17,18",4.11429476374415e-05,TRUE,0,0,18,0,18,0,1
"EBIC",31,500,0.33,"TRUE","TRUE","FALSE","18.1331407592421","13.0006674696476","5.13247328959454","8.473","0.351","0.975","1,2,3,4,5,6,7,8,9,10,11,12,13,14,15,16,17,18",7.62189424189332e-05,TRUE,0,0,18,0,18,0,1
"EBIC",32,500,0.33,"TRUE","TRUE","FALSE","18.1775636477685","11.0006053575495","7.17695829021904","9.873","0.395","1.137","1,2,3,4,5,6,7,8,9,10,11,12,13,14,15,16,17,18",0.000178521160657503,TRUE,0,0,18,0,18,0,1
"EBIC",33,500,0.33,"TRUE","TRUE","FALSE","17.173974438542","13.0015962957545","4.17237814278753","8.802","0.288","0.733","2,3,4,5,6,7,8,9,10,11,12,13,14,15,16,17,18",0.000253151143561942,FALSE,0,1,17,0,17,0,0.944444444444444
"EBIC",34,500,0.33,"TRUE","TRUE","FALSE","18.1962278320779","12.0034348035819","6.19279302849594","10.489","0.345","0.891","1,2,3,4,5,6,7,8,9,10,11,12,13,14,15,16,17,18",7.3979356140611e-05,TRUE,0,0,18,0,18,0,1
"EBIC",35,500,0.33,"TRUE","TRUE","FALSE","18.021426860684","12.9156777336297","5.10574912705437","9.184","0.33","0.856","1,2,3,4,5,6,7,8,9,10,11,12,13,14,15,16,17,18",0.000165682331047338,TRUE,0,0,18,0,18,0,1
"EBIC",36,500,0.33,"TRUE","TRUE","FALSE","18.1115446952036","13.0011657777272","5.1103789174764","9.232","0.364","0.953","1,2,3,4,5,6,7,8,9,10,11,12,13,14,15,16,17,18",0.000128446967464269,TRUE,0,0,18,0,18,0,1
"EBIC",37,500,0.33,"TRUE","TRUE","FALSE","17.2147525337101","14.0030612764077","3.21169125730241","9.394","0.296","0.85","2,3,4,5,6,7,8,9,10,11,12,13,14,15,16,17,18",0.000222814690512317,FALSE,0,1,17,0,17,0,0.944444444444444
"EBIC",38,500,0.33,"TRUE","TRUE","FALSE","18.9450794979983","12.002008491525","6.9430710064733","10.554","0.319","0.794","1,2,3,4,5,6,7,8,9,10,11,12,13,14,15,16,17,18,112,598",0.000301407104529035,FALSE,2,0,20,2,18,0.1,1
"EBIC",39,500,0.33,"TRUE","TRUE","FALSE","18.3049433252513","11.0022836843798","7.30265964087151","9.685","0.297","0.85","1,2,3,4,5,6,7,8,9,10,11,12,13,14,15,16,17,18,92",0.000117074330832553,FALSE,1,0,19,1,18,0.0526315789473684,1
"EBIC",4,500,0.33,"TRUE","TRUE","FALSE","18.0424837544688","11.8784284498684","6.1640553046004","9.764","0.322","1.118","1,2,3,4,5,6,7,8,9,10,11,12,13,14,15,16,17,18",9.62564972015002e-05,TRUE,0,0,18,0,18,0,1
"EBIC",40,500,0.33,"TRUE","TRUE","FALSE","18.0900897573343","10.9915214976366","7.09856825969766","9.47","0.317","0.831","1,2,3,4,5,6,7,8,9,10,11,12,13,14,15,16,17,18",0.000112571685507961,TRUE,0,0,18,0,18,0,1
"EBIC",41,500,0.33,"TRUE","TRUE","FALSE","17.2290650549063","12.0015971646224","5.22746789028392","9.314","0.319","0.792","1,2,3,4,5,6,7,8,9,10,11,12,13,14,15,16,17,18",0.000101715546572302,TRUE,0,0,18,0,18,0,1
"EBIC",42,500,0.33,"TRUE","TRUE","FALSE","18.1346687000823","14.0023553301298","4.13231336995253","10.968","0.469","1.12","1,2,3,4,5,6,7,8,9,10,11,12,13,14,15,16,17,18",9.74762689167971e-05,TRUE,0,0,18,0,18,0,1
"EBIC",43,500,0.33,"TRUE","TRUE","FALSE","18.1335812777814","12.9941327859088","5.13944849187265","9.542","0.343","0.901","1,2,3,4,5,6,7,8,9,10,11,12,13,14,15,16,17,18",0.000123007929124475,TRUE,0,0,18,0,18,0,1
"EBIC",44,500,0.33,"TRUE","TRUE","FALSE","18.1233960649366","12.0017603561435","6.12163570879303","9.87","0.289","0.75","1,2,3,4,5,6,7,8,9,10,11,12,13,14,15,16,17,18",7.44869907791971e-05,TRUE,0,0,18,0,18,0,1
"EBIC",45,500,0.33,"TRUE","TRUE","FALSE","18.0887239059044","11.9985720848822","6.09015182102221","6.956","0.263","0.726","1,2,3,4,5,6,7,8,9,10,11,12,13,14,15,16,17,18",4.59574620877704e-05,TRUE,0,0,18,0,18,0,1
"EBIC",46,500,0.33,"TRUE","TRUE","FALSE","18.1086531811987","12.9995503894804","5.10910279171835","8.125","0.346","0.883","1,2,3,4,5,6,7,8,9,10,11,12,13,14,15,16,17,18",9.66567245339234e-05,TRUE,0,0,18,0,18,0,1
"EBIC",47,500,0.33,"TRUE","TRUE","FALSE","18.1767775805975","12.0020558785168","6.17472170208068","10.22","0.392","0.955","1,2,3,4,5,6,7,8,9,10,11,12,13,14,15,16,17,18",4.8861813783963e-05,TRUE,0,0,18,0,18,0,1
"EBIC",48,500,0.33,"TRUE","TRUE","FALSE","18.2038185885559","13.0042473508406","5.19957123771528","10.296","0.365","0.78","1,2,3,4,5,6,7,8,9,10,11,12,13,14,15,16,17,18",5.23369072586314e-05,TRUE,0,0,18,0,18,0,1
"EBIC",49,500,0.33,"TRUE","TRUE","FALSE","18.0985482418792","11.9896416942506","6.10890654762859","7.959","0.321","0.741","1,2,3,4,5,6,7,8,9,10,11,12,13,14,15,16,17,18",0.000134887910707364,TRUE,0,0,18,0,18,0,1
"EBIC",5,500,0.33,"TRUE","TRUE","FALSE","18.1833802134925","11.0025435477342","7.18083666575838","11.748","0.42","1.24","1,2,3,4,5,6,7,8,9,10,11,12,13,14,15,16,17,18",0.000131323912877904,TRUE,0,0,18,0,18,0,1
"EBIC",50,500,0.33,"TRUE","TRUE","FALSE","17.1447869218311","11.0103601268017","6.13442679502942","7.694","0.294","0.77","2,3,4,5,6,7,8,9,10,11,12,13,14,15,16,17,18",0.000254164522616149,FALSE,0,1,17,0,17,0,0.944444444444444
"EBIC",51,500,0.33,"TRUE","TRUE","FALSE","18.0644175644959","11.9469196167879","6.11749794770794","8.362","0.31","0.853","1,2,3,4,5,6,7,8,9,10,11,12,13,14,15,16,17,18",9.31619368663755e-05,TRUE,0,0,18,0,18,0,1
"EBIC",52,500,0.33,"TRUE","TRUE","FALSE","17.7459631541169","11.6010751284157","6.14488802570119","12.864","0.313","0.851","1,2,3,4,5,6,7,8,9,10,11,12,13,14,15,16,17,18",0.000137340191700768,TRUE,0,0,18,0,18,0,1
"EBIC",53,500,0.33,"TRUE","TRUE","FALSE","17.7350183126398","11.6257315863468","6.10928672629301","8.528","0.333","0.857","1,2,3,4,5,6,7,8,9,10,11,12,13,14,15,16,17,18",9.03752537891087e-05,TRUE,0,0,18,0,18,0,1
"EBIC",54,500,0.33,"TRUE","TRUE","FALSE","18.6454636953532","13.0015683374252","5.64389535792799","12.929","0.362","1.031","1,2,3,4,5,6,7,8,9,10,11,12,13,14,15,16,17,18,41,295",0.000270179855790233,FALSE,2,0,20,2,18,0.1,1
"EBIC",55,500,0.33,"TRUE","TRUE","FALSE","18.2235098183901","12.0013874270544","6.22212239133566","8.651","0.456","0.79","1,2,3,4,5,6,7,8,9,10,11,12,13,14,15,16,17,18",7.03028949314991e-05,TRUE,0,0,18,0,18,0,1
"EBIC",56,500,0.33,"TRUE","TRUE","FALSE","18.0309268858936","12.0021657372085","6.02876114868508","9.411","0.264","0.672","1,2,3,4,5,6,7,8,9,10,11,12,13,14,15,16,17,18,387",0.000198354560868245,FALSE,1,0,19,1,18,0.0526315789473684,1
"EBIC",57,500,0.33,"TRUE","TRUE","FALSE","17.7040276815791","12.0037139830483","5.70031369853088","11.105","0.411","0.99","1,2,3,4,5,6,7,8,9,10,11,12,13,14,15,16,17,18",0.000107951441668437,TRUE,0,0,18,0,18,0,1
"EBIC",58,500,0.33,"TRUE","TRUE","FALSE","18.2781691695659","11.0009830360846","7.27718613348135","9.453","0.302","0.788","1,2,3,4,5,6,7,8,9,10,11,12,13,14,15,16,17,18,69,258",0.00025724589337936,FALSE,2,0,20,2,18,0.1,1
"EBIC",59,500,0.33,"TRUE","TRUE","FALSE","18.265529580269","13.00196947145","5.26356010881901","7.94","0.278","0.837","1,2,3,4,5,6,7,8,9,10,11,12,13,14,15,16,17,18,393",0.000133556079717287,FALSE,1,0,19,1,18,0.0526315789473684,1
"EBIC",6,500,0.33,"TRUE","TRUE","FALSE","18.1382488187824","13.0015038406454","5.13674497813699","8.971","0.319","0.857","1,2,3,4,5,6,7,8,9,10,11,12,13,14,15,16,17,18",6.76692542879292e-05,TRUE,0,0,18,0,18,0,1
"EBIC",60,500,0.33,"TRUE","TRUE","FALSE","18.2005854340746","13.0015583320002","5.1990271020744","7.752","0.258","0.701","1,2,3,4,5,6,7,8,9,10,11,12,13,14,15,16,17,18,250",0.000192854265781179,FALSE,1,0,19,1,18,0.0526315789473684,1
"EBIC",61,500,0.33,"TRUE","TRUE","FALSE","18.1281543234173","11.0050403341728","7.12311398924453","8.898","0.45","1.149","1,2,3,4,5,6,7,8,9,10,11,12,13,14,15,16,17,18",7.64135546863844e-05,TRUE,0,0,18,0,18,0,1
"EBIC",62,500,0.33,"TRUE","TRUE","FALSE","18.3087029800623","13.0012930861224","5.30740989393994","10.71","0.324","0.856","1,2,3,4,5,6,7,8,9,10,11,12,13,14,15,16,17,18,468",0.000148982071245099,FALSE,1,0,19,1,18,0.0526315789473684,1
"EBIC",63,500,0.33,"TRUE","TRUE","FALSE","18.0296079242963","11.8978796065061","6.13172831779019","12.115","0.453","1.247","1,2,3,4,5,6,7,8,9,10,11,12,13,14,15,16,17,18",0.000101064676752946,TRUE,0,0,18,0,18,0,1
"EBIC",64,500,0.33,"TRUE","TRUE","FALSE","18.1252001276612","12.9424778865832","5.18272224107798","8.679","0.27","0.71","1,2,3,4,5,6,7,8,9,10,11,12,13,14,15,16,17,18,43",0.000162482620424938,FALSE,1,0,19,1,18,0.0526315789473684,1
"EBIC",65,500,0.33,"TRUE","TRUE","FALSE","18.1020891145594","12.9987294502108","5.10335966434863","11.345","0.429","1.241","1,2,3,4,5,6,7,8,9,10,11,12,13,14,15,16,17,18",5.29841921829257e-05,TRUE,0,0,18,0,18,0,1
"EBIC",66,500,0.33,"TRUE","TRUE","FALSE","18.1441281388126","12.0015140349089","6.14261410390376","11.789","0.401","1.075","1,2,3,4,5,6,7,8,9,10,11,12,13,14,15,16,17,18",9.15684604123092e-05,TRUE,0,0,18,0,18,0,1
"EBIC",67,500,0.33,"TRUE","TRUE","FALSE","17.1502147368702","14.0017300902331","3.14848464663712","9.776","0.414","1.111","2,3,4,5,6,7,8,9,10,11,12,13,14,15,16,17,18",0.000208311565664264,FALSE,0,1,17,0,17,0,0.944444444444444
"EBIC",68,500,0.33,"TRUE","TRUE","FALSE","18.1116394423315","14.0007048636412","4.11093457869035","11.15","0.387","1.002","1,2,3,4,5,6,7,8,9,10,11,12,13,14,15,16,17,18",0.000111141857099474,TRUE,0,0,18,0,18,0,1
"EBIC",69,500,0.33,"TRUE","TRUE","FALSE","18.1143582371942","12.0017929872365","6.11256524995774","9.847","0.374","0.868","1,2,3,4,5,6,7,8,9,10,11,12,13,14,15,16,17,18",7.99689356862663e-05,TRUE,0,0,18,0,18,0,1
"EBIC",7,500,0.33,"TRUE","TRUE","FALSE","17.6605171717907","11.001889249506","6.65862792228472","9.841","0.3","0.816","1,2,3,4,5,6,7,8,9,10,11,12,13,14,15,16,17,18",0.000116415821790794,TRUE,0,0,18,0,18,0,1
"EBIC",70,500,0.33,"TRUE","TRUE","FALSE","17.5296421137171","11.407697721407","6.12194439231005","9.692","0.324","1.019","1,2,3,4,5,6,7,8,9,10,11,12,13,14,15,16,17,18",0.000106570045260495,TRUE,0,0,18,0,18,0,1
"EBIC",71,500,0.33,"TRUE","TRUE","FALSE","18.1247302959731","13.0021204643949","5.12260983157821","7.927","0.301","0.8","1,2,3,4,5,6,7,8,9,10,11,12,13,14,15,16,17,18",6.46879616555061e-05,TRUE,0,0,18,0,18,0,1
"EBIC",72,500,0.33,"TRUE","TRUE","FALSE","18.1548539902162","13.0174082439899","5.13744574622629","9.672","0.341","0.952","1,2,3,4,5,6,7,8,9,10,11,12,13,14,15,16,17,18",0.000108388290277492,TRUE,0,0,18,0,18,0,1
"EBIC",73,500,0.33,"TRUE","TRUE","FALSE","18.1094539304054","12.9887290181858","5.12072491221952","9.478","0.377","0.949","1,2,3,4,5,6,7,8,9,10,11,12,13,14,15,16,17,18",0.000142052266551516,TRUE,0,0,18,0,18,0,1
"EBIC",74,500,0.33,"TRUE","TRUE","FALSE","18.1906277860851","12.9994049440069","5.19122284207816","7.916","0.319","1.089","1,2,3,4,5,6,7,8,9,10,11,12,13,14,15,16,17,18,78",0.000170438050612395,FALSE,1,0,19,1,18,0.0526315789473684,1
"EBIC",75,500,0.33,"TRUE","TRUE","FALSE","18.1824621645363","13.0013117908869","5.18115037364949","9.398","0.299","0.875","1,2,3,4,5,6,7,8,9,10,11,12,13,14,15,16,17,18",0.0001050366407676,TRUE,0,0,18,0,18,0,1
"EBIC",76,500,0.33,"TRUE","TRUE","FALSE","18.2747343795101","11.0033447170894","7.27138966242075","9.979","0.312","0.791","1,2,3,4,5,6,7,8,9,10,11,12,13,14,15,16,17,18,373",0.000245606993362112,FALSE,1,0,19,1,18,0.0526315789473684,1
"EBIC",77,500,0.33,"TRUE","TRUE","FALSE","18.1724466270611","13.0216392085286","5.15080741853244","8.773","0.349","0.952","1,2,3,4,5,6,7,8,9,10,11,12,13,14,15,16,17,18",6.89173222751968e-05,TRUE,0,0,18,0,18,0,1
"EBIC",78,500,0.33,"TRUE","TRUE","FALSE","18.1147423296046","12.9669775894379","5.14776474016668","11.033","0.326","1.15","1,2,3,4,5,6,7,8,9,10,11,12,13,14,15,16,17,18",8.54673960374799e-05,TRUE,0,0,18,0,18,0,1
"EBIC",79,500,0.33,"TRUE","TRUE","FALSE","18.1280730367632","13.9932360398209","4.13483699694229","12.109","0.395","1.168","1,2,3,4,5,6,7,8,9,10,11,12,13,14,15,16,17,18",0.000125322504404988,TRUE,0,0,18,0,18,0,1
"EBIC",8,500,0.33,"TRUE","TRUE","FALSE","18.1292659635345","9.99948752476369","8.12977843877085","8.996","0.358","1.119","1,2,3,4,5,6,7,8,9,10,11,12,13,14,15,16,17,18",7.85936481301359e-05,TRUE,0,0,18,0,18,0,1
"EBIC",80,500,0.33,"TRUE","TRUE","FALSE","18.0880504102027","11.9751114521897","6.11293895801304","10.623","0.405","0.95","1,2,3,4,5,6,7,8,9,10,11,12,13,14,15,16,17,18",9.59335537672907e-05,TRUE,0,0,18,0,18,0,1
"EBIC",81,500,0.33,"TRUE","TRUE","FALSE","18.1366435979595","11.9788105253022","6.15783307265724","10.563","0.3","0.906","1,2,3,4,5,6,7,8,9,10,11,12,13,14,15,16,17,18",5.15086264507538e-05,TRUE,0,0,18,0,18,0,1
"EBIC",82,500,0.33,"TRUE","TRUE","FALSE","17.7205546104938","12.5914732522661","5.12908135822778","11.655","0.38","1.104","1,2,3,4,5,6,7,8,9,10,11,12,13,14,15,16,17,18",7.85021504478246e-05,TRUE,0,0,18,0,18,0,1
"EBIC",83,500,0.33,"TRUE","TRUE","FALSE","18.1847879357955","13.0084911854176","5.17629675037784","11.41","0.281","0.763","1,2,3,4,5,6,7,8,9,10,11,12,13,14,15,16,17,18,748",0.000142438104826565,FALSE,1,0,19,1,18,0.0526315789473684,1
"EBIC",84,500,0.33,"TRUE","TRUE","FALSE","18.2457577686492","12.0014438280425","6.24431394060668","7.594","0.261","0.715","1,2,3,4,5,6,7,8,9,10,11,12,13,14,15,16,17,18,180,679",0.00021733191032871,FALSE,2,0,20,2,18,0.1,1
"EBIC",85,500,0.33,"TRUE","TRUE","FALSE","18.1226206793249","12.0012050086778","6.12141567064715","7.227","0.272","0.703","1,2,3,4,5,6,7,8,9,10,11,12,13,14,15,16,17,18",4.14147605825398e-05,TRUE,0,0,18,0,18,0,1
"EBIC",86,500,0.33,"TRUE","TRUE","FALSE","18.1745793681368","11.0116650944105","7.16291427372633","8.085","0.287","0.795","1,2,3,4,5,6,7,8,9,10,11,12,13,14,15,16,17,18",0.00011186413565769,TRUE,0,0,18,0,18,0,1
"EBIC",87,500,0.33,"TRUE","TRUE","FALSE","18.1312701395135","12.0027225119514","6.12854762756212","7.617","0.261","0.665","1,2,3,4,5,6,7,8,9,10,11,12,13,14,15,16,17,18",0.000164222491642198,TRUE,0,0,18,0,18,0,1
"EBIC",88,500,0.33,"TRUE","TRUE","FALSE","18.1714846290205","11.8360939957043","6.33539063331621","8.468","0.265","0.719","1,2,3,4,5,6,7,8,9,10,11,12,13,14,15,16,17,18,41",0.000172973545144265,FALSE,1,0,19,1,18,0.0526315789473684,1
"EBIC",89,500,0.33,"TRUE","TRUE","FALSE","18.1072731476511","12.0011919360523","6.10608121159878","7.447","0.274","0.828","1,2,3,4,5,6,7,8,9,10,11,12,13,14,15,16,17,18",5.2742964349755e-05,TRUE,0,0,18,0,18,0,1
"EBIC",9,500,0.33,"TRUE","TRUE","FALSE","18.1009902301141","13.0013675891546","5.09962264095956","8.96","0.33","0.788","1,2,3,4,5,6,7,8,9,10,11,12,13,14,15,16,17,18",5.05264041344117e-05,TRUE,0,0,18,0,18,0,1
"EBIC",90,500,0.33,"TRUE","TRUE","FALSE","18.1035543012733","15.001602027279","3.10195227399433","6.923","0.275","0.712","1,2,3,4,5,6,7,8,9,10,11,12,13,14,15,16,17,18",0.000153477047669363,TRUE,0,0,18,0,18,0,1
"EBIC",91,500,0.33,"TRUE","TRUE","FALSE","18.0717240384488","12.9296468911077","5.1420771473411","7.703","0.272","0.766","1,2,3,4,5,6,7,8,9,10,11,12,13,14,15,16,17,18",0.000101204206444053,TRUE,0,0,18,0,18,0,1
"EBIC",92,500,0.33,"TRUE","TRUE","FALSE","18.100669037239","12.0017257378467","6.09894329939229","7.097","0.261","0.692","1,2,3,4,5,6,7,8,9,10,11,12,13,14,15,16,17,18",4.70958801851421e-05,TRUE,0,0,18,0,18,0,1
"EBIC",93,500,0.33,"TRUE","TRUE","FALSE","18.9537718306521","12.0014863878155","6.95228544283659","8.393","0.276","0.681","1,2,3,4,5,6,7,8,9,10,11,12,13,14,15,16,17,18,396",0.000176069456157451,FALSE,1,0,19,1,18,0.0526315789473684,1
"EBIC",94,500,0.33,"TRUE","TRUE","FALSE","17.707181479481","11.0016030035815","6.70557847589946","8.075","0.272","0.764","1,2,3,4,5,6,7,8,9,10,11,12,13,14,15,16,17,18",5.41961816866627e-05,TRUE,0,0,18,0,18,0,1
"EBIC",95,500,0.33,"TRUE","TRUE","FALSE","18.1684347463799","13.0011790223028","5.16725572407702","7.419","0.265","0.733","1,2,3,4,5,6,7,8,9,10,11,12,13,14,15,16,17,18,238",0.000191889157355183,FALSE,1,0,19,1,18,0.0526315789473684,1
"EBIC",96,500,0.33,"TRUE","TRUE","FALSE","18.1332687082783","13.9847108850903","4.14855782318802","7.634","0.287","0.823","1,2,3,4,5,6,7,8,9,10,11,12,13,14,15,16,17,18",7.81621249403538e-05,TRUE,0,0,18,0,18,0,1
"EBIC",97,500,0.33,"TRUE","TRUE","FALSE","18.1015053378248","12.9988639082139","5.10264142961095","7.252","0.262","0.709","1,2,3,4,5,6,7,8,9,10,11,12,13,14,15,16,17,18",0.000108467111178108,TRUE,0,0,18,0,18,0,1
"EBIC",98,500,0.33,"TRUE","TRUE","FALSE","18.1584615501454","11.0043260094455","7.15413554069985","7.162","0.261","0.705","1,2,3,4,5,6,7,8,9,10,11,12,13,14,15,16,17,18",8.40510373356616e-05,TRUE,0,0,18,0,18,0,1
"EBIC",99,500,0.33,"TRUE","TRUE","FALSE","18.2076639305141","13.0014037276613","5.20626020285279","7.466","0.27","0.794","1,2,3,4,5,6,7,8,9,10,11,12,13,14,15,16,17,18,340",0.000182292435468973,FALSE,1,0,19,1,18,0.0526315789473684,1
"kappa.o",1,500,0.33,"TRUE","TRUE","FALSE","17.1458920830486","9.02145605086877","8.12443603217979","9.274","0.278","0.902","2,3,4,5,6,7,8,9,10,11,12,13,14,15,16,17,18",0.00026092947660165,FALSE,0,1,17,0,17,0,0.944444444444444
"kappa.o",10,500,0.33,"TRUE","TRUE","FALSE","17.9387714435368","13.0015384510241","4.93723299251271","11.402","0.511","1.244","1,2,3,4,5,6,7,8,9,10,11,12,13,14,15,16,17,18",0.000146435277794301,TRUE,0,0,18,0,18,0,1
"kappa.o",100,500,0.33,"TRUE","TRUE","FALSE","18.0921069339882","12.0027799212978","6.08932701269041","7.302","0.264","0.743","1,2,3,4,5,6,7,8,9,10,11,12,13,14,15,16,17,18",6.88108450991756e-05,TRUE,0,0,18,0,18,0,1
"kappa.o",11,500,0.33,"TRUE","TRUE","FALSE","17.5408342430687","11.3886635481988","6.15217069486991","10.86","0.343","0.927","2,3,4,5,6,7,8,9,10,11,12,13,14,15,16,17,18",0.000240400244283063,FALSE,0,1,17,0,17,0,0.944444444444444
"kappa.o",12,500,0.33,"TRUE","TRUE","FALSE","18.1153649588782","13.0014281686894","5.11393679018882","10.091","0.304","1.046","1,2,3,4,5,6,7,8,9,10,11,12,13,14,15,16,17,18",0.000123846876081248,TRUE,0,0,18,0,18,0,1
"kappa.o",13,500,0.33,"TRUE","TRUE","FALSE","17.9093955597924","12.6613457801843","5.24804977960812","8.949","0.333","0.779","1,2,3,4,5,6,7,8,9,10,11,12,13,14,15,16,17,18",0.000117802260028476,TRUE,0,0,18,0,18,0,1
"kappa.o",14,500,0.33,"TRUE","TRUE","FALSE","17.497923025141","10.3898065422094","7.10811648293158","9.427","0.284","0.747","2,3,4,5,6,7,8,9,10,11,12,13,14,15,16,17,18",0.000244379274941565,FALSE,0,1,17,0,17,0,0.944444444444444
"kappa.o",15,500,0.33,"TRUE","TRUE","FALSE","18.1997607381729","12.0012654005279","6.19849533764502","9.044","0.325","0.974","1,2,3,4,5,6,7,8,9,10,11,12,13,14,15,16,17,18",7.9975906125065e-05,TRUE,0,0,18,0,18,0,1
"kappa.o",16,500,0.33,"TRUE","TRUE","FALSE","17.4989627516866","10.1333441813573","7.36561857032931","8.836","0.267","0.723","2,3,4,5,6,7,8,9,10,11,12,13,14,15,16,17,18",0.000240199120169725,FALSE,0,1,17,0,17,0,0.944444444444444
"kappa.o",17,500,0.33,"TRUE","TRUE","FALSE","18.1341395535671","11.9622006072383","6.17193894632877","8.575","0.334","0.986","1,2,3,4,5,6,7,8,9,10,11,12,13,14,15,16,17,18",0.00014292261113767,TRUE,0,0,18,0,18,0,1
"kappa.o",18,500,0.33,"TRUE","TRUE","FALSE","18.2222782025643","14.022489565661","4.19978863690335","9.449","0.299","0.768","1,2,3,4,5,6,7,8,9,10,11,12,13,14,15,16,17,18",9.42887131379683e-05,TRUE,0,0,18,0,18,0,1
"kappa.o",19,500,0.33,"TRUE","TRUE","FALSE","18.1539813991203","12.0062577184994","6.14772368062094","7.373","0.25","0.671","1,2,3,4,5,6,7,8,9,10,11,12,13,14,15,16,17,18",0.000113360707109755,TRUE,0,0,18,0,18,0,1
"kappa.o",2,500,0.33,"TRUE","TRUE","FALSE","18.1333305480413","10.0019924368064","8.13133811123499","8.823","0.355","0.881","1,2,3,4,5,6,7,8,9,10,11,12,13,14,15,16,17,18",5.21304148982777e-05,TRUE,0,0,18,0,18,0,1
"kappa.o",20,500,0.33,"TRUE","TRUE","FALSE","18.0774617082382","12.9845677056174","5.0928940026208","8.87","0.34","0.853","1,2,3,4,5,6,7,8,9,10,11,12,13,14,15,16,17,18",0.000107943929126394,TRUE,0,0,18,0,18,0,1
"kappa.o",21,500,0.33,"TRUE","TRUE","FALSE","18.1173213431007","10.0035295228326","8.11379182026813","7.455","0.353","0.843","1,2,3,4,5,6,7,8,9,10,11,12,13,14,15,16,17,18",0.000124847870917515,TRUE,0,0,18,0,18,0,1
"kappa.o",22,500,0.33,"TRUE","TRUE","FALSE","18.4512798964707","12.0014736875039","6.44980620896681","9.437","0.261","0.722","1,2,3,4,5,6,7,8,9,10,11,12,13,14,15,16,17,18",0.000147980294694451,TRUE,0,0,18,0,18,0,1
"kappa.o",23,500,0.33,"TRUE","TRUE","FALSE","18.1195886448298","15.0050352557283","3.11455338910156","7.674","0.284","0.789","1,2,3,4,5,6,7,8,9,10,11,12,13,14,15,16,17,18",4.12101604285384e-05,TRUE,0,0,18,0,18,0,1
"kappa.o",24,500,0.33,"TRUE","TRUE","FALSE","18.1205356009018","12.0025934690178","6.11794213188403","8.255","0.278","0.799","1,2,3,4,5,6,7,8,9,10,11,12,13,14,15,16,17,18",6.90886369077436e-05,TRUE,0,0,18,0,18,0,1
"kappa.o",25,500,0.33,"TRUE","TRUE","FALSE","18.1714354165711","12.0016844096015","6.16975100696968","8.293","0.285","0.754","1,2,3,4,5,6,7,8,9,10,11,12,13,14,15,16,17,18",8.03923491753404e-05,TRUE,0,0,18,0,18,0,1
"kappa.o",26,500,0.33,"TRUE","TRUE","FALSE","18.2060960358114","14.0010838728338","4.20501216297761","9.486","0.285","0.752","1,2,3,4,5,6,7,8,9,10,11,12,13,14,15,16,17,18",0.000115678019293571,TRUE,0,0,18,0,18,0,1
"kappa.o",27,500,0.33,"TRUE","TRUE","FALSE","18.1462188886286","14.0023876104165","4.14383127821211","8.097","0.267","0.725","1,2,3,4,5,6,7,8,9,10,11,12,13,14,15,16,17,18",5.76849327892292e-05,TRUE,0,0,18,0,18,0,1
"kappa.o",28,500,0.33,"TRUE","TRUE","FALSE","17.7365520976883","13.5253748616647","4.21117723602366","11.71","0.307","0.917","1,2,3,4,5,6,7,8,9,10,11,12,13,14,15,16,17,18",8.69387951122616e-05,TRUE,0,0,18,0,18,0,1
"kappa.o",29,500,0.33,"TRUE","TRUE","FALSE","17.263480769356","13.0689737201204","4.19450704923561","10.128","0.428","1.669","2,3,4,5,6,7,8,9,10,11,12,13,14,15,16,17,18",0.000232665926687055,FALSE,0,1,17,0,17,0,0.944444444444444
"kappa.o",3,500,0.33,"TRUE","TRUE","FALSE","18.0895265612141","12.0020375970708","6.08748896414331","8.065","0.348","0.961","1,2,3,4,5,6,7,8,9,10,11,12,13,14,15,16,17,18",0.000145284346660375,TRUE,0,0,18,0,18,0,1
"kappa.o",30,500,0.33,"TRUE","TRUE","FALSE","18.156081952173","12.9944238012122","5.16165815096078","8.778","0.316","0.951","1,2,3,4,5,6,7,8,9,10,11,12,13,14,15,16,17,18",4.11429476374415e-05,TRUE,0,0,18,0,18,0,1
"kappa.o",31,500,0.33,"TRUE","TRUE","FALSE","18.1331407592421","13.0006674696476","5.13247328959454","8.473","0.351","0.975","1,2,3,4,5,6,7,8,9,10,11,12,13,14,15,16,17,18",7.62189424189332e-05,TRUE,0,0,18,0,18,0,1
"kappa.o",32,500,0.33,"TRUE","TRUE","FALSE","18.1775636477685","11.0006053575495","7.17695829021904","9.873","0.395","1.137","1,2,3,4,5,6,7,8,9,10,11,12,13,14,15,16,17,18",0.000178521160657503,TRUE,0,0,18,0,18,0,1
"kappa.o",33,500,0.33,"TRUE","TRUE","FALSE","17.173974438542","13.0015962957545","4.17237814278753","8.802","0.288","0.733","2,3,4,5,6,7,8,9,10,11,12,13,14,15,16,17,18",0.000253151143561942,FALSE,0,1,17,0,17,0,0.944444444444444
"kappa.o",34,500,0.33,"TRUE","TRUE","FALSE","18.1962278320779","12.0034348035819","6.19279302849594","10.489","0.345","0.891","1,2,3,4,5,6,7,8,9,10,11,12,13,14,15,16,17,18",7.3979356140611e-05,TRUE,0,0,18,0,18,0,1
"kappa.o",35,500,0.33,"TRUE","TRUE","FALSE","18.021426860684","12.9156777336297","5.10574912705437","9.184","0.33","0.856","1,2,3,4,5,6,7,8,9,10,11,12,13,14,15,16,17,18",0.000165682331047338,TRUE,0,0,18,0,18,0,1
"kappa.o",36,500,0.33,"TRUE","TRUE","FALSE","18.1115446952036","13.0011657777272","5.1103789174764","9.232","0.364","0.953","1,2,3,4,5,6,7,8,9,10,11,12,13,14,15,16,17,18",0.000128446967464269,TRUE,0,0,18,0,18,0,1
"kappa.o",37,500,0.33,"TRUE","TRUE","FALSE","17.2147525337101","14.0030612764077","3.21169125730241","9.394","0.296","0.85","2,3,4,5,6,7,8,9,10,11,12,13,14,15,16,17,18",0.000222814690512317,FALSE,0,1,17,0,17,0,0.944444444444444
"kappa.o",38,500,0.33,"TRUE","TRUE","FALSE","18.9450794979983","12.002008491525","6.9430710064733","10.554","0.319","0.794","1,2,3,4,5,6,7,8,9,10,11,12,13,14,15,16,17,18,112",0.000233693518038838,FALSE,1,0,19,1,18,0.0526315789473684,1
"kappa.o",39,500,0.33,"TRUE","TRUE","FALSE","18.3049433252513","11.0022836843798","7.30265964087151","9.685","0.297","0.85","1,2,3,4,5,6,7,8,9,10,11,12,13,14,15,16,17,18",5.33486356099348e-05,TRUE,0,0,18,0,18,0,1
"kappa.o",4,500,0.33,"TRUE","TRUE","FALSE","18.0424837544688","11.8784284498684","6.1640553046004","9.764","0.322","1.118","1,2,3,4,5,6,7,8,9,10,11,12,13,14,15,16,17,18",9.62564972015002e-05,TRUE,0,0,18,0,18,0,1
"kappa.o",40,500,0.33,"TRUE","TRUE","FALSE","18.0900897573343","10.9915214976366","7.09856825969766","9.47","0.317","0.831","1,2,3,4,5,6,7,8,9,10,11,12,13,14,15,16,17,18",0.000112571685507961,TRUE,0,0,18,0,18,0,1
"kappa.o",41,500,0.33,"TRUE","TRUE","FALSE","17.2290650549063","12.0015971646224","5.22746789028392","9.314","0.319","0.792","2,3,4,5,6,7,8,9,10,11,12,13,14,15,16,17,18",0.000241853809204946,FALSE,0,1,17,0,17,0,0.944444444444444
"kappa.o",42,500,0.33,"TRUE","TRUE","FALSE","18.1346687000823","14.0023553301298","4.13231336995253","10.968","0.469","1.12","1,2,3,4,5,6,7,8,9,10,11,12,13,14,15,16,17,18",9.74762689167971e-05,TRUE,0,0,18,0,18,0,1
"kappa.o",43,500,0.33,"TRUE","TRUE","FALSE","18.1335812777814","12.9941327859088","5.13944849187265","9.542","0.343","0.901","1,2,3,4,5,6,7,8,9,10,11,12,13,14,15,16,17,18",0.000123007929124475,TRUE,0,0,18,0,18,0,1
"kappa.o",44,500,0.33,"TRUE","TRUE","FALSE","18.1233960649366","12.0017603561435","6.12163570879303","9.87","0.289","0.75","1,2,3,4,5,6,7,8,9,10,11,12,13,14,15,16,17,18",7.44869907791971e-05,TRUE,0,0,18,0,18,0,1
"kappa.o",45,500,0.33,"TRUE","TRUE","FALSE","18.0887239059044","11.9985720848822","6.09015182102221","6.956","0.263","0.726","1,2,3,4,5,6,7,8,9,10,11,12,13,14,15,16,17,18",4.59574620877704e-05,TRUE,0,0,18,0,18,0,1
"kappa.o",46,500,0.33,"TRUE","TRUE","FALSE","18.1086531811987","12.9995503894804","5.10910279171835","8.125","0.346","0.883","1,2,3,4,5,6,7,8,9,10,11,12,13,14,15,16,17,18",9.66567245339234e-05,TRUE,0,0,18,0,18,0,1
"kappa.o",47,500,0.33,"TRUE","TRUE","FALSE","18.1767775805975","12.0020558785168","6.17472170208068","10.22","0.392","0.955","1,2,3,4,5,6,7,8,9,10,11,12,13,14,15,16,17,18",4.8861813783963e-05,TRUE,0,0,18,0,18,0,1
"kappa.o",48,500,0.33,"TRUE","TRUE","FALSE","18.2038185885559","13.0042473508406","5.19957123771528","10.296","0.365","0.78","1,2,3,4,5,6,7,8,9,10,11,12,13,14,15,16,17,18",5.23369072586314e-05,TRUE,0,0,18,0,18,0,1
"kappa.o",49,500,0.33,"TRUE","TRUE","FALSE","18.0985482418792","11.9896416942506","6.10890654762859","7.959","0.321","0.741","1,2,3,4,5,6,7,8,9,10,11,12,13,14,15,16,17,18",0.000134887910707364,TRUE,0,0,18,0,18,0,1
"kappa.o",5,500,0.33,"TRUE","TRUE","FALSE","18.1833802134925","11.0025435477342","7.18083666575838","11.748","0.42","1.24","1,2,3,4,5,6,7,8,9,10,11,12,13,14,15,16,17,18",0.000131323912877904,TRUE,0,0,18,0,18,0,1
"kappa.o",50,500,0.33,"TRUE","TRUE","FALSE","17.1447869218311","11.0103601268017","6.13442679502942","7.694","0.294","0.77","2,3,4,5,6,7,8,9,10,11,12,13,14,15,16,17,18",0.000254164522616149,FALSE,0,1,17,0,17,0,0.944444444444444
"kappa.o",51,500,0.33,"TRUE","TRUE","FALSE","18.0644175644959","11.9469196167879","6.11749794770794","8.362","0.31","0.853","1,2,3,4,5,6,7,8,9,10,11,12,13,14,15,16,17,18",9.31619368663755e-05,TRUE,0,0,18,0,18,0,1
"kappa.o",52,500,0.33,"TRUE","TRUE","FALSE","17.7459631541169","11.6010751284157","6.14488802570119","12.864","0.313","0.851","1,2,3,4,5,6,7,8,9,10,11,12,13,14,15,16,17,18",0.000137340191700768,TRUE,0,0,18,0,18,0,1
"kappa.o",53,500,0.33,"TRUE","TRUE","FALSE","17.7350183126398","11.6257315863468","6.10928672629301","8.528","0.333","0.857","1,2,3,4,5,6,7,8,9,10,11,12,13,14,15,16,17,18",9.03752537891087e-05,TRUE,0,0,18,0,18,0,1
"kappa.o",54,500,0.33,"TRUE","TRUE","FALSE","18.6454636953532","13.0015683374252","5.64389535792799","12.929","0.362","1.031","1,2,3,4,5,6,7,8,9,10,11,12,13,14,15,16,17,18",9.94331709728753e-05,TRUE,0,0,18,0,18,0,1
"kappa.o",55,500,0.33,"TRUE","TRUE","FALSE","18.2235098183901","12.0013874270544","6.22212239133566","8.651","0.456","0.79","1,2,3,4,5,6,7,8,9,10,11,12,13,14,15,16,17,18",7.03028949314991e-05,TRUE,0,0,18,0,18,0,1
"kappa.o",56,500,0.33,"TRUE","TRUE","FALSE","18.0309268858936","12.0021657372085","6.02876114868508","9.411","0.264","0.672","1,2,3,4,5,6,7,8,9,10,11,12,13,14,15,16,17,18",7.74334750210739e-05,TRUE,0,0,18,0,18,0,1
"kappa.o",57,500,0.33,"TRUE","TRUE","FALSE","17.7040276815791","12.0037139830483","5.70031369853088","11.105","0.411","0.99","1,2,3,4,5,6,7,8,9,10,11,12,13,14,15,16,17,18",0.000107951441668437,TRUE,0,0,18,0,18,0,1
"kappa.o",58,500,0.33,"TRUE","TRUE","FALSE","18.2781691695659","11.0009830360846","7.27718613348135","9.453","0.302","0.788","1,2,3,4,5,6,7,8,9,10,11,12,13,14,15,16,17,18",9.49765672950818e-05,TRUE,0,0,18,0,18,0,1
"kappa.o",59,500,0.33,"TRUE","TRUE","FALSE","18.265529580269","13.00196947145","5.26356010881901","7.94","0.278","0.837","1,2,3,4,5,6,7,8,9,10,11,12,13,14,15,16,17,18",5.80260637487422e-05,TRUE,0,0,18,0,18,0,1
"kappa.o",6,500,0.33,"TRUE","TRUE","FALSE","18.1382488187824","13.0015038406454","5.13674497813699","8.971","0.319","0.857","1,2,3,4,5,6,7,8,9,10,11,12,13,14,15,16,17,18",6.76692542879292e-05,TRUE,0,0,18,0,18,0,1
"kappa.o",60,500,0.33,"TRUE","TRUE","FALSE","18.2005854340746","13.0015583320002","5.1990271020744","7.752","0.258","0.701","1,2,3,4,5,6,7,8,9,10,11,12,13,14,15,16,17,18",0.000103855184551598,TRUE,0,0,18,0,18,0,1
"kappa.o",61,500,0.33,"TRUE","TRUE","FALSE","18.1281543234173","11.0050403341728","7.12311398924453","8.898","0.45","1.149","1,2,3,4,5,6,7,8,9,10,11,12,13,14,15,16,17,18",7.64135546863844e-05,TRUE,0,0,18,0,18,0,1
"kappa.o",62,500,0.33,"TRUE","TRUE","FALSE","18.3087029800623","13.0012930861224","5.30740989393994","10.71","0.324","0.856","1,2,3,4,5,6,7,8,9,10,11,12,13,14,15,16,17,18",7.26233195875515e-05,TRUE,0,0,18,0,18,0,1
"kappa.o",63,500,0.33,"TRUE","TRUE","FALSE","18.0296079242963","11.8978796065061","6.13172831779019","12.115","0.453","1.247","1,2,3,4,5,6,7,8,9,10,11,12,13,14,15,16,17,18",0.000101064676752946,TRUE,0,0,18,0,18,0,1
"kappa.o",64,500,0.33,"TRUE","TRUE","FALSE","18.1252001276612","12.9424778865832","5.18272224107798","8.679","0.27","0.71","1,2,3,4,5,6,7,8,9,10,11,12,13,14,15,16,17,18",9.02903829840405e-05,TRUE,0,0,18,0,18,0,1
"kappa.o",65,500,0.33,"TRUE","TRUE","FALSE","18.1020891145594","12.9987294502108","5.10335966434863","11.345","0.429","1.241","1,2,3,4,5,6,7,8,9,10,11,12,13,14,15,16,17,18",5.29841921829257e-05,TRUE,0,0,18,0,18,0,1
"kappa.o",66,500,0.33,"TRUE","TRUE","FALSE","18.1441281388126","12.0015140349089","6.14261410390376","11.789","0.401","1.075","1,2,3,4,5,6,7,8,9,10,11,12,13,14,15,16,17,18",9.15684604123092e-05,TRUE,0,0,18,0,18,0,1
"kappa.o",67,500,0.33,"TRUE","TRUE","FALSE","17.1502147368702","14.0017300902331","3.14848464663712","9.776","0.414","1.111","2,3,4,5,6,7,8,9,10,11,12,13,14,15,16,17,18",0.000208311565664264,FALSE,0,1,17,0,17,0,0.944444444444444
"kappa.o",68,500,0.33,"TRUE","TRUE","FALSE","18.1116394423315","14.0007048636412","4.11093457869035","11.15","0.387","1.002","1,2,3,4,5,6,7,8,9,10,11,12,13,14,15,16,17,18",0.000111141857099474,TRUE,0,0,18,0,18,0,1
"kappa.o",69,500,0.33,"TRUE","TRUE","FALSE","18.1143582371942","12.0017929872365","6.11256524995774","9.847","0.374","0.868","1,2,3,4,5,6,7,8,9,10,11,12,13,14,15,16,17,18",7.99689356862663e-05,TRUE,0,0,18,0,18,0,1
"kappa.o",7,500,0.33,"TRUE","TRUE","FALSE","17.6605171717907","11.001889249506","6.65862792228472","9.841","0.3","0.816","1,2,3,4,5,6,7,8,9,10,11,12,13,14,15,16,17,18",0.000116415821790794,TRUE,0,0,18,0,18,0,1
"kappa.o",70,500,0.33,"TRUE","TRUE","FALSE","17.5296421137171","11.407697721407","6.12194439231005","9.692","0.324","1.019","2,3,4,5,6,7,8,9,10,11,12,13,14,15,16,17,18",0.000244719415645413,FALSE,0,1,17,0,17,0,0.944444444444444
"kappa.o",71,500,0.33,"TRUE","TRUE","FALSE","18.1247302959731","13.0021204643949","5.12260983157821","7.927","0.301","0.8","1,2,3,4,5,6,7,8,9,10,11,12,13,14,15,16,17,18",6.46879616555061e-05,TRUE,0,0,18,0,18,0,1
"kappa.o",72,500,0.33,"TRUE","TRUE","FALSE","18.1548539902162","13.0174082439899","5.13744574622629","9.672","0.341","0.952","1,2,3,4,5,6,7,8,9,10,11,12,13,14,15,16,17,18",0.000108388290277492,TRUE,0,0,18,0,18,0,1
"kappa.o",73,500,0.33,"TRUE","TRUE","FALSE","18.1094539304054","12.9887290181858","5.12072491221952","9.478","0.377","0.949","1,2,3,4,5,6,7,8,9,10,11,12,13,14,15,16,17,18",0.000142052266551516,TRUE,0,0,18,0,18,0,1
"kappa.o",74,500,0.33,"TRUE","TRUE","FALSE","18.1906277860851","12.9994049440069","5.19122284207816","7.916","0.319","1.089","1,2,3,4,5,6,7,8,9,10,11,12,13,14,15,16,17,18",8.851812904965e-05,TRUE,0,0,18,0,18,0,1
"kappa.o",75,500,0.33,"TRUE","TRUE","FALSE","18.1824621645363","13.0013117908869","5.18115037364949","9.398","0.299","0.875","1,2,3,4,5,6,7,8,9,10,11,12,13,14,15,16,17,18",0.0001050366407676,TRUE,0,0,18,0,18,0,1
"kappa.o",76,500,0.33,"TRUE","TRUE","FALSE","18.2747343795101","11.0033447170894","7.27138966242075","9.979","0.312","0.791","1,2,3,4,5,6,7,8,9,10,11,12,13,14,15,16,17,18",0.000120041985342724,TRUE,0,0,18,0,18,0,1
"kappa.o",77,500,0.33,"TRUE","TRUE","FALSE","18.1724466270611","13.0216392085286","5.15080741853244","8.773","0.349","0.952","1,2,3,4,5,6,7,8,9,10,11,12,13,14,15,16,17,18",6.89173222751968e-05,TRUE,0,0,18,0,18,0,1
"kappa.o",78,500,0.33,"TRUE","TRUE","FALSE","18.1147423296046","12.9669775894379","5.14776474016668","11.033","0.326","1.15","1,2,3,4,5,6,7,8,9,10,11,12,13,14,15,16,17,18",8.54673960374799e-05,TRUE,0,0,18,0,18,0,1
"kappa.o",79,500,0.33,"TRUE","TRUE","FALSE","18.1280730367632","13.9932360398209","4.13483699694229","12.109","0.395","1.168","1,2,3,4,5,6,7,8,9,10,11,12,13,14,15,16,17,18",0.000125322504404988,TRUE,0,0,18,0,18,0,1
"kappa.o",8,500,0.33,"TRUE","TRUE","FALSE","18.1292659635345","9.99948752476369","8.12977843877085","8.996","0.358","1.119","1,2,3,4,5,6,7,8,9,10,11,12,13,14,15,16,17,18",7.85936481301359e-05,TRUE,0,0,18,0,18,0,1
"kappa.o",80,500,0.33,"TRUE","TRUE","FALSE","18.0880504102027","11.9751114521897","6.11293895801304","10.623","0.405","0.95","1,2,3,4,5,6,7,8,9,10,11,12,13,14,15,16,17,18",9.59335537672907e-05,TRUE,0,0,18,0,18,0,1
"kappa.o",81,500,0.33,"TRUE","TRUE","FALSE","18.1366435979595","11.9788105253022","6.15783307265724","10.563","0.3","0.906","1,2,3,4,5,6,7,8,9,10,11,12,13,14,15,16,17,18",5.15086264507538e-05,TRUE,0,0,18,0,18,0,1
"kappa.o",82,500,0.33,"TRUE","TRUE","FALSE","17.7205546104938","12.5914732522661","5.12908135822778","11.655","0.38","1.104","1,2,3,4,5,6,7,8,9,10,11,12,13,14,15,16,17,18",7.85021504478246e-05,TRUE,0,0,18,0,18,0,1
"kappa.o",83,500,0.33,"TRUE","TRUE","FALSE","18.1847879357955","13.0084911854176","5.17629675037784","11.41","0.281","0.763","1,2,3,4,5,6,7,8,9,10,11,12,13,14,15,16,17,18",8.26240545666832e-05,TRUE,0,0,18,0,18,0,1
"kappa.o",84,500,0.33,"TRUE","TRUE","FALSE","18.2457577686492","12.0014438280425","6.24431394060668","7.594","0.261","0.715","1,2,3,4,5,6,7,8,9,10,11,12,13,14,15,16,17,18",7.87840998700712e-05,TRUE,0,0,18,0,18,0,1
"kappa.o",85,500,0.33,"TRUE","TRUE","FALSE","18.1226206793249","12.0012050086778","6.12141567064715","7.227","0.272","0.703","1,2,3,4,5,6,7,8,9,10,11,12,13,14,15,16,17,18",4.14147605825398e-05,TRUE,0,0,18,0,18,0,1
"kappa.o",86,500,0.33,"TRUE","TRUE","FALSE","18.1745793681368","11.0116650944105","7.16291427372633","8.085","0.287","0.795","1,2,3,4,5,6,7,8,9,10,11,12,13,14,15,16,17,18",0.00011186413565769,TRUE,0,0,18,0,18,0,1
"kappa.o",87,500,0.33,"TRUE","TRUE","FALSE","18.1312701395135","12.0027225119514","6.12854762756212","7.617","0.261","0.665","1,2,3,4,5,6,7,8,9,10,11,12,13,14,15,16,17,18",0.000164222491642198,TRUE,0,0,18,0,18,0,1
"kappa.o",88,500,0.33,"TRUE","TRUE","FALSE","18.1714846290205","11.8360939957043","6.33539063331621","8.468","0.265","0.719","1,2,3,4,5,6,7,8,9,10,11,12,13,14,15,16,17,18",7.75715778916075e-05,TRUE,0,0,18,0,18,0,1
"kappa.o",89,500,0.33,"TRUE","TRUE","FALSE","18.1072731476511","12.0011919360523","6.10608121159878","7.447","0.274","0.828","1,2,3,4,5,6,7,8,9,10,11,12,13,14,15,16,17,18",5.2742964349755e-05,TRUE,0,0,18,0,18,0,1
"kappa.o",9,500,0.33,"TRUE","TRUE","FALSE","18.1009902301141","13.0013675891546","5.09962264095956","8.96","0.33","0.788","1,2,3,4,5,6,7,8,9,10,11,12,13,14,15,16,17,18",5.05264041344117e-05,TRUE,0,0,18,0,18,0,1
"kappa.o",90,500,0.33,"TRUE","TRUE","FALSE","18.1035543012733","15.001602027279","3.10195227399433","6.923","0.275","0.712","1,2,3,4,5,6,7,8,9,10,11,12,13,14,15,16,17,18",0.000153477047669363,TRUE,0,0,18,0,18,0,1
"kappa.o",91,500,0.33,"TRUE","TRUE","FALSE","18.0717240384488","12.9296468911077","5.1420771473411","7.703","0.272","0.766","1,2,3,4,5,6,7,8,9,10,11,12,13,14,15,16,17,18",0.000101204206444053,TRUE,0,0,18,0,18,0,1
"kappa.o",92,500,0.33,"TRUE","TRUE","FALSE","18.100669037239","12.0017257378467","6.09894329939229","7.097","0.261","0.692","1,2,3,4,5,6,7,8,9,10,11,12,13,14,15,16,17,18",4.70958801851421e-05,TRUE,0,0,18,0,18,0,1
"kappa.o",93,500,0.33,"TRUE","TRUE","FALSE","18.9537718306521","12.0014863878155","6.95228544283659","8.393","0.276","0.681","1,2,3,4,5,6,7,8,9,10,11,12,13,14,15,16,17,18,396",0.000176069456157451,FALSE,1,0,19,1,18,0.0526315789473684,1
"kappa.o",94,500,0.33,"TRUE","TRUE","FALSE","17.707181479481","11.0016030035815","6.70557847589946","8.075","0.272","0.764","1,2,3,4,5,6,7,8,9,10,11,12,13,14,15,16,17,18",5.41961816866627e-05,TRUE,0,0,18,0,18,0,1
"kappa.o",95,500,0.33,"TRUE","TRUE","FALSE","18.1684347463799","13.0011790223028","5.16725572407702","7.419","0.265","0.733","1,2,3,4,5,6,7,8,9,10,11,12,13,14,15,16,17,18",0.000108068922537548,TRUE,0,0,18,0,18,0,1
"kappa.o",96,500,0.33,"TRUE","TRUE","FALSE","18.1332687082783","13.9847108850903","4.14855782318802","7.634","0.287","0.823","1,2,3,4,5,6,7,8,9,10,11,12,13,14,15,16,17,18",7.81621249403538e-05,TRUE,0,0,18,0,18,0,1
"kappa.o",97,500,0.33,"TRUE","TRUE","FALSE","18.1015053378248","12.9988639082139","5.10264142961095","7.252","0.262","0.709","1,2,3,4,5,6,7,8,9,10,11,12,13,14,15,16,17,18",0.000108467111178108,TRUE,0,0,18,0,18,0,1
"kappa.o",98,500,0.33,"TRUE","TRUE","FALSE","18.1584615501454","11.0043260094455","7.15413554069985","7.162","0.261","0.705","1,2,3,4,5,6,7,8,9,10,11,12,13,14,15,16,17,18",8.40510373356616e-05,TRUE,0,0,18,0,18,0,1
"kappa.o",99,500,0.33,"TRUE","TRUE","FALSE","18.2076639305141","13.0014037276613","5.20626020285279","7.466","0.27","0.794","1,2,3,4,5,6,7,8,9,10,11,12,13,14,15,16,17,18",9.69272505035634e-05,TRUE,0,0,18,0,18,0,1
"lasso.cv",1,500,0.33,"TRUE","TRUE","FALSE","17.1458920830486","9.02145605086877","8.12443603217979","9.274","0.278","0.902","1,2,3,4,5,6,7,8,9,10,11,12,13,14,15,16,17,18,33,49,59,68,72,77,90,100,104,107,110,120,144,154,156,168,171,176,183,224,246,247,251,260,262,265,268,279,292,295,306,313,322,349,357,373,392,397,407,412,424,438,440,441,452,465,495,501,515,550,552,572,584,588,595,604,615,617,650,681,684,694,697,700,703,706,711,725,739,740,768",0.000444849711723503,FALSE,71,0,89,71,18,0.797752808988764,1
"lasso.cv",10,500,0.33,"TRUE","TRUE","FALSE","17.9387714435368","13.0015384510241","4.93723299251271","11.402","0.511","1.244","1,2,3,4,5,6,7,8,9,10,11,12,13,14,15,16,17,18,42,45,71,76,90,97,104,106,109,113,116,119,120,125,129,140,167,204,234,246,308,321,342,348,364,379,385,393,398,436,448,459,466,483,509,526,539,549,567,578,586,598,641,645,654,660,665,667,675,676,684,696,697,701,719,720,721,727,734",0.000510896864372836,FALSE,59,0,77,59,18,0.766233766233766,1
"lasso.cv",100,500,0.33,"TRUE","TRUE","FALSE","18.0921069339882","12.0027799212978","6.08932701269041","7.302","0.264","0.743","1,2,3,4,5,6,7,8,9,10,11,12,13,14,15,16,17,18,29,39,54,55,61,70,76,120,130,136,137,162,173,194,235,272,281,291,316,343,360,375,387,401,410,416,445,460,493,519,520,546,556,569,581,589,597,609,626,636,658,667,669,673,766",0.000328484697681872,FALSE,45,0,63,45,18,0.714285714285714,1
"lasso.cv",11,500,0.33,"TRUE","TRUE","FALSE","17.5408342430687","11.3886635481988","6.15217069486991","10.86","0.343","0.927","1,2,3,4,5,6,7,8,9,10,11,12,13,14,15,16,17,18,24,35,63,101,131,142,151,162,173,191,213,217,263,283,299,302,304,305,307,315,322,331,362,371,373,374,393,410,411,432,433,438,450,458,466,469,483,496,497,500,535,536,560,578,583,594,598,608,637,644,663,664,672,675,678,686,688,694,696,699,701,742,763",0.000412132081538853,FALSE,63,0,81,63,18,0.777777777777778,1
"lasso.cv",12,500,0.33,"TRUE","TRUE","FALSE","18.1153649588782","13.0014281686894","5.11393679018882","10.091","0.304","1.046","1,2,3,4,5,6,7,8,9,10,11,12,13,14,15,16,17,18,91,99,104,131,159,164,183,184,202,260,272,296,305,311,322,344,358,373,389,408,417,421,442,443,465,478,479,485,494,526,530,535,539,551,588,589,606,653,664,673,676,692,703,718,729,734,746,751,762",0.000349642508833903,FALSE,49,0,67,49,18,0.73134328358209,1
"lasso.cv",13,500,0.33,"TRUE","TRUE","FALSE","17.9093955597924","12.6613457801843","5.24804977960812","8.949","0.333","0.779","1,2,3,4,5,6,7,8,9,10,11,12,13,14,15,16,17,18,42,82,103,104,125,142,152,158,159,170,188,197,236,239,240,248,250,278,279,287,293,329,357,385,415,419,424,434,455,459,474,477,494,496,512,549,553,559,585,602,620,622,630,634,653,674,683,690,697,733,738,751,754,765",0.000387336132829841,FALSE,54,0,72,54,18,0.75,1
"lasso.cv",14,500,0.33,"TRUE","TRUE","FALSE","17.497923025141","10.3898065422094","7.10811648293158","9.427","0.284","0.747","1,2,3,4,5,6,7,8,9,10,11,12,13,14,15,16,17,18,49,58,61,71,72,78,91,104,127,145,188,195,201,225,232,247,249,250,271,280,282,304,323,335,340,342,349,385,397,407,415,452,458,487,510,520,529,531,539,549,556,577,581,604,611,619,622,629,630,634,636,648,654,661,678,684,686,691,703,728,729",0.000397268249097822,FALSE,61,0,79,61,18,0.772151898734177,1
"lasso.cv",15,500,0.33,"TRUE","TRUE","FALSE","18.1997607381729","12.0012654005279","6.19849533764502","9.044","0.325","0.974","1,2,3,4,5,6,7,8,9,10,11,12,13,14,15,16,17,18,23,26,39,50,53,61,65,94,101,127,164,207,211,233,252,272,274,300,349,361,365,374,376,400,402,428,432,438,483,499,508,515,519,520,522,524,544,546,578,594,605,613,635,638,653,661,664,672,697,718,741",0.000522543780325604,FALSE,51,0,69,51,18,0.739130434782609,1
"lasso.cv",16,500,0.33,"TRUE","TRUE","FALSE","17.4989627516866","10.1333441813573","7.36561857032931","8.836","0.267","0.723","1,2,3,4,5,6,7,8,9,10,11,12,13,14,15,16,17,18,46,49,56,122,123,130,139,144,152,169,190,220,248,249,251,280,308,318,328,339,362,368,393,405,408,413,449,457,460,462,465,470,483,488,496,517,518,520,524,532,534,562,589,594,610,623,624,676,703,704,713,732,751",0.000410851329141883,FALSE,53,0,71,53,18,0.746478873239437,1
"lasso.cv",17,500,0.33,"TRUE","TRUE","FALSE","18.1341395535671","11.9622006072383","6.17193894632877","8.575","0.334","0.986","1,2,3,4,5,6,7,8,9,10,11,12,13,14,15,16,17,18,27,44,49,80,82,85,145,163,165,228,240,254,281,284,288,329,331,336,348,349,361,369,402,403,415,419,432,465,468,478,499,503,509,514,516,520,540,574,589,595,605,618,633,639,658,683,684,702,715,725,731,733,746,748",0.000510821034957374,FALSE,54,0,72,54,18,0.75,1
"lasso.cv",18,500,0.33,"TRUE","TRUE","FALSE","18.2222782025643","14.022489565661","4.19978863690335","9.449","0.299","0.768","1,2,3,4,5,6,7,8,9,10,11,12,13,14,15,16,17,18,26,29,69,88,100,113,153,167,183,184,191,196,202,227,241,256,302,303,320,322,345,354,361,372,401,430,459,462,470,513,529,540,546,563,567,592,636,643,653,656,670,705,706,707,719,720,746",0.00026866101005043,FALSE,47,0,65,47,18,0.723076923076923,1
"lasso.cv",19,500,0.33,"TRUE","TRUE","FALSE","18.1539813991203","12.0062577184994","6.14772368062094","7.373","0.25","0.671","1,2,3,4,5,6,7,8,9,10,11,12,13,14,15,16,17,18,40,71,90,99,101,108,112,131,151,152,165,168,179,191,192,198,203,236,252,258,282,308,311,327,348,349,357,376,385,419,463,468,473,475,478,491,501,525,534,546,574,591,618,630,653,666,703,707,746,750",0.000380515634274853,FALSE,50,0,68,50,18,0.735294117647059,1
"lasso.cv",2,500,0.33,"TRUE","TRUE","FALSE","18.1333305480413","10.0019924368064","8.13133811123499","8.823","0.355","0.881","1,2,3,4,5,6,7,8,9,10,11,12,13,14,15,16,17,18,40,46,59,73,81,82,88,143,145,158,171,176,184,186,196,211,221,223,227,239,258,276,286,291,299,338,342,355,363,364,367,385,393,401,403,449,450,455,474,477,483,495,519,526,529,539,546,563,574,581,582,588,592,593,620,632,634,637,640,664,700,707,715,734,741,758,761,765",0.000411110561962019,FALSE,68,0,86,68,18,0.790697674418605,1
"lasso.cv",20,500,0.33,"TRUE","TRUE","FALSE","18.0774617082382","12.9845677056174","5.0928940026208","8.87","0.34","0.853","1,2,3,4,5,6,7,8,9,10,11,12,13,14,15,16,17,18,28,29,42,44,74,77,79,86,128,131,139,179,183,193,217,235,237,251,254,277,282,286,292,303,325,334,343,361,365,379,384,393,397,426,444,449,462,478,494,526,550,567,568,571,584,595,599,620,629,655,667,676,685,687,692,697,718,721,732,768",0.000405396631965118,FALSE,60,0,78,60,18,0.769230769230769,1
"lasso.cv",21,500,0.33,"TRUE","TRUE","FALSE","18.1173213431007","10.0035295228326","8.11379182026813","7.455","0.353","0.843","1,2,3,4,5,6,7,8,9,10,11,12,13,14,15,16,17,18,27,36,72,76,82,91,108,116,123,135,148,183,207,230,246,251,270,285,292,345,379,397,437,464,485,504,513,514,518,519,520,537,543,553,570,571,572,582,604,645,653,654,655,657,665,666,687,693,701,715,727,760,762",0.0004628272277366,FALSE,53,0,71,53,18,0.746478873239437,1
"lasso.cv",22,500,0.33,"TRUE","TRUE","FALSE","18.4512798964707","12.0014736875039","6.44980620896681","9.437","0.261","0.722","1,2,3,4,5,6,7,8,9,10,11,12,13,14,15,16,17,18,23,27,34,41,47,53,67,73,84,97,114,116,120,129,131,134,137,152,156,171,176,179,180,187,190,209,218,230,234,252,278,279,288,299,331,332,339,361,373,392,394,400,402,425,443,445,469,475,490,529,534,535,537,573,580,597,604,612,626,632,648,653,675,683,716",0.00042812866718849,FALSE,65,0,83,65,18,0.783132530120482,1
"lasso.cv",23,500,0.33,"TRUE","TRUE","FALSE","18.1195886448298","15.0050352557283","3.11455338910156","7.674","0.284","0.789","1,2,3,4,5,6,7,8,9,10,11,12,13,14,15,16,17,18,20,23,27,34,37,65,81,82,86,87,98,117,142,159,168,187,203,215,216,217,235,242,248,273,276,277,278,285,292,328,341,342,355,362,415,437,445,456,487,493,519,533,544,546,564,591,600,602,619,623,633,644,654,664,667,676,677,685,691,743",0.00031230945608404,FALSE,60,0,78,60,18,0.769230769230769,1
"lasso.cv",24,500,0.33,"TRUE","TRUE","FALSE","18.1205356009018","12.0025934690178","6.11794213188403","8.255","0.278","0.799","1,2,3,4,5,6,7,8,9,10,11,12,13,14,15,16,17,18,20,25,34,47,90,102,118,123,127,140,186,202,232,241,270,273,279,287,302,331,334,340,342,360,364,374,379,401,415,416,437,456,477,483,507,523,524,548,577,588,647,658,659,661,665,671,719,725,734,751,753,759",0.000274660239987369,FALSE,52,0,70,52,18,0.742857142857143,1
"lasso.cv",25,500,0.33,"TRUE","TRUE","FALSE","18.1714354165711","12.0016844096015","6.16975100696968","8.293","0.285","0.754","1,2,3,4,5,6,7,8,9,10,11,12,13,14,15,16,17,18,41,71,72,73,75,80,107,125,148,166,185,197,227,239,246,247,255,258,288,308,323,328,339,349,353,361,363,374,382,417,421,427,475,476,483,502,504,514,519,549,569,578,587,598,616,620,626,628,668,676,686,706,714,743,768",0.000346869340096397,FALSE,55,0,73,55,18,0.753424657534247,1
"lasso.cv",26,500,0.33,"TRUE","TRUE","FALSE","18.2060960358114","14.0010838728338","4.20501216297761","9.486","0.285","0.752","1,2,3,4,5,6,7,8,9,10,11,12,13,14,15,16,17,18,35,42,55,67,98,118,124,150,168,263,265,267,269,315,324,326,353,357,361,362,364,380,397,400,402,449,474,483,550,556,563,573,587,618,644,657,661,695,699,703,705,732,750,757,759",0.000514010808215819,FALSE,45,0,63,45,18,0.714285714285714,1
"lasso.cv",27,500,0.33,"TRUE","TRUE","FALSE","18.1462188886286","14.0023876104165","4.14383127821211","8.097","0.267","0.725","1,2,3,4,5,6,7,8,9,10,11,12,13,14,15,16,17,18,26,27,43,53,59,65,98,100,111,125,141,147,165,179,191,194,197,204,249,256,273,299,314,382,384,433,435,451,474,475,498,500,506,529,569,582,588,599,607,612,617,628,629,643,658,662,665,696,697,701,702,717,720,732,746",0.000421968804650292,FALSE,55,0,73,55,18,0.753424657534247,1
"lasso.cv",28,500,0.33,"TRUE","TRUE","FALSE","17.7365520976883","13.5253748616647","4.21117723602366","11.71","0.307","0.917","1,2,3,4,5,6,7,8,9,10,11,12,13,14,15,16,17,18,21,42,43,51,66,69,99,118,123,124,140,148,178,190,191,241,254,284,285,302,328,353,385,389,392,419,423,427,440,451,529,530,531,534,539,540,544,546,551,553,620,623,644,653,654,655,696,734,743,746,751,768",0.000491656990016509,FALSE,52,0,70,52,18,0.742857142857143,1
"lasso.cv",29,500,0.33,"TRUE","TRUE","FALSE","17.263480769356","13.0689737201204","4.19450704923561","10.128","0.428","1.669","1,2,3,4,5,6,7,8,9,10,11,12,13,14,15,16,17,18,27,29,41,73,90,96,101,103,106,151,174,180,201,202,208,209,210,224,226,238,240,263,277,322,353,387,404,416,426,428,432,433,438,455,465,483,507,518,528,546,628,674,675,680,693,694,712,748,766",0.000352291916426738,FALSE,49,0,67,49,18,0.73134328358209,1
"lasso.cv",3,500,0.33,"TRUE","TRUE","FALSE","18.0895265612141","12.0020375970708","6.08748896414331","8.065","0.348","0.961","1,2,3,4,5,6,7,8,9,10,11,12,13,14,15,16,17,18,23,28,70,75,78,93,95,98,105,106,123,127,139,144,148,157,166,178,230,241,252,279,280,287,288,289,293,307,324,325,349,356,358,392,408,411,421,423,463,465,519,534,536,540,549,567,580,594,600,618,623,657,661,673,675,696,703,708,710,711,741",0.000421503280336022,FALSE,61,0,79,61,18,0.772151898734177,1
"lasso.cv",30,500,0.33,"TRUE","TRUE","FALSE","18.156081952173","12.9944238012122","5.16165815096078","8.778","0.316","0.951","1,2,3,4,5,6,7,8,9,10,11,12,13,14,15,16,17,18,22,24,36,69,71,73,85,93,125,136,142,180,182,186,250,260,270,278,285,318,320,340,344,357,360,374,375,376,382,421,441,468,494,511,517,543,561,574,577,629,634,643,656,667,683,705,707,711,722,723,746,762",0.000243632884369056,FALSE,52,0,70,52,18,0.742857142857143,1
"lasso.cv",31,500,0.33,"TRUE","TRUE","FALSE","18.1331407592421","13.0006674696476","5.13247328959454","8.473","0.351","0.975","1,2,3,4,5,6,7,8,9,10,11,12,13,14,15,16,17,18,74,77,85,89,106,110,111,129,142,157,161,166,183,191,197,209,223,247,249,251,258,270,283,284,288,317,334,359,375,383,410,431,433,439,489,493,500,515,519,535,584,606,636,640,643,655,668,671,675,689,692,700,703,716,725,730,733,745,759,764,766",0.000317537334600587,FALSE,61,0,79,61,18,0.772151898734177,1
"lasso.cv",32,500,0.33,"TRUE","TRUE","FALSE","18.1775636477685","11.0006053575495","7.17695829021904","9.873","0.395","1.137","1,2,3,4,5,6,7,8,9,10,11,12,13,14,15,16,17,18,21,22,67,72,83,88,89,123,158,161,178,179,192,272,274,276,297,309,315,339,357,370,410,416,419,423,474,475,490,491,537,543,548,551,563,573,588,590,619,621,623,651,655,656,669,674,676,699,701,703,732,767",0.000517533232994629,FALSE,52,0,70,52,18,0.742857142857143,1
"lasso.cv",33,500,0.33,"TRUE","TRUE","FALSE","17.173974438542","13.0015962957545","4.17237814278753","8.802","0.288","0.733","1,2,3,4,5,6,7,8,9,10,11,12,13,14,15,16,17,18,20,34,47,75,82,93,96,101,106,125,129,141,150,225,230,231,232,255,263,264,309,326,336,344,345,351,355,361,383,391,399,443,478,484,489,506,507,511,545,548,555,610,613,626,633,644,651,653,680,681,686,715,756,760",0.000362201177507165,FALSE,54,0,72,54,18,0.75,1
"lasso.cv",34,500,0.33,"TRUE","TRUE","FALSE","18.1962278320779","12.0034348035819","6.19279302849594","10.489","0.345","0.891","1,2,3,4,5,6,7,8,9,10,11,12,13,14,15,16,17,18,35,64,82,84,109,124,138,157,164,186,187,202,214,241,256,279,284,291,308,344,357,376,380,384,389,401,416,421,431,437,439,440,442,462,474,488,501,555,572,599,620,677,696,719,746,759,767",0.000228026094740239,FALSE,47,0,65,47,18,0.723076923076923,1
"lasso.cv",35,500,0.33,"TRUE","TRUE","FALSE","18.021426860684","12.9156777336297","5.10574912705437","9.184","0.33","0.856","1,2,3,4,5,6,7,8,9,10,11,12,13,14,15,16,17,18,22,24,49,59,90,96,97,112,113,123,156,162,171,198,201,210,215,222,260,291,357,358,361,388,393,427,430,449,452,472,474,475,487,516,531,536,537,549,559,561,578,586,604,608,616,628,632,634,639,647,654,664,690,703,719,744,754,761,763",0.00041590453211617,FALSE,59,0,77,59,18,0.766233766233766,1
"lasso.cv",36,500,0.33,"TRUE","TRUE","FALSE","18.1115446952036","13.0011657777272","5.1103789174764","9.232","0.364","0.953","1,2,3,4,5,6,7,8,9,10,11,12,13,14,15,16,17,18,41,90,91,97,98,99,106,120,140,148,149,151,156,163,168,184,202,236,248,278,281,296,328,336,345,353,357,360,373,395,398,408,432,433,434,438,449,453,456,469,472,507,511,606,618,621,635,642,645,665,677,688,691,707,714,715,718,719,728",0.0004397260491536,FALSE,59,0,77,59,18,0.766233766233766,1
"lasso.cv",37,500,0.33,"TRUE","TRUE","FALSE","17.2147525337101","14.0030612764077","3.21169125730241","9.394","0.296","0.85","1,2,3,4,5,6,7,8,9,10,11,12,13,14,15,16,17,18,20,30,79,82,88,91,131,134,186,195,196,198,205,221,225,230,266,268,275,307,329,337,339,340,342,345,357,360,370,378,389,392,395,400,402,412,417,422,424,441,471,503,505,506,509,551,565,566,569,571,578,595,611,613,617,619,627,636,638,645,651,652,670,672,676,701,725,746,749,755",0.000405273801855983,FALSE,70,0,88,70,18,0.795454545454545,1
"lasso.cv",38,500,0.33,"TRUE","TRUE","FALSE","18.9450794979983","12.002008491525","6.9430710064733","10.554","0.319","0.794","1,2,3,4,5,6,7,8,9,10,11,12,13,14,15,16,17,18,22,30,36,73,78,84,87,98,111,112,125,134,142,183,197,201,209,289,296,302,342,396,415,419,437,457,515,534,537,547,551,553,571,585,598,600,606,618,633,666,674,716,719,732,746,752,768",0.000285778823607122,FALSE,47,0,65,47,18,0.723076923076923,1
"lasso.cv",39,500,0.33,"TRUE","TRUE","FALSE","18.3049433252513","11.0022836843798","7.30265964087151","9.685","0.297","0.85","1,2,3,4,5,6,7,8,9,10,11,12,13,14,15,16,17,18,20,24,75,88,92,94,96,100,109,113,120,125,156,165,178,183,187,235,240,257,262,269,278,282,286,298,311,316,342,384,385,400,408,416,420,428,438,453,457,458,465,474,482,494,504,507,512,526,550,558,566,569,602,604,606,630,632,636,654,655,662,692,702,719,732,752,763,766",0.000389354116060575,FALSE,68,0,86,68,18,0.790697674418605,1
"lasso.cv",4,500,0.33,"TRUE","TRUE","FALSE","18.0424837544688","11.8784284498684","6.1640553046004","9.764","0.322","1.118","1,2,3,4,5,6,7,8,9,10,11,12,13,14,15,16,17,18,30,35,61,65,77,78,135,140,143,150,176,206,209,212,216,217,256,270,289,290,351,360,364,373,377,378,403,436,438,456,511,512,529,541,576,584,597,612,617,619,636,644,707,708,712,734,748,751,757",0.000448038440509323,FALSE,49,0,67,49,18,0.73134328358209,1
"lasso.cv",40,500,0.33,"TRUE","TRUE","FALSE","18.0900897573343","10.9915214976366","7.09856825969766","9.47","0.317","0.831","1,2,3,4,5,6,7,8,9,10,11,12,13,14,15,16,17,18,23,40,41,46,47,52,125,148,166,170,171,197,205,207,230,234,246,285,289,306,307,374,416,419,430,438,439,454,477,528,530,572,612,625,645,655,661,672,697,703,707,725,750,752",0.000347412025986269,FALSE,44,0,62,44,18,0.709677419354839,1
"lasso.cv",41,500,0.33,"TRUE","TRUE","FALSE","17.2290650549063","12.0015971646224","5.22746789028392","9.314","0.319","0.792","1,2,3,4,5,6,7,8,9,10,11,12,13,14,15,16,17,18,23,58,64,71,74,78,80,85,113,120,129,143,161,174,291,294,305,308,331,344,348,373,381,385,396,401,431,463,572,591,609,616,626,629,643,644,658,671,673,730,742,748,759",0.000266618714721947,FALSE,43,0,61,43,18,0.704918032786885,1
"lasso.cv",42,500,0.33,"TRUE","TRUE","FALSE","18.1346687000823","14.0023553301298","4.13231336995253","10.968","0.469","1.12","1,2,3,4,5,6,7,8,9,10,11,12,13,14,15,16,17,18,22,40,46,49,57,59,71,121,130,180,189,197,209,263,278,290,298,326,337,340,396,401,416,434,439,440,452,474,511,528,565,566,619,629,648,654,661,676,683,703,705,707,741,743",0.000376517921609095,FALSE,44,0,62,44,18,0.709677419354839,1
"lasso.cv",43,500,0.33,"TRUE","TRUE","FALSE","18.1335812777814","12.9941327859088","5.13944849187265","9.542","0.343","0.901","1,2,3,4,5,6,7,8,9,10,11,12,13,14,15,16,17,18,25,44,51,52,90,93,94,98,104,105,117,131,139,142,143,147,159,187,193,196,221,230,272,279,284,308,338,341,357,378,395,401,406,433,449,463,475,487,497,505,520,532,548,554,556,577,604,632,654,656,657,661,678,686,690,694,704,746,757",0.000395712210987177,FALSE,59,0,77,59,18,0.766233766233766,1
"lasso.cv",44,500,0.33,"TRUE","TRUE","FALSE","18.1233960649366","12.0017603561435","6.12163570879303","9.87","0.289","0.75","1,2,3,4,5,6,7,8,9,10,11,12,13,14,15,16,17,18,28,42,67,77,125,151,165,175,217,234,254,258,295,312,326,331,333,345,349,352,355,356,398,408,412,463,475,483,500,504,517,519,540,577,586,591,605,616,653,655,656,665,672,678,719,725,734,738,742,743,746",0.000330455840340886,FALSE,51,0,69,51,18,0.739130434782609,1
"lasso.cv",45,500,0.33,"TRUE","TRUE","FALSE","18.0887239059044","11.9985720848822","6.09015182102221","6.956","0.263","0.726","1,2,3,4,5,6,7,8,9,10,11,12,13,14,15,16,17,18,20,21,26,36,42,73,75,90,98,100,113,137,162,169,182,201,202,213,233,241,284,286,295,311,320,331,336,345,361,386,401,411,424,438,449,506,546,550,577,593,608,610,612,618,632,653,659,668,671,689,715,719,746",0.00036422405456615,FALSE,53,0,71,53,18,0.746478873239437,1
"lasso.cv",46,500,0.33,"TRUE","TRUE","FALSE","18.1086531811987","12.9995503894804","5.10910279171835","8.125","0.346","0.883","1,2,3,4,5,6,7,8,9,10,11,12,13,14,15,16,17,18,20,26,43,71,75,82,94,97,109,142,144,158,168,171,176,184,197,210,216,224,225,322,323,331,342,364,367,392,435,440,459,478,559,563,576,579,584,593,610,614,616,619,620,622,637,641,653,665,674,694,713,732,746,755,759",0.000374328805707411,FALSE,55,0,73,55,18,0.753424657534247,1
"lasso.cv",47,500,0.33,"TRUE","TRUE","FALSE","18.1767775805975","12.0020558785168","6.17472170208068","10.22","0.392","0.955","1,2,3,4,5,6,7,8,9,10,11,12,13,14,15,16,17,18,34,54,76,99,109,110,116,155,166,179,192,222,258,293,321,356,378,393,396,400,401,419,425,436,460,481,511,547,599,609,614,616,630,635,636,656,670,671,672,678,698,699,703,744",0.000294875374480157,FALSE,44,0,62,44,18,0.709677419354839,1
"lasso.cv",48,500,0.33,"TRUE","TRUE","FALSE","18.2038185885559","13.0042473508406","5.19957123771528","10.296","0.365","0.78","1,2,3,4,5,6,7,8,9,10,11,12,13,14,15,16,17,18,29,46,91,101,120,139,171,183,192,201,202,236,248,265,279,288,301,338,347,349,373,401,440,460,463,473,499,538,540,569,583,611,614,653,657,681,686,695,696,748",0.000213327253072863,FALSE,40,0,58,40,18,0.689655172413793,1
"lasso.cv",49,500,0.33,"TRUE","TRUE","FALSE","18.0985482418792","11.9896416942506","6.10890654762859","7.959","0.321","0.741","1,2,3,4,5,6,7,8,9,10,11,12,13,14,15,16,17,18,47,57,81,96,110,122,125,136,147,157,172,193,217,236,241,284,292,322,325,338,361,364,390,398,401,407,426,448,463,474,475,481,493,497,501,509,517,523,529,534,573,589,591,644,654,664,672,675,688,690,696,719,740,746,761",0.000364030540421607,FALSE,55,0,73,55,18,0.753424657534247,1
"lasso.cv",5,500,0.33,"TRUE","TRUE","FALSE","18.1833802134925","11.0025435477342","7.18083666575838","11.748","0.42","1.24","1,2,3,4,5,6,7,8,9,10,11,12,13,14,15,16,17,18,22,61,64,69,72,78,89,100,101,103,109,122,132,144,155,176,187,209,259,301,306,314,328,336,341,346,361,362,364,378,383,391,408,409,426,439,462,475,529,530,540,542,565,571,582,583,586,588,598,612,615,631,636,640,653,668,669,676,697,716,732,753,761",0.000478736225989112,FALSE,63,0,81,63,18,0.777777777777778,1
"lasso.cv",50,500,0.33,"TRUE","TRUE","FALSE","17.1447869218311","11.0103601268017","6.13442679502942","7.694","0.294","0.77","1,2,3,4,5,6,7,8,9,10,11,12,13,14,15,16,17,18,30,55,88,105,113,115,118,124,138,141,143,180,209,236,251,256,288,295,304,308,316,357,410,422,426,433,440,447,462,464,493,496,521,535,552,560,562,582,592,608,614,622,680,688,700,701,707,728,733,748,756,759,760,762",0.000458200921563768,FALSE,54,0,72,54,18,0.75,1
"lasso.cv",51,500,0.33,"TRUE","TRUE","FALSE","18.0644175644959","11.9469196167879","6.11749794770794","8.362","0.31","0.853","1,2,3,4,5,6,7,8,9,10,11,12,13,14,15,16,17,18,36,70,89,100,106,113,151,158,159,162,178,187,225,255,263,281,294,299,328,341,343,360,364,374,384,397,408,421,440,446,448,457,470,474,477,516,539,546,555,567,571,582,592,594,611,623,626,644,672,677,684,696,697,699,701,703,705,719,746,749,756",0.000407706675580382,FALSE,61,0,79,61,18,0.772151898734177,1
"lasso.cv",52,500,0.33,"TRUE","TRUE","FALSE","17.7459631541169","11.6010751284157","6.14488802570119","12.864","0.313","0.851","1,2,3,4,5,6,7,8,9,10,11,12,13,14,15,16,17,18,25,64,112,129,138,140,141,144,197,209,230,236,252,260,275,292,295,299,308,320,322,323,360,362,366,403,408,439,472,475,488,493,507,519,530,543,593,595,610,615,619,636,643,647,673,676,680,688,696,703,707,716,719,741,746",0.000442581971233708,FALSE,55,0,73,55,18,0.753424657534247,1
"lasso.cv",53,500,0.33,"TRUE","TRUE","FALSE","17.7350183126398","11.6257315863468","6.10928672629301","8.528","0.333","0.857","1,2,3,4,5,6,7,8,9,10,11,12,13,14,15,16,17,18,27,31,40,77,81,90,98,120,128,132,144,157,181,185,186,227,234,241,243,270,281,320,334,358,360,385,414,438,463,481,498,513,516,524,529,543,548,560,571,572,616,643,653,672,678,679,704,707,721,727,733,746,748,756",0.000422028167947593,FALSE,54,0,72,54,18,0.75,1
"lasso.cv",54,500,0.33,"TRUE","TRUE","FALSE","18.6454636953532","13.0015683374252","5.64389535792799","12.929","0.362","1.031","1,2,3,4,5,6,7,8,9,10,11,12,13,14,15,16,17,18,41,49,59,64,88,93,98,100,114,121,125,135,155,157,162,179,192,194,211,216,238,243,248,250,258,286,295,316,338,344,357,408,449,457,472,496,500,501,513,528,543,554,555,563,565,581,616,618,622,658,671,688,696,703,725,730,732,751,761",0.000541506692544617,FALSE,59,0,77,59,18,0.766233766233766,1
"lasso.cv",55,500,0.33,"TRUE","TRUE","FALSE","18.2235098183901","12.0013874270544","6.22212239133566","8.651","0.456","0.79","1,2,3,4,5,6,7,8,9,10,11,12,13,14,15,16,17,18,23,49,59,77,79,99,100,104,120,131,171,178,220,233,268,307,320,324,340,353,362,363,366,381,445,449,451,460,479,505,520,550,566,572,611,614,647,656,657,685,687,700,703,710,719,731,732,734,740,751,754",0.000259473355386134,FALSE,51,0,69,51,18,0.739130434782609,1
"lasso.cv",56,500,0.33,"TRUE","TRUE","FALSE","18.0309268858936","12.0021657372085","6.02876114868508","9.411","0.264","0.672","1,2,3,4,5,6,7,8,9,10,11,12,13,14,15,16,17,18,29,30,42,46,51,55,77,85,93,99,105,145,161,174,190,193,194,221,227,234,277,325,347,348,374,387,410,444,451,460,476,495,546,555,561,567,594,600,604,656,665,673,692,707,737,750",0.000304568472724612,FALSE,46,0,64,46,18,0.71875,1
"lasso.cv",57,500,0.33,"TRUE","TRUE","FALSE","17.7040276815791","12.0037139830483","5.70031369853088","11.105","0.411","0.99","1,2,3,4,5,6,7,8,9,10,11,12,13,14,15,16,17,18,22,28,46,54,59,63,75,77,97,100,104,112,129,140,146,162,169,184,192,197,241,246,263,281,290,296,321,324,364,365,389,390,400,403,419,434,462,475,504,531,535,542,552,563,611,628,640,649,658,661,692,694,710,751,756,768",0.00049397164846202,FALSE,56,0,74,56,18,0.756756756756757,1
"lasso.cv",58,500,0.33,"TRUE","TRUE","FALSE","18.2781691695659","11.0009830360846","7.27718613348135","9.453","0.302","0.788","1,2,3,4,5,6,7,8,9,10,11,12,13,14,15,16,17,18,39,42,64,69,81,85,91,100,105,110,115,119,138,151,197,212,258,270,281,292,320,336,341,355,360,361,368,372,379,380,384,443,453,457,467,472,489,498,500,540,546,563,576,577,580,582,612,619,626,630,636,645,651,664,665,690,708,719,730,748",0.000458078527014699,FALSE,60,0,78,60,18,0.769230769230769,1
"lasso.cv",59,500,0.33,"TRUE","TRUE","FALSE","18.265529580269","13.00196947145","5.26356010881901","7.94","0.278","0.837","1,2,3,4,5,6,7,8,9,10,11,12,13,14,15,16,17,18,20,35,41,46,48,61,81,94,102,106,157,161,180,202,230,254,260,284,319,328,337,340,357,360,385,388,392,393,408,419,424,445,460,481,486,487,489,519,548,550,559,561,577,593,612,615,616,620,654,657,666,669,676,683,691,714,720,732,748",0.000480612717887818,FALSE,59,0,77,59,18,0.766233766233766,1
"lasso.cv",6,500,0.33,"TRUE","TRUE","FALSE","18.1382488187824","13.0015038406454","5.13674497813699","8.971","0.319","0.857","1,2,3,4,5,6,7,8,9,10,11,12,13,14,15,16,17,18,39,41,42,59,67,91,118,148,180,182,187,212,230,240,243,251,272,274,280,301,328,358,363,384,400,417,440,446,452,503,519,534,547,578,582,610,633,661,664,667,671,709,718",0.000372015693799478,FALSE,43,0,61,43,18,0.704918032786885,1
"lasso.cv",60,500,0.33,"TRUE","TRUE","FALSE","18.2005854340746","13.0015583320002","5.1990271020744","7.752","0.258","0.701","1,2,3,4,5,6,7,8,9,10,11,12,13,14,15,16,17,18,30,75,78,93,113,120,126,129,185,194,209,227,230,258,263,286,296,297,298,327,328,329,359,362,372,413,447,493,547,560,587,618,619,622,642,665,674,679,681,686,703,710,724,733",0.000351029340685676,FALSE,44,0,62,44,18,0.709677419354839,1
"lasso.cv",61,500,0.33,"TRUE","TRUE","FALSE","18.1281543234173","11.0050403341728","7.12311398924453","8.898","0.45","1.149","1,2,3,4,5,6,7,8,9,10,11,12,13,14,15,16,17,18,24,47,49,73,95,110,116,128,154,163,177,187,194,211,218,222,241,279,287,336,350,360,366,371,374,378,379,390,403,412,419,456,474,483,487,497,499,510,528,529,533,539,545,551,566,571,578,580,602,616,628,657,663,666,667,670,703,725,762",0.000427781129977998,FALSE,59,0,77,59,18,0.766233766233766,1
"lasso.cv",62,500,0.33,"TRUE","TRUE","FALSE","18.3087029800623","13.0012930861224","5.30740989393994","10.71","0.324","0.856","1,2,3,4,5,6,7,8,9,10,11,12,13,14,15,16,17,18,23,24,40,44,46,56,58,61,86,98,111,132,137,148,162,171,173,178,180,220,223,229,251,274,284,303,322,331,350,353,374,391,401,403,419,421,436,443,468,494,507,508,512,532,548,557,559,565,588,613,628,633,647,674,685,687,703,722,732,736,749,761",0.00027696660850141,FALSE,62,0,80,62,18,0.775,1
"lasso.cv",63,500,0.33,"TRUE","TRUE","FALSE","18.0296079242963","11.8978796065061","6.13172831779019","12.115","0.453","1.247","1,2,3,4,5,6,7,8,9,10,11,12,13,14,15,16,17,18,19,27,30,44,49,54,82,84,100,117,132,140,157,160,175,193,202,212,225,284,292,301,305,306,315,362,399,401,407,422,427,431,435,449,456,460,468,487,509,523,526,586,588,593,597,600,612,639,646,654,656,658,662,664,684,689,703,720,741,744,746,762,766",0.000398549564947758,FALSE,63,0,81,63,18,0.777777777777778,1
"lasso.cv",64,500,0.33,"TRUE","TRUE","FALSE","18.1252001276612","12.9424778865832","5.18272224107798","8.679","0.27","0.71","1,2,3,4,5,6,7,8,9,10,11,12,13,14,15,16,17,18,43,44,81,87,95,106,134,140,144,171,183,187,191,196,197,205,235,246,278,279,295,325,329,330,334,361,379,400,443,455,479,485,522,524,531,562,575,579,593,596,604,613,614,627,643,644,672,680,686,691,698,722,723,731,748,753",0.000311280981117171,FALSE,56,0,74,56,18,0.756756756756757,1
"lasso.cv",65,500,0.33,"TRUE","TRUE","FALSE","18.1020891145594","12.9987294502108","5.10335966434863","11.345","0.429","1.241","1,2,3,4,5,6,7,8,9,10,11,12,13,14,15,16,17,18,36,53,68,91,99,115,152,158,164,210,211,213,214,215,230,244,246,292,308,350,364,369,396,398,414,416,432,434,440,442,445,458,478,482,483,488,492,512,513,524,529,545,564,578,587,614,616,625,631,645,654,678,703,710,727,731,732,742,752",0.000328823586314833,FALSE,59,0,77,59,18,0.766233766233766,1
"lasso.cv",66,500,0.33,"TRUE","TRUE","FALSE","18.1441281388126","12.0015140349089","6.14261410390376","11.789","0.401","1.075","1,2,3,4,5,6,7,8,9,10,11,12,13,14,15,16,17,18,68,77,88,102,125,139,150,171,184,191,192,201,202,218,220,223,236,275,276,278,279,286,302,316,320,343,354,360,361,374,381,401,424,457,462,468,473,475,488,501,511,519,532,543,548,555,562,593,618,628,635,660,665,681,686,714,730,732,753,755,756,761",0.000446428094641272,FALSE,62,0,80,62,18,0.775,1
"lasso.cv",67,500,0.33,"TRUE","TRUE","FALSE","17.1502147368702","14.0017300902331","3.14848464663712","9.776","0.414","1.111","1,2,3,4,5,6,7,8,9,10,11,12,13,14,15,16,17,18,21,26,31,37,61,65,76,88,99,101,106,113,142,153,162,181,187,194,197,198,201,203,216,223,246,251,271,279,281,308,349,364,368,385,393,394,406,415,419,420,481,508,530,539,543,551,566,577,620,633,637,682,699,706,725,731,760",0.000349398017253627,FALSE,57,0,75,57,18,0.76,1
"lasso.cv",68,500,0.33,"TRUE","TRUE","FALSE","18.1116394423315","14.0007048636412","4.11093457869035","11.15","0.387","1.002","1,2,3,4,5,6,7,8,9,10,11,12,13,14,15,16,17,18,34,42,49,108,109,117,136,148,163,165,168,202,209,215,287,327,350,354,373,392,399,408,416,419,424,438,458,460,469,470,475,487,536,564,567,577,595,612,619,620,643,653,656,660,665,731,739,751,752,762,766,767",0.000390930877104195,FALSE,52,0,70,52,18,0.742857142857143,1
"lasso.cv",69,500,0.33,"TRUE","TRUE","FALSE","18.1143582371942","12.0017929872365","6.11256524995774","9.847","0.374","0.868","1,2,3,4,5,6,7,8,9,10,11,12,13,14,15,16,17,18,19,39,40,70,72,78,82,84,86,99,100,106,109,150,163,167,191,208,233,251,267,270,280,298,304,384,399,400,420,427,428,452,483,485,486,513,519,520,522,540,543,549,562,606,625,636,648,657,659,684,693,696,712,729,751,755,758",0.000333664630002541,FALSE,57,0,75,57,18,0.76,1
"lasso.cv",7,500,0.33,"TRUE","TRUE","FALSE","17.6605171717907","11.001889249506","6.65862792228472","9.841","0.3","0.816","1,2,3,4,5,6,7,8,9,10,11,12,13,14,15,16,17,18,31,36,40,64,75,100,102,110,117,132,142,162,169,185,186,187,191,210,238,251,270,274,276,322,355,362,364,384,406,412,426,434,436,440,450,463,490,519,550,566,567,577,584,604,607,615,643,662,664,678,683,697,748",0.000457989775457585,FALSE,53,0,71,53,18,0.746478873239437,1
"lasso.cv",70,500,0.33,"TRUE","TRUE","FALSE","17.5296421137171","11.407697721407","6.12194439231005","9.692","0.324","1.019","1,2,3,4,5,6,7,8,9,10,11,12,13,14,15,16,17,18,40,48,49,61,85,88,95,101,144,148,152,180,184,201,254,279,325,380,387,439,440,488,498,507,513,515,519,550,582,584,593,595,606,607,616,647,657,674,692,693,698,706,718,740,765",0.000402215643383501,FALSE,45,0,63,45,18,0.714285714285714,1
"lasso.cv",71,500,0.33,"TRUE","TRUE","FALSE","18.1247302959731","13.0021204643949","5.12260983157821","7.927","0.301","0.8","1,2,3,4,5,6,7,8,9,10,11,12,13,14,15,16,17,18,20,21,24,58,69,71,73,82,98,105,109,145,190,202,246,270,291,313,329,350,357,372,381,385,412,419,423,443,444,456,461,468,476,487,503,519,532,533,534,544,552,578,615,631,656,664,685,699,731,740,746,748,750,759,764,768",0.000471289199994628,FALSE,56,0,74,56,18,0.756756756756757,1
"lasso.cv",72,500,0.33,"TRUE","TRUE","FALSE","18.1548539902162","13.0174082439899","5.13744574622629","9.672","0.341","0.952","1,2,3,4,5,6,7,8,9,10,11,12,13,14,15,16,17,18,22,27,30,33,49,61,84,87,94,95,113,123,129,138,142,144,148,149,152,195,237,248,259,262,265,275,276,279,281,288,295,296,308,323,349,353,361,374,381,394,401,434,440,451,460,470,473,483,508,511,524,525,546,551,570,594,614,618,624,632,633,645,664,673,676,678,683,692,696,701,725,733,738,746,752,755,768",0.000508496273478808,FALSE,77,0,95,77,18,0.810526315789474,1
"lasso.cv",73,500,0.33,"TRUE","TRUE","FALSE","18.1094539304054","12.9887290181858","5.12072491221952","9.478","0.377","0.949","1,2,3,4,5,6,7,8,9,10,11,12,13,14,15,16,17,18,22,29,76,98,101,110,119,125,126,150,162,185,214,221,275,279,305,311,318,362,387,389,392,426,430,440,441,476,490,495,519,522,530,535,543,549,569,583,593,608,610,617,623,661,668,696,698,701,703,742,756",0.000460683709847268,FALSE,51,0,69,51,18,0.739130434782609,1
"lasso.cv",74,500,0.33,"TRUE","TRUE","FALSE","18.1906277860851","12.9994049440069","5.19122284207816","7.916","0.319","1.089","1,2,3,4,5,6,7,8,9,10,11,12,13,14,15,16,17,18,20,73,78,81,98,99,100,105,123,125,142,158,187,206,209,255,258,274,285,288,289,295,350,358,362,374,402,415,439,465,484,489,491,511,523,547,548,555,569,573,599,619,672,673,680,685,687,696,707,718,733,752,767",0.00054928095570735,FALSE,53,0,71,53,18,0.746478873239437,1
"lasso.cv",75,500,0.33,"TRUE","TRUE","FALSE","18.1824621645363","13.0013117908869","5.18115037364949","9.398","0.299","0.875","1,2,3,4,5,6,7,8,9,10,11,12,13,14,15,16,17,18,30,42,61,72,73,79,90,99,106,112,114,128,141,149,163,187,188,196,202,210,248,251,275,281,282,286,301,324,342,350,391,398,399,407,412,414,422,426,432,434,465,471,475,490,512,525,537,544,545,559,621,635,640,664,676,684,687,703,713,714,745,751,757",0.00047303581112765,FALSE,63,0,81,63,18,0.777777777777778,1
"lasso.cv",76,500,0.33,"TRUE","TRUE","FALSE","18.2747343795101","11.0033447170894","7.27138966242075","9.979","0.312","0.791","1,2,3,4,5,6,7,8,9,10,11,12,13,14,15,16,17,18,22,23,40,49,60,88,98,106,132,144,161,185,222,230,237,241,274,278,319,373,374,379,409,421,430,432,438,442,447,453,462,499,501,505,515,528,533,547,559,566,584,592,609,610,625,641,644,663,664,673,682,686,707,762",0.000390753654981675,FALSE,54,0,72,54,18,0.75,1
"lasso.cv",77,500,0.33,"TRUE","TRUE","FALSE","18.1724466270611","13.0216392085286","5.15080741853244","8.773","0.349","0.952","1,2,3,4,5,6,7,8,9,10,11,12,13,14,15,16,17,18,26,34,40,75,77,81,102,118,127,163,174,278,284,324,347,406,438,449,456,460,461,478,519,564,569,593,612,619,623,626,627,643,650,654,681,700,703,707,738,746,759",0.000307006725501014,FALSE,41,0,59,41,18,0.694915254237288,1
"lasso.cv",78,500,0.33,"TRUE","TRUE","FALSE","18.1147423296046","12.9669775894379","5.14776474016668","11.033","0.326","1.15","1,2,3,4,5,6,7,8,9,10,11,12,13,14,15,16,17,18,42,64,81,98,99,102,139,202,234,243,256,266,274,281,286,287,311,324,327,328,332,336,342,350,362,368,408,423,441,448,464,494,514,526,614,633,648,661,663,665,672,685,686,689,703,711,713,714,718,720,743,763",0.000299831192447138,FALSE,52,0,70,52,18,0.742857142857143,1
"lasso.cv",79,500,0.33,"TRUE","TRUE","FALSE","18.1280730367632","13.9932360398209","4.13483699694229","12.109","0.395","1.168","1,2,3,4,5,6,7,8,9,10,11,12,13,14,15,16,17,18,22,28,43,46,50,70,82,87,90,121,134,140,141,196,250,265,270,279,334,347,349,350,357,359,373,391,403,405,421,424,428,442,446,449,457,459,470,474,477,505,533,540,585,591,598,614,620,629,663,665,695,698,714,748,757,761",0.000402654953081835,FALSE,56,0,74,56,18,0.756756756756757,1
"lasso.cv",8,500,0.33,"TRUE","TRUE","FALSE","18.1292659635345","9.99948752476369","8.12977843877085","8.996","0.358","1.119","1,2,3,4,5,6,7,8,9,10,11,12,13,14,15,16,17,18,52,53,58,59,64,74,82,87,101,125,138,142,164,171,187,203,205,213,228,235,246,260,279,291,292,304,331,350,355,360,362,373,374,379,390,395,419,423,435,440,488,530,532,578,580,616,637,638,639,672,696,699,703,721,730,753,763",0.000404862468814843,FALSE,57,0,75,57,18,0.76,1
"lasso.cv",80,500,0.33,"TRUE","TRUE","FALSE","18.0880504102027","11.9751114521897","6.11293895801304","10.623","0.405","0.95","1,2,3,4,5,6,7,8,9,10,11,12,13,14,15,16,17,18,75,76,82,95,115,139,146,187,264,279,304,316,324,343,348,357,362,379,385,400,401,403,406,420,433,440,447,449,456,464,481,490,499,531,539,549,556,586,599,601,631,658,660,681,693,696,711,734,756,766",0.000369520796844635,FALSE,50,0,68,50,18,0.735294117647059,1
"lasso.cv",81,500,0.33,"TRUE","TRUE","FALSE","18.1366435979595","11.9788105253022","6.15783307265724","10.563","0.3","0.906","1,2,3,4,5,6,7,8,9,10,11,12,13,14,15,16,17,18,47,52,73,78,109,113,131,138,168,191,225,230,250,281,285,287,295,329,344,365,366,395,401,421,426,427,439,446,456,458,476,507,513,546,566,583,597,618,636,703,707,759,767",0.000370278026646217,FALSE,43,0,61,43,18,0.704918032786885,1
"lasso.cv",82,500,0.33,"TRUE","TRUE","FALSE","17.7205546104938","12.5914732522661","5.12908135822778","11.655","0.38","1.104","1,2,3,4,5,6,7,8,9,10,11,12,13,14,15,16,17,18,36,50,61,82,107,111,144,148,157,169,180,187,194,224,230,233,235,238,252,276,288,295,311,326,327,331,344,373,378,389,392,404,406,455,478,482,488,491,504,517,531,532,540,544,545,550,552,561,572,598,619,632,637,653,663,673,674,685,688,693,696,719,724,732,740,746,761,762",0.000407442870451807,FALSE,68,0,86,68,18,0.790697674418605,1
"lasso.cv",83,500,0.33,"TRUE","TRUE","FALSE","18.1847879357955","13.0084911854176","5.17629675037784","11.41","0.281","0.763","1,2,3,4,5,6,7,8,9,10,11,12,13,14,15,16,17,18,21,23,34,44,47,65,162,201,202,220,230,284,290,299,304,326,344,350,352,360,361,372,374,380,390,412,421,440,449,488,505,529,535,538,544,578,581,582,586,611,634,648,650,662,682,687,703,717,732,738,739,748,753",0.000394065900123985,FALSE,53,0,71,53,18,0.746478873239437,1
"lasso.cv",84,500,0.33,"TRUE","TRUE","FALSE","18.2457577686492","12.0014438280425","6.24431394060668","7.594","0.261","0.715","1,2,3,4,5,6,7,8,9,10,11,12,13,14,15,16,17,18,40,41,62,76,91,99,102,111,125,145,161,180,192,229,240,271,278,290,291,308,309,325,331,334,337,340,348,362,363,364,373,402,417,419,429,433,441,443,483,493,511,526,588,593,599,615,625,636,637,678,679,690,697,698,701,707,725,737,749,768",0.000356411246720178,FALSE,60,0,78,60,18,0.769230769230769,1
"lasso.cv",85,500,0.33,"TRUE","TRUE","FALSE","18.1226206793249","12.0012050086778","6.12141567064715","7.227","0.272","0.703","1,2,3,4,5,6,7,8,9,10,11,12,13,14,15,16,17,18,20,36,47,63,84,90,96,98,100,120,151,154,162,171,175,183,188,190,232,241,273,311,324,328,357,406,436,438,446,451,460,474,478,483,519,523,543,551,558,583,588,613,621,628,658,662,685,694,703,707,726,732",0.000307522195039306,FALSE,52,0,70,52,18,0.742857142857143,1
"lasso.cv",86,500,0.33,"TRUE","TRUE","FALSE","18.1745793681368","11.0116650944105","7.16291427372633","8.085","0.287","0.795","1,2,3,4,5,6,7,8,9,10,11,12,13,14,15,16,17,18,23,32,42,72,81,97,114,116,122,125,141,148,150,157,163,170,215,218,226,241,258,260,278,325,328,332,362,374,382,384,392,394,405,441,458,459,474,483,498,500,507,509,510,523,526,553,564,569,578,586,673,693,708,743,753",0.000382019282647106,FALSE,55,0,73,55,18,0.753424657534247,1
"lasso.cv",87,500,0.33,"TRUE","TRUE","FALSE","18.1312701395135","12.0027225119514","6.12854762756212","7.617","0.261","0.665","1,2,3,4,5,6,7,8,9,10,11,12,13,14,15,16,17,18,21,39,43,44,47,67,69,77,87,107,110,113,121,184,217,248,256,268,277,278,301,308,312,313,353,358,359,373,401,436,474,477,488,508,517,539,542,551,557,560,567,574,584,597,604,620,624,645,650,668,681,691,693,699,713,722,723,747,758,768",0.000406287754235419,FALSE,60,0,78,60,18,0.769230769230769,1
"lasso.cv",88,500,0.33,"TRUE","TRUE","FALSE","18.1714846290205","11.8360939957043","6.33539063331621","8.468","0.265","0.719","1,2,3,4,5,6,7,8,9,10,11,12,13,14,15,16,17,18,20,21,23,34,67,73,76,82,90,95,173,178,184,194,203,248,284,331,364,378,392,395,401,419,464,468,478,518,534,563,566,581,613,616,696,699,707,751,764,767",0.000342771431208844,FALSE,40,0,58,40,18,0.689655172413793,1
"lasso.cv",89,500,0.33,"TRUE","TRUE","FALSE","18.1072731476511","12.0011919360523","6.10608121159878","7.447","0.274","0.828","1,2,3,4,5,6,7,8,9,10,11,12,13,14,15,16,17,18,47,52,73,82,88,89,101,117,144,187,197,202,204,228,235,247,250,258,299,300,307,335,360,365,374,397,416,421,435,476,486,503,548,556,567,581,620,652,654,655,657,695,703,704,724,737,761,766,767,768",0.000301259796070929,FALSE,50,0,68,50,18,0.735294117647059,1
"lasso.cv",9,500,0.33,"TRUE","TRUE","FALSE","18.1009902301141","13.0013675891546","5.09962264095956","8.96","0.33","0.788","1,2,3,4,5,6,7,8,9,10,11,12,13,14,15,16,17,18,20,30,80,81,83,85,86,105,110,123,144,154,162,163,192,215,230,235,250,288,322,354,368,373,421,434,456,460,462,475,477,514,519,526,533,546,559,561,563,571,595,600,612,617,618,629,642,644,665,695,699,705,711,740,741,764,768",0.0003110384183501,FALSE,57,0,75,57,18,0.76,1
"lasso.cv",90,500,0.33,"TRUE","TRUE","FALSE","18.1035543012733","15.001602027279","3.10195227399433","6.923","0.275","0.712","1,2,3,4,5,6,7,8,9,10,11,12,13,14,15,16,17,18,20,27,101,115,150,151,155,162,181,185,201,238,242,270,286,293,299,385,406,407,413,420,424,426,446,447,466,467,512,546,564,578,589,600,604,612,632,637,656,664,674,675,676,678,687,715,725,727,732,743,759",0.000436659785343914,FALSE,51,0,69,51,18,0.739130434782609,1
"lasso.cv",91,500,0.33,"TRUE","TRUE","FALSE","18.0717240384488","12.9296468911077","5.1420771473411","7.703","0.272","0.766","1,2,3,4,5,6,7,8,9,10,11,12,13,14,15,16,17,18,21,36,69,90,99,104,123,125,131,163,179,184,227,238,275,276,308,317,322,348,368,408,425,426,443,450,459,471,486,506,531,559,572,581,586,614,630,648,665,673,677,684,719,721,733,746,768",0.00048483838903456,FALSE,47,0,65,47,18,0.723076923076923,1
"lasso.cv",92,500,0.33,"TRUE","TRUE","FALSE","18.100669037239","12.0017257378467","6.09894329939229","7.097","0.261","0.692","1,2,3,4,5,6,7,8,9,10,11,12,13,14,15,16,17,18,30,34,46,62,75,85,90,99,101,105,136,144,148,178,190,208,230,236,238,279,302,304,307,324,403,406,408,414,420,425,444,463,476,483,513,522,535,539,543,567,570,592,601,602,620,632,638,658,664,676,691,706,731,761,763",0.000202670603558306,FALSE,55,0,73,55,18,0.753424657534247,1
"lasso.cv",93,500,0.33,"TRUE","TRUE","FALSE","18.9537718306521","12.0014863878155","6.95228544283659","8.393","0.276","0.681","1,2,3,4,5,6,7,8,9,10,11,12,13,14,15,16,17,18,38,55,61,63,82,86,94,100,102,109,124,129,142,148,154,168,202,204,216,244,246,247,277,291,301,306,333,337,342,343,350,379,384,396,403,414,420,430,438,439,449,479,511,520,534,540,543,559,574,590,593,622,654,669,686,691,713,738,741,768",0.0003184893003867,FALSE,60,0,78,60,18,0.769230769230769,1
"lasso.cv",94,500,0.33,"TRUE","TRUE","FALSE","17.707181479481","11.0016030035815","6.70557847589946","8.075","0.272","0.764","1,2,3,4,5,6,7,8,9,10,11,12,13,14,15,16,17,18,20,21,22,46,53,87,91,108,110,113,124,204,215,230,232,238,241,267,287,307,327,333,338,366,392,419,420,423,445,449,452,463,497,503,522,540,549,551,559,563,589,593,598,599,600,628,683,686,694",0.000240294853291961,FALSE,49,0,67,49,18,0.73134328358209,1
"lasso.cv",95,500,0.33,"TRUE","TRUE","FALSE","18.1684347463799","13.0011790223028","5.16725572407702","7.419","0.265","0.733","1,2,3,4,5,6,7,8,9,10,11,12,13,14,15,16,17,18,42,64,82,88,101,104,107,109,125,132,137,158,161,185,196,223,230,238,292,313,326,329,361,372,374,393,402,449,464,478,502,516,518,533,535,543,558,566,571,584,591,643,657,661,665,676,678,688,691,696,703,716,743,746,752,761,764,767",0.00044739267615165,FALSE,58,0,76,58,18,0.763157894736842,1
"lasso.cv",96,500,0.33,"TRUE","TRUE","FALSE","18.1332687082783","13.9847108850903","4.14855782318802","7.634","0.287","0.823","1,2,3,4,5,6,7,8,9,10,11,12,13,14,15,16,17,18,40,42,58,67,72,75,78,80,85,117,140,153,156,162,183,199,232,255,260,284,314,320,356,358,372,379,385,391,397,400,401,417,432,443,449,456,470,474,500,505,519,522,523,524,529,534,540,546,549,563,571,585,586,593,612,643,647,656,663,673,684,686,691,716,751,766",0.000471356315052207,FALSE,66,0,84,66,18,0.785714285714286,1
"lasso.cv",97,500,0.33,"TRUE","TRUE","FALSE","18.1015053378248","12.9988639082139","5.10264142961095","7.252","0.262","0.709","1,2,3,4,5,6,7,8,9,10,11,12,13,14,15,16,17,18,27,47,49,90,94,98,128,164,171,186,190,196,201,202,220,251,258,282,287,288,308,321,331,392,396,397,408,412,449,451,463,481,485,488,496,508,546,549,555,596,618,627,644,653,659,686,699,700,701,708,720,727,737,742,748",0.000299428122774371,FALSE,55,0,73,55,18,0.753424657534247,1
"lasso.cv",98,500,0.33,"TRUE","TRUE","FALSE","18.1584615501454","11.0043260094455","7.15413554069985","7.162","0.261","0.705","1,2,3,4,5,6,7,8,9,10,11,12,13,14,15,16,17,18,21,31,74,78,131,147,148,182,190,191,195,202,207,216,232,236,239,250,254,264,270,286,323,349,350,402,507,517,526,610,612,615,619,655,660,676,719,731",0.000401700595692854,FALSE,38,0,56,38,18,0.678571428571429,1
"lasso.cv",99,500,0.33,"TRUE","TRUE","FALSE","18.2076639305141","13.0014037276613","5.20626020285279","7.466","0.27","0.794","1,2,3,4,5,6,7,8,9,10,11,12,13,14,15,16,17,18,31,55,61,69,71,83,90,113,133,144,147,153,175,202,234,241,271,309,313,339,340,342,364,366,391,397,406,421,436,443,449,465,480,519,524,548,558,581,586,593,618,620,623,630,647,654,670,673,685,726,731,734,743,744,746,753,759",0.00050204095226513,FALSE,57,0,75,57,18,0.76,1
"S.A",1,500,0.33,"TRUE","TRUE","FALSE","17.1458920830486","9.02145605086877","8.12443603217979","9.274","0.278","0.902","2,3,4,5,6,7,8,9,10,11,12,13,14,15,16,17,18",0.00026092947660165,FALSE,0,1,17,0,17,0,0.944444444444444
"S.A",10,500,0.33,"TRUE","TRUE","FALSE","17.9387714435368","13.0015384510241","4.93723299251271","11.402","0.511","1.244","1,2,3,4,5,6,7,8,9,10,11,12,13,14,15,16,17,18",0.000146435277794301,TRUE,0,0,18,0,18,0,1
"S.A",100,500,0.33,"TRUE","TRUE","FALSE","18.0921069339882","12.0027799212978","6.08932701269041","7.302","0.264","0.743","1,2,3,4,5,6,7,8,9,10,11,12,13,14,15,16,17,18",6.88108450991756e-05,TRUE,0,0,18,0,18,0,1
"S.A",11,500,0.33,"TRUE","TRUE","FALSE","17.5408342430687","11.3886635481988","6.15217069486991","10.86","0.343","0.927","2,3,4,5,6,7,8,9,10,11,12,13,14,15,16,17,18",0.000240400244283063,FALSE,0,1,17,0,17,0,0.944444444444444
"S.A",12,500,0.33,"TRUE","TRUE","FALSE","18.1153649588782","13.0014281686894","5.11393679018882","10.091","0.304","1.046","1,2,3,4,5,6,7,8,9,10,11,12,13,14,15,16,17,18",0.000123846876081248,TRUE,0,0,18,0,18,0,1
"S.A",13,500,0.33,"TRUE","TRUE","FALSE","17.9093955597924","12.6613457801843","5.24804977960812","8.949","0.333","0.779","1,2,3,4,5,6,7,8,9,10,11,12,13,14,15,16,17,18",0.000117802260028476,TRUE,0,0,18,0,18,0,1
"S.A",14,500,0.33,"TRUE","TRUE","FALSE","17.497923025141","10.3898065422094","7.10811648293158","9.427","0.284","0.747","2,3,4,5,6,7,8,9,10,11,12,13,14,15,16,17,18",0.000244379274941565,FALSE,0,1,17,0,17,0,0.944444444444444
"S.A",15,500,0.33,"TRUE","TRUE","FALSE","18.1997607381729","12.0012654005279","6.19849533764502","9.044","0.325","0.974","1,2,3,4,5,6,7,8,9,10,11,12,13,14,15,16,17,18",7.9975906125065e-05,TRUE,0,0,18,0,18,0,1
"S.A",16,500,0.33,"TRUE","TRUE","FALSE","17.4989627516866","10.1333441813573","7.36561857032931","8.836","0.267","0.723","2,3,4,5,6,7,8,9,10,11,12,13,14,15,16,17,18",0.000240199120169725,FALSE,0,1,17,0,17,0,0.944444444444444
"S.A",17,500,0.33,"TRUE","TRUE","FALSE","18.1341395535671","11.9622006072383","6.17193894632877","8.575","0.334","0.986","1,2,3,4,5,6,7,8,9,10,11,12,13,14,15,16,17,18",0.00014292261113767,TRUE,0,0,18,0,18,0,1
"S.A",18,500,0.33,"TRUE","TRUE","FALSE","18.2222782025643","14.022489565661","4.19978863690335","9.449","0.299","0.768","1,2,3,4,5,6,7,8,9,10,11,12,13,14,15,16,17,18",9.42887131379683e-05,TRUE,0,0,18,0,18,0,1
"S.A",19,500,0.33,"TRUE","TRUE","FALSE","18.1539813991203","12.0062577184994","6.14772368062094","7.373","0.25","0.671","1,2,3,4,5,6,7,8,9,10,11,12,13,14,15,16,17,18",0.000113360707109755,TRUE,0,0,18,0,18,0,1
"S.A",2,500,0.33,"TRUE","TRUE","FALSE","18.1333305480413","10.0019924368064","8.13133811123499","8.823","0.355","0.881","1,2,3,4,5,6,7,8,9,10,11,12,13,14,15,16,17,18",5.21304148982777e-05,TRUE,0,0,18,0,18,0,1
"S.A",20,500,0.33,"TRUE","TRUE","FALSE","18.0774617082382","12.9845677056174","5.0928940026208","8.87","0.34","0.853","1,2,3,4,5,6,7,8,9,10,11,12,13,14,15,16,17,18",0.000107943929126394,TRUE,0,0,18,0,18,0,1
"S.A",21,500,0.33,"TRUE","TRUE","FALSE","18.1173213431007","10.0035295228326","8.11379182026813","7.455","0.353","0.843","1,2,3,4,5,6,7,8,9,10,11,12,13,14,15,16,17,18",0.000124847870917515,TRUE,0,0,18,0,18,0,1
"S.A",22,500,0.33,"TRUE","TRUE","FALSE","18.4512798964707","12.0014736875039","6.44980620896681","9.437","0.261","0.722","1,2,3,4,5,6,7,8,9,10,11,12,13,14,15,16,17,18",0.000147980294694451,TRUE,0,0,18,0,18,0,1
"S.A",23,500,0.33,"TRUE","TRUE","FALSE","18.1195886448298","15.0050352557283","3.11455338910156","7.674","0.284","0.789","1,2,3,4,5,6,7,8,9,10,11,12,13,14,15,16,17,18",4.12101604285384e-05,TRUE,0,0,18,0,18,0,1
"S.A",24,500,0.33,"TRUE","TRUE","FALSE","18.1205356009018","12.0025934690178","6.11794213188403","8.255","0.278","0.799","1,2,3,4,5,6,7,8,9,10,11,12,13,14,15,16,17,18",6.90886369077436e-05,TRUE,0,0,18,0,18,0,1
"S.A",25,500,0.33,"TRUE","TRUE","FALSE","18.1714354165711","12.0016844096015","6.16975100696968","8.293","0.285","0.754","1,2,3,4,5,6,7,8,9,10,11,12,13,14,15,16,17,18",8.03923491753404e-05,TRUE,0,0,18,0,18,0,1
"S.A",26,500,0.33,"TRUE","TRUE","FALSE","18.2060960358114","14.0010838728338","4.20501216297761","9.486","0.285","0.752","1,2,3,4,5,6,7,8,9,10,11,12,13,14,15,16,17,18",0.000115678019293571,TRUE,0,0,18,0,18,0,1
"S.A",27,500,0.33,"TRUE","TRUE","FALSE","18.1462188886286","14.0023876104165","4.14383127821211","8.097","0.267","0.725","1,2,3,4,5,6,7,8,9,10,11,12,13,14,15,16,17,18",5.76849327892292e-05,TRUE,0,0,18,0,18,0,1
"S.A",28,500,0.33,"TRUE","TRUE","FALSE","17.7365520976883","13.5253748616647","4.21117723602366","11.71","0.307","0.917","1,2,3,4,5,6,7,8,9,10,11,12,13,14,15,16,17,18",8.69387951122616e-05,TRUE,0,0,18,0,18,0,1
"S.A",29,500,0.33,"TRUE","TRUE","FALSE","17.263480769356","13.0689737201204","4.19450704923561","10.128","0.428","1.669","2,3,4,5,6,7,8,9,10,11,12,13,14,15,16,17,18",0.000232665926687055,FALSE,0,1,17,0,17,0,0.944444444444444
"S.A",3,500,0.33,"TRUE","TRUE","FALSE","18.0895265612141","12.0020375970708","6.08748896414331","8.065","0.348","0.961","1,2,3,4,5,6,7,8,9,10,11,12,13,14,15,16,17,18",0.000145284346660375,TRUE,0,0,18,0,18,0,1
"S.A",30,500,0.33,"TRUE","TRUE","FALSE","18.156081952173","12.9944238012122","5.16165815096078","8.778","0.316","0.951","1,2,3,4,5,6,7,8,9,10,11,12,13,14,15,16,17,18",4.11429476374415e-05,TRUE,0,0,18,0,18,0,1
"S.A",31,500,0.33,"TRUE","TRUE","FALSE","18.1331407592421","13.0006674696476","5.13247328959454","8.473","0.351","0.975","1,2,3,4,5,6,7,8,9,10,11,12,13,14,15,16,17,18",7.62189424189332e-05,TRUE,0,0,18,0,18,0,1
"S.A",32,500,0.33,"TRUE","TRUE","FALSE","18.1775636477685","11.0006053575495","7.17695829021904","9.873","0.395","1.137","1,2,3,4,5,6,7,8,9,10,11,12,13,14,15,16,17,18",0.000178521160657503,TRUE,0,0,18,0,18,0,1
"S.A",33,500,0.33,"TRUE","TRUE","FALSE","17.173974438542","13.0015962957545","4.17237814278753","8.802","0.288","0.733","2,3,4,5,6,7,8,9,10,11,12,13,14,15,16,17,18",0.000253151143561942,FALSE,0,1,17,0,17,0,0.944444444444444
"S.A",34,500,0.33,"TRUE","TRUE","FALSE","18.1962278320779","12.0034348035819","6.19279302849594","10.489","0.345","0.891","1,2,3,4,5,6,7,8,9,10,11,12,13,14,15,16,17,18",7.3979356140611e-05,TRUE,0,0,18,0,18,0,1
"S.A",35,500,0.33,"TRUE","TRUE","FALSE","18.021426860684","12.9156777336297","5.10574912705437","9.184","0.33","0.856","1,2,3,4,5,6,7,8,9,10,11,12,13,14,15,16,17,18",0.000165682331047338,TRUE,0,0,18,0,18,0,1
"S.A",36,500,0.33,"TRUE","TRUE","FALSE","18.1115446952036","13.0011657777272","5.1103789174764","9.232","0.364","0.953","1,2,3,4,5,6,7,8,9,10,11,12,13,14,15,16,17,18",0.000128446967464269,TRUE,0,0,18,0,18,0,1
"S.A",37,500,0.33,"TRUE","TRUE","FALSE","17.2147525337101","14.0030612764077","3.21169125730241","9.394","0.296","0.85","2,3,4,5,6,7,8,9,10,11,12,13,14,15,16,17,18",0.000222814690512317,FALSE,0,1,17,0,17,0,0.944444444444444
"S.A",38,500,0.33,"TRUE","TRUE","FALSE","18.9450794979983","12.002008491525","6.9430710064733","10.554","0.319","0.794","1,2,3,4,5,6,7,8,9,10,11,12,13,14,15,16,17,18,112",0.000233693518038838,FALSE,1,0,19,1,18,0.0526315789473684,1
"S.A",39,500,0.33,"TRUE","TRUE","FALSE","18.3049433252513","11.0022836843798","7.30265964087151","9.685","0.297","0.85","1,2,3,4,5,6,7,8,9,10,11,12,13,14,15,16,17,18",5.33486356099348e-05,TRUE,0,0,18,0,18,0,1
"S.A",4,500,0.33,"TRUE","TRUE","FALSE","18.0424837544688","11.8784284498684","6.1640553046004","9.764","0.322","1.118","1,2,3,4,5,6,7,8,9,10,11,12,13,14,15,16,17,18",9.62564972015002e-05,TRUE,0,0,18,0,18,0,1
"S.A",40,500,0.33,"TRUE","TRUE","FALSE","18.0900897573343","10.9915214976366","7.09856825969766","9.47","0.317","0.831","1,2,3,4,5,6,7,8,9,10,11,12,13,14,15,16,17,18",0.000112571685507961,TRUE,0,0,18,0,18,0,1
"S.A",41,500,0.33,"TRUE","TRUE","FALSE","17.2290650549063","12.0015971646224","5.22746789028392","9.314","0.319","0.792","2,3,4,5,6,7,8,9,10,11,12,13,14,15,16,17,18",0.000241853809204946,FALSE,0,1,17,0,17,0,0.944444444444444
"S.A",42,500,0.33,"TRUE","TRUE","FALSE","18.1346687000823","14.0023553301298","4.13231336995253","10.968","0.469","1.12","1,2,3,4,5,6,7,8,9,10,11,12,13,14,15,16,17,18",9.74762689167971e-05,TRUE,0,0,18,0,18,0,1
"S.A",43,500,0.33,"TRUE","TRUE","FALSE","18.1335812777814","12.9941327859088","5.13944849187265","9.542","0.343","0.901","1,2,3,4,5,6,7,8,9,10,11,12,13,14,15,16,17,18",0.000123007929124475,TRUE,0,0,18,0,18,0,1
"S.A",44,500,0.33,"TRUE","TRUE","FALSE","18.1233960649366","12.0017603561435","6.12163570879303","9.87","0.289","0.75","1,2,3,4,5,6,7,8,9,10,11,12,13,14,15,16,17,18",7.44869907791971e-05,TRUE,0,0,18,0,18,0,1
"S.A",45,500,0.33,"TRUE","TRUE","FALSE","18.0887239059044","11.9985720848822","6.09015182102221","6.956","0.263","0.726","1,2,3,4,5,6,7,8,9,10,11,12,13,14,15,16,17,18",4.59574620877704e-05,TRUE,0,0,18,0,18,0,1
"S.A",46,500,0.33,"TRUE","TRUE","FALSE","18.1086531811987","12.9995503894804","5.10910279171835","8.125","0.346","0.883","1,2,3,4,5,6,7,8,9,10,11,12,13,14,15,16,17,18",9.66567245339234e-05,TRUE,0,0,18,0,18,0,1
"S.A",47,500,0.33,"TRUE","TRUE","FALSE","18.1767775805975","12.0020558785168","6.17472170208068","10.22","0.392","0.955","1,2,3,4,5,6,7,8,9,10,11,12,13,14,15,16,17,18",4.8861813783963e-05,TRUE,0,0,18,0,18,0,1
"S.A",48,500,0.33,"TRUE","TRUE","FALSE","18.2038185885559","13.0042473508406","5.19957123771528","10.296","0.365","0.78","1,2,3,4,5,6,7,8,9,10,11,12,13,14,15,16,17,18",5.23369072586314e-05,TRUE,0,0,18,0,18,0,1
"S.A",49,500,0.33,"TRUE","TRUE","FALSE","18.0985482418792","11.9896416942506","6.10890654762859","7.959","0.321","0.741","1,2,3,4,5,6,7,8,9,10,11,12,13,14,15,16,17,18",0.000134887910707364,TRUE,0,0,18,0,18,0,1
"S.A",5,500,0.33,"TRUE","TRUE","FALSE","18.1833802134925","11.0025435477342","7.18083666575838","11.748","0.42","1.24","1,2,3,4,5,6,7,8,9,10,11,12,13,14,15,16,17,18",0.000131323912877904,TRUE,0,0,18,0,18,0,1
"S.A",50,500,0.33,"TRUE","TRUE","FALSE","17.1447869218311","11.0103601268017","6.13442679502942","7.694","0.294","0.77","2,3,4,5,6,7,8,9,10,11,12,13,14,15,16,17,18",0.000254164522616149,FALSE,0,1,17,0,17,0,0.944444444444444
"S.A",51,500,0.33,"TRUE","TRUE","FALSE","18.0644175644959","11.9469196167879","6.11749794770794","8.362","0.31","0.853","1,2,3,4,5,6,7,8,9,10,11,12,13,14,15,16,17,18",9.31619368663755e-05,TRUE,0,0,18,0,18,0,1
"S.A",52,500,0.33,"TRUE","TRUE","FALSE","17.7459631541169","11.6010751284157","6.14488802570119","12.864","0.313","0.851","1,2,3,4,5,6,7,8,9,10,11,12,13,14,15,16,17,18",0.000137340191700768,TRUE,0,0,18,0,18,0,1
"S.A",53,500,0.33,"TRUE","TRUE","FALSE","17.7350183126398","11.6257315863468","6.10928672629301","8.528","0.333","0.857","1,2,3,4,5,6,7,8,9,10,11,12,13,14,15,16,17,18",9.03752537891087e-05,TRUE,0,0,18,0,18,0,1
"S.A",54,500,0.33,"TRUE","TRUE","FALSE","18.6454636953532","13.0015683374252","5.64389535792799","12.929","0.362","1.031","1,2,3,4,5,6,7,8,9,10,11,12,13,14,15,16,17,18",9.94331709728753e-05,TRUE,0,0,18,0,18,0,1
"S.A",55,500,0.33,"TRUE","TRUE","FALSE","18.2235098183901","12.0013874270544","6.22212239133566","8.651","0.456","0.79","1,2,3,4,5,6,7,8,9,10,11,12,13,14,15,16,17,18",7.03028949314991e-05,TRUE,0,0,18,0,18,0,1
"S.A",56,500,0.33,"TRUE","TRUE","FALSE","18.0309268858936","12.0021657372085","6.02876114868508","9.411","0.264","0.672","1,2,3,4,5,6,7,8,9,10,11,12,13,14,15,16,17,18",7.74334750210739e-05,TRUE,0,0,18,0,18,0,1
"S.A",57,500,0.33,"TRUE","TRUE","FALSE","17.7040276815791","12.0037139830483","5.70031369853088","11.105","0.411","0.99","1,2,3,4,5,6,7,8,9,10,11,12,13,14,15,16,17,18",0.000107951441668437,TRUE,0,0,18,0,18,0,1
"S.A",58,500,0.33,"TRUE","TRUE","FALSE","18.2781691695659","11.0009830360846","7.27718613348135","9.453","0.302","0.788","1,2,3,4,5,6,7,8,9,10,11,12,13,14,15,16,17,18",9.49765672950818e-05,TRUE,0,0,18,0,18,0,1
"S.A",59,500,0.33,"TRUE","TRUE","FALSE","18.265529580269","13.00196947145","5.26356010881901","7.94","0.278","0.837","1,2,3,4,5,6,7,8,9,10,11,12,13,14,15,16,17,18",5.80260637487422e-05,TRUE,0,0,18,0,18,0,1
"S.A",6,500,0.33,"TRUE","TRUE","FALSE","18.1382488187824","13.0015038406454","5.13674497813699","8.971","0.319","0.857","1,2,3,4,5,6,7,8,9,10,11,12,13,14,15,16,17,18",6.76692542879292e-05,TRUE,0,0,18,0,18,0,1
"S.A",60,500,0.33,"TRUE","TRUE","FALSE","18.2005854340746","13.0015583320002","5.1990271020744","7.752","0.258","0.701","1,2,3,4,5,6,7,8,9,10,11,12,13,14,15,16,17,18",0.000103855184551598,TRUE,0,0,18,0,18,0,1
"S.A",61,500,0.33,"TRUE","TRUE","FALSE","18.1281543234173","11.0050403341728","7.12311398924453","8.898","0.45","1.149","1,2,3,4,5,6,7,8,9,10,11,12,13,14,15,16,17,18",7.64135546863844e-05,TRUE,0,0,18,0,18,0,1
"S.A",62,500,0.33,"TRUE","TRUE","FALSE","18.3087029800623","13.0012930861224","5.30740989393994","10.71","0.324","0.856","1,2,3,4,5,6,7,8,9,10,11,12,13,14,15,16,17,18",7.26233195875515e-05,TRUE,0,0,18,0,18,0,1
"S.A",63,500,0.33,"TRUE","TRUE","FALSE","18.0296079242963","11.8978796065061","6.13172831779019","12.115","0.453","1.247","1,2,3,4,5,6,7,8,9,10,11,12,13,14,15,16,17,18",0.000101064676752946,TRUE,0,0,18,0,18,0,1
"S.A",64,500,0.33,"TRUE","TRUE","FALSE","18.1252001276612","12.9424778865832","5.18272224107798","8.679","0.27","0.71","1,2,3,4,5,6,7,8,9,10,11,12,13,14,15,16,17,18",9.02903829840405e-05,TRUE,0,0,18,0,18,0,1
"S.A",65,500,0.33,"TRUE","TRUE","FALSE","18.1020891145594","12.9987294502108","5.10335966434863","11.345","0.429","1.241","1,2,3,4,5,6,7,8,9,10,11,12,13,14,15,16,17,18",5.29841921829257e-05,TRUE,0,0,18,0,18,0,1
"S.A",66,500,0.33,"TRUE","TRUE","FALSE","18.1441281388126","12.0015140349089","6.14261410390376","11.789","0.401","1.075","1,2,3,4,5,6,7,8,9,10,11,12,13,14,15,16,17,18",9.15684604123092e-05,TRUE,0,0,18,0,18,0,1
"S.A",67,500,0.33,"TRUE","TRUE","FALSE","17.1502147368702","14.0017300902331","3.14848464663712","9.776","0.414","1.111","2,3,4,5,6,7,8,9,10,11,12,13,14,15,16,17,18",0.000208311565664264,FALSE,0,1,17,0,17,0,0.944444444444444
"S.A",68,500,0.33,"TRUE","TRUE","FALSE","18.1116394423315","14.0007048636412","4.11093457869035","11.15","0.387","1.002","1,2,3,4,5,6,7,8,9,10,11,12,13,14,15,16,17,18",0.000111141857099474,TRUE,0,0,18,0,18,0,1
"S.A",69,500,0.33,"TRUE","TRUE","FALSE","18.1143582371942","12.0017929872365","6.11256524995774","9.847","0.374","0.868","1,2,3,4,5,6,7,8,9,10,11,12,13,14,15,16,17,18",7.99689356862663e-05,TRUE,0,0,18,0,18,0,1
"S.A",7,500,0.33,"TRUE","TRUE","FALSE","17.6605171717907","11.001889249506","6.65862792228472","9.841","0.3","0.816","1,2,3,4,5,6,7,8,9,10,11,12,13,14,15,16,17,18",0.000116415821790794,TRUE,0,0,18,0,18,0,1
"S.A",70,500,0.33,"TRUE","TRUE","FALSE","17.5296421137171","11.407697721407","6.12194439231005","9.692","0.324","1.019","2,3,4,5,6,7,8,9,10,11,12,13,14,15,16,17,18",0.000244719415645413,FALSE,0,1,17,0,17,0,0.944444444444444
"S.A",71,500,0.33,"TRUE","TRUE","FALSE","18.1247302959731","13.0021204643949","5.12260983157821","7.927","0.301","0.8","1,2,3,4,5,6,7,8,9,10,11,12,13,14,15,16,17,18",6.46879616555061e-05,TRUE,0,0,18,0,18,0,1
"S.A",72,500,0.33,"TRUE","TRUE","FALSE","18.1548539902162","13.0174082439899","5.13744574622629","9.672","0.341","0.952","1,2,3,4,5,6,7,8,9,10,11,12,13,14,15,16,17,18",0.000108388290277492,TRUE,0,0,18,0,18,0,1
"S.A",73,500,0.33,"TRUE","TRUE","FALSE","18.1094539304054","12.9887290181858","5.12072491221952","9.478","0.377","0.949","1,2,3,4,5,6,7,8,9,10,11,12,13,14,15,16,17,18",0.000142052266551516,TRUE,0,0,18,0,18,0,1
"S.A",74,500,0.33,"TRUE","TRUE","FALSE","18.1906277860851","12.9994049440069","5.19122284207816","7.916","0.319","1.089","1,2,3,4,5,6,7,8,9,10,11,12,13,14,15,16,17,18",8.851812904965e-05,TRUE,0,0,18,0,18,0,1
"S.A",75,500,0.33,"TRUE","TRUE","FALSE","18.1824621645363","13.0013117908869","5.18115037364949","9.398","0.299","0.875","1,2,3,4,5,6,7,8,9,10,11,12,13,14,15,16,17,18",0.0001050366407676,TRUE,0,0,18,0,18,0,1
"S.A",76,500,0.33,"TRUE","TRUE","FALSE","18.2747343795101","11.0033447170894","7.27138966242075","9.979","0.312","0.791","1,2,3,4,5,6,7,8,9,10,11,12,13,14,15,16,17,18",0.000120041985342724,TRUE,0,0,18,0,18,0,1
"S.A",77,500,0.33,"TRUE","TRUE","FALSE","18.1724466270611","13.0216392085286","5.15080741853244","8.773","0.349","0.952","1,2,3,4,5,6,7,8,9,10,11,12,13,14,15,16,17,18",6.89173222751968e-05,TRUE,0,0,18,0,18,0,1
"S.A",78,500,0.33,"TRUE","TRUE","FALSE","18.1147423296046","12.9669775894379","5.14776474016668","11.033","0.326","1.15","1,2,3,4,5,6,7,8,9,10,11,12,13,14,15,16,17,18",8.54673960374799e-05,TRUE,0,0,18,0,18,0,1
"S.A",79,500,0.33,"TRUE","TRUE","FALSE","18.1280730367632","13.9932360398209","4.13483699694229","12.109","0.395","1.168","1,2,3,4,5,6,7,8,9,10,11,12,13,14,15,16,17,18",0.000125322504404988,TRUE,0,0,18,0,18,0,1
"S.A",8,500,0.33,"TRUE","TRUE","FALSE","18.1292659635345","9.99948752476369","8.12977843877085","8.996","0.358","1.119","1,2,3,4,5,6,7,8,9,10,11,12,13,14,15,16,17,18",7.85936481301359e-05,TRUE,0,0,18,0,18,0,1
"S.A",80,500,0.33,"TRUE","TRUE","FALSE","18.0880504102027","11.9751114521897","6.11293895801304","10.623","0.405","0.95","1,2,3,4,5,6,7,8,9,10,11,12,13,14,15,16,17,18",9.59335537672907e-05,TRUE,0,0,18,0,18,0,1
"S.A",81,500,0.33,"TRUE","TRUE","FALSE","18.1366435979595","11.9788105253022","6.15783307265724","10.563","0.3","0.906","1,2,3,4,5,6,7,8,9,10,11,12,13,14,15,16,17,18",5.15086264507538e-05,TRUE,0,0,18,0,18,0,1
"S.A",82,500,0.33,"TRUE","TRUE","FALSE","17.7205546104938","12.5914732522661","5.12908135822778","11.655","0.38","1.104","1,2,3,4,5,6,7,8,9,10,11,12,13,14,15,16,17,18",7.85021504478246e-05,TRUE,0,0,18,0,18,0,1
"S.A",83,500,0.33,"TRUE","TRUE","FALSE","18.1847879357955","13.0084911854176","5.17629675037784","11.41","0.281","0.763","1,2,3,4,5,6,7,8,9,10,11,12,13,14,15,16,17,18",8.26240545666832e-05,TRUE,0,0,18,0,18,0,1
"S.A",84,500,0.33,"TRUE","TRUE","FALSE","18.2457577686492","12.0014438280425","6.24431394060668","7.594","0.261","0.715","1,2,3,4,5,6,7,8,9,10,11,12,13,14,15,16,17,18",7.87840998700712e-05,TRUE,0,0,18,0,18,0,1
"S.A",85,500,0.33,"TRUE","TRUE","FALSE","18.1226206793249","12.0012050086778","6.12141567064715","7.227","0.272","0.703","1,2,3,4,5,6,7,8,9,10,11,12,13,14,15,16,17,18",4.14147605825398e-05,TRUE,0,0,18,0,18,0,1
"S.A",86,500,0.33,"TRUE","TRUE","FALSE","18.1745793681368","11.0116650944105","7.16291427372633","8.085","0.287","0.795","1,2,3,4,5,6,7,8,9,10,11,12,13,14,15,16,17,18",0.00011186413565769,TRUE,0,0,18,0,18,0,1
"S.A",87,500,0.33,"TRUE","TRUE","FALSE","18.1312701395135","12.0027225119514","6.12854762756212","7.617","0.261","0.665","1,2,3,4,5,6,7,8,9,10,11,12,13,14,15,16,17,18",0.000164222491642198,TRUE,0,0,18,0,18,0,1
"S.A",88,500,0.33,"TRUE","TRUE","FALSE","18.1714846290205","11.8360939957043","6.33539063331621","8.468","0.265","0.719","1,2,3,4,5,6,7,8,9,10,11,12,13,14,15,16,17,18",7.75715778916075e-05,TRUE,0,0,18,0,18,0,1
"S.A",89,500,0.33,"TRUE","TRUE","FALSE","18.1072731476511","12.0011919360523","6.10608121159878","7.447","0.274","0.828","1,2,3,4,5,6,7,8,9,10,11,12,13,14,15,16,17,18",5.2742964349755e-05,TRUE,0,0,18,0,18,0,1
"S.A",9,500,0.33,"TRUE","TRUE","FALSE","18.1009902301141","13.0013675891546","5.09962264095956","8.96","0.33","0.788","1,2,3,4,5,6,7,8,9,10,11,12,13,14,15,16,17,18",5.05264041344117e-05,TRUE,0,0,18,0,18,0,1
"S.A",90,500,0.33,"TRUE","TRUE","FALSE","18.1035543012733","15.001602027279","3.10195227399433","6.923","0.275","0.712","1,2,3,4,5,6,7,8,9,10,11,12,13,14,15,16,17,18",0.000153477047669363,TRUE,0,0,18,0,18,0,1
"S.A",91,500,0.33,"TRUE","TRUE","FALSE","18.0717240384488","12.9296468911077","5.1420771473411","7.703","0.272","0.766","1,2,3,4,5,6,7,8,9,10,11,12,13,14,15,16,17,18",0.000101204206444053,TRUE,0,0,18,0,18,0,1
"S.A",92,500,0.33,"TRUE","TRUE","FALSE","18.100669037239","12.0017257378467","6.09894329939229","7.097","0.261","0.692","1,2,3,4,5,6,7,8,9,10,11,12,13,14,15,16,17,18",4.70958801851421e-05,TRUE,0,0,18,0,18,0,1
"S.A",93,500,0.33,"TRUE","TRUE","FALSE","18.9537718306521","12.0014863878155","6.95228544283659","8.393","0.276","0.681","1,2,3,4,5,6,7,8,9,10,11,12,13,14,15,16,17,18,396",0.000176069456157451,FALSE,1,0,19,1,18,0.0526315789473684,1
"S.A",94,500,0.33,"TRUE","TRUE","FALSE","17.707181479481","11.0016030035815","6.70557847589946","8.075","0.272","0.764","1,2,3,4,5,6,7,8,9,10,11,12,13,14,15,16,17,18",5.41961816866627e-05,TRUE,0,0,18,0,18,0,1
"S.A",95,500,0.33,"TRUE","TRUE","FALSE","18.1684347463799","13.0011790223028","5.16725572407702","7.419","0.265","0.733","1,2,3,4,5,6,7,8,9,10,11,12,13,14,15,16,17,18",0.000108068922537548,TRUE,0,0,18,0,18,0,1
"S.A",96,500,0.33,"TRUE","TRUE","FALSE","18.1332687082783","13.9847108850903","4.14855782318802","7.634","0.287","0.823","1,2,3,4,5,6,7,8,9,10,11,12,13,14,15,16,17,18",7.81621249403538e-05,TRUE,0,0,18,0,18,0,1
"S.A",97,500,0.33,"TRUE","TRUE","FALSE","18.1015053378248","12.9988639082139","5.10264142961095","7.252","0.262","0.709","1,2,3,4,5,6,7,8,9,10,11,12,13,14,15,16,17,18",0.000108467111178108,TRUE,0,0,18,0,18,0,1
"S.A",98,500,0.33,"TRUE","TRUE","FALSE","18.1584615501454","11.0043260094455","7.15413554069985","7.162","0.261","0.705","1,2,3,4,5,6,7,8,9,10,11,12,13,14,15,16,17,18",8.40510373356616e-05,TRUE,0,0,18,0,18,0,1
"S.A",99,500,0.33,"TRUE","TRUE","FALSE","18.2076639305141","13.0014037276613","5.20626020285279","7.466","0.27","0.794","1,2,3,4,5,6,7,8,9,10,11,12,13,14,15,16,17,18",9.69272505035634e-05,TRUE,0,0,18,0,18,0,1
"S.A.b",1,500,0.33,"TRUE","TRUE","FALSE","17.1458920830486","9.02145605086877","8.12443603217979","9.274","0.278","0.902","1,2,3,4,5,6,7,8,9,10,11,12,13,14,15,16,17,18",0.000132927697543586,TRUE,0,0,18,0,18,0,1
"S.A.b",10,500,0.33,"TRUE","TRUE","FALSE","17.9387714435368","13.0015384510241","4.93723299251271","11.402","0.511","1.244","1,2,3,4,5,6,7,8,9,10,11,12,13,14,15,16,17,18",0.000146435277794301,TRUE,0,0,18,0,18,0,1
"S.A.b",100,500,0.33,"TRUE","TRUE","FALSE","18.0921069339882","12.0027799212978","6.08932701269041","7.302","0.264","0.743","1,2,3,4,5,6,7,8,9,10,11,12,13,14,15,16,17,18",6.88108450991756e-05,TRUE,0,0,18,0,18,0,1
"S.A.b",11,500,0.33,"TRUE","TRUE","FALSE","17.5408342430687","11.3886635481988","6.15217069486991","10.86","0.343","0.927","1,2,3,4,5,6,7,8,9,10,11,12,13,14,15,16,17,18",0.000114520631031029,TRUE,0,0,18,0,18,0,1
"S.A.b",12,500,0.33,"TRUE","TRUE","FALSE","18.1153649588782","13.0014281686894","5.11393679018882","10.091","0.304","1.046","1,2,3,4,5,6,7,8,9,10,11,12,13,14,15,16,17,18",0.000123846876081248,TRUE,0,0,18,0,18,0,1
"S.A.b",13,500,0.33,"TRUE","TRUE","FALSE","17.9093955597924","12.6613457801843","5.24804977960812","8.949","0.333","0.779","1,2,3,4,5,6,7,8,9,10,11,12,13,14,15,16,17,18",0.000117802260028476,TRUE,0,0,18,0,18,0,1
"S.A.b",14,500,0.33,"TRUE","TRUE","FALSE","17.497923025141","10.3898065422094","7.10811648293158","9.427","0.284","0.747","1,2,3,4,5,6,7,8,9,10,11,12,13,14,15,16,17,18",0.000109686400279826,TRUE,0,0,18,0,18,0,1
"S.A.b",15,500,0.33,"TRUE","TRUE","FALSE","18.1997607381729","12.0012654005279","6.19849533764502","9.044","0.325","0.974","1,2,3,4,5,6,7,8,9,10,11,12,13,14,15,16,17,18",7.9975906125065e-05,TRUE,0,0,18,0,18,0,1
"S.A.b",16,500,0.33,"TRUE","TRUE","FALSE","17.4989627516866","10.1333441813573","7.36561857032931","8.836","0.267","0.723","1,2,3,4,5,6,7,8,9,10,11,12,13,14,15,16,17,18",9.73505534590004e-05,TRUE,0,0,18,0,18,0,1
"S.A.b",17,500,0.33,"TRUE","TRUE","FALSE","18.1341395535671","11.9622006072383","6.17193894632877","8.575","0.334","0.986","1,2,3,4,5,6,7,8,9,10,11,12,13,14,15,16,17,18",0.00014292261113767,TRUE,0,0,18,0,18,0,1
"S.A.b",18,500,0.33,"TRUE","TRUE","FALSE","18.2222782025643","14.022489565661","4.19978863690335","9.449","0.299","0.768","1,2,3,4,5,6,7,8,9,10,11,12,13,14,15,16,17,18,26",0.000146262903550941,FALSE,1,0,19,1,18,0.0526315789473684,1
"S.A.b",19,500,0.33,"TRUE","TRUE","FALSE","18.1539813991203","12.0062577184994","6.14772368062094","7.373","0.25","0.671","1,2,3,4,5,6,7,8,9,10,11,12,13,14,15,16,17,18",0.000113360707109755,TRUE,0,0,18,0,18,0,1
"S.A.b",2,500,0.33,"TRUE","TRUE","FALSE","18.1333305480413","10.0019924368064","8.13133811123499","8.823","0.355","0.881","1,2,3,4,5,6,7,8,9,10,11,12,13,14,15,16,17,18",5.21304148982777e-05,TRUE,0,0,18,0,18,0,1
"S.A.b",20,500,0.33,"TRUE","TRUE","FALSE","18.0774617082382","12.9845677056174","5.0928940026208","8.87","0.34","0.853","1,2,3,4,5,6,7,8,9,10,11,12,13,14,15,16,17,18",0.000107943929126394,TRUE,0,0,18,0,18,0,1
"S.A.b",21,500,0.33,"TRUE","TRUE","FALSE","18.1173213431007","10.0035295228326","8.11379182026813","7.455","0.353","0.843","1,2,3,4,5,6,7,8,9,10,11,12,13,14,15,16,17,18",0.000124847870917515,TRUE,0,0,18,0,18,0,1
"S.A.b",22,500,0.33,"TRUE","TRUE","FALSE","18.4512798964707","12.0014736875039","6.44980620896681","9.437","0.261","0.722","1,2,3,4,5,6,7,8,9,10,11,12,13,14,15,16,17,18",0.000147980294694451,TRUE,0,0,18,0,18,0,1
"S.A.b",23,500,0.33,"TRUE","TRUE","FALSE","18.1195886448298","15.0050352557283","3.11455338910156","7.674","0.284","0.789","1,2,3,4,5,6,7,8,9,10,11,12,13,14,15,16,17,18",4.12101604285384e-05,TRUE,0,0,18,0,18,0,1
"S.A.b",24,500,0.33,"TRUE","TRUE","FALSE","18.1205356009018","12.0025934690178","6.11794213188403","8.255","0.278","0.799","1,2,3,4,5,6,7,8,9,10,11,12,13,14,15,16,17,18",6.90886369077436e-05,TRUE,0,0,18,0,18,0,1
"S.A.b",25,500,0.33,"TRUE","TRUE","FALSE","18.1714354165711","12.0016844096015","6.16975100696968","8.293","0.285","0.754","1,2,3,4,5,6,7,8,9,10,11,12,13,14,15,16,17,18",8.03923491753404e-05,TRUE,0,0,18,0,18,0,1
"S.A.b",26,500,0.33,"TRUE","TRUE","FALSE","18.2060960358114","14.0010838728338","4.20501216297761","9.486","0.285","0.752","1,2,3,4,5,6,7,8,9,10,11,12,13,14,15,16,17,18",0.000115678019293571,TRUE,0,0,18,0,18,0,1
"S.A.b",27,500,0.33,"TRUE","TRUE","FALSE","18.1462188886286","14.0023876104165","4.14383127821211","8.097","0.267","0.725","1,2,3,4,5,6,7,8,9,10,11,12,13,14,15,16,17,18",5.76849327892292e-05,TRUE,0,0,18,0,18,0,1
"S.A.b",28,500,0.33,"TRUE","TRUE","FALSE","17.7365520976883","13.5253748616647","4.21117723602366","11.71","0.307","0.917","1,2,3,4,5,6,7,8,9,10,11,12,13,14,15,16,17,18",8.69387951122616e-05,TRUE,0,0,18,0,18,0,1
"S.A.b",29,500,0.33,"TRUE","TRUE","FALSE","17.263480769356","13.0689737201204","4.19450704923561","10.128","0.428","1.669","1,2,3,4,5,6,7,8,9,10,11,12,13,14,15,16,17,18",9.44789837089155e-05,TRUE,0,0,18,0,18,0,1
"S.A.b",3,500,0.33,"TRUE","TRUE","FALSE","18.0895265612141","12.0020375970708","6.08748896414331","8.065","0.348","0.961","1,2,3,4,5,6,7,8,9,10,11,12,13,14,15,16,17,18",0.000145284346660375,TRUE,0,0,18,0,18,0,1
"S.A.b",30,500,0.33,"TRUE","TRUE","FALSE","18.156081952173","12.9944238012122","5.16165815096078","8.778","0.316","0.951","1,2,3,4,5,6,7,8,9,10,11,12,13,14,15,16,17,18",4.11429476374415e-05,TRUE,0,0,18,0,18,0,1
"S.A.b",31,500,0.33,"TRUE","TRUE","FALSE","18.1331407592421","13.0006674696476","5.13247328959454","8.473","0.351","0.975","1,2,3,4,5,6,7,8,9,10,11,12,13,14,15,16,17,18",7.62189424189332e-05,TRUE,0,0,18,0,18,0,1
"S.A.b",32,500,0.33,"TRUE","TRUE","FALSE","18.1775636477685","11.0006053575495","7.17695829021904","9.873","0.395","1.137","1,2,3,4,5,6,7,8,9,10,11,12,13,14,15,16,17,18",0.000178521160657503,TRUE,0,0,18,0,18,0,1
"S.A.b",33,500,0.33,"TRUE","TRUE","FALSE","17.173974438542","13.0015962957545","4.17237814278753","8.802","0.288","0.733","2,3,4,5,6,7,8,9,10,11,12,13,14,15,16,17,18",0.000253151143561942,FALSE,0,1,17,0,17,0,0.944444444444444
"S.A.b",34,500,0.33,"TRUE","TRUE","FALSE","18.1962278320779","12.0034348035819","6.19279302849594","10.489","0.345","0.891","1,2,3,4,5,6,7,8,9,10,11,12,13,14,15,16,17,18",7.3979356140611e-05,TRUE,0,0,18,0,18,0,1
"S.A.b",35,500,0.33,"TRUE","TRUE","FALSE","18.021426860684","12.9156777336297","5.10574912705437","9.184","0.33","0.856","1,2,3,4,5,6,7,8,9,10,11,12,13,14,15,16,17,18",0.000165682331047338,TRUE,0,0,18,0,18,0,1
"S.A.b",36,500,0.33,"TRUE","TRUE","FALSE","18.1115446952036","13.0011657777272","5.1103789174764","9.232","0.364","0.953","1,2,3,4,5,6,7,8,9,10,11,12,13,14,15,16,17,18",0.000128446967464269,TRUE,0,0,18,0,18,0,1
"S.A.b",37,500,0.33,"TRUE","TRUE","FALSE","17.2147525337101","14.0030612764077","3.21169125730241","9.394","0.296","0.85","2,3,4,5,6,7,8,9,10,11,12,13,14,15,16,17,18",0.000222814690512317,FALSE,0,1,17,0,17,0,0.944444444444444
"S.A.b",38,500,0.33,"TRUE","TRUE","FALSE","18.9450794979983","12.002008491525","6.9430710064733","10.554","0.319","0.794","1,2,3,4,5,6,7,8,9,10,11,12,13,14,15,16,17,18,112",0.000233693518038838,FALSE,1,0,19,1,18,0.0526315789473684,1
"S.A.b",39,500,0.33,"TRUE","TRUE","FALSE","18.3049433252513","11.0022836843798","7.30265964087151","9.685","0.297","0.85","1,2,3,4,5,6,7,8,9,10,11,12,13,14,15,16,17,18",5.33486356099348e-05,TRUE,0,0,18,0,18,0,1
"S.A.b",4,500,0.33,"TRUE","TRUE","FALSE","18.0424837544688","11.8784284498684","6.1640553046004","9.764","0.322","1.118","1,2,3,4,5,6,7,8,9,10,11,12,13,14,15,16,17,18",9.62564972015002e-05,TRUE,0,0,18,0,18,0,1
"S.A.b",40,500,0.33,"TRUE","TRUE","FALSE","18.0900897573343","10.9915214976366","7.09856825969766","9.47","0.317","0.831","1,2,3,4,5,6,7,8,9,10,11,12,13,14,15,16,17,18",0.000112571685507961,TRUE,0,0,18,0,18,0,1
"S.A.b",41,500,0.33,"TRUE","TRUE","FALSE","17.2290650549063","12.0015971646224","5.22746789028392","9.314","0.319","0.792","2,3,4,5,6,7,8,9,10,11,12,13,14,15,16,17,18",0.000241853809204946,FALSE,0,1,17,0,17,0,0.944444444444444
"S.A.b",42,500,0.33,"TRUE","TRUE","FALSE","18.1346687000823","14.0023553301298","4.13231336995253","10.968","0.469","1.12","1,2,3,4,5,6,7,8,9,10,11,12,13,14,15,16,17,18",9.74762689167971e-05,TRUE,0,0,18,0,18,0,1
"S.A.b",43,500,0.33,"TRUE","TRUE","FALSE","18.1335812777814","12.9941327859088","5.13944849187265","9.542","0.343","0.901","1,2,3,4,5,6,7,8,9,10,11,12,13,14,15,16,17,18",0.000123007929124475,TRUE,0,0,18,0,18,0,1
"S.A.b",44,500,0.33,"TRUE","TRUE","FALSE","18.1233960649366","12.0017603561435","6.12163570879303","9.87","0.289","0.75","1,2,3,4,5,6,7,8,9,10,11,12,13,14,15,16,17,18",7.44869907791971e-05,TRUE,0,0,18,0,18,0,1
"S.A.b",45,500,0.33,"TRUE","TRUE","FALSE","18.0887239059044","11.9985720848822","6.09015182102221","6.956","0.263","0.726","1,2,3,4,5,6,7,8,9,10,11,12,13,14,15,16,17,18",4.59574620877704e-05,TRUE,0,0,18,0,18,0,1
"S.A.b",46,500,0.33,"TRUE","TRUE","FALSE","18.1086531811987","12.9995503894804","5.10910279171835","8.125","0.346","0.883","1,2,3,4,5,6,7,8,9,10,11,12,13,14,15,16,17,18",9.66567245339234e-05,TRUE,0,0,18,0,18,0,1
"S.A.b",47,500,0.33,"TRUE","TRUE","FALSE","18.1767775805975","12.0020558785168","6.17472170208068","10.22","0.392","0.955","1,2,3,4,5,6,7,8,9,10,11,12,13,14,15,16,17,18",4.8861813783963e-05,TRUE,0,0,18,0,18,0,1
"S.A.b",48,500,0.33,"TRUE","TRUE","FALSE","18.2038185885559","13.0042473508406","5.19957123771528","10.296","0.365","0.78","1,2,3,4,5,6,7,8,9,10,11,12,13,14,15,16,17,18",5.23369072586314e-05,TRUE,0,0,18,0,18,0,1
"S.A.b",49,500,0.33,"TRUE","TRUE","FALSE","18.0985482418792","11.9896416942506","6.10890654762859","7.959","0.321","0.741","1,2,3,4,5,6,7,8,9,10,11,12,13,14,15,16,17,18",0.000134887910707364,TRUE,0,0,18,0,18,0,1
"S.A.b",5,500,0.33,"TRUE","TRUE","FALSE","18.1833802134925","11.0025435477342","7.18083666575838","11.748","0.42","1.24","1,2,3,4,5,6,7,8,9,10,11,12,13,14,15,16,17,18",0.000131323912877904,TRUE,0,0,18,0,18,0,1
"S.A.b",50,500,0.33,"TRUE","TRUE","FALSE","17.1447869218311","11.0103601268017","6.13442679502942","7.694","0.294","0.77","2,3,4,5,6,7,8,9,10,11,12,13,14,15,16,17,18",0.000254164522616149,FALSE,0,1,17,0,17,0,0.944444444444444
"S.A.b",51,500,0.33,"TRUE","TRUE","FALSE","18.0644175644959","11.9469196167879","6.11749794770794","8.362","0.31","0.853","1,2,3,4,5,6,7,8,9,10,11,12,13,14,15,16,17,18",9.31619368663755e-05,TRUE,0,0,18,0,18,0,1
"S.A.b",52,500,0.33,"TRUE","TRUE","FALSE","17.7459631541169","11.6010751284157","6.14488802570119","12.864","0.313","0.851","1,2,3,4,5,6,7,8,9,10,11,12,13,14,15,16,17,18",0.000137340191700768,TRUE,0,0,18,0,18,0,1
"S.A.b",53,500,0.33,"TRUE","TRUE","FALSE","17.7350183126398","11.6257315863468","6.10928672629301","8.528","0.333","0.857","1,2,3,4,5,6,7,8,9,10,11,12,13,14,15,16,17,18",9.03752537891087e-05,TRUE,0,0,18,0,18,0,1
"S.A.b",54,500,0.33,"TRUE","TRUE","FALSE","18.6454636953532","13.0015683374252","5.64389535792799","12.929","0.362","1.031","1,2,3,4,5,6,7,8,9,10,11,12,13,14,15,16,17,18",9.94331709728753e-05,TRUE,0,0,18,0,18,0,1
"S.A.b",55,500,0.33,"TRUE","TRUE","FALSE","18.2235098183901","12.0013874270544","6.22212239133566","8.651","0.456","0.79","1,2,3,4,5,6,7,8,9,10,11,12,13,14,15,16,17,18",7.03028949314991e-05,TRUE,0,0,18,0,18,0,1
"S.A.b",56,500,0.33,"TRUE","TRUE","FALSE","18.0309268858936","12.0021657372085","6.02876114868508","9.411","0.264","0.672","1,2,3,4,5,6,7,8,9,10,11,12,13,14,15,16,17,18",7.74334750210739e-05,TRUE,0,0,18,0,18,0,1
"S.A.b",57,500,0.33,"TRUE","TRUE","FALSE","17.7040276815791","12.0037139830483","5.70031369853088","11.105","0.411","0.99","1,2,3,4,5,6,7,8,9,10,11,12,13,14,15,16,17,18",0.000107951441668437,TRUE,0,0,18,0,18,0,1
"S.A.b",58,500,0.33,"TRUE","TRUE","FALSE","18.2781691695659","11.0009830360846","7.27718613348135","9.453","0.302","0.788","1,2,3,4,5,6,7,8,9,10,11,12,13,14,15,16,17,18",9.49765672950818e-05,TRUE,0,0,18,0,18,0,1
"S.A.b",59,500,0.33,"TRUE","TRUE","FALSE","18.265529580269","13.00196947145","5.26356010881901","7.94","0.278","0.837","1,2,3,4,5,6,7,8,9,10,11,12,13,14,15,16,17,18",5.80260637487422e-05,TRUE,0,0,18,0,18,0,1
"S.A.b",6,500,0.33,"TRUE","TRUE","FALSE","18.1382488187824","13.0015038406454","5.13674497813699","8.971","0.319","0.857","1,2,3,4,5,6,7,8,9,10,11,12,13,14,15,16,17,18",6.76692542879292e-05,TRUE,0,0,18,0,18,0,1
"S.A.b",60,500,0.33,"TRUE","TRUE","FALSE","18.2005854340746","13.0015583320002","5.1990271020744","7.752","0.258","0.701","1,2,3,4,5,6,7,8,9,10,11,12,13,14,15,16,17,18",0.000103855184551598,TRUE,0,0,18,0,18,0,1
"S.A.b",61,500,0.33,"TRUE","TRUE","FALSE","18.1281543234173","11.0050403341728","7.12311398924453","8.898","0.45","1.149","1,2,3,4,5,6,7,8,9,10,11,12,13,14,15,16,17,18",7.64135546863844e-05,TRUE,0,0,18,0,18,0,1
"S.A.b",62,500,0.33,"TRUE","TRUE","FALSE","18.3087029800623","13.0012930861224","5.30740989393994","10.71","0.324","0.856","1,2,3,4,5,6,7,8,9,10,11,12,13,14,15,16,17,18",7.26233195875515e-05,TRUE,0,0,18,0,18,0,1
"S.A.b",63,500,0.33,"TRUE","TRUE","FALSE","18.0296079242963","11.8978796065061","6.13172831779019","12.115","0.453","1.247","1,2,3,4,5,6,7,8,9,10,11,12,13,14,15,16,17,18",0.000101064676752946,TRUE,0,0,18,0,18,0,1
"S.A.b",64,500,0.33,"TRUE","TRUE","FALSE","18.1252001276612","12.9424778865832","5.18272224107798","8.679","0.27","0.71","1,2,3,4,5,6,7,8,9,10,11,12,13,14,15,16,17,18",9.02903829840405e-05,TRUE,0,0,18,0,18,0,1
"S.A.b",65,500,0.33,"TRUE","TRUE","FALSE","18.1020891145594","12.9987294502108","5.10335966434863","11.345","0.429","1.241","1,2,3,4,5,6,7,8,9,10,11,12,13,14,15,16,17,18",5.29841921829257e-05,TRUE,0,0,18,0,18,0,1
"S.A.b",66,500,0.33,"TRUE","TRUE","FALSE","18.1441281388126","12.0015140349089","6.14261410390376","11.789","0.401","1.075","1,2,3,4,5,6,7,8,9,10,11,12,13,14,15,16,17,18",9.15684604123092e-05,TRUE,0,0,18,0,18,0,1
"S.A.b",67,500,0.33,"TRUE","TRUE","FALSE","17.1502147368702","14.0017300902331","3.14848464663712","9.776","0.414","1.111","2,3,4,5,6,7,8,9,10,11,12,13,14,15,16,17,18",0.000208311565664264,FALSE,0,1,17,0,17,0,0.944444444444444
"S.A.b",68,500,0.33,"TRUE","TRUE","FALSE","18.1116394423315","14.0007048636412","4.11093457869035","11.15","0.387","1.002","1,2,3,4,5,6,7,8,9,10,11,12,13,14,15,16,17,18",0.000111141857099474,TRUE,0,0,18,0,18,0,1
"S.A.b",69,500,0.33,"TRUE","TRUE","FALSE","18.1143582371942","12.0017929872365","6.11256524995774","9.847","0.374","0.868","1,2,3,4,5,6,7,8,9,10,11,12,13,14,15,16,17,18",7.99689356862663e-05,TRUE,0,0,18,0,18,0,1
"S.A.b",7,500,0.33,"TRUE","TRUE","FALSE","17.6605171717907","11.001889249506","6.65862792228472","9.841","0.3","0.816","1,2,3,4,5,6,7,8,9,10,11,12,13,14,15,16,17,18",0.000116415821790794,TRUE,0,0,18,0,18,0,1
"S.A.b",70,500,0.33,"TRUE","TRUE","FALSE","17.5296421137171","11.407697721407","6.12194439231005","9.692","0.324","1.019","1,2,3,4,5,6,7,8,9,10,11,12,13,14,15,16,17,18",0.000106570045260495,TRUE,0,0,18,0,18,0,1
"S.A.b",71,500,0.33,"TRUE","TRUE","FALSE","18.1247302959731","13.0021204643949","5.12260983157821","7.927","0.301","0.8","1,2,3,4,5,6,7,8,9,10,11,12,13,14,15,16,17,18",6.46879616555061e-05,TRUE,0,0,18,0,18,0,1
"S.A.b",72,500,0.33,"TRUE","TRUE","FALSE","18.1548539902162","13.0174082439899","5.13744574622629","9.672","0.341","0.952","1,2,3,4,5,6,7,8,9,10,11,12,13,14,15,16,17,18",0.000108388290277492,TRUE,0,0,18,0,18,0,1
"S.A.b",73,500,0.33,"TRUE","TRUE","FALSE","18.1094539304054","12.9887290181858","5.12072491221952","9.478","0.377","0.949","1,2,3,4,5,6,7,8,9,10,11,12,13,14,15,16,17,18",0.000142052266551516,TRUE,0,0,18,0,18,0,1
"S.A.b",74,500,0.33,"TRUE","TRUE","FALSE","18.1906277860851","12.9994049440069","5.19122284207816","7.916","0.319","1.089","1,2,3,4,5,6,7,8,9,10,11,12,13,14,15,16,17,18",8.851812904965e-05,TRUE,0,0,18,0,18,0,1
"S.A.b",75,500,0.33,"TRUE","TRUE","FALSE","18.1824621645363","13.0013117908869","5.18115037364949","9.398","0.299","0.875","1,2,3,4,5,6,7,8,9,10,11,12,13,14,15,16,17,18",0.0001050366407676,TRUE,0,0,18,0,18,0,1
"S.A.b",76,500,0.33,"TRUE","TRUE","FALSE","18.2747343795101","11.0033447170894","7.27138966242075","9.979","0.312","0.791","1,2,3,4,5,6,7,8,9,10,11,12,13,14,15,16,17,18",0.000120041985342724,TRUE,0,0,18,0,18,0,1
"S.A.b",77,500,0.33,"TRUE","TRUE","FALSE","18.1724466270611","13.0216392085286","5.15080741853244","8.773","0.349","0.952","1,2,3,4,5,6,7,8,9,10,11,12,13,14,15,16,17,18,22",0.000131371669048067,FALSE,1,0,19,1,18,0.0526315789473684,1
"S.A.b",78,500,0.33,"TRUE","TRUE","FALSE","18.1147423296046","12.9669775894379","5.14776474016668","11.033","0.326","1.15","1,2,3,4,5,6,7,8,9,10,11,12,13,14,15,16,17,18",8.54673960374799e-05,TRUE,0,0,18,0,18,0,1
"S.A.b",79,500,0.33,"TRUE","TRUE","FALSE","18.1280730367632","13.9932360398209","4.13483699694229","12.109","0.395","1.168","1,2,3,4,5,6,7,8,9,10,11,12,13,14,15,16,17,18",0.000125322504404988,TRUE,0,0,18,0,18,0,1
"S.A.b",8,500,0.33,"TRUE","TRUE","FALSE","18.1292659635345","9.99948752476369","8.12977843877085","8.996","0.358","1.119","1,2,3,4,5,6,7,8,9,10,11,12,13,14,15,16,17,18",7.85936481301359e-05,TRUE,0,0,18,0,18,0,1
"S.A.b",80,500,0.33,"TRUE","TRUE","FALSE","18.0880504102027","11.9751114521897","6.11293895801304","10.623","0.405","0.95","1,2,3,4,5,6,7,8,9,10,11,12,13,14,15,16,17,18",9.59335537672907e-05,TRUE,0,0,18,0,18,0,1
"S.A.b",81,500,0.33,"TRUE","TRUE","FALSE","18.1366435979595","11.9788105253022","6.15783307265724","10.563","0.3","0.906","1,2,3,4,5,6,7,8,9,10,11,12,13,14,15,16,17,18",5.15086264507538e-05,TRUE,0,0,18,0,18,0,1
"S.A.b",82,500,0.33,"TRUE","TRUE","FALSE","17.7205546104938","12.5914732522661","5.12908135822778","11.655","0.38","1.104","1,2,3,4,5,6,7,8,9,10,11,12,13,14,15,16,17,18",7.85021504478246e-05,TRUE,0,0,18,0,18,0,1
"S.A.b",83,500,0.33,"TRUE","TRUE","FALSE","18.1847879357955","13.0084911854176","5.17629675037784","11.41","0.281","0.763","1,2,3,4,5,6,7,8,9,10,11,12,13,14,15,16,17,18",8.26240545666832e-05,TRUE,0,0,18,0,18,0,1
"S.A.b",84,500,0.33,"TRUE","TRUE","FALSE","18.2457577686492","12.0014438280425","6.24431394060668","7.594","0.261","0.715","1,2,3,4,5,6,7,8,9,10,11,12,13,14,15,16,17,18",7.87840998700712e-05,TRUE,0,0,18,0,18,0,1
"S.A.b",85,500,0.33,"TRUE","TRUE","FALSE","18.1226206793249","12.0012050086778","6.12141567064715","7.227","0.272","0.703","1,2,3,4,5,6,7,8,9,10,11,12,13,14,15,16,17,18",4.14147605825398e-05,TRUE,0,0,18,0,18,0,1
"S.A.b",86,500,0.33,"TRUE","TRUE","FALSE","18.1745793681368","11.0116650944105","7.16291427372633","8.085","0.287","0.795","1,2,3,4,5,6,7,8,9,10,11,12,13,14,15,16,17,18",0.00011186413565769,TRUE,0,0,18,0,18,0,1
"S.A.b",87,500,0.33,"TRUE","TRUE","FALSE","18.1312701395135","12.0027225119514","6.12854762756212","7.617","0.261","0.665","1,2,3,4,5,6,7,8,9,10,11,12,13,14,15,16,17,18",0.000164222491642198,TRUE,0,0,18,0,18,0,1
"S.A.b",88,500,0.33,"TRUE","TRUE","FALSE","18.1714846290205","11.8360939957043","6.33539063331621","8.468","0.265","0.719","1,2,3,4,5,6,7,8,9,10,11,12,13,14,15,16,17,18",7.75715778916075e-05,TRUE,0,0,18,0,18,0,1
"S.A.b",89,500,0.33,"TRUE","TRUE","FALSE","18.1072731476511","12.0011919360523","6.10608121159878","7.447","0.274","0.828","1,2,3,4,5,6,7,8,9,10,11,12,13,14,15,16,17,18",5.2742964349755e-05,TRUE,0,0,18,0,18,0,1
"S.A.b",9,500,0.33,"TRUE","TRUE","FALSE","18.1009902301141","13.0013675891546","5.09962264095956","8.96","0.33","0.788","1,2,3,4,5,6,7,8,9,10,11,12,13,14,15,16,17,18",5.05264041344117e-05,TRUE,0,0,18,0,18,0,1
"S.A.b",90,500,0.33,"TRUE","TRUE","FALSE","18.1035543012733","15.001602027279","3.10195227399433","6.923","0.275","0.712","1,2,3,4,5,6,7,8,9,10,11,12,13,14,15,16,17,18",0.000153477047669363,TRUE,0,0,18,0,18,0,1
"S.A.b",91,500,0.33,"TRUE","TRUE","FALSE","18.0717240384488","12.9296468911077","5.1420771473411","7.703","0.272","0.766","1,2,3,4,5,6,7,8,9,10,11,12,13,14,15,16,17,18",0.000101204206444053,TRUE,0,0,18,0,18,0,1
"S.A.b",92,500,0.33,"TRUE","TRUE","FALSE","18.100669037239","12.0017257378467","6.09894329939229","7.097","0.261","0.692","1,2,3,4,5,6,7,8,9,10,11,12,13,14,15,16,17,18",4.70958801851421e-05,TRUE,0,0,18,0,18,0,1
"S.A.b",93,500,0.33,"TRUE","TRUE","FALSE","18.9537718306521","12.0014863878155","6.95228544283659","8.393","0.276","0.681","1,2,3,4,5,6,7,8,9,10,11,12,13,14,15,16,17,18,396",0.000176069456157451,FALSE,1,0,19,1,18,0.0526315789473684,1
"S.A.b",94,500,0.33,"TRUE","TRUE","FALSE","17.707181479481","11.0016030035815","6.70557847589946","8.075","0.272","0.764","1,2,3,4,5,6,7,8,9,10,11,12,13,14,15,16,17,18",5.41961816866627e-05,TRUE,0,0,18,0,18,0,1
"S.A.b",95,500,0.33,"TRUE","TRUE","FALSE","18.1684347463799","13.0011790223028","5.16725572407702","7.419","0.265","0.733","1,2,3,4,5,6,7,8,9,10,11,12,13,14,15,16,17,18",0.000108068922537548,TRUE,0,0,18,0,18,0,1
"S.A.b",96,500,0.33,"TRUE","TRUE","FALSE","18.1332687082783","13.9847108850903","4.14855782318802","7.634","0.287","0.823","1,2,3,4,5,6,7,8,9,10,11,12,13,14,15,16,17,18",7.81621249403538e-05,TRUE,0,0,18,0,18,0,1
"S.A.b",97,500,0.33,"TRUE","TRUE","FALSE","18.1015053378248","12.9988639082139","5.10264142961095","7.252","0.262","0.709","1,2,3,4,5,6,7,8,9,10,11,12,13,14,15,16,17,18",0.000108467111178108,TRUE,0,0,18,0,18,0,1
"S.A.b",98,500,0.33,"TRUE","TRUE","FALSE","18.1584615501454","11.0043260094455","7.15413554069985","7.162","0.261","0.705","1,2,3,4,5,6,7,8,9,10,11,12,13,14,15,16,17,18",8.40510373356616e-05,TRUE,0,0,18,0,18,0,1
"S.A.b",99,500,0.33,"TRUE","TRUE","FALSE","18.2076639305141","13.0014037276613","5.20626020285279","7.466","0.27","0.794","1,2,3,4,5,6,7,8,9,10,11,12,13,14,15,16,17,18",9.69272505035634e-05,TRUE,0,0,18,0,18,0,1
"S.EB",1,500,0.33,"TRUE","TRUE","FALSE","17.1458920830486","9.02145605086877","8.12443603217979","9.274","0.278","0.902","2,3,4,5,6,7,8,9,10,11,12,13,14,15,16,17,18",0.00026092947660165,FALSE,0,1,17,0,17,0,0.944444444444444
"S.EB",10,500,0.33,"TRUE","TRUE","FALSE","17.9387714435368","13.0015384510241","4.93723299251271","11.402","0.511","1.244","1,2,3,4,5,6,7,8,9,10,11,12,13,14,15,16,17,18",0.000146435277794301,TRUE,0,0,18,0,18,0,1
"S.EB",100,500,0.33,"TRUE","TRUE","FALSE","18.0921069339882","12.0027799212978","6.08932701269041","7.302","0.264","0.743","1,2,3,4,5,6,7,8,9,10,11,12,13,14,15,16,17,18",6.88108450991756e-05,TRUE,0,0,18,0,18,0,1
"S.EB",11,500,0.33,"TRUE","TRUE","FALSE","17.5408342430687","11.3886635481988","6.15217069486991","10.86","0.343","0.927","1,2,3,4,5,6,7,8,9,10,11,12,13,14,15,16,17,18",0.000114520631031029,TRUE,0,0,18,0,18,0,1
"S.EB",12,500,0.33,"TRUE","TRUE","FALSE","18.1153649588782","13.0014281686894","5.11393679018882","10.091","0.304","1.046","1,2,3,4,5,6,7,8,9,10,11,12,13,14,15,16,17,18",0.000123846876081248,TRUE,0,0,18,0,18,0,1
"S.EB",13,500,0.33,"TRUE","TRUE","FALSE","17.9093955597924","12.6613457801843","5.24804977960812","8.949","0.333","0.779","1,2,3,4,5,6,7,8,9,10,11,12,13,14,15,16,17,18,236",0.000228394894361945,FALSE,1,0,19,1,18,0.0526315789473684,1
"S.EB",14,500,0.33,"TRUE","TRUE","FALSE","17.497923025141","10.3898065422094","7.10811648293158","9.427","0.284","0.747","1,2,3,4,5,6,7,8,9,10,11,12,13,14,15,16,17,18",0.000109686400279826,TRUE,0,0,18,0,18,0,1
"S.EB",15,500,0.33,"TRUE","TRUE","FALSE","18.1997607381729","12.0012654005279","6.19849533764502","9.044","0.325","0.974","1,2,3,4,5,6,7,8,9,10,11,12,13,14,15,16,17,18,613",0.000159373764878666,FALSE,1,0,19,1,18,0.0526315789473684,1
"S.EB",16,500,0.33,"TRUE","TRUE","FALSE","17.4989627516866","10.1333441813573","7.36561857032931","8.836","0.267","0.723","1,2,3,4,5,6,7,8,9,10,11,12,13,14,15,16,17,18,49",0.000187997378283466,FALSE,1,0,19,1,18,0.0526315789473684,1
"S.EB",17,500,0.33,"TRUE","TRUE","FALSE","18.1341395535671","11.9622006072383","6.17193894632877","8.575","0.334","0.986","1,2,3,4,5,6,7,8,9,10,11,12,13,14,15,16,17,18",0.00014292261113767,TRUE,0,0,18,0,18,0,1
"S.EB",18,500,0.33,"TRUE","TRUE","FALSE","18.2222782025643","14.022489565661","4.19978863690335","9.449","0.299","0.768","1,2,3,4,5,6,7,8,9,10,11,12,13,14,15,16,17,18",9.42887131379683e-05,TRUE,0,0,18,0,18,0,1
"S.EB",19,500,0.33,"TRUE","TRUE","FALSE","18.1539813991203","12.0062577184994","6.14772368062094","7.373","0.25","0.671","1,2,3,4,5,6,7,8,9,10,11,12,13,14,15,16,17,18",0.000113360707109755,TRUE,0,0,18,0,18,0,1
"S.EB",2,500,0.33,"TRUE","TRUE","FALSE","18.1333305480413","10.0019924368064","8.13133811123499","8.823","0.355","0.881","1,2,3,4,5,6,7,8,9,10,11,12,13,14,15,16,17,18",5.21304148982777e-05,TRUE,0,0,18,0,18,0,1
"S.EB",20,500,0.33,"TRUE","TRUE","FALSE","18.0774617082382","12.9845677056174","5.0928940026208","8.87","0.34","0.853","1,2,3,4,5,6,7,8,9,10,11,12,13,14,15,16,17,18",0.000107943929126394,TRUE,0,0,18,0,18,0,1
"S.EB",21,500,0.33,"TRUE","TRUE","FALSE","18.1173213431007","10.0035295228326","8.11379182026813","7.455","0.353","0.843","1,2,3,4,5,6,7,8,9,10,11,12,13,14,15,16,17,18",0.000124847870917515,TRUE,0,0,18,0,18,0,1
"S.EB",22,500,0.33,"TRUE","TRUE","FALSE","18.4512798964707","12.0014736875039","6.44980620896681","9.437","0.261","0.722","1,2,3,4,5,6,7,8,9,10,11,12,13,14,15,16,17,18,129,137,425",0.000413132969751248,FALSE,3,0,21,3,18,0.142857142857143,1
"S.EB",23,500,0.33,"TRUE","TRUE","FALSE","18.1195886448298","15.0050352557283","3.11455338910156","7.674","0.284","0.789","1,2,3,4,5,6,7,8,9,10,11,12,13,14,15,16,17,18",4.12101604285384e-05,TRUE,0,0,18,0,18,0,1
"S.EB",24,500,0.33,"TRUE","TRUE","FALSE","18.1205356009018","12.0025934690178","6.11794213188403","8.255","0.278","0.799","1,2,3,4,5,6,7,8,9,10,11,12,13,14,15,16,17,18",6.90886369077436e-05,TRUE,0,0,18,0,18,0,1
"S.EB",25,500,0.33,"TRUE","TRUE","FALSE","18.1714354165711","12.0016844096015","6.16975100696968","8.293","0.285","0.754","1,2,3,4,5,6,7,8,9,10,11,12,13,14,15,16,17,18",8.03923491753404e-05,TRUE,0,0,18,0,18,0,1
"S.EB",26,500,0.33,"TRUE","TRUE","FALSE","18.2060960358114","14.0010838728338","4.20501216297761","9.486","0.285","0.752","1,2,3,4,5,6,7,8,9,10,11,12,13,14,15,16,17,18,210",0.000179545539221169,FALSE,1,0,19,1,18,0.0526315789473684,1
"S.EB",27,500,0.33,"TRUE","TRUE","FALSE","18.1462188886286","14.0023876104165","4.14383127821211","8.097","0.267","0.725","1,2,3,4,5,6,7,8,9,10,11,12,13,14,15,16,17,18",5.76849327892292e-05,TRUE,0,0,18,0,18,0,1
"S.EB",28,500,0.33,"TRUE","TRUE","FALSE","17.7365520976883","13.5253748616647","4.21117723602366","11.71","0.307","0.917","1,2,3,4,5,6,7,8,9,10,11,12,13,14,15,16,17,18",8.69387951122616e-05,TRUE,0,0,18,0,18,0,1
"S.EB",29,500,0.33,"TRUE","TRUE","FALSE","17.263480769356","13.0689737201204","4.19450704923561","10.128","0.428","1.669","2,3,4,5,6,7,8,9,10,11,12,13,14,15,16,17,18,224",0.0002805302071845,FALSE,1,1,18,1,17,0.0555555555555556,0.944444444444444
"S.EB",3,500,0.33,"TRUE","TRUE","FALSE","18.0895265612141","12.0020375970708","6.08748896414331","8.065","0.348","0.961","1,2,3,4,5,6,7,8,9,10,11,12,13,14,15,16,17,18",0.000145284346660375,TRUE,0,0,18,0,18,0,1
"S.EB",30,500,0.33,"TRUE","TRUE","FALSE","18.156081952173","12.9944238012122","5.16165815096078","8.778","0.316","0.951","1,2,3,4,5,6,7,8,9,10,11,12,13,14,15,16,17,18",4.11429476374415e-05,TRUE,0,0,18,0,18,0,1
"S.EB",31,500,0.33,"TRUE","TRUE","FALSE","18.1331407592421","13.0006674696476","5.13247328959454","8.473","0.351","0.975","1,2,3,4,5,6,7,8,9,10,11,12,13,14,15,16,17,18",7.62189424189332e-05,TRUE,0,0,18,0,18,0,1
"S.EB",32,500,0.33,"TRUE","TRUE","FALSE","18.1775636477685","11.0006053575495","7.17695829021904","9.873","0.395","1.137","1,2,3,4,5,6,7,8,9,10,11,12,13,14,15,16,17,18",0.000178521160657503,TRUE,0,0,18,0,18,0,1
"S.EB",33,500,0.33,"TRUE","TRUE","FALSE","17.173974438542","13.0015962957545","4.17237814278753","8.802","0.288","0.733","2,3,4,5,6,7,8,9,10,11,12,13,14,15,16,17,18",0.000253151143561942,FALSE,0,1,17,0,17,0,0.944444444444444
"S.EB",34,500,0.33,"TRUE","TRUE","FALSE","18.1962278320779","12.0034348035819","6.19279302849594","10.489","0.345","0.891","1,2,3,4,5,6,7,8,9,10,11,12,13,14,15,16,17,18",7.3979356140611e-05,TRUE,0,0,18,0,18,0,1
"S.EB",35,500,0.33,"TRUE","TRUE","FALSE","18.021426860684","12.9156777336297","5.10574912705437","9.184","0.33","0.856","1,2,3,4,5,6,7,8,9,10,11,12,13,14,15,16,17,18",0.000165682331047338,TRUE,0,0,18,0,18,0,1
"S.EB",36,500,0.33,"TRUE","TRUE","FALSE","18.1115446952036","13.0011657777272","5.1103789174764","9.232","0.364","0.953","1,2,3,4,5,6,7,8,9,10,11,12,13,14,15,16,17,18",0.000128446967464269,TRUE,0,0,18,0,18,0,1
"S.EB",37,500,0.33,"TRUE","TRUE","FALSE","17.2147525337101","14.0030612764077","3.21169125730241","9.394","0.296","0.85","2,3,4,5,6,7,8,9,10,11,12,13,14,15,16,17,18",0.000222814690512317,FALSE,0,1,17,0,17,0,0.944444444444444
"S.EB",38,500,0.33,"TRUE","TRUE","FALSE","18.9450794979983","12.002008491525","6.9430710064733","10.554","0.319","0.794","1,2,3,4,5,6,7,8,9,10,11,12,13,14,15,16,17,18,112,598",0.000301407104529035,FALSE,2,0,20,2,18,0.1,1
"S.EB",39,500,0.33,"TRUE","TRUE","FALSE","18.3049433252513","11.0022836843798","7.30265964087151","9.685","0.297","0.85","1,2,3,4,5,6,7,8,9,10,11,12,13,14,15,16,17,18,92",0.000117074330832553,FALSE,1,0,19,1,18,0.0526315789473684,1
"S.EB",4,500,0.33,"TRUE","TRUE","FALSE","18.0424837544688","11.8784284498684","6.1640553046004","9.764","0.322","1.118","1,2,3,4,5,6,7,8,9,10,11,12,13,14,15,16,17,18",9.62564972015002e-05,TRUE,0,0,18,0,18,0,1
"S.EB",40,500,0.33,"TRUE","TRUE","FALSE","18.0900897573343","10.9915214976366","7.09856825969766","9.47","0.317","0.831","1,2,3,4,5,6,7,8,9,10,11,12,13,14,15,16,17,18",0.000112571685507961,TRUE,0,0,18,0,18,0,1
"S.EB",41,500,0.33,"TRUE","TRUE","FALSE","17.2290650549063","12.0015971646224","5.22746789028392","9.314","0.319","0.792","1,2,3,4,5,6,7,8,9,10,11,12,13,14,15,16,17,18",0.000101715546572302,TRUE,0,0,18,0,18,0,1
"S.EB",42,500,0.33,"TRUE","TRUE","FALSE","18.1346687000823","14.0023553301298","4.13231336995253","10.968","0.469","1.12","1,2,3,4,5,6,7,8,9,10,11,12,13,14,15,16,17,18",9.74762689167971e-05,TRUE,0,0,18,0,18,0,1
"S.EB",43,500,0.33,"TRUE","TRUE","FALSE","18.1335812777814","12.9941327859088","5.13944849187265","9.542","0.343","0.901","1,2,3,4,5,6,7,8,9,10,11,12,13,14,15,16,17,18",0.000123007929124475,TRUE,0,0,18,0,18,0,1
"S.EB",44,500,0.33,"TRUE","TRUE","FALSE","18.1233960649366","12.0017603561435","6.12163570879303","9.87","0.289","0.75","1,2,3,4,5,6,7,8,9,10,11,12,13,14,15,16,17,18",7.44869907791971e-05,TRUE,0,0,18,0,18,0,1
"S.EB",45,500,0.33,"TRUE","TRUE","FALSE","18.0887239059044","11.9985720848822","6.09015182102221","6.956","0.263","0.726","1,2,3,4,5,6,7,8,9,10,11,12,13,14,15,16,17,18",4.59574620877704e-05,TRUE,0,0,18,0,18,0,1
"S.EB",46,500,0.33,"TRUE","TRUE","FALSE","18.1086531811987","12.9995503894804","5.10910279171835","8.125","0.346","0.883","1,2,3,4,5,6,7,8,9,10,11,12,13,14,15,16,17,18",9.66567245339234e-05,TRUE,0,0,18,0,18,0,1
"S.EB",47,500,0.33,"TRUE","TRUE","FALSE","18.1767775805975","12.0020558785168","6.17472170208068","10.22","0.392","0.955","1,2,3,4,5,6,7,8,9,10,11,12,13,14,15,16,17,18",4.8861813783963e-05,TRUE,0,0,18,0,18,0,1
"S.EB",48,500,0.33,"TRUE","TRUE","FALSE","18.2038185885559","13.0042473508406","5.19957123771528","10.296","0.365","0.78","1,2,3,4,5,6,7,8,9,10,11,12,13,14,15,16,17,18",5.23369072586314e-05,TRUE,0,0,18,0,18,0,1
"S.EB",49,500,0.33,"TRUE","TRUE","FALSE","18.0985482418792","11.9896416942506","6.10890654762859","7.959","0.321","0.741","1,2,3,4,5,6,7,8,9,10,11,12,13,14,15,16,17,18",0.000134887910707364,TRUE,0,0,18,0,18,0,1
"S.EB",5,500,0.33,"TRUE","TRUE","FALSE","18.1833802134925","11.0025435477342","7.18083666575838","11.748","0.42","1.24","1,2,3,4,5,6,7,8,9,10,11,12,13,14,15,16,17,18",0.000131323912877904,TRUE,0,0,18,0,18,0,1
"S.EB",50,500,0.33,"TRUE","TRUE","FALSE","17.1447869218311","11.0103601268017","6.13442679502942","7.694","0.294","0.77","2,3,4,5,6,7,8,9,10,11,12,13,14,15,16,17,18",0.000254164522616149,FALSE,0,1,17,0,17,0,0.944444444444444
"S.EB",51,500,0.33,"TRUE","TRUE","FALSE","18.0644175644959","11.9469196167879","6.11749794770794","8.362","0.31","0.853","1,2,3,4,5,6,7,8,9,10,11,12,13,14,15,16,17,18",9.31619368663755e-05,TRUE,0,0,18,0,18,0,1
"S.EB",52,500,0.33,"TRUE","TRUE","FALSE","17.7459631541169","11.6010751284157","6.14488802570119","12.864","0.313","0.851","1,2,3,4,5,6,7,8,9,10,11,12,13,14,15,16,17,18",0.000137340191700768,TRUE,0,0,18,0,18,0,1
"S.EB",53,500,0.33,"TRUE","TRUE","FALSE","17.7350183126398","11.6257315863468","6.10928672629301","8.528","0.333","0.857","1,2,3,4,5,6,7,8,9,10,11,12,13,14,15,16,17,18",9.03752537891087e-05,TRUE,0,0,18,0,18,0,1
"S.EB",54,500,0.33,"TRUE","TRUE","FALSE","18.6454636953532","13.0015683374252","5.64389535792799","12.929","0.362","1.031","1,2,3,4,5,6,7,8,9,10,11,12,13,14,15,16,17,18,41,295",0.000270179855790233,FALSE,2,0,20,2,18,0.1,1
"S.EB",55,500,0.33,"TRUE","TRUE","FALSE","18.2235098183901","12.0013874270544","6.22212239133566","8.651","0.456","0.79","1,2,3,4,5,6,7,8,9,10,11,12,13,14,15,16,17,18",7.03028949314991e-05,TRUE,0,0,18,0,18,0,1
"S.EB",56,500,0.33,"TRUE","TRUE","FALSE","18.0309268858936","12.0021657372085","6.02876114868508","9.411","0.264","0.672","1,2,3,4,5,6,7,8,9,10,11,12,13,14,15,16,17,18,387",0.000198354560868245,FALSE,1,0,19,1,18,0.0526315789473684,1
"S.EB",57,500,0.33,"TRUE","TRUE","FALSE","17.7040276815791","12.0037139830483","5.70031369853088","11.105","0.411","0.99","1,2,3,4,5,6,7,8,9,10,11,12,13,14,15,16,17,18",0.000107951441668437,TRUE,0,0,18,0,18,0,1
"S.EB",58,500,0.33,"TRUE","TRUE","FALSE","18.2781691695659","11.0009830360846","7.27718613348135","9.453","0.302","0.788","1,2,3,4,5,6,7,8,9,10,11,12,13,14,15,16,17,18,69,258",0.00025724589337936,FALSE,2,0,20,2,18,0.1,1
"S.EB",59,500,0.33,"TRUE","TRUE","FALSE","18.265529580269","13.00196947145","5.26356010881901","7.94","0.278","0.837","1,2,3,4,5,6,7,8,9,10,11,12,13,14,15,16,17,18,393",0.000133556079717287,FALSE,1,0,19,1,18,0.0526315789473684,1
"S.EB",6,500,0.33,"TRUE","TRUE","FALSE","18.1382488187824","13.0015038406454","5.13674497813699","8.971","0.319","0.857","1,2,3,4,5,6,7,8,9,10,11,12,13,14,15,16,17,18",6.76692542879292e-05,TRUE,0,0,18,0,18,0,1
"S.EB",60,500,0.33,"TRUE","TRUE","FALSE","18.2005854340746","13.0015583320002","5.1990271020744","7.752","0.258","0.701","1,2,3,4,5,6,7,8,9,10,11,12,13,14,15,16,17,18,250",0.000192854265781179,FALSE,1,0,19,1,18,0.0526315789473684,1
"S.EB",61,500,0.33,"TRUE","TRUE","FALSE","18.1281543234173","11.0050403341728","7.12311398924453","8.898","0.45","1.149","1,2,3,4,5,6,7,8,9,10,11,12,13,14,15,16,17,18",7.64135546863844e-05,TRUE,0,0,18,0,18,0,1
"S.EB",62,500,0.33,"TRUE","TRUE","FALSE","18.3087029800623","13.0012930861224","5.30740989393994","10.71","0.324","0.856","1,2,3,4,5,6,7,8,9,10,11,12,13,14,15,16,17,18,468",0.000148982071245099,FALSE,1,0,19,1,18,0.0526315789473684,1
"S.EB",63,500,0.33,"TRUE","TRUE","FALSE","18.0296079242963","11.8978796065061","6.13172831779019","12.115","0.453","1.247","1,2,3,4,5,6,7,8,9,10,11,12,13,14,15,16,17,18",0.000101064676752946,TRUE,0,0,18,0,18,0,1
"S.EB",64,500,0.33,"TRUE","TRUE","FALSE","18.1252001276612","12.9424778865832","5.18272224107798","8.679","0.27","0.71","1,2,3,4,5,6,7,8,9,10,11,12,13,14,15,16,17,18,43",0.000162482620424938,FALSE,1,0,19,1,18,0.0526315789473684,1
"S.EB",65,500,0.33,"TRUE","TRUE","FALSE","18.1020891145594","12.9987294502108","5.10335966434863","11.345","0.429","1.241","1,2,3,4,5,6,7,8,9,10,11,12,13,14,15,16,17,18",5.29841921829257e-05,TRUE,0,0,18,0,18,0,1
"S.EB",66,500,0.33,"TRUE","TRUE","FALSE","18.1441281388126","12.0015140349089","6.14261410390376","11.789","0.401","1.075","1,2,3,4,5,6,7,8,9,10,11,12,13,14,15,16,17,18",9.15684604123092e-05,TRUE,0,0,18,0,18,0,1
"S.EB",67,500,0.33,"TRUE","TRUE","FALSE","17.1502147368702","14.0017300902331","3.14848464663712","9.776","0.414","1.111","2,3,4,5,6,7,8,9,10,11,12,13,14,15,16,17,18",0.000208311565664264,FALSE,0,1,17,0,17,0,0.944444444444444
"S.EB",68,500,0.33,"TRUE","TRUE","FALSE","18.1116394423315","14.0007048636412","4.11093457869035","11.15","0.387","1.002","1,2,3,4,5,6,7,8,9,10,11,12,13,14,15,16,17,18",0.000111141857099474,TRUE,0,0,18,0,18,0,1
"S.EB",69,500,0.33,"TRUE","TRUE","FALSE","18.1143582371942","12.0017929872365","6.11256524995774","9.847","0.374","0.868","1,2,3,4,5,6,7,8,9,10,11,12,13,14,15,16,17,18",7.99689356862663e-05,TRUE,0,0,18,0,18,0,1
"S.EB",7,500,0.33,"TRUE","TRUE","FALSE","17.6605171717907","11.001889249506","6.65862792228472","9.841","0.3","0.816","1,2,3,4,5,6,7,8,9,10,11,12,13,14,15,16,17,18",0.000116415821790794,TRUE,0,0,18,0,18,0,1
"S.EB",70,500,0.33,"TRUE","TRUE","FALSE","17.5296421137171","11.407697721407","6.12194439231005","9.692","0.324","1.019","1,2,3,4,5,6,7,8,9,10,11,12,13,14,15,16,17,18",0.000106570045260495,TRUE,0,0,18,0,18,0,1
"S.EB",71,500,0.33,"TRUE","TRUE","FALSE","18.1247302959731","13.0021204643949","5.12260983157821","7.927","0.301","0.8","1,2,3,4,5,6,7,8,9,10,11,12,13,14,15,16,17,18",6.46879616555061e-05,TRUE,0,0,18,0,18,0,1
"S.EB",72,500,0.33,"TRUE","TRUE","FALSE","18.1548539902162","13.0174082439899","5.13744574622629","9.672","0.341","0.952","1,2,3,4,5,6,7,8,9,10,11,12,13,14,15,16,17,18",0.000108388290277492,TRUE,0,0,18,0,18,0,1
"S.EB",73,500,0.33,"TRUE","TRUE","FALSE","18.1094539304054","12.9887290181858","5.12072491221952","9.478","0.377","0.949","1,2,3,4,5,6,7,8,9,10,11,12,13,14,15,16,17,18",0.000142052266551516,TRUE,0,0,18,0,18,0,1
"S.EB",74,500,0.33,"TRUE","TRUE","FALSE","18.1906277860851","12.9994049440069","5.19122284207816","7.916","0.319","1.089","1,2,3,4,5,6,7,8,9,10,11,12,13,14,15,16,17,18,78",0.000170438050612395,FALSE,1,0,19,1,18,0.0526315789473684,1
"S.EB",75,500,0.33,"TRUE","TRUE","FALSE","18.1824621645363","13.0013117908869","5.18115037364949","9.398","0.299","0.875","1,2,3,4,5,6,7,8,9,10,11,12,13,14,15,16,17,18",0.0001050366407676,TRUE,0,0,18,0,18,0,1
"S.EB",76,500,0.33,"TRUE","TRUE","FALSE","18.2747343795101","11.0033447170894","7.27138966242075","9.979","0.312","0.791","1,2,3,4,5,6,7,8,9,10,11,12,13,14,15,16,17,18,373",0.000245606993362112,FALSE,1,0,19,1,18,0.0526315789473684,1
"S.EB",77,500,0.33,"TRUE","TRUE","FALSE","18.1724466270611","13.0216392085286","5.15080741853244","8.773","0.349","0.952","1,2,3,4,5,6,7,8,9,10,11,12,13,14,15,16,17,18",6.89173222751968e-05,TRUE,0,0,18,0,18,0,1
"S.EB",78,500,0.33,"TRUE","TRUE","FALSE","18.1147423296046","12.9669775894379","5.14776474016668","11.033","0.326","1.15","1,2,3,4,5,6,7,8,9,10,11,12,13,14,15,16,17,18",8.54673960374799e-05,TRUE,0,0,18,0,18,0,1
"S.EB",79,500,0.33,"TRUE","TRUE","FALSE","18.1280730367632","13.9932360398209","4.13483699694229","12.109","0.395","1.168","1,2,3,4,5,6,7,8,9,10,11,12,13,14,15,16,17,18",0.000125322504404988,TRUE,0,0,18,0,18,0,1
"S.EB",8,500,0.33,"TRUE","TRUE","FALSE","18.1292659635345","9.99948752476369","8.12977843877085","8.996","0.358","1.119","1,2,3,4,5,6,7,8,9,10,11,12,13,14,15,16,17,18",7.85936481301359e-05,TRUE,0,0,18,0,18,0,1
"S.EB",80,500,0.33,"TRUE","TRUE","FALSE","18.0880504102027","11.9751114521897","6.11293895801304","10.623","0.405","0.95","1,2,3,4,5,6,7,8,9,10,11,12,13,14,15,16,17,18",9.59335537672907e-05,TRUE,0,0,18,0,18,0,1
"S.EB",81,500,0.33,"TRUE","TRUE","FALSE","18.1366435979595","11.9788105253022","6.15783307265724","10.563","0.3","0.906","1,2,3,4,5,6,7,8,9,10,11,12,13,14,15,16,17,18",5.15086264507538e-05,TRUE,0,0,18,0,18,0,1
"S.EB",82,500,0.33,"TRUE","TRUE","FALSE","17.7205546104938","12.5914732522661","5.12908135822778","11.655","0.38","1.104","1,2,3,4,5,6,7,8,9,10,11,12,13,14,15,16,17,18",7.85021504478246e-05,TRUE,0,0,18,0,18,0,1
"S.EB",83,500,0.33,"TRUE","TRUE","FALSE","18.1847879357955","13.0084911854176","5.17629675037784","11.41","0.281","0.763","1,2,3,4,5,6,7,8,9,10,11,12,13,14,15,16,17,18,748",0.000142438104826565,FALSE,1,0,19,1,18,0.0526315789473684,1
"S.EB",84,500,0.33,"TRUE","TRUE","FALSE","18.2457577686492","12.0014438280425","6.24431394060668","7.594","0.261","0.715","1,2,3,4,5,6,7,8,9,10,11,12,13,14,15,16,17,18,180,679",0.00021733191032871,FALSE,2,0,20,2,18,0.1,1
"S.EB",85,500,0.33,"TRUE","TRUE","FALSE","18.1226206793249","12.0012050086778","6.12141567064715","7.227","0.272","0.703","1,2,3,4,5,6,7,8,9,10,11,12,13,14,15,16,17,18",4.14147605825398e-05,TRUE,0,0,18,0,18,0,1
"S.EB",86,500,0.33,"TRUE","TRUE","FALSE","18.1745793681368","11.0116650944105","7.16291427372633","8.085","0.287","0.795","1,2,3,4,5,6,7,8,9,10,11,12,13,14,15,16,17,18",0.00011186413565769,TRUE,0,0,18,0,18,0,1
"S.EB",87,500,0.33,"TRUE","TRUE","FALSE","18.1312701395135","12.0027225119514","6.12854762756212","7.617","0.261","0.665","1,2,3,4,5,6,7,8,9,10,11,12,13,14,15,16,17,18",0.000164222491642198,TRUE,0,0,18,0,18,0,1
"S.EB",88,500,0.33,"TRUE","TRUE","FALSE","18.1714846290205","11.8360939957043","6.33539063331621","8.468","0.265","0.719","1,2,3,4,5,6,7,8,9,10,11,12,13,14,15,16,17,18,41",0.000172973545144265,FALSE,1,0,19,1,18,0.0526315789473684,1
"S.EB",89,500,0.33,"TRUE","TRUE","FALSE","18.1072731476511","12.0011919360523","6.10608121159878","7.447","0.274","0.828","1,2,3,4,5,6,7,8,9,10,11,12,13,14,15,16,17,18",5.2742964349755e-05,TRUE,0,0,18,0,18,0,1
"S.EB",9,500,0.33,"TRUE","TRUE","FALSE","18.1009902301141","13.0013675891546","5.09962264095956","8.96","0.33","0.788","1,2,3,4,5,6,7,8,9,10,11,12,13,14,15,16,17,18",5.05264041344117e-05,TRUE,0,0,18,0,18,0,1
"S.EB",90,500,0.33,"TRUE","TRUE","FALSE","18.1035543012733","15.001602027279","3.10195227399433","6.923","0.275","0.712","1,2,3,4,5,6,7,8,9,10,11,12,13,14,15,16,17,18",0.000153477047669363,TRUE,0,0,18,0,18,0,1
"S.EB",91,500,0.33,"TRUE","TRUE","FALSE","18.0717240384488","12.9296468911077","5.1420771473411","7.703","0.272","0.766","1,2,3,4,5,6,7,8,9,10,11,12,13,14,15,16,17,18",0.000101204206444053,TRUE,0,0,18,0,18,0,1
"S.EB",92,500,0.33,"TRUE","TRUE","FALSE","18.100669037239","12.0017257378467","6.09894329939229","7.097","0.261","0.692","1,2,3,4,5,6,7,8,9,10,11,12,13,14,15,16,17,18",4.70958801851421e-05,TRUE,0,0,18,0,18,0,1
"S.EB",93,500,0.33,"TRUE","TRUE","FALSE","18.9537718306521","12.0014863878155","6.95228544283659","8.393","0.276","0.681","1,2,3,4,5,6,7,8,9,10,11,12,13,14,15,16,17,18,396",0.000176069456157451,FALSE,1,0,19,1,18,0.0526315789473684,1
"S.EB",94,500,0.33,"TRUE","TRUE","FALSE","17.707181479481","11.0016030035815","6.70557847589946","8.075","0.272","0.764","1,2,3,4,5,6,7,8,9,10,11,12,13,14,15,16,17,18",5.41961816866627e-05,TRUE,0,0,18,0,18,0,1
"S.EB",95,500,0.33,"TRUE","TRUE","FALSE","18.1684347463799","13.0011790223028","5.16725572407702","7.419","0.265","0.733","1,2,3,4,5,6,7,8,9,10,11,12,13,14,15,16,17,18,238",0.000191889157355183,FALSE,1,0,19,1,18,0.0526315789473684,1
"S.EB",96,500,0.33,"TRUE","TRUE","FALSE","18.1332687082783","13.9847108850903","4.14855782318802","7.634","0.287","0.823","1,2,3,4,5,6,7,8,9,10,11,12,13,14,15,16,17,18",7.81621249403538e-05,TRUE,0,0,18,0,18,0,1
"S.EB",97,500,0.33,"TRUE","TRUE","FALSE","18.1015053378248","12.9988639082139","5.10264142961095","7.252","0.262","0.709","1,2,3,4,5,6,7,8,9,10,11,12,13,14,15,16,17,18",0.000108467111178108,TRUE,0,0,18,0,18,0,1
"S.EB",98,500,0.33,"TRUE","TRUE","FALSE","18.1584615501454","11.0043260094455","7.15413554069985","7.162","0.261","0.705","1,2,3,4,5,6,7,8,9,10,11,12,13,14,15,16,17,18",8.40510373356616e-05,TRUE,0,0,18,0,18,0,1
"S.EB",99,500,0.33,"TRUE","TRUE","FALSE","18.2076639305141","13.0014037276613","5.20626020285279","7.466","0.27","0.794","1,2,3,4,5,6,7,8,9,10,11,12,13,14,15,16,17,18,340",0.000182292435468973,FALSE,1,0,19,1,18,0.0526315789473684,1
"S.EB.b",1,500,0.33,"TRUE","TRUE","FALSE","17.1458920830486","9.02145605086877","8.12443603217979","9.274","0.278","0.902","1,2,3,4,5,6,7,8,9,10,11,12,13,14,15,16,17,18",0.000132927697543586,TRUE,0,0,18,0,18,0,1
"S.EB.b",10,500,0.33,"TRUE","TRUE","FALSE","17.9387714435368","13.0015384510241","4.93723299251271","11.402","0.511","1.244","1,2,3,4,5,6,7,8,9,10,11,12,13,14,15,16,17,18",0.000146435277794301,TRUE,0,0,18,0,18,0,1
"S.EB.b",100,500,0.33,"TRUE","TRUE","FALSE","18.0921069339882","12.0027799212978","6.08932701269041","7.302","0.264","0.743","1,2,3,4,5,6,7,8,9,10,11,12,13,14,15,16,17,18",6.88108450991756e-05,TRUE,0,0,18,0,18,0,1
"S.EB.b",11,500,0.33,"TRUE","TRUE","FALSE","17.5408342430687","11.3886635481988","6.15217069486991","10.86","0.343","0.927","1,2,3,4,5,6,7,8,9,10,11,12,13,14,15,16,17,18",0.000114520631031029,TRUE,0,0,18,0,18,0,1
"S.EB.b",12,500,0.33,"TRUE","TRUE","FALSE","18.1153649588782","13.0014281686894","5.11393679018882","10.091","0.304","1.046","1,2,3,4,5,6,7,8,9,10,11,12,13,14,15,16,17,18",0.000123846876081248,TRUE,0,0,18,0,18,0,1
"S.EB.b",13,500,0.33,"TRUE","TRUE","FALSE","17.9093955597924","12.6613457801843","5.24804977960812","8.949","0.333","0.779","1,2,3,4,5,6,7,8,9,10,11,12,13,14,15,16,17,18",0.000117802260028476,TRUE,0,0,18,0,18,0,1
"S.EB.b",14,500,0.33,"TRUE","TRUE","FALSE","17.497923025141","10.3898065422094","7.10811648293158","9.427","0.284","0.747","1,2,3,4,5,6,7,8,9,10,11,12,13,14,15,16,17,18",0.000109686400279826,TRUE,0,0,18,0,18,0,1
"S.EB.b",15,500,0.33,"TRUE","TRUE","FALSE","18.1997607381729","12.0012654005279","6.19849533764502","9.044","0.325","0.974","1,2,3,4,5,6,7,8,9,10,11,12,13,14,15,16,17,18",7.9975906125065e-05,TRUE,0,0,18,0,18,0,1
"S.EB.b",16,500,0.33,"TRUE","TRUE","FALSE","17.4989627516866","10.1333441813573","7.36561857032931","8.836","0.267","0.723","1,2,3,4,5,6,7,8,9,10,11,12,13,14,15,16,17,18,49",0.000187997378283466,FALSE,1,0,19,1,18,0.0526315789473684,1
"S.EB.b",17,500,0.33,"TRUE","TRUE","FALSE","18.1341395535671","11.9622006072383","6.17193894632877","8.575","0.334","0.986","1,2,3,4,5,6,7,8,9,10,11,12,13,14,15,16,17,18",0.00014292261113767,TRUE,0,0,18,0,18,0,1
"S.EB.b",18,500,0.33,"TRUE","TRUE","FALSE","18.2222782025643","14.022489565661","4.19978863690335","9.449","0.299","0.768","1,2,3,4,5,6,7,8,9,10,11,12,13,14,15,16,17,18,26",0.000146262903550941,FALSE,1,0,19,1,18,0.0526315789473684,1
"S.EB.b",19,500,0.33,"TRUE","TRUE","FALSE","18.1539813991203","12.0062577184994","6.14772368062094","7.373","0.25","0.671","1,2,3,4,5,6,7,8,9,10,11,12,13,14,15,16,17,18,24",0.000162100466248404,FALSE,1,0,19,1,18,0.0526315789473684,1
"S.EB.b",2,500,0.33,"TRUE","TRUE","FALSE","18.1333305480413","10.0019924368064","8.13133811123499","8.823","0.355","0.881","1,2,3,4,5,6,7,8,9,10,11,12,13,14,15,16,17,18",5.21304148982777e-05,TRUE,0,0,18,0,18,0,1
"S.EB.b",20,500,0.33,"TRUE","TRUE","FALSE","18.0774617082382","12.9845677056174","5.0928940026208","8.87","0.34","0.853","1,2,3,4,5,6,7,8,9,10,11,12,13,14,15,16,17,18",0.000107943929126394,TRUE,0,0,18,0,18,0,1
"S.EB.b",21,500,0.33,"TRUE","TRUE","FALSE","18.1173213431007","10.0035295228326","8.11379182026813","7.455","0.353","0.843","1,2,3,4,5,6,7,8,9,10,11,12,13,14,15,16,17,18,27",0.000168294754804775,FALSE,1,0,19,1,18,0.0526315789473684,1
"S.EB.b",22,500,0.33,"TRUE","TRUE","FALSE","18.4512798964707","12.0014736875039","6.44980620896681","9.437","0.261","0.722","1,2,3,4,5,6,7,8,9,10,11,12,13,14,15,16,17,18,129",0.000254829915139589,FALSE,1,0,19,1,18,0.0526315789473684,1
"S.EB.b",23,500,0.33,"TRUE","TRUE","FALSE","18.1195886448298","15.0050352557283","3.11455338910156","7.674","0.284","0.789","1,2,3,4,5,6,7,8,9,10,11,12,13,14,15,16,17,18,31",7.83741156219345e-05,FALSE,1,0,19,1,18,0.0526315789473684,1
"S.EB.b",24,500,0.33,"TRUE","TRUE","FALSE","18.1205356009018","12.0025934690178","6.11794213188403","8.255","0.278","0.799","1,2,3,4,5,6,7,8,9,10,11,12,13,14,15,16,17,18",6.90886369077436e-05,TRUE,0,0,18,0,18,0,1
"S.EB.b",25,500,0.33,"TRUE","TRUE","FALSE","18.1714354165711","12.0016844096015","6.16975100696968","8.293","0.285","0.754","1,2,3,4,5,6,7,8,9,10,11,12,13,14,15,16,17,18",8.03923491753404e-05,TRUE,0,0,18,0,18,0,1
"S.EB.b",26,500,0.33,"TRUE","TRUE","FALSE","18.2060960358114","14.0010838728338","4.20501216297761","9.486","0.285","0.752","1,2,3,4,5,6,7,8,9,10,11,12,13,14,15,16,17,18",0.000115678019293571,TRUE,0,0,18,0,18,0,1
"S.EB.b",27,500,0.33,"TRUE","TRUE","FALSE","18.1462188886286","14.0023876104165","4.14383127821211","8.097","0.267","0.725","1,2,3,4,5,6,7,8,9,10,11,12,13,14,15,16,17,18",5.76849327892292e-05,TRUE,0,0,18,0,18,0,1
"S.EB.b",28,500,0.33,"TRUE","TRUE","FALSE","17.7365520976883","13.5253748616647","4.21117723602366","11.71","0.307","0.917","1,2,3,4,5,6,7,8,9,10,11,12,13,14,15,16,17,18",8.69387951122616e-05,TRUE,0,0,18,0,18,0,1
"S.EB.b",29,500,0.33,"TRUE","TRUE","FALSE","17.263480769356","13.0689737201204","4.19450704923561","10.128","0.428","1.669","1,2,3,4,5,6,7,8,9,10,11,12,13,14,15,16,17,18",9.44789837089155e-05,TRUE,0,0,18,0,18,0,1
"S.EB.b",3,500,0.33,"TRUE","TRUE","FALSE","18.0895265612141","12.0020375970708","6.08748896414331","8.065","0.348","0.961","1,2,3,4,5,6,7,8,9,10,11,12,13,14,15,16,17,18",0.000145284346660375,TRUE,0,0,18,0,18,0,1
"S.EB.b",30,500,0.33,"TRUE","TRUE","FALSE","18.156081952173","12.9944238012122","5.16165815096078","8.778","0.316","0.951","1,2,3,4,5,6,7,8,9,10,11,12,13,14,15,16,17,18,35",8.40365581699521e-05,FALSE,1,0,19,1,18,0.0526315789473684,1
"S.EB.b",31,500,0.33,"TRUE","TRUE","FALSE","18.1331407592421","13.0006674696476","5.13247328959454","8.473","0.351","0.975","1,2,3,4,5,6,7,8,9,10,11,12,13,14,15,16,17,18",7.62189424189332e-05,TRUE,0,0,18,0,18,0,1
"S.EB.b",32,500,0.33,"TRUE","TRUE","FALSE","18.1775636477685","11.0006053575495","7.17695829021904","9.873","0.395","1.137","1,2,3,4,5,6,7,8,9,10,11,12,13,14,15,16,17,18",0.000178521160657503,TRUE,0,0,18,0,18,0,1
"S.EB.b",33,500,0.33,"TRUE","TRUE","FALSE","17.173974438542","13.0015962957545","4.17237814278753","8.802","0.288","0.733","2,3,4,5,6,7,8,9,10,11,12,13,14,15,16,17,18",0.000253151143561942,FALSE,0,1,17,0,17,0,0.944444444444444
"S.EB.b",34,500,0.33,"TRUE","TRUE","FALSE","18.1962278320779","12.0034348035819","6.19279302849594","10.489","0.345","0.891","1,2,3,4,5,6,7,8,9,10,11,12,13,14,15,16,17,18",7.3979356140611e-05,TRUE,0,0,18,0,18,0,1
"S.EB.b",35,500,0.33,"TRUE","TRUE","FALSE","18.021426860684","12.9156777336297","5.10574912705437","9.184","0.33","0.856","1,2,3,4,5,6,7,8,9,10,11,12,13,14,15,16,17,18",0.000165682331047338,TRUE,0,0,18,0,18,0,1
"S.EB.b",36,500,0.33,"TRUE","TRUE","FALSE","18.1115446952036","13.0011657777272","5.1103789174764","9.232","0.364","0.953","1,2,3,4,5,6,7,8,9,10,11,12,13,14,15,16,17,18",0.000128446967464269,TRUE,0,0,18,0,18,0,1
"S.EB.b",37,500,0.33,"TRUE","TRUE","FALSE","17.2147525337101","14.0030612764077","3.21169125730241","9.394","0.296","0.85","2,3,4,5,6,7,8,9,10,11,12,13,14,15,16,17,18",0.000222814690512317,FALSE,0,1,17,0,17,0,0.944444444444444
"S.EB.b",38,500,0.33,"TRUE","TRUE","FALSE","18.9450794979983","12.002008491525","6.9430710064733","10.554","0.319","0.794","1,2,3,4,5,6,7,8,9,10,11,12,13,14,15,16,17,18,112",0.000233693518038838,FALSE,1,0,19,1,18,0.0526315789473684,1
"S.EB.b",39,500,0.33,"TRUE","TRUE","FALSE","18.3049433252513","11.0022836843798","7.30265964087151","9.685","0.297","0.85","1,2,3,4,5,6,7,8,9,10,11,12,13,14,15,16,17,18",5.33486356099348e-05,TRUE,0,0,18,0,18,0,1
"S.EB.b",4,500,0.33,"TRUE","TRUE","FALSE","18.0424837544688","11.8784284498684","6.1640553046004","9.764","0.322","1.118","1,2,3,4,5,6,7,8,9,10,11,12,13,14,15,16,17,18",9.62564972015002e-05,TRUE,0,0,18,0,18,0,1
"S.EB.b",40,500,0.33,"TRUE","TRUE","FALSE","18.0900897573343","10.9915214976366","7.09856825969766","9.47","0.317","0.831","1,2,3,4,5,6,7,8,9,10,11,12,13,14,15,16,17,18",0.000112571685507961,TRUE,0,0,18,0,18,0,1
"S.EB.b",41,500,0.33,"TRUE","TRUE","FALSE","17.2290650549063","12.0015971646224","5.22746789028392","9.314","0.319","0.792","2,3,4,5,6,7,8,9,10,11,12,13,14,15,16,17,18",0.000241853809204946,FALSE,0,1,17,0,17,0,0.944444444444444
"S.EB.b",42,500,0.33,"TRUE","TRUE","FALSE","18.1346687000823","14.0023553301298","4.13231336995253","10.968","0.469","1.12","1,2,3,4,5,6,7,8,9,10,11,12,13,14,15,16,17,18",9.74762689167971e-05,TRUE,0,0,18,0,18,0,1
"S.EB.b",43,500,0.33,"TRUE","TRUE","FALSE","18.1335812777814","12.9941327859088","5.13944849187265","9.542","0.343","0.901","1,2,3,4,5,6,7,8,9,10,11,12,13,14,15,16,17,18,25",0.000159955181446517,FALSE,1,0,19,1,18,0.0526315789473684,1
"S.EB.b",44,500,0.33,"TRUE","TRUE","FALSE","18.1233960649366","12.0017603561435","6.12163570879303","9.87","0.289","0.75","1,2,3,4,5,6,7,8,9,10,11,12,13,14,15,16,17,18,26",0.000107260819469172,FALSE,1,0,19,1,18,0.0526315789473684,1
"S.EB.b",45,500,0.33,"TRUE","TRUE","FALSE","18.0887239059044","11.9985720848822","6.09015182102221","6.956","0.263","0.726","1,2,3,4,5,6,7,8,9,10,11,12,13,14,15,16,17,18,26",8.41395036776295e-05,FALSE,1,0,19,1,18,0.0526315789473684,1
"S.EB.b",46,500,0.33,"TRUE","TRUE","FALSE","18.1086531811987","12.9995503894804","5.10910279171835","8.125","0.346","0.883","1,2,3,4,5,6,7,8,9,10,11,12,13,14,15,16,17,18",9.66567245339234e-05,TRUE,0,0,18,0,18,0,1
"S.EB.b",47,500,0.33,"TRUE","TRUE","FALSE","18.1767775805975","12.0020558785168","6.17472170208068","10.22","0.392","0.955","1,2,3,4,5,6,7,8,9,10,11,12,13,14,15,16,17,18",4.8861813783963e-05,TRUE,0,0,18,0,18,0,1
"S.EB.b",48,500,0.33,"TRUE","TRUE","FALSE","18.2038185885559","13.0042473508406","5.19957123771528","10.296","0.365","0.78","1,2,3,4,5,6,7,8,9,10,11,12,13,14,15,16,17,18,26",8.63741351208557e-05,FALSE,1,0,19,1,18,0.0526315789473684,1
"S.EB.b",49,500,0.33,"TRUE","TRUE","FALSE","18.0985482418792","11.9896416942506","6.10890654762859","7.959","0.321","0.741","1,2,3,4,5,6,7,8,9,10,11,12,13,14,15,16,17,18",0.000134887910707364,TRUE,0,0,18,0,18,0,1
"S.EB.b",5,500,0.33,"TRUE","TRUE","FALSE","18.1833802134925","11.0025435477342","7.18083666575838","11.748","0.42","1.24","1,2,3,4,5,6,7,8,9,10,11,12,13,14,15,16,17,18",0.000131323912877904,TRUE,0,0,18,0,18,0,1
"S.EB.b",50,500,0.33,"TRUE","TRUE","FALSE","17.1447869218311","11.0103601268017","6.13442679502942","7.694","0.294","0.77","1,2,3,4,5,6,7,8,9,10,11,12,13,14,15,16,17,18",0.000143330027332777,TRUE,0,0,18,0,18,0,1
"S.EB.b",51,500,0.33,"TRUE","TRUE","FALSE","18.0644175644959","11.9469196167879","6.11749794770794","8.362","0.31","0.853","1,2,3,4,5,6,7,8,9,10,11,12,13,14,15,16,17,18",9.31619368663755e-05,TRUE,0,0,18,0,18,0,1
"S.EB.b",52,500,0.33,"TRUE","TRUE","FALSE","17.7459631541169","11.6010751284157","6.14488802570119","12.864","0.313","0.851","1,2,3,4,5,6,7,8,9,10,11,12,13,14,15,16,17,18",0.000137340191700768,TRUE,0,0,18,0,18,0,1
"S.EB.b",53,500,0.33,"TRUE","TRUE","FALSE","17.7350183126398","11.6257315863468","6.10928672629301","8.528","0.333","0.857","1,2,3,4,5,6,7,8,9,10,11,12,13,14,15,16,17,18",9.03752537891087e-05,TRUE,0,0,18,0,18,0,1
"S.EB.b",54,500,0.33,"TRUE","TRUE","FALSE","18.6454636953532","13.0015683374252","5.64389535792799","12.929","0.362","1.031","1,2,3,4,5,6,7,8,9,10,11,12,13,14,15,16,17,18,41,295",0.000270179855790233,FALSE,2,0,20,2,18,0.1,1
"S.EB.b",55,500,0.33,"TRUE","TRUE","FALSE","18.2235098183901","12.0013874270544","6.22212239133566","8.651","0.456","0.79","1,2,3,4,5,6,7,8,9,10,11,12,13,14,15,16,17,18",7.03028949314991e-05,TRUE,0,0,18,0,18,0,1
"S.EB.b",56,500,0.33,"TRUE","TRUE","FALSE","18.0309268858936","12.0021657372085","6.02876114868508","9.411","0.264","0.672","1,2,3,4,5,6,7,8,9,10,11,12,13,14,15,16,17,18,387",0.000198354560868245,FALSE,1,0,19,1,18,0.0526315789473684,1
"S.EB.b",57,500,0.33,"TRUE","TRUE","FALSE","17.7040276815791","12.0037139830483","5.70031369853088","11.105","0.411","0.99","1,2,3,4,5,6,7,8,9,10,11,12,13,14,15,16,17,18",0.000107951441668437,TRUE,0,0,18,0,18,0,1
"S.EB.b",58,500,0.33,"TRUE","TRUE","FALSE","18.2781691695659","11.0009830360846","7.27718613348135","9.453","0.302","0.788","1,2,3,4,5,6,7,8,9,10,11,12,13,14,15,16,17,18",9.49765672950818e-05,TRUE,0,0,18,0,18,0,1
"S.EB.b",59,500,0.33,"TRUE","TRUE","FALSE","18.265529580269","13.00196947145","5.26356010881901","7.94","0.278","0.837","1,2,3,4,5,6,7,8,9,10,11,12,13,14,15,16,17,18",5.80260637487422e-05,TRUE,0,0,18,0,18,0,1
"S.EB.b",6,500,0.33,"TRUE","TRUE","FALSE","18.1382488187824","13.0015038406454","5.13674497813699","8.971","0.319","0.857","1,2,3,4,5,6,7,8,9,10,11,12,13,14,15,16,17,18",6.76692542879292e-05,TRUE,0,0,18,0,18,0,1
"S.EB.b",60,500,0.33,"TRUE","TRUE","FALSE","18.2005854340746","13.0015583320002","5.1990271020744","7.752","0.258","0.701","1,2,3,4,5,6,7,8,9,10,11,12,13,14,15,16,17,18",0.000103855184551598,TRUE,0,0,18,0,18,0,1
"S.EB.b",61,500,0.33,"TRUE","TRUE","FALSE","18.1281543234173","11.0050403341728","7.12311398924453","8.898","0.45","1.149","1,2,3,4,5,6,7,8,9,10,11,12,13,14,15,16,17,18,24",0.000121573481889747,FALSE,1,0,19,1,18,0.0526315789473684,1
"S.EB.b",62,500,0.33,"TRUE","TRUE","FALSE","18.3087029800623","13.0012930861224","5.30740989393994","10.71","0.324","0.856","1,2,3,4,5,6,7,8,9,10,11,12,13,14,15,16,17,18",7.26233195875515e-05,TRUE,0,0,18,0,18,0,1
"S.EB.b",63,500,0.33,"TRUE","TRUE","FALSE","18.0296079242963","11.8978796065061","6.13172831779019","12.115","0.453","1.247","1,2,3,4,5,6,7,8,9,10,11,12,13,14,15,16,17,18",0.000101064676752946,TRUE,0,0,18,0,18,0,1
"S.EB.b",64,500,0.33,"TRUE","TRUE","FALSE","18.1252001276612","12.9424778865832","5.18272224107798","8.679","0.27","0.71","1,2,3,4,5,6,7,8,9,10,11,12,13,14,15,16,17,18",9.02903829840405e-05,TRUE,0,0,18,0,18,0,1
"S.EB.b",65,500,0.33,"TRUE","TRUE","FALSE","18.1020891145594","12.9987294502108","5.10335966434863","11.345","0.429","1.241","1,2,3,4,5,6,7,8,9,10,11,12,13,14,15,16,17,18",5.29841921829257e-05,TRUE,0,0,18,0,18,0,1
"S.EB.b",66,500,0.33,"TRUE","TRUE","FALSE","18.1441281388126","12.0015140349089","6.14261410390376","11.789","0.401","1.075","1,2,3,4,5,6,7,8,9,10,11,12,13,14,15,16,17,18",9.15684604123092e-05,TRUE,0,0,18,0,18,0,1
"S.EB.b",67,500,0.33,"TRUE","TRUE","FALSE","17.1502147368702","14.0017300902331","3.14848464663712","9.776","0.414","1.111","2,3,4,5,6,7,8,9,10,11,12,13,14,15,16,17,18",0.000208311565664264,FALSE,0,1,17,0,17,0,0.944444444444444
"S.EB.b",68,500,0.33,"TRUE","TRUE","FALSE","18.1116394423315","14.0007048636412","4.11093457869035","11.15","0.387","1.002","1,2,3,4,5,6,7,8,9,10,11,12,13,14,15,16,17,18",0.000111141857099474,TRUE,0,0,18,0,18,0,1
"S.EB.b",69,500,0.33,"TRUE","TRUE","FALSE","18.1143582371942","12.0017929872365","6.11256524995774","9.847","0.374","0.868","1,2,3,4,5,6,7,8,9,10,11,12,13,14,15,16,17,18",7.99689356862663e-05,TRUE,0,0,18,0,18,0,1
"S.EB.b",7,500,0.33,"TRUE","TRUE","FALSE","17.6605171717907","11.001889249506","6.65862792228472","9.841","0.3","0.816","1,2,3,4,5,6,7,8,9,10,11,12,13,14,15,16,17,18",0.000116415821790794,TRUE,0,0,18,0,18,0,1
"S.EB.b",70,500,0.33,"TRUE","TRUE","FALSE","17.5296421137171","11.407697721407","6.12194439231005","9.692","0.324","1.019","1,2,3,4,5,6,7,8,9,10,11,12,13,14,15,16,17,18",0.000106570045260495,TRUE,0,0,18,0,18,0,1
"S.EB.b",71,500,0.33,"TRUE","TRUE","FALSE","18.1247302959731","13.0021204643949","5.12260983157821","7.927","0.301","0.8","1,2,3,4,5,6,7,8,9,10,11,12,13,14,15,16,17,18",6.46879616555061e-05,TRUE,0,0,18,0,18,0,1
"S.EB.b",72,500,0.33,"TRUE","TRUE","FALSE","18.1548539902162","13.0174082439899","5.13744574622629","9.672","0.341","0.952","1,2,3,4,5,6,7,8,9,10,11,12,13,14,15,16,17,18,22",0.000182317242691836,FALSE,1,0,19,1,18,0.0526315789473684,1
"S.EB.b",73,500,0.33,"TRUE","TRUE","FALSE","18.1094539304054","12.9887290181858","5.12072491221952","9.478","0.377","0.949","1,2,3,4,5,6,7,8,9,10,11,12,13,14,15,16,17,18",0.000142052266551516,TRUE,0,0,18,0,18,0,1
"S.EB.b",74,500,0.33,"TRUE","TRUE","FALSE","18.1906277860851","12.9994049440069","5.19122284207816","7.916","0.319","1.089","1,2,3,4,5,6,7,8,9,10,11,12,13,14,15,16,17,18",8.851812904965e-05,TRUE,0,0,18,0,18,0,1
"S.EB.b",75,500,0.33,"TRUE","TRUE","FALSE","18.1824621645363","13.0013117908869","5.18115037364949","9.398","0.299","0.875","1,2,3,4,5,6,7,8,9,10,11,12,13,14,15,16,17,18",0.0001050366407676,TRUE,0,0,18,0,18,0,1
"S.EB.b",76,500,0.33,"TRUE","TRUE","FALSE","18.2747343795101","11.0033447170894","7.27138966242075","9.979","0.312","0.791","1,2,3,4,5,6,7,8,9,10,11,12,13,14,15,16,17,18,23,373",0.000288172439942277,FALSE,2,0,20,2,18,0.1,1
"S.EB.b",77,500,0.33,"TRUE","TRUE","FALSE","18.1724466270611","13.0216392085286","5.15080741853244","8.773","0.349","0.952","1,2,3,4,5,6,7,8,9,10,11,12,13,14,15,16,17,18,22",0.000131371669048067,FALSE,1,0,19,1,18,0.0526315789473684,1
"S.EB.b",78,500,0.33,"TRUE","TRUE","FALSE","18.1147423296046","12.9669775894379","5.14776474016668","11.033","0.326","1.15","1,2,3,4,5,6,7,8,9,10,11,12,13,14,15,16,17,18",8.54673960374799e-05,TRUE,0,0,18,0,18,0,1
"S.EB.b",79,500,0.33,"TRUE","TRUE","FALSE","18.1280730367632","13.9932360398209","4.13483699694229","12.109","0.395","1.168","1,2,3,4,5,6,7,8,9,10,11,12,13,14,15,16,17,18",0.000125322504404988,TRUE,0,0,18,0,18,0,1
"S.EB.b",8,500,0.33,"TRUE","TRUE","FALSE","18.1292659635345","9.99948752476369","8.12977843877085","8.996","0.358","1.119","1,2,3,4,5,6,7,8,9,10,11,12,13,14,15,16,17,18",7.85936481301359e-05,TRUE,0,0,18,0,18,0,1
"S.EB.b",80,500,0.33,"TRUE","TRUE","FALSE","18.0880504102027","11.9751114521897","6.11293895801304","10.623","0.405","0.95","1,2,3,4,5,6,7,8,9,10,11,12,13,14,15,16,17,18,23",0.000136426156385739,FALSE,1,0,19,1,18,0.0526315789473684,1
"S.EB.b",81,500,0.33,"TRUE","TRUE","FALSE","18.1366435979595","11.9788105253022","6.15783307265724","10.563","0.3","0.906","1,2,3,4,5,6,7,8,9,10,11,12,13,14,15,16,17,18",5.15086264507538e-05,TRUE,0,0,18,0,18,0,1
"S.EB.b",82,500,0.33,"TRUE","TRUE","FALSE","17.7205546104938","12.5914732522661","5.12908135822778","11.655","0.38","1.104","1,2,3,4,5,6,7,8,9,10,11,12,13,14,15,16,17,18",7.85021504478246e-05,TRUE,0,0,18,0,18,0,1
"S.EB.b",83,500,0.33,"TRUE","TRUE","FALSE","18.1847879357955","13.0084911854176","5.17629675037784","11.41","0.281","0.763","1,2,3,4,5,6,7,8,9,10,11,12,13,14,15,16,17,18,27",0.000135348629060037,FALSE,1,0,19,1,18,0.0526315789473684,1
"S.EB.b",84,500,0.33,"TRUE","TRUE","FALSE","18.2457577686492","12.0014438280425","6.24431394060668","7.594","0.261","0.715","1,2,3,4,5,6,7,8,9,10,11,12,13,14,15,16,17,18",7.87840998700712e-05,TRUE,0,0,18,0,18,0,1
"S.EB.b",85,500,0.33,"TRUE","TRUE","FALSE","18.1226206793249","12.0012050086778","6.12141567064715","7.227","0.272","0.703","1,2,3,4,5,6,7,8,9,10,11,12,13,14,15,16,17,18",4.14147605825398e-05,TRUE,0,0,18,0,18,0,1
"S.EB.b",86,500,0.33,"TRUE","TRUE","FALSE","18.1745793681368","11.0116650944105","7.16291427372633","8.085","0.287","0.795","1,2,3,4,5,6,7,8,9,10,11,12,13,14,15,16,17,18,32",0.000151973939201959,FALSE,1,0,19,1,18,0.0526315789473684,1
"S.EB.b",87,500,0.33,"TRUE","TRUE","FALSE","18.1312701395135","12.0027225119514","6.12854762756212","7.617","0.261","0.665","1,2,3,4,5,6,7,8,9,10,11,12,13,14,15,16,17,18",0.000164222491642198,TRUE,0,0,18,0,18,0,1
"S.EB.b",88,500,0.33,"TRUE","TRUE","FALSE","18.1714846290205","11.8360939957043","6.33539063331621","8.468","0.265","0.719","1,2,3,4,5,6,7,8,9,10,11,12,13,14,15,16,17,18,41",0.000172973545144265,FALSE,1,0,19,1,18,0.0526315789473684,1
"S.EB.b",89,500,0.33,"TRUE","TRUE","FALSE","18.1072731476511","12.0011919360523","6.10608121159878","7.447","0.274","0.828","1,2,3,4,5,6,7,8,9,10,11,12,13,14,15,16,17,18",5.2742964349755e-05,TRUE,0,0,18,0,18,0,1
"S.EB.b",9,500,0.33,"TRUE","TRUE","FALSE","18.1009902301141","13.0013675891546","5.09962264095956","8.96","0.33","0.788","1,2,3,4,5,6,7,8,9,10,11,12,13,14,15,16,17,18",5.05264041344117e-05,TRUE,0,0,18,0,18,0,1
"S.EB.b",90,500,0.33,"TRUE","TRUE","FALSE","18.1035543012733","15.001602027279","3.10195227399433","6.923","0.275","0.712","1,2,3,4,5,6,7,8,9,10,11,12,13,14,15,16,17,18",0.000153477047669363,TRUE,0,0,18,0,18,0,1
"S.EB.b",91,500,0.33,"TRUE","TRUE","FALSE","18.0717240384488","12.9296468911077","5.1420771473411","7.703","0.272","0.766","1,2,3,4,5,6,7,8,9,10,11,12,13,14,15,16,17,18",0.000101204206444053,TRUE,0,0,18,0,18,0,1
"S.EB.b",92,500,0.33,"TRUE","TRUE","FALSE","18.100669037239","12.0017257378467","6.09894329939229","7.097","0.261","0.692","1,2,3,4,5,6,7,8,9,10,11,12,13,14,15,16,17,18",4.70958801851421e-05,TRUE,0,0,18,0,18,0,1
"S.EB.b",93,500,0.33,"TRUE","TRUE","FALSE","18.9537718306521","12.0014863878155","6.95228544283659","8.393","0.276","0.681","1,2,3,4,5,6,7,8,9,10,11,12,13,14,15,16,17,18,396",0.000176069456157451,FALSE,1,0,19,1,18,0.0526315789473684,1
"S.EB.b",94,500,0.33,"TRUE","TRUE","FALSE","17.707181479481","11.0016030035815","6.70557847589946","8.075","0.272","0.764","1,2,3,4,5,6,7,8,9,10,11,12,13,14,15,16,17,18",5.41961816866627e-05,TRUE,0,0,18,0,18,0,1
"S.EB.b",95,500,0.33,"TRUE","TRUE","FALSE","18.1684347463799","13.0011790223028","5.16725572407702","7.419","0.265","0.733","1,2,3,4,5,6,7,8,9,10,11,12,13,14,15,16,17,18",0.000108068922537548,TRUE,0,0,18,0,18,0,1
"S.EB.b",96,500,0.33,"TRUE","TRUE","FALSE","18.1332687082783","13.9847108850903","4.14855782318802","7.634","0.287","0.823","1,2,3,4,5,6,7,8,9,10,11,12,13,14,15,16,17,18",7.81621249403538e-05,TRUE,0,0,18,0,18,0,1
"S.EB.b",97,500,0.33,"TRUE","TRUE","FALSE","18.1015053378248","12.9988639082139","5.10264142961095","7.252","0.262","0.709","1,2,3,4,5,6,7,8,9,10,11,12,13,14,15,16,17,18",0.000108467111178108,TRUE,0,0,18,0,18,0,1
"S.EB.b",98,500,0.33,"TRUE","TRUE","FALSE","18.1584615501454","11.0043260094455","7.15413554069985","7.162","0.261","0.705","1,2,3,4,5,6,7,8,9,10,11,12,13,14,15,16,17,18,27",0.000125725287496035,FALSE,1,0,19,1,18,0.0526315789473684,1
"S.EB.b",99,500,0.33,"TRUE","TRUE","FALSE","18.2076639305141","13.0014037276613","5.20626020285279","7.466","0.27","0.794","1,2,3,4,5,6,7,8,9,10,11,12,13,14,15,16,17,18",9.69272505035634e-05,TRUE,0,0,18,0,18,0,1
"scad.cv",1,500,0.33,"TRUE","TRUE","FALSE","17.1458920830486","9.02145605086877","8.12443603217979","9.274","0.278","0.902","2,3,4,5,6,7,8,9,10,11,12,13,14,15,16,17,18",0.002740008303885,FALSE,0,1,17,0,17,0,0.944444444444444
"scad.cv",10,500,0.33,"TRUE","TRUE","FALSE","17.9387714435368","13.0015384510241","4.93723299251271","11.402","0.511","1.244","1,2,3,4,5,6,7,8,9,10,11,12,13,14,15,16,17,18",0.00241909278787965,TRUE,0,0,18,0,18,0,1
"scad.cv",100,500,0.33,"TRUE","TRUE","FALSE","18.0921069339882","12.0027799212978","6.08932701269041","7.302","0.264","0.743","1,2,3,4,5,6,7,8,9,10,11,12,13,14,15,16,17,18",0.00206919674954892,TRUE,0,0,18,0,18,0,1
"scad.cv",11,500,0.33,"TRUE","TRUE","FALSE","17.5408342430687","11.3886635481988","6.15217069486991","10.86","0.343","0.927","2,3,4,5,6,7,8,9,10,11,12,13,14,15,16,17,18",0.00288326291693118,FALSE,0,1,17,0,17,0,0.944444444444444
"scad.cv",12,500,0.33,"TRUE","TRUE","FALSE","18.1153649588782","13.0014281686894","5.11393679018882","10.091","0.304","1.046","1,2,3,4,5,6,7,8,9,10,11,12,13,14,15,16,17,18",0.00304952499059986,TRUE,0,0,18,0,18,0,1
"scad.cv",13,500,0.33,"TRUE","TRUE","FALSE","17.9093955597924","12.6613457801843","5.24804977960812","8.949","0.333","0.779","2,3,4,5,6,7,8,9,10,11,12,13,14,15,16,17,18",0.00264328963262663,FALSE,0,1,17,0,17,0,0.944444444444444
"scad.cv",14,500,0.33,"TRUE","TRUE","FALSE","17.497923025141","10.3898065422094","7.10811648293158","9.427","0.284","0.747","2,3,4,5,6,7,8,9,10,11,12,13,14,15,16,17,18",0.00286708618836216,FALSE,0,1,17,0,17,0,0.944444444444444
"scad.cv",15,500,0.33,"TRUE","TRUE","FALSE","18.1997607381729","12.0012654005279","6.19849533764502","9.044","0.325","0.974","1,2,3,4,5,6,7,8,9,10,11,12,13,14,15,16,17,18,613",0.00221242186635254,FALSE,1,0,19,1,18,0.0526315789473684,1
"scad.cv",16,500,0.33,"TRUE","TRUE","FALSE","17.4989627516866","10.1333441813573","7.36561857032931","8.836","0.267","0.723","2,3,4,5,6,7,8,9,10,11,12,13,14,15,16,17,18",0.00282172385606723,FALSE,0,1,17,0,17,0,0.944444444444444
"scad.cv",17,500,0.33,"TRUE","TRUE","FALSE","18.1341395535671","11.9622006072383","6.17193894632877","8.575","0.334","0.986","1,2,3,4,5,6,7,8,9,10,11,12,13,14,15,16,17",0.00234039071870726,FALSE,0,1,17,0,17,0,0.944444444444444
"scad.cv",18,500,0.33,"TRUE","TRUE","FALSE","18.2222782025643","14.022489565661","4.19978863690335","9.449","0.299","0.768","1,2,3,4,5,6,7,8,9,10,11,12,13,14,15,16,17,18",0.00189140986618333,TRUE,0,0,18,0,18,0,1
"scad.cv",19,500,0.33,"TRUE","TRUE","FALSE","18.1539813991203","12.0062577184994","6.14772368062094","7.373","0.25","0.671","1,2,3,4,5,6,7,8,9,10,11,12,13,14,15,16,17,18,468,574,653",0.000902904643210113,FALSE,3,0,21,3,18,0.142857142857143,1
"scad.cv",2,500,0.33,"TRUE","TRUE","FALSE","18.1333305480413","10.0019924368064","8.13133811123499","8.823","0.355","0.881","1,2,3,4,5,6,7,8,9,10,11,12,13,14,15,16,17,18,40,143,239,495,574,589,664,758,761",0.000945910805078015,FALSE,9,0,27,9,18,0.333333333333333,1
"scad.cv",20,500,0.33,"TRUE","TRUE","FALSE","18.0774617082382","12.9845677056174","5.0928940026208","8.87","0.34","0.853","1,2,3,4,5,6,7,8,9,10,11,12,13,14,15,16,17,18",0.00250595036814727,TRUE,0,0,18,0,18,0,1
"scad.cv",21,500,0.33,"TRUE","TRUE","FALSE","18.1173213431007","10.0035295228326","8.11379182026813","7.455","0.353","0.843","1,2,3,4,5,6,7,8,9,10,11,12,13,14,15,16,17,18",0.00288143344766731,TRUE,0,0,18,0,18,0,1
"scad.cv",22,500,0.33,"TRUE","TRUE","FALSE","18.4512798964707","12.0014736875039","6.44980620896681","9.437","0.261","0.722","1,2,3,4,5,6,7,8,9,10,11,12,13,14,15,16,17,18",0.00309980459432757,TRUE,0,0,18,0,18,0,1
"scad.cv",23,500,0.33,"TRUE","TRUE","FALSE","18.1195886448298","15.0050352557283","3.11455338910156","7.674","0.284","0.789","1,2,3,4,5,6,7,8,9,10,11,12,13,14,15,16,17,18",0.00219976662043924,TRUE,0,0,18,0,18,0,1
"scad.cv",24,500,0.33,"TRUE","TRUE","FALSE","18.1205356009018","12.0025934690178","6.11794213188403","8.255","0.278","0.799","1,2,3,4,5,6,7,8,9,10,11,12,13,14,15,16,17,18",0.0026920177228371,TRUE,0,0,18,0,18,0,1
"scad.cv",25,500,0.33,"TRUE","TRUE","FALSE","18.1714354165711","12.0016844096015","6.16975100696968","8.293","0.285","0.754","1,2,3,4,5,6,7,8,9,10,11,12,13,14,15,16,17,18",0.0025371729149035,TRUE,0,0,18,0,18,0,1
"scad.cv",26,500,0.33,"TRUE","TRUE","FALSE","18.2060960358114","14.0010838728338","4.20501216297761","9.486","0.285","0.752","1,2,3,4,5,6,7,8,9,10,11,12,13,14,15,16,17,18",0.00277501147990598,TRUE,0,0,18,0,18,0,1
"scad.cv",27,500,0.33,"TRUE","TRUE","FALSE","18.1462188886286","14.0023876104165","4.14383127821211","8.097","0.267","0.725","1,2,3,4,5,6,7,8,9,10,11,12,13,14,15,16,17,18",0.00243002758599551,TRUE,0,0,18,0,18,0,1
"scad.cv",28,500,0.33,"TRUE","TRUE","FALSE","17.7365520976883","13.5253748616647","4.21117723602366","11.71","0.307","0.917","2,3,4,5,6,7,8,9,10,11,12,13,14,15,16,17,18",0.0022884106309769,FALSE,0,1,17,0,17,0,0.944444444444444
"scad.cv",29,500,0.33,"TRUE","TRUE","FALSE","17.263480769356","13.0689737201204","4.19450704923561","10.128","0.428","1.669","2,3,4,5,6,7,8,9,10,11,12,13,14,15,16,17,18",0.00283711677030854,FALSE,0,1,17,0,17,0,0.944444444444444
"scad.cv",3,500,0.33,"TRUE","TRUE","FALSE","18.0895265612141","12.0020375970708","6.08748896414331","8.065","0.348","0.961","1,2,3,4,5,6,7,8,9,10,11,12,13,14,15,16,17,18",0.00264294665046938,TRUE,0,0,18,0,18,0,1
"scad.cv",30,500,0.33,"TRUE","TRUE","FALSE","18.156081952173","12.9944238012122","5.16165815096078","8.778","0.316","0.951","1,2,3,4,5,6,7,8,9,10,11,12,13,14,15,16,17,18",0.00212255145650577,TRUE,0,0,18,0,18,0,1
"scad.cv",31,500,0.33,"TRUE","TRUE","FALSE","18.1331407592421","13.0006674696476","5.13247328959454","8.473","0.351","0.975","1,2,3,4,5,6,7,8,9,10,11,12,13,14,15,16,17,18",0.00259825946549024,TRUE,0,0,18,0,18,0,1
"scad.cv",32,500,0.33,"TRUE","TRUE","FALSE","18.1775636477685","11.0006053575495","7.17695829021904","9.873","0.395","1.137","1,2,3,4,5,6,7,8,9,10,11,12,13,14,15,16,17,18",0.00335868380637391,TRUE,0,0,18,0,18,0,1
"scad.cv",33,500,0.33,"TRUE","TRUE","FALSE","17.173974438542","13.0015962957545","4.17237814278753","8.802","0.288","0.733","2,3,4,5,6,7,8,9,10,11,12,13,14,15,16,17,18",0.00257588606837175,FALSE,0,1,17,0,17,0,0.944444444444444
"scad.cv",34,500,0.33,"TRUE","TRUE","FALSE","18.1962278320779","12.0034348035819","6.19279302849594","10.489","0.345","0.891","1,2,3,4,5,6,7,8,9,10,11,12,13,14,15,16,17,18",0.00269687824658743,TRUE,0,0,18,0,18,0,1
"scad.cv",35,500,0.33,"TRUE","TRUE","FALSE","18.021426860684","12.9156777336297","5.10574912705437","9.184","0.33","0.856","2,3,4,5,6,7,8,9,10,11,12,13,14,15,16,17",0.00268331597295371,FALSE,0,2,16,0,16,0,0.888888888888889
"scad.cv",36,500,0.33,"TRUE","TRUE","FALSE","18.1115446952036","13.0011657777272","5.1103789174764","9.232","0.364","0.953","1,2,3,4,5,6,7,8,9,10,11,12,13,14,15,16,17,18,688",0.00247501786479263,FALSE,1,0,19,1,18,0.0526315789473684,1
"scad.cv",37,500,0.33,"TRUE","TRUE","FALSE","17.2147525337101","14.0030612764077","3.21169125730241","9.394","0.296","0.85","2,3,4,5,6,7,8,9,10,11,12,13,14,15,16,17,18",0.00228696865520382,FALSE,0,1,17,0,17,0,0.944444444444444
"scad.cv",38,500,0.33,"TRUE","TRUE","FALSE","18.9450794979983","12.002008491525","6.9430710064733","10.554","0.319","0.794","1,2,3,4,5,6,7,8,9,10,11,12,13,14,15,16,17,18",0.00189982825218213,TRUE,0,0,18,0,18,0,1
"scad.cv",39,500,0.33,"TRUE","TRUE","FALSE","18.3049433252513","11.0022836843798","7.30265964087151","9.685","0.297","0.85","1,2,3,4,5,6,7,8,9,10,11,12,13,14,15,16,17,18",0.00263807079015654,TRUE,0,0,18,0,18,0,1
"scad.cv",4,500,0.33,"TRUE","TRUE","FALSE","18.0424837544688","11.8784284498684","6.1640553046004","9.764","0.322","1.118","1,2,3,4,5,6,7,8,9,10,11,12,13,14,15,16,17,18",0.00226159524106583,TRUE,0,0,18,0,18,0,1
"scad.cv",40,500,0.33,"TRUE","TRUE","FALSE","18.0900897573343","10.9915214976366","7.09856825969766","9.47","0.317","0.831","2,3,4,5,6,7,8,9,10,11,12,13,14,15,16,17,18",0.00290238469206513,FALSE,0,1,17,0,17,0,0.944444444444444
"scad.cv",41,500,0.33,"TRUE","TRUE","FALSE","17.2290650549063","12.0015971646224","5.22746789028392","9.314","0.319","0.792","2,3,4,5,6,7,8,9,10,11,12,13,14,15,16,17,18",0.00243100037772687,FALSE,0,1,17,0,17,0,0.944444444444444
"scad.cv",42,500,0.33,"TRUE","TRUE","FALSE","18.1346687000823","14.0023553301298","4.13231336995253","10.968","0.469","1.12","1,2,3,4,5,6,7,8,9,10,11,12,13,14,15,16,17,18",0.00244259054815798,TRUE,0,0,18,0,18,0,1
"scad.cv",43,500,0.33,"TRUE","TRUE","FALSE","18.1335812777814","12.9941327859088","5.13944849187265","9.542","0.343","0.901","1,2,3,4,5,6,7,8,9,10,11,12,13,14,15,16,17,18",0.00240821951635235,TRUE,0,0,18,0,18,0,1
"scad.cv",44,500,0.33,"TRUE","TRUE","FALSE","18.1233960649366","12.0017603561435","6.12163570879303","9.87","0.289","0.75","1,2,3,4,5,6,7,8,9,10,11,12,13,14,15,16,17,18",0.00216132408056965,TRUE,0,0,18,0,18,0,1
"scad.cv",45,500,0.33,"TRUE","TRUE","FALSE","18.0887239059044","11.9985720848822","6.09015182102221","6.956","0.263","0.726","1,2,3,4,5,6,7,8,9,10,11,12,13,14,15,16,17,18,295,612,653",0.00109315050529339,FALSE,3,0,21,3,18,0.142857142857143,1
"scad.cv",46,500,0.33,"TRUE","TRUE","FALSE","18.1086531811987","12.9995503894804","5.10910279171835","8.125","0.346","0.883","1,2,3,4,5,6,7,8,9,10,11,12,13,14,15,16,17,18,563",0.00276156261633864,FALSE,1,0,19,1,18,0.0526315789473684,1
"scad.cv",47,500,0.33,"TRUE","TRUE","FALSE","18.1767775805975","12.0020558785168","6.17472170208068","10.22","0.392","0.955","1,2,3,4,5,6,7,8,9,10,11,12,13,14,15,16,17,18",0.00216305067186233,TRUE,0,0,18,0,18,0,1
"scad.cv",48,500,0.33,"TRUE","TRUE","FALSE","18.2038185885559","13.0042473508406","5.19957123771528","10.296","0.365","0.78","1,2,3,4,5,6,7,8,9,10,11,12,13,14,15,16,17,18",0.00079493755478716,TRUE,0,0,18,0,18,0,1
"scad.cv",49,500,0.33,"TRUE","TRUE","FALSE","18.0985482418792","11.9896416942506","6.10890654762859","7.959","0.321","0.741","1,2,3,4,6,7,8,9,10,11,12,13,14,15,16,17,18",0.0029522916077316,FALSE,0,1,17,0,17,0,0.944444444444444
"scad.cv",5,500,0.33,"TRUE","TRUE","FALSE","18.1833802134925","11.0025435477342","7.18083666575838","11.748","0.42","1.24","1,2,3,4,5,6,7,8,9,10,11,12,13,14,15,16,17,18",0.00291846544473544,TRUE,0,0,18,0,18,0,1
"scad.cv",50,500,0.33,"TRUE","TRUE","FALSE","17.1447869218311","11.0103601268017","6.13442679502942","7.694","0.294","0.77","2,3,4,5,6,7,8,9,10,11,12,13,14,15,16,17,18",0.00262711880828814,FALSE,0,1,17,0,17,0,0.944444444444444
"scad.cv",51,500,0.33,"TRUE","TRUE","FALSE","18.0644175644959","11.9469196167879","6.11749794770794","8.362","0.31","0.853","1,2,3,4,5,6,7,8,9,10,11,12,13,14,15,16,17,18",0.00244537246757522,TRUE,0,0,18,0,18,0,1
"scad.cv",52,500,0.33,"TRUE","TRUE","FALSE","17.7459631541169","11.6010751284157","6.14488802570119","12.864","0.313","0.851","2,3,4,5,6,7,8,9,10,11,12,13,14,15,16,17,18",0.00220428301110554,FALSE,0,1,17,0,17,0,0.944444444444444
"scad.cv",53,500,0.33,"TRUE","TRUE","FALSE","17.7350183126398","11.6257315863468","6.10928672629301","8.528","0.333","0.857","2,3,4,5,6,7,8,9,10,11,12,13,14,15,16,17,18",0.0022655916368049,FALSE,0,1,17,0,17,0,0.944444444444444
"scad.cv",54,500,0.33,"TRUE","TRUE","FALSE","18.6454636953532","13.0015683374252","5.64389535792799","12.929","0.362","1.031","1,2,3,4,5,6,7,8,9,10,11,12,13,14,15,16,17,18,41,98,384,500,688,725,761",0.000993812851880047,FALSE,7,0,25,7,18,0.28,1
"scad.cv",55,500,0.33,"TRUE","TRUE","FALSE","18.2235098183901","12.0013874270544","6.22212239133566","8.651","0.456","0.79","1,2,3,4,5,6,7,8,9,10,11,12,13,14,15,16,17,18,366,520",0.00111098793447767,FALSE,2,0,20,2,18,0.1,1
"scad.cv",56,500,0.33,"TRUE","TRUE","FALSE","18.0309268858936","12.0021657372085","6.02876114868508","9.411","0.264","0.672","2,3,4,5,6,7,8,9,10,11,12,13,14,15,16,17,18",0.00278453186740623,FALSE,0,1,17,0,17,0,0.944444444444444
"scad.cv",57,500,0.33,"TRUE","TRUE","FALSE","17.7040276815791","12.0037139830483","5.70031369853088","11.105","0.411","0.99","2,3,4,5,6,7,8,9,10,11,12,13,14,15,16,17,18,281",0.00251053041670003,FALSE,1,1,18,1,17,0.0555555555555556,0.944444444444444
"scad.cv",58,500,0.33,"TRUE","TRUE","FALSE","18.2781691695659","11.0009830360846","7.27718613348135","9.453","0.302","0.788","1,2,3,4,5,6,7,8,9,10,11,12,13,14,15,16,17,18",0.00271915751020326,TRUE,0,0,18,0,18,0,1
"scad.cv",59,500,0.33,"TRUE","TRUE","FALSE","18.265529580269","13.00196947145","5.26356010881901","7.94","0.278","0.837","1,2,3,4,5,6,7,8,9,10,11,12,13,14,15,16,17,18",0.00274291437263795,TRUE,0,0,18,0,18,0,1
"scad.cv",6,500,0.33,"TRUE","TRUE","FALSE","18.1382488187824","13.0015038406454","5.13674497813699","8.971","0.319","0.857","1,2,3,4,5,6,7,8,9,10,11,12,13,14,15,16,17,18",0.00289048412788052,TRUE,0,0,18,0,18,0,1
"scad.cv",60,500,0.33,"TRUE","TRUE","FALSE","18.2005854340746","13.0015583320002","5.1990271020744","7.752","0.258","0.701","1,2,3,4,5,6,7,8,9,10,11,12,13,14,15,16,17,18",0.00258162839734538,TRUE,0,0,18,0,18,0,1
"scad.cv",61,500,0.33,"TRUE","TRUE","FALSE","18.1281543234173","11.0050403341728","7.12311398924453","8.898","0.45","1.149","1,2,3,4,5,6,7,8,9,10,11,12,13,14,15,16,17,18",0.00217245435788584,TRUE,0,0,18,0,18,0,1
"scad.cv",62,500,0.33,"TRUE","TRUE","FALSE","18.3087029800623","13.0012930861224","5.30740989393994","10.71","0.324","0.856","1,2,3,4,5,6,7,8,9,10,11,12,13,14,15,16,17,18",0.00285218092223233,TRUE,0,0,18,0,18,0,1
"scad.cv",63,500,0.33,"TRUE","TRUE","FALSE","18.0296079242963","11.8978796065061","6.13172831779019","12.115","0.453","1.247","2,3,4,5,6,7,8,9,10,11,12,13,14,15,16,17,18",0.00225374967618214,FALSE,0,1,17,0,17,0,0.944444444444444
"scad.cv",64,500,0.33,"TRUE","TRUE","FALSE","18.1252001276612","12.9424778865832","5.18272224107798","8.679","0.27","0.71","1,2,3,4,5,6,7,8,9,10,11,12,13,14,15,16,17,18",0.00272971113624026,TRUE,0,0,18,0,18,0,1
"scad.cv",65,500,0.33,"TRUE","TRUE","FALSE","18.1020891145594","12.9987294502108","5.10335966434863","11.345","0.429","1.241","1,2,3,4,5,6,7,8,9,10,11,12,13,14,15,16,17,18",0.00186036710691926,TRUE,0,0,18,0,18,0,1
"scad.cv",66,500,0.33,"TRUE","TRUE","FALSE","18.1441281388126","12.0015140349089","6.14261410390376","11.789","0.401","1.075","1,2,3,4,5,6,7,8,9,10,11,12,13,14,15,16,17,18",0.00241314574949484,TRUE,0,0,18,0,18,0,1
"scad.cv",67,500,0.33,"TRUE","TRUE","FALSE","17.1502147368702","14.0017300902331","3.14848464663712","9.776","0.414","1.111","2,3,4,5,6,7,8,9,10,11,12,13,14,15,16,17,18",0.00219862643312452,FALSE,0,1,17,0,17,0,0.944444444444444
"scad.cv",68,500,0.33,"TRUE","TRUE","FALSE","18.1116394423315","14.0007048636412","4.11093457869035","11.15","0.387","1.002","1,2,3,4,5,6,7,8,9,10,11,12,13,14,15,16,17,18",0.00301856928806275,TRUE,0,0,18,0,18,0,1
"scad.cv",69,500,0.33,"TRUE","TRUE","FALSE","18.1143582371942","12.0017929872365","6.11256524995774","9.847","0.374","0.868","1,2,3,4,5,6,7,8,9,10,11,12,13,14,15,16,17,18,427",0.00205863088396794,FALSE,1,0,19,1,18,0.0526315789473684,1
"scad.cv",7,500,0.33,"TRUE","TRUE","FALSE","17.6605171717907","11.001889249506","6.65862792228472","9.841","0.3","0.816","2,3,4,5,6,7,8,9,10,11,12,13,14,15,16,17,18",0.00241005684606683,FALSE,0,1,17,0,17,0,0.944444444444444
"scad.cv",70,500,0.33,"TRUE","TRUE","FALSE","17.5296421137171","11.407697721407","6.12194439231005","9.692","0.324","1.019","2,3,4,5,6,7,8,9,10,11,12,13,14,15,16,17,18",0.00282957359289563,FALSE,0,1,17,0,17,0,0.944444444444444
"scad.cv",71,500,0.33,"TRUE","TRUE","FALSE","18.1247302959731","13.0021204643949","5.12260983157821","7.927","0.301","0.8","1,2,3,4,5,6,7,8,9,10,11,12,13,14,15,16,17,18",0.00230896486030151,TRUE,0,0,18,0,18,0,1
"scad.cv",72,500,0.33,"TRUE","TRUE","FALSE","18.1548539902162","13.0174082439899","5.13744574622629","9.672","0.341","0.952","1,2,3,4,5,6,7,8,9,10,11,12,13,14,15,16,17,18,281",0.00305593266166026,FALSE,1,0,19,1,18,0.0526315789473684,1
"scad.cv",73,500,0.33,"TRUE","TRUE","FALSE","18.1094539304054","12.9887290181858","5.12072491221952","9.478","0.377","0.949","1,2,3,4,5,6,7,8,9,10,11,12,13,14,15,16,17",0.00302962819964095,FALSE,0,1,17,0,17,0,0.944444444444444
"scad.cv",74,500,0.33,"TRUE","TRUE","FALSE","18.1906277860851","12.9994049440069","5.19122284207816","7.916","0.319","1.089","1,2,3,4,5,6,7,8,9,10,11,12,13,14,15,16,17,18",0.0023895778727625,TRUE,0,0,18,0,18,0,1
"scad.cv",75,500,0.33,"TRUE","TRUE","FALSE","18.1824621645363","13.0013117908869","5.18115037364949","9.398","0.299","0.875","1,2,3,4,5,6,7,8,9,10,11,12,13,14,15,16,17,18",0.00292825889502857,TRUE,0,0,18,0,18,0,1
"scad.cv",76,500,0.33,"TRUE","TRUE","FALSE","18.2747343795101","11.0033447170894","7.27138966242075","9.979","0.312","0.791","1,2,3,4,5,6,7,8,9,10,11,12,13,14,15,16,17,18",0.00226811656906858,TRUE,0,0,18,0,18,0,1
"scad.cv",77,500,0.33,"TRUE","TRUE","FALSE","18.1724466270611","13.0216392085286","5.15080741853244","8.773","0.349","0.952","1,2,3,4,5,6,7,8,9,10,11,12,13,14,15,16,17,18",0.00229673103812708,TRUE,0,0,18,0,18,0,1
"scad.cv",78,500,0.33,"TRUE","TRUE","FALSE","18.1147423296046","12.9669775894379","5.14776474016668","11.033","0.326","1.15","2,3,4,5,6,7,8,9,10,11,12,13,14,15,16,17,18",0.00233563079382297,FALSE,0,1,17,0,17,0,0.944444444444444
"scad.cv",79,500,0.33,"TRUE","TRUE","FALSE","18.1280730367632","13.9932360398209","4.13483699694229","12.109","0.395","1.168","1,2,3,4,5,6,7,8,9,10,11,12,13,14,15,16,17,18,585",0.00276219412053171,FALSE,1,0,19,1,18,0.0526315789473684,1
"scad.cv",8,500,0.33,"TRUE","TRUE","FALSE","18.1292659635345","9.99948752476369","8.12977843877085","8.996","0.358","1.119","1,2,3,4,5,6,7,8,9,10,11,12,13,14,15,16,17,18",0.00261733149213024,TRUE,0,0,18,0,18,0,1
"scad.cv",80,500,0.33,"TRUE","TRUE","FALSE","18.0880504102027","11.9751114521897","6.11293895801304","10.623","0.405","0.95","2,3,4,5,6,7,8,9,10,11,12,13,14,15,16,17,18",0.00251516597787114,FALSE,0,1,17,0,17,0,0.944444444444444
"scad.cv",81,500,0.33,"TRUE","TRUE","FALSE","18.1366435979595","11.9788105253022","6.15783307265724","10.563","0.3","0.906","1,2,3,4,5,6,7,8,9,10,11,12,13,14,15,16,17,18",0.00229018747587683,TRUE,0,0,18,0,18,0,1
"scad.cv",82,500,0.33,"TRUE","TRUE","FALSE","17.7205546104938","12.5914732522661","5.12908135822778","11.655","0.38","1.104","2,3,4,5,6,7,8,9,10,11,12,13,14,15,16,17,18",0.00258489635945794,FALSE,0,1,17,0,17,0,0.944444444444444
"scad.cv",83,500,0.33,"TRUE","TRUE","FALSE","18.1847879357955","13.0084911854176","5.17629675037784","11.41","0.281","0.763","1,2,3,4,5,6,7,8,9,10,11,12,13,14,15,16,17,18",0.00235956513462101,TRUE,0,0,18,0,18,0,1
"scad.cv",84,500,0.33,"TRUE","TRUE","FALSE","18.2457577686492","12.0014438280425","6.24431394060668","7.594","0.261","0.715","1,2,3,4,5,6,7,8,9,10,11,12,13,14,15,16,17,18",0.0017961920273461,TRUE,0,0,18,0,18,0,1
"scad.cv",85,500,0.33,"TRUE","TRUE","FALSE","18.1226206793249","12.0012050086778","6.12141567064715","7.227","0.272","0.703","1,2,3,4,5,6,7,8,9,10,11,12,13,14,15,16,17,18",0.0022785373980834,TRUE,0,0,18,0,18,0,1
"scad.cv",86,500,0.33,"TRUE","TRUE","FALSE","18.1745793681368","11.0116650944105","7.16291427372633","8.085","0.287","0.795","1,2,3,4,5,6,7,8,9,10,11,12,13,14,15,16,17,18",0.00224032307785233,TRUE,0,0,18,0,18,0,1
"scad.cv",87,500,0.33,"TRUE","TRUE","FALSE","18.1312701395135","12.0027225119514","6.12854762756212","7.617","0.261","0.665","1,2,3,4,5,6,7,8,9,10,11,12,13,14,15,16,17,18",0.00298121818315853,TRUE,0,0,18,0,18,0,1
"scad.cv",88,500,0.33,"TRUE","TRUE","FALSE","18.1714846290205","11.8360939957043","6.33539063331621","8.468","0.265","0.719","2,3,4,5,6,7,8,9,10,11,12,13,14,15,16,17,18",0.00311406611293425,FALSE,0,1,17,0,17,0,0.944444444444444
"scad.cv",89,500,0.33,"TRUE","TRUE","FALSE","18.1072731476511","12.0011919360523","6.10608121159878","7.447","0.274","0.828","1,2,3,4,5,6,7,8,9,10,11,12,13,14,15,16,17,18",0.00254422212439264,TRUE,0,0,18,0,18,0,1
"scad.cv",9,500,0.33,"TRUE","TRUE","FALSE","18.1009902301141","13.0013675891546","5.09962264095956","8.96","0.33","0.788","1,2,3,4,5,6,7,8,9,10,11,12,13,14,15,16,17,18,230",0.00224470292071069,FALSE,1,0,19,1,18,0.0526315789473684,1
"scad.cv",90,500,0.33,"TRUE","TRUE","FALSE","18.1035543012733","15.001602027279","3.10195227399433","6.923","0.275","0.712","1,2,3,4,5,6,7,8,9,10,11,12,13,14,15,16,17,18",0.00271879301609271,TRUE,0,0,18,0,18,0,1
"scad.cv",91,500,0.33,"TRUE","TRUE","FALSE","18.0717240384488","12.9296468911077","5.1420771473411","7.703","0.272","0.766","2,3,4,5,6,7,8,9,10,11,12,13,14,15,16,17,18",0.00254950933181734,FALSE,0,1,17,0,17,0,0.944444444444444
"scad.cv",92,500,0.33,"TRUE","TRUE","FALSE","18.100669037239","12.0017257378467","6.09894329939229","7.097","0.261","0.692","1,2,3,4,5,6,7,8,9,10,11,12,13,14,15,16,17,18",0.00279168932841663,TRUE,0,0,18,0,18,0,1
"scad.cv",93,500,0.33,"TRUE","TRUE","FALSE","18.9537718306521","12.0014863878155","6.95228544283659","8.393","0.276","0.681","1,2,3,4,5,6,7,8,9,10,11,12,13,14,15,16,17,18",0.00236543138177797,TRUE,0,0,18,0,18,0,1
"scad.cv",94,500,0.33,"TRUE","TRUE","FALSE","17.707181479481","11.0016030035815","6.70557847589946","8.075","0.272","0.764","2,3,4,5,6,7,8,9,10,11,12,13,14,15,16,17,18",0.00251759502871231,FALSE,0,1,17,0,17,0,0.944444444444444
"scad.cv",95,500,0.33,"TRUE","TRUE","FALSE","18.1684347463799","13.0011790223028","5.16725572407702","7.419","0.265","0.733","1,2,3,4,5,6,7,8,9,10,11,12,13,14,15,16,17,18",0.00225171205492281,TRUE,0,0,18,0,18,0,1
"scad.cv",96,500,0.33,"TRUE","TRUE","FALSE","18.1332687082783","13.9847108850903","4.14855782318802","7.634","0.287","0.823","2,3,4,5,6,7,8,9,10,11,12,13,14,15,16,17,18",0.00282997061841789,FALSE,0,1,17,0,17,0,0.944444444444444
"scad.cv",97,500,0.33,"TRUE","TRUE","FALSE","18.1015053378248","12.9988639082139","5.10264142961095","7.252","0.262","0.709","1,2,3,4,5,6,7,8,9,10,11,12,13,14,15,16,17,18",0.00306730799144284,TRUE,0,0,18,0,18,0,1
"scad.cv",98,500,0.33,"TRUE","TRUE","FALSE","18.1584615501454","11.0043260094455","7.15413554069985","7.162","0.261","0.705","1,2,3,4,5,6,7,8,9,10,11,12,13,14,15,16,17,18",0.00229171022584459,TRUE,0,0,18,0,18,0,1
"scad.cv",99,500,0.33,"TRUE","TRUE","FALSE","18.2076639305141","13.0014037276613","5.20626020285279","7.466","0.27","0.794","1,2,3,4,5,6,7,8,9,10,11,12,13,14,15,16,17,18",0.00240560187504958,TRUE,0,0,18,0,18,0,1
