"method","sim","n","betamin","is.true.model.intop.kappa.o","is.true.model.intop.kappa.oplusLASSO","is.s.hat.nan","s.hat","s0.hat","s1.hat","time.l0","sel.model","est.mse","recovery","nb.tI.b0","nb.tI.b1","nb.tII.b0","nb.tII.b1","est.size","FP","TP","FDR","power"
"EBIC",1,60,0.33,"FALSE","FALSE","FALSE","6.29026300594457","4.95762996400246","1.33263304194211","1.295","2,4,6,8,24,52,92,95",0.0616165037663887,FALSE,3,1,3,5,8,4,4,0.5,0.333333333333333
"EBIC",10,60,0.33,"FALSE","FALSE","FALSE","6.7558446990525","4.62836182885239","2.12748287020011","1.411","1,2,4,5,32,91,92,94",0.0340925298034154,FALSE,1,0,2,3,8,1,7,0.125,0.583333333333333
"EBIC",100,60,0.33,"FALSE","FALSE","FALSE","6.15527655830133","3.07438866364157","3.08088789465976","1.186","1,2,3,5,16,60,90,91,93,94",0.0265157216301704,FALSE,2,0,2,2,10,2,8,0.2,0.666666666666667
"EBIC",11,60,0.33,"FALSE","FALSE","FALSE","6.6506433168295","3.60870141929987","3.04194189752962","1.185","2,4,35,59,78,89,90,93",0.0575428521171667,FALSE,3,0,4,3,8,3,5,0.375,0.416666666666667
"EBIC",12,60,0.33,"FALSE","FALSE","FALSE","6.75487674903438","5.23715716904411","1.51771957999027","1.372","2,3,4,6,30,39,42,91,92",0.0408228092722132,FALSE,3,0,2,4,9,3,6,0.333333333333333,0.5
"EBIC",13,60,0.33,"FALSE","FALSE","FALSE","6.52009023956849","4.71856312222777","1.80152711734071","1.189","2,4,6,27,76,81,90,91,92",0.0411645481243762,FALSE,3,0,3,3,9,3,6,0.333333333333333,0.5
"EBIC",14,60,0.33,"FALSE","FALSE","FALSE","6.59530220420829","4.73403982468039","1.86126237952791","0.816","1,2,3,4,5,39,40,90,91,94",0.0335998253366624,FALSE,2,0,1,3,10,2,8,0.2,0.666666666666667
"EBIC",15,60,0.33,"FALSE","FALSE","FALSE","7.42853293600881","4.31610799757761","3.11242493843121","1.293","2,4,6,81,84,86,87,90,92,93,94,96",0.0335739912351713,FALSE,4,1,3,2,12,5,7,0.416666666666667,0.583333333333333
"EBIC",16,60,0.33,"FALSE","FALSE","FALSE","7.08135899902966","4.27186880002444","2.80949019900522","0.894","2,3,4,6,91,92,95",0.0433637353768136,FALSE,0,1,2,4,7,1,6,0.142857142857143,0.5
"EBIC",17,60,0.33,"FALSE","FALSE","FALSE","7.88935249611597","6.05932983835657","1.83002265775941","1.364","1,2,3,4,5,6,53,90,91,94",0.0130879010923423,FALSE,1,0,0,3,10,1,9,0.1,0.75
"EBIC",18,60,0.33,"FALSE","FALSE","FALSE","6.31637602958404","3.47912288953934","2.8372531400447","1.005","2,4,24,46,90,92,93",0.0414643485838732,FALSE,2,0,4,3,7,2,5,0.285714285714286,0.416666666666667
"EBIC",19,60,0.33,"FALSE","FALSE","FALSE","7.38435458336721","5.21095361631925","2.17340096704796","0.866","2,4,6,39,86,90,91,92",0.0399105496279883,FALSE,2,0,3,3,8,2,6,0.25,0.5
"EBIC",2,60,0.33,"FALSE","FALSE","FALSE","6.99338651236743","3.63893518208136","3.35445133028607","1.026","2,4,7,78,89,90,92,93",0.0519762308460083,FALSE,2,0,4,2,8,2,6,0.25,0.5
"EBIC",20,60,0.33,"FALSE","FALSE","FALSE","8.719248663119","5.80854268637797","2.91070597674103","1.084","2,4,6,10,42,52,66,92,95,96,99",0.0538921660686867,FALSE,4,3,3,5,11,7,4,0.636363636363636,0.333333333333333
"EBIC",21,60,0.33,"FALSE","FALSE","FALSE","6.88445728131622","4.56633636672672","2.3181209145895","1.325","1,2,4,5,6,90,91,92,94",0.0100009725788258,FALSE,0,0,1,2,9,0,9,0,0.75
"EBIC",22,60,0.33,"FALSE","FALSE","FALSE","6.19152262245655","4.03624141235081","2.15528121010573","1.387","2,4,19,31,86,90,92",0.0619238624064841,FALSE,3,0,4,4,7,3,4,0.428571428571429,0.333333333333333
"EBIC",23,60,0.33,"FALSE","FALSE","FALSE","6.95726699661932","4.8317776055775","2.12548939104181","0.983","1,3,5,6,14,42,72,91,93,94",0.0453139401525788,FALSE,3,0,2,3,10,3,7,0.3,0.583333333333333
"EBIC",24,60,0.33,"FALSE","FALSE","FALSE","6.3164051309831","3.64034781957261","2.67605731141049","1.227","2,4,5,32,90,91,92",0.0346442518091722,FALSE,1,0,3,3,7,1,6,0.142857142857143,0.5
"EBIC",25,60,0.33,"FALSE","FALSE","FALSE","6.6689838608526","3.8822321499537","2.7867517108989","1.189","2,3,4,5,6,90,91,92,94",0.0122327768644306,FALSE,0,0,1,2,9,0,9,0,0.75
"EBIC",26,60,0.33,"FALSE","FALSE","FALSE","7.52364844001206","5.59597140524463","1.92767703476743","0.73","1,2,3,4,5,17,46,91,94",0.027697677498084,FALSE,2,0,1,4,9,2,7,0.222222222222222,0.583333333333333
"EBIC",27,60,0.33,"FALSE","FALSE","FALSE","8.14435461305488","7.02725543245603","1.11709918059885","0.913","3,15,17,24,31,45,58,93",0.111086629928364,FALSE,6,0,5,5,8,6,2,0.75,0.166666666666667
"EBIC",28,60,0.33,"FALSE","FALSE","FALSE","7.34606885707281","4.21498839468114","3.13108046239166","1.281","2,4,6,42,80,89,90,92,93",0.0346191489814247,FALSE,2,0,3,2,9,2,7,0.222222222222222,0.583333333333333
"EBIC",29,60,0.33,"FALSE","FALSE","FALSE","8.64875876080189","6.04242552795384","2.60633323284806","1.162","2,4,6,40,55,59,80,90,91,97",0.0420423076140359,FALSE,4,1,3,4,10,5,5,0.5,0.416666666666667
"EBIC",3,60,0.33,"FALSE","FALSE","FALSE","6.37444010493211","4.08706640458036","2.28737370035175","1.248","2,4,6,82,85,90,92,93",0.034350899376638,FALSE,2,0,3,3,8,2,6,0.25,0.5
"EBIC",30,60,0.33,"FALSE","FALSE","FALSE","6.95080033565882","3.3004302556817","3.65037007997712","1.268","1,2,3,4,5,6,12,52,72,73,82,90,91,92,94",0.0224233580254265,FALSE,5,0,0,2,15,5,10,0.333333333333333,0.833333333333333
"EBIC",31,60,0.33,"FALSE","FALSE","FALSE","5.75787177032538","3.38406908457768","2.3738026857477","1.138","2,4,6,90,93,94",0.0323840464492828,FALSE,0,0,3,3,6,0,6,0,0.5
"EBIC",32,60,0.33,"FALSE","FALSE","FALSE","6.78158438845556","5.80690887108301","0.974675517372557","1.292","2,4,5,27,40,59,77,92,100",0.0532896178897241,FALSE,4,1,3,5,9,5,4,0.555555555555556,0.333333333333333
"EBIC",33,60,0.33,"FALSE","FALSE","FALSE","7.36528644794586","4.59440815316994","2.77087829477592","1.403","2,4,7,17,31,89,90,92,93,95",0.0396365527993518,FALSE,3,1,4,2,10,4,6,0.4,0.5
"EBIC",34,60,0.33,"FALSE","FALSE","FALSE","6.88994216784164","5.4792371520787","1.41070501576294","1.241","1,2,4,5,19,60,92,97",0.048842059690078,FALSE,2,1,2,5,8,3,5,0.375,0.416666666666667
"EBIC",35,60,0.33,"FALSE","FALSE","FALSE","7.39461025268508","5.36345401992271","2.03115623276237","1.242","2,3,4,5,6,13,23,46,67,91,93,94",0.0316635190392067,FALSE,4,0,1,3,12,4,8,0.333333333333333,0.666666666666667
"EBIC",36,60,0.33,"FALSE","FALSE","FALSE","7.4154147751807","5.15364295035263","2.26177182482807","1.046","1,2,3,4,5,6,50,91,94",0.0223581849614011,FALSE,1,0,0,4,9,1,8,0.111111111111111,0.666666666666667
"EBIC",37,60,0.33,"FALSE","FALSE","FALSE","6.11776205298486","4.04305273893357","2.07470931405129","1.519","2,25,49,78,88,89,93,94",0.0744661116165384,FALSE,4,0,5,3,8,4,4,0.5,0.333333333333333
"EBIC",38,60,0.33,"FALSE","FALSE","FALSE","7.31689128327495","4.90306292894146","2.41382835433349","1.375","2,4,5,6,35,60,67,82,84,89,90,93,94",0.0325795886121844,FALSE,5,0,2,2,13,5,8,0.384615384615385,0.666666666666667
"EBIC",39,60,0.33,"FALSE","FALSE","FALSE","6.161518013332","4.34753228425143","1.81398572908057","1.166","1,2,3,4,5,6,91,94",0.0220576529965056,FALSE,0,0,0,4,8,0,8,0,0.666666666666667
"EBIC",4,60,0.33,"FALSE","FALSE","FALSE","6.15989948460415","3.50482084875015","2.655078635854","1.23","2,3,5,90,93,94,100",0.042962609636345,FALSE,0,1,3,3,7,1,6,0.142857142857143,0.5
"EBIC",40,60,0.33,"FALSE","FALSE","FALSE","6.80483452506333","4.39105894528534","2.41377557977799","1.163","2,4,7,35,55,77,90,91,92",0.0554767468649479,FALSE,4,0,4,3,9,4,5,0.444444444444444,0.416666666666667
"EBIC",41,60,0.33,"FALSE","FALSE","FALSE","7.22553705096323","4.65483901024442","2.57069804071881","1.284","2,49,75,78,89,90,93,101",0.0746300014168449,FALSE,3,1,5,3,8,4,4,0.5,0.333333333333333
"EBIC",42,60,0.33,"FALSE","FALSE","FALSE","6.71017268893712","3.66740903975987","3.04276364917725","1.077","2,3,4,5,6,69,90,91,92",0.020329711352671,FALSE,1,0,1,3,9,1,8,0.111111111111111,0.666666666666667
"EBIC",43,60,0.33,"FALSE","FALSE","FALSE","7.58576165734192","5.52165385542297","2.06410780191894","0.84","1,2,3,4,5,6,18,91,94",0.0201988837445686,FALSE,1,0,0,4,9,1,8,0.111111111111111,0.666666666666667
"EBIC",44,60,0.33,"FALSE","FALSE","FALSE","6.79625738330427","4.4414953584757","2.35476202482857","1.243","2,4,17,30,40,64,65,68,86,90,98",0.0762613750001315,FALSE,7,1,4,5,11,8,3,0.727272727272727,0.25
"EBIC",45,60,0.33,"FALSE","FALSE","FALSE","5.89280790769038","4.23145348627458","1.6613544214158","1.273","2,3,5,37,76,77,90,94,101",0.0635170056448467,FALSE,3,1,3,4,9,4,5,0.444444444444444,0.416666666666667
"EBIC",46,60,0.33,"FALSE","FALSE","FALSE","7.23880125350092","3.7327785471081","3.50602270639282","1.193","2,3,4,6,45,67,90,91,92,93,94",0.0166250409175454,FALSE,2,0,2,1,11,2,9,0.181818181818182,0.75
"EBIC",47,60,0.33,"FALSE","FALSE","FALSE","6.91208379976042","4.49451001555848","2.41757378420194","1.073","2,3,4,6,90,92,93,94",0.0158323567605963,FALSE,0,0,2,2,8,0,8,0,0.666666666666667
"EBIC",48,60,0.33,"FALSE","FALSE","FALSE","7.94704851424897","5.0699723018665","2.87707621238247","1.191","2,4,6,9,69,82,90,93,95",0.0431192093063358,FALSE,3,1,3,4,9,4,5,0.444444444444444,0.416666666666667
"EBIC",49,60,0.33,"FALSE","FALSE","FALSE","6.94524136710252","4.46161802977207","2.48362333733045","1.143","2,4,6,36,38,42,92,95",0.0590865859481129,FALSE,3,1,3,5,8,4,4,0.5,0.333333333333333
"EBIC",5,60,0.33,"FALSE","FALSE","FALSE","6.98328950252233","3.72111773981332","3.26217176270901","1.567","2,3,4,5,6,90,91,92,93,94",0.00643246594380912,FALSE,0,0,1,1,10,0,10,0,0.833333333333333
"EBIC",50,60,0.33,"FALSE","FALSE","FALSE","7.5418172620949","5.90219192095831","1.6396253411366","1.364","1,3,5,14,17,60,90,91",0.0632011630415342,FALSE,3,0,3,4,8,3,5,0.375,0.416666666666667
"EBIC",51,60,0.33,"FALSE","FALSE","FALSE","6.93167918090393","4.3558412185693","2.57583796233463","1.496","2,4,6,19,41,81,90,91,92",0.0417476861624654,FALSE,3,0,3,3,9,3,6,0.333333333333333,0.5
"EBIC",52,60,0.33,"FALSE","FALSE","FALSE","5.8676002106348","4.55487641022402","1.31272380041078","1.201","2,3,4,7,64,92",0.0727609174875959,FALSE,2,0,3,5,6,2,4,0.333333333333333,0.333333333333333
"EBIC",53,60,0.33,"FALSE","FALSE","FALSE","8.12656219698506","6.08862119337046","2.0379410036146","0.599","1,2,3,4,5,6,91,94",0.0190425576353543,FALSE,0,0,0,4,8,0,8,0,0.666666666666667
"EBIC",54,60,0.33,"FALSE","FALSE","FALSE","6.59746321204881","3.38979151030921","3.20767170173959","1.104","2,4,31,90,92,93,100",0.0472014532531989,FALSE,1,1,4,3,7,2,5,0.285714285714286,0.416666666666667
"EBIC",55,60,0.33,"FALSE","FALSE","FALSE","6.74569919183435","3.64237385629068","3.10332533554367","0.96","2,4,7,49,78,89,90,92,93",0.0503697725950739,FALSE,3,0,4,2,9,3,6,0.333333333333333,0.5
"EBIC",56,60,0.33,"FALSE","FALSE","FALSE","6.80959742326133","4.63004561534909","2.17955180791225","0.866","1,2,3,4,26,81,91,92",0.0416123867121132,FALSE,2,0,2,4,8,2,6,0.25,0.5
"EBIC",57,60,0.33,"FALSE","FALSE","FALSE","7.07479888824942","5.07134993462615","2.00344895362327","1.539","1,2,3,4,5,6,89,92,93,94",0.0118394141410129,FALSE,0,0,0,2,10,0,10,0,0.833333333333333
"EBIC",58,60,0.33,"FALSE","FALSE","FALSE","7.28078789355517","5.71568225835955","1.56510563519562","1.163","2,4,6,30,38,68,91,92",0.0563452169622575,FALSE,3,0,3,4,8,3,5,0.375,0.416666666666667
"EBIC",59,60,0.33,"FALSE","FALSE","FALSE","6.20469699580161","3.64930804053601","2.55538895526561","1.247","2,4,8,76,78,89,90,93",0.0712914118257604,FALSE,3,0,4,3,8,3,5,0.375,0.416666666666667
"EBIC",6,60,0.33,"FALSE","FALSE","FALSE","6.50587887273789","5.83959648611011","0.666282386627775","1.001","2,3,4,5,6,19,23,91,92",0.0304536045377881,FALSE,2,0,1,4,9,2,7,0.222222222222222,0.583333333333333
"EBIC",60,60,0.33,"FALSE","FALSE","FALSE","8.65199145464083","7.55217070604722","1.09982074859361","1.528","2,4,5,6,19,41,42,53,59,64,76,84,92",0.0555299889026651,FALSE,8,0,2,5,13,8,5,0.615384615384615,0.416666666666667
"EBIC",61,60,0.33,"FALSE","FALSE","FALSE","6.5829550973249","5.0998631952152","1.4830919021097","1.027","1,2,4,5,6,25,33,34,90,91",0.0432144837708545,FALSE,3,0,1,4,10,3,7,0.3,0.583333333333333
"EBIC",62,60,0.33,"FALSE","FALSE","FALSE","7.30310620230241","4.22298656367189","3.08011963863052","0.958","2,4,35,49,78,89,90,93",0.058639929754428,FALSE,3,0,4,3,8,3,5,0.375,0.416666666666667
"EBIC",63,60,0.33,"FALSE","FALSE","FALSE","6.08047665284637","3.99583048554786","2.08464616729851","1.153","2,3,4,5,6,91,92,94",0.0218258314250934,FALSE,0,0,1,3,8,0,8,0,0.666666666666667
"EBIC",64,60,0.33,"FALSE","FALSE","FALSE","7.4286816174557","3.55342394260717","3.87525767484853","0.786","2,4,6,36,89,90,92,93",0.0292898212721516,FALSE,1,0,3,2,8,1,7,0.125,0.583333333333333
"EBIC",65,60,0.33,"FALSE","FALSE","FALSE","6.68498822264002","4.29787609771444","2.38711212492558","1.305","2,3,4,20,22,38,87,90,91,92",0.0420349425851284,FALSE,4,0,3,3,10,4,6,0.4,0.5
"EBIC",66,60,0.33,"FALSE","FALSE","FALSE","5.97388419639763","3.08941525572672","2.88446894067091","1.148","1,2,3,4,5,6,20,90,91",0.021382446591994,FALSE,1,0,0,4,9,1,8,0.111111111111111,0.666666666666667
"EBIC",67,60,0.33,"FALSE","FALSE","FALSE","6.69749980768285","3.08225147363948","3.61524833404337","0.867","2,3,4,5,90,91,92,93",0.0201200071837054,FALSE,0,0,2,2,8,0,8,0,0.666666666666667
"EBIC",68,60,0.33,"FALSE","FALSE","FALSE","5.58814313823555","3.40805025486122","2.18009288337434","1.745","2,54,74,88,90,91,93,94,97",0.0553048202244311,FALSE,3,1,5,2,9,4,5,0.444444444444444,0.416666666666667
"EBIC",69,60,0.33,"FALSE","FALSE","FALSE","6.44678999143911","2.39187159152143","4.05491839991768","0.531","2,4,89,90,92,93",0.0437721259537875,FALSE,0,0,4,2,6,0,6,0,0.5
"EBIC",7,60,0.33,"FALSE","FALSE","FALSE","7.39536266256858","5.47866430445403","1.91669835811454","1.006","2,4,6,31,39,74,86,89,92",0.0693300710933665,FALSE,4,0,3,4,9,4,5,0.444444444444444,0.416666666666667
"EBIC",70,60,0.33,"FALSE","FALSE","FALSE","7.63159637656184","6.44587468338158","1.18572169318026","1.114","1,2,3,4,5,6,9,19,59,76,90,92,94",0.0242809896384149,FALSE,4,0,0,3,13,4,9,0.307692307692308,0.75
"EBIC",71,60,0.33,"FALSE","FALSE","FALSE","6.08961873892973","3.55615461700377","2.53346412192596","1.111","1,2,3,4,5,90,91,93,94",0.0139502670110161,FALSE,0,0,1,2,9,0,9,0,0.75
"EBIC",72,60,0.33,"FALSE","FALSE","FALSE","6.65351656079601","5.01586526719758","1.63765129359844","1.179","1,2,3,4,5,6,91,94",0.0232540586309695,FALSE,0,0,0,4,8,0,8,0,0.666666666666667
"EBIC",73,60,0.33,"FALSE","FALSE","FALSE","6.78227380682168","4.62832225135223","2.15395155546945","1.475","2,4,6,9,89,90,93,94",0.0329728751901282,FALSE,1,0,3,2,8,1,7,0.125,0.583333333333333
"EBIC",74,60,0.33,"FALSE","FALSE","FALSE","7.09250621931324","5.83719819981294","1.2553080195003","0.755","1,2,3,4,5,6,24,39,91",0.0423199033292924,FALSE,2,0,0,5,9,2,7,0.222222222222222,0.583333333333333
"EBIC",75,60,0.33,"FALSE","FALSE","FALSE","8.04542973598226","5.56786535873466","2.4775643772476","1.095","2,3,4,5,6,83,84,90,92,93,94",0.0143502836819947,FALSE,2,0,1,2,11,2,9,0.181818181818182,0.75
"EBIC",76,60,0.33,"FALSE","FALSE","FALSE","7.09808881891099","5.21907251721315","1.87901630169784","0.724","2,3,4,5,6,83,91,94",0.0260186484445781,FALSE,1,0,1,4,8,1,7,0.125,0.583333333333333
"EBIC",77,60,0.33,"FALSE","FALSE","FALSE","7.68105997436477","5.24561361805761","2.43544635630716","0.723","2,3,4,5,6,32,90,91,94",0.0213219758527485,FALSE,1,0,1,3,9,1,8,0.111111111111111,0.666666666666667
"EBIC",78,60,0.33,"FALSE","FALSE","FALSE","7.97613867329761","5.58166641179003","2.39447226150759","1","1,2,3,4,5,6,64,90,92,93,94",0.00783617150976475,FALSE,1,0,0,2,11,1,10,0.0909090909090909,0.833333333333333
"EBIC",79,60,0.33,"FALSE","FALSE","FALSE","5.94903615166668","4.99976430110808","0.949271850558605","1.472","13,15,31,36,68,76,92",0.120058451459346,FALSE,6,0,6,5,7,6,1,0.857142857142857,0.0833333333333333
"EBIC",8,60,0.33,"FALSE","FALSE","FALSE","6.07723120311258","4.92895811350799","1.14827308960458","1.749","1,2,4,5,6,33,90,91",0.0252962006944889,FALSE,1,0,1,4,8,1,7,0.125,0.583333333333333
"EBIC",80,60,0.33,"FALSE","FALSE","FALSE","6.36274406690956","3.2585406906503","3.10420337625926","0.963","2,4,8,24,78,89,90,93,94",0.0388816188348746,FALSE,3,0,4,2,9,3,6,0.333333333333333,0.5
"EBIC",81,60,0.33,"FALSE","FALSE","FALSE","5.51014218713056","4.22145923239378","1.28868295473678","1.287","4,40,49,52,89,98",0.106044724152798,FALSE,3,1,5,5,6,4,2,0.666666666666667,0.166666666666667
"EBIC",82,60,0.33,"FALSE","FALSE","FALSE","5.65614868880606","3.53029021959247","2.12585846921359","1.072","1,2,4,6,90,93,94",0.0269558487272281,FALSE,0,0,2,3,7,0,7,0,0.583333333333333
"EBIC",83,60,0.33,"FALSE","FALSE","FALSE","8.19744660762938","6.00299017057707","2.19445643705231","1.001","1,2,4,5,6,30,73,90,91,95",0.0271386566076988,FALSE,2,1,1,4,10,3,7,0.3,0.583333333333333
"EBIC",84,60,0.33,"FALSE","FALSE","FALSE","7.41537308161372","6.31766872330504","1.09770435830869","1.048","2,3,4,6,7,17,23,39,46,49,64,92",0.0621714465671022,FALSE,7,0,2,5,12,7,5,0.583333333333333,0.416666666666667
"EBIC",85,60,0.33,"FALSE","FALSE","FALSE","7.91237056581934","5.71461802865666","2.19775253716268","1.095","1,2,4,5,6,87,90,91,93,94",0.0130497100061305,FALSE,1,0,1,2,10,1,9,0.1,0.75
"EBIC",86,60,0.33,"FALSE","FALSE","FALSE","7.52704892172137","4.76942922974232","2.75761969197905","0.775","2,4,6,24,64,89,90,92",0.037900507755297,FALSE,2,0,3,3,8,2,6,0.25,0.5
"EBIC",87,60,0.33,"FALSE","FALSE","FALSE","6.49216395533989","4.77202124837612","1.72014270696377","1.375","1,2,3,4,5,6,90,91,92",0.0127281854745093,FALSE,0,0,0,3,9,0,9,0,0.75
"EBIC",88,60,0.33,"FALSE","FALSE","FALSE","7.25512743454784","4.49931969053299","2.75580774401485","1.525","1,2,4,17,27,44,71,77,82,90,91,92",0.044702456073021,FALSE,6,0,3,3,12,6,6,0.5,0.5
"EBIC",89,60,0.33,"FALSE","FALSE","FALSE","6.91698285836379","5.12542081873839","1.7915620396254","1.388","2,4,5,43,55,58,90,93",0.0403622598482069,FALSE,3,0,3,4,8,3,5,0.375,0.416666666666667
"EBIC",9,60,0.33,"FALSE","FALSE","FALSE","7.47774851419665","4.76299185460507","2.71475665959158","1.589","2,4,5,6,7,8,56,84,90,91,92",0.0356799386936197,FALSE,4,0,2,3,11,4,7,0.363636363636364,0.583333333333333
"EBIC",90,60,0.33,"FALSE","FALSE","FALSE","6.9026243781527","5.15402614769264","1.74859823046006","1.573","2,3,4,5,6,37,38,91,92",0.0266007863514965,FALSE,2,0,1,4,9,2,7,0.222222222222222,0.583333333333333
"EBIC",91,60,0.33,"FALSE","FALSE","FALSE","6.38633745265271","4.68914167863071","1.697195774022","0.793","2,3,4,6,52,89,90,92,93",0.0249808302649893,FALSE,1,0,2,2,9,1,8,0.111111111111111,0.666666666666667
"EBIC",92,60,0.33,"FALSE","FALSE","FALSE","7.29615043655395","5.26481037199448","2.03134006455947","0.836","2,3,4,5,6,70,81,91,92",0.0368647677467361,FALSE,2,0,1,4,9,2,7,0.222222222222222,0.583333333333333
"EBIC",93,60,0.33,"FALSE","FALSE","FALSE","6.66100232552698","3.59880915336443","3.06219317216255","0.628","2,4,78,89,90,93",0.0569894545575109,FALSE,1,0,4,3,6,1,5,0.166666666666667,0.416666666666667
"EBIC",94,60,0.33,"FALSE","FALSE","FALSE","7.40910521336328","5.05246499796924","2.35664021539404","0.808","2,3,4,5,6,90,91,92,94",0.0128764991521245,FALSE,0,0,1,2,9,0,9,0,0.75
"EBIC",95,60,0.33,"FALSE","FALSE","FALSE","5.71265708732635","4.21493995190567","1.49771713542068","0.996","2,4,6,7,92,95",0.0636568929344604,FALSE,1,1,3,5,6,2,4,0.333333333333333,0.333333333333333
"EBIC",96,60,0.33,"FALSE","FALSE","FALSE","7.08849981299282","4.03448420668503","3.05401560630779","0.669","2,4,49,78,89,90,93",0.0581513404149993,FALSE,2,0,4,3,7,2,5,0.285714285714286,0.416666666666667
"EBIC",97,60,0.33,"FALSE","FALSE","FALSE","6.27309519195155","3.7084939079717","2.56460128397985","1.164","2,4,6,89,90,92,93",0.030708254403524,FALSE,0,0,3,2,7,0,7,0,0.583333333333333
"EBIC",98,60,0.33,"FALSE","FALSE","FALSE","7.04320848197034","5.1948357583114","1.84837272365894","0.946","1,2,3,4,5,6,91,94",0.0212506191957412,FALSE,0,0,0,4,8,0,8,0,0.666666666666667
"EBIC",99,60,0.33,"FALSE","FALSE","FALSE","7.01702247819926","4.33102066940622","2.68600180879305","1.161","2,3,4,6,7,12,19,86,90,91,92",0.0437753368718163,FALSE,4,0,2,3,11,4,7,0.363636363636364,0.583333333333333
"kappa.o",1,60,0.33,"FALSE","FALSE","FALSE","6.29026300594457","4.95762996400246","1.33263304194211","1.295","2,4,6,8,24,92,95",0.0601545249988042,FALSE,2,1,3,5,7,3,4,0.428571428571429,0.333333333333333
"kappa.o",10,60,0.33,"FALSE","FALSE","FALSE","6.7558446990525","4.62836182885239","2.12748287020011","1.411","2,4,5,32,92",0.0641701143825296,FALSE,1,0,3,5,5,1,4,0.2,0.333333333333333
"kappa.o",100,60,0.33,"FALSE","FALSE","FALSE","6.15527655830133","3.07438866364157","3.08088789465976","1.186","2,16,90,93,94",0.0704943294267097,FALSE,1,0,5,3,5,1,4,0.2,0.333333333333333
"kappa.o",11,60,0.33,"FALSE","FALSE","FALSE","6.6506433168295","3.60870141929987","3.04194189752962","1.185","2,4,78,89,90,93",0.0611823365675981,FALSE,1,0,4,3,6,1,5,0.166666666666667,0.416666666666667
"kappa.o",12,60,0.33,"FALSE","FALSE","FALSE","6.75487674903438","5.23715716904411","1.51771957999027","1.372","2,3,4,6,39,91,92",0.0429199792168724,FALSE,1,0,2,4,7,1,6,0.142857142857143,0.5
"kappa.o",13,60,0.33,"FALSE","FALSE","FALSE","6.52009023956849","4.71856312222777","1.80152711734071","1.189","4,19,49,76,92",0.0990265732309482,FALSE,3,0,5,5,5,3,2,0.6,0.166666666666667
"kappa.o",14,60,0.33,"FALSE","FALSE","FALSE","6.59530220420829","4.73403982468039","1.86126237952791","0.816","1,3,4,5,40,91,94",0.0433186358341212,FALSE,1,0,2,4,7,1,6,0.142857142857143,0.5
"kappa.o",15,60,0.33,"FALSE","FALSE","FALSE","7.42853293600881","4.31610799757761","3.11242493843121","1.293","2,4,6,89,90,92,93",0.0303749412208293,FALSE,0,0,3,2,7,0,7,0,0.583333333333333
"kappa.o",16,60,0.33,"FALSE","FALSE","FALSE","7.08135899902966","4.27186880002444","2.80949019900522","0.894","2,3,4,6,91,92,95",0.0433637353768136,FALSE,0,1,2,4,7,1,6,0.142857142857143,0.5
"kappa.o",17,60,0.33,"FALSE","FALSE","FALSE","7.88935249611597","6.05932983835657","1.83002265775941","1.364","1,2,3,4,5,6,91,94",0.0194133653953406,FALSE,0,0,0,4,8,0,8,0,0.666666666666667
"kappa.o",18,60,0.33,"FALSE","FALSE","FALSE","6.31637602958404","3.47912288953934","2.8372531400447","1.005","2,4,90,92,93",0.0492799340417904,FALSE,0,0,4,3,5,0,5,0,0.416666666666667
"kappa.o",19,60,0.33,"FALSE","FALSE","FALSE","7.38435458336721","5.21095361631925","2.17340096704796","0.866","2,4,6,39,86,91,92",0.0528557516569536,FALSE,2,0,3,4,7,2,5,0.285714285714286,0.416666666666667
"kappa.o",2,60,0.33,"FALSE","FALSE","FALSE","6.99338651236743","3.63893518208136","3.35445133028607","1.026","2,4,7,90,92,93",0.055802792854149,FALSE,1,0,4,3,6,1,5,0.166666666666667,0.416666666666667
"kappa.o",20,60,0.33,"FALSE","FALSE","FALSE","8.719248663119","5.80854268637797","2.91070597674103","1.084","2,4,6,10,52,69,92,95,96",0.0561545383696551,FALSE,3,2,3,5,9,5,4,0.555555555555556,0.333333333333333
"kappa.o",21,60,0.33,"FALSE","FALSE","FALSE","6.88445728131622","4.56633636672672","2.3181209145895","1.325","2,4,6,48,90,92",0.0472687841999483,FALSE,1,0,3,4,6,1,5,0.166666666666667,0.416666666666667
"kappa.o",22,60,0.33,"FALSE","FALSE","FALSE","6.19152262245655","4.03624141235081","2.15528121010573","1.387","2,4,19,49,92",0.0810155903315867,FALSE,2,0,4,5,5,2,3,0.4,0.25
"kappa.o",23,60,0.33,"FALSE","FALSE","FALSE","6.95726699661932","4.8317776055775","2.12548939104181","0.983","1,3,5,6,91,94",0.0593739467208776,FALSE,0,0,2,4,6,0,6,0,0.5
"kappa.o",24,60,0.33,"FALSE","FALSE","FALSE","6.3164051309831","3.64034781957261","2.67605731141049","1.227","2,4,89,90,92,93",0.0420846851867351,FALSE,0,0,4,2,6,0,6,0,0.5
"kappa.o",25,60,0.33,"FALSE","FALSE","FALSE","6.6689838608526","3.8822321499537","2.7867517108989","1.189","2,4,6,89,90,92,93",0.0333569232204668,FALSE,0,0,3,2,7,0,7,0,0.583333333333333
"kappa.o",26,60,0.33,"FALSE","FALSE","FALSE","7.52364844001206","5.59597140524463","1.92767703476743","0.73","1,2,3,4,5,91,94",0.0285291383239459,FALSE,0,0,1,4,7,0,7,0,0.583333333333333
"kappa.o",27,60,0.33,"FALSE","FALSE","FALSE","8.14435461305488","7.02725543245603","1.11709918059885","0.913","3,15,17,24,31,45,58,93",0.111086629928364,FALSE,6,0,5,5,8,6,2,0.75,0.166666666666667
"kappa.o",28,60,0.33,"FALSE","FALSE","FALSE","7.34606885707281","4.21498839468114","3.13108046239166","1.281","2,4,35,78,89,90,93",0.0620697605729442,FALSE,2,0,4,3,7,2,5,0.285714285714286,0.416666666666667
"kappa.o",29,60,0.33,"FALSE","FALSE","FALSE","8.64875876080189","6.04242552795384","2.60633323284806","1.162","2,4,40,55,59,80,90,91",0.0555485224777726,FALSE,4,0,4,4,8,4,4,0.5,0.333333333333333
"kappa.o",3,60,0.33,"FALSE","FALSE","FALSE","6.37444010493211","4.08706640458036","2.28737370035175","1.248","2,4,6,90,92",0.0470715072485061,FALSE,0,0,3,4,5,0,5,0,0.416666666666667
"kappa.o",30,60,0.33,"FALSE","FALSE","FALSE","6.95080033565882","3.3004302556817","3.65037007997712","1.268","2,4,89,90,92,93",0.0488395317515624,FALSE,0,0,4,2,6,0,6,0,0.5
"kappa.o",31,60,0.33,"FALSE","FALSE","FALSE","5.75787177032538","3.38406908457768","2.3738026857477","1.138","2,4,55,90,93",0.0561959147294518,FALSE,1,0,4,4,5,1,4,0.2,0.333333333333333
"kappa.o",32,60,0.33,"FALSE","FALSE","FALSE","6.78158438845556","5.80690887108301","0.974675517372557","1.292","1,2,4,5,40,73",0.058502688404775,FALSE,2,0,2,6,6,2,4,0.333333333333333,0.333333333333333
"kappa.o",33,60,0.33,"FALSE","FALSE","FALSE","7.36528644794586","4.59440815316994","2.77087829477592","1.403","2,3,4,22,91,92,94",0.0369332615063362,FALSE,1,0,3,3,7,1,6,0.142857142857143,0.5
"kappa.o",34,60,0.33,"FALSE","FALSE","FALSE","6.88994216784164","5.4792371520787","1.41070501576294","1.241","2,4,19,49,60,92,97",0.0685232495399298,FALSE,3,1,4,5,7,4,3,0.571428571428571,0.25
"kappa.o",35,60,0.33,"FALSE","FALSE","FALSE","7.39461025268508","5.36345401992271","2.03115623276237","1.242","1,2,3,4,5,91,94",0.0263812840867336,FALSE,0,0,1,4,7,0,7,0,0.583333333333333
"kappa.o",36,60,0.33,"FALSE","FALSE","FALSE","7.4154147751807","5.15364295035263","2.26177182482807","1.046","2,4,35,78,89,90,93",0.0646848241525435,FALSE,2,0,4,3,7,2,5,0.285714285714286,0.416666666666667
"kappa.o",37,60,0.33,"FALSE","FALSE","FALSE","6.11776205298486","4.04305273893357","2.07470931405129","1.519","2,3,5,94,100",0.0669869631443774,FALSE,0,1,3,5,5,1,4,0.2,0.333333333333333
"kappa.o",38,60,0.33,"FALSE","FALSE","FALSE","7.31689128327495","4.90306292894146","2.41382835433349","1.375","2,4,5,6,89,90,94",0.0253048662948391,FALSE,0,0,2,3,7,0,7,0,0.583333333333333
"kappa.o",39,60,0.33,"FALSE","FALSE","FALSE","6.161518013332","4.34753228425143","1.81398572908057","1.166","1,3,4,5,91,94",0.0445335757510806,FALSE,0,0,2,4,6,0,6,0,0.5
"kappa.o",4,60,0.33,"FALSE","FALSE","FALSE","6.15989948460415","3.50482084875015","2.655078635854","1.23","2,5,90,93,94,100",0.0521452621385416,FALSE,0,1,4,3,6,1,5,0.166666666666667,0.416666666666667
"kappa.o",40,60,0.33,"FALSE","FALSE","FALSE","6.80483452506333","4.39105894528534","2.41377557977799","1.163","2,4,40,55,90,91",0.0586458206735991,FALSE,2,0,4,4,6,2,4,0.333333333333333,0.333333333333333
"kappa.o",41,60,0.33,"FALSE","FALSE","FALSE","7.22553705096323","4.65483901024442","2.57069804071881","1.284","2,49,75,78,89,90,93,101",0.0746300014168449,FALSE,3,1,5,3,8,4,4,0.5,0.333333333333333
"kappa.o",42,60,0.33,"FALSE","FALSE","FALSE","6.71017268893712","3.66740903975987","3.04276364917725","1.077","2,4,89,90,92,93",0.0458820575624626,FALSE,0,0,4,2,6,0,6,0,0.5
"kappa.o",43,60,0.33,"FALSE","FALSE","FALSE","7.58576165734192","5.52165385542297","2.06410780191894","0.84","1,2,3,4,5,91,94",0.0268798748350863,FALSE,0,0,1,4,7,0,7,0,0.583333333333333
"kappa.o",44,60,0.33,"FALSE","FALSE","FALSE","6.79625738330427","4.4414953584757","2.35476202482857","1.243","2,4,40,43,86,90",0.0670187229877993,FALSE,3,0,4,5,6,3,3,0.5,0.25
"kappa.o",45,60,0.33,"FALSE","FALSE","FALSE","5.89280790769038","4.23145348627458","1.6613544214158","1.273","3,5,76,94,101",0.0857625151461099,FALSE,1,1,4,5,5,2,3,0.4,0.25
"kappa.o",46,60,0.33,"FALSE","FALSE","FALSE","7.23880125350092","3.7327785471081","3.50602270639282","1.193","2,4,89,90,92,93",0.0406894200528281,FALSE,0,0,4,2,6,0,6,0,0.5
"kappa.o",47,60,0.33,"FALSE","FALSE","FALSE","6.91208379976042","4.49451001555848","2.41757378420194","1.073","2,3,4,6,90,93,94",0.0235007315325298,FALSE,0,0,2,3,7,0,7,0,0.583333333333333
"kappa.o",48,60,0.33,"FALSE","FALSE","FALSE","7.94704851424897","5.0699723018665","2.87707621238247","1.191","2,4,6,90,92,93,96",0.0359357451596191,FALSE,0,1,3,3,7,1,6,0.142857142857143,0.5
"kappa.o",49,60,0.33,"FALSE","FALSE","FALSE","6.94524136710252","4.46161802977207","2.48362333733045","1.143","2,4,6,92,95",0.0720846507214293,FALSE,0,1,3,5,5,1,4,0.2,0.333333333333333
"kappa.o",5,60,0.33,"FALSE","FALSE","FALSE","6.98328950252233","3.72111773981332","3.26217176270901","1.567","2,4,90,91,92,93",0.0359200950187904,FALSE,0,0,4,2,6,0,6,0,0.5
"kappa.o",50,60,0.33,"FALSE","FALSE","FALSE","7.5418172620949","5.90219192095831","1.6396253411366","1.364","1,3,5,14,17,60,90,91",0.0632011630415342,FALSE,3,0,3,4,8,3,5,0.375,0.416666666666667
"kappa.o",51,60,0.33,"FALSE","FALSE","FALSE","6.93167918090393","4.3558412185693","2.57583796233463","1.496","4,17,19,40,68,92",0.0943186230002348,FALSE,4,0,5,5,6,4,2,0.666666666666667,0.166666666666667
"kappa.o",52,60,0.33,"FALSE","FALSE","FALSE","5.8676002106348","4.55487641022402","1.31272380041078","1.201","2,3,4,7,64,92",0.0727609174875959,FALSE,2,0,3,5,6,2,4,0.333333333333333,0.333333333333333
"kappa.o",53,60,0.33,"FALSE","FALSE","FALSE","8.12656219698506","6.08862119337046","2.0379410036146","0.599","1,2,3,4,5,6,91,94",0.0190425576353543,FALSE,0,0,0,4,8,0,8,0,0.666666666666667
"kappa.o",54,60,0.33,"FALSE","FALSE","FALSE","6.59746321204881","3.38979151030921","3.20767170173959","1.104","2,4,90,93,94,100",0.0498430159993354,FALSE,0,1,4,3,6,1,5,0.166666666666667,0.416666666666667
"kappa.o",55,60,0.33,"FALSE","FALSE","FALSE","6.74569919183435","3.64237385629068","3.10332533554367","0.96","2,4,7,90,92,93",0.0610389312634855,FALSE,1,0,4,3,6,1,5,0.166666666666667,0.416666666666667
"kappa.o",56,60,0.33,"FALSE","FALSE","FALSE","6.80959742326133","4.63004561534909","2.17955180791225","0.866","2,3,4,7,91,92",0.0592868401943113,FALSE,1,0,3,4,6,1,5,0.166666666666667,0.416666666666667
"kappa.o",57,60,0.33,"FALSE","FALSE","FALSE","7.07479888824942","5.07134993462615","2.00344895362327","1.539","1,2,4,31,89,92,93",0.0466941904960749,FALSE,1,0,3,3,7,1,6,0.142857142857143,0.5
"kappa.o",58,60,0.33,"FALSE","FALSE","FALSE","7.28078789355517","5.71568225835955","1.56510563519562","1.163","2,4,6,30,38,68,91,92",0.0563452169622575,FALSE,3,0,3,4,8,3,5,0.375,0.416666666666667
"kappa.o",59,60,0.33,"FALSE","FALSE","FALSE","6.20469699580161","3.64930804053601","2.55538895526561","1.247","2,4,78,89,90,93",0.0617663602331109,FALSE,1,0,4,3,6,1,5,0.166666666666667,0.416666666666667
"kappa.o",6,60,0.33,"FALSE","FALSE","FALSE","6.50587887273789","5.83959648611011","0.666282386627775","1.001","2,3,5,23,61,71",0.0943438061969255,FALSE,3,0,3,6,6,3,3,0.5,0.25
"kappa.o",60,60,0.33,"FALSE","FALSE","FALSE","8.65199145464083","7.55217070604722","1.09982074859361","1.528","2,4,5,6,19,41,42,59,64,76,92",0.0510711229963808,FALSE,6,0,2,5,11,6,5,0.545454545454545,0.416666666666667
"kappa.o",61,60,0.33,"FALSE","FALSE","FALSE","6.5829550973249","5.0998631952152","1.4830919021097","1.027","1,2,4,5,43,91",0.046225386715724,FALSE,1,0,2,5,6,1,5,0.166666666666667,0.416666666666667
"kappa.o",62,60,0.33,"FALSE","FALSE","FALSE","7.30310620230241","4.22298656367189","3.08011963863052","0.958","2,4,35,49,78,89,90,93",0.058639929754428,FALSE,3,0,4,3,8,3,5,0.375,0.416666666666667
"kappa.o",63,60,0.33,"FALSE","FALSE","FALSE","6.08047665284637","3.99583048554786","2.08464616729851","1.153","2,3,5,28,93,94",0.062500165884581,FALSE,1,0,3,4,6,1,5,0.166666666666667,0.416666666666667
"kappa.o",64,60,0.33,"FALSE","FALSE","FALSE","7.4286816174557","3.55342394260717","3.87525767484853","0.786","2,4,6,89,90,92,93",0.0300953317451052,FALSE,0,0,3,2,7,0,7,0,0.583333333333333
"kappa.o",65,60,0.33,"FALSE","FALSE","FALSE","6.68498822264002","4.29787609771444","2.38711212492558","1.305","2,4,46,79,90,93",0.0562659433348803,FALSE,2,0,4,4,6,2,4,0.333333333333333,0.333333333333333
"kappa.o",66,60,0.33,"FALSE","FALSE","FALSE","5.97388419639763","3.08941525572672","2.88446894067091","1.148","2,78,89,90,93",0.0912921858465455,FALSE,1,0,5,3,5,1,4,0.2,0.333333333333333
"kappa.o",67,60,0.33,"FALSE","FALSE","FALSE","6.69749980768285","3.08225147363948","3.61524833404337","0.867","2,4,89,90,92,93",0.0475397130297138,FALSE,0,0,4,2,6,0,6,0,0.5
"kappa.o",68,60,0.33,"FALSE","FALSE","FALSE","5.58814313823555","3.40805025486122","2.18009288337434","1.745","2,4,46,90,93",0.0548288642220075,FALSE,1,0,4,4,5,1,4,0.2,0.333333333333333
"kappa.o",69,60,0.33,"FALSE","FALSE","FALSE","6.44678999143911","2.39187159152143","4.05491839991768","0.531","2,4,89,90,92,93",0.0437721259537875,FALSE,0,0,4,2,6,0,6,0,0.5
"kappa.o",7,60,0.33,"FALSE","FALSE","FALSE","7.39536266256858","5.47866430445403","1.91669835811454","1.006","2,3,4,6,42,91,92",0.0359494422327155,FALSE,1,0,2,4,7,1,6,0.142857142857143,0.5
"kappa.o",70,60,0.33,"FALSE","FALSE","FALSE","7.63159637656184","6.44587468338158","1.18572169318026","1.114","2,3,4,7,19,59,92",0.0697527598082071,FALSE,3,0,3,5,7,3,4,0.428571428571429,0.333333333333333
"kappa.o",71,60,0.33,"FALSE","FALSE","FALSE","6.08961873892973","3.55615461700377","2.53346412192596","1.111","2,4,19,86,92",0.0881818063632807,FALSE,2,0,4,5,5,2,3,0.4,0.25
"kappa.o",72,60,0.33,"FALSE","FALSE","FALSE","6.65351656079601","5.01586526719758","1.63765129359844","1.179","1,2,3,4,5,6,91",0.0308618012793639,FALSE,0,0,0,5,7,0,7,0,0.583333333333333
"kappa.o",73,60,0.33,"FALSE","FALSE","FALSE","6.78227380682168","4.62832225135223","2.15395155546945","1.475","2,4,9,89,90,93",0.0584518233222827,FALSE,1,0,4,3,6,1,5,0.166666666666667,0.416666666666667
"kappa.o",74,60,0.33,"FALSE","FALSE","FALSE","7.09250621931324","5.83719819981294","1.2553080195003","0.755","1,3,4,5,6,91",0.0481100775024066,FALSE,0,0,1,5,6,0,6,0,0.5
"kappa.o",75,60,0.33,"FALSE","FALSE","FALSE","8.04542973598226","5.56786535873466","2.4775643772476","1.095","2,3,4,5,6,90,92",0.0224734132625747,FALSE,0,0,1,4,7,0,7,0,0.583333333333333
"kappa.o",76,60,0.33,"FALSE","FALSE","FALSE","7.09808881891099","5.21907251721315","1.87901630169784","0.724","2,3,4,5,6,91,94",0.0247132269394114,FALSE,0,0,1,4,7,0,7,0,0.583333333333333
"kappa.o",77,60,0.33,"FALSE","FALSE","FALSE","7.68105997436477","5.24561361805761","2.43544635630716","0.723","2,3,4,5,6,91,94",0.0267814033093715,FALSE,0,0,1,4,7,0,7,0,0.583333333333333
"kappa.o",78,60,0.33,"FALSE","FALSE","FALSE","7.97613867329761","5.58166641179003","2.39447226150759","1","1,2,3,5,6,90,93,94",0.026391192730567,FALSE,0,0,1,3,8,0,8,0,0.666666666666667
"kappa.o",79,60,0.33,"FALSE","FALSE","FALSE","5.94903615166668","4.99976430110808","0.949271850558605","1.472","17,40,52,68,94",0.143598708235796,FALSE,4,0,6,5,5,4,1,0.8,0.0833333333333333
"kappa.o",8,60,0.33,"FALSE","FALSE","FALSE","6.07723120311258","4.92895811350799","1.14827308960458","1.749","1,3,5,75,91,101",0.0815640791445083,FALSE,1,1,3,5,6,2,4,0.333333333333333,0.333333333333333
"kappa.o",80,60,0.33,"FALSE","FALSE","FALSE","6.36274406690956","3.2585406906503","3.10420337625926","0.963","2,4,89,90,93",0.05823127017928,FALSE,0,0,4,3,5,0,5,0,0.416666666666667
"kappa.o",81,60,0.33,"FALSE","FALSE","FALSE","5.51014218713056","4.22145923239378","1.28868295473678","1.287","4,40,49,52,98",0.12044712828433,FALSE,3,1,5,6,5,4,1,0.8,0.0833333333333333
"kappa.o",82,60,0.33,"FALSE","FALSE","FALSE","5.65614868880606","3.53029021959247","2.12585846921359","1.072","2,6,90,93,94",0.0582641272542257,FALSE,0,0,4,3,5,0,5,0,0.416666666666667
"kappa.o",83,60,0.33,"FALSE","FALSE","FALSE","8.19744660762938","6.00299017057707","2.19445643705231","1.001","1,2,4,5,73,90,91",0.0341069336025525,FALSE,1,0,2,4,7,1,6,0.142857142857143,0.5
"kappa.o",84,60,0.33,"FALSE","FALSE","FALSE","7.41537308161372","6.31766872330504","1.09770435830869","1.048","2,4,17,46,49,64,92",0.0698763349000357,FALSE,4,0,4,5,7,4,3,0.571428571428571,0.25
"kappa.o",85,60,0.33,"FALSE","FALSE","FALSE","7.91237056581934","5.71461802865666","2.19775253716268","1.095","1,2,3,4,5,6,91,94",0.0214550061878181,FALSE,0,0,0,4,8,0,8,0,0.666666666666667
"kappa.o",86,60,0.33,"FALSE","FALSE","FALSE","7.52704892172137","4.76942922974232","2.75761969197905","0.775","2,4,6,64,89,90,92",0.0406347160705397,FALSE,1,0,3,3,7,1,6,0.142857142857143,0.5
"kappa.o",87,60,0.33,"FALSE","FALSE","FALSE","6.49216395533989","4.77202124837612","1.72014270696377","1.375","2,4,6,90,92",0.0511834755966032,FALSE,0,0,3,4,5,0,5,0,0.416666666666667
"kappa.o",88,60,0.33,"FALSE","FALSE","FALSE","7.25512743454784","4.49931969053299","2.75580774401485","1.525","2,4,78,89,90,93",0.0599579626264366,FALSE,1,0,4,3,6,1,5,0.166666666666667,0.416666666666667
"kappa.o",89,60,0.33,"FALSE","FALSE","FALSE","6.91698285836379","5.12542081873839","1.7915620396254","1.388","2,4,5,55,58,90,93",0.0430605505704107,FALSE,2,0,3,4,7,2,5,0.285714285714286,0.416666666666667
"kappa.o",9,60,0.33,"FALSE","FALSE","FALSE","7.47774851419665","4.76299185460507","2.71475665959158","1.589","2,4,5,6,90,91,92",0.0237441826335371,FALSE,0,0,2,3,7,0,7,0,0.583333333333333
"kappa.o",90,60,0.33,"FALSE","FALSE","FALSE","6.9026243781527","5.15402614769264","1.74859823046006","1.573","2,3,4,5,6,91,94",0.0227083847961727,FALSE,0,0,1,4,7,0,7,0,0.583333333333333
"kappa.o",91,60,0.33,"FALSE","FALSE","FALSE","6.38633745265271","4.68914167863071","1.697195774022","0.793","2,3,4,6,91,92",0.0420359163385662,FALSE,0,0,2,4,6,0,6,0,0.5
"kappa.o",92,60,0.33,"FALSE","FALSE","FALSE","7.29615043655395","5.26481037199448","2.03134006455947","0.836","2,3,4,6,91,92",0.041835742826348,FALSE,0,0,2,4,6,0,6,0,0.5
"kappa.o",93,60,0.33,"FALSE","FALSE","FALSE","6.66100232552698","3.59880915336443","3.06219317216255","0.628","2,4,78,89,90,93",0.0569894545575109,FALSE,1,0,4,3,6,1,5,0.166666666666667,0.416666666666667
"kappa.o",94,60,0.33,"FALSE","FALSE","FALSE","7.40910521336328","5.05246499796924","2.35664021539404","0.808","2,3,4,5,6,91,92,94",0.0186050747853828,FALSE,0,0,1,3,8,0,8,0,0.666666666666667
"kappa.o",95,60,0.33,"FALSE","FALSE","FALSE","5.71265708732635","4.21493995190567","1.49771713542068","0.996","2,4,6,7,92",0.0689757179132382,FALSE,1,0,3,5,5,1,4,0.2,0.333333333333333
"kappa.o",96,60,0.33,"FALSE","FALSE","FALSE","7.08849981299282","4.03448420668503","3.05401560630779","0.669","2,4,49,78,89,90,93",0.0581513404149993,FALSE,2,0,4,3,7,2,5,0.285714285714286,0.416666666666667
"kappa.o",97,60,0.33,"FALSE","FALSE","FALSE","6.27309519195155","3.7084939079717","2.56460128397985","1.164","2,4,6,89,90,92,93",0.030708254403524,FALSE,0,0,3,2,7,0,7,0,0.583333333333333
"kappa.o",98,60,0.33,"FALSE","FALSE","FALSE","7.04320848197034","5.1948357583114","1.84837272365894","0.946","1,3,4,5,6,91,94",0.0335693669355545,FALSE,0,0,1,4,7,0,7,0,0.583333333333333
"kappa.o",99,60,0.33,"FALSE","FALSE","FALSE","7.01702247819926","4.33102066940622","2.68600180879305","1.161","2,4,52,89,90,93",0.0630022006310288,FALSE,1,0,4,3,6,1,5,0.166666666666667,0.416666666666667
"lasso.cv",1,60,0.33,"FALSE","FALSE","FALSE","6.29026300594457","4.95762996400246","1.33263304194211","1.295","2,3,4,5,6,13,15,17,19,24,30,36,44,46,49,52,53,64,67,88,90,91,92,93,94,95,97,100",0.0358435126090603,FALSE,15,3,1,1,28,18,10,0.642857142857143,0.833333333333333
"lasso.cv",10,60,0.33,"FALSE","FALSE","FALSE","6.7558446990525","4.62836182885239","2.12748287020011","1.411","1,2,4,5,6,21,22,24,30,32,36,40,41,44,45,48,49,59,73,86,90,91,92,93,94,95,98,99,101",0.0186192952105091,FALSE,15,4,1,1,29,19,10,0.655172413793103,0.833333333333333
"lasso.cv",100,60,0.33,"FALSE","FALSE","FALSE","6.15527655830133","3.07438866364157","3.08088789465976","1.186","1,2,3,4,5,8,9,16,17,19,21,24,30,36,39,40,42,45,47,49,54,60,66,68,76,77,78,83,85,86,87,90,91,92,93,94",0.0254596576249877,FALSE,26,0,1,1,36,26,10,0.722222222222222,0.833333333333333
"lasso.cv",11,60,0.33,"FALSE","FALSE","FALSE","6.6506433168295","3.60870141929987","3.04194189752962","1.185","1,2,3,4,5,6,7,17,18,19,31,34,38,42,52,54,59,64,66,67,69,71,73,78,85,86,89,90,91,92,93,94,96,98",0.0166640351557705,FALSE,20,2,0,0,34,22,12,0.647058823529412,1
"lasso.cv",12,60,0.33,"FALSE","FALSE","FALSE","6.75487674903438","5.23715716904411","1.51771957999027","1.372","1,2,3,4,6,14,15,24,25,27,30,31,33,39,41,42,43,49,52,54,59,60,71,78,79,86,87,89,90,91,92,93,94,95,97,100,101",0.0257661419591074,FALSE,22,4,1,0,37,26,11,0.702702702702703,0.916666666666667
"lasso.cv",13,60,0.33,"FALSE","FALSE","FALSE","6.52009023956849","4.71856312222777","1.80152711734071","1.189","1,2,4,5,6,10,17,19,20,27,32,36,40,43,49,59,61,64,71,76,81,86,89,90,91,92,93,94,99",0.0234792227107597,FALSE,17,1,1,0,29,18,11,0.620689655172414,0.916666666666667
"lasso.cv",14,60,0.33,"FALSE","FALSE","FALSE","6.59530220420829","4.73403982468039","1.86126237952791","0.816","1,2,3,4,5,6,15,17,19,30,31,36,40,49,54,59,76,82,86,88,90,91,92,93,94",0.0293917335418574,FALSE,14,0,0,1,25,14,11,0.56,0.916666666666667
"lasso.cv",15,60,0.33,"FALSE","FALSE","FALSE","7.42853293600881","4.31610799757761","3.11242493843121","1.293","2,3,4,6,7,10,12,13,14,15,16,17,26,27,35,38,42,45,54,56,57,59,64,65,71,73,77,79,84,85,86,87,89,90,92,93,94,96,97,99",0.0229449073499317,FALSE,28,3,2,1,40,31,9,0.775,0.75
"lasso.cv",16,60,0.33,"FALSE","FALSE","FALSE","7.08135899902966","4.27186880002444","2.80949019900522","0.894","1,2,3,4,5,6,14,20,21,31,36,38,40,44,49,56,59,64,71,86,87,90,91,92,93,94,95,101",0.0163689853457546,FALSE,15,2,0,1,28,17,11,0.607142857142857,0.916666666666667
"lasso.cv",17,60,0.33,"FALSE","FALSE","FALSE","7.88935249611597","6.05932983835657","1.83002265775941","1.364","1,2,3,4,5,6,9,10,15,19,24,25,34,40,44,49,52,53,61,62,66,68,73,78,85,90,91,92,93,94",0.0165729434396218,FALSE,19,0,0,1,30,19,11,0.633333333333333,0.916666666666667
"lasso.cv",18,60,0.33,"FALSE","FALSE","FALSE","6.31637602958404","3.47912288953934","2.8372531400447","1.005","1,2,3,4,5,6,15,19,24,26,44,46,52,54,67,68,73,75,83,86,90,91,92,93,94,95,98",0.0142090913479522,FALSE,14,2,0,1,27,16,11,0.592592592592593,0.916666666666667
"lasso.cv",19,60,0.33,"FALSE","FALSE","FALSE","7.38435458336721","5.21095361631925","2.17340096704796","0.866","1,2,4,5,6,12,15,17,25,27,31,39,43,45,51,52,54,57,66,69,78,81,86,87,88,89,90,91,92,93,96,99,101",0.0228839369115779,FALSE,20,3,1,1,33,23,10,0.696969696969697,0.833333333333333
"lasso.cv",2,60,0.33,"FALSE","FALSE","FALSE","6.99338651236743","3.63893518208136","3.35445133028607","1.026","1,2,3,4,5,6,7,10,12,17,19,21,24,30,36,42,46,49,55,62,76,78,80,82,89,90,91,92,93,94,95,97,98,99,101",0.0196240156645716,FALSE,18,5,0,0,35,23,12,0.657142857142857,1
"lasso.cv",20,60,0.33,"FALSE","FALSE","FALSE","8.719248663119","5.80854268637797","2.91070597674103","1.084","1,2,3,4,5,6,10,15,17,18,20,26,27,31,39,40,42,44,45,49,51,52,60,66,69,76,77,78,91,92,93,94,95,96,98,99",0.0275376144587676,FALSE,22,4,0,2,36,26,10,0.722222222222222,0.833333333333333
"lasso.cv",21,60,0.33,"FALSE","FALSE","FALSE","6.88445728131622","4.56633636672672","2.3181209145895","1.325","1,2,3,4,5,6,13,15,18,20,27,35,36,40,42,44,45,48,52,60,73,75,78,88,90,91,92,93,94",0.00961819236696253,FALSE,18,0,0,1,29,18,11,0.620689655172414,0.916666666666667
"lasso.cv",22,60,0.33,"FALSE","FALSE","FALSE","6.19152262245655","4.03624141235081","2.15528121010573","1.387","1,2,3,4,5,6,8,15,18,19,31,42,43,49,52,55,56,60,66,69,73,76,77,78,80,86,87,90,91,92,93,95,97,98",0.0223539708648376,FALSE,21,3,0,2,34,24,10,0.705882352941177,0.833333333333333
"lasso.cv",23,60,0.33,"FALSE","FALSE","FALSE","6.95726699661932","4.8317776055775","2.12548939104181","0.983","1,2,3,4,5,6,9,14,15,17,22,36,41,42,45,48,49,54,56,59,63,70,71,72,73,76,78,86,90,91,92,93,94,95,99",0.0252655939290743,FALSE,22,2,0,1,35,24,11,0.685714285714286,0.916666666666667
"lasso.cv",24,60,0.33,"FALSE","FALSE","FALSE","6.3164051309831","3.64034781957261","2.67605731141049","1.227","1,2,3,4,5,6,8,12,13,15,17,19,20,21,22,24,26,27,28,32,36,38,42,44,49,57,59,77,78,81,82,88,89,90,91,92,93,94,97",0.0156149644788892,FALSE,26,1,0,0,39,27,12,0.692307692307692,1
"lasso.cv",25,60,0.33,"FALSE","FALSE","FALSE","6.6689838608526","3.8822321499537","2.7867517108989","1.189","1,2,3,4,5,6,7,15,19,37,40,50,51,52,53,54,59,62,66,71,73,76,89,90,91,92,93,94,95,100",0.00997739755834766,FALSE,16,2,0,0,30,18,12,0.6,1
"lasso.cv",26,60,0.33,"FALSE","FALSE","FALSE","7.52364844001206","5.59597140524463","1.92767703476743","0.73","1,2,3,4,5,14,16,17,19,21,25,30,33,36,38,43,46,49,51,54,55,57,59,62,63,65,66,73,77,78,83,86,90,91,93,94,98,99",0.0239043009345788,FALSE,27,2,1,2,38,29,9,0.763157894736842,0.75
"lasso.cv",27,60,0.33,"FALSE","FALSE","FALSE","8.14435461305488","7.02725543245603","1.11709918059885","0.913","2,3,4,9,12,15,17,19,24,31,32,40,44,45,49,51,52,54,58,69,72,76,80,89,90,91,92,93,94,97,100",0.0414997002637064,FALSE,20,2,3,0,31,22,9,0.709677419354839,0.75
"lasso.cv",28,60,0.33,"FALSE","FALSE","FALSE","7.34606885707281","4.21498839468114","3.13108046239166","1.281","1,2,3,4,5,6,15,17,27,30,33,38,40,41,42,44,54,59,70,73,76,78,80,83,87,89,90,91,93,97,98,99,101",0.0264862699459581,FALSE,19,4,0,2,33,23,10,0.696969696969697,0.833333333333333
"lasso.cv",29,60,0.33,"FALSE","FALSE","FALSE","8.64875876080189","6.04242552795384","2.60633323284806","1.162","1,2,3,4,5,6,19,24,30,31,33,35,36,40,42,44,49,55,59,68,70,71,76,80,82,86,89,90,91,92,93,94,97,99,100",0.0178629529646475,FALSE,20,3,0,0,35,23,12,0.657142857142857,1
"lasso.cv",3,60,0.33,"FALSE","FALSE","FALSE","6.37444010493211","4.08706640458036","2.28737370035175","1.248","1,2,3,4,5,6,17,20,24,30,32,36,40,47,49,54,55,59,68,72,78,81,82,85,86,90,91,92,93,94",0.0167379552416368,FALSE,19,0,0,1,30,19,11,0.633333333333333,0.916666666666667
"lasso.cv",30,60,0.33,"FALSE","FALSE","FALSE","6.95080033565882","3.3004302556817","3.65037007997712","1.268","1,2,3,4,5,6,12,17,18,21,26,29,31,39,42,48,49,51,52,54,55,59,60,62,64,66,68,71,73,78,81,82,89,90,91,92,93,94,95,98",0.0119860895204704,FALSE,26,2,0,0,40,28,12,0.7,1
"lasso.cv",31,60,0.33,"FALSE","FALSE","FALSE","5.75787177032538","3.38406908457768","2.3738026857477","1.138","1,2,3,4,5,6,15,18,19,30,31,37,40,51,52,55,59,60,66,68,73,81,86,89,90,91,93,94,96,98,101",0.0181177200591852,FALSE,17,3,0,1,31,20,11,0.645161290322581,0.916666666666667
"lasso.cv",32,60,0.33,"FALSE","FALSE","FALSE","6.78158438845556","5.80690887108301","0.974675517372557","1.292","1,2,3,4,5,6,7,27,30,32,40,42,52,59,66,70,73,77,79,83,86,89,90,91,92,94,98,100",0.0301182734841718,FALSE,15,2,0,1,28,17,11,0.607142857142857,0.916666666666667
"lasso.cv",33,60,0.33,"FALSE","FALSE","FALSE","7.36528644794586","4.59440815316994","2.77087829477592","1.403","1,2,3,4,6,7,12,15,17,18,22,27,31,40,41,42,43,45,46,49,50,54,57,58,61,66,70,78,81,89,90,91,92,93,94,95,98",0.0241187294229667,FALSE,24,2,1,0,37,26,11,0.702702702702703,0.916666666666667
"lasso.cv",34,60,0.33,"FALSE","FALSE","FALSE","6.88994216784164","5.4792371520787","1.41070501576294","1.241","1,2,3,4,5,6,13,15,17,19,22,30,31,33,36,40,44,46,49,51,55,56,60,85,90,91,92,93,95,97",0.0224981158618343,FALSE,18,2,0,2,30,20,10,0.666666666666667,0.833333333333333
"lasso.cv",35,60,0.33,"FALSE","FALSE","FALSE","7.39461025268508","5.36345401992271","2.03115623276237","1.242","1,2,3,4,5,6,15,17,22,30,46,49,56,59,61,71,73,76,85,86,89,90,91,92,93,94,98",0.0131853463646643,FALSE,14,1,0,0,27,15,12,0.555555555555556,1
"lasso.cv",36,60,0.33,"FALSE","FALSE","FALSE","7.4154147751807","5.15364295035263","2.26177182482807","1.046","1,2,3,4,5,6,7,16,19,22,23,25,27,31,34,35,46,49,50,60,66,67,71,78,86,89,90,91,92,93,94",0.0107110319581517,FALSE,19,0,0,0,31,19,12,0.612903225806452,1
"lasso.cv",37,60,0.33,"FALSE","FALSE","FALSE","6.11776205298486","4.04305273893357","2.07470931405129","1.519","1,2,3,4,5,6,15,18,19,25,27,30,36,38,39,40,43,46,49,55,60,76,77,78,88,89,90,91,92,93,94,100",0.0231502590014416,FALSE,19,1,0,0,32,20,12,0.625,1
"lasso.cv",38,60,0.33,"FALSE","FALSE","FALSE","7.31689128327495","4.90306292894146","2.41382835433349","1.375","1,2,3,4,5,6,7,14,15,19,22,23,29,31,35,44,49,52,58,67,73,76,82,86,89,90,92,93,94,95,97",0.0157847576190699,FALSE,18,2,0,1,31,20,11,0.645161290322581,0.916666666666667
"lasso.cv",39,60,0.33,"FALSE","FALSE","FALSE","6.161518013332","4.34753228425143","1.81398572908057","1.166","2,3,4,6,15,17,27,30,36,45,47,48,52,54,56,57,58,66,71,77,78,83,85,86,90,91,92,94,96,100",0.0321045734542841,FALSE,20,2,2,2,30,22,8,0.733333333333333,0.666666666666667
"lasso.cv",4,60,0.33,"FALSE","FALSE","FALSE","6.15989948460415","3.50482084875015","2.655078635854","1.23","1,2,3,4,5,6,7,14,15,17,19,20,34,38,39,46,47,52,53,56,60,62,67,70,72,73,76,78,79,83,87,88,90,91,92,93,94,100",0.0182192513045428,FALSE,26,1,0,1,38,27,11,0.710526315789474,0.916666666666667
"lasso.cv",40,60,0.33,"FALSE","FALSE","FALSE","6.80483452506333","4.39105894528534","2.41377557977799","1.163","1,2,3,4,5,7,10,17,23,30,39,40,42,43,52,55,58,66,68,76,77,81,82,84,88,89,90,91,92,93,94,95,100",0.0238341542020347,FALSE,20,2,1,0,33,22,11,0.666666666666667,0.916666666666667
"lasso.cv",41,60,0.33,"FALSE","FALSE","FALSE","7.22553705096323","4.65483901024442","2.57069804071881","1.284","2,4,5,6,15,16,17,20,21,23,24,26,27,36,39,41,42,43,44,45,49,50,54,58,59,60,64,70,76,78,82,86,89,90,93,94,98,101",0.0402243208781781,FALSE,28,2,2,2,38,30,8,0.789473684210526,0.666666666666667
"lasso.cv",42,60,0.33,"FALSE","FALSE","FALSE","6.71017268893712","3.66740903975987","3.04276364917725","1.077","1,2,3,4,5,6,10,15,18,27,31,35,44,51,57,68,69,73,86,89,90,91,92,93",0.0207348646083125,FALSE,13,0,0,1,24,13,11,0.541666666666667,0.916666666666667
"lasso.cv",43,60,0.33,"FALSE","FALSE","FALSE","7.58576165734192","5.52165385542297","2.06410780191894","0.84","1,2,3,4,5,6,13,14,18,21,24,30,36,40,41,49,54,60,62,70,76,86,88,90,91,92,93,94,96,97,98,99",0.0159350785513678,FALSE,17,4,0,1,32,21,11,0.65625,0.916666666666667
"lasso.cv",44,60,0.33,"FALSE","FALSE","FALSE","6.79625738330427","4.4414953584757","2.35476202482857","1.243","2,3,4,5,6,7,9,17,19,25,30,40,43,49,50,52,61,63,68,76,81,82,86,89,90,91,92,93,94,98",0.0220941975123381,FALSE,18,1,1,0,30,19,11,0.633333333333333,0.916666666666667
"lasso.cv",45,60,0.33,"FALSE","FALSE","FALSE","5.89280790769038","4.23145348627458","1.6613544214158","1.273","1,2,3,4,5,6,15,17,20,30,31,32,38,46,56,59,64,66,68,76,77,84,87,89,90,91,92,93,94,97,101",0.0172414315413194,FALSE,17,2,0,0,31,19,12,0.612903225806452,1
"lasso.cv",46,60,0.33,"FALSE","FALSE","FALSE","7.23880125350092","3.7327785471081","3.50602270639282","1.193","1,2,3,4,5,6,7,11,13,15,16,19,21,27,29,30,40,43,45,48,52,59,60,61,67,70,72,73,74,83,84,86,89,90,91,92,93,94,96,99,100,101",0.0144506626125922,FALSE,26,4,0,0,42,30,12,0.714285714285714,1
"lasso.cv",47,60,0.33,"FALSE","FALSE","FALSE","6.91208379976042","4.49451001555848","2.41757378420194","1.073","1,2,3,4,6,15,17,19,27,30,38,40,42,54,59,60,62,68,72,73,77,78,86,88,90,91,92,93,94,98,99",0.0168108940598311,FALSE,19,2,1,1,31,21,10,0.67741935483871,0.833333333333333
"lasso.cv",48,60,0.33,"FALSE","FALSE","FALSE","7.94704851424897","5.0699723018665","2.87707621238247","1.191","2,3,4,5,6,10,15,18,40,43,49,51,54,62,69,73,78,82,83,86,88,90,91,92,93,94,95,96,98,100",0.0163253285728217,FALSE,16,4,1,1,30,20,10,0.666666666666667,0.833333333333333
"lasso.cv",49,60,0.33,"FALSE","FALSE","FALSE","6.94524136710252","4.46161802977207","2.48362333733045","1.143","1,2,3,4,5,6,7,11,15,17,26,27,33,35,36,38,42,45,46,48,49,53,56,58,61,62,68,70,79,80,83,90,91,92,93,94,95,96,98",0.0207308465764317,FALSE,25,3,0,1,39,28,11,0.717948717948718,0.916666666666667
"lasso.cv",5,60,0.33,"FALSE","FALSE","FALSE","6.98328950252233","3.72111773981332","3.26217176270901","1.567","1,2,3,4,5,6,7,10,15,27,30,35,37,41,42,44,45,49,51,54,60,64,73,79,83,86,89,90,91,92,93,94,98,101",0.0140822672848255,FALSE,20,2,0,0,34,22,12,0.647058823529412,1
"lasso.cv",50,60,0.33,"FALSE","FALSE","FALSE","7.5418172620949","5.90219192095831","1.6396253411366","1.364","1,2,3,4,5,6,9,10,14,17,18,22,24,27,28,30,31,42,43,45,48,50,54,55,57,59,60,66,68,70,76,78,82,86,89,90,91,92",0.0396307944467653,FALSE,28,0,0,2,38,28,10,0.736842105263158,0.833333333333333
"lasso.cv",51,60,0.33,"FALSE","FALSE","FALSE","6.93167918090393","4.3558412185693","2.57583796233463","1.496","2,4,6,15,17,19,30,35,38,40,41,44,45,52,54,58,65,68,69,72,73,81,86,89,90,91,92,93,94,97,100",0.029391216850739,FALSE,20,2,3,0,31,22,9,0.709677419354839,0.75
"lasso.cv",52,60,0.33,"FALSE","FALSE","FALSE","5.8676002106348","4.55487641022402","1.31272380041078","1.201","1,2,3,4,5,6,7,8,14,15,17,18,19,23,24,27,30,36,40,48,50,52,54,57,59,60,64,65,73,76,88,89,90,91,92,93",0.0267768613219835,FALSE,25,0,0,1,36,25,11,0.694444444444444,0.916666666666667
"lasso.cv",53,60,0.33,"FALSE","FALSE","FALSE","8.12656219698506","6.08862119337046","2.0379410036146","0.599","1,2,3,4,5,6,17,19,21,35,48,53,54,59,66,71,73,83,89,90,91,93,94,97,98,99,101",0.0135656700089811,FALSE,12,4,0,1,27,16,11,0.592592592592593,0.916666666666667
"lasso.cv",54,60,0.33,"FALSE","FALSE","FALSE","6.59746321204881","3.38979151030921","3.20767170173959","1.104","1,2,3,4,5,30,31,40,48,52,60,71,72,75,81,84,86,89,90,91,92,93,94,100",0.0178189799711752,FALSE,12,1,1,0,24,13,11,0.541666666666667,0.916666666666667
"lasso.cv",55,60,0.33,"FALSE","FALSE","FALSE","6.74569919183435","3.64237385629068","3.10332533554367","0.96","1,2,3,4,5,6,7,8,9,15,17,24,25,26,28,42,45,49,51,52,66,71,73,74,76,77,78,83,84,89,90,91,92,93,94,97,99,100",0.0242373017554879,FALSE,23,3,0,0,38,26,12,0.684210526315789,1
"lasso.cv",56,60,0.33,"FALSE","FALSE","FALSE","6.80959742326133","4.63004561534909","2.17955180791225","0.866","1,2,3,4,5,6,7,15,17,18,20,26,31,36,40,48,50,52,54,57,61,70,81,86,87,90,91,92,93,94,99,100",0.023009790365201,FALSE,19,2,0,1,32,21,11,0.65625,0.916666666666667
"lasso.cv",57,60,0.33,"FALSE","FALSE","FALSE","7.07479888824942","5.07134993462615","2.00344895362327","1.539","1,2,3,4,5,6,12,15,17,24,25,27,30,31,40,42,44,60,78,81,85,89,90,92,93,94,98",0.0222837918632259,FALSE,15,1,0,1,27,16,11,0.592592592592593,0.916666666666667
"lasso.cv",58,60,0.33,"FALSE","FALSE","FALSE","7.28078789355517","5.71568225835955","1.56510563519562","1.163","1,2,3,4,5,6,14,23,30,38,45,48,49,56,57,68,71,76,78,84,86,89,90,91,92,93,94,95,98,100,101",0.0218864493895299,FALSE,15,4,0,0,31,19,12,0.612903225806452,1
"lasso.cv",59,60,0.33,"FALSE","FALSE","FALSE","6.20469699580161","3.64930804053601","2.55538895526561","1.247","1,2,3,4,5,6,14,15,17,19,22,31,32,33,36,43,52,57,58,59,60,68,71,72,78,88,89,90,91,92,93,100,101",0.0198689156505467,FALSE,20,2,0,1,33,22,11,0.666666666666667,0.916666666666667
"lasso.cv",6,60,0.33,"FALSE","FALSE","FALSE","6.50587887273789","5.83959648611011","0.666282386627775","1.001","2,3,4,5,6,17,20,21,23,25,29,30,36,40,47,48,49,61,71,78,82,84,86,87,89,90,91,92,93,97",0.0174648655607405,FALSE,19,1,1,1,30,20,10,0.666666666666667,0.833333333333333
"lasso.cv",60,60,0.33,"FALSE","FALSE","FALSE","8.65199145464083","7.55217070604722","1.09982074859361","1.528","2,4,5,6,7,12,14,16,19,20,24,35,42,47,56,59,63,64,73,76,77,83,84,85,86,88,89,90,91,92,93,94,95,99",0.028562114113315,FALSE,22,2,2,0,34,24,10,0.705882352941177,0.833333333333333
"lasso.cv",61,60,0.33,"FALSE","FALSE","FALSE","6.5829550973249","5.0998631952152","1.4830919021097","1.027","1,2,4,5,6,10,15,17,18,25,30,33,43,52,54,55,77,78,84,89,90,91,93,95,99,100",0.0175372423132927,FALSE,14,3,1,2,26,17,9,0.653846153846154,0.75
"lasso.cv",62,60,0.33,"FALSE","FALSE","FALSE","7.30310620230241","4.22298656367189","3.08011963863052","0.958","2,4,5,6,9,11,14,15,17,18,21,30,32,35,36,38,45,49,51,52,56,64,71,73,78,83,86,89,90,91,92,93,94,95,97,98,99",0.0318448652158401,FALSE,23,4,2,0,37,27,10,0.72972972972973,0.833333333333333
"lasso.cv",63,60,0.33,"FALSE","FALSE","FALSE","6.08047665284637","3.99583048554786","2.08464616729851","1.153","2,3,4,5,6,19,22,28,31,34,36,41,42,43,45,47,54,59,61,66,67,78,82,84,90,91,92,93,94",0.0194677398577935,FALSE,19,0,1,1,29,19,10,0.655172413793103,0.833333333333333
"lasso.cv",64,60,0.33,"FALSE","FALSE","FALSE","7.4286816174557","3.55342394260717","3.87525767484853","0.786","2,4,5,6,15,16,17,23,25,27,29,32,34,36,45,52,54,55,56,57,59,61,68,71,72,78,86,89,90,91,92,93,94,98,100,101",0.0179420721885341,FALSE,23,3,2,0,36,26,10,0.722222222222222,0.833333333333333
"lasso.cv",65,60,0.33,"FALSE","FALSE","FALSE","6.68498822264002","4.29787609771444","2.38711212492558","1.305","1,2,3,4,5,6,7,11,15,17,20,22,27,38,42,45,46,50,55,60,66,68,71,73,79,82,84,86,88,90,91,92,93,94,98,100",0.0191301481681529,FALSE,23,2,0,1,36,25,11,0.694444444444444,0.916666666666667
"lasso.cv",66,60,0.33,"FALSE","FALSE","FALSE","5.97388419639763","3.08941525572672","2.88446894067091","1.148","1,2,3,4,5,6,17,19,20,27,37,46,50,51,68,70,71,73,84,85,86,89,90,91,92,93,94,99,100",0.0147694854174323,FALSE,15,2,0,0,29,17,12,0.586206896551724,1
"lasso.cv",67,60,0.33,"FALSE","FALSE","FALSE","6.69749980768285","3.08225147363948","3.61524833404337","0.867","1,2,3,4,5,6,9,15,17,21,27,29,31,36,40,44,45,64,66,69,81,83,84,86,89,90,91,92,93,94,101",0.0168984986230809,FALSE,18,1,0,0,31,19,12,0.612903225806452,1
"lasso.cv",68,60,0.33,"FALSE","FALSE","FALSE","5.58814313823555","3.40805025486122","2.18009288337434","1.745","2,3,4,6,14,15,18,21,24,36,39,40,46,52,54,58,59,60,68,69,71,72,73,74,77,80,86,88,90,91,92,93,94,97",0.0324979109405195,FALSE,24,1,2,1,34,25,9,0.735294117647059,0.75
"lasso.cv",69,60,0.33,"FALSE","FALSE","FALSE","6.44678999143911","2.39187159152143","4.05491839991768","0.531","2,3,4,5,6,10,15,17,19,43,54,55,68,70,73,76,86,89,90,91,92,93,94,95,99,100",0.00980488912989628,FALSE,12,3,1,0,26,15,11,0.576923076923077,0.916666666666667
"lasso.cv",7,60,0.33,"FALSE","FALSE","FALSE","7.39536266256858","5.47866430445403","1.91669835811454","1.006","1,2,3,4,6,11,12,15,16,17,18,19,20,27,30,31,36,42,46,52,57,58,60,62,66,69,71,73,74,77,78,81,86,89,90,91,92,93,94,95,98",0.0295201226297431,FALSE,28,2,1,0,41,30,11,0.731707317073171,0.916666666666667
"lasso.cv",70,60,0.33,"FALSE","FALSE","FALSE","7.63159637656184","6.44587468338158","1.18572169318026","1.114","1,2,3,4,5,6,7,9,10,15,18,19,24,27,44,49,50,52,59,61,72,76,80,81,88,89,90,92,93,94",0.02150263758014,FALSE,19,0,0,1,30,19,11,0.633333333333333,0.916666666666667
"lasso.cv",71,60,0.33,"FALSE","FALSE","FALSE","6.08961873892973","3.55615461700377","2.53346412192596","1.111","1,2,3,4,5,17,19,22,27,30,36,45,50,51,56,70,71,86,89,90,91,92,93,94,95,97",0.0139410048402441,FALSE,13,2,1,0,26,15,11,0.576923076923077,0.916666666666667
"lasso.cv",72,60,0.33,"FALSE","FALSE","FALSE","6.65351656079601","5.01586526719758","1.63765129359844","1.179","1,2,3,4,5,6,7,10,12,15,18,24,27,30,38,45,49,53,55,57,59,62,70,73,74,78,83,88,90,91,93,94,95,100,101",0.0243878314508389,FALSE,22,3,0,2,35,25,10,0.714285714285714,0.833333333333333
"lasso.cv",73,60,0.33,"FALSE","FALSE","FALSE","6.78227380682168","4.62832225135223","2.15395155546945","1.475","1,2,3,4,5,6,9,14,17,19,20,24,30,33,43,44,51,52,73,85,86,87,89,90,92,93,94,98,100",0.0202462126374664,FALSE,16,2,0,1,29,18,11,0.620689655172414,0.916666666666667
"lasso.cv",74,60,0.33,"FALSE","FALSE","FALSE","7.09250621931324","5.83719819981294","1.2553080195003","0.755","1,2,3,4,5,6,9,14,21,24,27,31,33,38,39,44,45,46,49,51,52,53,55,63,71,75,78,86,90,91,92,93,98,99",0.0251005969400128,FALSE,22,2,0,2,34,24,10,0.705882352941177,0.833333333333333
"lasso.cv",75,60,0.33,"FALSE","FALSE","FALSE","8.04542973598226","5.56786535873466","2.4775643772476","1.095","2,3,4,5,6,10,14,15,17,20,21,23,27,37,40,43,52,54,57,59,64,68,70,71,72,76,81,82,84,86,90,91,92,93,94,99",0.0236898391113858,FALSE,25,1,1,1,36,26,10,0.722222222222222,0.833333333333333
"lasso.cv",76,60,0.33,"FALSE","FALSE","FALSE","7.09808881891099","5.21907251721315","1.87901630169784","0.724","2,3,4,5,6,7,15,27,31,52,64,79,83,84,86,88,90,91,92,93,94,95,98,100",0.0144344659676512,FALSE,11,3,1,1,24,14,10,0.583333333333333,0.833333333333333
"lasso.cv",77,60,0.33,"FALSE","FALSE","FALSE","7.68105997436477","5.24561361805761","2.43544635630716","0.723","1,2,3,4,5,6,24,31,32,35,40,41,44,45,48,49,52,54,57,58,59,60,61,62,67,69,70,76,89,90,91,92,93,94",0.0111192321071369,FALSE,22,0,0,0,34,22,12,0.647058823529412,1
"lasso.cv",78,60,0.33,"FALSE","FALSE","FALSE","7.97613867329761","5.58166641179003","2.39447226150759","1","1,2,3,4,5,6,14,15,22,29,30,31,46,59,64,71,73,75,78,86,90,92,93,94,98",0.0128063709030492,FALSE,14,1,0,2,25,15,10,0.6,0.833333333333333
"lasso.cv",79,60,0.33,"FALSE","FALSE","FALSE","5.94903615166668","4.99976430110808","0.949271850558605","1.472","2,3,4,5,6,7,11,14,15,16,17,18,21,30,36,37,39,40,41,43,50,52,54,55,56,59,68,69,70,73,76,84,86,89,90,92,93,94,99,100,101",0.0478162062972537,FALSE,28,3,1,1,41,31,10,0.75609756097561,0.833333333333333
"lasso.cv",8,60,0.33,"FALSE","FALSE","FALSE","6.07723120311258","4.92895811350799","1.14827308960458","1.749","1,2,4,5,6,9,14,15,17,27,30,33,38,40,43,49,63,66,69,75,84,89,90,91,92,93,94,95,98,101",0.0252847009789488,FALSE,16,3,1,0,30,19,11,0.633333333333333,0.916666666666667
"lasso.cv",80,60,0.33,"FALSE","FALSE","FALSE","6.36274406690956","3.2585406906503","3.10420337625926","0.963","1,2,3,4,5,6,8,13,15,16,17,24,30,39,41,42,45,48,52,54,62,63,66,70,72,73,74,77,78,84,85,86,89,90,93,94,97,98,99,101",0.0212024672423068,FALSE,26,4,0,2,40,30,10,0.75,0.833333333333333
"lasso.cv",81,60,0.33,"FALSE","FALSE","FALSE","5.51014218713056","4.22145923239378","1.28868295473678","1.287","1,2,3,4,5,6,8,10,13,15,22,27,30,31,40,49,52,54,60,64,66,77,78,89,90,91,92,93,94,97,98",0.0317533082058135,FALSE,17,2,0,0,31,19,12,0.612903225806452,1
"lasso.cv",82,60,0.33,"FALSE","FALSE","FALSE","5.65614868880606","3.53029021959247","2.12585846921359","1.072","1,2,3,4,5,6,19,22,31,40,42,45,49,64,70,86,90,92,93,94,97,100",0.0133253175214752,FALSE,10,2,0,2,22,12,10,0.545454545454545,0.833333333333333
"lasso.cv",83,60,0.33,"FALSE","FALSE","FALSE","8.19744660762938","6.00299017057707","2.19445643705231","1.001","1,2,3,4,5,6,19,22,24,25,30,31,36,46,51,54,56,69,73,78,90,91,92,94,95,97,100",0.0146181486870971,FALSE,14,3,0,2,27,17,10,0.62962962962963,0.833333333333333
"lasso.cv",84,60,0.33,"FALSE","FALSE","FALSE","7.41537308161372","6.31766872330504","1.09770435830869","1.048","1,2,3,4,5,6,7,9,15,17,18,21,23,30,36,39,45,46,48,49,50,54,55,61,64,65,66,68,76,78,81,86,91,92,94,97,98,99,100",0.032162998887597,FALSE,26,4,0,3,39,30,9,0.769230769230769,0.75
"lasso.cv",85,60,0.33,"FALSE","FALSE","FALSE","7.91237056581934","5.71461802865666","2.19775253716268","1.095","1,2,3,4,5,6,19,20,23,29,30,31,44,46,49,55,57,58,59,61,70,71,73,78,82,85,87,89,90,91,92,93,94,100",0.0150410615442714,FALSE,21,1,0,0,34,22,12,0.647058823529412,1
"lasso.cv",86,60,0.33,"FALSE","FALSE","FALSE","7.52704892172137","4.76942922974232","2.75761969197905","0.775","2,3,4,5,6,15,19,21,24,29,32,40,45,52,59,64,69,73,78,79,83,86,89,90,91,92,94,98,101",0.0185708423756407,FALSE,17,2,1,1,29,19,10,0.655172413793103,0.833333333333333
"lasso.cv",87,60,0.33,"FALSE","FALSE","FALSE","6.49216395533989","4.77202124837612","1.72014270696377","1.375","1,2,3,4,5,6,15,19,24,25,30,31,32,37,41,43,49,61,63,64,66,67,71,73,76,78,86,88,89,90,91,92,94,101",0.0176797019005508,FALSE,22,1,0,1,34,23,11,0.676470588235294,0.916666666666667
"lasso.cv",88,60,0.33,"FALSE","FALSE","FALSE","7.25512743454784","4.49931969053299","2.75580774401485","1.525","1,2,4,5,6,17,18,19,24,27,31,33,34,35,38,44,45,46,48,58,59,60,62,63,65,66,68,71,77,78,82,86,89,90,91,92,93,97,99",0.0270074521333399,FALSE,27,2,1,1,39,29,10,0.743589743589744,0.833333333333333
"lasso.cv",89,60,0.33,"FALSE","FALSE","FALSE","6.91698285836379","5.12542081873839","1.7915620396254","1.388","1,2,3,4,5,6,11,15,17,26,30,38,42,43,51,55,57,58,59,60,66,67,68,74,76,77,80,81,86,90,91,92,93,95,96,98",0.0183005312800018,FALSE,23,3,0,2,36,26,10,0.722222222222222,0.833333333333333
"lasso.cv",9,60,0.33,"FALSE","FALSE","FALSE","7.47774851419665","4.76299185460507","2.71475665959158","1.589","1,2,3,4,5,6,7,10,13,15,17,19,21,24,27,36,45,48,49,50,52,61,62,68,71,72,77,78,84,86,87,90,91,92,93",0.0209962779685958,FALSE,25,0,0,2,35,25,10,0.714285714285714,0.833333333333333
"lasso.cv",90,60,0.33,"FALSE","FALSE","FALSE","6.9026243781527","5.15402614769264","1.74859823046006","1.573","1,2,3,4,5,6,11,13,15,16,17,19,21,26,32,36,37,38,39,40,43,49,51,55,57,62,67,69,71,74,77,78,81,86,88,90,91,92,93,94,96,98",0.0312995110618305,FALSE,29,2,0,1,42,31,11,0.738095238095238,0.916666666666667
"lasso.cv",91,60,0.33,"FALSE","FALSE","FALSE","6.38633745265271","4.68914167863071","1.697195774022","0.793","1,2,3,4,5,6,21,27,29,30,31,35,42,52,59,66,83,85,86,89,90,91,92,93,98",0.0141778125902589,FALSE,13,1,0,1,25,14,11,0.56,0.916666666666667
"lasso.cv",92,60,0.33,"FALSE","FALSE","FALSE","7.29615043655395","5.26481037199448","2.03134006455947","0.836","1,2,3,4,5,6,11,13,21,24,27,31,41,49,52,54,56,59,64,70,71,72,76,78,81,82,85,86,89,90,91,92,97,101",0.017818090460144,FALSE,22,2,0,2,34,24,10,0.705882352941177,0.833333333333333
"lasso.cv",93,60,0.33,"FALSE","FALSE","FALSE","6.66100232552698","3.59880915336443","3.06219317216255","0.628","2,3,4,5,6,10,17,18,19,21,31,40,43,45,48,59,70,72,78,81,87,89,90,91,92,93,94,98",0.0133364462507449,FALSE,16,1,1,0,28,17,11,0.607142857142857,0.916666666666667
"lasso.cv",94,60,0.33,"FALSE","FALSE","FALSE","7.40910521336328","5.05246499796924","2.35664021539404","0.808","2,3,4,5,6,17,20,24,30,31,32,40,42,44,46,49,59,71,73,86,89,90,91,92,93,94,97,100",0.0112031223217369,FALSE,15,2,1,0,28,17,11,0.607142857142857,0.916666666666667
"lasso.cv",95,60,0.33,"FALSE","FALSE","FALSE","5.71265708732635","4.21493995190567","1.49771713542068","0.996","1,2,4,6,7,15,30,33,36,40,41,42,43,45,49,54,60,62,84,86,90,91,92,93,94,95,100,101",0.0218676912596069,FALSE,16,3,2,1,28,19,9,0.678571428571429,0.75
"lasso.cv",96,60,0.33,"FALSE","FALSE","FALSE","7.08849981299282","4.03448420668503","3.05401560630779","0.669","2,3,4,5,6,15,17,24,25,32,49,56,59,64,72,76,78,88,89,90,91,92,93,94,95,96,98",0.0210706485272809,FALSE,13,3,1,0,27,16,11,0.592592592592593,0.916666666666667
"lasso.cv",97,60,0.33,"FALSE","FALSE","FALSE","6.27309519195155","3.7084939079717","2.56460128397985","1.164","1,2,3,4,5,6,15,18,21,23,27,31,54,59,68,73,82,89,90,91,92,93,94,95,99,100",0.019500909748985,FALSE,11,3,0,0,26,14,12,0.538461538461538,1
"lasso.cv",98,60,0.33,"FALSE","FALSE","FALSE","7.04320848197034","5.1948357583114","1.84837272365894","0.946","1,2,3,4,5,6,17,19,20,21,22,24,27,31,32,40,41,43,54,56,58,59,60,65,69,70,73,75,78,81,85,86,88,89,90,91,93,94",0.024559391775702,FALSE,27,0,0,1,38,27,11,0.710526315789474,0.916666666666667
"lasso.cv",99,60,0.33,"FALSE","FALSE","FALSE","7.01702247819926","4.33102066940622","2.68600180879305","1.161","1,2,3,4,5,6,7,12,18,19,21,26,33,42,49,52,54,59,60,65,71,82,86,89,90,91,92,93,94,95,96",0.0145926530759126,FALSE,17,2,0,0,31,19,12,0.612903225806452,1
"S.A",1,60,0.33,"FALSE","FALSE","FALSE","6.29026300594457","4.95762996400246","1.33263304194211","1.295","2,4,6,8,24,92,95",0.0601545249988042,FALSE,2,1,3,5,7,3,4,0.428571428571429,0.333333333333333
"S.A",10,60,0.33,"FALSE","FALSE","FALSE","6.7558446990525","4.62836182885239","2.12748287020011","1.411","2,4,5,32,92",0.0641701143825296,FALSE,1,0,3,5,5,1,4,0.2,0.333333333333333
"S.A",100,60,0.33,"FALSE","FALSE","FALSE","6.15527655830133","3.07438866364157","3.08088789465976","1.186","2,16,90,93,94",0.0704943294267097,FALSE,1,0,5,3,5,1,4,0.2,0.333333333333333
"S.A",11,60,0.33,"FALSE","FALSE","FALSE","6.6506433168295","3.60870141929987","3.04194189752962","1.185","2,4,78,89,90,93",0.0611823365675981,FALSE,1,0,4,3,6,1,5,0.166666666666667,0.416666666666667
"S.A",12,60,0.33,"FALSE","FALSE","FALSE","6.75487674903438","5.23715716904411","1.51771957999027","1.372","2,3,4,6,39,91,92",0.0429199792168724,FALSE,1,0,2,4,7,1,6,0.142857142857143,0.5
"S.A",13,60,0.33,"FALSE","FALSE","FALSE","6.52009023956849","4.71856312222777","1.80152711734071","1.189","4,19,49,76,92",0.0990265732309482,FALSE,3,0,5,5,5,3,2,0.6,0.166666666666667
"S.A",14,60,0.33,"FALSE","FALSE","FALSE","6.59530220420829","4.73403982468039","1.86126237952791","0.816","1,3,4,5,40,91,94",0.0433186358341212,FALSE,1,0,2,4,7,1,6,0.142857142857143,0.5
"S.A",15,60,0.33,"FALSE","FALSE","FALSE","7.42853293600881","4.31610799757761","3.11242493843121","1.293","2,4,6,89,90,92,93",0.0303749412208293,FALSE,0,0,3,2,7,0,7,0,0.583333333333333
"S.A",16,60,0.33,"FALSE","FALSE","FALSE","7.08135899902966","4.27186880002444","2.80949019900522","0.894","2,3,4,6,91,92,95",0.0433637353768136,FALSE,0,1,2,4,7,1,6,0.142857142857143,0.5
"S.A",17,60,0.33,"FALSE","FALSE","FALSE","7.88935249611597","6.05932983835657","1.83002265775941","1.364","1,2,3,4,5,6,90,91,94",0.0125894922319059,FALSE,0,0,0,3,9,0,9,0,0.75
"S.A",18,60,0.33,"FALSE","FALSE","FALSE","6.31637602958404","3.47912288953934","2.8372531400447","1.005","2,4,90,92,93",0.0492799340417904,FALSE,0,0,4,3,5,0,5,0,0.416666666666667
"S.A",19,60,0.33,"FALSE","FALSE","FALSE","7.38435458336721","5.21095361631925","2.17340096704796","0.866","2,4,6,39,86,91,92",0.0528557516569536,FALSE,2,0,3,4,7,2,5,0.285714285714286,0.416666666666667
"S.A",2,60,0.33,"FALSE","FALSE","FALSE","6.99338651236743","3.63893518208136","3.35445133028607","1.026","2,4,7,90,92,93",0.055802792854149,FALSE,1,0,4,3,6,1,5,0.166666666666667,0.416666666666667
"S.A",20,60,0.33,"FALSE","FALSE","FALSE","8.719248663119","5.80854268637797","2.91070597674103","1.084","2,4,6,10,52,69,92,95,96",0.0561545383696551,FALSE,3,2,3,5,9,5,4,0.555555555555556,0.333333333333333
"S.A",21,60,0.33,"FALSE","FALSE","FALSE","6.88445728131622","4.56633636672672","2.3181209145895","1.325","1,2,4,5,6,90,91,94",0.0158878618223882,FALSE,0,0,1,3,8,0,8,0,0.666666666666667
"S.A",22,60,0.33,"FALSE","FALSE","FALSE","6.19152262245655","4.03624141235081","2.15528121010573","1.387","2,4,19,49,92",0.0810155903315867,FALSE,2,0,4,5,5,2,3,0.4,0.25
"S.A",23,60,0.33,"FALSE","FALSE","FALSE","6.95726699661932","4.8317776055775","2.12548939104181","0.983","1,3,5,6,91,94",0.0593739467208776,FALSE,0,0,2,4,6,0,6,0,0.5
"S.A",24,60,0.33,"FALSE","FALSE","FALSE","6.3164051309831","3.64034781957261","2.67605731141049","1.227","2,4,89,90,92,93",0.0420846851867351,FALSE,0,0,4,2,6,0,6,0,0.5
"S.A",25,60,0.33,"FALSE","FALSE","FALSE","6.6689838608526","3.8822321499537","2.7867517108989","1.189","2,4,6,89,90,92,93",0.0333569232204668,FALSE,0,0,3,2,7,0,7,0,0.583333333333333
"S.A",26,60,0.33,"FALSE","FALSE","FALSE","7.52364844001206","5.59597140524463","1.92767703476743","0.73","1,2,3,4,5,91,94",0.0285291383239459,FALSE,0,0,1,4,7,0,7,0,0.583333333333333
"S.A",27,60,0.33,"FALSE","FALSE","FALSE","8.14435461305488","7.02725543245603","1.11709918059885","0.913","3,15,17,24,31,45,58,93",0.111086629928364,FALSE,6,0,5,5,8,6,2,0.75,0.166666666666667
"S.A",28,60,0.33,"FALSE","FALSE","FALSE","7.34606885707281","4.21498839468114","3.13108046239166","1.281","2,4,35,78,89,90,93",0.0620697605729442,FALSE,2,0,4,3,7,2,5,0.285714285714286,0.416666666666667
"S.A",29,60,0.33,"FALSE","FALSE","FALSE","8.64875876080189","6.04242552795384","2.60633323284806","1.162","2,4,40,55,59,80,90,91",0.0555485224777726,FALSE,4,0,4,4,8,4,4,0.5,0.333333333333333
"S.A",3,60,0.33,"FALSE","FALSE","FALSE","6.37444010493211","4.08706640458036","2.28737370035175","1.248","2,4,6,90,92",0.0470715072485061,FALSE,0,0,3,4,5,0,5,0,0.416666666666667
"S.A",30,60,0.33,"FALSE","FALSE","FALSE","6.95080033565882","3.3004302556817","3.65037007997712","1.268","2,4,89,90,92,93",0.0488395317515624,FALSE,0,0,4,2,6,0,6,0,0.5
"S.A",31,60,0.33,"FALSE","FALSE","FALSE","5.75787177032538","3.38406908457768","2.3738026857477","1.138","2,4,55,90,93",0.0561959147294518,FALSE,1,0,4,4,5,1,4,0.2,0.333333333333333
"S.A",32,60,0.33,"FALSE","FALSE","FALSE","6.78158438845556","5.80690887108301","0.974675517372557","1.292","1,2,4,5,40,73",0.058502688404775,FALSE,2,0,2,6,6,2,4,0.333333333333333,0.333333333333333
"S.A",33,60,0.33,"FALSE","FALSE","FALSE","7.36528644794586","4.59440815316994","2.77087829477592","1.403","2,3,4,22,91,92,94",0.0369332615063362,FALSE,1,0,3,3,7,1,6,0.142857142857143,0.5
"S.A",34,60,0.33,"FALSE","FALSE","FALSE","6.88994216784164","5.4792371520787","1.41070501576294","1.241","2,4,19,49,60,92,97",0.0685232495399298,FALSE,3,1,4,5,7,4,3,0.571428571428571,0.25
"S.A",35,60,0.33,"FALSE","FALSE","FALSE","7.39461025268508","5.36345401992271","2.03115623276237","1.242","1,2,3,4,5,91,94",0.0263812840867336,FALSE,0,0,1,4,7,0,7,0,0.583333333333333
"S.A",36,60,0.33,"FALSE","FALSE","FALSE","7.4154147751807","5.15364295035263","2.26177182482807","1.046","2,4,35,78,89,90,93",0.0646848241525435,FALSE,2,0,4,3,7,2,5,0.285714285714286,0.416666666666667
"S.A",37,60,0.33,"FALSE","FALSE","FALSE","6.11776205298486","4.04305273893357","2.07470931405129","1.519","2,3,5,94,100",0.0669869631443774,FALSE,0,1,3,5,5,1,4,0.2,0.333333333333333
"S.A",38,60,0.33,"FALSE","FALSE","FALSE","7.31689128327495","4.90306292894146","2.41382835433349","1.375","2,4,5,6,89,90,94",0.0253048662948391,FALSE,0,0,2,3,7,0,7,0,0.583333333333333
"S.A",39,60,0.33,"FALSE","FALSE","FALSE","6.161518013332","4.34753228425143","1.81398572908057","1.166","1,3,4,5,91,94",0.0445335757510806,FALSE,0,0,2,4,6,0,6,0,0.5
"S.A",4,60,0.33,"FALSE","FALSE","FALSE","6.15989948460415","3.50482084875015","2.655078635854","1.23","2,5,90,93,94,100",0.0521452621385416,FALSE,0,1,4,3,6,1,5,0.166666666666667,0.416666666666667
"S.A",40,60,0.33,"FALSE","FALSE","FALSE","6.80483452506333","4.39105894528534","2.41377557977799","1.163","2,4,40,55,90,91",0.0586458206735991,FALSE,2,0,4,4,6,2,4,0.333333333333333,0.333333333333333
"S.A",41,60,0.33,"FALSE","FALSE","FALSE","7.22553705096323","4.65483901024442","2.57069804071881","1.284","2,49,75,78,89,90,93,101",0.0746300014168449,FALSE,3,1,5,3,8,4,4,0.5,0.333333333333333
"S.A",42,60,0.33,"FALSE","FALSE","FALSE","6.71017268893712","3.66740903975987","3.04276364917725","1.077","2,4,89,90,92,93",0.0458820575624626,FALSE,0,0,4,2,6,0,6,0,0.5
"S.A",43,60,0.33,"FALSE","FALSE","FALSE","7.58576165734192","5.52165385542297","2.06410780191894","0.84","1,2,3,4,5,91,94",0.0268798748350863,FALSE,0,0,1,4,7,0,7,0,0.583333333333333
"S.A",44,60,0.33,"FALSE","FALSE","FALSE","6.79625738330427","4.4414953584757","2.35476202482857","1.243","2,4,40,43,86,90",0.0670187229877993,FALSE,3,0,4,5,6,3,3,0.5,0.25
"S.A",45,60,0.33,"FALSE","FALSE","FALSE","5.89280790769038","4.23145348627458","1.6613544214158","1.273","3,5,76,94,101",0.0857625151461099,FALSE,1,1,4,5,5,2,3,0.4,0.25
"S.A",46,60,0.33,"FALSE","FALSE","FALSE","7.23880125350092","3.7327785471081","3.50602270639282","1.193","2,4,89,90,92,93",0.0406894200528281,FALSE,0,0,4,2,6,0,6,0,0.5
"S.A",47,60,0.33,"FALSE","FALSE","FALSE","6.91208379976042","4.49451001555848","2.41757378420194","1.073","2,3,4,6,90,93,94",0.0235007315325298,FALSE,0,0,2,3,7,0,7,0,0.583333333333333
"S.A",48,60,0.33,"FALSE","FALSE","FALSE","7.94704851424897","5.0699723018665","2.87707621238247","1.191","2,4,6,90,92,93,96",0.0359357451596191,FALSE,0,1,3,3,7,1,6,0.142857142857143,0.5
"S.A",49,60,0.33,"FALSE","FALSE","FALSE","6.94524136710252","4.46161802977207","2.48362333733045","1.143","2,4,6,92,95",0.0720846507214293,FALSE,0,1,3,5,5,1,4,0.2,0.333333333333333
"S.A",5,60,0.33,"FALSE","FALSE","FALSE","6.98328950252233","3.72111773981332","3.26217176270901","1.567","2,4,90,91,92,93",0.0359200950187904,FALSE,0,0,4,2,6,0,6,0,0.5
"S.A",50,60,0.33,"FALSE","FALSE","FALSE","7.5418172620949","5.90219192095831","1.6396253411366","1.364","1,3,5,14,17,60,90,91",0.0632011630415342,FALSE,3,0,3,4,8,3,5,0.375,0.416666666666667
"S.A",51,60,0.33,"FALSE","FALSE","FALSE","6.93167918090393","4.3558412185693","2.57583796233463","1.496","4,17,19,40,68,92",0.0943186230002348,FALSE,4,0,5,5,6,4,2,0.666666666666667,0.166666666666667
"S.A",52,60,0.33,"FALSE","FALSE","FALSE","5.8676002106348","4.55487641022402","1.31272380041078","1.201","2,3,4,7,64,92",0.0727609174875959,FALSE,2,0,3,5,6,2,4,0.333333333333333,0.333333333333333
"S.A",53,60,0.33,"FALSE","FALSE","FALSE","8.12656219698506","6.08862119337046","2.0379410036146","0.599","1,2,3,4,5,6,91,94",0.0190425576353543,FALSE,0,0,0,4,8,0,8,0,0.666666666666667
"S.A",54,60,0.33,"FALSE","FALSE","FALSE","6.59746321204881","3.38979151030921","3.20767170173959","1.104","2,4,90,93,94,100",0.0498430159993354,FALSE,0,1,4,3,6,1,5,0.166666666666667,0.416666666666667
"S.A",55,60,0.33,"FALSE","FALSE","FALSE","6.74569919183435","3.64237385629068","3.10332533554367","0.96","2,4,7,90,92,93",0.0610389312634855,FALSE,1,0,4,3,6,1,5,0.166666666666667,0.416666666666667
"S.A",56,60,0.33,"FALSE","FALSE","FALSE","6.80959742326133","4.63004561534909","2.17955180791225","0.866","2,3,4,7,91,92",0.0592868401943113,FALSE,1,0,3,4,6,1,5,0.166666666666667,0.416666666666667
"S.A",57,60,0.33,"FALSE","FALSE","FALSE","7.07479888824942","5.07134993462615","2.00344895362327","1.539","1,2,4,31,89,92,93",0.0466941904960749,FALSE,1,0,3,3,7,1,6,0.142857142857143,0.5
"S.A",58,60,0.33,"FALSE","FALSE","FALSE","7.28078789355517","5.71568225835955","1.56510563519562","1.163","2,4,6,30,38,68,91,92",0.0563452169622575,FALSE,3,0,3,4,8,3,5,0.375,0.416666666666667
"S.A",59,60,0.33,"FALSE","FALSE","FALSE","6.20469699580161","3.64930804053601","2.55538895526561","1.247","2,4,78,89,90,93",0.0617663602331109,FALSE,1,0,4,3,6,1,5,0.166666666666667,0.416666666666667
"S.A",6,60,0.33,"FALSE","FALSE","FALSE","6.50587887273789","5.83959648611011","0.666282386627775","1.001","2,3,5,23,61,71",0.0943438061969255,FALSE,3,0,3,6,6,3,3,0.5,0.25
"S.A",60,60,0.33,"FALSE","FALSE","FALSE","8.65199145464083","7.55217070604722","1.09982074859361","1.528","2,4,5,6,19,41,42,59,64,76,92",0.0510711229963808,FALSE,6,0,2,5,11,6,5,0.545454545454545,0.416666666666667
"S.A",61,60,0.33,"FALSE","FALSE","FALSE","6.5829550973249","5.0998631952152","1.4830919021097","1.027","1,2,4,5,43,91",0.046225386715724,FALSE,1,0,2,5,6,1,5,0.166666666666667,0.416666666666667
"S.A",62,60,0.33,"FALSE","FALSE","FALSE","7.30310620230241","4.22298656367189","3.08011963863052","0.958","2,4,35,49,78,89,90,93",0.058639929754428,FALSE,3,0,4,3,8,3,5,0.375,0.416666666666667
"S.A",63,60,0.33,"FALSE","FALSE","FALSE","6.08047665284637","3.99583048554786","2.08464616729851","1.153","2,3,5,28,93,94",0.062500165884581,FALSE,1,0,3,4,6,1,5,0.166666666666667,0.416666666666667
"S.A",64,60,0.33,"FALSE","FALSE","FALSE","7.4286816174557","3.55342394260717","3.87525767484853","0.786","2,4,6,89,90,92,93",0.0300953317451052,FALSE,0,0,3,2,7,0,7,0,0.583333333333333
"S.A",65,60,0.33,"FALSE","FALSE","FALSE","6.68498822264002","4.29787609771444","2.38711212492558","1.305","2,4,46,79,90,93",0.0562659433348803,FALSE,2,0,4,4,6,2,4,0.333333333333333,0.333333333333333
"S.A",66,60,0.33,"FALSE","FALSE","FALSE","5.97388419639763","3.08941525572672","2.88446894067091","1.148","2,78,89,90,93",0.0912921858465455,FALSE,1,0,5,3,5,1,4,0.2,0.333333333333333
"S.A",67,60,0.33,"FALSE","FALSE","FALSE","6.69749980768285","3.08225147363948","3.61524833404337","0.867","2,4,89,90,92,93",0.0475397130297138,FALSE,0,0,4,2,6,0,6,0,0.5
"S.A",68,60,0.33,"FALSE","FALSE","FALSE","5.58814313823555","3.40805025486122","2.18009288337434","1.745","2,4,46,90,93",0.0548288642220075,FALSE,1,0,4,4,5,1,4,0.2,0.333333333333333
"S.A",69,60,0.33,"FALSE","FALSE","FALSE","6.44678999143911","2.39187159152143","4.05491839991768","0.531","2,4,89,90,92,93",0.0437721259537875,FALSE,0,0,4,2,6,0,6,0,0.5
"S.A",7,60,0.33,"FALSE","FALSE","FALSE","7.39536266256858","5.47866430445403","1.91669835811454","1.006","2,3,4,6,42,91,92",0.0359494422327155,FALSE,1,0,2,4,7,1,6,0.142857142857143,0.5
"S.A",70,60,0.33,"FALSE","FALSE","FALSE","7.63159637656184","6.44587468338158","1.18572169318026","1.114","2,3,4,7,19,59,92",0.0697527598082071,FALSE,3,0,3,5,7,3,4,0.428571428571429,0.333333333333333
"S.A",71,60,0.33,"FALSE","FALSE","FALSE","6.08961873892973","3.55615461700377","2.53346412192596","1.111","2,4,19,86,92",0.0881818063632807,FALSE,2,0,4,5,5,2,3,0.4,0.25
"S.A",72,60,0.33,"FALSE","FALSE","FALSE","6.65351656079601","5.01586526719758","1.63765129359844","1.179","1,2,3,4,5,6,91",0.0308618012793639,FALSE,0,0,0,5,7,0,7,0,0.583333333333333
"S.A",73,60,0.33,"FALSE","FALSE","FALSE","6.78227380682168","4.62832225135223","2.15395155546945","1.475","2,4,9,89,90,93",0.0584518233222827,FALSE,1,0,4,3,6,1,5,0.166666666666667,0.416666666666667
"S.A",74,60,0.33,"FALSE","FALSE","FALSE","7.09250621931324","5.83719819981294","1.2553080195003","0.755","1,3,4,5,6,91",0.0481100775024066,FALSE,0,0,1,5,6,0,6,0,0.5
"S.A",75,60,0.33,"FALSE","FALSE","FALSE","8.04542973598226","5.56786535873466","2.4775643772476","1.095","2,3,4,5,6,90,92",0.0224734132625747,FALSE,0,0,1,4,7,0,7,0,0.583333333333333
"S.A",76,60,0.33,"FALSE","FALSE","FALSE","7.09808881891099","5.21907251721315","1.87901630169784","0.724","2,3,4,5,6,91,94",0.0247132269394114,FALSE,0,0,1,4,7,0,7,0,0.583333333333333
"S.A",77,60,0.33,"FALSE","FALSE","FALSE","7.68105997436477","5.24561361805761","2.43544635630716","0.723","2,3,4,5,6,91,94",0.0267814033093715,FALSE,0,0,1,4,7,0,7,0,0.583333333333333
"S.A",78,60,0.33,"FALSE","FALSE","FALSE","7.97613867329761","5.58166641179003","2.39447226150759","1","1,2,3,5,6,90,93,94",0.026391192730567,FALSE,0,0,1,3,8,0,8,0,0.666666666666667
"S.A",79,60,0.33,"FALSE","FALSE","FALSE","5.94903615166668","4.99976430110808","0.949271850558605","1.472","17,40,52,68,94",0.143598708235796,FALSE,4,0,6,5,5,4,1,0.8,0.0833333333333333
"S.A",8,60,0.33,"FALSE","FALSE","FALSE","6.07723120311258","4.92895811350799","1.14827308960458","1.749","1,3,5,75,91,101",0.0815640791445083,FALSE,1,1,3,5,6,2,4,0.333333333333333,0.333333333333333
"S.A",80,60,0.33,"FALSE","FALSE","FALSE","6.36274406690956","3.2585406906503","3.10420337625926","0.963","2,4,89,90,93",0.05823127017928,FALSE,0,0,4,3,5,0,5,0,0.416666666666667
"S.A",81,60,0.33,"FALSE","FALSE","FALSE","5.51014218713056","4.22145923239378","1.28868295473678","1.287","4,40,49,52,98",0.12044712828433,FALSE,3,1,5,6,5,4,1,0.8,0.0833333333333333
"S.A",82,60,0.33,"FALSE","FALSE","FALSE","5.65614868880606","3.53029021959247","2.12585846921359","1.072","2,6,90,93,94",0.0582641272542257,FALSE,0,0,4,3,5,0,5,0,0.416666666666667
"S.A",83,60,0.33,"FALSE","FALSE","FALSE","8.19744660762938","6.00299017057707","2.19445643705231","1.001","1,2,4,5,73,90,91",0.0341069336025525,FALSE,1,0,2,4,7,1,6,0.142857142857143,0.5
"S.A",84,60,0.33,"FALSE","FALSE","FALSE","7.41537308161372","6.31766872330504","1.09770435830869","1.048","2,4,17,46,49,64,92",0.0698763349000357,FALSE,4,0,4,5,7,4,3,0.571428571428571,0.25
"S.A",85,60,0.33,"FALSE","FALSE","FALSE","7.91237056581934","5.71461802865666","2.19775253716268","1.095","1,2,3,4,5,6,91,94",0.0214550061878181,FALSE,0,0,0,4,8,0,8,0,0.666666666666667
"S.A",86,60,0.33,"FALSE","FALSE","FALSE","7.52704892172137","4.76942922974232","2.75761969197905","0.775","2,4,6,64,89,90,92",0.0406347160705397,FALSE,1,0,3,3,7,1,6,0.142857142857143,0.5
"S.A",87,60,0.33,"FALSE","FALSE","FALSE","6.49216395533989","4.77202124837612","1.72014270696377","1.375","2,4,6,90,92",0.0511834755966032,FALSE,0,0,3,4,5,0,5,0,0.416666666666667
"S.A",88,60,0.33,"FALSE","FALSE","FALSE","7.25512743454784","4.49931969053299","2.75580774401485","1.525","2,4,78,89,90,93",0.0599579626264366,FALSE,1,0,4,3,6,1,5,0.166666666666667,0.416666666666667
"S.A",89,60,0.33,"FALSE","FALSE","FALSE","6.91698285836379","5.12542081873839","1.7915620396254","1.388","2,4,5,55,58,90,93",0.0430605505704107,FALSE,2,0,3,4,7,2,5,0.285714285714286,0.416666666666667
"S.A",9,60,0.33,"FALSE","FALSE","FALSE","7.47774851419665","4.76299185460507","2.71475665959158","1.589","2,4,5,6,90,91,92",0.0237441826335371,FALSE,0,0,2,3,7,0,7,0,0.583333333333333
"S.A",90,60,0.33,"FALSE","FALSE","FALSE","6.9026243781527","5.15402614769264","1.74859823046006","1.573","2,3,4,5,6,91,94",0.0227083847961727,FALSE,0,0,1,4,7,0,7,0,0.583333333333333
"S.A",91,60,0.33,"FALSE","FALSE","FALSE","6.38633745265271","4.68914167863071","1.697195774022","0.793","2,3,4,6,91,92",0.0420359163385662,FALSE,0,0,2,4,6,0,6,0,0.5
"S.A",92,60,0.33,"FALSE","FALSE","FALSE","7.29615043655395","5.26481037199448","2.03134006455947","0.836","2,3,4,5,6,91,92",0.0283406826500262,FALSE,0,0,1,4,7,0,7,0,0.583333333333333
"S.A",93,60,0.33,"FALSE","FALSE","FALSE","6.66100232552698","3.59880915336443","3.06219317216255","0.628","2,4,78,89,90,93",0.0569894545575109,FALSE,1,0,4,3,6,1,5,0.166666666666667,0.416666666666667
"S.A",94,60,0.33,"FALSE","FALSE","FALSE","7.40910521336328","5.05246499796924","2.35664021539404","0.808","2,3,4,5,6,91,92,94",0.0186050747853828,FALSE,0,0,1,3,8,0,8,0,0.666666666666667
"S.A",95,60,0.33,"FALSE","FALSE","FALSE","5.71265708732635","4.21493995190567","1.49771713542068","0.996","2,4,6,7,92",0.0689757179132382,FALSE,1,0,3,5,5,1,4,0.2,0.333333333333333
"S.A",96,60,0.33,"FALSE","FALSE","FALSE","7.08849981299282","4.03448420668503","3.05401560630779","0.669","2,4,49,78,89,90,93",0.0581513404149993,FALSE,2,0,4,3,7,2,5,0.285714285714286,0.416666666666667
"S.A",97,60,0.33,"FALSE","FALSE","FALSE","6.27309519195155","3.7084939079717","2.56460128397985","1.164","2,4,6,89,90,92,93",0.030708254403524,FALSE,0,0,3,2,7,0,7,0,0.583333333333333
"S.A",98,60,0.33,"FALSE","FALSE","FALSE","7.04320848197034","5.1948357583114","1.84837272365894","0.946","1,3,4,5,6,91,94",0.0335693669355545,FALSE,0,0,1,4,7,0,7,0,0.583333333333333
"S.A",99,60,0.33,"FALSE","FALSE","FALSE","7.01702247819926","4.33102066940622","2.68600180879305","1.161","2,4,52,89,90,93",0.0630022006310288,FALSE,1,0,4,3,6,1,5,0.166666666666667,0.416666666666667
"S.A.b",1,60,0.33,"FALSE","FALSE","FALSE","6.29026300594457","4.95762996400246","1.33263304194211","1.295","2,4,6,8,24,92,95",0.0601545249988042,FALSE,2,1,3,5,7,3,4,0.428571428571429,0.333333333333333
"S.A.b",10,60,0.33,"FALSE","FALSE","FALSE","6.7558446990525","4.62836182885239","2.12748287020011","1.411","2,4,89,90,92,93",0.0432939706019619,FALSE,0,0,4,2,6,0,6,0,0.5
"S.A.b",100,60,0.33,"FALSE","FALSE","FALSE","6.15527655830133","3.07438866364157","3.08088789465976","1.186","2,78,89,90,93,94",0.0658263458934159,FALSE,1,0,5,2,6,1,5,0.166666666666667,0.416666666666667
"S.A.b",11,60,0.33,"FALSE","FALSE","FALSE","6.6506433168295","3.60870141929987","3.04194189752962","1.185","2,4,78,89,90,93",0.0611823365675981,FALSE,1,0,4,3,6,1,5,0.166666666666667,0.416666666666667
"S.A.b",12,60,0.33,"FALSE","FALSE","FALSE","6.75487674903438","5.23715716904411","1.51771957999027","1.372","2,4,6,39,91,92,95,97",0.0492859845971929,FALSE,1,2,3,4,8,3,5,0.375,0.416666666666667
"S.A.b",13,60,0.33,"FALSE","FALSE","FALSE","6.52009023956849","4.71856312222777","1.80152711734071","1.189","2,4,7,89,90,92,93",0.0413177028467507,FALSE,1,0,4,2,7,1,6,0.142857142857143,0.5
"S.A.b",14,60,0.33,"FALSE","FALSE","FALSE","6.59530220420829","4.73403982468039","1.86126237952791","0.816","1,3,4,5,40,91,94",0.0433186358341212,FALSE,1,0,2,4,7,1,6,0.142857142857143,0.5
"S.A.b",15,60,0.33,"FALSE","FALSE","FALSE","7.42853293600881","4.31610799757761","3.11242493843121","1.293","2,4,6,89,90,92,93",0.0303749412208293,FALSE,0,0,3,2,7,0,7,0,0.583333333333333
"S.A.b",16,60,0.33,"FALSE","FALSE","FALSE","7.08135899902966","4.27186880002444","2.80949019900522","0.894","2,3,4,6,91,92,95",0.0433637353768136,FALSE,0,1,2,4,7,1,6,0.142857142857143,0.5
"S.A.b",17,60,0.33,"FALSE","FALSE","FALSE","7.88935249611597","6.05932983835657","1.83002265775941","1.364","1,2,3,4,5,6,90,91,94",0.0125894922319059,FALSE,0,0,0,3,9,0,9,0,0.75
"S.A.b",18,60,0.33,"FALSE","FALSE","FALSE","6.31637602958404","3.47912288953934","2.8372531400447","1.005","2,4,89,90,92,93",0.0446512033433538,FALSE,0,0,4,2,6,0,6,0,0.5
"S.A.b",19,60,0.33,"FALSE","FALSE","FALSE","7.38435458336721","5.21095361631925","2.17340096704796","0.866","2,4,6,39,86,90,91,92",0.0399105496279883,FALSE,2,0,3,3,8,2,6,0.25,0.5
"S.A.b",2,60,0.33,"FALSE","FALSE","FALSE","6.99338651236743","3.63893518208136","3.35445133028607","1.026","2,4,7,89,90,92,93",0.0501725952813009,FALSE,1,0,4,2,7,1,6,0.142857142857143,0.5
"S.A.b",20,60,0.33,"FALSE","FALSE","FALSE","8.719248663119","5.80854268637797","2.91070597674103","1.084","2,4,6,10,52,69,92,95,96",0.0561545383696551,FALSE,3,2,3,5,9,5,4,0.555555555555556,0.333333333333333
"S.A.b",21,60,0.33,"FALSE","FALSE","FALSE","6.88445728131622","4.56633636672672","2.3181209145895","1.325","1,2,4,5,6,90,91,92,94",0.0100009725788258,FALSE,0,0,1,2,9,0,9,0,0.75
"S.A.b",22,60,0.33,"FALSE","FALSE","FALSE","6.19152262245655","4.03624141235081","2.15528121010573","1.387","2,4,89,90,92,93",0.0428789277212108,FALSE,0,0,4,2,6,0,6,0,0.5
"S.A.b",23,60,0.33,"FALSE","FALSE","FALSE","6.95726699661932","4.8317776055775","2.12548939104181","0.983","1,3,5,6,14,91,93,94",0.0463353201232219,FALSE,1,0,2,3,8,1,7,0.125,0.583333333333333
"S.A.b",24,60,0.33,"FALSE","FALSE","FALSE","6.3164051309831","3.64034781957261","2.67605731141049","1.227","2,4,89,90,92,93",0.0420846851867351,FALSE,0,0,4,2,6,0,6,0,0.5
"S.A.b",25,60,0.33,"FALSE","FALSE","FALSE","6.6689838608526","3.8822321499537","2.7867517108989","1.189","2,4,6,89,90,92,93,94",0.024007064036347,FALSE,0,0,3,1,8,0,8,0,0.666666666666667
"S.A.b",26,60,0.33,"FALSE","FALSE","FALSE","7.52364844001206","5.59597140524463","1.92767703476743","0.73","1,2,3,4,5,91,94",0.0285291383239459,FALSE,0,0,1,4,7,0,7,0,0.583333333333333
"S.A.b",27,60,0.33,"FALSE","FALSE","FALSE","8.14435461305488","7.02725543245603","1.11709918059885","0.913","3,15,17,24,31,45,58,93",0.111086629928364,FALSE,6,0,5,5,8,6,2,0.75,0.166666666666667
"S.A.b",28,60,0.33,"FALSE","FALSE","FALSE","7.34606885707281","4.21498839468114","3.13108046239166","1.281","2,4,6,80,89,90,92,93",0.0363965389575332,FALSE,1,0,3,2,8,1,7,0.125,0.583333333333333
"S.A.b",29,60,0.33,"FALSE","FALSE","FALSE","8.64875876080189","6.04242552795384","2.60633323284806","1.162","2,4,6,59,80,89,90,91,93,97",0.0321174822457889,FALSE,2,1,3,2,10,3,7,0.3,0.583333333333333
"S.A.b",3,60,0.33,"FALSE","FALSE","FALSE","6.37444010493211","4.08706640458036","2.28737370035175","1.248","2,4,6,90,92,93",0.0338928316295294,FALSE,0,0,3,3,6,0,6,0,0.5
"S.A.b",30,60,0.33,"FALSE","FALSE","FALSE","6.95080033565882","3.3004302556817","3.65037007997712","1.268","2,82,89,90,92,93,94",0.0537169809776585,FALSE,1,0,5,1,7,1,6,0.142857142857143,0.5
"S.A.b",31,60,0.33,"FALSE","FALSE","FALSE","5.75787177032538","3.38406908457768","2.3738026857477","1.138","2,4,6,90,93,94",0.0323840464492828,FALSE,0,0,3,3,6,0,6,0,0.5
"S.A.b",32,60,0.33,"FALSE","FALSE","FALSE","6.78158438845556","5.80690887108301","0.974675517372557","1.292","2,4,5,27,59,77,92,100",0.0579815220791918,FALSE,3,1,3,5,8,4,4,0.5,0.333333333333333
"S.A.b",33,60,0.33,"FALSE","FALSE","FALSE","7.36528644794586","4.59440815316994","2.77087829477592","1.403","2,4,89,90,92,93,94",0.030760641297709,FALSE,0,0,4,1,7,0,7,0,0.583333333333333
"S.A.b",34,60,0.33,"FALSE","FALSE","FALSE","6.88994216784164","5.4792371520787","1.41070501576294","1.241","2,4,19,49,60,92,97",0.0685232495399298,FALSE,3,1,4,5,7,4,3,0.571428571428571,0.25
"S.A.b",35,60,0.33,"FALSE","FALSE","FALSE","7.39461025268508","5.36345401992271","2.03115623276237","1.242","2,3,4,5,6,91,92,94",0.01663835777829,FALSE,0,0,1,3,8,0,8,0,0.666666666666667
"S.A.b",36,60,0.33,"FALSE","FALSE","FALSE","7.4154147751807","5.15364295035263","2.26177182482807","1.046","2,4,35,78,89,90,93",0.0646848241525435,FALSE,2,0,4,3,7,2,5,0.285714285714286,0.416666666666667
"S.A.b",37,60,0.33,"FALSE","FALSE","FALSE","6.11776205298486","4.04305273893357","2.07470931405129","1.519","2,78,89,90,93,94",0.069209278681727,FALSE,1,0,5,2,6,1,5,0.166666666666667,0.416666666666667
"S.A.b",38,60,0.33,"FALSE","FALSE","FALSE","7.31689128327495","4.90306292894146","2.41382835433349","1.375","2,4,5,6,67,89,90,93,94",0.0208937052294034,FALSE,1,0,2,2,9,1,8,0.111111111111111,0.666666666666667
"S.A.b",39,60,0.33,"FALSE","FALSE","FALSE","6.161518013332","4.34753228425143","1.81398572908057","1.166","1,3,4,5,91,94",0.0445335757510806,FALSE,0,0,2,4,6,0,6,0,0.5
"S.A.b",4,60,0.33,"FALSE","FALSE","FALSE","6.15989948460415","3.50482084875015","2.655078635854","1.23","2,5,90,93,94,100",0.0521452621385416,FALSE,0,1,4,3,6,1,5,0.166666666666667,0.416666666666667
"S.A.b",40,60,0.33,"FALSE","FALSE","FALSE","6.80483452506333","4.39105894528534","2.41377557977799","1.163","2,4,55,90,91,92",0.0491591396049048,FALSE,1,0,4,3,6,1,5,0.166666666666667,0.416666666666667
"S.A.b",41,60,0.33,"FALSE","FALSE","FALSE","7.22553705096323","4.65483901024442","2.57069804071881","1.284","2,49,75,78,89,90,93,101",0.0746300014168449,FALSE,3,1,5,3,8,4,4,0.5,0.333333333333333
"S.A.b",42,60,0.33,"FALSE","FALSE","FALSE","6.71017268893712","3.66740903975987","3.04276364917725","1.077","2,4,89,90,92,93",0.0458820575624626,FALSE,0,0,4,2,6,0,6,0,0.5
"S.A.b",43,60,0.33,"FALSE","FALSE","FALSE","7.58576165734192","5.52165385542297","2.06410780191894","0.84","1,2,3,4,5,91,94",0.0268798748350863,FALSE,0,0,1,4,7,0,7,0,0.583333333333333
"S.A.b",44,60,0.33,"FALSE","FALSE","FALSE","6.79625738330427","4.4414953584757","2.35476202482857","1.243","2,4,89,90,92,93",0.0417073416965538,FALSE,0,0,4,2,6,0,6,0,0.5
"S.A.b",45,60,0.33,"FALSE","FALSE","FALSE","5.89280790769038","4.23145348627458","1.6613544214158","1.273","2,3,5,90,93,94,101",0.0370999750115279,FALSE,0,1,3,3,7,1,6,0.142857142857143,0.5
"S.A.b",46,60,0.33,"FALSE","FALSE","FALSE","7.23880125350092","3.7327785471081","3.50602270639282","1.193","2,4,89,90,92,93",0.0406894200528281,FALSE,0,0,4,2,6,0,6,0,0.5
"S.A.b",47,60,0.33,"FALSE","FALSE","FALSE","6.91208379976042","4.49451001555848","2.41757378420194","1.073","2,3,4,6,90,92,93,94",0.0158323567605963,FALSE,0,0,2,2,8,0,8,0,0.666666666666667
"S.A.b",48,60,0.33,"FALSE","FALSE","FALSE","7.94704851424897","5.0699723018665","2.87707621238247","1.191","2,4,6,90,92,93,95,96",0.0351233406122258,FALSE,0,2,3,3,8,2,6,0.25,0.5
"S.A.b",49,60,0.33,"FALSE","FALSE","FALSE","6.94524136710252","4.46161802977207","2.48362333733045","1.143","2,4,6,48,90,92,95,98",0.050675097339692,FALSE,1,2,3,4,8,3,5,0.375,0.416666666666667
"S.A.b",5,60,0.33,"FALSE","FALSE","FALSE","6.98328950252233","3.72111773981332","3.26217176270901","1.567","2,4,89,90,91,92,93",0.0320343158889486,FALSE,0,0,4,1,7,0,7,0,0.583333333333333
"S.A.b",50,60,0.33,"FALSE","FALSE","FALSE","7.5418172620949","5.90219192095831","1.6396253411366","1.364","1,3,5,14,17,60,90,91",0.0632011630415342,FALSE,3,0,3,4,8,3,5,0.375,0.416666666666667
"S.A.b",51,60,0.33,"FALSE","FALSE","FALSE","6.93167918090393","4.3558412185693","2.57583796233463","1.496","2,4,6,89,90,91,92,93,94,97",0.0152901563893628,FALSE,0,1,3,0,10,1,9,0.1,0.75
"S.A.b",52,60,0.33,"FALSE","FALSE","FALSE","5.8676002106348","4.55487641022402","1.31272380041078","1.201","2,4,89,90,92,93",0.0429083697831452,FALSE,0,0,4,2,6,0,6,0,0.5
"S.A.b",53,60,0.33,"FALSE","FALSE","FALSE","8.12656219698506","6.08862119337046","2.0379410036146","0.599","1,2,3,4,5,6,91,94",0.0190425576353543,FALSE,0,0,0,4,8,0,8,0,0.666666666666667
"S.A.b",54,60,0.33,"FALSE","FALSE","FALSE","6.59746321204881","3.38979151030921","3.20767170173959","1.104","2,4,90,92,93,94,100",0.0378277144858258,FALSE,0,1,4,2,7,1,6,0.142857142857143,0.5
"S.A.b",55,60,0.33,"FALSE","FALSE","FALSE","6.74569919183435","3.64237385629068","3.10332533554367","0.96","2,4,7,89,90,92,93",0.0533962227920023,FALSE,1,0,4,2,7,1,6,0.142857142857143,0.5
"S.A.b",56,60,0.33,"FALSE","FALSE","FALSE","6.80959742326133","4.63004561534909","2.17955180791225","0.866","2,3,4,7,91,92",0.0592868401943113,FALSE,1,0,3,4,6,1,5,0.166666666666667,0.416666666666667
"S.A.b",57,60,0.33,"FALSE","FALSE","FALSE","7.07479888824942","5.07134993462615","2.00344895362327","1.539","1,2,4,31,89,90,92,93",0.0368761648123144,FALSE,1,0,3,2,8,1,7,0.125,0.583333333333333
"S.A.b",58,60,0.33,"FALSE","FALSE","FALSE","7.28078789355517","5.71568225835955","1.56510563519562","1.163","2,4,6,30,38,68,91,92",0.0563452169622575,FALSE,3,0,3,4,8,3,5,0.375,0.416666666666667
"S.A.b",59,60,0.33,"FALSE","FALSE","FALSE","6.20469699580161","3.64930804053601","2.55538895526561","1.247","2,4,78,89,90,93",0.0617663602331109,FALSE,1,0,4,3,6,1,5,0.166666666666667,0.416666666666667
"S.A.b",6,60,0.33,"FALSE","FALSE","FALSE","6.50587887273789","5.83959648611011","0.666282386627775","1.001","2,3,5,23,90,93,101",0.0526912885751068,FALSE,1,1,3,4,7,2,5,0.285714285714286,0.416666666666667
"S.A.b",60,60,0.33,"FALSE","FALSE","FALSE","8.65199145464083","7.55217070604722","1.09982074859361","1.528","2,4,5,6,19,41,42,59,64,76,92",0.0510711229963808,FALSE,6,0,2,5,11,6,5,0.545454545454545,0.416666666666667
"S.A.b",61,60,0.33,"FALSE","FALSE","FALSE","6.5829550973249","5.0998631952152","1.4830919021097","1.027","1,2,4,5,55,90,91",0.0348045642169335,FALSE,1,0,2,4,7,1,6,0.142857142857143,0.5
"S.A.b",62,60,0.33,"FALSE","FALSE","FALSE","7.30310620230241","4.22298656367189","3.08011963863052","0.958","2,4,9,35,89,90,93,95",0.0498990283339047,FALSE,2,1,4,3,8,3,5,0.375,0.416666666666667
"S.A.b",63,60,0.33,"FALSE","FALSE","FALSE","6.08047665284637","3.99583048554786","2.08464616729851","1.153","2,3,4,5,6,91,92,94",0.0218258314250934,FALSE,0,0,1,3,8,0,8,0,0.666666666666667
"S.A.b",64,60,0.33,"FALSE","FALSE","FALSE","7.4286816174557","3.55342394260717","3.87525767484853","0.786","2,4,6,89,90,92,93",0.0300953317451052,FALSE,0,0,3,2,7,0,7,0,0.583333333333333
"S.A.b",65,60,0.33,"FALSE","FALSE","FALSE","6.68498822264002","4.29787609771444","2.38711212492558","1.305","2,3,4,20,90,91,92,93",0.0271459888835782,FALSE,1,0,3,2,8,1,7,0.125,0.583333333333333
"S.A.b",66,60,0.33,"FALSE","FALSE","FALSE","5.97388419639763","3.08941525572672","2.88446894067091","1.148","2,47,80,89,90,93",0.0825662690377674,FALSE,2,0,5,3,6,2,4,0.333333333333333,0.333333333333333
"S.A.b",67,60,0.33,"FALSE","FALSE","FALSE","6.69749980768285","3.08225147363948","3.61524833404337","0.867","2,4,89,90,92,93",0.0475397130297138,FALSE,0,0,4,2,6,0,6,0,0.5
"S.A.b",68,60,0.33,"FALSE","FALSE","FALSE","5.58814313823555","3.40805025486122","2.18009288337434","1.745","2,89,90,93,94",0.0671856772860715,FALSE,0,0,5,2,5,0,5,0,0.416666666666667
"S.A.b",69,60,0.33,"FALSE","FALSE","FALSE","6.44678999143911","2.39187159152143","4.05491839991768","0.531","2,4,89,90,92,93",0.0437721259537875,FALSE,0,0,4,2,6,0,6,0,0.5
"S.A.b",7,60,0.33,"FALSE","FALSE","FALSE","7.39536266256858","5.47866430445403","1.91669835811454","1.006","2,3,4,6,91,92,94",0.0268425335351313,FALSE,0,0,2,3,7,0,7,0,0.583333333333333
"S.A.b",70,60,0.33,"FALSE","FALSE","FALSE","7.63159637656184","6.44587468338158","1.18572169318026","1.114","1,3,4,5,6,91,94",0.0382269929017578,FALSE,0,0,1,4,7,0,7,0,0.583333333333333
"S.A.b",71,60,0.33,"FALSE","FALSE","FALSE","6.08961873892973","3.55615461700377","2.53346412192596","1.111","2,89,90,93,94",0.0754974034871911,FALSE,0,0,5,2,5,0,5,0,0.416666666666667
"S.A.b",72,60,0.33,"FALSE","FALSE","FALSE","6.65351656079601","5.01586526719758","1.63765129359844","1.179","2,3,5,74,90,91,101",0.0577665938623298,FALSE,1,1,3,4,7,2,5,0.285714285714286,0.416666666666667
"S.A.b",73,60,0.33,"FALSE","FALSE","FALSE","6.78227380682168","4.62832225135223","2.15395155546945","1.475","2,4,6,9,89,90,93,94",0.0329728751901282,FALSE,1,0,3,2,8,1,7,0.125,0.583333333333333
"S.A.b",74,60,0.33,"FALSE","FALSE","FALSE","7.09250621931324","5.83719819981294","1.2553080195003","0.755","1,3,4,5,6,91,94",0.0383567695466814,FALSE,0,0,1,4,7,0,7,0,0.583333333333333
"S.A.b",75,60,0.33,"FALSE","FALSE","FALSE","8.04542973598226","5.56786535873466","2.4775643772476","1.095","2,3,4,5,6,90,92,93,94",0.00891021007249225,FALSE,0,0,1,2,9,0,9,0,0.75
"S.A.b",76,60,0.33,"FALSE","FALSE","FALSE","7.09808881891099","5.21907251721315","1.87901630169784","0.724","2,3,4,5,6,91,94",0.0247132269394114,FALSE,0,0,1,4,7,0,7,0,0.583333333333333
"S.A.b",77,60,0.33,"FALSE","FALSE","FALSE","7.68105997436477","5.24561361805761","2.43544635630716","0.723","2,3,4,5,6,90,91,94",0.0190688742489421,FALSE,0,0,1,3,8,0,8,0,0.666666666666667
"S.A.b",78,60,0.33,"FALSE","FALSE","FALSE","7.97613867329761","5.58166641179003","2.39447226150759","1","1,2,3,4,5,6,90,92,93,94",0.00779490045848197,FALSE,0,0,0,2,10,0,10,0,0.833333333333333
"S.A.b",79,60,0.33,"FALSE","FALSE","FALSE","5.94903615166668","4.99976430110808","0.949271850558605","1.472","2,90,93,94,100",0.0685507864886268,FALSE,0,1,5,3,5,1,4,0.2,0.333333333333333
"S.A.b",8,60,0.33,"FALSE","FALSE","FALSE","6.07723120311258","4.92895811350799","1.14827308960458","1.749","2,5,6,9,90,95,101",0.0614010618827049,FALSE,1,2,3,5,7,3,4,0.428571428571429,0.333333333333333
"S.A.b",80,60,0.33,"FALSE","FALSE","FALSE","6.36274406690956","3.2585406906503","3.10420337625926","0.963","2,4,89,90,93,94",0.0444665681535562,FALSE,0,0,4,2,6,0,6,0,0.5
"S.A.b",81,60,0.33,"FALSE","FALSE","FALSE","5.51014218713056","4.22145923239378","1.28868295473678","1.287","4,40,49,52,89,94,98",0.0892956168354574,FALSE,3,1,5,4,7,4,3,0.571428571428571,0.25
"S.A.b",82,60,0.33,"FALSE","FALSE","FALSE","5.65614868880606","3.53029021959247","2.12585846921359","1.072","2,6,90,93,94",0.0582641272542257,FALSE,0,0,4,3,5,0,5,0,0.416666666666667
"S.A.b",83,60,0.33,"FALSE","FALSE","FALSE","8.19744660762938","6.00299017057707","2.19445643705231","1.001","1,2,4,5,73,90,91,95",0.0340103273850754,FALSE,1,1,2,4,8,2,6,0.25,0.5
"S.A.b",84,60,0.33,"FALSE","FALSE","FALSE","7.41537308161372","6.31766872330504","1.09770435830869","1.048","2,4,17,46,49,64,92",0.0698763349000357,FALSE,4,0,4,5,7,4,3,0.571428571428571,0.25
"S.A.b",85,60,0.33,"FALSE","FALSE","FALSE","7.91237056581934","5.71461802865666","2.19775253716268","1.095","1,2,4,5,6,90,91,93,94",0.010326395130081,FALSE,0,0,1,2,9,0,9,0,0.75
"S.A.b",86,60,0.33,"FALSE","FALSE","FALSE","7.52704892172137","4.76942922974232","2.75761969197905","0.775","2,4,6,64,89,90,92",0.0406347160705397,FALSE,1,0,3,3,7,1,6,0.142857142857143,0.5
"S.A.b",87,60,0.33,"FALSE","FALSE","FALSE","6.49216395533989","4.77202124837612","1.72014270696377","1.375","2,4,6,90,91,92",0.0417414944340014,FALSE,0,0,3,3,6,0,6,0,0.5
"S.A.b",88,60,0.33,"FALSE","FALSE","FALSE","7.25512743454784","4.49931969053299","2.75580774401485","1.525","2,78,89,90,93,101",0.0829684946139845,FALSE,1,1,5,3,6,2,4,0.333333333333333,0.333333333333333
"S.A.b",89,60,0.33,"FALSE","FALSE","FALSE","6.91698285836379","5.12542081873839","1.7915620396254","1.388","2,4,6,90,92,93,96",0.0331943832953661,FALSE,0,1,3,3,7,1,6,0.142857142857143,0.5
"S.A.b",9,60,0.33,"FALSE","FALSE","FALSE","7.47774851419665","4.76299185460507","2.71475665959158","1.589","2,4,5,6,90,91,92,93",0.0163447056867933,FALSE,0,0,2,2,8,0,8,0,0.666666666666667
"S.A.b",90,60,0.33,"FALSE","FALSE","FALSE","6.9026243781527","5.15402614769264","1.74859823046006","1.573","2,3,4,5,6,91,92,94",0.0161818725075775,FALSE,0,0,1,3,8,0,8,0,0.666666666666667
"S.A.b",91,60,0.33,"FALSE","FALSE","FALSE","6.38633745265271","4.68914167863071","1.697195774022","0.793","2,4,6,89,90,92,93",0.0310120461059927,FALSE,0,0,3,2,7,0,7,0,0.583333333333333
"S.A.b",92,60,0.33,"FALSE","FALSE","FALSE","7.29615043655395","5.26481037199448","2.03134006455947","0.836","2,3,4,5,6,91,92",0.0283406826500262,FALSE,0,0,1,4,7,0,7,0,0.583333333333333
"S.A.b",93,60,0.33,"FALSE","FALSE","FALSE","6.66100232552698","3.59880915336443","3.06219317216255","0.628","2,4,78,89,90,93",0.0569894545575109,FALSE,1,0,4,3,6,1,5,0.166666666666667,0.416666666666667
"S.A.b",94,60,0.33,"FALSE","FALSE","FALSE","7.40910521336328","5.05246499796924","2.35664021539404","0.808","2,3,4,5,6,90,91,92,94",0.0128764991521245,FALSE,0,0,1,2,9,0,9,0,0.75
"S.A.b",95,60,0.33,"FALSE","FALSE","FALSE","5.71265708732635","4.21493995190567","1.49771713542068","0.996","2,4,6,91,92,94",0.037485203863633,FALSE,0,0,3,3,6,0,6,0,0.5
"S.A.b",96,60,0.33,"FALSE","FALSE","FALSE","7.08849981299282","4.03448420668503","3.05401560630779","0.669","2,4,49,89,90,92,93,96",0.0412879539771529,FALSE,1,1,4,2,8,2,6,0.25,0.5
"S.A.b",97,60,0.33,"FALSE","FALSE","FALSE","6.27309519195155","3.7084939079717","2.56460128397985","1.164","2,4,6,89,90,92,93",0.030708254403524,FALSE,0,0,3,2,7,0,7,0,0.583333333333333
"S.A.b",98,60,0.33,"FALSE","FALSE","FALSE","7.04320848197034","5.1948357583114","1.84837272365894","0.946","1,3,4,5,6,91,94",0.0335693669355545,FALSE,0,0,1,4,7,0,7,0,0.583333333333333
"S.A.b",99,60,0.33,"FALSE","FALSE","FALSE","7.01702247819926","4.33102066940622","2.68600180879305","1.161","2,4,52,89,90,92,93",0.0470079985634035,FALSE,1,0,4,2,7,1,6,0.142857142857143,0.5
"S.EB",1,60,0.33,"FALSE","FALSE","FALSE","6.29026300594457","4.95762996400246","1.33263304194211","1.295","2,4,6,8,24,52,92,95",0.0616165037663887,FALSE,3,1,3,5,8,4,4,0.5,0.333333333333333
"S.EB",10,60,0.33,"FALSE","FALSE","FALSE","6.7558446990525","4.62836182885239","2.12748287020011","1.411","1,2,4,5,32,91,92,94",0.0340925298034154,FALSE,1,0,2,3,8,1,7,0.125,0.583333333333333
"S.EB",100,60,0.33,"FALSE","FALSE","FALSE","6.15527655830133","3.07438866364157","3.08088789465976","1.186","2,8,78,89,90,93,94",0.060996997130716,FALSE,2,0,5,2,7,2,5,0.285714285714286,0.416666666666667
"S.EB",11,60,0.33,"FALSE","FALSE","FALSE","6.6506433168295","3.60870141929987","3.04194189752962","1.185","2,4,35,59,78,89,90,93",0.0575428521171667,FALSE,3,0,4,3,8,3,5,0.375,0.416666666666667
"S.EB",12,60,0.33,"FALSE","FALSE","FALSE","6.75487674903438","5.23715716904411","1.51771957999027","1.372","2,3,4,6,30,39,42,91",0.0510783906556681,FALSE,3,0,2,5,8,3,5,0.375,0.416666666666667
"S.EB",13,60,0.33,"FALSE","FALSE","FALSE","6.52009023956849","4.71856312222777","1.80152711734071","1.189","2,4,7,89,90,92,93",0.0413177028467507,FALSE,1,0,4,2,7,1,6,0.142857142857143,0.5
"S.EB",14,60,0.33,"FALSE","FALSE","FALSE","6.59530220420829","4.73403982468039","1.86126237952791","0.816","1,3,4,5,40,91,94",0.0433186358341212,FALSE,1,0,2,4,7,1,6,0.142857142857143,0.5
"S.EB",15,60,0.33,"FALSE","FALSE","FALSE","7.42853293600881","4.31610799757761","3.11242493843121","1.293","2,4,6,7,86,90,92,93,96",0.033219862297831,FALSE,2,1,3,3,9,3,6,0.333333333333333,0.5
"S.EB",16,60,0.33,"FALSE","FALSE","FALSE","7.08135899902966","4.27186880002444","2.80949019900522","0.894","2,3,4,6,91,92,95",0.0433637353768136,FALSE,0,1,2,4,7,1,6,0.142857142857143,0.5
"S.EB",17,60,0.33,"FALSE","FALSE","FALSE","7.88935249611597","6.05932983835657","1.83002265775941","1.364","1,2,3,4,5,6,53,90,91,94",0.0130879010923423,FALSE,1,0,0,3,10,1,9,0.1,0.75
"S.EB",18,60,0.33,"FALSE","FALSE","FALSE","6.31637602958404","3.47912288953934","2.8372531400447","1.005","2,4,24,46,90,92,93",0.0414643485838732,FALSE,2,0,4,3,7,2,5,0.285714285714286,0.416666666666667
"S.EB",19,60,0.33,"FALSE","FALSE","FALSE","7.38435458336721","5.21095361631925","2.17340096704796","0.866","2,4,6,39,86,90,91,92",0.0399105496279883,FALSE,2,0,3,3,8,2,6,0.25,0.5
"S.EB",2,60,0.33,"FALSE","FALSE","FALSE","6.99338651236743","3.63893518208136","3.35445133028607","1.026","2,4,7,78,89,90,92,93",0.0519762308460083,FALSE,2,0,4,2,8,2,6,0.25,0.5
"S.EB",20,60,0.33,"FALSE","FALSE","FALSE","8.719248663119","5.80854268637797","2.91070597674103","1.084","2,4,6,10,42,52,66,92,95,96,99",0.0538921660686867,FALSE,4,3,3,5,11,7,4,0.636363636363636,0.333333333333333
"S.EB",21,60,0.33,"FALSE","FALSE","FALSE","6.88445728131622","4.56633636672672","2.3181209145895","1.325","1,2,4,5,6,90,91,94",0.0158878618223882,FALSE,0,0,1,3,8,0,8,0,0.666666666666667
"S.EB",22,60,0.33,"FALSE","FALSE","FALSE","6.19152262245655","4.03624141235081","2.15528121010573","1.387","2,4,19,31,86,90,92",0.0619238624064841,FALSE,3,0,4,4,7,3,4,0.428571428571429,0.333333333333333
"S.EB",23,60,0.33,"FALSE","FALSE","FALSE","6.95726699661932","4.8317776055775","2.12548939104181","0.983","1,3,5,6,14,72,91,93,94",0.046371494410013,FALSE,2,0,2,3,9,2,7,0.222222222222222,0.583333333333333
"S.EB",24,60,0.33,"FALSE","FALSE","FALSE","6.3164051309831","3.64034781957261","2.67605731141049","1.227","2,4,5,32,90,91,92",0.0346442518091722,FALSE,1,0,3,3,7,1,6,0.142857142857143,0.5
"S.EB",25,60,0.33,"FALSE","FALSE","FALSE","6.6689838608526","3.8822321499537","2.7867517108989","1.189","2,3,4,5,6,90,91,92,94",0.0122327768644306,FALSE,0,0,1,2,9,0,9,0,0.75
"S.EB",26,60,0.33,"FALSE","FALSE","FALSE","7.52364844001206","5.59597140524463","1.92767703476743","0.73","1,2,3,4,5,91,94",0.0285291383239459,FALSE,0,0,1,4,7,0,7,0,0.583333333333333
"S.EB",27,60,0.33,"FALSE","FALSE","FALSE","8.14435461305488","7.02725543245603","1.11709918059885","0.913","3,15,17,24,31,45,58,93",0.111086629928364,FALSE,6,0,5,5,8,6,2,0.75,0.166666666666667
"S.EB",28,60,0.33,"FALSE","FALSE","FALSE","7.34606885707281","4.21498839468114","3.13108046239166","1.281","2,4,6,42,80,89,90,92,93",0.0346191489814247,FALSE,2,0,3,2,9,2,7,0.222222222222222,0.583333333333333
"S.EB",29,60,0.33,"FALSE","FALSE","FALSE","8.64875876080189","6.04242552795384","2.60633323284806","1.162","2,4,6,40,55,59,80,90,91,97",0.0420423076140359,FALSE,4,1,3,4,10,5,5,0.5,0.416666666666667
"S.EB",3,60,0.33,"FALSE","FALSE","FALSE","6.37444010493211","4.08706640458036","2.28737370035175","1.248","2,4,6,82,85,90,92,93",0.034350899376638,FALSE,2,0,3,3,8,2,6,0.25,0.5
"S.EB",30,60,0.33,"FALSE","FALSE","FALSE","6.95080033565882","3.3004302556817","3.65037007997712","1.268","1,2,3,4,5,6,52,90,91,92,94",0.0150260470206403,FALSE,1,0,0,2,11,1,10,0.0909090909090909,0.833333333333333
"S.EB",31,60,0.33,"FALSE","FALSE","FALSE","5.75787177032538","3.38406908457768","2.3738026857477","1.138","2,4,6,90,93,94",0.0323840464492828,FALSE,0,0,3,3,6,0,6,0,0.5
"S.EB",32,60,0.33,"FALSE","FALSE","FALSE","6.78158438845556","5.80690887108301","0.974675517372557","1.292","2,4,5,27,40,59,77,92,100",0.0532896178897241,FALSE,4,1,3,5,9,5,4,0.555555555555556,0.333333333333333
"S.EB",33,60,0.33,"FALSE","FALSE","FALSE","7.36528644794586","4.59440815316994","2.77087829477592","1.403","2,4,7,17,46,89,90,92,93",0.0362037374841186,FALSE,3,0,4,2,9,3,6,0.333333333333333,0.5
"S.EB",34,60,0.33,"FALSE","FALSE","FALSE","6.88994216784164","5.4792371520787","1.41070501576294","1.241","1,2,4,5,19,60,92,97",0.048842059690078,FALSE,2,1,2,5,8,3,5,0.375,0.416666666666667
"S.EB",35,60,0.33,"FALSE","FALSE","FALSE","7.39461025268508","5.36345401992271","2.03115623276237","1.242","1,2,3,4,5,6,91,94",0.0190528008929195,FALSE,0,0,0,4,8,0,8,0,0.666666666666667
"S.EB",36,60,0.33,"FALSE","FALSE","FALSE","7.4154147751807","5.15364295035263","2.26177182482807","1.046","1,2,3,4,5,6,50,91,94",0.0223581849614011,FALSE,1,0,0,4,9,1,8,0.111111111111111,0.666666666666667
"S.EB",37,60,0.33,"FALSE","FALSE","FALSE","6.11776205298486","4.04305273893357","2.07470931405129","1.519","2,25,49,78,88,89,93,94",0.0744661116165384,FALSE,4,0,5,3,8,4,4,0.5,0.333333333333333
"S.EB",38,60,0.33,"FALSE","FALSE","FALSE","7.31689128327495","4.90306292894146","2.41382835433349","1.375","2,4,5,6,35,60,67,82,84,89,90,93,94",0.0325795886121844,FALSE,5,0,2,2,13,5,8,0.384615384615385,0.666666666666667
"S.EB",39,60,0.33,"FALSE","FALSE","FALSE","6.161518013332","4.34753228425143","1.81398572908057","1.166","1,2,3,4,5,6,91,94",0.0220576529965056,FALSE,0,0,0,4,8,0,8,0,0.666666666666667
"S.EB",4,60,0.33,"FALSE","FALSE","FALSE","6.15989948460415","3.50482084875015","2.655078635854","1.23","2,3,5,90,93,94,100",0.042962609636345,FALSE,0,1,3,3,7,1,6,0.142857142857143,0.5
"S.EB",40,60,0.33,"FALSE","FALSE","FALSE","6.80483452506333","4.39105894528534","2.41377557977799","1.163","2,4,7,55,77,90,91,92",0.0452296475541648,FALSE,3,0,4,3,8,3,5,0.375,0.416666666666667
"S.EB",41,60,0.33,"FALSE","FALSE","FALSE","7.22553705096323","4.65483901024442","2.57069804071881","1.284","2,49,75,78,89,90,93,101",0.0746300014168449,FALSE,3,1,5,3,8,4,4,0.5,0.333333333333333
"S.EB",42,60,0.33,"FALSE","FALSE","FALSE","6.71017268893712","3.66740903975987","3.04276364917725","1.077","2,3,4,6,69,90,91,92",0.0325204934485095,FALSE,1,0,2,3,8,1,7,0.125,0.583333333333333
"S.EB",43,60,0.33,"FALSE","FALSE","FALSE","7.58576165734192","5.52165385542297","2.06410780191894","0.84","1,2,3,4,5,6,18,91,94",0.0201988837445686,FALSE,1,0,0,4,9,1,8,0.111111111111111,0.666666666666667
"S.EB",44,60,0.33,"FALSE","FALSE","FALSE","6.79625738330427","4.4414953584757","2.35476202482857","1.243","2,4,17,30,40,65,68,86,90,98",0.0773338311254225,FALSE,6,1,4,5,10,7,3,0.7,0.25
"S.EB",45,60,0.33,"FALSE","FALSE","FALSE","5.89280790769038","4.23145348627458","1.6613544214158","1.273","2,3,5,37,76,77,90,94,101",0.0635170056448467,FALSE,3,1,3,4,9,4,5,0.444444444444444,0.416666666666667
"S.EB",46,60,0.33,"FALSE","FALSE","FALSE","7.23880125350092","3.7327785471081","3.50602270639282","1.193","2,3,4,6,45,67,90,91,92,93,94",0.0166250409175454,FALSE,2,0,2,1,11,2,9,0.181818181818182,0.75
"S.EB",47,60,0.33,"FALSE","FALSE","FALSE","6.91208379976042","4.49451001555848","2.41757378420194","1.073","2,3,4,6,90,92,93,94",0.0158323567605963,FALSE,0,0,2,2,8,0,8,0,0.666666666666667
"S.EB",48,60,0.33,"FALSE","FALSE","FALSE","7.94704851424897","5.0699723018665","2.87707621238247","1.191","2,4,6,9,69,82,90,93,95",0.0431192093063358,FALSE,3,1,3,4,9,4,5,0.444444444444444,0.416666666666667
"S.EB",49,60,0.33,"FALSE","FALSE","FALSE","6.94524136710252","4.46161802977207","2.48362333733045","1.143","2,4,6,36,38,42,92,95",0.0590865859481129,FALSE,3,1,3,5,8,4,4,0.5,0.333333333333333
"S.EB",5,60,0.33,"FALSE","FALSE","FALSE","6.98328950252233","3.72111773981332","3.26217176270901","1.567","2,3,4,5,6,90,91,92,93,94",0.00643246594380912,FALSE,0,0,1,1,10,0,10,0,0.833333333333333
"S.EB",50,60,0.33,"FALSE","FALSE","FALSE","7.5418172620949","5.90219192095831","1.6396253411366","1.364","1,3,5,14,17,60,90,91",0.0632011630415342,FALSE,3,0,3,4,8,3,5,0.375,0.416666666666667
"S.EB",51,60,0.33,"FALSE","FALSE","FALSE","6.93167918090393","4.3558412185693","2.57583796233463","1.496","2,4,6,19,41,81,90,91,92",0.0417476861624654,FALSE,3,0,3,3,9,3,6,0.333333333333333,0.5
"S.EB",52,60,0.33,"FALSE","FALSE","FALSE","5.8676002106348","4.55487641022402","1.31272380041078","1.201","2,3,4,7,64,92",0.0727609174875959,FALSE,2,0,3,5,6,2,4,0.333333333333333,0.333333333333333
"S.EB",53,60,0.33,"FALSE","FALSE","FALSE","8.12656219698506","6.08862119337046","2.0379410036146","0.599","1,2,3,4,5,6,91,94",0.0190425576353543,FALSE,0,0,0,4,8,0,8,0,0.666666666666667
"S.EB",54,60,0.33,"FALSE","FALSE","FALSE","6.59746321204881","3.38979151030921","3.20767170173959","1.104","2,4,31,90,92,93,100",0.0472014532531989,FALSE,1,1,4,3,7,2,5,0.285714285714286,0.416666666666667
"S.EB",55,60,0.33,"FALSE","FALSE","FALSE","6.74569919183435","3.64237385629068","3.10332533554367","0.96","2,4,7,89,90,92,93",0.0533962227920023,FALSE,1,0,4,2,7,1,6,0.142857142857143,0.5
"S.EB",56,60,0.33,"FALSE","FALSE","FALSE","6.80959742326133","4.63004561534909","2.17955180791225","0.866","1,2,3,4,26,81,91,92",0.0416123867121132,FALSE,2,0,2,4,8,2,6,0.25,0.5
"S.EB",57,60,0.33,"FALSE","FALSE","FALSE","7.07479888824942","5.07134993462615","2.00344895362327","1.539","1,2,3,4,5,6,89,92,93,94",0.0118394141410129,FALSE,0,0,0,2,10,0,10,0,0.833333333333333
"S.EB",58,60,0.33,"FALSE","FALSE","FALSE","7.28078789355517","5.71568225835955","1.56510563519562","1.163","2,4,6,30,38,68,91,92",0.0563452169622575,FALSE,3,0,3,4,8,3,5,0.375,0.416666666666667
"S.EB",59,60,0.33,"FALSE","FALSE","FALSE","6.20469699580161","3.64930804053601","2.55538895526561","1.247","2,4,8,76,78,89,90,93",0.0712914118257604,FALSE,3,0,4,3,8,3,5,0.375,0.416666666666667
"S.EB",6,60,0.33,"FALSE","FALSE","FALSE","6.50587887273789","5.83959648611011","0.666282386627775","1.001","2,3,4,5,6,19,23,92",0.0356526507560169,FALSE,2,0,1,5,8,2,6,0.25,0.5
"S.EB",60,60,0.33,"FALSE","FALSE","FALSE","8.65199145464083","7.55217070604722","1.09982074859361","1.528","2,4,5,6,19,41,42,59,64,76,92",0.0510711229963808,FALSE,6,0,2,5,11,6,5,0.545454545454545,0.416666666666667
"S.EB",61,60,0.33,"FALSE","FALSE","FALSE","6.5829550973249","5.0998631952152","1.4830919021097","1.027","1,2,4,5,6,25,33,34,90,91",0.0432144837708545,FALSE,3,0,1,4,10,3,7,0.3,0.583333333333333
"S.EB",62,60,0.33,"FALSE","FALSE","FALSE","7.30310620230241","4.22298656367189","3.08011963863052","0.958","2,4,35,49,78,89,90,93",0.058639929754428,FALSE,3,0,4,3,8,3,5,0.375,0.416666666666667
"S.EB",63,60,0.33,"FALSE","FALSE","FALSE","6.08047665284637","3.99583048554786","2.08464616729851","1.153","2,3,4,5,6,91,92,94",0.0218258314250934,FALSE,0,0,1,3,8,0,8,0,0.666666666666667
"S.EB",64,60,0.33,"FALSE","FALSE","FALSE","7.4286816174557","3.55342394260717","3.87525767484853","0.786","2,4,6,36,89,90,92,93",0.0292898212721516,FALSE,1,0,3,2,8,1,7,0.125,0.583333333333333
"S.EB",65,60,0.33,"FALSE","FALSE","FALSE","6.68498822264002","4.29787609771444","2.38711212492558","1.305","2,3,4,20,22,38,87,90,91,92",0.0420349425851284,FALSE,4,0,3,3,10,4,6,0.4,0.5
"S.EB",66,60,0.33,"FALSE","FALSE","FALSE","5.97388419639763","3.08941525572672","2.88446894067091","1.148","1,2,3,4,5,6,20,90,91",0.021382446591994,FALSE,1,0,0,4,9,1,8,0.111111111111111,0.666666666666667
"S.EB",67,60,0.33,"FALSE","FALSE","FALSE","6.69749980768285","3.08225147363948","3.61524833404337","0.867","2,3,4,5,90,91,92,93",0.0201200071837054,FALSE,0,0,2,2,8,0,8,0,0.666666666666667
"S.EB",68,60,0.33,"FALSE","FALSE","FALSE","5.58814313823555","3.40805025486122","2.18009288337434","1.745","2,3,4,6,39,91,92,94",0.0287858466654782,FALSE,1,0,2,3,8,1,7,0.125,0.583333333333333
"S.EB",69,60,0.33,"FALSE","FALSE","FALSE","6.44678999143911","2.39187159152143","4.05491839991768","0.531","2,4,89,90,92,93",0.0437721259537875,FALSE,0,0,4,2,6,0,6,0,0.5
"S.EB",7,60,0.33,"FALSE","FALSE","FALSE","7.39536266256858","5.47866430445403","1.91669835811454","1.006","2,4,6,31,39,74,86,89,92",0.0693300710933665,FALSE,4,0,3,4,9,4,5,0.444444444444444,0.416666666666667
"S.EB",70,60,0.33,"FALSE","FALSE","FALSE","7.63159637656184","6.44587468338158","1.18572169318026","1.114","1,2,3,4,5,6,19,59,76,92",0.0401733130249064,FALSE,3,0,0,5,10,3,7,0.3,0.583333333333333
"S.EB",71,60,0.33,"FALSE","FALSE","FALSE","6.08961873892973","3.55615461700377","2.53346412192596","1.111","1,2,3,4,5,90,91,93,94",0.0139502670110161,FALSE,0,0,1,2,9,0,9,0,0.75
"S.EB",72,60,0.33,"FALSE","FALSE","FALSE","6.65351656079601","5.01586526719758","1.63765129359844","1.179","1,2,3,4,5,6,91,94",0.0232540586309695,FALSE,0,0,0,4,8,0,8,0,0.666666666666667
"S.EB",73,60,0.33,"FALSE","FALSE","FALSE","6.78227380682168","4.62832225135223","2.15395155546945","1.475","2,4,6,9,89,90,93,94",0.0329728751901282,FALSE,1,0,3,2,8,1,7,0.125,0.583333333333333
"S.EB",74,60,0.33,"FALSE","FALSE","FALSE","7.09250621931324","5.83719819981294","1.2553080195003","0.755","1,2,3,4,5,6,24,39,91",0.0423199033292924,FALSE,2,0,0,5,9,2,7,0.222222222222222,0.583333333333333
"S.EB",75,60,0.33,"FALSE","FALSE","FALSE","8.04542973598226","5.56786535873466","2.4775643772476","1.095","2,3,4,5,6,84,90,92,93,94",0.0106437917624389,FALSE,1,0,1,2,10,1,9,0.1,0.75
"S.EB",76,60,0.33,"FALSE","FALSE","FALSE","7.09808881891099","5.21907251721315","1.87901630169784","0.724","2,3,4,5,6,83,91,94",0.0260186484445781,FALSE,1,0,1,4,8,1,7,0.125,0.583333333333333
"S.EB",77,60,0.33,"FALSE","FALSE","FALSE","7.68105997436477","5.24561361805761","2.43544635630716","0.723","2,3,4,5,6,32,90,91,94",0.0213219758527485,FALSE,1,0,1,3,9,1,8,0.111111111111111,0.666666666666667
"S.EB",78,60,0.33,"FALSE","FALSE","FALSE","7.97613867329761","5.58166641179003","2.39447226150759","1","1,2,3,4,5,6,64,90,92,93,94",0.00783617150976475,FALSE,1,0,0,2,11,1,10,0.0909090909090909,0.833333333333333
"S.EB",79,60,0.33,"FALSE","FALSE","FALSE","5.94903615166668","4.99976430110808","0.949271850558605","1.472","13,15,31,36,68,76,92",0.120058451459346,FALSE,6,0,6,5,7,6,1,0.857142857142857,0.0833333333333333
"S.EB",8,60,0.33,"FALSE","FALSE","FALSE","6.07723120311258","4.92895811350799","1.14827308960458","1.749","1,2,4,5,6,33,90,91",0.0252962006944889,FALSE,1,0,1,4,8,1,7,0.125,0.583333333333333
"S.EB",80,60,0.33,"FALSE","FALSE","FALSE","6.36274406690956","3.2585406906503","3.10420337625926","0.963","2,4,8,78,89,90,93",0.0510290392016603,FALSE,2,0,4,3,7,2,5,0.285714285714286,0.416666666666667
"S.EB",81,60,0.33,"FALSE","FALSE","FALSE","5.51014218713056","4.22145923239378","1.28868295473678","1.287","4,40,49,52,89,98",0.106044724152798,FALSE,3,1,5,5,6,4,2,0.666666666666667,0.166666666666667
"S.EB",82,60,0.33,"FALSE","FALSE","FALSE","5.65614868880606","3.53029021959247","2.12585846921359","1.072","1,2,4,6,90,93,94",0.0269558487272281,FALSE,0,0,2,3,7,0,7,0,0.583333333333333
"S.EB",83,60,0.33,"FALSE","FALSE","FALSE","8.19744660762938","6.00299017057707","2.19445643705231","1.001","1,2,4,5,30,54,73,90,91",0.0331065069154031,FALSE,3,0,2,4,9,3,6,0.333333333333333,0.5
"S.EB",84,60,0.33,"FALSE","FALSE","FALSE","7.41537308161372","6.31766872330504","1.09770435830869","1.048","2,3,4,6,7,17,23,39,46,49,64,92",0.0621714465671022,FALSE,7,0,2,5,12,7,5,0.583333333333333,0.416666666666667
"S.EB",85,60,0.33,"FALSE","FALSE","FALSE","7.91237056581934","5.71461802865666","2.19775253716268","1.095","1,2,4,5,6,87,90,91,93,94",0.0130497100061305,FALSE,1,0,1,2,10,1,9,0.1,0.75
"S.EB",86,60,0.33,"FALSE","FALSE","FALSE","7.52704892172137","4.76942922974232","2.75761969197905","0.775","2,4,6,24,64,89,90,92",0.037900507755297,FALSE,2,0,3,3,8,2,6,0.25,0.5
"S.EB",87,60,0.33,"FALSE","FALSE","FALSE","6.49216395533989","4.77202124837612","1.72014270696377","1.375","2,4,6,41,64,90,91,92",0.042275263182271,FALSE,2,0,3,3,8,2,6,0.25,0.5
"S.EB",88,60,0.33,"FALSE","FALSE","FALSE","7.25512743454784","4.49931969053299","2.75580774401485","1.525","1,2,4,17,27,44,71,77,82,90,91,92",0.044702456073021,FALSE,6,0,3,3,12,6,6,0.5,0.5
"S.EB",89,60,0.33,"FALSE","FALSE","FALSE","6.91698285836379","5.12542081873839","1.7915620396254","1.388","2,4,5,43,55,58,90,93",0.0403622598482069,FALSE,3,0,3,4,8,3,5,0.375,0.416666666666667
"S.EB",9,60,0.33,"FALSE","FALSE","FALSE","7.47774851419665","4.76299185460507","2.71475665959158","1.589","2,4,5,6,7,8,56,84,90,91,92",0.0356799386936197,FALSE,4,0,2,3,11,4,7,0.363636363636364,0.583333333333333
"S.EB",90,60,0.33,"FALSE","FALSE","FALSE","6.9026243781527","5.15402614769264","1.74859823046006","1.573","2,3,4,5,6,37,38,91,92",0.0266007863514965,FALSE,2,0,1,4,9,2,7,0.222222222222222,0.583333333333333
"S.EB",91,60,0.33,"FALSE","FALSE","FALSE","6.38633745265271","4.68914167863071","1.697195774022","0.793","1,2,3,4,5,6,91,92",0.0202279284988167,FALSE,0,0,0,4,8,0,8,0,0.666666666666667
"S.EB",92,60,0.33,"FALSE","FALSE","FALSE","7.29615043655395","5.26481037199448","2.03134006455947","0.836","2,3,4,5,6,70,81,91,92",0.0368647677467361,FALSE,2,0,1,4,9,2,7,0.222222222222222,0.583333333333333
"S.EB",93,60,0.33,"FALSE","FALSE","FALSE","6.66100232552698","3.59880915336443","3.06219317216255","0.628","2,4,78,89,90,93",0.0569894545575109,FALSE,1,0,4,3,6,1,5,0.166666666666667,0.416666666666667
"S.EB",94,60,0.33,"FALSE","FALSE","FALSE","7.40910521336328","5.05246499796924","2.35664021539404","0.808","2,3,4,5,6,91,92,94",0.0186050747853828,FALSE,0,0,1,3,8,0,8,0,0.666666666666667
"S.EB",95,60,0.33,"FALSE","FALSE","FALSE","5.71265708732635","4.21493995190567","1.49771713542068","0.996","2,4,6,7,92",0.0689757179132382,FALSE,1,0,3,5,5,1,4,0.2,0.333333333333333
"S.EB",96,60,0.33,"FALSE","FALSE","FALSE","7.08849981299282","4.03448420668503","3.05401560630779","0.669","2,4,49,78,89,90,93",0.0581513404149993,FALSE,2,0,4,3,7,2,5,0.285714285714286,0.416666666666667
"S.EB",97,60,0.33,"FALSE","FALSE","FALSE","6.27309519195155","3.7084939079717","2.56460128397985","1.164","2,4,6,89,90,92,93",0.030708254403524,FALSE,0,0,3,2,7,0,7,0,0.583333333333333
"S.EB",98,60,0.33,"FALSE","FALSE","FALSE","7.04320848197034","5.1948357583114","1.84837272365894","0.946","1,2,3,4,5,6,91,94",0.0212506191957412,FALSE,0,0,0,4,8,0,8,0,0.666666666666667
"S.EB",99,60,0.33,"FALSE","FALSE","FALSE","7.01702247819926","4.33102066940622","2.68600180879305","1.161","2,3,4,6,7,12,19,86,90,91,92",0.0437753368718163,FALSE,4,0,2,3,11,4,7,0.363636363636364,0.583333333333333
"S.EB.b",1,60,0.33,"FALSE","FALSE","FALSE","6.29026300594457","4.95762996400246","1.33263304194211","1.295","2,4,6,8,24,52,92,95",0.0616165037663887,FALSE,3,1,3,5,8,4,4,0.5,0.333333333333333
"S.EB.b",10,60,0.33,"FALSE","FALSE","FALSE","6.7558446990525","4.62836182885239","2.12748287020011","1.411","1,2,4,5,32,90,91,92,94",0.0258538640130928,FALSE,1,0,2,2,9,1,8,0.111111111111111,0.666666666666667
"S.EB.b",100,60,0.33,"FALSE","FALSE","FALSE","6.15527655830133","3.07438866364157","3.08088789465976","1.186","2,78,89,90,93,94",0.0658263458934159,FALSE,1,0,5,2,6,1,5,0.166666666666667,0.416666666666667
"S.EB.b",11,60,0.33,"FALSE","FALSE","FALSE","6.6506433168295","3.60870141929987","3.04194189752962","1.185","2,4,7,31,89,90,92,93",0.0440219151112927,FALSE,2,0,4,2,8,2,6,0.25,0.5
"S.EB.b",12,60,0.33,"FALSE","FALSE","FALSE","6.75487674903438","5.23715716904411","1.51771957999027","1.372","2,3,4,6,39,91,92,94",0.0322391795555099,FALSE,1,0,2,3,8,1,7,0.125,0.583333333333333
"S.EB.b",13,60,0.33,"FALSE","FALSE","FALSE","6.52009023956849","4.71856312222777","1.80152711734071","1.189","2,4,7,89,90,92,93",0.0413177028467507,FALSE,1,0,4,2,7,1,6,0.142857142857143,0.5
"S.EB.b",14,60,0.33,"FALSE","FALSE","FALSE","6.59530220420829","4.73403982468039","1.86126237952791","0.816","1,3,4,5,40,91,94",0.0433186358341212,FALSE,1,0,2,4,7,1,6,0.142857142857143,0.5
"S.EB.b",15,60,0.33,"FALSE","FALSE","FALSE","7.42853293600881","4.31610799757761","3.11242493843121","1.293","2,4,6,89,90,92,93,94,96",0.0210133499870993,FALSE,0,1,3,1,9,1,8,0.111111111111111,0.666666666666667
"S.EB.b",16,60,0.33,"FALSE","FALSE","FALSE","7.08135899902966","4.27186880002444","2.80949019900522","0.894","2,3,4,5,6,91,92,94,95",0.0204120693588864,FALSE,0,1,1,3,9,1,8,0.111111111111111,0.666666666666667
"S.EB.b",17,60,0.33,"FALSE","FALSE","FALSE","7.88935249611597","6.05932983835657","1.83002265775941","1.364","1,2,3,4,5,6,53,90,91,94",0.0130879010923423,FALSE,1,0,0,3,10,1,9,0.1,0.75
"S.EB.b",18,60,0.33,"FALSE","FALSE","FALSE","6.31637602958404","3.47912288953934","2.8372531400447","1.005","2,4,89,90,92,93",0.0446512033433538,FALSE,0,0,4,2,6,0,6,0,0.5
"S.EB.b",19,60,0.33,"FALSE","FALSE","FALSE","7.38435458336721","5.21095361631925","2.17340096704796","0.866","2,4,6,39,86,90,91,92",0.0399105496279883,FALSE,2,0,3,3,8,2,6,0.25,0.5
"S.EB.b",2,60,0.33,"FALSE","FALSE","FALSE","6.99338651236743","3.63893518208136","3.35445133028607","1.026","2,4,7,78,89,90,92,93",0.0519762308460083,FALSE,2,0,4,2,8,2,6,0.25,0.5
"S.EB.b",20,60,0.33,"FALSE","FALSE","FALSE","8.719248663119","5.80854268637797","2.91070597674103","1.084","2,4,6,10,42,52,66,92,93,95,96,99",0.048553740629455,FALSE,4,3,3,4,12,7,5,0.583333333333333,0.416666666666667
"S.EB.b",21,60,0.33,"FALSE","FALSE","FALSE","6.88445728131622","4.56633636672672","2.3181209145895","1.325","1,2,4,5,6,90,91,92,94",0.0100009725788258,FALSE,0,0,1,2,9,0,9,0,0.75
"S.EB.b",22,60,0.33,"FALSE","FALSE","FALSE","6.19152262245655","4.03624141235081","2.15528121010573","1.387","2,4,89,90,92,93",0.0428789277212108,FALSE,0,0,4,2,6,0,6,0,0.5
"S.EB.b",23,60,0.33,"FALSE","FALSE","FALSE","6.95726699661932","4.8317776055775","2.12548939104181","0.983","1,3,5,6,14,72,91,93,94",0.046371494410013,FALSE,2,0,2,3,9,2,7,0.222222222222222,0.583333333333333
"S.EB.b",24,60,0.33,"FALSE","FALSE","FALSE","6.3164051309831","3.64034781957261","2.67605731141049","1.227","2,4,89,90,92,93",0.0420846851867351,FALSE,0,0,4,2,6,0,6,0,0.5
"S.EB.b",25,60,0.33,"FALSE","FALSE","FALSE","6.6689838608526","3.8822321499537","2.7867517108989","1.189","2,4,6,89,90,91,92,93,94",0.0174626394468092,FALSE,0,0,3,0,9,0,9,0,0.75
"S.EB.b",26,60,0.33,"FALSE","FALSE","FALSE","7.52364844001206","5.59597140524463","1.92767703476743","0.73","1,2,3,4,5,91,94",0.0285291383239459,FALSE,0,0,1,4,7,0,7,0,0.583333333333333
"S.EB.b",27,60,0.33,"FALSE","FALSE","FALSE","8.14435461305488","7.02725543245603","1.11709918059885","0.913","3,15,17,24,31,45,58,93",0.111086629928364,FALSE,6,0,5,5,8,6,2,0.75,0.166666666666667
"S.EB.b",28,60,0.33,"FALSE","FALSE","FALSE","7.34606885707281","4.21498839468114","3.13108046239166","1.281","2,4,6,42,80,89,90,92,93",0.0346191489814247,FALSE,2,0,3,2,9,2,7,0.222222222222222,0.583333333333333
"S.EB.b",29,60,0.33,"FALSE","FALSE","FALSE","8.64875876080189","6.04242552795384","2.60633323284806","1.162","2,4,6,59,80,89,90,91,92,93,97",0.0271594222578472,FALSE,2,1,3,1,11,3,8,0.272727272727273,0.666666666666667
"S.EB.b",3,60,0.33,"FALSE","FALSE","FALSE","6.37444010493211","4.08706640458036","2.28737370035175","1.248","2,4,6,82,85,90,92,93,94",0.0280278447016643,FALSE,2,0,3,2,9,2,7,0.222222222222222,0.583333333333333
"S.EB.b",30,60,0.33,"FALSE","FALSE","FALSE","6.95080033565882","3.3004302556817","3.65037007997712","1.268","1,2,3,4,5,6,52,90,91,92,93,94",0.0102517158252376,FALSE,1,0,0,1,12,1,11,0.0833333333333333,0.916666666666667
"S.EB.b",31,60,0.33,"FALSE","FALSE","FALSE","5.75787177032538","3.38406908457768","2.3738026857477","1.138","2,4,6,90,93,94,96",0.0318515105104158,FALSE,0,1,3,3,7,1,6,0.142857142857143,0.5
"S.EB.b",32,60,0.33,"FALSE","FALSE","FALSE","6.78158438845556","5.80690887108301","0.974675517372557","1.292","2,4,5,27,40,59,77,92,100",0.0532896178897241,FALSE,4,1,3,5,9,5,4,0.555555555555556,0.333333333333333
"S.EB.b",33,60,0.33,"FALSE","FALSE","FALSE","7.36528644794586","4.59440815316994","2.77087829477592","1.403","2,4,6,70,89,90,91,92,93,94",0.0171038270907346,FALSE,1,0,3,0,10,1,9,0.1,0.75
"S.EB.b",34,60,0.33,"FALSE","FALSE","FALSE","6.88994216784164","5.4792371520787","1.41070501576294","1.241","1,2,4,5,19,60,90,92,97",0.0391824678497972,FALSE,2,1,2,4,9,3,6,0.333333333333333,0.5
"S.EB.b",35,60,0.33,"FALSE","FALSE","FALSE","7.39461025268508","5.36345401992271","2.03115623276237","1.242","2,3,4,5,6,91,92,94",0.01663835777829,FALSE,0,0,1,3,8,0,8,0,0.666666666666667
"S.EB.b",36,60,0.33,"FALSE","FALSE","FALSE","7.4154147751807","5.15364295035263","2.26177182482807","1.046","1,2,3,4,5,6,90,91,94,96",0.016901955548395,FALSE,0,1,0,3,10,1,9,0.1,0.75
"S.EB.b",37,60,0.33,"FALSE","FALSE","FALSE","6.11776205298486","4.04305273893357","2.07470931405129","1.519","2,25,49,78,88,89,93,94",0.0744661116165384,FALSE,4,0,5,3,8,4,4,0.5,0.333333333333333
"S.EB.b",38,60,0.33,"FALSE","FALSE","FALSE","7.31689128327495","4.90306292894146","2.41382835433349","1.375","2,4,5,6,67,89,90,93,94",0.0208937052294034,FALSE,1,0,2,2,9,1,8,0.111111111111111,0.666666666666667
"S.EB.b",39,60,0.33,"FALSE","FALSE","FALSE","6.161518013332","4.34753228425143","1.81398572908057","1.166","2,3,4,6,91,92,94,96",0.0310317790329064,FALSE,0,1,2,3,8,1,7,0.125,0.583333333333333
"S.EB.b",4,60,0.33,"FALSE","FALSE","FALSE","6.15989948460415","3.50482084875015","2.655078635854","1.23","2,3,5,90,93,94,100",0.042962609636345,FALSE,0,1,3,3,7,1,6,0.142857142857143,0.5
"S.EB.b",40,60,0.33,"FALSE","FALSE","FALSE","6.80483452506333","4.39105894528534","2.41377557977799","1.163","2,4,7,55,77,90,91,92",0.0452296475541648,FALSE,3,0,4,3,8,3,5,0.375,0.416666666666667
"S.EB.b",41,60,0.33,"FALSE","FALSE","FALSE","7.22553705096323","4.65483901024442","2.57069804071881","1.284","2,49,75,78,89,90,93,101",0.0746300014168449,FALSE,3,1,5,3,8,4,4,0.5,0.333333333333333
"S.EB.b",42,60,0.33,"FALSE","FALSE","FALSE","6.71017268893712","3.66740903975987","3.04276364917725","1.077","2,4,89,90,91,92,93",0.037243383960159,FALSE,0,0,4,1,7,0,7,0,0.583333333333333
"S.EB.b",43,60,0.33,"FALSE","FALSE","FALSE","7.58576165734192","5.52165385542297","2.06410780191894","0.84","1,2,3,4,5,6,18,91,94",0.0201988837445686,FALSE,1,0,0,4,9,1,8,0.111111111111111,0.666666666666667
"S.EB.b",44,60,0.33,"FALSE","FALSE","FALSE","6.79625738330427","4.4414953584757","2.35476202482857","1.243","2,4,17,30,40,65,68,86,90,98",0.0773338311254225,FALSE,6,1,4,5,10,7,3,0.7,0.25
"S.EB.b",45,60,0.33,"FALSE","FALSE","FALSE","5.89280790769038","4.23145348627458","1.6613544214158","1.273","2,3,5,77,90,91,93,94,101",0.032866647242877,FALSE,1,1,3,2,9,2,7,0.222222222222222,0.583333333333333
"S.EB.b",46,60,0.33,"FALSE","FALSE","FALSE","7.23880125350092","3.7327785471081","3.50602270639282","1.193","2,3,4,6,45,67,90,91,92,93,94",0.0166250409175454,FALSE,2,0,2,1,11,2,9,0.181818181818182,0.75
"S.EB.b",47,60,0.33,"FALSE","FALSE","FALSE","6.91208379976042","4.49451001555848","2.41757378420194","1.073","2,3,4,6,90,92,93,94",0.0158323567605963,FALSE,0,0,2,2,8,0,8,0,0.666666666666667
"S.EB.b",48,60,0.33,"FALSE","FALSE","FALSE","7.94704851424897","5.0699723018665","2.87707621238247","1.191","2,4,6,69,82,90,92,93,95,96,101",0.0400784782044027,FALSE,2,3,3,3,11,5,6,0.454545454545455,0.5
"S.EB.b",49,60,0.33,"FALSE","FALSE","FALSE","6.94524136710252","4.46161802977207","2.48362333733045","1.143","2,4,6,48,90,92,95,98",0.050675097339692,FALSE,1,2,3,4,8,3,5,0.375,0.416666666666667
"S.EB.b",5,60,0.33,"FALSE","FALSE","FALSE","6.98328950252233","3.72111773981332","3.26217176270901","1.567","2,4,89,90,91,92,93,94",0.0237580173108108,FALSE,0,0,4,0,8,0,8,0,0.666666666666667
"S.EB.b",50,60,0.33,"FALSE","FALSE","FALSE","7.5418172620949","5.90219192095831","1.6396253411366","1.364","1,3,5,14,17,60,90,91",0.0632011630415342,FALSE,3,0,3,4,8,3,5,0.375,0.416666666666667
"S.EB.b",51,60,0.33,"FALSE","FALSE","FALSE","6.93167918090393","4.3558412185693","2.57583796233463","1.496","2,4,6,89,90,91,92,93,94,97",0.0152901563893628,FALSE,0,1,3,0,10,1,9,0.1,0.75
"S.EB.b",52,60,0.33,"FALSE","FALSE","FALSE","5.8676002106348","4.55487641022402","1.31272380041078","1.201","2,3,4,7,64,92",0.0727609174875959,FALSE,2,0,3,5,6,2,4,0.333333333333333,0.333333333333333
"S.EB.b",53,60,0.33,"FALSE","FALSE","FALSE","8.12656219698506","6.08862119337046","2.0379410036146","0.599","1,2,3,4,5,6,90,91,93,94",0.00612049843633289,FALSE,0,0,0,2,10,0,10,0,0.833333333333333
"S.EB.b",54,60,0.33,"FALSE","FALSE","FALSE","6.59746321204881","3.38979151030921","3.20767170173959","1.104","2,3,4,90,92,93,94,100",0.0292314988233296,FALSE,0,1,3,2,8,1,7,0.125,0.583333333333333
"S.EB.b",55,60,0.33,"FALSE","FALSE","FALSE","6.74569919183435","3.64237385629068","3.10332533554367","0.96","2,4,7,89,90,92,93",0.0533962227920023,FALSE,1,0,4,2,7,1,6,0.142857142857143,0.5
"S.EB.b",56,60,0.33,"FALSE","FALSE","FALSE","6.80959742326133","4.63004561534909","2.17955180791225","0.866","1,2,3,4,26,81,91,92",0.0416123867121132,FALSE,2,0,2,4,8,2,6,0.25,0.5
"S.EB.b",57,60,0.33,"FALSE","FALSE","FALSE","7.07479888824942","5.07134993462615","2.00344895362327","1.539","1,2,4,6,89,92,93,94,96",0.0253039643792177,FALSE,0,1,2,2,9,1,8,0.111111111111111,0.666666666666667
"S.EB.b",58,60,0.33,"FALSE","FALSE","FALSE","7.28078789355517","5.71568225835955","1.56510563519562","1.163","2,4,6,30,38,68,91,92",0.0563452169622575,FALSE,3,0,3,4,8,3,5,0.375,0.416666666666667
"S.EB.b",59,60,0.33,"FALSE","FALSE","FALSE","6.20469699580161","3.64930804053601","2.55538895526561","1.247","2,4,78,89,90,93",0.0617663602331109,FALSE,1,0,4,3,6,1,5,0.166666666666667,0.416666666666667
"S.EB.b",6,60,0.33,"FALSE","FALSE","FALSE","6.50587887273789","5.83959648611011","0.666282386627775","1.001","2,3,4,5,6,19,23,92",0.0356526507560169,FALSE,2,0,1,5,8,2,6,0.25,0.5
"S.EB.b",60,60,0.33,"FALSE","FALSE","FALSE","8.65199145464083","7.55217070604722","1.09982074859361","1.528","2,4,5,6,19,41,42,59,64,76,92",0.0510711229963808,FALSE,6,0,2,5,11,6,5,0.545454545454545,0.416666666666667
"S.EB.b",61,60,0.33,"FALSE","FALSE","FALSE","6.5829550973249","5.0998631952152","1.4830919021097","1.027","1,2,4,5,6,25,33,34,90,91",0.0432144837708545,FALSE,3,0,1,4,10,3,7,0.3,0.583333333333333
"S.EB.b",62,60,0.33,"FALSE","FALSE","FALSE","7.30310620230241","4.22298656367189","3.08011963863052","0.958","2,4,9,35,89,90,93,95",0.0498990283339047,FALSE,2,1,4,3,8,3,5,0.375,0.416666666666667
"S.EB.b",63,60,0.33,"FALSE","FALSE","FALSE","6.08047665284637","3.99583048554786","2.08464616729851","1.153","2,3,4,5,6,91,92,94",0.0218258314250934,FALSE,0,0,1,3,8,0,8,0,0.666666666666667
"S.EB.b",64,60,0.33,"FALSE","FALSE","FALSE","7.4286816174557","3.55342394260717","3.87525767484853","0.786","2,4,6,36,89,90,92,93",0.0292898212721516,FALSE,1,0,3,2,8,1,7,0.125,0.583333333333333
"S.EB.b",65,60,0.33,"FALSE","FALSE","FALSE","6.68498822264002","4.29787609771444","2.38711212492558","1.305","2,3,4,20,79,90,91,92,93",0.0285333130421908,FALSE,2,0,3,2,9,2,7,0.222222222222222,0.583333333333333
"S.EB.b",66,60,0.33,"FALSE","FALSE","FALSE","5.97388419639763","3.08941525572672","2.88446894067091","1.148","1,2,3,5,6,89,90,93,94",0.0211835352174083,FALSE,0,0,1,2,9,0,9,0,0.75
"S.EB.b",67,60,0.33,"FALSE","FALSE","FALSE","6.69749980768285","3.08225147363948","3.61524833404337","0.867","2,3,4,5,90,91,92,93",0.0201200071837054,FALSE,0,0,2,2,8,0,8,0,0.666666666666667
"S.EB.b",68,60,0.33,"FALSE","FALSE","FALSE","5.58814313823555","3.40805025486122","2.18009288337434","1.745","2,54,74,88,90,91,93,94,97",0.0553048202244311,FALSE,3,1,5,2,9,4,5,0.444444444444444,0.416666666666667
"S.EB.b",69,60,0.33,"FALSE","FALSE","FALSE","6.44678999143911","2.39187159152143","4.05491839991768","0.531","2,4,89,90,91,92,93,94",0.0279165599870385,FALSE,0,0,4,0,8,0,8,0,0.666666666666667
"S.EB.b",7,60,0.33,"FALSE","FALSE","FALSE","7.39536266256858","5.47866430445403","1.91669835811454","1.006","2,4,6,31,39,74,86,89,92",0.0693300710933665,FALSE,4,0,3,4,9,4,5,0.444444444444444,0.416666666666667
"S.EB.b",70,60,0.33,"FALSE","FALSE","FALSE","7.63159637656184","6.44587468338158","1.18572169318026","1.114","1,2,3,4,5,6,19,59,76,90,92",0.0316037587447226,FALSE,3,0,0,4,11,3,8,0.272727272727273,0.666666666666667
"S.EB.b",71,60,0.33,"FALSE","FALSE","FALSE","6.08961873892973","3.55615461700377","2.53346412192596","1.111","1,2,4,5,90,91,93,94,97",0.0187340515036251,FALSE,0,1,2,2,9,1,8,0.111111111111111,0.666666666666667
"S.EB.b",72,60,0.33,"FALSE","FALSE","FALSE","6.65351656079601","5.01586526719758","1.63765129359844","1.179","2,3,5,55,74,90,91,101",0.0544635246607937,FALSE,2,1,3,4,8,3,5,0.375,0.416666666666667
"S.EB.b",73,60,0.33,"FALSE","FALSE","FALSE","6.78227380682168","4.62832225135223","2.15395155546945","1.475","2,4,6,9,89,90,93,94",0.0329728751901282,FALSE,1,0,3,2,8,1,7,0.125,0.583333333333333
"S.EB.b",74,60,0.33,"FALSE","FALSE","FALSE","7.09250621931324","5.83719819981294","1.2553080195003","0.755","1,2,3,4,5,6,24,39,91",0.0423199033292924,FALSE,2,0,0,5,9,2,7,0.222222222222222,0.583333333333333
"S.EB.b",75,60,0.33,"FALSE","FALSE","FALSE","8.04542973598226","5.56786535873466","2.4775643772476","1.095","2,3,4,5,6,84,90,92,93,94",0.0106437917624389,FALSE,1,0,1,2,10,1,9,0.1,0.75
"S.EB.b",76,60,0.33,"FALSE","FALSE","FALSE","7.09808881891099","5.21907251721315","1.87901630169784","0.724","2,3,4,5,6,83,91,94",0.0260186484445781,FALSE,1,0,1,4,8,1,7,0.125,0.583333333333333
"S.EB.b",77,60,0.33,"FALSE","FALSE","FALSE","7.68105997436477","5.24561361805761","2.43544635630716","0.723","2,3,4,5,6,32,90,91,94",0.0213219758527485,FALSE,1,0,1,3,9,1,8,0.111111111111111,0.666666666666667
"S.EB.b",78,60,0.33,"FALSE","FALSE","FALSE","7.97613867329761","5.58166641179003","2.39447226150759","1","1,2,3,4,5,6,90,92,93,94",0.00779490045848197,FALSE,0,0,0,2,10,0,10,0,0.833333333333333
"S.EB.b",79,60,0.33,"FALSE","FALSE","FALSE","5.94903615166668","4.99976430110808","0.949271850558605","1.472","13,15,31,36,68,76,92",0.120058451459346,FALSE,6,0,6,5,7,6,1,0.857142857142857,0.0833333333333333
"S.EB.b",8,60,0.33,"FALSE","FALSE","FALSE","6.07723120311258","4.92895811350799","1.14827308960458","1.749","2,4,5,6,9,90,95,101",0.0424435356455512,FALSE,1,2,2,5,8,3,5,0.375,0.416666666666667
"S.EB.b",80,60,0.33,"FALSE","FALSE","FALSE","6.36274406690956","3.2585406906503","3.10420337625926","0.963","2,4,8,89,90,93,94",0.0404536862775363,FALSE,1,0,4,2,7,1,6,0.142857142857143,0.5
"S.EB.b",81,60,0.33,"FALSE","FALSE","FALSE","5.51014218713056","4.22145923239378","1.28868295473678","1.287","4,40,49,52,89,94,98",0.0892956168354574,FALSE,3,1,5,4,7,4,3,0.571428571428571,0.25
"S.EB.b",82,60,0.33,"FALSE","FALSE","FALSE","5.65614868880606","3.53029021959247","2.12585846921359","1.072","2,4,6,90,93,94",0.0352619280702923,FALSE,0,0,3,3,6,0,6,0,0.5
"S.EB.b",83,60,0.33,"FALSE","FALSE","FALSE","8.19744660762938","6.00299017057707","2.19445643705231","1.001","1,2,4,5,30,73,90,91,95",0.0332114136891335,FALSE,2,1,2,4,9,3,6,0.333333333333333,0.5
"S.EB.b",84,60,0.33,"FALSE","FALSE","FALSE","7.41537308161372","6.31766872330504","1.09770435830869","1.048","2,3,4,6,7,17,23,39,46,49,64,92",0.0621714465671022,FALSE,7,0,2,5,12,7,5,0.583333333333333,0.416666666666667
"S.EB.b",85,60,0.33,"FALSE","FALSE","FALSE","7.91237056581934","5.71461802865666","2.19775253716268","1.095","1,2,4,5,6,87,90,91,93,94",0.0130497100061305,FALSE,1,0,1,2,10,1,9,0.1,0.75
"S.EB.b",86,60,0.33,"FALSE","FALSE","FALSE","7.52704892172137","4.76942922974232","2.75761969197905","0.775","2,4,6,24,64,89,90,92",0.037900507755297,FALSE,2,0,3,3,8,2,6,0.25,0.5
"S.EB.b",87,60,0.33,"FALSE","FALSE","FALSE","6.49216395533989","4.77202124837612","1.72014270696377","1.375","2,4,6,41,64,90,91,92",0.042275263182271,FALSE,2,0,3,3,8,2,6,0.25,0.5
"S.EB.b",88,60,0.33,"FALSE","FALSE","FALSE","7.25512743454784","4.49931969053299","2.75580774401485","1.525","2,4,27,77,82,90,91,92,93",0.0386418547809037,FALSE,3,0,4,2,9,3,6,0.333333333333333,0.5
"S.EB.b",89,60,0.33,"FALSE","FALSE","FALSE","6.91698285836379","5.12542081873839","1.7915620396254","1.388","2,4,5,43,55,58,90,93",0.0403622598482069,FALSE,3,0,3,4,8,3,5,0.375,0.416666666666667
"S.EB.b",9,60,0.33,"FALSE","FALSE","FALSE","7.47774851419665","4.76299185460507","2.71475665959158","1.589","2,4,5,6,90,91,92,93",0.0163447056867933,FALSE,0,0,2,2,8,0,8,0,0.666666666666667
"S.EB.b",90,60,0.33,"FALSE","FALSE","FALSE","6.9026243781527","5.15402614769264","1.74859823046006","1.573","2,3,4,5,6,90,91,92,94",0.00998130051286812,FALSE,0,0,1,2,9,0,9,0,0.75
"S.EB.b",91,60,0.33,"FALSE","FALSE","FALSE","6.38633745265271","4.68914167863071","1.697195774022","0.793","2,3,4,6,52,89,90,92,93",0.0249808302649893,FALSE,1,0,2,2,9,1,8,0.111111111111111,0.666666666666667
"S.EB.b",92,60,0.33,"FALSE","FALSE","FALSE","7.29615043655395","5.26481037199448","2.03134006455947","0.836","2,3,4,5,6,70,81,91,92",0.0368647677467361,FALSE,2,0,1,4,9,2,7,0.222222222222222,0.583333333333333
"S.EB.b",93,60,0.33,"FALSE","FALSE","FALSE","6.66100232552698","3.59880915336443","3.06219317216255","0.628","2,4,78,89,90,93",0.0569894545575109,FALSE,1,0,4,3,6,1,5,0.166666666666667,0.416666666666667
"S.EB.b",94,60,0.33,"FALSE","FALSE","FALSE","7.40910521336328","5.05246499796924","2.35664021539404","0.808","2,3,4,5,6,90,91,92,94",0.0128764991521245,FALSE,0,0,1,2,9,0,9,0,0.75
"S.EB.b",95,60,0.33,"FALSE","FALSE","FALSE","5.71265708732635","4.21493995190567","1.49771713542068","0.996","2,4,6,91,92,94",0.037485203863633,FALSE,0,0,3,3,6,0,6,0,0.5
"S.EB.b",96,60,0.33,"FALSE","FALSE","FALSE","7.08849981299282","4.03448420668503","3.05401560630779","0.669","2,4,49,89,90,92,93,96",0.0412879539771529,FALSE,1,1,4,2,8,2,6,0.25,0.5
"S.EB.b",97,60,0.33,"FALSE","FALSE","FALSE","6.27309519195155","3.7084939079717","2.56460128397985","1.164","2,4,6,89,90,92,93",0.030708254403524,FALSE,0,0,3,2,7,0,7,0,0.583333333333333
"S.EB.b",98,60,0.33,"FALSE","FALSE","FALSE","7.04320848197034","5.1948357583114","1.84837272365894","0.946","1,2,3,4,5,6,91,94",0.0212506191957412,FALSE,0,0,0,4,8,0,8,0,0.666666666666667
"S.EB.b",99,60,0.33,"FALSE","FALSE","FALSE","7.01702247819926","4.33102066940622","2.68600180879305","1.161","2,3,4,6,7,12,90,91,92,93",0.0341750110163956,FALSE,2,0,2,2,10,2,8,0.2,0.666666666666667
"scad.cv",1,60,0.33,"FALSE","FALSE","FALSE","6.29026300594457","4.95762996400246","1.33263304194211","1.295","2,4,6,13,17,19,24,30,33,44,46,49,64,67,91,93",0.0865168625156909,FALSE,11,0,3,4,16,11,5,0.6875,0.416666666666667
"scad.cv",10,60,0.33,"FALSE","FALSE","FALSE","6.7558446990525","4.62836182885239","2.12748287020011","1.411","2,4,5,32,48,59,64,86,90,91,92,95,99",0.0698942974440508,FALSE,5,2,3,3,13,7,6,0.538461538461538,0.5
"scad.cv",100,60,0.33,"FALSE","FALSE","FALSE","6.15527655830133","3.07438866364157","3.08088789465976","1.186","1,2,4,9,16,24,28,45,60,78,82,86,87,89,90,91,93,94,96",0.0567311679042516,FALSE,10,1,3,1,19,11,8,0.578947368421053,0.666666666666667
"scad.cv",11,60,0.33,"FALSE","FALSE","FALSE","6.6506433168295","3.60870141929987","3.04194189752962","1.185","2,4,6,7,8,9,31,34,35,52,59,78,89,90,93",0.0508212129612413,FALSE,9,0,3,3,15,9,6,0.6,0.5
"scad.cv",12,60,0.33,"FALSE","FALSE","FALSE","6.75487674903438","5.23715716904411","1.51771957999027","1.372","2,4,40,43,45,46,49,59,79,91",0.0773703219740266,FALSE,7,0,4,5,10,7,3,0.7,0.25
"scad.cv",13,60,0.33,"FALSE","FALSE","FALSE","6.52009023956849","4.71856312222777","1.80152711734071","1.189","2,4,6,7,19,27,32,36,49,64,76,81,91,92,96",0.0766215548573022,FALSE,9,1,3,4,15,10,5,0.666666666666667,0.416666666666667
"scad.cv",14,60,0.33,"FALSE","FALSE","FALSE","6.59530220420829","4.73403982468039","1.86126237952791","0.816","1,2,3,4,5,40,91,94",0.0422942269258319,FALSE,1,0,1,4,8,1,7,0.125,0.583333333333333
"scad.cv",15,60,0.33,"FALSE","FALSE","FALSE","7.42853293600881","4.31610799757761","3.11242493843121","1.293","2,4,6,7,24,38,56,64,86,89,90,92,93,96",0.0346453932277378,FALSE,6,1,3,2,14,7,7,0.5,0.583333333333333
"scad.cv",16,60,0.33,"FALSE","FALSE","FALSE","7.08135899902966","4.27186880002444","2.80949019900522","0.894","2,3,4,5,6,20,21,48,57,64,90,91,92,95",0.0436677727348297,FALSE,5,1,1,3,14,6,8,0.428571428571429,0.666666666666667
"scad.cv",17,60,0.33,"FALSE","FALSE","FALSE","7.88935249611597","6.05932983835657","1.83002265775941","1.364","1,2,3,4,5,6,8,19,22,24,31,34,40,44,46,49,68,73,78,90,92,94",0.0287229178397145,FALSE,13,0,0,3,22,13,9,0.590909090909091,0.75
"scad.cv",18,60,0.33,"FALSE","FALSE","FALSE","6.31637602958404","3.47912288953934","2.8372531400447","1.005","2,4,6,24,26,29,64,86,89,90,92,93",0.0402905957040683,FALSE,5,0,3,2,12,5,7,0.416666666666667,0.583333333333333
"scad.cv",19,60,0.33,"FALSE","FALSE","FALSE","7.38435458336721","5.21095361631925","2.17340096704796","0.866","2,4,6,39,64,65,86,90,91,92,96",0.0514492621594837,FALSE,4,1,3,3,11,5,6,0.454545454545455,0.5
"scad.cv",2,60,0.33,"FALSE","FALSE","FALSE","6.99338651236743","3.63893518208136","3.35445133028607","1.026","2,4,6,7,9,78,82,89,90,92,93,96",0.0473422424071212,FALSE,4,1,3,2,12,5,7,0.416666666666667,0.583333333333333
"scad.cv",20,60,0.33,"FALSE","FALSE","FALSE","8.719248663119","5.80854268637797","2.91070597674103","1.084","2,4,6,7,10,48,52,66,91,92,95,96,99",0.0493394022634829,FALSE,5,3,3,4,13,8,5,0.615384615384615,0.416666666666667
"scad.cv",21,60,0.33,"FALSE","FALSE","FALSE","6.88445728131622","4.56633636672672","2.3181209145895","1.325","1,2,3,4,5,6,23,90,91,94",0.0237335985731509,FALSE,1,0,0,3,10,1,9,0.1,0.75
"scad.cv",22,60,0.33,"FALSE","FALSE","FALSE","6.19152262245655","4.03624141235081","2.15528121010573","1.387","2,3,4,6,19,40,55,56,64,69,71,77,86,89,90,91,92,93,96",0.0381200893149271,FALSE,9,1,2,1,19,10,9,0.526315789473684,0.75
"scad.cv",23,60,0.33,"FALSE","FALSE","FALSE","6.95726699661932","4.8317776055775","2.12548939104181","0.983","1,2,3,4,5,6,9,14,22,36,46,49,56,59,68,73,76,78,86,91,92,93,94",0.025925171268805,FALSE,13,0,0,2,23,13,10,0.565217391304348,0.833333333333333
"scad.cv",24,60,0.33,"FALSE","FALSE","FALSE","6.3164051309831","3.64034781957261","2.67605731141049","1.227","2,4,5,6,24,77,89,90,91,92,96",0.0436858936196451,FALSE,2,1,2,2,11,3,8,0.272727272727273,0.666666666666667
"scad.cv",25,60,0.33,"FALSE","FALSE","FALSE","6.6689838608526","3.8822321499537","2.7867517108989","1.189","1,2,3,4,5,6,19,40,46,51,59,66,68,73,76,89,90,91,92,93,94,95,100",0.0175340292575131,FALSE,9,2,0,0,23,11,12,0.478260869565217,1
"scad.cv",26,60,0.33,"FALSE","FALSE","FALSE","7.52364844001206","5.59597140524463","1.92767703476743","0.73","1,2,3,4,5,25,91,94",0.0276373354154211,FALSE,1,0,1,4,8,1,7,0.125,0.583333333333333
"scad.cv",27,60,0.33,"FALSE","FALSE","FALSE","8.14435461305488","7.02725543245603","1.11709918059885","0.913","3,15,17,24,31,45,54,58,86,89,93",0.136046694703384,FALSE,8,0,5,4,11,8,3,0.727272727272727,0.25
"scad.cv",28,60,0.33,"FALSE","FALSE","FALSE","7.34606885707281","4.21498839468114","3.13108046239166","1.281","2,4,6,24,42,80,89,90,91,92,93",0.0372886319084906,FALSE,3,0,3,1,11,3,8,0.272727272727273,0.666666666666667
"scad.cv",29,60,0.33,"FALSE","FALSE","FALSE","8.64875876080189","6.04242552795384","2.60633323284806","1.162","2,3,4,6,40,55,56,59,71,80,86,90,91,92,97",0.0513059714286551,FALSE,7,1,2,3,15,8,7,0.533333333333333,0.583333333333333
"scad.cv",3,60,0.33,"FALSE","FALSE","FALSE","6.37444010493211","4.08706640458036","2.28737370035175","1.248","2,3,4,6,20,24,48,62,81,82,85,86,90,92,93",0.0375093111005803,FALSE,8,0,2,3,15,8,7,0.533333333333333,0.583333333333333
"scad.cv",30,60,0.33,"FALSE","FALSE","FALSE","6.95080033565882","3.3004302556817","3.65037007997712","1.268","2,3,4,6,27,52,56,64,74,81,89,90,91,92,93",0.0376856818533351,FALSE,6,0,2,1,15,6,9,0.4,0.75
"scad.cv",31,60,0.33,"FALSE","FALSE","FALSE","5.75787177032538","3.38406908457768","2.3738026857477","1.138","1,2,4,6,9,31,37,40,55,59,89,90,91,93,94,101",0.0372893138559585,FALSE,6,1,2,1,16,7,9,0.4375,0.75
"scad.cv",32,60,0.33,"FALSE","FALSE","FALSE","6.78158438845556","5.80690887108301","0.974675517372557","1.292","1,2,3,4,5,6,73,77,91,94,100",0.0557955066473836,FALSE,2,1,0,4,11,3,8,0.272727272727273,0.666666666666667
"scad.cv",33,60,0.33,"FALSE","FALSE","FALSE","7.36528644794586","4.59440815316994","2.77087829477592","1.403","2,3,4,7,17,32,40,45,46,61,81,90,92,95",0.0565532137783077,FALSE,8,1,3,4,14,9,5,0.642857142857143,0.416666666666667
"scad.cv",34,60,0.33,"FALSE","FALSE","FALSE","6.88994216784164","5.4792371520787","1.41070501576294","1.241","1,2,4,17,33,36,40,46,49,56,90",0.0669692996751915,FALSE,7,0,3,5,11,7,4,0.636363636363636,0.333333333333333
"scad.cv",35,60,0.33,"FALSE","FALSE","FALSE","7.39461025268508","5.36345401992271","2.03115623276237","1.242","1,2,3,4,5,6,61,91,92,94",0.0218624586866187,FALSE,1,0,0,3,10,1,9,0.1,0.75
"scad.cv",36,60,0.33,"FALSE","FALSE","FALSE","7.4154147751807","5.15364295035263","2.26177182482807","1.046","1,2,3,4,5,6,19,22,24,31,34,46,49,66,67,78,86,90,93,94",0.0227948773414934,FALSE,11,0,0,3,20,11,9,0.55,0.75
"scad.cv",37,60,0.33,"FALSE","FALSE","FALSE","6.11776205298486","4.04305273893357","2.07470931405129","1.519","1,2,3,4,5,8,19,38,40,46,49,55,60,76,78,89,92,93,94,100",0.025873568307247,FALSE,10,1,1,2,20,11,9,0.55,0.75
"scad.cv",38,60,0.33,"FALSE","FALSE","FALSE","7.31689128327495","4.90306292894146","2.41382835433349","1.375","1,2,3,5,6,12,19,31,35,58,61,67,76,90,94",0.0692886628502892,FALSE,8,0,1,4,15,8,7,0.533333333333333,0.583333333333333
"scad.cv",39,60,0.33,"FALSE","FALSE","FALSE","6.161518013332","4.34753228425143","1.81398572908057","1.166","1,2,3,4,5,6,17,22,36,40,46,66,69,73,78,84,86,90,92,94,100",0.0275551169587375,FALSE,11,1,0,3,21,12,9,0.571428571428571,0.75
"scad.cv",4,60,0.33,"FALSE","FALSE","FALSE","6.15989948460415","3.50482084875015","2.655078635854","1.23","2,3,5,87,88,90,93,94,100",0.0478967352760427,FALSE,2,1,3,3,9,3,6,0.333333333333333,0.5
"scad.cv",40,60,0.33,"FALSE","FALSE","FALSE","6.80483452506333","4.39105894528534","2.41377557977799","1.163","1,2,3,4,5,10,17,22,23,24,30,31,40,46,52,68,76,84,88,90,91,92,93,94",0.0208279662652982,FALSE,14,0,1,1,24,14,10,0.583333333333333,0.833333333333333
"scad.cv",41,60,0.33,"FALSE","FALSE","FALSE","7.22553705096323","4.65483901024442","2.57069804071881","1.284","1,2,3,4,5,6,15,16,22,23,31,36,44,49,59,60,63,68,76,89,90,92,93,94",0.0176055816113109,FALSE,13,0,0,1,24,13,11,0.541666666666667,0.916666666666667
"scad.cv",42,60,0.33,"FALSE","FALSE","FALSE","6.71017268893712","3.66740903975987","3.04276364917725","1.077","2,3,4,6,10,64,69,86,90,91,92,93",0.0414962868673275,FALSE,4,0,2,2,12,4,8,0.333333333333333,0.666666666666667
"scad.cv",43,60,0.33,"FALSE","FALSE","FALSE","7.58576165734192","5.52165385542297","2.06410780191894","0.84","1,2,3,4,5,8,14,18,19,22,24,31,36,40,46,49,76,78,88,90,91,92,94",0.0218817660548166,FALSE,14,0,1,2,23,14,9,0.608695652173913,0.75
"scad.cv",44,60,0.33,"FALSE","FALSE","FALSE","6.79625738330427","4.4414953584757","2.35476202482857","1.243","2,4,6,7,9,43,86,89,90,92,93",0.0465972082696439,FALSE,4,0,3,2,11,4,7,0.363636363636364,0.583333333333333
"scad.cv",45,60,0.33,"FALSE","FALSE","FALSE","5.89280790769038","4.23145348627458","1.6613544214158","1.273","1,2,3,4,5,8,15,17,19,24,31,32,40,46,59,68,69,76,77,84,90,93,94,97,101",0.0217078242857055,FALSE,15,2,1,3,25,17,8,0.68,0.666666666666667
"scad.cv",46,60,0.33,"FALSE","FALSE","FALSE","7.23880125350092","3.7327785471081","3.50602270639282","1.193","2,3,4,6,7,45,67,89,90,92,93",0.0390859926036263,FALSE,3,0,2,2,11,3,8,0.272727272727273,0.666666666666667
"scad.cv",47,60,0.33,"FALSE","FALSE","FALSE","6.91208379976042","4.49451001555848","2.41757378420194","1.073","2,3,4,27,40,56,73,86,88,90,92",0.0628886647994211,FALSE,6,0,3,4,11,6,5,0.545454545454545,0.416666666666667
"scad.cv",48,60,0.33,"FALSE","FALSE","FALSE","7.94704851424897","5.0699723018665","2.87707621238247","1.191","2,3,4,6,7,10,40,46,49,86,91,92,95",0.102928337478742,FALSE,6,1,2,4,13,7,6,0.538461538461538,0.5
"scad.cv",49,60,0.33,"FALSE","FALSE","FALSE","6.94524136710252","4.46161802977207","2.48362333733045","1.143","2,4,6,7,36,42,48,58,65,83,90,91,92,95,96,98",0.060011784360816,FALSE,7,3,3,3,16,10,6,0.625,0.5
"scad.cv",5,60,0.33,"FALSE","FALSE","FALSE","6.98328950252233","3.72111773981332","3.26217176270901","1.567","2,3,4,6,7,13,24,44,64,86,90,91,92",0.0619529113813484,FALSE,6,0,2,3,13,6,7,0.461538461538462,0.583333333333333
"scad.cv",50,60,0.33,"FALSE","FALSE","FALSE","7.5418172620949","5.90219192095831","1.6396253411366","1.364","9,15,17,24,31,43,54,57,60,86,89,90,92",0.129835261945513,FALSE,10,0,6,3,13,10,3,0.769230769230769,0.25
"scad.cv",51,60,0.33,"FALSE","FALSE","FALSE","6.93167918090393","4.3558412185693","2.57583796233463","1.496","2,4,6,13,19,41,48,81,89,90,91,92,95,97",0.0306623794116364,FALSE,5,2,3,2,14,7,7,0.5,0.583333333333333
"scad.cv",52,60,0.33,"FALSE","FALSE","FALSE","5.8676002106348","4.55487641022402","1.31272380041078","1.201","2,3,4,6,7,19,23,48,59,64,73,89,91,92",0.0621355982969818,FALSE,7,0,2,3,14,7,7,0.5,0.583333333333333
"scad.cv",53,60,0.33,"FALSE","FALSE","FALSE","8.12656219698506","6.08862119337046","2.0379410036146","0.599","2,3,4,6,19,48,49,59,64,66,91,92",0.0580852556539032,FALSE,6,0,2,4,12,6,6,0.5,0.5
"scad.cv",54,60,0.33,"FALSE","FALSE","FALSE","6.59746321204881","3.38979151030921","3.20767170173959","1.104","1,2,3,4,5,22,31,40,46,52,60,81,84,90,92,93,94,100",0.0175209070866888,FALSE,8,1,1,2,18,9,9,0.5,0.75
"scad.cv",55,60,0.33,"FALSE","FALSE","FALSE","6.74569919183435","3.64237385629068","3.10332533554367","0.96","1,2,3,4,5,6,22,24,40,45,46,49,68,73,76,77,78,84,89,90,92,93,94,99",0.0188718498952066,FALSE,12,1,0,1,24,13,11,0.541666666666667,0.916666666666667
"scad.cv",56,60,0.33,"FALSE","FALSE","FALSE","6.80959742326133","4.63004561534909","2.17955180791225","0.866","1,2,3,4,6,7,20,26,61,81,90,91,92,99",0.0481544851366619,FALSE,5,1,1,3,14,6,8,0.428571428571429,0.666666666666667
"scad.cv",57,60,0.33,"FALSE","FALSE","FALSE","7.07479888824942","5.07134993462615","2.00344895362327","1.539","1,2,3,4,5,17,22,24,30,31,40,46,60,89,92,93,94",0.0219478817205393,FALSE,8,0,1,2,17,8,9,0.470588235294118,0.75
"scad.cv",58,60,0.33,"FALSE","FALSE","FALSE","7.28078789355517","5.71568225835955","1.56510563519562","1.163","2,3,4,6,7,23,30,38,39,45,48,57,64,68,76,87,90,91,92,95,98",0.0507040115363271,FALSE,12,2,2,3,21,14,7,0.666666666666667,0.583333333333333
"scad.cv",59,60,0.33,"FALSE","FALSE","FALSE","6.20469699580161","3.64930804053601","2.55538895526561","1.247","1,2,3,4,5,8,17,19,22,31,32,36,59,60,68,78,90,92,93,100",0.0321080934639007,FALSE,11,1,1,3,20,12,8,0.6,0.666666666666667
"scad.cv",6,60,0.33,"FALSE","FALSE","FALSE","6.50587887273789","5.83959648611011","0.666282386627775","1.001","2,3,4,5,6,19,23,29,61,91,92",0.0413528696401168,FALSE,4,0,1,4,11,4,7,0.363636363636364,0.583333333333333
"scad.cv",60,60,0.33,"FALSE","FALSE","FALSE","8.65199145464083","7.55217070604722","1.09982074859361","1.528","2,4,5,6,42,52,63,73,76,85,94",0.063130714299251,FALSE,6,0,2,5,11,6,5,0.545454545454545,0.416666666666667
"scad.cv",61,60,0.33,"FALSE","FALSE","FALSE","6.5829550973249","5.0998631952152","1.4830919021097","1.027","1,2,4,5,6,25,34,43,55,90,91",0.0382059569816504,FALSE,4,0,1,4,11,4,7,0.363636363636364,0.583333333333333
"scad.cv",62,60,0.33,"FALSE","FALSE","FALSE","7.30310620230241","4.22298656367189","3.08011963863052","0.958","2,4,6,7,9,35,89,90,93,95",0.0498232920421043,FALSE,3,1,3,3,10,4,6,0.4,0.5
"scad.cv",63,60,0.33,"FALSE","FALSE","FALSE","6.08047665284637","3.99583048554786","2.08464616729851","1.153","2,3,5,6,28,58,61,78,90,92,93,94",0.0594527143594258,FALSE,4,0,2,2,12,4,8,0.333333333333333,0.666666666666667
"scad.cv",64,60,0.33,"FALSE","FALSE","FALSE","7.4286816174557","3.55342394260717","3.87525767484853","0.786","2,4,6,34,36,89,90,92,93",0.030792727175838,FALSE,2,0,3,2,9,2,7,0.222222222222222,0.583333333333333
"scad.cv",65,60,0.33,"FALSE","FALSE","FALSE","6.68498822264002","4.29787609771444","2.38711212492558","1.305","1,2,3,4,5,6,12,17,20,22,38,46,60,66,68,69,73,79,84,86,90,91,92,93,94",0.0178794477883211,FALSE,14,0,0,1,25,14,11,0.56,0.916666666666667
"scad.cv",66,60,0.33,"FALSE","FALSE","FALSE","5.97388419639763","3.08941525572672","2.88446894067091","1.148","1,2,3,4,5,6,17,20,37,54,70,90,91",0.0495573859190475,FALSE,5,0,0,4,13,5,8,0.384615384615385,0.666666666666667
"scad.cv",67,60,0.33,"FALSE","FALSE","FALSE","6.69749980768285","3.08225147363948","3.61524833404337","0.867","2,4,64,86,89,90,92,93,96",0.0456285225528194,FALSE,2,1,4,2,9,3,6,0.333333333333333,0.5
"scad.cv",68,60,0.33,"FALSE","FALSE","FALSE","5.58814313823555","3.40805025486122","2.18009288337434","1.745","2,3,4,5,19,24,28,31,36,38,39,40,46,60,66,68,69,73,80,86,88,90,92,93,94",0.026025473418556,FALSE,17,0,2,2,25,17,8,0.68,0.666666666666667
"scad.cv",69,60,0.33,"FALSE","FALSE","FALSE","6.44678999143911","2.39187159152143","4.05491839991768","0.531","2,4,6,7,89,90,91,92,93",0.0417205682769936,FALSE,1,0,3,1,9,1,8,0.111111111111111,0.666666666666667
"scad.cv",7,60,0.33,"FALSE","FALSE","FALSE","7.39536266256858","5.47866430445403","1.91669835811454","1.006","2,3,4,6,42,81,90,91,92",0.0352271704171742,FALSE,2,0,2,3,9,2,7,0.222222222222222,0.583333333333333
"scad.cv",70,60,0.33,"FALSE","FALSE","FALSE","7.63159637656184","6.44587468338158","1.18572169318026","1.114","2,3,4,6,7,9,19,49,59,76,80,92",0.0698792832827555,FALSE,7,0,2,5,12,7,5,0.583333333333333,0.416666666666667
"scad.cv",71,60,0.33,"FALSE","FALSE","FALSE","6.08961873892973","3.55615461700377","2.53346412192596","1.111","1,2,3,4,5,17,19,22,36,46,50,51,86,90,92,93,94,95,97",0.0194273874432121,FALSE,8,2,1,2,19,10,9,0.526315789473684,0.75
"scad.cv",72,60,0.33,"FALSE","FALSE","FALSE","6.65351656079601","5.01586526719758","1.63765129359844","1.179","1,2,3,4,5,6,12,74,91,94,100",0.0377703161652326,FALSE,2,1,0,4,11,3,8,0.272727272727273,0.666666666666667
"scad.cv",73,60,0.33,"FALSE","FALSE","FALSE","6.78227380682168","4.62832225135223","2.15395155546945","1.475","1,2,3,4,5,6,9,17,19,20,24,31,33,42,43,44,46,51,67,69,73,86,89,90,92,94,100",0.0198401280747744,FALSE,16,1,0,2,27,17,10,0.62962962962963,0.833333333333333
"scad.cv",74,60,0.33,"FALSE","FALSE","FALSE","7.09250621931324","5.83719819981294","1.2553080195003","0.755","1,2,3,4,5,6,91,94",0.0422584492996752,FALSE,0,0,0,4,8,0,8,0,0.666666666666667
"scad.cv",75,60,0.33,"FALSE","FALSE","FALSE","8.04542973598226","5.56786535873466","2.4775643772476","1.095","2,3,4,5,6,37,64,81,90,91,92,99",0.0221235973627995,FALSE,3,1,1,3,12,4,8,0.333333333333333,0.666666666666667
"scad.cv",76,60,0.33,"FALSE","FALSE","FALSE","7.09808881891099","5.21907251721315","1.87901630169784","0.724","2,3,4,5,6,91,94",0.0248967579442714,FALSE,0,0,1,4,7,0,7,0,0.583333333333333
"scad.cv",77,60,0.33,"FALSE","FALSE","FALSE","7.68105997436477","5.24561361805761","2.43544635630716","0.723","2,3,4,5,6,32,63,76,90,91,94",0.0354193825415881,FALSE,3,0,1,3,11,3,8,0.272727272727273,0.666666666666667
"scad.cv",78,60,0.33,"FALSE","FALSE","FALSE","7.97613867329761","5.58166641179003","2.39447226150759","1","1,2,3,4,5,6,14,73,90,91,94",0.060754251150946,FALSE,2,0,0,3,11,2,9,0.181818181818182,0.75
"scad.cv",79,60,0.33,"FALSE","FALSE","FALSE","5.94903615166668","4.99976430110808","0.949271850558605","1.472","1,2,3,4,5,6,14,15,17,18,36,40,52,55,56,68,73,76,90,92,93,94,100",0.0398154047154576,FALSE,12,1,0,2,23,13,10,0.565217391304348,0.833333333333333
"scad.cv",8,60,0.33,"FALSE","FALSE","FALSE","6.07723120311258","4.92895811350799","1.14827308960458","1.749","1,2,3,4,5,6,19,27,33,40,43,46,49,60,63,66,69,84,90,91,92,93,94,95",0.0257499624153917,FALSE,12,1,0,1,24,13,11,0.541666666666667,0.916666666666667
"scad.cv",80,60,0.33,"FALSE","FALSE","FALSE","6.36274406690956","3.2585406906503","3.10420337625926","0.963","2,4,8,13,24,41,42,59,78,89,90,93,94",0.0507272408277296,FALSE,7,0,4,2,13,7,6,0.538461538461538,0.5
"scad.cv",81,60,0.33,"FALSE","FALSE","FALSE","5.51014218713056","4.22145923239378","1.28868295473678","1.287","1,2,4,7,13,27,40,46,49,64,91,92,98",0.0909259642688091,FALSE,7,1,3,4,13,8,5,0.615384615384615,0.416666666666667
"scad.cv",82,60,0.33,"FALSE","FALSE","FALSE","5.65614868880606","3.53029021959247","2.12585846921359","1.072","1,2,3,4,5,6,19,22,31,40,49,86,90,92,93,94,97",0.0175945307609153,FALSE,6,1,0,2,17,7,10,0.411764705882353,0.833333333333333
"scad.cv",83,60,0.33,"FALSE","FALSE","FALSE","8.19744660762938","6.00299017057707","2.19445643705231","1.001","1,2,3,4,5,6,46,73,90,91",0.0373011962562315,FALSE,2,0,0,4,10,2,8,0.2,0.666666666666667
"scad.cv",84,60,0.33,"FALSE","FALSE","FALSE","7.41537308161372","6.31766872330504","1.09770435830869","1.048","2,3,4,7,17,45,46,49,61,64,92",0.0660627122875272,FALSE,7,0,3,5,11,7,4,0.636363636363636,0.333333333333333
"scad.cv",85,60,0.33,"FALSE","FALSE","FALSE","7.91237056581934","5.71461802865666","2.19775253716268","1.095","2,4,18,20,29,30,44,49,58,59,67,83,91,92,94",0.0863854494657954,FALSE,10,0,4,3,15,10,5,0.666666666666667,0.416666666666667
"scad.cv",86,60,0.33,"FALSE","FALSE","FALSE","7.52704892172137","4.76942922974232","2.75761969197905","0.775","2,4,6,24,64,69,89,90,91,92,98",0.0430034976641576,FALSE,3,1,3,2,11,4,7,0.363636363636364,0.583333333333333
"scad.cv",87,60,0.33,"FALSE","FALSE","FALSE","6.49216395533989","4.77202124837612","1.72014270696377","1.375","2,4,5,6,8,24,38,41,64,66,86,89,90,91,92",0.0406257577514638,FALSE,7,0,2,2,15,7,8,0.466666666666667,0.666666666666667
"scad.cv",88,60,0.33,"FALSE","FALSE","FALSE","7.25512743454784","4.49931969053299","2.75580774401485","1.525","1,2,4,6,27,34,56,60,71,74,77,80,90,91,92,93,97",0.0319387183712953,FALSE,8,1,2,2,17,9,8,0.529411764705882,0.666666666666667
"scad.cv",89,60,0.33,"FALSE","FALSE","FALSE","6.91698285836379","5.12542081873839","1.7915620396254","1.388","2,4,5,6,24,38,42,58,59,65,67,76,81,86,90,91,92,93,95,96,98",0.0409839465242716,FALSE,10,3,2,2,21,13,8,0.619047619047619,0.666666666666667
"scad.cv",9,60,0.33,"FALSE","FALSE","FALSE","7.47774851419665","4.76299185460507","2.71475665959158","1.589","2,4,5,6,7,13,19,24,36,45,48,64,71,77,86,90,91,92",0.0393036964920286,FALSE,11,0,2,3,18,11,7,0.611111111111111,0.583333333333333
"scad.cv",90,60,0.33,"FALSE","FALSE","FALSE","6.9026243781527","5.15402614769264","1.74859823046006","1.573","2,3,4,5,6,19,36,37,38,57,69,81,86,90,91,92,96",0.0291616563372936,FALSE,8,1,1,3,17,9,8,0.529411764705882,0.666666666666667
"scad.cv",91,60,0.33,"FALSE","FALSE","FALSE","6.38633745265271","4.68914167863071","1.697195774022","0.793","1,2,3,4,6,27,29,52,90,91,92",0.0418904868234942,FALSE,3,0,1,3,11,3,8,0.272727272727273,0.666666666666667
"scad.cv",92,60,0.33,"FALSE","FALSE","FALSE","7.29615043655395","5.26481037199448","2.03134006455947","0.836","1,2,3,4,5,6,10,24,28,31,40,46,49,56,59,68,76,91,92,94",0.0275660052755009,FALSE,11,0,0,3,20,11,9,0.55,0.75
"scad.cv",93,60,0.33,"FALSE","FALSE","FALSE","6.66100232552698","3.59880915336443","3.06219317216255","0.628","2,4,78,89,90,93",0.0570654337283839,FALSE,1,0,4,3,6,1,5,0.166666666666667,0.416666666666667
"scad.cv",94,60,0.33,"FALSE","FALSE","FALSE","7.40910521336328","5.05246499796924","2.35664021539404","0.808","2,3,4,5,6,44,46,59,73,90,91,92,94",0.0417043320641536,FALSE,4,0,1,2,13,4,9,0.307692307692308,0.75
"scad.cv",95,60,0.33,"FALSE","FALSE","FALSE","5.71265708732635","4.21493995190567","1.49771713542068","0.996","2,4,6,7,33,42,43,48,86,90,91,92,95",0.0568777934069003,FALSE,6,1,3,3,13,7,6,0.538461538461538,0.5
"scad.cv",96,60,0.33,"FALSE","FALSE","FALSE","7.08849981299282","4.03448420668503","3.05401560630779","0.669","2,4,49,78,88,89,90,93",0.0556924137094947,FALSE,3,0,4,3,8,3,5,0.375,0.416666666666667
"scad.cv",97,60,0.33,"FALSE","FALSE","FALSE","6.27309519195155","3.7084939079717","2.56460128397985","1.164","1,2,3,4,5,6,15,19,31,40,68,73,89,90,92,93,94",0.023451377358989,FALSE,6,0,0,1,17,6,11,0.352941176470588,0.916666666666667
"scad.cv",98,60,0.33,"FALSE","FALSE","FALSE","7.04320848197034","5.1948357583114","1.84837272365894","0.946","1,2,3,4,5,6,17,19,20,24,27,31,32,40,41,60,68,69,73,78,90,92,93,94",0.026028102897913,FALSE,14,0,0,2,24,14,10,0.583333333333333,0.833333333333333
"scad.cv",99,60,0.33,"FALSE","FALSE","FALSE","7.01702247819926","4.33102066940622","2.68600180879305","1.161","2,3,4,6,7,19,64,86,90,91,92,95",0.0598125574723332,FALSE,4,1,2,3,12,5,7,0.416666666666667,0.583333333333333
