"method","sim","n","betamin","is.true.model.intop.kappa.o","is.true.model.intop.kappa.oplusLASSO","is.s.hat.nan","s.hat","s0.hat","s1.hat","time.l0","time.lasso.cv","time.scad.cv","sel.model","est.mse","recovery","nb.tI.b0","nb.tI.b1","nb.tII.b0","nb.tII.b1","est.size","FP","TP","FDR","power"
"EBIC",1,500,0.33,"TRUE","TRUE","FALSE","17.9237763781506","9.10643770179098","8.81733867635966","7.714","0.295","0.703","1,2,3,4,5,6,7,8,9,737,738,739,740,741,742,743,744,745",0.000195636159546765,TRUE,0,0,0,0,18,0,18,0,1
"EBIC",10,500,0.33,"TRUE","TRUE","FALSE","18.1039781648363","9.11568444499343","8.98829371984289","7.325","0.295","0.72","1,2,3,4,5,6,7,8,9,737,738,739,740,741,742,743,744,745",6.69022755430412e-05,TRUE,0,0,0,0,18,0,18,0,1
"EBIC",100,500,0.33,"TRUE","TRUE","FALSE","18.1203439063134","9.13182128311261","8.98852262320077","7.002","0.298","0.677","1,2,3,4,5,6,7,8,9,737,738,739,740,741,742,743,744,745",4.76671007991544e-05,TRUE,0,0,0,0,18,0,18,0,1
"EBIC",11,500,0.33,"TRUE","TRUE","FALSE","18.3079046091572","9.30655501972789","9.00134958942935","8.211","0.295","0.681","1,2,3,4,5,6,7,8,9,151,737,738,739,740,741,742,743,744,745",0.000195884603956455,FALSE,1,0,0,0,19,1,18,0.0526315789473684,1
"EBIC",12,500,0.33,"TRUE","TRUE","FALSE","18.1272396198527","9.13142377605103","8.99581584380167","6.962","0.273","0.619","1,2,3,4,5,6,7,8,9,737,738,739,740,741,742,743,744,745",9.84080078370577e-05,TRUE,0,0,0,0,18,0,18,0,1
"EBIC",13,500,0.33,"TRUE","TRUE","FALSE","17.5203107338999","9.15689395022449","8.36341678367537","8.359","0.294","0.639","1,2,3,4,5,6,7,8,9,236,737,738,739,740,741,742,743,744,745",0.000195326165494344,FALSE,1,0,0,0,19,1,18,0.0526315789473684,1
"EBIC",14,500,0.33,"TRUE","TRUE","FALSE","18.109862291856","9.08035356439478","9.0295087274612","6.846","0.297","0.631","1,2,3,4,5,6,7,8,9,737,738,739,740,741,742,743,744,745",0.000109962919558575,TRUE,0,0,0,0,18,0,18,0,1
"EBIC",15,500,0.33,"TRUE","TRUE","FALSE","18.2002335273258","9.19926677758328","9.00096674974253","7.645","0.296","0.683","1,2,3,4,5,6,7,8,9,737,738,739,740,741,742,743,744,745",4.26478203976245e-05,TRUE,0,0,0,0,18,0,18,0,1
"EBIC",16,500,0.33,"TRUE","TRUE","FALSE","18.2779698885013","9.30724207877419","8.97072780972711","7.368","0.29","0.64","1,2,3,4,5,6,7,8,9,49,737,738,739,740,741,742,743,744,745",0.000201647984909254,FALSE,1,0,0,0,19,1,18,0.0526315789473684,1
"EBIC",17,500,0.33,"TRUE","TRUE","FALSE","18.1883777283937","9.23960167214979","8.94877605624393","7.797","0.305","0.693","1,2,3,4,5,6,7,8,9,163,737,738,739,740,741,742,743,744,745",0.000194420730015996,FALSE,1,0,0,0,19,1,18,0.0526315789473684,1
"EBIC",18,500,0.33,"TRUE","TRUE","FALSE","18.1138420626949","9.11656825225329","8.99727381044158","7.163","0.3","0.671","1,2,3,4,5,6,7,8,9,737,738,739,740,741,742,743,744,745",6.12367553626552e-05,TRUE,0,0,0,0,18,0,18,0,1
"EBIC",19,500,0.33,"TRUE","TRUE","FALSE","17.1613766201415","9.14220947280894","8.01916714733252","7.184","0.281","0.622","1,2,3,4,5,6,7,8,9,738,739,740,741,742,743,744,745",0.000240603519024612,FALSE,0,0,0,1,17,0,17,0,0.944444444444444
"EBIC",2,500,0.33,"TRUE","TRUE","FALSE","18.1065727941075","9.10328418383061","9.00328861027687","6.876","0.288","0.637","1,2,3,4,5,6,7,8,9,737,738,739,740,741,742,743,744,745",4.78436060824903e-05,TRUE,0,0,0,0,18,0,18,0,1
"EBIC",20,500,0.33,"TRUE","TRUE","FALSE","18.0982565066094","9.09888337460282","8.9993731320066","7.167","0.303","0.639","1,2,3,4,5,6,7,8,9,737,738,739,740,741,742,743,744,745",6.73760080517473e-05,TRUE,0,0,0,0,18,0,18,0,1
"EBIC",21,500,0.33,"TRUE","TRUE","FALSE","18.1178927281594","9.11465765224355","9.00323507591581","7.112","0.299","0.689","1,2,3,4,5,6,7,8,9,737,738,739,740,741,742,743,744,745",0.000138206516781332,TRUE,0,0,0,0,18,0,18,0,1
"EBIC",22,500,0.33,"TRUE","TRUE","FALSE","18.4262863709583","9.42496241465951","9.00132395629876","7.924","0.295","0.729","1,2,3,4,5,6,7,8,9,129,137,737,738,739,740,741,742,743,744,745",0.000293648128890577,FALSE,2,0,0,0,20,2,18,0.1,1
"EBIC",23,500,0.33,"TRUE","TRUE","FALSE","18.1258377229392","9.12313707396605","9.00270064897319","7.012","0.294","0.655","1,2,3,4,5,6,7,8,9,737,738,739,740,741,742,743,744,745",4.91839654246264e-05,TRUE,0,0,0,0,18,0,18,0,1
"EBIC",24,500,0.33,"TRUE","TRUE","FALSE","18.115795185777","9.11047816699242","9.00531701878454","6.93","0.288","0.643","1,2,3,4,5,6,7,8,9,737,738,739,740,741,742,743,744,745",5.51812276434751e-05,TRUE,0,0,0,0,18,0,18,0,1
"EBIC",25,500,0.33,"TRUE","TRUE","FALSE","18.1788077623542","9.1716032971153","9.00720446523887","7.52","0.282","0.596","1,2,3,4,5,6,7,8,9,737,738,739,740,741,742,743,744,745",4.59047956576527e-05,TRUE,0,0,0,0,18,0,18,0,1
"EBIC",26,500,0.33,"TRUE","TRUE","FALSE","18.0550548792171","9.13684449751855","8.91821038169851","7.413","0.292","0.661","1,2,3,4,5,6,7,8,9,737,738,739,740,741,742,743,744,745",6.34452710158261e-05,TRUE,0,0,0,0,18,0,18,0,1
"EBIC",27,500,0.33,"TRUE","TRUE","FALSE","18.1498162736637","9.14657923884615","9.00323703481752","7.137","0.296","0.672","1,2,3,4,5,6,7,8,9,737,738,739,740,741,742,743,744,745",8.835407001396e-05,TRUE,0,0,0,0,18,0,18,0,1
"EBIC",28,500,0.33,"TRUE","TRUE","FALSE","18.2288977599683","9.2268831394806","9.0020146204877","7.381","0.309","0.756","1,2,3,4,5,6,7,8,9,423,737,738,739,740,741,742,743,744,745",0.00021367319769288,FALSE,1,0,0,0,19,1,18,0.0526315789473684,1
"EBIC",29,500,0.33,"TRUE","TRUE","FALSE","18.1051853972472","9.26741605558106","8.83776934166614","8.112","0.296","0.647","1,2,3,4,5,6,7,8,9,224,737,738,739,740,741,742,743,744,745",0.000198791276345122,FALSE,1,0,0,0,19,1,18,0.0526315789473684,1
"EBIC",3,500,0.33,"TRUE","TRUE","FALSE","18.1008166138395","9.1000622116171","9.00075440222241","6.9","0.405","0.671","1,2,3,4,5,6,7,8,9,737,738,739,740,741,742,743,744,745",0.000115566262026181,TRUE,0,0,0,0,18,0,18,0,1
"EBIC",30,500,0.33,"TRUE","TRUE","FALSE","18.1128683927262","9.11755580915974","8.99531258356647","7.438","0.345","0.775","1,2,3,4,5,6,7,8,9,737,738,739,740,741,742,743,744,745",5.89090734084692e-05,TRUE,0,0,0,0,18,0,18,0,1
"EBIC",31,500,0.33,"TRUE","TRUE","FALSE","18.1181005820055","9.11473191581505","9.00336866619049","7.702","0.298","0.708","1,2,3,4,5,6,7,8,9,737,738,739,740,741,742,743,744,745",8.80583286790794e-05,TRUE,0,0,0,0,18,0,18,0,1
"EBIC",32,500,0.33,"TRUE","TRUE","FALSE","18.1165550245772","9.11436119169213","9.00219383288504","6.666","0.299","0.704","1,2,3,4,5,6,7,8,9,737,738,739,740,741,742,743,744,745",0.000170067453848472,TRUE,0,0,0,0,18,0,18,0,1
"EBIC",33,500,0.33,"TRUE","TRUE","FALSE","18.1875968859236","9.1838377661995","9.00375911972411","7.027","0.292","0.639","1,2,3,4,5,6,7,8,9,545,737,738,739,740,741,742,743,744,745",0.000136210744532489,FALSE,1,0,0,0,19,1,18,0.0526315789473684,1
"EBIC",34,500,0.33,"TRUE","TRUE","FALSE","18.1436560777996","9.14138255264488","9.00227352515471","7.027","0.294","0.629","1,2,3,4,5,6,7,8,9,737,738,739,740,741,742,743,744,745",6.38480977605309e-05,TRUE,0,0,0,0,18,0,18,0,1
"EBIC",35,500,0.33,"TRUE","TRUE","FALSE","18.1179165344807","9.11472792132289","9.00318861315782","7.046","0.308","0.827","1,2,3,4,5,6,7,8,9,737,738,739,740,741,742,743,744,745",9.98360422569737e-05,TRUE,0,0,0,0,18,0,18,0,1
"EBIC",36,500,0.33,"TRUE","TRUE","FALSE","18.1408657361715","9.13919336456149","9.00167237161004","7.24","0.307","0.763","1,2,3,4,5,6,7,8,9,737,738,739,740,741,742,743,744,745",0.000101349635007038,TRUE,0,0,0,0,18,0,18,0,1
"EBIC",37,500,0.33,"TRUE","TRUE","FALSE","18.1263958428034","9.12657987450856","8.99981596829483","6.797","0.286","0.648","1,2,3,4,5,6,7,8,9,737,738,739,740,741,742,743,744,745",6.31637815172033e-05,TRUE,0,0,0,0,18,0,18,0,1
"EBIC",38,500,0.33,"TRUE","TRUE","FALSE","17.4860712011471","9.28156484933255","8.20450635181453","7.61","0.279","0.578","1,2,3,4,5,6,7,8,9,112,598,737,738,739,740,741,742,743,744,745",0.000326246810234985,FALSE,2,0,0,0,20,2,18,0.1,1
"EBIC",39,500,0.33,"TRUE","TRUE","FALSE","18.4997019446682","9.49690078499104","9.00280115967715","8.904","0.312","0.701","1,2,3,4,5,6,7,8,9,92,178,737,738,739,740,741,742,743,744,745",0.000218614021789174,FALSE,2,0,0,0,20,2,18,0.1,1
"EBIC",4,500,0.33,"TRUE","TRUE","FALSE","18.2214678109899","9.2159681330808","9.00549967790908","7.648","0.277","0.643","1,2,3,4,5,6,7,8,9,257,737,738,739,740,741,742,743,744,745",0.000165486643967873,FALSE,1,0,0,0,19,1,18,0.0526315789473684,1
"EBIC",40,500,0.33,"TRUE","TRUE","FALSE","17.1751821144432","9.10469835610484","8.0704837583384","7.467","0.291","0.62","1,2,3,4,5,6,7,8,9,737,738,739,740,741,742,743,744,745",9.60924195033404e-05,TRUE,0,0,0,0,18,0,18,0,1
"EBIC",41,500,0.33,"TRUE","TRUE","FALSE","18.0991019124229","9.09900567875792","9.00009623366497","6.65","0.298","0.624","1,2,3,4,5,6,7,8,9,737,738,739,740,741,742,743,744,745",0.000138896453011644,TRUE,0,0,0,0,18,0,18,0,1
"EBIC",42,500,0.33,"TRUE","TRUE","FALSE","18.1328821403916","9.13041685954346","9.00246528084814","7.146","0.306","0.673","1,2,3,4,5,6,7,8,9,737,738,739,740,741,742,743,744,745",0.000124216820356331,TRUE,0,0,0,0,18,0,18,0,1
"EBIC",43,500,0.33,"TRUE","TRUE","FALSE","18.1371987033307","9.1334944372093","9.00370426612135","6.967","0.29","0.665","1,2,3,4,5,6,7,8,9,737,738,739,740,741,742,743,744,745",0.000123392567399411,TRUE,0,0,0,0,18,0,18,0,1
"EBIC",44,500,0.33,"TRUE","TRUE","FALSE","18.1637977346941","9.16083852154765","9.00295921314644","7.311","0.299","0.622","1,2,3,4,5,6,7,8,9,737,738,739,740,741,742,743,744,745",0.000106977890169064,TRUE,0,0,0,0,18,0,18,0,1
"EBIC",45,500,0.33,"TRUE","TRUE","FALSE","18.1063118154266","9.11421781790352","8.99209399752308","7.442","0.296","0.694","1,2,3,4,5,6,7,8,9,737,738,739,740,741,742,743,744,745",5.82528686106312e-05,TRUE,0,0,0,0,18,0,18,0,1
"EBIC",46,500,0.33,"TRUE","TRUE","FALSE","18.1151916737751","9.11182301285625","9.00336866091887","6.989","0.297","0.633","1,2,3,4,5,6,7,8,9,737,738,739,740,741,742,743,744,745",7.13434530624363e-05,TRUE,0,0,0,0,18,0,18,0,1
"EBIC",47,500,0.33,"TRUE","TRUE","FALSE","18.1512166714686","9.15043018461445","9.00078648685415","7.007","0.298","0.642","1,2,3,4,5,6,7,8,9,737,738,739,740,741,742,743,744,745",5.94830785566694e-05,TRUE,0,0,0,0,18,0,18,0,1
"EBIC",48,500,0.33,"TRUE","TRUE","FALSE","17.3552728434147","9.1254469148748","8.22982592853986","8.106","0.292","0.592","1,2,3,4,5,6,7,8,9,737,738,739,740,741,742,743,744,745",9.24009619223857e-05,TRUE,0,0,0,0,18,0,18,0,1
"EBIC",49,500,0.33,"TRUE","TRUE","FALSE","18.1152094237904","9.11298386438059","9.0022255594098","7.003","0.29","0.637","1,2,3,4,5,6,7,8,9,737,738,739,740,741,742,743,744,745",8.8130675553621e-05,TRUE,0,0,0,0,18,0,18,0,1
"EBIC",5,500,0.33,"TRUE","TRUE","FALSE","18.2199630922717","9.22579368800049","8.99416940427122","7.877","0.297","0.716","1,2,3,4,5,6,7,8,9,101,542,737,738,739,740,741,742,743,744,745",0.000185712652288374,FALSE,2,0,0,0,20,2,18,0.1,1
"EBIC",50,500,0.33,"TRUE","TRUE","FALSE","18.0389672297057","9.20257614850071","8.836391081205","8.902","0.31","0.743","1,2,3,4,5,6,7,8,9,737,738,739,740,741,742,743,744,745",0.000107373679113654,TRUE,0,0,0,0,18,0,18,0,1
"EBIC",51,500,0.33,"TRUE","TRUE","FALSE","18.1284829207614","9.12450525825009","9.00397766251133","6.729","0.299","0.652","1,2,3,4,5,6,7,8,9,737,738,739,740,741,742,743,744,745",6.80789045889518e-05,TRUE,0,0,0,0,18,0,18,0,1
"EBIC",52,500,0.33,"TRUE","TRUE","FALSE","18.0744584361859","9.11098364833005","8.96347478785581","7.279","0.3","0.678","1,2,3,4,5,6,7,8,9,737,738,739,740,741,742,743,744,745",0.000101398528914444,TRUE,0,0,0,0,18,0,18,0,1
"EBIC",53,500,0.33,"TRUE","TRUE","FALSE","18.0942728352727","9.10025693954693","8.99401589572579","6.922","0.294","0.673","1,2,3,4,5,6,7,8,9,737,738,739,740,741,742,743,744,745",3.07181037234022e-05,TRUE,0,0,0,0,18,0,18,0,1
"EBIC",54,500,0.33,"TRUE","TRUE","FALSE","18.470413076204","9.46567574074041","9.00473733546356","8.091","0.305","0.656","1,2,3,4,5,6,7,8,9,41,295,737,738,739,740,741,742,743,744,745",0.000247377954490737,FALSE,2,0,0,0,20,2,18,0.1,1
"EBIC",55,500,0.33,"TRUE","TRUE","FALSE","18.1046861572085","9.13969743191022","8.96498872529826","7.162","0.29","0.608","1,2,3,4,5,6,7,8,9,737,738,739,740,741,742,743,744,745",8.15051103305743e-05,TRUE,0,0,0,0,18,0,18,0,1
"EBIC",56,500,0.33,"TRUE","TRUE","FALSE","18.1584605453655","9.15537432697154","9.003086218394","6.793","0.29","0.658","1,2,3,4,5,6,7,8,9,737,738,739,740,741,742,743,744,745",7.21195692495206e-05,TRUE,0,0,0,0,18,0,18,0,1
"EBIC",57,500,0.33,"TRUE","TRUE","FALSE","18.1212077507089","9.11724079099827","9.00396695971062","6.895","0.288","0.684","1,2,3,4,5,6,7,8,9,737,738,739,740,741,742,743,744,745",0.000107140055672152,TRUE,0,0,0,0,18,0,18,0,1
"EBIC",58,500,0.33,"TRUE","TRUE","FALSE","18.2532680317774","9.25109151634504","9.00217651543233","7.282","0.317","0.69","1,2,3,4,5,6,7,8,9,258,737,738,739,740,741,742,743,744,745",0.000140408465075552,FALSE,1,0,0,0,19,1,18,0.0526315789473684,1
"EBIC",59,500,0.33,"TRUE","TRUE","FALSE","18.2140308363178","9.21255131992968","9.00147951638813","7.803","0.307","0.713","1,2,3,4,5,6,7,8,9,393,737,738,739,740,741,742,743,744,745",0.000118215710037327,FALSE,1,0,0,0,19,1,18,0.0526315789473684,1
"EBIC",6,500,0.33,"TRUE","TRUE","FALSE","18.1546940256078","9.15727907379608","8.99741495181171","7.471","0.281","0.653","1,2,3,4,5,6,7,8,9,737,738,739,740,741,742,743,744,745",6.62140299634944e-05,TRUE,0,0,0,0,18,0,18,0,1
"EBIC",60,500,0.33,"TRUE","TRUE","FALSE","17.9335702382161","9.16809794164276","8.76547229657334","7.756","0.292","0.655","1,2,3,4,5,6,7,8,9,737,738,739,740,741,742,743,744,745",0.000108179787756009,TRUE,0,0,0,0,18,0,18,0,1
"EBIC",61,500,0.33,"TRUE","TRUE","FALSE","18.1137762585116","9.11052330111386","9.00325295739774","6.932","0.29","0.675","1,2,3,4,5,6,7,8,9,737,738,739,740,741,742,743,744,745",5.61664748784577e-05,TRUE,0,0,0,0,18,0,18,0,1
"EBIC",62,500,0.33,"TRUE","TRUE","FALSE","18.3645575297635","9.31481757721556","9.04973995254798","7.76","0.285","0.641","1,2,3,4,5,6,7,8,9,468,737,738,739,740,741,742,743,744,745",0.000139902152843371,FALSE,1,0,0,0,19,1,18,0.0526315789473684,1
"EBIC",63,500,0.33,"TRUE","TRUE","FALSE","18.1716111664598","9.168329564549","9.00328160191075","7.184","0.299","0.662","1,2,3,4,5,6,7,8,9,737,738,739,740,741,742,743,744,745",0.000114486943806944,TRUE,0,0,0,0,18,0,18,0,1
"EBIC",64,500,0.33,"TRUE","TRUE","FALSE","17.6544473849333","9.13648149365405","8.51796589127927","8.001","0.293","0.684","1,2,3,4,5,6,7,8,9,737,738,739,740,741,742,743,744,745",7.14638959640843e-05,TRUE,0,0,0,0,18,0,18,0,1
"EBIC",65,500,0.33,"TRUE","TRUE","FALSE","18.0914776131361","9.10549293705465","8.98598467608145","6.881","0.297","0.624","1,2,3,4,5,6,7,8,9,737,738,739,740,741,742,743,744,745",5.72857509571003e-05,TRUE,0,0,0,0,18,0,18,0,1
"EBIC",66,500,0.33,"TRUE","TRUE","FALSE","17.6175627602265","9.14352016903338","8.47404259119312","8.333","0.306","0.71","1,2,3,4,5,6,7,8,9,737,738,739,740,741,742,743,744,745",9.78354179226971e-05,TRUE,0,0,0,0,18,0,18,0,1
"EBIC",67,500,0.33,"TRUE","TRUE","FALSE","17.9326750531558","9.14699205460779","8.78568299854798","8.408","0.341","0.713","1,2,3,4,5,6,7,8,9,511,737,738,739,740,741,742,743,744,745",0.000128161735477777,FALSE,1,0,0,0,19,1,18,0.0526315789473684,1
"EBIC",68,500,0.33,"TRUE","TRUE","FALSE","18.1268209105888","9.12057048169474","9.00625042889403","7.164","0.275","0.663","1,2,3,4,5,6,7,8,9,737,738,739,740,741,742,743,744,745",8.69700453780077e-05,TRUE,0,0,0,0,18,0,18,0,1
"EBIC",69,500,0.33,"TRUE","TRUE","FALSE","18.1234092565405","9.12066606519199","9.00274319134852","7.287","0.295","0.668","1,2,3,4,5,6,7,8,9,737,738,739,740,741,742,743,744,745",5.7341498521604e-05,TRUE,0,0,0,0,18,0,18,0,1
"EBIC",7,500,0.33,"TRUE","TRUE","FALSE","18.1050844895759","9.10520554859992","8.99987894097601","7.124","0.303","0.719","1,2,3,4,5,6,7,8,9,737,738,739,740,741,742,743,744,745",7.7645305047435e-05,TRUE,0,0,0,0,18,0,18,0,1
"EBIC",70,500,0.33,"TRUE","TRUE","FALSE","17.2641151853138","9.11623779863223","8.14787738668157","7.057","0.293","0.609","1,2,3,4,5,6,7,8,9,737,738,739,740,741,742,743,744,745",0.000121487017885027,TRUE,0,0,0,0,18,0,18,0,1
"EBIC",71,500,0.33,"TRUE","TRUE","FALSE","18.0303982164714","9.11324682535606","8.91715139111534","7.653","0.308","0.672","1,2,3,4,5,6,7,8,9,737,738,739,740,741,742,743,744,745",9.83812546498681e-05,TRUE,0,0,0,0,18,0,18,0,1
"EBIC",72,500,0.33,"TRUE","TRUE","FALSE","18.2296236742665","9.22965038174803","8.99997329251847","8.143","0.301","0.728","1,2,3,4,5,6,7,8,9,22,381,737,738,739,740,741,742,743,744,745",0.000281243501842844,FALSE,2,0,0,0,20,2,18,0.1,1
"EBIC",73,500,0.33,"TRUE","TRUE","FALSE","18.1148535367541","9.1217265277239","8.99312700903024","6.876","0.304","0.686","1,2,3,4,5,6,7,8,9,737,738,739,740,741,742,743,744,745",0.000124237487440032,TRUE,0,0,0,0,18,0,18,0,1
"EBIC",74,500,0.33,"TRUE","TRUE","FALSE","18.1730958484304","9.17517643370036","8.99791941473005","7.477","0.288","0.667","1,2,3,4,5,6,7,8,9,737,738,739,740,741,742,743,744,745",9.83878975840534e-05,TRUE,0,0,0,0,18,0,18,0,1
"EBIC",75,500,0.33,"TRUE","TRUE","FALSE","18.1444460045235","9.14463498713124","8.99981101739221","6.919","0.301","0.727","1,2,3,4,5,6,7,8,9,737,738,739,740,741,742,743,744,745",9.73818566620748e-05,TRUE,0,0,0,0,18,0,18,0,1
"EBIC",76,500,0.33,"TRUE","TRUE","FALSE","17.3255639806548","9.14631505360836","8.17924892704645","7.589","0.29","0.647","1,2,3,4,5,6,7,8,9,737,738,739,740,741,742,743,744,745",7.02530664321168e-05,TRUE,0,0,0,0,18,0,18,0,1
"EBIC",77,500,0.33,"TRUE","TRUE","FALSE","18.2135725228742","9.21105589196502","9.00251663090915","7.436","0.307","0.622","1,2,3,4,5,6,7,8,9,22,737,738,739,740,741,742,743,744,745",0.000231881097353251,FALSE,1,0,0,0,19,1,18,0.0526315789473684,1
"EBIC",78,500,0.33,"TRUE","TRUE","FALSE","18.1083688369302","9.10494657133728","9.00342226559288","6.932","0.294","0.666","1,2,3,4,5,6,7,8,9,737,738,739,740,741,742,743,744,745",7.71036433118129e-05,TRUE,0,0,0,0,18,0,18,0,1
"EBIC",79,500,0.33,"TRUE","TRUE","FALSE","18.1413960920995","9.14340952113918","8.99798657096034","7.393","0.286","0.653","1,2,3,4,5,6,7,8,9,737,738,739,740,741,742,743,744,745",0.000108848003803415,TRUE,0,0,0,0,18,0,18,0,1
"EBIC",8,500,0.33,"TRUE","TRUE","FALSE","18.1371350449141","9.14376992054505","8.99336512436901","7.515","0.297","0.674","1,2,3,4,5,6,7,8,9,737,738,739,740,741,742,743,744,745",3.77939100744634e-05,TRUE,0,0,0,0,18,0,18,0,1
"EBIC",80,500,0.33,"TRUE","TRUE","FALSE","18.13618738934","9.13433700650922","9.00185038283073","6.947","0.288","0.601","1,2,3,4,5,6,7,8,9,737,738,739,740,741,742,743,744,745",7.33954629768336e-05,TRUE,0,0,0,0,18,0,18,0,1
"EBIC",81,500,0.33,"TRUE","TRUE","FALSE","17.5494638441447","9.13605642419002","8.41340741995466","8.121","0.293","0.656","1,2,3,4,5,6,7,8,9,737,738,739,740,741,742,743,744,745",6.15151623148769e-05,TRUE,0,0,0,0,18,0,18,0,1
"EBIC",82,500,0.33,"TRUE","TRUE","FALSE","18.1234208604109","9.12090116982206","9.00251969058882","6.944","0.296","0.676","1,2,3,4,5,6,7,8,9,737,738,739,740,741,742,743,744,745",9.50847311709498e-05,TRUE,0,0,0,0,18,0,18,0,1
"EBIC",83,500,0.33,"TRUE","TRUE","FALSE","18.1928631178552","9.11774518974967","9.07511792810549","7.232","0.293","0.637","1,2,3,4,5,6,7,8,9,737,738,739,740,741,742,743,744,745,748",0.000155391359068022,FALSE,0,1,0,0,19,1,18,0.0526315789473684,1
"EBIC",84,500,0.33,"TRUE","TRUE","FALSE","17.3982686203063","9.39281103788607","8.00545758242021","8.148","0.294","0.633","1,2,3,4,5,6,7,8,9,180,229,679,738,739,740,741,742,743,744,745",0.00042140157445036,FALSE,3,0,0,1,20,3,17,0.15,0.944444444444444
"EBIC",85,500,0.33,"TRUE","TRUE","FALSE","18.1116832314587","9.10986456495984","9.00181866649882","6.883","0.291","0.632","1,2,3,4,5,6,7,8,9,737,738,739,740,741,742,743,744,745",4.71508069802079e-05,TRUE,0,0,0,0,18,0,18,0,1
"EBIC",86,500,0.33,"TRUE","TRUE","FALSE","18.1954599474881","9.19746651821621","8.99799342927189","7.543","0.289","0.693","1,2,3,4,5,6,7,8,9,737,738,739,740,741,742,743,744,745",6.46122657291019e-05,TRUE,0,0,0,0,18,0,18,0,1
"EBIC",87,500,0.33,"TRUE","TRUE","FALSE","17.7693070366283","9.12726045851906","8.6420465781092","10.367","0.298","0.66","1,2,3,4,5,6,7,8,9,737,738,739,740,741,742,743,744,745",0.000104516060843802,TRUE,0,0,0,0,18,0,18,0,1
"EBIC",88,500,0.33,"TRUE","TRUE","FALSE","18.0956511328105","9.15633781977483","8.93931331303567","7.527","0.292","0.663","1,2,3,4,5,6,7,8,9,737,738,739,740,741,742,743,744,745",2.90638951508601e-05,TRUE,0,0,0,0,18,0,18,0,1
"EBIC",89,500,0.33,"TRUE","TRUE","FALSE","18.1226016306789","9.11996932975603","9.00263230092283","7.91","0.323","0.684","1,2,3,4,5,6,7,8,9,737,738,739,740,741,742,743,744,745",5.89320392204823e-05,TRUE,0,0,0,0,18,0,18,0,1
"EBIC",9,500,0.33,"TRUE","TRUE","FALSE","18.1012588266693","9.10000748757127","9.00125133909806","7.177","0.293","0.715","1,2,3,4,5,6,7,8,9,737,738,739,740,741,742,743,744,745",5.20739265291376e-05,TRUE,0,0,0,0,18,0,18,0,1
"EBIC",90,500,0.33,"TRUE","TRUE","FALSE","18.1231367602454","9.12317507484098","8.99996168540443","7.139","0.291","0.625","1,2,3,4,5,6,7,8,9,737,738,739,740,741,742,743,744,745",8.11171717850249e-05,TRUE,0,0,0,0,18,0,18,0,1
"EBIC",91,500,0.33,"TRUE","TRUE","FALSE","18.1903968167454","9.18840607695211","9.00199073979333","7.544","0.31","0.743","1,2,3,4,5,6,7,8,9,737,738,739,740,741,742,743,744,745",6.77799627201993e-05,TRUE,0,0,0,0,18,0,18,0,1
"EBIC",92,500,0.33,"TRUE","TRUE","FALSE","18.0989478763915","9.10065955966605","8.9982883167254","6.587","0.298","0.681","1,2,3,4,5,6,7,8,9,737,738,739,740,741,742,743,744,745",1.84147856653436e-05,TRUE,0,0,0,0,18,0,18,0,1
"EBIC",93,500,0.33,"TRUE","TRUE","FALSE","19.0163952113587","10.0451521023059","8.97124310905273","8.32","0.307","0.63","1,2,3,4,5,6,7,8,9,396,737,738,739,740,741,742,743,744,745",0.000259635291637853,FALSE,1,0,0,0,19,1,18,0.0526315789473684,1
"EBIC",94,500,0.33,"TRUE","TRUE","FALSE","18.1148617614882","9.11138058226716","9.00348117922102","7.095","0.298","0.659","1,2,3,4,5,6,7,8,9,737,738,739,740,741,742,743,744,745",6.83334376063382e-05,TRUE,0,0,0,0,18,0,18,0,1
"EBIC",95,500,0.33,"TRUE","TRUE","FALSE","17.7260921291234","9.16581309958961","8.56027902953375","8.026","0.289","0.637","1,2,3,4,5,6,7,8,9,737,738,739,740,741,742,743,744,745",8.83445355396264e-05,TRUE,0,0,0,0,18,0,18,0,1
"EBIC",96,500,0.33,"TRUE","TRUE","FALSE","18.1331640553133","9.12949736091208","9.00366669440121","7.14","0.298","0.686","1,2,3,4,5,6,7,8,9,737,738,739,740,741,742,743,744,745",9.89340232447406e-05,TRUE,0,0,0,0,18,0,18,0,1
"EBIC",97,500,0.33,"TRUE","TRUE","FALSE","18.0952010195281","9.09134759674313","9.00385342278499","6.584","0.288","0.632","1,2,3,4,5,6,7,8,9,737,738,739,740,741,742,743,744,745",0.000109460067038204,TRUE,0,0,0,0,18,0,18,0,1
"EBIC",98,500,0.33,"TRUE","TRUE","FALSE","18.1834343526107","9.18155132563833","9.00188302697233","7.049","0.281","0.645","1,2,3,4,5,6,7,8,9,182,737,738,739,740,741,742,743,744,745",0.000171896805241937,FALSE,1,0,0,0,19,1,18,0.0526315789473684,1
"EBIC",99,500,0.33,"TRUE","TRUE","FALSE","18.1570163709136","9.154529244977","9.00248712593657","7.471","0.291","0.687","1,2,3,4,5,6,7,8,9,737,738,739,740,741,742,743,744,745",0.000135851113355977,TRUE,0,0,0,0,18,0,18,0,1
"kappa.o",1,500,0.33,"TRUE","TRUE","FALSE","17.9237763781506","9.10643770179098","8.81733867635966","7.714","0.295","0.703","1,2,3,4,5,6,7,8,9,737,738,739,740,741,742,743,744,745",0.000195636159546765,TRUE,0,0,0,0,18,0,18,0,1
"kappa.o",10,500,0.33,"TRUE","TRUE","FALSE","18.1039781648363","9.11568444499343","8.98829371984289","7.325","0.295","0.72","1,2,3,4,5,6,7,8,9,737,738,739,740,741,742,743,744,745",6.69022755430412e-05,TRUE,0,0,0,0,18,0,18,0,1
"kappa.o",100,500,0.33,"TRUE","TRUE","FALSE","18.1203439063134","9.13182128311261","8.98852262320077","7.002","0.298","0.677","1,2,3,4,5,6,7,8,9,737,738,739,740,741,742,743,744,745",4.76671007991544e-05,TRUE,0,0,0,0,18,0,18,0,1
"kappa.o",11,500,0.33,"TRUE","TRUE","FALSE","18.3079046091572","9.30655501972789","9.00134958942935","8.211","0.295","0.681","1,2,3,4,5,6,7,8,9,737,738,739,740,741,742,743,744,745",0.000117128940971411,TRUE,0,0,0,0,18,0,18,0,1
"kappa.o",12,500,0.33,"TRUE","TRUE","FALSE","18.1272396198527","9.13142377605103","8.99581584380167","6.962","0.273","0.619","1,2,3,4,5,6,7,8,9,737,738,739,740,741,742,743,744,745",9.84080078370577e-05,TRUE,0,0,0,0,18,0,18,0,1
"kappa.o",13,500,0.33,"TRUE","TRUE","FALSE","17.5203107338999","9.15689395022449","8.36341678367537","8.359","0.294","0.639","1,2,3,4,5,6,7,8,9,738,739,740,741,742,743,744,745",0.000244263066355072,FALSE,0,0,0,1,17,0,17,0,0.944444444444444
"kappa.o",14,500,0.33,"TRUE","TRUE","FALSE","18.109862291856","9.08035356439478","9.0295087274612","6.846","0.297","0.631","1,2,3,4,5,6,7,8,9,737,738,739,740,741,742,743,744,745",0.000109962919558575,TRUE,0,0,0,0,18,0,18,0,1
"kappa.o",15,500,0.33,"TRUE","TRUE","FALSE","18.2002335273258","9.19926677758328","9.00096674974253","7.645","0.296","0.683","1,2,3,4,5,6,7,8,9,737,738,739,740,741,742,743,744,745",4.26478203976245e-05,TRUE,0,0,0,0,18,0,18,0,1
"kappa.o",16,500,0.33,"TRUE","TRUE","FALSE","18.2779698885013","9.30724207877419","8.97072780972711","7.368","0.29","0.64","1,2,3,4,5,6,7,8,9,737,738,739,740,741,742,743,744,745",9.6211964926585e-05,TRUE,0,0,0,0,18,0,18,0,1
"kappa.o",17,500,0.33,"TRUE","TRUE","FALSE","18.1883777283937","9.23960167214979","8.94877605624393","7.797","0.305","0.693","1,2,3,4,5,6,7,8,9,737,738,739,740,741,742,743,744,745",0.000104480157748456,TRUE,0,0,0,0,18,0,18,0,1
"kappa.o",18,500,0.33,"TRUE","TRUE","FALSE","18.1138420626949","9.11656825225329","8.99727381044158","7.163","0.3","0.671","1,2,3,4,5,6,7,8,9,737,738,739,740,741,742,743,744,745",6.12367553626552e-05,TRUE,0,0,0,0,18,0,18,0,1
"kappa.o",19,500,0.33,"TRUE","TRUE","FALSE","17.1613766201415","9.14220947280894","8.01916714733252","7.184","0.281","0.622","1,2,3,4,5,6,7,8,9,738,739,740,741,742,743,744,745",0.000240603519024612,FALSE,0,0,0,1,17,0,17,0,0.944444444444444
"kappa.o",2,500,0.33,"TRUE","TRUE","FALSE","18.1065727941075","9.10328418383061","9.00328861027687","6.876","0.288","0.637","1,2,3,4,5,6,7,8,9,737,738,739,740,741,742,743,744,745",4.78436060824903e-05,TRUE,0,0,0,0,18,0,18,0,1
"kappa.o",20,500,0.33,"TRUE","TRUE","FALSE","18.0982565066094","9.09888337460282","8.9993731320066","7.167","0.303","0.639","1,2,3,4,5,6,7,8,9,737,738,739,740,741,742,743,744,745",6.73760080517473e-05,TRUE,0,0,0,0,18,0,18,0,1
"kappa.o",21,500,0.33,"TRUE","TRUE","FALSE","18.1178927281594","9.11465765224355","9.00323507591581","7.112","0.299","0.689","1,2,3,4,5,6,7,8,9,737,738,739,740,741,742,743,744,745",0.000138206516781332,TRUE,0,0,0,0,18,0,18,0,1
"kappa.o",22,500,0.33,"TRUE","TRUE","FALSE","18.4262863709583","9.42496241465951","9.00132395629876","7.924","0.295","0.729","1,2,3,4,5,6,7,8,9,737,738,739,740,741,742,743,744,745",9.00379326815865e-05,TRUE,0,0,0,0,18,0,18,0,1
"kappa.o",23,500,0.33,"TRUE","TRUE","FALSE","18.1258377229392","9.12313707396605","9.00270064897319","7.012","0.294","0.655","1,2,3,4,5,6,7,8,9,737,738,739,740,741,742,743,744,745",4.91839654246264e-05,TRUE,0,0,0,0,18,0,18,0,1
"kappa.o",24,500,0.33,"TRUE","TRUE","FALSE","18.115795185777","9.11047816699242","9.00531701878454","6.93","0.288","0.643","1,2,3,4,5,6,7,8,9,737,738,739,740,741,742,743,744,745",5.51812276434751e-05,TRUE,0,0,0,0,18,0,18,0,1
"kappa.o",25,500,0.33,"TRUE","TRUE","FALSE","18.1788077623542","9.1716032971153","9.00720446523887","7.52","0.282","0.596","1,2,3,4,5,6,7,8,9,737,738,739,740,741,742,743,744,745",4.59047956576527e-05,TRUE,0,0,0,0,18,0,18,0,1
"kappa.o",26,500,0.33,"TRUE","TRUE","FALSE","18.0550548792171","9.13684449751855","8.91821038169851","7.413","0.292","0.661","1,2,3,4,5,6,7,8,9,737,738,739,740,741,742,743,744,745",6.34452710158261e-05,TRUE,0,0,0,0,18,0,18,0,1
"kappa.o",27,500,0.33,"TRUE","TRUE","FALSE","18.1498162736637","9.14657923884615","9.00323703481752","7.137","0.296","0.672","1,2,3,4,5,6,7,8,9,737,738,739,740,741,742,743,744,745",8.835407001396e-05,TRUE,0,0,0,0,18,0,18,0,1
"kappa.o",28,500,0.33,"TRUE","TRUE","FALSE","18.2288977599683","9.2268831394806","9.0020146204877","7.381","0.309","0.756","1,2,3,4,5,6,7,8,9,737,738,739,740,741,742,743,744,745",0.00013005347544802,TRUE,0,0,0,0,18,0,18,0,1
"kappa.o",29,500,0.33,"TRUE","TRUE","FALSE","18.1051853972472","9.26741605558106","8.83776934166614","8.112","0.296","0.647","1,2,3,4,5,6,7,8,9,737,738,739,740,741,742,743,744,745",0.000117520638459311,TRUE,0,0,0,0,18,0,18,0,1
"kappa.o",3,500,0.33,"TRUE","TRUE","FALSE","18.1008166138395","9.1000622116171","9.00075440222241","6.9","0.405","0.671","1,2,3,4,5,6,7,8,9,737,738,739,740,741,742,743,744,745",0.000115566262026181,TRUE,0,0,0,0,18,0,18,0,1
"kappa.o",30,500,0.33,"TRUE","TRUE","FALSE","18.1128683927262","9.11755580915974","8.99531258356647","7.438","0.345","0.775","1,2,3,4,5,6,7,8,9,737,738,739,740,741,742,743,744,745",5.89090734084692e-05,TRUE,0,0,0,0,18,0,18,0,1
"kappa.o",31,500,0.33,"TRUE","TRUE","FALSE","18.1181005820055","9.11473191581505","9.00336866619049","7.702","0.298","0.708","1,2,3,4,5,6,7,8,9,737,738,739,740,741,742,743,744,745",8.80583286790794e-05,TRUE,0,0,0,0,18,0,18,0,1
"kappa.o",32,500,0.33,"TRUE","TRUE","FALSE","18.1165550245772","9.11436119169213","9.00219383288504","6.666","0.299","0.704","1,2,3,4,5,6,7,8,9,737,738,739,740,741,742,743,744,745",0.000170067453848472,TRUE,0,0,0,0,18,0,18,0,1
"kappa.o",33,500,0.33,"TRUE","TRUE","FALSE","18.1875968859236","9.1838377661995","9.00375911972411","7.027","0.292","0.639","1,2,3,4,5,6,7,8,9,737,738,739,740,741,742,743,744,745",6.81849871635755e-05,TRUE,0,0,0,0,18,0,18,0,1
"kappa.o",34,500,0.33,"TRUE","TRUE","FALSE","18.1436560777996","9.14138255264488","9.00227352515471","7.027","0.294","0.629","1,2,3,4,5,6,7,8,9,737,738,739,740,741,742,743,744,745",6.38480977605309e-05,TRUE,0,0,0,0,18,0,18,0,1
"kappa.o",35,500,0.33,"TRUE","TRUE","FALSE","18.1179165344807","9.11472792132289","9.00318861315782","7.046","0.308","0.827","1,2,3,4,5,6,7,8,9,737,738,739,740,741,742,743,744,745",9.98360422569737e-05,TRUE,0,0,0,0,18,0,18,0,1
"kappa.o",36,500,0.33,"TRUE","TRUE","FALSE","18.1408657361715","9.13919336456149","9.00167237161004","7.24","0.307","0.763","1,2,3,4,5,6,7,8,9,737,738,739,740,741,742,743,744,745",0.000101349635007038,TRUE,0,0,0,0,18,0,18,0,1
"kappa.o",37,500,0.33,"TRUE","TRUE","FALSE","18.1263958428034","9.12657987450856","8.99981596829483","6.797","0.286","0.648","1,2,3,4,5,6,7,8,9,737,738,739,740,741,742,743,744,745",6.31637815172033e-05,TRUE,0,0,0,0,18,0,18,0,1
"kappa.o",38,500,0.33,"TRUE","TRUE","FALSE","17.4860712011471","9.28156484933255","8.20450635181453","7.61","0.279","0.578","1,2,3,4,5,6,7,8,9,738,739,740,741,742,743,744,745",0.000297143211171196,FALSE,0,0,0,1,17,0,17,0,0.944444444444444
"kappa.o",39,500,0.33,"TRUE","TRUE","FALSE","18.4997019446682","9.49690078499104","9.00280115967715","8.904","0.312","0.701","1,2,3,4,5,6,7,8,9,737,738,739,740,741,742,743,744,745",7.08735186972091e-05,TRUE,0,0,0,0,18,0,18,0,1
"kappa.o",4,500,0.33,"TRUE","TRUE","FALSE","18.2214678109899","9.2159681330808","9.00549967790908","7.648","0.277","0.643","1,2,3,4,5,6,7,8,9,737,738,739,740,741,742,743,744,745",8.14499676469217e-05,TRUE,0,0,0,0,18,0,18,0,1
"kappa.o",40,500,0.33,"TRUE","TRUE","FALSE","17.1751821144432","9.10469835610484","8.0704837583384","7.467","0.291","0.62","1,2,3,4,5,6,7,8,9,738,739,740,741,742,743,744,745",0.000254161675575605,FALSE,0,0,0,1,17,0,17,0,0.944444444444444
"kappa.o",41,500,0.33,"TRUE","TRUE","FALSE","18.0991019124229","9.09900567875792","9.00009623366497","6.65","0.298","0.624","1,2,3,4,5,6,7,8,9,737,738,739,740,741,742,743,744,745",0.000138896453011644,TRUE,0,0,0,0,18,0,18,0,1
"kappa.o",42,500,0.33,"TRUE","TRUE","FALSE","18.1328821403916","9.13041685954346","9.00246528084814","7.146","0.306","0.673","1,2,3,4,5,6,7,8,9,737,738,739,740,741,742,743,744,745",0.000124216820356331,TRUE,0,0,0,0,18,0,18,0,1
"kappa.o",43,500,0.33,"TRUE","TRUE","FALSE","18.1371987033307","9.1334944372093","9.00370426612135","6.967","0.29","0.665","1,2,3,4,5,6,7,8,9,737,738,739,740,741,742,743,744,745",0.000123392567399411,TRUE,0,0,0,0,18,0,18,0,1
"kappa.o",44,500,0.33,"TRUE","TRUE","FALSE","18.1637977346941","9.16083852154765","9.00295921314644","7.311","0.299","0.622","1,2,3,4,5,6,7,8,9,737,738,739,740,741,742,743,744,745",0.000106977890169064,TRUE,0,0,0,0,18,0,18,0,1
"kappa.o",45,500,0.33,"TRUE","TRUE","FALSE","18.1063118154266","9.11421781790352","8.99209399752308","7.442","0.296","0.694","1,2,3,4,5,6,7,8,9,737,738,739,740,741,742,743,744,745",5.82528686106312e-05,TRUE,0,0,0,0,18,0,18,0,1
"kappa.o",46,500,0.33,"TRUE","TRUE","FALSE","18.1151916737751","9.11182301285625","9.00336866091887","6.989","0.297","0.633","1,2,3,4,5,6,7,8,9,737,738,739,740,741,742,743,744,745",7.13434530624363e-05,TRUE,0,0,0,0,18,0,18,0,1
"kappa.o",47,500,0.33,"TRUE","TRUE","FALSE","18.1512166714686","9.15043018461445","9.00078648685415","7.007","0.298","0.642","1,2,3,4,5,6,7,8,9,737,738,739,740,741,742,743,744,745",5.94830785566694e-05,TRUE,0,0,0,0,18,0,18,0,1
"kappa.o",48,500,0.33,"TRUE","TRUE","FALSE","17.3552728434147","9.1254469148748","8.22982592853986","8.106","0.292","0.592","1,2,3,4,5,6,7,8,9,738,739,740,741,742,743,744,745",0.000234745204456261,FALSE,0,0,0,1,17,0,17,0,0.944444444444444
"kappa.o",49,500,0.33,"TRUE","TRUE","FALSE","18.1152094237904","9.11298386438059","9.0022255594098","7.003","0.29","0.637","1,2,3,4,5,6,7,8,9,737,738,739,740,741,742,743,744,745",8.8130675553621e-05,TRUE,0,0,0,0,18,0,18,0,1
"kappa.o",5,500,0.33,"TRUE","TRUE","FALSE","18.2199630922717","9.22579368800049","8.99416940427122","7.877","0.297","0.716","1,2,3,4,5,6,7,8,9,737,738,739,740,741,742,743,744,745",4.12681534835367e-05,TRUE,0,0,0,0,18,0,18,0,1
"kappa.o",50,500,0.33,"TRUE","TRUE","FALSE","18.0389672297057","9.20257614850071","8.836391081205","8.902","0.31","0.743","1,2,3,4,5,6,7,8,9,737,738,739,740,741,742,743,744,745",0.000107373679113654,TRUE,0,0,0,0,18,0,18,0,1
"kappa.o",51,500,0.33,"TRUE","TRUE","FALSE","18.1284829207614","9.12450525825009","9.00397766251133","6.729","0.299","0.652","1,2,3,4,5,6,7,8,9,737,738,739,740,741,742,743,744,745",6.80789045889518e-05,TRUE,0,0,0,0,18,0,18,0,1
"kappa.o",52,500,0.33,"TRUE","TRUE","FALSE","18.0744584361859","9.11098364833005","8.96347478785581","7.279","0.3","0.678","1,2,3,4,5,6,7,8,9,737,738,739,740,741,742,743,744,745",0.000101398528914444,TRUE,0,0,0,0,18,0,18,0,1
"kappa.o",53,500,0.33,"TRUE","TRUE","FALSE","18.0942728352727","9.10025693954693","8.99401589572579","6.922","0.294","0.673","1,2,3,4,5,6,7,8,9,737,738,739,740,741,742,743,744,745",3.07181037234022e-05,TRUE,0,0,0,0,18,0,18,0,1
"kappa.o",54,500,0.33,"TRUE","TRUE","FALSE","18.470413076204","9.46567574074041","9.00473733546356","8.091","0.305","0.656","1,2,3,4,5,6,7,8,9,737,738,739,740,741,742,743,744,745",9.5043345702401e-05,TRUE,0,0,0,0,18,0,18,0,1
"kappa.o",55,500,0.33,"TRUE","TRUE","FALSE","18.1046861572085","9.13969743191022","8.96498872529826","7.162","0.29","0.608","1,2,3,4,5,6,7,8,9,737,738,739,740,741,742,743,744,745",8.15051103305743e-05,TRUE,0,0,0,0,18,0,18,0,1
"kappa.o",56,500,0.33,"TRUE","TRUE","FALSE","18.1584605453655","9.15537432697154","9.003086218394","6.793","0.29","0.658","1,2,3,4,5,6,7,8,9,737,738,739,740,741,742,743,744,745",7.21195692495206e-05,TRUE,0,0,0,0,18,0,18,0,1
"kappa.o",57,500,0.33,"TRUE","TRUE","FALSE","18.1212077507089","9.11724079099827","9.00396695971062","6.895","0.288","0.684","1,2,3,4,5,6,7,8,9,737,738,739,740,741,742,743,744,745",0.000107140055672152,TRUE,0,0,0,0,18,0,18,0,1
"kappa.o",58,500,0.33,"TRUE","TRUE","FALSE","18.2532680317774","9.25109151634504","9.00217651543233","7.282","0.317","0.69","1,2,3,4,5,6,7,8,9,737,738,739,740,741,742,743,744,745",5.3054620659966e-05,TRUE,0,0,0,0,18,0,18,0,1
"kappa.o",59,500,0.33,"TRUE","TRUE","FALSE","18.2140308363178","9.21255131992968","9.00147951638813","7.803","0.307","0.713","1,2,3,4,5,6,7,8,9,737,738,739,740,741,742,743,744,745",5.71376608348503e-05,TRUE,0,0,0,0,18,0,18,0,1
"kappa.o",6,500,0.33,"TRUE","TRUE","FALSE","18.1546940256078","9.15727907379608","8.99741495181171","7.471","0.281","0.653","1,2,3,4,5,6,7,8,9,737,738,739,740,741,742,743,744,745",6.62140299634944e-05,TRUE,0,0,0,0,18,0,18,0,1
"kappa.o",60,500,0.33,"TRUE","TRUE","FALSE","17.9335702382161","9.16809794164276","8.76547229657334","7.756","0.292","0.655","1,2,3,4,5,6,7,8,9,737,738,739,740,741,742,743,744,745",0.000108179787756009,TRUE,0,0,0,0,18,0,18,0,1
"kappa.o",61,500,0.33,"TRUE","TRUE","FALSE","18.1137762585116","9.11052330111386","9.00325295739774","6.932","0.29","0.675","1,2,3,4,5,6,7,8,9,737,738,739,740,741,742,743,744,745",5.61664748784577e-05,TRUE,0,0,0,0,18,0,18,0,1
"kappa.o",62,500,0.33,"TRUE","TRUE","FALSE","18.3645575297635","9.31481757721556","9.04973995254798","7.76","0.285","0.641","1,2,3,4,5,6,7,8,9,737,738,739,740,741,742,743,744,745",5.00237263695634e-05,TRUE,0,0,0,0,18,0,18,0,1
"kappa.o",63,500,0.33,"TRUE","TRUE","FALSE","18.1716111664598","9.168329564549","9.00328160191075","7.184","0.299","0.662","1,2,3,4,5,6,7,8,9,737,738,739,740,741,742,743,744,745",0.000114486943806944,TRUE,0,0,0,0,18,0,18,0,1
"kappa.o",64,500,0.33,"TRUE","TRUE","FALSE","17.6544473849333","9.13648149365405","8.51796589127927","8.001","0.293","0.684","1,2,3,4,5,6,7,8,9,737,738,739,740,741,742,743,744,745",7.14638959640843e-05,TRUE,0,0,0,0,18,0,18,0,1
"kappa.o",65,500,0.33,"TRUE","TRUE","FALSE","18.0914776131361","9.10549293705465","8.98598467608145","6.881","0.297","0.624","1,2,3,4,5,6,7,8,9,737,738,739,740,741,742,743,744,745",5.72857509571003e-05,TRUE,0,0,0,0,18,0,18,0,1
"kappa.o",66,500,0.33,"TRUE","TRUE","FALSE","17.6175627602265","9.14352016903338","8.47404259119312","8.333","0.306","0.71","1,2,3,4,5,6,7,8,9,738,739,740,741,742,743,744,745",0.000244596423514818,FALSE,0,0,0,1,17,0,17,0,0.944444444444444
"kappa.o",67,500,0.33,"TRUE","TRUE","FALSE","17.9326750531558","9.14699205460779","8.78568299854798","8.408","0.341","0.713","1,2,3,4,5,6,7,8,9,737,738,739,740,741,742,743,744,745",6.04753514956307e-05,TRUE,0,0,0,0,18,0,18,0,1
"kappa.o",68,500,0.33,"TRUE","TRUE","FALSE","18.1268209105888","9.12057048169474","9.00625042889403","7.164","0.275","0.663","1,2,3,4,5,6,7,8,9,737,738,739,740,741,742,743,744,745",8.69700453780077e-05,TRUE,0,0,0,0,18,0,18,0,1
"kappa.o",69,500,0.33,"TRUE","TRUE","FALSE","18.1234092565405","9.12066606519199","9.00274319134852","7.287","0.295","0.668","1,2,3,4,5,6,7,8,9,737,738,739,740,741,742,743,744,745",5.7341498521604e-05,TRUE,0,0,0,0,18,0,18,0,1
"kappa.o",7,500,0.33,"TRUE","TRUE","FALSE","18.1050844895759","9.10520554859992","8.99987894097601","7.124","0.303","0.719","1,2,3,4,5,6,7,8,9,737,738,739,740,741,742,743,744,745",7.7645305047435e-05,TRUE,0,0,0,0,18,0,18,0,1
"kappa.o",70,500,0.33,"TRUE","TRUE","FALSE","17.2641151853138","9.11623779863223","8.14787738668157","7.057","0.293","0.609","1,2,3,4,5,6,7,8,9,738,739,740,741,742,743,744,745",0.00026021284125449,FALSE,0,0,0,1,17,0,17,0,0.944444444444444
"kappa.o",71,500,0.33,"TRUE","TRUE","FALSE","18.0303982164714","9.11324682535606","8.91715139111534","7.653","0.308","0.672","1,2,3,4,5,6,7,8,9,737,738,739,740,741,742,743,744,745",9.83812546498681e-05,TRUE,0,0,0,0,18,0,18,0,1
"kappa.o",72,500,0.33,"TRUE","TRUE","FALSE","18.2296236742665","9.22965038174803","8.99997329251847","8.143","0.301","0.728","1,2,3,4,5,6,7,8,9,737,738,739,740,741,742,743,744,745",0.000109941100194319,TRUE,0,0,0,0,18,0,18,0,1
"kappa.o",73,500,0.33,"TRUE","TRUE","FALSE","18.1148535367541","9.1217265277239","8.99312700903024","6.876","0.304","0.686","1,2,3,4,5,6,7,8,9,737,738,739,740,741,742,743,744,745",0.000124237487440032,TRUE,0,0,0,0,18,0,18,0,1
"kappa.o",74,500,0.33,"TRUE","TRUE","FALSE","18.1730958484304","9.17517643370036","8.99791941473005","7.477","0.288","0.667","1,2,3,4,5,6,7,8,9,737,738,739,740,741,742,743,744,745",9.83878975840534e-05,TRUE,0,0,0,0,18,0,18,0,1
"kappa.o",75,500,0.33,"TRUE","TRUE","FALSE","18.1444460045235","9.14463498713124","8.99981101739221","6.919","0.301","0.727","1,2,3,4,5,6,7,8,9,737,738,739,740,741,742,743,744,745",9.73818566620748e-05,TRUE,0,0,0,0,18,0,18,0,1
"kappa.o",76,500,0.33,"TRUE","TRUE","FALSE","17.3255639806548","9.14631505360836","8.17924892704645","7.589","0.29","0.647","1,2,3,4,5,6,7,8,9,738,739,740,741,742,743,744,745",0.000219988195539549,FALSE,0,0,0,1,17,0,17,0,0.944444444444444
"kappa.o",77,500,0.33,"TRUE","TRUE","FALSE","18.2135725228742","9.21105589196502","9.00251663090915","7.436","0.307","0.622","1,2,3,4,5,6,7,8,9,737,738,739,740,741,742,743,744,745",0.000139808955524992,TRUE,0,0,0,0,18,0,18,0,1
"kappa.o",78,500,0.33,"TRUE","TRUE","FALSE","18.1083688369302","9.10494657133728","9.00342226559288","6.932","0.294","0.666","1,2,3,4,5,6,7,8,9,737,738,739,740,741,742,743,744,745",7.71036433118129e-05,TRUE,0,0,0,0,18,0,18,0,1
"kappa.o",79,500,0.33,"TRUE","TRUE","FALSE","18.1413960920995","9.14340952113918","8.99798657096034","7.393","0.286","0.653","1,2,3,4,5,6,7,8,9,737,738,739,740,741,742,743,744,745",0.000108848003803415,TRUE,0,0,0,0,18,0,18,0,1
"kappa.o",8,500,0.33,"TRUE","TRUE","FALSE","18.1371350449141","9.14376992054505","8.99336512436901","7.515","0.297","0.674","1,2,3,4,5,6,7,8,9,737,738,739,740,741,742,743,744,745",3.77939100744634e-05,TRUE,0,0,0,0,18,0,18,0,1
"kappa.o",80,500,0.33,"TRUE","TRUE","FALSE","18.13618738934","9.13433700650922","9.00185038283073","6.947","0.288","0.601","1,2,3,4,5,6,7,8,9,737,738,739,740,741,742,743,744,745",7.33954629768336e-05,TRUE,0,0,0,0,18,0,18,0,1
"kappa.o",81,500,0.33,"TRUE","TRUE","FALSE","17.5494638441447","9.13605642419002","8.41340741995466","8.121","0.293","0.656","1,2,3,4,5,6,7,8,9,738,739,740,741,742,743,744,745",0.0001997794009749,FALSE,0,0,0,1,17,0,17,0,0.944444444444444
"kappa.o",82,500,0.33,"TRUE","TRUE","FALSE","18.1234208604109","9.12090116982206","9.00251969058882","6.944","0.296","0.676","1,2,3,4,5,6,7,8,9,737,738,739,740,741,742,743,744,745",9.50847311709498e-05,TRUE,0,0,0,0,18,0,18,0,1
"kappa.o",83,500,0.33,"TRUE","TRUE","FALSE","18.1928631178552","9.11774518974967","9.07511792810549","7.232","0.293","0.637","1,2,3,4,5,6,7,8,9,737,738,739,740,741,742,743,744,745",9.57391632272785e-05,TRUE,0,0,0,0,18,0,18,0,1
"kappa.o",84,500,0.33,"TRUE","TRUE","FALSE","17.3982686203063","9.39281103788607","8.00545758242021","8.148","0.294","0.633","1,2,3,4,5,6,7,8,9,738,739,740,741,742,743,744,745",0.00020238815332878,FALSE,0,0,0,1,17,0,17,0,0.944444444444444
"kappa.o",85,500,0.33,"TRUE","TRUE","FALSE","18.1116832314587","9.10986456495984","9.00181866649882","6.883","0.291","0.632","1,2,3,4,5,6,7,8,9,737,738,739,740,741,742,743,744,745",4.71508069802079e-05,TRUE,0,0,0,0,18,0,18,0,1
"kappa.o",86,500,0.33,"TRUE","TRUE","FALSE","18.1954599474881","9.19746651821621","8.99799342927189","7.543","0.289","0.693","1,2,3,4,5,6,7,8,9,737,738,739,740,741,742,743,744,745",6.46122657291019e-05,TRUE,0,0,0,0,18,0,18,0,1
"kappa.o",87,500,0.33,"TRUE","TRUE","FALSE","17.7693070366283","9.12726045851906","8.6420465781092","10.367","0.298","0.66","1,2,3,4,5,6,7,8,9,737,738,739,740,741,742,743,744,745",0.000104516060843802,TRUE,0,0,0,0,18,0,18,0,1
"kappa.o",88,500,0.33,"TRUE","TRUE","FALSE","18.0956511328105","9.15633781977483","8.93931331303567","7.527","0.292","0.663","1,2,3,4,5,6,7,8,9,737,738,739,740,741,742,743,744,745",2.90638951508601e-05,TRUE,0,0,0,0,18,0,18,0,1
"kappa.o",89,500,0.33,"TRUE","TRUE","FALSE","18.1226016306789","9.11996932975603","9.00263230092283","7.91","0.323","0.684","1,2,3,4,5,6,7,8,9,737,738,739,740,741,742,743,744,745",5.89320392204823e-05,TRUE,0,0,0,0,18,0,18,0,1
"kappa.o",9,500,0.33,"TRUE","TRUE","FALSE","18.1012588266693","9.10000748757127","9.00125133909806","7.177","0.293","0.715","1,2,3,4,5,6,7,8,9,737,738,739,740,741,742,743,744,745",5.20739265291376e-05,TRUE,0,0,0,0,18,0,18,0,1
"kappa.o",90,500,0.33,"TRUE","TRUE","FALSE","18.1231367602454","9.12317507484098","8.99996168540443","7.139","0.291","0.625","1,2,3,4,5,6,7,8,9,737,738,739,740,741,742,743,744,745",8.11171717850249e-05,TRUE,0,0,0,0,18,0,18,0,1
"kappa.o",91,500,0.33,"TRUE","TRUE","FALSE","18.1903968167454","9.18840607695211","9.00199073979333","7.544","0.31","0.743","1,2,3,4,5,6,7,8,9,737,738,739,740,741,742,743,744,745",6.77799627201993e-05,TRUE,0,0,0,0,18,0,18,0,1
"kappa.o",92,500,0.33,"TRUE","TRUE","FALSE","18.0989478763915","9.10065955966605","8.9982883167254","6.587","0.298","0.681","1,2,3,4,5,6,7,8,9,737,738,739,740,741,742,743,744,745",1.84147856653436e-05,TRUE,0,0,0,0,18,0,18,0,1
"kappa.o",93,500,0.33,"TRUE","TRUE","FALSE","19.0163952113587","10.0451521023059","8.97124310905273","8.32","0.307","0.63","1,2,3,4,5,6,7,8,9,396,737,738,739,740,741,742,743,744,745",0.000259635291637853,FALSE,1,0,0,0,19,1,18,0.0526315789473684,1
"kappa.o",94,500,0.33,"TRUE","TRUE","FALSE","18.1148617614882","9.11138058226716","9.00348117922102","7.095","0.298","0.659","1,2,3,4,5,6,7,8,9,737,738,739,740,741,742,743,744,745",6.83334376063382e-05,TRUE,0,0,0,0,18,0,18,0,1
"kappa.o",95,500,0.33,"TRUE","TRUE","FALSE","17.7260921291234","9.16581309958961","8.56027902953375","8.026","0.289","0.637","1,2,3,4,5,6,7,8,9,737,738,739,740,741,742,743,744,745",8.83445355396264e-05,TRUE,0,0,0,0,18,0,18,0,1
"kappa.o",96,500,0.33,"TRUE","TRUE","FALSE","18.1331640553133","9.12949736091208","9.00366669440121","7.14","0.298","0.686","1,2,3,4,5,6,7,8,9,737,738,739,740,741,742,743,744,745",9.89340232447406e-05,TRUE,0,0,0,0,18,0,18,0,1
"kappa.o",97,500,0.33,"TRUE","TRUE","FALSE","18.0952010195281","9.09134759674313","9.00385342278499","6.584","0.288","0.632","1,2,3,4,5,6,7,8,9,737,738,739,740,741,742,743,744,745",0.000109460067038204,TRUE,0,0,0,0,18,0,18,0,1
"kappa.o",98,500,0.33,"TRUE","TRUE","FALSE","18.1834343526107","9.18155132563833","9.00188302697233","7.049","0.281","0.645","1,2,3,4,5,6,7,8,9,737,738,739,740,741,742,743,744,745",9.40554000665642e-05,TRUE,0,0,0,0,18,0,18,0,1
"kappa.o",99,500,0.33,"TRUE","TRUE","FALSE","18.1570163709136","9.154529244977","9.00248712593657","7.471","0.291","0.687","1,2,3,4,5,6,7,8,9,737,738,739,740,741,742,743,744,745",0.000135851113355977,TRUE,0,0,0,0,18,0,18,0,1
"lasso.cv",1,500,0.33,"TRUE","TRUE","FALSE","17.9237763781506","9.10643770179098","8.81733867635966","7.714","0.295","0.703","1,2,3,4,5,6,7,8,9,14,24,33,58,59,63,68,72,77,81,93,95,104,107,109,110,137,154,168,176,178,183,217,224,246,247,251,260,262,265,268,279,301,306,322,333,335,336,352,363,373,388,392,397,407,412,423,438,440,441,452,465,481,488,495,498,550,552,557,559,562,572,584,588,595,604,617,642,649,650,678,681,682,694,697,700,706,725,737,738,739,740,741,742,743,744,745",0.000667980617686341,FALSE,78,0,0,0,96,78,18,0.8125,1
"lasso.cv",10,500,0.33,"TRUE","TRUE","FALSE","18.1039781648363","9.11568444499343","8.98829371984289","7.325","0.295","0.72","1,2,3,4,5,6,7,8,9,42,45,48,71,97,104,109,112,113,116,119,121,125,129,167,198,202,212,222,234,242,246,253,258,308,312,322,341,342,348,363,364,374,379,384,385,393,398,428,436,466,483,494,509,526,530,539,541,549,565,567,586,641,645,654,667,672,676,684,696,719,721,727,734,737,738,739,740,741,742,743,744,745",0.000519163507038614,FALSE,64,0,0,0,82,64,18,0.780487804878049,1
"lasso.cv",100,500,0.33,"TRUE","TRUE","FALSE","18.1203439063134","9.13182128311261","8.98852262320077","7.002","0.298","0.677","1,2,3,4,5,6,7,8,9,13,18,29,39,52,54,55,58,61,70,76,92,119,120,121,130,134,137,152,162,166,173,187,212,221,255,272,281,291,314,316,343,360,375,387,401,410,416,460,495,498,503,517,519,520,546,556,561,569,572,581,589,597,612,626,636,658,667,668,669,737,738,739,740,741,742,743,744,745,766",0.000479535873070169,FALSE,60,1,0,0,79,61,18,0.772151898734177,1
"lasso.cv",11,500,0.33,"TRUE","TRUE","FALSE","18.3079046091572","9.30655501972789","9.00134958942935","8.211","0.295","0.681","1,2,3,4,5,6,7,8,9,24,35,42,62,101,102,104,134,135,142,151,162,173,191,213,217,218,224,263,283,299,304,305,322,362,371,395,410,411,424,432,433,437,438,450,466,469,483,497,500,525,536,560,571,572,578,583,622,637,652,663,664,667,672,675,678,686,688,694,696,699,715,737,738,739,740,741,742,743,744,745,763",0.00065411280890759,FALSE,62,1,0,0,81,63,18,0.777777777777778,1
"lasso.cv",12,500,0.33,"TRUE","TRUE","FALSE","18.1272396198527","9.13142377605103","8.99581584380167","6.962","0.273","0.619","1,2,3,4,5,6,7,8,9,17,29,51,91,104,129,131,159,164,184,202,231,260,275,296,305,322,373,389,408,417,436,443,465,478,479,494,526,530,535,539,543,551,554,588,589,606,617,650,653,664,676,692,703,718,728,729,734,737,738,739,740,741,742,743,744,745,762",0.000442076437814135,FALSE,48,1,0,0,67,49,18,0.73134328358209,1
"lasso.cv",13,500,0.33,"TRUE","TRUE","FALSE","17.5203107338999","9.15689395022449","8.36341678367537","8.359","0.294","0.639","1,2,3,4,5,6,7,8,9,16,18,32,42,82,103,104,142,152,158,159,170,188,197,229,236,248,250,278,279,293,329,357,366,376,383,385,415,419,424,434,449,466,474,475,477,489,494,512,539,549,559,564,585,602,620,630,634,653,674,690,691,697,700,701,717,733,737,738,739,740,741,742,743,744,745,754,765",0.000468995659180242,FALSE,57,2,0,0,77,59,18,0.766233766233766,1
"lasso.cv",14,500,0.33,"TRUE","TRUE","FALSE","18.109862291856","9.08035356439478","9.0295087274612","6.846","0.297","0.631","1,2,3,4,5,6,7,8,9,22,51,58,61,71,72,91,92,104,119,127,134,195,224,225,232,247,249,250,271,280,323,335,340,342,385,397,407,415,420,425,487,494,510,520,529,531,539,549,556,576,581,612,619,634,636,641,654,661,668,678,682,684,686,691,728,729,737,738,739,740,741,742,743,744,745,765",0.000435690690199907,FALSE,57,1,0,0,76,58,18,0.763157894736842,1
"lasso.cv",15,500,0.33,"TRUE","TRUE","FALSE","18.2002335273258","9.19926677758328","9.00096674974253","7.645","0.296","0.683","1,2,3,4,5,6,7,8,9,18,23,26,39,47,50,53,61,65,94,101,127,178,207,211,214,246,247,252,272,274,341,361,365,374,400,402,420,423,424,428,432,483,495,499,508,515,519,522,567,578,605,613,617,635,638,650,653,655,661,664,672,697,716,718,737,738,739,740,741,742,743,744,745",0.000488587792098775,FALSE,55,0,0,0,73,55,18,0.753424657534247,1
"lasso.cv",16,500,0.33,"TRUE","TRUE","FALSE","18.2779698885013","9.30724207877419","8.97072780972711","7.368","0.29","0.64","1,2,3,4,5,6,7,8,9,29,39,49,56,105,121,122,123,130,139,152,169,170,180,190,239,248,251,280,299,308,318,328,339,362,368,405,408,411,413,432,460,462,464,470,483,486,488,517,518,527,532,534,562,589,594,623,624,650,661,676,704,713,732,737,738,739,740,741,742,743,744,745,758",0.000485859047927911,FALSE,54,1,0,0,73,55,18,0.753424657534247,1
"lasso.cv",17,500,0.33,"TRUE","TRUE","FALSE","18.1883777283937","9.23960167214979","8.94877605624393","7.797","0.305","0.693","1,2,3,4,5,6,7,8,9,27,32,80,82,83,85,95,145,163,173,184,203,212,226,240,246,253,254,267,273,280,288,329,336,348,349,369,402,403,415,432,436,438,462,465,478,499,509,514,516,540,544,564,589,595,605,618,633,639,646,658,672,683,684,691,702,715,725,737,738,739,740,741,742,743,744,745,748",0.000658157347231498,FALSE,58,1,0,0,77,59,18,0.766233766233766,1
"lasso.cv",18,500,0.33,"TRUE","TRUE","FALSE","18.1138420626949","9.11656825225329","8.99727381044158","7.163","0.3","0.671","1,2,3,4,5,6,7,8,9,10,16,18,26,29,54,57,58,88,100,113,153,160,167,183,184,191,196,202,217,227,256,303,306,320,322,345,346,354,372,389,401,415,426,428,430,451,459,462,470,513,529,540,546,563,567,589,592,595,619,636,643,653,656,670,700,705,706,707,719,737,738,739,740,741,742,743,744,745,746",0.000525713410778447,FALSE,60,1,0,0,79,61,18,0.772151898734177,1
"lasso.cv",19,500,0.33,"TRUE","TRUE","FALSE","17.1613766201415","9.14220947280894","8.01916714733252","7.184","0.281","0.622","1,2,3,4,5,6,7,8,9,16,17,25,53,71,94,99,101,108,112,127,151,152,165,168,176,179,190,191,192,198,203,206,226,252,258,277,282,300,327,348,376,384,385,388,436,462,468,473,475,478,480,491,505,525,534,546,574,591,618,653,656,659,666,695,703,704,737,738,739,740,741,742,743,744,745,746,750",0.000454554379173046,FALSE,57,2,0,0,77,59,18,0.766233766233766,1
"lasso.cv",2,500,0.33,"TRUE","TRUE","FALSE","18.1065727941075","9.10328418383061","9.00328861027687","6.876","0.288","0.637","1,2,3,4,5,6,7,8,9,29,40,45,46,59,82,88,129,143,145,152,158,176,196,211,221,227,239,253,258,286,291,299,309,322,338,342,352,363,385,393,403,420,455,474,477,495,502,519,539,546,563,564,574,581,582,589,592,620,621,632,634,637,639,640,661,664,700,707,715,734,735,737,738,739,740,741,742,743,744,745,758,761,765",0.00043263958405721,FALSE,62,3,0,0,83,65,18,0.783132530120482,1
"lasso.cv",20,500,0.33,"TRUE","TRUE","FALSE","18.0982565066094","9.09888337460282","8.9993731320066","7.167","0.303","0.639","1,2,3,4,5,6,7,8,9,18,28,29,42,44,74,77,79,86,87,94,103,128,135,139,179,183,190,193,214,217,237,254,258,277,292,303,325,343,361,365,370,384,397,426,432,462,489,494,567,568,584,595,620,642,655,667,687,692,697,718,721,737,738,739,740,741,742,743,744,745",0.000348153073594177,FALSE,52,0,0,0,70,52,18,0.742857142857143,1
"lasso.cv",21,500,0.33,"TRUE","TRUE","FALSE","18.1178927281594","9.11465765224355","9.00323507591581","7.112","0.299","0.689","1,2,3,4,5,6,7,8,9,17,27,72,76,82,89,91,92,108,112,116,135,148,149,183,198,207,224,230,231,240,246,256,285,292,340,345,397,437,504,513,514,520,537,543,545,604,645,653,655,657,666,693,701,713,715,727,737,738,739,740,741,742,743,744,745,760,762",0.000431121938544211,FALSE,47,2,0,0,67,49,18,0.73134328358209,1
"lasso.cv",22,500,0.33,"TRUE","TRUE","FALSE","18.4262863709583","9.42496241465951","9.00132395629876","7.924","0.295","0.729","1,2,3,4,5,6,7,8,9,23,27,47,53,55,67,73,79,80,84,93,94,97,116,129,134,137,152,163,171,176,178,180,187,190,212,218,223,234,252,279,299,309,310,339,373,392,400,401,402,425,443,445,469,475,529,531,534,537,549,564,573,580,592,597,604,612,617,619,632,648,653,655,665,672,675,682,687,690,691,716,722,728,737,738,739,740,741,742,743,744,745,751,767",0.000503626606589752,FALSE,73,2,0,0,93,75,18,0.806451612903226,1
"lasso.cv",23,500,0.33,"TRUE","TRUE","FALSE","18.1258377229392","9.12313707396605","9.00270064897319","7.012","0.294","0.655","1,2,3,4,5,6,7,8,9,14,18,23,27,34,37,65,80,81,82,86,98,142,168,187,198,203,215,216,217,235,242,246,253,273,276,277,278,285,292,328,341,342,362,415,424,437,456,487,533,564,591,600,602,619,650,654,667,676,677,691,737,738,739,740,741,742,743,744,745",0.000313805672903767,FALSE,51,0,0,0,69,51,18,0.739130434782609,1
"lasso.cv",24,500,0.33,"TRUE","TRUE","FALSE","18.115795185777","9.11047816699242","9.00531701878454","6.93","0.288","0.643","1,2,3,4,5,6,7,8,9,17,20,25,34,47,53,61,102,116,118,123,127,140,152,186,202,214,232,250,270,273,279,287,302,310,322,326,331,340,342,356,360,374,415,416,437,456,477,507,523,548,588,647,658,659,661,665,671,686,719,725,734,737,738,739,740,741,742,743,744,745,751,753,759",0.000378388738329588,FALSE,52,3,0,0,73,55,18,0.753424657534247,1
"lasso.cv",25,500,0.33,"TRUE","TRUE","FALSE","18.1788077623542","9.1716032971153","9.00720446523887","7.52","0.282","0.596","1,2,3,4,5,6,7,8,9,16,17,61,71,72,75,80,107,166,173,197,215,227,239,246,247,255,258,288,298,308,309,328,339,349,353,361,363,374,380,382,421,426,427,462,467,475,476,483,502,504,572,578,587,616,620,635,672,676,686,706,714,729,737,738,739,740,741,742,743,744,745",0.000343018307706646,FALSE,53,0,0,0,71,53,18,0.746478873239437,1
"lasso.cv",26,500,0.33,"TRUE","TRUE","FALSE","18.0550548792171","9.13684449751855","8.91821038169851","7.413","0.292","0.661","1,2,3,4,5,6,7,8,9,11,18,42,55,58,89,94,95,116,118,124,150,168,202,250,263,265,267,269,312,315,324,326,353,357,361,362,364,383,397,400,402,408,470,474,483,494,498,550,556,563,567,573,587,611,618,644,657,661,672,676,691,695,699,700,703,732,737,738,739,740,741,742,743,744,745,750,757,759",0.000566526144319421,FALSE,57,3,0,0,78,60,18,0.769230769230769,1
"lasso.cv",27,500,0.33,"TRUE","TRUE","FALSE","18.1498162736637","9.14657923884615","9.00323703481752","7.137","0.296","0.672","1,2,3,4,5,6,7,8,9,17,26,27,43,47,48,53,59,65,92,98,111,141,165,181,197,204,249,256,299,314,326,338,382,384,412,426,433,435,436,443,451,474,475,494,498,506,569,582,588,595,599,607,608,612,617,643,656,658,669,672,696,697,701,702,705,717,732,737,738,739,740,741,742,743,744,745,746",0.00049107105187547,FALSE,58,1,0,0,77,59,18,0.766233766233766,1
"lasso.cv",28,500,0.33,"TRUE","TRUE","FALSE","18.2288977599683","9.2268831394806","9.0020146204877","7.381","0.309","0.756","1,2,3,4,5,6,7,8,9,42,43,51,58,66,69,92,99,118,123,124,125,140,145,148,178,190,217,226,241,285,302,306,313,327,328,337,353,385,389,392,399,419,423,427,428,440,451,529,530,531,534,539,540,546,551,553,579,613,619,620,634,639,653,654,655,676,696,709,734,737,738,739,740,741,742,743,744,745,751",0.000630823431313887,FALSE,60,1,0,0,79,61,18,0.772151898734177,1
"lasso.cv",29,500,0.33,"TRUE","TRUE","FALSE","18.1051853972472","9.26741605558106","8.83776934166614","8.112","0.296","0.647","1,2,3,4,5,6,7,8,9,27,29,73,83,96,101,103,106,152,174,180,182,187,201,202,208,210,222,224,226,240,242,258,263,277,306,309,322,343,354,374,384,416,426,428,432,433,452,455,465,481,483,498,507,528,538,617,621,653,674,680,693,694,712,737,738,739,740,741,742,743,744,745",0.000616280144255812,FALSE,54,0,0,0,72,54,18,0.75,1
"lasso.cv",3,500,0.33,"TRUE","TRUE","FALSE","18.1008166138395","9.1000622116171","9.00075440222241","6.9","0.405","0.671","1,2,3,4,5,6,7,8,9,18,28,40,58,70,75,86,93,95,98,103,105,127,148,157,178,195,212,217,230,252,258,279,288,289,293,307,324,349,352,356,408,411,421,423,426,436,465,519,528,540,549,567,580,600,618,623,625,661,696,703,709,710,729,737,738,739,740,741,742,743,744,745,754",0.000432937503455781,FALSE,54,1,0,0,73,55,18,0.753424657534247,1
"lasso.cv",30,500,0.33,"TRUE","TRUE","FALSE","18.1128683927262","9.11755580915974","8.99531258356647","7.438","0.345","0.775","1,2,3,4,5,6,7,8,9,15,18,22,24,36,51,69,71,85,93,125,136,142,180,182,218,246,250,252,260,270,278,285,318,320,340,346,357,360,374,375,376,382,421,423,441,462,468,472,494,507,511,517,543,561,562,574,577,595,629,634,643,656,667,676,678,683,686,705,707,711,716,722,723,737,738,739,740,741,742,743,744,745,746,762",0.000375774943684516,FALSE,64,2,0,0,84,66,18,0.785714285714286,1
"lasso.cv",31,500,0.33,"TRUE","TRUE","FALSE","18.1181005820055","9.11473191581505","9.00336866619049","7.702","0.298","0.708","1,2,3,4,5,6,7,8,9,18,42,72,77,85,89,104,106,107,111,129,142,157,161,166,183,187,191,197,209,222,223,247,250,255,258,267,271,283,284,286,288,317,322,359,383,410,423,431,433,439,489,494,500,515,519,526,565,582,584,606,640,643,650,655,660,668,671,672,675,692,700,703,715,716,729,730,737,738,739,740,741,742,743,744,745,759,764",0.00045545176303152,FALSE,67,2,0,0,87,69,18,0.793103448275862,1
"lasso.cv",32,500,0.33,"TRUE","TRUE","FALSE","18.1165550245772","9.11436119169213","9.00219383288504","6.666","0.299","0.704","1,2,3,4,5,6,7,8,9,17,22,42,67,72,83,88,89,116,123,158,161,178,179,192,258,272,276,297,309,315,339,370,383,416,423,437,474,490,491,537,548,561,563,573,583,588,590,612,617,619,621,623,655,656,669,674,676,699,703,721,728,732,737,738,739,740,741,742,743,744,745,767",0.000530620151568465,FALSE,53,1,0,0,72,54,18,0.75,1
"lasso.cv",33,500,0.33,"TRUE","TRUE","FALSE","18.1875968859236","9.1838377661995","9.00375911972411","7.027","0.292","0.639","1,2,3,4,5,6,7,8,9,14,16,26,34,47,62,70,72,75,83,93,96,106,118,129,141,150,173,178,225,230,231,232,255,258,263,264,309,326,335,336,344,345,351,355,361,383,399,429,443,478,484,489,506,507,511,536,545,558,610,613,619,626,633,651,653,667,680,681,686,691,715,732,737,738,739,740,741,742,743,744,745,756",0.000458199474305382,FALSE,63,1,0,0,82,64,18,0.780487804878049,1
"lasso.cv",34,500,0.33,"TRUE","TRUE","FALSE","18.1436560777996","9.14138255264488","9.00227352515471","7.027","0.294","0.629","1,2,3,4,5,6,7,8,9,10,12,35,47,64,81,82,83,84,109,110,138,157,159,164,166,173,175,187,202,214,241,256,264,279,291,308,354,357,359,376,380,384,389,401,416,421,426,437,439,440,442,450,462,474,488,501,555,557,572,595,599,606,650,652,655,672,690,696,719,737,738,739,740,741,742,743,744,745,759,767",0.000357741862280781,FALSE,60,2,0,0,80,62,18,0.775,1
"lasso.cv",35,500,0.33,"TRUE","TRUE","FALSE","18.1179165344807","9.11472792132289","9.00318861315782","7.046","0.308","0.827","1,2,3,4,5,6,7,8,9,15,17,22,24,27,40,48,49,59,65,96,97,103,112,121,123,162,173,174,178,181,182,198,201,210,215,222,246,260,291,340,341,357,358,361,385,388,393,411,427,430,449,472,475,487,497,504,516,531,536,537,549,559,578,586,588,601,603,604,608,616,617,632,634,639,653,654,664,667,672,690,694,716,719,737,738,739,740,741,742,743,744,745,754,761",0.000465236000886641,FALSE,74,2,0,0,94,76,18,0.808510638297872,1
"lasso.cv",36,500,0.33,"TRUE","TRUE","FALSE","18.1408657361715","9.13919336456149","9.00167237161004","7.24","0.307","0.763","1,2,3,4,5,6,7,8,9,17,18,90,91,92,94,97,98,99,103,106,127,140,148,149,162,163,168,184,202,217,222,249,278,281,322,328,336,345,346,353,357,360,373,395,398,408,424,432,433,434,438,449,453,456,465,469,472,500,505,507,511,572,589,606,612,617,618,621,642,645,669,676,677,688,691,707,714,715,716,718,719,728,737,738,739,740,741,742,743,744,745",0.000732784886660997,FALSE,73,0,0,0,91,73,18,0.802197802197802,1
"lasso.cv",37,500,0.33,"TRUE","TRUE","FALSE","18.1263958428034","9.12657987450856","8.99981596829483","6.797","0.286","0.648","1,2,3,4,5,6,7,8,9,20,30,68,79,82,88,91,132,134,160,195,196,198,205,208,221,225,230,242,268,275,307,322,329,337,339,340,342,357,360,370,389,402,422,424,432,436,441,447,471,503,505,506,509,542,551,565,566,569,578,595,611,613,617,619,638,640,651,652,670,672,676,701,737,738,739,740,741,742,743,744,745,746,749",0.000430680904921668,FALSE,63,2,0,0,83,65,18,0.783132530120482,1
"lasso.cv",38,500,0.33,"TRUE","TRUE","FALSE","17.4860712011471","9.28156484933255","8.20450635181453","7.61","0.279","0.578","1,2,3,4,5,6,7,8,9,22,30,36,73,78,87,98,111,112,125,134,142,183,196,197,201,289,291,342,366,396,415,437,453,457,460,488,515,534,537,547,551,571,585,596,598,600,606,616,618,633,640,674,686,716,719,732,737,738,739,740,741,742,743,744,745,752,754",0.00041706973715854,FALSE,47,2,0,0,67,49,18,0.73134328358209,1
"lasso.cv",39,500,0.33,"TRUE","TRUE","FALSE","18.4997019446682","9.49690078499104","9.00280115967715","8.904","0.312","0.701","1,2,3,4,5,6,7,8,9,24,72,75,77,88,92,94,96,99,100,109,111,125,158,178,183,187,190,217,218,235,240,244,245,251,262,278,286,298,307,311,316,342,384,385,389,408,416,420,428,438,443,465,482,494,504,507,512,517,550,554,556,558,564,601,602,603,606,613,619,632,636,639,654,655,677,692,702,715,719,729,737,738,739,740,741,742,743,744,745,763",0.000645755701546365,FALSE,71,1,0,0,90,72,18,0.8,1
"lasso.cv",4,500,0.33,"TRUE","TRUE","FALSE","18.2214678109899","9.2159681330808","9.00549967790908","7.648","0.277","0.643","1,2,3,4,5,6,7,8,9,13,18,61,65,78,135,140,173,176,180,190,206,212,217,244,246,256,257,270,289,290,306,337,360,364,373,377,378,403,436,456,462,511,512,541,554,556,564,567,576,584,597,612,617,619,636,693,707,708,737,738,739,740,741,742,743,744,745,748,749,751,757",0.000540197019433801,FALSE,49,4,0,0,71,53,18,0.746478873239437,1
"lasso.cv",40,500,0.33,"TRUE","TRUE","FALSE","17.1751821144432","9.10469835610484","8.0704837583384","7.467","0.291","0.62","1,2,3,4,5,6,7,8,9,11,23,40,46,47,83,89,125,147,148,152,156,159,166,168,170,171,197,202,205,207,227,228,230,234,244,246,285,289,306,307,317,335,374,407,416,419,430,438,454,462,477,528,530,541,557,561,572,591,609,610,612,625,637,653,655,661,672,685,697,700,707,725,737,738,739,740,741,742,743,744,745,750,752",0.000453279895227548,FALSE,63,2,0,0,83,65,18,0.783132530120482,1
"lasso.cv",41,500,0.33,"TRUE","TRUE","FALSE","18.0991019124229","9.09900567875792","9.00009623366497","6.65","0.298","0.624","1,2,3,4,5,6,7,8,9,11,18,47,58,71,74,78,80,81,85,94,103,114,129,143,161,174,212,222,239,250,271,277,291,294,306,308,331,348,381,382,385,396,401,428,431,540,567,572,591,601,603,605,609,612,643,658,682,690,730,737,738,739,740,741,742,743,744,745,748,759,762",0.000326774648290792,FALSE,50,3,0,0,71,53,18,0.746478873239437,1
"lasso.cv",42,500,0.33,"TRUE","TRUE","FALSE","18.1328821403916","9.13041685954346","9.00246528084814","7.146","0.306","0.673","1,2,3,4,5,6,7,8,9,18,19,22,25,46,47,49,57,59,62,71,112,121,130,149,173,180,197,209,212,218,263,278,290,298,326,337,340,379,384,396,401,407,416,436,452,466,511,525,528,557,562,563,566,591,618,619,629,648,654,661,676,682,683,703,707,737,738,739,740,741,742,743,744,745",0.00044784967949106,FALSE,56,0,0,0,74,56,18,0.756756756756757,1
"lasso.cv",43,500,0.33,"TRUE","TRUE","FALSE","18.1371987033307","9.1334944372093","9.00370426612135","6.967","0.29","0.665","1,2,3,4,5,6,7,8,9,18,25,43,44,51,52,55,62,68,93,94,98,104,105,112,117,139,159,181,187,218,221,230,242,272,279,328,336,338,341,395,401,408,416,425,426,450,487,497,499,505,520,532,554,556,577,589,612,644,650,654,656,661,678,685,686,694,737,738,739,740,741,742,743,744,745,757",0.000534865279230045,FALSE,57,1,0,0,76,58,18,0.763157894736842,1
"lasso.cv",44,500,0.33,"TRUE","TRUE","FALSE","18.1637977346941","9.16083852154765","9.00295921314644","7.311","0.299","0.622","1,2,3,4,5,6,7,8,9,16,17,28,42,67,77,125,151,152,175,217,234,254,258,295,312,322,327,333,345,352,355,356,398,408,412,463,480,483,500,504,517,540,577,586,589,591,605,616,619,653,655,656,672,678,713,715,719,725,734,737,738,739,740,741,742,743,744,745",0.000385703533834717,FALSE,50,0,0,0,68,50,18,0.735294117647059,1
"lasso.cv",45,500,0.33,"TRUE","TRUE","FALSE","18.1063118154266","9.11421781790352","8.99209399752308","7.442","0.296","0.694","1,2,3,4,5,6,7,8,9,18,20,21,22,26,27,36,42,63,73,75,83,92,98,99,105,137,162,169,182,202,213,233,241,264,273,280,284,286,287,295,306,317,320,331,345,361,386,401,411,423,424,429,436,438,453,480,506,550,556,572,577,595,597,608,610,612,618,621,632,653,659,668,671,689,690,715,719,727,737,738,739,740,741,742,743,744,745,746",0.000523723466610247,FALSE,69,1,0,0,88,70,18,0.795454545454545,1
"lasso.cv",46,500,0.33,"TRUE","TRUE","FALSE","18.1151916737751","9.11182301285625","9.00336866091887","6.989","0.297","0.633","1,2,3,4,5,6,7,8,9,18,20,26,29,43,71,75,93,94,97,109,112,142,158,168,171,176,197,210,216,224,225,261,306,307,321,322,326,327,331,342,389,392,396,416,435,478,497,559,563,576,579,584,603,610,614,616,619,620,621,622,637,641,650,653,674,694,713,724,732,737,738,739,740,741,742,743,744,745,746,755,759",0.00049875769947576,FALSE,60,3,0,0,81,63,18,0.777777777777778,1
"lasso.cv",47,500,0.33,"TRUE","TRUE","FALSE","18.1512166714686","9.15043018461445","9.00078648685415","7.007","0.298","0.642","1,2,3,4,5,6,7,8,9,10,45,54,63,76,99,109,110,116,155,166,174,192,212,222,224,245,258,293,299,321,329,341,393,396,400,401,425,436,460,462,481,500,511,538,572,599,609,614,630,636,672,678,698,699,703,737,738,739,740,741,742,743,744,745",0.000417526229561961,FALSE,46,0,0,0,64,46,18,0.71875,1
"lasso.cv",48,500,0.33,"TRUE","TRUE","FALSE","17.3552728434147","9.1254469148748","8.22982592853986","8.106","0.292","0.592","1,2,3,4,5,6,7,8,9,18,29,42,53,91,92,101,103,139,166,183,192,201,202,218,245,265,279,288,301,338,347,373,401,407,415,440,460,463,470,473,494,499,538,540,543,564,569,583,611,612,653,657,658,681,686,691,696,735,737,738,739,740,741,742,743,744,745,747,754,762",0.000325749362265938,FALSE,49,3,0,0,70,52,18,0.742857142857143,1
"lasso.cv",49,500,0.33,"TRUE","TRUE","FALSE","18.1152094237904","9.11298386438059","9.0022255594098","7.003","0.29","0.637","1,2,3,4,5,6,7,8,9,15,45,47,57,81,96,103,119,122,127,134,135,147,157,167,172,193,217,231,236,241,250,284,292,322,338,364,390,398,401,407,426,463,474,475,481,497,501,509,517,529,534,567,573,589,591,654,672,686,688,690,704,709,737,738,739,740,741,742,743,744,745,759,761",0.000432266223590116,FALSE,53,2,0,0,73,55,18,0.753424657534247,1
"lasso.cv",5,500,0.33,"TRUE","TRUE","FALSE","18.2199630922717","9.22579368800049","8.99416940427122","7.877","0.297","0.716","1,2,3,4,5,6,7,8,9,12,18,22,64,69,72,89,101,103,109,122,132,144,152,155,176,187,198,202,209,210,226,259,277,301,306,314,328,329,336,341,346,362,364,383,388,391,401,408,409,416,426,462,475,529,530,542,565,571,572,582,583,586,588,597,598,612,617,631,636,640,653,661,668,669,676,716,732,737,738,739,740,741,742,743,744,745,753,761",0.000639272578151852,FALSE,68,2,0,0,88,70,18,0.795454545454545,1
"lasso.cv",50,500,0.33,"TRUE","TRUE","FALSE","18.0389672297057","9.20257614850071","8.836391081205","8.902","0.31","0.743","1,2,3,4,5,6,7,8,9,12,13,18,30,47,55,88,94,103,105,113,115,118,121,127,138,141,145,163,178,180,200,236,251,256,271,283,288,295,308,309,316,357,410,426,432,433,440,447,462,493,503,506,535,552,557,560,562,582,592,614,617,622,639,672,680,688,698,700,701,707,716,723,726,728,737,738,739,740,741,742,743,744,745,756,759,760,762,765",0.000657599429412879,FALSE,65,5,0,0,88,70,18,0.795454545454545,1
"lasso.cv",51,500,0.33,"TRUE","TRUE","FALSE","18.1284829207614","9.12450525825009","9.00397766251133","6.729","0.299","0.652","1,2,3,4,5,6,7,8,9,14,36,70,89,113,121,158,159,162,178,187,221,225,242,245,255,281,299,328,341,343,360,374,384,397,408,415,421,437,440,457,462,470,474,477,502,516,521,526,539,555,556,564,567,571,582,592,600,603,606,611,623,639,650,672,677,696,697,699,701,703,716,719,723,737,738,739,740,741,742,743,744,745,749,756",0.000463597841326598,FALSE,64,2,0,0,84,66,18,0.785714285714286,1
"lasso.cv",52,500,0.33,"TRUE","TRUE","FALSE","18.0744584361859","9.11098364833005","8.96347478785581","7.279","0.3","0.678","1,2,3,4,5,6,7,8,9,12,25,29,58,64,89,112,129,135,138,140,141,144,178,197,198,230,236,252,260,261,264,275,285,292,295,299,308,309,320,322,323,333,366,403,408,416,420,439,472,488,499,519,530,589,593,595,612,619,636,650,664,672,673,676,682,688,696,713,716,719,737,738,739,740,741,742,743,744,745",0.000443470743406156,FALSE,61,0,0,0,79,61,18,0.772151898734177,1
"lasso.cv",53,500,0.33,"TRUE","TRUE","FALSE","18.0942728352727","9.10025693954693","8.99401589572579","6.922","0.294","0.673","1,2,3,4,5,6,7,8,9,15,18,27,31,58,77,81,98,103,121,128,132,157,160,181,186,202,203,211,218,234,241,243,271,281,320,322,358,360,371,375,385,414,426,438,450,463,481,489,498,513,516,524,538,543,548,560,567,571,572,595,643,653,672,678,679,695,721,727,733,737,738,739,740,741,742,743,744,745,756",0.000447438160097392,FALSE,60,1,0,0,79,61,18,0.772151898734177,1
"lasso.cv",54,500,0.33,"TRUE","TRUE","FALSE","18.470413076204","9.46567574074041","9.00473733546356","8.091","0.305","0.656","1,2,3,4,5,6,7,8,9,16,29,33,41,59,88,93,98,100,114,121,130,135,155,157,173,189,211,215,216,232,243,248,250,255,258,286,292,295,309,316,327,338,344,357,366,408,413,437,441,442,449,457,472,477,481,500,513,528,530,543,554,555,559,565,581,596,616,617,618,650,671,683,688,696,700,703,711,725,730,732,737,738,739,740,741,742,743,744,745,751,761",0.000572649121519071,FALSE,71,2,0,0,91,73,18,0.802197802197802,1
"lasso.cv",55,500,0.33,"TRUE","TRUE","FALSE","18.1046861572085","9.13969743191022","8.96498872529826","7.162","0.29","0.608","1,2,3,4,5,6,7,8,9,13,17,23,29,53,59,77,99,103,104,107,152,178,220,233,256,307,320,324,340,348,353,354,366,416,445,460,487,505,520,550,554,559,566,572,603,611,619,656,685,687,690,700,710,719,731,732,734,737,738,739,740,741,742,743,744,745,751,754",0.000424402007665867,FALSE,48,2,0,0,68,50,18,0.735294117647059,1
"lasso.cv",56,500,0.33,"TRUE","TRUE","FALSE","18.1584605453655","9.15537432697154","9.003086218394","6.793","0.29","0.658","1,2,3,4,5,6,7,8,9,12,13,17,29,30,42,51,53,54,55,56,77,85,93,99,105,137,145,152,161,190,193,196,221,225,227,234,243,258,271,277,309,315,325,328,347,348,374,387,410,416,420,435,451,460,476,495,525,529,555,561,567,594,600,603,604,656,661,665,667,673,692,707,737,738,739,740,741,742,743,744,745,750",0.000483190239821143,FALSE,63,1,0,0,82,64,18,0.780487804878049,1
"lasso.cv",57,500,0.33,"TRUE","TRUE","FALSE","18.1212077507089","9.11724079099827","9.00396695971062","6.895","0.288","0.684","1,2,3,4,5,6,7,8,9,22,28,36,51,54,59,63,75,77,97,104,112,129,140,162,163,192,197,246,258,281,290,296,322,324,346,364,365,389,390,403,419,434,443,462,475,489,502,504,542,552,563,564,611,640,658,661,682,692,710,737,738,739,740,741,742,743,744,745,751",0.000573894112737171,FALSE,50,1,0,0,69,51,18,0.739130434782609,1
"lasso.cv",58,500,0.33,"TRUE","TRUE","FALSE","18.2532680317774","9.25109151634504","9.00217651543233","7.282","0.317","0.69","1,2,3,4,5,6,7,8,9,13,14,39,42,44,53,64,69,71,81,83,85,91,92,105,110,138,151,152,212,258,270,271,275,281,292,320,336,355,368,379,380,384,443,457,462,472,489,498,500,540,563,576,579,580,612,619,626,630,634,636,645,651,664,667,690,691,708,719,730,737,738,739,740,741,742,743,744,745",0.000578655879842669,FALSE,60,0,0,0,78,60,18,0.769230769230769,1
"lasso.cv",59,500,0.33,"TRUE","TRUE","FALSE","18.2140308363178","9.21255131992968","9.00147951638813","7.803","0.307","0.713","1,2,3,4,5,6,7,8,9,20,35,41,48,50,51,61,81,94,102,149,175,178,180,187,196,202,253,258,260,277,319,328,335,337,340,357,360,385,388,392,393,416,419,424,445,450,460,481,486,487,489,498,531,554,559,561,567,577,600,612,615,616,620,650,654,666,669,683,691,696,710,711,714,727,732,737,738,739,740,741,742,743,744,745",0.000574848517217569,FALSE,66,0,0,0,84,66,18,0.785714285714286,1
"lasso.cv",6,500,0.33,"TRUE","TRUE","FALSE","18.1546940256078","9.15727907379608","8.99741495181171","7.471","0.281","0.653","1,2,3,4,5,6,7,8,9,39,41,42,59,65,67,91,93,118,148,149,173,178,180,182,187,212,220,231,240,243,251,269,272,280,301,328,358,363,384,389,400,417,440,446,462,503,519,534,547,572,578,582,661,664,667,671,678,709,737,738,739,740,741,742,743,744,745",0.000394905175800198,FALSE,49,0,0,0,67,49,18,0.73134328358209,1
"lasso.cv",60,500,0.33,"TRUE","TRUE","FALSE","17.9335702382161","9.16809794164276","8.76547229657334","7.756","0.292","0.655","1,2,3,4,5,6,7,8,9,25,27,31,42,75,92,93,95,113,129,152,178,209,227,230,258,286,297,298,301,327,328,329,346,359,362,372,380,408,413,447,493,525,547,560,572,587,589,618,619,621,622,624,639,642,665,674,679,681,686,691,710,724,733,737,738,739,740,741,742,743,744,745",0.000534492409116504,FALSE,54,0,0,0,72,54,18,0.75,1
"lasso.cv",61,500,0.33,"TRUE","TRUE","FALSE","18.1137762585116","9.11052330111386","9.00325295739774","6.932","0.29","0.675","1,2,3,4,5,6,7,8,9,15,24,47,49,95,103,116,128,154,163,173,182,187,190,202,211,212,218,222,246,250,279,281,287,336,340,348,350,352,360,366,371,374,390,403,412,419,467,472,483,487,497,499,510,512,528,533,539,545,578,580,602,609,628,640,663,667,670,682,703,712,724,725,737,738,739,740,741,742,743,744,745,762",0.000400208192933421,FALSE,63,1,0,0,82,64,18,0.780487804878049,1
"lasso.cv",62,500,0.33,"TRUE","TRUE","FALSE","18.3645575297635","9.31481757721556","9.04973995254798","7.76","0.285","0.641","1,2,3,4,5,6,7,8,9,12,14,23,24,44,56,58,61,62,79,86,91,98,109,111,132,137,148,168,171,173,178,180,181,199,220,223,229,245,251,274,278,322,331,350,374,391,395,401,403,419,421,424,436,441,443,468,481,488,494,507,508,545,548,557,559,588,613,628,633,639,670,679,687,703,722,732,736,737,738,739,740,741,742,743,744,745,749,758",0.000322272838931964,FALSE,68,2,0,0,88,70,18,0.795454545454545,1
"lasso.cv",63,500,0.33,"TRUE","TRUE","FALSE","18.1716111664598","9.168329564549","9.00328160191075","7.184","0.299","0.662","1,2,3,4,5,6,7,8,9,19,27,30,42,44,49,54,83,117,121,132,157,160,175,193,202,208,212,225,258,286,292,301,305,306,310,312,315,362,370,389,399,407,408,422,427,428,431,435,456,460,465,468,487,509,523,540,559,566,586,588,597,600,612,639,654,656,658,662,689,703,737,738,739,740,741,742,743,744,745,746",0.0004333859222767,FALSE,61,1,0,0,80,62,18,0.775,1
"lasso.cv",64,500,0.33,"TRUE","TRUE","FALSE","17.6544473849333","9.13648149365405","8.51796589127927","8.001","0.293","0.684","1,2,3,4,5,6,7,8,9,17,27,43,44,71,87,93,95,134,135,139,140,144,183,187,191,196,205,210,246,278,279,325,329,330,334,366,368,379,400,403,436,443,455,479,480,481,485,505,517,520,522,524,562,575,576,579,589,596,612,614,627,628,640,644,667,672,680,686,691,693,698,722,723,734,737,738,739,740,741,742,743,744,745",0.000476738452404135,FALSE,65,0,0,0,83,65,18,0.783132530120482,1
"lasso.cv",65,500,0.33,"TRUE","TRUE","FALSE","18.0914776131361","9.10549293705465","8.98598467608145","6.881","0.297","0.624","1,2,3,4,5,6,7,8,9,18,36,53,59,68,91,99,105,115,152,158,160,164,208,210,211,213,214,215,218,230,244,246,292,308,364,369,396,398,414,416,427,428,432,434,437,442,445,458,478,482,483,488,492,512,513,529,545,564,578,612,614,616,621,625,631,645,678,710,727,732,737,738,739,740,741,742,743,744,745",0.000362107746031527,FALSE,61,0,0,0,79,61,18,0.772151898734177,1
"lasso.cv",66,500,0.33,"TRUE","TRUE","FALSE","17.6175627602265","9.14352016903338","8.47404259119312","8.333","0.306","0.71","1,2,3,4,5,6,7,8,9,29,47,57,68,77,88,95,111,129,135,150,158,171,191,192,202,218,220,223,236,255,258,275,278,279,283,286,312,316,320,343,354,360,361,381,401,424,432,457,462,466,473,475,488,523,532,543,548,555,556,562,589,595,612,618,628,665,681,686,687,714,730,737,738,739,740,741,742,743,744,745,753,755,756,758,761",0.000501224445415774,FALSE,62,5,0,0,85,67,18,0.788235294117647,1
"lasso.cv",67,500,0.33,"TRUE","TRUE","FALSE","17.9326750531558","9.14699205460779","8.78568299854798","8.408","0.341","0.713","1,2,3,4,5,6,7,8,9,15,31,65,76,79,88,99,101,106,113,116,137,142,162,166,181,187,197,198,203,216,217,223,224,239,242,246,251,261,271,279,281,305,308,309,364,368,393,406,415,419,420,481,483,508,528,530,539,543,549,551,558,600,620,621,633,637,668,672,676,682,699,706,721,725,737,738,739,740,741,742,743,744,745",0.000343378010875242,FALSE,65,0,0,0,83,65,18,0.783132530120482,1
"lasso.cv",68,500,0.33,"TRUE","TRUE","FALSE","18.1268209105888","9.12057048169474","9.00625042889403","7.164","0.275","0.663","1,2,3,4,5,6,7,8,9,14,18,24,29,42,69,87,105,108,116,136,148,163,165,168,202,209,215,287,327,334,343,350,354,373,399,408,416,419,424,438,456,458,460,469,470,475,487,489,536,545,564,567,577,595,596,612,619,620,636,641,643,653,656,660,665,737,738,739,740,741,742,743,744,745,752,762,767",0.000460595652063184,FALSE,56,3,0,0,77,59,18,0.766233766233766,1
"lasso.cv",69,500,0.33,"TRUE","TRUE","FALSE","18.1234092565405","9.12066606519199","9.00274319134852","7.287","0.295","0.668","1,2,3,4,5,6,7,8,9,19,22,25,39,40,72,78,86,99,109,150,163,167,199,208,251,267,280,298,304,384,399,400,420,427,428,483,486,513,519,520,522,540,543,549,557,562,606,617,625,636,640,648,659,677,693,696,712,729,737,738,739,740,741,742,743,744,745,751,758,762",0.000303145441592152,FALSE,49,3,0,0,70,52,18,0.742857142857143,1
"lasso.cv",7,500,0.33,"TRUE","TRUE","FALSE","18.1050844895759","9.10520554859992","8.99987894097601","7.124","0.303","0.719","1,2,3,4,5,6,7,8,9,11,15,18,19,25,36,40,50,54,64,75,83,102,107,117,132,142,162,186,187,191,210,251,252,270,274,322,325,362,364,365,384,389,392,406,412,426,432,434,436,450,460,490,519,527,550,563,566,577,584,595,604,607,615,617,619,640,643,649,662,664,678,683,696,697,700,727,737,738,739,740,741,742,743,744,745",0.000527513923190052,FALSE,67,0,0,0,85,67,18,0.788235294117647,1
"lasso.cv",70,500,0.33,"TRUE","TRUE","FALSE","17.2641151853138","9.11623779863223","8.14787738668157","7.057","0.293","0.609","1,2,3,4,5,6,7,8,9,14,18,27,40,48,61,85,88,89,95,101,152,180,201,202,217,254,261,325,338,352,380,387,390,439,488,498,507,513,519,582,584,595,605,606,607,617,619,647,672,674,682,692,693,706,718,725,737,738,739,740,741,742,743,744,745,765",0.000563069536301136,FALSE,47,1,0,0,66,48,18,0.727272727272727,1
"lasso.cv",71,500,0.33,"TRUE","TRUE","FALSE","18.0303982164714","9.11324682535606","8.91715139111534","7.653","0.308","0.672","1,2,3,4,5,6,7,8,9,18,24,58,69,71,73,82,93,98,102,105,109,112,145,147,183,190,202,214,220,221,222,246,270,291,306,313,322,329,342,350,372,381,384,385,392,414,418,423,426,443,456,468,476,503,519,528,530,532,533,534,552,567,568,578,585,615,656,664,667,669,672,686,699,731,737,738,739,740,741,742,743,744,745,746,750,759",0.000616552070466151,FALSE,65,3,0,0,86,68,18,0.790697674418605,1
"lasso.cv",72,500,0.33,"TRUE","TRUE","FALSE","18.2296236742665","9.22965038174803","8.99997329251847","8.143","0.301","0.728","1,2,3,4,5,6,7,8,9,22,26,27,30,33,38,55,61,84,86,87,91,93,94,95,101,113,129,138,144,148,149,152,182,206,217,237,248,258,265,275,276,279,281,296,308,323,332,341,348,353,374,381,401,409,423,434,440,451,460,470,473,475,483,497,508,509,511,517,525,533,551,554,570,572,592,594,595,617,621,624,625,632,645,653,664,667,673,676,679,683,692,696,709,724,729,733,737,738,739,740,741,742,743,744,745,746,755,759",0.000661023666577751,FALSE,87,3,0,0,108,90,18,0.833333333333333,1
"lasso.cv",73,500,0.33,"TRUE","TRUE","FALSE","18.1148535367541","9.1217265277239","8.99312700903024","6.876","0.304","0.686","1,2,3,4,5,6,7,8,9,17,22,29,36,68,76,94,101,102,110,119,125,126,150,162,212,214,221,222,237,243,245,262,275,279,305,311,328,332,387,389,392,416,426,440,441,472,476,481,495,511,522,530,543,545,549,569,583,608,610,612,617,634,650,661,668,672,696,703,709,727,737,738,739,740,741,742,743,744,745,756",0.000547622643908303,FALSE,61,1,0,0,80,62,18,0.775,1
"lasso.cv",74,500,0.33,"TRUE","TRUE","FALSE","18.1730958484304","9.17517643370036","8.99791941473005","7.477","0.288","0.667","1,2,3,4,5,6,7,8,9,33,78,81,98,99,100,105,123,142,158,178,187,206,234,250,255,258,277,280,285,288,289,295,319,342,346,348,362,374,402,415,418,426,439,462,484,489,491,502,511,517,547,549,573,599,606,619,639,663,672,685,687,691,696,707,718,729,737,738,739,740,741,742,743,744,745,752,767",0.000590897707627516,FALSE,57,2,0,0,77,59,18,0.766233766233766,1
"lasso.cv",75,500,0.33,"TRUE","TRUE","FALSE","18.1444460045235","9.14463498713124","8.99981101739221","6.919","0.301","0.727","1,2,3,4,5,6,7,8,9,17,18,25,30,42,45,72,73,79,83,90,99,106,112,114,139,141,149,163,187,188,195,202,246,248,251,258,275,286,301,324,342,352,391,398,399,407,412,414,426,432,434,471,475,489,490,498,537,545,559,562,572,583,621,631,640,659,664,669,672,676,677,687,691,703,713,714,737,738,739,740,741,742,743,744,745,751,757",0.000529107915052277,FALSE,67,2,0,0,87,69,18,0.793103448275862,1
"lasso.cv",76,500,0.33,"TRUE","TRUE","FALSE","17.3255639806548","9.14631505360836","8.17924892704645","7.589","0.29","0.647","1,2,3,4,5,6,7,8,9,10,22,23,40,49,60,68,88,98,99,106,112,116,132,163,181,217,222,232,237,241,277,278,312,314,319,373,374,379,409,417,421,430,432,437,438,442,447,453,462,498,499,515,522,528,533,547,559,566,572,584,592,609,610,612,625,641,644,663,664,672,673,682,686,691,694,725,734,737,738,739,740,741,742,743,744,745,762",0.000489658675600726,FALSE,68,1,0,0,87,69,18,0.793103448275862,1
"lasso.cv",77,500,0.33,"TRUE","TRUE","FALSE","18.2135725228742","9.21105589196502","9.00251663090915","7.436","0.307","0.622","1,2,3,4,5,6,7,8,9,15,18,26,29,34,40,42,47,59,72,75,77,81,93,102,103,127,148,163,168,174,178,242,261,278,284,324,374,389,406,460,478,519,564,569,593,612,619,623,627,643,650,653,654,681,700,703,707,721,737,738,739,740,741,742,743,744,745,757,758,759",0.000463886583838214,FALSE,49,3,0,0,70,52,18,0.742857142857143,1
"lasso.cv",78,500,0.33,"TRUE","TRUE","FALSE","18.1083688369302","9.10494657133728","9.00342226559288","6.932","0.294","0.666","1,2,3,4,5,6,7,8,9,10,15,18,42,64,81,98,99,102,114,139,202,218,243,248,256,280,281,286,303,320,324,327,328,332,336,342,350,355,362,368,396,403,408,411,420,423,441,448,462,464,472,494,514,525,529,543,567,572,589,612,633,648,661,663,672,685,686,689,703,711,713,718,737,738,739,740,741,742,743,744,745,763",0.000488619305928227,FALSE,63,1,0,0,82,64,18,0.780487804878049,1
"lasso.cv",79,500,0.33,"TRUE","TRUE","FALSE","18.1413960920995","9.14340952113918","8.99798657096034","7.393","0.286","0.653","1,2,3,4,5,6,7,8,9,13,15,18,19,22,28,43,46,50,82,87,91,92,112,120,121,130,134,141,174,187,196,213,250,265,270,279,280,350,357,359,391,405,424,428,442,446,449,457,470,472,474,477,505,528,540,585,591,640,642,652,663,665,690,695,714,737,738,739,740,741,742,743,744,745,757",0.000474905673331124,FALSE,56,1,0,0,75,57,18,0.76,1
"lasso.cv",8,500,0.33,"TRUE","TRUE","FALSE","18.1371350449141","9.14376992054505","8.99336512436901","7.515","0.297","0.674","1,2,3,4,5,6,7,8,9,18,52,53,58,59,64,74,82,85,101,130,142,152,164,187,198,203,228,235,246,260,279,291,292,304,331,360,362,374,390,395,419,420,423,435,445,486,488,499,530,576,637,638,639,672,682,696,703,706,721,729,730,737,738,739,740,741,742,743,744,745,753",0.000384120548923419,FALSE,52,1,0,0,71,53,18,0.746478873239437,1
"lasso.cv",80,500,0.33,"TRUE","TRUE","FALSE","18.13618738934","9.13433700650922","9.00185038283073","6.947","0.288","0.601","1,2,3,4,5,6,7,8,9,75,76,82,95,112,115,141,146,157,166,187,264,279,316,324,343,348,357,362,385,400,401,403,416,420,433,440,447,449,481,490,499,514,531,539,549,556,559,586,589,599,601,631,658,660,681,693,696,711,734,737,738,739,740,741,742,743,744,745,754,756",0.000324953726817571,FALSE,50,2,0,0,70,52,18,0.742857142857143,1
"lasso.cv",81,500,0.33,"TRUE","TRUE","FALSE","17.5494638441447","9.13605642419002","8.41340741995466","8.121","0.293","0.656","1,2,3,4,5,6,7,8,9,25,47,52,73,78,86,92,95,106,109,113,138,141,168,176,187,232,246,250,281,287,295,329,344,365,366,390,395,401,416,421,426,427,437,446,456,458,476,503,507,513,546,564,566,572,583,597,618,636,656,706,707,737,738,739,740,741,742,743,744,745,757,759,767",0.000442403633032997,FALSE,52,3,0,0,73,55,18,0.753424657534247,1
"lasso.cv",82,500,0.33,"TRUE","TRUE","FALSE","18.1234208604109","9.12090116982206","9.00251969058882","6.944","0.296","0.676","1,2,3,4,5,6,7,8,9,29,36,50,61,82,92,95,103,107,111,129,148,157,169,173,174,178,180,187,213,223,224,230,233,252,261,295,297,311,313,326,327,341,359,378,389,392,406,411,462,478,482,488,491,497,498,504,517,531,533,540,545,550,552,554,564,572,598,619,637,642,650,653,688,693,696,719,724,732,737,738,739,740,741,742,743,744,745,759,761",0.000648686752617978,FALSE,69,2,0,0,89,71,18,0.797752808988764,1
"lasso.cv",83,500,0.33,"TRUE","TRUE","FALSE","18.1928631178552","9.11774518974967","9.07511792810549","7.232","0.293","0.637","1,2,3,4,5,6,7,8,9,21,34,44,45,47,65,135,154,162,180,201,202,220,226,230,258,261,267,277,284,299,304,326,327,352,360,372,374,380,390,412,421,440,482,488,505,529,538,543,544,578,581,586,601,611,613,627,648,650,656,662,682,687,703,713,717,728,732,737,738,739,740,741,742,743,744,745,748,750,753,757",0.000356613798620832,FALSE,58,4,0,0,80,62,18,0.775,1
"lasso.cv",84,500,0.33,"TRUE","TRUE","FALSE","17.3982686203063","9.39281103788607","8.00545758242021","8.148","0.294","0.633","1,2,3,4,5,6,7,8,9,25,29,40,62,71,76,99,102,103,111,129,145,161,178,180,192,212,217,218,229,240,246,250,258,271,278,290,291,308,309,325,334,337,340,341,342,348,362,363,373,402,417,419,429,433,443,471,483,509,536,545,588,599,625,637,672,678,679,690,697,698,701,718,725,729,737,738,739,740,741,742,743,744,745,749,750",0.000495940217327838,FALSE,65,2,0,0,85,67,18,0.788235294117647,1
"lasso.cv",85,500,0.33,"TRUE","TRUE","FALSE","18.1116832314587","9.10986456495984","9.00181866649882","6.883","0.291","0.632","1,2,3,4,5,6,7,8,9,18,36,47,51,62,63,89,96,98,100,109,151,154,175,183,188,190,232,241,273,303,311,324,328,357,376,428,436,438,460,474,483,519,523,543,551,558,564,583,588,589,595,613,621,637,658,685,686,703,706,707,726,732,737,738,739,740,741,742,743,744,745",0.000399719821250241,FALSE,53,0,0,0,71,53,18,0.746478873239437,1
"lasso.cv",86,500,0.33,"TRUE","TRUE","FALSE","18.1954599474881","9.19746651821621","8.99799342927189","7.543","0.289","0.693","1,2,3,4,5,6,7,8,9,23,32,42,64,72,81,83,97,114,116,119,122,141,150,157,163,170,178,215,218,226,258,260,278,305,325,328,332,363,374,382,384,392,405,418,441,474,483,486,494,498,500,507,509,510,517,523,526,564,578,591,606,617,621,639,677,688,693,708,737,738,739,740,741,742,743,744,745,753",0.000490325032828042,FALSE,59,1,0,0,78,60,18,0.769230769230769,1
"lasso.cv",87,500,0.33,"TRUE","TRUE","FALSE","17.7693070366283","9.12726045851906","8.6420465781092","10.367","0.298","0.66","1,2,3,4,5,6,7,8,9,15,17,39,43,47,77,83,87,93,101,107,110,121,154,173,178,212,217,226,243,256,277,278,301,308,312,313,359,401,410,436,474,477,488,517,539,542,551,556,557,560,584,589,597,602,604,606,620,624,650,668,681,682,691,693,699,713,723,737,738,739,740,741,742,743,744,745,747,758",0.000455297483961879,FALSE,58,2,0,0,78,60,18,0.769230769230769,1
"lasso.cv",88,500,0.33,"TRUE","TRUE","FALSE","18.0956511328105","9.15633781977483","8.93931331303567","7.527","0.292","0.663","1,2,3,4,5,6,7,8,9,17,20,21,23,29,34,41,58,60,67,76,82,92,95,135,173,178,184,194,202,203,239,248,284,300,303,309,319,331,340,342,378,388,392,395,401,419,423,468,478,514,518,556,563,566,581,597,611,613,642,649,653,690,696,707,737,738,739,740,741,742,743,744,745,751,764,767",0.000479372883157764,FALSE,55,3,0,0,76,58,18,0.763157894736842,1
"lasso.cv",89,500,0.33,"TRUE","TRUE","FALSE","18.1226016306789","9.11996932975603","9.00263230092283","7.91","0.323","0.684","1,2,3,4,5,6,7,8,9,38,47,51,52,82,86,88,89,91,101,102,117,144,148,187,197,202,218,227,235,247,250,258,299,300,307,335,356,360,365,374,416,421,435,449,459,486,503,511,556,567,573,595,620,652,654,655,686,695,703,706,724,737,738,739,740,741,742,743,744,745,761,767",0.000457920351872838,FALSE,52,2,0,0,72,54,18,0.75,1
"lasso.cv",9,500,0.33,"TRUE","TRUE","FALSE","18.1012588266693","9.10000748757127","9.00125133909806","7.177","0.293","0.715","1,2,3,4,5,6,7,8,9,20,30,80,81,83,85,86,105,110,123,154,162,163,192,200,215,230,246,250,312,322,329,354,368,373,416,434,456,460,462,475,477,492,503,514,519,526,533,546,559,561,563,595,600,612,617,629,642,644,665,695,696,705,711,736,737,738,739,740,741,742,743,744,745",0.000347297119144174,FALSE,55,0,0,0,73,55,18,0.753424657534247,1
"lasso.cv",90,500,0.33,"TRUE","TRUE","FALSE","18.1231367602454","9.12317507484098","8.99996168540443","7.139","0.291","0.625","1,2,3,4,5,6,7,8,9,13,18,25,27,45,53,101,115,150,155,162,181,200,242,258,270,286,293,298,299,407,413,420,424,426,432,447,466,467,512,564,589,600,612,632,637,639,656,664,677,687,715,727,732,737,738,739,740,741,742,743,744,745,759",0.000430541208152993,FALSE,44,1,0,0,63,45,18,0.714285714285714,1
"lasso.cv",91,500,0.33,"TRUE","TRUE","FALSE","18.1903968167454","9.18840607695211","9.00199073979333","7.544","0.31","0.743","1,2,3,4,5,6,7,8,9,11,21,36,63,65,69,90,99,104,119,123,125,152,158,163,179,187,218,227,231,238,242,256,275,308,317,322,341,348,368,374,408,425,426,443,450,459,471,486,506,517,531,559,572,581,586,627,648,661,665,677,684,719,721,733,737,738,739,740,741,742,743,744,745,746",0.000544625743749224,FALSE,55,1,0,0,74,56,18,0.756756756756757,1
"lasso.cv",92,500,0.33,"TRUE","TRUE","FALSE","18.0989478763915","9.10065955966605","8.9982883167254","6.587","0.298","0.681","1,2,3,4,5,6,7,8,9,17,27,30,34,53,62,75,85,99,101,105,116,144,148,178,188,190,208,210,230,236,238,277,279,307,314,324,327,403,406,408,414,420,425,476,481,483,522,539,543,567,570,592,601,602,603,620,621,638,655,658,664,668,676,691,706,731,737,738,739,740,741,742,743,744,745,763",0.00026318479692294,FALSE,57,1,0,0,76,58,18,0.763157894736842,1
"lasso.cv",93,500,0.33,"TRUE","TRUE","FALSE","19.0163952113587","10.0451521023059","8.97124310905273","8.32","0.307","0.63","1,2,3,4,5,6,7,8,9,18,38,43,55,61,63,86,93,102,109,124,129,148,154,168,175,181,200,202,204,216,244,246,247,277,291,301,333,342,343,346,348,350,384,396,403,414,420,430,438,445,472,479,511,520,540,543,559,585,590,593,603,622,654,661,669,670,686,691,737,738,739,740,741,742,743,744,745",0.000475817887418219,FALSE,59,0,0,0,77,59,18,0.766233766233766,1
"lasso.cv",94,500,0.33,"TRUE","TRUE","FALSE","18.1148617614882","9.11138058226716","9.00348117922102","7.095","0.298","0.659","1,2,3,4,5,6,7,8,9,20,21,22,46,48,51,53,87,91,93,103,108,110,113,124,204,215,230,232,242,267,287,306,307,314,327,333,338,352,366,392,408,416,419,420,423,432,445,452,463,486,497,503,522,533,540,549,551,552,559,563,589,598,599,600,628,636,669,683,686,689,691,694,714,737,738,739,740,741,742,743,744,745",0.000337088255488917,FALSE,64,0,0,0,82,64,18,0.780487804878049,1
"lasso.cv",95,500,0.33,"TRUE","TRUE","FALSE","17.7260921291234","9.16581309958961","8.56027902953375","8.026","0.289","0.637","1,2,3,4,5,6,7,8,9,18,42,82,88,101,104,107,109,125,132,137,158,185,196,223,230,238,292,313,326,329,361,372,374,392,402,420,421,447,462,464,502,516,533,535,543,558,567,579,584,589,591,641,643,661,676,678,682,688,691,696,703,716,737,738,739,740,741,742,743,744,745,754,761,767",0.000553766354554743,FALSE,53,3,0,0,74,56,18,0.756756756756757,1
"lasso.cv",96,500,0.33,"TRUE","TRUE","FALSE","18.1331640553133","9.12949736091208","9.00366669440121","7.14","0.298","0.686","1,2,3,4,5,6,7,8,9,29,40,42,47,58,59,62,67,72,75,80,85,117,153,156,174,177,178,199,207,208,212,232,255,260,261,302,314,320,328,342,356,358,372,379,385,397,400,401,418,420,432,443,456,462,470,472,500,514,519,523,524,529,534,546,549,563,564,586,593,603,607,612,619,643,647,656,661,677,684,686,691,716,737,738,739,740,741,742,743,744,745,751,766",0.000517674274086109,FALSE,73,2,0,0,93,75,18,0.806451612903226,1
"lasso.cv",97,500,0.33,"TRUE","TRUE","FALSE","18.0952010195281","9.09134759674313","9.00385342278499","6.584","0.288","0.632","1,2,3,4,5,6,7,8,9,13,16,27,47,49,53,79,94,98,121,128,148,164,173,186,190,196,201,202,213,222,251,258,287,308,327,331,337,340,396,397,408,412,432,450,451,462,481,485,488,508,546,549,554,559,596,603,618,619,627,639,644,653,659,672,686,700,701,708,710,727,733,737,738,739,740,741,742,743,744,745,748",0.000422662648766087,FALSE,62,1,0,0,81,63,18,0.777777777777778,1
"lasso.cv",98,500,0.33,"TRUE","TRUE","FALSE","18.1834343526107","9.18155132563833","9.00188302697233","7.049","0.281","0.645","1,2,3,4,5,6,7,8,9,15,19,31,74,147,182,190,191,195,202,207,212,216,224,232,239,245,246,250,254,264,280,286,317,323,350,402,423,425,507,526,572,612,615,619,655,659,660,667,672,676,678,719,731,737,738,739,740,741,742,743,744,745,759,767",0.000459386196761169,FALSE,44,2,0,0,64,46,18,0.71875,1
"lasso.cv",99,500,0.33,"TRUE","TRUE","FALSE","18.1570163709136","9.154529244977","9.00248712593657","7.471","0.291","0.687","1,2,3,4,5,6,7,8,9,29,31,53,55,61,69,71,83,90,112,113,133,144,147,175,178,202,234,242,293,309,312,322,334,340,342,352,364,366,391,397,425,436,443,465,480,487,524,527,558,564,567,613,630,650,654,670,673,715,726,731,734,737,738,739,740,741,742,743,744,745,753,759,762",0.000478727568075012,FALSE,52,3,0,0,73,55,18,0.753424657534247,1
"S.A",1,500,0.33,"TRUE","TRUE","FALSE","17.9237763781506","9.10643770179098","8.81733867635966","7.714","0.295","0.703","1,2,3,4,5,6,7,8,9,737,738,739,740,741,742,743,744,745",0.000195636159546765,TRUE,0,0,0,0,18,0,18,0,1
"S.A",10,500,0.33,"TRUE","TRUE","FALSE","18.1039781648363","9.11568444499343","8.98829371984289","7.325","0.295","0.72","1,2,3,4,5,6,7,8,9,737,738,739,740,741,742,743,744,745",6.69022755430412e-05,TRUE,0,0,0,0,18,0,18,0,1
"S.A",100,500,0.33,"TRUE","TRUE","FALSE","18.1203439063134","9.13182128311261","8.98852262320077","7.002","0.298","0.677","1,2,3,4,5,6,7,8,9,737,738,739,740,741,742,743,744,745",4.76671007991544e-05,TRUE,0,0,0,0,18,0,18,0,1
"S.A",11,500,0.33,"TRUE","TRUE","FALSE","18.3079046091572","9.30655501972789","9.00134958942935","8.211","0.295","0.681","1,2,3,4,5,6,7,8,9,737,738,739,740,741,742,743,744,745",0.000117128940971411,TRUE,0,0,0,0,18,0,18,0,1
"S.A",12,500,0.33,"TRUE","TRUE","FALSE","18.1272396198527","9.13142377605103","8.99581584380167","6.962","0.273","0.619","1,2,3,4,5,6,7,8,9,737,738,739,740,741,742,743,744,745",9.84080078370577e-05,TRUE,0,0,0,0,18,0,18,0,1
"S.A",13,500,0.33,"TRUE","TRUE","FALSE","17.5203107338999","9.15689395022449","8.36341678367537","8.359","0.294","0.639","1,2,3,4,5,6,7,8,9,738,739,740,741,742,743,744,745",0.000244263066355072,FALSE,0,0,0,1,17,0,17,0,0.944444444444444
"S.A",14,500,0.33,"TRUE","TRUE","FALSE","18.109862291856","9.08035356439478","9.0295087274612","6.846","0.297","0.631","1,2,3,4,5,6,7,8,9,737,738,739,740,741,742,743,744,745",0.000109962919558575,TRUE,0,0,0,0,18,0,18,0,1
"S.A",15,500,0.33,"TRUE","TRUE","FALSE","18.2002335273258","9.19926677758328","9.00096674974253","7.645","0.296","0.683","1,2,3,4,5,6,7,8,9,737,738,739,740,741,742,743,744,745",4.26478203976245e-05,TRUE,0,0,0,0,18,0,18,0,1
"S.A",16,500,0.33,"TRUE","TRUE","FALSE","18.2779698885013","9.30724207877419","8.97072780972711","7.368","0.29","0.64","1,2,3,4,5,6,7,8,9,737,738,739,740,741,742,743,744,745",9.6211964926585e-05,TRUE,0,0,0,0,18,0,18,0,1
"S.A",17,500,0.33,"TRUE","TRUE","FALSE","18.1883777283937","9.23960167214979","8.94877605624393","7.797","0.305","0.693","1,2,3,4,5,6,7,8,9,737,738,739,740,741,742,743,744,745",0.000104480157748456,TRUE,0,0,0,0,18,0,18,0,1
"S.A",18,500,0.33,"TRUE","TRUE","FALSE","18.1138420626949","9.11656825225329","8.99727381044158","7.163","0.3","0.671","1,2,3,4,5,6,7,8,9,737,738,739,740,741,742,743,744,745",6.12367553626552e-05,TRUE,0,0,0,0,18,0,18,0,1
"S.A",19,500,0.33,"TRUE","TRUE","FALSE","17.1613766201415","9.14220947280894","8.01916714733252","7.184","0.281","0.622","1,2,3,4,5,6,7,8,9,738,739,740,741,742,743,744,745",0.000240603519024612,FALSE,0,0,0,1,17,0,17,0,0.944444444444444
"S.A",2,500,0.33,"TRUE","TRUE","FALSE","18.1065727941075","9.10328418383061","9.00328861027687","6.876","0.288","0.637","1,2,3,4,5,6,7,8,9,737,738,739,740,741,742,743,744,745",4.78436060824903e-05,TRUE,0,0,0,0,18,0,18,0,1
"S.A",20,500,0.33,"TRUE","TRUE","FALSE","18.0982565066094","9.09888337460282","8.9993731320066","7.167","0.303","0.639","1,2,3,4,5,6,7,8,9,737,738,739,740,741,742,743,744,745",6.73760080517473e-05,TRUE,0,0,0,0,18,0,18,0,1
"S.A",21,500,0.33,"TRUE","TRUE","FALSE","18.1178927281594","9.11465765224355","9.00323507591581","7.112","0.299","0.689","1,2,3,4,5,6,7,8,9,737,738,739,740,741,742,743,744,745",0.000138206516781332,TRUE,0,0,0,0,18,0,18,0,1
"S.A",22,500,0.33,"TRUE","TRUE","FALSE","18.4262863709583","9.42496241465951","9.00132395629876","7.924","0.295","0.729","1,2,3,4,5,6,7,8,9,737,738,739,740,741,742,743,744,745",9.00379326815865e-05,TRUE,0,0,0,0,18,0,18,0,1
"S.A",23,500,0.33,"TRUE","TRUE","FALSE","18.1258377229392","9.12313707396605","9.00270064897319","7.012","0.294","0.655","1,2,3,4,5,6,7,8,9,737,738,739,740,741,742,743,744,745",4.91839654246264e-05,TRUE,0,0,0,0,18,0,18,0,1
"S.A",24,500,0.33,"TRUE","TRUE","FALSE","18.115795185777","9.11047816699242","9.00531701878454","6.93","0.288","0.643","1,2,3,4,5,6,7,8,9,737,738,739,740,741,742,743,744,745",5.51812276434751e-05,TRUE,0,0,0,0,18,0,18,0,1
"S.A",25,500,0.33,"TRUE","TRUE","FALSE","18.1788077623542","9.1716032971153","9.00720446523887","7.52","0.282","0.596","1,2,3,4,5,6,7,8,9,737,738,739,740,741,742,743,744,745",4.59047956576527e-05,TRUE,0,0,0,0,18,0,18,0,1
"S.A",26,500,0.33,"TRUE","TRUE","FALSE","18.0550548792171","9.13684449751855","8.91821038169851","7.413","0.292","0.661","1,2,3,4,5,6,7,8,9,737,738,739,740,741,742,743,744,745",6.34452710158261e-05,TRUE,0,0,0,0,18,0,18,0,1
"S.A",27,500,0.33,"TRUE","TRUE","FALSE","18.1498162736637","9.14657923884615","9.00323703481752","7.137","0.296","0.672","1,2,3,4,5,6,7,8,9,737,738,739,740,741,742,743,744,745",8.835407001396e-05,TRUE,0,0,0,0,18,0,18,0,1
"S.A",28,500,0.33,"TRUE","TRUE","FALSE","18.2288977599683","9.2268831394806","9.0020146204877","7.381","0.309","0.756","1,2,3,4,5,6,7,8,9,737,738,739,740,741,742,743,744,745",0.00013005347544802,TRUE,0,0,0,0,18,0,18,0,1
"S.A",29,500,0.33,"TRUE","TRUE","FALSE","18.1051853972472","9.26741605558106","8.83776934166614","8.112","0.296","0.647","1,2,3,4,5,6,7,8,9,737,738,739,740,741,742,743,744,745",0.000117520638459311,TRUE,0,0,0,0,18,0,18,0,1
"S.A",3,500,0.33,"TRUE","TRUE","FALSE","18.1008166138395","9.1000622116171","9.00075440222241","6.9","0.405","0.671","1,2,3,4,5,6,7,8,9,737,738,739,740,741,742,743,744,745",0.000115566262026181,TRUE,0,0,0,0,18,0,18,0,1
"S.A",30,500,0.33,"TRUE","TRUE","FALSE","18.1128683927262","9.11755580915974","8.99531258356647","7.438","0.345","0.775","1,2,3,4,5,6,7,8,9,737,738,739,740,741,742,743,744,745",5.89090734084692e-05,TRUE,0,0,0,0,18,0,18,0,1
"S.A",31,500,0.33,"TRUE","TRUE","FALSE","18.1181005820055","9.11473191581505","9.00336866619049","7.702","0.298","0.708","1,2,3,4,5,6,7,8,9,737,738,739,740,741,742,743,744,745",8.80583286790794e-05,TRUE,0,0,0,0,18,0,18,0,1
"S.A",32,500,0.33,"TRUE","TRUE","FALSE","18.1165550245772","9.11436119169213","9.00219383288504","6.666","0.299","0.704","1,2,3,4,5,6,7,8,9,737,738,739,740,741,742,743,744,745",0.000170067453848472,TRUE,0,0,0,0,18,0,18,0,1
"S.A",33,500,0.33,"TRUE","TRUE","FALSE","18.1875968859236","9.1838377661995","9.00375911972411","7.027","0.292","0.639","1,2,3,4,5,6,7,8,9,737,738,739,740,741,742,743,744,745",6.81849871635755e-05,TRUE,0,0,0,0,18,0,18,0,1
"S.A",34,500,0.33,"TRUE","TRUE","FALSE","18.1436560777996","9.14138255264488","9.00227352515471","7.027","0.294","0.629","1,2,3,4,5,6,7,8,9,737,738,739,740,741,742,743,744,745",6.38480977605309e-05,TRUE,0,0,0,0,18,0,18,0,1
"S.A",35,500,0.33,"TRUE","TRUE","FALSE","18.1179165344807","9.11472792132289","9.00318861315782","7.046","0.308","0.827","1,2,3,4,5,6,7,8,9,737,738,739,740,741,742,743,744,745",9.98360422569737e-05,TRUE,0,0,0,0,18,0,18,0,1
"S.A",36,500,0.33,"TRUE","TRUE","FALSE","18.1408657361715","9.13919336456149","9.00167237161004","7.24","0.307","0.763","1,2,3,4,5,6,7,8,9,737,738,739,740,741,742,743,744,745",0.000101349635007038,TRUE,0,0,0,0,18,0,18,0,1
"S.A",37,500,0.33,"TRUE","TRUE","FALSE","18.1263958428034","9.12657987450856","8.99981596829483","6.797","0.286","0.648","1,2,3,4,5,6,7,8,9,737,738,739,740,741,742,743,744,745",6.31637815172033e-05,TRUE,0,0,0,0,18,0,18,0,1
"S.A",38,500,0.33,"TRUE","TRUE","FALSE","17.4860712011471","9.28156484933255","8.20450635181453","7.61","0.279","0.578","1,2,3,4,5,6,7,8,9,738,739,740,741,742,743,744,745",0.000297143211171196,FALSE,0,0,0,1,17,0,17,0,0.944444444444444
"S.A",39,500,0.33,"TRUE","TRUE","FALSE","18.4997019446682","9.49690078499104","9.00280115967715","8.904","0.312","0.701","1,2,3,4,5,6,7,8,9,737,738,739,740,741,742,743,744,745",7.08735186972091e-05,TRUE,0,0,0,0,18,0,18,0,1
"S.A",4,500,0.33,"TRUE","TRUE","FALSE","18.2214678109899","9.2159681330808","9.00549967790908","7.648","0.277","0.643","1,2,3,4,5,6,7,8,9,737,738,739,740,741,742,743,744,745",8.14499676469217e-05,TRUE,0,0,0,0,18,0,18,0,1
"S.A",40,500,0.33,"TRUE","TRUE","FALSE","17.1751821144432","9.10469835610484","8.0704837583384","7.467","0.291","0.62","1,2,3,4,5,6,7,8,9,738,739,740,741,742,743,744,745",0.000254161675575605,FALSE,0,0,0,1,17,0,17,0,0.944444444444444
"S.A",41,500,0.33,"TRUE","TRUE","FALSE","18.0991019124229","9.09900567875792","9.00009623366497","6.65","0.298","0.624","1,2,3,4,5,6,7,8,9,737,738,739,740,741,742,743,744,745",0.000138896453011644,TRUE,0,0,0,0,18,0,18,0,1
"S.A",42,500,0.33,"TRUE","TRUE","FALSE","18.1328821403916","9.13041685954346","9.00246528084814","7.146","0.306","0.673","1,2,3,4,5,6,7,8,9,737,738,739,740,741,742,743,744,745",0.000124216820356331,TRUE,0,0,0,0,18,0,18,0,1
"S.A",43,500,0.33,"TRUE","TRUE","FALSE","18.1371987033307","9.1334944372093","9.00370426612135","6.967","0.29","0.665","1,2,3,4,5,6,7,8,9,737,738,739,740,741,742,743,744,745",0.000123392567399411,TRUE,0,0,0,0,18,0,18,0,1
"S.A",44,500,0.33,"TRUE","TRUE","FALSE","18.1637977346941","9.16083852154765","9.00295921314644","7.311","0.299","0.622","1,2,3,4,5,6,7,8,9,737,738,739,740,741,742,743,744,745",0.000106977890169064,TRUE,0,0,0,0,18,0,18,0,1
"S.A",45,500,0.33,"TRUE","TRUE","FALSE","18.1063118154266","9.11421781790352","8.99209399752308","7.442","0.296","0.694","1,2,3,4,5,6,7,8,9,737,738,739,740,741,742,743,744,745",5.82528686106312e-05,TRUE,0,0,0,0,18,0,18,0,1
"S.A",46,500,0.33,"TRUE","TRUE","FALSE","18.1151916737751","9.11182301285625","9.00336866091887","6.989","0.297","0.633","1,2,3,4,5,6,7,8,9,737,738,739,740,741,742,743,744,745",7.13434530624363e-05,TRUE,0,0,0,0,18,0,18,0,1
"S.A",47,500,0.33,"TRUE","TRUE","FALSE","18.1512166714686","9.15043018461445","9.00078648685415","7.007","0.298","0.642","1,2,3,4,5,6,7,8,9,737,738,739,740,741,742,743,744,745",5.94830785566694e-05,TRUE,0,0,0,0,18,0,18,0,1
"S.A",48,500,0.33,"TRUE","TRUE","FALSE","17.3552728434147","9.1254469148748","8.22982592853986","8.106","0.292","0.592","1,2,3,4,5,6,7,8,9,738,739,740,741,742,743,744,745",0.000234745204456261,FALSE,0,0,0,1,17,0,17,0,0.944444444444444
"S.A",49,500,0.33,"TRUE","TRUE","FALSE","18.1152094237904","9.11298386438059","9.0022255594098","7.003","0.29","0.637","1,2,3,4,5,6,7,8,9,737,738,739,740,741,742,743,744,745",8.8130675553621e-05,TRUE,0,0,0,0,18,0,18,0,1
"S.A",5,500,0.33,"TRUE","TRUE","FALSE","18.2199630922717","9.22579368800049","8.99416940427122","7.877","0.297","0.716","1,2,3,4,5,6,7,8,9,737,738,739,740,741,742,743,744,745",4.12681534835367e-05,TRUE,0,0,0,0,18,0,18,0,1
"S.A",50,500,0.33,"TRUE","TRUE","FALSE","18.0389672297057","9.20257614850071","8.836391081205","8.902","0.31","0.743","1,2,3,4,5,6,7,8,9,737,738,739,740,741,742,743,744,745",0.000107373679113654,TRUE,0,0,0,0,18,0,18,0,1
"S.A",51,500,0.33,"TRUE","TRUE","FALSE","18.1284829207614","9.12450525825009","9.00397766251133","6.729","0.299","0.652","1,2,3,4,5,6,7,8,9,737,738,739,740,741,742,743,744,745",6.80789045889518e-05,TRUE,0,0,0,0,18,0,18,0,1
"S.A",52,500,0.33,"TRUE","TRUE","FALSE","18.0744584361859","9.11098364833005","8.96347478785581","7.279","0.3","0.678","1,2,3,4,5,6,7,8,9,737,738,739,740,741,742,743,744,745",0.000101398528914444,TRUE,0,0,0,0,18,0,18,0,1
"S.A",53,500,0.33,"TRUE","TRUE","FALSE","18.0942728352727","9.10025693954693","8.99401589572579","6.922","0.294","0.673","1,2,3,4,5,6,7,8,9,737,738,739,740,741,742,743,744,745",3.07181037234022e-05,TRUE,0,0,0,0,18,0,18,0,1
"S.A",54,500,0.33,"TRUE","TRUE","FALSE","18.470413076204","9.46567574074041","9.00473733546356","8.091","0.305","0.656","1,2,3,4,5,6,7,8,9,737,738,739,740,741,742,743,744,745",9.5043345702401e-05,TRUE,0,0,0,0,18,0,18,0,1
"S.A",55,500,0.33,"TRUE","TRUE","FALSE","18.1046861572085","9.13969743191022","8.96498872529826","7.162","0.29","0.608","1,2,3,4,5,6,7,8,9,737,738,739,740,741,742,743,744,745",8.15051103305743e-05,TRUE,0,0,0,0,18,0,18,0,1
"S.A",56,500,0.33,"TRUE","TRUE","FALSE","18.1584605453655","9.15537432697154","9.003086218394","6.793","0.29","0.658","1,2,3,4,5,6,7,8,9,737,738,739,740,741,742,743,744,745",7.21195692495206e-05,TRUE,0,0,0,0,18,0,18,0,1
"S.A",57,500,0.33,"TRUE","TRUE","FALSE","18.1212077507089","9.11724079099827","9.00396695971062","6.895","0.288","0.684","1,2,3,4,5,6,7,8,9,737,738,739,740,741,742,743,744,745",0.000107140055672152,TRUE,0,0,0,0,18,0,18,0,1
"S.A",58,500,0.33,"TRUE","TRUE","FALSE","18.2532680317774","9.25109151634504","9.00217651543233","7.282","0.317","0.69","1,2,3,4,5,6,7,8,9,737,738,739,740,741,742,743,744,745",5.3054620659966e-05,TRUE,0,0,0,0,18,0,18,0,1
"S.A",59,500,0.33,"TRUE","TRUE","FALSE","18.2140308363178","9.21255131992968","9.00147951638813","7.803","0.307","0.713","1,2,3,4,5,6,7,8,9,737,738,739,740,741,742,743,744,745",5.71376608348503e-05,TRUE,0,0,0,0,18,0,18,0,1
"S.A",6,500,0.33,"TRUE","TRUE","FALSE","18.1546940256078","9.15727907379608","8.99741495181171","7.471","0.281","0.653","1,2,3,4,5,6,7,8,9,737,738,739,740,741,742,743,744,745",6.62140299634944e-05,TRUE,0,0,0,0,18,0,18,0,1
"S.A",60,500,0.33,"TRUE","TRUE","FALSE","17.9335702382161","9.16809794164276","8.76547229657334","7.756","0.292","0.655","1,2,3,4,5,6,7,8,9,737,738,739,740,741,742,743,744,745",0.000108179787756009,TRUE,0,0,0,0,18,0,18,0,1
"S.A",61,500,0.33,"TRUE","TRUE","FALSE","18.1137762585116","9.11052330111386","9.00325295739774","6.932","0.29","0.675","1,2,3,4,5,6,7,8,9,737,738,739,740,741,742,743,744,745",5.61664748784577e-05,TRUE,0,0,0,0,18,0,18,0,1
"S.A",62,500,0.33,"TRUE","TRUE","FALSE","18.3645575297635","9.31481757721556","9.04973995254798","7.76","0.285","0.641","1,2,3,4,5,6,7,8,9,737,738,739,740,741,742,743,744,745",5.00237263695634e-05,TRUE,0,0,0,0,18,0,18,0,1
"S.A",63,500,0.33,"TRUE","TRUE","FALSE","18.1716111664598","9.168329564549","9.00328160191075","7.184","0.299","0.662","1,2,3,4,5,6,7,8,9,737,738,739,740,741,742,743,744,745",0.000114486943806944,TRUE,0,0,0,0,18,0,18,0,1
"S.A",64,500,0.33,"TRUE","TRUE","FALSE","17.6544473849333","9.13648149365405","8.51796589127927","8.001","0.293","0.684","1,2,3,4,5,6,7,8,9,737,738,739,740,741,742,743,744,745",7.14638959640843e-05,TRUE,0,0,0,0,18,0,18,0,1
"S.A",65,500,0.33,"TRUE","TRUE","FALSE","18.0914776131361","9.10549293705465","8.98598467608145","6.881","0.297","0.624","1,2,3,4,5,6,7,8,9,737,738,739,740,741,742,743,744,745",5.72857509571003e-05,TRUE,0,0,0,0,18,0,18,0,1
"S.A",66,500,0.33,"TRUE","TRUE","FALSE","17.6175627602265","9.14352016903338","8.47404259119312","8.333","0.306","0.71","1,2,3,4,5,6,7,8,9,738,739,740,741,742,743,744,745",0.000244596423514818,FALSE,0,0,0,1,17,0,17,0,0.944444444444444
"S.A",67,500,0.33,"TRUE","TRUE","FALSE","17.9326750531558","9.14699205460779","8.78568299854798","8.408","0.341","0.713","1,2,3,4,5,6,7,8,9,737,738,739,740,741,742,743,744,745",6.04753514956307e-05,TRUE,0,0,0,0,18,0,18,0,1
"S.A",68,500,0.33,"TRUE","TRUE","FALSE","18.1268209105888","9.12057048169474","9.00625042889403","7.164","0.275","0.663","1,2,3,4,5,6,7,8,9,737,738,739,740,741,742,743,744,745",8.69700453780077e-05,TRUE,0,0,0,0,18,0,18,0,1
"S.A",69,500,0.33,"TRUE","TRUE","FALSE","18.1234092565405","9.12066606519199","9.00274319134852","7.287","0.295","0.668","1,2,3,4,5,6,7,8,9,737,738,739,740,741,742,743,744,745",5.7341498521604e-05,TRUE,0,0,0,0,18,0,18,0,1
"S.A",7,500,0.33,"TRUE","TRUE","FALSE","18.1050844895759","9.10520554859992","8.99987894097601","7.124","0.303","0.719","1,2,3,4,5,6,7,8,9,737,738,739,740,741,742,743,744,745",7.7645305047435e-05,TRUE,0,0,0,0,18,0,18,0,1
"S.A",70,500,0.33,"TRUE","TRUE","FALSE","17.2641151853138","9.11623779863223","8.14787738668157","7.057","0.293","0.609","1,2,3,4,5,6,7,8,9,738,739,740,741,742,743,744,745",0.00026021284125449,FALSE,0,0,0,1,17,0,17,0,0.944444444444444
"S.A",71,500,0.33,"TRUE","TRUE","FALSE","18.0303982164714","9.11324682535606","8.91715139111534","7.653","0.308","0.672","1,2,3,4,5,6,7,8,9,737,738,739,740,741,742,743,744,745",9.83812546498681e-05,TRUE,0,0,0,0,18,0,18,0,1
"S.A",72,500,0.33,"TRUE","TRUE","FALSE","18.2296236742665","9.22965038174803","8.99997329251847","8.143","0.301","0.728","1,2,3,4,5,6,7,8,9,737,738,739,740,741,742,743,744,745",0.000109941100194319,TRUE,0,0,0,0,18,0,18,0,1
"S.A",73,500,0.33,"TRUE","TRUE","FALSE","18.1148535367541","9.1217265277239","8.99312700903024","6.876","0.304","0.686","1,2,3,4,5,6,7,8,9,737,738,739,740,741,742,743,744,745",0.000124237487440032,TRUE,0,0,0,0,18,0,18,0,1
"S.A",74,500,0.33,"TRUE","TRUE","FALSE","18.1730958484304","9.17517643370036","8.99791941473005","7.477","0.288","0.667","1,2,3,4,5,6,7,8,9,737,738,739,740,741,742,743,744,745",9.83878975840534e-05,TRUE,0,0,0,0,18,0,18,0,1
"S.A",75,500,0.33,"TRUE","TRUE","FALSE","18.1444460045235","9.14463498713124","8.99981101739221","6.919","0.301","0.727","1,2,3,4,5,6,7,8,9,737,738,739,740,741,742,743,744,745",9.73818566620748e-05,TRUE,0,0,0,0,18,0,18,0,1
"S.A",76,500,0.33,"TRUE","TRUE","FALSE","17.3255639806548","9.14631505360836","8.17924892704645","7.589","0.29","0.647","1,2,3,4,5,6,7,8,9,738,739,740,741,742,743,744,745",0.000219988195539549,FALSE,0,0,0,1,17,0,17,0,0.944444444444444
"S.A",77,500,0.33,"TRUE","TRUE","FALSE","18.2135725228742","9.21105589196502","9.00251663090915","7.436","0.307","0.622","1,2,3,4,5,6,7,8,9,737,738,739,740,741,742,743,744,745",0.000139808955524992,TRUE,0,0,0,0,18,0,18,0,1
"S.A",78,500,0.33,"TRUE","TRUE","FALSE","18.1083688369302","9.10494657133728","9.00342226559288","6.932","0.294","0.666","1,2,3,4,5,6,7,8,9,737,738,739,740,741,742,743,744,745",7.71036433118129e-05,TRUE,0,0,0,0,18,0,18,0,1
"S.A",79,500,0.33,"TRUE","TRUE","FALSE","18.1413960920995","9.14340952113918","8.99798657096034","7.393","0.286","0.653","1,2,3,4,5,6,7,8,9,737,738,739,740,741,742,743,744,745",0.000108848003803415,TRUE,0,0,0,0,18,0,18,0,1
"S.A",8,500,0.33,"TRUE","TRUE","FALSE","18.1371350449141","9.14376992054505","8.99336512436901","7.515","0.297","0.674","1,2,3,4,5,6,7,8,9,737,738,739,740,741,742,743,744,745",3.77939100744634e-05,TRUE,0,0,0,0,18,0,18,0,1
"S.A",80,500,0.33,"TRUE","TRUE","FALSE","18.13618738934","9.13433700650922","9.00185038283073","6.947","0.288","0.601","1,2,3,4,5,6,7,8,9,737,738,739,740,741,742,743,744,745",7.33954629768336e-05,TRUE,0,0,0,0,18,0,18,0,1
"S.A",81,500,0.33,"TRUE","TRUE","FALSE","17.5494638441447","9.13605642419002","8.41340741995466","8.121","0.293","0.656","1,2,3,4,5,6,7,8,9,738,739,740,741,742,743,744,745",0.0001997794009749,FALSE,0,0,0,1,17,0,17,0,0.944444444444444
"S.A",82,500,0.33,"TRUE","TRUE","FALSE","18.1234208604109","9.12090116982206","9.00251969058882","6.944","0.296","0.676","1,2,3,4,5,6,7,8,9,737,738,739,740,741,742,743,744,745",9.50847311709498e-05,TRUE,0,0,0,0,18,0,18,0,1
"S.A",83,500,0.33,"TRUE","TRUE","FALSE","18.1928631178552","9.11774518974967","9.07511792810549","7.232","0.293","0.637","1,2,3,4,5,6,7,8,9,737,738,739,740,741,742,743,744,745",9.57391632272785e-05,TRUE,0,0,0,0,18,0,18,0,1
"S.A",84,500,0.33,"TRUE","TRUE","FALSE","17.3982686203063","9.39281103788607","8.00545758242021","8.148","0.294","0.633","1,2,3,4,5,6,7,8,9,738,739,740,741,742,743,744,745",0.00020238815332878,FALSE,0,0,0,1,17,0,17,0,0.944444444444444
"S.A",85,500,0.33,"TRUE","TRUE","FALSE","18.1116832314587","9.10986456495984","9.00181866649882","6.883","0.291","0.632","1,2,3,4,5,6,7,8,9,737,738,739,740,741,742,743,744,745",4.71508069802079e-05,TRUE,0,0,0,0,18,0,18,0,1
"S.A",86,500,0.33,"TRUE","TRUE","FALSE","18.1954599474881","9.19746651821621","8.99799342927189","7.543","0.289","0.693","1,2,3,4,5,6,7,8,9,737,738,739,740,741,742,743,744,745",6.46122657291019e-05,TRUE,0,0,0,0,18,0,18,0,1
"S.A",87,500,0.33,"TRUE","TRUE","FALSE","17.7693070366283","9.12726045851906","8.6420465781092","10.367","0.298","0.66","1,2,3,4,5,6,7,8,9,737,738,739,740,741,742,743,744,745",0.000104516060843802,TRUE,0,0,0,0,18,0,18,0,1
"S.A",88,500,0.33,"TRUE","TRUE","FALSE","18.0956511328105","9.15633781977483","8.93931331303567","7.527","0.292","0.663","1,2,3,4,5,6,7,8,9,737,738,739,740,741,742,743,744,745",2.90638951508601e-05,TRUE,0,0,0,0,18,0,18,0,1
"S.A",89,500,0.33,"TRUE","TRUE","FALSE","18.1226016306789","9.11996932975603","9.00263230092283","7.91","0.323","0.684","1,2,3,4,5,6,7,8,9,737,738,739,740,741,742,743,744,745",5.89320392204823e-05,TRUE,0,0,0,0,18,0,18,0,1
"S.A",9,500,0.33,"TRUE","TRUE","FALSE","18.1012588266693","9.10000748757127","9.00125133909806","7.177","0.293","0.715","1,2,3,4,5,6,7,8,9,737,738,739,740,741,742,743,744,745",5.20739265291376e-05,TRUE,0,0,0,0,18,0,18,0,1
"S.A",90,500,0.33,"TRUE","TRUE","FALSE","18.1231367602454","9.12317507484098","8.99996168540443","7.139","0.291","0.625","1,2,3,4,5,6,7,8,9,737,738,739,740,741,742,743,744,745",8.11171717850249e-05,TRUE,0,0,0,0,18,0,18,0,1
"S.A",91,500,0.33,"TRUE","TRUE","FALSE","18.1903968167454","9.18840607695211","9.00199073979333","7.544","0.31","0.743","1,2,3,4,5,6,7,8,9,737,738,739,740,741,742,743,744,745",6.77799627201993e-05,TRUE,0,0,0,0,18,0,18,0,1
"S.A",92,500,0.33,"TRUE","TRUE","FALSE","18.0989478763915","9.10065955966605","8.9982883167254","6.587","0.298","0.681","1,2,3,4,5,6,7,8,9,737,738,739,740,741,742,743,744,745",1.84147856653436e-05,TRUE,0,0,0,0,18,0,18,0,1
"S.A",93,500,0.33,"TRUE","TRUE","FALSE","19.0163952113587","10.0451521023059","8.97124310905273","8.32","0.307","0.63","1,2,3,4,5,6,7,8,9,396,737,738,739,740,741,742,743,744,745",0.000259635291637853,FALSE,1,0,0,0,19,1,18,0.0526315789473684,1
"S.A",94,500,0.33,"TRUE","TRUE","FALSE","18.1148617614882","9.11138058226716","9.00348117922102","7.095","0.298","0.659","1,2,3,4,5,6,7,8,9,737,738,739,740,741,742,743,744,745",6.83334376063382e-05,TRUE,0,0,0,0,18,0,18,0,1
"S.A",95,500,0.33,"TRUE","TRUE","FALSE","17.7260921291234","9.16581309958961","8.56027902953375","8.026","0.289","0.637","1,2,3,4,5,6,7,8,9,737,738,739,740,741,742,743,744,745",8.83445355396264e-05,TRUE,0,0,0,0,18,0,18,0,1
"S.A",96,500,0.33,"TRUE","TRUE","FALSE","18.1331640553133","9.12949736091208","9.00366669440121","7.14","0.298","0.686","1,2,3,4,5,6,7,8,9,737,738,739,740,741,742,743,744,745",9.89340232447406e-05,TRUE,0,0,0,0,18,0,18,0,1
"S.A",97,500,0.33,"TRUE","TRUE","FALSE","18.0952010195281","9.09134759674313","9.00385342278499","6.584","0.288","0.632","1,2,3,4,5,6,7,8,9,737,738,739,740,741,742,743,744,745",0.000109460067038204,TRUE,0,0,0,0,18,0,18,0,1
"S.A",98,500,0.33,"TRUE","TRUE","FALSE","18.1834343526107","9.18155132563833","9.00188302697233","7.049","0.281","0.645","1,2,3,4,5,6,7,8,9,737,738,739,740,741,742,743,744,745",9.40554000665642e-05,TRUE,0,0,0,0,18,0,18,0,1
"S.A",99,500,0.33,"TRUE","TRUE","FALSE","18.1570163709136","9.154529244977","9.00248712593657","7.471","0.291","0.687","1,2,3,4,5,6,7,8,9,737,738,739,740,741,742,743,744,745",0.000135851113355977,TRUE,0,0,0,0,18,0,18,0,1
"S.A.b",1,500,0.33,"TRUE","TRUE","FALSE","17.9237763781506","9.10643770179098","8.81733867635966","7.714","0.295","0.703","1,2,3,4,5,6,7,8,9,737,738,739,740,741,742,743,744,745",0.000195636159546765,TRUE,0,0,0,0,18,0,18,0,1
"S.A.b",10,500,0.33,"TRUE","TRUE","FALSE","18.1039781648363","9.11568444499343","8.98829371984289","7.325","0.295","0.72","1,2,3,4,5,6,7,8,9,737,738,739,740,741,742,743,744,745",6.69022755430412e-05,TRUE,0,0,0,0,18,0,18,0,1
"S.A.b",100,500,0.33,"TRUE","TRUE","FALSE","18.1203439063134","9.13182128311261","8.98852262320077","7.002","0.298","0.677","1,2,3,4,5,6,7,8,9,737,738,739,740,741,742,743,744,745",4.76671007991544e-05,TRUE,0,0,0,0,18,0,18,0,1
"S.A.b",11,500,0.33,"TRUE","TRUE","FALSE","18.3079046091572","9.30655501972789","9.00134958942935","8.211","0.295","0.681","1,2,3,4,5,6,7,8,9,737,738,739,740,741,742,743,744,745",0.000117128940971411,TRUE,0,0,0,0,18,0,18,0,1
"S.A.b",12,500,0.33,"TRUE","TRUE","FALSE","18.1272396198527","9.13142377605103","8.99581584380167","6.962","0.273","0.619","1,2,3,4,5,6,7,8,9,737,738,739,740,741,742,743,744,745",9.84080078370577e-05,TRUE,0,0,0,0,18,0,18,0,1
"S.A.b",13,500,0.33,"TRUE","TRUE","FALSE","17.5203107338999","9.15689395022449","8.36341678367537","8.359","0.294","0.639","1,2,3,4,5,6,7,8,9,737,738,739,740,741,742,743,744,745",9.61373283433979e-05,TRUE,0,0,0,0,18,0,18,0,1
"S.A.b",14,500,0.33,"TRUE","TRUE","FALSE","18.109862291856","9.08035356439478","9.0295087274612","6.846","0.297","0.631","1,2,3,4,5,6,7,8,9,737,738,739,740,741,742,743,744,745",0.000109962919558575,TRUE,0,0,0,0,18,0,18,0,1
"S.A.b",15,500,0.33,"TRUE","TRUE","FALSE","18.2002335273258","9.19926677758328","9.00096674974253","7.645","0.296","0.683","1,2,3,4,5,6,7,8,9,737,738,739,740,741,742,743,744,745",4.26478203976245e-05,TRUE,0,0,0,0,18,0,18,0,1
"S.A.b",16,500,0.33,"TRUE","TRUE","FALSE","18.2779698885013","9.30724207877419","8.97072780972711","7.368","0.29","0.64","1,2,3,4,5,6,7,8,9,737,738,739,740,741,742,743,744,745",9.6211964926585e-05,TRUE,0,0,0,0,18,0,18,0,1
"S.A.b",17,500,0.33,"TRUE","TRUE","FALSE","18.1883777283937","9.23960167214979","8.94877605624393","7.797","0.305","0.693","1,2,3,4,5,6,7,8,9,737,738,739,740,741,742,743,744,745",0.000104480157748456,TRUE,0,0,0,0,18,0,18,0,1
"S.A.b",18,500,0.33,"TRUE","TRUE","FALSE","18.1138420626949","9.11656825225329","8.99727381044158","7.163","0.3","0.671","1,2,3,4,5,6,7,8,9,737,738,739,740,741,742,743,744,745",6.12367553626552e-05,TRUE,0,0,0,0,18,0,18,0,1
"S.A.b",19,500,0.33,"TRUE","TRUE","FALSE","17.1613766201415","9.14220947280894","8.01916714733252","7.184","0.281","0.622","1,2,3,4,5,6,7,8,9,738,739,740,741,742,743,744,745",0.000240603519024612,FALSE,0,0,0,1,17,0,17,0,0.944444444444444
"S.A.b",2,500,0.33,"TRUE","TRUE","FALSE","18.1065727941075","9.10328418383061","9.00328861027687","6.876","0.288","0.637","1,2,3,4,5,6,7,8,9,737,738,739,740,741,742,743,744,745",4.78436060824903e-05,TRUE,0,0,0,0,18,0,18,0,1
"S.A.b",20,500,0.33,"TRUE","TRUE","FALSE","18.0982565066094","9.09888337460282","8.9993731320066","7.167","0.303","0.639","1,2,3,4,5,6,7,8,9,737,738,739,740,741,742,743,744,745",6.73760080517473e-05,TRUE,0,0,0,0,18,0,18,0,1
"S.A.b",21,500,0.33,"TRUE","TRUE","FALSE","18.1178927281594","9.11465765224355","9.00323507591581","7.112","0.299","0.689","1,2,3,4,5,6,7,8,9,737,738,739,740,741,742,743,744,745",0.000138206516781332,TRUE,0,0,0,0,18,0,18,0,1
"S.A.b",22,500,0.33,"TRUE","TRUE","FALSE","18.4262863709583","9.42496241465951","9.00132395629876","7.924","0.295","0.729","1,2,3,4,5,6,7,8,9,737,738,739,740,741,742,743,744,745",9.00379326815865e-05,TRUE,0,0,0,0,18,0,18,0,1
"S.A.b",23,500,0.33,"TRUE","TRUE","FALSE","18.1258377229392","9.12313707396605","9.00270064897319","7.012","0.294","0.655","1,2,3,4,5,6,7,8,9,737,738,739,740,741,742,743,744,745",4.91839654246264e-05,TRUE,0,0,0,0,18,0,18,0,1
"S.A.b",24,500,0.33,"TRUE","TRUE","FALSE","18.115795185777","9.11047816699242","9.00531701878454","6.93","0.288","0.643","1,2,3,4,5,6,7,8,9,737,738,739,740,741,742,743,744,745",5.51812276434751e-05,TRUE,0,0,0,0,18,0,18,0,1
"S.A.b",25,500,0.33,"TRUE","TRUE","FALSE","18.1788077623542","9.1716032971153","9.00720446523887","7.52","0.282","0.596","1,2,3,4,5,6,7,8,9,737,738,739,740,741,742,743,744,745",4.59047956576527e-05,TRUE,0,0,0,0,18,0,18,0,1
"S.A.b",26,500,0.33,"TRUE","TRUE","FALSE","18.0550548792171","9.13684449751855","8.91821038169851","7.413","0.292","0.661","1,2,3,4,5,6,7,8,9,737,738,739,740,741,742,743,744,745",6.34452710158261e-05,TRUE,0,0,0,0,18,0,18,0,1
"S.A.b",27,500,0.33,"TRUE","TRUE","FALSE","18.1498162736637","9.14657923884615","9.00323703481752","7.137","0.296","0.672","1,2,3,4,5,6,7,8,9,737,738,739,740,741,742,743,744,745",8.835407001396e-05,TRUE,0,0,0,0,18,0,18,0,1
"S.A.b",28,500,0.33,"TRUE","TRUE","FALSE","18.2288977599683","9.2268831394806","9.0020146204877","7.381","0.309","0.756","1,2,3,4,5,6,7,8,9,737,738,739,740,741,742,743,744,745",0.00013005347544802,TRUE,0,0,0,0,18,0,18,0,1
"S.A.b",29,500,0.33,"TRUE","TRUE","FALSE","18.1051853972472","9.26741605558106","8.83776934166614","8.112","0.296","0.647","1,2,3,4,5,6,7,8,9,737,738,739,740,741,742,743,744,745",0.000117520638459311,TRUE,0,0,0,0,18,0,18,0,1
"S.A.b",3,500,0.33,"TRUE","TRUE","FALSE","18.1008166138395","9.1000622116171","9.00075440222241","6.9","0.405","0.671","1,2,3,4,5,6,7,8,9,737,738,739,740,741,742,743,744,745",0.000115566262026181,TRUE,0,0,0,0,18,0,18,0,1
"S.A.b",30,500,0.33,"TRUE","TRUE","FALSE","18.1128683927262","9.11755580915974","8.99531258356647","7.438","0.345","0.775","1,2,3,4,5,6,7,8,9,737,738,739,740,741,742,743,744,745",5.89090734084692e-05,TRUE,0,0,0,0,18,0,18,0,1
"S.A.b",31,500,0.33,"TRUE","TRUE","FALSE","18.1181005820055","9.11473191581505","9.00336866619049","7.702","0.298","0.708","1,2,3,4,5,6,7,8,9,737,738,739,740,741,742,743,744,745",8.80583286790794e-05,TRUE,0,0,0,0,18,0,18,0,1
"S.A.b",32,500,0.33,"TRUE","TRUE","FALSE","18.1165550245772","9.11436119169213","9.00219383288504","6.666","0.299","0.704","1,2,3,4,5,6,7,8,9,737,738,739,740,741,742,743,744,745",0.000170067453848472,TRUE,0,0,0,0,18,0,18,0,1
"S.A.b",33,500,0.33,"TRUE","TRUE","FALSE","18.1875968859236","9.1838377661995","9.00375911972411","7.027","0.292","0.639","1,2,3,4,5,6,7,8,9,737,738,739,740,741,742,743,744,745",6.81849871635755e-05,TRUE,0,0,0,0,18,0,18,0,1
"S.A.b",34,500,0.33,"TRUE","TRUE","FALSE","18.1436560777996","9.14138255264488","9.00227352515471","7.027","0.294","0.629","1,2,3,4,5,6,7,8,9,737,738,739,740,741,742,743,744,745",6.38480977605309e-05,TRUE,0,0,0,0,18,0,18,0,1
"S.A.b",35,500,0.33,"TRUE","TRUE","FALSE","18.1179165344807","9.11472792132289","9.00318861315782","7.046","0.308","0.827","1,2,3,4,5,6,7,8,9,737,738,739,740,741,742,743,744,745",9.98360422569737e-05,TRUE,0,0,0,0,18,0,18,0,1
"S.A.b",36,500,0.33,"TRUE","TRUE","FALSE","18.1408657361715","9.13919336456149","9.00167237161004","7.24","0.307","0.763","1,2,3,4,5,6,7,8,9,737,738,739,740,741,742,743,744,745",0.000101349635007038,TRUE,0,0,0,0,18,0,18,0,1
"S.A.b",37,500,0.33,"TRUE","TRUE","FALSE","18.1263958428034","9.12657987450856","8.99981596829483","6.797","0.286","0.648","1,2,3,4,5,6,7,8,9,737,738,739,740,741,742,743,744,745",6.31637815172033e-05,TRUE,0,0,0,0,18,0,18,0,1
"S.A.b",38,500,0.33,"TRUE","TRUE","FALSE","17.4860712011471","9.28156484933255","8.20450635181453","7.61","0.279","0.578","1,2,3,4,5,6,7,8,9,737,738,739,740,741,742,743,744,745",0.000163220223201703,TRUE,0,0,0,0,18,0,18,0,1
"S.A.b",39,500,0.33,"TRUE","TRUE","FALSE","18.4997019446682","9.49690078499104","9.00280115967715","8.904","0.312","0.701","1,2,3,4,5,6,7,8,9,737,738,739,740,741,742,743,744,745",7.08735186972091e-05,TRUE,0,0,0,0,18,0,18,0,1
"S.A.b",4,500,0.33,"TRUE","TRUE","FALSE","18.2214678109899","9.2159681330808","9.00549967790908","7.648","0.277","0.643","1,2,3,4,5,6,7,8,9,737,738,739,740,741,742,743,744,745",8.14499676469217e-05,TRUE,0,0,0,0,18,0,18,0,1
"S.A.b",40,500,0.33,"TRUE","TRUE","FALSE","17.1751821144432","9.10469835610484","8.0704837583384","7.467","0.291","0.62","1,2,3,4,5,6,7,8,9,737,738,739,740,741,742,743,744,745",9.60924195033404e-05,TRUE,0,0,0,0,18,0,18,0,1
"S.A.b",41,500,0.33,"TRUE","TRUE","FALSE","18.0991019124229","9.09900567875792","9.00009623366497","6.65","0.298","0.624","1,2,3,4,5,6,7,8,9,737,738,739,740,741,742,743,744,745",0.000138896453011644,TRUE,0,0,0,0,18,0,18,0,1
"S.A.b",42,500,0.33,"TRUE","TRUE","FALSE","18.1328821403916","9.13041685954346","9.00246528084814","7.146","0.306","0.673","1,2,3,4,5,6,7,8,9,737,738,739,740,741,742,743,744,745",0.000124216820356331,TRUE,0,0,0,0,18,0,18,0,1
"S.A.b",43,500,0.33,"TRUE","TRUE","FALSE","18.1371987033307","9.1334944372093","9.00370426612135","6.967","0.29","0.665","1,2,3,4,5,6,7,8,9,737,738,739,740,741,742,743,744,745",0.000123392567399411,TRUE,0,0,0,0,18,0,18,0,1
"S.A.b",44,500,0.33,"TRUE","TRUE","FALSE","18.1637977346941","9.16083852154765","9.00295921314644","7.311","0.299","0.622","1,2,3,4,5,6,7,8,9,737,738,739,740,741,742,743,744,745",0.000106977890169064,TRUE,0,0,0,0,18,0,18,0,1
"S.A.b",45,500,0.33,"TRUE","TRUE","FALSE","18.1063118154266","9.11421781790352","8.99209399752308","7.442","0.296","0.694","1,2,3,4,5,6,7,8,9,737,738,739,740,741,742,743,744,745",5.82528686106312e-05,TRUE,0,0,0,0,18,0,18,0,1
"S.A.b",46,500,0.33,"TRUE","TRUE","FALSE","18.1151916737751","9.11182301285625","9.00336866091887","6.989","0.297","0.633","1,2,3,4,5,6,7,8,9,737,738,739,740,741,742,743,744,745",7.13434530624363e-05,TRUE,0,0,0,0,18,0,18,0,1
"S.A.b",47,500,0.33,"TRUE","TRUE","FALSE","18.1512166714686","9.15043018461445","9.00078648685415","7.007","0.298","0.642","1,2,3,4,5,6,7,8,9,737,738,739,740,741,742,743,744,745",5.94830785566694e-05,TRUE,0,0,0,0,18,0,18,0,1
"S.A.b",48,500,0.33,"TRUE","TRUE","FALSE","17.3552728434147","9.1254469148748","8.22982592853986","8.106","0.292","0.592","1,2,3,4,5,6,7,8,9,737,738,739,740,741,742,743,744,745",9.24009619223857e-05,TRUE,0,0,0,0,18,0,18,0,1
"S.A.b",49,500,0.33,"TRUE","TRUE","FALSE","18.1152094237904","9.11298386438059","9.0022255594098","7.003","0.29","0.637","1,2,3,4,5,6,7,8,9,737,738,739,740,741,742,743,744,745",8.8130675553621e-05,TRUE,0,0,0,0,18,0,18,0,1
"S.A.b",5,500,0.33,"TRUE","TRUE","FALSE","18.2199630922717","9.22579368800049","8.99416940427122","7.877","0.297","0.716","1,2,3,4,5,6,7,8,9,737,738,739,740,741,742,743,744,745",4.12681534835367e-05,TRUE,0,0,0,0,18,0,18,0,1
"S.A.b",50,500,0.33,"TRUE","TRUE","FALSE","18.0389672297057","9.20257614850071","8.836391081205","8.902","0.31","0.743","1,2,3,4,5,6,7,8,9,737,738,739,740,741,742,743,744,745",0.000107373679113654,TRUE,0,0,0,0,18,0,18,0,1
"S.A.b",51,500,0.33,"TRUE","TRUE","FALSE","18.1284829207614","9.12450525825009","9.00397766251133","6.729","0.299","0.652","1,2,3,4,5,6,7,8,9,737,738,739,740,741,742,743,744,745",6.80789045889518e-05,TRUE,0,0,0,0,18,0,18,0,1
"S.A.b",52,500,0.33,"TRUE","TRUE","FALSE","18.0744584361859","9.11098364833005","8.96347478785581","7.279","0.3","0.678","1,2,3,4,5,6,7,8,9,737,738,739,740,741,742,743,744,745",0.000101398528914444,TRUE,0,0,0,0,18,0,18,0,1
"S.A.b",53,500,0.33,"TRUE","TRUE","FALSE","18.0942728352727","9.10025693954693","8.99401589572579","6.922","0.294","0.673","1,2,3,4,5,6,7,8,9,737,738,739,740,741,742,743,744,745",3.07181037234022e-05,TRUE,0,0,0,0,18,0,18,0,1
"S.A.b",54,500,0.33,"TRUE","TRUE","FALSE","18.470413076204","9.46567574074041","9.00473733546356","8.091","0.305","0.656","1,2,3,4,5,6,7,8,9,737,738,739,740,741,742,743,744,745",9.5043345702401e-05,TRUE,0,0,0,0,18,0,18,0,1
"S.A.b",55,500,0.33,"TRUE","TRUE","FALSE","18.1046861572085","9.13969743191022","8.96498872529826","7.162","0.29","0.608","1,2,3,4,5,6,7,8,9,737,738,739,740,741,742,743,744,745",8.15051103305743e-05,TRUE,0,0,0,0,18,0,18,0,1
"S.A.b",56,500,0.33,"TRUE","TRUE","FALSE","18.1584605453655","9.15537432697154","9.003086218394","6.793","0.29","0.658","1,2,3,4,5,6,7,8,9,737,738,739,740,741,742,743,744,745",7.21195692495206e-05,TRUE,0,0,0,0,18,0,18,0,1
"S.A.b",57,500,0.33,"TRUE","TRUE","FALSE","18.1212077507089","9.11724079099827","9.00396695971062","6.895","0.288","0.684","1,2,3,4,5,6,7,8,9,737,738,739,740,741,742,743,744,745",0.000107140055672152,TRUE,0,0,0,0,18,0,18,0,1
"S.A.b",58,500,0.33,"TRUE","TRUE","FALSE","18.2532680317774","9.25109151634504","9.00217651543233","7.282","0.317","0.69","1,2,3,4,5,6,7,8,9,737,738,739,740,741,742,743,744,745",5.3054620659966e-05,TRUE,0,0,0,0,18,0,18,0,1
"S.A.b",59,500,0.33,"TRUE","TRUE","FALSE","18.2140308363178","9.21255131992968","9.00147951638813","7.803","0.307","0.713","1,2,3,4,5,6,7,8,9,737,738,739,740,741,742,743,744,745",5.71376608348503e-05,TRUE,0,0,0,0,18,0,18,0,1
"S.A.b",6,500,0.33,"TRUE","TRUE","FALSE","18.1546940256078","9.15727907379608","8.99741495181171","7.471","0.281","0.653","1,2,3,4,5,6,7,8,9,737,738,739,740,741,742,743,744,745",6.62140299634944e-05,TRUE,0,0,0,0,18,0,18,0,1
"S.A.b",60,500,0.33,"TRUE","TRUE","FALSE","17.9335702382161","9.16809794164276","8.76547229657334","7.756","0.292","0.655","1,2,3,4,5,6,7,8,9,737,738,739,740,741,742,743,744,745",0.000108179787756009,TRUE,0,0,0,0,18,0,18,0,1
"S.A.b",61,500,0.33,"TRUE","TRUE","FALSE","18.1137762585116","9.11052330111386","9.00325295739774","6.932","0.29","0.675","1,2,3,4,5,6,7,8,9,737,738,739,740,741,742,743,744,745",5.61664748784577e-05,TRUE,0,0,0,0,18,0,18,0,1
"S.A.b",62,500,0.33,"TRUE","TRUE","FALSE","18.3645575297635","9.31481757721556","9.04973995254798","7.76","0.285","0.641","1,2,3,4,5,6,7,8,9,737,738,739,740,741,742,743,744,745,749",0.000120682751375905,FALSE,0,1,0,0,19,1,18,0.0526315789473684,1
"S.A.b",63,500,0.33,"TRUE","TRUE","FALSE","18.1716111664598","9.168329564549","9.00328160191075","7.184","0.299","0.662","1,2,3,4,5,6,7,8,9,737,738,739,740,741,742,743,744,745",0.000114486943806944,TRUE,0,0,0,0,18,0,18,0,1
"S.A.b",64,500,0.33,"TRUE","TRUE","FALSE","17.6544473849333","9.13648149365405","8.51796589127927","8.001","0.293","0.684","1,2,3,4,5,6,7,8,9,737,738,739,740,741,742,743,744,745",7.14638959640843e-05,TRUE,0,0,0,0,18,0,18,0,1
"S.A.b",65,500,0.33,"TRUE","TRUE","FALSE","18.0914776131361","9.10549293705465","8.98598467608145","6.881","0.297","0.624","1,2,3,4,5,6,7,8,9,737,738,739,740,741,742,743,744,745",5.72857509571003e-05,TRUE,0,0,0,0,18,0,18,0,1
"S.A.b",66,500,0.33,"TRUE","TRUE","FALSE","17.6175627602265","9.14352016903338","8.47404259119312","8.333","0.306","0.71","1,2,3,4,5,6,7,8,9,737,738,739,740,741,742,743,744,745",9.78354179226971e-05,TRUE,0,0,0,0,18,0,18,0,1
"S.A.b",67,500,0.33,"TRUE","TRUE","FALSE","17.9326750531558","9.14699205460779","8.78568299854798","8.408","0.341","0.713","1,2,3,4,5,6,7,8,9,737,738,739,740,741,742,743,744,745",6.04753514956307e-05,TRUE,0,0,0,0,18,0,18,0,1
"S.A.b",68,500,0.33,"TRUE","TRUE","FALSE","18.1268209105888","9.12057048169474","9.00625042889403","7.164","0.275","0.663","1,2,3,4,5,6,7,8,9,737,738,739,740,741,742,743,744,745",8.69700453780077e-05,TRUE,0,0,0,0,18,0,18,0,1
"S.A.b",69,500,0.33,"TRUE","TRUE","FALSE","18.1234092565405","9.12066606519199","9.00274319134852","7.287","0.295","0.668","1,2,3,4,5,6,7,8,9,737,738,739,740,741,742,743,744,745",5.7341498521604e-05,TRUE,0,0,0,0,18,0,18,0,1
"S.A.b",7,500,0.33,"TRUE","TRUE","FALSE","18.1050844895759","9.10520554859992","8.99987894097601","7.124","0.303","0.719","1,2,3,4,5,6,7,8,9,737,738,739,740,741,742,743,744,745",7.7645305047435e-05,TRUE,0,0,0,0,18,0,18,0,1
"S.A.b",70,500,0.33,"TRUE","TRUE","FALSE","17.2641151853138","9.11623779863223","8.14787738668157","7.057","0.293","0.609","1,2,3,4,5,6,7,8,9,737,738,739,740,741,742,743,744,745",0.000121487017885027,TRUE,0,0,0,0,18,0,18,0,1
"S.A.b",71,500,0.33,"TRUE","TRUE","FALSE","18.0303982164714","9.11324682535606","8.91715139111534","7.653","0.308","0.672","1,2,3,4,5,6,7,8,9,737,738,739,740,741,742,743,744,745",9.83812546498681e-05,TRUE,0,0,0,0,18,0,18,0,1
"S.A.b",72,500,0.33,"TRUE","TRUE","FALSE","18.2296236742665","9.22965038174803","8.99997329251847","8.143","0.301","0.728","1,2,3,4,5,6,7,8,9,737,738,739,740,741,742,743,744,745",0.000109941100194319,TRUE,0,0,0,0,18,0,18,0,1
"S.A.b",73,500,0.33,"TRUE","TRUE","FALSE","18.1148535367541","9.1217265277239","8.99312700903024","6.876","0.304","0.686","1,2,3,4,5,6,7,8,9,737,738,739,740,741,742,743,744,745",0.000124237487440032,TRUE,0,0,0,0,18,0,18,0,1
"S.A.b",74,500,0.33,"TRUE","TRUE","FALSE","18.1730958484304","9.17517643370036","8.99791941473005","7.477","0.288","0.667","1,2,3,4,5,6,7,8,9,737,738,739,740,741,742,743,744,745",9.83878975840534e-05,TRUE,0,0,0,0,18,0,18,0,1
"S.A.b",75,500,0.33,"TRUE","TRUE","FALSE","18.1444460045235","9.14463498713124","8.99981101739221","6.919","0.301","0.727","1,2,3,4,5,6,7,8,9,737,738,739,740,741,742,743,744,745",9.73818566620748e-05,TRUE,0,0,0,0,18,0,18,0,1
"S.A.b",76,500,0.33,"TRUE","TRUE","FALSE","17.3255639806548","9.14631505360836","8.17924892704645","7.589","0.29","0.647","1,2,3,4,5,6,7,8,9,737,738,739,740,741,742,743,744,745",7.02530664321168e-05,TRUE,0,0,0,0,18,0,18,0,1
"S.A.b",77,500,0.33,"TRUE","TRUE","FALSE","18.2135725228742","9.21105589196502","9.00251663090915","7.436","0.307","0.622","1,2,3,4,5,6,7,8,9,737,738,739,740,741,742,743,744,745",0.000139808955524992,TRUE,0,0,0,0,18,0,18,0,1
"S.A.b",78,500,0.33,"TRUE","TRUE","FALSE","18.1083688369302","9.10494657133728","9.00342226559288","6.932","0.294","0.666","1,2,3,4,5,6,7,8,9,737,738,739,740,741,742,743,744,745",7.71036433118129e-05,TRUE,0,0,0,0,18,0,18,0,1
"S.A.b",79,500,0.33,"TRUE","TRUE","FALSE","18.1413960920995","9.14340952113918","8.99798657096034","7.393","0.286","0.653","1,2,3,4,5,6,7,8,9,737,738,739,740,741,742,743,744,745",0.000108848003803415,TRUE,0,0,0,0,18,0,18,0,1
"S.A.b",8,500,0.33,"TRUE","TRUE","FALSE","18.1371350449141","9.14376992054505","8.99336512436901","7.515","0.297","0.674","1,2,3,4,5,6,7,8,9,737,738,739,740,741,742,743,744,745",3.77939100744634e-05,TRUE,0,0,0,0,18,0,18,0,1
"S.A.b",80,500,0.33,"TRUE","TRUE","FALSE","18.13618738934","9.13433700650922","9.00185038283073","6.947","0.288","0.601","1,2,3,4,5,6,7,8,9,737,738,739,740,741,742,743,744,745",7.33954629768336e-05,TRUE,0,0,0,0,18,0,18,0,1
"S.A.b",81,500,0.33,"TRUE","TRUE","FALSE","17.5494638441447","9.13605642419002","8.41340741995466","8.121","0.293","0.656","1,2,3,4,5,6,7,8,9,737,738,739,740,741,742,743,744,745",6.15151623148769e-05,TRUE,0,0,0,0,18,0,18,0,1
"S.A.b",82,500,0.33,"TRUE","TRUE","FALSE","18.1234208604109","9.12090116982206","9.00251969058882","6.944","0.296","0.676","1,2,3,4,5,6,7,8,9,737,738,739,740,741,742,743,744,745",9.50847311709498e-05,TRUE,0,0,0,0,18,0,18,0,1
"S.A.b",83,500,0.33,"TRUE","TRUE","FALSE","18.1928631178552","9.11774518974967","9.07511792810549","7.232","0.293","0.637","1,2,3,4,5,6,7,8,9,737,738,739,740,741,742,743,744,745,748",0.000155391359068022,FALSE,0,1,0,0,19,1,18,0.0526315789473684,1
"S.A.b",84,500,0.33,"TRUE","TRUE","FALSE","17.3982686203063","9.39281103788607","8.00545758242021","8.148","0.294","0.633","1,2,3,4,5,6,7,8,9,738,739,740,741,742,743,744,745",0.00020238815332878,FALSE,0,0,0,1,17,0,17,0,0.944444444444444
"S.A.b",85,500,0.33,"TRUE","TRUE","FALSE","18.1116832314587","9.10986456495984","9.00181866649882","6.883","0.291","0.632","1,2,3,4,5,6,7,8,9,737,738,739,740,741,742,743,744,745",4.71508069802079e-05,TRUE,0,0,0,0,18,0,18,0,1
"S.A.b",86,500,0.33,"TRUE","TRUE","FALSE","18.1954599474881","9.19746651821621","8.99799342927189","7.543","0.289","0.693","1,2,3,4,5,6,7,8,9,737,738,739,740,741,742,743,744,745",6.46122657291019e-05,TRUE,0,0,0,0,18,0,18,0,1
"S.A.b",87,500,0.33,"TRUE","TRUE","FALSE","17.7693070366283","9.12726045851906","8.6420465781092","10.367","0.298","0.66","1,2,3,4,5,6,7,8,9,737,738,739,740,741,742,743,744,745",0.000104516060843802,TRUE,0,0,0,0,18,0,18,0,1
"S.A.b",88,500,0.33,"TRUE","TRUE","FALSE","18.0956511328105","9.15633781977483","8.93931331303567","7.527","0.292","0.663","1,2,3,4,5,6,7,8,9,737,738,739,740,741,742,743,744,745",2.90638951508601e-05,TRUE,0,0,0,0,18,0,18,0,1
"S.A.b",89,500,0.33,"TRUE","TRUE","FALSE","18.1226016306789","9.11996932975603","9.00263230092283","7.91","0.323","0.684","1,2,3,4,5,6,7,8,9,737,738,739,740,741,742,743,744,745",5.89320392204823e-05,TRUE,0,0,0,0,18,0,18,0,1
"S.A.b",9,500,0.33,"TRUE","TRUE","FALSE","18.1012588266693","9.10000748757127","9.00125133909806","7.177","0.293","0.715","1,2,3,4,5,6,7,8,9,737,738,739,740,741,742,743,744,745",5.20739265291376e-05,TRUE,0,0,0,0,18,0,18,0,1
"S.A.b",90,500,0.33,"TRUE","TRUE","FALSE","18.1231367602454","9.12317507484098","8.99996168540443","7.139","0.291","0.625","1,2,3,4,5,6,7,8,9,737,738,739,740,741,742,743,744,745",8.11171717850249e-05,TRUE,0,0,0,0,18,0,18,0,1
"S.A.b",91,500,0.33,"TRUE","TRUE","FALSE","18.1903968167454","9.18840607695211","9.00199073979333","7.544","0.31","0.743","1,2,3,4,5,6,7,8,9,737,738,739,740,741,742,743,744,745",6.77799627201993e-05,TRUE,0,0,0,0,18,0,18,0,1
"S.A.b",92,500,0.33,"TRUE","TRUE","FALSE","18.0989478763915","9.10065955966605","8.9982883167254","6.587","0.298","0.681","1,2,3,4,5,6,7,8,9,737,738,739,740,741,742,743,744,745",1.84147856653436e-05,TRUE,0,0,0,0,18,0,18,0,1
"S.A.b",93,500,0.33,"TRUE","TRUE","FALSE","19.0163952113587","10.0451521023059","8.97124310905273","8.32","0.307","0.63","1,2,3,4,5,6,7,8,9,396,737,738,739,740,741,742,743,744,745",0.000259635291637853,FALSE,1,0,0,0,19,1,18,0.0526315789473684,1
"S.A.b",94,500,0.33,"TRUE","TRUE","FALSE","18.1148617614882","9.11138058226716","9.00348117922102","7.095","0.298","0.659","1,2,3,4,5,6,7,8,9,737,738,739,740,741,742,743,744,745",6.83334376063382e-05,TRUE,0,0,0,0,18,0,18,0,1
"S.A.b",95,500,0.33,"TRUE","TRUE","FALSE","17.7260921291234","9.16581309958961","8.56027902953375","8.026","0.289","0.637","1,2,3,4,5,6,7,8,9,737,738,739,740,741,742,743,744,745",8.83445355396264e-05,TRUE,0,0,0,0,18,0,18,0,1
"S.A.b",96,500,0.33,"TRUE","TRUE","FALSE","18.1331640553133","9.12949736091208","9.00366669440121","7.14","0.298","0.686","1,2,3,4,5,6,7,8,9,737,738,739,740,741,742,743,744,745",9.89340232447406e-05,TRUE,0,0,0,0,18,0,18,0,1
"S.A.b",97,500,0.33,"TRUE","TRUE","FALSE","18.0952010195281","9.09134759674313","9.00385342278499","6.584","0.288","0.632","1,2,3,4,5,6,7,8,9,737,738,739,740,741,742,743,744,745",0.000109460067038204,TRUE,0,0,0,0,18,0,18,0,1
"S.A.b",98,500,0.33,"TRUE","TRUE","FALSE","18.1834343526107","9.18155132563833","9.00188302697233","7.049","0.281","0.645","1,2,3,4,5,6,7,8,9,737,738,739,740,741,742,743,744,745",9.40554000665642e-05,TRUE,0,0,0,0,18,0,18,0,1
"S.A.b",99,500,0.33,"TRUE","TRUE","FALSE","18.1570163709136","9.154529244977","9.00248712593657","7.471","0.291","0.687","1,2,3,4,5,6,7,8,9,737,738,739,740,741,742,743,744,745",0.000135851113355977,TRUE,0,0,0,0,18,0,18,0,1
"S.EB",1,500,0.33,"TRUE","TRUE","FALSE","17.9237763781506","9.10643770179098","8.81733867635966","7.714","0.295","0.703","1,2,3,4,5,6,7,8,9,737,738,739,740,741,742,743,744,745",0.000195636159546765,TRUE,0,0,0,0,18,0,18,0,1
"S.EB",10,500,0.33,"TRUE","TRUE","FALSE","18.1039781648363","9.11568444499343","8.98829371984289","7.325","0.295","0.72","1,2,3,4,5,6,7,8,9,737,738,739,740,741,742,743,744,745",6.69022755430412e-05,TRUE,0,0,0,0,18,0,18,0,1
"S.EB",100,500,0.33,"TRUE","TRUE","FALSE","18.1203439063134","9.13182128311261","8.98852262320077","7.002","0.298","0.677","1,2,3,4,5,6,7,8,9,737,738,739,740,741,742,743,744,745",4.76671007991544e-05,TRUE,0,0,0,0,18,0,18,0,1
"S.EB",11,500,0.33,"TRUE","TRUE","FALSE","18.3079046091572","9.30655501972789","9.00134958942935","8.211","0.295","0.681","1,2,3,4,5,6,7,8,9,151,737,738,739,740,741,742,743,744,745",0.000195884603956455,FALSE,1,0,0,0,19,1,18,0.0526315789473684,1
"S.EB",12,500,0.33,"TRUE","TRUE","FALSE","18.1272396198527","9.13142377605103","8.99581584380167","6.962","0.273","0.619","1,2,3,4,5,6,7,8,9,737,738,739,740,741,742,743,744,745",9.84080078370577e-05,TRUE,0,0,0,0,18,0,18,0,1
"S.EB",13,500,0.33,"TRUE","TRUE","FALSE","17.5203107338999","9.15689395022449","8.36341678367537","8.359","0.294","0.639","1,2,3,4,5,6,7,8,9,737,738,739,740,741,742,743,744,745",9.61373283433979e-05,TRUE,0,0,0,0,18,0,18,0,1
"S.EB",14,500,0.33,"TRUE","TRUE","FALSE","18.109862291856","9.08035356439478","9.0295087274612","6.846","0.297","0.631","1,2,3,4,5,6,7,8,9,737,738,739,740,741,742,743,744,745",0.000109962919558575,TRUE,0,0,0,0,18,0,18,0,1
"S.EB",15,500,0.33,"TRUE","TRUE","FALSE","18.2002335273258","9.19926677758328","9.00096674974253","7.645","0.296","0.683","1,2,3,4,5,6,7,8,9,737,738,739,740,741,742,743,744,745",4.26478203976245e-05,TRUE,0,0,0,0,18,0,18,0,1
"S.EB",16,500,0.33,"TRUE","TRUE","FALSE","18.2779698885013","9.30724207877419","8.97072780972711","7.368","0.29","0.64","1,2,3,4,5,6,7,8,9,49,737,738,739,740,741,742,743,744,745",0.000201647984909254,FALSE,1,0,0,0,19,1,18,0.0526315789473684,1
"S.EB",17,500,0.33,"TRUE","TRUE","FALSE","18.1883777283937","9.23960167214979","8.94877605624393","7.797","0.305","0.693","1,2,3,4,5,6,7,8,9,163,737,738,739,740,741,742,743,744,745",0.000194420730015996,FALSE,1,0,0,0,19,1,18,0.0526315789473684,1
"S.EB",18,500,0.33,"TRUE","TRUE","FALSE","18.1138420626949","9.11656825225329","8.99727381044158","7.163","0.3","0.671","1,2,3,4,5,6,7,8,9,737,738,739,740,741,742,743,744,745",6.12367553626552e-05,TRUE,0,0,0,0,18,0,18,0,1
"S.EB",19,500,0.33,"TRUE","TRUE","FALSE","17.1613766201415","9.14220947280894","8.01916714733252","7.184","0.281","0.622","1,2,3,4,5,6,7,8,9,738,739,740,741,742,743,744,745",0.000240603519024612,FALSE,0,0,0,1,17,0,17,0,0.944444444444444
"S.EB",2,500,0.33,"TRUE","TRUE","FALSE","18.1065727941075","9.10328418383061","9.00328861027687","6.876","0.288","0.637","1,2,3,4,5,6,7,8,9,737,738,739,740,741,742,743,744,745",4.78436060824903e-05,TRUE,0,0,0,0,18,0,18,0,1
"S.EB",20,500,0.33,"TRUE","TRUE","FALSE","18.0982565066094","9.09888337460282","8.9993731320066","7.167","0.303","0.639","1,2,3,4,5,6,7,8,9,737,738,739,740,741,742,743,744,745",6.73760080517473e-05,TRUE,0,0,0,0,18,0,18,0,1
"S.EB",21,500,0.33,"TRUE","TRUE","FALSE","18.1178927281594","9.11465765224355","9.00323507591581","7.112","0.299","0.689","1,2,3,4,5,6,7,8,9,737,738,739,740,741,742,743,744,745",0.000138206516781332,TRUE,0,0,0,0,18,0,18,0,1
"S.EB",22,500,0.33,"TRUE","TRUE","FALSE","18.4262863709583","9.42496241465951","9.00132395629876","7.924","0.295","0.729","1,2,3,4,5,6,7,8,9,129,137,737,738,739,740,741,742,743,744,745",0.000293648128890577,FALSE,2,0,0,0,20,2,18,0.1,1
"S.EB",23,500,0.33,"TRUE","TRUE","FALSE","18.1258377229392","9.12313707396605","9.00270064897319","7.012","0.294","0.655","1,2,3,4,5,6,7,8,9,737,738,739,740,741,742,743,744,745",4.91839654246264e-05,TRUE,0,0,0,0,18,0,18,0,1
"S.EB",24,500,0.33,"TRUE","TRUE","FALSE","18.115795185777","9.11047816699242","9.00531701878454","6.93","0.288","0.643","1,2,3,4,5,6,7,8,9,737,738,739,740,741,742,743,744,745",5.51812276434751e-05,TRUE,0,0,0,0,18,0,18,0,1
"S.EB",25,500,0.33,"TRUE","TRUE","FALSE","18.1788077623542","9.1716032971153","9.00720446523887","7.52","0.282","0.596","1,2,3,4,5,6,7,8,9,737,738,739,740,741,742,743,744,745",4.59047956576527e-05,TRUE,0,0,0,0,18,0,18,0,1
"S.EB",26,500,0.33,"TRUE","TRUE","FALSE","18.0550548792171","9.13684449751855","8.91821038169851","7.413","0.292","0.661","1,2,3,4,5,6,7,8,9,737,738,739,740,741,742,743,744,745",6.34452710158261e-05,TRUE,0,0,0,0,18,0,18,0,1
"S.EB",27,500,0.33,"TRUE","TRUE","FALSE","18.1498162736637","9.14657923884615","9.00323703481752","7.137","0.296","0.672","1,2,3,4,5,6,7,8,9,737,738,739,740,741,742,743,744,745",8.835407001396e-05,TRUE,0,0,0,0,18,0,18,0,1
"S.EB",28,500,0.33,"TRUE","TRUE","FALSE","18.2288977599683","9.2268831394806","9.0020146204877","7.381","0.309","0.756","1,2,3,4,5,6,7,8,9,737,738,739,740,741,742,743,744,745",0.00013005347544802,TRUE,0,0,0,0,18,0,18,0,1
"S.EB",29,500,0.33,"TRUE","TRUE","FALSE","18.1051853972472","9.26741605558106","8.83776934166614","8.112","0.296","0.647","1,2,3,4,5,6,7,8,9,224,737,738,739,740,741,742,743,744,745",0.000198791276345122,FALSE,1,0,0,0,19,1,18,0.0526315789473684,1
"S.EB",3,500,0.33,"TRUE","TRUE","FALSE","18.1008166138395","9.1000622116171","9.00075440222241","6.9","0.405","0.671","1,2,3,4,5,6,7,8,9,737,738,739,740,741,742,743,744,745",0.000115566262026181,TRUE,0,0,0,0,18,0,18,0,1
"S.EB",30,500,0.33,"TRUE","TRUE","FALSE","18.1128683927262","9.11755580915974","8.99531258356647","7.438","0.345","0.775","1,2,3,4,5,6,7,8,9,737,738,739,740,741,742,743,744,745",5.89090734084692e-05,TRUE,0,0,0,0,18,0,18,0,1
"S.EB",31,500,0.33,"TRUE","TRUE","FALSE","18.1181005820055","9.11473191581505","9.00336866619049","7.702","0.298","0.708","1,2,3,4,5,6,7,8,9,737,738,739,740,741,742,743,744,745",8.80583286790794e-05,TRUE,0,0,0,0,18,0,18,0,1
"S.EB",32,500,0.33,"TRUE","TRUE","FALSE","18.1165550245772","9.11436119169213","9.00219383288504","6.666","0.299","0.704","1,2,3,4,5,6,7,8,9,737,738,739,740,741,742,743,744,745",0.000170067453848472,TRUE,0,0,0,0,18,0,18,0,1
"S.EB",33,500,0.33,"TRUE","TRUE","FALSE","18.1875968859236","9.1838377661995","9.00375911972411","7.027","0.292","0.639","1,2,3,4,5,6,7,8,9,545,737,738,739,740,741,742,743,744,745",0.000136210744532489,FALSE,1,0,0,0,19,1,18,0.0526315789473684,1
"S.EB",34,500,0.33,"TRUE","TRUE","FALSE","18.1436560777996","9.14138255264488","9.00227352515471","7.027","0.294","0.629","1,2,3,4,5,6,7,8,9,737,738,739,740,741,742,743,744,745",6.38480977605309e-05,TRUE,0,0,0,0,18,0,18,0,1
"S.EB",35,500,0.33,"TRUE","TRUE","FALSE","18.1179165344807","9.11472792132289","9.00318861315782","7.046","0.308","0.827","1,2,3,4,5,6,7,8,9,737,738,739,740,741,742,743,744,745",9.98360422569737e-05,TRUE,0,0,0,0,18,0,18,0,1
"S.EB",36,500,0.33,"TRUE","TRUE","FALSE","18.1408657361715","9.13919336456149","9.00167237161004","7.24","0.307","0.763","1,2,3,4,5,6,7,8,9,737,738,739,740,741,742,743,744,745",0.000101349635007038,TRUE,0,0,0,0,18,0,18,0,1
"S.EB",37,500,0.33,"TRUE","TRUE","FALSE","18.1263958428034","9.12657987450856","8.99981596829483","6.797","0.286","0.648","1,2,3,4,5,6,7,8,9,737,738,739,740,741,742,743,744,745",6.31637815172033e-05,TRUE,0,0,0,0,18,0,18,0,1
"S.EB",38,500,0.33,"TRUE","TRUE","FALSE","17.4860712011471","9.28156484933255","8.20450635181453","7.61","0.279","0.578","1,2,3,4,5,6,7,8,9,112,598,737,738,739,740,741,742,743,744,745",0.000326246810234985,FALSE,2,0,0,0,20,2,18,0.1,1
"S.EB",39,500,0.33,"TRUE","TRUE","FALSE","18.4997019446682","9.49690078499104","9.00280115967715","8.904","0.312","0.701","1,2,3,4,5,6,7,8,9,92,178,737,738,739,740,741,742,743,744,745",0.000218614021789174,FALSE,2,0,0,0,20,2,18,0.1,1
"S.EB",4,500,0.33,"TRUE","TRUE","FALSE","18.2214678109899","9.2159681330808","9.00549967790908","7.648","0.277","0.643","1,2,3,4,5,6,7,8,9,257,737,738,739,740,741,742,743,744,745",0.000165486643967873,FALSE,1,0,0,0,19,1,18,0.0526315789473684,1
"S.EB",40,500,0.33,"TRUE","TRUE","FALSE","17.1751821144432","9.10469835610484","8.0704837583384","7.467","0.291","0.62","1,2,3,4,5,6,7,8,9,737,738,739,740,741,742,743,744,745",9.60924195033404e-05,TRUE,0,0,0,0,18,0,18,0,1
"S.EB",41,500,0.33,"TRUE","TRUE","FALSE","18.0991019124229","9.09900567875792","9.00009623366497","6.65","0.298","0.624","1,2,3,4,5,6,7,8,9,737,738,739,740,741,742,743,744,745",0.000138896453011644,TRUE,0,0,0,0,18,0,18,0,1
"S.EB",42,500,0.33,"TRUE","TRUE","FALSE","18.1328821403916","9.13041685954346","9.00246528084814","7.146","0.306","0.673","1,2,3,4,5,6,7,8,9,737,738,739,740,741,742,743,744,745",0.000124216820356331,TRUE,0,0,0,0,18,0,18,0,1
"S.EB",43,500,0.33,"TRUE","TRUE","FALSE","18.1371987033307","9.1334944372093","9.00370426612135","6.967","0.29","0.665","1,2,3,4,5,6,7,8,9,737,738,739,740,741,742,743,744,745",0.000123392567399411,TRUE,0,0,0,0,18,0,18,0,1
"S.EB",44,500,0.33,"TRUE","TRUE","FALSE","18.1637977346941","9.16083852154765","9.00295921314644","7.311","0.299","0.622","1,2,3,4,5,6,7,8,9,737,738,739,740,741,742,743,744,745",0.000106977890169064,TRUE,0,0,0,0,18,0,18,0,1
"S.EB",45,500,0.33,"TRUE","TRUE","FALSE","18.1063118154266","9.11421781790352","8.99209399752308","7.442","0.296","0.694","1,2,3,4,5,6,7,8,9,737,738,739,740,741,742,743,744,745",5.82528686106312e-05,TRUE,0,0,0,0,18,0,18,0,1
"S.EB",46,500,0.33,"TRUE","TRUE","FALSE","18.1151916737751","9.11182301285625","9.00336866091887","6.989","0.297","0.633","1,2,3,4,5,6,7,8,9,737,738,739,740,741,742,743,744,745",7.13434530624363e-05,TRUE,0,0,0,0,18,0,18,0,1
"S.EB",47,500,0.33,"TRUE","TRUE","FALSE","18.1512166714686","9.15043018461445","9.00078648685415","7.007","0.298","0.642","1,2,3,4,5,6,7,8,9,737,738,739,740,741,742,743,744,745",5.94830785566694e-05,TRUE,0,0,0,0,18,0,18,0,1
"S.EB",48,500,0.33,"TRUE","TRUE","FALSE","17.3552728434147","9.1254469148748","8.22982592853986","8.106","0.292","0.592","1,2,3,4,5,6,7,8,9,737,738,739,740,741,742,743,744,745",9.24009619223857e-05,TRUE,0,0,0,0,18,0,18,0,1
"S.EB",49,500,0.33,"TRUE","TRUE","FALSE","18.1152094237904","9.11298386438059","9.0022255594098","7.003","0.29","0.637","1,2,3,4,5,6,7,8,9,737,738,739,740,741,742,743,744,745",8.8130675553621e-05,TRUE,0,0,0,0,18,0,18,0,1
"S.EB",5,500,0.33,"TRUE","TRUE","FALSE","18.2199630922717","9.22579368800049","8.99416940427122","7.877","0.297","0.716","1,2,3,4,5,6,7,8,9,101,542,737,738,739,740,741,742,743,744,745",0.000185712652288374,FALSE,2,0,0,0,20,2,18,0.1,1
"S.EB",50,500,0.33,"TRUE","TRUE","FALSE","18.0389672297057","9.20257614850071","8.836391081205","8.902","0.31","0.743","1,2,3,4,5,6,7,8,9,737,738,739,740,741,742,743,744,745",0.000107373679113654,TRUE,0,0,0,0,18,0,18,0,1
"S.EB",51,500,0.33,"TRUE","TRUE","FALSE","18.1284829207614","9.12450525825009","9.00397766251133","6.729","0.299","0.652","1,2,3,4,5,6,7,8,9,737,738,739,740,741,742,743,744,745",6.80789045889518e-05,TRUE,0,0,0,0,18,0,18,0,1
"S.EB",52,500,0.33,"TRUE","TRUE","FALSE","18.0744584361859","9.11098364833005","8.96347478785581","7.279","0.3","0.678","1,2,3,4,5,6,7,8,9,737,738,739,740,741,742,743,744,745",0.000101398528914444,TRUE,0,0,0,0,18,0,18,0,1
"S.EB",53,500,0.33,"TRUE","TRUE","FALSE","18.0942728352727","9.10025693954693","8.99401589572579","6.922","0.294","0.673","1,2,3,4,5,6,7,8,9,737,738,739,740,741,742,743,744,745",3.07181037234022e-05,TRUE,0,0,0,0,18,0,18,0,1
"S.EB",54,500,0.33,"TRUE","TRUE","FALSE","18.470413076204","9.46567574074041","9.00473733546356","8.091","0.305","0.656","1,2,3,4,5,6,7,8,9,41,295,737,738,739,740,741,742,743,744,745",0.000247377954490737,FALSE,2,0,0,0,20,2,18,0.1,1
"S.EB",55,500,0.33,"TRUE","TRUE","FALSE","18.1046861572085","9.13969743191022","8.96498872529826","7.162","0.29","0.608","1,2,3,4,5,6,7,8,9,737,738,739,740,741,742,743,744,745",8.15051103305743e-05,TRUE,0,0,0,0,18,0,18,0,1
"S.EB",56,500,0.33,"TRUE","TRUE","FALSE","18.1584605453655","9.15537432697154","9.003086218394","6.793","0.29","0.658","1,2,3,4,5,6,7,8,9,737,738,739,740,741,742,743,744,745",7.21195692495206e-05,TRUE,0,0,0,0,18,0,18,0,1
"S.EB",57,500,0.33,"TRUE","TRUE","FALSE","18.1212077507089","9.11724079099827","9.00396695971062","6.895","0.288","0.684","1,2,3,4,5,6,7,8,9,737,738,739,740,741,742,743,744,745",0.000107140055672152,TRUE,0,0,0,0,18,0,18,0,1
"S.EB",58,500,0.33,"TRUE","TRUE","FALSE","18.2532680317774","9.25109151634504","9.00217651543233","7.282","0.317","0.69","1,2,3,4,5,6,7,8,9,258,737,738,739,740,741,742,743,744,745",0.000140408465075552,FALSE,1,0,0,0,19,1,18,0.0526315789473684,1
"S.EB",59,500,0.33,"TRUE","TRUE","FALSE","18.2140308363178","9.21255131992968","9.00147951638813","7.803","0.307","0.713","1,2,3,4,5,6,7,8,9,393,737,738,739,740,741,742,743,744,745",0.000118215710037327,FALSE,1,0,0,0,19,1,18,0.0526315789473684,1
"S.EB",6,500,0.33,"TRUE","TRUE","FALSE","18.1546940256078","9.15727907379608","8.99741495181171","7.471","0.281","0.653","1,2,3,4,5,6,7,8,9,737,738,739,740,741,742,743,744,745",6.62140299634944e-05,TRUE,0,0,0,0,18,0,18,0,1
"S.EB",60,500,0.33,"TRUE","TRUE","FALSE","17.9335702382161","9.16809794164276","8.76547229657334","7.756","0.292","0.655","1,2,3,4,5,6,7,8,9,737,738,739,740,741,742,743,744,745",0.000108179787756009,TRUE,0,0,0,0,18,0,18,0,1
"S.EB",61,500,0.33,"TRUE","TRUE","FALSE","18.1137762585116","9.11052330111386","9.00325295739774","6.932","0.29","0.675","1,2,3,4,5,6,7,8,9,737,738,739,740,741,742,743,744,745",5.61664748784577e-05,TRUE,0,0,0,0,18,0,18,0,1
"S.EB",62,500,0.33,"TRUE","TRUE","FALSE","18.3645575297635","9.31481757721556","9.04973995254798","7.76","0.285","0.641","1,2,3,4,5,6,7,8,9,468,737,738,739,740,741,742,743,744,745",0.000139902152843371,FALSE,1,0,0,0,19,1,18,0.0526315789473684,1
"S.EB",63,500,0.33,"TRUE","TRUE","FALSE","18.1716111664598","9.168329564549","9.00328160191075","7.184","0.299","0.662","1,2,3,4,5,6,7,8,9,737,738,739,740,741,742,743,744,745",0.000114486943806944,TRUE,0,0,0,0,18,0,18,0,1
"S.EB",64,500,0.33,"TRUE","TRUE","FALSE","17.6544473849333","9.13648149365405","8.51796589127927","8.001","0.293","0.684","1,2,3,4,5,6,7,8,9,737,738,739,740,741,742,743,744,745",7.14638959640843e-05,TRUE,0,0,0,0,18,0,18,0,1
"S.EB",65,500,0.33,"TRUE","TRUE","FALSE","18.0914776131361","9.10549293705465","8.98598467608145","6.881","0.297","0.624","1,2,3,4,5,6,7,8,9,737,738,739,740,741,742,743,744,745",5.72857509571003e-05,TRUE,0,0,0,0,18,0,18,0,1
"S.EB",66,500,0.33,"TRUE","TRUE","FALSE","17.6175627602265","9.14352016903338","8.47404259119312","8.333","0.306","0.71","1,2,3,4,5,6,7,8,9,737,738,739,740,741,742,743,744,745",9.78354179226971e-05,TRUE,0,0,0,0,18,0,18,0,1
"S.EB",67,500,0.33,"TRUE","TRUE","FALSE","17.9326750531558","9.14699205460779","8.78568299854798","8.408","0.341","0.713","1,2,3,4,5,6,7,8,9,511,737,738,739,740,741,742,743,744,745",0.000128161735477777,FALSE,1,0,0,0,19,1,18,0.0526315789473684,1
"S.EB",68,500,0.33,"TRUE","TRUE","FALSE","18.1268209105888","9.12057048169474","9.00625042889403","7.164","0.275","0.663","1,2,3,4,5,6,7,8,9,737,738,739,740,741,742,743,744,745",8.69700453780077e-05,TRUE,0,0,0,0,18,0,18,0,1
"S.EB",69,500,0.33,"TRUE","TRUE","FALSE","18.1234092565405","9.12066606519199","9.00274319134852","7.287","0.295","0.668","1,2,3,4,5,6,7,8,9,737,738,739,740,741,742,743,744,745",5.7341498521604e-05,TRUE,0,0,0,0,18,0,18,0,1
"S.EB",7,500,0.33,"TRUE","TRUE","FALSE","18.1050844895759","9.10520554859992","8.99987894097601","7.124","0.303","0.719","1,2,3,4,5,6,7,8,9,737,738,739,740,741,742,743,744,745",7.7645305047435e-05,TRUE,0,0,0,0,18,0,18,0,1
"S.EB",70,500,0.33,"TRUE","TRUE","FALSE","17.2641151853138","9.11623779863223","8.14787738668157","7.057","0.293","0.609","1,2,3,4,5,6,7,8,9,737,738,739,740,741,742,743,744,745",0.000121487017885027,TRUE,0,0,0,0,18,0,18,0,1
"S.EB",71,500,0.33,"TRUE","TRUE","FALSE","18.0303982164714","9.11324682535606","8.91715139111534","7.653","0.308","0.672","1,2,3,4,5,6,7,8,9,737,738,739,740,741,742,743,744,745",9.83812546498681e-05,TRUE,0,0,0,0,18,0,18,0,1
"S.EB",72,500,0.33,"TRUE","TRUE","FALSE","18.2296236742665","9.22965038174803","8.99997329251847","8.143","0.301","0.728","1,2,3,4,5,6,7,8,9,22,381,737,738,739,740,741,742,743,744,745",0.000281243501842844,FALSE,2,0,0,0,20,2,18,0.1,1
"S.EB",73,500,0.33,"TRUE","TRUE","FALSE","18.1148535367541","9.1217265277239","8.99312700903024","6.876","0.304","0.686","1,2,3,4,5,6,7,8,9,737,738,739,740,741,742,743,744,745",0.000124237487440032,TRUE,0,0,0,0,18,0,18,0,1
"S.EB",74,500,0.33,"TRUE","TRUE","FALSE","18.1730958484304","9.17517643370036","8.99791941473005","7.477","0.288","0.667","1,2,3,4,5,6,7,8,9,737,738,739,740,741,742,743,744,745",9.83878975840534e-05,TRUE,0,0,0,0,18,0,18,0,1
"S.EB",75,500,0.33,"TRUE","TRUE","FALSE","18.1444460045235","9.14463498713124","8.99981101739221","6.919","0.301","0.727","1,2,3,4,5,6,7,8,9,737,738,739,740,741,742,743,744,745",9.73818566620748e-05,TRUE,0,0,0,0,18,0,18,0,1
"S.EB",76,500,0.33,"TRUE","TRUE","FALSE","17.3255639806548","9.14631505360836","8.17924892704645","7.589","0.29","0.647","1,2,3,4,5,6,7,8,9,737,738,739,740,741,742,743,744,745",7.02530664321168e-05,TRUE,0,0,0,0,18,0,18,0,1
"S.EB",77,500,0.33,"TRUE","TRUE","FALSE","18.2135725228742","9.21105589196502","9.00251663090915","7.436","0.307","0.622","1,2,3,4,5,6,7,8,9,22,737,738,739,740,741,742,743,744,745",0.000231881097353251,FALSE,1,0,0,0,19,1,18,0.0526315789473684,1
"S.EB",78,500,0.33,"TRUE","TRUE","FALSE","18.1083688369302","9.10494657133728","9.00342226559288","6.932","0.294","0.666","1,2,3,4,5,6,7,8,9,737,738,739,740,741,742,743,744,745",7.71036433118129e-05,TRUE,0,0,0,0,18,0,18,0,1
"S.EB",79,500,0.33,"TRUE","TRUE","FALSE","18.1413960920995","9.14340952113918","8.99798657096034","7.393","0.286","0.653","1,2,3,4,5,6,7,8,9,737,738,739,740,741,742,743,744,745",0.000108848003803415,TRUE,0,0,0,0,18,0,18,0,1
"S.EB",8,500,0.33,"TRUE","TRUE","FALSE","18.1371350449141","9.14376992054505","8.99336512436901","7.515","0.297","0.674","1,2,3,4,5,6,7,8,9,737,738,739,740,741,742,743,744,745",3.77939100744634e-05,TRUE,0,0,0,0,18,0,18,0,1
"S.EB",80,500,0.33,"TRUE","TRUE","FALSE","18.13618738934","9.13433700650922","9.00185038283073","6.947","0.288","0.601","1,2,3,4,5,6,7,8,9,737,738,739,740,741,742,743,744,745",7.33954629768336e-05,TRUE,0,0,0,0,18,0,18,0,1
"S.EB",81,500,0.33,"TRUE","TRUE","FALSE","17.5494638441447","9.13605642419002","8.41340741995466","8.121","0.293","0.656","1,2,3,4,5,6,7,8,9,737,738,739,740,741,742,743,744,745",6.15151623148769e-05,TRUE,0,0,0,0,18,0,18,0,1
"S.EB",82,500,0.33,"TRUE","TRUE","FALSE","18.1234208604109","9.12090116982206","9.00251969058882","6.944","0.296","0.676","1,2,3,4,5,6,7,8,9,737,738,739,740,741,742,743,744,745",9.50847311709498e-05,TRUE,0,0,0,0,18,0,18,0,1
"S.EB",83,500,0.33,"TRUE","TRUE","FALSE","18.1928631178552","9.11774518974967","9.07511792810549","7.232","0.293","0.637","1,2,3,4,5,6,7,8,9,737,738,739,740,741,742,743,744,745,748",0.000155391359068022,FALSE,0,1,0,0,19,1,18,0.0526315789473684,1
"S.EB",84,500,0.33,"TRUE","TRUE","FALSE","17.3982686203063","9.39281103788607","8.00545758242021","8.148","0.294","0.633","1,2,3,4,5,6,7,8,9,180,229,679,738,739,740,741,742,743,744,745",0.00042140157445036,FALSE,3,0,0,1,20,3,17,0.15,0.944444444444444
"S.EB",85,500,0.33,"TRUE","TRUE","FALSE","18.1116832314587","9.10986456495984","9.00181866649882","6.883","0.291","0.632","1,2,3,4,5,6,7,8,9,737,738,739,740,741,742,743,744,745",4.71508069802079e-05,TRUE,0,0,0,0,18,0,18,0,1
"S.EB",86,500,0.33,"TRUE","TRUE","FALSE","18.1954599474881","9.19746651821621","8.99799342927189","7.543","0.289","0.693","1,2,3,4,5,6,7,8,9,737,738,739,740,741,742,743,744,745",6.46122657291019e-05,TRUE,0,0,0,0,18,0,18,0,1
"S.EB",87,500,0.33,"TRUE","TRUE","FALSE","17.7693070366283","9.12726045851906","8.6420465781092","10.367","0.298","0.66","1,2,3,4,5,6,7,8,9,737,738,739,740,741,742,743,744,745",0.000104516060843802,TRUE,0,0,0,0,18,0,18,0,1
"S.EB",88,500,0.33,"TRUE","TRUE","FALSE","18.0956511328105","9.15633781977483","8.93931331303567","7.527","0.292","0.663","1,2,3,4,5,6,7,8,9,737,738,739,740,741,742,743,744,745",2.90638951508601e-05,TRUE,0,0,0,0,18,0,18,0,1
"S.EB",89,500,0.33,"TRUE","TRUE","FALSE","18.1226016306789","9.11996932975603","9.00263230092283","7.91","0.323","0.684","1,2,3,4,5,6,7,8,9,737,738,739,740,741,742,743,744,745",5.89320392204823e-05,TRUE,0,0,0,0,18,0,18,0,1
"S.EB",9,500,0.33,"TRUE","TRUE","FALSE","18.1012588266693","9.10000748757127","9.00125133909806","7.177","0.293","0.715","1,2,3,4,5,6,7,8,9,737,738,739,740,741,742,743,744,745",5.20739265291376e-05,TRUE,0,0,0,0,18,0,18,0,1
"S.EB",90,500,0.33,"TRUE","TRUE","FALSE","18.1231367602454","9.12317507484098","8.99996168540443","7.139","0.291","0.625","1,2,3,4,5,6,7,8,9,737,738,739,740,741,742,743,744,745",8.11171717850249e-05,TRUE,0,0,0,0,18,0,18,0,1
"S.EB",91,500,0.33,"TRUE","TRUE","FALSE","18.1903968167454","9.18840607695211","9.00199073979333","7.544","0.31","0.743","1,2,3,4,5,6,7,8,9,737,738,739,740,741,742,743,744,745",6.77799627201993e-05,TRUE,0,0,0,0,18,0,18,0,1
"S.EB",92,500,0.33,"TRUE","TRUE","FALSE","18.0989478763915","9.10065955966605","8.9982883167254","6.587","0.298","0.681","1,2,3,4,5,6,7,8,9,737,738,739,740,741,742,743,744,745",1.84147856653436e-05,TRUE,0,0,0,0,18,0,18,0,1
"S.EB",93,500,0.33,"TRUE","TRUE","FALSE","19.0163952113587","10.0451521023059","8.97124310905273","8.32","0.307","0.63","1,2,3,4,5,6,7,8,9,396,737,738,739,740,741,742,743,744,745",0.000259635291637853,FALSE,1,0,0,0,19,1,18,0.0526315789473684,1
"S.EB",94,500,0.33,"TRUE","TRUE","FALSE","18.1148617614882","9.11138058226716","9.00348117922102","7.095","0.298","0.659","1,2,3,4,5,6,7,8,9,737,738,739,740,741,742,743,744,745",6.83334376063382e-05,TRUE,0,0,0,0,18,0,18,0,1
"S.EB",95,500,0.33,"TRUE","TRUE","FALSE","17.7260921291234","9.16581309958961","8.56027902953375","8.026","0.289","0.637","1,2,3,4,5,6,7,8,9,737,738,739,740,741,742,743,744,745",8.83445355396264e-05,TRUE,0,0,0,0,18,0,18,0,1
"S.EB",96,500,0.33,"TRUE","TRUE","FALSE","18.1331640553133","9.12949736091208","9.00366669440121","7.14","0.298","0.686","1,2,3,4,5,6,7,8,9,737,738,739,740,741,742,743,744,745",9.89340232447406e-05,TRUE,0,0,0,0,18,0,18,0,1
"S.EB",97,500,0.33,"TRUE","TRUE","FALSE","18.0952010195281","9.09134759674313","9.00385342278499","6.584","0.288","0.632","1,2,3,4,5,6,7,8,9,737,738,739,740,741,742,743,744,745",0.000109460067038204,TRUE,0,0,0,0,18,0,18,0,1
"S.EB",98,500,0.33,"TRUE","TRUE","FALSE","18.1834343526107","9.18155132563833","9.00188302697233","7.049","0.281","0.645","1,2,3,4,5,6,7,8,9,182,737,738,739,740,741,742,743,744,745",0.000171896805241937,FALSE,1,0,0,0,19,1,18,0.0526315789473684,1
"S.EB",99,500,0.33,"TRUE","TRUE","FALSE","18.1570163709136","9.154529244977","9.00248712593657","7.471","0.291","0.687","1,2,3,4,5,6,7,8,9,737,738,739,740,741,742,743,744,745",0.000135851113355977,TRUE,0,0,0,0,18,0,18,0,1
"S.EB.b",1,500,0.33,"TRUE","TRUE","FALSE","17.9237763781506","9.10643770179098","8.81733867635966","7.714","0.295","0.703","1,2,3,4,5,6,7,8,9,737,738,739,740,741,742,743,744,745",0.000195636159546765,TRUE,0,0,0,0,18,0,18,0,1
"S.EB.b",10,500,0.33,"TRUE","TRUE","FALSE","18.1039781648363","9.11568444499343","8.98829371984289","7.325","0.295","0.72","1,2,3,4,5,6,7,8,9,737,738,739,740,741,742,743,744,745",6.69022755430412e-05,TRUE,0,0,0,0,18,0,18,0,1
"S.EB.b",100,500,0.33,"TRUE","TRUE","FALSE","18.1203439063134","9.13182128311261","8.98852262320077","7.002","0.298","0.677","1,2,3,4,5,6,7,8,9,737,738,739,740,741,742,743,744,745",4.76671007991544e-05,TRUE,0,0,0,0,18,0,18,0,1
"S.EB.b",11,500,0.33,"TRUE","TRUE","FALSE","18.3079046091572","9.30655501972789","9.00134958942935","8.211","0.295","0.681","1,2,3,4,5,6,7,8,9,151,737,738,739,740,741,742,743,744,745,746",0.000251191463762854,FALSE,1,1,0,0,20,2,18,0.1,1
"S.EB.b",12,500,0.33,"TRUE","TRUE","FALSE","18.1272396198527","9.13142377605103","8.99581584380167","6.962","0.273","0.619","1,2,3,4,5,6,7,8,9,737,738,739,740,741,742,743,744,745",9.84080078370577e-05,TRUE,0,0,0,0,18,0,18,0,1
"S.EB.b",13,500,0.33,"TRUE","TRUE","FALSE","17.5203107338999","9.15689395022449","8.36341678367537","8.359","0.294","0.639","1,2,3,4,5,6,7,8,9,737,738,739,740,741,742,743,744,745",9.61373283433979e-05,TRUE,0,0,0,0,18,0,18,0,1
"S.EB.b",14,500,0.33,"TRUE","TRUE","FALSE","18.109862291856","9.08035356439478","9.0295087274612","6.846","0.297","0.631","1,2,3,4,5,6,7,8,9,737,738,739,740,741,742,743,744,745,746",0.0001711479843632,FALSE,0,1,0,0,19,1,18,0.0526315789473684,1
"S.EB.b",15,500,0.33,"TRUE","TRUE","FALSE","18.2002335273258","9.19926677758328","9.00096674974253","7.645","0.296","0.683","1,2,3,4,5,6,7,8,9,737,738,739,740,741,742,743,744,745",4.26478203976245e-05,TRUE,0,0,0,0,18,0,18,0,1
"S.EB.b",16,500,0.33,"TRUE","TRUE","FALSE","18.2779698885013","9.30724207877419","8.97072780972711","7.368","0.29","0.64","1,2,3,4,5,6,7,8,9,49,737,738,739,740,741,742,743,744,745",0.000201647984909254,FALSE,1,0,0,0,19,1,18,0.0526315789473684,1
"S.EB.b",17,500,0.33,"TRUE","TRUE","FALSE","18.1883777283937","9.23960167214979","8.94877605624393","7.797","0.305","0.693","1,2,3,4,5,6,7,8,9,163,737,738,739,740,741,742,743,744,745",0.000194420730015996,FALSE,1,0,0,0,19,1,18,0.0526315789473684,1
"S.EB.b",18,500,0.33,"TRUE","TRUE","FALSE","18.1138420626949","9.11656825225329","8.99727381044158","7.163","0.3","0.671","1,2,3,4,5,6,7,8,9,737,738,739,740,741,742,743,744,745",6.12367553626552e-05,TRUE,0,0,0,0,18,0,18,0,1
"S.EB.b",19,500,0.33,"TRUE","TRUE","FALSE","17.1613766201415","9.14220947280894","8.01916714733252","7.184","0.281","0.622","1,2,3,4,5,6,7,8,9,737,738,739,740,741,742,743,744,745",0.000115825116647987,TRUE,0,0,0,0,18,0,18,0,1
"S.EB.b",2,500,0.33,"TRUE","TRUE","FALSE","18.1065727941075","9.10328418383061","9.00328861027687","6.876","0.288","0.637","1,2,3,4,5,6,7,8,9,737,738,739,740,741,742,743,744,745",4.78436060824903e-05,TRUE,0,0,0,0,18,0,18,0,1
"S.EB.b",20,500,0.33,"TRUE","TRUE","FALSE","18.0982565066094","9.09888337460282","8.9993731320066","7.167","0.303","0.639","1,2,3,4,5,6,7,8,9,737,738,739,740,741,742,743,744,745",6.73760080517473e-05,TRUE,0,0,0,0,18,0,18,0,1
"S.EB.b",21,500,0.33,"TRUE","TRUE","FALSE","18.1178927281594","9.11465765224355","9.00323507591581","7.112","0.299","0.689","1,2,3,4,5,6,7,8,9,737,738,739,740,741,742,743,744,745",0.000138206516781332,TRUE,0,0,0,0,18,0,18,0,1
"S.EB.b",22,500,0.33,"TRUE","TRUE","FALSE","18.4262863709583","9.42496241465951","9.00132395629876","7.924","0.295","0.729","1,2,3,4,5,6,7,8,9,129,737,738,739,740,741,742,743,744,745",0.000201069147003107,FALSE,1,0,0,0,19,1,18,0.0526315789473684,1
"S.EB.b",23,500,0.33,"TRUE","TRUE","FALSE","18.1258377229392","9.12313707396605","9.00270064897319","7.012","0.294","0.655","1,2,3,4,5,6,7,8,9,737,738,739,740,741,742,743,744,745",4.91839654246264e-05,TRUE,0,0,0,0,18,0,18,0,1
"S.EB.b",24,500,0.33,"TRUE","TRUE","FALSE","18.115795185777","9.11047816699242","9.00531701878454","6.93","0.288","0.643","1,2,3,4,5,6,7,8,9,737,738,739,740,741,742,743,744,745",5.51812276434751e-05,TRUE,0,0,0,0,18,0,18,0,1
"S.EB.b",25,500,0.33,"TRUE","TRUE","FALSE","18.1788077623542","9.1716032971153","9.00720446523887","7.52","0.282","0.596","1,2,3,4,5,6,7,8,9,737,738,739,740,741,742,743,744,745,762",8.78533495181463e-05,FALSE,0,1,0,0,19,1,18,0.0526315789473684,1
"S.EB.b",26,500,0.33,"TRUE","TRUE","FALSE","18.0550548792171","9.13684449751855","8.91821038169851","7.413","0.292","0.661","1,2,3,4,5,6,7,8,9,737,738,739,740,741,742,743,744,745",6.34452710158261e-05,TRUE,0,0,0,0,18,0,18,0,1
"S.EB.b",27,500,0.33,"TRUE","TRUE","FALSE","18.1498162736637","9.14657923884615","9.00323703481752","7.137","0.296","0.672","1,2,3,4,5,6,7,8,9,737,738,739,740,741,742,743,744,745",8.835407001396e-05,TRUE,0,0,0,0,18,0,18,0,1
"S.EB.b",28,500,0.33,"TRUE","TRUE","FALSE","18.2288977599683","9.2268831394806","9.0020146204877","7.381","0.309","0.756","1,2,3,4,5,6,7,8,9,737,738,739,740,741,742,743,744,745",0.00013005347544802,TRUE,0,0,0,0,18,0,18,0,1
"S.EB.b",29,500,0.33,"TRUE","TRUE","FALSE","18.1051853972472","9.26741605558106","8.83776934166614","8.112","0.296","0.647","1,2,3,4,5,6,7,8,9,224,737,738,739,740,741,742,743,744,745",0.000198791276345122,FALSE,1,0,0,0,19,1,18,0.0526315789473684,1
"S.EB.b",3,500,0.33,"TRUE","TRUE","FALSE","18.1008166138395","9.1000622116171","9.00075440222241","6.9","0.405","0.671","1,2,3,4,5,6,7,8,9,737,738,739,740,741,742,743,744,745",0.000115566262026181,TRUE,0,0,0,0,18,0,18,0,1
"S.EB.b",30,500,0.33,"TRUE","TRUE","FALSE","18.1128683927262","9.11755580915974","8.99531258356647","7.438","0.345","0.775","1,2,3,4,5,6,7,8,9,737,738,739,740,741,742,743,744,745",5.89090734084692e-05,TRUE,0,0,0,0,18,0,18,0,1
"S.EB.b",31,500,0.33,"TRUE","TRUE","FALSE","18.1181005820055","9.11473191581505","9.00336866619049","7.702","0.298","0.708","1,2,3,4,5,6,7,8,9,737,738,739,740,741,742,743,744,745",8.80583286790794e-05,TRUE,0,0,0,0,18,0,18,0,1
"S.EB.b",32,500,0.33,"TRUE","TRUE","FALSE","18.1165550245772","9.11436119169213","9.00219383288504","6.666","0.299","0.704","1,2,3,4,5,6,7,8,9,737,738,739,740,741,742,743,744,745",0.000170067453848472,TRUE,0,0,0,0,18,0,18,0,1
"S.EB.b",33,500,0.33,"TRUE","TRUE","FALSE","18.1875968859236","9.1838377661995","9.00375911972411","7.027","0.292","0.639","1,2,3,4,5,6,7,8,9,737,738,739,740,741,742,743,744,745",6.81849871635755e-05,TRUE,0,0,0,0,18,0,18,0,1
"S.EB.b",34,500,0.33,"TRUE","TRUE","FALSE","18.1436560777996","9.14138255264488","9.00227352515471","7.027","0.294","0.629","1,2,3,4,5,6,7,8,9,737,738,739,740,741,742,743,744,745",6.38480977605309e-05,TRUE,0,0,0,0,18,0,18,0,1
"S.EB.b",35,500,0.33,"TRUE","TRUE","FALSE","18.1179165344807","9.11472792132289","9.00318861315782","7.046","0.308","0.827","1,2,3,4,5,6,7,8,9,737,738,739,740,741,742,743,744,745",9.98360422569737e-05,TRUE,0,0,0,0,18,0,18,0,1
"S.EB.b",36,500,0.33,"TRUE","TRUE","FALSE","18.1408657361715","9.13919336456149","9.00167237161004","7.24","0.307","0.763","1,2,3,4,5,6,7,8,9,737,738,739,740,741,742,743,744,745",0.000101349635007038,TRUE,0,0,0,0,18,0,18,0,1
"S.EB.b",37,500,0.33,"TRUE","TRUE","FALSE","18.1263958428034","9.12657987450856","8.99981596829483","6.797","0.286","0.648","1,2,3,4,5,6,7,8,9,737,738,739,740,741,742,743,744,745",6.31637815172033e-05,TRUE,0,0,0,0,18,0,18,0,1
"S.EB.b",38,500,0.33,"TRUE","TRUE","FALSE","17.4860712011471","9.28156484933255","8.20450635181453","7.61","0.279","0.578","1,2,3,4,5,6,7,8,9,112,737,738,739,740,741,742,743,744,745",0.000253344132830662,FALSE,1,0,0,0,19,1,18,0.0526315789473684,1
"S.EB.b",39,500,0.33,"TRUE","TRUE","FALSE","18.4997019446682","9.49690078499104","9.00280115967715","8.904","0.312","0.701","1,2,3,4,5,6,7,8,9,92,737,738,739,740,741,742,743,744,745",0.000145047185508648,FALSE,1,0,0,0,19,1,18,0.0526315789473684,1
"S.EB.b",4,500,0.33,"TRUE","TRUE","FALSE","18.2214678109899","9.2159681330808","9.00549967790908","7.648","0.277","0.643","1,2,3,4,5,6,7,8,9,737,738,739,740,741,742,743,744,745",8.14499676469217e-05,TRUE,0,0,0,0,18,0,18,0,1
"S.EB.b",40,500,0.33,"TRUE","TRUE","FALSE","17.1751821144432","9.10469835610484","8.0704837583384","7.467","0.291","0.62","1,2,3,4,5,6,7,8,9,737,738,739,740,741,742,743,744,745,758",0.000148390669279346,FALSE,0,1,0,0,19,1,18,0.0526315789473684,1
"S.EB.b",41,500,0.33,"TRUE","TRUE","FALSE","18.0991019124229","9.09900567875792","9.00009623366497","6.65","0.298","0.624","1,2,3,4,5,6,7,8,9,737,738,739,740,741,742,743,744,745",0.000138896453011644,TRUE,0,0,0,0,18,0,18,0,1
"S.EB.b",42,500,0.33,"TRUE","TRUE","FALSE","18.1328821403916","9.13041685954346","9.00246528084814","7.146","0.306","0.673","1,2,3,4,5,6,7,8,9,737,738,739,740,741,742,743,744,745",0.000124216820356331,TRUE,0,0,0,0,18,0,18,0,1
"S.EB.b",43,500,0.33,"TRUE","TRUE","FALSE","18.1371987033307","9.1334944372093","9.00370426612135","6.967","0.29","0.665","1,2,3,4,5,6,7,8,9,737,738,739,740,741,742,743,744,745",0.000123392567399411,TRUE,0,0,0,0,18,0,18,0,1
"S.EB.b",44,500,0.33,"TRUE","TRUE","FALSE","18.1637977346941","9.16083852154765","9.00295921314644","7.311","0.299","0.622","1,2,3,4,5,6,7,8,9,737,738,739,740,741,742,743,744,745",0.000106977890169064,TRUE,0,0,0,0,18,0,18,0,1
"S.EB.b",45,500,0.33,"TRUE","TRUE","FALSE","18.1063118154266","9.11421781790352","8.99209399752308","7.442","0.296","0.694","1,2,3,4,5,6,7,8,9,737,738,739,740,741,742,743,744,745",5.82528686106312e-05,TRUE,0,0,0,0,18,0,18,0,1
"S.EB.b",46,500,0.33,"TRUE","TRUE","FALSE","18.1151916737751","9.11182301285625","9.00336866091887","6.989","0.297","0.633","1,2,3,4,5,6,7,8,9,737,738,739,740,741,742,743,744,745",7.13434530624363e-05,TRUE,0,0,0,0,18,0,18,0,1
"S.EB.b",47,500,0.33,"TRUE","TRUE","FALSE","18.1512166714686","9.15043018461445","9.00078648685415","7.007","0.298","0.642","1,2,3,4,5,6,7,8,9,737,738,739,740,741,742,743,744,745",5.94830785566694e-05,TRUE,0,0,0,0,18,0,18,0,1
"S.EB.b",48,500,0.33,"TRUE","TRUE","FALSE","17.3552728434147","9.1254469148748","8.22982592853986","8.106","0.292","0.592","1,2,3,4,5,6,7,8,9,737,738,739,740,741,742,743,744,745",9.24009619223857e-05,TRUE,0,0,0,0,18,0,18,0,1
"S.EB.b",49,500,0.33,"TRUE","TRUE","FALSE","18.1152094237904","9.11298386438059","9.0022255594098","7.003","0.29","0.637","1,2,3,4,5,6,7,8,9,737,738,739,740,741,742,743,744,745",8.8130675553621e-05,TRUE,0,0,0,0,18,0,18,0,1
"S.EB.b",5,500,0.33,"TRUE","TRUE","FALSE","18.2199630922717","9.22579368800049","8.99416940427122","7.877","0.297","0.716","1,2,3,4,5,6,7,8,9,737,738,739,740,741,742,743,744,745",4.12681534835367e-05,TRUE,0,0,0,0,18,0,18,0,1
"S.EB.b",50,500,0.33,"TRUE","TRUE","FALSE","18.0389672297057","9.20257614850071","8.836391081205","8.902","0.31","0.743","1,2,3,4,5,6,7,8,9,737,738,739,740,741,742,743,744,745,756",0.000145406282885658,FALSE,0,1,0,0,19,1,18,0.0526315789473684,1
"S.EB.b",51,500,0.33,"TRUE","TRUE","FALSE","18.1284829207614","9.12450525825009","9.00397766251133","6.729","0.299","0.652","1,2,3,4,5,6,7,8,9,737,738,739,740,741,742,743,744,745",6.80789045889518e-05,TRUE,0,0,0,0,18,0,18,0,1
"S.EB.b",52,500,0.33,"TRUE","TRUE","FALSE","18.0744584361859","9.11098364833005","8.96347478785581","7.279","0.3","0.678","1,2,3,4,5,6,7,8,9,737,738,739,740,741,742,743,744,745",0.000101398528914444,TRUE,0,0,0,0,18,0,18,0,1
"S.EB.b",53,500,0.33,"TRUE","TRUE","FALSE","18.0942728352727","9.10025693954693","8.99401589572579","6.922","0.294","0.673","1,2,3,4,5,6,7,8,9,737,738,739,740,741,742,743,744,745",3.07181037234022e-05,TRUE,0,0,0,0,18,0,18,0,1
"S.EB.b",54,500,0.33,"TRUE","TRUE","FALSE","18.470413076204","9.46567574074041","9.00473733546356","8.091","0.305","0.656","1,2,3,4,5,6,7,8,9,41,295,737,738,739,740,741,742,743,744,745",0.000247377954490737,FALSE,2,0,0,0,20,2,18,0.1,1
"S.EB.b",55,500,0.33,"TRUE","TRUE","FALSE","18.1046861572085","9.13969743191022","8.96498872529826","7.162","0.29","0.608","1,2,3,4,5,6,7,8,9,737,738,739,740,741,742,743,744,745",8.15051103305743e-05,TRUE,0,0,0,0,18,0,18,0,1
"S.EB.b",56,500,0.33,"TRUE","TRUE","FALSE","18.1584605453655","9.15537432697154","9.003086218394","6.793","0.29","0.658","1,2,3,4,5,6,7,8,9,737,738,739,740,741,742,743,744,745",7.21195692495206e-05,TRUE,0,0,0,0,18,0,18,0,1
"S.EB.b",57,500,0.33,"TRUE","TRUE","FALSE","18.1212077507089","9.11724079099827","9.00396695971062","6.895","0.288","0.684","1,2,3,4,5,6,7,8,9,737,738,739,740,741,742,743,744,745",0.000107140055672152,TRUE,0,0,0,0,18,0,18,0,1
"S.EB.b",58,500,0.33,"TRUE","TRUE","FALSE","18.2532680317774","9.25109151634504","9.00217651543233","7.282","0.317","0.69","1,2,3,4,5,6,7,8,9,258,737,738,739,740,741,742,743,744,745",0.000140408465075552,FALSE,1,0,0,0,19,1,18,0.0526315789473684,1
"S.EB.b",59,500,0.33,"TRUE","TRUE","FALSE","18.2140308363178","9.21255131992968","9.00147951638813","7.803","0.307","0.713","1,2,3,4,5,6,7,8,9,737,738,739,740,741,742,743,744,745",5.71376608348503e-05,TRUE,0,0,0,0,18,0,18,0,1
"S.EB.b",6,500,0.33,"TRUE","TRUE","FALSE","18.1546940256078","9.15727907379608","8.99741495181171","7.471","0.281","0.653","1,2,3,4,5,6,7,8,9,737,738,739,740,741,742,743,744,745",6.62140299634944e-05,TRUE,0,0,0,0,18,0,18,0,1
"S.EB.b",60,500,0.33,"TRUE","TRUE","FALSE","17.9335702382161","9.16809794164276","8.76547229657334","7.756","0.292","0.655","1,2,3,4,5,6,7,8,9,737,738,739,740,741,742,743,744,745",0.000108179787756009,TRUE,0,0,0,0,18,0,18,0,1
"S.EB.b",61,500,0.33,"TRUE","TRUE","FALSE","18.1137762585116","9.11052330111386","9.00325295739774","6.932","0.29","0.675","1,2,3,4,5,6,7,8,9,737,738,739,740,741,742,743,744,745",5.61664748784577e-05,TRUE,0,0,0,0,18,0,18,0,1
"S.EB.b",62,500,0.33,"TRUE","TRUE","FALSE","18.3645575297635","9.31481757721556","9.04973995254798","7.76","0.285","0.641","1,2,3,4,5,6,7,8,9,468,737,738,739,740,741,742,743,744,745,749",0.000195613271893992,FALSE,1,1,0,0,20,2,18,0.1,1
"S.EB.b",63,500,0.33,"TRUE","TRUE","FALSE","18.1716111664598","9.168329564549","9.00328160191075","7.184","0.299","0.662","1,2,3,4,5,6,7,8,9,737,738,739,740,741,742,743,744,745",0.000114486943806944,TRUE,0,0,0,0,18,0,18,0,1
"S.EB.b",64,500,0.33,"TRUE","TRUE","FALSE","17.6544473849333","9.13648149365405","8.51796589127927","8.001","0.293","0.684","1,2,3,4,5,6,7,8,9,737,738,739,740,741,742,743,744,745",7.14638959640843e-05,TRUE,0,0,0,0,18,0,18,0,1
"S.EB.b",65,500,0.33,"TRUE","TRUE","FALSE","18.0914776131361","9.10549293705465","8.98598467608145","6.881","0.297","0.624","1,2,3,4,5,6,7,8,9,737,738,739,740,741,742,743,744,745",5.72857509571003e-05,TRUE,0,0,0,0,18,0,18,0,1
"S.EB.b",66,500,0.33,"TRUE","TRUE","FALSE","17.6175627602265","9.14352016903338","8.47404259119312","8.333","0.306","0.71","1,2,3,4,5,6,7,8,9,737,738,739,740,741,742,743,744,745,753",0.000137351224822594,FALSE,0,1,0,0,19,1,18,0.0526315789473684,1
"S.EB.b",67,500,0.33,"TRUE","TRUE","FALSE","17.9326750531558","9.14699205460779","8.78568299854798","8.408","0.341","0.713","1,2,3,4,5,6,7,8,9,737,738,739,740,741,742,743,744,745",6.04753514956307e-05,TRUE,0,0,0,0,18,0,18,0,1
"S.EB.b",68,500,0.33,"TRUE","TRUE","FALSE","18.1268209105888","9.12057048169474","9.00625042889403","7.164","0.275","0.663","1,2,3,4,5,6,7,8,9,737,738,739,740,741,742,743,744,745",8.69700453780077e-05,TRUE,0,0,0,0,18,0,18,0,1
"S.EB.b",69,500,0.33,"TRUE","TRUE","FALSE","18.1234092565405","9.12066606519199","9.00274319134852","7.287","0.295","0.668","1,2,3,4,5,6,7,8,9,737,738,739,740,741,742,743,744,745",5.7341498521604e-05,TRUE,0,0,0,0,18,0,18,0,1
"S.EB.b",7,500,0.33,"TRUE","TRUE","FALSE","18.1050844895759","9.10520554859992","8.99987894097601","7.124","0.303","0.719","1,2,3,4,5,6,7,8,9,737,738,739,740,741,742,743,744,745",7.7645305047435e-05,TRUE,0,0,0,0,18,0,18,0,1
"S.EB.b",70,500,0.33,"TRUE","TRUE","FALSE","17.2641151853138","9.11623779863223","8.14787738668157","7.057","0.293","0.609","1,2,3,4,5,6,7,8,9,737,738,739,740,741,742,743,744,745",0.000121487017885027,TRUE,0,0,0,0,18,0,18,0,1
"S.EB.b",71,500,0.33,"TRUE","TRUE","FALSE","18.0303982164714","9.11324682535606","8.91715139111534","7.653","0.308","0.672","1,2,3,4,5,6,7,8,9,737,738,739,740,741,742,743,744,745,759",0.000140196535702374,FALSE,0,1,0,0,19,1,18,0.0526315789473684,1
"S.EB.b",72,500,0.33,"TRUE","TRUE","FALSE","18.2296236742665","9.22965038174803","8.99997329251847","8.143","0.301","0.728","1,2,3,4,5,6,7,8,9,737,738,739,740,741,742,743,744,745",0.000109941100194319,TRUE,0,0,0,0,18,0,18,0,1
"S.EB.b",73,500,0.33,"TRUE","TRUE","FALSE","18.1148535367541","9.1217265277239","8.99312700903024","6.876","0.304","0.686","1,2,3,4,5,6,7,8,9,737,738,739,740,741,742,743,744,745",0.000124237487440032,TRUE,0,0,0,0,18,0,18,0,1
"S.EB.b",74,500,0.33,"TRUE","TRUE","FALSE","18.1730958484304","9.17517643370036","8.99791941473005","7.477","0.288","0.667","1,2,3,4,5,6,7,8,9,737,738,739,740,741,742,743,744,745",9.83878975840534e-05,TRUE,0,0,0,0,18,0,18,0,1
"S.EB.b",75,500,0.33,"TRUE","TRUE","FALSE","18.1444460045235","9.14463498713124","8.99981101739221","6.919","0.301","0.727","1,2,3,4,5,6,7,8,9,737,738,739,740,741,742,743,744,745",9.73818566620748e-05,TRUE,0,0,0,0,18,0,18,0,1
"S.EB.b",76,500,0.33,"TRUE","TRUE","FALSE","17.3255639806548","9.14631505360836","8.17924892704645","7.589","0.29","0.647","1,2,3,4,5,6,7,8,9,737,738,739,740,741,742,743,744,745",7.02530664321168e-05,TRUE,0,0,0,0,18,0,18,0,1
"S.EB.b",77,500,0.33,"TRUE","TRUE","FALSE","18.2135725228742","9.21105589196502","9.00251663090915","7.436","0.307","0.622","1,2,3,4,5,6,7,8,9,737,738,739,740,741,742,743,744,745",0.000139808955524992,TRUE,0,0,0,0,18,0,18,0,1
"S.EB.b",78,500,0.33,"TRUE","TRUE","FALSE","18.1083688369302","9.10494657133728","9.00342226559288","6.932","0.294","0.666","1,2,3,4,5,6,7,8,9,737,738,739,740,741,742,743,744,745",7.71036433118129e-05,TRUE,0,0,0,0,18,0,18,0,1
"S.EB.b",79,500,0.33,"TRUE","TRUE","FALSE","18.1413960920995","9.14340952113918","8.99798657096034","7.393","0.286","0.653","1,2,3,4,5,6,7,8,9,737,738,739,740,741,742,743,744,745",0.000108848003803415,TRUE,0,0,0,0,18,0,18,0,1
"S.EB.b",8,500,0.33,"TRUE","TRUE","FALSE","18.1371350449141","9.14376992054505","8.99336512436901","7.515","0.297","0.674","1,2,3,4,5,6,7,8,9,737,738,739,740,741,742,743,744,745",3.77939100744634e-05,TRUE,0,0,0,0,18,0,18,0,1
"S.EB.b",80,500,0.33,"TRUE","TRUE","FALSE","18.13618738934","9.13433700650922","9.00185038283073","6.947","0.288","0.601","1,2,3,4,5,6,7,8,9,737,738,739,740,741,742,743,744,745",7.33954629768336e-05,TRUE,0,0,0,0,18,0,18,0,1
"S.EB.b",81,500,0.33,"TRUE","TRUE","FALSE","17.5494638441447","9.13605642419002","8.41340741995466","8.121","0.293","0.656","1,2,3,4,5,6,7,8,9,737,738,739,740,741,742,743,744,745",6.15151623148769e-05,TRUE,0,0,0,0,18,0,18,0,1
"S.EB.b",82,500,0.33,"TRUE","TRUE","FALSE","18.1234208604109","9.12090116982206","9.00251969058882","6.944","0.296","0.676","1,2,3,4,5,6,7,8,9,737,738,739,740,741,742,743,744,745",9.50847311709498e-05,TRUE,0,0,0,0,18,0,18,0,1
"S.EB.b",83,500,0.33,"TRUE","TRUE","FALSE","18.1928631178552","9.11774518974967","9.07511792810549","7.232","0.293","0.637","1,2,3,4,5,6,7,8,9,737,738,739,740,741,742,743,744,745,748",0.000155391359068022,FALSE,0,1,0,0,19,1,18,0.0526315789473684,1
"S.EB.b",84,500,0.33,"TRUE","TRUE","FALSE","17.3982686203063","9.39281103788607","8.00545758242021","8.148","0.294","0.633","1,2,3,4,5,6,7,8,9,679,738,739,740,741,742,743,744,745",0.000263306537897398,FALSE,1,0,0,1,18,1,17,0.0555555555555556,0.944444444444444
"S.EB.b",85,500,0.33,"TRUE","TRUE","FALSE","18.1116832314587","9.10986456495984","9.00181866649882","6.883","0.291","0.632","1,2,3,4,5,6,7,8,9,737,738,739,740,741,742,743,744,745",4.71508069802079e-05,TRUE,0,0,0,0,18,0,18,0,1
"S.EB.b",86,500,0.33,"TRUE","TRUE","FALSE","18.1954599474881","9.19746651821621","8.99799342927189","7.543","0.289","0.693","1,2,3,4,5,6,7,8,9,737,738,739,740,741,742,743,744,745",6.46122657291019e-05,TRUE,0,0,0,0,18,0,18,0,1
"S.EB.b",87,500,0.33,"TRUE","TRUE","FALSE","17.7693070366283","9.12726045851906","8.6420465781092","10.367","0.298","0.66","1,2,3,4,5,6,7,8,9,737,738,739,740,741,742,743,744,745",0.000104516060843802,TRUE,0,0,0,0,18,0,18,0,1
"S.EB.b",88,500,0.33,"TRUE","TRUE","FALSE","18.0956511328105","9.15633781977483","8.93931331303567","7.527","0.292","0.663","1,2,3,4,5,6,7,8,9,737,738,739,740,741,742,743,744,745",2.90638951508601e-05,TRUE,0,0,0,0,18,0,18,0,1
"S.EB.b",89,500,0.33,"TRUE","TRUE","FALSE","18.1226016306789","9.11996932975603","9.00263230092283","7.91","0.323","0.684","1,2,3,4,5,6,7,8,9,737,738,739,740,741,742,743,744,745",5.89320392204823e-05,TRUE,0,0,0,0,18,0,18,0,1
"S.EB.b",9,500,0.33,"TRUE","TRUE","FALSE","18.1012588266693","9.10000748757127","9.00125133909806","7.177","0.293","0.715","1,2,3,4,5,6,7,8,9,737,738,739,740,741,742,743,744,745",5.20739265291376e-05,TRUE,0,0,0,0,18,0,18,0,1
"S.EB.b",90,500,0.33,"TRUE","TRUE","FALSE","18.1231367602454","9.12317507484098","8.99996168540443","7.139","0.291","0.625","1,2,3,4,5,6,7,8,9,737,738,739,740,741,742,743,744,745",8.11171717850249e-05,TRUE,0,0,0,0,18,0,18,0,1
"S.EB.b",91,500,0.33,"TRUE","TRUE","FALSE","18.1903968167454","9.18840607695211","9.00199073979333","7.544","0.31","0.743","1,2,3,4,5,6,7,8,9,737,738,739,740,741,742,743,744,745",6.77799627201993e-05,TRUE,0,0,0,0,18,0,18,0,1
"S.EB.b",92,500,0.33,"TRUE","TRUE","FALSE","18.0989478763915","9.10065955966605","8.9982883167254","6.587","0.298","0.681","1,2,3,4,5,6,7,8,9,737,738,739,740,741,742,743,744,745",1.84147856653436e-05,TRUE,0,0,0,0,18,0,18,0,1
"S.EB.b",93,500,0.33,"TRUE","TRUE","FALSE","19.0163952113587","10.0451521023059","8.97124310905273","8.32","0.307","0.63","1,2,3,4,5,6,7,8,9,396,737,738,739,740,741,742,743,744,745",0.000259635291637853,FALSE,1,0,0,0,19,1,18,0.0526315789473684,1
"S.EB.b",94,500,0.33,"TRUE","TRUE","FALSE","18.1148617614882","9.11138058226716","9.00348117922102","7.095","0.298","0.659","1,2,3,4,5,6,7,8,9,737,738,739,740,741,742,743,744,745",6.83334376063382e-05,TRUE,0,0,0,0,18,0,18,0,1
"S.EB.b",95,500,0.33,"TRUE","TRUE","FALSE","17.7260921291234","9.16581309958961","8.56027902953375","8.026","0.289","0.637","1,2,3,4,5,6,7,8,9,737,738,739,740,741,742,743,744,745",8.83445355396264e-05,TRUE,0,0,0,0,18,0,18,0,1
"S.EB.b",96,500,0.33,"TRUE","TRUE","FALSE","18.1331640553133","9.12949736091208","9.00366669440121","7.14","0.298","0.686","1,2,3,4,5,6,7,8,9,737,738,739,740,741,742,743,744,745",9.89340232447406e-05,TRUE,0,0,0,0,18,0,18,0,1
"S.EB.b",97,500,0.33,"TRUE","TRUE","FALSE","18.0952010195281","9.09134759674313","9.00385342278499","6.584","0.288","0.632","1,2,3,4,5,6,7,8,9,737,738,739,740,741,742,743,744,745",0.000109460067038204,TRUE,0,0,0,0,18,0,18,0,1
"S.EB.b",98,500,0.33,"TRUE","TRUE","FALSE","18.1834343526107","9.18155132563833","9.00188302697233","7.049","0.281","0.645","1,2,3,4,5,6,7,8,9,737,738,739,740,741,742,743,744,745",9.40554000665642e-05,TRUE,0,0,0,0,18,0,18,0,1
"S.EB.b",99,500,0.33,"TRUE","TRUE","FALSE","18.1570163709136","9.154529244977","9.00248712593657","7.471","0.291","0.687","1,2,3,4,5,6,7,8,9,737,738,739,740,741,742,743,744,745",0.000135851113355977,TRUE,0,0,0,0,18,0,18,0,1
"scad.cv",1,500,0.33,"TRUE","TRUE","FALSE","17.9237763781506","9.10643770179098","8.81733867635966","7.714","0.295","0.703","2,3,4,6,7,8,9,739,740,741,742,743,744,745",0.00377765925996159,FALSE,0,0,2,2,14,0,14,0,0.777777777777778
"scad.cv",10,500,0.33,"TRUE","TRUE","FALSE","18.1039781648363","9.11568444499343","8.98829371984289","7.325","0.295","0.72","1,2,3,4,5,6,7,8,9,721,737,738,739,740,741,742,743,744,745",0.00298001763470566,FALSE,1,0,0,0,19,1,18,0.0526315789473684,1
"scad.cv",100,500,0.33,"TRUE","TRUE","FALSE","18.1203439063134","9.13182128311261","8.98852262320077","7.002","0.298","0.677","1,2,3,4,5,6,7,8,9,738,739,740,741,742,743,744,745",0.00336337157007323,FALSE,0,0,0,1,17,0,17,0,0.944444444444444
"scad.cv",11,500,0.33,"TRUE","TRUE","FALSE","18.3079046091572","9.30655501972789","9.00134958942935","8.211","0.295","0.681","2,3,4,5,6,7,8,9,737,738,739,740,741,742,743,744,745",0.00353801730573335,FALSE,0,0,1,0,17,0,17,0,0.944444444444444
"scad.cv",12,500,0.33,"TRUE","TRUE","FALSE","18.1272396198527","9.13142377605103","8.99581584380167","6.962","0.273","0.619","1,2,3,4,5,6,7,8,9,737,738,739,740,741,742,743,744,745",0.00262716885747016,TRUE,0,0,0,0,18,0,18,0,1
"scad.cv",13,500,0.33,"TRUE","TRUE","FALSE","17.5203107338999","9.15689395022449","8.36341678367537","8.359","0.294","0.639","1,2,3,4,5,6,7,8,9,738,739,740,741,742,743,744,745",0.00385068362955151,FALSE,0,0,0,1,17,0,17,0,0.944444444444444
"scad.cv",14,500,0.33,"TRUE","TRUE","FALSE","18.109862291856","9.08035356439478","9.0295087274612","6.846","0.297","0.631","1,2,3,4,5,6,7,8,9,737,738,739,740,741,742,743,744,745",0.00338607809851664,TRUE,0,0,0,0,18,0,18,0,1
"scad.cv",15,500,0.33,"TRUE","TRUE","FALSE","18.2002335273258","9.19926677758328","9.00096674974253","7.645","0.296","0.683","1,2,3,4,5,6,7,8,9,214,605,737,738,739,740,741,742,743,744,745",0.00361624333898913,FALSE,2,0,0,0,20,2,18,0.1,1
"scad.cv",16,500,0.33,"TRUE","TRUE","FALSE","18.2779698885013","9.30724207877419","8.97072780972711","7.368","0.29","0.64","2,3,4,5,6,7,8,9,739,740,741,742,743,744,745",0.00335557313049944,FALSE,0,0,1,2,15,0,15,0,0.833333333333333
"scad.cv",17,500,0.33,"TRUE","TRUE","FALSE","18.1883777283937","9.23960167214979","8.94877605624393","7.797","0.305","0.693","1,2,3,4,5,6,7,8,9,499,738,739,740,741,742,743,744,745",0.00359293274313162,FALSE,1,0,0,1,18,1,17,0.0555555555555556,0.944444444444444
"scad.cv",18,500,0.33,"TRUE","TRUE","FALSE","18.1138420626949","9.11656825225329","8.99727381044158","7.163","0.3","0.671","1,2,3,4,5,6,7,8,9,737,738,739,740,741,742,743,744,745",0.00306689174152703,TRUE,0,0,0,0,18,0,18,0,1
"scad.cv",19,500,0.33,"TRUE","TRUE","FALSE","17.1613766201415","9.14220947280894","8.01916714733252","7.184","0.281","0.622","1,2,3,4,5,6,7,8,9,108,574,738,739,740,741,742,743,744,745",0.00322998422828869,FALSE,2,0,0,1,19,2,17,0.105263157894737,0.944444444444444
"scad.cv",2,500,0.33,"TRUE","TRUE","FALSE","18.1065727941075","9.10328418383061","9.00328861027687","6.876","0.288","0.637","1,2,3,4,5,6,7,8,9,737,738,739,740,741,742,743,744,745",0.00265354023086442,TRUE,0,0,0,0,18,0,18,0,1
"scad.cv",20,500,0.33,"TRUE","TRUE","FALSE","18.0982565066094","9.09888337460282","8.9993731320066","7.167","0.303","0.639","1,2,3,4,5,6,7,8,9,737,738,739,740,741,742,743,744,745",0.00317333368079948,TRUE,0,0,0,0,18,0,18,0,1
"scad.cv",21,500,0.33,"TRUE","TRUE","FALSE","18.1178927281594","9.11465765224355","9.00323507591581","7.112","0.299","0.689","1,2,3,4,5,6,7,8,9,737,738,739,740,741,742,743,744,745",0.0026926311764301,TRUE,0,0,0,0,18,0,18,0,1
"scad.cv",22,500,0.33,"TRUE","TRUE","FALSE","18.4262863709583","9.42496241465951","9.00132395629876","7.924","0.295","0.729","1,2,3,4,5,6,7,8,9,737,738,739,740,741,742,743,744,745",0.00357661506848307,TRUE,0,0,0,0,18,0,18,0,1
"scad.cv",23,500,0.33,"TRUE","TRUE","FALSE","18.1258377229392","9.12313707396605","9.00270064897319","7.012","0.294","0.655","1,2,3,4,5,6,7,8,9,737,738,739,740,741,742,743,744,745",0.00338884198767315,TRUE,0,0,0,0,18,0,18,0,1
"scad.cv",24,500,0.33,"TRUE","TRUE","FALSE","18.115795185777","9.11047816699242","9.00531701878454","6.93","0.288","0.643","1,2,3,4,5,6,7,8,9,737,738,739,740,741,742,743,744,745",0.00277238784636494,TRUE,0,0,0,0,18,0,18,0,1
"scad.cv",25,500,0.33,"TRUE","TRUE","FALSE","18.1788077623542","9.1716032971153","9.00720446523887","7.52","0.282","0.596","1,2,3,4,5,6,7,8,9,737,738,739,740,741,742,743,744,745",0.00292595989068183,TRUE,0,0,0,0,18,0,18,0,1
"scad.cv",26,500,0.33,"TRUE","TRUE","FALSE","18.0550548792171","9.13684449751855","8.91821038169851","7.413","0.292","0.661","1,2,3,4,5,6,7,8,9,474,556,738,739,740,741,742,743,744,745",0.00297606627230632,FALSE,2,0,0,1,19,2,17,0.105263157894737,0.944444444444444
"scad.cv",27,500,0.33,"TRUE","TRUE","FALSE","18.1498162736637","9.14657923884615","9.00323703481752","7.137","0.296","0.672","1,2,3,4,5,6,7,8,9,737,738,739,740,741,742,743,744,745",0.00272446128706627,TRUE,0,0,0,0,18,0,18,0,1
"scad.cv",28,500,0.33,"TRUE","TRUE","FALSE","18.2288977599683","9.2268831394806","9.0020146204877","7.381","0.309","0.756","1,2,3,4,5,6,7,8,9,737,738,739,740,741,742,743,744,745",0.00326938607606283,TRUE,0,0,0,0,18,0,18,0,1
"scad.cv",29,500,0.33,"TRUE","TRUE","FALSE","18.1051853972472","9.26741605558106","8.83776934166614","8.112","0.296","0.647","2,3,4,5,6,7,8,9,738,739,740,741,742,743,744,745",0.00324860108996578,FALSE,0,0,1,1,16,0,16,0,0.888888888888889
"scad.cv",3,500,0.33,"TRUE","TRUE","FALSE","18.1008166138395","9.1000622116171","9.00075440222241","6.9","0.405","0.671","1,2,3,4,5,6,7,8,9,738,739,740,741,742,743,744,745",0.0040149435727778,FALSE,0,0,0,1,17,0,17,0,0.944444444444444
"scad.cv",30,500,0.33,"TRUE","TRUE","FALSE","18.1128683927262","9.11755580915974","8.99531258356647","7.438","0.345","0.775","1,2,3,4,5,6,7,8,9,737,738,739,740,741,742,743,744,745",0.00317743735823762,TRUE,0,0,0,0,18,0,18,0,1
"scad.cv",31,500,0.33,"TRUE","TRUE","FALSE","18.1181005820055","9.11473191581505","9.00336866619049","7.702","0.298","0.708","1,2,3,4,5,6,7,8,9,737,738,739,740,741,742,743,744,745",0.00362501344410102,TRUE,0,0,0,0,18,0,18,0,1
"scad.cv",32,500,0.33,"TRUE","TRUE","FALSE","18.1165550245772","9.11436119169213","9.00219383288504","6.666","0.299","0.704","1,2,3,4,6,7,8,9,737,738,739,740,741,742,743,744,745",0.00321323030596141,FALSE,0,0,1,0,17,0,17,0,0.944444444444444
"scad.cv",33,500,0.33,"TRUE","TRUE","FALSE","18.1875968859236","9.1838377661995","9.00375911972411","7.027","0.292","0.639","2,3,4,5,6,7,8,9,326,737,738,739,740,741,742,743,744,745",0.00319909701645099,FALSE,1,0,1,0,18,1,17,0.0555555555555556,0.944444444444444
"scad.cv",34,500,0.33,"TRUE","TRUE","FALSE","18.1436560777996","9.14138255264488","9.00227352515471","7.027","0.294","0.629","1,2,3,4,5,6,7,8,9,737,738,739,740,741,742,743,744,745",0.0030835627419562,TRUE,0,0,0,0,18,0,18,0,1
"scad.cv",35,500,0.33,"TRUE","TRUE","FALSE","18.1179165344807","9.11472792132289","9.00318861315782","7.046","0.308","0.827","1,2,3,4,5,6,7,8,9,737,738,739,740,741,742,743,744,745",0.00306628545825564,TRUE,0,0,0,0,18,0,18,0,1
"scad.cv",36,500,0.33,"TRUE","TRUE","FALSE","18.1408657361715","9.13919336456149","9.00167237161004","7.24","0.307","0.763","1,2,3,4,5,6,7,8,9,106,737,738,739,740,741,742,743,744,745",0.00357232979181123,FALSE,1,0,0,0,19,1,18,0.0526315789473684,1
"scad.cv",37,500,0.33,"TRUE","TRUE","FALSE","18.1263958428034","9.12657987450856","8.99981596829483","6.797","0.286","0.648","2,3,4,5,6,7,8,9,738,739,740,741,742,743,744,745",0.00343687087584092,FALSE,0,0,1,1,16,0,16,0,0.888888888888889
"scad.cv",38,500,0.33,"TRUE","TRUE","FALSE","17.4860712011471","9.28156484933255","8.20450635181453","7.61","0.279","0.578","1,2,3,4,5,6,7,8,9,738,739,740,741,742,743,744,745",0.00404589048010097,FALSE,0,0,0,1,17,0,17,0,0.944444444444444
"scad.cv",39,500,0.33,"TRUE","TRUE","FALSE","18.4997019446682","9.49690078499104","9.00280115967715","8.904","0.312","0.701","1,2,3,4,5,6,7,8,9,737,738,739,740,741,742,743,744,745",0.00318745174982469,TRUE,0,0,0,0,18,0,18,0,1
"scad.cv",4,500,0.33,"TRUE","TRUE","FALSE","18.2214678109899","9.2159681330808","9.00549967790908","7.648","0.277","0.643","1,2,3,4,5,6,7,8,9,737,738,739,740,741,742,743,744,745",0.00306920295185414,TRUE,0,0,0,0,18,0,18,0,1
"scad.cv",40,500,0.33,"TRUE","TRUE","FALSE","17.1751821144432","9.10469835610484","8.0704837583384","7.467","0.291","0.62","1,2,3,4,6,7,8,9,738,739,740,741,742,743,744,745",0.00357428092432843,FALSE,0,0,1,1,16,0,16,0,0.888888888888889
"scad.cv",41,500,0.33,"TRUE","TRUE","FALSE","18.0991019124229","9.09900567875792","9.00009623366497","6.65","0.298","0.624","2,3,4,5,6,7,8,9,737,738,739,740,741,742,743,744,745",0.00361728392461119,FALSE,0,0,1,0,17,0,17,0,0.944444444444444
"scad.cv",42,500,0.33,"TRUE","TRUE","FALSE","18.1328821403916","9.13041685954346","9.00246528084814","7.146","0.306","0.673","1,2,3,4,5,6,7,8,9,737,738,739,740,741,742,743,744,745",0.00306224214962163,TRUE,0,0,0,0,18,0,18,0,1
"scad.cv",43,500,0.33,"TRUE","TRUE","FALSE","18.1371987033307","9.1334944372093","9.00370426612135","6.967","0.29","0.665","1,2,3,4,5,6,7,8,9,556,737,738,739,740,741,742,743,744,745",0.00296761177191011,FALSE,1,0,0,0,19,1,18,0.0526315789473684,1
"scad.cv",44,500,0.33,"TRUE","TRUE","FALSE","18.1637977346941","9.16083852154765","9.00295921314644","7.311","0.299","0.622","1,2,3,4,5,6,7,8,9,737,738,739,740,741,742,743,744,745",0.00276353831504815,TRUE,0,0,0,0,18,0,18,0,1
"scad.cv",45,500,0.33,"TRUE","TRUE","FALSE","18.1063118154266","9.11421781790352","8.99209399752308","7.442","0.296","0.694","1,2,3,4,5,6,7,8,9,556,738,739,740,741,742,743,744,745",0.0035479914858684,FALSE,1,0,0,1,18,1,17,0.0555555555555556,0.944444444444444
"scad.cv",46,500,0.33,"TRUE","TRUE","FALSE","18.1151916737751","9.11182301285625","9.00336866091887","6.989","0.297","0.633","1,2,3,4,5,6,7,8,9,563,737,738,739,740,741,742,743,744,745",0.00300050323416162,FALSE,1,0,0,0,19,1,18,0.0526315789473684,1
"scad.cv",47,500,0.33,"TRUE","TRUE","FALSE","18.1512166714686","9.15043018461445","9.00078648685415","7.007","0.298","0.642","1,2,3,4,5,6,7,8,9,155,737,738,739,740,741,742,743,744,745",0.00339021162531484,FALSE,1,0,0,0,19,1,18,0.0526315789473684,1
"scad.cv",48,500,0.33,"TRUE","TRUE","FALSE","17.3552728434147","9.1254469148748","8.22982592853986","8.106","0.292","0.592","1,2,3,4,5,6,7,8,9,738,739,740,741,742,743,744,745",0.00370090457128349,FALSE,0,0,0,1,17,0,17,0,0.944444444444444
"scad.cv",49,500,0.33,"TRUE","TRUE","FALSE","18.1152094237904","9.11298386438059","9.0022255594098","7.003","0.29","0.637","1,2,3,4,6,7,8,9,737,738,739,740,741,742,743,744,745",0.00360343769817094,FALSE,0,0,1,0,17,0,17,0,0.944444444444444
"scad.cv",5,500,0.33,"TRUE","TRUE","FALSE","18.2199630922717","9.22579368800049","8.99416940427122","7.877","0.297","0.716","1,2,3,4,5,6,7,8,9,738,739,740,741,742,743,744,745",0.00321333382432919,FALSE,0,0,0,1,17,0,17,0,0.944444444444444
"scad.cv",50,500,0.33,"TRUE","TRUE","FALSE","18.0389672297057","9.20257614850071","8.836391081205","8.902","0.31","0.743","2,3,4,6,7,8,9,738,739,740,741,742,743,744,745",0.00353977265216167,FALSE,0,0,2,1,15,0,15,0,0.833333333333333
"scad.cv",51,500,0.33,"TRUE","TRUE","FALSE","18.1284829207614","9.12450525825009","9.00397766251133","6.729","0.299","0.652","1,2,3,4,5,6,7,8,9,737,738,739,740,741,742,743,744,745",0.00349732512928385,TRUE,0,0,0,0,18,0,18,0,1
"scad.cv",52,500,0.33,"TRUE","TRUE","FALSE","18.0744584361859","9.11098364833005","8.96347478785581","7.279","0.3","0.678","2,3,4,5,6,7,8,9,738,739,740,741,742,743,744,745",0.00353803289822591,FALSE,0,0,1,1,16,0,16,0,0.888888888888889
"scad.cv",53,500,0.33,"TRUE","TRUE","FALSE","18.0942728352727","9.10025693954693","8.99401589572579","6.922","0.294","0.673","2,3,4,5,6,7,8,9,738,739,740,741,742,743,744,745",0.00329397559598871,FALSE,0,0,1,1,16,0,16,0,0.888888888888889
"scad.cv",54,500,0.33,"TRUE","TRUE","FALSE","18.470413076204","9.46567574074041","9.00473733546356","8.091","0.305","0.656","1,2,3,4,5,6,7,8,9,737,738,739,740,741,742,743,744,745",0.0033821858823544,TRUE,0,0,0,0,18,0,18,0,1
"scad.cv",55,500,0.33,"TRUE","TRUE","FALSE","18.1046861572085","9.13969743191022","8.96498872529826","7.162","0.29","0.608","1,2,3,4,5,6,7,8,9,738,739,740,741,742,743,744,745",0.00331452873296928,FALSE,0,0,0,1,17,0,17,0,0.944444444444444
"scad.cv",56,500,0.33,"TRUE","TRUE","FALSE","18.1584605453655","9.15537432697154","9.003086218394","6.793","0.29","0.658","1,2,3,4,5,6,7,8,9,737,738,739,740,741,742,743,744,745",0.00306154066780067,TRUE,0,0,0,0,18,0,18,0,1
"scad.cv",57,500,0.33,"TRUE","TRUE","FALSE","18.1212077507089","9.11724079099827","9.00396695971062","6.895","0.288","0.684","2,3,4,5,6,7,8,9,737,738,739,740,741,742,743,744,745",0.00356338905002951,FALSE,0,0,1,0,17,0,17,0,0.944444444444444
"scad.cv",58,500,0.33,"TRUE","TRUE","FALSE","18.2532680317774","9.25109151634504","9.00217651543233","7.282","0.317","0.69","1,2,3,4,5,6,7,8,9,737,738,739,740,741,742,743,744,745",0.00288947620248615,TRUE,0,0,0,0,18,0,18,0,1
"scad.cv",59,500,0.33,"TRUE","TRUE","FALSE","18.2140308363178","9.21255131992968","9.00147951638813","7.803","0.307","0.713","1,2,3,4,5,6,7,8,9,737,738,739,740,741,742,743,744,745",0.00342620302448059,TRUE,0,0,0,0,18,0,18,0,1
"scad.cv",6,500,0.33,"TRUE","TRUE","FALSE","18.1546940256078","9.15727907379608","8.99741495181171","7.471","0.281","0.653","1,2,3,4,5,6,7,8,9,661,738,739,740,741,742,743,744,745",0.00371296423134096,FALSE,1,0,0,1,18,1,17,0.0555555555555556,0.944444444444444
"scad.cv",60,500,0.33,"TRUE","TRUE","FALSE","17.9335702382161","9.16809794164276","8.76547229657334","7.756","0.292","0.655","1,2,3,4,5,6,7,8,9,738,739,740,741,742,743,744,745",0.00369945220488939,FALSE,0,0,0,1,17,0,17,0,0.944444444444444
"scad.cv",61,500,0.33,"TRUE","TRUE","FALSE","18.1137762585116","9.11052330111386","9.00325295739774","6.932","0.29","0.675","1,2,3,4,5,6,7,8,9,510,737,738,739,740,741,742,743,744,745",0.00281536174701606,FALSE,1,0,0,0,19,1,18,0.0526315789473684,1
"scad.cv",62,500,0.33,"TRUE","TRUE","FALSE","18.3645575297635","9.31481757721556","9.04973995254798","7.76","0.285","0.641","1,2,3,4,5,6,7,8,9,737,738,739,740,741,742,743,744,745",0.00268044040515752,TRUE,0,0,0,0,18,0,18,0,1
"scad.cv",63,500,0.33,"TRUE","TRUE","FALSE","18.1716111664598","9.168329564549","9.00328160191075","7.184","0.299","0.662","2,3,4,5,6,7,8,9,737,738,739,740,741,742,743,744,745",0.00366414313720999,FALSE,0,0,1,0,17,0,17,0,0.944444444444444
"scad.cv",64,500,0.33,"TRUE","TRUE","FALSE","17.6544473849333","9.13648149365405","8.51796589127927","8.001","0.293","0.684","1,2,3,4,5,6,7,8,9,738,739,740,741,742,743,744,745",0.00326024755776592,FALSE,0,0,0,1,17,0,17,0,0.944444444444444
"scad.cv",65,500,0.33,"TRUE","TRUE","FALSE","18.0914776131361","9.10549293705465","8.98598467608145","6.881","0.297","0.624","1,2,3,4,5,6,7,8,9,214,738,739,740,741,742,743,744,745",0.00343827130051201,FALSE,1,0,0,1,18,1,17,0.0555555555555556,0.944444444444444
"scad.cv",66,500,0.33,"TRUE","TRUE","FALSE","17.6175627602265","9.14352016903338","8.47404259119312","8.333","0.306","0.71","1,2,3,4,6,7,8,9,738,739,740,741,742,743,744,745",0.00332664132546249,FALSE,0,0,1,1,16,0,16,0,0.888888888888889
"scad.cv",67,500,0.33,"TRUE","TRUE","FALSE","17.9326750531558","9.14699205460779","8.78568299854798","8.408","0.341","0.713","2,3,4,5,6,7,8,9,738,739,740,741,742,743,744,745",0.00302975792622297,FALSE,0,0,1,1,16,0,16,0,0.888888888888889
"scad.cv",68,500,0.33,"TRUE","TRUE","FALSE","18.1268209105888","9.12057048169474","9.00625042889403","7.164","0.275","0.663","1,2,3,4,5,6,7,8,9,737,738,739,740,741,742,743,744,745",0.00388597897869474,TRUE,0,0,0,0,18,0,18,0,1
"scad.cv",69,500,0.33,"TRUE","TRUE","FALSE","18.1234092565405","9.12066606519199","9.00274319134852","7.287","0.295","0.668","1,2,3,4,5,6,7,8,9,737,738,739,740,741,742,743,744,745",0.00285025835112746,TRUE,0,0,0,0,18,0,18,0,1
"scad.cv",7,500,0.33,"TRUE","TRUE","FALSE","18.1050844895759","9.10520554859992","8.99987894097601","7.124","0.303","0.719","1,2,3,4,5,6,7,8,9,737,738,739,740,741,742,743,744,745",0.0034505661559075,TRUE,0,0,0,0,18,0,18,0,1
"scad.cv",70,500,0.33,"TRUE","TRUE","FALSE","17.2641151853138","9.11623779863223","8.14787738668157","7.057","0.293","0.609","1,2,3,4,5,6,7,8,9,738,739,740,741,742,743,744,745",0.00352474862049108,FALSE,0,0,0,1,17,0,17,0,0.944444444444444
"scad.cv",71,500,0.33,"TRUE","TRUE","FALSE","18.0303982164714","9.11324682535606","8.91715139111534","7.653","0.308","0.672","1,2,3,4,6,7,8,9,214,739,740,741,742,743,744,745",0.00367925883771662,FALSE,1,0,1,2,16,1,15,0.0625,0.833333333333333
"scad.cv",72,500,0.33,"TRUE","TRUE","FALSE","18.2296236742665","9.22965038174803","8.99997329251847","8.143","0.301","0.728","1,2,3,4,5,6,7,8,9,739,740,741,742,743,744,745",0.00368328866441323,FALSE,0,0,0,2,16,0,16,0,0.888888888888889
"scad.cv",73,500,0.33,"TRUE","TRUE","FALSE","18.1148535367541","9.1217265277239","8.99312700903024","6.876","0.304","0.686","1,2,3,4,5,6,7,8,9,214,737,738,739,740,741,742,743,744,745",0.00371962521727552,FALSE,1,0,0,0,19,1,18,0.0526315789473684,1
"scad.cv",74,500,0.33,"TRUE","TRUE","FALSE","18.1730958484304","9.17517643370036","8.99791941473005","7.477","0.288","0.667","1,2,3,4,6,7,8,9,738,739,740,741,742,743,744,745",0.0028838214105408,FALSE,0,0,1,1,16,0,16,0,0.888888888888889
"scad.cv",75,500,0.33,"TRUE","TRUE","FALSE","18.1444460045235","9.14463498713124","8.99981101739221","6.919","0.301","0.727","1,2,3,4,5,6,7,8,9,737,738,739,740,741,742,743,744,745",0.00318152856041436,TRUE,0,0,0,0,18,0,18,0,1
"scad.cv",76,500,0.33,"TRUE","TRUE","FALSE","17.3255639806548","9.14631505360836","8.17924892704645","7.589","0.29","0.647","1,2,3,4,5,6,7,8,9,738,739,740,741,742,743,744,745",0.0034196694903008,FALSE,0,0,0,1,17,0,17,0,0.944444444444444
"scad.cv",77,500,0.33,"TRUE","TRUE","FALSE","18.2135725228742","9.21105589196502","9.00251663090915","7.436","0.307","0.622","1,2,3,4,5,6,7,8,9,623,737,738,739,740,741,742,743,744,745",0.00284840792721599,FALSE,1,0,0,0,19,1,18,0.0526315789473684,1
"scad.cv",78,500,0.33,"TRUE","TRUE","FALSE","18.1083688369302","9.10494657133728","9.00342226559288","6.932","0.294","0.666","1,2,3,4,5,6,7,8,9,661,737,738,739,740,741,742,743,744,745",0.0033567319961924,FALSE,1,0,0,0,19,1,18,0.0526315789473684,1
"scad.cv",79,500,0.33,"TRUE","TRUE","FALSE","18.1413960920995","9.14340952113918","8.99798657096034","7.393","0.286","0.653","1,2,3,4,6,7,8,9,424,585,737,738,739,740,741,742,743,744,745",0.00434674402825731,FALSE,2,0,1,0,19,2,17,0.105263157894737,0.944444444444444
"scad.cv",8,500,0.33,"TRUE","TRUE","FALSE","18.1371350449141","9.14376992054505","8.99336512436901","7.515","0.297","0.674","1,2,3,4,5,6,7,8,9,203,738,739,740,741,742,743,744,745",0.00344803599833165,FALSE,1,0,0,1,18,1,17,0.0555555555555556,0.944444444444444
"scad.cv",80,500,0.33,"TRUE","TRUE","FALSE","18.13618738934","9.13433700650922","9.00185038283073","6.947","0.288","0.601","1,2,3,4,5,6,7,8,9,737,738,739,740,741,742,743,744,745",0.00343347617295242,TRUE,0,0,0,0,18,0,18,0,1
"scad.cv",81,500,0.33,"TRUE","TRUE","FALSE","17.5494638441447","9.13605642419002","8.41340741995466","8.121","0.293","0.656","1,2,3,4,5,6,7,8,9,738,739,740,741,742,743,744,745",0.0031914281093589,FALSE,0,0,0,1,17,0,17,0,0.944444444444444
"scad.cv",82,500,0.33,"TRUE","TRUE","FALSE","18.1234208604109","9.12090116982206","9.00251969058882","6.944","0.296","0.676","2,3,4,5,6,7,8,9,737,738,739,740,741,742,743,744,745",0.0039816314969156,FALSE,0,0,1,0,17,0,17,0,0.944444444444444
"scad.cv",83,500,0.33,"TRUE","TRUE","FALSE","18.1928631178552","9.11774518974967","9.07511792810549","7.232","0.293","0.637","1,2,3,4,5,6,7,8,9,737,738,739,740,741,742,743,744,745",0.00290736488000406,TRUE,0,0,0,0,18,0,18,0,1
"scad.cv",84,500,0.33,"TRUE","TRUE","FALSE","17.3982686203063","9.39281103788607","8.00545758242021","8.148","0.294","0.633","1,2,3,4,5,6,7,8,9,679,738,739,740,741,742,743,744,745",0.00312083706332769,FALSE,1,0,0,1,18,1,17,0.0555555555555556,0.944444444444444
"scad.cv",85,500,0.33,"TRUE","TRUE","FALSE","18.1116832314587","9.10986456495984","9.00181866649882","6.883","0.291","0.632","1,2,3,4,5,6,7,8,9,737,738,739,740,741,742,743,744,745",0.00353209716956142,TRUE,0,0,0,0,18,0,18,0,1
"scad.cv",86,500,0.33,"TRUE","TRUE","FALSE","18.1954599474881","9.19746651821621","8.99799342927189","7.543","0.289","0.693","1,2,3,4,5,6,7,8,9,737,738,739,740,741,742,743,744,745",0.00324049270849317,TRUE,0,0,0,0,18,0,18,0,1
"scad.cv",87,500,0.33,"TRUE","TRUE","FALSE","17.7693070366283","9.12726045851906","8.6420465781092","10.367","0.298","0.66","1,2,3,4,5,6,7,8,9,738,739,740,741,742,743,744,745",0.00410860702127504,FALSE,0,0,0,1,17,0,17,0,0.944444444444444
"scad.cv",88,500,0.33,"TRUE","TRUE","FALSE","18.0956511328105","9.15633781977483","8.93931331303567","7.527","0.292","0.663","1,2,3,4,5,6,7,8,9,738,739,740,741,742,743,744,745",0.00299029037985317,FALSE,0,0,0,1,17,0,17,0,0.944444444444444
"scad.cv",89,500,0.33,"TRUE","TRUE","FALSE","18.1226016306789","9.11996932975603","9.00263230092283","7.91","0.323","0.684","1,2,3,4,5,6,7,8,9,556,737,738,739,740,741,742,743,744,745",0.0026930203843392,FALSE,1,0,0,0,19,1,18,0.0526315789473684,1
"scad.cv",9,500,0.33,"TRUE","TRUE","FALSE","18.1012588266693","9.10000748757127","9.00125133909806","7.177","0.293","0.715","1,2,3,4,5,6,7,8,9,737,738,739,740,741,742,743,744,745",0.00301286572570228,TRUE,0,0,0,0,18,0,18,0,1
"scad.cv",90,500,0.33,"TRUE","TRUE","FALSE","18.1231367602454","9.12317507484098","8.99996168540443","7.139","0.291","0.625","1,2,3,4,5,6,7,8,9,737,738,739,740,741,742,743,744,745",0.0031264501933116,TRUE,0,0,0,0,18,0,18,0,1
"scad.cv",91,500,0.33,"TRUE","TRUE","FALSE","18.1903968167454","9.18840607695211","9.00199073979333","7.544","0.31","0.743","1,2,3,4,5,6,7,8,9,737,738,739,740,741,742,743,744,745",0.00354352950590266,TRUE,0,0,0,0,18,0,18,0,1
"scad.cv",92,500,0.33,"TRUE","TRUE","FALSE","18.0989478763915","9.10065955966605","8.9982883167254","6.587","0.298","0.681","1,2,3,4,5,6,7,8,9,738,739,740,741,742,743,744,745",0.00337750683152892,FALSE,0,0,0,1,17,0,17,0,0.944444444444444
"scad.cv",93,500,0.33,"TRUE","TRUE","FALSE","19.0163952113587","10.0451521023059","8.97124310905273","8.32","0.307","0.63","1,2,3,4,5,6,7,8,9,737,738,739,740,741,742,743,744,745",0.00361354760536631,TRUE,0,0,0,0,18,0,18,0,1
"scad.cv",94,500,0.33,"TRUE","TRUE","FALSE","18.1148617614882","9.11138058226716","9.00348117922102","7.095","0.298","0.659","1,2,3,4,5,6,7,8,9,737,738,739,740,741,742,743,744,745",0.00272257617875935,TRUE,0,0,0,0,18,0,18,0,1
"scad.cv",95,500,0.33,"TRUE","TRUE","FALSE","17.7260921291234","9.16581309958961","8.56027902953375","8.026","0.289","0.637","1,2,3,4,5,6,7,8,9,661,738,739,740,741,742,743,744,745",0.00324438634455192,FALSE,1,0,0,1,18,1,17,0.0555555555555556,0.944444444444444
"scad.cv",96,500,0.33,"TRUE","TRUE","FALSE","18.1331640553133","9.12949736091208","9.00366669440121","7.14","0.298","0.686","1,2,3,4,5,6,7,8,9,519,737,738,739,740,741,742,743,744,745",0.0034944748019111,FALSE,1,0,0,0,19,1,18,0.0526315789473684,1
"scad.cv",97,500,0.33,"TRUE","TRUE","FALSE","18.0952010195281","9.09134759674313","9.00385342278499","6.584","0.288","0.632","1,2,3,4,5,6,7,8,9,737,738,739,740,741,742,743,744,745",0.00301041955680427,TRUE,0,0,0,0,18,0,18,0,1
"scad.cv",98,500,0.33,"TRUE","TRUE","FALSE","18.1834343526107","9.18155132563833","9.00188302697233","7.049","0.281","0.645","1,2,3,4,5,6,7,8,9,737,738,739,740,741,742,743,744,745",0.00345456549469775,TRUE,0,0,0,0,18,0,18,0,1
"scad.cv",99,500,0.33,"TRUE","TRUE","FALSE","18.1570163709136","9.154529244977","9.00248712593657","7.471","0.291","0.687","1,2,3,4,5,6,7,8,9,340,737,738,739,740,741,742,743,744,745",0.00303663044495893,FALSE,1,0,0,0,19,1,18,0.0526315789473684,1
