"method","sim","n","betamin","is.true.model.intop.kappa.o","is.true.model.intop.kappa.oplusLASSO","is.s.hat.nan","s.hat","s0.hat","s1.hat","time.l0","time.lasso.cv","time.scad.cv","sel.model","est.mse","recovery","nb.tI.b0","nb.tI.b1","nb.tII.b0","nb.tII.b1","est.size","FP","TP","FDR","power"
"EBIC",1,400,0.33,"TRUE","TRUE","FALSE","17.7291117916483","9.13764134008776","8.59147045156057","6.176","0.206","0.483","1,2,3,4,5,6,7,8,9,590,591,592,593,594,595,596,597,598",0.000246042447015746,TRUE,0,0,0,0,18,0,18,0,1
"EBIC",10,400,0.33,"TRUE","TRUE","FALSE","17.2374723393573","9.10169035715835","8.13578198219898","4.985","0.206","0.482","1,2,3,4,5,6,7,8,9,590,591,592,593,594,595,596,597,598",0.00015218730602926,TRUE,0,0,0,0,18,0,18,0,1
"EBIC",100,400,0.33,"TRUE","TRUE","FALSE","18.0988369480051","9.13778750424608","8.96104944375906","5.08","0.205","0.505","1,2,3,4,5,6,7,8,9,590,591,592,593,594,595,596,597,598",9.69337769435666e-05,TRUE,0,0,0,0,18,0,18,0,1
"EBIC",11,400,0.33,"TRUE","TRUE","FALSE","18.105893887949","9.11068836669279","8.99520552125625","4.872","0.208","0.514","1,2,3,4,5,6,7,8,9,590,591,592,593,594,595,596,597,598",4.53381772137753e-05,TRUE,0,0,0,0,18,0,18,0,1
"EBIC",12,400,0.33,"TRUE","TRUE","FALSE","18.1610324721797","9.16343394838533","8.99759852379442","5.159","0.208","0.516","1,2,3,4,5,6,7,8,9,590,591,592,593,594,595,596,597,598",0.000111607758580441,TRUE,0,0,0,0,18,0,18,0,1
"EBIC",13,400,0.33,"TRUE","TRUE","FALSE","17.3494030297679","9.12971971040417","8.21968331936374","5.504","0.208","0.469","1,2,3,4,5,6,7,8,9,590,591,592,593,594,595,596,597,598",0.000162483732251991,TRUE,0,0,0,0,18,0,18,0,1
"EBIC",14,400,0.33,"TRUE","TRUE","FALSE","18.1151294518867","9.11479643912577","9.00033301276097","4.854","0.218","0.523","1,2,3,4,5,6,7,8,9,590,591,592,593,594,595,596,597,598",0.000166254937875077,TRUE,0,0,0,0,18,0,18,0,1
"EBIC",15,400,0.33,"TRUE","TRUE","FALSE","18.0645791548162","9.08851987442815","8.9760592803881","5.032","0.207","0.471","1,2,3,4,5,6,7,8,9,590,591,592,593,594,595,596,597,598",0.000184023701163684,TRUE,0,0,0,0,18,0,18,0,1
"EBIC",16,400,0.33,"TRUE","TRUE","FALSE","17.9779623672618","9.17382317579497","8.80413919146683","6.031","0.201","0.461","1,2,3,4,5,6,7,8,9,236,590,591,592,593,594,595,596,597,598",0.000265986065992328,FALSE,1,0,0,0,19,1,18,0.0526315789473684,1
"EBIC",17,400,0.33,"TRUE","TRUE","FALSE","17.522419395718","9.22923388412973","8.29318551158825","6.575","0.223","0.512","1,2,3,4,5,6,7,8,9,590,591,592,593,594,595,596,597,598",6.8822140295015e-05,TRUE,0,0,0,0,18,0,18,0,1
"EBIC",18,400,0.33,"TRUE","TRUE","FALSE","17.2445301120135","9.23267556867026","8.01185454334325","5.592","0.212","0.486","1,2,3,4,5,6,7,8,9,591,592,593,594,595,596,597,598",0.000358121113926086,FALSE,0,0,0,1,17,0,17,0,0.944444444444444
"EBIC",19,400,0.33,"TRUE","TRUE","FALSE","18.1028176806709","9.09999830047436","9.00281938019652","4.748","0.21","0.477","1,2,3,4,5,6,7,8,9,590,591,592,593,594,595,596,597,598",0.00013857139025751,TRUE,0,0,0,0,18,0,18,0,1
"EBIC",2,400,0.33,"TRUE","TRUE","FALSE","17.4791991922883","9.15296162524958","8.32623756703867","5.572","0.207","0.477","1,2,3,4,5,6,7,8,9,590,591,592,593,594,595,596,597,598",8.64270902931009e-05,TRUE,0,0,0,0,18,0,18,0,1
"EBIC",20,400,0.33,"TRUE","TRUE","FALSE","17.6398670605831","9.11927034529794","8.52059671528514","5.96","0.213","0.478","1,2,3,4,5,6,7,8,9,590,591,592,593,594,595,596,597,598",0.000169354099250073,TRUE,0,0,0,0,18,0,18,0,1
"EBIC",21,400,0.33,"TRUE","TRUE","FALSE","18.174159211486","9.1728308200462","9.00132839143975","4.922","0.217","0.467","1,2,3,4,5,6,7,8,9,254,590,591,592,593,594,595,596,597,598",0.000200666249875312,FALSE,1,0,0,0,19,1,18,0.0526315789473684,1
"EBIC",22,400,0.33,"TRUE","TRUE","FALSE","18.1199209600601","9.11810759175482","9.00181336830528","4.816","0.211","0.497","1,2,3,4,5,6,7,8,9,590,591,592,593,594,595,596,597,598",5.80916662905357e-05,TRUE,0,0,0,0,18,0,18,0,1
"EBIC",23,400,0.33,"TRUE","TRUE","FALSE","18.1537569898628","9.15146613342866","9.00229085643415","4.754","0.212","0.474","1,2,3,4,5,6,7,8,9,590,591,592,593,594,595,596,597,598",8.06197542678417e-05,TRUE,0,0,0,0,18,0,18,0,1
"EBIC",24,400,0.33,"TRUE","TRUE","FALSE","18.1003520163412","9.13098660385353","8.96936541248766","5.377","0.212","0.513","1,2,3,4,5,6,7,8,9,590,591,592,593,594,595,596,597,598",6.61488211321026e-05,TRUE,0,0,0,0,18,0,18,0,1
"EBIC",25,400,0.33,"TRUE","TRUE","FALSE","17.2071126510656","9.13060002080456","8.07651263026108","5.183","0.2","0.502","1,2,3,4,5,6,7,8,9,590,591,592,593,594,595,596,597,598",0.0001627826822071,TRUE,0,0,0,0,18,0,18,0,1
"EBIC",26,400,0.33,"TRUE","TRUE","FALSE","18.0938904441434","9.1459323760241","8.94795806811931","5.152","0.218","0.496","1,2,3,4,5,6,7,8,9,590,591,592,593,594,595,596,597,598",0.000165726646397713,TRUE,0,0,0,0,18,0,18,0,1
"EBIC",27,400,0.33,"TRUE","TRUE","FALSE","17.2343272406943","9.20084326476013","8.03348397593419","5.312","0.213","0.483","1,2,3,4,5,6,7,8,9,591,592,593,594,595,596,597,598",0.000286625363935658,FALSE,0,0,0,1,17,0,17,0,0.944444444444444
"EBIC",28,400,0.33,"TRUE","TRUE","FALSE","17.1477732297271","9.12331698313734","8.0244562465898","5.07","0.209","0.481","1,2,3,4,5,6,7,8,9,591,592,593,594,595,596,597,598",0.000389925330734766,FALSE,0,0,0,1,17,0,17,0,0.944444444444444
"EBIC",29,400,0.33,"TRUE","TRUE","FALSE","17.6403402585372","9.62505365771396","8.01528660082326","5.692","0.213","0.498","1,2,3,4,5,6,7,8,9,15,591,592,593,594,595,596,597,598",0.000426667203960465,FALSE,1,0,0,1,18,1,17,0.0555555555555556,0.944444444444444
"EBIC",3,400,0.33,"TRUE","TRUE","FALSE","18.0319438248219","9.12349804298507","8.90844578183685","5.371","0.212","0.481","1,2,3,4,5,6,7,8,9,590,591,592,593,594,595,596,597,598",0.000132397328480786,TRUE,0,0,0,0,18,0,18,0,1
"EBIC",30,400,0.33,"TRUE","TRUE","FALSE","18.1435519759072","9.14140720119175","9.00214477471546","5.061","0.204","0.454","1,2,3,4,5,6,7,8,9,590,591,592,593,594,595,596,597,598",9.36849761138185e-05,TRUE,0,0,0,0,18,0,18,0,1
"EBIC",31,400,0.33,"TRUE","TRUE","FALSE","17.5289484056827","9.1797904895294","8.34915791615326","5.752","0.211","0.464","1,2,3,4,5,6,7,8,9,313,590,591,592,593,594,595,596,597,598",0.000223718641952246,FALSE,1,0,0,0,19,1,18,0.0526315789473684,1
"EBIC",32,400,0.33,"TRUE","TRUE","FALSE","18.2400126542374","9.23822661942182","9.00178603481558","5.464","0.209","0.482","1,2,3,4,5,6,7,8,9,590,591,592,593,594,595,596,597,598",0.00014199068763578,TRUE,0,0,0,0,18,0,18,0,1
"EBIC",33,400,0.33,"TRUE","TRUE","FALSE","17.3653498104467","9.17817278170624","8.18717702874045","5.321","0.222","0.522","1,2,3,4,5,6,7,8,9,251,252,590,591,592,593,594,595,596,597,598",0.000394753387905083,FALSE,2,0,0,0,20,2,18,0.1,1
"EBIC",34,400,0.33,"TRUE","TRUE","FALSE","18.0613918001361","9.10813289704309","8.95325890309304","5.569","0.211","0.497","1,2,3,4,5,6,7,8,9,590,591,592,593,594,595,596,597,598",0.000112983804666253,TRUE,0,0,0,0,18,0,18,0,1
"EBIC",35,400,0.33,"TRUE","TRUE","FALSE","18.1948754495423","9.19285384175602","9.00202160778625","5.202","0.207","0.45","1,2,3,4,5,6,7,8,9,590,591,592,593,594,595,596,597,598",0.000177136479374582,TRUE,0,0,0,0,18,0,18,0,1
"EBIC",36,400,0.33,"TRUE","TRUE","FALSE","18.1716241525306","9.18849804727174","8.98312610525889","5.101","0.2","0.458","1,2,3,4,5,6,7,8,9,224,590,591,592,593,594,595,596,597,598",0.000310548077644477,FALSE,1,0,0,0,19,1,18,0.0526315789473684,1
"EBIC",37,400,0.33,"TRUE","TRUE","FALSE","18.0819904107202","9.10174372773263","8.98024668298756","4.833","0.213","0.506","1,2,3,4,5,6,7,8,9,590,591,592,593,594,595,596,597,598",0.000181175560261294,TRUE,0,0,0,0,18,0,18,0,1
"EBIC",38,400,0.33,"TRUE","TRUE","FALSE","17.2469227413497","9.2280770354787","8.01884570587101","6.423","0.218","0.511","1,2,3,4,5,6,7,8,9,591,592,593,594,595,596,597,598",0.000277963521801826,FALSE,0,0,0,1,17,0,17,0,0.944444444444444
"EBIC",39,400,0.33,"TRUE","TRUE","FALSE","18.0495677574709","9.2936705792512","8.75589717821966","6.18","0.211","0.504","1,2,3,4,5,6,7,8,9,537,590,591,592,593,594,595,596,597,598",0.000234095461480995,FALSE,1,0,0,0,19,1,18,0.0526315789473684,1
"EBIC",4,400,0.33,"TRUE","TRUE","FALSE","18.2359837593555","9.23288693822063","9.00309682113486","5.639","0.221","0.506","1,2,3,4,5,6,7,8,9,492,590,591,592,593,594,595,596,597,598",0.000308605092564491,FALSE,1,0,0,0,19,1,18,0.0526315789473684,1
"EBIC",40,400,0.33,"TRUE","TRUE","FALSE","18.1176473060534","9.11713579736224","9.00051150869119","4.993","0.203","0.465","1,2,3,4,5,6,7,8,9,590,591,592,593,594,595,596,597,598",0.000176207143403375,TRUE,0,0,0,0,18,0,18,0,1
"EBIC",41,400,0.33,"TRUE","TRUE","FALSE","18.13524005582","9.14345219077162","8.99178786504843","5.103","0.219","0.522","1,2,3,4,5,6,7,8,9,590,591,592,593,594,595,596,597,598",9.8929797703058e-05,TRUE,0,0,0,0,18,0,18,0,1
"EBIC",42,400,0.33,"TRUE","TRUE","FALSE","17.2284380535152","9.10760652303882","8.12083153047642","5.371","0.239","0.535","1,2,3,4,5,6,7,8,9,590,591,592,593,594,595,596,597,598",7.8186358843437e-05,TRUE,0,0,0,0,18,0,18,0,1
"EBIC",43,400,0.33,"TRUE","TRUE","FALSE","18.0985904384293","9.11300062764315","8.98558981078619","5.283","0.234","0.513","1,2,3,4,5,6,7,8,9,590,591,592,593,594,595,596,597,598",8.18590626307085e-05,TRUE,0,0,0,0,18,0,18,0,1
"EBIC",44,400,0.33,"TRUE","TRUE","FALSE","17.1755997556058","9.13579235038498","8.03980740522087","5.412","0.213","0.502","1,2,3,4,5,6,7,8,9,591,592,593,594,595,596,597,598",0.000271352558952351,FALSE,0,0,0,1,17,0,17,0,0.944444444444444
"EBIC",45,400,0.33,"TRUE","TRUE","FALSE","18.0175171692617","9.2138405502432","8.80367661901845","5.914","0.2","0.441","1,2,3,4,5,6,7,8,9,184,590,591,592,593,594,595,596,597,598",0.000341858979793448,FALSE,1,0,0,0,19,1,18,0.0526315789473684,1
"EBIC",46,400,0.33,"TRUE","TRUE","FALSE","18.1459176933853","9.14244551375237","9.00347217963295","5.106","0.205","0.461","1,2,3,4,5,6,7,8,9,590,591,592,593,594,595,596,597,598",0.000151639428024831,TRUE,0,0,0,0,18,0,18,0,1
"EBIC",47,400,0.33,"TRUE","TRUE","FALSE","18.0560342220469","9.16652680279206","8.88950741925481","5.57","0.213","0.519","1,2,3,4,5,6,7,8,9,590,591,592,593,594,595,596,597,598",0.00012559412788552,TRUE,0,0,0,0,18,0,18,0,1
"EBIC",48,400,0.33,"TRUE","TRUE","FALSE","18.1556215515945","9.15051059879871","9.00511095279584","5.163","0.201","0.452","1,2,3,4,5,6,7,8,9,590,591,592,593,594,595,596,597,598",0.000174481436746278,TRUE,0,0,0,0,18,0,18,0,1
"EBIC",49,400,0.33,"TRUE","TRUE","FALSE","17.8283887451839","9.1585697816444","8.66981896353945","5.485","0.204","0.437","1,2,3,4,5,6,7,8,9,590,591,592,593,594,595,596,597,598",0.000150633918600465,TRUE,0,0,0,0,18,0,18,0,1
"EBIC",5,400,0.33,"TRUE","TRUE","FALSE","18.1700147685543","9.16304916488312","9.00696560367114","5.042","0.211","0.464","1,2,3,4,5,6,7,8,9,590,591,592,593,594,595,596,597,598",0.000199659230462454,TRUE,0,0,0,0,18,0,18,0,1
"EBIC",50,400,0.33,"TRUE","TRUE","FALSE","17.2778710856957","9.13498985904091","8.14288122665478","5.239","0.203","0.447","1,2,3,4,5,6,7,8,9,590,591,592,593,594,595,596,597,598",9.1778090122038e-05,TRUE,0,0,0,0,18,0,18,0,1
"EBIC",51,400,0.33,"TRUE","TRUE","FALSE","18.1277780317462","9.11635647428155","9.01142155746465","5.515","0.377","0.587","1,2,3,4,5,6,7,8,9,590,591,592,593,594,595,596,597,598",0.000126466722225366,TRUE,0,0,0,0,18,0,18,0,1
"EBIC",52,400,0.33,"TRUE","TRUE","FALSE","18.1208429682727","9.10939579615799","9.01144717211466","5.368","0.217","0.502","1,2,3,4,5,6,7,8,9,590,591,592,593,594,595,596,597,598",0.000156144491221373,TRUE,0,0,0,0,18,0,18,0,1
"EBIC",53,400,0.33,"TRUE","TRUE","FALSE","17.3824964998153","9.21810213848724","8.16439436132808","5.629","0.211","0.479","1,2,3,4,5,6,7,8,9,59,67,590,591,592,593,594,595,596,597,598",0.00034688511470107,FALSE,2,0,0,0,20,2,18,0.1,1
"EBIC",54,400,0.33,"TRUE","TRUE","FALSE","18.0864120158831","9.16427264798934","8.92213936789376","5.448","0.194","0.451","1,2,3,4,5,6,7,8,9,590,591,592,593,594,595,596,597,598",5.63258387361372e-05,TRUE,0,0,0,0,18,0,18,0,1
"EBIC",55,400,0.33,"TRUE","TRUE","FALSE","18.1513887539237","9.15078010071973","9.00060865320395","5.079","0.207","0.451","1,2,3,4,5,6,7,8,9,590,591,592,593,594,595,596,597,598",9.99254475328931e-05,TRUE,0,0,0,0,18,0,18,0,1
"EBIC",56,400,0.33,"TRUE","TRUE","FALSE","18.0828669705868","9.11038491577895","8.97248205480786","4.93","0.22","0.495","1,2,3,4,5,6,7,8,9,590,591,592,593,594,595,596,597,598",9.89272174425093e-05,TRUE,0,0,0,0,18,0,18,0,1
"EBIC",57,400,0.33,"TRUE","TRUE","FALSE","17.4138964593864","9.13481888316198","8.27907757622439","5.533","0.214","0.505","1,2,3,4,5,6,7,8,9,590,591,592,593,594,595,596,597,598",8.48598574288764e-05,TRUE,0,0,0,0,18,0,18,0,1
"EBIC",58,400,0.33,"TRUE","TRUE","FALSE","18.1276404007251","9.12481361789586","9.00282678282923","4.828","0.206","0.46","1,2,3,4,5,6,7,8,9,590,591,592,593,594,595,596,597,598",0.000191460379773746,TRUE,0,0,0,0,18,0,18,0,1
"EBIC",59,400,0.33,"TRUE","TRUE","FALSE","18.2273516695455","9.22449736466011","9.00285430488541","5.321","0.209","0.484","1,2,3,4,5,6,7,8,9,487,590,591,592,593,594,595,596,597,598",0.000225728569477388,FALSE,1,0,0,0,19,1,18,0.0526315789473684,1
"EBIC",6,400,0.33,"TRUE","TRUE","FALSE","18.058099132029","9.20476886460261","8.85333026742635","5.854","0.212","0.484","1,2,3,4,5,6,7,8,9,590,591,592,593,594,595,596,597,598",8.0403160652797e-05,TRUE,0,0,0,0,18,0,18,0,1
"EBIC",60,400,0.33,"TRUE","TRUE","FALSE","18.0901322569256","9.14375551393098","8.94637674299465","5.22","0.203","0.448","1,2,3,4,5,6,7,8,9,590,591,592,593,594,595,596,597,598",0.000108132879217055,TRUE,0,0,0,0,18,0,18,0,1
"EBIC",61,400,0.33,"TRUE","TRUE","FALSE","17.1016898364185","9.03633317567104","8.06535666074742","5.771","0.219","0.49","1,2,3,4,5,6,7,8,9,590,591,592,593,594,595,596,597,598",0.000157911390152028,TRUE,0,0,0,0,18,0,18,0,1
"EBIC",62,400,0.33,"TRUE","TRUE","FALSE","17.6890706017783","9.16504194205107","8.52402865972727","5.772","0.2","0.46","1,2,3,4,5,6,7,8,9,590,591,592,593,594,595,596,597,598",0.000101176174726393,TRUE,0,0,0,0,18,0,18,0,1
"EBIC",63,400,0.33,"TRUE","TRUE","FALSE","18.1262582279575","9.12657996805498","8.99967825990251","4.89","0.207","0.469","1,2,3,4,5,6,7,8,9,590,591,592,593,594,595,596,597,598",0.000127598417206945,TRUE,0,0,0,0,18,0,18,0,1
"EBIC",64,400,0.33,"TRUE","TRUE","FALSE","17.7583382360091","8.93047928308909","8.82785895291997","5.949","0.215","0.501","1,2,3,4,5,6,7,8,9,590,591,592,593,594,595,596,597,598",0.000177775830075955,TRUE,0,0,0,0,18,0,18,0,1
"EBIC",65,400,0.33,"TRUE","TRUE","FALSE","18.1027456004347","9.12791849758623","8.97482710284851","5.044","0.204","0.462","1,2,3,4,5,6,7,8,9,590,591,592,593,594,595,596,597,598",0.000106314791538991,TRUE,0,0,0,0,18,0,18,0,1
"EBIC",66,400,0.33,"TRUE","TRUE","FALSE","18.1280362728111","9.12706951706283","9.00096675574822","4.79","0.209","0.492","1,2,3,4,5,6,7,8,9,590,591,592,593,594,595,596,597,598",9.97400424835985e-05,TRUE,0,0,0,0,18,0,18,0,1
"EBIC",67,400,0.33,"TRUE","TRUE","FALSE","18.1781878040862","9.17524474811675","9.00294305596947","5.211","0.22","0.554","1,2,3,4,5,6,7,8,9,590,591,592,593,594,595,596,597,598",0.000145364236760301,TRUE,0,0,0,0,18,0,18,0,1
"EBIC",68,400,0.33,"TRUE","TRUE","FALSE","18.0619072767769","9.14584619752761","8.91606107924924","5.135","0.211","0.468","1,2,3,4,5,6,7,8,9,590,591,592,593,594,595,596,597,598",0.000211578595349806,TRUE,0,0,0,0,18,0,18,0,1
"EBIC",69,400,0.33,"TRUE","TRUE","FALSE","17.8429070120055","9.12629608463765","8.71661092736781","5.67","0.222","0.523","1,2,3,4,5,6,7,8,9,590,591,592,593,594,595,596,597,598",9.40615333413078e-05,TRUE,0,0,0,0,18,0,18,0,1
"EBIC",7,400,0.33,"TRUE","TRUE","FALSE","18.2921069143431","9.28557657399585","9.00653034034723","5.748","0.221","0.55","1,2,3,4,5,6,7,8,9,492,590,591,592,593,594,595,596,597,598",0.000208203385739312,FALSE,1,0,0,0,19,1,18,0.0526315789473684,1
"EBIC",70,400,0.33,"TRUE","TRUE","FALSE","18.1259576340825","9.13879827650013","8.98715935758239","5.292","0.232","0.49","1,2,3,4,5,6,7,8,9,590,591,592,593,594,595,596,597,598",0.000197186918550467,TRUE,0,0,0,0,18,0,18,0,1
"EBIC",71,400,0.33,"TRUE","TRUE","FALSE","18.1132436805058","9.12397711919777","8.989266561308","5.072","0.211","0.497","1,2,3,4,5,6,7,8,9,590,591,592,593,594,595,596,597,598",0.000165652702825412,TRUE,0,0,0,0,18,0,18,0,1
"EBIC",72,400,0.33,"TRUE","TRUE","FALSE","18.1452615063859","9.13898295717136","9.00627854921457","5.158","0.209","0.489","1,2,3,4,5,6,7,8,9,590,591,592,593,594,595,596,597,598",0.000118273195274392,TRUE,0,0,0,0,18,0,18,0,1
"EBIC",73,400,0.33,"TRUE","TRUE","FALSE","18.1085671721594","9.1568247566674","8.95174241549199","5.356","0.202","0.509","1,2,3,4,5,6,7,8,9,590,591,592,593,594,595,596,597,598",0.000140146610429368,TRUE,0,0,0,0,18,0,18,0,1
"EBIC",74,400,0.33,"TRUE","TRUE","FALSE","17.7094528337467","9.11424223224045","8.59521060150625","5.735","0.204","0.465","1,2,3,4,5,6,7,8,9,590,591,592,593,594,595,596,597,598",0.000157861244106915,TRUE,0,0,0,0,18,0,18,0,1
"EBIC",75,400,0.33,"TRUE","TRUE","FALSE","18.1058088202442","9.12325255525068","8.98255626499349","4.79","0.204","0.476","1,2,3,4,5,6,7,8,9,590,591,592,593,594,595,596,597,598",0.000180422060438252,TRUE,0,0,0,0,18,0,18,0,1
"EBIC",76,400,0.33,"TRUE","TRUE","FALSE","17.1708928471068","9.16175123493432","8.00914161217249","5.048","0.21","0.508","1,2,3,4,5,6,7,8,9,591,592,593,594,595,596,597,598",0.000253446618420953,FALSE,0,0,0,1,17,0,17,0,0.944444444444444
"EBIC",77,400,0.33,"TRUE","TRUE","FALSE","18.1244395510881","9.12220306356656","9.00223648752154","5.091","0.219","0.528","1,2,3,4,5,6,7,8,9,590,591,592,593,594,595,596,597,598",0.000161295848286151,TRUE,0,0,0,0,18,0,18,0,1
"EBIC",78,400,0.33,"TRUE","TRUE","FALSE","18.2258321530854","9.2233526128093","9.00247954027611","5.116","0.21","0.497","1,2,3,4,5,6,7,8,9,344,590,591,592,593,594,595,596,597,598",0.000206081729700107,FALSE,1,0,0,0,19,1,18,0.0526315789473684,1
"EBIC",79,400,0.33,"TRUE","TRUE","FALSE","17.9949706036523","9.38011060576974","8.6148599978826","6.348","0.212","0.493","1,2,3,4,5,6,7,8,9,345,590,591,592,593,594,595,596,597,598",0.000223550803548837,FALSE,1,0,0,0,19,1,18,0.0526315789473684,1
"EBIC",8,400,0.33,"TRUE","TRUE","FALSE","18.1625433021107","9.16006246573273","9.00248083637795","4.921","0.212","0.496","1,2,3,4,5,6,7,8,9,590,591,592,593,594,595,596,597,598",0.000129726156246693,TRUE,0,0,0,0,18,0,18,0,1
"EBIC",80,400,0.33,"TRUE","TRUE","FALSE","18.1853954793847","9.26821146569724","8.91718401368747","5.682","0.209","0.429","1,2,3,4,5,6,7,8,9,197,307,590,591,592,593,594,595,596,597,598",0.000342276303947812,FALSE,2,0,0,0,20,2,18,0.1,1
"EBIC",81,400,0.33,"TRUE","TRUE","FALSE","18.1329724832345","9.12834153102807","9.0046309522064","5.032","0.216","0.517","1,2,3,4,5,6,7,8,9,590,591,592,593,594,595,596,597,598",0.000150369626508504,TRUE,0,0,0,0,18,0,18,0,1
"EBIC",82,400,0.33,"TRUE","TRUE","FALSE","17.8667123855515","9.1804468100007","8.68626557555082","6.29","0.223","0.55","1,2,3,4,5,6,7,8,9,590,591,592,593,594,595,596,597,598",0.000137862427285826,TRUE,0,0,0,0,18,0,18,0,1
"EBIC",83,400,0.33,"TRUE","TRUE","FALSE","17.5836524209627","9.18985172046876","8.39380070049391","6.119","0.222","0.542","1,2,3,4,5,6,7,8,9,590,591,592,593,594,595,596,597,598",0.000106728283906251,TRUE,0,0,0,0,18,0,18,0,1
"EBIC",84,400,0.33,"TRUE","TRUE","FALSE","18.3515615851713","9.34717739756536","9.00438418760597","5.63","0.201","0.496","1,2,3,4,5,6,7,8,9,197,279,322,590,591,592,593,594,595,596,597,598",0.000441370424113723,FALSE,3,0,0,0,21,3,18,0.142857142857143,1
"EBIC",85,400,0.33,"TRUE","TRUE","FALSE","18.1555261451242","9.1521811101205","9.00334503500369","5.615","0.213","0.476","1,2,3,4,5,6,7,8,9,590,591,592,593,594,595,596,597,598",0.000102796237130229,TRUE,0,0,0,0,18,0,18,0,1
"EBIC",86,400,0.33,"TRUE","TRUE","FALSE","18.1273380363559","9.12226229757053","9.00507573878536","5.066","0.217","0.493","1,2,3,4,5,6,7,8,9,590,591,592,593,594,595,596,597,598",0.000231315621653176,TRUE,0,0,0,0,18,0,18,0,1
"EBIC",87,400,0.33,"TRUE","TRUE","FALSE","17.6954313435352","9.16073670781473","8.53469463572051","5.695","0.209","0.465","1,2,3,4,5,6,7,8,9,240,590,591,592,593,594,595,596,597,598",0.000187751216415333,FALSE,1,0,0,0,19,1,18,0.0526315789473684,1
"EBIC",88,400,0.33,"TRUE","TRUE","FALSE","17.7781821684881","8.8498927699857","8.92828939850236","5.628","0.207","0.487","1,2,3,4,5,6,7,8,9,590,591,592,593,594,595,596,597,598",0.000164993105333725,TRUE,0,0,0,0,18,0,18,0,1
"EBIC",89,400,0.33,"TRUE","TRUE","FALSE","18.250169193051","9.30274342659562","8.94742576645534","5.647","0.194","0.453","1,2,3,4,5,6,7,8,9,315,590,591,592,593,594,595,596,597,598",0.000199152808300402,FALSE,1,0,0,0,19,1,18,0.0526315789473684,1
"EBIC",9,400,0.33,"TRUE","TRUE","FALSE","18.1771325954254","9.17434271488989","9.0027898805355","5.113","0.202","0.487","1,2,3,4,5,6,7,8,9,590,591,592,593,594,595,596,597,598",0.000148644258843483,TRUE,0,0,0,0,18,0,18,0,1
"EBIC",90,400,0.33,"TRUE","TRUE","FALSE","18.1286115572143","9.13653253213746","8.9920790250768","5.141","0.205","0.494","1,2,3,4,5,6,7,8,9,590,591,592,593,594,595,596,597,598",0.000144645026847124,TRUE,0,0,0,0,18,0,18,0,1
"EBIC",91,400,0.33,"TRUE","TRUE","FALSE","17.7008790935176","9.28596226295381","8.41491683056383","6.476","0.212","0.504","1,2,3,4,5,6,7,8,9,590,591,592,593,594,595,596,597,598",0.000122620938784996,TRUE,0,0,0,0,18,0,18,0,1
"EBIC",92,400,0.33,"TRUE","TRUE","FALSE","18.1004080009791","9.17468729360629","8.92572070737279","6.262","0.243","0.545","1,2,3,4,5,6,7,8,9,590,591,592,593,594,595,596,597,598",8.97167443294441e-05,TRUE,0,0,0,0,18,0,18,0,1
"EBIC",93,400,0.33,"TRUE","TRUE","FALSE","17.9218672679005","9.14448516935555","8.77738209854494","6.257","0.217","0.512","1,2,3,4,5,6,7,8,9,590,591,592,593,594,595,596,597,598",0.000273859150847209,TRUE,0,0,0,0,18,0,18,0,1
"EBIC",94,400,0.33,"TRUE","TRUE","FALSE","18.3396560317027","9.28135341887509","9.05830261282766","6.185","0.319","0.434","1,2,3,4,5,6,7,8,9,530,590,591,592,593,594,595,596,597,598,608",0.000289979607736527,FALSE,1,1,0,0,20,2,18,0.1,1
"EBIC",95,400,0.33,"TRUE","TRUE","FALSE","17.7001410851328","9.22676817226429","8.47337291286856","5.981","0.211","0.465","1,2,3,4,5,6,7,8,9,590,591,592,593,594,595,596,597,598",0.000159424681557763,TRUE,0,0,0,0,18,0,18,0,1
"EBIC",96,400,0.33,"TRUE","TRUE","FALSE","17.7341103179979","9.1355175585467","8.59859275945116","5.632","0.207","0.465","1,2,3,4,5,6,7,8,9,590,591,592,593,594,595,596,597,598",0.000170504019506878,TRUE,0,0,0,0,18,0,18,0,1
"EBIC",97,400,0.33,"TRUE","TRUE","FALSE","18.0348326633964","9.12830374699154","8.90652891640481","5.069","0.2","0.476","1,2,3,4,5,6,7,8,9,590,591,592,593,594,595,596,597,598",0.000188897786859238,TRUE,0,0,0,0,18,0,18,0,1
"EBIC",98,400,0.33,"TRUE","TRUE","FALSE","18.1104916589397","9.1058396685595","9.00465199038018","5.255","0.216","0.5","1,2,3,4,5,6,7,8,9,590,591,592,593,594,595,596,597,598",0.000125029036437275,TRUE,0,0,0,0,18,0,18,0,1
"EBIC",99,400,0.33,"TRUE","TRUE","FALSE","17.5658567329066","9.18181093656959","8.38404579633701","5.975","0.217","0.498","1,2,3,4,5,6,7,8,9,590,591,592,593,594,595,596,597,598",9.98215457366381e-05,TRUE,0,0,0,0,18,0,18,0,1
"kappa.o",1,400,0.33,"TRUE","TRUE","FALSE","17.7291117916483","9.13764134008776","8.59147045156057","6.176","0.206","0.483","1,2,3,4,5,6,7,8,9,590,591,592,593,594,595,596,597,598",0.000246042447015746,TRUE,0,0,0,0,18,0,18,0,1
"kappa.o",10,400,0.33,"TRUE","TRUE","FALSE","17.2374723393573","9.10169035715835","8.13578198219898","4.985","0.206","0.482","1,2,3,4,5,6,7,8,9,591,592,593,594,595,596,597,598",0.000314005348618315,FALSE,0,0,0,1,17,0,17,0,0.944444444444444
"kappa.o",100,400,0.33,"TRUE","TRUE","FALSE","18.0988369480051","9.13778750424608","8.96104944375906","5.08","0.205","0.505","1,2,3,4,5,6,7,8,9,590,591,592,593,594,595,596,597,598",9.69337769435666e-05,TRUE,0,0,0,0,18,0,18,0,1
"kappa.o",11,400,0.33,"TRUE","TRUE","FALSE","18.105893887949","9.11068836669279","8.99520552125625","4.872","0.208","0.514","1,2,3,4,5,6,7,8,9,590,591,592,593,594,595,596,597,598",4.53381772137753e-05,TRUE,0,0,0,0,18,0,18,0,1
"kappa.o",12,400,0.33,"TRUE","TRUE","FALSE","18.1610324721797","9.16343394838533","8.99759852379442","5.159","0.208","0.516","1,2,3,4,5,6,7,8,9,590,591,592,593,594,595,596,597,598",0.000111607758580441,TRUE,0,0,0,0,18,0,18,0,1
"kappa.o",13,400,0.33,"TRUE","TRUE","FALSE","17.3494030297679","9.12971971040417","8.21968331936374","5.504","0.208","0.469","1,2,3,4,5,6,7,8,9,591,592,593,594,595,596,597,598",0.000354286607844526,FALSE,0,0,0,1,17,0,17,0,0.944444444444444
"kappa.o",14,400,0.33,"TRUE","TRUE","FALSE","18.1151294518867","9.11479643912577","9.00033301276097","4.854","0.218","0.523","1,2,3,4,5,6,7,8,9,590,591,592,593,594,595,596,597,598",0.000166254937875077,TRUE,0,0,0,0,18,0,18,0,1
"kappa.o",15,400,0.33,"TRUE","TRUE","FALSE","18.0645791548162","9.08851987442815","8.9760592803881","5.032","0.207","0.471","1,2,3,4,5,6,7,8,9,590,591,592,593,594,595,596,597,598",0.000184023701163684,TRUE,0,0,0,0,18,0,18,0,1
"kappa.o",16,400,0.33,"TRUE","TRUE","FALSE","17.9779623672618","9.17382317579497","8.80413919146683","6.031","0.201","0.461","1,2,3,4,5,6,7,8,9,590,591,592,593,594,595,596,597,598",0.000109829246037709,TRUE,0,0,0,0,18,0,18,0,1
"kappa.o",17,400,0.33,"TRUE","TRUE","FALSE","17.522419395718","9.22923388412973","8.29318551158825","6.575","0.223","0.512","1,2,3,4,5,6,7,8,9,591,592,593,594,595,596,597,598",0.000244115117089861,FALSE,0,0,0,1,17,0,17,0,0.944444444444444
"kappa.o",18,400,0.33,"TRUE","TRUE","FALSE","17.2445301120135","9.23267556867026","8.01185454334325","5.592","0.212","0.486","1,2,3,4,5,6,7,8,9,591,592,593,594,595,596,597,598",0.000358121113926086,FALSE,0,0,0,1,17,0,17,0,0.944444444444444
"kappa.o",19,400,0.33,"TRUE","TRUE","FALSE","18.1028176806709","9.09999830047436","9.00281938019652","4.748","0.21","0.477","1,2,3,4,5,6,7,8,9,590,591,592,593,594,595,596,597,598",0.00013857139025751,TRUE,0,0,0,0,18,0,18,0,1
"kappa.o",2,400,0.33,"TRUE","TRUE","FALSE","17.4791991922883","9.15296162524958","8.32623756703867","5.572","0.207","0.477","1,2,3,4,5,6,7,8,9,591,592,593,594,595,596,597,598",0.000264513119239715,FALSE,0,0,0,1,17,0,17,0,0.944444444444444
"kappa.o",20,400,0.33,"TRUE","TRUE","FALSE","17.6398670605831","9.11927034529794","8.52059671528514","5.96","0.213","0.478","1,2,3,4,5,6,7,8,9,590,591,592,593,594,595,596,597,598",0.000169354099250073,TRUE,0,0,0,0,18,0,18,0,1
"kappa.o",21,400,0.33,"TRUE","TRUE","FALSE","18.174159211486","9.1728308200462","9.00132839143975","4.922","0.217","0.467","1,2,3,4,5,6,7,8,9,590,591,592,593,594,595,596,597,598",9.51169415335104e-05,TRUE,0,0,0,0,18,0,18,0,1
"kappa.o",22,400,0.33,"TRUE","TRUE","FALSE","18.1199209600601","9.11810759175482","9.00181336830528","4.816","0.211","0.497","1,2,3,4,5,6,7,8,9,590,591,592,593,594,595,596,597,598",5.80916662905357e-05,TRUE,0,0,0,0,18,0,18,0,1
"kappa.o",23,400,0.33,"TRUE","TRUE","FALSE","18.1537569898628","9.15146613342866","9.00229085643415","4.754","0.212","0.474","1,2,3,4,5,6,7,8,9,590,591,592,593,594,595,596,597,598",8.06197542678417e-05,TRUE,0,0,0,0,18,0,18,0,1
"kappa.o",24,400,0.33,"TRUE","TRUE","FALSE","18.1003520163412","9.13098660385353","8.96936541248766","5.377","0.212","0.513","1,2,3,4,5,6,7,8,9,590,591,592,593,594,595,596,597,598",6.61488211321026e-05,TRUE,0,0,0,0,18,0,18,0,1
"kappa.o",25,400,0.33,"TRUE","TRUE","FALSE","17.2071126510656","9.13060002080456","8.07651263026108","5.183","0.2","0.502","1,2,3,4,5,6,7,8,9,591,592,593,594,595,596,597,598",0.000335950151519908,FALSE,0,0,0,1,17,0,17,0,0.944444444444444
"kappa.o",26,400,0.33,"TRUE","TRUE","FALSE","18.0938904441434","9.1459323760241","8.94795806811931","5.152","0.218","0.496","1,2,3,4,5,6,7,8,9,590,591,592,593,594,595,596,597,598",0.000165726646397713,TRUE,0,0,0,0,18,0,18,0,1
"kappa.o",27,400,0.33,"TRUE","TRUE","FALSE","17.2343272406943","9.20084326476013","8.03348397593419","5.312","0.213","0.483","1,2,3,4,5,6,7,8,9,591,592,593,594,595,596,597,598",0.000286625363935658,FALSE,0,0,0,1,17,0,17,0,0.944444444444444
"kappa.o",28,400,0.33,"TRUE","TRUE","FALSE","17.1477732297271","9.12331698313734","8.0244562465898","5.07","0.209","0.481","1,2,3,4,5,6,7,8,9,591,592,593,594,595,596,597,598",0.000389925330734766,FALSE,0,0,0,1,17,0,17,0,0.944444444444444
"kappa.o",29,400,0.33,"TRUE","TRUE","FALSE","17.6403402585372","9.62505365771396","8.01528660082326","5.692","0.213","0.498","1,2,3,4,5,6,7,8,9,591,592,593,594,595,596,597,598",0.000287891981137385,FALSE,0,0,0,1,17,0,17,0,0.944444444444444
"kappa.o",3,400,0.33,"TRUE","TRUE","FALSE","18.0319438248219","9.12349804298507","8.90844578183685","5.371","0.212","0.481","1,2,3,4,5,6,7,8,9,590,591,592,593,594,595,596,597,598",0.000132397328480786,TRUE,0,0,0,0,18,0,18,0,1
"kappa.o",30,400,0.33,"TRUE","TRUE","FALSE","18.1435519759072","9.14140720119175","9.00214477471546","5.061","0.204","0.454","1,2,3,4,5,6,7,8,9,590,591,592,593,594,595,596,597,598",9.36849761138185e-05,TRUE,0,0,0,0,18,0,18,0,1
"kappa.o",31,400,0.33,"TRUE","TRUE","FALSE","17.5289484056827","9.1797904895294","8.34915791615326","5.752","0.211","0.464","1,2,3,4,5,6,7,8,9,591,592,593,594,595,596,597,598",0.000298288132259109,FALSE,0,0,0,1,17,0,17,0,0.944444444444444
"kappa.o",32,400,0.33,"TRUE","TRUE","FALSE","18.2400126542374","9.23822661942182","9.00178603481558","5.464","0.209","0.482","1,2,3,4,5,6,7,8,9,590,591,592,593,594,595,596,597,598",0.00014199068763578,TRUE,0,0,0,0,18,0,18,0,1
"kappa.o",33,400,0.33,"TRUE","TRUE","FALSE","17.3653498104467","9.17817278170624","8.18717702874045","5.321","0.222","0.522","1,2,3,4,5,6,7,8,9,591,592,593,594,595,596,597,598",0.000323760033099123,FALSE,0,0,0,1,17,0,17,0,0.944444444444444
"kappa.o",34,400,0.33,"TRUE","TRUE","FALSE","18.0613918001361","9.10813289704309","8.95325890309304","5.569","0.211","0.497","1,2,3,4,5,6,7,8,9,590,591,592,593,594,595,596,597,598",0.000112983804666253,TRUE,0,0,0,0,18,0,18,0,1
"kappa.o",35,400,0.33,"TRUE","TRUE","FALSE","18.1948754495423","9.19285384175602","9.00202160778625","5.202","0.207","0.45","1,2,3,4,5,6,7,8,9,590,591,592,593,594,595,596,597,598",0.000177136479374582,TRUE,0,0,0,0,18,0,18,0,1
"kappa.o",36,400,0.33,"TRUE","TRUE","FALSE","18.1716241525306","9.18849804727174","8.98312610525889","5.101","0.2","0.458","1,2,3,4,5,6,7,8,9,590,591,592,593,594,595,596,597,598",0.000208480080918192,TRUE,0,0,0,0,18,0,18,0,1
"kappa.o",37,400,0.33,"TRUE","TRUE","FALSE","18.0819904107202","9.10174372773263","8.98024668298756","4.833","0.213","0.506","1,2,3,4,5,6,7,8,9,590,591,592,593,594,595,596,597,598",0.000181175560261294,TRUE,0,0,0,0,18,0,18,0,1
"kappa.o",38,400,0.33,"TRUE","TRUE","FALSE","17.2469227413497","9.2280770354787","8.01884570587101","6.423","0.218","0.511","1,2,3,4,5,6,7,8,9,591,592,593,594,595,596,597,598",0.000277963521801826,FALSE,0,0,0,1,17,0,17,0,0.944444444444444
"kappa.o",39,400,0.33,"TRUE","TRUE","FALSE","18.0495677574709","9.2936705792512","8.75589717821966","6.18","0.211","0.504","1,2,3,4,5,6,7,8,9,590,591,592,593,594,595,596,597,598",0.000115551654781811,TRUE,0,0,0,0,18,0,18,0,1
"kappa.o",4,400,0.33,"TRUE","TRUE","FALSE","18.2359837593555","9.23288693822063","9.00309682113486","5.639","0.221","0.506","1,2,3,4,5,6,7,8,9,590,591,592,593,594,595,596,597,598",0.000182777936716459,TRUE,0,0,0,0,18,0,18,0,1
"kappa.o",40,400,0.33,"TRUE","TRUE","FALSE","18.1176473060534","9.11713579736224","9.00051150869119","4.993","0.203","0.465","1,2,3,4,5,6,7,8,9,590,591,592,593,594,595,596,597,598",0.000176207143403375,TRUE,0,0,0,0,18,0,18,0,1
"kappa.o",41,400,0.33,"TRUE","TRUE","FALSE","18.13524005582","9.14345219077162","8.99178786504843","5.103","0.219","0.522","1,2,3,4,5,6,7,8,9,590,591,592,593,594,595,596,597,598",9.8929797703058e-05,TRUE,0,0,0,0,18,0,18,0,1
"kappa.o",42,400,0.33,"TRUE","TRUE","FALSE","17.2284380535152","9.10760652303882","8.12083153047642","5.371","0.239","0.535","1,2,3,4,5,6,7,8,9,591,592,593,594,595,596,597,598",0.000258795054671536,FALSE,0,0,0,1,17,0,17,0,0.944444444444444
"kappa.o",43,400,0.33,"TRUE","TRUE","FALSE","18.0985904384293","9.11300062764315","8.98558981078619","5.283","0.234","0.513","1,2,3,4,5,6,7,8,9,590,591,592,593,594,595,596,597,598",8.18590626307085e-05,TRUE,0,0,0,0,18,0,18,0,1
"kappa.o",44,400,0.33,"TRUE","TRUE","FALSE","17.1755997556058","9.13579235038498","8.03980740522087","5.412","0.213","0.502","1,2,3,4,5,6,7,8,9,591,592,593,594,595,596,597,598",0.000271352558952351,FALSE,0,0,0,1,17,0,17,0,0.944444444444444
"kappa.o",45,400,0.33,"TRUE","TRUE","FALSE","18.0175171692617","9.2138405502432","8.80367661901845","5.914","0.2","0.441","1,2,3,4,5,6,7,8,9,590,591,592,593,594,595,596,597,598",0.000218390680956607,TRUE,0,0,0,0,18,0,18,0,1
"kappa.o",46,400,0.33,"TRUE","TRUE","FALSE","18.1459176933853","9.14244551375237","9.00347217963295","5.106","0.205","0.461","1,2,3,4,5,6,7,8,9,590,591,592,593,594,595,596,597,598",0.000151639428024831,TRUE,0,0,0,0,18,0,18,0,1
"kappa.o",47,400,0.33,"TRUE","TRUE","FALSE","18.0560342220469","9.16652680279206","8.88950741925481","5.57","0.213","0.519","1,2,3,4,5,6,7,8,9,590,591,592,593,594,595,596,597,598",0.00012559412788552,TRUE,0,0,0,0,18,0,18,0,1
"kappa.o",48,400,0.33,"TRUE","TRUE","FALSE","18.1556215515945","9.15051059879871","9.00511095279584","5.163","0.201","0.452","1,2,3,4,5,6,7,8,9,590,591,592,593,594,595,596,597,598",0.000174481436746278,TRUE,0,0,0,0,18,0,18,0,1
"kappa.o",49,400,0.33,"TRUE","TRUE","FALSE","17.8283887451839","9.1585697816444","8.66981896353945","5.485","0.204","0.437","1,2,3,4,5,6,7,8,9,590,591,592,593,594,595,596,597,598",0.000150633918600465,TRUE,0,0,0,0,18,0,18,0,1
"kappa.o",5,400,0.33,"TRUE","TRUE","FALSE","18.1700147685543","9.16304916488312","9.00696560367114","5.042","0.211","0.464","1,2,3,4,5,6,7,8,9,590,591,592,593,594,595,596,597,598",0.000199659230462454,TRUE,0,0,0,0,18,0,18,0,1
"kappa.o",50,400,0.33,"TRUE","TRUE","FALSE","17.2778710856957","9.13498985904091","8.14288122665478","5.239","0.203","0.447","1,2,3,4,5,6,7,8,9,591,592,593,594,595,596,597,598",0.000259422014940056,FALSE,0,0,0,1,17,0,17,0,0.944444444444444
"kappa.o",51,400,0.33,"TRUE","TRUE","FALSE","18.1277780317462","9.11635647428155","9.01142155746465","5.515","0.377","0.587","1,2,3,4,5,6,7,8,9,590,591,592,593,594,595,596,597,598",0.000126466722225366,TRUE,0,0,0,0,18,0,18,0,1
"kappa.o",52,400,0.33,"TRUE","TRUE","FALSE","18.1208429682727","9.10939579615799","9.01144717211466","5.368","0.217","0.502","1,2,3,4,5,6,7,8,9,590,591,592,593,594,595,596,597,598",0.000156144491221373,TRUE,0,0,0,0,18,0,18,0,1
"kappa.o",53,400,0.33,"TRUE","TRUE","FALSE","17.3824964998153","9.21810213848724","8.16439436132808","5.629","0.211","0.479","1,2,3,4,5,6,7,8,9,591,592,593,594,595,596,597,598",0.000357013543663396,FALSE,0,0,0,1,17,0,17,0,0.944444444444444
"kappa.o",54,400,0.33,"TRUE","TRUE","FALSE","18.0864120158831","9.16427264798934","8.92213936789376","5.448","0.194","0.451","1,2,3,4,5,6,7,8,9,590,591,592,593,594,595,596,597,598",5.63258387361372e-05,TRUE,0,0,0,0,18,0,18,0,1
"kappa.o",55,400,0.33,"TRUE","TRUE","FALSE","18.1513887539237","9.15078010071973","9.00060865320395","5.079","0.207","0.451","1,2,3,4,5,6,7,8,9,590,591,592,593,594,595,596,597,598",9.99254475328931e-05,TRUE,0,0,0,0,18,0,18,0,1
"kappa.o",56,400,0.33,"TRUE","TRUE","FALSE","18.0828669705868","9.11038491577895","8.97248205480786","4.93","0.22","0.495","1,2,3,4,5,6,7,8,9,590,591,592,593,594,595,596,597,598",9.89272174425093e-05,TRUE,0,0,0,0,18,0,18,0,1
"kappa.o",57,400,0.33,"TRUE","TRUE","FALSE","17.4138964593864","9.13481888316198","8.27907757622439","5.533","0.214","0.505","1,2,3,4,5,6,7,8,9,591,592,593,594,595,596,597,598",0.00027213908776407,FALSE,0,0,0,1,17,0,17,0,0.944444444444444
"kappa.o",58,400,0.33,"TRUE","TRUE","FALSE","18.1276404007251","9.12481361789586","9.00282678282923","4.828","0.206","0.46","1,2,3,4,5,6,7,8,9,590,591,592,593,594,595,596,597,598",0.000191460379773746,TRUE,0,0,0,0,18,0,18,0,1
"kappa.o",59,400,0.33,"TRUE","TRUE","FALSE","18.2273516695455","9.22449736466011","9.00285430488541","5.321","0.209","0.484","1,2,3,4,5,6,7,8,9,590,591,592,593,594,595,596,597,598",0.000138908906298654,TRUE,0,0,0,0,18,0,18,0,1
"kappa.o",6,400,0.33,"TRUE","TRUE","FALSE","18.058099132029","9.20476886460261","8.85333026742635","5.854","0.212","0.484","1,2,3,4,5,6,7,8,9,590,591,592,593,594,595,596,597,598",8.0403160652797e-05,TRUE,0,0,0,0,18,0,18,0,1
"kappa.o",60,400,0.33,"TRUE","TRUE","FALSE","18.0901322569256","9.14375551393098","8.94637674299465","5.22","0.203","0.448","1,2,3,4,5,6,7,8,9,590,591,592,593,594,595,596,597,598",0.000108132879217055,TRUE,0,0,0,0,18,0,18,0,1
"kappa.o",61,400,0.33,"TRUE","TRUE","FALSE","17.1016898364185","9.03633317567104","8.06535666074742","5.771","0.219","0.49","1,2,3,4,5,6,7,8,9,591,592,593,594,595,596,597,598",0.000345226530538871,FALSE,0,0,0,1,17,0,17,0,0.944444444444444
"kappa.o",62,400,0.33,"TRUE","TRUE","FALSE","17.6890706017783","9.16504194205107","8.52402865972727","5.772","0.2","0.46","1,2,3,4,5,6,7,8,9,590,591,592,593,594,595,596,597,598",0.000101176174726393,TRUE,0,0,0,0,18,0,18,0,1
"kappa.o",63,400,0.33,"TRUE","TRUE","FALSE","18.1262582279575","9.12657996805498","8.99967825990251","4.89","0.207","0.469","1,2,3,4,5,6,7,8,9,590,591,592,593,594,595,596,597,598",0.000127598417206945,TRUE,0,0,0,0,18,0,18,0,1
"kappa.o",64,400,0.33,"TRUE","TRUE","FALSE","17.7583382360091","8.93047928308909","8.82785895291997","5.949","0.215","0.501","1,2,3,4,5,6,7,8,9,590,591,592,593,594,595,596,597,598",0.000177775830075955,TRUE,0,0,0,0,18,0,18,0,1
"kappa.o",65,400,0.33,"TRUE","TRUE","FALSE","18.1027456004347","9.12791849758623","8.97482710284851","5.044","0.204","0.462","1,2,3,4,5,6,7,8,9,590,591,592,593,594,595,596,597,598",0.000106314791538991,TRUE,0,0,0,0,18,0,18,0,1
"kappa.o",66,400,0.33,"TRUE","TRUE","FALSE","18.1280362728111","9.12706951706283","9.00096675574822","4.79","0.209","0.492","1,2,3,4,5,6,7,8,9,590,591,592,593,594,595,596,597,598",9.97400424835985e-05,TRUE,0,0,0,0,18,0,18,0,1
"kappa.o",67,400,0.33,"TRUE","TRUE","FALSE","18.1781878040862","9.17524474811675","9.00294305596947","5.211","0.22","0.554","1,2,3,4,5,6,7,8,9,590,591,592,593,594,595,596,597,598",0.000145364236760301,TRUE,0,0,0,0,18,0,18,0,1
"kappa.o",68,400,0.33,"TRUE","TRUE","FALSE","18.0619072767769","9.14584619752761","8.91606107924924","5.135","0.211","0.468","1,2,3,4,5,6,7,8,9,590,591,592,593,594,595,596,597,598",0.000211578595349806,TRUE,0,0,0,0,18,0,18,0,1
"kappa.o",69,400,0.33,"TRUE","TRUE","FALSE","17.8429070120055","9.12629608463765","8.71661092736781","5.67","0.222","0.523","1,2,3,4,5,6,7,8,9,590,591,592,593,594,595,596,597,598",9.40615333413078e-05,TRUE,0,0,0,0,18,0,18,0,1
"kappa.o",7,400,0.33,"TRUE","TRUE","FALSE","18.2921069143431","9.28557657399585","9.00653034034723","5.748","0.221","0.55","1,2,3,4,5,6,7,8,9,590,591,592,593,594,595,596,597,598",8.32889745709126e-05,TRUE,0,0,0,0,18,0,18,0,1
"kappa.o",70,400,0.33,"TRUE","TRUE","FALSE","18.1259576340825","9.13879827650013","8.98715935758239","5.292","0.232","0.49","1,2,3,4,5,6,7,8,9,590,591,592,593,594,595,596,597,598",0.000197186918550467,TRUE,0,0,0,0,18,0,18,0,1
"kappa.o",71,400,0.33,"TRUE","TRUE","FALSE","18.1132436805058","9.12397711919777","8.989266561308","5.072","0.211","0.497","1,2,3,4,5,6,7,8,9,590,591,592,593,594,595,596,597,598",0.000165652702825412,TRUE,0,0,0,0,18,0,18,0,1
"kappa.o",72,400,0.33,"TRUE","TRUE","FALSE","18.1452615063859","9.13898295717136","9.00627854921457","5.158","0.209","0.489","1,2,3,4,5,6,7,8,9,590,591,592,593,594,595,596,597,598",0.000118273195274392,TRUE,0,0,0,0,18,0,18,0,1
"kappa.o",73,400,0.33,"TRUE","TRUE","FALSE","18.1085671721594","9.1568247566674","8.95174241549199","5.356","0.202","0.509","1,2,3,4,5,6,7,8,9,590,591,592,593,594,595,596,597,598",0.000140146610429368,TRUE,0,0,0,0,18,0,18,0,1
"kappa.o",74,400,0.33,"TRUE","TRUE","FALSE","17.7094528337467","9.11424223224045","8.59521060150625","5.735","0.204","0.465","1,2,3,4,5,6,7,8,9,590,591,592,593,594,595,596,597,598",0.000157861244106915,TRUE,0,0,0,0,18,0,18,0,1
"kappa.o",75,400,0.33,"TRUE","TRUE","FALSE","18.1058088202442","9.12325255525068","8.98255626499349","4.79","0.204","0.476","1,2,3,4,5,6,7,8,9,590,591,592,593,594,595,596,597,598",0.000180422060438252,TRUE,0,0,0,0,18,0,18,0,1
"kappa.o",76,400,0.33,"TRUE","TRUE","FALSE","17.1708928471068","9.16175123493432","8.00914161217249","5.048","0.21","0.508","1,2,3,4,5,6,7,8,9,591,592,593,594,595,596,597,598",0.000253446618420953,FALSE,0,0,0,1,17,0,17,0,0.944444444444444
"kappa.o",77,400,0.33,"TRUE","TRUE","FALSE","18.1244395510881","9.12220306356656","9.00223648752154","5.091","0.219","0.528","1,2,3,4,5,6,7,8,9,590,591,592,593,594,595,596,597,598",0.000161295848286151,TRUE,0,0,0,0,18,0,18,0,1
"kappa.o",78,400,0.33,"TRUE","TRUE","FALSE","18.2258321530854","9.2233526128093","9.00247954027611","5.116","0.21","0.497","1,2,3,4,5,6,7,8,9,590,591,592,593,594,595,596,597,598",9.45897554272317e-05,TRUE,0,0,0,0,18,0,18,0,1
"kappa.o",79,400,0.33,"TRUE","TRUE","FALSE","17.9949706036523","9.38011060576974","8.6148599978826","6.348","0.212","0.493","1,2,3,4,5,6,7,8,9,590,591,592,593,594,595,596,597,598",0.000117229911537327,TRUE,0,0,0,0,18,0,18,0,1
"kappa.o",8,400,0.33,"TRUE","TRUE","FALSE","18.1625433021107","9.16006246573273","9.00248083637795","4.921","0.212","0.496","1,2,3,4,5,6,7,8,9,590,591,592,593,594,595,596,597,598",0.000129726156246693,TRUE,0,0,0,0,18,0,18,0,1
"kappa.o",80,400,0.33,"TRUE","TRUE","FALSE","18.1853954793847","9.26821146569724","8.91718401368747","5.682","0.209","0.429","1,2,3,4,5,6,7,8,9,590,591,592,593,594,595,596,597,598",0.000132453853075925,TRUE,0,0,0,0,18,0,18,0,1
"kappa.o",81,400,0.33,"TRUE","TRUE","FALSE","18.1329724832345","9.12834153102807","9.0046309522064","5.032","0.216","0.517","1,2,3,4,5,6,7,8,9,590,591,592,593,594,595,596,597,598",0.000150369626508504,TRUE,0,0,0,0,18,0,18,0,1
"kappa.o",82,400,0.33,"TRUE","TRUE","FALSE","17.8667123855515","9.1804468100007","8.68626557555082","6.29","0.223","0.55","1,2,3,4,5,6,7,8,9,590,591,592,593,594,595,596,597,598",0.000137862427285826,TRUE,0,0,0,0,18,0,18,0,1
"kappa.o",83,400,0.33,"TRUE","TRUE","FALSE","17.5836524209627","9.18985172046876","8.39380070049391","6.119","0.222","0.542","1,2,3,4,5,6,7,8,9,591,592,593,594,595,596,597,598",0.000273751465763176,FALSE,0,0,0,1,17,0,17,0,0.944444444444444
"kappa.o",84,400,0.33,"TRUE","TRUE","FALSE","18.3515615851713","9.34717739756536","9.00438418760597","5.63","0.201","0.496","1,2,3,4,5,6,7,8,9,590,591,592,593,594,595,596,597,598",0.000129977852234293,TRUE,0,0,0,0,18,0,18,0,1
"kappa.o",85,400,0.33,"TRUE","TRUE","FALSE","18.1555261451242","9.1521811101205","9.00334503500369","5.615","0.213","0.476","1,2,3,4,5,6,7,8,9,590,591,592,593,594,595,596,597,598",0.000102796237130229,TRUE,0,0,0,0,18,0,18,0,1
"kappa.o",86,400,0.33,"TRUE","TRUE","FALSE","18.1273380363559","9.12226229757053","9.00507573878536","5.066","0.217","0.493","1,2,3,4,5,6,7,8,9,590,591,592,593,594,595,596,597,598",0.000231315621653176,TRUE,0,0,0,0,18,0,18,0,1
"kappa.o",87,400,0.33,"TRUE","TRUE","FALSE","17.6954313435352","9.16073670781473","8.53469463572051","5.695","0.209","0.465","1,2,3,4,5,6,7,8,9,590,591,592,593,594,595,596,597,598",9.09461567942306e-05,TRUE,0,0,0,0,18,0,18,0,1
"kappa.o",88,400,0.33,"TRUE","TRUE","FALSE","17.7781821684881","8.8498927699857","8.92828939850236","5.628","0.207","0.487","1,2,3,4,5,6,7,8,9,590,591,592,593,594,595,596,597,598",0.000164993105333725,TRUE,0,0,0,0,18,0,18,0,1
"kappa.o",89,400,0.33,"TRUE","TRUE","FALSE","18.250169193051","9.30274342659562","8.94742576645534","5.647","0.194","0.453","1,2,3,4,5,6,7,8,9,590,591,592,593,594,595,596,597,598",5.92229582380453e-05,TRUE,0,0,0,0,18,0,18,0,1
"kappa.o",9,400,0.33,"TRUE","TRUE","FALSE","18.1771325954254","9.17434271488989","9.0027898805355","5.113","0.202","0.487","1,2,3,4,5,6,7,8,9,590,591,592,593,594,595,596,597,598",0.000148644258843483,TRUE,0,0,0,0,18,0,18,0,1
"kappa.o",90,400,0.33,"TRUE","TRUE","FALSE","18.1286115572143","9.13653253213746","8.9920790250768","5.141","0.205","0.494","1,2,3,4,5,6,7,8,9,590,591,592,593,594,595,596,597,598",0.000144645026847124,TRUE,0,0,0,0,18,0,18,0,1
"kappa.o",91,400,0.33,"TRUE","TRUE","FALSE","17.7008790935176","9.28596226295381","8.41491683056383","6.476","0.212","0.504","1,2,3,4,5,6,7,8,9,591,592,593,594,595,596,597,598",0.000321257388336006,FALSE,0,0,0,1,17,0,17,0,0.944444444444444
"kappa.o",92,400,0.33,"TRUE","TRUE","FALSE","18.1004080009791","9.17468729360629","8.92572070737279","6.262","0.243","0.545","1,2,3,4,5,6,7,8,9,590,591,592,593,594,595,596,597,598",8.97167443294441e-05,TRUE,0,0,0,0,18,0,18,0,1
"kappa.o",93,400,0.33,"TRUE","TRUE","FALSE","17.9218672679005","9.14448516935555","8.77738209854494","6.257","0.217","0.512","1,2,3,4,5,6,7,8,9,590,591,592,593,594,595,596,597,598",0.000273859150847209,TRUE,0,0,0,0,18,0,18,0,1
"kappa.o",94,400,0.33,"TRUE","TRUE","FALSE","18.3396560317027","9.28135341887509","9.05830261282766","6.185","0.319","0.434","1,2,3,4,5,6,7,8,9,590,591,592,593,594,595,596,597,598",8.68882038864667e-05,TRUE,0,0,0,0,18,0,18,0,1
"kappa.o",95,400,0.33,"TRUE","TRUE","FALSE","17.7001410851328","9.22676817226429","8.47337291286856","5.981","0.211","0.465","1,2,3,4,5,6,7,8,9,591,592,593,594,595,596,597,598",0.000352033315173477,FALSE,0,0,0,1,17,0,17,0,0.944444444444444
"kappa.o",96,400,0.33,"TRUE","TRUE","FALSE","17.7341103179979","9.1355175585467","8.59859275945116","5.632","0.207","0.465","1,2,3,4,5,6,7,8,9,590,591,592,593,594,595,596,597,598",0.000170504019506878,TRUE,0,0,0,0,18,0,18,0,1
"kappa.o",97,400,0.33,"TRUE","TRUE","FALSE","18.0348326633964","9.12830374699154","8.90652891640481","5.069","0.2","0.476","1,2,3,4,5,6,7,8,9,590,591,592,593,594,595,596,597,598",0.000188897786859238,TRUE,0,0,0,0,18,0,18,0,1
"kappa.o",98,400,0.33,"TRUE","TRUE","FALSE","18.1104916589397","9.1058396685595","9.00465199038018","5.255","0.216","0.5","1,2,3,4,5,6,7,8,9,590,591,592,593,594,595,596,597,598",0.000125029036437275,TRUE,0,0,0,0,18,0,18,0,1
"kappa.o",99,400,0.33,"TRUE","TRUE","FALSE","17.5658567329066","9.18181093656959","8.38404579633701","5.975","0.217","0.498","1,2,3,4,5,6,7,8,9,591,592,593,594,595,596,597,598",0.000291836714024778,FALSE,0,0,0,1,17,0,17,0,0.944444444444444
"lasso.cv",1,400,0.33,"TRUE","TRUE","FALSE","17.7291117916483","9.13764134008776","8.59147045156057","6.176","0.206","0.483","1,2,3,4,5,6,7,8,9,14,33,59,68,72,77,85,93,95,107,110,132,137,156,165,171,176,191,195,216,220,246,248,260,262,265,295,296,306,322,327,335,336,352,357,364,381,392,407,419,424,440,441,465,481,488,506,515,518,520,550,562,572,584,590,591,592,593,594,595,596,597,598,604",0.000890191466510949,FALSE,54,1,0,0,73,55,18,0.753424657534247,1
"lasso.cv",10,400,0.33,"TRUE","TRUE","FALSE","17.2374723393573","9.10169035715835","8.13578198219898","4.985","0.206","0.482","1,2,3,4,5,6,7,8,9,13,27,31,44,62,84,117,131,136,140,158,198,211,235,248,250,269,285,287,304,316,345,354,361,366,374,408,416,417,419,425,426,447,456,483,486,488,498,501,505,530,550,554,578,590,591,592,593,594,595,596,597,598,613,614,617,618",0.0006365253387376,FALSE,44,4,0,0,66,48,18,0.727272727272727,1
"lasso.cv",100,400,0.33,"TRUE","TRUE","FALSE","18.0988369480051","9.13778750424608","8.96104944375906","5.08","0.205","0.505","1,2,3,4,5,6,7,8,9,14,35,44,48,65,73,77,85,99,106,140,157,158,170,171,182,214,220,230,239,241,252,254,266,279,321,345,348,359,368,374,380,396,400,415,417,421,422,449,460,464,466,481,493,501,504,526,533,534,557,566,590,591,592,593,594,595,596,597,598,612,615",0.000713949928982023,FALSE,51,2,0,0,71,53,18,0.746478873239437,1
"lasso.cv",11,400,0.33,"TRUE","TRUE","FALSE","18.105893887949","9.11068836669279","8.99520552125625","4.872","0.208","0.514","1,2,3,4,5,6,7,8,9,30,71,73,80,81,83,85,86,110,113,123,148,157,162,167,180,230,238,250,255,256,263,288,319,322,327,362,373,402,429,443,451,456,460,462,464,467,477,488,491,498,503,509,514,519,526,530,533,540,547,559,561,563,565,583,590,591,592,593,594,595,596,597,598,601,612,617",0.000496922142457796,FALSE,55,3,0,0,76,58,18,0.763157894736842,1
"lasso.cv",12,400,0.33,"TRUE","TRUE","FALSE","18.1610324721797","9.16343394838533","8.99759852379442","5.159","0.208","0.516","1,2,3,4,5,6,7,8,9,10,12,14,27,43,70,84,115,127,130,144,145,147,154,171,179,184,208,221,222,229,242,245,248,256,264,265,293,296,304,309,320,333,354,360,364,366,374,381,384,394,400,408,419,427,434,438,446,454,456,461,467,483,506,509,533,544,566,572,583,590,591,592,593,594,595,596,597,598,607",0.000610708172830559,FALSE,60,1,0,0,79,61,18,0.772151898734177,1
"lasso.cv",13,400,0.33,"TRUE","TRUE","FALSE","17.3494030297679","9.12971971040417","8.21968331936374","5.504","0.208","0.469","1,2,3,4,5,6,7,8,9,20,22,50,54,59,73,74,77,78,81,84,88,127,140,188,195,201,224,245,249,255,279,335,336,340,342,347,362,379,380,384,390,400,401,403,411,416,417,423,462,470,480,493,534,537,540,545,550,551,553,562,572,581,584,590,591,592,593,594,595,596,597,598,606,614,615",0.000615359434496577,FALSE,54,3,0,0,75,57,18,0.76,1
"lasso.cv",14,400,0.33,"TRUE","TRUE","FALSE","18.1151294518867","9.11479643912577","9.00033301276097","4.854","0.218","0.523","1,2,3,4,5,6,7,8,9,11,14,21,34,55,59,77,93,99,100,102,103,106,110,120,132,139,145,156,157,162,178,188,191,192,198,248,252,254,255,270,285,310,324,338,360,367,384,386,399,400,401,416,435,443,470,487,511,523,528,541,546,551,569,571,573,588,590,591,592,593,594,595,596,597,598,611,614,616,618",0.000694199141885844,FALSE,57,4,0,0,79,61,18,0.772151898734177,1
"lasso.cv",15,400,0.33,"TRUE","TRUE","FALSE","18.0645791548162","9.08851987442815","8.9760592803881","5.032","0.207","0.471","1,2,3,4,5,6,7,8,9,24,29,35,56,72,80,95,116,166,169,173,178,183,201,206,218,239,240,247,254,262,269,275,289,290,304,309,338,339,340,342,344,374,383,421,424,425,445,446,454,457,462,473,481,484,486,503,513,520,526,533,535,537,543,544,549,555,582,584,588,590,591,592,593,594,595,596,597,598,602",0.000655344490536718,FALSE,60,1,0,0,79,61,18,0.772151898734177,1
"lasso.cv",16,400,0.33,"TRUE","TRUE","FALSE","17.9779623672618","9.17382317579497","8.80413919146683","6.031","0.201","0.461","1,2,3,4,5,6,7,8,9,18,36,42,82,103,104,125,152,165,170,171,189,191,192,198,227,229,233,236,240,248,250,254,271,293,327,331,338,357,359,360,366,372,394,415,455,466,483,486,488,494,496,502,512,539,549,553,586,590,591,592,593,594,595,596,597,598,607",0.000532999483562423,FALSE,48,1,0,0,67,49,18,0.73134328358209,1
"lasso.cv",17,400,0.33,"TRUE","TRUE","FALSE","17.522419395718","9.22923388412973","8.29318551158825","6.575","0.223","0.512","1,2,3,4,5,6,7,8,9,12,15,25,60,70,77,87,97,103,122,123,139,161,165,195,201,202,223,224,229,238,250,254,262,288,325,339,343,359,360,367,382,389,408,424,426,428,432,436,449,450,451,456,465,474,488,500,501,507,520,523,549,562,576,578,584,587,588,590,591,592,593,594,595,596,597,598,600",0.000961937712347468,FALSE,58,1,0,0,77,59,18,0.766233766233766,1
"lasso.cv",18,400,0.33,"TRUE","TRUE","FALSE","17.2445301120135","9.23267556867026","8.01185454334325","5.592","0.212","0.486","1,2,3,4,5,6,7,8,9,12,17,20,22,29,35,48,55,57,93,104,107,116,123,139,144,152,166,171,180,183,211,241,245,248,261,267,278,285,286,295,304,330,335,340,394,403,404,408,420,423,426,433,434,440,454,483,486,490,498,504,506,524,547,550,562,566,571,584,588,590,591,592,593,594,595,596,597,598,608",0.00086364867341921,FALSE,60,1,0,0,79,61,18,0.772151898734177,1
"lasso.cv",19,400,0.33,"TRUE","TRUE","FALSE","18.1028176806709","9.09999830047436","9.00281938019652","4.748","0.21","0.477","1,2,3,4,5,6,7,8,9,29,41,65,71,75,82,86,87,117,120,170,179,191,192,208,210,211,234,239,250,255,260,262,276,278,284,291,295,298,301,303,325,347,372,400,421,434,437,443,445,454,467,477,479,492,529,536,546,551,556,584,590,591,592,593,594,595,596,597,598,602,610,612,614,615",0.000670624707212245,FALSE,51,5,0,0,74,56,18,0.756756756756757,1
"lasso.cv",2,400,0.33,"TRUE","TRUE","FALSE","17.4791991922883","9.15296162524958","8.32623756703867","5.572","0.207","0.477","1,2,3,4,5,6,7,8,9,13,16,28,35,77,106,113,123,130,167,168,195,201,203,216,229,230,237,239,241,255,276,286,323,331,372,377,394,420,425,448,470,485,488,504,525,543,549,567,569,572,582,583,590,591,592,593,594,595,596,597,598,602,604",0.00050008947080621,FALSE,43,2,0,0,63,45,18,0.714285714285714,1
"lasso.cv",20,400,0.33,"TRUE","TRUE","FALSE","17.6398670605831","9.11927034529794","8.52059671528514","5.96","0.213","0.478","1,2,3,4,5,6,7,8,9,10,12,14,17,18,28,35,46,73,93,103,112,125,128,140,142,156,171,191,198,206,215,216,223,227,232,251,262,264,271,282,296,307,313,315,333,338,355,361,371,390,393,404,420,429,434,447,454,460,466,496,513,532,541,543,544,549,554,559,572,590,591,592,593,594,595,596,597,598,604",0.000830243744993868,FALSE,60,1,0,0,79,61,18,0.772151898734177,1
"lasso.cv",21,400,0.33,"TRUE","TRUE","FALSE","18.174159211486","9.1728308200462","9.00132839143975","4.922","0.217","0.467","1,2,3,4,5,6,7,8,9,10,27,31,44,49,60,68,74,75,80,82,83,85,95,106,112,127,158,163,208,213,222,226,240,246,248,254,272,276,280,296,327,331,348,440,465,469,496,497,498,499,503,506,508,509,511,516,520,547,564,574,590,591,592,593,594,595,596,597,598,617,618",0.000613138220855377,FALSE,51,2,0,0,71,53,18,0.746478873239437,1
"lasso.cv",22,400,0.33,"TRUE","TRUE","FALSE","18.1199209600601","9.11810759175482","9.00181336830528","4.816","0.211","0.497","1,2,3,4,5,6,7,8,9,24,31,35,49,50,62,63,64,65,68,77,104,105,109,120,132,174,191,221,282,297,312,322,323,329,343,354,357,368,399,402,410,414,424,426,428,432,440,447,449,462,466,472,486,501,504,515,524,550,560,571,574,590,591,592,593,594,595,596,597,598,599,609",0.000678188342204316,FALSE,52,2,0,0,72,54,18,0.75,1
"lasso.cv",23,400,0.33,"TRUE","TRUE","FALSE","18.1537569898628","9.15146613342866","9.00229085643415","4.754","0.212","0.474","1,2,3,4,5,6,7,8,9,39,49,53,58,65,66,81,83,84,104,157,165,171,185,202,208,229,233,246,249,284,293,300,303,308,310,311,323,338,355,362,372,387,401,418,419,443,452,465,469,474,481,484,487,514,529,540,566,582,584,590,591,592,593,594,595,596,597,598,613",0.000693277973703684,FALSE,50,1,0,0,69,51,18,0.739130434782609,1
"lasso.cv",24,400,0.33,"TRUE","TRUE","FALSE","18.1003520163412","9.13098660385353","8.96936541248766","5.377","0.212","0.513","1,2,3,4,5,6,7,8,9,10,20,27,44,64,75,85,102,105,110,125,153,161,169,174,188,192,195,196,198,201,206,215,217,240,244,255,272,276,278,286,290,322,362,365,379,397,400,407,408,420,429,436,443,452,465,476,505,522,524,535,549,554,555,583,589,590,591,592,593,594,595,596,597,598,599,600,606",0.000699206543950469,FALSE,56,3,0,0,77,59,18,0.766233766233766,1
"lasso.cv",25,400,0.33,"TRUE","TRUE","FALSE","17.2071126510656","9.13060002080456","8.07651263026108","5.183","0.2","0.502","1,2,3,4,5,6,7,8,9,35,46,50,55,89,93,128,152,155,158,171,189,192,201,209,213,214,219,237,242,249,260,261,286,298,307,319,334,338,355,391,414,434,443,495,498,543,550,566,581,582,583,590,591,592,593,594,595,596,597,598,605,606,611,612",0.000658340919925479,FALSE,42,4,0,0,64,46,18,0.71875,1
"lasso.cv",26,400,0.33,"TRUE","TRUE","FALSE","18.0938904441434","9.1459323760241","8.94795806811931","5.152","0.218","0.496","1,2,3,4,5,6,7,8,9,22,23,27,36,56,73,82,92,108,112,123,135,171,188,198,201,207,209,222,230,231,240,246,265,270,271,285,292,293,298,307,319,323,329,332,344,359,390,404,410,437,464,466,470,485,498,504,514,518,519,520,537,543,552,557,570,590,591,592,593,594,595,596,597,598,604,615",0.000663402479534445,FALSE,56,2,0,0,76,58,18,0.763157894736842,1
"lasso.cv",27,400,0.33,"TRUE","TRUE","FALSE","17.2343272406943","9.20084326476013","8.03348397593419","5.312","0.213","0.483","1,2,3,4,5,6,7,8,9,11,20,21,33,39,50,61,80,89,96,131,133,135,147,185,190,191,206,209,217,241,252,255,258,264,272,296,302,359,400,401,416,425,426,429,430,434,442,443,465,469,477,485,494,514,517,518,526,528,535,546,547,548,551,583,590,591,592,593,594,595,596,597,598,613,614,618",0.000901329886687901,FALSE,55,3,0,0,76,58,18,0.763157894736842,1
"lasso.cv",28,400,0.33,"TRUE","TRUE","FALSE","17.1477732297271","9.12331698313734","8.0244562465898","5.07","0.209","0.481","1,2,3,4,5,6,7,8,9,14,21,34,37,43,46,47,76,87,93,109,122,135,137,144,157,173,186,188,191,198,202,207,229,232,261,352,357,361,365,372,374,382,386,392,400,403,420,426,427,432,446,449,484,511,513,515,525,535,548,549,550,556,572,590,591,592,593,594,595,596,597,598,610,618",0.000754780988436474,FALSE,54,2,0,0,74,56,18,0.756756756756757,1
"lasso.cv",29,400,0.33,"TRUE","TRUE","FALSE","17.6403402585372","9.62505365771396","8.01528660082326","5.692","0.213","0.498","1,2,3,4,5,6,7,8,9,15,53,58,77,89,90,95,127,136,152,157,160,171,172,191,197,216,217,230,251,252,255,256,265,286,301,307,322,329,349,360,363,382,383,384,401,414,431,451,460,462,481,484,486,492,502,531,553,556,557,561,574,579,587,590,591,592,593,594,595,596,597,598,603,611",0.000799027713960878,FALSE,54,2,0,0,74,56,18,0.756756756756757,1
"lasso.cv",3,400,0.33,"TRUE","TRUE","FALSE","18.0319438248219","9.12349804298507","8.90844578183685","5.371","0.212","0.481","1,2,3,4,5,6,7,8,9,32,50,57,62,71,77,92,93,116,124,137,147,164,166,170,171,173,187,189,204,232,239,240,241,246,248,251,256,280,290,298,311,336,374,395,428,437,477,486,488,501,520,563,572,581,582,583,588,589,590,591,592,593,594,595,596,597,598,608,613",0.000573670802859103,FALSE,49,2,0,0,69,51,18,0.739130434782609,1
"lasso.cv",30,400,0.33,"TRUE","TRUE","FALSE","18.1435519759072","9.14140720119175","9.00214477471546","5.061","0.204","0.454","1,2,3,4,5,6,7,8,9,51,56,58,64,65,69,90,91,116,118,140,165,210,232,250,252,286,289,290,297,306,324,325,338,340,344,365,367,371,382,384,422,432,454,465,466,487,490,500,505,511,515,530,538,543,548,572,574,586,589,590,591,592,593,594,595,596,597,598",0.000539488509932849,FALSE,50,0,0,0,68,50,18,0.735294117647059,1
"lasso.cv",31,400,0.33,"TRUE","TRUE","FALSE","17.5289484056827","9.1797904895294","8.34915791615326","5.752","0.211","0.464","1,2,3,4,5,6,7,8,9,16,18,22,48,52,70,71,75,78,107,166,191,197,215,227,232,239,246,247,255,298,308,313,323,327,328,339,343,356,359,361,365,374,380,421,427,434,440,454,464,467,475,502,504,540,547,578,587,590,591,592,593,594,595,596,597,598,615,616",0.000500140109399078,FALSE,48,2,0,0,68,50,18,0.735294117647059,1
"lasso.cv",32,400,0.33,"TRUE","TRUE","FALSE","18.2400126542374","9.23822661942182","9.00178603481558","5.464","0.209","0.482","1,2,3,4,5,6,7,8,9,31,40,56,64,87,90,96,116,129,131,132,137,139,168,174,199,202,214,217,221,267,276,285,287,299,301,319,329,342,349,361,379,380,390,396,409,417,421,449,456,457,469,476,483,504,514,526,535,537,539,543,557,567,588,590,591,592,593,594,595,596,597,598",0.000636435159388214,FALSE,54,0,0,0,72,54,18,0.75,1
"lasso.cv",33,400,0.33,"TRUE","TRUE","FALSE","17.3653498104467","9.17817278170624","8.18717702874045","5.321","0.222","0.522","1,2,3,4,5,6,7,8,9,16,20,29,46,50,77,79,95,98,103,105,106,136,168,169,171,191,202,216,251,252,265,276,284,286,298,334,349,357,359,362,367,374,414,420,436,442,449,451,463,470,472,483,493,495,496,499,505,512,515,538,550,566,590,591,592,593,594,595,596,597,598",0.000714164143031071,FALSE,53,0,0,0,71,53,18,0.746478873239437,1
"lasso.cv",34,400,0.33,"TRUE","TRUE","FALSE","18.0613918001361","9.10813289704309","8.95325890309304","5.569","0.211","0.497","1,2,3,4,5,6,7,8,9,14,30,41,44,46,47,83,97,106,130,131,165,181,182,184,185,191,199,202,218,222,230,241,244,248,259,264,286,292,296,302,310,329,337,338,347,362,371,397,403,411,416,418,420,426,476,483,497,498,508,511,519,520,539,550,551,561,577,578,583,586,590,591,592,593,594,595,596,597,598,606,614,616",0.000838379210721674,FALSE,61,3,0,0,82,64,18,0.780487804878049,1
"lasso.cv",35,400,0.33,"TRUE","TRUE","FALSE","18.1948754495423","9.19285384175602","9.00202160778625","5.202","0.207","0.45","1,2,3,4,5,6,7,8,9,22,29,50,54,70,74,90,98,99,109,144,149,199,220,236,243,244,248,286,293,296,299,303,352,353,357,359,383,453,454,464,465,466,491,496,505,514,518,556,577,590,591,592,593,594,595,596,597,598,614",0.000572558346373786,FALSE,40,1,0,0,59,41,18,0.694915254237288,1
"lasso.cv",36,400,0.33,"TRUE","TRUE","FALSE","18.1716241525306","9.18849804727174","8.98312610525889","5.101","0.2","0.458","1,2,3,4,5,6,7,8,9,21,27,29,32,35,46,50,73,83,96,101,106,120,130,132,155,169,180,182,201,202,213,224,226,227,235,240,244,263,267,296,322,384,387,400,416,426,428,433,455,457,476,483,484,507,515,528,590,591,592,593,594,595,596,597,598,606,617",0.000683784211652731,FALSE,47,2,0,0,67,49,18,0.73134328358209,1
"lasso.cv",37,400,0.33,"TRUE","TRUE","FALSE","18.0819904107202","9.10174372773263","8.98024668298756","4.833","0.213","0.506","1,2,3,4,5,6,7,8,9,20,21,24,46,61,62,68,72,114,118,129,161,167,169,188,198,220,226,232,233,237,244,247,248,251,263,269,298,308,317,322,324,331,336,348,354,359,367,368,370,393,414,419,423,430,434,438,442,460,468,469,486,499,500,515,530,535,548,553,557,566,571,590,591,592,593,594,595,596,597,598,602,611,618",0.000865165172662881,FALSE,62,3,0,0,83,65,18,0.783132530120482,1
"lasso.cv",38,400,0.33,"TRUE","TRUE","FALSE","17.2469227413497","9.2280770354787","8.01884570587101","6.423","0.218","0.511","1,2,3,4,5,6,7,8,9,27,29,42,51,62,77,83,90,93,95,112,117,120,122,123,131,139,142,156,157,170,176,190,192,195,217,251,266,271,289,306,315,323,327,329,331,336,355,382,384,388,393,406,407,410,416,420,423,428,456,464,466,483,485,490,502,508,515,529,531,540,545,550,562,567,572,590,591,592,593,594,595,596,597,598,606,617",0.000850759743767209,FALSE,66,2,0,0,86,68,18,0.790697674418605,1
"lasso.cv",39,400,0.33,"TRUE","TRUE","FALSE","18.0495677574709","9.2936705792512","8.75589717821966","6.18","0.211","0.504","1,2,3,4,5,6,7,8,9,20,35,45,50,54,77,87,89,121,130,131,136,139,152,163,168,185,187,191,194,198,242,263,266,270,271,289,299,323,336,342,352,353,357,363,390,399,414,420,428,465,480,486,511,525,537,548,555,557,567,571,578,583,584,590,591,592,593,594,595,596,597,598,602,604,612",0.000661999635741373,FALSE,54,3,0,0,75,57,18,0.76,1
"lasso.cv",4,400,0.33,"TRUE","TRUE","FALSE","18.2359837593555","9.23288693822063","9.00309682113486","5.639","0.221","0.506","1,2,3,4,5,6,7,8,9,31,36,49,51,52,53,56,59,61,63,85,93,95,99,103,104,111,121,139,168,169,173,187,247,272,275,280,290,293,317,332,338,340,353,359,366,374,394,403,406,409,418,419,421,434,437,442,443,452,453,469,479,492,501,509,511,516,518,520,548,567,573,590,591,592,593,594,595,596,597,598",0.000963178347897294,FALSE,62,0,0,0,80,62,18,0.775,1
"lasso.cv",40,400,0.33,"TRUE","TRUE","FALSE","18.1176473060534","9.11713579736224","9.00051150869119","4.993","0.203","0.465","1,2,3,4,5,6,7,8,9,13,15,22,46,50,57,68,70,106,123,129,157,185,191,192,198,206,221,240,244,276,278,324,357,366,374,381,392,419,420,429,461,473,476,488,493,508,515,531,532,539,555,557,560,567,590,591,592,593,594,595,596,597,598,599,611",0.000730910107366055,FALSE,45,2,0,0,65,47,18,0.723076923076923,1
"lasso.cv",41,400,0.33,"TRUE","TRUE","FALSE","18.13524005582","9.14345219077162","8.99178786504843","5.103","0.219","0.522","1,2,3,4,5,6,7,8,9,13,14,20,34,45,47,49,50,62,70,75,93,94,96,106,118,137,141,152,169,173,175,191,192,202,216,229,230,232,247,248,255,263,264,309,317,332,336,344,345,351,353,355,357,361,372,383,399,420,429,443,451,452,465,478,484,489,506,511,535,536,545,548,558,584,590,591,592,593,594,595,596,597,598,612,613",0.000843839698891455,FALSE,65,2,0,0,85,67,18,0.788235294117647,1
"lasso.cv",42,400,0.33,"TRUE","TRUE","FALSE","17.2284380535152","9.10760652303882","8.12083153047642","5.371","0.239","0.535","1,2,3,4,5,6,7,8,9,36,39,46,49,58,67,71,75,86,87,92,93,105,120,128,137,169,175,188,190,198,206,226,242,249,272,286,383,396,410,414,437,443,454,477,526,540,560,564,587,590,591,592,593,594,595,596,597,598,604,606,608,609,611",0.000418729077225814,FALSE,40,5,0,0,63,45,18,0.714285714285714,1
"lasso.cv",43,400,0.33,"TRUE","TRUE","FALSE","18.0985904384293","9.11300062764315","8.98558981078619","5.283","0.234","0.513","1,2,3,4,5,6,7,8,9,31,68,71,75,77,88,93,100,123,128,139,156,171,174,175,185,212,215,223,230,245,279,295,301,303,327,345,400,405,435,442,464,476,477,483,486,497,498,504,513,530,545,547,548,551,567,571,587,590,591,592,593,594,595,596,597,598,602",0.00048579784021158,FALSE,48,1,0,0,67,49,18,0.73134328358209,1
"lasso.cv",44,400,0.33,"TRUE","TRUE","FALSE","17.1755997556058","9.13579235038498","8.03980740522087","5.412","0.213","0.502","1,2,3,4,5,6,7,8,9,13,18,25,36,40,42,75,107,108,129,134,144,157,162,178,220,221,227,255,262,265,286,293,300,309,319,327,328,355,359,383,407,420,421,429,432,438,463,466,481,508,519,536,550,555,559,590,591,592,593,594,595,596,597,598,599,603,614,615",0.000769206084860145,FALSE,46,4,0,0,68,50,18,0.735294117647059,1
"lasso.cv",45,400,0.33,"TRUE","TRUE","FALSE","18.0175171692617","9.2138405502432","8.80367661901845","5.914","0.2","0.441","1,2,3,4,5,6,7,8,9,13,18,31,60,73,75,110,117,119,120,123,132,134,156,158,164,169,184,190,202,204,208,256,258,264,265,266,300,304,345,373,381,411,414,426,444,467,488,500,515,520,523,551,566,567,582,588,589,590,591,592,593,594,595,596,597,598,612",0.000806488506210265,FALSE,48,1,0,0,67,49,18,0.73134328358209,1
"lasso.cv",46,400,0.33,"TRUE","TRUE","FALSE","18.1459176933853","9.14244551375237","9.00347217963295","5.106","0.205","0.461","1,2,3,4,5,6,7,8,9,20,29,53,57,68,88,127,132,134,151,152,159,185,195,196,198,208,225,230,248,275,307,308,309,315,324,329,337,339,357,360,399,400,402,416,417,422,426,436,454,471,505,506,509,524,542,551,565,569,590,591,592,593,594,595,596,597,598,613,618",0.000596077400107984,FALSE,49,2,0,0,69,51,18,0.739130434782609,1
"lasso.cv",47,400,0.33,"TRUE","TRUE","FALSE","18.0560342220469","9.16652680279206","8.88950741925481","5.57","0.213","0.519","1,2,3,4,5,6,7,8,9,14,20,26,30,34,40,54,66,79,92,98,99,107,117,123,129,130,135,143,148,149,156,157,162,171,182,190,192,203,212,219,221,227,252,255,258,264,267,284,293,296,298,302,342,350,355,357,372,396,404,420,442,451,458,464,467,484,490,493,550,581,590,591,592,593,594,595,596,597,598,614",0.000828152621001106,FALSE,61,1,0,0,80,62,18,0.775,1
"lasso.cv",48,400,0.33,"TRUE","TRUE","FALSE","18.1556215515945","9.15051059879871","9.00511095279584","5.163","0.201","0.452","1,2,3,4,5,6,7,8,9,20,36,38,46,49,51,53,59,63,77,86,146,152,165,170,192,199,200,206,215,226,232,238,270,272,279,282,303,318,326,334,338,387,408,416,434,443,450,452,461,481,493,506,510,512,546,571,576,590,591,592,593,594,595,596,597,598,600,603,612,617",0.000626486409772183,FALSE,48,4,0,0,70,52,18,0.742857142857143,1
"lasso.cv",49,400,0.33,"TRUE","TRUE","FALSE","17.8283887451839","9.1585697816444","8.66981896353945","5.485","0.204","0.437","1,2,3,4,5,6,7,8,9,20,25,43,49,55,81,99,101,105,118,125,134,139,155,156,164,175,185,192,221,252,254,262,270,279,314,355,367,370,383,384,388,407,414,432,444,449,473,474,483,488,503,525,531,536,537,547,565,584,590,591,592,593,594,595,596,597,598,604",0.00066770614874336,FALSE,49,1,0,0,68,50,18,0.735294117647059,1
"lasso.cv",5,400,0.33,"TRUE","TRUE","FALSE","18.1700147685543","9.16304916488312","9.00696560367114","5.042","0.211","0.464","1,2,3,4,5,6,7,8,9,14,23,31,42,46,61,74,81,97,99,100,118,119,130,132,171,173,188,193,203,209,212,213,214,229,264,267,271,274,302,308,319,331,342,357,367,380,383,439,447,451,472,501,527,537,553,564,578,581,583,590,591,592,593,594,595,596,597,598,618",0.000681748435817306,FALSE,50,1,0,0,69,51,18,0.739130434782609,1
"lasso.cv",50,400,0.33,"TRUE","TRUE","FALSE","17.2778710856957","9.13498985904091","8.14288122665478","5.239","0.203","0.447","1,2,3,4,5,6,7,8,9,14,21,27,39,43,50,68,80,85,93,106,113,114,127,132,152,157,161,191,230,250,264,280,290,344,357,372,384,395,402,421,443,447,464,468,502,503,511,535,552,583,584,587,590,591,592,593,594,595,596,597,598,608,615",0.000486119034816441,FALSE,43,2,0,0,63,45,18,0.714285714285714,1
"lasso.cv",51,400,0.33,"TRUE","TRUE","FALSE","18.1277780317462","9.11635647428155","9.01142155746465","5.515","0.377","0.587","1,2,3,4,5,6,7,8,9,18,23,52,64,71,74,77,80,81,85,103,107,113,127,129,139,142,146,152,161,191,209,222,248,250,278,291,294,305,315,331,347,348,351,358,359,361,366,396,401,421,428,431,449,455,464,513,535,540,560,572,590,591,592,593,594,595,596,597,598,602,605,609,616",0.000677139409297927,FALSE,51,4,0,0,73,55,18,0.753424657534247,1
"lasso.cv",52,400,0.33,"TRUE","TRUE","FALSE","18.1208429682727","9.10939579615799","9.01144717211466","5.368","0.217","0.502","1,2,3,4,5,6,7,8,9,14,16,20,28,31,33,39,43,49,71,81,107,111,123,128,129,142,143,145,152,158,168,173,181,195,213,240,270,276,277,286,291,319,327,340,343,344,356,361,362,365,367,368,391,406,415,423,449,487,488,519,530,537,548,554,564,568,580,583,588,590,591,592,593,594,595,596,597,598,600,602,603,608,611",0.000740102049077302,FALSE,60,5,0,0,83,65,18,0.783132530120482,1
"lasso.cv",53,400,0.33,"TRUE","TRUE","FALSE","17.3824964998153","9.21810213848724","8.16439436132808","5.629","0.211","0.479","1,2,3,4,5,6,7,8,9,12,19,20,21,28,48,56,59,67,80,83,96,101,113,123,155,187,197,233,239,241,244,247,248,258,278,285,289,293,296,298,338,352,355,359,362,420,427,436,441,450,452,455,457,458,465,486,501,507,518,549,560,566,569,573,590,591,592,593,594,595,596,597,598,607",0.00061613373536808,FALSE,55,1,0,0,74,56,18,0.756756756756757,1
"lasso.cv",54,400,0.33,"TRUE","TRUE","FALSE","18.0864120158831","9.16427264798934","8.92213936789376","5.448","0.194","0.451","1,2,3,4,5,6,7,8,9,22,29,36,49,86,93,94,103,104,109,116,139,149,150,168,171,182,192,202,206,220,243,246,259,275,285,323,361,391,395,401,416,420,429,434,447,465,483,497,502,554,569,590,591,592,593,594,595,596,597,598",0.000503947650443354,FALSE,42,0,0,0,60,42,18,0.7,1
"lasso.cv",55,400,0.33,"TRUE","TRUE","FALSE","18.1513887539237","9.15078010071973","9.00060865320395","5.079","0.207","0.451","1,2,3,4,5,6,7,8,9,20,35,40,49,58,81,132,142,164,166,171,176,180,182,206,221,233,244,252,275,282,288,291,295,302,331,335,357,411,413,416,420,421,475,477,485,486,497,501,502,534,555,560,578,590,591,592,593,594,595,596,597,598,612",0.000475203410454767,FALSE,44,1,0,0,63,45,18,0.714285714285714,1
"lasso.cv",56,400,0.33,"TRUE","TRUE","FALSE","18.0828669705868","9.11038491577895","8.97248205480786","4.93","0.22","0.495","1,2,3,4,5,6,7,8,9,18,20,21,26,34,36,42,50,61,73,75,83,99,100,105,113,122,127,128,133,139,158,162,169,201,241,264,273,284,286,295,299,320,331,344,345,352,361,383,392,394,401,411,423,427,430,438,449,451,480,506,548,572,590,591,592,593,594,595,596,597,598,608,610,612,618",0.000511164449743796,FALSE,53,4,0,0,75,57,18,0.76,1
"lasso.cv",57,400,0.33,"TRUE","TRUE","FALSE","17.4138964593864","9.13481888316198","8.27907757622439","5.533","0.214","0.505","1,2,3,4,5,6,7,8,9,29,46,50,54,111,112,123,127,152,157,159,220,229,237,246,252,267,300,320,327,331,332,337,366,385,411,418,420,424,437,446,450,456,460,468,483,487,512,515,525,538,562,578,590,591,592,593,594,595,596,597,598,609,618",0.000520569779463136,FALSE,43,2,0,0,63,45,18,0.714285714285714,1
"lasso.cv",58,400,0.33,"TRUE","TRUE","FALSE","18.1276404007251","9.12481361789586","9.00282678282923","4.828","0.206","0.46","1,2,3,4,5,6,7,8,9,29,31,36,53,57,83,112,115,131,140,143,149,152,157,165,171,176,180,196,203,211,213,217,240,244,246,248,255,256,273,333,359,364,374,399,411,423,437,443,465,466,477,481,486,488,498,500,501,520,544,548,554,576,577,587,590,591,592,593,594,595,596,597,598,614,618",0.000702657191595473,FALSE,55,2,0,0,75,57,18,0.76,1
"lasso.cv",59,400,0.33,"TRUE","TRUE","FALSE","18.2273516695455","9.22449736466011","9.00285430488541","5.321","0.209","0.484","1,2,3,4,5,6,7,8,9,35,46,52,62,67,73,87,91,108,113,114,147,158,197,202,215,223,227,246,250,271,272,276,289,295,337,344,345,349,360,361,376,398,400,411,443,449,453,456,463,470,487,496,530,531,539,548,553,571,574,583,590,591,592,593,594,595,596,597,598,615,618",0.000593379932621564,FALSE,51,2,0,0,71,53,18,0.746478873239437,1
"lasso.cv",6,400,0.33,"TRUE","TRUE","FALSE","18.058099132029","9.20476886460261","8.85333026742635","5.854","0.212","0.484","1,2,3,4,5,6,7,8,9,11,12,14,18,29,46,64,69,72,89,101,103,106,109,119,122,123,128,132,144,160,175,187,191,259,265,285,301,306,329,336,341,346,359,361,362,364,365,376,380,383,388,391,408,409,416,434,439,475,515,529,542,560,565,571,582,586,588,590,591,592,593,594,595,596,597,598,612,615",0.000597510619576284,FALSE,58,2,0,0,78,60,18,0.769230769230769,1
"lasso.cv",60,400,0.33,"TRUE","TRUE","FALSE","18.0901322569256","9.14375551393098","8.94637674299465","5.22","0.203","0.448","1,2,3,4,5,6,7,8,9,14,23,24,25,55,101,112,123,137,140,152,171,192,195,196,221,241,286,296,299,305,308,320,321,327,331,367,387,414,416,420,434,459,466,481,486,495,513,533,534,543,553,563,590,591,592,593,594,595,596,597,598,606,609,611",0.000457881128188279,FALSE,43,3,0,0,64,46,18,0.71875,1
"lasso.cv",61,400,0.33,"TRUE","TRUE","FALSE","17.1016898364185","9.03633317567104","8.06535666074742","5.771","0.219","0.49","1,2,3,4,5,6,7,8,9,12,15,29,51,55,70,81,96,101,110,119,122,125,134,146,147,149,157,207,217,236,241,244,250,284,286,288,336,338,361,364,390,396,398,401,407,426,463,466,475,493,497,501,515,523,537,562,573,583,584,589,590,591,592,593,594,595,596,597,598",0.000727185622710363,FALSE,51,0,0,0,69,51,18,0.739130434782609,1
"lasso.cv",62,400,0.33,"TRUE","TRUE","FALSE","17.6890706017783","9.16504194205107","8.52402865972727","5.772","0.2","0.46","1,2,3,4,5,6,7,8,9,21,31,66,70,96,103,108,127,142,166,171,175,185,201,202,234,242,244,246,250,254,260,290,299,309,314,362,370,387,401,408,421,426,432,480,491,514,555,567,581,589,590,591,592,593,594,595,596,597,598",0.000616658350056735,FALSE,41,0,0,0,59,41,18,0.694915254237288,1
"lasso.cv",63,400,0.33,"TRUE","TRUE","FALSE","18.1262582279575","9.12657996805498","8.99967825990251","4.89","0.207","0.469","1,2,3,4,5,6,7,8,9,13,22,26,32,43,48,86,93,104,120,139,159,166,171,182,203,216,246,255,280,288,289,319,321,322,329,344,355,367,383,402,420,423,440,449,451,466,494,511,514,533,537,539,562,571,579,583,590,591,592,593,594,595,596,597,598,606,609,618",0.000668236352383901,FALSE,47,3,0,0,68,50,18,0.735294117647059,1
"lasso.cv",64,400,0.33,"TRUE","TRUE","FALSE","17.7583382360091","8.93047928308909","8.82785895291997","5.949","0.215","0.501","1,2,3,4,5,6,7,8,9,14,16,19,29,35,45,46,47,52,73,104,116,120,128,130,133,144,149,157,166,171,192,202,246,290,293,303,307,329,340,383,387,394,414,419,428,436,442,445,465,479,492,508,514,531,550,555,559,573,590,591,592,593,594,595,596,597,598",0.000595445619197266,FALSE,49,0,0,0,67,49,18,0.73134328358209,1
"lasso.cv",65,400,0.33,"TRUE","TRUE","FALSE","18.1027456004347","9.12791849758623","8.97482710284851","5.044","0.204","0.462","1,2,3,4,5,6,7,8,9,10,30,35,50,83,94,103,110,115,123,129,147,148,158,159,167,178,236,249,250,279,281,288,290,295,301,327,347,362,398,399,401,408,416,425,433,440,454,467,480,488,489,496,501,506,511,528,563,566,590,591,592,593,594,595,596,597,598",0.00051645854327989,FALSE,49,0,0,0,67,49,18,0.73134328358209,1
"lasso.cv",66,400,0.33,"TRUE","TRUE","FALSE","18.1280362728111","9.12706951706283","9.00096675574822","4.79","0.209","0.492","1,2,3,4,5,6,7,8,9,18,27,28,31,46,74,77,81,116,120,121,128,132,139,157,167,168,181,185,202,227,234,241,243,293,320,334,358,360,371,385,414,423,437,455,463,481,496,498,513,524,529,543,548,560,572,584,588,590,591,592,593,594,595,596,597,598",0.000638580965589802,FALSE,48,0,0,0,66,48,18,0.727272727272727,1
"lasso.cv",67,400,0.33,"TRUE","TRUE","FALSE","18.1781878040862","9.17524474811675","9.00294305596947","5.211","0.22","0.554","1,2,3,4,5,6,7,8,9,11,40,55,61,68,77,79,92,94,98,103,109,123,132,135,144,152,159,162,164,169,171,174,177,192,199,207,229,230,237,249,276,286,302,319,325,329,339,347,350,353,400,402,416,430,432,443,445,446,465,467,470,474,491,499,511,529,548,567,573,582,583,588,590,591,592,593,594,595,596,597,598,611,618",0.000794103826496749,FALSE,63,2,0,0,83,65,18,0.783132530120482,1
"lasso.cv",68,400,0.33,"TRUE","TRUE","FALSE","18.0619072767769","9.14584619752761","8.91606107924924","5.135","0.211","0.468","1,2,3,4,5,6,7,8,9,16,29,31,32,35,38,42,44,45,46,49,77,78,83,107,113,123,129,138,151,208,211,221,230,239,254,267,277,280,284,286,298,308,327,331,357,366,403,424,425,443,445,447,449,466,505,507,517,525,543,551,564,566,583,589,590,591,592,593,594,595,596,597,598,616",0.000510045735293382,FALSE,55,1,0,0,74,56,18,0.756756756756757,1
"lasso.cv",69,400,0.33,"TRUE","TRUE","FALSE","17.8429070120055","9.12629608463765","8.71661092736781","5.67","0.222","0.523","1,2,3,4,5,6,7,8,9,14,20,22,30,31,42,45,46,50,59,72,82,107,112,125,130,161,165,177,178,183,189,201,206,213,220,223,230,272,278,282,286,296,314,318,333,364,388,411,414,430,437,440,447,477,480,485,488,490,498,511,526,529,539,554,570,577,590,591,592,593,594,595,596,597,598,599",0.000849015587642015,FALSE,57,1,0,0,76,58,18,0.763157894736842,1
"lasso.cv",7,400,0.33,"TRUE","TRUE","FALSE","18.2921069143431","9.28557657399585","9.00653034034723","5.748","0.221","0.55","1,2,3,4,5,6,7,8,9,24,25,46,49,50,64,65,75,82,102,103,129,154,166,168,171,181,195,230,234,236,239,240,241,250,253,258,265,278,308,319,320,327,336,343,348,354,362,372,378,379,384,388,420,421,424,434,438,481,486,492,496,499,524,537,540,547,550,553,558,567,572,583,590,591,592,593,594,595,596,597,598",0.000940171669820096,FALSE,63,0,0,0,81,63,18,0.777777777777778,1
"lasso.cv",70,400,0.33,"TRUE","TRUE","FALSE","18.1259576340825","9.13879827650013","8.98715935758239","5.292","0.232","0.49","1,2,3,4,5,6,7,8,9,35,54,59,61,68,83,87,118,135,140,152,157,178,191,198,232,239,246,252,275,285,286,289,291,296,302,304,315,317,329,335,340,375,398,413,439,447,448,460,466,472,476,479,488,495,513,519,520,525,528,542,548,590,591,592,593,594,595,596,597,598,604",0.00089795469865343,FALSE,52,1,0,0,71,53,18,0.746478873239437,1
"lasso.cv",71,400,0.33,"TRUE","TRUE","FALSE","18.1132436805058","9.12397711919777","8.989266561308","5.072","0.211","0.497","1,2,3,4,5,6,7,8,9,28,34,46,54,58,59,63,75,77,93,104,112,129,139,146,158,169,192,198,211,220,228,246,281,290,311,324,337,363,364,365,384,390,403,404,419,434,443,462,475,496,531,542,563,590,591,592,593,594,595,596,597,598,611,615",0.000737570037193718,FALSE,44,2,0,0,64,46,18,0.71875,1
"lasso.cv",72,400,0.33,"TRUE","TRUE","FALSE","18.1452615063859","9.13898295717136","9.00627854921457","5.158","0.209","0.489","1,2,3,4,5,6,7,8,9,13,16,28,31,68,78,80,99,106,120,127,128,131,138,144,148,152,165,171,204,206,210,216,230,254,281,357,361,367,383,406,408,409,421,424,427,428,429,437,456,463,465,486,491,499,526,542,543,549,566,573,590,591,592,593,594,595,596,597,598,599,611,612,617",0.00051413020207705,FALSE,51,4,0,0,73,55,18,0.753424657534247,1
"lasso.cv",73,400,0.33,"TRUE","TRUE","FALSE","18.1085671721594","9.1568247566674","8.95174241549199","5.356","0.202","0.509","1,2,3,4,5,6,7,8,9,14,20,23,30,60,71,78,93,101,103,118,123,157,160,195,198,201,204,221,248,262,265,303,315,319,324,342,343,346,366,376,407,408,410,421,435,438,449,476,499,552,562,565,567,582,583,590,591,592,593,594,595,596,597,598,603,604,614,618",0.000828957143632878,FALSE,46,4,0,0,68,50,18,0.735294117647059,1
"lasso.cv",74,400,0.33,"TRUE","TRUE","FALSE","17.7094528337467","9.11424223224045","8.59521060150625","5.735","0.204","0.465","1,2,3,4,5,6,7,8,9,11,21,26,39,46,50,53,81,107,128,133,134,171,192,202,206,214,218,242,254,279,288,307,309,323,342,344,357,359,389,395,399,400,406,411,416,426,432,435,436,440,451,487,494,507,511,513,540,560,572,574,580,590,591,592,593,594,595,596,597,598,617",0.000667921357909094,FALSE,52,1,0,0,71,53,18,0.746478873239437,1
"lasso.cv",75,400,0.33,"TRUE","TRUE","FALSE","18.1058088202442","9.12325255525068","8.98255626499349","4.79","0.204","0.476","1,2,3,4,5,6,7,8,9,13,27,36,57,61,71,72,75,109,125,127,154,171,173,191,199,206,208,211,248,265,272,279,290,291,293,305,312,325,326,327,340,345,359,373,388,394,402,408,417,429,443,446,447,449,450,452,468,483,485,500,524,531,547,549,567,572,590,591,592,593,594,595,596,597,598,602,607",0.000548746368718326,FALSE,57,2,0,0,77,59,18,0.766233766233766,1
"lasso.cv",76,400,0.33,"TRUE","TRUE","FALSE","17.1708928471068","9.16175123493432","8.00914161217249","5.048","0.21","0.508","1,2,3,4,5,6,7,8,9,13,24,28,47,49,50,95,103,116,123,125,128,154,159,165,175,177,187,191,194,208,211,212,216,218,248,250,265,279,281,285,336,340,350,352,360,366,371,374,378,390,393,403,412,419,454,463,472,481,483,487,496,497,510,511,533,539,550,551,580,590,591,592,593,594,595,596,597,598,602,609,612,618",0.000828462042643902,FALSE,60,4,0,0,82,64,18,0.780487804878049,1
"lasso.cv",77,400,0.33,"TRUE","TRUE","FALSE","18.1244395510881","9.12220306356656","9.00223648752154","5.091","0.219","0.528","1,2,3,4,5,6,7,8,9,14,18,23,35,48,77,83,87,103,121,122,136,139,140,148,149,180,191,192,240,265,269,270,271,286,293,295,309,321,339,347,350,356,365,376,380,395,403,419,424,436,438,470,471,483,484,498,499,512,515,530,539,549,552,562,573,581,582,590,591,592,593,594,595,596,597,598,599,604,617",0.000817653088045022,FALSE,58,3,0,0,79,61,18,0.772151898734177,1
"lasso.cv",78,400,0.33,"TRUE","TRUE","FALSE","18.2258321530854","9.2233526128093","9.00247954027611","5.116","0.21","0.497","1,2,3,4,5,6,7,8,9,13,16,21,39,57,69,82,114,121,128,152,154,157,158,160,168,171,173,178,190,196,201,212,234,244,254,265,304,319,323,344,396,401,424,429,430,432,436,437,450,454,468,487,493,503,524,535,537,539,540,550,557,565,572,580,590,591,592,593,594,595,596,597,598,602,606,607,614,618",0.000734767067741337,FALSE,55,5,0,0,78,60,18,0.769230769230769,1
"lasso.cv",79,400,0.33,"TRUE","TRUE","FALSE","17.9949706036523","9.38011060576974","8.6148599978826","6.348","0.212","0.493","1,2,3,4,5,6,7,8,9,10,18,42,45,55,61,75,88,125,130,152,157,181,191,197,223,225,246,249,270,284,296,304,325,344,345,347,359,364,366,404,415,419,423,429,440,449,467,474,477,483,485,486,496,507,514,530,543,550,551,554,574,578,590,591,592,593,594,595,596,597,598,607,612,614",0.000713582864453834,FALSE,53,3,0,0,74,56,18,0.756756756756757,1
"lasso.cv",8,400,0.33,"TRUE","TRUE","FALSE","18.1625433021107","9.16006246573273","9.00248083637795","4.921","0.212","0.496","1,2,3,4,5,6,7,8,9,23,34,36,46,47,48,77,82,86,93,102,104,105,123,135,136,137,163,164,188,192,198,200,206,218,227,232,256,329,330,372,392,401,420,424,427,467,475,484,505,515,523,529,531,536,546,560,576,583,590,591,592,593,594,595,596,597,598,612",0.000686628356611082,FALSE,49,1,0,0,68,50,18,0.735294117647059,1
"lasso.cv",80,400,0.33,"TRUE","TRUE","FALSE","18.1853954793847","9.26821146569724","8.91718401368747","5.682","0.209","0.429","1,2,3,4,5,6,7,8,9,10,29,36,72,73,77,84,90,96,117,123,127,129,140,148,152,163,177,197,202,208,220,230,245,276,280,289,307,334,340,342,360,367,372,380,400,409,414,424,426,434,451,476,482,488,516,523,539,574,587,590,591,592,593,594,595,596,597,598,611,615",0.000585249378999688,FALSE,50,2,0,0,70,52,18,0.742857142857143,1
"lasso.cv",81,400,0.33,"TRUE","TRUE","FALSE","18.1329724832345","9.12834153102807","9.0046309522064","5.032","0.216","0.517","1,2,3,4,5,6,7,8,9,46,53,59,68,90,91,99,115,120,127,132,152,157,158,164,169,174,188,208,213,214,215,227,230,244,246,308,339,357,364,369,396,398,400,410,414,416,425,427,428,434,437,440,443,458,466,476,480,482,483,488,492,498,545,564,578,587,590,591,592,593,594,595,596,597,598,606,611,612,614,618",0.000766052601580931,FALSE,57,5,0,0,80,62,18,0.775,1
"lasso.cv",82,400,0.33,"TRUE","TRUE","FALSE","17.8667123855515","9.1804468100007","8.68626557555082","6.29","0.223","0.55","1,2,3,4,5,6,7,8,9,11,16,21,47,56,58,74,88,91,104,120,125,153,171,174,178,179,191,202,216,218,235,259,265,282,306,341,357,374,380,400,408,419,423,425,431,457,479,486,487,491,492,494,505,512,518,519,530,537,539,548,550,583,587,590,591,592,593,594,595,596,597,598,602,611,613,618",0.00080838829065446,FALSE,54,4,0,0,76,58,18,0.763157894736842,1
"lasso.cv",83,400,0.33,"TRUE","TRUE","FALSE","17.5836524209627","9.18985172046876","8.39380070049391","6.119","0.222","0.542","1,2,3,4,5,6,7,8,9,39,44,50,63,71,77,112,131,132,139,144,157,171,180,224,241,248,260,265,272,295,304,311,352,380,383,388,408,411,414,421,423,427,451,465,466,467,481,483,494,496,499,500,503,519,560,572,583,590,591,592,593,594,595,596,597,598,599,600,609,613,617,618",0.00064048639454828,FALSE,48,6,0,0,72,54,18,0.75,1
"lasso.cv",84,400,0.33,"TRUE","TRUE","FALSE","18.3515615851713","9.34717739756536","9.00438418760597","5.63","0.201","0.496","1,2,3,4,5,6,7,8,9,13,16,49,59,61,73,77,125,137,159,175,191,197,198,202,206,208,254,272,279,304,357,366,382,400,401,404,408,418,420,427,432,434,436,443,452,462,465,487,490,493,497,504,512,540,542,547,555,582,590,591,592,593,594,595,596,597,598",0.000624571135773461,FALSE,49,0,0,0,67,49,18,0.73134328358209,1
"lasso.cv",85,400,0.33,"TRUE","TRUE","FALSE","18.1555261451242","9.1521811101205","9.00334503500369","5.615","0.213","0.476","1,2,3,4,5,6,7,8,9,58,77,84,86,87,90,113,118,120,125,142,149,172,239,265,286,293,298,306,307,322,331,332,364,393,400,411,423,449,483,498,503,509,515,519,525,535,537,543,553,580,581,585,590,591,592,593,594,595,596,597,598,612,615",0.000562255811543051,FALSE,43,2,0,0,63,45,18,0.714285714285714,1
"lasso.cv",86,400,0.33,"TRUE","TRUE","FALSE","18.1273380363559","9.12226229757053","9.00507573878536","5.066","0.217","0.493","1,2,3,4,5,6,7,8,9,34,36,39,66,72,84,99,109,128,138,144,167,191,208,223,233,246,251,254,267,280,286,298,304,329,384,399,407,408,416,420,421,426,427,428,468,475,483,492,513,519,520,522,535,543,549,553,557,562,590,591,592,593,594,595,596,597,598,606",0.000654316645026029,FALSE,49,1,0,0,68,50,18,0.735294117647059,1
"lasso.cv",87,400,0.33,"TRUE","TRUE","FALSE","17.6954313435352","9.16073670781473","8.53469463572051","5.695","0.209","0.465","1,2,3,4,5,6,7,8,9,70,77,91,111,113,116,147,148,160,161,168,170,187,209,231,236,240,246,272,296,310,322,323,327,334,364,366,380,404,406,414,416,418,419,432,440,447,469,470,480,482,488,550,562,582,590,591,592,593,594,595,596,597,598,608,610",0.000505692950259103,FALSE,45,2,0,0,65,47,18,0.723076923076923,1
"lasso.cv",88,400,0.33,"TRUE","TRUE","FALSE","17.7781821684881","8.8498927699857","8.92828939850236","5.628","0.207","0.487","1,2,3,4,5,6,7,8,9,23,31,32,35,57,75,81,92,93,104,123,130,144,151,158,167,171,177,183,186,198,201,213,216,220,248,262,274,279,298,305,319,332,334,338,355,357,359,360,377,394,399,408,418,435,443,463,478,487,492,508,547,548,590,591,592,593,594,595,596,597,598",0.0005098359280168,FALSE,53,0,0,0,71,53,18,0.746478873239437,1
"lasso.cv",89,400,0.33,"TRUE","TRUE","FALSE","18.250169193051","9.30274342659562","8.94742576645534","5.647","0.194","0.453","1,2,3,4,5,6,7,8,9,16,39,58,90,115,116,154,155,165,168,174,175,177,180,192,233,241,280,286,296,311,315,327,362,371,429,434,443,451,492,496,503,520,551,567,572,576,590,591,592,593,594,595,596,597,598",0.000333966148047874,FALSE,37,0,0,0,55,37,18,0.672727272727273,1
"lasso.cv",9,400,0.33,"TRUE","TRUE","FALSE","18.1771325954254","9.17434271488989","9.0027898805355","5.113","0.202","0.487","1,2,3,4,5,6,7,8,9,15,28,88,99,103,113,119,125,132,157,170,171,173,182,206,208,236,239,244,249,252,254,256,266,280,288,298,303,363,367,385,392,404,411,434,439,440,443,463,493,500,520,525,529,536,550,551,553,580,590,591,592,593,594,595,596,597,598",0.000584629602466534,FALSE,49,0,0,0,67,49,18,0.73134328358209,1
"lasso.cv",90,400,0.33,"TRUE","TRUE","FALSE","18.1286115572143","9.13653253213746","8.9920790250768","5.141","0.205","0.494","1,2,3,4,5,6,7,8,9,14,15,18,30,35,50,63,71,85,112,122,128,137,150,168,183,188,191,220,221,227,243,262,265,270,314,315,326,353,374,399,411,425,433,435,455,460,464,469,473,475,477,494,496,500,506,507,525,530,537,572,590,591,592,593,594,595,596,597,598,606,618",0.000532914517616918,FALSE,51,2,0,0,71,53,18,0.746478873239437,1
"lasso.cv",91,400,0.33,"TRUE","TRUE","FALSE","17.7008790935176","9.28596226295381","8.41491683056383","6.476","0.212","0.504","1,2,3,4,5,6,7,8,9,17,22,29,36,66,70,101,106,123,125,131,157,168,177,195,206,214,216,221,237,245,262,275,305,311,362,387,389,392,416,417,426,427,440,441,455,472,476,480,481,495,504,505,511,530,535,545,579,590,591,592,593,594,595,596,597,598,607,610,615",0.000740425293611215,FALSE,48,3,0,0,69,51,18,0.739130434782609,1
"lasso.cv",92,400,0.33,"TRUE","TRUE","FALSE","18.1004080009791","9.17468729360629","8.92572070737279","6.262","0.243","0.545","1,2,3,4,5,6,7,8,9,21,72,75,101,106,107,116,117,169,171,200,212,215,216,228,235,248,249,258,260,264,271,285,286,294,309,313,320,338,340,350,352,366,374,378,388,408,414,434,445,448,465,474,479,496,500,503,506,508,512,519,551,570,576,583,590,591,592,593,594,595,596,597,598,612",0.00057889620823692,FALSE,55,1,0,0,74,56,18,0.756756756756757,1
"lasso.cv",93,400,0.33,"TRUE","TRUE","FALSE","17.9218672679005","9.14448516935555","8.77738209854494","6.257","0.217","0.512","1,2,3,4,5,6,7,8,9,15,28,35,49,50,61,64,93,94,97,117,123,130,140,154,157,162,174,195,202,246,254,255,272,275,285,287,289,290,297,301,329,332,340,352,353,360,368,400,416,424,426,470,472,527,532,562,565,566,578,588,590,591,592,593,594,595,596,597,598",0.000824010314278669,FALSE,51,0,0,0,69,51,18,0.739130434782609,1
"lasso.cv",94,400,0.33,"TRUE","TRUE","FALSE","18.3396560317027","9.28135341887509","9.05830261282766","6.185","0.319","0.434","1,2,3,4,5,6,7,8,9,50,70,73,118,123,127,142,153,167,220,226,235,237,289,296,299,302,304,309,313,323,348,357,383,393,410,420,421,426,446,449,456,465,473,477,485,488,519,530,533,541,543,551,559,563,590,591,592,593,594,595,596,597,598,600,608",0.000512494212502647,FALSE,45,2,0,0,65,47,18,0.723076923076923,1
"lasso.cv",95,400,0.33,"TRUE","TRUE","FALSE","17.7001410851328","9.22676817226429","8.47337291286856","5.981","0.211","0.465","1,2,3,4,5,6,7,8,9,20,25,39,46,58,68,77,88,95,103,128,157,168,191,201,202,205,230,242,250,295,304,312,339,340,361,379,415,437,443,474,477,503,507,512,521,525,527,536,540,550,571,578,579,580,590,591,592,593,594,595,596,597,598,600,617",0.000787836547600141,FALSE,45,2,0,0,65,47,18,0.723076923076923,1
"lasso.cv",96,400,0.33,"TRUE","TRUE","FALSE","17.7341103179979","9.1355175585467","8.59859275945116","5.632","0.207","0.465","1,2,3,4,5,6,7,8,9,10,14,15,18,26,29,30,34,42,46,59,64,75,77,79,81,93,97,103,108,127,148,166,174,244,278,284,286,298,324,325,328,342,347,406,440,453,457,460,465,493,495,503,509,536,538,554,564,571,590,591,592,593,594,595,596,597,598,604,612,618",0.00066986133096489,FALSE,49,3,0,0,70,52,18,0.742857142857143,1
"lasso.cv",97,400,0.33,"TRUE","TRUE","FALSE","18.0348326633964","9.12830374699154","8.90652891640481","5.069","0.2","0.476","1,2,3,4,5,6,7,8,9,14,15,31,55,62,70,87,92,95,106,130,148,165,169,173,182,187,202,215,220,246,250,260,266,281,330,358,362,367,374,390,399,400,404,410,414,421,423,425,440,443,475,486,517,549,555,556,587,590,591,592,593,594,595,596,597,598,603,614",0.000811229347753912,FALSE,48,2,0,0,68,50,18,0.735294117647059,1
"lasso.cv",98,400,0.33,"TRUE","TRUE","FALSE","18.1104916589397","9.1058396685595","9.00465199038018","5.255","0.216","0.5","1,2,3,4,5,6,7,8,9,30,46,62,75,77,90,95,101,104,130,131,139,153,157,161,168,174,178,216,248,265,276,290,329,344,353,361,365,372,391,397,398,426,433,442,458,480,486,496,506,513,535,543,558,565,578,590,591,592,593,594,595,596,597,598,607,611,614",0.000795083413481849,FALSE,46,3,0,0,67,49,18,0.73134328358209,1
"lasso.cv",99,400,0.33,"TRUE","TRUE","FALSE","17.5658567329066","9.18181093656959","8.38404579633701","5.975","0.217","0.498","1,2,3,4,5,6,7,8,9,54,55,60,78,79,95,101,106,108,120,125,141,144,152,155,158,170,171,191,201,206,218,219,228,245,258,263,281,298,303,308,353,354,374,391,408,411,426,427,441,446,454,456,462,487,505,517,526,528,544,550,583,587,590,591,592,593,594,595,596,597,598,601,605,607,609,616",0.000832386801393082,FALSE,53,5,0,0,76,58,18,0.763157894736842,1
"S.A",1,400,0.33,"TRUE","TRUE","FALSE","17.7291117916483","9.13764134008776","8.59147045156057","6.176","0.206","0.483","1,2,3,4,5,6,7,8,9,590,591,592,593,594,595,596,597,598",0.000246042447015746,TRUE,0,0,0,0,18,0,18,0,1
"S.A",10,400,0.33,"TRUE","TRUE","FALSE","17.2374723393573","9.10169035715835","8.13578198219898","4.985","0.206","0.482","1,2,3,4,5,6,7,8,9,591,592,593,594,595,596,597,598",0.000314005348618315,FALSE,0,0,0,1,17,0,17,0,0.944444444444444
"S.A",100,400,0.33,"TRUE","TRUE","FALSE","18.0988369480051","9.13778750424608","8.96104944375906","5.08","0.205","0.505","1,2,3,4,5,6,7,8,9,590,591,592,593,594,595,596,597,598",9.69337769435666e-05,TRUE,0,0,0,0,18,0,18,0,1
"S.A",11,400,0.33,"TRUE","TRUE","FALSE","18.105893887949","9.11068836669279","8.99520552125625","4.872","0.208","0.514","1,2,3,4,5,6,7,8,9,590,591,592,593,594,595,596,597,598",4.53381772137753e-05,TRUE,0,0,0,0,18,0,18,0,1
"S.A",12,400,0.33,"TRUE","TRUE","FALSE","18.1610324721797","9.16343394838533","8.99759852379442","5.159","0.208","0.516","1,2,3,4,5,6,7,8,9,590,591,592,593,594,595,596,597,598",0.000111607758580441,TRUE,0,0,0,0,18,0,18,0,1
"S.A",13,400,0.33,"TRUE","TRUE","FALSE","17.3494030297679","9.12971971040417","8.21968331936374","5.504","0.208","0.469","1,2,3,4,5,6,7,8,9,591,592,593,594,595,596,597,598",0.000354286607844526,FALSE,0,0,0,1,17,0,17,0,0.944444444444444
"S.A",14,400,0.33,"TRUE","TRUE","FALSE","18.1151294518867","9.11479643912577","9.00033301276097","4.854","0.218","0.523","1,2,3,4,5,6,7,8,9,590,591,592,593,594,595,596,597,598",0.000166254937875077,TRUE,0,0,0,0,18,0,18,0,1
"S.A",15,400,0.33,"TRUE","TRUE","FALSE","18.0645791548162","9.08851987442815","8.9760592803881","5.032","0.207","0.471","1,2,3,4,5,6,7,8,9,590,591,592,593,594,595,596,597,598",0.000184023701163684,TRUE,0,0,0,0,18,0,18,0,1
"S.A",16,400,0.33,"TRUE","TRUE","FALSE","17.9779623672618","9.17382317579497","8.80413919146683","6.031","0.201","0.461","1,2,3,4,5,6,7,8,9,590,591,592,593,594,595,596,597,598",0.000109829246037709,TRUE,0,0,0,0,18,0,18,0,1
"S.A",17,400,0.33,"TRUE","TRUE","FALSE","17.522419395718","9.22923388412973","8.29318551158825","6.575","0.223","0.512","1,2,3,4,5,6,7,8,9,591,592,593,594,595,596,597,598",0.000244115117089861,FALSE,0,0,0,1,17,0,17,0,0.944444444444444
"S.A",18,400,0.33,"TRUE","TRUE","FALSE","17.2445301120135","9.23267556867026","8.01185454334325","5.592","0.212","0.486","1,2,3,4,5,6,7,8,9,591,592,593,594,595,596,597,598",0.000358121113926086,FALSE,0,0,0,1,17,0,17,0,0.944444444444444
"S.A",19,400,0.33,"TRUE","TRUE","FALSE","18.1028176806709","9.09999830047436","9.00281938019652","4.748","0.21","0.477","1,2,3,4,5,6,7,8,9,590,591,592,593,594,595,596,597,598",0.00013857139025751,TRUE,0,0,0,0,18,0,18,0,1
"S.A",2,400,0.33,"TRUE","TRUE","FALSE","17.4791991922883","9.15296162524958","8.32623756703867","5.572","0.207","0.477","1,2,3,4,5,6,7,8,9,591,592,593,594,595,596,597,598",0.000264513119239715,FALSE,0,0,0,1,17,0,17,0,0.944444444444444
"S.A",20,400,0.33,"TRUE","TRUE","FALSE","17.6398670605831","9.11927034529794","8.52059671528514","5.96","0.213","0.478","1,2,3,4,5,6,7,8,9,590,591,592,593,594,595,596,597,598",0.000169354099250073,TRUE,0,0,0,0,18,0,18,0,1
"S.A",21,400,0.33,"TRUE","TRUE","FALSE","18.174159211486","9.1728308200462","9.00132839143975","4.922","0.217","0.467","1,2,3,4,5,6,7,8,9,590,591,592,593,594,595,596,597,598",9.51169415335104e-05,TRUE,0,0,0,0,18,0,18,0,1
"S.A",22,400,0.33,"TRUE","TRUE","FALSE","18.1199209600601","9.11810759175482","9.00181336830528","4.816","0.211","0.497","1,2,3,4,5,6,7,8,9,590,591,592,593,594,595,596,597,598",5.80916662905357e-05,TRUE,0,0,0,0,18,0,18,0,1
"S.A",23,400,0.33,"TRUE","TRUE","FALSE","18.1537569898628","9.15146613342866","9.00229085643415","4.754","0.212","0.474","1,2,3,4,5,6,7,8,9,590,591,592,593,594,595,596,597,598",8.06197542678417e-05,TRUE,0,0,0,0,18,0,18,0,1
"S.A",24,400,0.33,"TRUE","TRUE","FALSE","18.1003520163412","9.13098660385353","8.96936541248766","5.377","0.212","0.513","1,2,3,4,5,6,7,8,9,590,591,592,593,594,595,596,597,598",6.61488211321026e-05,TRUE,0,0,0,0,18,0,18,0,1
"S.A",25,400,0.33,"TRUE","TRUE","FALSE","17.2071126510656","9.13060002080456","8.07651263026108","5.183","0.2","0.502","1,2,3,4,5,6,7,8,9,591,592,593,594,595,596,597,598",0.000335950151519908,FALSE,0,0,0,1,17,0,17,0,0.944444444444444
"S.A",26,400,0.33,"TRUE","TRUE","FALSE","18.0938904441434","9.1459323760241","8.94795806811931","5.152","0.218","0.496","1,2,3,4,5,6,7,8,9,590,591,592,593,594,595,596,597,598",0.000165726646397713,TRUE,0,0,0,0,18,0,18,0,1
"S.A",27,400,0.33,"TRUE","TRUE","FALSE","17.2343272406943","9.20084326476013","8.03348397593419","5.312","0.213","0.483","1,2,3,4,5,6,7,8,9,591,592,593,594,595,596,597,598",0.000286625363935658,FALSE,0,0,0,1,17,0,17,0,0.944444444444444
"S.A",28,400,0.33,"TRUE","TRUE","FALSE","17.1477732297271","9.12331698313734","8.0244562465898","5.07","0.209","0.481","1,2,3,4,5,6,7,8,9,591,592,593,594,595,596,597,598",0.000389925330734766,FALSE,0,0,0,1,17,0,17,0,0.944444444444444
"S.A",29,400,0.33,"TRUE","TRUE","FALSE","17.6403402585372","9.62505365771396","8.01528660082326","5.692","0.213","0.498","1,2,3,4,5,6,7,8,9,591,592,593,594,595,596,597,598",0.000287891981137385,FALSE,0,0,0,1,17,0,17,0,0.944444444444444
"S.A",3,400,0.33,"TRUE","TRUE","FALSE","18.0319438248219","9.12349804298507","8.90844578183685","5.371","0.212","0.481","1,2,3,4,5,6,7,8,9,590,591,592,593,594,595,596,597,598",0.000132397328480786,TRUE,0,0,0,0,18,0,18,0,1
"S.A",30,400,0.33,"TRUE","TRUE","FALSE","18.1435519759072","9.14140720119175","9.00214477471546","5.061","0.204","0.454","1,2,3,4,5,6,7,8,9,590,591,592,593,594,595,596,597,598",9.36849761138185e-05,TRUE,0,0,0,0,18,0,18,0,1
"S.A",31,400,0.33,"TRUE","TRUE","FALSE","17.5289484056827","9.1797904895294","8.34915791615326","5.752","0.211","0.464","1,2,3,4,5,6,7,8,9,591,592,593,594,595,596,597,598",0.000298288132259109,FALSE,0,0,0,1,17,0,17,0,0.944444444444444
"S.A",32,400,0.33,"TRUE","TRUE","FALSE","18.2400126542374","9.23822661942182","9.00178603481558","5.464","0.209","0.482","1,2,3,4,5,6,7,8,9,590,591,592,593,594,595,596,597,598",0.00014199068763578,TRUE,0,0,0,0,18,0,18,0,1
"S.A",33,400,0.33,"TRUE","TRUE","FALSE","17.3653498104467","9.17817278170624","8.18717702874045","5.321","0.222","0.522","1,2,3,4,5,6,7,8,9,591,592,593,594,595,596,597,598",0.000323760033099123,FALSE,0,0,0,1,17,0,17,0,0.944444444444444
"S.A",34,400,0.33,"TRUE","TRUE","FALSE","18.0613918001361","9.10813289704309","8.95325890309304","5.569","0.211","0.497","1,2,3,4,5,6,7,8,9,590,591,592,593,594,595,596,597,598",0.000112983804666253,TRUE,0,0,0,0,18,0,18,0,1
"S.A",35,400,0.33,"TRUE","TRUE","FALSE","18.1948754495423","9.19285384175602","9.00202160778625","5.202","0.207","0.45","1,2,3,4,5,6,7,8,9,590,591,592,593,594,595,596,597,598",0.000177136479374582,TRUE,0,0,0,0,18,0,18,0,1
"S.A",36,400,0.33,"TRUE","TRUE","FALSE","18.1716241525306","9.18849804727174","8.98312610525889","5.101","0.2","0.458","1,2,3,4,5,6,7,8,9,590,591,592,593,594,595,596,597,598",0.000208480080918192,TRUE,0,0,0,0,18,0,18,0,1
"S.A",37,400,0.33,"TRUE","TRUE","FALSE","18.0819904107202","9.10174372773263","8.98024668298756","4.833","0.213","0.506","1,2,3,4,5,6,7,8,9,590,591,592,593,594,595,596,597,598",0.000181175560261294,TRUE,0,0,0,0,18,0,18,0,1
"S.A",38,400,0.33,"TRUE","TRUE","FALSE","17.2469227413497","9.2280770354787","8.01884570587101","6.423","0.218","0.511","1,2,3,4,5,6,7,8,9,591,592,593,594,595,596,597,598",0.000277963521801826,FALSE,0,0,0,1,17,0,17,0,0.944444444444444
"S.A",39,400,0.33,"TRUE","TRUE","FALSE","18.0495677574709","9.2936705792512","8.75589717821966","6.18","0.211","0.504","1,2,3,4,5,6,7,8,9,590,591,592,593,594,595,596,597,598",0.000115551654781811,TRUE,0,0,0,0,18,0,18,0,1
"S.A",4,400,0.33,"TRUE","TRUE","FALSE","18.2359837593555","9.23288693822063","9.00309682113486","5.639","0.221","0.506","1,2,3,4,5,6,7,8,9,590,591,592,593,594,595,596,597,598",0.000182777936716459,TRUE,0,0,0,0,18,0,18,0,1
"S.A",40,400,0.33,"TRUE","TRUE","FALSE","18.1176473060534","9.11713579736224","9.00051150869119","4.993","0.203","0.465","1,2,3,4,5,6,7,8,9,590,591,592,593,594,595,596,597,598",0.000176207143403375,TRUE,0,0,0,0,18,0,18,0,1
"S.A",41,400,0.33,"TRUE","TRUE","FALSE","18.13524005582","9.14345219077162","8.99178786504843","5.103","0.219","0.522","1,2,3,4,5,6,7,8,9,590,591,592,593,594,595,596,597,598",9.8929797703058e-05,TRUE,0,0,0,0,18,0,18,0,1
"S.A",42,400,0.33,"TRUE","TRUE","FALSE","17.2284380535152","9.10760652303882","8.12083153047642","5.371","0.239","0.535","1,2,3,4,5,6,7,8,9,591,592,593,594,595,596,597,598",0.000258795054671536,FALSE,0,0,0,1,17,0,17,0,0.944444444444444
"S.A",43,400,0.33,"TRUE","TRUE","FALSE","18.0985904384293","9.11300062764315","8.98558981078619","5.283","0.234","0.513","1,2,3,4,5,6,7,8,9,590,591,592,593,594,595,596,597,598",8.18590626307085e-05,TRUE,0,0,0,0,18,0,18,0,1
"S.A",44,400,0.33,"TRUE","TRUE","FALSE","17.1755997556058","9.13579235038498","8.03980740522087","5.412","0.213","0.502","1,2,3,4,5,6,7,8,9,591,592,593,594,595,596,597,598",0.000271352558952351,FALSE,0,0,0,1,17,0,17,0,0.944444444444444
"S.A",45,400,0.33,"TRUE","TRUE","FALSE","18.0175171692617","9.2138405502432","8.80367661901845","5.914","0.2","0.441","1,2,3,4,5,6,7,8,9,590,591,592,593,594,595,596,597,598",0.000218390680956607,TRUE,0,0,0,0,18,0,18,0,1
"S.A",46,400,0.33,"TRUE","TRUE","FALSE","18.1459176933853","9.14244551375237","9.00347217963295","5.106","0.205","0.461","1,2,3,4,5,6,7,8,9,590,591,592,593,594,595,596,597,598",0.000151639428024831,TRUE,0,0,0,0,18,0,18,0,1
"S.A",47,400,0.33,"TRUE","TRUE","FALSE","18.0560342220469","9.16652680279206","8.88950741925481","5.57","0.213","0.519","1,2,3,4,5,6,7,8,9,590,591,592,593,594,595,596,597,598",0.00012559412788552,TRUE,0,0,0,0,18,0,18,0,1
"S.A",48,400,0.33,"TRUE","TRUE","FALSE","18.1556215515945","9.15051059879871","9.00511095279584","5.163","0.201","0.452","1,2,3,4,5,6,7,8,9,590,591,592,593,594,595,596,597,598",0.000174481436746278,TRUE,0,0,0,0,18,0,18,0,1
"S.A",49,400,0.33,"TRUE","TRUE","FALSE","17.8283887451839","9.1585697816444","8.66981896353945","5.485","0.204","0.437","1,2,3,4,5,6,7,8,9,590,591,592,593,594,595,596,597,598",0.000150633918600465,TRUE,0,0,0,0,18,0,18,0,1
"S.A",5,400,0.33,"TRUE","TRUE","FALSE","18.1700147685543","9.16304916488312","9.00696560367114","5.042","0.211","0.464","1,2,3,4,5,6,7,8,9,590,591,592,593,594,595,596,597,598",0.000199659230462454,TRUE,0,0,0,0,18,0,18,0,1
"S.A",50,400,0.33,"TRUE","TRUE","FALSE","17.2778710856957","9.13498985904091","8.14288122665478","5.239","0.203","0.447","1,2,3,4,5,6,7,8,9,591,592,593,594,595,596,597,598",0.000259422014940056,FALSE,0,0,0,1,17,0,17,0,0.944444444444444
"S.A",51,400,0.33,"TRUE","TRUE","FALSE","18.1277780317462","9.11635647428155","9.01142155746465","5.515","0.377","0.587","1,2,3,4,5,6,7,8,9,590,591,592,593,594,595,596,597,598",0.000126466722225366,TRUE,0,0,0,0,18,0,18,0,1
"S.A",52,400,0.33,"TRUE","TRUE","FALSE","18.1208429682727","9.10939579615799","9.01144717211466","5.368","0.217","0.502","1,2,3,4,5,6,7,8,9,590,591,592,593,594,595,596,597,598",0.000156144491221373,TRUE,0,0,0,0,18,0,18,0,1
"S.A",53,400,0.33,"TRUE","TRUE","FALSE","17.3824964998153","9.21810213848724","8.16439436132808","5.629","0.211","0.479","1,2,3,4,5,6,7,8,9,591,592,593,594,595,596,597,598",0.000357013543663396,FALSE,0,0,0,1,17,0,17,0,0.944444444444444
"S.A",54,400,0.33,"TRUE","TRUE","FALSE","18.0864120158831","9.16427264798934","8.92213936789376","5.448","0.194","0.451","1,2,3,4,5,6,7,8,9,590,591,592,593,594,595,596,597,598",5.63258387361372e-05,TRUE,0,0,0,0,18,0,18,0,1
"S.A",55,400,0.33,"TRUE","TRUE","FALSE","18.1513887539237","9.15078010071973","9.00060865320395","5.079","0.207","0.451","1,2,3,4,5,6,7,8,9,590,591,592,593,594,595,596,597,598",9.99254475328931e-05,TRUE,0,0,0,0,18,0,18,0,1
"S.A",56,400,0.33,"TRUE","TRUE","FALSE","18.0828669705868","9.11038491577895","8.97248205480786","4.93","0.22","0.495","1,2,3,4,5,6,7,8,9,590,591,592,593,594,595,596,597,598",9.89272174425093e-05,TRUE,0,0,0,0,18,0,18,0,1
"S.A",57,400,0.33,"TRUE","TRUE","FALSE","17.4138964593864","9.13481888316198","8.27907757622439","5.533","0.214","0.505","1,2,3,4,5,6,7,8,9,591,592,593,594,595,596,597,598",0.00027213908776407,FALSE,0,0,0,1,17,0,17,0,0.944444444444444
"S.A",58,400,0.33,"TRUE","TRUE","FALSE","18.1276404007251","9.12481361789586","9.00282678282923","4.828","0.206","0.46","1,2,3,4,5,6,7,8,9,590,591,592,593,594,595,596,597,598",0.000191460379773746,TRUE,0,0,0,0,18,0,18,0,1
"S.A",59,400,0.33,"TRUE","TRUE","FALSE","18.2273516695455","9.22449736466011","9.00285430488541","5.321","0.209","0.484","1,2,3,4,5,6,7,8,9,590,591,592,593,594,595,596,597,598",0.000138908906298654,TRUE,0,0,0,0,18,0,18,0,1
"S.A",6,400,0.33,"TRUE","TRUE","FALSE","18.058099132029","9.20476886460261","8.85333026742635","5.854","0.212","0.484","1,2,3,4,5,6,7,8,9,590,591,592,593,594,595,596,597,598",8.0403160652797e-05,TRUE,0,0,0,0,18,0,18,0,1
"S.A",60,400,0.33,"TRUE","TRUE","FALSE","18.0901322569256","9.14375551393098","8.94637674299465","5.22","0.203","0.448","1,2,3,4,5,6,7,8,9,590,591,592,593,594,595,596,597,598",0.000108132879217055,TRUE,0,0,0,0,18,0,18,0,1
"S.A",61,400,0.33,"TRUE","TRUE","FALSE","17.1016898364185","9.03633317567104","8.06535666074742","5.771","0.219","0.49","1,2,3,4,5,6,7,8,9,591,592,593,594,595,596,597,598",0.000345226530538871,FALSE,0,0,0,1,17,0,17,0,0.944444444444444
"S.A",62,400,0.33,"TRUE","TRUE","FALSE","17.6890706017783","9.16504194205107","8.52402865972727","5.772","0.2","0.46","1,2,3,4,5,6,7,8,9,590,591,592,593,594,595,596,597,598",0.000101176174726393,TRUE,0,0,0,0,18,0,18,0,1
"S.A",63,400,0.33,"TRUE","TRUE","FALSE","18.1262582279575","9.12657996805498","8.99967825990251","4.89","0.207","0.469","1,2,3,4,5,6,7,8,9,590,591,592,593,594,595,596,597,598",0.000127598417206945,TRUE,0,0,0,0,18,0,18,0,1
"S.A",64,400,0.33,"TRUE","TRUE","FALSE","17.7583382360091","8.93047928308909","8.82785895291997","5.949","0.215","0.501","1,2,3,4,5,6,7,8,9,590,591,592,593,594,595,596,597,598",0.000177775830075955,TRUE,0,0,0,0,18,0,18,0,1
"S.A",65,400,0.33,"TRUE","TRUE","FALSE","18.1027456004347","9.12791849758623","8.97482710284851","5.044","0.204","0.462","1,2,3,4,5,6,7,8,9,590,591,592,593,594,595,596,597,598",0.000106314791538991,TRUE,0,0,0,0,18,0,18,0,1
"S.A",66,400,0.33,"TRUE","TRUE","FALSE","18.1280362728111","9.12706951706283","9.00096675574822","4.79","0.209","0.492","1,2,3,4,5,6,7,8,9,590,591,592,593,594,595,596,597,598",9.97400424835985e-05,TRUE,0,0,0,0,18,0,18,0,1
"S.A",67,400,0.33,"TRUE","TRUE","FALSE","18.1781878040862","9.17524474811675","9.00294305596947","5.211","0.22","0.554","1,2,3,4,5,6,7,8,9,590,591,592,593,594,595,596,597,598",0.000145364236760301,TRUE,0,0,0,0,18,0,18,0,1
"S.A",68,400,0.33,"TRUE","TRUE","FALSE","18.0619072767769","9.14584619752761","8.91606107924924","5.135","0.211","0.468","1,2,3,4,5,6,7,8,9,590,591,592,593,594,595,596,597,598",0.000211578595349806,TRUE,0,0,0,0,18,0,18,0,1
"S.A",69,400,0.33,"TRUE","TRUE","FALSE","17.8429070120055","9.12629608463765","8.71661092736781","5.67","0.222","0.523","1,2,3,4,5,6,7,8,9,590,591,592,593,594,595,596,597,598",9.40615333413078e-05,TRUE,0,0,0,0,18,0,18,0,1
"S.A",7,400,0.33,"TRUE","TRUE","FALSE","18.2921069143431","9.28557657399585","9.00653034034723","5.748","0.221","0.55","1,2,3,4,5,6,7,8,9,590,591,592,593,594,595,596,597,598",8.32889745709126e-05,TRUE,0,0,0,0,18,0,18,0,1
"S.A",70,400,0.33,"TRUE","TRUE","FALSE","18.1259576340825","9.13879827650013","8.98715935758239","5.292","0.232","0.49","1,2,3,4,5,6,7,8,9,590,591,592,593,594,595,596,597,598",0.000197186918550467,TRUE,0,0,0,0,18,0,18,0,1
"S.A",71,400,0.33,"TRUE","TRUE","FALSE","18.1132436805058","9.12397711919777","8.989266561308","5.072","0.211","0.497","1,2,3,4,5,6,7,8,9,590,591,592,593,594,595,596,597,598",0.000165652702825412,TRUE,0,0,0,0,18,0,18,0,1
"S.A",72,400,0.33,"TRUE","TRUE","FALSE","18.1452615063859","9.13898295717136","9.00627854921457","5.158","0.209","0.489","1,2,3,4,5,6,7,8,9,590,591,592,593,594,595,596,597,598",0.000118273195274392,TRUE,0,0,0,0,18,0,18,0,1
"S.A",73,400,0.33,"TRUE","TRUE","FALSE","18.1085671721594","9.1568247566674","8.95174241549199","5.356","0.202","0.509","1,2,3,4,5,6,7,8,9,590,591,592,593,594,595,596,597,598",0.000140146610429368,TRUE,0,0,0,0,18,0,18,0,1
"S.A",74,400,0.33,"TRUE","TRUE","FALSE","17.7094528337467","9.11424223224045","8.59521060150625","5.735","0.204","0.465","1,2,3,4,5,6,7,8,9,590,591,592,593,594,595,596,597,598",0.000157861244106915,TRUE,0,0,0,0,18,0,18,0,1
"S.A",75,400,0.33,"TRUE","TRUE","FALSE","18.1058088202442","9.12325255525068","8.98255626499349","4.79","0.204","0.476","1,2,3,4,5,6,7,8,9,590,591,592,593,594,595,596,597,598",0.000180422060438252,TRUE,0,0,0,0,18,0,18,0,1
"S.A",76,400,0.33,"TRUE","TRUE","FALSE","17.1708928471068","9.16175123493432","8.00914161217249","5.048","0.21","0.508","1,2,3,4,5,6,7,8,9,591,592,593,594,595,596,597,598",0.000253446618420953,FALSE,0,0,0,1,17,0,17,0,0.944444444444444
"S.A",77,400,0.33,"TRUE","TRUE","FALSE","18.1244395510881","9.12220306356656","9.00223648752154","5.091","0.219","0.528","1,2,3,4,5,6,7,8,9,590,591,592,593,594,595,596,597,598",0.000161295848286151,TRUE,0,0,0,0,18,0,18,0,1
"S.A",78,400,0.33,"TRUE","TRUE","FALSE","18.2258321530854","9.2233526128093","9.00247954027611","5.116","0.21","0.497","1,2,3,4,5,6,7,8,9,590,591,592,593,594,595,596,597,598",9.45897554272317e-05,TRUE,0,0,0,0,18,0,18,0,1
"S.A",79,400,0.33,"TRUE","TRUE","FALSE","17.9949706036523","9.38011060576974","8.6148599978826","6.348","0.212","0.493","1,2,3,4,5,6,7,8,9,590,591,592,593,594,595,596,597,598",0.000117229911537327,TRUE,0,0,0,0,18,0,18,0,1
"S.A",8,400,0.33,"TRUE","TRUE","FALSE","18.1625433021107","9.16006246573273","9.00248083637795","4.921","0.212","0.496","1,2,3,4,5,6,7,8,9,590,591,592,593,594,595,596,597,598",0.000129726156246693,TRUE,0,0,0,0,18,0,18,0,1
"S.A",80,400,0.33,"TRUE","TRUE","FALSE","18.1853954793847","9.26821146569724","8.91718401368747","5.682","0.209","0.429","1,2,3,4,5,6,7,8,9,590,591,592,593,594,595,596,597,598",0.000132453853075925,TRUE,0,0,0,0,18,0,18,0,1
"S.A",81,400,0.33,"TRUE","TRUE","FALSE","18.1329724832345","9.12834153102807","9.0046309522064","5.032","0.216","0.517","1,2,3,4,5,6,7,8,9,590,591,592,593,594,595,596,597,598",0.000150369626508504,TRUE,0,0,0,0,18,0,18,0,1
"S.A",82,400,0.33,"TRUE","TRUE","FALSE","17.8667123855515","9.1804468100007","8.68626557555082","6.29","0.223","0.55","1,2,3,4,5,6,7,8,9,590,591,592,593,594,595,596,597,598",0.000137862427285826,TRUE,0,0,0,0,18,0,18,0,1
"S.A",83,400,0.33,"TRUE","TRUE","FALSE","17.5836524209627","9.18985172046876","8.39380070049391","6.119","0.222","0.542","1,2,3,4,5,6,7,8,9,591,592,593,594,595,596,597,598",0.000273751465763176,FALSE,0,0,0,1,17,0,17,0,0.944444444444444
"S.A",84,400,0.33,"TRUE","TRUE","FALSE","18.3515615851713","9.34717739756536","9.00438418760597","5.63","0.201","0.496","1,2,3,4,5,6,7,8,9,590,591,592,593,594,595,596,597,598",0.000129977852234293,TRUE,0,0,0,0,18,0,18,0,1
"S.A",85,400,0.33,"TRUE","TRUE","FALSE","18.1555261451242","9.1521811101205","9.00334503500369","5.615","0.213","0.476","1,2,3,4,5,6,7,8,9,590,591,592,593,594,595,596,597,598",0.000102796237130229,TRUE,0,0,0,0,18,0,18,0,1
"S.A",86,400,0.33,"TRUE","TRUE","FALSE","18.1273380363559","9.12226229757053","9.00507573878536","5.066","0.217","0.493","1,2,3,4,5,6,7,8,9,590,591,592,593,594,595,596,597,598",0.000231315621653176,TRUE,0,0,0,0,18,0,18,0,1
"S.A",87,400,0.33,"TRUE","TRUE","FALSE","17.6954313435352","9.16073670781473","8.53469463572051","5.695","0.209","0.465","1,2,3,4,5,6,7,8,9,590,591,592,593,594,595,596,597,598",9.09461567942306e-05,TRUE,0,0,0,0,18,0,18,0,1
"S.A",88,400,0.33,"TRUE","TRUE","FALSE","17.7781821684881","8.8498927699857","8.92828939850236","5.628","0.207","0.487","1,2,3,4,5,6,7,8,9,590,591,592,593,594,595,596,597,598",0.000164993105333725,TRUE,0,0,0,0,18,0,18,0,1
"S.A",89,400,0.33,"TRUE","TRUE","FALSE","18.250169193051","9.30274342659562","8.94742576645534","5.647","0.194","0.453","1,2,3,4,5,6,7,8,9,590,591,592,593,594,595,596,597,598",5.92229582380453e-05,TRUE,0,0,0,0,18,0,18,0,1
"S.A",9,400,0.33,"TRUE","TRUE","FALSE","18.1771325954254","9.17434271488989","9.0027898805355","5.113","0.202","0.487","1,2,3,4,5,6,7,8,9,590,591,592,593,594,595,596,597,598",0.000148644258843483,TRUE,0,0,0,0,18,0,18,0,1
"S.A",90,400,0.33,"TRUE","TRUE","FALSE","18.1286115572143","9.13653253213746","8.9920790250768","5.141","0.205","0.494","1,2,3,4,5,6,7,8,9,590,591,592,593,594,595,596,597,598",0.000144645026847124,TRUE,0,0,0,0,18,0,18,0,1
"S.A",91,400,0.33,"TRUE","TRUE","FALSE","17.7008790935176","9.28596226295381","8.41491683056383","6.476","0.212","0.504","1,2,3,4,5,6,7,8,9,591,592,593,594,595,596,597,598",0.000321257388336006,FALSE,0,0,0,1,17,0,17,0,0.944444444444444
"S.A",92,400,0.33,"TRUE","TRUE","FALSE","18.1004080009791","9.17468729360629","8.92572070737279","6.262","0.243","0.545","1,2,3,4,5,6,7,8,9,590,591,592,593,594,595,596,597,598",8.97167443294441e-05,TRUE,0,0,0,0,18,0,18,0,1
"S.A",93,400,0.33,"TRUE","TRUE","FALSE","17.9218672679005","9.14448516935555","8.77738209854494","6.257","0.217","0.512","1,2,3,4,5,6,7,8,9,590,591,592,593,594,595,596,597,598",0.000273859150847209,TRUE,0,0,0,0,18,0,18,0,1
"S.A",94,400,0.33,"TRUE","TRUE","FALSE","18.3396560317027","9.28135341887509","9.05830261282766","6.185","0.319","0.434","1,2,3,4,5,6,7,8,9,590,591,592,593,594,595,596,597,598",8.68882038864667e-05,TRUE,0,0,0,0,18,0,18,0,1
"S.A",95,400,0.33,"TRUE","TRUE","FALSE","17.7001410851328","9.22676817226429","8.47337291286856","5.981","0.211","0.465","1,2,3,4,5,6,7,8,9,590,591,592,593,594,595,596,597,598",0.000159424681557763,TRUE,0,0,0,0,18,0,18,0,1
"S.A",96,400,0.33,"TRUE","TRUE","FALSE","17.7341103179979","9.1355175585467","8.59859275945116","5.632","0.207","0.465","1,2,3,4,5,6,7,8,9,590,591,592,593,594,595,596,597,598",0.000170504019506878,TRUE,0,0,0,0,18,0,18,0,1
"S.A",97,400,0.33,"TRUE","TRUE","FALSE","18.0348326633964","9.12830374699154","8.90652891640481","5.069","0.2","0.476","1,2,3,4,5,6,7,8,9,590,591,592,593,594,595,596,597,598",0.000188897786859238,TRUE,0,0,0,0,18,0,18,0,1
"S.A",98,400,0.33,"TRUE","TRUE","FALSE","18.1104916589397","9.1058396685595","9.00465199038018","5.255","0.216","0.5","1,2,3,4,5,6,7,8,9,590,591,592,593,594,595,596,597,598",0.000125029036437275,TRUE,0,0,0,0,18,0,18,0,1
"S.A",99,400,0.33,"TRUE","TRUE","FALSE","17.5658567329066","9.18181093656959","8.38404579633701","5.975","0.217","0.498","1,2,3,4,5,6,7,8,9,591,592,593,594,595,596,597,598",0.000291836714024778,FALSE,0,0,0,1,17,0,17,0,0.944444444444444
"S.A.b",1,400,0.33,"TRUE","TRUE","FALSE","17.7291117916483","9.13764134008776","8.59147045156057","6.176","0.206","0.483","1,2,3,4,5,6,7,8,9,590,591,592,593,594,595,596,597,598",0.000246042447015746,TRUE,0,0,0,0,18,0,18,0,1
"S.A.b",10,400,0.33,"TRUE","TRUE","FALSE","17.2374723393573","9.10169035715835","8.13578198219898","4.985","0.206","0.482","1,2,3,4,5,6,7,8,9,590,591,592,593,594,595,596,597,598",0.00015218730602926,TRUE,0,0,0,0,18,0,18,0,1
"S.A.b",100,400,0.33,"TRUE","TRUE","FALSE","18.0988369480051","9.13778750424608","8.96104944375906","5.08","0.205","0.505","1,2,3,4,5,6,7,8,9,590,591,592,593,594,595,596,597,598",9.69337769435666e-05,TRUE,0,0,0,0,18,0,18,0,1
"S.A.b",11,400,0.33,"TRUE","TRUE","FALSE","18.105893887949","9.11068836669279","8.99520552125625","4.872","0.208","0.514","1,2,3,4,5,6,7,8,9,590,591,592,593,594,595,596,597,598",4.53381772137753e-05,TRUE,0,0,0,0,18,0,18,0,1
"S.A.b",12,400,0.33,"TRUE","TRUE","FALSE","18.1610324721797","9.16343394838533","8.99759852379442","5.159","0.208","0.516","1,2,3,4,5,6,7,8,9,590,591,592,593,594,595,596,597,598",0.000111607758580441,TRUE,0,0,0,0,18,0,18,0,1
"S.A.b",13,400,0.33,"TRUE","TRUE","FALSE","17.3494030297679","9.12971971040417","8.21968331936374","5.504","0.208","0.469","1,2,3,4,5,6,7,8,9,590,591,592,593,594,595,596,597,598",0.000162483732251991,TRUE,0,0,0,0,18,0,18,0,1
"S.A.b",14,400,0.33,"TRUE","TRUE","FALSE","18.1151294518867","9.11479643912577","9.00033301276097","4.854","0.218","0.523","1,2,3,4,5,6,7,8,9,590,591,592,593,594,595,596,597,598",0.000166254937875077,TRUE,0,0,0,0,18,0,18,0,1
"S.A.b",15,400,0.33,"TRUE","TRUE","FALSE","18.0645791548162","9.08851987442815","8.9760592803881","5.032","0.207","0.471","1,2,3,4,5,6,7,8,9,590,591,592,593,594,595,596,597,598",0.000184023701163684,TRUE,0,0,0,0,18,0,18,0,1
"S.A.b",16,400,0.33,"TRUE","TRUE","FALSE","17.9779623672618","9.17382317579497","8.80413919146683","6.031","0.201","0.461","1,2,3,4,5,6,7,8,9,590,591,592,593,594,595,596,597,598",0.000109829246037709,TRUE,0,0,0,0,18,0,18,0,1
"S.A.b",17,400,0.33,"TRUE","TRUE","FALSE","17.522419395718","9.22923388412973","8.29318551158825","6.575","0.223","0.512","1,2,3,4,5,6,7,8,9,590,591,592,593,594,595,596,597,598",6.8822140295015e-05,TRUE,0,0,0,0,18,0,18,0,1
"S.A.b",18,400,0.33,"TRUE","TRUE","FALSE","17.2445301120135","9.23267556867026","8.01185454334325","5.592","0.212","0.486","1,2,3,4,5,6,7,8,9,591,592,593,594,595,596,597,598",0.000358121113926086,FALSE,0,0,0,1,17,0,17,0,0.944444444444444
"S.A.b",19,400,0.33,"TRUE","TRUE","FALSE","18.1028176806709","9.09999830047436","9.00281938019652","4.748","0.21","0.477","1,2,3,4,5,6,7,8,9,590,591,592,593,594,595,596,597,598",0.00013857139025751,TRUE,0,0,0,0,18,0,18,0,1
"S.A.b",2,400,0.33,"TRUE","TRUE","FALSE","17.4791991922883","9.15296162524958","8.32623756703867","5.572","0.207","0.477","1,2,3,4,5,6,7,8,9,590,591,592,593,594,595,596,597,598",8.64270902931009e-05,TRUE,0,0,0,0,18,0,18,0,1
"S.A.b",20,400,0.33,"TRUE","TRUE","FALSE","17.6398670605831","9.11927034529794","8.52059671528514","5.96","0.213","0.478","1,2,3,4,5,6,7,8,9,590,591,592,593,594,595,596,597,598",0.000169354099250073,TRUE,0,0,0,0,18,0,18,0,1
"S.A.b",21,400,0.33,"TRUE","TRUE","FALSE","18.174159211486","9.1728308200462","9.00132839143975","4.922","0.217","0.467","1,2,3,4,5,6,7,8,9,590,591,592,593,594,595,596,597,598",9.51169415335104e-05,TRUE,0,0,0,0,18,0,18,0,1
"S.A.b",22,400,0.33,"TRUE","TRUE","FALSE","18.1199209600601","9.11810759175482","9.00181336830528","4.816","0.211","0.497","1,2,3,4,5,6,7,8,9,590,591,592,593,594,595,596,597,598",5.80916662905357e-05,TRUE,0,0,0,0,18,0,18,0,1
"S.A.b",23,400,0.33,"TRUE","TRUE","FALSE","18.1537569898628","9.15146613342866","9.00229085643415","4.754","0.212","0.474","1,2,3,4,5,6,7,8,9,590,591,592,593,594,595,596,597,598",8.06197542678417e-05,TRUE,0,0,0,0,18,0,18,0,1
"S.A.b",24,400,0.33,"TRUE","TRUE","FALSE","18.1003520163412","9.13098660385353","8.96936541248766","5.377","0.212","0.513","1,2,3,4,5,6,7,8,9,590,591,592,593,594,595,596,597,598",6.61488211321026e-05,TRUE,0,0,0,0,18,0,18,0,1
"S.A.b",25,400,0.33,"TRUE","TRUE","FALSE","17.2071126510656","9.13060002080456","8.07651263026108","5.183","0.2","0.502","1,2,3,4,5,6,7,8,9,590,591,592,593,594,595,596,597,598",0.0001627826822071,TRUE,0,0,0,0,18,0,18,0,1
"S.A.b",26,400,0.33,"TRUE","TRUE","FALSE","18.0938904441434","9.1459323760241","8.94795806811931","5.152","0.218","0.496","1,2,3,4,5,6,7,8,9,590,591,592,593,594,595,596,597,598",0.000165726646397713,TRUE,0,0,0,0,18,0,18,0,1
"S.A.b",27,400,0.33,"TRUE","TRUE","FALSE","17.2343272406943","9.20084326476013","8.03348397593419","5.312","0.213","0.483","1,2,3,4,5,6,7,8,9,591,592,593,594,595,596,597,598",0.000286625363935658,FALSE,0,0,0,1,17,0,17,0,0.944444444444444
"S.A.b",28,400,0.33,"TRUE","TRUE","FALSE","17.1477732297271","9.12331698313734","8.0244562465898","5.07","0.209","0.481","1,2,3,4,5,6,7,8,9,591,592,593,594,595,596,597,598",0.000389925330734766,FALSE,0,0,0,1,17,0,17,0,0.944444444444444
"S.A.b",29,400,0.33,"TRUE","TRUE","FALSE","17.6403402585372","9.62505365771396","8.01528660082326","5.692","0.213","0.498","1,2,3,4,5,6,7,8,9,591,592,593,594,595,596,597,598",0.000287891981137385,FALSE,0,0,0,1,17,0,17,0,0.944444444444444
"S.A.b",3,400,0.33,"TRUE","TRUE","FALSE","18.0319438248219","9.12349804298507","8.90844578183685","5.371","0.212","0.481","1,2,3,4,5,6,7,8,9,590,591,592,593,594,595,596,597,598",0.000132397328480786,TRUE,0,0,0,0,18,0,18,0,1
"S.A.b",30,400,0.33,"TRUE","TRUE","FALSE","18.1435519759072","9.14140720119175","9.00214477471546","5.061","0.204","0.454","1,2,3,4,5,6,7,8,9,590,591,592,593,594,595,596,597,598",9.36849761138185e-05,TRUE,0,0,0,0,18,0,18,0,1
"S.A.b",31,400,0.33,"TRUE","TRUE","FALSE","17.5289484056827","9.1797904895294","8.34915791615326","5.752","0.211","0.464","1,2,3,4,5,6,7,8,9,590,591,592,593,594,595,596,597,598",0.000115581399826173,TRUE,0,0,0,0,18,0,18,0,1
"S.A.b",32,400,0.33,"TRUE","TRUE","FALSE","18.2400126542374","9.23822661942182","9.00178603481558","5.464","0.209","0.482","1,2,3,4,5,6,7,8,9,590,591,592,593,594,595,596,597,598",0.00014199068763578,TRUE,0,0,0,0,18,0,18,0,1
"S.A.b",33,400,0.33,"TRUE","TRUE","FALSE","17.3653498104467","9.17817278170624","8.18717702874045","5.321","0.222","0.522","1,2,3,4,5,6,7,8,9,590,591,592,593,594,595,596,597,598",0.000140814111039429,TRUE,0,0,0,0,18,0,18,0,1
"S.A.b",34,400,0.33,"TRUE","TRUE","FALSE","18.0613918001361","9.10813289704309","8.95325890309304","5.569","0.211","0.497","1,2,3,4,5,6,7,8,9,590,591,592,593,594,595,596,597,598",0.000112983804666253,TRUE,0,0,0,0,18,0,18,0,1
"S.A.b",35,400,0.33,"TRUE","TRUE","FALSE","18.1948754495423","9.19285384175602","9.00202160778625","5.202","0.207","0.45","1,2,3,4,5,6,7,8,9,590,591,592,593,594,595,596,597,598",0.000177136479374582,TRUE,0,0,0,0,18,0,18,0,1
"S.A.b",36,400,0.33,"TRUE","TRUE","FALSE","18.1716241525306","9.18849804727174","8.98312610525889","5.101","0.2","0.458","1,2,3,4,5,6,7,8,9,590,591,592,593,594,595,596,597,598",0.000208480080918192,TRUE,0,0,0,0,18,0,18,0,1
"S.A.b",37,400,0.33,"TRUE","TRUE","FALSE","18.0819904107202","9.10174372773263","8.98024668298756","4.833","0.213","0.506","1,2,3,4,5,6,7,8,9,590,591,592,593,594,595,596,597,598",0.000181175560261294,TRUE,0,0,0,0,18,0,18,0,1
"S.A.b",38,400,0.33,"TRUE","TRUE","FALSE","17.2469227413497","9.2280770354787","8.01884570587101","6.423","0.218","0.511","1,2,3,4,5,6,7,8,9,591,592,593,594,595,596,597,598",0.000277963521801826,FALSE,0,0,0,1,17,0,17,0,0.944444444444444
"S.A.b",39,400,0.33,"TRUE","TRUE","FALSE","18.0495677574709","9.2936705792512","8.75589717821966","6.18","0.211","0.504","1,2,3,4,5,6,7,8,9,590,591,592,593,594,595,596,597,598",0.000115551654781811,TRUE,0,0,0,0,18,0,18,0,1
"S.A.b",4,400,0.33,"TRUE","TRUE","FALSE","18.2359837593555","9.23288693822063","9.00309682113486","5.639","0.221","0.506","1,2,3,4,5,6,7,8,9,590,591,592,593,594,595,596,597,598",0.000182777936716459,TRUE,0,0,0,0,18,0,18,0,1
"S.A.b",40,400,0.33,"TRUE","TRUE","FALSE","18.1176473060534","9.11713579736224","9.00051150869119","4.993","0.203","0.465","1,2,3,4,5,6,7,8,9,590,591,592,593,594,595,596,597,598",0.000176207143403375,TRUE,0,0,0,0,18,0,18,0,1
"S.A.b",41,400,0.33,"TRUE","TRUE","FALSE","18.13524005582","9.14345219077162","8.99178786504843","5.103","0.219","0.522","1,2,3,4,5,6,7,8,9,590,591,592,593,594,595,596,597,598",9.8929797703058e-05,TRUE,0,0,0,0,18,0,18,0,1
"S.A.b",42,400,0.33,"TRUE","TRUE","FALSE","17.2284380535152","9.10760652303882","8.12083153047642","5.371","0.239","0.535","1,2,3,4,5,6,7,8,9,590,591,592,593,594,595,596,597,598",7.8186358843437e-05,TRUE,0,0,0,0,18,0,18,0,1
"S.A.b",43,400,0.33,"TRUE","TRUE","FALSE","18.0985904384293","9.11300062764315","8.98558981078619","5.283","0.234","0.513","1,2,3,4,5,6,7,8,9,590,591,592,593,594,595,596,597,598",8.18590626307085e-05,TRUE,0,0,0,0,18,0,18,0,1
"S.A.b",44,400,0.33,"TRUE","TRUE","FALSE","17.1755997556058","9.13579235038498","8.03980740522087","5.412","0.213","0.502","1,2,3,4,5,6,7,8,9,590,591,592,593,594,595,596,597,598",8.59179058906632e-05,TRUE,0,0,0,0,18,0,18,0,1
"S.A.b",45,400,0.33,"TRUE","TRUE","FALSE","18.0175171692617","9.2138405502432","8.80367661901845","5.914","0.2","0.441","1,2,3,4,5,6,7,8,9,590,591,592,593,594,595,596,597,598",0.000218390680956607,TRUE,0,0,0,0,18,0,18,0,1
"S.A.b",46,400,0.33,"TRUE","TRUE","FALSE","18.1459176933853","9.14244551375237","9.00347217963295","5.106","0.205","0.461","1,2,3,4,5,6,7,8,9,590,591,592,593,594,595,596,597,598",0.000151639428024831,TRUE,0,0,0,0,18,0,18,0,1
"S.A.b",47,400,0.33,"TRUE","TRUE","FALSE","18.0560342220469","9.16652680279206","8.88950741925481","5.57","0.213","0.519","1,2,3,4,5,6,7,8,9,590,591,592,593,594,595,596,597,598",0.00012559412788552,TRUE,0,0,0,0,18,0,18,0,1
"S.A.b",48,400,0.33,"TRUE","TRUE","FALSE","18.1556215515945","9.15051059879871","9.00511095279584","5.163","0.201","0.452","1,2,3,4,5,6,7,8,9,590,591,592,593,594,595,596,597,598",0.000174481436746278,TRUE,0,0,0,0,18,0,18,0,1
"S.A.b",49,400,0.33,"TRUE","TRUE","FALSE","17.8283887451839","9.1585697816444","8.66981896353945","5.485","0.204","0.437","1,2,3,4,5,6,7,8,9,590,591,592,593,594,595,596,597,598",0.000150633918600465,TRUE,0,0,0,0,18,0,18,0,1
"S.A.b",5,400,0.33,"TRUE","TRUE","FALSE","18.1700147685543","9.16304916488312","9.00696560367114","5.042","0.211","0.464","1,2,3,4,5,6,7,8,9,590,591,592,593,594,595,596,597,598",0.000199659230462454,TRUE,0,0,0,0,18,0,18,0,1
"S.A.b",50,400,0.33,"TRUE","TRUE","FALSE","17.2778710856957","9.13498985904091","8.14288122665478","5.239","0.203","0.447","1,2,3,4,5,6,7,8,9,590,591,592,593,594,595,596,597,598",9.1778090122038e-05,TRUE,0,0,0,0,18,0,18,0,1
"S.A.b",51,400,0.33,"TRUE","TRUE","FALSE","18.1277780317462","9.11635647428155","9.01142155746465","5.515","0.377","0.587","1,2,3,4,5,6,7,8,9,590,591,592,593,594,595,596,597,598,609",0.000228118085688574,FALSE,0,1,0,0,19,1,18,0.0526315789473684,1
"S.A.b",52,400,0.33,"TRUE","TRUE","FALSE","18.1208429682727","9.10939579615799","9.01144717211466","5.368","0.217","0.502","1,2,3,4,5,6,7,8,9,590,591,592,593,594,595,596,597,598",0.000156144491221373,TRUE,0,0,0,0,18,0,18,0,1
"S.A.b",53,400,0.33,"TRUE","TRUE","FALSE","17.3824964998153","9.21810213848724","8.16439436132808","5.629","0.211","0.479","1,2,3,4,5,6,7,8,9,590,591,592,593,594,595,596,597,598",0.000188755449705923,TRUE,0,0,0,0,18,0,18,0,1
"S.A.b",54,400,0.33,"TRUE","TRUE","FALSE","18.0864120158831","9.16427264798934","8.92213936789376","5.448","0.194","0.451","1,2,3,4,5,6,7,8,9,590,591,592,593,594,595,596,597,598",5.63258387361372e-05,TRUE,0,0,0,0,18,0,18,0,1
"S.A.b",55,400,0.33,"TRUE","TRUE","FALSE","18.1513887539237","9.15078010071973","9.00060865320395","5.079","0.207","0.451","1,2,3,4,5,6,7,8,9,590,591,592,593,594,595,596,597,598",9.99254475328931e-05,TRUE,0,0,0,0,18,0,18,0,1
"S.A.b",56,400,0.33,"TRUE","TRUE","FALSE","18.0828669705868","9.11038491577895","8.97248205480786","4.93","0.22","0.495","1,2,3,4,5,6,7,8,9,590,591,592,593,594,595,596,597,598",9.89272174425093e-05,TRUE,0,0,0,0,18,0,18,0,1
"S.A.b",57,400,0.33,"TRUE","TRUE","FALSE","17.4138964593864","9.13481888316198","8.27907757622439","5.533","0.214","0.505","1,2,3,4,5,6,7,8,9,590,591,592,593,594,595,596,597,598",8.48598574288764e-05,TRUE,0,0,0,0,18,0,18,0,1
"S.A.b",58,400,0.33,"TRUE","TRUE","FALSE","18.1276404007251","9.12481361789586","9.00282678282923","4.828","0.206","0.46","1,2,3,4,5,6,7,8,9,590,591,592,593,594,595,596,597,598",0.000191460379773746,TRUE,0,0,0,0,18,0,18,0,1
"S.A.b",59,400,0.33,"TRUE","TRUE","FALSE","18.2273516695455","9.22449736466011","9.00285430488541","5.321","0.209","0.484","1,2,3,4,5,6,7,8,9,590,591,592,593,594,595,596,597,598",0.000138908906298654,TRUE,0,0,0,0,18,0,18,0,1
"S.A.b",6,400,0.33,"TRUE","TRUE","FALSE","18.058099132029","9.20476886460261","8.85333026742635","5.854","0.212","0.484","1,2,3,4,5,6,7,8,9,590,591,592,593,594,595,596,597,598",8.0403160652797e-05,TRUE,0,0,0,0,18,0,18,0,1
"S.A.b",60,400,0.33,"TRUE","TRUE","FALSE","18.0901322569256","9.14375551393098","8.94637674299465","5.22","0.203","0.448","1,2,3,4,5,6,7,8,9,590,591,592,593,594,595,596,597,598",0.000108132879217055,TRUE,0,0,0,0,18,0,18,0,1
"S.A.b",61,400,0.33,"TRUE","TRUE","FALSE","17.1016898364185","9.03633317567104","8.06535666074742","5.771","0.219","0.49","1,2,3,4,5,6,7,8,9,590,591,592,593,594,595,596,597,598",0.000157911390152028,TRUE,0,0,0,0,18,0,18,0,1
"S.A.b",62,400,0.33,"TRUE","TRUE","FALSE","17.6890706017783","9.16504194205107","8.52402865972727","5.772","0.2","0.46","1,2,3,4,5,6,7,8,9,590,591,592,593,594,595,596,597,598",0.000101176174726393,TRUE,0,0,0,0,18,0,18,0,1
"S.A.b",63,400,0.33,"TRUE","TRUE","FALSE","18.1262582279575","9.12657996805498","8.99967825990251","4.89","0.207","0.469","1,2,3,4,5,6,7,8,9,590,591,592,593,594,595,596,597,598",0.000127598417206945,TRUE,0,0,0,0,18,0,18,0,1
"S.A.b",64,400,0.33,"TRUE","TRUE","FALSE","17.7583382360091","8.93047928308909","8.82785895291997","5.949","0.215","0.501","1,2,3,4,5,6,7,8,9,590,591,592,593,594,595,596,597,598",0.000177775830075955,TRUE,0,0,0,0,18,0,18,0,1
"S.A.b",65,400,0.33,"TRUE","TRUE","FALSE","18.1027456004347","9.12791849758623","8.97482710284851","5.044","0.204","0.462","1,2,3,4,5,6,7,8,9,590,591,592,593,594,595,596,597,598",0.000106314791538991,TRUE,0,0,0,0,18,0,18,0,1
"S.A.b",66,400,0.33,"TRUE","TRUE","FALSE","18.1280362728111","9.12706951706283","9.00096675574822","4.79","0.209","0.492","1,2,3,4,5,6,7,8,9,590,591,592,593,594,595,596,597,598",9.97400424835985e-05,TRUE,0,0,0,0,18,0,18,0,1
"S.A.b",67,400,0.33,"TRUE","TRUE","FALSE","18.1781878040862","9.17524474811675","9.00294305596947","5.211","0.22","0.554","1,2,3,4,5,6,7,8,9,590,591,592,593,594,595,596,597,598",0.000145364236760301,TRUE,0,0,0,0,18,0,18,0,1
"S.A.b",68,400,0.33,"TRUE","TRUE","FALSE","18.0619072767769","9.14584619752761","8.91606107924924","5.135","0.211","0.468","1,2,3,4,5,6,7,8,9,590,591,592,593,594,595,596,597,598",0.000211578595349806,TRUE,0,0,0,0,18,0,18,0,1
"S.A.b",69,400,0.33,"TRUE","TRUE","FALSE","17.8429070120055","9.12629608463765","8.71661092736781","5.67","0.222","0.523","1,2,3,4,5,6,7,8,9,590,591,592,593,594,595,596,597,598",9.40615333413078e-05,TRUE,0,0,0,0,18,0,18,0,1
"S.A.b",7,400,0.33,"TRUE","TRUE","FALSE","18.2921069143431","9.28557657399585","9.00653034034723","5.748","0.221","0.55","1,2,3,4,5,6,7,8,9,590,591,592,593,594,595,596,597,598",8.32889745709126e-05,TRUE,0,0,0,0,18,0,18,0,1
"S.A.b",70,400,0.33,"TRUE","TRUE","FALSE","18.1259576340825","9.13879827650013","8.98715935758239","5.292","0.232","0.49","1,2,3,4,5,6,7,8,9,590,591,592,593,594,595,596,597,598",0.000197186918550467,TRUE,0,0,0,0,18,0,18,0,1
"S.A.b",71,400,0.33,"TRUE","TRUE","FALSE","18.1132436805058","9.12397711919777","8.989266561308","5.072","0.211","0.497","1,2,3,4,5,6,7,8,9,590,591,592,593,594,595,596,597,598",0.000165652702825412,TRUE,0,0,0,0,18,0,18,0,1
"S.A.b",72,400,0.33,"TRUE","TRUE","FALSE","18.1452615063859","9.13898295717136","9.00627854921457","5.158","0.209","0.489","1,2,3,4,5,6,7,8,9,590,591,592,593,594,595,596,597,598",0.000118273195274392,TRUE,0,0,0,0,18,0,18,0,1
"S.A.b",73,400,0.33,"TRUE","TRUE","FALSE","18.1085671721594","9.1568247566674","8.95174241549199","5.356","0.202","0.509","1,2,3,4,5,6,7,8,9,590,591,592,593,594,595,596,597,598",0.000140146610429368,TRUE,0,0,0,0,18,0,18,0,1
"S.A.b",74,400,0.33,"TRUE","TRUE","FALSE","17.7094528337467","9.11424223224045","8.59521060150625","5.735","0.204","0.465","1,2,3,4,5,6,7,8,9,590,591,592,593,594,595,596,597,598",0.000157861244106915,TRUE,0,0,0,0,18,0,18,0,1
"S.A.b",75,400,0.33,"TRUE","TRUE","FALSE","18.1058088202442","9.12325255525068","8.98255626499349","4.79","0.204","0.476","1,2,3,4,5,6,7,8,9,590,591,592,593,594,595,596,597,598",0.000180422060438252,TRUE,0,0,0,0,18,0,18,0,1
"S.A.b",76,400,0.33,"TRUE","TRUE","FALSE","17.1708928471068","9.16175123493432","8.00914161217249","5.048","0.21","0.508","1,2,3,4,5,6,7,8,9,591,592,593,594,595,596,597,598",0.000253446618420953,FALSE,0,0,0,1,17,0,17,0,0.944444444444444
"S.A.b",77,400,0.33,"TRUE","TRUE","FALSE","18.1244395510881","9.12220306356656","9.00223648752154","5.091","0.219","0.528","1,2,3,4,5,6,7,8,9,590,591,592,593,594,595,596,597,598",0.000161295848286151,TRUE,0,0,0,0,18,0,18,0,1
"S.A.b",78,400,0.33,"TRUE","TRUE","FALSE","18.2258321530854","9.2233526128093","9.00247954027611","5.116","0.21","0.497","1,2,3,4,5,6,7,8,9,590,591,592,593,594,595,596,597,598",9.45897554272317e-05,TRUE,0,0,0,0,18,0,18,0,1
"S.A.b",79,400,0.33,"TRUE","TRUE","FALSE","17.9949706036523","9.38011060576974","8.6148599978826","6.348","0.212","0.493","1,2,3,4,5,6,7,8,9,590,591,592,593,594,595,596,597,598",0.000117229911537327,TRUE,0,0,0,0,18,0,18,0,1
"S.A.b",8,400,0.33,"TRUE","TRUE","FALSE","18.1625433021107","9.16006246573273","9.00248083637795","4.921","0.212","0.496","1,2,3,4,5,6,7,8,9,590,591,592,593,594,595,596,597,598",0.000129726156246693,TRUE,0,0,0,0,18,0,18,0,1
"S.A.b",80,400,0.33,"TRUE","TRUE","FALSE","18.1853954793847","9.26821146569724","8.91718401368747","5.682","0.209","0.429","1,2,3,4,5,6,7,8,9,590,591,592,593,594,595,596,597,598",0.000132453853075925,TRUE,0,0,0,0,18,0,18,0,1
"S.A.b",81,400,0.33,"TRUE","TRUE","FALSE","18.1329724832345","9.12834153102807","9.0046309522064","5.032","0.216","0.517","1,2,3,4,5,6,7,8,9,590,591,592,593,594,595,596,597,598",0.000150369626508504,TRUE,0,0,0,0,18,0,18,0,1
"S.A.b",82,400,0.33,"TRUE","TRUE","FALSE","17.8667123855515","9.1804468100007","8.68626557555082","6.29","0.223","0.55","1,2,3,4,5,6,7,8,9,590,591,592,593,594,595,596,597,598",0.000137862427285826,TRUE,0,0,0,0,18,0,18,0,1
"S.A.b",83,400,0.33,"TRUE","TRUE","FALSE","17.5836524209627","9.18985172046876","8.39380070049391","6.119","0.222","0.542","1,2,3,4,5,6,7,8,9,590,591,592,593,594,595,596,597,598",0.000106728283906251,TRUE,0,0,0,0,18,0,18,0,1
"S.A.b",84,400,0.33,"TRUE","TRUE","FALSE","18.3515615851713","9.34717739756536","9.00438418760597","5.63","0.201","0.496","1,2,3,4,5,6,7,8,9,590,591,592,593,594,595,596,597,598",0.000129977852234293,TRUE,0,0,0,0,18,0,18,0,1
"S.A.b",85,400,0.33,"TRUE","TRUE","FALSE","18.1555261451242","9.1521811101205","9.00334503500369","5.615","0.213","0.476","1,2,3,4,5,6,7,8,9,590,591,592,593,594,595,596,597,598",0.000102796237130229,TRUE,0,0,0,0,18,0,18,0,1
"S.A.b",86,400,0.33,"TRUE","TRUE","FALSE","18.1273380363559","9.12226229757053","9.00507573878536","5.066","0.217","0.493","1,2,3,4,5,6,7,8,9,590,591,592,593,594,595,596,597,598",0.000231315621653176,TRUE,0,0,0,0,18,0,18,0,1
"S.A.b",87,400,0.33,"TRUE","TRUE","FALSE","17.6954313435352","9.16073670781473","8.53469463572051","5.695","0.209","0.465","1,2,3,4,5,6,7,8,9,590,591,592,593,594,595,596,597,598",9.09461567942306e-05,TRUE,0,0,0,0,18,0,18,0,1
"S.A.b",88,400,0.33,"TRUE","TRUE","FALSE","17.7781821684881","8.8498927699857","8.92828939850236","5.628","0.207","0.487","1,2,3,4,5,6,7,8,9,590,591,592,593,594,595,596,597,598",0.000164993105333725,TRUE,0,0,0,0,18,0,18,0,1
"S.A.b",89,400,0.33,"TRUE","TRUE","FALSE","18.250169193051","9.30274342659562","8.94742576645534","5.647","0.194","0.453","1,2,3,4,5,6,7,8,9,590,591,592,593,594,595,596,597,598",5.92229582380453e-05,TRUE,0,0,0,0,18,0,18,0,1
"S.A.b",9,400,0.33,"TRUE","TRUE","FALSE","18.1771325954254","9.17434271488989","9.0027898805355","5.113","0.202","0.487","1,2,3,4,5,6,7,8,9,590,591,592,593,594,595,596,597,598",0.000148644258843483,TRUE,0,0,0,0,18,0,18,0,1
"S.A.b",90,400,0.33,"TRUE","TRUE","FALSE","18.1286115572143","9.13653253213746","8.9920790250768","5.141","0.205","0.494","1,2,3,4,5,6,7,8,9,590,591,592,593,594,595,596,597,598",0.000144645026847124,TRUE,0,0,0,0,18,0,18,0,1
"S.A.b",91,400,0.33,"TRUE","TRUE","FALSE","17.7008790935176","9.28596226295381","8.41491683056383","6.476","0.212","0.504","1,2,3,4,5,6,7,8,9,590,591,592,593,594,595,596,597,598",0.000122620938784996,TRUE,0,0,0,0,18,0,18,0,1
"S.A.b",92,400,0.33,"TRUE","TRUE","FALSE","18.1004080009791","9.17468729360629","8.92572070737279","6.262","0.243","0.545","1,2,3,4,5,6,7,8,9,590,591,592,593,594,595,596,597,598",8.97167443294441e-05,TRUE,0,0,0,0,18,0,18,0,1
"S.A.b",93,400,0.33,"TRUE","TRUE","FALSE","17.9218672679005","9.14448516935555","8.77738209854494","6.257","0.217","0.512","1,2,3,4,5,6,7,8,9,590,591,592,593,594,595,596,597,598",0.000273859150847209,TRUE,0,0,0,0,18,0,18,0,1
"S.A.b",94,400,0.33,"TRUE","TRUE","FALSE","18.3396560317027","9.28135341887509","9.05830261282766","6.185","0.319","0.434","1,2,3,4,5,6,7,8,9,590,591,592,593,594,595,596,597,598,608",0.000166624580076335,FALSE,0,1,0,0,19,1,18,0.0526315789473684,1
"S.A.b",95,400,0.33,"TRUE","TRUE","FALSE","17.7001410851328","9.22676817226429","8.47337291286856","5.981","0.211","0.465","1,2,3,4,5,6,7,8,9,590,591,592,593,594,595,596,597,598",0.000159424681557763,TRUE,0,0,0,0,18,0,18,0,1
"S.A.b",96,400,0.33,"TRUE","TRUE","FALSE","17.7341103179979","9.1355175585467","8.59859275945116","5.632","0.207","0.465","1,2,3,4,5,6,7,8,9,590,591,592,593,594,595,596,597,598",0.000170504019506878,TRUE,0,0,0,0,18,0,18,0,1
"S.A.b",97,400,0.33,"TRUE","TRUE","FALSE","18.0348326633964","9.12830374699154","8.90652891640481","5.069","0.2","0.476","1,2,3,4,5,6,7,8,9,590,591,592,593,594,595,596,597,598",0.000188897786859238,TRUE,0,0,0,0,18,0,18,0,1
"S.A.b",98,400,0.33,"TRUE","TRUE","FALSE","18.1104916589397","9.1058396685595","9.00465199038018","5.255","0.216","0.5","1,2,3,4,5,6,7,8,9,590,591,592,593,594,595,596,597,598",0.000125029036437275,TRUE,0,0,0,0,18,0,18,0,1
"S.A.b",99,400,0.33,"TRUE","TRUE","FALSE","17.5658567329066","9.18181093656959","8.38404579633701","5.975","0.217","0.498","1,2,3,4,5,6,7,8,9,590,591,592,593,594,595,596,597,598",9.98215457366381e-05,TRUE,0,0,0,0,18,0,18,0,1
"S.EB",1,400,0.33,"TRUE","TRUE","FALSE","17.7291117916483","9.13764134008776","8.59147045156057","6.176","0.206","0.483","1,2,3,4,5,6,7,8,9,590,591,592,593,594,595,596,597,598",0.000246042447015746,TRUE,0,0,0,0,18,0,18,0,1
"S.EB",10,400,0.33,"TRUE","TRUE","FALSE","17.2374723393573","9.10169035715835","8.13578198219898","4.985","0.206","0.482","1,2,3,4,5,6,7,8,9,590,591,592,593,594,595,596,597,598",0.00015218730602926,TRUE,0,0,0,0,18,0,18,0,1
"S.EB",100,400,0.33,"TRUE","TRUE","FALSE","18.0988369480051","9.13778750424608","8.96104944375906","5.08","0.205","0.505","1,2,3,4,5,6,7,8,9,590,591,592,593,594,595,596,597,598",9.69337769435666e-05,TRUE,0,0,0,0,18,0,18,0,1
"S.EB",11,400,0.33,"TRUE","TRUE","FALSE","18.105893887949","9.11068836669279","8.99520552125625","4.872","0.208","0.514","1,2,3,4,5,6,7,8,9,590,591,592,593,594,595,596,597,598",4.53381772137753e-05,TRUE,0,0,0,0,18,0,18,0,1
"S.EB",12,400,0.33,"TRUE","TRUE","FALSE","18.1610324721797","9.16343394838533","8.99759852379442","5.159","0.208","0.516","1,2,3,4,5,6,7,8,9,590,591,592,593,594,595,596,597,598",0.000111607758580441,TRUE,0,0,0,0,18,0,18,0,1
"S.EB",13,400,0.33,"TRUE","TRUE","FALSE","17.3494030297679","9.12971971040417","8.21968331936374","5.504","0.208","0.469","1,2,3,4,5,6,7,8,9,590,591,592,593,594,595,596,597,598",0.000162483732251991,TRUE,0,0,0,0,18,0,18,0,1
"S.EB",14,400,0.33,"TRUE","TRUE","FALSE","18.1151294518867","9.11479643912577","9.00033301276097","4.854","0.218","0.523","1,2,3,4,5,6,7,8,9,590,591,592,593,594,595,596,597,598",0.000166254937875077,TRUE,0,0,0,0,18,0,18,0,1
"S.EB",15,400,0.33,"TRUE","TRUE","FALSE","18.0645791548162","9.08851987442815","8.9760592803881","5.032","0.207","0.471","1,2,3,4,5,6,7,8,9,590,591,592,593,594,595,596,597,598",0.000184023701163684,TRUE,0,0,0,0,18,0,18,0,1
"S.EB",16,400,0.33,"TRUE","TRUE","FALSE","17.9779623672618","9.17382317579497","8.80413919146683","6.031","0.201","0.461","1,2,3,4,5,6,7,8,9,236,590,591,592,593,594,595,596,597,598",0.000265986065992328,FALSE,1,0,0,0,19,1,18,0.0526315789473684,1
"S.EB",17,400,0.33,"TRUE","TRUE","FALSE","17.522419395718","9.22923388412973","8.29318551158825","6.575","0.223","0.512","1,2,3,4,5,6,7,8,9,590,591,592,593,594,595,596,597,598",6.8822140295015e-05,TRUE,0,0,0,0,18,0,18,0,1
"S.EB",18,400,0.33,"TRUE","TRUE","FALSE","17.2445301120135","9.23267556867026","8.01185454334325","5.592","0.212","0.486","1,2,3,4,5,6,7,8,9,591,592,593,594,595,596,597,598",0.000358121113926086,FALSE,0,0,0,1,17,0,17,0,0.944444444444444
"S.EB",19,400,0.33,"TRUE","TRUE","FALSE","18.1028176806709","9.09999830047436","9.00281938019652","4.748","0.21","0.477","1,2,3,4,5,6,7,8,9,590,591,592,593,594,595,596,597,598",0.00013857139025751,TRUE,0,0,0,0,18,0,18,0,1
"S.EB",2,400,0.33,"TRUE","TRUE","FALSE","17.4791991922883","9.15296162524958","8.32623756703867","5.572","0.207","0.477","1,2,3,4,5,6,7,8,9,590,591,592,593,594,595,596,597,598",8.64270902931009e-05,TRUE,0,0,0,0,18,0,18,0,1
"S.EB",20,400,0.33,"TRUE","TRUE","FALSE","17.6398670605831","9.11927034529794","8.52059671528514","5.96","0.213","0.478","1,2,3,4,5,6,7,8,9,590,591,592,593,594,595,596,597,598",0.000169354099250073,TRUE,0,0,0,0,18,0,18,0,1
"S.EB",21,400,0.33,"TRUE","TRUE","FALSE","18.174159211486","9.1728308200462","9.00132839143975","4.922","0.217","0.467","1,2,3,4,5,6,7,8,9,254,590,591,592,593,594,595,596,597,598",0.000200666249875312,FALSE,1,0,0,0,19,1,18,0.0526315789473684,1
"S.EB",22,400,0.33,"TRUE","TRUE","FALSE","18.1199209600601","9.11810759175482","9.00181336830528","4.816","0.211","0.497","1,2,3,4,5,6,7,8,9,590,591,592,593,594,595,596,597,598",5.80916662905357e-05,TRUE,0,0,0,0,18,0,18,0,1
"S.EB",23,400,0.33,"TRUE","TRUE","FALSE","18.1537569898628","9.15146613342866","9.00229085643415","4.754","0.212","0.474","1,2,3,4,5,6,7,8,9,590,591,592,593,594,595,596,597,598",8.06197542678417e-05,TRUE,0,0,0,0,18,0,18,0,1
"S.EB",24,400,0.33,"TRUE","TRUE","FALSE","18.1003520163412","9.13098660385353","8.96936541248766","5.377","0.212","0.513","1,2,3,4,5,6,7,8,9,590,591,592,593,594,595,596,597,598",6.61488211321026e-05,TRUE,0,0,0,0,18,0,18,0,1
"S.EB",25,400,0.33,"TRUE","TRUE","FALSE","17.2071126510656","9.13060002080456","8.07651263026108","5.183","0.2","0.502","1,2,3,4,5,6,7,8,9,590,591,592,593,594,595,596,597,598",0.0001627826822071,TRUE,0,0,0,0,18,0,18,0,1
"S.EB",26,400,0.33,"TRUE","TRUE","FALSE","18.0938904441434","9.1459323760241","8.94795806811931","5.152","0.218","0.496","1,2,3,4,5,6,7,8,9,590,591,592,593,594,595,596,597,598",0.000165726646397713,TRUE,0,0,0,0,18,0,18,0,1
"S.EB",27,400,0.33,"TRUE","TRUE","FALSE","17.2343272406943","9.20084326476013","8.03348397593419","5.312","0.213","0.483","1,2,3,4,5,6,7,8,9,591,592,593,594,595,596,597,598",0.000286625363935658,FALSE,0,0,0,1,17,0,17,0,0.944444444444444
"S.EB",28,400,0.33,"TRUE","TRUE","FALSE","17.1477732297271","9.12331698313734","8.0244562465898","5.07","0.209","0.481","1,2,3,4,5,6,7,8,9,591,592,593,594,595,596,597,598",0.000389925330734766,FALSE,0,0,0,1,17,0,17,0,0.944444444444444
"S.EB",29,400,0.33,"TRUE","TRUE","FALSE","17.6403402585372","9.62505365771396","8.01528660082326","5.692","0.213","0.498","1,2,3,4,5,6,7,8,9,15,591,592,593,594,595,596,597,598",0.000426667203960465,FALSE,1,0,0,1,18,1,17,0.0555555555555556,0.944444444444444
"S.EB",3,400,0.33,"TRUE","TRUE","FALSE","18.0319438248219","9.12349804298507","8.90844578183685","5.371","0.212","0.481","1,2,3,4,5,6,7,8,9,590,591,592,593,594,595,596,597,598",0.000132397328480786,TRUE,0,0,0,0,18,0,18,0,1
"S.EB",30,400,0.33,"TRUE","TRUE","FALSE","18.1435519759072","9.14140720119175","9.00214477471546","5.061","0.204","0.454","1,2,3,4,5,6,7,8,9,590,591,592,593,594,595,596,597,598",9.36849761138185e-05,TRUE,0,0,0,0,18,0,18,0,1
"S.EB",31,400,0.33,"TRUE","TRUE","FALSE","17.5289484056827","9.1797904895294","8.34915791615326","5.752","0.211","0.464","1,2,3,4,5,6,7,8,9,313,590,591,592,593,594,595,596,597,598",0.000223718641952246,FALSE,1,0,0,0,19,1,18,0.0526315789473684,1
"S.EB",32,400,0.33,"TRUE","TRUE","FALSE","18.2400126542374","9.23822661942182","9.00178603481558","5.464","0.209","0.482","1,2,3,4,5,6,7,8,9,590,591,592,593,594,595,596,597,598",0.00014199068763578,TRUE,0,0,0,0,18,0,18,0,1
"S.EB",33,400,0.33,"TRUE","TRUE","FALSE","17.3653498104467","9.17817278170624","8.18717702874045","5.321","0.222","0.522","1,2,3,4,5,6,7,8,9,251,252,590,591,592,593,594,595,596,597,598",0.000394753387905083,FALSE,2,0,0,0,20,2,18,0.1,1
"S.EB",34,400,0.33,"TRUE","TRUE","FALSE","18.0613918001361","9.10813289704309","8.95325890309304","5.569","0.211","0.497","1,2,3,4,5,6,7,8,9,590,591,592,593,594,595,596,597,598",0.000112983804666253,TRUE,0,0,0,0,18,0,18,0,1
"S.EB",35,400,0.33,"TRUE","TRUE","FALSE","18.1948754495423","9.19285384175602","9.00202160778625","5.202","0.207","0.45","1,2,3,4,5,6,7,8,9,590,591,592,593,594,595,596,597,598",0.000177136479374582,TRUE,0,0,0,0,18,0,18,0,1
"S.EB",36,400,0.33,"TRUE","TRUE","FALSE","18.1716241525306","9.18849804727174","8.98312610525889","5.101","0.2","0.458","1,2,3,4,5,6,7,8,9,224,590,591,592,593,594,595,596,597,598",0.000310548077644477,FALSE,1,0,0,0,19,1,18,0.0526315789473684,1
"S.EB",37,400,0.33,"TRUE","TRUE","FALSE","18.0819904107202","9.10174372773263","8.98024668298756","4.833","0.213","0.506","1,2,3,4,5,6,7,8,9,590,591,592,593,594,595,596,597,598",0.000181175560261294,TRUE,0,0,0,0,18,0,18,0,1
"S.EB",38,400,0.33,"TRUE","TRUE","FALSE","17.2469227413497","9.2280770354787","8.01884570587101","6.423","0.218","0.511","1,2,3,4,5,6,7,8,9,591,592,593,594,595,596,597,598",0.000277963521801826,FALSE,0,0,0,1,17,0,17,0,0.944444444444444
"S.EB",39,400,0.33,"TRUE","TRUE","FALSE","18.0495677574709","9.2936705792512","8.75589717821966","6.18","0.211","0.504","1,2,3,4,5,6,7,8,9,537,590,591,592,593,594,595,596,597,598",0.000234095461480995,FALSE,1,0,0,0,19,1,18,0.0526315789473684,1
"S.EB",4,400,0.33,"TRUE","TRUE","FALSE","18.2359837593555","9.23288693822063","9.00309682113486","5.639","0.221","0.506","1,2,3,4,5,6,7,8,9,590,591,592,593,594,595,596,597,598",0.000182777936716459,TRUE,0,0,0,0,18,0,18,0,1
"S.EB",40,400,0.33,"TRUE","TRUE","FALSE","18.1176473060534","9.11713579736224","9.00051150869119","4.993","0.203","0.465","1,2,3,4,5,6,7,8,9,590,591,592,593,594,595,596,597,598",0.000176207143403375,TRUE,0,0,0,0,18,0,18,0,1
"S.EB",41,400,0.33,"TRUE","TRUE","FALSE","18.13524005582","9.14345219077162","8.99178786504843","5.103","0.219","0.522","1,2,3,4,5,6,7,8,9,590,591,592,593,594,595,596,597,598",9.8929797703058e-05,TRUE,0,0,0,0,18,0,18,0,1
"S.EB",42,400,0.33,"TRUE","TRUE","FALSE","17.2284380535152","9.10760652303882","8.12083153047642","5.371","0.239","0.535","1,2,3,4,5,6,7,8,9,590,591,592,593,594,595,596,597,598",7.8186358843437e-05,TRUE,0,0,0,0,18,0,18,0,1
"S.EB",43,400,0.33,"TRUE","TRUE","FALSE","18.0985904384293","9.11300062764315","8.98558981078619","5.283","0.234","0.513","1,2,3,4,5,6,7,8,9,590,591,592,593,594,595,596,597,598",8.18590626307085e-05,TRUE,0,0,0,0,18,0,18,0,1
"S.EB",44,400,0.33,"TRUE","TRUE","FALSE","17.1755997556058","9.13579235038498","8.03980740522087","5.412","0.213","0.502","1,2,3,4,5,6,7,8,9,591,592,593,594,595,596,597,598",0.000271352558952351,FALSE,0,0,0,1,17,0,17,0,0.944444444444444
"S.EB",45,400,0.33,"TRUE","TRUE","FALSE","18.0175171692617","9.2138405502432","8.80367661901845","5.914","0.2","0.441","1,2,3,4,5,6,7,8,9,184,590,591,592,593,594,595,596,597,598",0.000341858979793448,FALSE,1,0,0,0,19,1,18,0.0526315789473684,1
"S.EB",46,400,0.33,"TRUE","TRUE","FALSE","18.1459176933853","9.14244551375237","9.00347217963295","5.106","0.205","0.461","1,2,3,4,5,6,7,8,9,590,591,592,593,594,595,596,597,598",0.000151639428024831,TRUE,0,0,0,0,18,0,18,0,1
"S.EB",47,400,0.33,"TRUE","TRUE","FALSE","18.0560342220469","9.16652680279206","8.88950741925481","5.57","0.213","0.519","1,2,3,4,5,6,7,8,9,590,591,592,593,594,595,596,597,598",0.00012559412788552,TRUE,0,0,0,0,18,0,18,0,1
"S.EB",48,400,0.33,"TRUE","TRUE","FALSE","18.1556215515945","9.15051059879871","9.00511095279584","5.163","0.201","0.452","1,2,3,4,5,6,7,8,9,590,591,592,593,594,595,596,597,598",0.000174481436746278,TRUE,0,0,0,0,18,0,18,0,1
"S.EB",49,400,0.33,"TRUE","TRUE","FALSE","17.8283887451839","9.1585697816444","8.66981896353945","5.485","0.204","0.437","1,2,3,4,5,6,7,8,9,590,591,592,593,594,595,596,597,598",0.000150633918600465,TRUE,0,0,0,0,18,0,18,0,1
"S.EB",5,400,0.33,"TRUE","TRUE","FALSE","18.1700147685543","9.16304916488312","9.00696560367114","5.042","0.211","0.464","1,2,3,4,5,6,7,8,9,590,591,592,593,594,595,596,597,598",0.000199659230462454,TRUE,0,0,0,0,18,0,18,0,1
"S.EB",50,400,0.33,"TRUE","TRUE","FALSE","17.2778710856957","9.13498985904091","8.14288122665478","5.239","0.203","0.447","1,2,3,4,5,6,7,8,9,590,591,592,593,594,595,596,597,598",9.1778090122038e-05,TRUE,0,0,0,0,18,0,18,0,1
"S.EB",51,400,0.33,"TRUE","TRUE","FALSE","18.1277780317462","9.11635647428155","9.01142155746465","5.515","0.377","0.587","1,2,3,4,5,6,7,8,9,590,591,592,593,594,595,596,597,598",0.000126466722225366,TRUE,0,0,0,0,18,0,18,0,1
"S.EB",52,400,0.33,"TRUE","TRUE","FALSE","18.1208429682727","9.10939579615799","9.01144717211466","5.368","0.217","0.502","1,2,3,4,5,6,7,8,9,590,591,592,593,594,595,596,597,598",0.000156144491221373,TRUE,0,0,0,0,18,0,18,0,1
"S.EB",53,400,0.33,"TRUE","TRUE","FALSE","17.3824964998153","9.21810213848724","8.16439436132808","5.629","0.211","0.479","1,2,3,4,5,6,7,8,9,59,67,590,591,592,593,594,595,596,597,598",0.00034688511470107,FALSE,2,0,0,0,20,2,18,0.1,1
"S.EB",54,400,0.33,"TRUE","TRUE","FALSE","18.0864120158831","9.16427264798934","8.92213936789376","5.448","0.194","0.451","1,2,3,4,5,6,7,8,9,590,591,592,593,594,595,596,597,598",5.63258387361372e-05,TRUE,0,0,0,0,18,0,18,0,1
"S.EB",55,400,0.33,"TRUE","TRUE","FALSE","18.1513887539237","9.15078010071973","9.00060865320395","5.079","0.207","0.451","1,2,3,4,5,6,7,8,9,590,591,592,593,594,595,596,597,598",9.99254475328931e-05,TRUE,0,0,0,0,18,0,18,0,1
"S.EB",56,400,0.33,"TRUE","TRUE","FALSE","18.0828669705868","9.11038491577895","8.97248205480786","4.93","0.22","0.495","1,2,3,4,5,6,7,8,9,590,591,592,593,594,595,596,597,598",9.89272174425093e-05,TRUE,0,0,0,0,18,0,18,0,1
"S.EB",57,400,0.33,"TRUE","TRUE","FALSE","17.4138964593864","9.13481888316198","8.27907757622439","5.533","0.214","0.505","1,2,3,4,5,6,7,8,9,590,591,592,593,594,595,596,597,598",8.48598574288764e-05,TRUE,0,0,0,0,18,0,18,0,1
"S.EB",58,400,0.33,"TRUE","TRUE","FALSE","18.1276404007251","9.12481361789586","9.00282678282923","4.828","0.206","0.46","1,2,3,4,5,6,7,8,9,590,591,592,593,594,595,596,597,598",0.000191460379773746,TRUE,0,0,0,0,18,0,18,0,1
"S.EB",59,400,0.33,"TRUE","TRUE","FALSE","18.2273516695455","9.22449736466011","9.00285430488541","5.321","0.209","0.484","1,2,3,4,5,6,7,8,9,487,590,591,592,593,594,595,596,597,598",0.000225728569477388,FALSE,1,0,0,0,19,1,18,0.0526315789473684,1
"S.EB",6,400,0.33,"TRUE","TRUE","FALSE","18.058099132029","9.20476886460261","8.85333026742635","5.854","0.212","0.484","1,2,3,4,5,6,7,8,9,590,591,592,593,594,595,596,597,598",8.0403160652797e-05,TRUE,0,0,0,0,18,0,18,0,1
"S.EB",60,400,0.33,"TRUE","TRUE","FALSE","18.0901322569256","9.14375551393098","8.94637674299465","5.22","0.203","0.448","1,2,3,4,5,6,7,8,9,590,591,592,593,594,595,596,597,598",0.000108132879217055,TRUE,0,0,0,0,18,0,18,0,1
"S.EB",61,400,0.33,"TRUE","TRUE","FALSE","17.1016898364185","9.03633317567104","8.06535666074742","5.771","0.219","0.49","1,2,3,4,5,6,7,8,9,590,591,592,593,594,595,596,597,598",0.000157911390152028,TRUE,0,0,0,0,18,0,18,0,1
"S.EB",62,400,0.33,"TRUE","TRUE","FALSE","17.6890706017783","9.16504194205107","8.52402865972727","5.772","0.2","0.46","1,2,3,4,5,6,7,8,9,590,591,592,593,594,595,596,597,598",0.000101176174726393,TRUE,0,0,0,0,18,0,18,0,1
"S.EB",63,400,0.33,"TRUE","TRUE","FALSE","18.1262582279575","9.12657996805498","8.99967825990251","4.89","0.207","0.469","1,2,3,4,5,6,7,8,9,590,591,592,593,594,595,596,597,598",0.000127598417206945,TRUE,0,0,0,0,18,0,18,0,1
"S.EB",64,400,0.33,"TRUE","TRUE","FALSE","17.7583382360091","8.93047928308909","8.82785895291997","5.949","0.215","0.501","1,2,3,4,5,6,7,8,9,590,591,592,593,594,595,596,597,598",0.000177775830075955,TRUE,0,0,0,0,18,0,18,0,1
"S.EB",65,400,0.33,"TRUE","TRUE","FALSE","18.1027456004347","9.12791849758623","8.97482710284851","5.044","0.204","0.462","1,2,3,4,5,6,7,8,9,590,591,592,593,594,595,596,597,598",0.000106314791538991,TRUE,0,0,0,0,18,0,18,0,1
"S.EB",66,400,0.33,"TRUE","TRUE","FALSE","18.1280362728111","9.12706951706283","9.00096675574822","4.79","0.209","0.492","1,2,3,4,5,6,7,8,9,590,591,592,593,594,595,596,597,598",9.97400424835985e-05,TRUE,0,0,0,0,18,0,18,0,1
"S.EB",67,400,0.33,"TRUE","TRUE","FALSE","18.1781878040862","9.17524474811675","9.00294305596947","5.211","0.22","0.554","1,2,3,4,5,6,7,8,9,590,591,592,593,594,595,596,597,598",0.000145364236760301,TRUE,0,0,0,0,18,0,18,0,1
"S.EB",68,400,0.33,"TRUE","TRUE","FALSE","18.0619072767769","9.14584619752761","8.91606107924924","5.135","0.211","0.468","1,2,3,4,5,6,7,8,9,590,591,592,593,594,595,596,597,598",0.000211578595349806,TRUE,0,0,0,0,18,0,18,0,1
"S.EB",69,400,0.33,"TRUE","TRUE","FALSE","17.8429070120055","9.12629608463765","8.71661092736781","5.67","0.222","0.523","1,2,3,4,5,6,7,8,9,590,591,592,593,594,595,596,597,598",9.40615333413078e-05,TRUE,0,0,0,0,18,0,18,0,1
"S.EB",7,400,0.33,"TRUE","TRUE","FALSE","18.2921069143431","9.28557657399585","9.00653034034723","5.748","0.221","0.55","1,2,3,4,5,6,7,8,9,492,590,591,592,593,594,595,596,597,598",0.000208203385739312,FALSE,1,0,0,0,19,1,18,0.0526315789473684,1
"S.EB",70,400,0.33,"TRUE","TRUE","FALSE","18.1259576340825","9.13879827650013","8.98715935758239","5.292","0.232","0.49","1,2,3,4,5,6,7,8,9,590,591,592,593,594,595,596,597,598",0.000197186918550467,TRUE,0,0,0,0,18,0,18,0,1
"S.EB",71,400,0.33,"TRUE","TRUE","FALSE","18.1132436805058","9.12397711919777","8.989266561308","5.072","0.211","0.497","1,2,3,4,5,6,7,8,9,590,591,592,593,594,595,596,597,598",0.000165652702825412,TRUE,0,0,0,0,18,0,18,0,1
"S.EB",72,400,0.33,"TRUE","TRUE","FALSE","18.1452615063859","9.13898295717136","9.00627854921457","5.158","0.209","0.489","1,2,3,4,5,6,7,8,9,590,591,592,593,594,595,596,597,598",0.000118273195274392,TRUE,0,0,0,0,18,0,18,0,1
"S.EB",73,400,0.33,"TRUE","TRUE","FALSE","18.1085671721594","9.1568247566674","8.95174241549199","5.356","0.202","0.509","1,2,3,4,5,6,7,8,9,590,591,592,593,594,595,596,597,598",0.000140146610429368,TRUE,0,0,0,0,18,0,18,0,1
"S.EB",74,400,0.33,"TRUE","TRUE","FALSE","17.7094528337467","9.11424223224045","8.59521060150625","5.735","0.204","0.465","1,2,3,4,5,6,7,8,9,590,591,592,593,594,595,596,597,598",0.000157861244106915,TRUE,0,0,0,0,18,0,18,0,1
"S.EB",75,400,0.33,"TRUE","TRUE","FALSE","18.1058088202442","9.12325255525068","8.98255626499349","4.79","0.204","0.476","1,2,3,4,5,6,7,8,9,590,591,592,593,594,595,596,597,598",0.000180422060438252,TRUE,0,0,0,0,18,0,18,0,1
"S.EB",76,400,0.33,"TRUE","TRUE","FALSE","17.1708928471068","9.16175123493432","8.00914161217249","5.048","0.21","0.508","1,2,3,4,5,6,7,8,9,591,592,593,594,595,596,597,598",0.000253446618420953,FALSE,0,0,0,1,17,0,17,0,0.944444444444444
"S.EB",77,400,0.33,"TRUE","TRUE","FALSE","18.1244395510881","9.12220306356656","9.00223648752154","5.091","0.219","0.528","1,2,3,4,5,6,7,8,9,590,591,592,593,594,595,596,597,598",0.000161295848286151,TRUE,0,0,0,0,18,0,18,0,1
"S.EB",78,400,0.33,"TRUE","TRUE","FALSE","18.2258321530854","9.2233526128093","9.00247954027611","5.116","0.21","0.497","1,2,3,4,5,6,7,8,9,344,590,591,592,593,594,595,596,597,598",0.000206081729700107,FALSE,1,0,0,0,19,1,18,0.0526315789473684,1
"S.EB",79,400,0.33,"TRUE","TRUE","FALSE","17.9949706036523","9.38011060576974","8.6148599978826","6.348","0.212","0.493","1,2,3,4,5,6,7,8,9,345,590,591,592,593,594,595,596,597,598",0.000223550803548837,FALSE,1,0,0,0,19,1,18,0.0526315789473684,1
"S.EB",8,400,0.33,"TRUE","TRUE","FALSE","18.1625433021107","9.16006246573273","9.00248083637795","4.921","0.212","0.496","1,2,3,4,5,6,7,8,9,590,591,592,593,594,595,596,597,598",0.000129726156246693,TRUE,0,0,0,0,18,0,18,0,1
"S.EB",80,400,0.33,"TRUE","TRUE","FALSE","18.1853954793847","9.26821146569724","8.91718401368747","5.682","0.209","0.429","1,2,3,4,5,6,7,8,9,197,307,590,591,592,593,594,595,596,597,598",0.000342276303947812,FALSE,2,0,0,0,20,2,18,0.1,1
"S.EB",81,400,0.33,"TRUE","TRUE","FALSE","18.1329724832345","9.12834153102807","9.0046309522064","5.032","0.216","0.517","1,2,3,4,5,6,7,8,9,590,591,592,593,594,595,596,597,598",0.000150369626508504,TRUE,0,0,0,0,18,0,18,0,1
"S.EB",82,400,0.33,"TRUE","TRUE","FALSE","17.8667123855515","9.1804468100007","8.68626557555082","6.29","0.223","0.55","1,2,3,4,5,6,7,8,9,590,591,592,593,594,595,596,597,598",0.000137862427285826,TRUE,0,0,0,0,18,0,18,0,1
"S.EB",83,400,0.33,"TRUE","TRUE","FALSE","17.5836524209627","9.18985172046876","8.39380070049391","6.119","0.222","0.542","1,2,3,4,5,6,7,8,9,590,591,592,593,594,595,596,597,598",0.000106728283906251,TRUE,0,0,0,0,18,0,18,0,1
"S.EB",84,400,0.33,"TRUE","TRUE","FALSE","18.3515615851713","9.34717739756536","9.00438418760597","5.63","0.201","0.496","1,2,3,4,5,6,7,8,9,279,590,591,592,593,594,595,596,597,598",0.00024967430864654,FALSE,1,0,0,0,19,1,18,0.0526315789473684,1
"S.EB",85,400,0.33,"TRUE","TRUE","FALSE","18.1555261451242","9.1521811101205","9.00334503500369","5.615","0.213","0.476","1,2,3,4,5,6,7,8,9,590,591,592,593,594,595,596,597,598",0.000102796237130229,TRUE,0,0,0,0,18,0,18,0,1
"S.EB",86,400,0.33,"TRUE","TRUE","FALSE","18.1273380363559","9.12226229757053","9.00507573878536","5.066","0.217","0.493","1,2,3,4,5,6,7,8,9,590,591,592,593,594,595,596,597,598",0.000231315621653176,TRUE,0,0,0,0,18,0,18,0,1
"S.EB",87,400,0.33,"TRUE","TRUE","FALSE","17.6954313435352","9.16073670781473","8.53469463572051","5.695","0.209","0.465","1,2,3,4,5,6,7,8,9,590,591,592,593,594,595,596,597,598",9.09461567942306e-05,TRUE,0,0,0,0,18,0,18,0,1
"S.EB",88,400,0.33,"TRUE","TRUE","FALSE","17.7781821684881","8.8498927699857","8.92828939850236","5.628","0.207","0.487","1,2,3,4,5,6,7,8,9,590,591,592,593,594,595,596,597,598",0.000164993105333725,TRUE,0,0,0,0,18,0,18,0,1
"S.EB",89,400,0.33,"TRUE","TRUE","FALSE","18.250169193051","9.30274342659562","8.94742576645534","5.647","0.194","0.453","1,2,3,4,5,6,7,8,9,315,590,591,592,593,594,595,596,597,598",0.000199152808300402,FALSE,1,0,0,0,19,1,18,0.0526315789473684,1
"S.EB",9,400,0.33,"TRUE","TRUE","FALSE","18.1771325954254","9.17434271488989","9.0027898805355","5.113","0.202","0.487","1,2,3,4,5,6,7,8,9,590,591,592,593,594,595,596,597,598",0.000148644258843483,TRUE,0,0,0,0,18,0,18,0,1
"S.EB",90,400,0.33,"TRUE","TRUE","FALSE","18.1286115572143","9.13653253213746","8.9920790250768","5.141","0.205","0.494","1,2,3,4,5,6,7,8,9,590,591,592,593,594,595,596,597,598",0.000144645026847124,TRUE,0,0,0,0,18,0,18,0,1
"S.EB",91,400,0.33,"TRUE","TRUE","FALSE","17.7008790935176","9.28596226295381","8.41491683056383","6.476","0.212","0.504","1,2,3,4,5,6,7,8,9,590,591,592,593,594,595,596,597,598",0.000122620938784996,TRUE,0,0,0,0,18,0,18,0,1
"S.EB",92,400,0.33,"TRUE","TRUE","FALSE","18.1004080009791","9.17468729360629","8.92572070737279","6.262","0.243","0.545","1,2,3,4,5,6,7,8,9,590,591,592,593,594,595,596,597,598",8.97167443294441e-05,TRUE,0,0,0,0,18,0,18,0,1
"S.EB",93,400,0.33,"TRUE","TRUE","FALSE","17.9218672679005","9.14448516935555","8.77738209854494","6.257","0.217","0.512","1,2,3,4,5,6,7,8,9,590,591,592,593,594,595,596,597,598",0.000273859150847209,TRUE,0,0,0,0,18,0,18,0,1
"S.EB",94,400,0.33,"TRUE","TRUE","FALSE","18.3396560317027","9.28135341887509","9.05830261282766","6.185","0.319","0.434","1,2,3,4,5,6,7,8,9,530,590,591,592,593,594,595,596,597,598,608",0.000289979607736527,FALSE,1,1,0,0,20,2,18,0.1,1
"S.EB",95,400,0.33,"TRUE","TRUE","FALSE","17.7001410851328","9.22676817226429","8.47337291286856","5.981","0.211","0.465","1,2,3,4,5,6,7,8,9,590,591,592,593,594,595,596,597,598",0.000159424681557763,TRUE,0,0,0,0,18,0,18,0,1
"S.EB",96,400,0.33,"TRUE","TRUE","FALSE","17.7341103179979","9.1355175585467","8.59859275945116","5.632","0.207","0.465","1,2,3,4,5,6,7,8,9,590,591,592,593,594,595,596,597,598",0.000170504019506878,TRUE,0,0,0,0,18,0,18,0,1
"S.EB",97,400,0.33,"TRUE","TRUE","FALSE","18.0348326633964","9.12830374699154","8.90652891640481","5.069","0.2","0.476","1,2,3,4,5,6,7,8,9,590,591,592,593,594,595,596,597,598",0.000188897786859238,TRUE,0,0,0,0,18,0,18,0,1
"S.EB",98,400,0.33,"TRUE","TRUE","FALSE","18.1104916589397","9.1058396685595","9.00465199038018","5.255","0.216","0.5","1,2,3,4,5,6,7,8,9,590,591,592,593,594,595,596,597,598",0.000125029036437275,TRUE,0,0,0,0,18,0,18,0,1
"S.EB",99,400,0.33,"TRUE","TRUE","FALSE","17.5658567329066","9.18181093656959","8.38404579633701","5.975","0.217","0.498","1,2,3,4,5,6,7,8,9,590,591,592,593,594,595,596,597,598",9.98215457366381e-05,TRUE,0,0,0,0,18,0,18,0,1
"S.EB.b",1,400,0.33,"TRUE","TRUE","FALSE","17.7291117916483","9.13764134008776","8.59147045156057","6.176","0.206","0.483","1,2,3,4,5,6,7,8,9,590,591,592,593,594,595,596,597,598",0.000246042447015746,TRUE,0,0,0,0,18,0,18,0,1
"S.EB.b",10,400,0.33,"TRUE","TRUE","FALSE","17.2374723393573","9.10169035715835","8.13578198219898","4.985","0.206","0.482","1,2,3,4,5,6,7,8,9,590,591,592,593,594,595,596,597,598,608",0.00021585420247651,FALSE,0,1,0,0,19,1,18,0.0526315789473684,1
"S.EB.b",100,400,0.33,"TRUE","TRUE","FALSE","18.0988369480051","9.13778750424608","8.96104944375906","5.08","0.205","0.505","1,2,3,4,5,6,7,8,9,590,591,592,593,594,595,596,597,598",9.69337769435666e-05,TRUE,0,0,0,0,18,0,18,0,1
"S.EB.b",11,400,0.33,"TRUE","TRUE","FALSE","18.105893887949","9.11068836669279","8.99520552125625","4.872","0.208","0.514","1,2,3,4,5,6,7,8,9,590,591,592,593,594,595,596,597,598",4.53381772137753e-05,TRUE,0,0,0,0,18,0,18,0,1
"S.EB.b",12,400,0.33,"TRUE","TRUE","FALSE","18.1610324721797","9.16343394838533","8.99759852379442","5.159","0.208","0.516","1,2,3,4,5,6,7,8,9,590,591,592,593,594,595,596,597,598",0.000111607758580441,TRUE,0,0,0,0,18,0,18,0,1
"S.EB.b",13,400,0.33,"TRUE","TRUE","FALSE","17.3494030297679","9.12971971040417","8.21968331936374","5.504","0.208","0.469","1,2,3,4,5,6,7,8,9,590,591,592,593,594,595,596,597,598",0.000162483732251991,TRUE,0,0,0,0,18,0,18,0,1
"S.EB.b",14,400,0.33,"TRUE","TRUE","FALSE","18.1151294518867","9.11479643912577","9.00033301276097","4.854","0.218","0.523","1,2,3,4,5,6,7,8,9,590,591,592,593,594,595,596,597,598",0.000166254937875077,TRUE,0,0,0,0,18,0,18,0,1
"S.EB.b",15,400,0.33,"TRUE","TRUE","FALSE","18.0645791548162","9.08851987442815","8.9760592803881","5.032","0.207","0.471","1,2,3,4,5,6,7,8,9,590,591,592,593,594,595,596,597,598,606",0.000227560129730007,FALSE,0,1,0,0,19,1,18,0.0526315789473684,1
"S.EB.b",16,400,0.33,"TRUE","TRUE","FALSE","17.9779623672618","9.17382317579497","8.80413919146683","6.031","0.201","0.461","1,2,3,4,5,6,7,8,9,590,591,592,593,594,595,596,597,598",0.000109829246037709,TRUE,0,0,0,0,18,0,18,0,1
"S.EB.b",17,400,0.33,"TRUE","TRUE","FALSE","17.522419395718","9.22923388412973","8.29318551158825","6.575","0.223","0.512","1,2,3,4,5,6,7,8,9,590,591,592,593,594,595,596,597,598",6.8822140295015e-05,TRUE,0,0,0,0,18,0,18,0,1
"S.EB.b",18,400,0.33,"TRUE","TRUE","FALSE","17.2445301120135","9.23267556867026","8.01185454334325","5.592","0.212","0.486","1,2,3,4,5,6,7,8,9,590,591,592,593,594,595,596,597,598",0.00019180701971467,TRUE,0,0,0,0,18,0,18,0,1
"S.EB.b",19,400,0.33,"TRUE","TRUE","FALSE","18.1028176806709","9.09999830047436","9.00281938019652","4.748","0.21","0.477","1,2,3,4,5,6,7,8,9,590,591,592,593,594,595,596,597,598",0.00013857139025751,TRUE,0,0,0,0,18,0,18,0,1
"S.EB.b",2,400,0.33,"TRUE","TRUE","FALSE","17.4791991922883","9.15296162524958","8.32623756703867","5.572","0.207","0.477","1,2,3,4,5,6,7,8,9,590,591,592,593,594,595,596,597,598",8.64270902931009e-05,TRUE,0,0,0,0,18,0,18,0,1
"S.EB.b",20,400,0.33,"TRUE","TRUE","FALSE","17.6398670605831","9.11927034529794","8.52059671528514","5.96","0.213","0.478","1,2,3,4,5,6,7,8,9,590,591,592,593,594,595,596,597,598",0.000169354099250073,TRUE,0,0,0,0,18,0,18,0,1
"S.EB.b",21,400,0.33,"TRUE","TRUE","FALSE","18.174159211486","9.1728308200462","9.00132839143975","4.922","0.217","0.467","1,2,3,4,5,6,7,8,9,590,591,592,593,594,595,596,597,598",9.51169415335104e-05,TRUE,0,0,0,0,18,0,18,0,1
"S.EB.b",22,400,0.33,"TRUE","TRUE","FALSE","18.1199209600601","9.11810759175482","9.00181336830528","4.816","0.211","0.497","1,2,3,4,5,6,7,8,9,590,591,592,593,594,595,596,597,598",5.80916662905357e-05,TRUE,0,0,0,0,18,0,18,0,1
"S.EB.b",23,400,0.33,"TRUE","TRUE","FALSE","18.1537569898628","9.15146613342866","9.00229085643415","4.754","0.212","0.474","1,2,3,4,5,6,7,8,9,590,591,592,593,594,595,596,597,598",8.06197542678417e-05,TRUE,0,0,0,0,18,0,18,0,1
"S.EB.b",24,400,0.33,"TRUE","TRUE","FALSE","18.1003520163412","9.13098660385353","8.96936541248766","5.377","0.212","0.513","1,2,3,4,5,6,7,8,9,590,591,592,593,594,595,596,597,598",6.61488211321026e-05,TRUE,0,0,0,0,18,0,18,0,1
"S.EB.b",25,400,0.33,"TRUE","TRUE","FALSE","17.2071126510656","9.13060002080456","8.07651263026108","5.183","0.2","0.502","1,2,3,4,5,6,7,8,9,590,591,592,593,594,595,596,597,598",0.0001627826822071,TRUE,0,0,0,0,18,0,18,0,1
"S.EB.b",26,400,0.33,"TRUE","TRUE","FALSE","18.0938904441434","9.1459323760241","8.94795806811931","5.152","0.218","0.496","1,2,3,4,5,6,7,8,9,590,591,592,593,594,595,596,597,598",0.000165726646397713,TRUE,0,0,0,0,18,0,18,0,1
"S.EB.b",27,400,0.33,"TRUE","TRUE","FALSE","17.2343272406943","9.20084326476013","8.03348397593419","5.312","0.213","0.483","1,2,3,4,5,6,7,8,9,590,591,592,593,594,595,596,597,598",0.000124635923255295,TRUE,0,0,0,0,18,0,18,0,1
"S.EB.b",28,400,0.33,"TRUE","TRUE","FALSE","17.1477732297271","9.12331698313734","8.0244562465898","5.07","0.209","0.481","1,2,3,4,5,6,7,8,9,590,591,592,593,594,595,596,597,598",0.000218034987754281,TRUE,0,0,0,0,18,0,18,0,1
"S.EB.b",29,400,0.33,"TRUE","TRUE","FALSE","17.6403402585372","9.62505365771396","8.01528660082326","5.692","0.213","0.498","1,2,3,4,5,6,7,8,9,15,590,591,592,593,594,595,596,597,598",0.000287629828511348,FALSE,1,0,0,0,19,1,18,0.0526315789473684,1
"S.EB.b",3,400,0.33,"TRUE","TRUE","FALSE","18.0319438248219","9.12349804298507","8.90844578183685","5.371","0.212","0.481","1,2,3,4,5,6,7,8,9,590,591,592,593,594,595,596,597,598",0.000132397328480786,TRUE,0,0,0,0,18,0,18,0,1
"S.EB.b",30,400,0.33,"TRUE","TRUE","FALSE","18.1435519759072","9.14140720119175","9.00214477471546","5.061","0.204","0.454","1,2,3,4,5,6,7,8,9,590,591,592,593,594,595,596,597,598",9.36849761138185e-05,TRUE,0,0,0,0,18,0,18,0,1
"S.EB.b",31,400,0.33,"TRUE","TRUE","FALSE","17.5289484056827","9.1797904895294","8.34915791615326","5.752","0.211","0.464","1,2,3,4,5,6,7,8,9,590,591,592,593,594,595,596,597,598",0.000115581399826173,TRUE,0,0,0,0,18,0,18,0,1
"S.EB.b",32,400,0.33,"TRUE","TRUE","FALSE","18.2400126542374","9.23822661942182","9.00178603481558","5.464","0.209","0.482","1,2,3,4,5,6,7,8,9,590,591,592,593,594,595,596,597,598",0.00014199068763578,TRUE,0,0,0,0,18,0,18,0,1
"S.EB.b",33,400,0.33,"TRUE","TRUE","FALSE","17.3653498104467","9.17817278170624","8.18717702874045","5.321","0.222","0.522","1,2,3,4,5,6,7,8,9,590,591,592,593,594,595,596,597,598",0.000140814111039429,TRUE,0,0,0,0,18,0,18,0,1
"S.EB.b",34,400,0.33,"TRUE","TRUE","FALSE","18.0613918001361","9.10813289704309","8.95325890309304","5.569","0.211","0.497","1,2,3,4,5,6,7,8,9,590,591,592,593,594,595,596,597,598",0.000112983804666253,TRUE,0,0,0,0,18,0,18,0,1
"S.EB.b",35,400,0.33,"TRUE","TRUE","FALSE","18.1948754495423","9.19285384175602","9.00202160778625","5.202","0.207","0.45","1,2,3,4,5,6,7,8,9,590,591,592,593,594,595,596,597,598",0.000177136479374582,TRUE,0,0,0,0,18,0,18,0,1
"S.EB.b",36,400,0.33,"TRUE","TRUE","FALSE","18.1716241525306","9.18849804727174","8.98312610525889","5.101","0.2","0.458","1,2,3,4,5,6,7,8,9,590,591,592,593,594,595,596,597,598",0.000208480080918192,TRUE,0,0,0,0,18,0,18,0,1
"S.EB.b",37,400,0.33,"TRUE","TRUE","FALSE","18.0819904107202","9.10174372773263","8.98024668298756","4.833","0.213","0.506","1,2,3,4,5,6,7,8,9,590,591,592,593,594,595,596,597,598",0.000181175560261294,TRUE,0,0,0,0,18,0,18,0,1
"S.EB.b",38,400,0.33,"TRUE","TRUE","FALSE","17.2469227413497","9.2280770354787","8.01884570587101","6.423","0.218","0.511","1,2,3,4,5,6,7,8,9,590,591,592,593,594,595,596,597,598",0.000103165278562504,TRUE,0,0,0,0,18,0,18,0,1
"S.EB.b",39,400,0.33,"TRUE","TRUE","FALSE","18.0495677574709","9.2936705792512","8.75589717821966","6.18","0.211","0.504","1,2,3,4,5,6,7,8,9,537,590,591,592,593,594,595,596,597,598",0.000234095461480995,FALSE,1,0,0,0,19,1,18,0.0526315789473684,1
"S.EB.b",4,400,0.33,"TRUE","TRUE","FALSE","18.2359837593555","9.23288693822063","9.00309682113486","5.639","0.221","0.506","1,2,3,4,5,6,7,8,9,590,591,592,593,594,595,596,597,598",0.000182777936716459,TRUE,0,0,0,0,18,0,18,0,1
"S.EB.b",40,400,0.33,"TRUE","TRUE","FALSE","18.1176473060534","9.11713579736224","9.00051150869119","4.993","0.203","0.465","1,2,3,4,5,6,7,8,9,590,591,592,593,594,595,596,597,598",0.000176207143403375,TRUE,0,0,0,0,18,0,18,0,1
"S.EB.b",41,400,0.33,"TRUE","TRUE","FALSE","18.13524005582","9.14345219077162","8.99178786504843","5.103","0.219","0.522","1,2,3,4,5,6,7,8,9,590,591,592,593,594,595,596,597,598",9.8929797703058e-05,TRUE,0,0,0,0,18,0,18,0,1
"S.EB.b",42,400,0.33,"TRUE","TRUE","FALSE","17.2284380535152","9.10760652303882","8.12083153047642","5.371","0.239","0.535","1,2,3,4,5,6,7,8,9,590,591,592,593,594,595,596,597,598",7.8186358843437e-05,TRUE,0,0,0,0,18,0,18,0,1
"S.EB.b",43,400,0.33,"TRUE","TRUE","FALSE","18.0985904384293","9.11300062764315","8.98558981078619","5.283","0.234","0.513","1,2,3,4,5,6,7,8,9,590,591,592,593,594,595,596,597,598",8.18590626307085e-05,TRUE,0,0,0,0,18,0,18,0,1
"S.EB.b",44,400,0.33,"TRUE","TRUE","FALSE","17.1755997556058","9.13579235038498","8.03980740522087","5.412","0.213","0.502","1,2,3,4,5,6,7,8,9,590,591,592,593,594,595,596,597,598",8.59179058906632e-05,TRUE,0,0,0,0,18,0,18,0,1
"S.EB.b",45,400,0.33,"TRUE","TRUE","FALSE","18.0175171692617","9.2138405502432","8.80367661901845","5.914","0.2","0.441","1,2,3,4,5,6,7,8,9,590,591,592,593,594,595,596,597,598",0.000218390680956607,TRUE,0,0,0,0,18,0,18,0,1
"S.EB.b",46,400,0.33,"TRUE","TRUE","FALSE","18.1459176933853","9.14244551375237","9.00347217963295","5.106","0.205","0.461","1,2,3,4,5,6,7,8,9,590,591,592,593,594,595,596,597,598",0.000151639428024831,TRUE,0,0,0,0,18,0,18,0,1
"S.EB.b",47,400,0.33,"TRUE","TRUE","FALSE","18.0560342220469","9.16652680279206","8.88950741925481","5.57","0.213","0.519","1,2,3,4,5,6,7,8,9,590,591,592,593,594,595,596,597,598",0.00012559412788552,TRUE,0,0,0,0,18,0,18,0,1
"S.EB.b",48,400,0.33,"TRUE","TRUE","FALSE","18.1556215515945","9.15051059879871","9.00511095279584","5.163","0.201","0.452","1,2,3,4,5,6,7,8,9,590,591,592,593,594,595,596,597,598",0.000174481436746278,TRUE,0,0,0,0,18,0,18,0,1
"S.EB.b",49,400,0.33,"TRUE","TRUE","FALSE","17.8283887451839","9.1585697816444","8.66981896353945","5.485","0.204","0.437","1,2,3,4,5,6,7,8,9,590,591,592,593,594,595,596,597,598",0.000150633918600465,TRUE,0,0,0,0,18,0,18,0,1
"S.EB.b",5,400,0.33,"TRUE","TRUE","FALSE","18.1700147685543","9.16304916488312","9.00696560367114","5.042","0.211","0.464","1,2,3,4,5,6,7,8,9,590,591,592,593,594,595,596,597,598,618",0.000288185515115261,FALSE,0,1,0,0,19,1,18,0.0526315789473684,1
"S.EB.b",50,400,0.33,"TRUE","TRUE","FALSE","17.2778710856957","9.13498985904091","8.14288122665478","5.239","0.203","0.447","1,2,3,4,5,6,7,8,9,590,591,592,593,594,595,596,597,598",9.1778090122038e-05,TRUE,0,0,0,0,18,0,18,0,1
"S.EB.b",51,400,0.33,"TRUE","TRUE","FALSE","18.1277780317462","9.11635647428155","9.01142155746465","5.515","0.377","0.587","1,2,3,4,5,6,7,8,9,590,591,592,593,594,595,596,597,598,609",0.000228118085688574,FALSE,0,1,0,0,19,1,18,0.0526315789473684,1
"S.EB.b",52,400,0.33,"TRUE","TRUE","FALSE","18.1208429682727","9.10939579615799","9.01144717211466","5.368","0.217","0.502","1,2,3,4,5,6,7,8,9,590,591,592,593,594,595,596,597,598,614",0.000212553999851856,FALSE,0,1,0,0,19,1,18,0.0526315789473684,1
"S.EB.b",53,400,0.33,"TRUE","TRUE","FALSE","17.3824964998153","9.21810213848724","8.16439436132808","5.629","0.211","0.479","1,2,3,4,5,6,7,8,9,590,591,592,593,594,595,596,597,598",0.000188755449705923,TRUE,0,0,0,0,18,0,18,0,1
"S.EB.b",54,400,0.33,"TRUE","TRUE","FALSE","18.0864120158831","9.16427264798934","8.92213936789376","5.448","0.194","0.451","1,2,3,4,5,6,7,8,9,590,591,592,593,594,595,596,597,598",5.63258387361372e-05,TRUE,0,0,0,0,18,0,18,0,1
"S.EB.b",55,400,0.33,"TRUE","TRUE","FALSE","18.1513887539237","9.15078010071973","9.00060865320395","5.079","0.207","0.451","1,2,3,4,5,6,7,8,9,590,591,592,593,594,595,596,597,598",9.99254475328931e-05,TRUE,0,0,0,0,18,0,18,0,1
"S.EB.b",56,400,0.33,"TRUE","TRUE","FALSE","18.0828669705868","9.11038491577895","8.97248205480786","4.93","0.22","0.495","1,2,3,4,5,6,7,8,9,590,591,592,593,594,595,596,597,598",9.89272174425093e-05,TRUE,0,0,0,0,18,0,18,0,1
"S.EB.b",57,400,0.33,"TRUE","TRUE","FALSE","17.4138964593864","9.13481888316198","8.27907757622439","5.533","0.214","0.505","1,2,3,4,5,6,7,8,9,590,591,592,593,594,595,596,597,598",8.48598574288764e-05,TRUE,0,0,0,0,18,0,18,0,1
"S.EB.b",58,400,0.33,"TRUE","TRUE","FALSE","18.1276404007251","9.12481361789586","9.00282678282923","4.828","0.206","0.46","1,2,3,4,5,6,7,8,9,590,591,592,593,594,595,596,597,598",0.000191460379773746,TRUE,0,0,0,0,18,0,18,0,1
"S.EB.b",59,400,0.33,"TRUE","TRUE","FALSE","18.2273516695455","9.22449736466011","9.00285430488541","5.321","0.209","0.484","1,2,3,4,5,6,7,8,9,487,590,591,592,593,594,595,596,597,598",0.000225728569477388,FALSE,1,0,0,0,19,1,18,0.0526315789473684,1
"S.EB.b",6,400,0.33,"TRUE","TRUE","FALSE","18.058099132029","9.20476886460261","8.85333026742635","5.854","0.212","0.484","1,2,3,4,5,6,7,8,9,590,591,592,593,594,595,596,597,598",8.0403160652797e-05,TRUE,0,0,0,0,18,0,18,0,1
"S.EB.b",60,400,0.33,"TRUE","TRUE","FALSE","18.0901322569256","9.14375551393098","8.94637674299465","5.22","0.203","0.448","1,2,3,4,5,6,7,8,9,590,591,592,593,594,595,596,597,598",0.000108132879217055,TRUE,0,0,0,0,18,0,18,0,1
"S.EB.b",61,400,0.33,"TRUE","TRUE","FALSE","17.1016898364185","9.03633317567104","8.06535666074742","5.771","0.219","0.49","1,2,3,4,5,6,7,8,9,590,591,592,593,594,595,596,597,598",0.000157911390152028,TRUE,0,0,0,0,18,0,18,0,1
"S.EB.b",62,400,0.33,"TRUE","TRUE","FALSE","17.6890706017783","9.16504194205107","8.52402865972727","5.772","0.2","0.46","1,2,3,4,5,6,7,8,9,590,591,592,593,594,595,596,597,598",0.000101176174726393,TRUE,0,0,0,0,18,0,18,0,1
"S.EB.b",63,400,0.33,"TRUE","TRUE","FALSE","18.1262582279575","9.12657996805498","8.99967825990251","4.89","0.207","0.469","1,2,3,4,5,6,7,8,9,590,591,592,593,594,595,596,597,598",0.000127598417206945,TRUE,0,0,0,0,18,0,18,0,1
"S.EB.b",64,400,0.33,"TRUE","TRUE","FALSE","17.7583382360091","8.93047928308909","8.82785895291997","5.949","0.215","0.501","1,2,3,4,5,6,7,8,9,590,591,592,593,594,595,596,597,598",0.000177775830075955,TRUE,0,0,0,0,18,0,18,0,1
"S.EB.b",65,400,0.33,"TRUE","TRUE","FALSE","18.1027456004347","9.12791849758623","8.97482710284851","5.044","0.204","0.462","1,2,3,4,5,6,7,8,9,590,591,592,593,594,595,596,597,598,614",0.000164626077560461,FALSE,0,1,0,0,19,1,18,0.0526315789473684,1
"S.EB.b",66,400,0.33,"TRUE","TRUE","FALSE","18.1280362728111","9.12706951706283","9.00096675574822","4.79","0.209","0.492","1,2,3,4,5,6,7,8,9,590,591,592,593,594,595,596,597,598",9.97400424835985e-05,TRUE,0,0,0,0,18,0,18,0,1
"S.EB.b",67,400,0.33,"TRUE","TRUE","FALSE","18.1781878040862","9.17524474811675","9.00294305596947","5.211","0.22","0.554","1,2,3,4,5,6,7,8,9,590,591,592,593,594,595,596,597,598",0.000145364236760301,TRUE,0,0,0,0,18,0,18,0,1
"S.EB.b",68,400,0.33,"TRUE","TRUE","FALSE","18.0619072767769","9.14584619752761","8.91606107924924","5.135","0.211","0.468","1,2,3,4,5,6,7,8,9,590,591,592,593,594,595,596,597,598",0.000211578595349806,TRUE,0,0,0,0,18,0,18,0,1
"S.EB.b",69,400,0.33,"TRUE","TRUE","FALSE","17.8429070120055","9.12629608463765","8.71661092736781","5.67","0.222","0.523","1,2,3,4,5,6,7,8,9,590,591,592,593,594,595,596,597,598",9.40615333413078e-05,TRUE,0,0,0,0,18,0,18,0,1
"S.EB.b",7,400,0.33,"TRUE","TRUE","FALSE","18.2921069143431","9.28557657399585","9.00653034034723","5.748","0.221","0.55","1,2,3,4,5,6,7,8,9,492,590,591,592,593,594,595,596,597,598,618",0.000279568500973447,FALSE,1,1,0,0,20,2,18,0.1,1
"S.EB.b",70,400,0.33,"TRUE","TRUE","FALSE","18.1259576340825","9.13879827650013","8.98715935758239","5.292","0.232","0.49","1,2,3,4,5,6,7,8,9,590,591,592,593,594,595,596,597,598",0.000197186918550467,TRUE,0,0,0,0,18,0,18,0,1
"S.EB.b",71,400,0.33,"TRUE","TRUE","FALSE","18.1132436805058","9.12397711919777","8.989266561308","5.072","0.211","0.497","1,2,3,4,5,6,7,8,9,590,591,592,593,594,595,596,597,598",0.000165652702825412,TRUE,0,0,0,0,18,0,18,0,1
"S.EB.b",72,400,0.33,"TRUE","TRUE","FALSE","18.1452615063859","9.13898295717136","9.00627854921457","5.158","0.209","0.489","1,2,3,4,5,6,7,8,9,590,591,592,593,594,595,596,597,598",0.000118273195274392,TRUE,0,0,0,0,18,0,18,0,1
"S.EB.b",73,400,0.33,"TRUE","TRUE","FALSE","18.1085671721594","9.1568247566674","8.95174241549199","5.356","0.202","0.509","1,2,3,4,5,6,7,8,9,590,591,592,593,594,595,596,597,598",0.000140146610429368,TRUE,0,0,0,0,18,0,18,0,1
"S.EB.b",74,400,0.33,"TRUE","TRUE","FALSE","17.7094528337467","9.11424223224045","8.59521060150625","5.735","0.204","0.465","1,2,3,4,5,6,7,8,9,590,591,592,593,594,595,596,597,598",0.000157861244106915,TRUE,0,0,0,0,18,0,18,0,1
"S.EB.b",75,400,0.33,"TRUE","TRUE","FALSE","18.1058088202442","9.12325255525068","8.98255626499349","4.79","0.204","0.476","1,2,3,4,5,6,7,8,9,590,591,592,593,594,595,596,597,598",0.000180422060438252,TRUE,0,0,0,0,18,0,18,0,1
"S.EB.b",76,400,0.33,"TRUE","TRUE","FALSE","17.1708928471068","9.16175123493432","8.00914161217249","5.048","0.21","0.508","1,2,3,4,5,6,7,8,9,591,592,593,594,595,596,597,598",0.000253446618420953,FALSE,0,0,0,1,17,0,17,0,0.944444444444444
"S.EB.b",77,400,0.33,"TRUE","TRUE","FALSE","18.1244395510881","9.12220306356656","9.00223648752154","5.091","0.219","0.528","1,2,3,4,5,6,7,8,9,590,591,592,593,594,595,596,597,598",0.000161295848286151,TRUE,0,0,0,0,18,0,18,0,1
"S.EB.b",78,400,0.33,"TRUE","TRUE","FALSE","18.2258321530854","9.2233526128093","9.00247954027611","5.116","0.21","0.497","1,2,3,4,5,6,7,8,9,590,591,592,593,594,595,596,597,598",9.45897554272317e-05,TRUE,0,0,0,0,18,0,18,0,1
"S.EB.b",79,400,0.33,"TRUE","TRUE","FALSE","17.9949706036523","9.38011060576974","8.6148599978826","6.348","0.212","0.493","1,2,3,4,5,6,7,8,9,345,590,591,592,593,594,595,596,597,598",0.000223550803548837,FALSE,1,0,0,0,19,1,18,0.0526315789473684,1
"S.EB.b",8,400,0.33,"TRUE","TRUE","FALSE","18.1625433021107","9.16006246573273","9.00248083637795","4.921","0.212","0.496","1,2,3,4,5,6,7,8,9,590,591,592,593,594,595,596,597,598",0.000129726156246693,TRUE,0,0,0,0,18,0,18,0,1
"S.EB.b",80,400,0.33,"TRUE","TRUE","FALSE","18.1853954793847","9.26821146569724","8.91718401368747","5.682","0.209","0.429","1,2,3,4,5,6,7,8,9,307,590,591,592,593,594,595,596,597,598,606",0.000323281836027556,FALSE,1,1,0,0,20,2,18,0.1,1
"S.EB.b",81,400,0.33,"TRUE","TRUE","FALSE","18.1329724832345","9.12834153102807","9.0046309522064","5.032","0.216","0.517","1,2,3,4,5,6,7,8,9,590,591,592,593,594,595,596,597,598",0.000150369626508504,TRUE,0,0,0,0,18,0,18,0,1
"S.EB.b",82,400,0.33,"TRUE","TRUE","FALSE","17.8667123855515","9.1804468100007","8.68626557555082","6.29","0.223","0.55","1,2,3,4,5,6,7,8,9,590,591,592,593,594,595,596,597,598",0.000137862427285826,TRUE,0,0,0,0,18,0,18,0,1
"S.EB.b",83,400,0.33,"TRUE","TRUE","FALSE","17.5836524209627","9.18985172046876","8.39380070049391","6.119","0.222","0.542","1,2,3,4,5,6,7,8,9,590,591,592,593,594,595,596,597,598",0.000106728283906251,TRUE,0,0,0,0,18,0,18,0,1
"S.EB.b",84,400,0.33,"TRUE","TRUE","FALSE","18.3515615851713","9.34717739756536","9.00438418760597","5.63","0.201","0.496","1,2,3,4,5,6,7,8,9,279,590,591,592,593,594,595,596,597,598,613",0.000323179216177361,FALSE,1,1,0,0,20,2,18,0.1,1
"S.EB.b",85,400,0.33,"TRUE","TRUE","FALSE","18.1555261451242","9.1521811101205","9.00334503500369","5.615","0.213","0.476","1,2,3,4,5,6,7,8,9,590,591,592,593,594,595,596,597,598",0.000102796237130229,TRUE,0,0,0,0,18,0,18,0,1
"S.EB.b",86,400,0.33,"TRUE","TRUE","FALSE","18.1273380363559","9.12226229757053","9.00507573878536","5.066","0.217","0.493","1,2,3,4,5,6,7,8,9,590,591,592,593,594,595,596,597,598",0.000231315621653176,TRUE,0,0,0,0,18,0,18,0,1
"S.EB.b",87,400,0.33,"TRUE","TRUE","FALSE","17.6954313435352","9.16073670781473","8.53469463572051","5.695","0.209","0.465","1,2,3,4,5,6,7,8,9,590,591,592,593,594,595,596,597,598",9.09461567942306e-05,TRUE,0,0,0,0,18,0,18,0,1
"S.EB.b",88,400,0.33,"TRUE","TRUE","FALSE","17.7781821684881","8.8498927699857","8.92828939850236","5.628","0.207","0.487","1,2,3,4,5,6,7,8,9,590,591,592,593,594,595,596,597,598",0.000164993105333725,TRUE,0,0,0,0,18,0,18,0,1
"S.EB.b",89,400,0.33,"TRUE","TRUE","FALSE","18.250169193051","9.30274342659562","8.94742576645534","5.647","0.194","0.453","1,2,3,4,5,6,7,8,9,315,590,591,592,593,594,595,596,597,598",0.000199152808300402,FALSE,1,0,0,0,19,1,18,0.0526315789473684,1
"S.EB.b",9,400,0.33,"TRUE","TRUE","FALSE","18.1771325954254","9.17434271488989","9.0027898805355","5.113","0.202","0.487","1,2,3,4,5,6,7,8,9,590,591,592,593,594,595,596,597,598",0.000148644258843483,TRUE,0,0,0,0,18,0,18,0,1
"S.EB.b",90,400,0.33,"TRUE","TRUE","FALSE","18.1286115572143","9.13653253213746","8.9920790250768","5.141","0.205","0.494","1,2,3,4,5,6,7,8,9,590,591,592,593,594,595,596,597,598",0.000144645026847124,TRUE,0,0,0,0,18,0,18,0,1
"S.EB.b",91,400,0.33,"TRUE","TRUE","FALSE","17.7008790935176","9.28596226295381","8.41491683056383","6.476","0.212","0.504","1,2,3,4,5,6,7,8,9,590,591,592,593,594,595,596,597,598,610",0.000183263216266112,FALSE,0,1,0,0,19,1,18,0.0526315789473684,1
"S.EB.b",92,400,0.33,"TRUE","TRUE","FALSE","18.1004080009791","9.17468729360629","8.92572070737279","6.262","0.243","0.545","1,2,3,4,5,6,7,8,9,590,591,592,593,594,595,596,597,598",8.97167443294441e-05,TRUE,0,0,0,0,18,0,18,0,1
"S.EB.b",93,400,0.33,"TRUE","TRUE","FALSE","17.9218672679005","9.14448516935555","8.77738209854494","6.257","0.217","0.512","1,2,3,4,5,6,7,8,9,590,591,592,593,594,595,596,597,598",0.000273859150847209,TRUE,0,0,0,0,18,0,18,0,1
"S.EB.b",94,400,0.33,"TRUE","TRUE","FALSE","18.3396560317027","9.28135341887509","9.05830261282766","6.185","0.319","0.434","1,2,3,4,5,6,7,8,9,590,591,592,593,594,595,596,597,598,608",0.000166624580076335,FALSE,0,1,0,0,19,1,18,0.0526315789473684,1
"S.EB.b",95,400,0.33,"TRUE","TRUE","FALSE","17.7001410851328","9.22676817226429","8.47337291286856","5.981","0.211","0.465","1,2,3,4,5,6,7,8,9,590,591,592,593,594,595,596,597,598,600",0.000232099109457404,FALSE,0,1,0,0,19,1,18,0.0526315789473684,1
"S.EB.b",96,400,0.33,"TRUE","TRUE","FALSE","17.7341103179979","9.1355175585467","8.59859275945116","5.632","0.207","0.465","1,2,3,4,5,6,7,8,9,590,591,592,593,594,595,596,597,598",0.000170504019506878,TRUE,0,0,0,0,18,0,18,0,1
"S.EB.b",97,400,0.33,"TRUE","TRUE","FALSE","18.0348326633964","9.12830374699154","8.90652891640481","5.069","0.2","0.476","1,2,3,4,5,6,7,8,9,590,591,592,593,594,595,596,597,598",0.000188897786859238,TRUE,0,0,0,0,18,0,18,0,1
"S.EB.b",98,400,0.33,"TRUE","TRUE","FALSE","18.1104916589397","9.1058396685595","9.00465199038018","5.255","0.216","0.5","1,2,3,4,5,6,7,8,9,590,591,592,593,594,595,596,597,598",0.000125029036437275,TRUE,0,0,0,0,18,0,18,0,1
"S.EB.b",99,400,0.33,"TRUE","TRUE","FALSE","17.5658567329066","9.18181093656959","8.38404579633701","5.975","0.217","0.498","1,2,3,4,5,6,7,8,9,590,591,592,593,594,595,596,597,598",9.98215457366381e-05,TRUE,0,0,0,0,18,0,18,0,1
"scad.cv",1,400,0.33,"TRUE","TRUE","FALSE","17.7291117916483","9.13764134008776","8.59147045156057","6.176","0.206","0.483","1,2,3,4,5,6,7,8,9,550,591,592,593,594,595,596,597,598",0.00423578190796066,FALSE,1,0,0,1,18,1,17,0.0555555555555556,0.944444444444444
"scad.cv",10,400,0.33,"TRUE","TRUE","FALSE","17.2374723393573","9.10169035715835","8.13578198219898","4.985","0.206","0.482","1,2,3,4,5,6,7,8,9,591,592,593,594,595,596,597,598",0.0040759147303449,FALSE,0,0,0,1,17,0,17,0,0.944444444444444
"scad.cv",100,400,0.33,"TRUE","TRUE","FALSE","18.0988369480051","9.13778750424608","8.96104944375906","5.08","0.205","0.505","1,2,3,4,5,6,7,8,9,504,591,592,593,594,595,596,597,598",0.00397982402418894,FALSE,1,0,0,1,18,1,17,0.0555555555555556,0.944444444444444
"scad.cv",11,400,0.33,"TRUE","TRUE","FALSE","18.105893887949","9.11068836669279","8.99520552125625","4.872","0.208","0.514","1,2,3,4,5,6,7,8,9,590,591,592,593,594,595,596,597,598",0.0039644133763191,TRUE,0,0,0,0,18,0,18,0,1
"scad.cv",12,400,0.33,"TRUE","TRUE","FALSE","18.1610324721797","9.16343394838533","8.99759852379442","5.159","0.208","0.516","1,2,3,4,5,6,7,8,9,590,591,592,593,594,595,596,597,598",0.00454480616504991,TRUE,0,0,0,0,18,0,18,0,1
"scad.cv",13,400,0.33,"TRUE","TRUE","FALSE","17.3494030297679","9.12971971040417","8.21968331936374","5.504","0.208","0.469","1,2,3,4,5,6,7,8,9,591,592,593,594,595,596,597,598",0.00263111473765098,FALSE,0,0,0,1,17,0,17,0,0.944444444444444
"scad.cv",14,400,0.33,"TRUE","TRUE","FALSE","18.1151294518867","9.11479643912577","9.00033301276097","4.854","0.218","0.523","1,2,3,4,5,6,7,8,9,590,591,592,593,594,595,596,597,598",0.0034805937746886,TRUE,0,0,0,0,18,0,18,0,1
"scad.cv",15,400,0.33,"TRUE","TRUE","FALSE","18.0645791548162","9.08851987442815","8.9760592803881","5.032","0.207","0.471","1,2,3,4,5,6,7,8,9,590,591,592,593,594,595,596,597,598",0.00443352866713602,TRUE,0,0,0,0,18,0,18,0,1
"scad.cv",16,400,0.33,"TRUE","TRUE","FALSE","17.9779623672618","9.17382317579497","8.80413919146683","6.031","0.201","0.461","1,2,3,4,6,7,8,9,591,592,593,594,595,596,597,598",0.00449604937397663,FALSE,0,0,1,1,16,0,16,0,0.888888888888889
"scad.cv",17,400,0.33,"TRUE","TRUE","FALSE","17.522419395718","9.22923388412973","8.29318551158825","6.575","0.223","0.512","1,2,3,4,5,6,7,8,9,367,591,592,593,594,595,596,597,598",0.00358770580725168,FALSE,1,0,0,1,18,1,17,0.0555555555555556,0.944444444444444
"scad.cv",18,400,0.33,"TRUE","TRUE","FALSE","17.2445301120135","9.23267556867026","8.01185454334325","5.592","0.212","0.486","1,2,3,4,5,6,7,8,9,591,592,593,594,595,596,597,598",0.00425691803932619,FALSE,0,0,0,1,17,0,17,0,0.944444444444444
"scad.cv",19,400,0.33,"TRUE","TRUE","FALSE","18.1028176806709","9.09999830047436","9.00281938019652","4.748","0.21","0.477","1,2,3,4,5,6,7,8,9,65,590,591,592,593,594,595,596,597,598,614",0.00470883649242046,FALSE,1,1,0,0,20,2,18,0.1,1
"scad.cv",2,400,0.33,"TRUE","TRUE","FALSE","17.4791991922883","9.15296162524958","8.32623756703867","5.572","0.207","0.477","1,2,3,4,5,6,7,8,9,591,592,593,594,595,596,597,598",0.00387674135366956,FALSE,0,0,0,1,17,0,17,0,0.944444444444444
"scad.cv",20,400,0.33,"TRUE","TRUE","FALSE","17.6398670605831","9.11927034529794","8.52059671528514","5.96","0.213","0.478","1,2,4,6,7,8,9,591,592,593,594,595,596,597,598",0.00350832611304455,FALSE,0,0,2,1,15,0,15,0,0.833333333333333
"scad.cv",21,400,0.33,"TRUE","TRUE","FALSE","18.174159211486","9.1728308200462","9.00132839143975","4.922","0.217","0.467","1,2,3,4,5,6,7,8,9,590,591,592,593,594,595,596,597,598",0.00381528380499071,TRUE,0,0,0,0,18,0,18,0,1
"scad.cv",22,400,0.33,"TRUE","TRUE","FALSE","18.1199209600601","9.11810759175482","9.00181336830528","4.816","0.211","0.497","1,2,3,4,5,6,7,8,9,501,590,591,592,593,594,595,596,597,598",0.00359469644797107,FALSE,1,0,0,0,19,1,18,0.0526315789473684,1
"scad.cv",23,400,0.33,"TRUE","TRUE","FALSE","18.1537569898628","9.15146613342866","9.00229085643415","4.754","0.212","0.474","1,2,3,4,5,6,7,8,9,310,590,591,592,593,594,595,596,597,598",0.00337599460693007,FALSE,1,0,0,0,19,1,18,0.0526315789473684,1
"scad.cv",24,400,0.33,"TRUE","TRUE","FALSE","18.1003520163412","9.13098660385353","8.96936541248766","5.377","0.212","0.513","1,2,3,4,5,6,7,8,9,590,591,592,593,594,595,596,597,598",0.00395824287963377,TRUE,0,0,0,0,18,0,18,0,1
"scad.cv",25,400,0.33,"TRUE","TRUE","FALSE","17.2071126510656","9.13060002080456","8.07651263026108","5.183","0.2","0.502","1,2,3,4,5,6,7,8,9,591,592,593,594,595,596,597,598",0.00323978007193956,FALSE,0,0,0,1,17,0,17,0,0.944444444444444
"scad.cv",26,400,0.33,"TRUE","TRUE","FALSE","18.0938904441434","9.1459323760241","8.94795806811931","5.152","0.218","0.496","1,2,3,4,5,6,7,8,9,504,591,592,593,594,595,596,597,598",0.00350883390938867,FALSE,1,0,0,1,18,1,17,0.0555555555555556,0.944444444444444
"scad.cv",27,400,0.33,"TRUE","TRUE","FALSE","17.2343272406943","9.20084326476013","8.03348397593419","5.312","0.213","0.483","1,2,3,4,5,6,7,8,9,591,592,593,594,595,596,597,598",0.00361706557502914,FALSE,0,0,0,1,17,0,17,0,0.944444444444444
"scad.cv",28,400,0.33,"TRUE","TRUE","FALSE","17.1477732297271","9.12331698313734","8.0244562465898","5.07","0.209","0.481","1,2,3,4,6,7,8,9,591,592,593,594,595,596,597,598",0.00370483256516558,FALSE,0,0,1,1,16,0,16,0,0.888888888888889
"scad.cv",29,400,0.33,"TRUE","TRUE","FALSE","17.6403402585372","9.62505365771396","8.01528660082326","5.692","0.213","0.498","1,2,3,4,5,6,7,8,9,591,592,593,594,595,596,597,598",0.0031799994285507,FALSE,0,0,0,1,17,0,17,0,0.944444444444444
"scad.cv",3,400,0.33,"TRUE","TRUE","FALSE","18.0319438248219","9.12349804298507","8.90844578183685","5.371","0.212","0.481","1,2,3,4,5,6,7,8,9,591,592,593,594,595,596,597,598",0.00379126225571286,FALSE,0,0,0,1,17,0,17,0,0.944444444444444
"scad.cv",30,400,0.33,"TRUE","TRUE","FALSE","18.1435519759072","9.14140720119175","9.00214477471546","5.061","0.204","0.454","1,2,3,4,5,6,7,8,9,590,591,592,593,594,595,596,597,598",0.00288481106550787,TRUE,0,0,0,0,18,0,18,0,1
"scad.cv",31,400,0.33,"TRUE","TRUE","FALSE","17.5289484056827","9.1797904895294","8.34915791615326","5.752","0.211","0.464","1,2,3,4,5,6,7,8,9,591,592,593,594,595,596,597,598",0.00339827012149938,FALSE,0,0,0,1,17,0,17,0,0.944444444444444
"scad.cv",32,400,0.33,"TRUE","TRUE","FALSE","18.2400126542374","9.23822661942182","9.00178603481558","5.464","0.209","0.482","1,2,3,4,5,6,7,8,9,504,590,591,592,593,594,595,596,597,598",0.00385954607300062,FALSE,1,0,0,0,19,1,18,0.0526315789473684,1
"scad.cv",33,400,0.33,"TRUE","TRUE","FALSE","17.3653498104467","9.17817278170624","8.18717702874045","5.321","0.222","0.522","1,2,3,4,5,6,7,8,9,591,592,593,594,595,596,597,598",0.0033308238569467,FALSE,0,0,0,1,17,0,17,0,0.944444444444444
"scad.cv",34,400,0.33,"TRUE","TRUE","FALSE","18.0613918001361","9.10813289704309","8.95325890309304","5.569","0.211","0.497","1,2,4,5,6,7,8,9,590,591,592,593,594,595,596,597,598,614",0.00388502291434635,FALSE,0,1,1,0,18,1,17,0.0555555555555556,0.944444444444444
"scad.cv",35,400,0.33,"TRUE","TRUE","FALSE","18.1948754495423","9.19285384175602","9.00202160778625","5.202","0.207","0.45","1,2,3,4,6,7,8,9,149,590,591,592,593,594,595,596,597,598",0.00331834046573918,FALSE,1,0,1,0,18,1,17,0.0555555555555556,0.944444444444444
"scad.cv",36,400,0.33,"TRUE","TRUE","FALSE","18.1716241525306","9.18849804727174","8.98312610525889","5.101","0.2","0.458","1,2,3,4,5,6,7,8,9,590,591,592,593,594,595,596,597,598",0.0042865798109777,TRUE,0,0,0,0,18,0,18,0,1
"scad.cv",37,400,0.33,"TRUE","TRUE","FALSE","18.0819904107202","9.10174372773263","8.98024668298756","4.833","0.213","0.506","1,2,3,4,6,7,8,9,590,591,592,593,594,595,596,597,598",0.00371108890674628,FALSE,0,0,1,0,17,0,17,0,0.944444444444444
"scad.cv",38,400,0.33,"TRUE","TRUE","FALSE","17.2469227413497","9.2280770354787","8.01884570587101","6.423","0.218","0.511","1,2,3,4,6,7,8,9,95,591,592,593,594,595,596,597,598",0.00329542937270441,FALSE,1,0,1,1,17,1,16,0.0588235294117647,0.888888888888889
"scad.cv",39,400,0.33,"TRUE","TRUE","FALSE","18.0495677574709","9.2936705792512","8.75589717821966","6.18","0.211","0.504","1,2,3,4,5,6,7,8,9,591,592,593,594,595,596,597,598",0.00303335926370823,FALSE,0,0,0,1,17,0,17,0,0.944444444444444
"scad.cv",4,400,0.33,"TRUE","TRUE","FALSE","18.2359837593555","9.23288693822063","9.00309682113486","5.639","0.221","0.506","1,2,3,4,5,6,7,8,9,317,442,590,591,592,593,594,595,596,597,598",0.00281740611570184,FALSE,2,0,0,0,20,2,18,0.1,1
"scad.cv",40,400,0.33,"TRUE","TRUE","FALSE","18.1176473060534","9.11713579736224","9.00051150869119","4.993","0.203","0.465","1,2,3,4,5,6,7,8,9,590,591,592,593,594,595,596,597,598",0.00413952339848863,TRUE,0,0,0,0,18,0,18,0,1
"scad.cv",41,400,0.33,"TRUE","TRUE","FALSE","18.13524005582","9.14345219077162","8.99178786504843","5.103","0.219","0.522","1,2,3,4,5,6,7,8,9,326,361,590,591,592,593,594,595,596,597,598",0.00370093944167675,FALSE,2,0,0,0,20,2,18,0.1,1
"scad.cv",42,400,0.33,"TRUE","TRUE","FALSE","17.2284380535152","9.10760652303882","8.12083153047642","5.371","0.239","0.535","1,2,3,4,5,6,7,8,9,591,592,593,594,595,596,597,598",0.00342488716843699,FALSE,0,0,0,1,17,0,17,0,0.944444444444444
"scad.cv",43,400,0.33,"TRUE","TRUE","FALSE","18.0985904384293","9.11300062764315","8.98558981078619","5.283","0.234","0.513","1,2,3,4,5,6,7,8,9,591,592,593,594,595,596,597,598",0.00361678168716457,FALSE,0,0,0,1,17,0,17,0,0.944444444444444
"scad.cv",44,400,0.33,"TRUE","TRUE","FALSE","17.1755997556058","9.13579235038498","8.03980740522087","5.412","0.213","0.502","1,2,3,4,5,6,7,8,9,383,591,592,593,594,595,596,597,598",0.0038795260122575,FALSE,1,0,0,1,18,1,17,0.0555555555555556,0.944444444444444
"scad.cv",45,400,0.33,"TRUE","TRUE","FALSE","18.0175171692617","9.2138405502432","8.80367661901845","5.914","0.2","0.441","1,2,3,4,6,7,8,9,591,592,593,594,595,596,597,598",0.0034912198851302,FALSE,0,0,1,1,16,0,16,0,0.888888888888889
"scad.cv",46,400,0.33,"TRUE","TRUE","FALSE","18.1459176933853","9.14244551375237","9.00347217963295","5.106","0.205","0.461","1,2,3,4,5,6,7,8,9,590,591,592,593,594,595,596,597,598",0.00291276462020762,TRUE,0,0,0,0,18,0,18,0,1
"scad.cv",47,400,0.33,"TRUE","TRUE","FALSE","18.0560342220469","9.16652680279206","8.88950741925481","5.57","0.213","0.519","1,2,3,4,5,6,7,8,9,149,212,442,591,592,593,594,595,596,597,598,614",0.00328389557303043,FALSE,3,1,0,1,21,4,17,0.19047619047619,0.944444444444444
"scad.cv",48,400,0.33,"TRUE","TRUE","FALSE","18.1556215515945","9.15051059879871","9.00511095279584","5.163","0.201","0.452","1,2,3,4,5,6,7,8,9,590,591,592,593,594,595,596,597,598",0.00453398721939431,TRUE,0,0,0,0,18,0,18,0,1
"scad.cv",49,400,0.33,"TRUE","TRUE","FALSE","17.8283887451839","9.1585697816444","8.66981896353945","5.485","0.204","0.437","1,2,3,4,5,6,7,8,9,314,591,592,593,594,595,596,597,598",0.00438937815393165,FALSE,1,0,0,1,18,1,17,0.0555555555555556,0.944444444444444
"scad.cv",5,400,0.33,"TRUE","TRUE","FALSE","18.1700147685543","9.16304916488312","9.00696560367114","5.042","0.211","0.464","1,2,3,4,5,6,7,8,9,203,590,591,592,593,594,595,596,597,598",0.00311147743769044,FALSE,1,0,0,0,19,1,18,0.0526315789473684,1
"scad.cv",50,400,0.33,"TRUE","TRUE","FALSE","17.2778710856957","9.13498985904091","8.14288122665478","5.239","0.203","0.447","1,2,3,4,5,6,7,8,9,591,592,593,594,595,596,597,598",0.00304552906302366,FALSE,0,0,0,1,17,0,17,0,0.944444444444444
"scad.cv",51,400,0.33,"TRUE","TRUE","FALSE","18.1277780317462","9.11635647428155","9.01142155746465","5.515","0.377","0.587","1,2,3,4,5,6,7,8,9,591,592,593,594,595,596,597,598",0.00339968064515188,FALSE,0,0,0,1,17,0,17,0,0.944444444444444
"scad.cv",52,400,0.33,"TRUE","TRUE","FALSE","18.1208429682727","9.10939579615799","9.01144717211466","5.368","0.217","0.502","1,2,3,4,5,6,7,8,9,590,591,592,593,594,595,596,597,598",0.00395319049173249,TRUE,0,0,0,0,18,0,18,0,1
"scad.cv",53,400,0.33,"TRUE","TRUE","FALSE","17.3824964998153","9.21810213848724","8.16439436132808","5.629","0.211","0.479","1,2,3,4,5,6,7,8,9,591,592,593,594,595,596,597,598",0.00426745106648689,FALSE,0,0,0,1,17,0,17,0,0.944444444444444
"scad.cv",54,400,0.33,"TRUE","TRUE","FALSE","18.0864120158831","9.16427264798934","8.92213936789376","5.448","0.194","0.451","1,2,3,4,5,6,7,8,9,590,591,592,593,594,595,596,597,598",0.0039084428236436,TRUE,0,0,0,0,18,0,18,0,1
"scad.cv",55,400,0.33,"TRUE","TRUE","FALSE","18.1513887539237","9.15078010071973","9.00060865320395","5.079","0.207","0.451","1,2,3,4,5,6,7,8,9,590,591,592,593,594,595,596,597,598",0.00395092856657398,TRUE,0,0,0,0,18,0,18,0,1
"scad.cv",56,400,0.33,"TRUE","TRUE","FALSE","18.0828669705868","9.11038491577895","8.97248205480786","4.93","0.22","0.495","1,2,3,4,5,6,7,8,9,591,592,593,594,595,596,597,598",0.00455609639643041,FALSE,0,0,0,1,17,0,17,0,0.944444444444444
"scad.cv",57,400,0.33,"TRUE","TRUE","FALSE","17.4138964593864","9.13481888316198","8.27907757622439","5.533","0.214","0.505","1,2,3,4,5,6,7,8,9,591,592,593,594,595,596,597,598",0.00384365849558471,FALSE,0,0,0,1,17,0,17,0,0.944444444444444
"scad.cv",58,400,0.33,"TRUE","TRUE","FALSE","18.1276404007251","9.12481361789586","9.00282678282923","4.828","0.206","0.46","1,2,3,4,5,6,7,8,9,590,591,592,593,594,595,596,597,598",0.00454591916663525,TRUE,0,0,0,0,18,0,18,0,1
"scad.cv",59,400,0.33,"TRUE","TRUE","FALSE","18.2273516695455","9.22449736466011","9.00285430488541","5.321","0.209","0.484","1,2,3,4,5,6,7,8,9,487,590,591,592,593,594,595,596,597,598",0.00366580241920437,FALSE,1,0,0,0,19,1,18,0.0526315789473684,1
"scad.cv",6,400,0.33,"TRUE","TRUE","FALSE","18.058099132029","9.20476886460261","8.85333026742635","5.854","0.212","0.484","1,2,3,4,5,6,7,8,9,591,592,593,594,595,596,597,598",0.00361063097511101,FALSE,0,0,0,1,17,0,17,0,0.944444444444444
"scad.cv",60,400,0.33,"TRUE","TRUE","FALSE","18.0901322569256","9.14375551393098","8.94637674299465","5.22","0.203","0.448","1,2,3,4,5,6,7,8,9,591,592,593,594,595,596,597,598",0.00394307515526579,FALSE,0,0,0,1,17,0,17,0,0.944444444444444
"scad.cv",61,400,0.33,"TRUE","TRUE","FALSE","17.1016898364185","9.03633317567104","8.06535666074742","5.771","0.219","0.49","1,2,3,4,6,7,8,9,591,592,593,594,595,596,597,598",0.00371697675735742,FALSE,0,0,1,1,16,0,16,0,0.888888888888889
"scad.cv",62,400,0.33,"TRUE","TRUE","FALSE","17.6890706017783","9.16504194205107","8.52402865972727","5.772","0.2","0.46","1,2,3,4,5,6,7,8,9,314,591,592,593,594,595,596,597,598",0.00383750110156118,FALSE,1,0,0,1,18,1,17,0.0555555555555556,0.944444444444444
"scad.cv",63,400,0.33,"TRUE","TRUE","FALSE","18.1262582279575","9.12657996805498","8.99967825990251","4.89","0.207","0.469","1,2,3,4,5,6,7,8,9,590,591,592,593,594,595,596,597,598",0.00340443741495655,TRUE,0,0,0,0,18,0,18,0,1
"scad.cv",64,400,0.33,"TRUE","TRUE","FALSE","17.7583382360091","8.93047928308909","8.82785895291997","5.949","0.215","0.501","1,2,3,4,6,7,8,9,591,592,593,594,595,596,597,598",0.00401838160187208,FALSE,0,0,1,1,16,0,16,0,0.888888888888889
"scad.cv",65,400,0.33,"TRUE","TRUE","FALSE","18.1027456004347","9.12791849758623","8.97482710284851","5.044","0.204","0.462","1,2,3,4,5,6,7,8,9,591,592,593,594,595,596,597,598",0.0048325380917881,FALSE,0,0,0,1,17,0,17,0,0.944444444444444
"scad.cv",66,400,0.33,"TRUE","TRUE","FALSE","18.1280362728111","9.12706951706283","9.00096675574822","4.79","0.209","0.492","1,2,3,4,5,6,7,8,9,590,591,592,593,594,595,596,597,598",0.0045971003339611,TRUE,0,0,0,0,18,0,18,0,1
"scad.cv",67,400,0.33,"TRUE","TRUE","FALSE","18.1781878040862","9.17524474811675","9.00294305596947","5.211","0.22","0.554","1,2,3,4,5,6,7,8,9,199,474,590,591,592,593,594,595,596,597,598",0.00370036580321834,FALSE,2,0,0,0,20,2,18,0.1,1
"scad.cv",68,400,0.33,"TRUE","TRUE","FALSE","18.0619072767769","9.14584619752761","8.91606107924924","5.135","0.211","0.468","1,2,3,4,6,7,8,9,591,592,593,594,595,596,597,598",0.00290875170853819,FALSE,0,0,1,1,16,0,16,0,0.888888888888889
"scad.cv",69,400,0.33,"TRUE","TRUE","FALSE","17.8429070120055","9.12629608463765","8.71661092736781","5.67","0.222","0.523","1,2,3,4,5,6,7,8,9,591,592,593,594,595,596,597,598",0.00321413583378738,FALSE,0,0,0,1,17,0,17,0,0.944444444444444
"scad.cv",7,400,0.33,"TRUE","TRUE","FALSE","18.2921069143431","9.28557657399585","9.00653034034723","5.748","0.221","0.55","1,2,3,4,5,6,7,8,9,590,591,592,593,594,595,596,597,598",0.00383917171373599,TRUE,0,0,0,0,18,0,18,0,1
"scad.cv",70,400,0.33,"TRUE","TRUE","FALSE","18.1259576340825","9.13879827650013","8.98715935758239","5.292","0.232","0.49","1,2,3,4,5,6,7,8,9,590,591,592,593,594,595,596,597,598",0.00228364252939522,TRUE,0,0,0,0,18,0,18,0,1
"scad.cv",71,400,0.33,"TRUE","TRUE","FALSE","18.1132436805058","9.12397711919777","8.989266561308","5.072","0.211","0.497","1,2,3,4,5,6,7,8,9,462,590,591,592,593,594,595,596,597,598",0.00351440565341249,FALSE,1,0,0,0,19,1,18,0.0526315789473684,1
"scad.cv",72,400,0.33,"TRUE","TRUE","FALSE","18.1452615063859","9.13898295717136","9.00627854921457","5.158","0.209","0.489","1,2,3,4,5,6,7,8,9,590,591,592,593,594,595,596,597,598",0.00326910436937681,TRUE,0,0,0,0,18,0,18,0,1
"scad.cv",73,400,0.33,"TRUE","TRUE","FALSE","18.1085671721594","9.1568247566674","8.95174241549199","5.356","0.202","0.509","1,2,3,4,5,6,7,8,9,590,591,592,593,594,595,596,597,598,614",0.00451869870185059,FALSE,0,1,0,0,19,1,18,0.0526315789473684,1
"scad.cv",74,400,0.33,"TRUE","TRUE","FALSE","17.7094528337467","9.11424223224045","8.59521060150625","5.735","0.204","0.465","1,2,3,4,5,6,7,8,9,591,592,593,594,595,596,597,598",0.00455632319541412,FALSE,0,0,0,1,17,0,17,0,0.944444444444444
"scad.cv",75,400,0.33,"TRUE","TRUE","FALSE","18.1058088202442","9.12325255525068","8.98255626499349","4.79","0.204","0.476","1,2,3,4,5,6,7,8,9,326,591,592,593,594,595,596,597,598",0.00372069876226903,FALSE,1,0,0,1,18,1,17,0.0555555555555556,0.944444444444444
"scad.cv",76,400,0.33,"TRUE","TRUE","FALSE","17.1708928471068","9.16175123493432","8.00914161217249","5.048","0.21","0.508","1,2,3,4,5,6,7,8,9,591,592,593,594,595,596,597,598",0.00330907167759417,FALSE,0,0,0,1,17,0,17,0,0.944444444444444
"scad.cv",77,400,0.33,"TRUE","TRUE","FALSE","18.1244395510881","9.12220306356656","9.00223648752154","5.091","0.219","0.528","1,2,3,4,5,6,7,8,9,149,590,591,592,593,594,595,596,597,598",0.0032113920615296,FALSE,1,0,0,0,19,1,18,0.0526315789473684,1
"scad.cv",78,400,0.33,"TRUE","TRUE","FALSE","18.2258321530854","9.2233526128093","9.00247954027611","5.116","0.21","0.497","1,2,3,4,5,6,7,8,9,590,591,592,593,594,595,596,597,598",0.00373663979191775,TRUE,0,0,0,0,18,0,18,0,1
"scad.cv",79,400,0.33,"TRUE","TRUE","FALSE","17.9949706036523","9.38011060576974","8.6148599978826","6.348","0.212","0.493","1,2,3,4,5,6,7,8,9,345,591,592,593,594,595,596,597,598",0.00430605327332073,FALSE,1,0,0,1,18,1,17,0.0555555555555556,0.944444444444444
"scad.cv",8,400,0.33,"TRUE","TRUE","FALSE","18.1625433021107","9.16006246573273","9.00248083637795","4.921","0.212","0.496","1,2,3,4,5,6,7,8,9,326,590,591,592,593,594,595,596,597,598",0.00298176342936011,FALSE,1,0,0,0,19,1,18,0.0526315789473684,1
"scad.cv",80,400,0.33,"TRUE","TRUE","FALSE","18.1853954793847","9.26821146569724","8.91718401368747","5.682","0.209","0.429","1,2,3,4,5,6,7,8,9,591,592,593,594,595,596,597,598",0.00429710459666523,FALSE,0,0,0,1,17,0,17,0,0.944444444444444
"scad.cv",81,400,0.33,"TRUE","TRUE","FALSE","18.1329724832345","9.12834153102807","9.0046309522064","5.032","0.216","0.517","1,2,3,4,5,6,7,8,9,590,591,592,593,594,595,596,597,598,614",0.00381284487542485,FALSE,0,1,0,0,19,1,18,0.0526315789473684,1
"scad.cv",82,400,0.33,"TRUE","TRUE","FALSE","17.8667123855515","9.1804468100007","8.68626557555082","6.29","0.223","0.55","1,2,3,4,5,6,7,8,9,591,592,593,594,595,596,597,598",0.00314191346094118,FALSE,0,0,0,1,17,0,17,0,0.944444444444444
"scad.cv",83,400,0.33,"TRUE","TRUE","FALSE","17.5836524209627","9.18985172046876","8.39380070049391","6.119","0.222","0.542","1,2,3,4,5,6,7,8,9,591,592,593,594,595,596,597,598",0.00278548937903203,FALSE,0,0,0,1,17,0,17,0,0.944444444444444
"scad.cv",84,400,0.33,"TRUE","TRUE","FALSE","18.3515615851713","9.34717739756536","9.00438418760597","5.63","0.201","0.496","1,2,3,4,5,6,7,8,9,590,591,592,593,594,595,596,597,598",0.0036367150932547,TRUE,0,0,0,0,18,0,18,0,1
"scad.cv",85,400,0.33,"TRUE","TRUE","FALSE","18.1555261451242","9.1521811101205","9.00334503500369","5.615","0.213","0.476","1,2,3,4,6,7,8,9,590,591,592,593,594,595,596,597,598",0.00260047239506013,FALSE,0,0,1,0,17,0,17,0,0.944444444444444
"scad.cv",86,400,0.33,"TRUE","TRUE","FALSE","18.1273380363559","9.12226229757053","9.00507573878536","5.066","0.217","0.493","1,2,3,4,5,6,7,8,9,267,280,329,384,427,590,591,592,593,594,595,596,597,598",0.0014237682983604,FALSE,5,0,0,0,23,5,18,0.217391304347826,1
"scad.cv",87,400,0.33,"TRUE","TRUE","FALSE","17.6954313435352","9.16073670781473","8.53469463572051","5.695","0.209","0.465","1,2,3,4,5,6,7,8,9,591,592,593,594,595,596,597,598",0.00306995594284384,FALSE,0,0,0,1,17,0,17,0,0.944444444444444
"scad.cv",88,400,0.33,"TRUE","TRUE","FALSE","17.7781821684881","8.8498927699857","8.92828939850236","5.628","0.207","0.487","1,2,3,4,6,7,8,9,591,592,593,594,595,596,597,598",0.00355479844149894,FALSE,0,0,1,1,16,0,16,0,0.888888888888889
"scad.cv",89,400,0.33,"TRUE","TRUE","FALSE","18.250169193051","9.30274342659562","8.94742576645534","5.647","0.194","0.453","1,2,3,4,5,6,7,8,9,591,592,593,594,595,596,597,598",0.0037058746640157,FALSE,0,0,0,1,17,0,17,0,0.944444444444444
"scad.cv",9,400,0.33,"TRUE","TRUE","FALSE","18.1771325954254","9.17434271488989","9.0027898805355","5.113","0.202","0.487","1,2,4,5,6,7,8,9,590,591,592,593,594,595,596,597,598",0.00388394665357653,FALSE,0,0,1,0,17,0,17,0,0.944444444444444
"scad.cv",90,400,0.33,"TRUE","TRUE","FALSE","18.1286115572143","9.13653253213746","8.9920790250768","5.141","0.205","0.494","1,2,3,4,5,6,7,8,9,590,591,592,593,594,595,596,597,598",0.00439099911154117,TRUE,0,0,0,0,18,0,18,0,1
"scad.cv",91,400,0.33,"TRUE","TRUE","FALSE","17.7008790935176","9.28596226295381","8.41491683056383","6.476","0.212","0.504","1,2,3,4,5,6,7,8,9,591,592,593,594,595,596,597,598",0.00364984500698985,FALSE,0,0,0,1,17,0,17,0,0.944444444444444
"scad.cv",92,400,0.33,"TRUE","TRUE","FALSE","18.1004080009791","9.17468729360629","8.92572070737279","6.262","0.243","0.545","1,2,3,4,5,6,7,8,9,591,592,593,594,595,596,597,598",0.00312874359811792,FALSE,0,0,0,1,17,0,17,0,0.944444444444444
"scad.cv",93,400,0.33,"TRUE","TRUE","FALSE","17.9218672679005","9.14448516935555","8.77738209854494","6.257","0.217","0.512","1,2,3,4,6,7,8,9,591,592,593,594,595,596,597,598",0.00392602595059298,FALSE,0,0,1,1,16,0,16,0,0.888888888888889
"scad.cv",94,400,0.33,"TRUE","TRUE","FALSE","18.3396560317027","9.28135341887509","9.05830261282766","6.185","0.319","0.434","1,2,3,4,5,6,7,8,9,590,591,592,593,594,595,596,597,598",0.00361454325976891,TRUE,0,0,0,0,18,0,18,0,1
"scad.cv",95,400,0.33,"TRUE","TRUE","FALSE","17.7001410851328","9.22676817226429","8.47337291286856","5.981","0.211","0.465","1,2,3,4,5,6,7,8,9,591,592,593,594,595,596,597,598",0.0041343613975871,FALSE,0,0,0,1,17,0,17,0,0.944444444444444
"scad.cv",96,400,0.33,"TRUE","TRUE","FALSE","17.7341103179979","9.1355175585467","8.59859275945116","5.632","0.207","0.465","1,2,3,4,5,6,7,8,9,460,591,592,593,594,595,596,597,598,612",0.00448562756826517,FALSE,1,1,0,1,19,2,17,0.105263157894737,0.944444444444444
"scad.cv",97,400,0.33,"TRUE","TRUE","FALSE","18.0348326633964","9.12830374699154","8.90652891640481","5.069","0.2","0.476","1,2,3,4,5,6,7,8,9,95,281,587,591,592,593,594,595,596,597,598",0.00462763094502593,FALSE,3,0,0,1,20,3,17,0.15,0.944444444444444
"scad.cv",98,400,0.33,"TRUE","TRUE","FALSE","18.1104916589397","9.1058396685595","9.00465199038018","5.255","0.216","0.5","1,2,3,4,6,7,8,9,590,591,592,593,594,595,596,597,598",0.00311110663028343,FALSE,0,0,1,0,17,0,17,0,0.944444444444444
"scad.cv",99,400,0.33,"TRUE","TRUE","FALSE","17.5658567329066","9.18181093656959","8.38404579633701","5.975","0.217","0.498","1,2,3,4,5,6,7,8,9,228,308,427,591,592,593,594,595,596,597,598",0.00409201099991329,FALSE,3,0,0,1,20,3,17,0.15,0.944444444444444
