"method","sim","n","betamin","is.true.model.intop.kappa.o","is.true.model.intop.kappa.oplusLASSO","is.s.hat.nan","s.hat","s0.hat","s1.hat","time.l0","time.lasso.cv","time.scad.cv","sel.model","est.mse","recovery","nb.tI.b0","nb.tI.b1","nb.tII.b0","nb.tII.b1","est.size","FP","TP","FDR","power"
"EBIC",1,100,0.33,"TRUE","TRUE","FALSE","12.637335076594","6.67076093462294","5.96657414197102","1.631","0.057","0.093","1,2,3,4,6,7,63,128,130,148,149,150,152,153,154,161",0.0103295085912219,FALSE,3,1,1,1,16,4,12,0.25,0.857142857142857
"EBIC",10,100,0.33,"FALSE","FALSE","FALSE","10.9146788087218","5.33357838355109","5.58110042517073","1.566","0.055","0.102","3,4,5,6,7,129,149,150,151,152,153,154",0.00706709064650379,FALSE,1,0,2,1,12,1,11,0.0833333333333333,0.785714285714286
"EBIC",100,100,0.33,"FALSE","FALSE","FALSE","11.8535036442078","5.70095816778685","6.15254547642094","1.326","0.058","0.084","1,2,4,6,7,59,99,149,150,151,152,153,154",0.00890955994790988,FALSE,2,0,2,1,13,2,11,0.153846153846154,0.785714285714286
"EBIC",11,100,0.33,"FALSE","FALSE","FALSE","11.4434408935071","5.36527817539264","6.07816271811452","0.992","0.052","0.085","1,2,3,4,6,7,148,149,150,152,153,154",0.00544078658128106,FALSE,0,0,1,1,12,0,12,0,0.857142857142857
"EBIC",12,100,0.33,"TRUE","TRUE","FALSE","12.2695712270704","6.411869193501","5.85770203356941","1.028","0.055","0.087","1,2,3,4,5,6,7,149,150,151,152,153,154",0.00237126572961324,FALSE,0,0,0,1,13,0,13,0,0.928571428571429
"EBIC",13,100,0.33,"TRUE","TRUE","FALSE","12.0748616823187","6.07894946541191","5.99591221690674","0.925","0.055","0.087","1,2,3,4,5,6,7,149,150,151,152,153,154",0.00198214036257246,FALSE,0,0,0,1,13,0,13,0,0.928571428571429
"EBIC",14,100,0.33,"FALSE","FALSE","FALSE","9.41183624167228","5.49900175540229","3.91283448626999","0.869","0.057","0.094","2,4,5,6,7,128,149,150,152,153,154",0.0115091054835549,FALSE,1,0,2,2,11,1,10,0.0909090909090909,0.714285714285714
"EBIC",15,100,0.33,"FALSE","FALSE","FALSE","11.5739157149855","5.44338430599447","6.13053140899099","1.833","0.055","0.094","1,2,3,4,6,7,37,42,149,150,151,152,153,154",0.00695630875994755,FALSE,2,0,1,1,14,2,12,0.142857142857143,0.857142857142857
"EBIC",16,100,0.33,"FALSE","FALSE","FALSE","9.84108412005974","4.1947428600007","5.64634126005904","1.641","0.056","0.1","1,3,4,5,6,7,135,149,150,151,152,153,154",0.00661456091645177,FALSE,1,0,1,1,13,1,12,0.0769230769230769,0.857142857142857
"EBIC",17,100,0.33,"FALSE","FALSE","FALSE","11.0101632926693","4.65561892088577","6.35454437178352","1.184","0.055","0.101","1,2,4,6,42,97,148,149,150,151,152,153,154",0.0106676748776557,FALSE,2,0,3,0,13,2,11,0.153846153846154,0.785714285714286
"EBIC",18,100,0.33,"FALSE","FALSE","FALSE","10.9545700496646","5.66331929142391","5.29125075824068","1.891","0.063","0.099","2,4,6,7,79,118,149,150,151,152,153,154",0.0127937767573635,FALSE,2,0,3,1,12,2,10,0.166666666666667,0.714285714285714
"EBIC",19,100,0.33,"FALSE","FALSE","FALSE","11.2350605840066","5.22153270753123","6.01352787647534","1.093","0.061","0.093","2,4,6,7,9,39,149,150,151,152,153,154",0.0105720652063018,FALSE,2,0,3,1,12,2,10,0.166666666666667,0.714285714285714
"EBIC",2,100,0.33,"FALSE","FALSE","FALSE","9.53801787376172","4.72174272592568","4.81627514783604","1.304","0.055","0.09","2,4,6,7,107,148,149,150,152,153,154",0.0155871190105612,FALSE,1,0,3,1,11,1,10,0.0909090909090909,0.714285714285714
"EBIC",20,100,0.33,"FALSE","FALSE","FALSE","11.2004350209774","4.54660329512976","6.65383172584764","1.404","0.053","0.079","1,3,5,6,102,148,149,150,151,152,153,154",0.0120547519160204,FALSE,1,0,3,0,12,1,11,0.0833333333333333,0.785714285714286
"EBIC",21,100,0.33,"FALSE","FALSE","FALSE","11.2453046739585","4.32002781030996","6.92527686364852","0.973","0.061","0.087","1,2,3,4,6,7,148,149,150,151,152,153,154",0.00329343680409708,FALSE,0,0,1,0,13,0,13,0,0.928571428571429
"EBIC",22,100,0.33,"TRUE","TRUE","FALSE","11.2543464155428","4.50527421279596","6.74907220274682","1.36","0.056","0.098","3,4,5,6,7,148,149,150,151,152,153,154",0.00556366898726288,FALSE,0,0,2,0,12,0,12,0,0.857142857142857
"EBIC",23,100,0.33,"FALSE","FALSE","FALSE","11.9596236594984","6.4285741850796","5.53104947441881","1.514","0.056","0.086","2,3,4,5,6,7,88,132,141,149,150,151,152,153,154,158",0.0128865893345564,FALSE,3,1,1,1,16,4,12,0.25,0.857142857142857
"EBIC",24,100,0.33,"FALSE","FALSE","FALSE","11.5236539864815","5.6101160820587","5.91353790442282","1.069","0.05","0.086","1,2,4,5,6,7,25,148,149,150,151,152,153,154",0.00559692314936107,FALSE,1,0,1,0,14,1,13,0.0714285714285714,0.928571428571429
"EBIC",25,100,0.33,"FALSE","FALSE","FALSE","10.4395129204558","5.24121187450066","5.19830104595513","1.426","0.057","0.1","1,2,6,45,100,134,145,149,150,152,153,154",0.0201620443713618,FALSE,4,0,4,2,12,4,8,0.333333333333333,0.571428571428571
"EBIC",26,100,0.33,"FALSE","FALSE","FALSE","10.3285312513482","5.06134107407322","5.26719017727493","1.516","0.053","0.08","1,2,4,5,6,7,148,149,150,151,152,153,154",0.00300909709656271,FALSE,0,0,1,0,13,0,13,0,0.928571428571429
"EBIC",27,100,0.33,"FALSE","FALSE","FALSE","10.7432935347075","5.01333127224868","5.72996226245881","1.695","0.056","0.092","1,2,3,4,5,6,7,149,150,151,152,153,154",0.00275311977207152,FALSE,0,0,0,1,13,0,13,0,0.928571428571429
"EBIC",28,100,0.33,"FALSE","FALSE","FALSE","11.1698817588047","4.77348054662687","6.39640121217787","1.208","0.057","0.097","1,2,4,6,9,63,99,133,149,150,151,152,153,154",0.016805034214318,FALSE,4,0,3,1,14,4,10,0.285714285714286,0.714285714285714
"EBIC",29,100,0.33,"FALSE","FALSE","FALSE","10.836678588758","5.09530427956041","5.74137430919754","1.232","0.054","0.075","1,3,4,6,7,40,149,150,151,152,153,154",0.00769561784228396,FALSE,1,0,2,1,12,1,11,0.0833333333333333,0.785714285714286
"EBIC",3,100,0.33,"FALSE","FALSE","FALSE","10.5975453585954","4.84362892120495","5.75391643739048","1.192","0.067","0.116","2,4,5,6,7,14,32,149,150,151,152,153,154",0.00791290518331698,FALSE,2,0,2,1,13,2,11,0.153846153846154,0.785714285714286
"EBIC",30,100,0.33,"FALSE","FALSE","FALSE","10.8963371755591","4.86213537340812","6.03420180215102","1.511","0.062","0.091","1,2,3,4,6,7,148,149,150,151,152,153,154",0.00302156960314634,FALSE,0,0,1,0,13,0,13,0,0.928571428571429
"EBIC",31,100,0.33,"FALSE","FALSE","FALSE","10.3133602843856","4.49058846308751","5.82277182129812","1.193","0.062","0.098","2,4,5,6,7,148,149,150,151,152,153,154",0.00497266664466222,FALSE,0,0,2,0,12,0,12,0,0.857142857142857
"EBIC",32,100,0.33,"FALSE","FALSE","FALSE","11.0249860219961","4.99658023734376","6.02840578465231","1.272","0.061","0.096","1,2,4,6,7,28,136,149,150,151,152,153,154",0.00938867518355122,FALSE,2,0,2,1,13,2,11,0.153846153846154,0.785714285714286
"EBIC",33,100,0.33,"FALSE","FALSE","FALSE","11.4049520838612","4.94465195068854","6.46030013317265","1.234","0.053","0.087","4,5,6,7,8,146,149,150,151,152,153,154",0.011158743116241,FALSE,2,0,3,1,12,2,10,0.166666666666667,0.714285714285714
"EBIC",34,100,0.33,"FALSE","FALSE","FALSE","9.97822810077313","5.89386019225271","4.08436790852042","1.598","0.054","0.076","1,2,3,4,5,6,7,149,150,152,153,154",0.00549043322782247,FALSE,0,0,0,2,12,0,12,0,0.857142857142857
"EBIC",35,100,0.33,"FALSE","FALSE","FALSE","11.0821718707331","5.38692478874115","5.69524708199194","1.234","0.071","0.096","1,2,4,6,7,27,134,138,149,150,151,152,153,154",0.00771540882348884,FALSE,3,0,2,1,14,3,11,0.214285714285714,0.785714285714286
"EBIC",36,100,0.33,"FALSE","FALSE","FALSE","11.1885996322265","5.21245067823781","5.97614895398865","0.851","0.051","0.083","1,3,4,5,6,7,149,150,151,152,153,154",0.00439358243508109,FALSE,0,0,1,1,12,0,12,0,0.857142857142857
"EBIC",37,100,0.33,"TRUE","TRUE","FALSE","12.4852880478778","5.66035892840688","6.8249291194709","1.435","0.057","0.091","1,2,3,4,5,6,7,39,148,149,150,151,152,153,154,156",0.00484383025748373,FALSE,1,1,0,0,16,2,14,0.125,1
"EBIC",38,100,0.33,"FALSE","FALSE","FALSE","11.5930119660368","5.56528859809262","6.02772336794419","1.186","0.069","0.106","1,2,3,4,5,6,7,149,150,151,152,153,154",0.00206595785310469,FALSE,0,0,0,1,13,0,13,0,0.928571428571429
"EBIC",39,100,0.33,"FALSE","FALSE","FALSE","10.8553404015007","4.94139933480649","5.91394106669416","1.279","0.078","0.123","1,2,4,6,7,149,150,151,152,153,154",0.00726307775984153,FALSE,0,0,2,1,11,0,11,0,0.785714285714286
"EBIC",4,100,0.33,"FALSE","FALSE","FALSE","11.0265095465995","4.97039918508011","6.05611036151941","1.317","0.076","0.152","2,3,4,5,6,7,44,149,150,151,152,153,154",0.00572475600519931,FALSE,1,0,1,1,13,1,12,0.0769230769230769,0.857142857142857
"EBIC",40,100,0.33,"FALSE","FALSE","FALSE","9.59602668624836","4.94115480228916","4.6548718839592","1.904","0.071","0.116","2,3,4,5,6,7,20,149,151,152,153,154",0.0100791034200842,FALSE,1,0,1,2,12,1,11,0.0833333333333333,0.785714285714286
"EBIC",41,100,0.33,"FALSE","FALSE","FALSE","10.5038519662666","6.05034418527883","4.45350778098774","1.98","0.06","0.093","1,2,3,4,5,6,7,55,70,149,150,152,153,154",0.00724312106121254,FALSE,2,0,0,2,14,2,12,0.142857142857143,0.857142857142857
"EBIC",42,100,0.33,"FALSE","FALSE","FALSE","11.1148548282735","5.04256921280477","6.07228561546868","1.453","0.061","0.094","2,3,4,6,7,148,149,150,151,152,153,154",0.00514579486980468,FALSE,0,0,2,0,12,0,12,0,0.857142857142857
"EBIC",43,100,0.33,"FALSE","FALSE","FALSE","10.6962135587859","4.89819160833101","5.79802195045493","0.893","0.06","0.103","2,3,4,5,6,7,149,150,151,152,153,154",0.00380720489718987,FALSE,0,0,1,1,12,0,12,0,0.857142857142857
"EBIC",44,100,0.33,"FALSE","FALSE","FALSE","11.4981299079975","5.74219161679069","5.75593829120684","1.058","0.064","0.11","2,3,4,5,6,7,9,62,149,150,151,152,153,154",0.00787514706896575,FALSE,2,0,1,1,14,2,12,0.142857142857143,0.857142857142857
"EBIC",45,100,0.33,"FALSE","FALSE","FALSE","10.9084513919995","4.40762707379266","6.50082431820682","1.317","0.058","0.098","2,4,6,7,148,149,150,151,152,153,154",0.00758807163486105,FALSE,0,0,3,0,11,0,11,0,0.785714285714286
"EBIC",46,100,0.33,"FALSE","FALSE","FALSE","11.1087521366381","6.36506194033699","4.74369019630106","1.817","0.058","0.095","1,2,4,5,6,7,120,149,150,151,152,153,154",0.00488997644675085,FALSE,1,0,1,1,13,1,12,0.0769230769230769,0.857142857142857
"EBIC",47,100,0.33,"FALSE","FALSE","FALSE","11.36438829625","5.65653094374716","5.7078573525028","1.173","0.057","0.093","2,3,4,5,6,7,54,92,149,150,151,152,153,154",0.00713106205093716,FALSE,2,0,1,1,14,2,12,0.142857142857143,0.857142857142857
"EBIC",48,100,0.33,"TRUE","TRUE","FALSE","11.4360992771246","6.05912352809651","5.37697574902811","1.307","0.056","0.086","1,2,3,4,5,6,7,148,149,150,151,152,153,154",0.00143867743711799,TRUE,0,0,0,0,14,0,14,0,1
"EBIC",49,100,0.33,"FALSE","FALSE","FALSE","11.6281121206038","5.74471463710013","5.88339748350364","1.056","0.055","0.098","1,2,4,6,7,74,77,144,149,150,151,152,153,154",0.00898391753532324,FALSE,3,0,2,1,14,3,11,0.214285714285714,0.785714285714286
"EBIC",5,100,0.33,"FALSE","FALSE","FALSE","9.79703837599842","6.36087046006165","3.43616791593676","2.359","0.061","0.098","2,3,4,5,6,35,104,125,149,153,154,156",0.0347456039794748,FALSE,3,1,2,4,12,4,8,0.333333333333333,0.571428571428571
"EBIC",50,100,0.33,"FALSE","FALSE","FALSE","9.25637299883635","4.94383542869311","4.31253757014324","1.439","0.058","0.1","1,2,6,83,104,148,149,150,152,153,154",0.0227082176990014,FALSE,2,0,4,1,11,2,9,0.181818181818182,0.642857142857143
"EBIC",51,100,0.33,"FALSE","FALSE","FALSE","10.5455864302524","4.47109018212724","6.07449624812516","0.961","0.051","0.088","2,3,4,6,7,142,149,150,151,152,153,154",0.00627479309735332,FALSE,1,0,2,1,12,1,11,0.0833333333333333,0.785714285714286
"EBIC",52,100,0.33,"FALSE","FALSE","FALSE","10.7768895348516","5.70916614296701","5.0677233918846","0.876","0.055","0.088","2,3,4,5,6,7,93,149,150,151,152,153,154",0.00573557752120086,FALSE,1,0,1,1,13,1,12,0.0769230769230769,0.857142857142857
"EBIC",53,100,0.33,"FALSE","FALSE","FALSE","10.4074160091522","3.79780880266336","6.60960720648886","1.283","0.053","0.094","1,2,6,148,149,150,151,152,153,154,156",0.015891265515628,FALSE,0,1,4,0,11,1,10,0.0909090909090909,0.714285714285714
"EBIC",54,100,0.33,"FALSE","FALSE","FALSE","10.2220507621311","4.62690483186144","5.59514593026964","1.547","0.054","0.084","1,2,3,4,5,6,7,149,150,151,152,153,154",0.00219168027655019,FALSE,0,0,0,1,13,0,13,0,0.928571428571429
"EBIC",55,100,0.33,"FALSE","FALSE","FALSE","11.2135903113876","5.35341366502597","5.86017664636159","0.752","0.052","0.09","1,3,4,5,6,7,149,150,151,152,153,154",0.00465902180578189,FALSE,0,0,1,1,12,0,12,0,0.857142857142857
"EBIC",56,100,0.33,"FALSE","FALSE","FALSE","11.3707187478305","5.37304728928528","5.9976714585452","0.74","0.056","0.092","2,4,5,6,7,9,75,130,131,149,150,151,152,153,154",0.013353124643814,FALSE,4,0,2,1,15,4,11,0.266666666666667,0.785714285714286
"EBIC",57,100,0.33,"FALSE","FALSE","FALSE","9.65735705469082","5.02015451270392","4.6372025419869","1.696","0.056","0.079","2,3,4,5,6,7,149,151,152,153,154",0.0106856254558595,FALSE,0,0,1,2,11,0,11,0,0.785714285714286
"EBIC",58,100,0.33,"FALSE","FALSE","FALSE","10.4636388287705","5.24442564500654","5.21921318376397","1.019","0.051","0.077","1,2,4,6,7,148,149,150,152,153,154",0.00878155682034436,FALSE,0,0,2,1,11,0,11,0,0.785714285714286
"EBIC",59,100,0.33,"FALSE","FALSE","FALSE","10.7432626486068","5.33672251486756","5.40654013373924","0.951","0.054","0.081","3,4,5,6,7,148,149,150,151,152,153,154",0.00604180540567367,FALSE,0,0,2,0,12,0,12,0,0.857142857142857
"EBIC",6,100,0.33,"TRUE","TRUE","FALSE","12.1897128092419","6.1466265620586","6.04308624718333","1.089","0.059","0.085","2,3,4,5,6,7,40,149,150,151,152,153,154",0.0051492957516158,FALSE,1,0,1,1,13,1,12,0.0769230769230769,0.857142857142857
"EBIC",60,100,0.33,"FALSE","FALSE","FALSE","11.5088848661328","5.25631382167656","6.25257104445621","1.162","0.052","0.08","2,3,4,5,6,7,107,148,149,150,151,152,153,154",0.00511916207130144,FALSE,1,0,1,0,14,1,13,0.0714285714285714,0.928571428571429
"EBIC",61,100,0.33,"FALSE","FALSE","FALSE","10.6470171036389","4.66175202526842","5.98526507837045","1.149","0.057","0.087","2,4,6,7,9,133,149,150,151,152,153,154",0.0114163374246994,FALSE,2,0,3,1,12,2,10,0.166666666666667,0.714285714285714
"EBIC",62,100,0.33,"FALSE","FALSE","FALSE","10.4139050024531","5.24129513188552","5.17260987056759","0.913","0.055","0.097","2,4,6,7,53,92,149,150,152,153,154",0.0147626588986632,FALSE,2,0,3,2,11,2,9,0.181818181818182,0.642857142857143
"EBIC",63,100,0.33,"FALSE","FALSE","FALSE","10.2508173305076","4.830117110266","5.42070022024159","1.542","0.057","0.094","1,3,4,5,6,7,149,150,151,152,153,154",0.00404151695650035,FALSE,0,0,1,1,12,0,12,0,0.857142857142857
"EBIC",64,100,0.33,"FALSE","FALSE","FALSE","10.5963011732499","5.84765021137336","4.74865096187654","1.753","0.056","0.088","1,2,3,4,6,7,96,149,150,151,152,153,154",0.00553630314194741,FALSE,1,0,1,1,13,1,12,0.0769230769230769,0.857142857142857
"EBIC",65,100,0.33,"FALSE","FALSE","FALSE","9.56023811829027","4.56928612406645","4.99095199422382","0.865","0.061","0.087","2,4,6,7,149,150,152,153,154",0.0140242704069893,FALSE,0,0,3,2,9,0,9,0,0.642857142857143
"EBIC",66,100,0.33,"FALSE","FALSE","FALSE","12.8197215253282","6.91752115718272","5.90220036814551","1.041","0.054","0.087","1,2,4,6,7,32,127,149,150,151,152,153,154",0.00975633235331966,FALSE,2,0,2,1,13,2,11,0.153846153846154,0.785714285714286
"EBIC",67,100,0.33,"FALSE","FALSE","FALSE","10.6727061654845","4.83875827392067","5.83394789156385","1.52","0.06","0.098","1,3,4,5,6,7,149,150,151,152,153,154",0.00367244054764779,FALSE,0,0,1,1,12,0,12,0,0.857142857142857
"EBIC",68,100,0.33,"FALSE","FALSE","FALSE","9.89885108918192","3.9934012821877","5.90544980699422","0.93","0.059","0.098","1,2,4,6,7,149,150,151,152,153,154",0.00713809986666197,FALSE,0,0,2,1,11,0,11,0,0.785714285714286
"EBIC",69,100,0.33,"FALSE","FALSE","FALSE","10.8445543034832","5.19997899264972","5.64457531083344","1.503","0.053","0.09","2,4,6,7,128,146,149,150,151,152,153,154",0.00979404500671333,FALSE,2,0,3,1,12,2,10,0.166666666666667,0.714285714285714
"EBIC",7,100,0.33,"TRUE","TRUE","FALSE","11.815524245373","6.14631815472182","5.66920609065115","1.431","0.056","0.095","1,2,3,4,5,6,7,55,149,150,151,152,153,154",0.0027723258742911,FALSE,1,0,0,1,14,1,13,0.0714285714285714,0.928571428571429
"EBIC",70,100,0.33,"FALSE","FALSE","FALSE","10.6612850869681","5.55431464082452","5.10697044614357","1.931","0.06","0.114","1,2,4,6,7,41,105,148,149,150,151,152,153,154",0.0100085722901233,FALSE,2,0,2,0,14,2,12,0.142857142857143,0.857142857142857
"EBIC",71,100,0.33,"FALSE","FALSE","FALSE","10.0948900603091","5.61793970801702","4.4769503522921","1.064","0.052","0.079","3,4,5,6,7,53,92,149,150,151,153,154",0.0138155375271998,FALSE,2,0,2,2,12,2,10,0.166666666666667,0.714285714285714
"EBIC",72,100,0.33,"FALSE","FALSE","FALSE","9.51362280893016","5.29098002570794","4.22264278322222","1.232","0.055","0.092","4,6,7,32,122,135,149,152,153,155",0.0342381870881253,FALSE,3,1,4,4,10,4,6,0.4,0.428571428571429
"EBIC",73,100,0.33,"FALSE","FALSE","FALSE","11.5815703649483","7.18086753269027","4.400702832258","1.784","0.058","0.102","1,3,4,5,6,7,65,89,149,150,151,152,153,154",0.00911264074465118,FALSE,2,0,1,1,14,2,12,0.142857142857143,0.857142857142857
"EBIC",74,100,0.33,"FALSE","FALSE","FALSE","9.80321684876601","5.86670338741636","3.93651346134965","1.893","0.053","0.092","2,3,4,5,6,7,149,150,151,152,153,154",0.00426358905864678,FALSE,0,0,1,1,12,0,12,0,0.857142857142857
"EBIC",75,100,0.33,"FALSE","FALSE","FALSE","10.7251930289728","5.86806800024711","4.85712502872565","1.151","0.064","0.095","2,3,4,5,6,7,59,149,150,152,153,154",0.00805937420413006,FALSE,1,0,1,2,12,1,11,0.0833333333333333,0.785714285714286
"EBIC",76,100,0.33,"FALSE","FALSE","FALSE","11.3182225015881","5.66770938107316","5.65051312051497","0.998","0.051","0.075","3,4,5,6,7,49,149,150,151,152,153,154",0.00791922593632646,FALSE,1,0,2,1,12,1,11,0.0833333333333333,0.785714285714286
"EBIC",77,100,0.33,"FALSE","FALSE","FALSE","9.70166985205678","4.49498152615524","5.20668832590154","0.899","0.058","0.09","2,4,6,7,148,149,150,152,153,154",0.0121418324567182,FALSE,0,0,3,1,10,0,10,0,0.714285714285714
"EBIC",78,100,0.33,"FALSE","FALSE","FALSE","10.0247543420818","6.36353326547656","3.66122107660522","1.607","0.067","0.099","3,4,5,6,7,36,147,149,150,151,152,153,154",0.0105687817944373,FALSE,2,0,2,1,13,2,11,0.153846153846154,0.785714285714286
"EBIC",79,100,0.33,"FALSE","FALSE","FALSE","10.1549200498787","5.68728915642537","4.46763089345329","1.06","0.057","0.089","1,2,4,5,6,7,149,150,151,152,153,154",0.0038285260013874,FALSE,0,0,1,1,12,0,12,0,0.857142857142857
"EBIC",8,100,0.33,"TRUE","TRUE","FALSE","10.7002132578859","5.72207521320094","4.978138044685","2.069","0.058","0.078","1,3,4,5,6,7,148,149,150,151,152,153,154",0.00339937385444384,FALSE,0,0,1,0,13,0,13,0,0.928571428571429
"EBIC",80,100,0.33,"FALSE","FALSE","FALSE","11.1981292205469","5.22192127218578","5.97620794836114","1.007","0.054","0.09","2,4,6,7,32,77,92,149,150,151,152,153,154",0.0122995580795053,FALSE,3,0,3,1,13,3,10,0.230769230769231,0.714285714285714
"EBIC",81,100,0.33,"FALSE","FALSE","FALSE","11.0223039503011","7.10892413116042","3.91337981914065","1.601","0.057","0.118","2,3,4,5,6,7,44,87,134,149,150,151,152,153,154",0.00912169614977733,FALSE,3,0,1,1,15,3,12,0.2,0.857142857142857
"EBIC",82,100,0.33,"FALSE","FALSE","FALSE","10.740410356578","5.87388128289407","4.86652907368395","1.536","0.062","0.098","2,4,5,6,7,45,48,80,113,122,148,149,150,152,153,154",0.0141557514080773,FALSE,5,0,2,1,16,5,11,0.3125,0.785714285714286
"EBIC",83,100,0.33,"FALSE","FALSE","FALSE","10.9493724171402","4.82862412803894","6.12074828910126","0.978","0.056","0.088","1,2,4,6,7,110,148,149,150,151,152,153,154",0.00581047391210804,FALSE,1,0,2,0,13,1,12,0.0769230769230769,0.857142857142857
"EBIC",84,100,0.33,"FALSE","FALSE","FALSE","11.7376270379784","5.70387344964909","6.03375358832926","0.966","0.053","0.099","2,3,4,5,6,7,149,150,151,152,153,154",0.00391512137366381,FALSE,0,0,1,1,12,0,12,0,0.857142857142857
"EBIC",85,100,0.33,"FALSE","FALSE","FALSE","9.15514356497677","4.44197406961044","4.71316949536632","2.48","0.066","0.106","1,2,6,7,119,149,150,151,152,153,154,162",0.0155204643282115,FALSE,1,1,3,1,12,2,10,0.166666666666667,0.714285714285714
"EBIC",86,100,0.33,"TRUE","TRUE","FALSE","12.1025092211172","6.05191745602582","6.05059176509138","0.978","0.054","0.095","1,2,3,4,5,6,7,149,150,151,152,153,154",0.00157257284914446,FALSE,0,0,0,1,13,0,13,0,0.928571428571429
"EBIC",87,100,0.33,"FALSE","FALSE","FALSE","11.3660387736167","5.34379915184897","6.0222396217677","1.165","0.054","0.089","1,2,3,4,5,6,7,100,149,150,151,152,153,154",0.00378149723164671,FALSE,1,0,0,1,14,1,13,0.0714285714285714,0.928571428571429
"EBIC",88,100,0.33,"FALSE","FALSE","FALSE","10.2603995596429","3.59467721334404","6.6657223462989","0.837","0.057","0.089","1,4,6,7,148,149,150,151,152,153,154",0.00764009857055773,FALSE,0,0,3,0,11,0,11,0,0.785714285714286
"EBIC",89,100,0.33,"FALSE","FALSE","FALSE","11.8163474573527","5.96932826230178","5.84701919505092","1.917","0.069","0.094","2,3,4,5,6,7,74,149,150,151,152,153,154",0.0045160694038219,FALSE,1,0,1,1,13,1,12,0.0769230769230769,0.857142857142857
"EBIC",9,100,0.33,"FALSE","FALSE","FALSE","11.1452558216707","4.79294294795135","6.35231287371931","1.146","0.055","0.089","3,4,5,6,7,148,149,150,151,152,153,154",0.00464833419148075,FALSE,0,0,2,0,12,0,12,0,0.857142857142857
"EBIC",90,100,0.33,"FALSE","FALSE","FALSE","9.69380138848885","4.85797694569068","4.83582444279817","1.447","0.058","0.085","1,2,3,4,5,6,7,112,149,150,152,153,154",0.00704785219051313,FALSE,1,0,0,2,13,1,12,0.0769230769230769,0.857142857142857
"EBIC",91,100,0.33,"FALSE","FALSE","FALSE","10.5235263852385","5.50212730398719","5.02139908125127","1.595","0.056","0.086","1,2,4,5,6,7,149,150,151,152,153,154",0.00335204897713232,FALSE,0,0,1,1,12,0,12,0,0.857142857142857
"EBIC",92,100,0.33,"FALSE","FALSE","FALSE","10.4807165828062","4.58744419687575","5.89327238593045","1.401","0.06","0.087","1,3,4,6,7,148,149,150,151,152,153,154",0.00566904602772323,FALSE,0,0,2,0,12,0,12,0,0.857142857142857
"EBIC",93,100,0.33,"FALSE","FALSE","FALSE","10.0450370863111","4.70017870324323","5.34485838306784","1.159","0.054","0.082","1,4,6,7,39,60,122,148,149,150,152,153,154",0.0136012148224303,FALSE,3,0,3,1,13,3,10,0.230769230769231,0.714285714285714
"EBIC",94,100,0.33,"FALSE","FALSE","FALSE","11.2524954589243","5.23410656085448","6.0183888980698","1.038","0.054","0.099","2,3,4,5,6,7,149,150,151,152,153,154",0.00375669649826235,FALSE,0,0,1,1,12,0,12,0,0.857142857142857
"EBIC",95,100,0.33,"FALSE","FALSE","FALSE","11.5484832776453","6.50341966288299","5.04506361476236","1.161","0.059","0.096","2,3,4,6,7,38,119,149,150,152,153,154",0.0132959340398255,FALSE,2,0,2,2,12,2,10,0.166666666666667,0.714285714285714
"EBIC",96,100,0.33,"FALSE","FALSE","FALSE","11.5350123447706","5.70280916456374","5.83220318020684","1.732","0.055","0.097","2,3,4,5,6,7,94,132,149,150,151,152,153,154",0.00691155578875252,FALSE,2,0,1,1,14,2,12,0.142857142857143,0.857142857142857
"EBIC",97,100,0.33,"FALSE","FALSE","FALSE","10.7858196772468","5.22713304739631","5.5586866298505","1.472","0.058","0.1","2,3,4,5,6,7,89,149,150,151,152,153,154",0.00474670914083385,FALSE,1,0,1,1,13,1,12,0.0769230769230769,0.857142857142857
"EBIC",98,100,0.33,"FALSE","FALSE","FALSE","9.1208650666027","6.07268384396016","3.04818122264254","1.586","0.061","0.089","5,6,26,35,57,75,104,114,147,148,149,153",0.0558963394816982,FALSE,7,0,5,4,12,7,5,0.583333333333333,0.357142857142857
"EBIC",99,100,0.33,"FALSE","FALSE","FALSE","10.1386885649043","4.99326132365413","5.14542724125016","1.307","0.062","0.104","3,4,5,6,7,149,150,151,152,153,154",0.00923519405662604,FALSE,0,0,2,1,11,0,11,0,0.785714285714286
"kappa.o",1,100,0.33,"TRUE","TRUE","FALSE","12.637335076594","6.67076093462294","5.96657414197102","1.631","0.057","0.093","2,4,6,7,63,128,148,149,150,152,153,154",0.0141355171507865,FALSE,2,0,3,1,12,2,10,0.166666666666667,0.714285714285714
"kappa.o",10,100,0.33,"FALSE","FALSE","FALSE","10.9146788087218","5.33357838355109","5.58110042517073","1.566","0.055","0.102","3,4,5,6,7,149,150,151,152,153,154",0.00641941873441382,FALSE,0,0,2,1,11,0,11,0,0.785714285714286
"kappa.o",100,100,0.33,"FALSE","FALSE","FALSE","11.8535036442078","5.70095816778685","6.15254547642094","1.326","0.058","0.084","1,2,6,59,99,149,150,151,152,153,154",0.0191331982196471,FALSE,2,0,4,1,11,2,9,0.181818181818182,0.642857142857143
"kappa.o",11,100,0.33,"FALSE","FALSE","FALSE","11.4434408935071","5.36527817539264","6.07816271811452","0.992","0.052","0.085","1,2,4,6,7,148,149,150,152,153,154",0.00795387938435772,FALSE,0,0,2,1,11,0,11,0,0.785714285714286
"kappa.o",12,100,0.33,"TRUE","TRUE","FALSE","12.2695712270704","6.411869193501","5.85770203356941","1.028","0.055","0.087","1,2,3,4,6,7,149,150,151,152,153,154",0.00442742372442797,FALSE,0,0,1,1,12,0,12,0,0.857142857142857
"kappa.o",13,100,0.33,"TRUE","TRUE","FALSE","12.0748616823187","6.07894946541191","5.99591221690674","0.925","0.055","0.087","1,3,4,5,6,7,149,150,151,152,153,154",0.0045597958984069,FALSE,0,0,1,1,12,0,12,0,0.857142857142857
"kappa.o",14,100,0.33,"FALSE","FALSE","FALSE","9.41183624167228","5.49900175540229","3.91283448626999","0.869","0.057","0.094","2,4,5,6,7,149,150,153,154",0.0168978386193176,FALSE,0,0,2,3,9,0,9,0,0.642857142857143
"kappa.o",15,100,0.33,"FALSE","FALSE","FALSE","11.5739157149855","5.44338430599447","6.13053140899099","1.833","0.055","0.094","2,4,6,7,37,149,150,151,152,153,154",0.0101436553889953,FALSE,1,0,3,1,11,1,10,0.0909090909090909,0.714285714285714
"kappa.o",16,100,0.33,"FALSE","FALSE","FALSE","9.84108412005974","4.1947428600007","5.64634126005904","1.641","0.056","0.1","1,3,6,148,149,150,151,152,154",0.023164045299164,FALSE,0,0,4,1,9,0,9,0,0.642857142857143
"kappa.o",17,100,0.33,"FALSE","FALSE","FALSE","11.0101632926693","4.65561892088577","6.35454437178352","1.184","0.055","0.101","1,2,4,6,148,149,150,151,152,153,154",0.00964868317980722,FALSE,0,0,3,0,11,0,11,0,0.785714285714286
"kappa.o",18,100,0.33,"FALSE","FALSE","FALSE","10.9545700496646","5.66331929142391","5.29125075824068","1.891","0.063","0.099","2,4,6,7,149,150,151,152,153,154",0.00949318007965785,FALSE,0,0,3,1,10,0,10,0,0.714285714285714
"kappa.o",19,100,0.33,"FALSE","FALSE","FALSE","11.2350605840066","5.22153270753123","6.01352787647534","1.093","0.061","0.093","2,4,6,7,9,149,150,151,152,153,154",0.0104245681945846,FALSE,1,0,3,1,11,1,10,0.0909090909090909,0.714285714285714
"kappa.o",2,100,0.33,"FALSE","FALSE","FALSE","9.53801787376172","4.72174272592568","4.81627514783604","1.304","0.055","0.09","4,6,7,107,148,149,150,152,154",0.0288135302966369,FALSE,1,0,4,2,9,1,8,0.111111111111111,0.571428571428571
"kappa.o",20,100,0.33,"FALSE","FALSE","FALSE","11.2004350209774","4.54660329512976","6.65383172584764","1.404","0.053","0.079","1,3,5,6,148,149,150,151,152,153,154",0.0116359300623996,FALSE,0,0,3,0,11,0,11,0,0.785714285714286
"kappa.o",21,100,0.33,"FALSE","FALSE","FALSE","11.2453046739585","4.32002781030996","6.92527686364852","0.973","0.061","0.087","1,2,4,6,148,149,150,151,152,153,154",0.00931973725406261,FALSE,0,0,3,0,11,0,11,0,0.785714285714286
"kappa.o",22,100,0.33,"TRUE","TRUE","FALSE","11.2543464155428","4.50527421279596","6.74907220274682","1.36","0.056","0.098","4,6,7,148,149,150,152,153,154,155",0.0155937603970228,FALSE,0,1,4,1,10,1,9,0.1,0.642857142857143
"kappa.o",23,100,0.33,"FALSE","FALSE","FALSE","11.9596236594984","6.4285741850796","5.53104947441881","1.514","0.056","0.086","3,4,5,6,7,149,150,151,152,153,154",0.00847164728937611,FALSE,0,0,2,1,11,0,11,0,0.785714285714286
"kappa.o",24,100,0.33,"FALSE","FALSE","FALSE","11.5236539864815","5.6101160820587","5.91353790442282","1.069","0.05","0.086","2,4,5,6,7,149,150,151,152,153,154",0.00700256530542341,FALSE,0,0,2,1,11,0,11,0,0.785714285714286
"kappa.o",25,100,0.33,"FALSE","FALSE","FALSE","10.4395129204558","5.24121187450066","5.19830104595513","1.426","0.057","0.1","1,2,6,100,145,149,150,152,153,154",0.0203811177541049,FALSE,2,0,4,2,10,2,8,0.2,0.571428571428571
"kappa.o",26,100,0.33,"FALSE","FALSE","FALSE","10.3285312513482","5.06134107407322","5.26719017727493","1.516","0.053","0.08","1,2,4,6,7,148,149,150,152,153,154",0.00791129603491222,FALSE,0,0,2,1,11,0,11,0,0.785714285714286
"kappa.o",27,100,0.33,"FALSE","FALSE","FALSE","10.7432935347075","5.01333127224868","5.72996226245881","1.695","0.056","0.092","2,4,6,7,59,149,150,152,153,154",0.0143677502092578,FALSE,1,0,3,2,10,1,9,0.1,0.642857142857143
"kappa.o",28,100,0.33,"FALSE","FALSE","FALSE","11.1698817588047","4.77348054662687","6.39640121217787","1.208","0.057","0.097","1,2,6,99,148,149,150,151,152,153,154",0.0149933681015678,FALSE,1,0,4,0,11,1,10,0.0909090909090909,0.714285714285714
"kappa.o",29,100,0.33,"FALSE","FALSE","FALSE","10.836678588758","5.09530427956041","5.74137430919754","1.232","0.054","0.075","1,3,4,6,7,149,150,151,152,153,154",0.00601465584833191,FALSE,0,0,2,1,11,0,11,0,0.785714285714286
"kappa.o",3,100,0.33,"FALSE","FALSE","FALSE","10.5975453585954","4.84362892120495","5.75391643739048","1.192","0.067","0.116","2,4,6,7,149,150,151,152,153,154",0.00918848552345506,FALSE,0,0,3,1,10,0,10,0,0.714285714285714
"kappa.o",30,100,0.33,"FALSE","FALSE","FALSE","10.8963371755591","4.86213537340812","6.03420180215102","1.511","0.062","0.091","1,3,6,148,149,150,151,152,153,154",0.0168583181462829,FALSE,0,0,4,0,10,0,10,0,0.714285714285714
"kappa.o",31,100,0.33,"FALSE","FALSE","FALSE","10.3133602843856","4.49058846308751","5.82277182129812","1.193","0.062","0.098","2,4,6,7,148,149,150,152,153,154",0.0111479399543237,FALSE,0,0,3,1,10,0,10,0,0.714285714285714
"kappa.o",32,100,0.33,"FALSE","FALSE","FALSE","11.0249860219961","4.99658023734376","6.02840578465231","1.272","0.061","0.096","4,6,7,135,149,150,151,152,153,154",0.0136123417868923,FALSE,1,0,4,1,10,1,9,0.1,0.642857142857143
"kappa.o",33,100,0.33,"FALSE","FALSE","FALSE","11.4049520838612","4.94465195068854","6.46030013317265","1.234","0.053","0.087","4,5,6,7,8,146,149,150,151,152,153,154",0.011158743116241,FALSE,2,0,3,1,12,2,10,0.166666666666667,0.714285714285714
"kappa.o",34,100,0.33,"FALSE","FALSE","FALSE","9.97822810077313","5.89386019225271","4.08436790852042","1.598","0.054","0.076","1,2,3,4,5,6,149,150,152,153,154",0.0102572811636924,FALSE,0,0,1,2,11,0,11,0,0.785714285714286
"kappa.o",35,100,0.33,"FALSE","FALSE","FALSE","11.0821718707331","5.38692478874115","5.69524708199194","1.234","0.071","0.096","1,2,4,6,7,149,150,151,152,153,154",0.00563689490454214,FALSE,0,0,2,1,11,0,11,0,0.785714285714286
"kappa.o",36,100,0.33,"FALSE","FALSE","FALSE","11.1885996322265","5.21245067823781","5.97614895398865","0.851","0.051","0.083","1,3,4,6,7,149,150,151,152,153,154",0.00666267638164102,FALSE,0,0,2,1,11,0,11,0,0.785714285714286
"kappa.o",37,100,0.33,"TRUE","TRUE","FALSE","12.4852880478778","5.66035892840688","6.8249291194709","1.435","0.057","0.091","1,2,3,5,6,148,149,150,151,152,153,154",0.00925777712504177,FALSE,0,0,2,0,12,0,12,0,0.857142857142857
"kappa.o",38,100,0.33,"FALSE","FALSE","FALSE","11.5930119660368","5.56528859809262","6.02772336794419","1.186","0.069","0.106","1,3,4,6,7,149,150,151,152,153,154",0.00615199516431015,FALSE,0,0,2,1,11,0,11,0,0.785714285714286
"kappa.o",39,100,0.33,"FALSE","FALSE","FALSE","10.8553404015007","4.94139933480649","5.91394106669416","1.279","0.078","0.123","2,4,6,7,149,150,151,152,153,154",0.0108514173355779,FALSE,0,0,3,1,10,0,10,0,0.714285714285714
"kappa.o",4,100,0.33,"FALSE","FALSE","FALSE","11.0265095465995","4.97039918508011","6.05611036151941","1.317","0.076","0.152","2,4,6,7,149,150,151,152,153,154",0.00978525007832945,FALSE,0,0,3,1,10,0,10,0,0.714285714285714
"kappa.o",40,100,0.33,"FALSE","FALSE","FALSE","9.59602668624836","4.94115480228916","4.6548718839592","1.904","0.071","0.116","2,4,6,7,149,150,152,153,154",0.0130528675703388,FALSE,0,0,3,2,9,0,9,0,0.642857142857143
"kappa.o",41,100,0.33,"FALSE","FALSE","FALSE","10.5038519662666","6.05034418527883","4.45350778098774","1.98","0.06","0.093","3,4,5,6,7,149,152,153,154",0.0157701040084451,FALSE,0,0,2,3,9,0,9,0,0.642857142857143
"kappa.o",42,100,0.33,"FALSE","FALSE","FALSE","11.1148548282735","5.04256921280477","6.07228561546868","1.453","0.061","0.094","2,4,6,7,149,150,151,152,153,154",0.0104619362439335,FALSE,0,0,3,1,10,0,10,0,0.714285714285714
"kappa.o",43,100,0.33,"FALSE","FALSE","FALSE","10.6962135587859","4.89819160833101","5.79802195045493","0.893","0.06","0.103","2,4,6,7,149,150,151,152,153,154",0.00891939256397594,FALSE,0,0,3,1,10,0,10,0,0.714285714285714
"kappa.o",44,100,0.33,"FALSE","FALSE","FALSE","11.4981299079975","5.74219161679069","5.75593829120684","1.058","0.064","0.11","2,4,6,7,9,149,150,151,152,153,154",0.0106240228826314,FALSE,1,0,3,1,11,1,10,0.0909090909090909,0.714285714285714
"kappa.o",45,100,0.33,"FALSE","FALSE","FALSE","10.9084513919995","4.40762707379266","6.50082431820682","1.317","0.058","0.098","2,4,6,7,148,149,150,151,152,153,154",0.00758807163486105,FALSE,0,0,3,0,11,0,11,0,0.785714285714286
"kappa.o",46,100,0.33,"FALSE","FALSE","FALSE","11.1087521366381","6.36506194033699","4.74369019630106","1.817","0.058","0.095","2,4,5,6,7,126,149,150,152,153,154",0.0114940125007977,FALSE,1,0,2,2,11,1,10,0.0909090909090909,0.714285714285714
"kappa.o",47,100,0.33,"FALSE","FALSE","FALSE","11.36438829625","5.65653094374716","5.7078573525028","1.173","0.057","0.093","2,4,5,6,7,149,150,151,152,153,154",0.00688643885260581,FALSE,0,0,2,1,11,0,11,0,0.785714285714286
"kappa.o",48,100,0.33,"TRUE","TRUE","FALSE","11.4360992771246","6.05912352809651","5.37697574902811","1.307","0.056","0.086","2,3,4,5,6,7,149,150,151,152,153,154",0.00520615862733718,FALSE,0,0,1,1,12,0,12,0,0.857142857142857
"kappa.o",49,100,0.33,"FALSE","FALSE","FALSE","11.6281121206038","5.74471463710013","5.88339748350364","1.056","0.055","0.098","1,2,4,6,7,144,149,150,151,152,153,154",0.00788903839273226,FALSE,1,0,2,1,12,1,11,0.0833333333333333,0.785714285714286
"kappa.o",5,100,0.33,"FALSE","FALSE","FALSE","9.79703837599842","6.36087046006165","3.43616791593676","2.359","0.061","0.098","2,4,5,6,35,104,149,153,154",0.0351103331026231,FALSE,2,0,3,4,9,2,7,0.222222222222222,0.5
"kappa.o",50,100,0.33,"FALSE","FALSE","FALSE","9.25637299883635","4.94383542869311","4.31253757014324","1.439","0.058","0.1","1,3,5,6,36,148,149,150,154",0.0360610471611543,FALSE,1,0,3,3,9,1,8,0.111111111111111,0.571428571428571
"kappa.o",51,100,0.33,"FALSE","FALSE","FALSE","10.5455864302524","4.47109018212724","6.07449624812516","0.961","0.051","0.088","2,4,6,7,149,150,151,152,153,154",0.0083403585722934,FALSE,0,0,3,1,10,0,10,0,0.714285714285714
"kappa.o",52,100,0.33,"FALSE","FALSE","FALSE","10.7768895348516","5.70916614296701","5.0677233918846","0.876","0.055","0.088","2,4,5,6,7,149,150,152,153,154",0.00944170053500225,FALSE,0,0,2,2,10,0,10,0,0.714285714285714
"kappa.o",53,100,0.33,"FALSE","FALSE","FALSE","10.4074160091522","3.79780880266336","6.60960720648886","1.283","0.053","0.094","1,2,6,148,149,150,151,152,153,154,156",0.015891265515628,FALSE,0,1,4,0,11,1,10,0.0909090909090909,0.714285714285714
"kappa.o",54,100,0.33,"FALSE","FALSE","FALSE","10.2220507621311","4.62690483186144","5.59514593026964","1.547","0.054","0.084","1,2,4,6,149,150,151,152,153,154",0.0117350238722831,FALSE,0,0,3,1,10,0,10,0,0.714285714285714
"kappa.o",55,100,0.33,"FALSE","FALSE","FALSE","11.2135903113876","5.35341366502597","5.86017664636159","0.752","0.052","0.09","3,4,5,6,7,149,150,151,152,153,154",0.00732462334539705,FALSE,0,0,2,1,11,0,11,0,0.785714285714286
"kappa.o",56,100,0.33,"FALSE","FALSE","FALSE","11.3707187478305","5.37304728928528","5.9976714585452","0.74","0.056","0.092","2,4,5,6,7,149,150,151,152,153,154",0.00542385832725391,FALSE,0,0,2,1,11,0,11,0,0.785714285714286
"kappa.o",57,100,0.33,"FALSE","FALSE","FALSE","9.65735705469082","5.02015451270392","4.6372025419869","1.696","0.056","0.079","2,4,5,6,7,149,151,152,153,154",0.0125216996542053,FALSE,0,0,2,2,10,0,10,0,0.714285714285714
"kappa.o",58,100,0.33,"FALSE","FALSE","FALSE","10.4636388287705","5.24442564500654","5.21921318376397","1.019","0.051","0.077","1,2,4,6,7,149,150,152,153,154",0.0100251890216618,FALSE,0,0,2,2,10,0,10,0,0.714285714285714
"kappa.o",59,100,0.33,"FALSE","FALSE","FALSE","10.7432626486068","5.33672251486756","5.40654013373924","0.951","0.054","0.081","3,4,5,6,7,149,150,151,152,153,154",0.00795568193960392,FALSE,0,0,2,1,11,0,11,0,0.785714285714286
"kappa.o",6,100,0.33,"TRUE","TRUE","FALSE","12.1897128092419","6.1466265620586","6.04308624718333","1.089","0.059","0.085","3,4,5,6,7,40,149,150,151,152,153,154",0.00846973628082584,FALSE,1,0,2,1,12,1,11,0.0833333333333333,0.785714285714286
"kappa.o",60,100,0.33,"FALSE","FALSE","FALSE","11.5088848661328","5.25631382167656","6.25257104445621","1.162","0.052","0.08","2,3,4,6,7,148,149,150,152,153,154",0.00896312766255416,FALSE,0,0,2,1,11,0,11,0,0.785714285714286
"kappa.o",61,100,0.33,"FALSE","FALSE","FALSE","10.6470171036389","4.66175202526842","5.98526507837045","1.149","0.057","0.087","4,6,7,149,150,151,152,153,154",0.0134483101360663,FALSE,0,0,4,1,9,0,9,0,0.642857142857143
"kappa.o",62,100,0.33,"FALSE","FALSE","FALSE","10.4139050024531","5.24129513188552","5.17260987056759","0.913","0.055","0.097","2,4,6,7,53,149,150,152,153,154",0.0145825397728124,FALSE,1,0,3,2,10,1,9,0.1,0.642857142857143
"kappa.o",63,100,0.33,"FALSE","FALSE","FALSE","10.2508173305076","4.830117110266","5.42070022024159","1.542","0.057","0.094","1,4,6,7,149,150,151,152,153,154",0.00863696004322409,FALSE,0,0,3,1,10,0,10,0,0.714285714285714
"kappa.o",64,100,0.33,"FALSE","FALSE","FALSE","10.5963011732499","5.84765021137336","4.74865096187654","1.753","0.056","0.088","2,3,4,6,7,149,150,151,153,154",0.0130866920251523,FALSE,0,0,2,2,10,0,10,0,0.714285714285714
"kappa.o",65,100,0.33,"FALSE","FALSE","FALSE","9.56023811829027","4.56928612406645","4.99095199422382","0.865","0.061","0.087","2,4,6,7,149,150,152,153,154",0.0140242704069893,FALSE,0,0,3,2,9,0,9,0,0.642857142857143
"kappa.o",66,100,0.33,"FALSE","FALSE","FALSE","12.8197215253282","6.91752115718272","5.90220036814551","1.041","0.054","0.087","1,2,4,6,7,32,127,149,150,151,152,153,154",0.00975633235331966,FALSE,2,0,2,1,13,2,11,0.153846153846154,0.785714285714286
"kappa.o",67,100,0.33,"FALSE","FALSE","FALSE","10.6727061654845","4.83875827392067","5.83394789156385","1.52","0.06","0.098","1,2,4,6,149,150,151,152,153,154",0.0106779948602993,FALSE,0,0,3,1,10,0,10,0,0.714285714285714
"kappa.o",68,100,0.33,"FALSE","FALSE","FALSE","9.89885108918192","3.9934012821877","5.90544980699422","0.93","0.059","0.098","1,2,6,149,150,151,152,153,154",0.0179376554773978,FALSE,0,0,4,1,9,0,9,0,0.642857142857143
"kappa.o",69,100,0.33,"FALSE","FALSE","FALSE","10.8445543034832","5.19997899264972","5.64457531083344","1.503","0.053","0.09","2,4,6,7,146,149,150,152,153,154",0.0127457072173813,FALSE,1,0,3,2,10,1,9,0.1,0.642857142857143
"kappa.o",7,100,0.33,"TRUE","TRUE","FALSE","11.815524245373","6.14631815472182","5.66920609065115","1.431","0.056","0.095","1,2,3,4,5,6,7,149,150,151,152,153,154",0.00186371416511287,FALSE,0,0,0,1,13,0,13,0,0.928571428571429
"kappa.o",70,100,0.33,"FALSE","FALSE","FALSE","10.6612850869681","5.55431464082452","5.10697044614357","1.931","0.06","0.114","4,6,7,107,129,148,149,150,153,154",0.0247482385088857,FALSE,2,0,4,2,10,2,8,0.2,0.571428571428571
"kappa.o",71,100,0.33,"FALSE","FALSE","FALSE","10.0948900603091","5.61793970801702","4.4769503522921","1.064","0.052","0.079","3,4,5,6,7,149,151,153,154",0.0202271148529254,FALSE,0,0,2,3,9,0,9,0,0.642857142857143
"kappa.o",72,100,0.33,"FALSE","FALSE","FALSE","9.51362280893016","5.29098002570794","4.22264278322222","1.232","0.055","0.092","4,6,7,122,135,149,152,153,155",0.0353582317984739,FALSE,2,1,4,4,9,3,6,0.333333333333333,0.428571428571429
"kappa.o",73,100,0.33,"FALSE","FALSE","FALSE","11.5815703649483","7.18086753269027","4.400702832258","1.784","0.058","0.102","1,4,6,7,65,89,122,149,152,153",0.0320821849665891,FALSE,3,0,3,4,10,3,7,0.3,0.5
"kappa.o",74,100,0.33,"FALSE","FALSE","FALSE","9.80321684876601","5.86670338741636","3.93651346134965","1.893","0.053","0.092","2,4,6,7,59,89,149,150,153,154",0.0231398593316073,FALSE,2,0,3,3,10,2,8,0.2,0.571428571428571
"kappa.o",75,100,0.33,"FALSE","FALSE","FALSE","10.7251930289728","5.86806800024711","4.85712502872565","1.151","0.064","0.095","2,4,6,7,59,149,150,152,153,154",0.0142235207319041,FALSE,1,0,3,2,10,1,9,0.1,0.642857142857143
"kappa.o",76,100,0.33,"FALSE","FALSE","FALSE","11.3182225015881","5.66770938107316","5.65051312051497","0.998","0.051","0.075","3,4,5,6,7,49,149,150,151,152,153,154",0.00791922593632646,FALSE,1,0,2,1,12,1,11,0.0833333333333333,0.785714285714286
"kappa.o",77,100,0.33,"FALSE","FALSE","FALSE","9.70166985205678","4.49498152615524","5.20668832590154","0.899","0.058","0.09","2,4,6,7,149,150,152,153,154",0.0151621743295978,FALSE,0,0,3,2,9,0,9,0,0.642857142857143
"kappa.o",78,100,0.33,"FALSE","FALSE","FALSE","10.0247543420818","6.36353326547656","3.66122107660522","1.607","0.067","0.099","3,4,5,6,7,36,149,153",0.0370198533644911,FALSE,1,0,2,5,8,1,7,0.125,0.5
"kappa.o",79,100,0.33,"FALSE","FALSE","FALSE","10.1549200498787","5.68728915642537","4.46763089345329","1.06","0.057","0.089","2,4,5,6,7,149,150,153,154",0.0166734702029,FALSE,0,0,2,3,9,0,9,0,0.642857142857143
"kappa.o",8,100,0.33,"TRUE","TRUE","FALSE","10.7002132578859","5.72207521320094","4.978138044685","2.069","0.058","0.078","3,4,5,6,7,148,149,150,152,153,154",0.0087765978115302,FALSE,0,0,2,1,11,0,11,0,0.785714285714286
"kappa.o",80,100,0.33,"FALSE","FALSE","FALSE","11.1981292205469","5.22192127218578","5.97620794836114","1.007","0.054","0.09","2,4,6,7,77,149,150,151,152,153,154",0.0110265698058044,FALSE,1,0,3,1,11,1,10,0.0909090909090909,0.714285714285714
"kappa.o",81,100,0.33,"FALSE","FALSE","FALSE","11.0223039503011","7.10892413116042","3.91337981914065","1.601","0.057","0.118","2,4,5,6,7,44,126,149,153,154",0.0243677470731257,FALSE,2,0,2,4,10,2,8,0.2,0.571428571428571
"kappa.o",82,100,0.33,"FALSE","FALSE","FALSE","10.740410356578","5.87388128289407","4.86652907368395","1.536","0.062","0.098","2,4,6,7,80,148,149,150,152,154",0.0196279856244956,FALSE,1,0,3,2,10,1,9,0.1,0.642857142857143
"kappa.o",83,100,0.33,"FALSE","FALSE","FALSE","10.9493724171402","4.82862412803894","6.12074828910126","0.978","0.056","0.088","2,4,6,7,149,150,151,152,153,154",0.00881829715622125,FALSE,0,0,3,1,10,0,10,0,0.714285714285714
"kappa.o",84,100,0.33,"FALSE","FALSE","FALSE","11.7376270379784","5.70387344964909","6.03375358832926","0.966","0.053","0.099","2,4,5,6,7,149,150,151,152,153,154",0.00618542454273165,FALSE,0,0,2,1,11,0,11,0,0.785714285714286
"kappa.o",85,100,0.33,"FALSE","FALSE","FALSE","9.15514356497677","4.44197406961044","4.71316949536632","2.48","0.066","0.106","7,15,31,32,63,149,153,154,162",0.0607944854631431,FALSE,4,1,6,4,9,5,4,0.555555555555556,0.285714285714286
"kappa.o",86,100,0.33,"TRUE","TRUE","FALSE","12.1025092211172","6.05191745602582","6.05059176509138","0.978","0.054","0.095","1,2,4,6,7,149,150,151,152,153,154",0.0057316688028792,FALSE,0,0,2,1,11,0,11,0,0.785714285714286
"kappa.o",87,100,0.33,"FALSE","FALSE","FALSE","11.3660387736167","5.34379915184897","6.0222396217677","1.165","0.054","0.089","1,3,4,6,7,149,150,151,152,153,154",0.00712524541553944,FALSE,0,0,2,1,11,0,11,0,0.785714285714286
"kappa.o",88,100,0.33,"FALSE","FALSE","FALSE","10.2603995596429","3.59467721334404","6.6657223462989","0.837","0.057","0.089","1,4,6,148,149,150,151,152,153,154",0.0124530887836091,FALSE,0,0,4,0,10,0,10,0,0.714285714285714
"kappa.o",89,100,0.33,"FALSE","FALSE","FALSE","11.8163474573527","5.96932826230178","5.84701919505092","1.917","0.069","0.094","2,3,4,5,6,7,149,150,151,152,153,154",0.00386451141902436,FALSE,0,0,1,1,12,0,12,0,0.857142857142857
"kappa.o",9,100,0.33,"FALSE","FALSE","FALSE","11.1452558216707","4.79294294795135","6.35231287371931","1.146","0.055","0.089","4,6,7,83,148,149,150,152,153,154",0.0150857715325376,FALSE,1,0,4,1,10,1,9,0.1,0.642857142857143
"kappa.o",90,100,0.33,"FALSE","FALSE","FALSE","9.69380138848885","4.85797694569068","4.83582444279817","1.447","0.058","0.085","1,2,4,5,6,149,152,153,154",0.018094261495394,FALSE,0,0,2,3,9,0,9,0,0.642857142857143
"kappa.o",91,100,0.33,"FALSE","FALSE","FALSE","10.5235263852385","5.50212730398719","5.02139908125127","1.595","0.056","0.086","2,4,5,6,7,149,150,152,153,154",0.00877699611579482,FALSE,0,0,2,2,10,0,10,0,0.714285714285714
"kappa.o",92,100,0.33,"FALSE","FALSE","FALSE","10.4807165828062","4.58744419687575","5.89327238593045","1.401","0.06","0.087","1,3,4,6,7,148,149,150,151,152,153,154",0.00566904602772323,FALSE,0,0,2,0,12,0,12,0,0.857142857142857
"kappa.o",93,100,0.33,"FALSE","FALSE","FALSE","10.0450370863111","4.70017870324323","5.34485838306784","1.159","0.054","0.082","2,4,6,7,92,149,150,152,153,154",0.0124052778022711,FALSE,1,0,3,2,10,1,9,0.1,0.642857142857143
"kappa.o",94,100,0.33,"FALSE","FALSE","FALSE","11.2524954589243","5.23410656085448","6.0183888980698","1.038","0.054","0.099","2,3,4,6,7,149,150,151,152,153,154",0.00571711773424226,FALSE,0,0,2,1,11,0,11,0,0.785714285714286
"kappa.o",95,100,0.33,"FALSE","FALSE","FALSE","11.5484832776453","6.50341966288299","5.04506361476236","1.161","0.059","0.096","2,4,6,7,38,119,149,150,152,153,154",0.0164557828932389,FALSE,2,0,3,2,11,2,9,0.181818181818182,0.642857142857143
"kappa.o",96,100,0.33,"FALSE","FALSE","FALSE","11.5350123447706","5.70280916456374","5.83220318020684","1.732","0.055","0.097","3,4,5,6,7,149,150,151,152,153,154",0.00761791001114245,FALSE,0,0,2,1,11,0,11,0,0.785714285714286
"kappa.o",97,100,0.33,"FALSE","FALSE","FALSE","10.7858196772468","5.22713304739631","5.5586866298505","1.472","0.058","0.1","2,4,5,6,7,149,150,152,153,154",0.00915032402360512,FALSE,0,0,2,2,10,0,10,0,0.714285714285714
"kappa.o",98,100,0.33,"FALSE","FALSE","FALSE","9.1208650666027","6.07268384396016","3.04818122264254","1.586","0.061","0.089","5,6,57,104,114,148,149,153",0.0537954296593426,FALSE,3,0,5,4,8,3,5,0.375,0.357142857142857
"kappa.o",99,100,0.33,"FALSE","FALSE","FALSE","10.1386885649043","4.99326132365413","5.14542724125016","1.307","0.062","0.104","3,4,6,7,149,150,151,152,153,154",0.0114006129853903,FALSE,0,0,3,1,10,0,10,0,0.714285714285714
"lasso.cv",1,100,0.33,"TRUE","TRUE","FALSE","12.637335076594","6.67076093462294","5.96657414197102","1.631","0.057","0.093","1,2,3,4,5,6,7,12,21,23,32,39,47,50,56,59,63,64,66,68,70,73,76,77,84,86,88,103,104,105,108,109,111,116,117,121,122,127,128,130,132,135,142,148,149,150,151,152,153,154,155,156,159,162",0.0123129919131855,FALSE,36,4,0,0,54,40,14,0.740740740740741,1
"lasso.cv",10,100,0.33,"FALSE","FALSE","FALSE","10.9146788087218","5.33357838355109","5.58110042517073","1.566","0.055","0.102","1,2,3,4,5,6,7,12,14,15,19,26,36,37,39,51,53,56,59,62,64,66,78,82,84,85,100,102,107,108,114,115,123,125,129,132,135,136,139,140,148,149,150,151,152,153,154,158,160,162,164",0.00765745531590776,FALSE,33,4,0,0,51,37,14,0.725490196078431,1
"lasso.cv",100,100,0.33,"FALSE","FALSE","FALSE","11.8535036442078","5.70095816778685","6.15254547642094","1.326","0.058","0.084","1,2,3,4,5,6,7,11,12,16,20,24,26,28,29,41,47,59,70,72,88,94,95,96,99,104,106,111,112,126,132,133,141,142,145,146,148,149,150,151,152,153,154,157,162",0.00809744586286243,FALSE,29,2,0,0,45,31,14,0.688888888888889,1
"lasso.cv",11,100,0.33,"FALSE","FALSE","FALSE","11.4434408935071","5.36527817539264","6.07816271811452","0.992","0.052","0.085","1,2,3,4,6,7,14,18,20,32,47,50,59,65,66,68,69,75,81,82,85,87,95,104,105,106,114,115,116,117,127,141,148,149,150,152,153,154,155,156,157,158,161,162",0.0112137841739745,FALSE,26,6,1,1,44,32,12,0.727272727272727,0.857142857142857
"lasso.cv",12,100,0.33,"TRUE","TRUE","FALSE","12.2695712270704","6.411869193501","5.85770203356941","1.028","0.055","0.087","1,2,3,4,5,6,7,24,26,32,41,47,56,59,65,67,68,69,70,72,79,82,95,96,97,99,101,103,107,110,136,147,149,150,151,152,153,154,155,156,160,161",0.00674253397749585,FALSE,25,4,0,1,42,29,13,0.69047619047619,0.928571428571429
"lasso.cv",13,100,0.33,"TRUE","TRUE","FALSE","12.0748616823187","6.07894946541191","5.99591221690674","0.925","0.055","0.087","1,2,3,4,5,6,7,14,20,26,32,45,47,50,52,58,61,63,65,77,81,82,87,95,97,99,103,107,111,113,114,123,127,132,138,139,148,149,150,151,152,153,154,157,160",0.00823146182465372,FALSE,29,2,0,0,45,31,14,0.688888888888889,1
"lasso.cv",14,100,0.33,"FALSE","FALSE","FALSE","9.41183624167228","5.49900175540229","3.91283448626999","0.869","0.057","0.094","2,3,4,5,6,7,15,16,17,23,30,32,42,49,50,56,60,63,87,88,90,102,105,106,107,108,112,128,129,132,146,149,150,151,152,153,154,156,157,161",0.0115068451039005,FALSE,25,3,1,1,40,28,12,0.7,0.857142857142857
"lasso.cv",15,100,0.33,"FALSE","FALSE","FALSE","11.5739157149855","5.44338430599447","6.13053140899099","1.833","0.055","0.094","1,2,3,4,6,7,11,15,21,28,30,32,34,37,39,42,51,54,58,59,61,62,66,72,77,79,84,85,88,91,93,95,103,105,116,117,120,123,124,127,134,135,146,148,149,150,151,152,153,154,155,161",0.00938446524060587,FALSE,37,2,1,0,52,39,13,0.75,0.928571428571429
"lasso.cv",16,100,0.33,"FALSE","FALSE","FALSE","9.84108412005974","4.1947428600007","5.64634126005904","1.641","0.056","0.1","1,2,3,4,5,6,7,9,11,15,27,36,38,44,45,47,50,51,55,57,64,65,69,77,79,87,94,98,101,104,105,116,119,123,125,128,130,133,135,136,140,141,148,149,150,151,152,153,154,159",0.0100876545929831,FALSE,35,1,0,0,50,36,14,0.72,1
"lasso.cv",17,100,0.33,"FALSE","FALSE","FALSE","11.0101632926693","4.65561892088577","6.35454437178352","1.184","0.055","0.101","1,2,3,4,5,6,7,11,15,20,23,26,32,41,42,50,54,57,58,66,79,82,90,97,100,102,103,105,108,109,114,121,134,137,141,148,149,150,151,152,153,154,161",0.0122936196182414,FALSE,28,1,0,0,43,29,14,0.674418604651163,1
"lasso.cv",18,100,0.33,"FALSE","FALSE","FALSE","10.9545700496646","5.66331929142391","5.29125075824068","1.891","0.063","0.099","1,2,3,4,5,6,7,15,16,25,30,32,35,41,45,47,49,50,52,54,62,64,66,68,79,87,88,94,95,96,101,102,104,105,106,108,111,115,116,123,126,127,131,134,136,138,149,150,151,152,153,154,158,161",0.0138759123443696,FALSE,39,2,0,1,54,41,13,0.759259259259259,0.928571428571429
"lasso.cv",19,100,0.33,"FALSE","FALSE","FALSE","11.2350605840066","5.22153270753123","6.01352787647534","1.093","0.061","0.093","1,2,3,4,5,6,7,9,14,15,20,26,27,30,32,39,47,54,55,56,66,68,72,73,74,80,81,83,94,98,99,102,108,112,114,116,121,124,126,134,136,141,146,149,150,151,152,153,154,158,160,161,162",0.0153230951004291,FALSE,36,4,0,1,53,40,13,0.754716981132076,0.928571428571429
"lasso.cv",2,100,0.33,"FALSE","FALSE","FALSE","9.53801787376172","4.72174272592568","4.81627514783604","1.304","0.055","0.09","1,2,3,4,5,6,7,11,12,14,20,21,30,32,35,37,40,47,49,53,57,59,66,69,70,71,76,83,86,88,92,95,96,105,107,109,112,115,122,123,146,148,149,150,151,152,153,154,157,161",0.0157694821641217,FALSE,34,2,0,0,50,36,14,0.72,1
"lasso.cv",20,100,0.33,"FALSE","FALSE","FALSE","11.2004350209774","4.54660329512976","6.65383172584764","1.404","0.053","0.079","1,2,3,4,5,6,7,12,14,24,38,39,41,42,50,55,56,60,63,66,68,72,78,79,82,83,91,101,102,105,106,107,112,117,118,119,131,132,148,149,150,151,152,153,154,156,157,160",0.00822664249503901,FALSE,31,3,0,0,48,34,14,0.708333333333333,1
"lasso.cv",21,100,0.33,"FALSE","FALSE","FALSE","11.2453046739585","4.32002781030996","6.92527686364852","0.973","0.061","0.087","1,2,3,4,5,6,7,12,14,18,25,31,32,38,47,56,61,63,64,66,72,75,77,78,87,89,101,105,108,109,116,117,124,128,131,132,135,136,137,139,140,144,148,149,150,151,152,153,154,157,159,160",0.00784194584800847,FALSE,35,3,0,0,52,38,14,0.730769230769231,1
"lasso.cv",22,100,0.33,"TRUE","TRUE","FALSE","11.2543464155428","4.50527421279596","6.74907220274682","1.36","0.056","0.098","1,2,3,4,5,6,7,14,32,37,42,47,50,53,58,61,66,68,70,76,82,87,89,90,97,101,102,109,114,119,128,138,141,142,148,149,150,151,152,153,154,155,156,159,160",0.0117334076913942,FALSE,27,4,0,0,45,31,14,0.688888888888889,1
"lasso.cv",23,100,0.33,"FALSE","FALSE","FALSE","11.9596236594984","6.4285741850796","5.53104947441881","1.514","0.056","0.086","2,3,4,5,6,7,15,16,17,32,39,44,47,50,51,53,58,62,64,65,67,71,73,76,86,88,89,97,101,103,104,105,108,112,123,128,131,132,133,136,137,141,146,147,148,149,150,151,152,153,154,156,158",0.0120602613911687,FALSE,38,2,1,0,53,40,13,0.754716981132076,0.928571428571429
"lasso.cv",24,100,0.33,"FALSE","FALSE","FALSE","11.5236539864815","5.6101160820587","5.91353790442282","1.069","0.05","0.086","1,2,4,5,6,7,13,17,20,25,31,32,38,39,47,48,57,58,65,66,68,69,76,82,88,92,99,103,114,115,118,121,122,127,128,142,146,148,149,150,151,152,153,154,155,159,162,163",0.007500346130018,FALSE,31,4,1,0,48,35,13,0.729166666666667,0.928571428571429
"lasso.cv",25,100,0.33,"FALSE","FALSE","FALSE","10.4395129204558","5.24121187450066","5.19830104595513","1.426","0.057","0.1","1,2,3,5,6,7,14,22,27,32,36,38,40,45,47,48,50,52,54,64,73,82,85,90,91,94,100,102,105,112,116,120,123,124,127,129,131,134,138,145,149,150,151,152,153,154,155,160,161,162",0.0137307105833372,FALSE,34,4,1,1,50,38,12,0.76,0.857142857142857
"lasso.cv",26,100,0.33,"FALSE","FALSE","FALSE","10.3285312513482","5.06134107407322","5.26719017727493","1.516","0.053","0.08","1,2,3,4,5,6,7,12,24,26,28,32,39,41,43,47,76,77,82,97,101,105,106,109,113,116,125,129,131,141,146,148,149,150,151,152,153,154,161,163",0.00921194890294104,FALSE,24,2,0,0,40,26,14,0.65,1
"lasso.cv",27,100,0.33,"FALSE","FALSE","FALSE","10.7432935347075","5.01333127224868","5.72996226245881","1.695","0.056","0.092","1,2,3,4,5,6,7,27,28,33,42,50,59,60,79,88,95,103,108,110,111,113,116,127,130,134,136,141,146,148,149,150,151,152,153,154,155,161,162",0.00686988262530504,FALSE,22,3,0,0,39,25,14,0.641025641025641,1
"lasso.cv",28,100,0.33,"FALSE","FALSE","FALSE","11.1698817588047","4.77348054662687","6.39640121217787","1.208","0.057","0.097","1,2,3,4,5,6,7,11,14,15,17,32,33,38,50,52,54,69,82,84,89,94,96,97,98,99,102,111,115,116,123,133,136,141,144,148,149,150,151,152,153,154,161",0.0117447920252154,FALSE,28,1,0,0,43,29,14,0.674418604651163,1
"lasso.cv",29,100,0.33,"FALSE","FALSE","FALSE","10.836678588758","5.09530427956041","5.74137430919754","1.232","0.054","0.075","1,2,3,4,5,6,7,11,14,20,21,25,32,40,47,48,50,57,64,68,69,74,76,77,79,80,82,86,87,89,95,98,99,102,104,107,112,113,116,122,123,134,135,136,145,146,149,150,151,152,153,154,156",0.0118716491457503,FALSE,39,1,0,1,53,40,13,0.754716981132076,0.928571428571429
"lasso.cv",3,100,0.33,"FALSE","FALSE","FALSE","10.5975453585954","4.84362892120495","5.75391643739048","1.192","0.067","0.116","1,2,3,4,5,6,7,14,32,35,38,52,54,56,57,63,66,68,70,77,82,95,98,103,106,116,117,128,135,136,142,148,149,150,151,152,153,154,155,159,160,161,164",0.00924939470082286,FALSE,24,5,0,0,43,29,14,0.674418604651163,1
"lasso.cv",30,100,0.33,"FALSE","FALSE","FALSE","10.8963371755591","4.86213537340812","6.03420180215102","1.511","0.062","0.091","1,2,3,4,5,6,7,12,15,20,21,30,37,47,50,53,66,68,70,78,81,84,92,104,105,112,115,116,124,127,129,132,134,139,140,148,149,150,151,152,153,154,155,161,162",0.00691797556979415,FALSE,28,3,0,0,45,31,14,0.688888888888889,1
"lasso.cv",31,100,0.33,"FALSE","FALSE","FALSE","10.3133602843856","4.49058846308751","5.82277182129812","1.193","0.062","0.098","2,3,4,5,6,7,15,16,17,19,21,25,32,45,47,48,50,51,64,79,81,87,95,96,99,102,105,106,110,111,117,118,127,132,148,149,150,151,152,153,154,155,157,161,162",0.00985174537119959,FALSE,28,4,1,0,45,32,13,0.711111111111111,0.928571428571429
"lasso.cv",32,100,0.33,"FALSE","FALSE","FALSE","11.0249860219961","4.99658023734376","6.02840578465231","1.272","0.061","0.096","1,2,3,4,5,6,7,11,14,19,22,25,26,28,36,38,41,47,50,51,53,55,60,62,66,73,76,78,81,84,88,98,99,100,102,107,111,112,114,127,135,136,146,149,150,151,152,153,154,157,161",0.010049272509233,FALSE,36,2,0,1,51,38,13,0.745098039215686,0.928571428571429
"lasso.cv",33,100,0.33,"FALSE","FALSE","FALSE","11.4049520838612","4.94465195068854","6.46030013317265","1.234","0.053","0.087","1,3,4,5,6,7,8,14,24,26,32,42,48,50,52,53,63,70,72,73,76,107,114,115,126,129,132,141,142,146,148,149,150,151,152,153,154,155,160,162",0.00779064745418223,FALSE,24,3,1,0,40,27,13,0.675,0.928571428571429
"lasso.cv",34,100,0.33,"FALSE","FALSE","FALSE","9.97822810077313","5.89386019225271","4.08436790852042","1.598","0.054","0.076","1,2,3,4,5,6,7,10,16,20,24,30,32,36,39,50,56,60,67,68,73,76,79,88,89,90,91,95,101,103,108,109,110,114,116,118,134,135,136,139,142,149,150,151,152,153,154,155,156,161",0.0100131535193151,FALSE,34,3,0,1,50,37,13,0.74,0.928571428571429
"lasso.cv",35,100,0.33,"FALSE","FALSE","FALSE","11.0821718707331","5.38692478874115","5.69524708199194","1.234","0.071","0.096","1,2,4,6,7,9,17,27,32,33,41,43,47,50,53,66,77,81,94,96,104,107,111,114,123,125,127,132,134,138,142,149,150,151,152,153,154,156,157,162,164",0.00943087520050076,FALSE,26,4,2,1,41,30,11,0.731707317073171,0.785714285714286
"lasso.cv",36,100,0.33,"FALSE","FALSE","FALSE","11.1885996322265","5.21245067823781","5.97614895398865","0.851","0.051","0.083","1,2,3,4,5,6,7,11,14,19,20,26,33,34,35,42,44,45,50,52,53,56,61,62,66,68,70,82,96,101,105,108,122,125,126,128,130,132,140,142,144,145,148,149,150,151,152,153,154,157,159,162",0.00999748499089899,FALSE,35,3,0,0,52,38,14,0.730769230769231,1
"lasso.cv",37,100,0.33,"TRUE","TRUE","FALSE","12.4852880478778","5.66035892840688","6.8249291194709","1.435","0.057","0.091","1,2,3,4,5,6,7,13,19,21,31,32,35,39,47,52,62,63,74,75,82,84,87,94,96,102,105,108,115,119,121,127,135,136,144,148,149,150,151,152,153,154,156,158,160,162,163",0.00927122263367243,FALSE,28,5,0,0,47,33,14,0.702127659574468,1
"lasso.cv",38,100,0.33,"FALSE","FALSE","FALSE","11.5930119660368","5.56528859809262","6.02772336794419","1.186","0.069","0.106","1,2,3,4,5,6,7,12,14,16,28,32,33,37,52,55,58,64,66,68,70,71,79,82,85,86,89,94,95,97,102,103,105,114,115,116,128,129,134,140,149,150,151,152,153,154,155,158",0.0081251663181054,FALSE,33,2,0,1,48,35,13,0.729166666666667,0.928571428571429
"lasso.cv",39,100,0.33,"FALSE","FALSE","FALSE","10.8553404015007","4.94139933480649","5.91394106669416","1.279","0.078","0.123","1,2,3,4,6,7,12,17,18,21,27,32,38,41,51,52,53,62,68,69,75,77,79,95,96,101,109,110,112,114,116,120,126,131,133,137,141,149,150,151,152,153,154,155,157,159,164",0.0129577709741404,FALSE,31,4,1,1,47,35,12,0.74468085106383,0.857142857142857
"lasso.cv",4,100,0.33,"FALSE","FALSE","FALSE","11.0265095465995","4.97039918508011","6.05611036151941","1.317","0.076","0.152","1,2,3,4,5,6,7,12,14,17,24,26,32,35,36,41,44,50,57,60,75,87,95,101,107,114,117,122,131,138,147,149,150,151,152,153,154,155,157,158,160,161,162",0.00990015075148284,FALSE,24,6,0,1,43,30,13,0.697674418604651,0.928571428571429
"lasso.cv",40,100,0.33,"FALSE","FALSE","FALSE","9.59602668624836","4.94115480228916","4.6548718839592","1.904","0.071","0.116","1,2,3,4,5,6,7,13,14,17,18,20,21,25,29,30,32,36,41,47,55,62,63,68,69,70,82,88,95,97,105,111,112,114,120,139,146,149,150,151,152,153,154,156,158,161",0.0145220785229079,FALSE,30,3,0,1,46,33,13,0.717391304347826,0.928571428571429
"lasso.cv",41,100,0.33,"FALSE","FALSE","FALSE","10.5038519662666","6.05034418527883","4.45350778098774","1.98","0.06","0.093","1,2,3,4,5,6,7,9,13,17,18,20,21,23,32,40,48,55,64,73,76,99,103,105,109,110,121,123,135,136,143,144,146,148,149,150,151,152,153,154,155,157,162",0.00851538438130837,FALSE,26,3,0,0,43,29,14,0.674418604651163,1
"lasso.cv",42,100,0.33,"FALSE","FALSE","FALSE","11.1148548282735","5.04256921280477","6.07228561546868","1.453","0.061","0.094","1,2,3,4,5,6,7,12,14,17,24,30,33,41,47,50,52,54,59,66,73,75,76,77,79,82,87,96,104,107,112,113,114,121,130,136,137,142,143,146,148,149,150,151,152,153,154,155,157",0.0109797929564673,FALSE,33,2,0,0,49,35,14,0.714285714285714,1
"lasso.cv",43,100,0.33,"FALSE","FALSE","FALSE","10.6962135587859","4.89819160833101","5.79802195045493","0.893","0.06","0.103","1,2,3,4,5,6,7,14,17,20,26,32,48,51,67,69,70,72,76,79,82,87,89,95,97,106,110,112,115,118,148,149,150,151,152,153,154",0.00705399182836897,FALSE,23,0,0,0,37,23,14,0.621621621621622,1
"lasso.cv",44,100,0.33,"FALSE","FALSE","FALSE","11.4981299079975","5.74219161679069","5.75593829120684","1.058","0.064","0.11","1,2,3,4,5,6,7,9,24,27,30,31,32,39,47,52,55,56,61,62,65,66,70,75,81,88,99,102,104,108,112,115,116,118,120,123,137,139,143,149,150,151,152,153,154,161,164",0.00806995451697418,FALSE,32,2,0,1,47,34,13,0.723404255319149,0.928571428571429
"lasso.cv",45,100,0.33,"FALSE","FALSE","FALSE","10.9084513919995","4.40762707379266","6.50082431820682","1.317","0.058","0.098","1,2,3,4,5,6,7,15,30,32,33,37,40,43,47,66,71,72,79,81,82,84,92,103,110,112,113,114,115,127,132,136,141,146,148,149,150,151,152,153,154",0.0087476715610973,FALSE,27,0,0,0,41,27,14,0.658536585365854,1
"lasso.cv",46,100,0.33,"FALSE","FALSE","FALSE","11.1087521366381","6.36506194033699","4.74369019630106","1.817","0.058","0.095","1,2,3,4,5,6,7,14,18,19,32,45,51,52,59,60,64,71,82,84,89,92,97,102,103,105,107,108,112,113,116,120,122,123,126,132,134,146,147,148,149,150,151,152,153,154,155",0.0107124332484664,FALSE,32,1,0,0,47,33,14,0.702127659574468,1
"lasso.cv",47,100,0.33,"FALSE","FALSE","FALSE","11.36438829625","5.65653094374716","5.7078573525028","1.173","0.057","0.093","1,2,3,4,5,6,7,12,13,14,16,17,20,21,32,39,52,54,62,66,70,76,77,78,82,85,91,92,94,95,96,99,114,115,116,123,125,134,139,141,143,146,148,149,150,151,152,153,154,156,157,158,161,163",0.00795710495360238,FALSE,35,5,0,0,54,40,14,0.740740740740741,1
"lasso.cv",48,100,0.33,"TRUE","TRUE","FALSE","11.4360992771246","6.05912352809651","5.37697574902811","1.307","0.056","0.086","1,2,3,4,5,6,7,12,14,16,17,21,27,30,32,37,42,45,50,54,61,74,77,96,97,98,102,104,107,117,120,126,128,129,130,136,148,149,150,151,152,153,154",0.00885742093379307,FALSE,29,0,0,0,43,29,14,0.674418604651163,1
"lasso.cv",49,100,0.33,"FALSE","FALSE","FALSE","11.6281121206038","5.74471463710013","5.88339748350364","1.056","0.055","0.098","1,2,4,5,6,7,17,23,25,30,32,35,50,52,58,59,64,66,70,74,77,92,94,105,108,113,114,127,132,135,136,144,149,150,151,152,153,154,157,159",0.010126042880541,FALSE,26,2,1,1,40,28,12,0.7,0.857142857142857
"lasso.cv",5,100,0.33,"FALSE","FALSE","FALSE","9.79703837599842","6.36087046006165","3.43616791593676","2.359","0.061","0.098","1,2,3,4,5,6,7,9,12,19,20,32,35,41,42,51,66,72,76,84,89,93,96,103,104,113,123,125,131,133,136,148,149,150,151,152,153,154,160,162",0.0162652816789854,FALSE,24,2,0,0,40,26,14,0.65,1
"lasso.cv",50,100,0.33,"FALSE","FALSE","FALSE","9.25637299883635","4.94383542869311","4.31253757014324","1.439","0.058","0.1","1,2,3,5,6,7,10,11,14,20,27,31,32,36,38,46,49,52,55,56,64,68,73,77,78,81,82,83,89,93,94,95,96,98,104,105,111,113,127,136,141,142,144,148,149,150,151,152,153,154,155,157,162",0.0168827488619721,FALSE,37,3,1,0,53,40,13,0.754716981132076,0.928571428571429
"lasso.cv",51,100,0.33,"FALSE","FALSE","FALSE","10.5455864302524","4.47109018212724","6.07449624812516","0.961","0.051","0.088","1,2,3,4,5,6,7,14,20,31,32,40,43,47,58,61,64,69,76,84,87,95,97,102,104,107,108,116,117,121,126,132,136,140,141,142,148,149,150,151,152,153,154,155,158,160,162",0.0132714330569863,FALSE,29,4,0,0,47,33,14,0.702127659574468,1
"lasso.cv",52,100,0.33,"FALSE","FALSE","FALSE","10.7768895348516","5.70916614296701","5.0677233918846","0.876","0.055","0.088","1,2,3,4,5,6,7,14,18,20,21,24,42,47,49,52,62,64,68,71,72,75,77,85,89,93,95,96,97,99,101,105,108,115,116,119,129,133,135,137,148,149,150,151,152,153,154,157,158,161",0.00996538377461898,FALSE,33,3,0,0,50,36,14,0.72,1
"lasso.cv",53,100,0.33,"FALSE","FALSE","FALSE","10.4074160091522","3.79780880266336","6.60960720648886","1.283","0.053","0.094","1,2,3,4,5,6,7,14,15,17,21,25,28,33,34,37,43,44,47,51,62,63,66,70,74,77,86,89,94,99,100,105,106,113,114,115,123,132,137,139,144,145,146,148,149,150,151,152,153,154,156,157,161,162",0.00727179561036123,FALSE,36,4,0,0,54,40,14,0.740740740740741,1
"lasso.cv",54,100,0.33,"FALSE","FALSE","FALSE","10.2220507621311","4.62690483186144","5.59514593026964","1.547","0.054","0.084","1,2,3,4,5,6,7,14,17,24,32,35,42,44,47,50,52,79,93,95,102,112,116,134,138,148,149,150,151,152,153,154,155,161",0.00932333410590482,FALSE,18,2,0,0,34,20,14,0.588235294117647,1
"lasso.cv",55,100,0.33,"FALSE","FALSE","FALSE","11.2135903113876","5.35341366502597","5.86017664636159","0.752","0.052","0.09","1,2,3,4,5,6,7,9,13,14,18,20,24,32,41,44,49,51,66,78,79,86,88,95,102,104,111,113,114,123,127,136,146,148,149,150,151,152,153,154,156,159,161,162",0.00763240143033081,FALSE,26,4,0,0,44,30,14,0.681818181818182,1
"lasso.cv",56,100,0.33,"FALSE","FALSE","FALSE","11.3707187478305","5.37304728928528","5.9976714585452","0.74","0.056","0.092","1,2,3,4,5,6,7,9,19,21,29,30,32,33,40,42,47,53,62,66,75,76,79,86,89,91,94,97,99,104,105,106,111,112,114,116,130,131,136,139,148,149,150,151,152,153,154,161,164",0.00648373788052499,FALSE,33,2,0,0,49,35,14,0.714285714285714,1
"lasso.cv",57,100,0.33,"FALSE","FALSE","FALSE","9.65735705469082","5.02015451270392","4.6372025419869","1.696","0.056","0.079","2,3,4,5,6,7,12,19,20,21,26,37,40,45,64,68,76,77,78,82,85,89,91,92,95,96,98,101,105,116,122,142,148,149,150,151,152,153,154,155,158",0.0128989252321639,FALSE,26,2,1,0,41,28,13,0.682926829268293,0.928571428571429
"lasso.cv",58,100,0.33,"FALSE","FALSE","FALSE","10.4636388287705","5.24442564500654","5.21921318376397","1.019","0.051","0.077","1,2,3,4,5,6,7,10,14,19,37,39,41,42,47,50,52,54,58,64,67,82,84,93,94,100,102,104,106,107,112,115,121,122,123,124,126,129,133,134,139,144,148,149,150,151,152,153,154,160,162,163",0.0103570051257814,FALSE,35,3,0,0,52,38,14,0.730769230769231,1
"lasso.cv",59,100,0.33,"FALSE","FALSE","FALSE","10.7432626486068","5.33672251486756","5.40654013373924","0.951","0.054","0.081","1,2,3,4,5,6,7,15,20,23,32,37,52,53,66,68,70,76,77,88,92,94,95,96,97,99,109,115,123,126,133,135,145,148,149,150,151,152,153,154",0.00562799294349072,FALSE,26,0,0,0,40,26,14,0.65,1
"lasso.cv",6,100,0.33,"TRUE","TRUE","FALSE","12.1897128092419","6.1466265620586","6.04308624718333","1.089","0.059","0.085","1,2,3,4,5,6,7,19,22,31,32,35,40,41,45,47,50,57,66,73,82,92,96,101,125,143,144,146,148,149,150,151,152,153,154,155,156,161,162,164",0.00942531598613851,FALSE,21,5,0,0,40,26,14,0.65,1
"lasso.cv",60,100,0.33,"FALSE","FALSE","FALSE","11.5088848661328","5.25631382167656","6.25257104445621","1.162","0.052","0.08","2,3,4,5,6,7,9,10,11,14,16,17,18,20,26,37,43,47,49,50,66,68,70,82,95,102,103,104,108,115,126,146,148,149,150,151,152,153,154,161",0.00998220512887036,FALSE,26,1,1,0,40,27,13,0.675,0.928571428571429
"lasso.cv",61,100,0.33,"FALSE","FALSE","FALSE","10.6470171036389","4.66175202526842","5.98526507837045","1.149","0.057","0.087","1,2,3,4,5,6,7,9,14,17,18,20,32,36,39,42,50,56,64,66,68,82,89,102,103,110,115,121,127,128,133,148,149,150,151,152,153,154,161,162",0.01008190751654,FALSE,24,2,0,0,40,26,14,0.65,1
"lasso.cv",62,100,0.33,"FALSE","FALSE","FALSE","10.4139050024531","5.24129513188552","5.17260987056759","0.913","0.055","0.097","1,2,3,4,5,6,7,9,16,21,32,35,47,50,53,82,92,99,101,105,111,118,122,136,141,148,149,150,151,152,153,154,161,163",0.00556170851435962,FALSE,18,2,0,0,34,20,14,0.588235294117647,1
"lasso.cv",63,100,0.33,"FALSE","FALSE","FALSE","10.2508173305076","4.830117110266","5.42070022024159","1.542","0.057","0.094","1,3,4,5,6,7,14,19,20,21,27,32,33,37,45,51,52,63,64,73,77,79,88,95,96,101,106,108,109,114,116,120,121,123,127,128,131,133,137,138,148,149,150,151,152,153,154,155,157,164",0.00993324012059024,FALSE,34,3,1,0,50,37,13,0.74,0.928571428571429
"lasso.cv",64,100,0.33,"FALSE","FALSE","FALSE","10.5963011732499","5.84765021137336","4.74865096187654","1.753","0.056","0.088","1,2,3,4,5,6,7,11,12,16,18,20,32,55,57,63,66,86,91,94,96,99,103,112,114,132,139,141,145,146,147,149,150,151,152,153,154,162",0.0122525938036511,FALSE,24,1,0,1,38,25,13,0.657894736842105,0.928571428571429
"lasso.cv",65,100,0.33,"FALSE","FALSE","FALSE","9.56023811829027","4.56928612406645","4.99095199422382","0.865","0.061","0.087","1,2,3,4,5,6,7,19,24,25,42,47,54,59,63,65,66,67,85,87,92,96,99,105,115,123,125,127,140,142,148,149,150,151,152,153,154,160,161",0.00763932523522899,FALSE,23,2,0,0,39,25,14,0.641025641025641,1
"lasso.cv",66,100,0.33,"FALSE","FALSE","FALSE","12.8197215253282","6.91752115718272","5.90220036814551","1.041","0.054","0.087","1,2,3,4,5,6,7,9,12,14,18,22,32,42,45,48,50,57,58,66,69,82,86,87,89,104,105,107,113,122,123,127,131,134,138,149,150,151,152,153,154,161",0.0121224111972112,FALSE,28,1,0,1,42,29,13,0.69047619047619,0.928571428571429
"lasso.cv",67,100,0.33,"FALSE","FALSE","FALSE","10.6727061654845","4.83875827392067","5.83394789156385","1.52","0.06","0.098","1,2,3,4,5,6,7,17,20,32,39,41,42,66,68,69,73,78,86,87,96,101,110,111,112,123,127,129,135,136,143,148,149,150,151,152,153,154,159,162",0.00622945171604664,FALSE,24,2,0,0,40,26,14,0.65,1
"lasso.cv",68,100,0.33,"FALSE","FALSE","FALSE","9.89885108918192","3.9934012821877","5.90544980699422","0.93","0.059","0.098","1,2,3,4,5,6,7,11,12,13,24,32,35,51,59,60,63,65,79,107,111,114,123,127,142,149,150,151,152,153,154,160,161",0.00747843257584374,FALSE,18,2,0,1,33,20,13,0.606060606060606,0.928571428571429
"lasso.cv",69,100,0.33,"FALSE","FALSE","FALSE","10.8445543034832","5.19997899264972","5.64457531083344","1.503","0.053","0.09","1,2,3,4,5,6,7,12,16,17,21,25,28,30,32,38,41,44,46,50,57,58,66,72,82,87,90,102,107,108,113,115,116,123,128,136,140,144,146,148,149,150,151,152,153,154,157,162",0.0106108485247707,FALSE,32,2,0,0,48,34,14,0.708333333333333,1
"lasso.cv",7,100,0.33,"TRUE","TRUE","FALSE","11.815524245373","6.14631815472182","5.66920609065115","1.431","0.056","0.095","1,2,3,4,5,6,7,16,18,23,25,33,35,40,41,47,49,50,55,56,64,66,68,69,84,85,89,95,99,101,102,105,110,116,121,122,134,136,140,145,148,149,150,151,152,153,154,155,161,162",0.00836393643192779,FALSE,33,3,0,0,50,36,14,0.72,1
"lasso.cv",70,100,0.33,"FALSE","FALSE","FALSE","10.6612850869681","5.55431464082452","5.10697044614357","1.931","0.06","0.114","1,2,3,4,5,6,7,14,15,17,19,26,28,32,41,53,54,59,65,66,74,76,88,92,95,97,105,111,113,114,115,116,117,127,129,135,145,148,149,150,151,152,153,154,162",0.0125804187551861,FALSE,30,1,0,0,45,31,14,0.688888888888889,1
"lasso.cv",71,100,0.33,"FALSE","FALSE","FALSE","10.0948900603091","5.61793970801702","4.4769503522921","1.064","0.052","0.079","1,3,4,5,6,7,19,20,26,38,39,47,48,53,54,57,61,70,82,83,85,87,92,99,101,107,113,115,127,135,139,143,148,149,150,151,152,153,154,155,156,157,162",0.00935275910275166,FALSE,26,4,1,0,43,30,13,0.697674418604651,0.928571428571429
"lasso.cv",72,100,0.33,"FALSE","FALSE","FALSE","9.51362280893016","5.29098002570794","4.22264278322222","1.232","0.055","0.092","2,3,4,5,6,7,10,17,20,26,28,30,32,38,45,50,64,66,76,84,85,87,89,104,105,106,108,113,115,116,123,125,135,136,138,149,150,151,152,153,154,155,162",0.0148835117640302,FALSE,29,2,1,1,43,31,12,0.720930232558139,0.857142857142857
"lasso.cv",73,100,0.33,"FALSE","FALSE","FALSE","11.5815703649483","7.18086753269027","4.400702832258","1.784","0.058","0.102","1,2,3,4,5,6,7,14,15,20,24,26,40,47,50,52,55,65,66,73,74,76,79,82,85,86,89,92,94,96,97,99,104,105,115,122,123,131,136,138,144,146,149,150,151,152,153,154,162",0.0150973635101832,FALSE,35,1,0,1,49,36,13,0.73469387755102,0.928571428571429
"lasso.cv",74,100,0.33,"FALSE","FALSE","FALSE","9.80321684876601","5.86670338741636","3.93651346134965","1.893","0.053","0.092","1,2,3,4,5,6,7,12,14,21,26,29,32,35,37,41,53,57,59,66,68,69,76,89,90,91,96,115,123,136,139,146,148,149,150,151,152,153,154,155,162,163",0.0118647889251348,FALSE,25,3,0,0,42,28,14,0.666666666666667,1
"lasso.cv",75,100,0.33,"FALSE","FALSE","FALSE","10.7251930289728","5.86806800024711","4.85712502872565","1.151","0.064","0.095","1,2,3,4,5,6,7,9,14,18,32,33,36,38,50,56,59,63,66,77,79,83,102,112,114,116,125,127,145,146,148,149,150,152,153,154,157,162",0.0091031190850551,FALSE,23,2,0,1,38,25,13,0.657894736842105,0.928571428571429
"lasso.cv",76,100,0.33,"FALSE","FALSE","FALSE","11.3182225015881","5.66770938107316","5.65051312051497","0.998","0.051","0.075","1,2,3,4,5,6,7,14,38,49,54,56,57,66,67,68,73,76,86,96,99,104,105,107,114,115,126,128,130,149,150,151,152,153,154,156,162",0.0101964641528353,FALSE,22,2,0,1,37,24,13,0.648648648648649,0.928571428571429
"lasso.cv",77,100,0.33,"FALSE","FALSE","FALSE","9.70166985205678","4.49498152615524","5.20668832590154","0.899","0.058","0.09","1,2,4,5,6,7,11,12,14,15,17,18,22,31,45,54,63,64,66,73,82,89,91,99,102,104,106,108,121,125,127,128,132,148,149,150,152,153,154,156,158,162",0.0107929013416154,FALSE,27,3,1,1,42,30,12,0.714285714285714,0.857142857142857
"lasso.cv",78,100,0.33,"FALSE","FALSE","FALSE","10.0247543420818","6.36353326547656","3.66122107660522","1.607","0.067","0.099","1,2,3,4,5,6,7,12,14,17,19,20,26,32,36,45,50,56,66,68,82,88,89,92,101,111,112,115,116,127,129,132,136,141,145,146,147,148,149,150,151,152,153,154,159,161,162,163",0.0179792998935129,FALSE,30,4,0,0,48,34,14,0.708333333333333,1
"lasso.cv",79,100,0.33,"FALSE","FALSE","FALSE","10.1549200498787","5.68728915642537","4.46763089345329","1.06","0.057","0.089","1,2,3,4,5,6,7,14,17,18,20,23,25,27,32,35,37,40,47,50,65,66,67,68,76,79,82,84,88,97,99,120,123,124,128,131,132,138,144,145,148,149,150,151,152,153,154,163",0.00889866807323175,FALSE,33,1,0,0,48,34,14,0.708333333333333,1
"lasso.cv",8,100,0.33,"TRUE","TRUE","FALSE","10.7002132578859","5.72207521320094","4.978138044685","2.069","0.058","0.078","1,2,3,4,5,6,7,12,14,15,32,41,47,49,50,52,55,59,61,64,66,68,70,73,100,101,102,105,108,112,116,123,124,129,134,138,146,148,149,150,151,152,153,154,156,158",0.0147008271137507,FALSE,30,2,0,0,46,32,14,0.695652173913043,1
"lasso.cv",80,100,0.33,"FALSE","FALSE","FALSE","11.1981292205469","5.22192127218578","5.97620794836114","1.007","0.054","0.09","1,2,3,4,5,6,7,12,14,17,20,26,32,47,66,67,76,77,79,88,92,94,96,99,103,108,145,146,148,149,150,151,152,153,154,160,162",0.0118905825016705,FALSE,21,2,0,0,37,23,14,0.621621621621622,1
"lasso.cv",81,100,0.33,"FALSE","FALSE","FALSE","11.0223039503011","7.10892413116042","3.91337981914065","1.601","0.057","0.118","1,2,3,4,5,6,7,12,17,19,27,32,38,44,50,53,59,60,63,64,79,82,87,88,90,94,98,105,107,108,114,115,116,126,129,132,149,150,151,152,153,154,155,160,161,162,163",0.0138842852584175,FALSE,29,5,0,1,47,34,13,0.723404255319149,0.928571428571429
"lasso.cv",82,100,0.33,"FALSE","FALSE","FALSE","10.740410356578","5.87388128289407","4.86652907368395","1.536","0.062","0.098","1,2,3,4,5,6,7,16,20,33,45,48,51,53,55,64,73,74,77,78,80,95,97,99,103,105,107,111,112,113,114,116,122,134,136,142,144,146,147,148,149,150,151,152,153,154,155",0.00835107214711353,FALSE,32,1,0,0,47,33,14,0.702127659574468,1
"lasso.cv",83,100,0.33,"FALSE","FALSE","FALSE","10.9493724171402","4.82862412803894","6.12074828910126","0.978","0.056","0.088","1,2,3,4,6,7,8,14,19,30,32,37,47,50,52,54,57,66,67,75,76,82,84,92,95,96,98,99,101,110,116,119,127,128,132,147,148,149,150,151,152,153,154",0.00816122161184351,FALSE,30,0,1,0,43,30,13,0.697674418604651,0.928571428571429
"lasso.cv",84,100,0.33,"FALSE","FALSE","FALSE","11.7376270379784","5.70387344964909","6.03375358832926","0.966","0.053","0.099","1,2,3,4,5,6,7,16,25,32,41,52,54,56,58,65,66,70,73,77,84,94,102,104,107,111,112,121,122,123,124,133,134,138,140,143,144,147,148,149,150,151,152,153,154,156,157",0.00844646837637214,FALSE,31,2,0,0,47,33,14,0.702127659574468,1
"lasso.cv",85,100,0.33,"FALSE","FALSE","FALSE","9.15514356497677","4.44197406961044","4.71316949536632","2.48","0.066","0.106","1,2,3,6,7,15,25,27,31,32,35,47,50,52,54,63,66,72,77,84,87,90,96,97,102,105,106,107,108,111,112,115,116,120,121,132,134,141,142,147,148,149,150,151,152,153,154,162,163",0.022096100191383,FALSE,35,2,2,0,49,37,12,0.755102040816326,0.857142857142857
"lasso.cv",86,100,0.33,"TRUE","TRUE","FALSE","12.1025092211172","6.05191745602582","6.05059176509138","0.978","0.054","0.095","1,2,3,4,5,6,7,12,16,20,26,28,30,32,38,48,53,54,63,66,76,77,79,82,86,87,91,95,96,99,101,116,125,127,133,136,139,148,149,150,151,152,153,154,155,158,162",0.00473893614803625,FALSE,30,3,0,0,47,33,14,0.702127659574468,1
"lasso.cv",87,100,0.33,"FALSE","FALSE","FALSE","11.3660387736167","5.34379915184897","6.0222396217677","1.165","0.054","0.089","1,2,3,4,5,6,7,20,23,27,29,31,32,37,38,40,41,50,54,57,61,63,66,78,81,90,94,99,100,107,114,115,119,127,128,145,149,150,151,152,153,154,155,160",0.0107991741551867,FALSE,29,2,0,1,44,31,13,0.704545454545455,0.928571428571429
"lasso.cv",88,100,0.33,"FALSE","FALSE","FALSE","10.2603995596429","3.59467721334404","6.6657223462989","0.837","0.057","0.089","1,2,3,4,5,6,7,13,31,47,49,50,64,94,96,99,105,106,108,111,115,138,141,142,144,146,147,148,149,150,151,152,153,154,157,158,160,161",0.00571490666194001,FALSE,20,4,0,0,38,24,14,0.631578947368421,1
"lasso.cv",89,100,0.33,"FALSE","FALSE","FALSE","11.8163474573527","5.96932826230178","5.84701919505092","1.917","0.069","0.094","1,2,3,4,5,6,7,12,13,14,18,20,32,34,36,42,45,47,50,52,55,58,61,66,68,74,78,84,86,90,95,96,97,102,103,104,105,112,115,116,117,123,127,131,139,146,148,149,150,151,152,153,154,155,157,162",0.0181021624482027,FALSE,39,3,0,0,56,42,14,0.75,1
"lasso.cv",9,100,0.33,"FALSE","FALSE","FALSE","11.1452558216707","4.79294294795135","6.35231287371931","1.146","0.055","0.089","1,3,4,5,6,7,9,19,30,31,32,47,50,55,56,68,76,82,83,97,101,103,109,111,115,116,123,125,126,127,130,134,137,142,148,149,150,151,152,153,154,160,164",0.00824630827497078,FALSE,28,2,1,0,43,30,13,0.697674418604651,0.928571428571429
"lasso.cv",90,100,0.33,"FALSE","FALSE","FALSE","9.69380138848885","4.85797694569068","4.83582444279817","1.447","0.058","0.085","1,2,3,4,5,6,7,13,14,17,31,42,47,55,56,64,68,76,79,82,86,91,103,108,115,123,127,128,134,135,136,141,146,149,150,151,152,153,154,155,158,162,163,164",0.00902068281998991,FALSE,26,5,0,1,44,31,13,0.704545454545455,0.928571428571429
"lasso.cv",91,100,0.33,"FALSE","FALSE","FALSE","10.5235263852385","5.50212730398719","5.02139908125127","1.595","0.056","0.086","1,2,3,4,5,6,7,13,18,21,25,28,35,50,51,64,66,72,83,84,92,94,95,99,112,116,126,127,132,135,136,138,149,150,151,152,153,154,163",0.00844561021160468,FALSE,25,1,0,1,39,26,13,0.666666666666667,0.928571428571429
"lasso.cv",92,100,0.33,"FALSE","FALSE","FALSE","10.4807165828062","4.58744419687575","5.89327238593045","1.401","0.06","0.087","1,2,3,4,6,7,10,13,14,15,24,26,27,39,41,44,48,50,57,59,60,64,68,69,75,95,96,99,102,104,105,106,110,112,115,133,136,137,139,142,145,146,148,149,150,151,152,153,154,158,162",0.00975919125997158,FALSE,36,2,1,0,51,38,13,0.745098039215686,0.928571428571429
"lasso.cv",93,100,0.33,"FALSE","FALSE","FALSE","10.0450370863111","4.70017870324323","5.34485838306784","1.159","0.054","0.082","1,2,4,6,7,11,20,27,32,33,38,39,47,54,55,57,60,62,64,73,83,88,92,96,97,100,102,105,107,108,115,117,122,123,127,132,133,141,142,144,147,148,149,150,151,152,153,154,161,162,163",0.0104243668004338,FALSE,36,3,2,0,51,39,12,0.764705882352941,0.857142857142857
"lasso.cv",94,100,0.33,"FALSE","FALSE","FALSE","11.2524954589243","5.23410656085448","6.0183888980698","1.038","0.054","0.099","1,2,3,4,5,6,7,12,26,36,52,58,77,89,95,97,103,105,109,112,115,119,127,133,134,138,140,142,146,148,149,150,151,152,153,154,155,161,162,163",0.00728939751016136,FALSE,22,4,0,0,40,26,14,0.65,1
"lasso.cv",95,100,0.33,"FALSE","FALSE","FALSE","11.5484832776453","6.50341966288299","5.04506361476236","1.161","0.059","0.096","1,2,3,4,5,6,7,12,16,18,23,32,37,38,50,52,68,69,70,76,80,82,83,95,96,99,105,107,111,114,115,116,119,121,123,126,132,134,136,138,145,146,149,150,151,152,153,154,155,163,164",0.0180010891157739,FALSE,35,3,0,1,51,38,13,0.745098039215686,0.928571428571429
"lasso.cv",96,100,0.33,"FALSE","FALSE","FALSE","11.5350123447706","5.70280916456374","5.83220318020684","1.732","0.055","0.097","2,3,4,5,6,7,14,19,23,28,32,37,42,45,48,56,58,79,84,92,94,95,101,115,116,126,132,139,145,147,149,150,151,152,153,154",0.0111663034687306,FALSE,24,0,1,1,36,24,12,0.666666666666667,0.857142857142857
"lasso.cv",97,100,0.33,"FALSE","FALSE","FALSE","10.7858196772468","5.22713304739631","5.5586866298505","1.472","0.058","0.1","1,2,3,4,5,6,7,12,14,15,17,23,27,30,32,34,35,38,39,41,45,47,56,57,59,62,70,76,86,89,95,101,108,110,115,124,128,134,135,136,137,139,145,146,148,149,150,151,152,153,154,157,159,163",0.00906297160982416,FALSE,37,3,0,0,54,40,14,0.740740740740741,1
"lasso.cv",98,100,0.33,"FALSE","FALSE","FALSE","9.1208650666027","6.07268384396016","3.04818122264254","1.586","0.061","0.089","1,2,3,4,5,6,7,10,14,15,19,38,41,49,54,57,62,76,82,83,87,92,97,98,104,106,108,112,114,116,121,133,136,143,147,148,149,150,151,152,153,154,160,161,162,163,164",0.0138426367531167,FALSE,28,5,0,0,47,33,14,0.702127659574468,1
"lasso.cv",99,100,0.33,"FALSE","FALSE","FALSE","10.1386885649043","4.99326132365413","5.14542724125016","1.307","0.062","0.104","1,2,3,4,5,6,7,12,19,27,30,31,32,37,40,45,47,54,55,57,60,61,66,71,88,97,101,102,103,108,116,121,125,127,130,143,145,149,150,151,152,153,154,158,161,162",0.0136376859230452,FALSE,30,3,0,1,46,33,13,0.717391304347826,0.928571428571429
"S.A",1,100,0.33,"TRUE","TRUE","FALSE","12.637335076594","6.67076093462294","5.96657414197102","1.631","0.057","0.093","2,4,6,7,63,128,148,149,150,152,153,154",0.0141355171507865,FALSE,2,0,3,1,12,2,10,0.166666666666667,0.714285714285714
"S.A",10,100,0.33,"FALSE","FALSE","FALSE","10.9146788087218","5.33357838355109","5.58110042517073","1.566","0.055","0.102","3,4,5,6,7,149,150,151,152,153,154",0.00641941873441382,FALSE,0,0,2,1,11,0,11,0,0.785714285714286
"S.A",100,100,0.33,"FALSE","FALSE","FALSE","11.8535036442078","5.70095816778685","6.15254547642094","1.326","0.058","0.084","1,2,6,59,99,149,150,151,152,153,154",0.0191331982196471,FALSE,2,0,4,1,11,2,9,0.181818181818182,0.642857142857143
"S.A",11,100,0.33,"FALSE","FALSE","FALSE","11.4434408935071","5.36527817539264","6.07816271811452","0.992","0.052","0.085","1,2,4,6,7,148,149,150,152,153,154",0.00795387938435772,FALSE,0,0,2,1,11,0,11,0,0.785714285714286
"S.A",12,100,0.33,"TRUE","TRUE","FALSE","12.2695712270704","6.411869193501","5.85770203356941","1.028","0.055","0.087","1,2,3,4,5,6,7,149,150,151,152,153,154",0.00237126572961324,FALSE,0,0,0,1,13,0,13,0,0.928571428571429
"S.A",13,100,0.33,"TRUE","TRUE","FALSE","12.0748616823187","6.07894946541191","5.99591221690674","0.925","0.055","0.087","1,3,4,5,6,7,149,150,151,152,153,154",0.0045597958984069,FALSE,0,0,1,1,12,0,12,0,0.857142857142857
"S.A",14,100,0.33,"FALSE","FALSE","FALSE","9.41183624167228","5.49900175540229","3.91283448626999","0.869","0.057","0.094","2,4,5,6,7,149,150,153,154",0.0168978386193176,FALSE,0,0,2,3,9,0,9,0,0.642857142857143
"S.A",15,100,0.33,"FALSE","FALSE","FALSE","11.5739157149855","5.44338430599447","6.13053140899099","1.833","0.055","0.094","2,4,6,7,37,149,150,151,152,153,154",0.0101436553889953,FALSE,1,0,3,1,11,1,10,0.0909090909090909,0.714285714285714
"S.A",16,100,0.33,"FALSE","FALSE","FALSE","9.84108412005974","4.1947428600007","5.64634126005904","1.641","0.056","0.1","1,3,6,148,149,150,151,152,154",0.023164045299164,FALSE,0,0,4,1,9,0,9,0,0.642857142857143
"S.A",17,100,0.33,"FALSE","FALSE","FALSE","11.0101632926693","4.65561892088577","6.35454437178352","1.184","0.055","0.101","1,2,4,6,148,149,150,151,152,153,154",0.00964868317980722,FALSE,0,0,3,0,11,0,11,0,0.785714285714286
"S.A",18,100,0.33,"FALSE","FALSE","FALSE","10.9545700496646","5.66331929142391","5.29125075824068","1.891","0.063","0.099","2,4,6,7,149,150,151,152,153,154",0.00949318007965785,FALSE,0,0,3,1,10,0,10,0,0.714285714285714
"S.A",19,100,0.33,"FALSE","FALSE","FALSE","11.2350605840066","5.22153270753123","6.01352787647534","1.093","0.061","0.093","2,4,6,7,9,149,150,151,152,153,154",0.0104245681945846,FALSE,1,0,3,1,11,1,10,0.0909090909090909,0.714285714285714
"S.A",2,100,0.33,"FALSE","FALSE","FALSE","9.53801787376172","4.72174272592568","4.81627514783604","1.304","0.055","0.09","4,6,7,107,148,149,150,152,154",0.0288135302966369,FALSE,1,0,4,2,9,1,8,0.111111111111111,0.571428571428571
"S.A",20,100,0.33,"FALSE","FALSE","FALSE","11.2004350209774","4.54660329512976","6.65383172584764","1.404","0.053","0.079","1,3,5,6,148,149,150,151,152,153,154",0.0116359300623996,FALSE,0,0,3,0,11,0,11,0,0.785714285714286
"S.A",21,100,0.33,"FALSE","FALSE","FALSE","11.2453046739585","4.32002781030996","6.92527686364852","0.973","0.061","0.087","1,2,4,6,148,149,150,151,152,153,154",0.00931973725406261,FALSE,0,0,3,0,11,0,11,0,0.785714285714286
"S.A",22,100,0.33,"TRUE","TRUE","FALSE","11.2543464155428","4.50527421279596","6.74907220274682","1.36","0.056","0.098","4,6,7,148,149,150,152,153,154,155",0.0155937603970228,FALSE,0,1,4,1,10,1,9,0.1,0.642857142857143
"S.A",23,100,0.33,"FALSE","FALSE","FALSE","11.9596236594984","6.4285741850796","5.53104947441881","1.514","0.056","0.086","3,4,5,6,7,149,150,151,152,153,154",0.00847164728937611,FALSE,0,0,2,1,11,0,11,0,0.785714285714286
"S.A",24,100,0.33,"FALSE","FALSE","FALSE","11.5236539864815","5.6101160820587","5.91353790442282","1.069","0.05","0.086","1,2,4,5,6,7,149,150,151,152,153,154",0.00463515004249469,FALSE,0,0,1,1,12,0,12,0,0.857142857142857
"S.A",25,100,0.33,"FALSE","FALSE","FALSE","10.4395129204558","5.24121187450066","5.19830104595513","1.426","0.057","0.1","1,2,6,100,145,149,150,152,153,154",0.0203811177541049,FALSE,2,0,4,2,10,2,8,0.2,0.571428571428571
"S.A",26,100,0.33,"FALSE","FALSE","FALSE","10.3285312513482","5.06134107407322","5.26719017727493","1.516","0.053","0.08","1,2,4,6,7,148,149,150,152,153,154",0.00791129603491222,FALSE,0,0,2,1,11,0,11,0,0.785714285714286
"S.A",27,100,0.33,"FALSE","FALSE","FALSE","10.7432935347075","5.01333127224868","5.72996226245881","1.695","0.056","0.092","2,4,6,7,59,149,150,152,153,154",0.0143677502092578,FALSE,1,0,3,2,10,1,9,0.1,0.642857142857143
"S.A",28,100,0.33,"FALSE","FALSE","FALSE","11.1698817588047","4.77348054662687","6.39640121217787","1.208","0.057","0.097","1,2,6,99,148,149,150,151,152,153,154",0.0149933681015678,FALSE,1,0,4,0,11,1,10,0.0909090909090909,0.714285714285714
"S.A",29,100,0.33,"FALSE","FALSE","FALSE","10.836678588758","5.09530427956041","5.74137430919754","1.232","0.054","0.075","1,3,4,6,7,149,150,151,152,153,154",0.00601465584833191,FALSE,0,0,2,1,11,0,11,0,0.785714285714286
"S.A",3,100,0.33,"FALSE","FALSE","FALSE","10.5975453585954","4.84362892120495","5.75391643739048","1.192","0.067","0.116","2,4,6,7,149,150,151,152,153,154",0.00918848552345506,FALSE,0,0,3,1,10,0,10,0,0.714285714285714
"S.A",30,100,0.33,"FALSE","FALSE","FALSE","10.8963371755591","4.86213537340812","6.03420180215102","1.511","0.062","0.091","1,3,6,148,149,150,151,152,153,154",0.0168583181462829,FALSE,0,0,4,0,10,0,10,0,0.714285714285714
"S.A",31,100,0.33,"FALSE","FALSE","FALSE","10.3133602843856","4.49058846308751","5.82277182129812","1.193","0.062","0.098","2,4,6,7,148,149,150,152,153,154",0.0111479399543237,FALSE,0,0,3,1,10,0,10,0,0.714285714285714
"S.A",32,100,0.33,"FALSE","FALSE","FALSE","11.0249860219961","4.99658023734376","6.02840578465231","1.272","0.061","0.096","4,6,7,135,146,149,150,151,152,153,154",0.0139903120451923,FALSE,2,0,4,1,11,2,9,0.181818181818182,0.642857142857143
"S.A",33,100,0.33,"FALSE","FALSE","FALSE","11.4049520838612","4.94465195068854","6.46030013317265","1.234","0.053","0.087","4,5,6,7,8,146,149,150,151,152,153,154",0.011158743116241,FALSE,2,0,3,1,12,2,10,0.166666666666667,0.714285714285714
"S.A",34,100,0.33,"FALSE","FALSE","FALSE","9.97822810077313","5.89386019225271","4.08436790852042","1.598","0.054","0.076","1,2,3,4,5,6,149,150,152,153,154",0.0102572811636924,FALSE,0,0,1,2,11,0,11,0,0.785714285714286
"S.A",35,100,0.33,"FALSE","FALSE","FALSE","11.0821718707331","5.38692478874115","5.69524708199194","1.234","0.071","0.096","1,2,4,6,7,149,150,151,152,153,154",0.00563689490454214,FALSE,0,0,2,1,11,0,11,0,0.785714285714286
"S.A",36,100,0.33,"FALSE","FALSE","FALSE","11.1885996322265","5.21245067823781","5.97614895398865","0.851","0.051","0.083","1,3,4,6,7,149,150,151,152,153,154",0.00666267638164102,FALSE,0,0,2,1,11,0,11,0,0.785714285714286
"S.A",37,100,0.33,"TRUE","TRUE","FALSE","12.4852880478778","5.66035892840688","6.8249291194709","1.435","0.057","0.091","1,2,3,5,6,148,149,150,151,152,153,154",0.00925777712504177,FALSE,0,0,2,0,12,0,12,0,0.857142857142857
"S.A",38,100,0.33,"FALSE","FALSE","FALSE","11.5930119660368","5.56528859809262","6.02772336794419","1.186","0.069","0.106","1,3,4,6,7,149,150,151,152,153,154",0.00615199516431015,FALSE,0,0,2,1,11,0,11,0,0.785714285714286
"S.A",39,100,0.33,"FALSE","FALSE","FALSE","10.8553404015007","4.94139933480649","5.91394106669416","1.279","0.078","0.123","1,2,4,6,7,149,150,151,152,153,154",0.00726307775984153,FALSE,0,0,2,1,11,0,11,0,0.785714285714286
"S.A",4,100,0.33,"FALSE","FALSE","FALSE","11.0265095465995","4.97039918508011","6.05611036151941","1.317","0.076","0.152","2,4,6,7,149,150,151,152,153,154",0.00978525007832945,FALSE,0,0,3,1,10,0,10,0,0.714285714285714
"S.A",40,100,0.33,"FALSE","FALSE","FALSE","9.59602668624836","4.94115480228916","4.6548718839592","1.904","0.071","0.116","2,4,6,7,149,150,152,153,154",0.0130528675703388,FALSE,0,0,3,2,9,0,9,0,0.642857142857143
"S.A",41,100,0.33,"FALSE","FALSE","FALSE","10.5038519662666","6.05034418527883","4.45350778098774","1.98","0.06","0.093","3,4,5,6,7,149,152,153,154",0.0157701040084451,FALSE,0,0,2,3,9,0,9,0,0.642857142857143
"S.A",42,100,0.33,"FALSE","FALSE","FALSE","11.1148548282735","5.04256921280477","6.07228561546868","1.453","0.061","0.094","2,4,6,7,149,150,151,152,153,154",0.0104619362439335,FALSE,0,0,3,1,10,0,10,0,0.714285714285714
"S.A",43,100,0.33,"FALSE","FALSE","FALSE","10.6962135587859","4.89819160833101","5.79802195045493","0.893","0.06","0.103","2,4,6,7,149,150,151,152,153,154",0.00891939256397594,FALSE,0,0,3,1,10,0,10,0,0.714285714285714
"S.A",44,100,0.33,"FALSE","FALSE","FALSE","11.4981299079975","5.74219161679069","5.75593829120684","1.058","0.064","0.11","2,4,6,7,9,149,150,151,152,153,154",0.0106240228826314,FALSE,1,0,3,1,11,1,10,0.0909090909090909,0.714285714285714
"S.A",45,100,0.33,"FALSE","FALSE","FALSE","10.9084513919995","4.40762707379266","6.50082431820682","1.317","0.058","0.098","2,4,6,7,148,149,150,151,152,153,154",0.00758807163486105,FALSE,0,0,3,0,11,0,11,0,0.785714285714286
"S.A",46,100,0.33,"FALSE","FALSE","FALSE","11.1087521366381","6.36506194033699","4.74369019630106","1.817","0.058","0.095","2,4,5,6,7,126,149,150,152,153,154",0.0114940125007977,FALSE,1,0,2,2,11,1,10,0.0909090909090909,0.714285714285714
"S.A",47,100,0.33,"FALSE","FALSE","FALSE","11.36438829625","5.65653094374716","5.7078573525028","1.173","0.057","0.093","2,4,5,6,7,149,150,151,152,153,154",0.00688643885260581,FALSE,0,0,2,1,11,0,11,0,0.785714285714286
"S.A",48,100,0.33,"TRUE","TRUE","FALSE","11.4360992771246","6.05912352809651","5.37697574902811","1.307","0.056","0.086","2,3,4,5,6,7,149,150,151,152,153,154",0.00520615862733718,FALSE,0,0,1,1,12,0,12,0,0.857142857142857
"S.A",49,100,0.33,"FALSE","FALSE","FALSE","11.6281121206038","5.74471463710013","5.88339748350364","1.056","0.055","0.098","1,2,4,6,7,144,149,150,151,152,153,154",0.00788903839273226,FALSE,1,0,2,1,12,1,11,0.0833333333333333,0.785714285714286
"S.A",5,100,0.33,"FALSE","FALSE","FALSE","9.79703837599842","6.36087046006165","3.43616791593676","2.359","0.061","0.098","2,4,5,6,35,104,149,153,154",0.0351103331026231,FALSE,2,0,3,4,9,2,7,0.222222222222222,0.5
"S.A",50,100,0.33,"FALSE","FALSE","FALSE","9.25637299883635","4.94383542869311","4.31253757014324","1.439","0.058","0.1","1,3,5,6,36,148,149,150,154",0.0360610471611543,FALSE,1,0,3,3,9,1,8,0.111111111111111,0.571428571428571
"S.A",51,100,0.33,"FALSE","FALSE","FALSE","10.5455864302524","4.47109018212724","6.07449624812516","0.961","0.051","0.088","2,4,6,7,149,150,151,152,153,154",0.0083403585722934,FALSE,0,0,3,1,10,0,10,0,0.714285714285714
"S.A",52,100,0.33,"FALSE","FALSE","FALSE","10.7768895348516","5.70916614296701","5.0677233918846","0.876","0.055","0.088","2,4,5,6,7,149,150,152,153,154",0.00944170053500225,FALSE,0,0,2,2,10,0,10,0,0.714285714285714
"S.A",53,100,0.33,"FALSE","FALSE","FALSE","10.4074160091522","3.79780880266336","6.60960720648886","1.283","0.053","0.094","1,2,6,148,149,150,151,152,153,154,156",0.015891265515628,FALSE,0,1,4,0,11,1,10,0.0909090909090909,0.714285714285714
"S.A",54,100,0.33,"FALSE","FALSE","FALSE","10.2220507621311","4.62690483186144","5.59514593026964","1.547","0.054","0.084","1,2,4,6,149,150,151,152,153,154",0.0117350238722831,FALSE,0,0,3,1,10,0,10,0,0.714285714285714
"S.A",55,100,0.33,"FALSE","FALSE","FALSE","11.2135903113876","5.35341366502597","5.86017664636159","0.752","0.052","0.09","3,4,5,6,7,149,150,151,152,153,154",0.00732462334539705,FALSE,0,0,2,1,11,0,11,0,0.785714285714286
"S.A",56,100,0.33,"FALSE","FALSE","FALSE","11.3707187478305","5.37304728928528","5.9976714585452","0.74","0.056","0.092","2,4,5,6,7,149,150,151,152,153,154",0.00542385832725391,FALSE,0,0,2,1,11,0,11,0,0.785714285714286
"S.A",57,100,0.33,"FALSE","FALSE","FALSE","9.65735705469082","5.02015451270392","4.6372025419869","1.696","0.056","0.079","2,4,5,6,7,149,151,152,153,154",0.0125216996542053,FALSE,0,0,2,2,10,0,10,0,0.714285714285714
"S.A",58,100,0.33,"FALSE","FALSE","FALSE","10.4636388287705","5.24442564500654","5.21921318376397","1.019","0.051","0.077","1,2,4,6,7,149,150,152,153,154",0.0100251890216618,FALSE,0,0,2,2,10,0,10,0,0.714285714285714
"S.A",59,100,0.33,"FALSE","FALSE","FALSE","10.7432626486068","5.33672251486756","5.40654013373924","0.951","0.054","0.081","3,4,5,6,7,149,150,151,152,153,154",0.00795568193960392,FALSE,0,0,2,1,11,0,11,0,0.785714285714286
"S.A",6,100,0.33,"TRUE","TRUE","FALSE","12.1897128092419","6.1466265620586","6.04308624718333","1.089","0.059","0.085","3,4,5,6,7,40,149,150,151,152,153,154",0.00846973628082584,FALSE,1,0,2,1,12,1,11,0.0833333333333333,0.785714285714286
"S.A",60,100,0.33,"FALSE","FALSE","FALSE","11.5088848661328","5.25631382167656","6.25257104445621","1.162","0.052","0.08","2,3,4,6,7,148,149,150,151,152,153,154",0.00586079682239612,FALSE,0,0,2,0,12,0,12,0,0.857142857142857
"S.A",61,100,0.33,"FALSE","FALSE","FALSE","10.6470171036389","4.66175202526842","5.98526507837045","1.149","0.057","0.087","4,6,7,149,150,151,152,153,154",0.0134483101360663,FALSE,0,0,4,1,9,0,9,0,0.642857142857143
"S.A",62,100,0.33,"FALSE","FALSE","FALSE","10.4139050024531","5.24129513188552","5.17260987056759","0.913","0.055","0.097","2,4,6,7,53,149,150,152,153,154",0.0145825397728124,FALSE,1,0,3,2,10,1,9,0.1,0.642857142857143
"S.A",63,100,0.33,"FALSE","FALSE","FALSE","10.2508173305076","4.830117110266","5.42070022024159","1.542","0.057","0.094","1,4,6,7,149,150,151,152,153,154",0.00863696004322409,FALSE,0,0,3,1,10,0,10,0,0.714285714285714
"S.A",64,100,0.33,"FALSE","FALSE","FALSE","10.5963011732499","5.84765021137336","4.74865096187654","1.753","0.056","0.088","2,3,4,6,7,149,150,151,152,153,154",0.00705521769894943,FALSE,0,0,2,1,11,0,11,0,0.785714285714286
"S.A",65,100,0.33,"FALSE","FALSE","FALSE","9.56023811829027","4.56928612406645","4.99095199422382","0.865","0.061","0.087","2,4,6,7,149,150,152,153,154",0.0140242704069893,FALSE,0,0,3,2,9,0,9,0,0.642857142857143
"S.A",66,100,0.33,"FALSE","FALSE","FALSE","12.8197215253282","6.91752115718272","5.90220036814551","1.041","0.054","0.087","1,2,4,6,7,32,127,149,150,151,152,153,154",0.00975633235331966,FALSE,2,0,2,1,13,2,11,0.153846153846154,0.785714285714286
"S.A",67,100,0.33,"FALSE","FALSE","FALSE","10.6727061654845","4.83875827392067","5.83394789156385","1.52","0.06","0.098","1,3,4,6,7,149,150,151,152,153,154",0.00641059159597069,FALSE,0,0,2,1,11,0,11,0,0.785714285714286
"S.A",68,100,0.33,"FALSE","FALSE","FALSE","9.89885108918192","3.9934012821877","5.90544980699422","0.93","0.059","0.098","1,2,6,149,150,151,152,153,154",0.0179376554773978,FALSE,0,0,4,1,9,0,9,0,0.642857142857143
"S.A",69,100,0.33,"FALSE","FALSE","FALSE","10.8445543034832","5.19997899264972","5.64457531083344","1.503","0.053","0.09","2,4,6,7,146,149,150,152,153,154",0.0127457072173813,FALSE,1,0,3,2,10,1,9,0.1,0.642857142857143
"S.A",7,100,0.33,"TRUE","TRUE","FALSE","11.815524245373","6.14631815472182","5.66920609065115","1.431","0.056","0.095","1,2,3,4,5,6,7,149,150,151,152,153,154",0.00186371416511287,FALSE,0,0,0,1,13,0,13,0,0.928571428571429
"S.A",70,100,0.33,"FALSE","FALSE","FALSE","10.6612850869681","5.55431464082452","5.10697044614357","1.931","0.06","0.114","4,6,7,107,129,148,149,150,153,154",0.0247482385088857,FALSE,2,0,4,2,10,2,8,0.2,0.571428571428571
"S.A",71,100,0.33,"FALSE","FALSE","FALSE","10.0948900603091","5.61793970801702","4.4769503522921","1.064","0.052","0.079","3,4,5,6,7,149,150,151,153,154",0.013224356580866,FALSE,0,0,2,2,10,0,10,0,0.714285714285714
"S.A",72,100,0.33,"FALSE","FALSE","FALSE","9.51362280893016","5.29098002570794","4.22264278322222","1.232","0.055","0.092","4,6,7,122,135,149,152,153,155",0.0353582317984739,FALSE,2,1,4,4,9,3,6,0.333333333333333,0.428571428571429
"S.A",73,100,0.33,"FALSE","FALSE","FALSE","11.5815703649483","7.18086753269027","4.400702832258","1.784","0.058","0.102","1,4,6,7,65,89,122,149,152,153",0.0320821849665891,FALSE,3,0,3,4,10,3,7,0.3,0.5
"S.A",74,100,0.33,"FALSE","FALSE","FALSE","9.80321684876601","5.86670338741636","3.93651346134965","1.893","0.053","0.092","2,4,6,7,59,89,149,150,153,154",0.0231398593316073,FALSE,2,0,3,3,10,2,8,0.2,0.571428571428571
"S.A",75,100,0.33,"FALSE","FALSE","FALSE","10.7251930289728","5.86806800024711","4.85712502872565","1.151","0.064","0.095","2,4,6,7,59,149,150,152,153,154",0.0142235207319041,FALSE,1,0,3,2,10,1,9,0.1,0.642857142857143
"S.A",76,100,0.33,"FALSE","FALSE","FALSE","11.3182225015881","5.66770938107316","5.65051312051497","0.998","0.051","0.075","3,4,5,6,7,49,149,150,151,152,153,154",0.00791922593632646,FALSE,1,0,2,1,12,1,11,0.0833333333333333,0.785714285714286
"S.A",77,100,0.33,"FALSE","FALSE","FALSE","9.70166985205678","4.49498152615524","5.20668832590154","0.899","0.058","0.09","2,4,6,7,149,150,152,153,154",0.0151621743295978,FALSE,0,0,3,2,9,0,9,0,0.642857142857143
"S.A",78,100,0.33,"FALSE","FALSE","FALSE","10.0247543420818","6.36353326547656","3.66122107660522","1.607","0.067","0.099","3,4,5,6,7,36,149,153",0.0370198533644911,FALSE,1,0,2,5,8,1,7,0.125,0.5
"S.A",79,100,0.33,"FALSE","FALSE","FALSE","10.1549200498787","5.68728915642537","4.46763089345329","1.06","0.057","0.089","2,4,5,6,7,149,150,153,154",0.0166734702029,FALSE,0,0,2,3,9,0,9,0,0.642857142857143
"S.A",8,100,0.33,"TRUE","TRUE","FALSE","10.7002132578859","5.72207521320094","4.978138044685","2.069","0.058","0.078","3,4,5,6,7,148,149,150,152,153,154",0.0087765978115302,FALSE,0,0,2,1,11,0,11,0,0.785714285714286
"S.A",80,100,0.33,"FALSE","FALSE","FALSE","11.1981292205469","5.22192127218578","5.97620794836114","1.007","0.054","0.09","2,4,6,7,77,149,150,151,152,153,154",0.0110265698058044,FALSE,1,0,3,1,11,1,10,0.0909090909090909,0.714285714285714
"S.A",81,100,0.33,"FALSE","FALSE","FALSE","11.0223039503011","7.10892413116042","3.91337981914065","1.601","0.057","0.118","2,4,5,6,7,44,126,149,153,154",0.0243677470731257,FALSE,2,0,2,4,10,2,8,0.2,0.571428571428571
"S.A",82,100,0.33,"FALSE","FALSE","FALSE","10.740410356578","5.87388128289407","4.86652907368395","1.536","0.062","0.098","2,4,6,7,80,148,149,150,152,154",0.0196279856244956,FALSE,1,0,3,2,10,1,9,0.1,0.642857142857143
"S.A",83,100,0.33,"FALSE","FALSE","FALSE","10.9493724171402","4.82862412803894","6.12074828910126","0.978","0.056","0.088","2,4,6,7,149,150,151,152,153,154",0.00881829715622125,FALSE,0,0,3,1,10,0,10,0,0.714285714285714
"S.A",84,100,0.33,"FALSE","FALSE","FALSE","11.7376270379784","5.70387344964909","6.03375358832926","0.966","0.053","0.099","2,4,5,6,7,149,150,151,152,153,154",0.00618542454273165,FALSE,0,0,2,1,11,0,11,0,0.785714285714286
"S.A",85,100,0.33,"FALSE","FALSE","FALSE","9.15514356497677","4.44197406961044","4.71316949536632","2.48","0.066","0.106","7,15,31,32,63,149,153,154,162",0.0607944854631431,FALSE,4,1,6,4,9,5,4,0.555555555555556,0.285714285714286
"S.A",86,100,0.33,"TRUE","TRUE","FALSE","12.1025092211172","6.05191745602582","6.05059176509138","0.978","0.054","0.095","1,2,3,4,5,6,7,149,150,151,152,153,154",0.00157257284914446,FALSE,0,0,0,1,13,0,13,0,0.928571428571429
"S.A",87,100,0.33,"FALSE","FALSE","FALSE","11.3660387736167","5.34379915184897","6.0222396217677","1.165","0.054","0.089","1,3,4,6,7,149,150,151,152,153,154",0.00712524541553944,FALSE,0,0,2,1,11,0,11,0,0.785714285714286
"S.A",88,100,0.33,"FALSE","FALSE","FALSE","10.2603995596429","3.59467721334404","6.6657223462989","0.837","0.057","0.089","1,4,6,148,149,150,151,152,153,154",0.0124530887836091,FALSE,0,0,4,0,10,0,10,0,0.714285714285714
"S.A",89,100,0.33,"FALSE","FALSE","FALSE","11.8163474573527","5.96932826230178","5.84701919505092","1.917","0.069","0.094","2,3,4,5,6,7,149,150,151,152,153,154",0.00386451141902436,FALSE,0,0,1,1,12,0,12,0,0.857142857142857
"S.A",9,100,0.33,"FALSE","FALSE","FALSE","11.1452558216707","4.79294294795135","6.35231287371931","1.146","0.055","0.089","4,6,7,83,148,149,150,152,153,154",0.0150857715325376,FALSE,1,0,4,1,10,1,9,0.1,0.642857142857143
"S.A",90,100,0.33,"FALSE","FALSE","FALSE","9.69380138848885","4.85797694569068","4.83582444279817","1.447","0.058","0.085","1,2,4,5,6,149,152,153,154",0.018094261495394,FALSE,0,0,2,3,9,0,9,0,0.642857142857143
"S.A",91,100,0.33,"FALSE","FALSE","FALSE","10.5235263852385","5.50212730398719","5.02139908125127","1.595","0.056","0.086","2,4,5,6,7,149,150,152,153,154",0.00877699611579482,FALSE,0,0,2,2,10,0,10,0,0.714285714285714
"S.A",92,100,0.33,"FALSE","FALSE","FALSE","10.4807165828062","4.58744419687575","5.89327238593045","1.401","0.06","0.087","1,3,4,6,7,148,149,150,151,152,153,154",0.00566904602772323,FALSE,0,0,2,0,12,0,12,0,0.857142857142857
"S.A",93,100,0.33,"FALSE","FALSE","FALSE","10.0450370863111","4.70017870324323","5.34485838306784","1.159","0.054","0.082","2,4,6,7,92,149,150,152,153,154",0.0124052778022711,FALSE,1,0,3,2,10,1,9,0.1,0.642857142857143
"S.A",94,100,0.33,"FALSE","FALSE","FALSE","11.2524954589243","5.23410656085448","6.0183888980698","1.038","0.054","0.099","2,3,4,6,7,149,150,151,152,153,154",0.00571711773424226,FALSE,0,0,2,1,11,0,11,0,0.785714285714286
"S.A",95,100,0.33,"FALSE","FALSE","FALSE","11.5484832776453","6.50341966288299","5.04506361476236","1.161","0.059","0.096","2,4,6,7,38,119,149,150,152,153,154",0.0164557828932389,FALSE,2,0,3,2,11,2,9,0.181818181818182,0.642857142857143
"S.A",96,100,0.33,"FALSE","FALSE","FALSE","11.5350123447706","5.70280916456374","5.83220318020684","1.732","0.055","0.097","3,4,5,6,7,149,150,151,152,153,154",0.00761791001114245,FALSE,0,0,2,1,11,0,11,0,0.785714285714286
"S.A",97,100,0.33,"FALSE","FALSE","FALSE","10.7858196772468","5.22713304739631","5.5586866298505","1.472","0.058","0.1","2,4,5,6,7,149,150,152,153,154",0.00915032402360512,FALSE,0,0,2,2,10,0,10,0,0.714285714285714
"S.A",98,100,0.33,"FALSE","FALSE","FALSE","9.1208650666027","6.07268384396016","3.04818122264254","1.586","0.061","0.089","5,6,57,104,114,148,149,153",0.0537954296593426,FALSE,3,0,5,4,8,3,5,0.375,0.357142857142857
"S.A",99,100,0.33,"FALSE","FALSE","FALSE","10.1386885649043","4.99326132365413","5.14542724125016","1.307","0.062","0.104","3,4,6,7,149,150,151,152,153,154",0.0114006129853903,FALSE,0,0,3,1,10,0,10,0,0.714285714285714
"S.A.b",1,100,0.33,"TRUE","TRUE","FALSE","12.637335076594","6.67076093462294","5.96657414197102","1.631","0.057","0.093","1,2,3,4,6,7,148,149,150,151,152,153,154",0.00311808434570786,FALSE,0,0,1,0,13,0,13,0,0.928571428571429
"S.A.b",10,100,0.33,"FALSE","FALSE","FALSE","10.9146788087218","5.33357838355109","5.58110042517073","1.566","0.055","0.102","3,4,5,6,7,149,150,151,152,153,154",0.00641941873441382,FALSE,0,0,2,1,11,0,11,0,0.785714285714286
"S.A.b",100,100,0.33,"FALSE","FALSE","FALSE","11.8535036442078","5.70095816778685","6.15254547642094","1.326","0.058","0.084","1,6,99,148,149,150,151,152,153,154",0.0215538701198685,FALSE,1,0,5,0,10,1,9,0.1,0.642857142857143
"S.A.b",11,100,0.33,"FALSE","FALSE","FALSE","11.4434408935071","5.36527817539264","6.07816271811452","0.992","0.052","0.085","1,2,4,6,7,148,149,150,152,153,154,158",0.00827038587893721,FALSE,0,1,2,1,12,1,11,0.0833333333333333,0.785714285714286
"S.A.b",12,100,0.33,"TRUE","TRUE","FALSE","12.2695712270704","6.411869193501","5.85770203356941","1.028","0.055","0.087","1,2,3,4,5,6,7,149,150,151,152,153,154",0.00237126572961324,FALSE,0,0,0,1,13,0,13,0,0.928571428571429
"S.A.b",13,100,0.33,"TRUE","TRUE","FALSE","12.0748616823187","6.07894946541191","5.99591221690674","0.925","0.055","0.087","1,3,4,5,6,7,149,150,151,152,153,154",0.0045597958984069,FALSE,0,0,1,1,12,0,12,0,0.857142857142857
"S.A.b",14,100,0.33,"FALSE","FALSE","FALSE","9.41183624167228","5.49900175540229","3.91283448626999","0.869","0.057","0.094","2,4,5,6,7,149,150,152,153,154",0.0112061753460518,FALSE,0,0,2,2,10,0,10,0,0.714285714285714
"S.A.b",15,100,0.33,"FALSE","FALSE","FALSE","11.5739157149855","5.44338430599447","6.13053140899099","1.833","0.055","0.094","1,2,6,37,148,149,150,151,152,153,154",0.0152109760477813,FALSE,1,0,4,0,11,1,10,0.0909090909090909,0.714285714285714
"S.A.b",16,100,0.33,"FALSE","FALSE","FALSE","9.84108412005974","4.1947428600007","5.64634126005904","1.641","0.056","0.1","1,3,6,148,149,150,151,152,153,154",0.0166897629746762,FALSE,0,0,4,0,10,0,10,0,0.714285714285714
"S.A.b",17,100,0.33,"FALSE","FALSE","FALSE","11.0101632926693","4.65561892088577","6.35454437178352","1.184","0.055","0.101","1,2,4,6,148,149,150,151,152,153,154",0.00964868317980722,FALSE,0,0,3,0,11,0,11,0,0.785714285714286
"S.A.b",18,100,0.33,"FALSE","FALSE","FALSE","10.9545700496646","5.66331929142391","5.29125075824068","1.891","0.063","0.099","2,4,6,7,149,150,151,152,153,154",0.00949318007965785,FALSE,0,0,3,1,10,0,10,0,0.714285714285714
"S.A.b",19,100,0.33,"FALSE","FALSE","FALSE","11.2350605840066","5.22153270753123","6.01352787647534","1.093","0.061","0.093","2,4,6,7,9,149,150,151,152,153,154",0.0104245681945846,FALSE,1,0,3,1,11,1,10,0.0909090909090909,0.714285714285714
"S.A.b",2,100,0.33,"FALSE","FALSE","FALSE","9.53801787376172","4.72174272592568","4.81627514783604","1.304","0.055","0.09","4,6,7,107,148,149,150,151,152,153,154",0.0172948678150352,FALSE,1,0,4,0,11,1,10,0.0909090909090909,0.714285714285714
"S.A.b",20,100,0.33,"FALSE","FALSE","FALSE","11.2004350209774","4.54660329512976","6.65383172584764","1.404","0.053","0.079","1,3,5,6,148,149,150,151,152,153,154",0.0116359300623996,FALSE,0,0,3,0,11,0,11,0,0.785714285714286
"S.A.b",21,100,0.33,"FALSE","FALSE","FALSE","11.2453046739585","4.32002781030996","6.92527686364852","0.973","0.061","0.087","1,2,4,6,148,149,150,151,152,153,154",0.00931973725406261,FALSE,0,0,3,0,11,0,11,0,0.785714285714286
"S.A.b",22,100,0.33,"TRUE","TRUE","FALSE","11.2543464155428","4.50527421279596","6.74907220274682","1.36","0.056","0.098","4,6,7,148,149,150,151,152,153,154,155",0.0113203120460998,FALSE,0,1,4,0,11,1,10,0.0909090909090909,0.714285714285714
"S.A.b",23,100,0.33,"FALSE","FALSE","FALSE","11.9596236594984","6.4285741850796","5.53104947441881","1.514","0.056","0.086","2,3,4,5,6,7,88,132,149,150,151,152,153,154,158",0.0126902221507803,FALSE,2,1,1,1,15,3,12,0.2,0.857142857142857
"S.A.b",24,100,0.33,"FALSE","FALSE","FALSE","11.5236539864815","5.6101160820587","5.91353790442282","1.069","0.05","0.086","1,2,4,5,6,148,149,150,151,152,153,154",0.00750688821903408,FALSE,0,0,2,0,12,0,12,0,0.857142857142857
"S.A.b",25,100,0.33,"FALSE","FALSE","FALSE","10.4395129204558","5.24121187450066","5.19830104595513","1.426","0.057","0.1","1,2,6,100,149,150,151,152,153,154",0.0167111140881626,FALSE,1,0,4,1,10,1,9,0.1,0.642857142857143
"S.A.b",26,100,0.33,"FALSE","FALSE","FALSE","10.3285312513482","5.06134107407322","5.26719017727493","1.516","0.053","0.08","1,4,5,6,7,148,149,150,151,152,153,154",0.00565843821888553,FALSE,0,0,2,0,12,0,12,0,0.857142857142857
"S.A.b",27,100,0.33,"FALSE","FALSE","FALSE","10.7432935347075","5.01333127224868","5.72996226245881","1.695","0.056","0.092","4,6,7,148,149,150,151,152,153,154,155",0.0145572399802783,FALSE,0,1,4,0,11,1,10,0.0909090909090909,0.714285714285714
"S.A.b",28,100,0.33,"FALSE","FALSE","FALSE","11.1698817588047","4.77348054662687","6.39640121217787","1.208","0.057","0.097","1,2,6,99,148,149,150,151,152,153,154",0.0149933681015678,FALSE,1,0,4,0,11,1,10,0.0909090909090909,0.714285714285714
"S.A.b",29,100,0.33,"FALSE","FALSE","FALSE","10.836678588758","5.09530427956041","5.74137430919754","1.232","0.054","0.075","1,3,4,6,7,149,150,151,152,153,154",0.00601465584833191,FALSE,0,0,2,1,11,0,11,0,0.785714285714286
"S.A.b",3,100,0.33,"FALSE","FALSE","FALSE","10.5975453585954","4.84362892120495","5.75391643739048","1.192","0.067","0.116","2,4,6,7,148,149,150,151,152,153,154",0.00768660512212412,FALSE,0,0,3,0,11,0,11,0,0.785714285714286
"S.A.b",30,100,0.33,"FALSE","FALSE","FALSE","10.8963371755591","4.86213537340812","6.03420180215102","1.511","0.062","0.091","1,3,6,148,149,150,151,152,153,154",0.0168583181462829,FALSE,0,0,4,0,10,0,10,0,0.714285714285714
"S.A.b",31,100,0.33,"FALSE","FALSE","FALSE","10.3133602843856","4.49058846308751","5.82277182129812","1.193","0.062","0.098","2,4,6,7,148,149,150,151,152,153,154",0.00783219153887899,FALSE,0,0,3,0,11,0,11,0,0.785714285714286
"S.A.b",32,100,0.33,"FALSE","FALSE","FALSE","11.0249860219961","4.99658023734376","6.02840578465231","1.272","0.061","0.096","4,6,7,135,146,149,150,151,152,153,154",0.0139903120451923,FALSE,2,0,4,1,11,2,9,0.181818181818182,0.642857142857143
"S.A.b",33,100,0.33,"FALSE","FALSE","FALSE","11.4049520838612","4.94465195068854","6.46030013317265","1.234","0.053","0.087","4,6,7,148,149,150,151,152,153,154,155",0.0106167393452276,FALSE,0,1,4,0,11,1,10,0.0909090909090909,0.714285714285714
"S.A.b",34,100,0.33,"FALSE","FALSE","FALSE","9.97822810077313","5.89386019225271","4.08436790852042","1.598","0.054","0.076","1,2,3,5,6,149,150,151,152,153,154",0.012361381215363,FALSE,0,0,2,1,11,0,11,0,0.785714285714286
"S.A.b",35,100,0.33,"FALSE","FALSE","FALSE","11.0821718707331","5.38692478874115","5.69524708199194","1.234","0.071","0.096","1,2,4,6,7,149,150,151,152,153,154",0.00563689490454214,FALSE,0,0,2,1,11,0,11,0,0.785714285714286
"S.A.b",36,100,0.33,"FALSE","FALSE","FALSE","11.1885996322265","5.21245067823781","5.97614895398865","0.851","0.051","0.083","1,3,4,6,7,149,150,151,152,153,154",0.00666267638164102,FALSE,0,0,2,1,11,0,11,0,0.785714285714286
"S.A.b",37,100,0.33,"TRUE","TRUE","FALSE","12.4852880478778","5.66035892840688","6.8249291194709","1.435","0.057","0.091","1,2,3,5,6,148,149,150,151,152,153,154,156",0.00995827746965858,FALSE,0,1,2,0,13,1,12,0.0769230769230769,0.857142857142857
"S.A.b",38,100,0.33,"FALSE","FALSE","FALSE","11.5930119660368","5.56528859809262","6.02772336794419","1.186","0.069","0.106","1,3,4,6,7,149,150,151,152,153,154",0.00615199516431015,FALSE,0,0,2,1,11,0,11,0,0.785714285714286
"S.A.b",39,100,0.33,"FALSE","FALSE","FALSE","10.8553404015007","4.94139933480649","5.91394106669416","1.279","0.078","0.123","1,2,4,6,7,149,150,151,152,153,154",0.00726307775984153,FALSE,0,0,2,1,11,0,11,0,0.785714285714286
"S.A.b",4,100,0.33,"FALSE","FALSE","FALSE","11.0265095465995","4.97039918508011","6.05611036151941","1.317","0.076","0.152","2,4,6,7,149,150,151,152,153,154",0.00978525007832945,FALSE,0,0,3,1,10,0,10,0,0.714285714285714
"S.A.b",40,100,0.33,"FALSE","FALSE","FALSE","9.59602668624836","4.94115480228916","4.6548718839592","1.904","0.071","0.116","2,4,6,7,149,150,151,152,153,154",0.00945157849462491,FALSE,0,0,3,1,10,0,10,0,0.714285714285714
"S.A.b",41,100,0.33,"FALSE","FALSE","FALSE","10.5038519662666","6.05034418527883","4.45350778098774","1.98","0.06","0.093","1,2,4,6,7,149,150,152,153,154,157",0.0095144060261941,FALSE,0,1,2,2,11,1,10,0.0909090909090909,0.714285714285714
"S.A.b",42,100,0.33,"FALSE","FALSE","FALSE","11.1148548282735","5.04256921280477","6.07228561546868","1.453","0.061","0.094","2,4,6,7,148,149,150,151,152,153,154",0.00763077334573115,FALSE,0,0,3,0,11,0,11,0,0.785714285714286
"S.A.b",43,100,0.33,"FALSE","FALSE","FALSE","10.6962135587859","4.89819160833101","5.79802195045493","0.893","0.06","0.103","2,4,6,7,149,150,151,152,153,154",0.00891939256397594,FALSE,0,0,3,1,10,0,10,0,0.714285714285714
"S.A.b",44,100,0.33,"FALSE","FALSE","FALSE","11.4981299079975","5.74219161679069","5.75593829120684","1.058","0.064","0.11","2,4,6,7,9,149,150,151,152,153,154",0.0106240228826314,FALSE,1,0,3,1,11,1,10,0.0909090909090909,0.714285714285714
"S.A.b",45,100,0.33,"FALSE","FALSE","FALSE","10.9084513919995","4.40762707379266","6.50082431820682","1.317","0.058","0.098","2,4,6,7,148,149,150,151,152,153,154",0.00758807163486105,FALSE,0,0,3,0,11,0,11,0,0.785714285714286
"S.A.b",46,100,0.33,"FALSE","FALSE","FALSE","11.1087521366381","6.36506194033699","4.74369019630106","1.817","0.058","0.095","2,4,5,6,7,120,149,150,151,152,153,154",0.00708171017701718,FALSE,1,0,2,1,12,1,11,0.0833333333333333,0.785714285714286
"S.A.b",47,100,0.33,"FALSE","FALSE","FALSE","11.36438829625","5.65653094374716","5.7078573525028","1.173","0.057","0.093","2,4,5,6,7,149,150,151,152,153,154",0.00688643885260581,FALSE,0,0,2,1,11,0,11,0,0.785714285714286
"S.A.b",48,100,0.33,"TRUE","TRUE","FALSE","11.4360992771246","6.05912352809651","5.37697574902811","1.307","0.056","0.086","2,3,4,5,6,7,149,150,151,152,153,154",0.00520615862733718,FALSE,0,0,1,1,12,0,12,0,0.857142857142857
"S.A.b",49,100,0.33,"FALSE","FALSE","FALSE","11.6281121206038","5.74471463710013","5.88339748350364","1.056","0.055","0.098","1,2,4,6,7,144,149,150,151,152,153,154",0.00788903839273226,FALSE,1,0,2,1,12,1,11,0.0833333333333333,0.785714285714286
"S.A.b",5,100,0.33,"FALSE","FALSE","FALSE","9.79703837599842","6.36087046006165","3.43616791593676","2.359","0.061","0.098","1,2,4,6,41,148,149,150,151,152,153,154",0.0113886171357088,FALSE,1,0,3,0,12,1,11,0.0833333333333333,0.785714285714286
"S.A.b",50,100,0.33,"FALSE","FALSE","FALSE","9.25637299883635","4.94383542869311","4.31253757014324","1.439","0.058","0.1","1,2,6,83,104,148,149,150,152,153,154",0.0227082176990014,FALSE,2,0,4,1,11,2,9,0.181818181818182,0.642857142857143
"S.A.b",51,100,0.33,"FALSE","FALSE","FALSE","10.5455864302524","4.47109018212724","6.07449624812516","0.961","0.051","0.088","2,4,6,7,149,150,151,152,153,154",0.0083403585722934,FALSE,0,0,3,1,10,0,10,0,0.714285714285714
"S.A.b",52,100,0.33,"FALSE","FALSE","FALSE","10.7768895348516","5.70916614296701","5.0677233918846","0.876","0.055","0.088","2,4,5,6,7,149,150,152,153,154",0.00944170053500225,FALSE,0,0,2,2,10,0,10,0,0.714285714285714
"S.A.b",53,100,0.33,"FALSE","FALSE","FALSE","10.4074160091522","3.79780880266336","6.60960720648886","1.283","0.053","0.094","1,2,6,148,149,150,151,152,153,154,156",0.015891265515628,FALSE,0,1,4,0,11,1,10,0.0909090909090909,0.714285714285714
"S.A.b",54,100,0.33,"FALSE","FALSE","FALSE","10.2220507621311","4.62690483186144","5.59514593026964","1.547","0.054","0.084","1,2,4,6,148,149,150,151,152,153,154",0.00981653791370523,FALSE,0,0,3,0,11,0,11,0,0.785714285714286
"S.A.b",55,100,0.33,"FALSE","FALSE","FALSE","11.2135903113876","5.35341366502597","5.86017664636159","0.752","0.052","0.09","3,4,5,6,7,149,150,151,152,153,154",0.00732462334539705,FALSE,0,0,2,1,11,0,11,0,0.785714285714286
"S.A.b",56,100,0.33,"FALSE","FALSE","FALSE","11.3707187478305","5.37304728928528","5.9976714585452","0.74","0.056","0.092","2,4,5,6,7,149,150,151,152,153,154",0.00542385832725391,FALSE,0,0,2,1,11,0,11,0,0.785714285714286
"S.A.b",57,100,0.33,"FALSE","FALSE","FALSE","9.65735705469082","5.02015451270392","4.6372025419869","1.696","0.056","0.079","2,4,5,6,7,149,150,151,152,153,154",0.00699437040905546,FALSE,0,0,2,1,11,0,11,0,0.785714285714286
"S.A.b",58,100,0.33,"FALSE","FALSE","FALSE","10.4636388287705","5.24442564500654","5.21921318376397","1.019","0.051","0.077","1,2,4,6,7,148,149,150,152,153,154",0.00878155682034436,FALSE,0,0,2,1,11,0,11,0,0.785714285714286
"S.A.b",59,100,0.33,"FALSE","FALSE","FALSE","10.7432626486068","5.33672251486756","5.40654013373924","0.951","0.054","0.081","3,4,5,6,7,148,149,150,151,152,153,154",0.00604180540567367,FALSE,0,0,2,0,12,0,12,0,0.857142857142857
"S.A.b",6,100,0.33,"TRUE","TRUE","FALSE","12.1897128092419","6.1466265620586","6.04308624718333","1.089","0.059","0.085","2,3,4,6,7,40,149,150,151,152,153,154,162",0.0084656626278975,FALSE,1,1,2,1,13,2,11,0.153846153846154,0.785714285714286
"S.A.b",60,100,0.33,"FALSE","FALSE","FALSE","11.5088848661328","5.25631382167656","6.25257104445621","1.162","0.052","0.08","2,3,4,6,7,148,149,150,151,152,153,154",0.00586079682239612,FALSE,0,0,2,0,12,0,12,0,0.857142857142857
"S.A.b",61,100,0.33,"FALSE","FALSE","FALSE","10.6470171036389","4.66175202526842","5.98526507837045","1.149","0.057","0.087","4,6,7,149,150,151,152,153,154",0.0134483101360663,FALSE,0,0,4,1,9,0,9,0,0.642857142857143
"S.A.b",62,100,0.33,"FALSE","FALSE","FALSE","10.4139050024531","5.24129513188552","5.17260987056759","0.913","0.055","0.097","2,4,6,7,149,150,151,152,153,154",0.00955970440035227,FALSE,0,0,3,1,10,0,10,0,0.714285714285714
"S.A.b",63,100,0.33,"FALSE","FALSE","FALSE","10.2508173305076","4.830117110266","5.42070022024159","1.542","0.057","0.094","1,4,6,7,148,149,150,151,152,153,154",0.00722425169053117,FALSE,0,0,3,0,11,0,11,0,0.785714285714286
"S.A.b",64,100,0.33,"FALSE","FALSE","FALSE","10.5963011732499","5.84765021137336","4.74865096187654","1.753","0.056","0.088","2,3,4,6,7,149,150,151,152,153,154",0.00705521769894943,FALSE,0,0,2,1,11,0,11,0,0.785714285714286
"S.A.b",65,100,0.33,"FALSE","FALSE","FALSE","9.56023811829027","4.56928612406645","4.99095199422382","0.865","0.061","0.087","2,4,6,7,149,150,152,153,154",0.0140242704069893,FALSE,0,0,3,2,9,0,9,0,0.642857142857143
"S.A.b",66,100,0.33,"FALSE","FALSE","FALSE","12.8197215253282","6.91752115718272","5.90220036814551","1.041","0.054","0.087","1,2,4,6,7,32,127,149,150,151,152,153,154",0.00975633235331966,FALSE,2,0,2,1,13,2,11,0.153846153846154,0.785714285714286
"S.A.b",67,100,0.33,"FALSE","FALSE","FALSE","10.6727061654845","4.83875827392067","5.83394789156385","1.52","0.06","0.098","1,4,6,148,149,150,151,152,153,154",0.0132086762456961,FALSE,0,0,4,0,10,0,10,0,0.714285714285714
"S.A.b",68,100,0.33,"FALSE","FALSE","FALSE","9.89885108918192","3.9934012821877","5.90544980699422","0.93","0.059","0.098","1,2,6,149,150,151,152,153,154",0.0179376554773978,FALSE,0,0,4,1,9,0,9,0,0.642857142857143
"S.A.b",69,100,0.33,"FALSE","FALSE","FALSE","10.8445543034832","5.19997899264972","5.64457531083344","1.503","0.053","0.09","3,4,6,7,148,149,150,151,152,153,154",0.00705070231122757,FALSE,0,0,3,0,11,0,11,0,0.785714285714286
"S.A.b",7,100,0.33,"TRUE","TRUE","FALSE","11.815524245373","6.14631815472182","5.66920609065115","1.431","0.056","0.095","1,2,3,4,5,6,7,149,150,151,152,153,154",0.00186371416511287,FALSE,0,0,0,1,13,0,13,0,0.928571428571429
"S.A.b",70,100,0.33,"FALSE","FALSE","FALSE","10.6612850869681","5.55431464082452","5.10697044614357","1.931","0.06","0.114","3,4,5,6,7,129,148,149,150,151,153,154",0.0124610161861317,FALSE,1,0,2,1,12,1,11,0.0833333333333333,0.785714285714286
"S.A.b",71,100,0.33,"FALSE","FALSE","FALSE","10.0948900603091","5.61793970801702","4.4769503522921","1.064","0.052","0.079","3,4,5,6,7,149,150,151,153,154",0.013224356580866,FALSE,0,0,2,2,10,0,10,0,0.714285714285714
"S.A.b",72,100,0.33,"FALSE","FALSE","FALSE","9.51362280893016","5.29098002570794","4.22264278322222","1.232","0.055","0.092","2,4,6,7,149,150,151,152,153,154,155",0.0103587069863143,FALSE,0,1,3,1,11,1,10,0.0909090909090909,0.714285714285714
"S.A.b",73,100,0.33,"FALSE","FALSE","FALSE","11.5815703649483","7.18086753269027","4.400702832258","1.784","0.058","0.102","1,4,6,7,65,89,122,149,150,151,152,153,154",0.0152138494819845,FALSE,3,0,3,1,13,3,10,0.230769230769231,0.714285714285714
"S.A.b",74,100,0.33,"FALSE","FALSE","FALSE","9.80321684876601","5.86670338741636","3.93651346134965","1.893","0.053","0.092","1,2,6,148,149,150,151,152,153,154",0.0144590981256986,FALSE,0,0,4,0,10,0,10,0,0.714285714285714
"S.A.b",75,100,0.33,"FALSE","FALSE","FALSE","10.7251930289728","5.86806800024711","4.85712502872565","1.151","0.064","0.095","2,4,6,7,59,149,150,152,153,154",0.0142235207319041,FALSE,1,0,3,2,10,1,9,0.1,0.642857142857143
"S.A.b",76,100,0.33,"FALSE","FALSE","FALSE","11.3182225015881","5.66770938107316","5.65051312051497","0.998","0.051","0.075","3,4,5,6,7,49,149,150,151,152,153,154",0.00791922593632646,FALSE,1,0,2,1,12,1,11,0.0833333333333333,0.785714285714286
"S.A.b",77,100,0.33,"FALSE","FALSE","FALSE","9.70166985205678","4.49498152615524","5.20668832590154","0.899","0.058","0.09","2,4,6,7,148,149,150,152,153,154",0.0121418324567182,FALSE,0,0,3,1,10,0,10,0,0.714285714285714
"S.A.b",78,100,0.33,"FALSE","FALSE","FALSE","10.0247543420818","6.36353326547656","3.66122107660522","1.607","0.067","0.099","3,4,5,6,7,36,148,149,150,151,153,154",0.0151319117986003,FALSE,1,0,2,1,12,1,11,0.0833333333333333,0.785714285714286
"S.A.b",79,100,0.33,"FALSE","FALSE","FALSE","10.1549200498787","5.68728915642537","4.46763089345329","1.06","0.057","0.089","2,4,5,6,7,149,150,151,152,153,154",0.00688864084843622,FALSE,0,0,2,1,11,0,11,0,0.785714285714286
"S.A.b",8,100,0.33,"TRUE","TRUE","FALSE","10.7002132578859","5.72207521320094","4.978138044685","2.069","0.058","0.078","3,4,5,6,7,148,149,150,151,152,153,154",0.0056309496852496,FALSE,0,0,2,0,12,0,12,0,0.857142857142857
"S.A.b",80,100,0.33,"FALSE","FALSE","FALSE","11.1981292205469","5.22192127218578","5.97620794836114","1.007","0.054","0.09","2,4,6,7,77,148,149,150,151,152,153,154",0.00941012873667148,FALSE,1,0,3,0,12,1,11,0.0833333333333333,0.785714285714286
"S.A.b",81,100,0.33,"FALSE","FALSE","FALSE","11.0223039503011","7.10892413116042","3.91337981914065","1.601","0.057","0.118","2,4,5,6,7,44,149,150,151,152,153,154",0.00801096855916858,FALSE,1,0,2,1,12,1,11,0.0833333333333333,0.785714285714286
"S.A.b",82,100,0.33,"FALSE","FALSE","FALSE","10.740410356578","5.87388128289407","4.86652907368395","1.536","0.062","0.098","2,4,6,7,80,148,149,150,152,153,154",0.0137722699196694,FALSE,1,0,3,1,11,1,10,0.0909090909090909,0.714285714285714
"S.A.b",83,100,0.33,"FALSE","FALSE","FALSE","10.9493724171402","4.82862412803894","6.12074828910126","0.978","0.056","0.088","1,2,4,6,7,148,149,150,151,152,153,154",0.00522332272734767,FALSE,0,0,2,0,12,0,12,0,0.857142857142857
"S.A.b",84,100,0.33,"FALSE","FALSE","FALSE","11.7376270379784","5.70387344964909","6.03375358832926","0.966","0.053","0.099","2,4,5,6,7,148,149,150,151,152,153,154",0.00506675238635673,FALSE,0,0,2,0,12,0,12,0,0.857142857142857
"S.A.b",85,100,0.33,"FALSE","FALSE","FALSE","9.15514356497677","4.44197406961044","4.71316949536632","2.48","0.066","0.106","1,2,6,148,149,150,151,152,153,154,162",0.017073860527156,FALSE,0,1,4,0,11,1,10,0.0909090909090909,0.714285714285714
"S.A.b",86,100,0.33,"TRUE","TRUE","FALSE","12.1025092211172","6.05191745602582","6.05059176509138","0.978","0.054","0.095","1,2,4,6,7,149,150,151,152,153,154,158",0.00625287143816644,FALSE,0,1,2,1,12,1,11,0.0833333333333333,0.785714285714286
"S.A.b",87,100,0.33,"FALSE","FALSE","FALSE","11.3660387736167","5.34379915184897","6.0222396217677","1.165","0.054","0.089","1,3,4,6,7,149,150,151,152,153,154",0.00712524541553944,FALSE,0,0,2,1,11,0,11,0,0.785714285714286
"S.A.b",88,100,0.33,"FALSE","FALSE","FALSE","10.2603995596429","3.59467721334404","6.6657223462989","0.837","0.057","0.089","1,4,6,148,149,150,151,152,153,154",0.0124530887836091,FALSE,0,0,4,0,10,0,10,0,0.714285714285714
"S.A.b",89,100,0.33,"FALSE","FALSE","FALSE","11.8163474573527","5.96932826230178","5.84701919505092","1.917","0.069","0.094","2,3,4,5,6,7,149,150,151,152,153,154",0.00386451141902436,FALSE,0,0,1,1,12,0,12,0,0.857142857142857
"S.A.b",9,100,0.33,"FALSE","FALSE","FALSE","11.1452558216707","4.79294294795135","6.35231287371931","1.146","0.055","0.089","3,4,5,6,7,148,149,150,151,152,153,154",0.00464833419148075,FALSE,0,0,2,0,12,0,12,0,0.857142857142857
"S.A.b",90,100,0.33,"FALSE","FALSE","FALSE","9.69380138848885","4.85797694569068","4.83582444279817","1.447","0.058","0.085","1,2,4,6,149,150,151,152,153,154",0.0126329607586876,FALSE,0,0,3,1,10,0,10,0,0.714285714285714
"S.A.b",91,100,0.33,"FALSE","FALSE","FALSE","10.5235263852385","5.50212730398719","5.02139908125127","1.595","0.056","0.086","4,5,6,7,149,150,151,152,153,154",0.00872139957338615,FALSE,0,0,3,1,10,0,10,0,0.714285714285714
"S.A.b",92,100,0.33,"FALSE","FALSE","FALSE","10.4807165828062","4.58744419687575","5.89327238593045","1.401","0.06","0.087","1,3,4,6,7,148,149,150,151,152,153,154",0.00566904602772323,FALSE,0,0,2,0,12,0,12,0,0.857142857142857
"S.A.b",93,100,0.33,"FALSE","FALSE","FALSE","10.0450370863111","4.70017870324323","5.34485838306784","1.159","0.054","0.082","1,4,6,7,148,149,150,151,152,153,154",0.00773945422338332,FALSE,0,0,3,0,11,0,11,0,0.785714285714286
"S.A.b",94,100,0.33,"FALSE","FALSE","FALSE","11.2524954589243","5.23410656085448","6.0183888980698","1.038","0.054","0.099","2,3,4,6,7,149,150,151,152,153,154",0.00571711773424226,FALSE,0,0,2,1,11,0,11,0,0.785714285714286
"S.A.b",95,100,0.33,"FALSE","FALSE","FALSE","11.5484832776453","6.50341966288299","5.04506361476236","1.161","0.059","0.096","2,4,6,7,38,119,149,150,152,153,154",0.0164557828932389,FALSE,2,0,3,2,11,2,9,0.181818181818182,0.642857142857143
"S.A.b",96,100,0.33,"FALSE","FALSE","FALSE","11.5350123447706","5.70280916456374","5.83220318020684","1.732","0.055","0.097","3,4,5,6,7,149,150,151,152,153,154",0.00761791001114245,FALSE,0,0,2,1,11,0,11,0,0.785714285714286
"S.A.b",97,100,0.33,"FALSE","FALSE","FALSE","10.7858196772468","5.22713304739631","5.5586866298505","1.472","0.058","0.1","2,4,6,7,148,149,150,151,152,153,154",0.00772881821828442,FALSE,0,0,3,0,11,0,11,0,0.785714285714286
"S.A.b",98,100,0.33,"FALSE","FALSE","FALSE","9.1208650666027","6.07268384396016","3.04818122264254","1.586","0.061","0.089","5,6,57,104,114,148,149,153",0.0537954296593426,FALSE,3,0,5,4,8,3,5,0.375,0.357142857142857
"S.A.b",99,100,0.33,"FALSE","FALSE","FALSE","10.1386885649043","4.99326132365413","5.14542724125016","1.307","0.062","0.104","3,4,6,7,149,150,151,152,153,154",0.0114006129853903,FALSE,0,0,3,1,10,0,10,0,0.714285714285714
"S.EB",1,100,0.33,"TRUE","TRUE","FALSE","12.637335076594","6.67076093462294","5.96657414197102","1.631","0.057","0.093","1,2,3,4,6,7,63,128,130,148,149,150,152,153,154,161",0.0103295085912219,FALSE,3,1,1,1,16,4,12,0.25,0.857142857142857
"S.EB",10,100,0.33,"FALSE","FALSE","FALSE","10.9146788087218","5.33357838355109","5.58110042517073","1.566","0.055","0.102","3,4,5,6,7,129,149,150,151,152,153,154",0.00706709064650379,FALSE,1,0,2,1,12,1,11,0.0833333333333333,0.785714285714286
"S.EB",100,100,0.33,"FALSE","FALSE","FALSE","11.8535036442078","5.70095816778685","6.15254547642094","1.326","0.058","0.084","1,2,4,6,7,59,99,149,150,151,152,153,154",0.00890955994790988,FALSE,2,0,2,1,13,2,11,0.153846153846154,0.785714285714286
"S.EB",11,100,0.33,"FALSE","FALSE","FALSE","11.4434408935071","5.36527817539264","6.07816271811452","0.992","0.052","0.085","1,2,3,4,6,7,148,149,150,152,153,154",0.00544078658128106,FALSE,0,0,1,1,12,0,12,0,0.857142857142857
"S.EB",12,100,0.33,"TRUE","TRUE","FALSE","12.2695712270704","6.411869193501","5.85770203356941","1.028","0.055","0.087","1,2,3,4,5,6,7,149,150,151,152,153,154",0.00237126572961324,FALSE,0,0,0,1,13,0,13,0,0.928571428571429
"S.EB",13,100,0.33,"TRUE","TRUE","FALSE","12.0748616823187","6.07894946541191","5.99591221690674","0.925","0.055","0.087","1,2,3,4,5,6,7,149,150,151,152,153,154",0.00198214036257246,FALSE,0,0,0,1,13,0,13,0,0.928571428571429
"S.EB",14,100,0.33,"FALSE","FALSE","FALSE","9.41183624167228","5.49900175540229","3.91283448626999","0.869","0.057","0.094","2,4,5,6,7,149,150,152,153,154",0.0112061753460518,FALSE,0,0,2,2,10,0,10,0,0.714285714285714
"S.EB",15,100,0.33,"FALSE","FALSE","FALSE","11.5739157149855","5.44338430599447","6.13053140899099","1.833","0.055","0.094","1,2,3,4,6,7,37,42,149,150,151,152,153,154",0.00695630875994755,FALSE,2,0,1,1,14,2,12,0.142857142857143,0.857142857142857
"S.EB",16,100,0.33,"FALSE","FALSE","FALSE","9.84108412005974","4.1947428600007","5.64634126005904","1.641","0.056","0.1","3,4,5,6,7,135,149,150,151,152,153,154",0.00878595426594989,FALSE,1,0,2,1,12,1,11,0.0833333333333333,0.785714285714286
"S.EB",17,100,0.33,"FALSE","FALSE","FALSE","11.0101632926693","4.65561892088577","6.35454437178352","1.184","0.055","0.101","1,2,4,6,42,97,148,149,150,151,152,153,154",0.0106676748776557,FALSE,2,0,3,0,13,2,11,0.153846153846154,0.785714285714286
"S.EB",18,100,0.33,"FALSE","FALSE","FALSE","10.9545700496646","5.66331929142391","5.29125075824068","1.891","0.063","0.099","2,4,6,7,79,118,149,150,151,152,153,154",0.0127937767573635,FALSE,2,0,3,1,12,2,10,0.166666666666667,0.714285714285714
"S.EB",19,100,0.33,"FALSE","FALSE","FALSE","11.2350605840066","5.22153270753123","6.01352787647534","1.093","0.061","0.093","2,4,6,7,9,39,149,150,151,152,153,154",0.0105720652063018,FALSE,2,0,3,1,12,2,10,0.166666666666667,0.714285714285714
"S.EB",2,100,0.33,"FALSE","FALSE","FALSE","9.53801787376172","4.72174272592568","4.81627514783604","1.304","0.055","0.09","2,4,6,7,107,148,149,150,152,153,154",0.0155871190105612,FALSE,1,0,3,1,11,1,10,0.0909090909090909,0.714285714285714
"S.EB",20,100,0.33,"FALSE","FALSE","FALSE","11.2004350209774","4.54660329512976","6.65383172584764","1.404","0.053","0.079","1,3,5,6,102,148,149,150,151,152,153,154",0.0120547519160204,FALSE,1,0,3,0,12,1,11,0.0833333333333333,0.785714285714286
"S.EB",21,100,0.33,"FALSE","FALSE","FALSE","11.2453046739585","4.32002781030996","6.92527686364852","0.973","0.061","0.087","1,2,3,4,6,7,148,149,150,151,152,153,154",0.00329343680409708,FALSE,0,0,1,0,13,0,13,0,0.928571428571429
"S.EB",22,100,0.33,"TRUE","TRUE","FALSE","11.2543464155428","4.50527421279596","6.74907220274682","1.36","0.056","0.098","3,4,5,6,7,148,149,150,151,152,153,154",0.00556366898726288,FALSE,0,0,2,0,12,0,12,0,0.857142857142857
"S.EB",23,100,0.33,"FALSE","FALSE","FALSE","11.9596236594984","6.4285741850796","5.53104947441881","1.514","0.056","0.086","2,3,4,5,6,7,88,132,141,149,150,151,152,153,154,158",0.0128865893345564,FALSE,3,1,1,1,16,4,12,0.25,0.857142857142857
"S.EB",24,100,0.33,"FALSE","FALSE","FALSE","11.5236539864815","5.6101160820587","5.91353790442282","1.069","0.05","0.086","1,2,4,5,6,7,25,148,149,150,151,152,153,154",0.00559692314936107,FALSE,1,0,1,0,14,1,13,0.0714285714285714,0.928571428571429
"S.EB",25,100,0.33,"FALSE","FALSE","FALSE","10.4395129204558","5.24121187450066","5.19830104595513","1.426","0.057","0.1","1,2,6,45,100,134,145,149,150,152,153,154",0.0201620443713618,FALSE,4,0,4,2,12,4,8,0.333333333333333,0.571428571428571
"S.EB",26,100,0.33,"FALSE","FALSE","FALSE","10.3285312513482","5.06134107407322","5.26719017727493","1.516","0.053","0.08","1,2,4,5,6,7,148,149,150,151,152,153,154",0.00300909709656271,FALSE,0,0,1,0,13,0,13,0,0.928571428571429
"S.EB",27,100,0.33,"FALSE","FALSE","FALSE","10.7432935347075","5.01333127224868","5.72996226245881","1.695","0.056","0.092","1,2,3,4,5,6,7,149,150,151,152,153,154",0.00275311977207152,FALSE,0,0,0,1,13,0,13,0,0.928571428571429
"S.EB",28,100,0.33,"FALSE","FALSE","FALSE","11.1698817588047","4.77348054662687","6.39640121217787","1.208","0.057","0.097","1,2,4,6,9,63,99,133,149,150,151,152,153,154",0.016805034214318,FALSE,4,0,3,1,14,4,10,0.285714285714286,0.714285714285714
"S.EB",29,100,0.33,"FALSE","FALSE","FALSE","10.836678588758","5.09530427956041","5.74137430919754","1.232","0.054","0.075","1,3,4,6,7,40,149,150,151,152,153,154",0.00769561784228396,FALSE,1,0,2,1,12,1,11,0.0833333333333333,0.785714285714286
"S.EB",3,100,0.33,"FALSE","FALSE","FALSE","10.5975453585954","4.84362892120495","5.75391643739048","1.192","0.067","0.116","2,4,5,6,7,14,32,149,150,151,152,153,154",0.00791290518331698,FALSE,2,0,2,1,13,2,11,0.153846153846154,0.785714285714286
"S.EB",30,100,0.33,"FALSE","FALSE","FALSE","10.8963371755591","4.86213537340812","6.03420180215102","1.511","0.062","0.091","1,2,3,4,6,7,148,149,150,151,152,153,154",0.00302156960314634,FALSE,0,0,1,0,13,0,13,0,0.928571428571429
"S.EB",31,100,0.33,"FALSE","FALSE","FALSE","10.3133602843856","4.49058846308751","5.82277182129812","1.193","0.062","0.098","2,4,5,6,7,148,149,150,151,152,153,154",0.00497266664466222,FALSE,0,0,2,0,12,0,12,0,0.857142857142857
"S.EB",32,100,0.33,"FALSE","FALSE","FALSE","11.0249860219961","4.99658023734376","6.02840578465231","1.272","0.061","0.096","2,4,6,7,28,136,149,150,151,152,153,154",0.0114169956853616,FALSE,2,0,3,1,12,2,10,0.166666666666667,0.714285714285714
"S.EB",33,100,0.33,"FALSE","FALSE","FALSE","11.4049520838612","4.94465195068854","6.46030013317265","1.234","0.053","0.087","4,5,6,7,8,146,149,150,151,152,153,154",0.011158743116241,FALSE,2,0,3,1,12,2,10,0.166666666666667,0.714285714285714
"S.EB",34,100,0.33,"FALSE","FALSE","FALSE","9.97822810077313","5.89386019225271","4.08436790852042","1.598","0.054","0.076","1,2,3,4,5,6,7,149,150,152,153,154",0.00549043322782247,FALSE,0,0,0,2,12,0,12,0,0.857142857142857
"S.EB",35,100,0.33,"FALSE","FALSE","FALSE","11.0821718707331","5.38692478874115","5.69524708199194","1.234","0.071","0.096","1,2,4,6,7,27,134,138,149,150,151,152,153,154",0.00771540882348884,FALSE,3,0,2,1,14,3,11,0.214285714285714,0.785714285714286
"S.EB",36,100,0.33,"FALSE","FALSE","FALSE","11.1885996322265","5.21245067823781","5.97614895398865","0.851","0.051","0.083","1,3,4,5,6,7,149,150,151,152,153,154",0.00439358243508109,FALSE,0,0,1,1,12,0,12,0,0.857142857142857
"S.EB",37,100,0.33,"TRUE","TRUE","FALSE","12.4852880478778","5.66035892840688","6.8249291194709","1.435","0.057","0.091","1,2,3,4,5,6,7,39,148,149,150,151,152,153,154,156",0.00484383025748373,FALSE,1,1,0,0,16,2,14,0.125,1
"S.EB",38,100,0.33,"FALSE","FALSE","FALSE","11.5930119660368","5.56528859809262","6.02772336794419","1.186","0.069","0.106","1,2,3,4,5,6,7,149,150,151,152,153,154",0.00206595785310469,FALSE,0,0,0,1,13,0,13,0,0.928571428571429
"S.EB",39,100,0.33,"FALSE","FALSE","FALSE","10.8553404015007","4.94139933480649","5.91394106669416","1.279","0.078","0.123","1,2,4,6,7,149,150,151,152,153,154",0.00726307775984153,FALSE,0,0,2,1,11,0,11,0,0.785714285714286
"S.EB",4,100,0.33,"FALSE","FALSE","FALSE","11.0265095465995","4.97039918508011","6.05611036151941","1.317","0.076","0.152","2,3,4,5,6,7,44,149,150,151,152,153,154",0.00572475600519931,FALSE,1,0,1,1,13,1,12,0.0769230769230769,0.857142857142857
"S.EB",40,100,0.33,"FALSE","FALSE","FALSE","9.59602668624836","4.94115480228916","4.6548718839592","1.904","0.071","0.116","2,3,4,5,6,7,20,149,151,152,153,154",0.0100791034200842,FALSE,1,0,1,2,12,1,11,0.0833333333333333,0.785714285714286
"S.EB",41,100,0.33,"FALSE","FALSE","FALSE","10.5038519662666","6.05034418527883","4.45350778098774","1.98","0.06","0.093","1,2,3,4,5,6,7,55,70,149,150,152,153,154",0.00724312106121254,FALSE,2,0,0,2,14,2,12,0.142857142857143,0.857142857142857
"S.EB",42,100,0.33,"FALSE","FALSE","FALSE","11.1148548282735","5.04256921280477","6.07228561546868","1.453","0.061","0.094","2,3,4,6,7,148,149,150,151,152,153,154",0.00514579486980468,FALSE,0,0,2,0,12,0,12,0,0.857142857142857
"S.EB",43,100,0.33,"FALSE","FALSE","FALSE","10.6962135587859","4.89819160833101","5.79802195045493","0.893","0.06","0.103","2,3,4,5,6,7,149,150,151,152,153,154",0.00380720489718987,FALSE,0,0,1,1,12,0,12,0,0.857142857142857
"S.EB",44,100,0.33,"FALSE","FALSE","FALSE","11.4981299079975","5.74219161679069","5.75593829120684","1.058","0.064","0.11","2,3,4,5,6,7,9,62,149,150,151,152,153,154",0.00787514706896575,FALSE,2,0,1,1,14,2,12,0.142857142857143,0.857142857142857
"S.EB",45,100,0.33,"FALSE","FALSE","FALSE","10.9084513919995","4.40762707379266","6.50082431820682","1.317","0.058","0.098","2,4,6,7,148,149,150,151,152,153,154",0.00758807163486105,FALSE,0,0,3,0,11,0,11,0,0.785714285714286
"S.EB",46,100,0.33,"FALSE","FALSE","FALSE","11.1087521366381","6.36506194033699","4.74369019630106","1.817","0.058","0.095","1,2,4,5,6,7,120,149,150,151,152,153,154",0.00488997644675085,FALSE,1,0,1,1,13,1,12,0.0769230769230769,0.857142857142857
"S.EB",47,100,0.33,"FALSE","FALSE","FALSE","11.36438829625","5.65653094374716","5.7078573525028","1.173","0.057","0.093","2,3,4,5,6,7,54,149,150,151,152,153,154",0.00641774906671156,FALSE,1,0,1,1,13,1,12,0.0769230769230769,0.857142857142857
"S.EB",48,100,0.33,"TRUE","TRUE","FALSE","11.4360992771246","6.05912352809651","5.37697574902811","1.307","0.056","0.086","1,2,3,4,5,6,7,148,149,150,151,152,153,154",0.00143867743711799,TRUE,0,0,0,0,14,0,14,0,1
"S.EB",49,100,0.33,"FALSE","FALSE","FALSE","11.6281121206038","5.74471463710013","5.88339748350364","1.056","0.055","0.098","1,2,4,6,7,144,149,150,151,152,153,154",0.00788903839273226,FALSE,1,0,2,1,12,1,11,0.0833333333333333,0.785714285714286
"S.EB",5,100,0.33,"FALSE","FALSE","FALSE","9.79703837599842","6.36087046006165","3.43616791593676","2.359","0.061","0.098","2,3,4,5,6,35,104,125,149,153,154,156",0.0347456039794748,FALSE,3,1,2,4,12,4,8,0.333333333333333,0.571428571428571
"S.EB",50,100,0.33,"FALSE","FALSE","FALSE","9.25637299883635","4.94383542869311","4.31253757014324","1.439","0.058","0.1","1,2,6,83,104,148,149,150,152,153,154",0.0227082176990014,FALSE,2,0,4,1,11,2,9,0.181818181818182,0.642857142857143
"S.EB",51,100,0.33,"FALSE","FALSE","FALSE","10.5455864302524","4.47109018212724","6.07449624812516","0.961","0.051","0.088","2,3,4,6,7,142,149,150,151,152,153,154",0.00627479309735332,FALSE,1,0,2,1,12,1,11,0.0833333333333333,0.785714285714286
"S.EB",52,100,0.33,"FALSE","FALSE","FALSE","10.7768895348516","5.70916614296701","5.0677233918846","0.876","0.055","0.088","2,3,4,5,6,7,149,150,152,153,154",0.0075066059252811,FALSE,0,0,1,2,11,0,11,0,0.785714285714286
"S.EB",53,100,0.33,"FALSE","FALSE","FALSE","10.4074160091522","3.79780880266336","6.60960720648886","1.283","0.053","0.094","1,2,6,148,149,150,151,152,153,154,156",0.015891265515628,FALSE,0,1,4,0,11,1,10,0.0909090909090909,0.714285714285714
"S.EB",54,100,0.33,"FALSE","FALSE","FALSE","10.2220507621311","4.62690483186144","5.59514593026964","1.547","0.054","0.084","1,2,3,4,5,6,7,149,150,151,152,153,154",0.00219168027655019,FALSE,0,0,0,1,13,0,13,0,0.928571428571429
"S.EB",55,100,0.33,"FALSE","FALSE","FALSE","11.2135903113876","5.35341366502597","5.86017664636159","0.752","0.052","0.09","1,3,4,5,6,7,149,150,151,152,153,154",0.00465902180578189,FALSE,0,0,1,1,12,0,12,0,0.857142857142857
"S.EB",56,100,0.33,"FALSE","FALSE","FALSE","11.3707187478305","5.37304728928528","5.9976714585452","0.74","0.056","0.092","1,2,4,5,6,7,111,149,150,151,152,153,154",0.0050396975403111,FALSE,1,0,1,1,13,1,12,0.0769230769230769,0.857142857142857
"S.EB",57,100,0.33,"FALSE","FALSE","FALSE","9.65735705469082","5.02015451270392","4.6372025419869","1.696","0.056","0.079","2,3,4,5,6,7,149,151,152,153,154",0.0106856254558595,FALSE,0,0,1,2,11,0,11,0,0.785714285714286
"S.EB",58,100,0.33,"FALSE","FALSE","FALSE","10.4636388287705","5.24442564500654","5.21921318376397","1.019","0.051","0.077","1,2,4,6,7,148,149,150,152,153,154",0.00878155682034436,FALSE,0,0,2,1,11,0,11,0,0.785714285714286
"S.EB",59,100,0.33,"FALSE","FALSE","FALSE","10.7432626486068","5.33672251486756","5.40654013373924","0.951","0.054","0.081","3,4,5,6,7,148,149,150,151,152,153,154",0.00604180540567367,FALSE,0,0,2,0,12,0,12,0,0.857142857142857
"S.EB",6,100,0.33,"TRUE","TRUE","FALSE","12.1897128092419","6.1466265620586","6.04308624718333","1.089","0.059","0.085","2,3,4,5,6,7,40,149,150,151,152,153,154",0.0051492957516158,FALSE,1,0,1,1,13,1,12,0.0769230769230769,0.857142857142857
"S.EB",60,100,0.33,"FALSE","FALSE","FALSE","11.5088848661328","5.25631382167656","6.25257104445621","1.162","0.052","0.08","2,3,4,5,6,7,107,148,149,150,151,152,153,154",0.00511916207130144,FALSE,1,0,1,0,14,1,13,0.0714285714285714,0.928571428571429
"S.EB",61,100,0.33,"FALSE","FALSE","FALSE","10.6470171036389","4.66175202526842","5.98526507837045","1.149","0.057","0.087","2,4,6,7,9,133,149,150,151,152,153,154",0.0114163374246994,FALSE,2,0,3,1,12,2,10,0.166666666666667,0.714285714285714
"S.EB",62,100,0.33,"FALSE","FALSE","FALSE","10.4139050024531","5.24129513188552","5.17260987056759","0.913","0.055","0.097","2,4,6,7,53,92,149,150,152,153,154",0.0147626588986632,FALSE,2,0,3,2,11,2,9,0.181818181818182,0.642857142857143
"S.EB",63,100,0.33,"FALSE","FALSE","FALSE","10.2508173305076","4.830117110266","5.42070022024159","1.542","0.057","0.094","1,3,4,5,6,7,149,150,151,152,153,154",0.00404151695650035,FALSE,0,0,1,1,12,0,12,0,0.857142857142857
"S.EB",64,100,0.33,"FALSE","FALSE","FALSE","10.5963011732499","5.84765021137336","4.74865096187654","1.753","0.056","0.088","1,2,3,4,6,7,96,149,150,151,152,153,154",0.00553630314194741,FALSE,1,0,1,1,13,1,12,0.0769230769230769,0.857142857142857
"S.EB",65,100,0.33,"FALSE","FALSE","FALSE","9.56023811829027","4.56928612406645","4.99095199422382","0.865","0.061","0.087","2,4,6,7,149,150,152,153,154",0.0140242704069893,FALSE,0,0,3,2,9,0,9,0,0.642857142857143
"S.EB",66,100,0.33,"FALSE","FALSE","FALSE","12.8197215253282","6.91752115718272","5.90220036814551","1.041","0.054","0.087","1,2,4,6,7,32,127,149,150,151,152,153,154",0.00975633235331966,FALSE,2,0,2,1,13,2,11,0.153846153846154,0.785714285714286
"S.EB",67,100,0.33,"FALSE","FALSE","FALSE","10.6727061654845","4.83875827392067","5.83394789156385","1.52","0.06","0.098","1,3,4,5,6,7,149,150,151,152,153,154",0.00367244054764779,FALSE,0,0,1,1,12,0,12,0,0.857142857142857
"S.EB",68,100,0.33,"FALSE","FALSE","FALSE","9.89885108918192","3.9934012821877","5.90544980699422","0.93","0.059","0.098","1,2,4,6,7,149,150,151,152,153,154",0.00713809986666197,FALSE,0,0,2,1,11,0,11,0,0.785714285714286
"S.EB",69,100,0.33,"FALSE","FALSE","FALSE","10.8445543034832","5.19997899264972","5.64457531083344","1.503","0.053","0.09","2,4,6,7,128,146,149,150,151,152,153,154",0.00979404500671333,FALSE,2,0,3,1,12,2,10,0.166666666666667,0.714285714285714
"S.EB",7,100,0.33,"TRUE","TRUE","FALSE","11.815524245373","6.14631815472182","5.66920609065115","1.431","0.056","0.095","1,2,3,4,5,6,7,55,149,150,151,152,153,154",0.0027723258742911,FALSE,1,0,0,1,14,1,13,0.0714285714285714,0.928571428571429
"S.EB",70,100,0.33,"FALSE","FALSE","FALSE","10.6612850869681","5.55431464082452","5.10697044614357","1.931","0.06","0.114","3,4,5,6,7,129,148,149,150,151,153,154",0.0124610161861317,FALSE,1,0,2,1,12,1,11,0.0833333333333333,0.785714285714286
"S.EB",71,100,0.33,"FALSE","FALSE","FALSE","10.0948900603091","5.61793970801702","4.4769503522921","1.064","0.052","0.079","3,4,5,6,7,53,92,149,150,151,153,154",0.0138155375271998,FALSE,2,0,2,2,12,2,10,0.166666666666667,0.714285714285714
"S.EB",72,100,0.33,"FALSE","FALSE","FALSE","9.51362280893016","5.29098002570794","4.22264278322222","1.232","0.055","0.092","4,6,7,32,122,135,149,152,153,155",0.0342381870881253,FALSE,3,1,4,4,10,4,6,0.4,0.428571428571429
"S.EB",73,100,0.33,"FALSE","FALSE","FALSE","11.5815703649483","7.18086753269027","4.400702832258","1.784","0.058","0.102","1,3,4,5,6,7,65,89,149,150,151,152,153,154",0.00911264074465118,FALSE,2,0,1,1,14,2,12,0.142857142857143,0.857142857142857
"S.EB",74,100,0.33,"FALSE","FALSE","FALSE","9.80321684876601","5.86670338741636","3.93651346134965","1.893","0.053","0.092","2,3,4,5,6,7,149,150,151,152,153,154",0.00426358905864678,FALSE,0,0,1,1,12,0,12,0,0.857142857142857
"S.EB",75,100,0.33,"FALSE","FALSE","FALSE","10.7251930289728","5.86806800024711","4.85712502872565","1.151","0.064","0.095","2,3,4,5,6,7,59,149,150,152,153,154",0.00805937420413006,FALSE,1,0,1,2,12,1,11,0.0833333333333333,0.785714285714286
"S.EB",76,100,0.33,"FALSE","FALSE","FALSE","11.3182225015881","5.66770938107316","5.65051312051497","0.998","0.051","0.075","3,4,5,6,7,49,149,150,151,152,153,154",0.00791922593632646,FALSE,1,0,2,1,12,1,11,0.0833333333333333,0.785714285714286
"S.EB",77,100,0.33,"FALSE","FALSE","FALSE","9.70166985205678","4.49498152615524","5.20668832590154","0.899","0.058","0.09","2,4,6,7,148,149,150,152,153,154",0.0121418324567182,FALSE,0,0,3,1,10,0,10,0,0.714285714285714
"S.EB",78,100,0.33,"FALSE","FALSE","FALSE","10.0247543420818","6.36353326547656","3.66122107660522","1.607","0.067","0.099","3,4,5,6,7,36,147,149,150,151,152,153,154",0.0105687817944373,FALSE,2,0,2,1,13,2,11,0.153846153846154,0.785714285714286
"S.EB",79,100,0.33,"FALSE","FALSE","FALSE","10.1549200498787","5.68728915642537","4.46763089345329","1.06","0.057","0.089","1,2,4,5,6,7,149,150,151,152,153,154",0.0038285260013874,FALSE,0,0,1,1,12,0,12,0,0.857142857142857
"S.EB",8,100,0.33,"TRUE","TRUE","FALSE","10.7002132578859","5.72207521320094","4.978138044685","2.069","0.058","0.078","1,3,4,5,6,7,148,149,150,151,152,153,154",0.00339937385444384,FALSE,0,0,1,0,13,0,13,0,0.928571428571429
"S.EB",80,100,0.33,"FALSE","FALSE","FALSE","11.1981292205469","5.22192127218578","5.97620794836114","1.007","0.054","0.09","2,4,6,7,32,77,92,149,150,151,152,153,154",0.0122995580795053,FALSE,3,0,3,1,13,3,10,0.230769230769231,0.714285714285714
"S.EB",81,100,0.33,"FALSE","FALSE","FALSE","11.0223039503011","7.10892413116042","3.91337981914065","1.601","0.057","0.118","2,4,5,6,7,44,87,149,150,151,152,153,154",0.00905490357895771,FALSE,2,0,2,1,13,2,11,0.153846153846154,0.785714285714286
"S.EB",82,100,0.33,"FALSE","FALSE","FALSE","10.740410356578","5.87388128289407","4.86652907368395","1.536","0.062","0.098","2,4,5,6,7,45,48,80,113,122,148,149,150,152,153,154",0.0141557514080773,FALSE,5,0,2,1,16,5,11,0.3125,0.785714285714286
"S.EB",83,100,0.33,"FALSE","FALSE","FALSE","10.9493724171402","4.82862412803894","6.12074828910126","0.978","0.056","0.088","1,2,4,6,7,110,148,149,150,151,152,153,154",0.00581047391210804,FALSE,1,0,2,0,13,1,12,0.0769230769230769,0.857142857142857
"S.EB",84,100,0.33,"FALSE","FALSE","FALSE","11.7376270379784","5.70387344964909","6.03375358832926","0.966","0.053","0.099","2,3,4,5,6,7,149,150,151,152,153,154",0.00391512137366381,FALSE,0,0,1,1,12,0,12,0,0.857142857142857
"S.EB",85,100,0.33,"FALSE","FALSE","FALSE","9.15514356497677","4.44197406961044","4.71316949536632","2.48","0.066","0.106","1,2,6,7,119,149,150,151,152,153,154,162",0.0155204643282115,FALSE,1,1,3,1,12,2,10,0.166666666666667,0.714285714285714
"S.EB",86,100,0.33,"TRUE","TRUE","FALSE","12.1025092211172","6.05191745602582","6.05059176509138","0.978","0.054","0.095","1,2,3,4,5,6,7,149,150,151,152,153,154",0.00157257284914446,FALSE,0,0,0,1,13,0,13,0,0.928571428571429
"S.EB",87,100,0.33,"FALSE","FALSE","FALSE","11.3660387736167","5.34379915184897","6.0222396217677","1.165","0.054","0.089","1,2,3,4,5,6,7,149,150,151,152,153,154",0.00275543240259577,FALSE,0,0,0,1,13,0,13,0,0.928571428571429
"S.EB",88,100,0.33,"FALSE","FALSE","FALSE","10.2603995596429","3.59467721334404","6.6657223462989","0.837","0.057","0.089","1,4,6,7,148,149,150,151,152,153,154",0.00764009857055773,FALSE,0,0,3,0,11,0,11,0,0.785714285714286
"S.EB",89,100,0.33,"FALSE","FALSE","FALSE","11.8163474573527","5.96932826230178","5.84701919505092","1.917","0.069","0.094","2,3,4,5,6,7,74,149,150,151,152,153,154",0.0045160694038219,FALSE,1,0,1,1,13,1,12,0.0769230769230769,0.857142857142857
"S.EB",9,100,0.33,"FALSE","FALSE","FALSE","11.1452558216707","4.79294294795135","6.35231287371931","1.146","0.055","0.089","3,4,5,6,7,148,149,150,151,152,153,154",0.00464833419148075,FALSE,0,0,2,0,12,0,12,0,0.857142857142857
"S.EB",90,100,0.33,"FALSE","FALSE","FALSE","9.69380138848885","4.85797694569068","4.83582444279817","1.447","0.058","0.085","1,2,3,4,5,6,7,112,149,150,152,153,154",0.00704785219051313,FALSE,1,0,0,2,13,1,12,0.0769230769230769,0.857142857142857
"S.EB",91,100,0.33,"FALSE","FALSE","FALSE","10.5235263852385","5.50212730398719","5.02139908125127","1.595","0.056","0.086","1,2,4,5,6,7,149,150,151,152,153,154",0.00335204897713232,FALSE,0,0,1,1,12,0,12,0,0.857142857142857
"S.EB",92,100,0.33,"FALSE","FALSE","FALSE","10.4807165828062","4.58744419687575","5.89327238593045","1.401","0.06","0.087","1,3,4,6,7,148,149,150,151,152,153,154",0.00566904602772323,FALSE,0,0,2,0,12,0,12,0,0.857142857142857
"S.EB",93,100,0.33,"FALSE","FALSE","FALSE","10.0450370863111","4.70017870324323","5.34485838306784","1.159","0.054","0.082","1,4,6,7,39,60,122,148,149,150,152,153,154",0.0136012148224303,FALSE,3,0,3,1,13,3,10,0.230769230769231,0.714285714285714
"S.EB",94,100,0.33,"FALSE","FALSE","FALSE","11.2524954589243","5.23410656085448","6.0183888980698","1.038","0.054","0.099","2,3,4,5,6,7,149,150,151,152,153,154",0.00375669649826235,FALSE,0,0,1,1,12,0,12,0,0.857142857142857
"S.EB",95,100,0.33,"FALSE","FALSE","FALSE","11.5484832776453","6.50341966288299","5.04506361476236","1.161","0.059","0.096","2,3,4,6,7,38,119,149,150,152,153,154",0.0132959340398255,FALSE,2,0,2,2,12,2,10,0.166666666666667,0.714285714285714
"S.EB",96,100,0.33,"FALSE","FALSE","FALSE","11.5350123447706","5.70280916456374","5.83220318020684","1.732","0.055","0.097","2,3,4,5,6,7,94,132,149,150,151,152,153,154",0.00691155578875252,FALSE,2,0,1,1,14,2,12,0.142857142857143,0.857142857142857
"S.EB",97,100,0.33,"FALSE","FALSE","FALSE","10.7858196772468","5.22713304739631","5.5586866298505","1.472","0.058","0.1","2,3,4,5,6,7,89,149,150,151,152,153,154",0.00474670914083385,FALSE,1,0,1,1,13,1,12,0.0769230769230769,0.857142857142857
"S.EB",98,100,0.33,"FALSE","FALSE","FALSE","9.1208650666027","6.07268384396016","3.04818122264254","1.586","0.061","0.089","5,6,35,57,104,114,148,149,153",0.052064338781191,FALSE,4,0,5,4,9,4,5,0.444444444444444,0.357142857142857
"S.EB",99,100,0.33,"FALSE","FALSE","FALSE","10.1386885649043","4.99326132365413","5.14542724125016","1.307","0.062","0.104","3,4,5,6,7,149,150,151,152,153,154",0.00923519405662604,FALSE,0,0,2,1,11,0,11,0,0.785714285714286
"S.EB.b",1,100,0.33,"TRUE","TRUE","FALSE","12.637335076594","6.67076093462294","5.96657414197102","1.631","0.057","0.093","1,2,3,4,6,7,63,128,130,148,149,150,151,152,153,154,161",0.00786926171552845,FALSE,3,1,1,0,17,4,13,0.235294117647059,0.928571428571429
"S.EB.b",10,100,0.33,"FALSE","FALSE","FALSE","10.9146788087218","5.33357838355109","5.58110042517073","1.566","0.055","0.102","3,4,5,6,7,148,149,150,151,152,153,154",0.00550089106911162,FALSE,0,0,2,0,12,0,12,0,0.857142857142857
"S.EB.b",100,100,0.33,"FALSE","FALSE","FALSE","11.8535036442078","5.70095816778685","6.15254547642094","1.326","0.058","0.084","1,2,4,6,7,59,99,148,149,150,151,152,153,154",0.00772754297913906,FALSE,2,0,2,0,14,2,12,0.142857142857143,0.857142857142857
"S.EB.b",11,100,0.33,"FALSE","FALSE","FALSE","11.4434408935071","5.36527817539264","6.07816271811452","0.992","0.052","0.085","1,2,4,6,7,148,149,150,152,153,154,158",0.00827038587893721,FALSE,0,1,2,1,12,1,11,0.0833333333333333,0.785714285714286
"S.EB.b",12,100,0.33,"TRUE","TRUE","FALSE","12.2695712270704","6.411869193501","5.85770203356941","1.028","0.055","0.087","1,2,3,4,5,6,7,149,150,151,152,153,154",0.00237126572961324,FALSE,0,0,0,1,13,0,13,0,0.928571428571429
"S.EB.b",13,100,0.33,"TRUE","TRUE","FALSE","12.0748616823187","6.07894946541191","5.99591221690674","0.925","0.055","0.087","1,2,3,4,5,6,7,149,150,151,152,153,154",0.00198214036257246,FALSE,0,0,0,1,13,0,13,0,0.928571428571429
"S.EB.b",14,100,0.33,"FALSE","FALSE","FALSE","9.41183624167228","5.49900175540229","3.91283448626999","0.869","0.057","0.094","2,4,5,6,7,149,150,152,153,154",0.0112061753460518,FALSE,0,0,2,2,10,0,10,0,0.714285714285714
"S.EB.b",15,100,0.33,"FALSE","FALSE","FALSE","11.5739157149855","5.44338430599447","6.13053140899099","1.833","0.055","0.094","1,2,3,6,37,42,148,149,150,151,152,153,154",0.0129735370548793,FALSE,2,0,3,0,13,2,11,0.153846153846154,0.785714285714286
"S.EB.b",16,100,0.33,"FALSE","FALSE","FALSE","9.84108412005974","4.1947428600007","5.64634126005904","1.641","0.056","0.1","1,3,6,135,148,149,150,151,152,153,154",0.0162113534021229,FALSE,1,0,4,0,11,1,10,0.0909090909090909,0.714285714285714
"S.EB.b",17,100,0.33,"FALSE","FALSE","FALSE","11.0101632926693","4.65561892088577","6.35454437178352","1.184","0.055","0.101","1,2,4,6,97,148,149,150,151,152,153,154",0.00998741172999585,FALSE,1,0,3,0,12,1,11,0.0833333333333333,0.785714285714286
"S.EB.b",18,100,0.33,"FALSE","FALSE","FALSE","10.9545700496646","5.66331929142391","5.29125075824068","1.891","0.063","0.099","2,4,6,7,79,118,149,150,151,152,153,154",0.0127937767573635,FALSE,2,0,3,1,12,2,10,0.166666666666667,0.714285714285714
"S.EB.b",19,100,0.33,"FALSE","FALSE","FALSE","11.2350605840066","5.22153270753123","6.01352787647534","1.093","0.061","0.093","2,4,6,7,9,149,150,151,152,153,154",0.0104245681945846,FALSE,1,0,3,1,11,1,10,0.0909090909090909,0.714285714285714
"S.EB.b",2,100,0.33,"FALSE","FALSE","FALSE","9.53801787376172","4.72174272592568","4.81627514783604","1.304","0.055","0.09","2,4,6,7,107,148,149,150,151,152,153,154",0.0119542614921364,FALSE,1,0,3,0,12,1,11,0.0833333333333333,0.785714285714286
"S.EB.b",20,100,0.33,"FALSE","FALSE","FALSE","11.2004350209774","4.54660329512976","6.65383172584764","1.404","0.053","0.079","1,3,5,6,102,148,149,150,151,152,153,154",0.0120547519160204,FALSE,1,0,3,0,12,1,11,0.0833333333333333,0.785714285714286
"S.EB.b",21,100,0.33,"FALSE","FALSE","FALSE","11.2453046739585","4.32002781030996","6.92527686364852","0.973","0.061","0.087","1,2,4,6,148,149,150,151,152,153,154",0.00931973725406261,FALSE,0,0,3,0,11,0,11,0,0.785714285714286
"S.EB.b",22,100,0.33,"TRUE","TRUE","FALSE","11.2543464155428","4.50527421279596","6.74907220274682","1.36","0.056","0.098","4,5,6,7,114,148,149,150,151,152,153,154,155",0.00982282669781174,FALSE,1,1,3,0,13,2,11,0.153846153846154,0.785714285714286
"S.EB.b",23,100,0.33,"FALSE","FALSE","FALSE","11.9596236594984","6.4285741850796","5.53104947441881","1.514","0.056","0.086","2,3,4,5,6,7,88,132,149,150,151,152,153,154,158",0.0126902221507803,FALSE,2,1,1,1,15,3,12,0.2,0.857142857142857
"S.EB.b",24,100,0.33,"FALSE","FALSE","FALSE","11.5236539864815","5.6101160820587","5.91353790442282","1.069","0.05","0.086","1,2,4,5,6,7,148,149,150,151,152,153,154,156",0.00540008787118044,FALSE,0,1,1,0,14,1,13,0.0714285714285714,0.928571428571429
"S.EB.b",25,100,0.33,"FALSE","FALSE","FALSE","10.4395129204558","5.24121187450066","5.19830104595513","1.426","0.057","0.1","1,2,6,45,100,134,149,150,151,152,153,154",0.0174956898849728,FALSE,3,0,4,1,12,3,9,0.25,0.642857142857143
"S.EB.b",26,100,0.33,"FALSE","FALSE","FALSE","10.3285312513482","5.06134107407322","5.26719017727493","1.516","0.053","0.08","1,2,4,5,6,7,148,149,150,151,152,153,154",0.00300909709656271,FALSE,0,0,1,0,13,0,13,0,0.928571428571429
"S.EB.b",27,100,0.33,"FALSE","FALSE","FALSE","10.7432935347075","5.01333127224868","5.72996226245881","1.695","0.056","0.092","1,2,4,6,7,148,149,150,151,152,153,154,155",0.00736562247397486,FALSE,0,1,2,0,13,1,12,0.0769230769230769,0.857142857142857
"S.EB.b",28,100,0.33,"FALSE","FALSE","FALSE","11.1698817588047","4.77348054662687","6.39640121217787","1.208","0.057","0.097","1,2,4,6,63,99,133,148,149,150,151,152,153,154",0.0140668138412719,FALSE,3,0,3,0,14,3,11,0.214285714285714,0.785714285714286
"S.EB.b",29,100,0.33,"FALSE","FALSE","FALSE","10.836678588758","5.09530427956041","5.74137430919754","1.232","0.054","0.075","1,3,4,6,7,149,150,151,152,153,154",0.00601465584833191,FALSE,0,0,2,1,11,0,11,0,0.785714285714286
"S.EB.b",3,100,0.33,"FALSE","FALSE","FALSE","10.5975453585954","4.84362892120495","5.75391643739048","1.192","0.067","0.116","2,4,6,7,148,149,150,151,152,153,154",0.00768660512212412,FALSE,0,0,3,0,11,0,11,0,0.785714285714286
"S.EB.b",30,100,0.33,"FALSE","FALSE","FALSE","10.8963371755591","4.86213537340812","6.03420180215102","1.511","0.062","0.091","1,2,3,4,6,7,148,149,150,151,152,153,154",0.00302156960314634,FALSE,0,0,1,0,13,0,13,0,0.928571428571429
"S.EB.b",31,100,0.33,"FALSE","FALSE","FALSE","10.3133602843856","4.49058846308751","5.82277182129812","1.193","0.062","0.098","2,4,6,7,148,149,150,151,152,153,154",0.00783219153887899,FALSE,0,0,3,0,11,0,11,0,0.785714285714286
"S.EB.b",32,100,0.33,"FALSE","FALSE","FALSE","11.0249860219961","4.99658023734376","6.02840578465231","1.272","0.061","0.096","2,4,6,7,28,148,149,150,151,152,153,154,161",0.00877756917365204,FALSE,1,1,3,0,13,2,11,0.153846153846154,0.785714285714286
"S.EB.b",33,100,0.33,"FALSE","FALSE","FALSE","11.4049520838612","4.94465195068854","6.46030013317265","1.234","0.053","0.087","4,6,7,53,148,149,150,151,152,153,154,155",0.0116394530875166,FALSE,1,1,4,0,12,2,10,0.166666666666667,0.714285714285714
"S.EB.b",34,100,0.33,"FALSE","FALSE","FALSE","9.97822810077313","5.89386019225271","4.08436790852042","1.598","0.054","0.076","1,2,3,4,5,6,7,149,150,152,153,154,156",0.00760787317025798,FALSE,0,1,0,2,13,1,12,0.0769230769230769,0.857142857142857
"S.EB.b",35,100,0.33,"FALSE","FALSE","FALSE","11.0821718707331","5.38692478874115","5.69524708199194","1.234","0.071","0.096","1,2,4,6,7,9,134,138,149,150,151,152,153,154,164",0.0106412545288161,FALSE,3,1,2,1,15,4,11,0.266666666666667,0.785714285714286
"S.EB.b",36,100,0.33,"FALSE","FALSE","FALSE","11.1885996322265","5.21245067823781","5.97614895398865","0.851","0.051","0.083","1,3,4,6,7,148,149,150,151,152,153,154",0.00555318020058567,FALSE,0,0,2,0,12,0,12,0,0.857142857142857
"S.EB.b",37,100,0.33,"TRUE","TRUE","FALSE","12.4852880478778","5.66035892840688","6.8249291194709","1.435","0.057","0.091","1,2,3,4,5,6,7,39,148,149,150,151,152,153,154,156",0.00484383025748373,FALSE,1,1,0,0,16,2,14,0.125,1
"S.EB.b",38,100,0.33,"FALSE","FALSE","FALSE","11.5930119660368","5.56528859809262","6.02772336794419","1.186","0.069","0.106","1,2,3,4,5,6,7,149,150,151,152,153,154,159",0.00279922142107974,FALSE,0,1,0,1,14,1,13,0.0714285714285714,0.928571428571429
"S.EB.b",39,100,0.33,"FALSE","FALSE","FALSE","10.8553404015007","4.94139933480649","5.91394106669416","1.279","0.078","0.123","2,4,6,7,51,149,150,151,152,153,154,155",0.0123063818810534,FALSE,1,1,3,1,12,2,10,0.166666666666667,0.714285714285714
"S.EB.b",4,100,0.33,"FALSE","FALSE","FALSE","11.0265095465995","4.97039918508011","6.05611036151941","1.317","0.076","0.152","2,4,6,7,44,149,150,151,152,153,154,155,158",0.0118433463666395,FALSE,1,2,3,1,13,3,10,0.230769230769231,0.714285714285714
"S.EB.b",40,100,0.33,"FALSE","FALSE","FALSE","9.59602668624836","4.94115480228916","4.6548718839592","1.904","0.071","0.116","2,4,6,7,149,150,151,152,153,154,158",0.00998700526476995,FALSE,0,1,3,1,11,1,10,0.0909090909090909,0.714285714285714
"S.EB.b",41,100,0.33,"FALSE","FALSE","FALSE","10.5038519662666","6.05034418527883","4.45350778098774","1.98","0.06","0.093","2,3,4,5,6,7,55,70,149,150,152,153,154",0.0104536745695641,FALSE,2,0,1,2,13,2,11,0.153846153846154,0.785714285714286
"S.EB.b",42,100,0.33,"FALSE","FALSE","FALSE","11.1148548282735","5.04256921280477","6.07228561546868","1.453","0.061","0.094","2,3,4,6,7,148,149,150,151,152,153,154",0.00514579486980468,FALSE,0,0,2,0,12,0,12,0,0.857142857142857
"S.EB.b",43,100,0.33,"FALSE","FALSE","FALSE","10.6962135587859","4.89819160833101","5.79802195045493","0.893","0.06","0.103","2,3,4,5,6,7,149,150,151,152,153,154",0.00380720489718987,FALSE,0,0,1,1,12,0,12,0,0.857142857142857
"S.EB.b",44,100,0.33,"FALSE","FALSE","FALSE","11.4981299079975","5.74219161679069","5.75593829120684","1.058","0.064","0.11","2,3,4,6,7,9,62,149,150,151,152,153,154",0.0100437548194127,FALSE,2,0,2,1,13,2,11,0.153846153846154,0.785714285714286
"S.EB.b",45,100,0.33,"FALSE","FALSE","FALSE","10.9084513919995","4.40762707379266","6.50082431820682","1.317","0.058","0.098","2,4,6,7,148,149,150,151,152,153,154",0.00758807163486105,FALSE,0,0,3,0,11,0,11,0,0.785714285714286
"S.EB.b",46,100,0.33,"FALSE","FALSE","FALSE","11.1087521366381","6.36506194033699","4.74369019630106","1.817","0.058","0.095","1,2,4,5,6,7,120,149,150,151,152,153,154",0.00488997644675085,FALSE,1,0,1,1,13,1,12,0.0769230769230769,0.857142857142857
"S.EB.b",47,100,0.33,"FALSE","FALSE","FALSE","11.36438829625","5.65653094374716","5.7078573525028","1.173","0.057","0.093","2,3,4,5,6,7,54,148,149,150,151,152,153,154",0.00513219949803907,FALSE,1,0,1,0,14,1,13,0.0714285714285714,0.928571428571429
"S.EB.b",48,100,0.33,"TRUE","TRUE","FALSE","11.4360992771246","6.05912352809651","5.37697574902811","1.307","0.056","0.086","1,2,3,4,5,6,7,148,149,150,151,152,153,154",0.00143867743711799,TRUE,0,0,0,0,14,0,14,0,1
"S.EB.b",49,100,0.33,"FALSE","FALSE","FALSE","11.6281121206038","5.74471463710013","5.88339748350364","1.056","0.055","0.098","1,2,4,6,7,144,149,150,151,152,153,154",0.00788903839273226,FALSE,1,0,2,1,12,1,11,0.0833333333333333,0.785714285714286
"S.EB.b",5,100,0.33,"FALSE","FALSE","FALSE","9.79703837599842","6.36087046006165","3.43616791593676","2.359","0.061","0.098","1,2,4,6,41,148,149,150,151,152,153,154",0.0113886171357088,FALSE,1,0,3,0,12,1,11,0.0833333333333333,0.785714285714286
"S.EB.b",50,100,0.33,"FALSE","FALSE","FALSE","9.25637299883635","4.94383542869311","4.31253757014324","1.439","0.058","0.1","1,2,6,83,104,148,149,150,152,153,154",0.0227082176990014,FALSE,2,0,4,1,11,2,9,0.181818181818182,0.642857142857143
"S.EB.b",51,100,0.33,"FALSE","FALSE","FALSE","10.5455864302524","4.47109018212724","6.07449624812516","0.961","0.051","0.088","4,6,7,148,149,150,151,152,153,154,155,158",0.0125363609116157,FALSE,0,2,4,0,12,2,10,0.166666666666667,0.714285714285714
"S.EB.b",52,100,0.33,"FALSE","FALSE","FALSE","10.7768895348516","5.70916614296701","5.0677233918846","0.876","0.055","0.088","2,3,4,5,6,7,93,149,150,151,152,153,154",0.00573557752120086,FALSE,1,0,1,1,13,1,12,0.0769230769230769,0.857142857142857
"S.EB.b",53,100,0.33,"FALSE","FALSE","FALSE","10.4074160091522","3.79780880266336","6.60960720648886","1.283","0.053","0.094","1,2,6,148,149,150,151,152,153,154,156",0.015891265515628,FALSE,0,1,4,0,11,1,10,0.0909090909090909,0.714285714285714
"S.EB.b",54,100,0.33,"FALSE","FALSE","FALSE","10.2220507621311","4.62690483186144","5.59514593026964","1.547","0.054","0.084","1,2,4,6,148,149,150,151,152,153,154",0.00981653791370523,FALSE,0,0,3,0,11,0,11,0,0.785714285714286
"S.EB.b",55,100,0.33,"FALSE","FALSE","FALSE","11.2135903113876","5.35341366502597","5.86017664636159","0.752","0.052","0.09","1,3,4,5,6,7,148,149,150,151,152,153,154",0.00367857310075734,FALSE,0,0,1,0,13,0,13,0,0.928571428571429
"S.EB.b",56,100,0.33,"FALSE","FALSE","FALSE","11.3707187478305","5.37304728928528","5.9976714585452","0.74","0.056","0.092","2,4,5,6,7,149,150,151,152,153,154",0.00542385832725391,FALSE,0,0,2,1,11,0,11,0,0.785714285714286
"S.EB.b",57,100,0.33,"FALSE","FALSE","FALSE","9.65735705469082","5.02015451270392","4.6372025419869","1.696","0.056","0.079","2,3,4,5,6,7,149,150,151,152,153,154",0.00541721421809901,FALSE,0,0,1,1,12,0,12,0,0.857142857142857
"S.EB.b",58,100,0.33,"FALSE","FALSE","FALSE","10.4636388287705","5.24442564500654","5.21921318376397","1.019","0.051","0.077","1,2,4,6,7,148,149,150,152,153,154",0.00878155682034436,FALSE,0,0,2,1,11,0,11,0,0.785714285714286
"S.EB.b",59,100,0.33,"FALSE","FALSE","FALSE","10.7432626486068","5.33672251486756","5.40654013373924","0.951","0.054","0.081","3,4,5,6,7,148,149,150,151,152,153,154",0.00604180540567367,FALSE,0,0,2,0,12,0,12,0,0.857142857142857
"S.EB.b",6,100,0.33,"TRUE","TRUE","FALSE","12.1897128092419","6.1466265620586","6.04308624718333","1.089","0.059","0.085","2,3,4,6,7,40,149,150,151,152,153,154,162",0.0084656626278975,FALSE,1,1,2,1,13,2,11,0.153846153846154,0.785714285714286
"S.EB.b",60,100,0.33,"FALSE","FALSE","FALSE","11.5088848661328","5.25631382167656","6.25257104445621","1.162","0.052","0.08","2,3,4,5,6,7,148,149,150,151,152,153,154",0.00335518502667958,FALSE,0,0,1,0,13,0,13,0,0.928571428571429
"S.EB.b",61,100,0.33,"FALSE","FALSE","FALSE","10.6470171036389","4.66175202526842","5.98526507837045","1.149","0.057","0.087","2,4,6,7,9,133,149,150,151,152,153,154",0.0114163374246994,FALSE,2,0,3,1,12,2,10,0.166666666666667,0.714285714285714
"S.EB.b",62,100,0.33,"FALSE","FALSE","FALSE","10.4139050024531","5.24129513188552","5.17260987056759","0.913","0.055","0.097","1,2,4,6,7,148,149,150,151,152,153,154",0.00466910942943389,FALSE,0,0,2,0,12,0,12,0,0.857142857142857
"S.EB.b",63,100,0.33,"FALSE","FALSE","FALSE","10.2508173305076","4.830117110266","5.42070022024159","1.542","0.057","0.094","1,3,4,5,6,7,149,150,151,152,153,154,162",0.00572528925704088,FALSE,0,1,1,1,13,1,12,0.0769230769230769,0.857142857142857
"S.EB.b",64,100,0.33,"FALSE","FALSE","FALSE","10.5963011732499","5.84765021137336","4.74865096187654","1.753","0.056","0.088","1,2,3,4,6,7,96,149,150,151,152,153,154",0.00553630314194741,FALSE,1,0,1,1,13,1,12,0.0769230769230769,0.857142857142857
"S.EB.b",65,100,0.33,"FALSE","FALSE","FALSE","9.56023811829027","4.56928612406645","4.99095199422382","0.865","0.061","0.087","2,4,6,7,149,150,151,152,153,154",0.0104220661688154,FALSE,0,0,3,1,10,0,10,0,0.714285714285714
"S.EB.b",66,100,0.33,"FALSE","FALSE","FALSE","12.8197215253282","6.91752115718272","5.90220036814551","1.041","0.054","0.087","1,2,4,6,7,32,127,149,150,151,152,153,154",0.00975633235331966,FALSE,2,0,2,1,13,2,11,0.153846153846154,0.785714285714286
"S.EB.b",67,100,0.33,"FALSE","FALSE","FALSE","10.6727061654845","4.83875827392067","5.83394789156385","1.52","0.06","0.098","1,3,4,6,7,148,149,150,151,152,153,154",0.00552981820247925,FALSE,0,0,2,0,12,0,12,0,0.857142857142857
"S.EB.b",68,100,0.33,"FALSE","FALSE","FALSE","9.89885108918192","3.9934012821877","5.90544980699422","0.93","0.059","0.098","1,2,4,6,7,149,150,151,152,153,154",0.00713809986666197,FALSE,0,0,2,1,11,0,11,0,0.785714285714286
"S.EB.b",69,100,0.33,"FALSE","FALSE","FALSE","10.8445543034832","5.19997899264972","5.64457531083344","1.503","0.053","0.09","3,4,5,6,7,148,149,150,151,152,153,154",0.00472241949971378,FALSE,0,0,2,0,12,0,12,0,0.857142857142857
"S.EB.b",7,100,0.33,"TRUE","TRUE","FALSE","11.815524245373","6.14631815472182","5.66920609065115","1.431","0.056","0.095","1,2,3,4,5,6,7,55,149,150,151,152,153,154",0.0027723258742911,FALSE,1,0,0,1,14,1,13,0.0714285714285714,0.928571428571429
"S.EB.b",70,100,0.33,"FALSE","FALSE","FALSE","10.6612850869681","5.55431464082452","5.10697044614357","1.931","0.06","0.114","1,2,4,6,7,41,105,148,149,150,151,152,153,154",0.0100085722901233,FALSE,2,0,2,0,14,2,12,0.142857142857143,0.857142857142857
"S.EB.b",71,100,0.33,"FALSE","FALSE","FALSE","10.0948900603091","5.61793970801702","4.4769503522921","1.064","0.052","0.079","3,4,5,6,7,53,92,149,150,151,153,154",0.0138155375271998,FALSE,2,0,2,2,12,2,10,0.166666666666667,0.714285714285714
"S.EB.b",72,100,0.33,"FALSE","FALSE","FALSE","9.51362280893016","5.29098002570794","4.22264278322222","1.232","0.055","0.092","2,4,6,7,148,149,150,151,152,153,154,155",0.00908783443613018,FALSE,0,1,3,0,12,1,11,0.0833333333333333,0.785714285714286
"S.EB.b",73,100,0.33,"FALSE","FALSE","FALSE","11.5815703649483","7.18086753269027","4.400702832258","1.784","0.058","0.102","1,3,4,5,6,7,65,89,149,150,151,152,153,154",0.00911264074465118,FALSE,2,0,1,1,14,2,12,0.142857142857143,0.857142857142857
"S.EB.b",74,100,0.33,"FALSE","FALSE","FALSE","9.80321684876601","5.86670338741636","3.93651346134965","1.893","0.053","0.092","1,2,3,6,148,149,150,151,152,153,154",0.0109848216086646,FALSE,0,0,3,0,11,0,11,0,0.785714285714286
"S.EB.b",75,100,0.33,"FALSE","FALSE","FALSE","10.7251930289728","5.86806800024711","4.85712502872565","1.151","0.064","0.095","2,3,4,5,6,7,59,149,150,152,153,154",0.00805937420413006,FALSE,1,0,1,2,12,1,11,0.0833333333333333,0.785714285714286
"S.EB.b",76,100,0.33,"FALSE","FALSE","FALSE","11.3182225015881","5.66770938107316","5.65051312051497","0.998","0.051","0.075","3,4,5,6,7,49,149,150,151,152,153,154",0.00791922593632646,FALSE,1,0,2,1,12,1,11,0.0833333333333333,0.785714285714286
"S.EB.b",77,100,0.33,"FALSE","FALSE","FALSE","9.70166985205678","4.49498152615524","5.20668832590154","0.899","0.058","0.09","2,4,6,7,148,149,150,152,153,154",0.0121418324567182,FALSE,0,0,3,1,10,0,10,0,0.714285714285714
"S.EB.b",78,100,0.33,"FALSE","FALSE","FALSE","10.0247543420818","6.36353326547656","3.66122107660522","1.607","0.067","0.099","3,4,5,6,7,36,148,149,150,151,152,153,154",0.0094460122176216,FALSE,1,0,2,0,13,1,12,0.0769230769230769,0.857142857142857
"S.EB.b",79,100,0.33,"FALSE","FALSE","FALSE","10.1549200498787","5.68728915642537","4.46763089345329","1.06","0.057","0.089","1,2,4,5,6,7,149,150,151,152,153,154",0.0038285260013874,FALSE,0,0,1,1,12,0,12,0,0.857142857142857
"S.EB.b",8,100,0.33,"TRUE","TRUE","FALSE","10.7002132578859","5.72207521320094","4.978138044685","2.069","0.058","0.078","1,3,4,5,6,7,148,149,150,151,152,153,154",0.00339937385444384,FALSE,0,0,1,0,13,0,13,0,0.928571428571429
"S.EB.b",80,100,0.33,"FALSE","FALSE","FALSE","11.1981292205469","5.22192127218578","5.97620794836114","1.007","0.054","0.09","2,4,6,7,77,148,149,150,151,152,153,154",0.00941012873667148,FALSE,1,0,3,0,12,1,11,0.0833333333333333,0.785714285714286
"S.EB.b",81,100,0.33,"FALSE","FALSE","FALSE","11.0223039503011","7.10892413116042","3.91337981914065","1.601","0.057","0.118","2,4,5,6,7,44,87,149,150,151,152,153,154",0.00905490357895771,FALSE,2,0,2,1,13,2,11,0.153846153846154,0.785714285714286
"S.EB.b",82,100,0.33,"FALSE","FALSE","FALSE","10.740410356578","5.87388128289407","4.86652907368395","1.536","0.062","0.098","2,4,5,6,7,45,48,80,113,122,148,149,150,152,153,154",0.0141557514080773,FALSE,5,0,2,1,16,5,11,0.3125,0.785714285714286
"S.EB.b",83,100,0.33,"FALSE","FALSE","FALSE","10.9493724171402","4.82862412803894","6.12074828910126","0.978","0.056","0.088","1,2,4,6,7,110,148,149,150,151,152,153,154",0.00581047391210804,FALSE,1,0,2,0,13,1,12,0.0769230769230769,0.857142857142857
"S.EB.b",84,100,0.33,"FALSE","FALSE","FALSE","11.7376270379784","5.70387344964909","6.03375358832926","0.966","0.053","0.099","2,3,4,5,6,7,148,149,150,151,152,153,154",0.00301712106863719,FALSE,0,0,1,0,13,0,13,0,0.928571428571429
"S.EB.b",85,100,0.33,"FALSE","FALSE","FALSE","9.15514356497677","4.44197406961044","4.71316949536632","2.48","0.066","0.106","1,2,6,148,149,150,151,152,153,154,162",0.017073860527156,FALSE,0,1,4,0,11,1,10,0.0909090909090909,0.714285714285714
"S.EB.b",86,100,0.33,"TRUE","TRUE","FALSE","12.1025092211172","6.05191745602582","6.05059176509138","0.978","0.054","0.095","1,2,3,4,5,6,7,149,150,151,152,153,154",0.00157257284914446,FALSE,0,0,0,1,13,0,13,0,0.928571428571429
"S.EB.b",87,100,0.33,"FALSE","FALSE","FALSE","11.3660387736167","5.34379915184897","6.0222396217677","1.165","0.054","0.089","1,2,3,4,6,7,149,150,151,152,153,154",0.00452608433958118,FALSE,0,0,1,1,12,0,12,0,0.857142857142857
"S.EB.b",88,100,0.33,"FALSE","FALSE","FALSE","10.2603995596429","3.59467721334404","6.6657223462989","0.837","0.057","0.089","1,4,6,148,149,150,151,152,153,154",0.0124530887836091,FALSE,0,0,4,0,10,0,10,0,0.714285714285714
"S.EB.b",89,100,0.33,"FALSE","FALSE","FALSE","11.8163474573527","5.96932826230178","5.84701919505092","1.917","0.069","0.094","2,3,4,5,6,7,148,149,150,151,152,153,154",0.00243037180760683,FALSE,0,0,1,0,13,0,13,0,0.928571428571429
"S.EB.b",9,100,0.33,"FALSE","FALSE","FALSE","11.1452558216707","4.79294294795135","6.35231287371931","1.146","0.055","0.089","3,4,5,6,7,148,149,150,151,152,153,154",0.00464833419148075,FALSE,0,0,2,0,12,0,12,0,0.857142857142857
"S.EB.b",90,100,0.33,"FALSE","FALSE","FALSE","9.69380138848885","4.85797694569068","4.83582444279817","1.447","0.058","0.085","1,2,4,5,6,149,150,151,152,153,154",0.00932307864663663,FALSE,0,0,2,1,11,0,11,0,0.785714285714286
"S.EB.b",91,100,0.33,"FALSE","FALSE","FALSE","10.5235263852385","5.50212730398719","5.02139908125127","1.595","0.056","0.086","1,2,4,5,6,7,149,150,151,152,153,154",0.00335204897713232,FALSE,0,0,1,1,12,0,12,0,0.857142857142857
"S.EB.b",92,100,0.33,"FALSE","FALSE","FALSE","10.4807165828062","4.58744419687575","5.89327238593045","1.401","0.06","0.087","1,3,4,6,7,148,149,150,151,152,153,154",0.00566904602772323,FALSE,0,0,2,0,12,0,12,0,0.857142857142857
"S.EB.b",93,100,0.33,"FALSE","FALSE","FALSE","10.0450370863111","4.70017870324323","5.34485838306784","1.159","0.054","0.082","1,4,6,7,148,149,150,151,152,153,154",0.00773945422338332,FALSE,0,0,3,0,11,0,11,0,0.785714285714286
"S.EB.b",94,100,0.33,"FALSE","FALSE","FALSE","11.2524954589243","5.23410656085448","6.0183888980698","1.038","0.054","0.099","2,3,4,6,7,149,150,151,152,153,154,155",0.00607070764145262,FALSE,0,1,2,1,12,1,11,0.0833333333333333,0.785714285714286
"S.EB.b",95,100,0.33,"FALSE","FALSE","FALSE","11.5484832776453","6.50341966288299","5.04506361476236","1.161","0.059","0.096","2,3,4,6,7,38,119,149,150,152,153,154,164",0.0138677819099658,FALSE,2,1,2,2,13,3,10,0.230769230769231,0.714285714285714
"S.EB.b",96,100,0.33,"FALSE","FALSE","FALSE","11.5350123447706","5.70280916456374","5.83220318020684","1.732","0.055","0.097","2,3,4,5,6,7,149,150,151,152,153,154",0.00447372031846211,FALSE,0,0,1,1,12,0,12,0,0.857142857142857
"S.EB.b",97,100,0.33,"FALSE","FALSE","FALSE","10.7858196772468","5.22713304739631","5.5586866298505","1.472","0.058","0.1","2,4,5,6,7,148,149,150,151,152,153,154",0.00478905794199285,FALSE,0,0,2,0,12,0,12,0,0.857142857142857
"S.EB.b",98,100,0.33,"FALSE","FALSE","FALSE","9.1208650666027","6.07268384396016","3.04818122264254","1.586","0.061","0.089","5,6,35,57,104,114,148,149,153",0.052064338781191,FALSE,4,0,5,4,9,4,5,0.444444444444444,0.357142857142857
"S.EB.b",99,100,0.33,"FALSE","FALSE","FALSE","10.1386885649043","4.99326132365413","5.14542724125016","1.307","0.062","0.104","3,4,5,6,7,149,150,151,152,153,154",0.00923519405662604,FALSE,0,0,2,1,11,0,11,0,0.785714285714286
"scad.cv",1,100,0.33,"TRUE","TRUE","FALSE","12.637335076594","6.67076093462294","5.96657414197102","1.631","0.057","0.093","1,2,3,4,5,6,7,12,14,32,35,47,50,63,68,76,80,81,84,103,104,108,109,111,114,115,128,132,148,149,152,153,154,162",0.0229260624281849,FALSE,21,1,0,2,34,22,12,0.647058823529412,0.857142857142857
"scad.cv",10,100,0.33,"FALSE","FALSE","FALSE","10.9146788087218","5.33357838355109","5.58110042517073","1.566","0.055","0.102","2,3,4,6,7,53,59,85,93,148,149,150,151,152,153,154,164",0.0181951898955079,FALSE,4,1,2,0,17,5,12,0.294117647058824,0.857142857142857
"scad.cv",100,100,0.33,"FALSE","FALSE","FALSE","11.8535036442078","5.70095816778685","6.15254547642094","1.326","0.058","0.084","1,2,3,4,6,12,16,94,99,106,125,148,149,150,151,152,153,154",0.0204687126753383,FALSE,6,0,2,0,18,6,12,0.333333333333333,0.857142857142857
"scad.cv",11,100,0.33,"FALSE","FALSE","FALSE","11.4434408935071","5.36527817539264","6.07816271811452","0.992","0.052","0.085","1,2,3,4,5,6,7,14,18,20,28,32,47,50,63,68,81,82,95,104,114,115,141,143,148,149,150,152,153,154,156,158,161,162",0.0203376893113826,FALSE,17,4,0,1,34,21,13,0.617647058823529,0.928571428571429
"scad.cv",12,100,0.33,"TRUE","TRUE","FALSE","12.2695712270704","6.411869193501","5.85770203356941","1.028","0.055","0.087","1,2,4,6,7,136,149,150,151,152,153,154",0.0149585942145982,FALSE,1,0,2,1,12,1,11,0.0833333333333333,0.785714285714286
"scad.cv",13,100,0.33,"TRUE","TRUE","FALSE","12.0748616823187","6.07894946541191","5.99591221690674","0.925","0.055","0.087","1,2,3,4,5,6,7,109,149,150,151,152,153,154",0.015311279439659,FALSE,1,0,0,1,14,1,13,0.0714285714285714,0.928571428571429
"scad.cv",14,100,0.33,"FALSE","FALSE","FALSE","9.41183624167228","5.49900175540229","3.91283448626999","0.869","0.057","0.094","2,4,5,6,7,49,59,128,149,150,152,153,154,164",0.0217538032003734,FALSE,3,1,2,2,14,4,10,0.285714285714286,0.714285714285714
"scad.cv",15,100,0.33,"FALSE","FALSE","FALSE","11.5739157149855","5.44338430599447","6.13053140899099","1.833","0.055","0.094","1,2,4,6,21,29,37,42,72,80,85,123,126,127,145,148,149,150,151,152,153,154",0.0341297721881092,FALSE,11,0,3,0,22,11,11,0.5,0.785714285714286
"scad.cv",16,100,0.33,"FALSE","FALSE","FALSE","9.84108412005974","4.1947428600007","5.64634126005904","1.641","0.056","0.1","1,3,4,6,10,30,54,100,123,130,148,149,150,151,152,153,154",0.0274454129906721,FALSE,6,0,3,0,17,6,11,0.352941176470588,0.785714285714286
"scad.cv",17,100,0.33,"FALSE","FALSE","FALSE","11.0101632926693","4.65561892088577","6.35454437178352","1.184","0.055","0.101","1,2,4,6,7,18,42,90,126,148,149,150,151,152,153,154",0.0253439708832156,FALSE,4,0,2,0,16,4,12,0.25,0.857142857142857
"scad.cv",18,100,0.33,"FALSE","FALSE","FALSE","10.9545700496646","5.66331929142391","5.29125075824068","1.891","0.063","0.099","1,2,3,4,5,6,7,15,16,20,25,30,32,35,41,47,50,63,68,76,84,94,95,96,104,108,109,114,115,126,131,134,136,143,149,152,153,154,158,161",0.0237599472302279,FALSE,27,2,0,3,40,29,11,0.725,0.785714285714286
"scad.cv",19,100,0.33,"FALSE","FALSE","FALSE","11.2350605840066","5.22153270753123","6.01352787647534","1.093","0.061","0.093","1,2,3,5,6,7,14,20,27,32,40,47,50,55,63,66,68,73,80,81,83,94,98,99,108,109,114,115,124,126,134,136,149,151,152,153,154,158,161,162",0.0278744248329888,FALSE,26,3,1,2,40,29,11,0.725,0.785714285714286
"scad.cv",2,100,0.33,"FALSE","FALSE","FALSE","9.53801787376172","4.72174272592568","4.81627514783604","1.304","0.055","0.09","4,6,7,18,34,47,71,99,107,148,149,150,152,153,154",0.0534414522589512,FALSE,6,0,4,1,15,6,9,0.4,0.642857142857143
"scad.cv",20,100,0.33,"FALSE","FALSE","FALSE","11.2004350209774","4.54660329512976","6.65383172584764","1.404","0.053","0.079","1,6,42,83,90,102,107,148,149,150,151,152,153,154",0.0367903687190386,FALSE,5,0,5,0,14,5,9,0.357142857142857,0.642857142857143
"scad.cv",21,100,0.33,"FALSE","FALSE","FALSE","11.2453046739585","4.32002781030996","6.92527686364852","0.973","0.061","0.087","1,2,3,4,5,6,7,12,14,18,19,25,31,32,47,50,55,61,63,64,66,76,78,84,89,96,108,109,114,128,131,132,144,148,149,150,151,152,153,154,159,161",0.0189159208282086,FALSE,26,2,0,0,42,28,14,0.666666666666667,1
"scad.cv",22,100,0.33,"TRUE","TRUE","FALSE","11.2543464155428","4.50527421279596","6.74907220274682","1.36","0.056","0.098","1,3,4,5,6,7,8,14,32,35,37,42,47,50,63,66,68,76,81,82,89,97,102,108,109,114,128,143,148,149,151,152,153,154,160,162",0.0240801951626977,FALSE,22,2,1,1,36,24,12,0.666666666666667,0.857142857142857
"scad.cv",23,100,0.33,"FALSE","FALSE","FALSE","11.9596236594984","6.4285741850796","5.53104947441881","1.514","0.056","0.086","3,4,5,6,7,36,44,50,64,81,132,141,149,150,151,152,153,154",0.0309533934945987,FALSE,7,0,2,1,18,7,11,0.388888888888889,0.785714285714286
"scad.cv",24,100,0.33,"FALSE","FALSE","FALSE","11.5236539864815","5.6101160820587","5.91353790442282","1.069","0.05","0.086","2,4,5,6,7,148,149,150,151,152,153,154",0.0168228163775719,FALSE,0,0,2,0,12,0,12,0,0.857142857142857
"scad.cv",25,100,0.33,"FALSE","FALSE","FALSE","10.4395129204558","5.24121187450066","5.19830104595513","1.426","0.057","0.1","1,2,4,6,45,85,100,134,145,148,149,150,151,152,153,154",0.0177554653480891,FALSE,5,0,3,0,16,5,11,0.3125,0.785714285714286
"scad.cv",26,100,0.33,"FALSE","FALSE","FALSE","10.3285312513482","5.06134107407322","5.26719017727493","1.516","0.053","0.08","1,2,3,5,6,7,12,24,28,31,32,43,47,50,63,76,82,97,104,109,114,131,132,143,148,149,152,153,154,161",0.0239603220100072,FALSE,18,1,1,2,30,19,11,0.633333333333333,0.785714285714286
"scad.cv",27,100,0.33,"FALSE","FALSE","FALSE","10.7432935347075","5.01333127224868","5.72996226245881","1.695","0.056","0.092","4,6,7,9,53,113,122,128,130,135,141,144,148,149,150,152,153,154,155",0.0348899146205829,FALSE,9,1,4,1,19,10,9,0.526315789473684,0.642857142857143
"scad.cv",28,100,0.33,"FALSE","FALSE","FALSE","11.1698817588047","4.77348054662687","6.39640121217787","1.208","0.057","0.097","1,2,4,6,69,94,99,133,148,149,150,151,152,153,154",0.0185308542860084,FALSE,4,0,3,0,15,4,11,0.266666666666667,0.785714285714286
"scad.cv",29,100,0.33,"FALSE","FALSE","FALSE","10.836678588758","5.09530427956041","5.74137430919754","1.232","0.054","0.075","3,4,6,7,40,77,149,150,151,152,153,154",0.0298606155142127,FALSE,2,0,3,1,12,2,10,0.166666666666667,0.714285714285714
"scad.cv",3,100,0.33,"FALSE","FALSE","FALSE","10.5975453585954","4.84362892120495","5.75391643739048","1.192","0.067","0.116","2,4,5,6,7,148,149,150,151,152,153,154",0.0155848565993226,FALSE,0,0,2,0,12,0,12,0,0.857142857142857
"scad.cv",30,100,0.33,"FALSE","FALSE","FALSE","10.8963371755591","4.86213537340812","6.03420180215102","1.511","0.062","0.091","1,3,4,6,12,21,66,70,72,81,148,149,150,151,152,153,154",0.022688777166966,FALSE,6,0,3,0,17,6,11,0.352941176470588,0.785714285714286
"scad.cv",31,100,0.33,"FALSE","FALSE","FALSE","10.3133602843856","4.49058846308751","5.82277182129812","1.193","0.062","0.098","1,2,4,6,7,19,80,99,100,148,149,150,151,152,153,154",0.0211306589859869,FALSE,4,0,2,0,16,4,12,0.25,0.857142857142857
"scad.cv",32,100,0.33,"FALSE","FALSE","FALSE","11.0249860219961","4.99658023734376","6.02840578465231","1.272","0.061","0.096","1,2,4,5,6,7,16,21,28,30,80,81,99,112,135,136,149,150,151,152,153,154,161",0.0326959593205556,FALSE,10,1,1,1,23,11,12,0.478260869565217,0.857142857142857
"scad.cv",33,100,0.33,"FALSE","FALSE","FALSE","11.4049520838612","4.94465195068854","6.46030013317265","1.234","0.053","0.087","4,5,6,7,53,146,148,149,150,151,152,153,154,155",0.0170240560885867,FALSE,2,1,3,0,14,3,11,0.214285714285714,0.785714285714286
"scad.cv",34,100,0.33,"FALSE","FALSE","FALSE","9.97822810077313","5.89386019225271","4.08436790852042","1.598","0.054","0.076","1,2,3,4,5,6,20,24,32,36,41,50,55,60,68,76,89,96,103,108,109,114,134,143,149,152,153",0.0264650508930313,FALSE,18,0,1,4,27,18,9,0.666666666666667,0.642857142857143
"scad.cv",35,100,0.33,"FALSE","FALSE","FALSE","11.0821718707331","5.38692478874115","5.69524708199194","1.234","0.071","0.096","1,2,4,6,7,149,150,151,152,153,154",0.0108228394248869,FALSE,0,0,2,1,11,0,11,0,0.785714285714286
"scad.cv",36,100,0.33,"FALSE","FALSE","FALSE","11.1885996322265","5.21245067823781","5.97614895398865","0.851","0.051","0.083","1,2,3,4,6,7,10,100,122,125,126,148,149,150,151,152,153,154",0.0212432195919339,FALSE,5,0,1,0,18,5,13,0.277777777777778,0.928571428571429
"scad.cv",37,100,0.33,"TRUE","TRUE","FALSE","12.4852880478778","5.66035892840688","6.8249291194709","1.435","0.057","0.091","3,5,6,7,29,35,36,44,50,67,87,108,132,135,148,149,151,152,153,154",0.0495238057033185,FALSE,10,0,3,1,20,10,10,0.5,0.714285714285714
"scad.cv",38,100,0.33,"FALSE","FALSE","FALSE","11.5930119660368","5.56528859809262","6.02772336794419","1.186","0.069","0.106","1,3,4,5,6,7,12,14,16,28,31,32,37,50,52,55,64,82,89,94,97,104,108,114,115,124,128,134,149,150,151,152,153,154,158",0.0209965881594852,FALSE,22,1,1,1,35,23,12,0.657142857142857,0.857142857142857
"scad.cv",39,100,0.33,"FALSE","FALSE","FALSE","10.8553404015007","4.94139933480649","5.91394106669416","1.279","0.078","0.123","2,4,6,7,41,51,114,133,141,149,150,151,152,153,154,155,157",0.022470734629174,FALSE,5,2,3,1,17,7,10,0.411764705882353,0.714285714285714
"scad.cv",4,100,0.33,"FALSE","FALSE","FALSE","11.0265095465995","4.97039918508011","6.05611036151941","1.317","0.076","0.152","2,4,6,7,44,59,117,146,149,150,151,152,153,154,155",0.0199210241283447,FALSE,4,1,3,1,15,5,10,0.333333333333333,0.714285714285714
"scad.cv",40,100,0.33,"FALSE","FALSE","FALSE","9.59602668624836","4.94115480228916","4.6548718839592","1.904","0.071","0.116","1,2,3,4,5,6,7,14,17,18,20,22,25,32,36,41,47,55,63,68,95,97,107,114,128,134,149,152,153,154,158",0.0211434066298686,FALSE,19,1,0,3,31,20,11,0.645161290322581,0.785714285714286
"scad.cv",41,100,0.33,"FALSE","FALSE","FALSE","10.5038519662666","6.05034418527883","4.45350778098774","1.98","0.06","0.093","2,3,4,5,6,7,9,40,55,73,121,122,135,149,150,152,153,154,155,157",0.0152992746566228,FALSE,7,2,1,2,20,9,11,0.45,0.785714285714286
"scad.cv",42,100,0.33,"FALSE","FALSE","FALSE","11.1148548282735","5.04256921280477","6.07228561546868","1.453","0.061","0.094","1,3,4,5,6,7,12,14,17,24,28,32,33,41,47,50,52,63,66,76,83,87,96,104,107,109,113,114,136,143,148,149,151,152,153,154",0.0167558828765966,FALSE,24,0,1,1,36,24,12,0.666666666666667,0.857142857142857
"scad.cv",43,100,0.33,"FALSE","FALSE","FALSE","10.6962135587859","4.89819160833101","5.79802195045493","0.893","0.06","0.103","2,4,6,7,148,149,150,151,152,153,154",0.0170186326814909,FALSE,0,0,3,0,11,0,11,0,0.785714285714286
"scad.cv",44,100,0.33,"FALSE","FALSE","FALSE","11.4981299079975","5.74219161679069","5.75593829120684","1.058","0.064","0.11","2,4,6,7,9,39,149,150,151,152,153,154",0.014729675416275,FALSE,2,0,3,1,12,2,10,0.166666666666667,0.714285714285714
"scad.cv",45,100,0.33,"FALSE","FALSE","FALSE","10.9084513919995","4.40762707379266","6.50082431820682","1.317","0.058","0.098","2,4,6,7,33,92,113,141,148,149,150,151,152,153,154",0.0233441151618875,FALSE,4,0,3,0,15,4,11,0.266666666666667,0.785714285714286
"scad.cv",46,100,0.33,"FALSE","FALSE","FALSE","11.1087521366381","6.36506194033699","4.74369019630106","1.817","0.058","0.095","1,2,4,5,6,7,18,36,82,102,107,108,113,126,146,148,149,150,152,154,155",0.03820614858826,FALSE,9,1,1,2,21,10,11,0.476190476190476,0.785714285714286
"scad.cv",47,100,0.33,"FALSE","FALSE","FALSE","11.36438829625","5.65653094374716","5.7078573525028","1.173","0.057","0.093","2,4,5,6,7,85,92,107,126,141,148,149,150,151,152,153,154",0.020517711155586,FALSE,5,0,2,0,17,5,12,0.294117647058824,0.857142857142857
"scad.cv",48,100,0.33,"TRUE","TRUE","FALSE","11.4360992771246","6.05912352809651","5.37697574902811","1.307","0.056","0.086","1,2,3,4,5,6,7,12,14,17,20,21,31,32,37,41,42,47,50,63,96,97,104,107,108,109,114,117,126,128,136,143,148,149,151,152,153,154,161,162",0.0214043904806705,FALSE,25,2,0,1,40,27,13,0.675,0.928571428571429
"scad.cv",49,100,0.33,"FALSE","FALSE","FALSE","11.6281121206038","5.74471463710013","5.88339748350364","1.056","0.055","0.098","2,4,6,7,59,92,113,117,144,149,150,151,152,153,154",0.0227069628429048,FALSE,5,0,3,1,15,5,10,0.333333333333333,0.714285714285714
"scad.cv",5,100,0.33,"FALSE","FALSE","FALSE","9.79703837599842","6.36087046006165","3.43616791593676","2.359","0.061","0.098","1,2,3,4,5,6,14,17,19,28,32,35,41,42,47,51,55,66,76,81,84,96,103,104,108,109,114,136,143,148,149,151,152,153,154,162",0.0240188917510189,FALSE,23,1,1,1,36,24,12,0.666666666666667,0.857142857142857
"scad.cv",50,100,0.33,"FALSE","FALSE","FALSE","9.25637299883635","4.94383542869311","4.31253757014324","1.439","0.058","0.1","1,3,6,10,36,83,107,126,148,149,150,154,156",0.0457692819440093,FALSE,5,1,4,3,13,6,7,0.461538461538462,0.5
"scad.cv",51,100,0.33,"FALSE","FALSE","FALSE","10.5455864302524","4.47109018212724","6.07449624812516","0.961","0.051","0.088","6,7,14,58,69,80,95,97,107,108,122,126,148,149,151,152,154,158,162",0.0657574791636179,FALSE,10,2,5,2,19,12,7,0.631578947368421,0.5
"scad.cv",52,100,0.33,"FALSE","FALSE","FALSE","10.7768895348516","5.70916614296701","5.0677233918846","0.876","0.055","0.088","2,3,4,5,6,7,64,97,122,135,149,150,152,153,154",0.0217766423885361,FALSE,4,0,1,2,15,4,11,0.266666666666667,0.785714285714286
"scad.cv",53,100,0.33,"FALSE","FALSE","FALSE","10.4074160091522","3.79780880266336","6.60960720648886","1.283","0.053","0.094","1,2,4,6,25,99,100,148,149,150,151,152,153,154,156",0.0229943772709026,FALSE,3,1,3,0,15,4,11,0.266666666666667,0.785714285714286
"scad.cv",54,100,0.33,"FALSE","FALSE","FALSE","10.2220507621311","4.62690483186144","5.59514593026964","1.547","0.054","0.084","1,2,3,4,6,24,126,134,148,149,150,151,152,153,154,155",0.0223049159925443,FALSE,3,1,2,0,16,4,12,0.25,0.857142857142857
"scad.cv",55,100,0.33,"FALSE","FALSE","FALSE","11.2135903113876","5.35341366502597","5.86017664636159","0.752","0.052","0.09","2,3,4,5,6,7,13,33,92,107,113,117,146,148,149,150,151,152,153,154",0.024707578242836,FALSE,7,0,1,0,20,7,13,0.35,0.928571428571429
"scad.cv",56,100,0.33,"FALSE","FALSE","FALSE","11.3707187478305","5.37304728928528","5.9976714585452","0.74","0.056","0.092","1,2,3,4,5,6,7,21,29,33,40,94,97,114,136,149,150,151,152,153,154",0.0234858974766807,FALSE,8,0,0,1,21,8,13,0.380952380952381,0.928571428571429
"scad.cv",57,100,0.33,"FALSE","FALSE","FALSE","9.65735705469082","5.02015451270392","4.6372025419869","1.696","0.056","0.079","3,5,6,7,12,40,57,105,149,151,152,153,154",0.0410834762977602,FALSE,4,0,3,2,13,4,9,0.307692307692308,0.642857142857143
"scad.cv",58,100,0.33,"FALSE","FALSE","FALSE","10.4636388287705","5.24442564500654","5.21921318376397","1.019","0.051","0.077","1,2,4,6,37,94,148,149,150,151,152,153,154",0.0224370825491707,FALSE,2,0,3,0,13,2,11,0.153846153846154,0.785714285714286
"scad.cv",59,100,0.33,"FALSE","FALSE","FALSE","10.7432626486068","5.33672251486756","5.40654013373924","0.951","0.054","0.081","3,4,5,6,7,149,150,151,152,153,154",0.0275062935637509,FALSE,0,0,2,1,11,0,11,0,0.785714285714286
"scad.cv",6,100,0.33,"TRUE","TRUE","FALSE","12.1897128092419","6.1466265620586","6.04308624718333","1.089","0.059","0.085","1,3,4,5,6,7,14,40,57,88,101,111,149,150,151,152,153,154,159,162",0.0384546862379475,FALSE,6,2,1,1,20,8,12,0.4,0.857142857142857
"scad.cv",60,100,0.33,"FALSE","FALSE","FALSE","11.5088848661328","5.25631382167656","6.25257104445621","1.162","0.052","0.08","2,4,6,18,90,102,126,148,149,150,152,153,154",0.0301367503808921,FALSE,4,0,4,1,13,4,9,0.307692307692308,0.642857142857143
"scad.cv",61,100,0.33,"FALSE","FALSE","FALSE","10.6470171036389","4.66175202526842","5.98526507837045","1.149","0.057","0.087","2,4,6,7,9,18,133,149,150,151,152,153,154",0.0141091562998141,FALSE,3,0,3,1,13,3,10,0.230769230769231,0.714285714285714
"scad.cv",62,100,0.33,"FALSE","FALSE","FALSE","10.4139050024531","5.24129513188552","5.17260987056759","0.913","0.055","0.097","4,6,7,53,99,122,135,149,150,152,153,154,155",0.0302605821440872,FALSE,4,1,4,2,13,5,8,0.384615384615385,0.571428571428571
"scad.cv",63,100,0.33,"FALSE","FALSE","FALSE","10.2508173305076","4.830117110266","5.42070022024159","1.542","0.057","0.094","3,4,5,6,7,132,149,150,151,152,153,154",0.0239611208638839,FALSE,1,0,2,1,12,1,11,0.0833333333333333,0.785714285714286
"scad.cv",64,100,0.33,"FALSE","FALSE","FALSE","10.5963011732499","5.84765021137336","4.74865096187654","1.753","0.056","0.088","1,3,4,5,6,7,11,12,14,18,20,31,32,50,55,57,63,66,81,86,94,96,111,114,132,134,139,143,145,149,151,152,153,154,162",0.0259006474830164,FALSE,23,1,1,2,35,24,11,0.685714285714286,0.785714285714286
"scad.cv",65,100,0.33,"FALSE","FALSE","FALSE","9.56023811829027","4.56928612406645","4.99095199422382","0.865","0.061","0.087","2,4,6,7,59,85,92,149,150,152,153,154",0.0206700153396034,FALSE,3,0,3,2,12,3,9,0.25,0.642857142857143
"scad.cv",66,100,0.33,"FALSE","FALSE","FALSE","12.8197215253282","6.91752115718272","5.90220036814551","1.041","0.054","0.087","1,12,14,18,32,75,127,134,149,150,152,153,154",0.0632790425123182,FALSE,7,0,6,2,13,7,6,0.538461538461538,0.428571428571429
"scad.cv",67,100,0.33,"FALSE","FALSE","FALSE","10.6727061654845","4.83875827392067","5.83394789156385","1.52","0.06","0.098","1,2,3,4,6,7,41,68,83,129,148,149,150,151,152,153,154,155",0.0148183550176756,FALSE,4,1,1,0,18,5,13,0.277777777777778,0.928571428571429
"scad.cv",68,100,0.33,"FALSE","FALSE","FALSE","9.89885108918192","3.9934012821877","5.90544980699422","0.93","0.059","0.098","1,2,4,6,10,149,150,151,152,153,154",0.0186146198823841,FALSE,1,0,3,1,11,1,10,0.0909090909090909,0.714285714285714
"scad.cv",69,100,0.33,"FALSE","FALSE","FALSE","10.8445543034832","5.19997899264972","5.64457531083344","1.503","0.053","0.09","3,5,6,7,12,17,50,57,66,87,102,108,116,148,149,151,152,153,154",0.0385916166207255,FALSE,9,0,3,1,19,9,10,0.473684210526316,0.714285714285714
"scad.cv",7,100,0.33,"TRUE","TRUE","FALSE","11.815524245373","6.14631815472182","5.66920609065115","1.431","0.056","0.095","1,2,3,4,5,6,7,12,18,23,25,31,35,40,41,47,50,55,63,64,68,84,89,94,96,102,104,108,114,115,116,134,136,145,148,149,150,152,153,154,162",0.0215060007228997,FALSE,27,1,0,1,41,28,13,0.682926829268293,0.928571428571429
"scad.cv",70,100,0.33,"FALSE","FALSE","FALSE","10.6612850869681","5.55431464082452","5.10697044614357","1.931","0.06","0.114","1,2,4,6,7,17,18,54,72,95,100,107,114,126,129,148,149,150,151,152,153,154,162",0.0335401690014887,FALSE,10,1,2,0,23,11,12,0.478260869565217,0.857142857142857
"scad.cv",71,100,0.33,"FALSE","FALSE","FALSE","10.0948900603091","5.61793970801702","4.4769503522921","1.064","0.052","0.079","3,4,5,6,7,26,50,57,67,101,135,148,149,151,153,154",0.03946236868629,FALSE,6,0,2,2,16,6,10,0.375,0.714285714285714
"scad.cv",72,100,0.33,"FALSE","FALSE","FALSE","9.51362280893016","5.29098002570794","4.22264278322222","1.232","0.055","0.092","4,6,7,53,65,113,122,135,149,150,151,152,153,154,155",0.0326087520713339,FALSE,5,1,4,1,15,6,9,0.4,0.642857142857143
"scad.cv",73,100,0.33,"FALSE","FALSE","FALSE","11.5815703649483","7.18086753269027","4.400702832258","1.784","0.058","0.102","1,4,5,6,7,12,40,55,65,89,97,122,144,149,150,151,152,153,154",0.0296221730687585,FALSE,8,0,2,1,19,8,11,0.421052631578947,0.785714285714286
"scad.cv",74,100,0.33,"FALSE","FALSE","FALSE","9.80321684876601","5.86670338741636","3.93651346134965","1.893","0.053","0.092","6,36,53,57,76,90,97,107,114,123,126,139,148,149,150,153,154,155,163",0.0564133281136363,FALSE,11,2,6,2,19,13,6,0.684210526315789,0.428571428571429
"scad.cv",75,100,0.33,"FALSE","FALSE","FALSE","10.7251930289728","5.86806800024711","4.85712502872565","1.151","0.064","0.095","3,4,5,6,7,33,36,59,149,152,153,154",0.0274882557345212,FALSE,3,0,2,3,12,3,9,0.25,0.642857142857143
"scad.cv",76,100,0.33,"FALSE","FALSE","FALSE","11.3182225015881","5.66770938107316","5.65051312051497","0.998","0.051","0.075","3,4,5,6,7,12,21,38,49,57,67,130,149,150,151,152,153,154",0.0312346478146138,FALSE,7,0,2,1,18,7,11,0.388888888888889,0.785714285714286
"scad.cv",77,100,0.33,"FALSE","FALSE","FALSE","9.70166985205678","4.49498152615524","5.20668832590154","0.899","0.058","0.09","2,4,5,6,7,64,89,149,150,152,153,154",0.0225439339589916,FALSE,2,0,2,2,12,2,10,0.166666666666667,0.714285714285714
"scad.cv",78,100,0.33,"FALSE","FALSE","FALSE","10.0247543420818","6.36353326547656","3.66122107660522","1.607","0.067","0.099","3,4,5,6,7,36,46,50,122,147,149,151,153,154",0.0339519927204466,FALSE,5,0,2,3,14,5,9,0.357142857142857,0.642857142857143
"scad.cv",79,100,0.33,"FALSE","FALSE","FALSE","10.1549200498787","5.68728915642537","4.46763089345329","1.06","0.057","0.089","2,3,4,5,6,7,35,132,149,150,151,152,153,154",0.0283094988280363,FALSE,2,0,1,1,14,2,12,0.142857142857143,0.857142857142857
"scad.cv",8,100,0.33,"TRUE","TRUE","FALSE","10.7002132578859","5.72207521320094","4.978138044685","2.069","0.058","0.078","1,3,4,5,6,7,12,14,15,18,32,35,41,47,50,52,55,63,64,68,104,108,114,115,124,128,134,138,148,149,151,152,153,154,158",0.0285182992707878,FALSE,22,1,1,1,35,23,12,0.657142857142857,0.857142857142857
"scad.cv",80,100,0.33,"FALSE","FALSE","FALSE","11.1981292205469","5.22192127218578","5.97620794836114","1.007","0.054","0.09","1,2,4,5,6,7,12,21,32,67,77,94,96,97,99,108,148,149,150,151,152,153,154",0.023978332043885,FALSE,10,0,1,0,23,10,13,0.434782608695652,0.928571428571429
"scad.cv",81,100,0.33,"FALSE","FALSE","FALSE","11.0223039503011","7.10892413116042","3.91337981914065","1.601","0.057","0.118","1,2,3,4,5,6,7,12,17,19,27,28,32,38,44,50,60,63,64,82,87,94,107,108,109,114,115,126,132,143,149,151,152,153,154,160,162",0.0215679702883671,FALSE,23,2,0,2,37,25,12,0.675675675675676,0.857142857142857
"scad.cv",82,100,0.33,"FALSE","FALSE","FALSE","10.740410356578","5.87388128289407","4.86652907368395","1.536","0.062","0.098","2,3,4,6,7,36,80,99,107,113,114,148,149,150,154",0.0432494434244761,FALSE,6,0,2,3,15,6,9,0.4,0.642857142857143
"scad.cv",83,100,0.33,"FALSE","FALSE","FALSE","10.9493724171402","4.82862412803894","6.12074828910126","0.978","0.056","0.088","2,4,6,7,92,148,149,150,151,152,153,154",0.0165448226721735,FALSE,1,0,3,0,12,1,11,0.0833333333333333,0.785714285714286
"scad.cv",84,100,0.33,"FALSE","FALSE","FALSE","11.7376270379784","5.70387344964909","6.03375358832926","0.966","0.053","0.099","2,4,5,6,32,35,94,104,123,148,149,151,153,154",0.0362933562276567,FALSE,5,0,3,2,14,5,9,0.357142857142857,0.642857142857143
"scad.cv",85,100,0.33,"FALSE","FALSE","FALSE","9.15514356497677","4.44197406961044","4.71316949536632","2.48","0.066","0.106","1,3,5,6,7,14,15,31,32,35,47,50,52,63,66,81,84,96,97,104,107,108,109,111,114,115,121,128,132,134,143,147,148,149,151,152,153,154,162",0.0286750965928801,FALSE,27,1,2,1,39,28,11,0.717948717948718,0.785714285714286
"scad.cv",86,100,0.33,"TRUE","TRUE","FALSE","12.1025092211172","6.05191745602582","6.05059176509138","0.978","0.054","0.095","1,2,3,4,5,6,7,12,14,19,20,32,37,47,63,76,81,84,96,104,109,114,115,143,149,151,152,153,154,158,161,162",0.016370423250052,FALSE,17,3,0,2,32,20,12,0.625,0.857142857142857
"scad.cv",87,100,0.33,"FALSE","FALSE","FALSE","11.3660387736167","5.34379915184897","6.0222396217677","1.165","0.054","0.089","1,2,3,4,6,32,54,72,149,150,151,152,153,154",0.0186626237080688,FALSE,3,0,2,1,14,3,11,0.214285714285714,0.785714285714286
"scad.cv",88,100,0.33,"FALSE","FALSE","FALSE","10.2603995596429","3.59467721334404","6.6657223462989","0.837","0.057","0.089","1,3,4,5,6,7,11,12,22,31,32,41,47,50,63,64,68,94,96,99,108,111,114,115,126,132,141,143,144,147,148,149,150,151,152,153,154,158,161",0.0136005346397701,FALSE,24,2,1,0,39,26,13,0.666666666666667,0.928571428571429
"scad.cv",89,100,0.33,"FALSE","FALSE","FALSE","11.8163474573527","5.96932826230178","5.84701919505092","1.917","0.069","0.094","1,3,4,5,6,7,12,14,17,18,20,25,32,36,37,42,45,47,50,52,55,61,66,68,74,78,81,83,84,86,89,94,96,104,115,123,128,131,132,143,149,152,153,154,162",0.026492763825449,FALSE,34,1,1,3,45,35,10,0.777777777777778,0.714285714285714
"scad.cv",9,100,0.33,"FALSE","FALSE","FALSE","11.1452558216707","4.79294294795135","6.35231287371931","1.146","0.055","0.089","4,6,7,83,103,107,148,149,150,151,152,153,154",0.0177024927548589,FALSE,3,0,4,0,13,3,10,0.230769230769231,0.714285714285714
"scad.cv",90,100,0.33,"FALSE","FALSE","FALSE","9.69380138848885","4.85797694569068","4.83582444279817","1.447","0.058","0.085","1,2,3,4,5,6,7,12,14,17,31,42,47,50,55,68,76,82,86,103,108,115,123,127,128,134,136,141,143,149,150,151,152,153,154,162,163",0.0186612163235737,FALSE,22,2,0,1,37,24,13,0.648648648648649,0.928571428571429
"scad.cv",91,100,0.33,"FALSE","FALSE","FALSE","10.5235263852385","5.50212730398719","5.02139908125127","1.595","0.056","0.086","1,2,3,5,6,7,13,14,18,25,28,32,35,47,50,66,68,84,94,95,96,99,108,124,126,127,132,136,144,149,150,151,152,153,154",0.0221508925591561,FALSE,23,0,1,1,35,23,12,0.657142857142857,0.857142857142857
"scad.cv",92,100,0.33,"FALSE","FALSE","FALSE","10.4807165828062","4.58744419687575","5.89327238593045","1.401","0.06","0.087","1,3,4,6,7,36,107,148,149,150,151,153,154",0.0257202597458385,FALSE,2,0,2,1,13,2,11,0.153846153846154,0.785714285714286
"scad.cv",93,100,0.33,"FALSE","FALSE","FALSE","10.0450370863111","4.70017870324323","5.34485838306784","1.159","0.054","0.082","1,4,6,7,29,57,105,108,109,115,122,148,149,150,151,152,153,154",0.0341671062361432,FALSE,7,0,3,0,18,7,11,0.388888888888889,0.785714285714286
"scad.cv",94,100,0.33,"FALSE","FALSE","FALSE","11.2524954589243","5.23410656085448","6.0183888980698","1.038","0.054","0.099","1,2,3,4,5,6,7,34,77,95,97,108,112,121,149,150,151,152,153,155,161",0.0407904555194794,FALSE,7,2,0,2,21,9,12,0.428571428571429,0.857142857142857
"scad.cv",95,100,0.33,"FALSE","FALSE","FALSE","11.5484832776453","6.50341966288299","5.04506361476236","1.161","0.059","0.096","1,2,3,4,5,6,7,12,17,18,32,38,47,50,55,68,70,76,80,81,82,83,89,95,96,111,114,115,126,128,132,134,136,149,152,153,154,155",0.0301958701599557,FALSE,26,1,0,3,38,27,11,0.710526315789474,0.785714285714286
"scad.cv",96,100,0.33,"FALSE","FALSE","FALSE","11.5350123447706","5.70280916456374","5.83220318020684","1.732","0.055","0.097","2,6,45,84,94,115,126,145,149,150,151,152,153,154",0.0430451790193959,FALSE,6,0,5,1,14,6,8,0.428571428571429,0.571428571428571
"scad.cv",97,100,0.33,"FALSE","FALSE","FALSE","10.7858196772468","5.22713304739631","5.5586866298505","1.472","0.058","0.1","1,2,3,4,5,6,12,14,15,17,29,32,35,47,50,63,64,68,76,89,95,97,108,115,126,128,134,136,148,149,152,153,154,159,161",0.0242430186405039,FALSE,22,2,1,2,35,24,11,0.685714285714286,0.785714285714286
"scad.cv",98,100,0.33,"FALSE","FALSE","FALSE","9.1208650666027","6.07268384396016","3.04818122264254","1.586","0.061","0.089","1,2,3,5,6,7,14,15,19,22,31,32,35,38,57,76,83,87,95,97,98,104,108,114,124,136,143,147,148,149,151,152,153,154,161,162,164",0.0254236491394019,FALSE,22,3,1,1,37,25,12,0.675675675675676,0.857142857142857
"scad.cv",99,100,0.33,"FALSE","FALSE","FALSE","10.1386885649043","4.99326132365413","5.14542724125016","1.307","0.062","0.104","3,4,5,6,7,60,92,98,116,149,150,151,152,153,154",0.0213608458803658,FALSE,4,0,2,1,15,4,11,0.266666666666667,0.785714285714286
