"method","sim","n","betamin","is.true.model.intop.kappa.o","is.true.model.intop.kappa.oplusLASSO","is.s.hat.nan","s.hat","s0.hat","s1.hat","time.l0","sel.model","est.mse","recovery","nb.tI.b0","nb.tI.b1","nb.tII.b0","nb.tII.b1","est.size","FP","TP","FDR","power"
"EBIC",1,80,0.33,"FALSE","FALSE","FALSE","8.68507979549966","5.54816591130751","3.13691388419215","0.825","2,3,4,5,6,7,53,85,87,88,89",0.0182384880412782,FALSE,1,0,1,3,11,1,10,0.0909090909090909,0.714285714285714
"EBIC",10,80,0.33,"FALSE","FALSE","FALSE","8.90438475751589","4.73752941157339","4.1668553459425","0.707","1,2,4,6,7,84,85,86,87,88,89",0.0143702576762266,FALSE,0,0,2,1,11,0,11,0,0.785714285714286
"EBIC",100,80,0.33,"FALSE","FALSE","FALSE","9.10246095616068","5.00305657122597","4.09940438493471","0.636","2,4,5,6,7,26,56,84,85,87,88,89",0.0235081648407957,FALSE,2,0,2,2,12,2,10,0.166666666666667,0.714285714285714
"EBIC",11,80,0.33,"FALSE","FALSE","FALSE","8.98057869361933","5.04659681238199","3.93398188123734","0.851","2,4,6,7,85,86,87,88,89,93",0.0332995954263536,FALSE,0,1,3,2,10,1,9,0.1,0.642857142857143
"EBIC",12,80,0.33,"FALSE","FALSE","FALSE","9.28299605859598","4.99048373247494","4.29251232612105","0.655","2,4,6,7,41,85,86,87,88,89",0.0259928475723944,FALSE,1,0,3,2,10,1,9,0.1,0.642857142857143
"EBIC",13,80,0.33,"FALSE","FALSE","FALSE","10.8055321869201","6.25950524961415","4.54602693730593","0.585","2,3,4,5,6,7,29,84,85,86,87,88,89",0.010161419945887,FALSE,1,0,1,1,13,1,12,0.0769230769230769,0.857142857142857
"EBIC",14,80,0.33,"FALSE","FALSE","FALSE","10.3500033470433","4.41771267973434","5.93229066730891","0.632","2,4,6,7,51,83,84,85,86,87,88,89",0.0180947224366394,FALSE,1,0,3,0,12,1,11,0.0833333333333333,0.785714285714286
"EBIC",15,80,0.33,"FALSE","FALSE","FALSE","8.73395186506318","6.60928274417204","2.12466912089115","0.946","2,3,4,5,6,7,83,85,87,88,89",0.0136337212628788,FALSE,0,0,1,2,11,0,11,0,0.785714285714286
"EBIC",16,80,0.33,"FALSE","FALSE","FALSE","8.94742115415161","6.73560824006728","2.21181291408432","0.728","1,2,3,4,5,6,7,42,84,87,88,89",0.017163061694275,FALSE,1,0,0,3,12,1,11,0.0833333333333333,0.785714285714286
"EBIC",17,80,0.33,"FALSE","FALSE","FALSE","9.37083714282683","6.51652446868737","2.85431267413946","0.635","2,3,4,5,6,7,36,50,81,85,87,88,89",0.0223315831662613,FALSE,3,0,1,3,13,3,10,0.230769230769231,0.714285714285714
"EBIC",18,80,0.33,"FALSE","FALSE","FALSE","8.2841016741597","6.99368429665078","1.29041737750892","0.74","2,3,4,5,6,7,85,86,87,88,89",0.010175822812606,FALSE,0,0,1,2,11,0,11,0,0.785714285714286
"EBIC",19,80,0.33,"FALSE","FALSE","FALSE","9.50334620499775","6.66370169653846","2.83964450845929","0.644","1,2,3,4,5,6,7,84,87,88,89,92",0.0138911381046919,FALSE,0,1,0,3,12,1,11,0.0833333333333333,0.785714285714286
"EBIC",2,80,0.33,"FALSE","FALSE","FALSE","8.26059445720318","5.12043845911458","3.1401559980886","0.788","1,2,4,6,7,83,84,86,87,88,89",0.0163054323950508,FALSE,0,0,2,1,11,0,11,0,0.785714285714286
"EBIC",20,80,0.33,"FALSE","FALSE","FALSE","8.51941046016075","6.29832094163441","2.22108951852634","0.767","1,2,3,4,5,7,22,37,84,86,89",0.0307554195080643,FALSE,2,0,1,4,11,2,9,0.181818181818182,0.642857142857143
"EBIC",21,80,0.33,"FALSE","FALSE","FALSE","8.5405378107964","4.84337919998084","3.69715861081555","0.708","2,3,4,5,6,7,26,83,85,87,88,89",0.0221071688125919,FALSE,1,0,1,2,12,1,11,0.0833333333333333,0.785714285714286
"EBIC",22,80,0.33,"FALSE","FALSE","FALSE","9.84261612082661","4.9118820416487","4.93073407917791","0.48","2,4,6,7,59,85,86,87,88,89",0.0258311648581076,FALSE,1,0,3,2,10,1,9,0.1,0.642857142857143
"EBIC",23,80,0.33,"FALSE","FALSE","FALSE","9.02082524219606","6.3660226071486","2.65480263504746","0.622","1,2,3,4,5,6,62,84,86,87,89",0.027899769754612,FALSE,1,0,1,3,11,1,10,0.0909090909090909,0.714285714285714
"EBIC",24,80,0.33,"FALSE","FALSE","FALSE","8.49783482247432","3.40365319780104","5.09418162467327","0.538","2,4,7,51,83,85,86,88,89",0.0431126965767777,FALSE,1,0,4,2,9,1,8,0.111111111111111,0.571428571428571
"EBIC",25,80,0.33,"FALSE","FALSE","FALSE","9.28872601216691","6.87122838510565","2.41749762706125","0.64","1,2,3,4,5,7,22,30,52,84,88,89,92",0.0397643803350948,FALSE,3,1,1,4,13,4,9,0.307692307692308,0.642857142857143
"EBIC",26,80,0.33,"FALSE","FALSE","FALSE","10.7350042901909","6.76361198422659","3.97139230596429","0.601","2,3,4,5,6,7,26,55,80,83,85,87,88,89",0.0191401016022381,FALSE,3,0,1,2,14,3,11,0.214285714285714,0.785714285714286
"EBIC",27,80,0.33,"FALSE","FALSE","FALSE","9.03114895262816","4.55316439618361","4.47798455644455","0.763","1,2,3,4,7,75,82,86,87,88,89,92",0.0332778879798474,FALSE,2,1,2,3,12,3,9,0.25,0.642857142857143
"EBIC",28,80,0.33,"FALSE","FALSE","FALSE","8.1117386094202","4.9209745337321","3.1907640756881","1.134","2,4,6,7,83,85,86,87,88,89",0.022815021760729,FALSE,0,0,3,1,10,0,10,0,0.714285714285714
"EBIC",29,80,0.33,"FALSE","FALSE","FALSE","8.59900690950404","6.38259548610714","2.2164114233969","0.462","1,2,3,4,5,7,12,84,88,89",0.029057182725751,FALSE,1,0,1,4,10,1,9,0.1,0.642857142857143
"EBIC",3,80,0.33,"FALSE","FALSE","FALSE","9.01003246589878","5.53216558141464","3.47786688448414","1.082","2,4,6,7,84,85,86,87,88,89,93",0.0225602608413447,FALSE,0,1,3,1,11,1,10,0.0909090909090909,0.714285714285714
"EBIC",30,80,0.33,"FALSE","FALSE","FALSE","7.45737767806419","6.28260937555378","1.17476830251041","0.842","1,2,3,4,5,12,42,79,89",0.0611526245212299,FALSE,3,0,2,6,9,3,6,0.333333333333333,0.428571428571429
"EBIC",31,80,0.33,"FALSE","FALSE","FALSE","7.52059889125331","6.20652706695297","1.31407182430034","0.705","1,2,4,5,6,23,59,84,89",0.0563957983372547,FALSE,2,0,2,5,9,2,7,0.222222222222222,0.5
"EBIC",32,80,0.33,"FALSE","FALSE","FALSE","8.64903266882828","6.17823435169693","2.47079831713135","0.633","2,3,4,5,6,7,84,85,86,87,88,89",0.00525837910871497,FALSE,0,0,1,1,12,0,12,0,0.857142857142857
"EBIC",33,80,0.33,"FALSE","FALSE","FALSE","10.0049930001797","6.93627287133982","3.06872012883988","0.694","2,3,4,5,6,7,39,54,85,86,87,88,89",0.01569597303067,FALSE,2,0,1,2,13,2,11,0.153846153846154,0.785714285714286
"EBIC",34,80,0.33,"FALSE","FALSE","FALSE","8.35490805504904","6.05145954492963","2.30344851011941","0.579","1,2,3,4,5,6,7,84,85,87,88,89",0.00777638000295741,FALSE,0,0,0,2,12,0,12,0,0.857142857142857
"EBIC",35,80,0.33,"FALSE","FALSE","FALSE","9.70504034169956","4.39963514780589","5.30540519389367","0.502","2,3,4,6,7,23,83,84,85,86,87,88,89",0.0185151580663499,FALSE,1,0,2,0,13,1,12,0.0769230769230769,0.857142857142857
"EBIC",36,80,0.33,"FALSE","FALSE","FALSE","10.558281511159","6.93812013868994","3.62016137246904","0.553","2,3,4,6,7,12,39,47,57,83,86,87,88,89",0.0316983173106954,FALSE,4,0,2,2,14,4,10,0.285714285714286,0.714285714285714
"EBIC",37,80,0.33,"FALSE","FALSE","FALSE","8.79939261309085","6.07243474795661","2.72695786513424","0.82","2,3,4,5,6,7,66,67,84,85,88,89",0.0278383255456403,FALSE,2,0,1,3,12,2,10,0.166666666666667,0.714285714285714
"EBIC",38,80,0.33,"FALSE","FALSE","FALSE","8.47183145084685","4.62534688564164","3.84648456520521","0.552","2,4,6,7,39,85,86,87,88,89",0.0238140387004117,FALSE,1,0,3,2,10,1,9,0.1,0.642857142857143
"EBIC",39,80,0.33,"FALSE","FALSE","FALSE","7.6649190486968","5.25682959990755","2.40808944878924","0.546","1,2,3,5,45,84,85,86,87,88,89",0.0308272769971834,FALSE,1,0,3,1,11,1,10,0.0909090909090909,0.714285714285714
"EBIC",4,80,0.33,"FALSE","FALSE","FALSE","8.61595975355861","5.54977911878711","3.06618063477151","0.823","1,2,4,7,73,83,84,86,87,88,89",0.0238405977903778,FALSE,1,0,3,1,11,1,10,0.0909090909090909,0.714285714285714
"EBIC",40,80,0.33,"FALSE","FALSE","FALSE","8.64181702091037","6.51426056264848","2.12755645826189","0.543","1,2,3,4,5,6,7,59,84,89",0.0290566936616835,FALSE,1,0,0,5,10,1,9,0.1,0.642857142857143
"EBIC",41,80,0.33,"FALSE","FALSE","FALSE","8.2422276384859","5.73394282719156","2.50828481129434","0.823","2,3,4,5,7,71,80,84,87,88,89",0.0278954790002472,FALSE,2,0,2,3,11,2,9,0.181818181818182,0.642857142857143
"EBIC",42,80,0.33,"FALSE","FALSE","FALSE","8.03187284255793","5.86054285533507","2.17132998722286","0.562","1,2,3,4,5,7,55,84,85,86,87,88,89",0.0108956289991764,FALSE,1,0,1,1,13,1,12,0.0769230769230769,0.857142857142857
"EBIC",43,80,0.33,"FALSE","FALSE","FALSE","7.48108487655593","6.08956550066847","1.39151937588747","0.574","1,2,3,4,5,12,84,89",0.0551843331168185,FALSE,1,0,2,5,8,1,7,0.125,0.5
"EBIC",44,80,0.33,"FALSE","FALSE","FALSE","9.10346410570968","6.69146646569965","2.41199764001003","0.715","1,2,3,4,5,6,7,58,87,88,89",0.0228789386052778,FALSE,1,0,0,4,11,1,10,0.0909090909090909,0.714285714285714
"EBIC",45,80,0.33,"FALSE","FALSE","FALSE","7.72502296149431","6.14605267333358","1.57897028816073","0.729","1,2,3,4,5,10,79,84,85,89",0.0485612721460208,FALSE,2,0,2,4,10,2,8,0.2,0.571428571428571
"EBIC",46,80,0.33,"FALSE","FALSE","FALSE","7.39108682570161","5.232672847799","2.15841397790261","0.648","1,2,4,5,28,52,55,84,89",0.0607740092594957,FALSE,3,0,3,5,9,3,6,0.333333333333333,0.428571428571429
"EBIC",47,80,0.33,"FALSE","FALSE","FALSE","8.19645277605949","5.46981575961921","2.72663701644027","0.84","1,2,3,4,5,6,7,84,85,86,88,89",0.00666949486403503,FALSE,0,0,0,2,12,0,12,0,0.857142857142857
"EBIC",48,80,0.33,"FALSE","FALSE","FALSE","9.24553282096322","6.83575162331665","2.40978119764657","0.724","2,4,5,6,7,56,59,74,87,88,89",0.0317866584386736,FALSE,3,0,2,4,11,3,8,0.272727272727273,0.571428571428571
"EBIC",49,80,0.33,"FALSE","FALSE","FALSE","9.14682759380049","6.07957509045721","3.06725250334328","0.79","2,3,4,5,6,7,84,85,86,87,88,89",0.00735077393731343,FALSE,0,0,1,1,12,0,12,0,0.857142857142857
"EBIC",5,80,0.33,"FALSE","FALSE","FALSE","8.83117238307331","5.16785569248933","3.66331669058398","0.431","1,2,4,5,6,7,85,86,87,88,89",0.0123304453906828,FALSE,0,0,1,2,11,0,11,0,0.785714285714286
"EBIC",50,80,0.33,"FALSE","FALSE","FALSE","9.0111022186975","6.06582760041517","2.94527461828233","0.773","1,2,3,4,5,28,31,84,86,87,88,89",0.0243620274168541,FALSE,2,0,2,2,12,2,10,0.166666666666667,0.714285714285714
"EBIC",51,80,0.33,"FALSE","FALSE","FALSE","8.09483384072682","6.39590053990639","1.69893330082043","0.784","1,2,3,4,5,7,23,84,86,89",0.0331638167295519,FALSE,1,0,1,4,10,1,9,0.1,0.642857142857143
"EBIC",52,80,0.33,"FALSE","FALSE","FALSE","9.61440038417353","5.44370301874863","4.17069736542489","0.681","2,3,4,5,6,7,84,85,86,87,88,89",0.00567946821308459,FALSE,0,0,1,1,12,0,12,0,0.857142857142857
"EBIC",53,80,0.33,"FALSE","FALSE","FALSE","9.50869163279243","4.2025021055436","5.30618952724882","0.378","2,4,6,7,83,84,85,86,87,88,89",0.017662044768326,FALSE,0,0,3,0,11,0,11,0,0.785714285714286
"EBIC",54,80,0.33,"FALSE","FALSE","FALSE","9.09082336240972","4.38282849395178","4.70799486845794","0.471","1,2,4,6,7,83,84,86,87,88,89",0.0178709249493434,FALSE,0,0,2,1,11,0,11,0,0.785714285714286
"EBIC",55,80,0.33,"FALSE","FALSE","FALSE","9.5137579567016","4.50801944309808","5.00573851360352","0.538","2,4,6,7,13,85,86,87,88,89",0.0301090120858399,FALSE,1,0,3,2,10,1,9,0.1,0.642857142857143
"EBIC",56,80,0.33,"FALSE","FALSE","FALSE","10.1648701481688","6.82666775850507","3.33820238966374","0.929","2,3,4,5,6,7,40,43,48,85,86,87,88,89",0.0226021962091218,FALSE,3,0,1,2,14,3,11,0.214285714285714,0.785714285714286
"EBIC",57,80,0.33,"FALSE","FALSE","FALSE","9.64743589710165","4.33636621887916","5.31106967822249","0.48","2,4,6,7,12,54,83,84,85,86,87,88,89",0.0253515846899947,FALSE,2,0,3,0,13,2,11,0.153846153846154,0.785714285714286
"EBIC",58,80,0.33,"FALSE","FALSE","FALSE","9.58384108857471","6.39206553059456","3.19177555798015","0.363","2,3,4,5,6,7,44,84,87,88,89",0.0168367942035255,FALSE,1,0,1,3,11,1,10,0.0909090909090909,0.714285714285714
"EBIC",59,80,0.33,"FALSE","FALSE","FALSE","8.2465639927197","5.31583825521075","2.93072573750895","0.573","2,3,4,5,6,7,84,87,88,89",0.0165190915591523,FALSE,0,0,1,3,10,0,10,0,0.714285714285714
"EBIC",6,80,0.33,"FALSE","FALSE","FALSE","8.59926245446015","5.24727839528518","3.35198405917497","0.717","2,4,6,7,83,85,86,87,88,89",0.0247246717215865,FALSE,0,0,3,1,10,0,10,0,0.714285714285714
"EBIC",60,80,0.33,"FALSE","FALSE","FALSE","10.0380362006781","5.32442367970775","4.71361252097032","0.52","2,3,4,5,6,7,83,85,87,88,89",0.0144548348123991,FALSE,0,0,1,2,11,0,11,0,0.785714285714286
"EBIC",61,80,0.33,"FALSE","FALSE","FALSE","7.4283977278374","6.25520847798634","1.17318924985105","0.679","1,3,4,5,7,22,52,60,89",0.0663661501547483,FALSE,3,0,2,6,9,3,6,0.333333333333333,0.428571428571429
"EBIC",62,80,0.33,"FALSE","FALSE","FALSE","8.48937079787035","5.53900892499579","2.95036187287456","0.968","2,3,4,5,6,7,85,87,88,89",0.0184157108334177,FALSE,0,0,1,3,10,0,10,0,0.714285714285714
"EBIC",63,80,0.33,"FALSE","FALSE","FALSE","9.38011550563984","6.47673395677949","2.90338154886035","1.221","1,2,3,4,5,6,7,84,85,86,87,88,89",0.00269951479225813,FALSE,0,0,0,1,13,0,13,0,0.928571428571429
"EBIC",64,80,0.33,"FALSE","FALSE","FALSE","10.3385409496182","4.30874905792535","6.0297918916929","0.38","2,4,6,7,83,85,86,87,88,89",0.0234875412016709,FALSE,0,0,3,1,10,0,10,0,0.714285714285714
"EBIC",65,80,0.33,"FALSE","FALSE","FALSE","10.2846696398448","6.25833597519989","4.02633366464495","0.493","2,3,4,5,6,7,85,86,87,88,89",0.0124199706631362,FALSE,0,0,1,2,11,0,11,0,0.785714285714286
"EBIC",66,80,0.33,"FALSE","FALSE","FALSE","9.60895155512823","6.32009457818971","3.28885697693853","0.656","2,3,4,5,6,7,84,85,86,87,88,89",0.0093003594163602,FALSE,0,0,1,1,12,0,12,0,0.857142857142857
"EBIC",67,80,0.33,"FALSE","FALSE","FALSE","9.81320417705781","5.13569917835948","4.67750499869833","0.902","1,2,4,5,6,84,85,86,87,88,89",0.0142263925744778,FALSE,0,0,2,1,11,0,11,0,0.785714285714286
"EBIC",68,80,0.33,"FALSE","FALSE","FALSE","10.4645644649786","6.75269147411979","3.71187299085878","0.611","1,2,3,4,5,6,7,42,84,85,87,88,89",0.00829325308236514,FALSE,1,0,0,2,13,1,12,0.0769230769230769,0.857142857142857
"EBIC",69,80,0.33,"FALSE","FALSE","FALSE","8.1522794957998","6.13045307261892","2.02182642318087","0.603","2,3,4,5,6,7,87,88,89",0.0233201487958157,FALSE,0,0,1,4,9,0,9,0,0.642857142857143
"EBIC",7,80,0.33,"FALSE","FALSE","FALSE","10.2748872813317","5.30352254807683","4.97136473325487","0.338","2,4,5,6,7,85,86,87,88,89",0.0179980509164246,FALSE,0,0,2,2,10,0,10,0,0.714285714285714
"EBIC",70,80,0.33,"FALSE","FALSE","FALSE","10.6274508070627","6.39580038817241","4.23165041889034","0.578","2,3,4,5,6,7,80,83,84,86,87,88,89",0.00922535523508041,FALSE,1,0,1,1,13,1,12,0.0769230769230769,0.857142857142857
"EBIC",71,80,0.33,"FALSE","FALSE","FALSE","8.14695066586411","5.86298641483546","2.28396425102865","0.801","1,2,3,4,5,6,7,56,84,85,86,88,89",0.0104111573652111,FALSE,1,0,0,2,13,1,12,0.0769230769230769,0.857142857142857
"EBIC",72,80,0.33,"FALSE","FALSE","FALSE","8.91698081187991","6.56404953696519","2.35293127491473","0.657","2,3,4,5,6,7,83,85,88,89",0.0217331258817852,FALSE,0,0,1,3,10,0,10,0,0.714285714285714
"EBIC",73,80,0.33,"FALSE","FALSE","FALSE","8.41394983493728","6.9166129191158","1.49733691582148","0.79","2,3,4,5,6,7,85,87,88,89",0.0163585955959914,FALSE,0,0,1,3,10,0,10,0,0.714285714285714
"EBIC",74,80,0.33,"FALSE","FALSE","FALSE","9.75620469725262","5.23296936396528","4.52323533328734","0.518","2,4,6,7,59,84,85,86,87,88,89,93",0.0251562509800801,FALSE,1,1,3,1,12,2,10,0.166666666666667,0.714285714285714
"EBIC",75,80,0.33,"FALSE","FALSE","FALSE","8.76971397377629","7.44267561841976","1.32703835535653","1.015","2,3,4,6,7,9,10,39,65,84,86,87",0.0641692642356261,FALSE,4,0,2,4,12,4,8,0.333333333333333,0.571428571428571
"EBIC",76,80,0.33,"FALSE","FALSE","FALSE","9.81307933901944","7.40509599364379","2.40798334537565","0.719","1,2,4,5,7,11,73,79,85,87,88,89",0.031361138609504,FALSE,3,0,2,3,12,3,9,0.25,0.642857142857143
"EBIC",77,80,0.33,"FALSE","FALSE","FALSE","8.99846178755201","4.89879214279011","4.0996696447619","0.563","2,3,4,6,7,21,80,83,86,87,88,89",0.0320766468891584,FALSE,2,0,2,2,12,2,10,0.166666666666667,0.714285714285714
"EBIC",78,80,0.33,"FALSE","FALSE","FALSE","9.16978020447041","6.52342150261596","2.64635870185445","1.157","2,3,4,5,7,28,84,85,86,87,88,89",0.0171619650471311,FALSE,1,0,2,1,12,1,11,0.0833333333333333,0.785714285714286
"EBIC",79,80,0.33,"FALSE","FALSE","FALSE","9.84369560751377","5.95890130730821","3.88479430020557","0.534","2,3,4,5,6,7,85,86,87,88,89",0.0104286968070118,FALSE,0,0,1,2,11,0,11,0,0.785714285714286
"EBIC",8,80,0.33,"FALSE","FALSE","FALSE","8.05419334627634","6.33214409478946","1.72204925148689","0.576","1,2,3,4,5,6,7,84,87,88,89",0.0122202008020888,FALSE,0,0,0,3,11,0,11,0,0.785714285714286
"EBIC",80,80,0.33,"FALSE","FALSE","FALSE","9.60054688863492","6.58217279200252","3.0183740966324","0.793","1,2,3,4,5,6,7,18,84,87,88,89",0.0151425034671202,FALSE,1,0,0,3,12,1,11,0.0833333333333333,0.785714285714286
"EBIC",81,80,0.33,"FALSE","FALSE","FALSE","9.5487908911569","5.40116622683496","4.14762466432195","0.639","2,3,4,5,6,7,85,87,88,89,93",0.0208104440725435,FALSE,0,1,1,3,11,1,10,0.0909090909090909,0.714285714285714
"EBIC",82,80,0.33,"FALSE","FALSE","FALSE","9.45399652510118","4.82872843787173","4.62526808722946","0.576","2,4,5,6,7,11,85,86,87,88,89",0.0195360387488062,FALSE,1,0,2,2,11,1,10,0.0909090909090909,0.714285714285714
"EBIC",83,80,0.33,"FALSE","FALSE","FALSE","9.07858010508136","6.12377080721518","2.95480929786617","0.816","1,2,3,4,5,6,7,22,84,86,88,89",0.0160855651971335,FALSE,1,0,0,3,12,1,11,0.0833333333333333,0.785714285714286
"EBIC",84,80,0.33,"FALSE","FALSE","FALSE","9.06341863289826","4.15566451416168","4.90775411873658","0.548","2,4,7,40,83,84,86,87,88,89",0.03677400148339,FALSE,1,0,4,1,10,1,9,0.1,0.642857142857143
"EBIC",85,80,0.33,"FALSE","FALSE","FALSE","8.67545465851849","5.77736766501944","2.89808699349905","0.667","2,3,4,5,6,7,84,85,86,87,88,89",0.00680534910263716,FALSE,0,0,1,1,12,0,12,0,0.857142857142857
"EBIC",86,80,0.33,"FALSE","FALSE","FALSE","9.37310508791812","6.6072318002017","2.76587328771642","0.78","1,2,3,4,5,6,7,87,88,89",0.0156772137689674,FALSE,0,0,0,4,10,0,10,0,0.714285714285714
"EBIC",87,80,0.33,"FALSE","FALSE","FALSE","9.08748118072387","4.41005397242739","4.67742720829648","0.55","2,4,6,7,85,86,87,88,89",0.028739126556206,FALSE,0,0,3,2,9,0,9,0,0.642857142857143
"EBIC",88,80,0.33,"FALSE","FALSE","FALSE","8.11428637392398","6.71562620737294","1.39866016655105","0.648","1,2,3,4,5,7,23,31,40,79,89",0.0647097006284186,FALSE,4,0,1,6,11,4,7,0.363636363636364,0.5
"EBIC",89,80,0.33,"FALSE","FALSE","FALSE","8.68321112843229","5.92836773363554","2.75484339479675","0.688","1,2,3,4,5,6,7,53,84,86,87,88,89",0.0096998489167147,FALSE,1,0,0,2,13,1,12,0.0769230769230769,0.857142857142857
"EBIC",9,80,0.33,"FALSE","FALSE","FALSE","9.43641727761579","6.59212494251383","2.84429233510196","1.069","1,2,4,6,7,27,30,83,84,86,87,88,89",0.0217571020474835,FALSE,2,0,2,1,13,2,11,0.153846153846154,0.785714285714286
"EBIC",90,80,0.33,"FALSE","FALSE","FALSE","7.81840670041642","6.06940560206774","1.74900109834868","0.568","1,2,3,4,5,7,49,84,85,88,89",0.0255248827121293,FALSE,1,0,1,3,11,1,10,0.0909090909090909,0.714285714285714
"EBIC",91,80,0.33,"FALSE","FALSE","FALSE","9.05063690861646","5.4435132904654","3.60712361815106","0.453","2,3,4,6,7,12,34,84,85,86,87,88,89",0.0246091805206919,FALSE,2,0,2,1,13,2,11,0.153846153846154,0.785714285714286
"EBIC",92,80,0.33,"FALSE","FALSE","FALSE","8.61302841491782","4.98187886628502","3.6311495486328","0.663","2,3,4,5,6,7,85,87,88,89",0.0161990264858979,FALSE,0,0,1,3,10,0,10,0,0.714285714285714
"EBIC",93,80,0.33,"FALSE","FALSE","FALSE","9.11998755161559","6.47361256336548","2.64637498825012","0.514","1,2,3,4,5,7,22,53,60,84,87,88,89",0.035914781432821,FALSE,3,0,1,3,13,3,10,0.230769230769231,0.714285714285714
"EBIC",94,80,0.33,"FALSE","FALSE","FALSE","7.98204856666188","6.00327730109268","1.9787712655692","0.815","1,2,3,4,5,7,28,87,88,89",0.0273052643208202,FALSE,1,0,1,4,10,1,9,0.1,0.642857142857143
"EBIC",95,80,0.33,"FALSE","FALSE","FALSE","9.46818898609699","6.62149813231099","2.846690853786","0.607","2,3,4,5,6,7,44,87,88,89",0.0215002956234051,FALSE,1,0,1,4,10,1,9,0.1,0.642857142857143
"EBIC",96,80,0.33,"FALSE","FALSE","FALSE","9.01007635403536","6.69243976604608","2.31763658798928","0.553","1,2,3,4,5,6,7,83,84,87,88,89",0.00939952833584501,FALSE,0,0,0,2,12,0,12,0,0.857142857142857
"EBIC",97,80,0.33,"FALSE","FALSE","FALSE","9.4139279083279","5.77747965056882","3.63644825775909","0.662","2,3,4,6,7,39,86,87,88,89,92",0.0273896807632974,FALSE,1,1,2,3,11,2,9,0.181818181818182,0.642857142857143
"EBIC",98,80,0.33,"FALSE","FALSE","FALSE","9.65189544403587","7.05445966038876","2.5974357836471","0.769","1,2,3,4,5,6,7,31,73,84,85,86,88,89",0.0114910509310186,FALSE,2,0,0,2,14,2,12,0.142857142857143,0.857142857142857
"EBIC",99,80,0.33,"FALSE","FALSE","FALSE","8.90332284912712","6.70703292825265","2.19628992087447","0.664","1,2,3,4,5,14,35,53,58,84,89,91",0.065956079744244,FALSE,4,1,2,5,12,5,7,0.416666666666667,0.5
"kappa.o",1,80,0.33,"FALSE","FALSE","FALSE","8.68507979549966","5.54816591130751","3.13691388419215","0.825","2,4,5,6,7,85,87,88,89",0.0215848623187724,FALSE,0,0,2,3,9,0,9,0,0.642857142857143
"kappa.o",10,80,0.33,"FALSE","FALSE","FALSE","8.90438475751589","4.73752941157339","4.1668553459425","0.707","1,2,4,7,84,85,86,88,89",0.0300807202207664,FALSE,0,0,3,2,9,0,9,0,0.642857142857143
"kappa.o",100,80,0.33,"FALSE","FALSE","FALSE","9.10246095616068","5.00305657122597","4.09940438493471","0.636","2,4,5,6,7,84,85,87,88,89",0.017565401290813,FALSE,0,0,2,2,10,0,10,0,0.714285714285714
"kappa.o",11,80,0.33,"FALSE","FALSE","FALSE","8.98057869361933","5.04659681238199","3.93398188123734","0.851","2,4,6,7,87,88,89,93",0.054006036037971,FALSE,0,1,3,4,8,1,7,0.125,0.5
"kappa.o",12,80,0.33,"FALSE","FALSE","FALSE","9.28299605859598","4.99048373247494","4.29251232612105","0.655","2,4,6,7,85,86,87,88,89",0.0247202000381602,FALSE,0,0,3,2,9,0,9,0,0.642857142857143
"kappa.o",13,80,0.33,"FALSE","FALSE","FALSE","10.8055321869201","6.25950524961415","4.54602693730593","0.585","2,3,4,5,6,7,85,87,88,89",0.0183513906876516,FALSE,0,0,1,3,10,0,10,0,0.714285714285714
"kappa.o",14,80,0.33,"FALSE","FALSE","FALSE","10.3500033470433","4.41771267973434","5.93229066730891","0.632","2,4,6,7,84,85,86,87,88,89",0.0208126298230197,FALSE,0,0,3,1,10,0,10,0,0.714285714285714
"kappa.o",15,80,0.33,"FALSE","FALSE","FALSE","8.73395186506318","6.60928274417204","2.12466912089115","0.946","2,3,4,5,6,7,68,83,89",0.0428859209783291,FALSE,1,0,1,5,9,1,8,0.111111111111111,0.571428571428571
"kappa.o",16,80,0.33,"FALSE","FALSE","FALSE","8.94742115415161","6.73560824006728","2.21181291408432","0.728","1,2,3,4,5,6,42,84,87",0.0515605077925284,FALSE,1,0,1,5,9,1,8,0.111111111111111,0.571428571428571
"kappa.o",17,80,0.33,"FALSE","FALSE","FALSE","9.37083714282683","6.51652446868737","2.85431267413946","0.635","2,3,4,5,7,50,85,88,89",0.0365043813103604,FALSE,1,0,2,4,9,1,8,0.111111111111111,0.571428571428571
"kappa.o",18,80,0.33,"FALSE","FALSE","FALSE","8.2841016741597","6.99368429665078","1.29041737750892","0.74","1,2,3,4,5,12,79,89",0.0626481165330615,FALSE,2,0,2,6,8,2,6,0.25,0.428571428571429
"kappa.o",19,80,0.33,"FALSE","FALSE","FALSE","9.50334620499775","6.66370169653846","2.83964450845929","0.644","2,3,4,5,6,7,87,88,89,92",0.0262126052934452,FALSE,0,1,1,4,10,1,9,0.1,0.642857142857143
"kappa.o",2,80,0.33,"FALSE","FALSE","FALSE","8.26059445720318","5.12043845911458","3.1401559980886","0.788","2,4,6,7,83,88,89",0.0500822983384775,FALSE,0,0,3,4,7,0,7,0,0.5
"kappa.o",20,80,0.33,"FALSE","FALSE","FALSE","8.51941046016075","6.29832094163441","2.22108951852634","0.767","2,3,4,5,6,7,89",0.0456332241139477,FALSE,0,0,1,6,7,0,7,0,0.5
"kappa.o",21,80,0.33,"FALSE","FALSE","FALSE","8.5405378107964","4.84337919998084","3.69715861081555","0.708","3,4,6,7,83,85,88,89",0.0513307979420177,FALSE,0,0,3,3,8,0,8,0,0.571428571428571
"kappa.o",22,80,0.33,"FALSE","FALSE","FALSE","9.84261612082661","4.9118820416487","4.93073407917791","0.48","2,4,6,7,85,86,87,88,89",0.0276395117958557,FALSE,0,0,3,2,9,0,9,0,0.642857142857143
"kappa.o",23,80,0.33,"FALSE","FALSE","FALSE","9.02082524219606","6.3660226071486","2.65480263504746","0.622","1,2,3,4,5,6,84,89",0.0399600501037281,FALSE,0,0,1,5,8,0,8,0,0.571428571428571
"kappa.o",24,80,0.33,"FALSE","FALSE","FALSE","8.49783482247432","3.40365319780104","5.09418162467327","0.538","2,4,7,83,85,86,88,89",0.0452023020903528,FALSE,0,0,4,2,8,0,8,0,0.571428571428571
"kappa.o",25,80,0.33,"FALSE","FALSE","FALSE","9.28872601216691","6.87122838510565","2.41749762706125","0.64","1,2,3,4,5,22,52,84,89",0.0538190424652515,FALSE,2,0,2,5,9,2,7,0.222222222222222,0.5
"kappa.o",26,80,0.33,"FALSE","FALSE","FALSE","10.7350042901909","6.76361198422659","3.97139230596429","0.601","2,3,4,5,6,7,80,83,85,88,89",0.0217941337517679,FALSE,1,0,1,3,11,1,10,0.0909090909090909,0.714285714285714
"kappa.o",27,80,0.33,"FALSE","FALSE","FALSE","9.03114895262816","4.55316439618361","4.47798455644455","0.763","1,2,4,84,86,87,88,89",0.0430493125908097,FALSE,0,0,4,2,8,0,8,0,0.571428571428571
"kappa.o",28,80,0.33,"FALSE","FALSE","FALSE","8.1117386094202","4.9209745337321","3.1907640756881","1.134","2,4,6,7,83,88,89",0.0483205644598465,FALSE,0,0,3,4,7,0,7,0,0.5
"kappa.o",29,80,0.33,"FALSE","FALSE","FALSE","8.59900690950404","6.38259548610714","2.2164114233969","0.462","1,2,3,4,5,12,84,89",0.0540757377306338,FALSE,1,0,2,5,8,1,7,0.125,0.5
"kappa.o",3,80,0.33,"FALSE","FALSE","FALSE","9.01003246589878","5.53216558141464","3.47786688448414","1.082","1,2,3,4,5,9,84,89",0.0489986592309001,FALSE,1,0,2,5,8,1,7,0.125,0.5
"kappa.o",30,80,0.33,"FALSE","FALSE","FALSE","7.45737767806419","6.28260937555378","1.17476830251041","0.842","1,2,3,4,5,12,42,89",0.0623088992923722,FALSE,2,0,2,6,8,2,6,0.25,0.428571428571429
"kappa.o",31,80,0.33,"FALSE","FALSE","FALSE","7.52059889125331","6.20652706695297","1.31407182430034","0.705","1,2,4,5,23,89",0.0867567333200365,FALSE,1,0,3,6,6,1,5,0.166666666666667,0.357142857142857
"kappa.o",32,80,0.33,"FALSE","FALSE","FALSE","8.64903266882828","6.17823435169693","2.47079831713135","0.633","1,2,3,4,5,12,89,91",0.0642635502659555,FALSE,1,1,2,6,8,2,6,0.25,0.428571428571429
"kappa.o",33,80,0.33,"FALSE","FALSE","FALSE","10.0049930001797","6.93627287133982","3.06872012883988","0.694","2,3,4,5,6,7,85,87,88,89",0.01912117611816,FALSE,0,0,1,3,10,0,10,0,0.714285714285714
"kappa.o",34,80,0.33,"FALSE","FALSE","FALSE","8.35490805504904","6.05145954492963","2.30344851011941","0.579","1,2,3,4,5,84,89",0.0498122566426215,FALSE,0,0,2,5,7,0,7,0,0.5
"kappa.o",35,80,0.33,"FALSE","FALSE","FALSE","9.70504034169956","4.39963514780589","5.30540519389367","0.502","2,4,6,7,83,86,87,88,89",0.0300225631035166,FALSE,0,0,3,2,9,0,9,0,0.642857142857143
"kappa.o",36,80,0.33,"FALSE","FALSE","FALSE","10.558281511159","6.93812013868994","3.62016137246904","0.553","2,3,4,5,6,7,67,83,88,89",0.0301082175371095,FALSE,1,0,1,4,10,1,9,0.1,0.642857142857143
"kappa.o",37,80,0.33,"FALSE","FALSE","FALSE","8.79939261309085","6.07243474795661","2.72695786513424","0.82","2,4,6,7,85,86,87,88,89",0.0278784539648333,FALSE,0,0,3,2,9,0,9,0,0.642857142857143
"kappa.o",38,80,0.33,"FALSE","FALSE","FALSE","8.47183145084685","4.62534688564164","3.84648456520521","0.552","2,4,6,7,85,86,87,88,89",0.0239310745850634,FALSE,0,0,3,2,9,0,9,0,0.642857142857143
"kappa.o",39,80,0.33,"FALSE","FALSE","FALSE","7.6649190486968","5.25682959990755","2.40808944878924","0.546","1,2,3,5,45,84,89",0.0710554514913699,FALSE,1,0,3,5,7,1,6,0.142857142857143,0.428571428571429
"kappa.o",4,80,0.33,"FALSE","FALSE","FALSE","8.61595975355861","5.54977911878711","3.06618063477151","0.823","1,2,3,4,5,12,84,89,91",0.0509457483621443,FALSE,1,1,2,5,9,2,7,0.222222222222222,0.5
"kappa.o",40,80,0.33,"FALSE","FALSE","FALSE","8.64181702091037","6.51426056264848","2.12755645826189","0.543","1,2,3,4,5,84,89",0.0538638341637972,FALSE,0,0,2,5,7,0,7,0,0.5
"kappa.o",41,80,0.33,"FALSE","FALSE","FALSE","8.2422276384859","5.73394282719156","2.50828481129434","0.823","2,4,5,57,59,80,84,89",0.071825635586808,FALSE,3,0,4,5,8,3,5,0.375,0.357142857142857
"kappa.o",42,80,0.33,"FALSE","FALSE","FALSE","8.03187284255793","5.86054285533507","2.17132998722286","0.562","1,2,3,4,5,84,89",0.0509885187964838,FALSE,0,0,2,5,7,0,7,0,0.5
"kappa.o",43,80,0.33,"FALSE","FALSE","FALSE","7.48108487655593","6.08956550066847","1.39151937588747","0.574","1,2,3,4,5,12,89",0.0662263978523482,FALSE,1,0,2,6,7,1,6,0.142857142857143,0.428571428571429
"kappa.o",44,80,0.33,"FALSE","FALSE","FALSE","9.10346410570968","6.69146646569965","2.41199764001003","0.715","1,2,3,4,5,6,7,58,88,89",0.0292746440728556,FALSE,1,0,0,5,10,1,9,0.1,0.642857142857143
"kappa.o",45,80,0.33,"FALSE","FALSE","FALSE","7.72502296149431","6.14605267333358","1.57897028816073","0.729","1,2,4,5,10,79,85,89",0.0684253948392051,FALSE,2,0,3,5,8,2,6,0.25,0.428571428571429
"kappa.o",46,80,0.33,"FALSE","FALSE","FALSE","7.39108682570161","5.232672847799","2.15841397790261","0.648","1,2,4,5,84,89",0.0696289851384578,FALSE,0,0,3,5,6,0,6,0,0.428571428571429
"kappa.o",47,80,0.33,"FALSE","FALSE","FALSE","8.19645277605949","5.46981575961921","2.72663701644027","0.84","1,2,4,22,84,86,89",0.0717600099670577,FALSE,1,0,4,4,7,1,6,0.142857142857143,0.428571428571429
"kappa.o",48,80,0.33,"FALSE","FALSE","FALSE","9.24553282096322","6.83575162331665","2.40978119764657","0.724","2,4,5,6,7,59,87,88,89",0.032335939095039,FALSE,1,0,2,4,9,1,8,0.111111111111111,0.571428571428571
"kappa.o",49,80,0.33,"FALSE","FALSE","FALSE","9.14682759380049","6.07957509045721","3.06725250334328","0.79","2,3,4,5,7,85,88,89",0.0320526296342483,FALSE,0,0,2,4,8,0,8,0,0.571428571428571
"kappa.o",5,80,0.33,"FALSE","FALSE","FALSE","8.83117238307331","5.16785569248933","3.66331669058398","0.431","2,4,5,6,7,85,87,88",0.0389100930188992,FALSE,0,0,2,4,8,0,8,0,0.571428571428571
"kappa.o",50,80,0.33,"FALSE","FALSE","FALSE","9.0111022186975","6.06582760041517","2.94527461828233","0.773","1,2,3,4,5,59,84,89",0.0523845796144841,FALSE,1,0,2,5,8,1,7,0.125,0.5
"kappa.o",51,80,0.33,"FALSE","FALSE","FALSE","8.09483384072682","6.39590053990639","1.69893330082043","0.784","2,3,4,5,6,7,89",0.0473664194751288,FALSE,0,0,1,6,7,0,7,0,0.5
"kappa.o",52,80,0.33,"FALSE","FALSE","FALSE","9.61440038417353","5.44370301874863","4.17069736542489","0.681","2,3,4,5,7,87,88,89,92",0.0315986433883497,FALSE,0,1,2,4,9,1,8,0.111111111111111,0.571428571428571
"kappa.o",53,80,0.33,"FALSE","FALSE","FALSE","9.50869163279243","4.2025021055436","5.30618952724882","0.378","2,4,6,7,83,86,87,88,89",0.0298527495332169,FALSE,0,0,3,2,9,0,9,0,0.642857142857143
"kappa.o",54,80,0.33,"FALSE","FALSE","FALSE","9.09082336240972","4.38282849395178","4.70799486845794","0.471","1,2,4,6,84,86,87,88,89",0.0309016431093828,FALSE,0,0,3,2,9,0,9,0,0.642857142857143
"kappa.o",55,80,0.33,"FALSE","FALSE","FALSE","9.5137579567016","4.50801944309808","5.00573851360352","0.538","2,4,6,7,85,86,87,88,89",0.0285401661328631,FALSE,0,0,3,2,9,0,9,0,0.642857142857143
"kappa.o",56,80,0.33,"FALSE","FALSE","FALSE","10.1648701481688","6.82666775850507","3.33820238966374","0.929","2,4,5,6,7,85,87,88,89",0.0225699776637553,FALSE,0,0,2,3,9,0,9,0,0.642857142857143
"kappa.o",57,80,0.33,"FALSE","FALSE","FALSE","9.64743589710165","4.33636621887916","5.31106967822249","0.48","2,4,6,7,85,86,87,88,89",0.0286734208323414,FALSE,0,0,3,2,9,0,9,0,0.642857142857143
"kappa.o",58,80,0.33,"FALSE","FALSE","FALSE","9.58384108857471","6.39206553059456","3.19177555798015","0.363","2,3,4,5,6,7,87,88,89",0.0221519190045623,FALSE,0,0,1,4,9,0,9,0,0.642857142857143
"kappa.o",59,80,0.33,"FALSE","FALSE","FALSE","8.2465639927197","5.31583825521075","2.93072573750895","0.573","2,4,5,6,7,87,88,89",0.02947887658203,FALSE,0,0,2,4,8,0,8,0,0.571428571428571
"kappa.o",6,80,0.33,"FALSE","FALSE","FALSE","8.59926245446015","5.24727839528518","3.35198405917497","0.717","2,4,6,7,83,85,86,87,88,89",0.0247246717215865,FALSE,0,0,3,1,10,0,10,0,0.714285714285714
"kappa.o",60,80,0.33,"FALSE","FALSE","FALSE","10.0380362006781","5.32442367970775","4.71361252097032","0.52","2,3,4,6,7,83,85,87,88,89",0.02316913595278,FALSE,0,0,2,2,10,0,10,0,0.714285714285714
"kappa.o",61,80,0.33,"FALSE","FALSE","FALSE","7.4283977278374","6.25520847798634","1.17318924985105","0.679","1,3,4,5,7,31,89",0.0709048563497529,FALSE,1,0,2,6,7,1,6,0.142857142857143,0.428571428571429
"kappa.o",62,80,0.33,"FALSE","FALSE","FALSE","8.48937079787035","5.53900892499579","2.95036187287456","0.968","2,4,5,6,7,85,87,88,89",0.0238971537319268,FALSE,0,0,2,3,9,0,9,0,0.642857142857143
"kappa.o",63,80,0.33,"FALSE","FALSE","FALSE","9.38011550563984","6.47673395677949","2.90338154886035","1.221","2,3,4,5,6,7,85,87,88,89",0.0163388581253543,FALSE,0,0,1,3,10,0,10,0,0.714285714285714
"kappa.o",64,80,0.33,"FALSE","FALSE","FALSE","10.3385409496182","4.30874905792535","6.0297918916929","0.38","2,4,6,7,83,85,86,87,88,89",0.0234875412016709,FALSE,0,0,3,1,10,0,10,0,0.714285714285714
"kappa.o",65,80,0.33,"FALSE","FALSE","FALSE","10.2846696398448","6.25833597519989","4.02633366464495","0.493","2,3,4,5,6,7,85,87,88,89",0.0182013252396082,FALSE,0,0,1,3,10,0,10,0,0.714285714285714
"kappa.o",66,80,0.33,"FALSE","FALSE","FALSE","9.60895155512823","6.32009457818971","3.28885697693853","0.656","2,3,4,5,6,7,87,88,89",0.0244091080591792,FALSE,0,0,1,4,9,0,9,0,0.642857142857143
"kappa.o",67,80,0.33,"FALSE","FALSE","FALSE","9.81320417705781","5.13569917835948","4.67750499869833","0.902","1,2,4,5,6,84,85,86,87,88,89",0.0142263925744778,FALSE,0,0,2,1,11,0,11,0,0.785714285714286
"kappa.o",68,80,0.33,"FALSE","FALSE","FALSE","10.4645644649786","6.75269147411979","3.71187299085878","0.611","2,3,4,5,6,7,85,87,88,89",0.0162727716758491,FALSE,0,0,1,3,10,0,10,0,0.714285714285714
"kappa.o",69,80,0.33,"FALSE","FALSE","FALSE","8.1522794957998","6.13045307261892","2.02182642318087","0.603","2,3,4,5,6,7,88,89",0.0319632764927235,FALSE,0,0,1,5,8,0,8,0,0.571428571428571
"kappa.o",7,80,0.33,"FALSE","FALSE","FALSE","10.2748872813317","5.30352254807683","4.97136473325487","0.338","2,4,5,6,7,85,86,87,88,89",0.0179980509164246,FALSE,0,0,2,2,10,0,10,0,0.714285714285714
"kappa.o",70,80,0.33,"FALSE","FALSE","FALSE","10.6274508070627","6.39580038817241","4.23165041889034","0.578","2,3,4,5,6,7,84,87,88,89",0.014463200757637,FALSE,0,0,1,3,10,0,10,0,0.714285714285714
"kappa.o",71,80,0.33,"FALSE","FALSE","FALSE","8.14695066586411","5.86298641483546","2.28396425102865","0.801","2,3,4,5,6,80,84,89",0.0515422736911198,FALSE,1,0,2,5,8,1,7,0.125,0.5
"kappa.o",72,80,0.33,"FALSE","FALSE","FALSE","8.91698081187991","6.56404953696519","2.35293127491473","0.657","2,3,4,5,6,7,83,85,88,89",0.0217331258817852,FALSE,0,0,1,3,10,0,10,0,0.714285714285714
"kappa.o",73,80,0.33,"FALSE","FALSE","FALSE","8.41394983493728","6.9166129191158","1.49733691582148","0.79","1,2,3,4,5,6,12,89",0.0518242220496217,FALSE,1,0,1,6,8,1,7,0.125,0.5
"kappa.o",74,80,0.33,"FALSE","FALSE","FALSE","9.75620469725262","5.23296936396528","4.52323533328734","0.518","2,4,6,7,59,87,88,89,93",0.0499051933051406,FALSE,1,1,3,4,9,2,7,0.222222222222222,0.5
"kappa.o",75,80,0.33,"FALSE","FALSE","FALSE","8.76971397377629","7.44267561841976","1.32703835535653","1.015","2,3,4,6,7,9,39,89",0.068030990235449,FALSE,2,0,2,6,8,2,6,0.25,0.428571428571429
"kappa.o",76,80,0.33,"FALSE","FALSE","FALSE","9.81307933901944","7.40509599364379","2.40798334537565","0.719","1,2,4,5,7,73,79,85,88,89",0.0394402044439151,FALSE,2,0,2,4,10,2,8,0.2,0.571428571428571
"kappa.o",77,80,0.33,"FALSE","FALSE","FALSE","8.99846178755201","4.89879214279011","4.0996696447619","0.563","2,6,21,80,86,87,88,89",0.074276394437166,FALSE,2,0,5,3,8,2,6,0.25,0.428571428571429
"kappa.o",78,80,0.33,"FALSE","FALSE","FALSE","9.16978020447041","6.52342150261596","2.64635870185445","1.157","1,2,3,4,5,12,42,84,89",0.0622665715799027,FALSE,2,0,2,5,9,2,7,0.222222222222222,0.5
"kappa.o",79,80,0.33,"FALSE","FALSE","FALSE","9.84369560751377","5.95890130730821","3.88479430020557","0.534","2,3,4,5,6,7,85,87,88,89",0.0153422998054128,FALSE,0,0,1,3,10,0,10,0,0.714285714285714
"kappa.o",8,80,0.33,"FALSE","FALSE","FALSE","8.05419334627634","6.33214409478946","1.72204925148689","0.576","1,2,4,5,6,12,89",0.0682839592821832,FALSE,1,0,2,6,7,1,6,0.142857142857143,0.428571428571429
"kappa.o",80,80,0.33,"FALSE","FALSE","FALSE","9.60054688863492","6.58217279200252","3.0183740966324","0.793","1,2,3,4,5,79,84,89,91",0.0567353118792561,FALSE,1,1,2,5,9,2,7,0.222222222222222,0.5
"kappa.o",81,80,0.33,"FALSE","FALSE","FALSE","9.5487908911569","5.40116622683496","4.14762466432195","0.639","2,3,4,5,6,7,85,88,89",0.0270149802157643,FALSE,0,0,1,4,9,0,9,0,0.642857142857143
"kappa.o",82,80,0.33,"FALSE","FALSE","FALSE","9.45399652510118","4.82872843787173","4.62526808722946","0.576","2,4,6,7,85,86,87,88,89",0.0277419941362162,FALSE,0,0,3,2,9,0,9,0,0.642857142857143
"kappa.o",83,80,0.33,"FALSE","FALSE","FALSE","9.07858010508136","6.12377080721518","2.95480929786617","0.816","1,2,3,4,5,22,84,86",0.0639700251100902,FALSE,1,0,2,5,8,1,7,0.125,0.5
"kappa.o",84,80,0.33,"FALSE","FALSE","FALSE","9.06341863289826","4.15566451416168","4.90775411873658","0.548","2,4,7,40,83,86,87,88,89",0.042909438355002,FALSE,1,0,4,2,9,1,8,0.111111111111111,0.571428571428571
"kappa.o",85,80,0.33,"FALSE","FALSE","FALSE","8.67545465851849","5.77736766501944","2.89808699349905","0.667","2,3,4,5,6,7,85,88,89",0.0241212090312798,FALSE,0,0,1,4,9,0,9,0,0.642857142857143
"kappa.o",86,80,0.33,"FALSE","FALSE","FALSE","9.37310508791812","6.6072318002017","2.76587328771642","0.78","1,2,3,4,5,6,7,87,88,89",0.0156772137689674,FALSE,0,0,0,4,10,0,10,0,0.714285714285714
"kappa.o",87,80,0.33,"FALSE","FALSE","FALSE","9.08748118072387","4.41005397242739","4.67742720829648","0.55","2,4,6,7,85,86,87,88,89",0.028739126556206,FALSE,0,0,3,2,9,0,9,0,0.642857142857143
"kappa.o",88,80,0.33,"FALSE","FALSE","FALSE","8.11428637392398","6.71562620737294","1.39866016655105","0.648","1,2,3,4,5,55,87,89",0.0480135915154105,FALSE,1,0,2,5,8,1,7,0.125,0.5
"kappa.o",89,80,0.33,"FALSE","FALSE","FALSE","8.68321112843229","5.92836773363554","2.75484339479675","0.688","1,2,3,4,5,84,89",0.0517957147172954,FALSE,0,0,2,5,7,0,7,0,0.5
"kappa.o",9,80,0.33,"FALSE","FALSE","FALSE","9.43641727761579","6.59212494251383","2.84429233510196","1.069","1,2,3,4,5,6,7,89",0.0361914923303594,FALSE,0,0,0,6,8,0,8,0,0.571428571428571
"kappa.o",90,80,0.33,"FALSE","FALSE","FALSE","7.81840670041642","6.06940560206774","1.74900109834868","0.568","1,2,3,4,5,84,89",0.0504888180468482,FALSE,0,0,2,5,7,0,7,0,0.5
"kappa.o",91,80,0.33,"FALSE","FALSE","FALSE","9.05063690861646","5.4435132904654","3.60712361815106","0.453","2,3,4,5,6,7,87,88,89",0.0199667716597739,FALSE,0,0,1,4,9,0,9,0,0.642857142857143
"kappa.o",92,80,0.33,"FALSE","FALSE","FALSE","8.61302841491782","4.98187886628502","3.6311495486328","0.663","2,4,6,7,85,87,88,89",0.0336627166400129,FALSE,0,0,3,3,8,0,8,0,0.571428571428571
"kappa.o",93,80,0.33,"FALSE","FALSE","FALSE","9.11998755161559","6.47361256336548","2.64637498825012","0.514","2,3,4,5,6,7,87,88,89",0.0257429548713863,FALSE,0,0,1,4,9,0,9,0,0.642857142857143
"kappa.o",94,80,0.33,"FALSE","FALSE","FALSE","7.98204856666188","6.00327730109268","1.9787712655692","0.815","1,2,3,4,5,7,28,88,89",0.036152754712868,FALSE,1,0,1,5,9,1,8,0.111111111111111,0.571428571428571
"kappa.o",95,80,0.33,"FALSE","FALSE","FALSE","9.46818898609699","6.62149813231099","2.846690853786","0.607","2,3,4,5,6,7,87,88,89",0.0211598534503212,FALSE,0,0,1,4,9,0,9,0,0.642857142857143
"kappa.o",96,80,0.33,"FALSE","FALSE","FALSE","9.01007635403536","6.69243976604608","2.31763658798928","0.553","1,2,3,4,5,6,84,89",0.0369508033799709,FALSE,0,0,1,5,8,0,8,0,0.571428571428571
"kappa.o",97,80,0.33,"FALSE","FALSE","FALSE","9.4139279083279","5.77747965056882","3.63644825775909","0.662","2,3,4,6,7,86,87,88,92",0.0431591497478884,FALSE,0,1,2,4,9,1,8,0.111111111111111,0.571428571428571
"kappa.o",98,80,0.33,"FALSE","FALSE","FALSE","9.65189544403587","7.05445966038876","2.5974357836471","0.769","1,2,3,4,5,12,73,84,86,89",0.0426641158225048,FALSE,2,0,2,4,10,2,8,0.2,0.571428571428571
"kappa.o",99,80,0.33,"FALSE","FALSE","FALSE","8.90332284912712","6.70703292825265","2.19628992087447","0.664","1,2,3,4,5,35,84,89",0.0573101471090125,FALSE,1,0,2,5,8,1,7,0.125,0.5
"lasso.cv",1,80,0.33,"FALSE","FALSE","FALSE","8.68507979549966","5.54816591130751","3.13691388419215","0.825","1,2,3,4,5,6,7,13,14,15,19,24,26,28,44,52,53,54,55,57,58,64,67,70,76,83,84,85,86,87,88,89,91",0.0103418052677767,FALSE,18,1,0,0,33,19,14,0.575757575757576,1
"lasso.cv",10,80,0.33,"FALSE","FALSE","FALSE","8.90438475751589","4.73752941157339","4.1668553459425","0.707","1,2,3,4,5,6,7,11,17,21,24,32,36,37,43,49,61,76,78,79,80,82,84,85,86,87,88,89,92,93",0.00969776089532335,FALSE,15,2,0,1,30,17,13,0.566666666666667,0.928571428571429
"lasso.cv",100,80,0.33,"FALSE","FALSE","FALSE","9.10246095616068","5.00305657122597","4.09940438493471","0.636","1,2,3,4,5,6,7,22,24,31,36,45,49,50,52,54,56,60,61,64,70,74,81,84,85,86,87,88,89,92,93",0.010845910719484,FALSE,16,2,0,1,31,18,13,0.580645161290323,0.928571428571429
"lasso.cv",11,80,0.33,"FALSE","FALSE","FALSE","8.98057869361933","5.04659681238199","3.93398188123734","0.851","1,2,3,4,5,6,7,9,13,14,15,19,21,22,31,34,36,40,51,54,56,58,61,66,69,72,73,75,80,81,83,84,85,86,87,88,89,90,93",0.0208057627693974,FALSE,23,2,0,0,39,25,14,0.641025641025641,1
"lasso.cv",12,80,0.33,"FALSE","FALSE","FALSE","9.28299605859598","4.99048373247494","4.29251232612105","0.655","1,2,3,4,5,6,7,16,24,27,28,29,37,41,45,48,49,50,51,56,59,65,66,67,70,72,73,74,77,79,82,83,84,85,86,87,88,89,93",0.00997136866816445,FALSE,24,1,0,0,39,25,14,0.641025641025641,1
"lasso.cv",13,80,0.33,"FALSE","FALSE","FALSE","10.8055321869201","6.25950524961415","4.54602693730593","0.585","1,2,3,4,5,6,7,9,25,29,34,35,39,41,45,52,55,57,61,62,63,67,68,70,79,80,82,83,84,85,86,87,88,89,91",0.0104428452259864,FALSE,20,1,0,0,35,21,14,0.6,1
"lasso.cv",14,80,0.33,"FALSE","FALSE","FALSE","10.3500033470433","4.41771267973434","5.93229066730891","0.632","1,2,3,4,5,6,7,8,12,15,16,17,21,23,26,27,28,35,50,51,52,53,56,58,68,69,75,77,83,84,85,86,87,88,89,90,91",0.0148393590770074,FALSE,21,2,0,0,37,23,14,0.621621621621622,1
"lasso.cv",15,80,0.33,"FALSE","FALSE","FALSE","8.73395186506318","6.60928274417204","2.12466912089115","0.946","1,2,3,4,5,6,7,17,21,22,28,30,36,42,52,54,61,67,68,77,79,80,83,84,85,86,87,88,89",0.0160771164938087,FALSE,15,0,0,0,29,15,14,0.517241379310345,1
"lasso.cv",16,80,0.33,"FALSE","FALSE","FALSE","8.94742115415161","6.73560824006728","2.21181291408432","0.728","1,2,3,4,5,6,7,13,14,18,19,31,41,42,45,51,52,55,70,72,74,75,83,84,85,86,87,88,89",0.0143470032898604,FALSE,15,0,0,0,29,15,14,0.517241379310345,1
"lasso.cv",17,80,0.33,"FALSE","FALSE","FALSE","9.37083714282683","6.51652446868737","2.85431267413946","0.635","1,2,3,4,5,6,7,12,14,24,27,29,36,38,42,50,52,57,64,68,70,80,81,83,84,85,86,87,88,89,90",0.0157731129849733,FALSE,16,1,0,0,31,17,14,0.548387096774194,1
"lasso.cv",18,80,0.33,"FALSE","FALSE","FALSE","8.2841016741597","6.99368429665078","1.29041737750892","0.74","1,2,3,4,5,6,7,10,14,16,18,21,24,30,47,50,52,54,56,57,62,67,69,70,71,73,78,79,83,84,85,86,87,88,89,93",0.0119363398504749,FALSE,21,1,0,0,36,22,14,0.611111111111111,1
"lasso.cv",19,80,0.33,"FALSE","FALSE","FALSE","9.50334620499775","6.66370169653846","2.83964450845929","0.644","1,2,3,4,5,6,7,9,14,15,18,25,35,36,37,50,51,52,54,58,59,62,66,69,70,72,73,76,83,84,85,86,87,88,89,91,92",0.00946105330325161,FALSE,21,2,0,0,37,23,14,0.621621621621622,1
"lasso.cv",2,80,0.33,"FALSE","FALSE","FALSE","8.26059445720318","5.12043845911458","3.1401559980886","0.788","1,2,3,4,5,6,7,9,14,20,22,24,27,31,32,38,42,45,49,51,52,62,65,66,67,75,76,79,82,83,84,85,86,87,88,89",0.0138308164110089,FALSE,22,0,0,0,36,22,14,0.611111111111111,1
"lasso.cv",20,80,0.33,"FALSE","FALSE","FALSE","8.51941046016075","6.29832094163441","2.22108951852634","0.767","1,2,3,4,5,6,7,14,18,22,24,30,31,37,39,43,54,68,76,77,79,80,83,84,86,87,88,89",0.012100552000693,FALSE,15,0,0,1,28,15,13,0.535714285714286,0.928571428571429
"lasso.cv",21,80,0.33,"FALSE","FALSE","FALSE","8.5405378107964","4.84337919998084","3.69715861081555","0.708","1,2,3,4,5,6,7,10,14,22,23,27,30,32,43,52,54,56,57,62,68,74,81,83,84,85,86,87,88,89,91",0.00732942550585949,FALSE,16,1,0,0,31,17,14,0.548387096774194,1
"lasso.cv",22,80,0.33,"FALSE","FALSE","FALSE","9.84261612082661","4.9118820416487","4.93073407917791","0.48","1,2,3,4,5,6,7,14,19,22,24,28,31,36,40,42,46,55,58,59,63,64,65,67,68,70,71,76,80,82,83,84,85,86,87,88,89,90,91",0.0114351195273098,FALSE,23,2,0,0,39,25,14,0.641025641025641,1
"lasso.cv",23,80,0.33,"FALSE","FALSE","FALSE","9.02082524219606","6.3660226071486","2.65480263504746","0.622","1,2,3,4,5,6,7,9,10,14,18,29,35,36,38,45,52,62,63,67,68,70,77,79,83,84,85,86,87,88,89,91",0.0139921441627366,FALSE,17,1,0,0,32,18,14,0.5625,1
"lasso.cv",24,80,0.33,"FALSE","FALSE","FALSE","8.49783482247432","3.40365319780104","5.09418162467327","0.538","1,2,3,4,5,6,7,12,16,25,31,39,40,48,51,54,55,60,70,76,78,79,83,84,85,86,87,88,89,91,92",0.0133494733626234,FALSE,15,2,0,0,31,17,14,0.548387096774194,1
"lasso.cv",25,80,0.33,"FALSE","FALSE","FALSE","9.28872601216691","6.87122838510565","2.41749762706125","0.64","1,2,3,4,5,6,7,9,17,18,22,25,27,31,41,45,47,50,52,58,66,68,70,75,78,81,83,84,85,86,87,88,89,92",0.0182667492220088,FALSE,19,1,0,0,34,20,14,0.588235294117647,1
"lasso.cv",26,80,0.33,"FALSE","FALSE","FALSE","10.7350042901909","6.76361198422659","3.97139230596429","0.601","1,2,3,4,5,6,7,10,14,31,32,33,39,42,55,57,58,68,77,80,81,83,84,85,87,88,89",0.0158803732366028,FALSE,14,0,0,1,27,14,13,0.518518518518518,0.928571428571429
"lasso.cv",27,80,0.33,"FALSE","FALSE","FALSE","9.03114895262816","4.55316439618361","4.47798455644455","0.763","1,2,3,4,5,6,7,9,17,18,24,29,44,52,54,62,69,73,74,75,77,79,82,83,84,85,86,87,88,89,92,93",0.0151810060770725,FALSE,16,2,0,0,32,18,14,0.5625,1
"lasso.cv",28,80,0.33,"FALSE","FALSE","FALSE","8.1117386094202","4.9209745337321","3.1907640756881","1.134","1,2,3,4,5,6,7,8,9,13,17,18,25,27,36,37,38,47,49,55,60,61,74,78,82,83,84,85,86,87,88,89,93",0.0132624913342304,FALSE,18,1,0,0,33,19,14,0.575757575757576,1
"lasso.cv",29,80,0.33,"FALSE","FALSE","FALSE","8.59900690950404","6.38259548610714","2.2164114233969","0.462","1,2,3,4,5,6,7,12,13,14,26,27,31,42,50,51,52,53,54,68,72,82,83,84,85,86,88,89,90,93",0.0235911997759454,FALSE,15,2,0,1,30,17,13,0.566666666666667,0.928571428571429
"lasso.cv",3,80,0.33,"FALSE","FALSE","FALSE","9.01003246589878","5.53216558141464","3.47786688448414","1.082","1,2,3,4,5,6,7,9,18,21,26,32,43,52,54,59,67,77,79,80,84,85,86,87,88,89,93",0.0168841019127773,FALSE,13,1,0,1,27,14,13,0.518518518518518,0.928571428571429
"lasso.cv",30,80,0.33,"FALSE","FALSE","FALSE","7.45737767806419","6.28260937555378","1.17476830251041","0.842","1,2,3,4,5,6,7,16,17,19,26,28,29,42,45,47,52,55,67,73,79,82,83,84,85,86,87,88,89",0.0140423471895762,FALSE,15,0,0,0,29,15,14,0.517241379310345,1
"lasso.cv",31,80,0.33,"FALSE","FALSE","FALSE","7.52059889125331","6.20652706695297","1.31407182430034","0.705","1,2,3,4,5,6,7,9,14,16,17,23,27,32,36,41,42,43,44,47,49,59,60,61,63,68,74,75,76,82,83,84,85,86,87,88,89",0.0148586814703228,FALSE,23,0,0,0,37,23,14,0.621621621621622,1
"lasso.cv",32,80,0.33,"FALSE","FALSE","FALSE","8.64903266882828","6.17823435169693","2.47079831713135","0.633","1,2,3,4,5,6,7,12,16,25,26,31,32,34,36,52,55,59,61,64,66,69,75,79,81,84,85,86,87,88,89,91",0.00979194924821905,FALSE,18,1,0,1,32,19,13,0.59375,0.928571428571429
"lasso.cv",33,80,0.33,"FALSE","FALSE","FALSE","10.0049930001797","6.93627287133982","3.06872012883988","0.694","1,2,3,4,5,6,7,12,13,17,26,27,28,33,34,39,42,44,47,50,51,52,56,66,68,70,78,79,83,84,85,86,87,88,89,91",0.0152827965918077,FALSE,21,1,0,0,36,22,14,0.611111111111111,1
"lasso.cv",34,80,0.33,"FALSE","FALSE","FALSE","8.35490805504904","6.05145954492963","2.30344851011941","0.579","1,2,3,4,5,6,7,12,14,17,20,30,31,38,42,46,47,56,59,64,68,70,76,77,82,84,85,87,88,89,93",0.0149279168190881,FALSE,18,1,0,2,31,19,12,0.612903225806452,0.857142857142857
"lasso.cv",35,80,0.33,"FALSE","FALSE","FALSE","9.70504034169956","4.39963514780589","5.30540519389367","0.502","1,2,3,4,5,6,7,14,18,26,28,34,36,42,47,52,77,79,82,83,84,85,86,87,88,89,93",0.00990979733618011,FALSE,12,1,0,0,27,13,14,0.481481481481481,1
"lasso.cv",36,80,0.33,"FALSE","FALSE","FALSE","10.558281511159","6.93812013868994","3.62016137246904","0.553","1,2,3,4,5,6,7,17,18,24,37,38,39,46,47,50,52,54,56,61,67,68,70,72,73,79,83,84,85,86,87,88,89,90",0.0137138471394223,FALSE,19,1,0,0,34,20,14,0.588235294117647,1
"lasso.cv",37,80,0.33,"FALSE","FALSE","FALSE","8.79939261309085","6.07243474795661","2.72695786513424","0.82","1,2,3,4,5,6,7,8,9,11,20,21,24,26,27,29,32,36,42,47,50,52,53,54,55,56,57,58,61,67,70,71,77,78,79,80,82,83,84,85,86,87,88,89",0.017864692664516,FALSE,30,0,0,0,44,30,14,0.681818181818182,1
"lasso.cv",38,80,0.33,"FALSE","FALSE","FALSE","8.47183145084685","4.62534688564164","3.84648456520521","0.552","1,2,3,4,5,6,7,11,17,24,26,31,33,34,35,37,39,40,47,49,50,53,55,57,58,71,74,76,78,79,83,84,85,86,87,88,89",0.00951312733996416,FALSE,23,0,0,0,37,23,14,0.621621621621622,1
"lasso.cv",39,80,0.33,"FALSE","FALSE","FALSE","7.6649190486968","5.25682959990755","2.40808944878924","0.546","1,2,3,4,5,6,7,13,34,35,38,41,45,62,65,68,74,77,80,83,84,85,86,87,88,89",0.0123080334272842,FALSE,12,0,0,0,26,12,14,0.461538461538462,1
"lasso.cv",4,80,0.33,"FALSE","FALSE","FALSE","8.61595975355861","5.54977911878711","3.06618063477151","0.823","1,2,3,4,5,6,7,9,13,19,21,22,27,30,35,40,41,44,45,49,51,52,55,59,61,67,73,79,83,84,85,86,87,88,89,91,93",0.00954284174450589,FALSE,21,2,0,0,37,23,14,0.621621621621622,1
"lasso.cv",40,80,0.33,"FALSE","FALSE","FALSE","8.64181702091037","6.51426056264848","2.12755645826189","0.543","1,2,3,4,5,6,7,9,14,28,31,35,38,52,54,59,63,69,72,74,83,84,85,86,87,88,89,93",0.0114292549886464,FALSE,13,1,0,0,28,14,14,0.5,1
"lasso.cv",41,80,0.33,"FALSE","FALSE","FALSE","8.2422276384859","5.73394282719156","2.50828481129434","0.823","1,2,3,4,5,6,7,9,15,17,27,30,33,36,47,52,54,55,57,60,70,71,75,79,80,81,83,84,85,86,87,88,89",0.014775318199274,FALSE,19,0,0,0,33,19,14,0.575757575757576,1
"lasso.cv",42,80,0.33,"FALSE","FALSE","FALSE","8.03187284255793","5.86054285533507","2.17132998722286","0.562","1,2,3,4,5,6,7,24,27,32,50,52,56,60,61,67,68,73,79,83,84,85,86,87,88,89",0.00843731959943944,FALSE,12,0,0,0,26,12,14,0.461538461538462,1
"lasso.cv",43,80,0.33,"FALSE","FALSE","FALSE","7.48108487655593","6.08956550066847","1.39151937588747","0.574","1,2,3,4,5,6,7,12,13,19,21,24,26,27,30,31,36,39,52,55,57,58,60,71,75,78,82,83,84,85,86,87,88,89,90,91,93",0.0149258830668992,FALSE,20,3,0,0,37,23,14,0.621621621621622,1
"lasso.cv",44,80,0.33,"FALSE","FALSE","FALSE","9.10346410570968","6.69146646569965","2.41199764001003","0.715","1,2,3,4,5,6,7,20,21,23,24,27,31,33,34,42,57,58,70,72,73,79,83,84,85,86,87,88,89",0.0120194607893132,FALSE,15,0,0,0,29,15,14,0.517241379310345,1
"lasso.cv",45,80,0.33,"FALSE","FALSE","FALSE","7.72502296149431","6.14605267333358","1.57897028816073","0.729","1,2,3,4,5,6,7,9,10,12,14,17,22,38,41,54,57,61,65,66,67,68,69,70,75,79,80,83,84,85,86,87,88,89",0.0254931666679281,FALSE,20,0,0,0,34,20,14,0.588235294117647,1
"lasso.cv",46,80,0.33,"FALSE","FALSE","FALSE","7.39108682570161","5.232672847799","2.15841397790261","0.648","1,2,3,4,5,6,7,14,17,18,25,28,33,42,43,52,55,74,77,78,79,83,84,85,86,87,88,89,91",0.0194594688776449,FALSE,14,1,0,0,29,15,14,0.517241379310345,1
"lasso.cv",47,80,0.33,"FALSE","FALSE","FALSE","8.19645277605949","5.46981575961921","2.72663701644027","0.84","1,2,3,4,5,6,7,16,17,21,22,23,26,27,49,54,73,78,82,83,84,85,86,87,88,89,90,93",0.00902745415306407,FALSE,12,2,0,0,28,14,14,0.5,1
"lasso.cv",48,80,0.33,"FALSE","FALSE","FALSE","9.24553282096322","6.83575162331665","2.40978119764657","0.724","1,2,3,4,5,6,7,9,14,22,24,27,36,43,56,57,58,59,67,68,70,72,73,74,83,84,86,87,88,89",0.0196072885492737,FALSE,17,0,0,1,30,17,13,0.566666666666667,0.928571428571429
"lasso.cv",49,80,0.33,"FALSE","FALSE","FALSE","9.14682759380049","6.07957509045721","3.06725250334328","0.79","1,2,3,4,5,6,7,10,11,12,14,16,17,20,22,24,38,41,50,58,60,65,66,68,69,74,75,79,82,84,85,86,87,88,89,90",0.00972637813307921,FALSE,22,1,0,1,36,23,13,0.638888888888889,0.928571428571429
"lasso.cv",5,80,0.33,"FALSE","FALSE","FALSE","8.83117238307331","5.16785569248933","3.66331669058398","0.431","1,2,3,4,5,6,7,10,12,16,20,27,32,35,38,50,58,64,72,80,83,84,85,86,87,88,89,91",0.00819225468971607,FALSE,13,1,0,0,28,14,14,0.5,1
"lasso.cv",50,80,0.33,"FALSE","FALSE","FALSE","9.0111022186975","6.06582760041517","2.94527461828233","0.773","1,2,3,4,5,6,7,12,14,15,18,28,29,31,38,43,52,55,57,59,61,68,69,70,72,77,78,80,83,84,85,86,87,88,89",0.0150490475932662,FALSE,21,0,0,0,35,21,14,0.6,1
"lasso.cv",51,80,0.33,"FALSE","FALSE","FALSE","8.09483384072682","6.39590053990639","1.69893330082043","0.784","1,2,3,4,5,6,7,9,14,17,19,23,28,46,47,54,55,56,57,60,61,65,68,75,76,78,81,84,85,86,87,88,89,90,92,93",0.0147192816550529,FALSE,20,3,0,1,36,23,13,0.638888888888889,0.928571428571429
"lasso.cv",52,80,0.33,"FALSE","FALSE","FALSE","9.61440038417353","5.44370301874863","4.17069736542489","0.681","1,2,3,4,5,6,7,14,15,17,18,21,37,53,54,60,61,68,71,73,75,76,83,84,85,86,87,88,89,92,93",0.00752169830547848,FALSE,15,2,0,0,31,17,14,0.548387096774194,1
"lasso.cv",53,80,0.33,"FALSE","FALSE","FALSE","9.50869163279243","4.2025021055436","5.30618952724882","0.378","1,2,3,4,5,6,7,12,19,24,27,28,29,38,42,54,59,61,62,70,74,83,84,85,86,87,88,89,92,93",0.00607030278010243,FALSE,14,2,0,0,30,16,14,0.533333333333333,1
"lasso.cv",54,80,0.33,"FALSE","FALSE","FALSE","9.09082336240972","4.38282849395178","4.70799486845794","0.471","1,2,3,4,5,6,7,10,11,21,23,25,26,30,32,42,52,55,69,70,73,74,83,84,85,86,87,88,89",0.0140855532685182,FALSE,15,0,0,0,29,15,14,0.517241379310345,1
"lasso.cv",55,80,0.33,"FALSE","FALSE","FALSE","9.5137579567016","4.50801944309808","5.00573851360352","0.538","1,2,3,4,5,6,7,9,13,14,17,20,21,24,25,28,33,37,42,43,44,48,55,58,69,71,79,82,83,84,85,86,87,88,89,90",0.0120377742336774,FALSE,21,1,0,0,36,22,14,0.611111111111111,1
"lasso.cv",56,80,0.33,"FALSE","FALSE","FALSE","10.1648701481688","6.82666775850507","3.33820238966374","0.929","1,2,3,4,5,6,7,8,9,10,14,17,21,30,31,33,40,43,48,55,59,63,64,65,66,67,68,71,81,82,84,85,86,87,88,89,91",0.0134813109867312,FALSE,23,1,0,1,37,24,13,0.648648648648649,0.928571428571429
"lasso.cv",57,80,0.33,"FALSE","FALSE","FALSE","9.64743589710165","4.33636621887916","5.31106967822249","0.48","1,2,3,4,5,6,7,15,17,24,25,48,49,51,54,56,61,70,74,76,79,83,84,85,86,87,88,89,93",0.0139113167397098,FALSE,14,1,0,0,29,15,14,0.517241379310345,1
"lasso.cv",58,80,0.33,"FALSE","FALSE","FALSE","9.58384108857471","6.39206553059456","3.19177555798015","0.363","1,2,3,4,5,6,7,31,32,33,37,41,44,46,48,49,58,60,62,67,69,70,76,84,85,86,87,88,89,91",0.01321157805676,FALSE,16,1,0,1,30,17,13,0.566666666666667,0.928571428571429
"lasso.cv",59,80,0.33,"FALSE","FALSE","FALSE","8.2465639927197","5.31583825521075","2.93072573750895","0.573","1,2,3,4,5,6,7,12,14,17,26,31,36,52,54,55,61,68,80,81,82,83,84,85,86,87,88,89",0.00972400394613368,FALSE,14,0,0,0,28,14,14,0.5,1
"lasso.cv",6,80,0.33,"FALSE","FALSE","FALSE","8.59926245446015","5.24727839528518","3.35198405917497","0.717","1,2,3,4,5,6,7,12,15,18,38,39,41,42,47,55,59,61,66,70,74,75,78,79,80,83,84,85,86,87,88,89,91",0.00795782235968683,FALSE,18,1,0,0,33,19,14,0.575757575757576,1
"lasso.cv",60,80,0.33,"FALSE","FALSE","FALSE","10.0380362006781","5.32442367970775","4.71361252097032","0.52","1,2,3,4,5,6,7,8,12,14,15,20,26,27,32,35,48,52,54,58,63,67,68,69,77,83,84,85,86,87,88,89,91",0.0146053037011365,FALSE,18,1,0,0,33,19,14,0.575757575757576,1
"lasso.cv",61,80,0.33,"FALSE","FALSE","FALSE","7.4283977278374","6.25520847798634","1.17318924985105","0.679","1,2,3,4,5,6,7,9,13,22,27,28,31,38,52,60,66,77,78,80,81,83,84,85,87,88,89",0.0231125180388467,FALSE,14,0,0,1,27,14,13,0.518518518518518,0.928571428571429
"lasso.cv",62,80,0.33,"FALSE","FALSE","FALSE","8.48937079787035","5.53900892499579","2.95036187287456","0.968","1,2,3,4,5,6,7,14,15,33,42,52,61,62,68,72,74,80,83,84,85,86,87,88,89,91",0.00964359466957553,FALSE,11,1,0,0,26,12,14,0.461538461538462,1
"lasso.cv",63,80,0.33,"FALSE","FALSE","FALSE","9.38011550563984","6.47673395677949","2.90338154886035","1.221","1,2,3,4,5,6,7,14,15,17,27,31,33,36,50,52,55,58,59,64,68,69,70,79,81,82,83,84,85,86,87,88,89,93",0.014154005290538,FALSE,19,1,0,0,34,20,14,0.588235294117647,1
"lasso.cv",64,80,0.33,"FALSE","FALSE","FALSE","10.3385409496182","4.30874905792535","6.0297918916929","0.38","1,2,3,4,5,6,7,8,19,20,42,44,49,55,57,59,61,62,68,70,71,72,74,79,82,83,84,85,86,87,88,89,90,91",0.00800269272588891,FALSE,18,2,0,0,34,20,14,0.588235294117647,1
"lasso.cv",65,80,0.33,"FALSE","FALSE","FALSE","10.2846696398448","6.25833597519989","4.02633366464495","0.493","1,2,3,4,5,6,7,8,9,17,18,23,26,41,51,52,56,62,67,80,82,83,84,85,86,87,88,89,91",0.00856568706233403,FALSE,14,1,0,0,29,15,14,0.517241379310345,1
"lasso.cv",66,80,0.33,"FALSE","FALSE","FALSE","9.60895155512823","6.32009457818971","3.28885697693853","0.656","1,2,3,4,5,6,7,9,13,17,18,21,24,28,29,36,40,47,52,64,68,69,72,74,75,78,82,83,84,85,86,87,88,89",0.0130346904693162,FALSE,20,0,0,0,34,20,14,0.588235294117647,1
"lasso.cv",67,80,0.33,"FALSE","FALSE","FALSE","9.81320417705781","5.13569917835948","4.67750499869833","0.902","1,2,3,4,5,6,7,11,17,26,27,28,29,30,38,42,43,51,58,62,65,67,68,69,70,76,77,80,81,82,83,84,85,86,87,88,89,91",0.0124395663858863,FALSE,23,1,0,0,38,24,14,0.631578947368421,1
"lasso.cv",68,80,0.33,"FALSE","FALSE","FALSE","10.4645644649786","6.75269147411979","3.71187299085878","0.611","1,2,3,4,5,6,7,12,13,16,19,21,22,23,24,28,36,42,52,55,57,59,61,62,63,64,68,70,74,76,80,84,85,86,87,88,89",0.0115051637474634,FALSE,24,0,0,1,37,24,13,0.648648648648649,0.928571428571429
"lasso.cv",69,80,0.33,"FALSE","FALSE","FALSE","8.1522794957998","6.13045307261892","2.02182642318087","0.603","1,2,3,4,5,6,7,9,22,27,29,35,36,49,64,75,76,77,79,81,83,84,85,86,87,88,89",0.0107131125393355,FALSE,13,0,0,0,27,13,14,0.481481481481481,1
"lasso.cv",7,80,0.33,"FALSE","FALSE","FALSE","10.2748872813317","5.30352254807683","4.97136473325487","0.338","1,2,3,4,5,6,7,8,14,17,22,24,35,36,45,48,51,52,56,61,67,68,70,71,72,74,77,79,80,84,85,86,87,88,89,91,92",0.015970569621826,FALSE,22,2,0,1,37,24,13,0.648648648648649,0.928571428571429
"lasso.cv",70,80,0.33,"FALSE","FALSE","FALSE","10.6274508070627","6.39580038817241","4.23165041889034","0.578","1,2,3,4,5,6,7,10,13,17,23,29,31,32,36,62,68,72,76,78,80,81,82,83,84,85,86,87,88,89,90,91,93",0.00949318111081303,FALSE,16,3,0,0,33,19,14,0.575757575757576,1
"lasso.cv",71,80,0.33,"FALSE","FALSE","FALSE","8.14695066586411","5.86298641483546","2.28396425102865","0.801","1,2,3,4,5,6,7,9,12,14,15,21,25,27,31,43,46,49,50,54,56,66,70,71,77,80,82,83,84,85,86,87,88,89,90,91,92,93",0.0104113478294994,FALSE,20,4,0,0,38,24,14,0.631578947368421,1
"lasso.cv",72,80,0.33,"FALSE","FALSE","FALSE","8.91698081187991","6.56404953696519","2.35293127491473","0.657","2,3,4,5,6,7,8,12,17,22,29,32,33,36,43,51,52,68,69,70,74,75,77,79,80,83,84,85,86,87,88,89,90",0.0138619991421616,FALSE,19,1,1,0,33,20,13,0.606060606060606,0.928571428571429
"lasso.cv",73,80,0.33,"FALSE","FALSE","FALSE","8.41394983493728","6.9166129191158","1.49733691582148","0.79","1,2,3,4,5,6,7,10,12,15,17,18,21,23,31,33,34,35,39,53,54,57,59,68,69,70,73,74,76,79,80,82,83,84,85,86,87,88,89,92,93",0.0160328290231601,FALSE,25,2,0,0,41,27,14,0.658536585365854,1
"lasso.cv",74,80,0.33,"FALSE","FALSE","FALSE","9.75620469725262","5.23296936396528","4.52323533328734","0.518","1,2,3,4,5,6,7,12,22,28,31,36,38,48,49,58,59,62,69,70,74,75,76,80,83,84,85,86,87,88,89,91,93",0.0108092912565122,FALSE,17,2,0,0,33,19,14,0.575757575757576,1
"lasso.cv",75,80,0.33,"FALSE","FALSE","FALSE","8.76971397377629","7.44267561841976","1.32703835535653","1.015","1,2,3,4,5,6,7,9,10,11,12,14,16,17,19,21,24,25,31,32,33,39,40,41,52,56,62,65,66,69,80,81,84,85,86,87,88,89,91,93",0.0204399515199504,FALSE,25,2,0,1,40,27,13,0.675,0.928571428571429
"lasso.cv",76,80,0.33,"FALSE","FALSE","FALSE","9.81307933901944","7.40509599364379","2.40798334537565","0.719","1,2,3,4,5,6,7,11,14,17,19,20,24,25,26,27,31,38,41,42,50,52,54,56,59,61,63,73,77,79,83,84,85,86,87,88,89",0.0197012758421215,FALSE,23,0,0,0,37,23,14,0.621621621621622,1
"lasso.cv",77,80,0.33,"FALSE","FALSE","FALSE","8.99846178755201","4.89879214279011","4.0996696447619","0.563","1,2,3,4,5,6,7,9,14,17,21,29,31,41,45,46,48,52,54,62,65,68,72,77,80,83,84,85,86,87,88,89,91",0.0242282099236995,FALSE,18,1,0,0,33,19,14,0.575757575757576,1
"lasso.cv",78,80,0.33,"FALSE","FALSE","FALSE","9.16978020447041","6.52342150261596","2.64635870185445","1.157","1,2,3,4,5,6,7,9,10,12,14,17,21,28,29,36,42,45,52,55,61,62,65,68,72,76,78,80,84,85,86,87,88,89,90",0.0200557624094469,FALSE,21,1,0,1,35,22,13,0.628571428571429,0.928571428571429
"lasso.cv",79,80,0.33,"FALSE","FALSE","FALSE","9.84369560751377","5.95890130730821","3.88479430020557","0.534","1,2,3,4,5,6,7,13,14,18,27,31,35,38,51,67,69,70,80,84,85,86,87,88,89,91",0.0074412627725663,FALSE,12,1,0,1,26,13,13,0.5,0.928571428571429
"lasso.cv",8,80,0.33,"FALSE","FALSE","FALSE","8.05419334627634","6.33214409478946","1.72204925148689","0.576","1,2,3,4,5,6,7,12,16,17,21,23,31,42,51,52,58,61,69,74,75,76,78,83,84,85,86,87,88,89,91,92",0.0111455276662613,FALSE,16,2,0,0,32,18,14,0.5625,1
"lasso.cv",80,80,0.33,"FALSE","FALSE","FALSE","9.60054688863492","6.58217279200252","3.0183740966324","0.793","1,2,3,4,5,6,7,9,18,31,38,51,52,54,55,59,65,68,70,75,77,79,84,85,86,87,88,89,91,93",0.0152460711157067,FALSE,15,2,0,1,30,17,13,0.566666666666667,0.928571428571429
"lasso.cv",81,80,0.33,"FALSE","FALSE","FALSE","9.5487908911569","5.40116622683496","4.14762466432195","0.639","1,2,3,4,5,6,7,11,13,14,24,27,30,33,35,36,38,52,56,58,60,65,69,72,76,78,79,83,84,85,87,88,89,90,91,93",0.0224811066329198,FALSE,20,3,0,1,36,23,13,0.638888888888889,0.928571428571429
"lasso.cv",82,80,0.33,"FALSE","FALSE","FALSE","9.45399652510118","4.82872843787173","4.62526808722946","0.576","1,2,3,4,5,6,7,9,11,12,14,17,25,26,34,36,38,39,40,46,47,48,53,56,57,61,62,65,66,75,76,82,84,85,86,87,88,89,90,93",0.0147958380742602,FALSE,25,2,0,1,40,27,13,0.675,0.928571428571429
"lasso.cv",83,80,0.33,"FALSE","FALSE","FALSE","9.07858010508136","6.12377080721518","2.95480929786617","0.816","1,2,3,4,5,6,7,9,14,18,20,22,28,36,38,43,44,45,51,54,58,65,68,70,72,75,77,78,80,84,85,86,87,88,89,90,93",0.0145580238456635,FALSE,22,2,0,1,37,24,13,0.648648648648649,0.928571428571429
"lasso.cv",84,80,0.33,"FALSE","FALSE","FALSE","9.06341863289826","4.15566451416168","4.90775411873658","0.548","1,2,3,4,5,6,7,8,10,12,15,17,21,23,28,30,35,37,38,40,44,48,50,51,58,64,65,66,70,74,76,83,84,85,86,87,88,89,93",0.010717969554166,FALSE,24,1,0,0,39,25,14,0.641025641025641,1
"lasso.cv",85,80,0.33,"FALSE","FALSE","FALSE","8.67545465851849","5.77736766501944","2.89808699349905","0.667","1,2,3,4,5,6,7,12,18,19,20,28,29,36,48,51,52,53,56,57,59,65,68,75,79,82,83,84,85,86,87,88,89",0.0103753786454384,FALSE,19,0,0,0,33,19,14,0.575757575757576,1
"lasso.cv",86,80,0.33,"FALSE","FALSE","FALSE","9.37310508791812","6.6072318002017","2.76587328771642","0.78","1,2,3,4,5,6,7,8,9,14,16,17,20,27,31,32,34,35,36,38,42,47,48,49,57,72,79,80,82,83,84,85,86,87,88,89",0.0102941175200923,FALSE,22,0,0,0,36,22,14,0.611111111111111,1
"lasso.cv",87,80,0.33,"FALSE","FALSE","FALSE","9.08748118072387","4.41005397242739","4.67742720829648","0.55","1,2,3,4,5,6,7,18,19,20,28,31,32,37,38,42,51,52,53,54,61,63,68,72,79,83,84,85,86,87,88,89,90,91",0.0137683677501052,FALSE,18,2,0,0,34,20,14,0.588235294117647,1
"lasso.cv",88,80,0.33,"FALSE","FALSE","FALSE","8.11428637392398","6.71562620737294","1.39866016655105","0.648","1,2,3,4,5,6,7,9,10,14,15,16,17,19,23,31,33,40,44,45,52,53,55,59,64,65,70,74,79,81,83,84,85,86,87,88,89,90,93",0.0210480303280665,FALSE,23,2,0,0,39,25,14,0.641025641025641,1
"lasso.cv",89,80,0.33,"FALSE","FALSE","FALSE","8.68321112843229","5.92836773363554","2.75484339479675","0.688","1,2,3,4,5,6,7,20,27,30,31,35,38,42,50,52,53,54,55,62,64,65,66,70,72,73,75,78,81,83,84,85,86,87,88,89",0.0070618137341153,FALSE,22,0,0,0,36,22,14,0.611111111111111,1
"lasso.cv",9,80,0.33,"FALSE","FALSE","FALSE","9.43641727761579","6.59212494251383","2.84429233510196","1.069","1,2,3,4,5,6,7,9,12,15,17,25,27,28,30,43,51,52,54,74,77,79,81,82,83,84,85,86,87,88,89,93",0.013934390759148,FALSE,17,1,0,0,32,18,14,0.5625,1
"lasso.cv",90,80,0.33,"FALSE","FALSE","FALSE","7.81840670041642","6.06940560206774","1.74900109834868","0.568","1,2,3,4,5,7,14,17,20,21,23,26,28,30,41,42,45,47,49,50,52,55,57,61,69,71,72,73,74,76,78,83,84,85,86,87,88,89,92",0.0152783658523688,FALSE,25,1,1,0,39,26,13,0.666666666666667,0.928571428571429
"lasso.cv",91,80,0.33,"FALSE","FALSE","FALSE","9.05063690861646","5.4435132904654","3.60712361815106","0.453","1,2,3,4,5,6,7,11,13,14,15,21,23,25,26,33,34,39,42,48,62,68,70,81,83,84,85,86,87,88,89,92",0.0063386126473224,FALSE,17,1,0,0,32,18,14,0.5625,1
"lasso.cv",92,80,0.33,"FALSE","FALSE","FALSE","8.61302841491782","4.98187886628502","3.6311495486328","0.663","1,2,3,4,5,6,7,8,12,14,15,17,21,24,27,30,32,38,45,50,53,57,61,67,72,73,74,84,85,87,88,89",0.0144380611031467,FALSE,20,0,0,2,32,20,12,0.625,0.857142857142857
"lasso.cv",93,80,0.33,"FALSE","FALSE","FALSE","9.11998755161559","6.47361256336548","2.64637498825012","0.514","1,2,3,4,5,6,7,9,14,16,19,21,22,25,31,35,36,42,47,53,55,58,59,60,61,68,69,70,72,76,78,79,82,84,86,87,88,89",0.0176645521250845,FALSE,26,0,0,2,38,26,12,0.684210526315789,0.857142857142857
"lasso.cv",94,80,0.33,"FALSE","FALSE","FALSE","7.98204856666188","6.00327730109268","1.9787712655692","0.815","1,2,3,4,5,6,7,14,18,19,24,25,28,41,42,45,46,52,55,60,68,69,72,74,76,78,84,86,87,88,89",0.0195725217617851,FALSE,19,0,0,2,31,19,12,0.612903225806452,0.857142857142857
"lasso.cv",95,80,0.33,"FALSE","FALSE","FALSE","9.46818898609699","6.62149813231099","2.846690853786","0.607","1,2,3,4,5,6,7,9,12,13,14,18,21,26,35,38,43,44,45,49,52,58,66,69,78,79,81,83,84,86,87,88,89,90",0.0172737821666158,FALSE,20,1,0,1,34,21,13,0.617647058823529,0.928571428571429
"lasso.cv",96,80,0.33,"FALSE","FALSE","FALSE","9.01007635403536","6.69243976604608","2.31763658798928","0.553","1,2,3,4,5,6,7,8,14,17,19,24,25,35,50,52,58,61,68,69,74,82,83,84,85,86,87,88,89",0.0106957042977408,FALSE,15,0,0,0,29,15,14,0.517241379310345,1
"lasso.cv",97,80,0.33,"FALSE","FALSE","FALSE","9.4139279083279","5.77747965056882","3.63644825775909","0.662","1,2,3,4,5,6,7,12,14,15,20,21,22,24,27,30,31,40,41,50,51,52,54,68,73,78,80,83,84,85,86,87,88,89,91,92,93",0.0141050263622938,FALSE,20,3,0,0,37,23,14,0.621621621621622,1
"lasso.cv",98,80,0.33,"FALSE","FALSE","FALSE","9.65189544403587","7.05445966038876","2.5974357836471","0.769","1,2,3,4,5,6,7,8,12,14,16,25,27,30,31,32,37,48,52,55,58,71,73,75,77,82,84,85,86,87,88,89,93",0.00963174906110089,FALSE,19,1,0,1,33,20,13,0.606060606060606,0.928571428571429
"lasso.cv",99,80,0.33,"FALSE","FALSE","FALSE","8.90332284912712","6.70703292825265","2.19628992087447","0.664","1,2,3,4,5,6,7,14,15,30,35,41,45,50,52,53,54,58,61,64,65,66,69,73,83,84,85,86,87,88,89,90,91",0.0149652418455759,FALSE,17,2,0,0,33,19,14,0.575757575757576,1
"S.A",1,80,0.33,"FALSE","FALSE","FALSE","8.68507979549966","5.54816591130751","3.13691388419215","0.825","2,4,5,6,7,85,87,88,89",0.0215848623187724,FALSE,0,0,2,3,9,0,9,0,0.642857142857143
"S.A",10,80,0.33,"FALSE","FALSE","FALSE","8.90438475751589","4.73752941157339","4.1668553459425","0.707","1,2,4,7,84,85,86,88,89",0.0300807202207664,FALSE,0,0,3,2,9,0,9,0,0.642857142857143
"S.A",100,80,0.33,"FALSE","FALSE","FALSE","9.10246095616068","5.00305657122597","4.09940438493471","0.636","2,4,5,6,7,84,85,87,88,89",0.017565401290813,FALSE,0,0,2,2,10,0,10,0,0.714285714285714
"S.A",11,80,0.33,"FALSE","FALSE","FALSE","8.98057869361933","5.04659681238199","3.93398188123734","0.851","2,4,6,7,87,88,89,93",0.054006036037971,FALSE,0,1,3,4,8,1,7,0.125,0.5
"S.A",12,80,0.33,"FALSE","FALSE","FALSE","9.28299605859598","4.99048373247494","4.29251232612105","0.655","2,4,6,7,85,86,87,88,89",0.0247202000381602,FALSE,0,0,3,2,9,0,9,0,0.642857142857143
"S.A",13,80,0.33,"FALSE","FALSE","FALSE","10.8055321869201","6.25950524961415","4.54602693730593","0.585","2,3,4,5,6,7,85,87,88,89",0.0183513906876516,FALSE,0,0,1,3,10,0,10,0,0.714285714285714
"S.A",14,80,0.33,"FALSE","FALSE","FALSE","10.3500033470433","4.41771267973434","5.93229066730891","0.632","2,4,6,7,84,85,86,87,88,89",0.0208126298230197,FALSE,0,0,3,1,10,0,10,0,0.714285714285714
"S.A",15,80,0.33,"FALSE","FALSE","FALSE","8.73395186506318","6.60928274417204","2.12466912089115","0.946","2,3,4,5,6,7,68,83,89",0.0428859209783291,FALSE,1,0,1,5,9,1,8,0.111111111111111,0.571428571428571
"S.A",16,80,0.33,"FALSE","FALSE","FALSE","8.94742115415161","6.73560824006728","2.21181291408432","0.728","1,2,3,4,5,6,42,84,87",0.0515605077925284,FALSE,1,0,1,5,9,1,8,0.111111111111111,0.571428571428571
"S.A",17,80,0.33,"FALSE","FALSE","FALSE","9.37083714282683","6.51652446868737","2.85431267413946","0.635","2,3,4,5,7,50,85,88,89",0.0365043813103604,FALSE,1,0,2,4,9,1,8,0.111111111111111,0.571428571428571
"S.A",18,80,0.33,"FALSE","FALSE","FALSE","8.2841016741597","6.99368429665078","1.29041737750892","0.74","1,2,3,4,5,12,79,89",0.0626481165330615,FALSE,2,0,2,6,8,2,6,0.25,0.428571428571429
"S.A",19,80,0.33,"FALSE","FALSE","FALSE","9.50334620499775","6.66370169653846","2.83964450845929","0.644","2,3,4,5,6,7,87,88,89,92",0.0262126052934452,FALSE,0,1,1,4,10,1,9,0.1,0.642857142857143
"S.A",2,80,0.33,"FALSE","FALSE","FALSE","8.26059445720318","5.12043845911458","3.1401559980886","0.788","2,4,6,7,83,88,89",0.0500822983384775,FALSE,0,0,3,4,7,0,7,0,0.5
"S.A",20,80,0.33,"FALSE","FALSE","FALSE","8.51941046016075","6.29832094163441","2.22108951852634","0.767","1,2,3,4,5,7,84,89",0.0383801818049804,FALSE,0,0,1,5,8,0,8,0,0.571428571428571
"S.A",21,80,0.33,"FALSE","FALSE","FALSE","8.5405378107964","4.84337919998084","3.69715861081555","0.708","3,4,6,7,83,85,88,89",0.0513307979420177,FALSE,0,0,3,3,8,0,8,0,0.571428571428571
"S.A",22,80,0.33,"FALSE","FALSE","FALSE","9.84261612082661","4.9118820416487","4.93073407917791","0.48","2,4,6,7,85,86,87,88,89",0.0276395117958557,FALSE,0,0,3,2,9,0,9,0,0.642857142857143
"S.A",23,80,0.33,"FALSE","FALSE","FALSE","9.02082524219606","6.3660226071486","2.65480263504746","0.622","1,2,3,4,5,6,84,89",0.0399600501037281,FALSE,0,0,1,5,8,0,8,0,0.571428571428571
"S.A",24,80,0.33,"FALSE","FALSE","FALSE","8.49783482247432","3.40365319780104","5.09418162467327","0.538","2,4,7,83,85,86,88,89",0.0452023020903528,FALSE,0,0,4,2,8,0,8,0,0.571428571428571
"S.A",25,80,0.33,"FALSE","FALSE","FALSE","9.28872601216691","6.87122838510565","2.41749762706125","0.64","1,2,3,4,5,22,52,84,89",0.0538190424652515,FALSE,2,0,2,5,9,2,7,0.222222222222222,0.5
"S.A",26,80,0.33,"FALSE","FALSE","FALSE","10.7350042901909","6.76361198422659","3.97139230596429","0.601","2,3,4,5,6,7,80,83,85,88,89",0.0217941337517679,FALSE,1,0,1,3,11,1,10,0.0909090909090909,0.714285714285714
"S.A",27,80,0.33,"FALSE","FALSE","FALSE","9.03114895262816","4.55316439618361","4.47798455644455","0.763","1,2,4,84,86,87,88,89",0.0430493125908097,FALSE,0,0,4,2,8,0,8,0,0.571428571428571
"S.A",28,80,0.33,"FALSE","FALSE","FALSE","8.1117386094202","4.9209745337321","3.1907640756881","1.134","2,4,6,7,83,88,89",0.0483205644598465,FALSE,0,0,3,4,7,0,7,0,0.5
"S.A",29,80,0.33,"FALSE","FALSE","FALSE","8.59900690950404","6.38259548610714","2.2164114233969","0.462","1,2,3,4,5,12,84,89",0.0540757377306338,FALSE,1,0,2,5,8,1,7,0.125,0.5
"S.A",3,80,0.33,"FALSE","FALSE","FALSE","9.01003246589878","5.53216558141464","3.47786688448414","1.082","1,2,3,4,5,9,84,89",0.0489986592309001,FALSE,1,0,2,5,8,1,7,0.125,0.5
"S.A",30,80,0.33,"FALSE","FALSE","FALSE","7.45737767806419","6.28260937555378","1.17476830251041","0.842","1,2,3,4,5,12,42,89",0.0623088992923722,FALSE,2,0,2,6,8,2,6,0.25,0.428571428571429
"S.A",31,80,0.33,"FALSE","FALSE","FALSE","7.52059889125331","6.20652706695297","1.31407182430034","0.705","1,2,4,5,23,89",0.0867567333200365,FALSE,1,0,3,6,6,1,5,0.166666666666667,0.357142857142857
"S.A",32,80,0.33,"FALSE","FALSE","FALSE","8.64903266882828","6.17823435169693","2.47079831713135","0.633","1,2,3,4,5,12,89,91",0.0642635502659555,FALSE,1,1,2,6,8,2,6,0.25,0.428571428571429
"S.A",33,80,0.33,"FALSE","FALSE","FALSE","10.0049930001797","6.93627287133982","3.06872012883988","0.694","2,3,4,5,6,7,85,87,88,89",0.01912117611816,FALSE,0,0,1,3,10,0,10,0,0.714285714285714
"S.A",34,80,0.33,"FALSE","FALSE","FALSE","8.35490805504904","6.05145954492963","2.30344851011941","0.579","1,2,3,4,5,84,89",0.0498122566426215,FALSE,0,0,2,5,7,0,7,0,0.5
"S.A",35,80,0.33,"FALSE","FALSE","FALSE","9.70504034169956","4.39963514780589","5.30540519389367","0.502","2,4,6,7,83,86,87,88,89",0.0300225631035166,FALSE,0,0,3,2,9,0,9,0,0.642857142857143
"S.A",36,80,0.33,"FALSE","FALSE","FALSE","10.558281511159","6.93812013868994","3.62016137246904","0.553","2,3,4,5,6,7,67,83,88,89",0.0301082175371095,FALSE,1,0,1,4,10,1,9,0.1,0.642857142857143
"S.A",37,80,0.33,"FALSE","FALSE","FALSE","8.79939261309085","6.07243474795661","2.72695786513424","0.82","2,4,6,7,85,86,87,88,89",0.0278784539648333,FALSE,0,0,3,2,9,0,9,0,0.642857142857143
"S.A",38,80,0.33,"FALSE","FALSE","FALSE","8.47183145084685","4.62534688564164","3.84648456520521","0.552","2,4,6,7,85,86,87,88,89",0.0239310745850634,FALSE,0,0,3,2,9,0,9,0,0.642857142857143
"S.A",39,80,0.33,"FALSE","FALSE","FALSE","7.6649190486968","5.25682959990755","2.40808944878924","0.546","1,2,3,5,45,84,89",0.0710554514913699,FALSE,1,0,3,5,7,1,6,0.142857142857143,0.428571428571429
"S.A",4,80,0.33,"FALSE","FALSE","FALSE","8.61595975355861","5.54977911878711","3.06618063477151","0.823","1,2,3,4,5,12,84,89,91",0.0509457483621443,FALSE,1,1,2,5,9,2,7,0.222222222222222,0.5
"S.A",40,80,0.33,"FALSE","FALSE","FALSE","8.64181702091037","6.51426056264848","2.12755645826189","0.543","1,2,3,4,5,84,89",0.0538638341637972,FALSE,0,0,2,5,7,0,7,0,0.5
"S.A",41,80,0.33,"FALSE","FALSE","FALSE","8.2422276384859","5.73394282719156","2.50828481129434","0.823","2,4,5,57,59,80,84,89",0.071825635586808,FALSE,3,0,4,5,8,3,5,0.375,0.357142857142857
"S.A",42,80,0.33,"FALSE","FALSE","FALSE","8.03187284255793","5.86054285533507","2.17132998722286","0.562","1,2,3,4,5,84,89",0.0509885187964838,FALSE,0,0,2,5,7,0,7,0,0.5
"S.A",43,80,0.33,"FALSE","FALSE","FALSE","7.48108487655593","6.08956550066847","1.39151937588747","0.574","1,2,3,4,5,12,89",0.0662263978523482,FALSE,1,0,2,6,7,1,6,0.142857142857143,0.428571428571429
"S.A",44,80,0.33,"FALSE","FALSE","FALSE","9.10346410570968","6.69146646569965","2.41199764001003","0.715","1,2,3,4,5,6,7,58,88,89",0.0292746440728556,FALSE,1,0,0,5,10,1,9,0.1,0.642857142857143
"S.A",45,80,0.33,"FALSE","FALSE","FALSE","7.72502296149431","6.14605267333358","1.57897028816073","0.729","1,2,4,5,10,79,85,89",0.0684253948392051,FALSE,2,0,3,5,8,2,6,0.25,0.428571428571429
"S.A",46,80,0.33,"FALSE","FALSE","FALSE","7.39108682570161","5.232672847799","2.15841397790261","0.648","1,2,4,5,84,89",0.0696289851384578,FALSE,0,0,3,5,6,0,6,0,0.428571428571429
"S.A",47,80,0.33,"FALSE","FALSE","FALSE","8.19645277605949","5.46981575961921","2.72663701644027","0.84","1,2,4,22,84,86,89",0.0717600099670577,FALSE,1,0,4,4,7,1,6,0.142857142857143,0.428571428571429
"S.A",48,80,0.33,"FALSE","FALSE","FALSE","9.24553282096322","6.83575162331665","2.40978119764657","0.724","2,4,5,6,7,59,87,88,89",0.032335939095039,FALSE,1,0,2,4,9,1,8,0.111111111111111,0.571428571428571
"S.A",49,80,0.33,"FALSE","FALSE","FALSE","9.14682759380049","6.07957509045721","3.06725250334328","0.79","2,3,4,5,7,85,88,89",0.0320526296342483,FALSE,0,0,2,4,8,0,8,0,0.571428571428571
"S.A",5,80,0.33,"FALSE","FALSE","FALSE","8.83117238307331","5.16785569248933","3.66331669058398","0.431","2,4,5,6,7,85,87,88",0.0389100930188992,FALSE,0,0,2,4,8,0,8,0,0.571428571428571
"S.A",50,80,0.33,"FALSE","FALSE","FALSE","9.0111022186975","6.06582760041517","2.94527461828233","0.773","1,2,3,4,5,59,84,89",0.0523845796144841,FALSE,1,0,2,5,8,1,7,0.125,0.5
"S.A",51,80,0.33,"FALSE","FALSE","FALSE","8.09483384072682","6.39590053990639","1.69893330082043","0.784","2,3,4,5,6,7,89",0.0473664194751288,FALSE,0,0,1,6,7,0,7,0,0.5
"S.A",52,80,0.33,"FALSE","FALSE","FALSE","9.61440038417353","5.44370301874863","4.17069736542489","0.681","2,3,4,5,7,87,88,89,92",0.0315986433883497,FALSE,0,1,2,4,9,1,8,0.111111111111111,0.571428571428571
"S.A",53,80,0.33,"FALSE","FALSE","FALSE","9.50869163279243","4.2025021055436","5.30618952724882","0.378","2,4,6,7,83,86,87,88,89",0.0298527495332169,FALSE,0,0,3,2,9,0,9,0,0.642857142857143
"S.A",54,80,0.33,"FALSE","FALSE","FALSE","9.09082336240972","4.38282849395178","4.70799486845794","0.471","1,2,4,6,84,86,87,88,89",0.0309016431093828,FALSE,0,0,3,2,9,0,9,0,0.642857142857143
"S.A",55,80,0.33,"FALSE","FALSE","FALSE","9.5137579567016","4.50801944309808","5.00573851360352","0.538","2,4,6,7,85,86,87,88,89",0.0285401661328631,FALSE,0,0,3,2,9,0,9,0,0.642857142857143
"S.A",56,80,0.33,"FALSE","FALSE","FALSE","10.1648701481688","6.82666775850507","3.33820238966374","0.929","2,4,5,6,7,85,86,87,88,89",0.0162440470858681,FALSE,0,0,2,2,10,0,10,0,0.714285714285714
"S.A",57,80,0.33,"FALSE","FALSE","FALSE","9.64743589710165","4.33636621887916","5.31106967822249","0.48","2,4,6,7,83,85,86,87,88,89",0.0241850382841524,FALSE,0,0,3,1,10,0,10,0,0.714285714285714
"S.A",58,80,0.33,"FALSE","FALSE","FALSE","9.58384108857471","6.39206553059456","3.19177555798015","0.363","2,3,4,5,6,7,87,88,89",0.0221519190045623,FALSE,0,0,1,4,9,0,9,0,0.642857142857143
"S.A",59,80,0.33,"FALSE","FALSE","FALSE","8.2465639927197","5.31583825521075","2.93072573750895","0.573","2,4,5,6,7,87,88,89",0.02947887658203,FALSE,0,0,2,4,8,0,8,0,0.571428571428571
"S.A",6,80,0.33,"FALSE","FALSE","FALSE","8.59926245446015","5.24727839528518","3.35198405917497","0.717","2,4,6,7,83,85,86,87,88,89",0.0247246717215865,FALSE,0,0,3,1,10,0,10,0,0.714285714285714
"S.A",60,80,0.33,"FALSE","FALSE","FALSE","10.0380362006781","5.32442367970775","4.71361252097032","0.52","2,3,4,6,7,83,85,87,88,89",0.02316913595278,FALSE,0,0,2,2,10,0,10,0,0.714285714285714
"S.A",61,80,0.33,"FALSE","FALSE","FALSE","7.4283977278374","6.25520847798634","1.17318924985105","0.679","1,3,4,5,7,31,89",0.0709048563497529,FALSE,1,0,2,6,7,1,6,0.142857142857143,0.428571428571429
"S.A",62,80,0.33,"FALSE","FALSE","FALSE","8.48937079787035","5.53900892499579","2.95036187287456","0.968","2,4,5,6,7,85,87,88,89",0.0238971537319268,FALSE,0,0,2,3,9,0,9,0,0.642857142857143
"S.A",63,80,0.33,"FALSE","FALSE","FALSE","9.38011550563984","6.47673395677949","2.90338154886035","1.221","2,3,4,5,6,7,85,87,88,89",0.0163388581253543,FALSE,0,0,1,3,10,0,10,0,0.714285714285714
"S.A",64,80,0.33,"FALSE","FALSE","FALSE","10.3385409496182","4.30874905792535","6.0297918916929","0.38","2,4,6,7,83,85,86,87,88,89",0.0234875412016709,FALSE,0,0,3,1,10,0,10,0,0.714285714285714
"S.A",65,80,0.33,"FALSE","FALSE","FALSE","10.2846696398448","6.25833597519989","4.02633366464495","0.493","2,3,4,5,6,7,85,87,88,89",0.0182013252396082,FALSE,0,0,1,3,10,0,10,0,0.714285714285714
"S.A",66,80,0.33,"FALSE","FALSE","FALSE","9.60895155512823","6.32009457818971","3.28885697693853","0.656","2,3,4,5,6,7,87,88,89",0.0244091080591792,FALSE,0,0,1,4,9,0,9,0,0.642857142857143
"S.A",67,80,0.33,"FALSE","FALSE","FALSE","9.81320417705781","5.13569917835948","4.67750499869833","0.902","1,2,4,5,6,84,85,86,87,88,89",0.0142263925744778,FALSE,0,0,2,1,11,0,11,0,0.785714285714286
"S.A",68,80,0.33,"FALSE","FALSE","FALSE","10.4645644649786","6.75269147411979","3.71187299085878","0.611","2,3,4,5,6,7,85,87,88,89",0.0162727716758491,FALSE,0,0,1,3,10,0,10,0,0.714285714285714
"S.A",69,80,0.33,"FALSE","FALSE","FALSE","8.1522794957998","6.13045307261892","2.02182642318087","0.603","2,3,4,5,6,7,88,89",0.0319632764927235,FALSE,0,0,1,5,8,0,8,0,0.571428571428571
"S.A",7,80,0.33,"FALSE","FALSE","FALSE","10.2748872813317","5.30352254807683","4.97136473325487","0.338","2,4,5,6,7,85,86,87,88,89",0.0179980509164246,FALSE,0,0,2,2,10,0,10,0,0.714285714285714
"S.A",70,80,0.33,"FALSE","FALSE","FALSE","10.6274508070627","6.39580038817241","4.23165041889034","0.578","2,3,4,5,6,7,84,87,88,89",0.014463200757637,FALSE,0,0,1,3,10,0,10,0,0.714285714285714
"S.A",71,80,0.33,"FALSE","FALSE","FALSE","8.14695066586411","5.86298641483546","2.28396425102865","0.801","2,3,4,5,6,80,84,89",0.0515422736911198,FALSE,1,0,2,5,8,1,7,0.125,0.5
"S.A",72,80,0.33,"FALSE","FALSE","FALSE","8.91698081187991","6.56404953696519","2.35293127491473","0.657","2,3,4,5,6,7,83,85,88,89",0.0217331258817852,FALSE,0,0,1,3,10,0,10,0,0.714285714285714
"S.A",73,80,0.33,"FALSE","FALSE","FALSE","8.41394983493728","6.9166129191158","1.49733691582148","0.79","1,2,3,4,5,6,12,89",0.0518242220496217,FALSE,1,0,1,6,8,1,7,0.125,0.5
"S.A",74,80,0.33,"FALSE","FALSE","FALSE","9.75620469725262","5.23296936396528","4.52323533328734","0.518","2,4,6,7,59,87,88,89,93",0.0499051933051406,FALSE,1,1,3,4,9,2,7,0.222222222222222,0.5
"S.A",75,80,0.33,"FALSE","FALSE","FALSE","8.76971397377629","7.44267561841976","1.32703835535653","1.015","2,3,4,6,7,9,39,89",0.068030990235449,FALSE,2,0,2,6,8,2,6,0.25,0.428571428571429
"S.A",76,80,0.33,"FALSE","FALSE","FALSE","9.81307933901944","7.40509599364379","2.40798334537565","0.719","1,2,4,5,7,73,79,85,88,89",0.0394402044439151,FALSE,2,0,2,4,10,2,8,0.2,0.571428571428571
"S.A",77,80,0.33,"FALSE","FALSE","FALSE","8.99846178755201","4.89879214279011","4.0996696447619","0.563","2,6,21,80,86,87,88,89",0.074276394437166,FALSE,2,0,5,3,8,2,6,0.25,0.428571428571429
"S.A",78,80,0.33,"FALSE","FALSE","FALSE","9.16978020447041","6.52342150261596","2.64635870185445","1.157","1,2,3,4,5,12,42,84,89",0.0622665715799027,FALSE,2,0,2,5,9,2,7,0.222222222222222,0.5
"S.A",79,80,0.33,"FALSE","FALSE","FALSE","9.84369560751377","5.95890130730821","3.88479430020557","0.534","2,3,4,5,6,7,85,87,88,89",0.0153422998054128,FALSE,0,0,1,3,10,0,10,0,0.714285714285714
"S.A",8,80,0.33,"FALSE","FALSE","FALSE","8.05419334627634","6.33214409478946","1.72204925148689","0.576","1,2,4,5,6,12,89",0.0682839592821832,FALSE,1,0,2,6,7,1,6,0.142857142857143,0.428571428571429
"S.A",80,80,0.33,"FALSE","FALSE","FALSE","9.60054688863492","6.58217279200252","3.0183740966324","0.793","1,2,3,4,5,6,84,87,88,89",0.0230264011092033,FALSE,0,0,1,3,10,0,10,0,0.714285714285714
"S.A",81,80,0.33,"FALSE","FALSE","FALSE","9.5487908911569","5.40116622683496","4.14762466432195","0.639","2,3,4,5,6,7,85,88,89",0.0270149802157643,FALSE,0,0,1,4,9,0,9,0,0.642857142857143
"S.A",82,80,0.33,"FALSE","FALSE","FALSE","9.45399652510118","4.82872843787173","4.62526808722946","0.576","2,4,6,7,85,86,87,88,89",0.0277419941362162,FALSE,0,0,3,2,9,0,9,0,0.642857142857143
"S.A",83,80,0.33,"FALSE","FALSE","FALSE","9.07858010508136","6.12377080721518","2.95480929786617","0.816","1,2,3,4,5,22,84,86",0.0639700251100902,FALSE,1,0,2,5,8,1,7,0.125,0.5
"S.A",84,80,0.33,"FALSE","FALSE","FALSE","9.06341863289826","4.15566451416168","4.90775411873658","0.548","2,4,7,40,83,86,87,88,89",0.042909438355002,FALSE,1,0,4,2,9,1,8,0.111111111111111,0.571428571428571
"S.A",85,80,0.33,"FALSE","FALSE","FALSE","8.67545465851849","5.77736766501944","2.89808699349905","0.667","2,3,4,5,6,7,85,88,89",0.0241212090312798,FALSE,0,0,1,4,9,0,9,0,0.642857142857143
"S.A",86,80,0.33,"FALSE","FALSE","FALSE","9.37310508791812","6.6072318002017","2.76587328771642","0.78","1,2,3,4,5,6,7,87,88,89",0.0156772137689674,FALSE,0,0,0,4,10,0,10,0,0.714285714285714
"S.A",87,80,0.33,"FALSE","FALSE","FALSE","9.08748118072387","4.41005397242739","4.67742720829648","0.55","2,4,6,7,85,86,87,88,89",0.028739126556206,FALSE,0,0,3,2,9,0,9,0,0.642857142857143
"S.A",88,80,0.33,"FALSE","FALSE","FALSE","8.11428637392398","6.71562620737294","1.39866016655105","0.648","1,2,3,4,5,55,87,89",0.0480135915154105,FALSE,1,0,2,5,8,1,7,0.125,0.5
"S.A",89,80,0.33,"FALSE","FALSE","FALSE","8.68321112843229","5.92836773363554","2.75484339479675","0.688","1,2,3,4,5,84,89",0.0517957147172954,FALSE,0,0,2,5,7,0,7,0,0.5
"S.A",9,80,0.33,"FALSE","FALSE","FALSE","9.43641727761579","6.59212494251383","2.84429233510196","1.069","1,2,3,4,5,6,7,89",0.0361914923303594,FALSE,0,0,0,6,8,0,8,0,0.571428571428571
"S.A",90,80,0.33,"FALSE","FALSE","FALSE","7.81840670041642","6.06940560206774","1.74900109834868","0.568","1,2,3,4,5,84,89",0.0504888180468482,FALSE,0,0,2,5,7,0,7,0,0.5
"S.A",91,80,0.33,"FALSE","FALSE","FALSE","9.05063690861646","5.4435132904654","3.60712361815106","0.453","2,3,4,5,6,7,87,88,89",0.0199667716597739,FALSE,0,0,1,4,9,0,9,0,0.642857142857143
"S.A",92,80,0.33,"FALSE","FALSE","FALSE","8.61302841491782","4.98187886628502","3.6311495486328","0.663","2,4,6,7,85,87,88,89",0.0336627166400129,FALSE,0,0,3,3,8,0,8,0,0.571428571428571
"S.A",93,80,0.33,"FALSE","FALSE","FALSE","9.11998755161559","6.47361256336548","2.64637498825012","0.514","2,3,4,5,6,7,87,88,89",0.0257429548713863,FALSE,0,0,1,4,9,0,9,0,0.642857142857143
"S.A",94,80,0.33,"FALSE","FALSE","FALSE","7.98204856666188","6.00327730109268","1.9787712655692","0.815","1,2,3,4,5,7,28,88,89",0.036152754712868,FALSE,1,0,1,5,9,1,8,0.111111111111111,0.571428571428571
"S.A",95,80,0.33,"FALSE","FALSE","FALSE","9.46818898609699","6.62149813231099","2.846690853786","0.607","2,3,4,5,6,7,87,88,89",0.0211598534503212,FALSE,0,0,1,4,9,0,9,0,0.642857142857143
"S.A",96,80,0.33,"FALSE","FALSE","FALSE","9.01007635403536","6.69243976604608","2.31763658798928","0.553","1,2,3,4,5,6,84,89",0.0369508033799709,FALSE,0,0,1,5,8,0,8,0,0.571428571428571
"S.A",97,80,0.33,"FALSE","FALSE","FALSE","9.4139279083279","5.77747965056882","3.63644825775909","0.662","2,3,4,6,7,86,87,88,92",0.0431591497478884,FALSE,0,1,2,4,9,1,8,0.111111111111111,0.571428571428571
"S.A",98,80,0.33,"FALSE","FALSE","FALSE","9.65189544403587","7.05445966038876","2.5974357836471","0.769","1,2,3,4,5,12,73,84,86,89",0.0426641158225048,FALSE,2,0,2,4,10,2,8,0.2,0.571428571428571
"S.A",99,80,0.33,"FALSE","FALSE","FALSE","8.90332284912712","6.70703292825265","2.19628992087447","0.664","1,2,3,4,5,35,84,89",0.0573101471090125,FALSE,1,0,2,5,8,1,7,0.125,0.5
"S.A.b",1,80,0.33,"FALSE","FALSE","FALSE","8.68507979549966","5.54816591130751","3.13691388419215","0.825","2,4,6,7,53,83,85,86,87,88,89",0.0253014145175589,FALSE,1,0,3,1,11,1,10,0.0909090909090909,0.714285714285714
"S.A.b",10,80,0.33,"FALSE","FALSE","FALSE","8.90438475751589","4.73752941157339","4.1668553459425","0.707","1,2,4,6,7,84,85,86,87,88,89",0.0143702576762266,FALSE,0,0,2,1,11,0,11,0,0.785714285714286
"S.A.b",100,80,0.33,"FALSE","FALSE","FALSE","9.10246095616068","5.00305657122597","4.09940438493471","0.636","2,4,5,6,7,84,85,86,87,88,89",0.0120632169862599,FALSE,0,0,2,1,11,0,11,0,0.785714285714286
"S.A.b",11,80,0.33,"FALSE","FALSE","FALSE","8.98057869361933","5.04659681238199","3.93398188123734","0.851","2,4,6,7,85,86,87,88,89,93",0.0332995954263536,FALSE,0,1,3,2,10,1,9,0.1,0.642857142857143
"S.A.b",12,80,0.33,"FALSE","FALSE","FALSE","9.28299605859598","4.99048373247494","4.29251232612105","0.655","2,4,6,7,85,86,87,88,89",0.0247202000381602,FALSE,0,0,3,2,9,0,9,0,0.642857142857143
"S.A.b",13,80,0.33,"FALSE","FALSE","FALSE","10.8055321869201","6.25950524961415","4.54602693730593","0.585","2,3,4,5,6,7,84,85,86,87,88,89",0.00858762593566297,FALSE,0,0,1,1,12,0,12,0,0.857142857142857
"S.A.b",14,80,0.33,"FALSE","FALSE","FALSE","10.3500033470433","4.41771267973434","5.93229066730891","0.632","2,4,6,7,83,84,85,86,87,88,89",0.0174816958835201,FALSE,0,0,3,0,11,0,11,0,0.785714285714286
"S.A.b",15,80,0.33,"FALSE","FALSE","FALSE","8.73395186506318","6.60928274417204","2.12466912089115","0.946","2,4,6,7,83,85,86,87,88,89",0.02254349784062,FALSE,0,0,3,1,10,0,10,0,0.714285714285714
"S.A.b",16,80,0.33,"FALSE","FALSE","FALSE","8.94742115415161","6.73560824006728","2.21181291408432","0.728","1,2,3,5,6,42,72,84,87,88,89",0.039780843508348,FALSE,2,0,2,3,11,2,9,0.181818181818182,0.642857142857143
"S.A.b",17,80,0.33,"FALSE","FALSE","FALSE","9.37083714282683","6.51652446868737","2.85431267413946","0.635","2,3,4,5,7,50,85,88,89",0.0365043813103604,FALSE,1,0,2,4,9,1,8,0.111111111111111,0.571428571428571
"S.A.b",18,80,0.33,"FALSE","FALSE","FALSE","8.2841016741597","6.99368429665078","1.29041737750892","0.74","2,3,4,5,6,7,85,86,87,88,89",0.010175822812606,FALSE,0,0,1,2,11,0,11,0,0.785714285714286
"S.A.b",19,80,0.33,"FALSE","FALSE","FALSE","9.50334620499775","6.66370169653846","2.83964450845929","0.644","2,3,4,5,6,7,87,88,89,92",0.0262126052934452,FALSE,0,1,1,4,10,1,9,0.1,0.642857142857143
"S.A.b",2,80,0.33,"FALSE","FALSE","FALSE","8.26059445720318","5.12043845911458","3.1401559980886","0.788","2,4,6,7,83,86,87,88,89",0.0283432655507562,FALSE,0,0,3,2,9,0,9,0,0.642857142857143
"S.A.b",20,80,0.33,"FALSE","FALSE","FALSE","8.51941046016075","6.29832094163441","2.22108951852634","0.767","2,4,6,7,30,84,86,87,88,89",0.0307095616841696,FALSE,1,0,3,2,10,1,9,0.1,0.642857142857143
"S.A.b",21,80,0.33,"FALSE","FALSE","FALSE","8.5405378107964","4.84337919998084","3.69715861081555","0.708","2,4,6,7,83,85,86,87,88,89",0.0238075575724814,FALSE,0,0,3,1,10,0,10,0,0.714285714285714
"S.A.b",22,80,0.33,"FALSE","FALSE","FALSE","9.84261612082661","4.9118820416487","4.93073407917791","0.48","2,4,6,7,85,86,87,88,89",0.0276395117958557,FALSE,0,0,3,2,9,0,9,0,0.642857142857143
"S.A.b",23,80,0.33,"FALSE","FALSE","FALSE","9.02082524219606","6.3660226071486","2.65480263504746","0.622","1,2,3,4,5,6,62,84,86,87,89",0.027899769754612,FALSE,1,0,1,3,11,1,10,0.0909090909090909,0.714285714285714
"S.A.b",24,80,0.33,"FALSE","FALSE","FALSE","8.49783482247432","3.40365319780104","5.09418162467327","0.538","2,4,7,83,84,85,86,87,88,89",0.0272525747727148,FALSE,0,0,4,0,10,0,10,0,0.714285714285714
"S.A.b",25,80,0.33,"FALSE","FALSE","FALSE","9.28872601216691","6.87122838510565","2.41749762706125","0.64","2,4,6,7,83,85,87,88,89,92",0.0316842054189197,FALSE,0,1,3,2,10,1,9,0.1,0.642857142857143
"S.A.b",26,80,0.33,"FALSE","FALSE","FALSE","10.7350042901909","6.76361198422659","3.97139230596429","0.601","2,3,4,5,6,7,80,83,85,87,88,89",0.0166405392540822,FALSE,1,0,1,2,12,1,11,0.0833333333333333,0.785714285714286
"S.A.b",27,80,0.33,"FALSE","FALSE","FALSE","9.03114895262816","4.55316439618361","4.47798455644455","0.763","1,2,4,7,84,85,86,87,88,89",0.0245079787687344,FALSE,0,0,3,1,10,0,10,0,0.714285714285714
"S.A.b",28,80,0.33,"FALSE","FALSE","FALSE","8.1117386094202","4.9209745337321","3.1907640756881","1.134","2,4,6,7,83,85,86,87,88,89",0.022815021760729,FALSE,0,0,3,1,10,0,10,0,0.714285714285714
"S.A.b",29,80,0.33,"FALSE","FALSE","FALSE","8.59900690950404","6.38259548610714","2.2164114233969","0.462","1,2,3,4,5,7,84,88,89",0.0242489149147099,FALSE,0,0,1,4,9,0,9,0,0.642857142857143
"S.A.b",3,80,0.33,"FALSE","FALSE","FALSE","9.01003246589878","5.53216558141464","3.47786688448414","1.082","2,4,6,7,84,85,86,87,88,89,93",0.0225602608413447,FALSE,0,1,3,1,11,1,10,0.0909090909090909,0.714285714285714
"S.A.b",30,80,0.33,"FALSE","FALSE","FALSE","7.45737767806419","6.28260937555378","1.17476830251041","0.842","2,4,6,7,83,85,86,87,88,89",0.0211672177578431,FALSE,0,0,3,1,10,0,10,0,0.714285714285714
"S.A.b",31,80,0.33,"FALSE","FALSE","FALSE","7.52059889125331","6.20652706695297","1.31407182430034","0.705","2,4,6,16,85,86,87,88,89",0.0391421270894387,FALSE,1,0,4,2,9,1,8,0.111111111111111,0.571428571428571
"S.A.b",32,80,0.33,"FALSE","FALSE","FALSE","8.64903266882828","6.17823435169693","2.47079831713135","0.633","2,4,6,7,85,86,87,88,89",0.0251876793053327,FALSE,0,0,3,2,9,0,9,0,0.642857142857143
"S.A.b",33,80,0.33,"FALSE","FALSE","FALSE","10.0049930001797","6.93627287133982","3.06872012883988","0.694","2,4,6,7,39,85,86,87,88,89",0.0285476884804795,FALSE,1,0,3,2,10,1,9,0.1,0.642857142857143
"S.A.b",34,80,0.33,"FALSE","FALSE","FALSE","8.35490805504904","6.05145954492963","2.30344851011941","0.579","2,3,4,5,6,7,84,85,87,88,89",0.0106080272145146,FALSE,0,0,1,2,11,0,11,0,0.785714285714286
"S.A.b",35,80,0.33,"FALSE","FALSE","FALSE","9.70504034169956","4.39963514780589","5.30540519389367","0.502","2,4,6,7,83,84,85,86,87,88,89",0.018226886967065,FALSE,0,0,3,0,11,0,11,0,0.785714285714286
"S.A.b",36,80,0.33,"FALSE","FALSE","FALSE","10.558281511159","6.93812013868994","3.62016137246904","0.553","2,3,4,6,7,39,83,86,87,88,89",0.0228446340443998,FALSE,1,0,2,2,11,1,10,0.0909090909090909,0.714285714285714
"S.A.b",37,80,0.33,"FALSE","FALSE","FALSE","8.79939261309085","6.07243474795661","2.72695786513424","0.82","2,4,6,7,84,85,86,87,88,89",0.0209945970414875,FALSE,0,0,3,1,10,0,10,0,0.714285714285714
"S.A.b",38,80,0.33,"FALSE","FALSE","FALSE","8.47183145084685","4.62534688564164","3.84648456520521","0.552","2,4,6,7,85,86,87,88,89",0.0239310745850634,FALSE,0,0,3,2,9,0,9,0,0.642857142857143
"S.A.b",39,80,0.33,"FALSE","FALSE","FALSE","7.6649190486968","5.25682959990755","2.40808944878924","0.546","1,2,3,5,84,85,86,87,88,89",0.0291708607835504,FALSE,0,0,3,1,10,0,10,0,0.714285714285714
"S.A.b",4,80,0.33,"FALSE","FALSE","FALSE","8.61595975355861","5.54977911878711","3.06618063477151","0.823","2,4,7,83,84,85,86,87,88,89,93",0.0232277125944091,FALSE,0,1,4,0,11,1,10,0.0909090909090909,0.714285714285714
"S.A.b",40,80,0.33,"FALSE","FALSE","FALSE","8.64181702091037","6.51426056264848","2.12755645826189","0.543","1,2,3,4,5,6,7,84,87,88,89",0.0142549485931086,FALSE,0,0,0,3,11,0,11,0,0.785714285714286
"S.A.b",41,80,0.33,"FALSE","FALSE","FALSE","8.2422276384859","5.73394282719156","2.50828481129434","0.823","2,4,7,84,85,86,87,88,89",0.0294787904465641,FALSE,0,0,4,1,9,0,9,0,0.642857142857143
"S.A.b",42,80,0.33,"FALSE","FALSE","FALSE","8.03187284255793","5.86054285533507","2.17132998722286","0.562","1,2,3,4,5,7,84,85,86,87,88,89",0.00752465808718043,FALSE,0,0,1,1,12,0,12,0,0.857142857142857
"S.A.b",43,80,0.33,"FALSE","FALSE","FALSE","7.48108487655593","6.08956550066847","1.39151937588747","0.574","1,2,3,4,5,12,84,89",0.0551843331168185,FALSE,1,0,2,5,8,1,7,0.125,0.5
"S.A.b",44,80,0.33,"FALSE","FALSE","FALSE","9.10346410570968","6.69146646569965","2.41199764001003","0.715","2,4,5,6,7,85,87,88,89",0.0235920760956424,FALSE,0,0,2,3,9,0,9,0,0.642857142857143
"S.A.b",45,80,0.33,"FALSE","FALSE","FALSE","7.72502296149431","6.14605267333358","1.57897028816073","0.729","1,2,4,5,10,79,85,89",0.0684253948392051,FALSE,2,0,3,5,8,2,6,0.25,0.428571428571429
"S.A.b",46,80,0.33,"FALSE","FALSE","FALSE","7.39108682570161","5.232672847799","2.15841397790261","0.648","1,2,4,5,84,89,91",0.0667499653614857,FALSE,0,1,3,5,7,1,6,0.142857142857143,0.428571428571429
"S.A.b",47,80,0.33,"FALSE","FALSE","FALSE","8.19645277605949","5.46981575961921","2.72663701644027","0.84","2,4,6,7,84,85,86,87,88,89",0.0197605579758752,FALSE,0,0,3,1,10,0,10,0,0.714285714285714
"S.A.b",48,80,0.33,"FALSE","FALSE","FALSE","9.24553282096322","6.83575162331665","2.40978119764657","0.724","2,4,5,6,7,59,87,88,89",0.032335939095039,FALSE,1,0,2,4,9,1,8,0.111111111111111,0.571428571428571
"S.A.b",49,80,0.33,"FALSE","FALSE","FALSE","9.14682759380049","6.07957509045721","3.06725250334328","0.79","2,3,4,5,7,84,85,86,87,88,89",0.0123119864886864,FALSE,0,0,2,1,11,0,11,0,0.785714285714286
"S.A.b",5,80,0.33,"FALSE","FALSE","FALSE","8.83117238307331","5.16785569248933","3.66331669058398","0.431","2,4,6,7,85,86,87,88,89",0.0283740987087671,FALSE,0,0,3,2,9,0,9,0,0.642857142857143
"S.A.b",50,80,0.33,"FALSE","FALSE","FALSE","9.0111022186975","6.06582760041517","2.94527461828233","0.773","1,2,3,4,5,84,85,86,87,88,89",0.0181458394136478,FALSE,0,0,2,1,11,0,11,0,0.785714285714286
"S.A.b",51,80,0.33,"FALSE","FALSE","FALSE","8.09483384072682","6.39590053990639","1.69893330082043","0.784","1,2,3,4,5,23,84,86,89",0.0419129156558768,FALSE,1,0,2,4,9,1,8,0.111111111111111,0.571428571428571
"S.A.b",52,80,0.33,"FALSE","FALSE","FALSE","9.61440038417353","5.44370301874863","4.17069736542489","0.681","2,3,4,7,84,85,86,87,88,89,92",0.0203317010112309,FALSE,0,1,3,1,11,1,10,0.0909090909090909,0.714285714285714
"S.A.b",53,80,0.33,"FALSE","FALSE","FALSE","9.50869163279243","4.2025021055436","5.30618952724882","0.378","2,4,6,7,83,84,85,86,87,88,89",0.017662044768326,FALSE,0,0,3,0,11,0,11,0,0.785714285714286
"S.A.b",54,80,0.33,"FALSE","FALSE","FALSE","9.09082336240972","4.38282849395178","4.70799486845794","0.471","1,2,4,6,84,86,87,88,89",0.0309016431093828,FALSE,0,0,3,2,9,0,9,0,0.642857142857143
"S.A.b",55,80,0.33,"FALSE","FALSE","FALSE","9.5137579567016","4.50801944309808","5.00573851360352","0.538","2,4,6,7,85,86,87,88,89",0.0285401661328631,FALSE,0,0,3,2,9,0,9,0,0.642857142857143
"S.A.b",56,80,0.33,"FALSE","FALSE","FALSE","10.1648701481688","6.82666775850507","3.33820238966374","0.929","2,4,5,6,7,85,86,87,88,89",0.0162440470858681,FALSE,0,0,2,2,10,0,10,0,0.714285714285714
"S.A.b",57,80,0.33,"FALSE","FALSE","FALSE","9.64743589710165","4.33636621887916","5.31106967822249","0.48","2,4,6,7,83,85,86,87,88,89",0.0241850382841524,FALSE,0,0,3,1,10,0,10,0,0.714285714285714
"S.A.b",58,80,0.33,"FALSE","FALSE","FALSE","9.58384108857471","6.39206553059456","3.19177555798015","0.363","2,3,4,5,6,7,84,87,88,89",0.0166068178170606,FALSE,0,0,1,3,10,0,10,0,0.714285714285714
"S.A.b",59,80,0.33,"FALSE","FALSE","FALSE","8.2465639927197","5.31583825521075","2.93072573750895","0.573","2,4,6,7,84,85,86,87,88,89",0.0187763306090205,FALSE,0,0,3,1,10,0,10,0,0.714285714285714
"S.A.b",6,80,0.33,"FALSE","FALSE","FALSE","8.59926245446015","5.24727839528518","3.35198405917497","0.717","2,4,6,7,83,85,86,87,88,89",0.0247246717215865,FALSE,0,0,3,1,10,0,10,0,0.714285714285714
"S.A.b",60,80,0.33,"FALSE","FALSE","FALSE","10.0380362006781","5.32442367970775","4.71361252097032","0.52","2,3,4,6,7,83,85,86,87,88,89",0.0179154329059261,FALSE,0,0,2,1,11,0,11,0,0.785714285714286
"S.A.b",61,80,0.33,"FALSE","FALSE","FALSE","7.4283977278374","6.25520847798634","1.17318924985105","0.679","1,3,4,5,7,52,84,89",0.0600426276445801,FALSE,1,0,2,5,8,1,7,0.125,0.5
"S.A.b",62,80,0.33,"FALSE","FALSE","FALSE","8.48937079787035","5.53900892499579","2.95036187287456","0.968","2,4,6,7,83,85,86,87,88,89",0.0248678595947456,FALSE,0,0,3,1,10,0,10,0,0.714285714285714
"S.A.b",63,80,0.33,"FALSE","FALSE","FALSE","9.38011550563984","6.47673395677949","2.90338154886035","1.221","2,3,4,5,6,7,84,85,86,87,88,89",0.00678941615580052,FALSE,0,0,1,1,12,0,12,0,0.857142857142857
"S.A.b",64,80,0.33,"FALSE","FALSE","FALSE","10.3385409496182","4.30874905792535","6.0297918916929","0.38","2,4,6,7,83,85,86,87,88,89",0.0234875412016709,FALSE,0,0,3,1,10,0,10,0,0.714285714285714
"S.A.b",65,80,0.33,"FALSE","FALSE","FALSE","10.2846696398448","6.25833597519989","4.02633366464495","0.493","2,3,4,5,6,7,85,86,87,88,89",0.0124199706631362,FALSE,0,0,1,2,11,0,11,0,0.785714285714286
"S.A.b",66,80,0.33,"FALSE","FALSE","FALSE","9.60895155512823","6.32009457818971","3.28885697693853","0.656","2,3,4,6,7,83,84,85,86,87,88,89",0.0129651605640251,FALSE,0,0,2,0,12,0,12,0,0.857142857142857
"S.A.b",67,80,0.33,"FALSE","FALSE","FALSE","9.81320417705781","5.13569917835948","4.67750499869833","0.902","1,2,4,5,6,84,85,86,87,88,89",0.0142263925744778,FALSE,0,0,2,1,11,0,11,0,0.785714285714286
"S.A.b",68,80,0.33,"FALSE","FALSE","FALSE","10.4645644649786","6.75269147411979","3.71187299085878","0.611","2,3,4,5,6,7,85,87,88,89",0.0162727716758491,FALSE,0,0,1,3,10,0,10,0,0.714285714285714
"S.A.b",69,80,0.33,"FALSE","FALSE","FALSE","8.1522794957998","6.13045307261892","2.02182642318087","0.603","2,4,6,7,86,87,88,89",0.0367232928032047,FALSE,0,0,3,3,8,0,8,0,0.571428571428571
"S.A.b",7,80,0.33,"FALSE","FALSE","FALSE","10.2748872813317","5.30352254807683","4.97136473325487","0.338","2,4,5,6,7,85,86,87,88,89",0.0179980509164246,FALSE,0,0,2,2,10,0,10,0,0.714285714285714
"S.A.b",70,80,0.33,"FALSE","FALSE","FALSE","10.6274508070627","6.39580038817241","4.23165041889034","0.578","2,3,4,5,6,7,83,84,86,87,88,89",0.00749227745282881,FALSE,0,0,1,1,12,0,12,0,0.857142857142857
"S.A.b",71,80,0.33,"FALSE","FALSE","FALSE","8.14695066586411","5.86298641483546","2.28396425102865","0.801","2,4,6,7,85,86,87,88,89",0.0269934338982084,FALSE,0,0,3,2,9,0,9,0,0.642857142857143
"S.A.b",72,80,0.33,"FALSE","FALSE","FALSE","8.91698081187991","6.56404953696519","2.35293127491473","0.657","2,3,4,5,6,7,83,85,88,89",0.0217331258817852,FALSE,0,0,1,3,10,0,10,0,0.714285714285714
"S.A.b",73,80,0.33,"FALSE","FALSE","FALSE","8.41394983493728","6.9166129191158","1.49733691582148","0.79","2,3,4,5,6,7,85,87,88,89",0.0163585955959914,FALSE,0,0,1,3,10,0,10,0,0.714285714285714
"S.A.b",74,80,0.33,"FALSE","FALSE","FALSE","9.75620469725262","5.23296936396528","4.52323533328734","0.518","2,4,6,7,59,84,85,86,87,88,89,93",0.0251562509800801,FALSE,1,1,3,1,12,2,10,0.166666666666667,0.714285714285714
"S.A.b",75,80,0.33,"FALSE","FALSE","FALSE","8.76971397377629","7.44267561841976","1.32703835535653","1.015","2,3,4,6,7,39,85,86,87,88,89",0.0248202459829129,FALSE,1,0,2,2,11,1,10,0.0909090909090909,0.714285714285714
"S.A.b",76,80,0.33,"FALSE","FALSE","FALSE","9.81307933901944","7.40509599364379","2.40798334537565","0.719","1,2,4,5,7,73,79,85,88,89",0.0394402044439151,FALSE,2,0,2,4,10,2,8,0.2,0.571428571428571
"S.A.b",77,80,0.33,"FALSE","FALSE","FALSE","8.99846178755201","4.89879214279011","4.0996696447619","0.563","2,6,21,80,83,86,87,88,89",0.0664608668331281,FALSE,2,0,5,2,9,2,7,0.222222222222222,0.5
"S.A.b",78,80,0.33,"FALSE","FALSE","FALSE","9.16978020447041","6.52342150261596","2.64635870185445","1.157","2,3,4,5,7,84,85,86,87,88,89",0.0157103225730591,FALSE,0,0,2,1,11,0,11,0,0.785714285714286
"S.A.b",79,80,0.33,"FALSE","FALSE","FALSE","9.84369560751377","5.95890130730821","3.88479430020557","0.534","2,4,6,7,85,86,87,88,89",0.0245138028127439,FALSE,0,0,3,2,9,0,9,0,0.642857142857143
"S.A.b",8,80,0.33,"FALSE","FALSE","FALSE","8.05419334627634","6.33214409478946","1.72204925148689","0.576","2,4,5,6,7,87,88,89",0.0292966137675655,FALSE,0,0,2,4,8,0,8,0,0.571428571428571
"S.A.b",80,80,0.33,"FALSE","FALSE","FALSE","9.60054688863492","6.58217279200252","3.0183740966324","0.793","1,2,3,4,5,6,7,84,85,87,88,89",0.00905499247799981,FALSE,0,0,0,2,12,0,12,0,0.857142857142857
"S.A.b",81,80,0.33,"FALSE","FALSE","FALSE","9.5487908911569","5.40116622683496","4.14762466432195","0.639","2,3,4,6,7,83,85,87,88,89,93",0.0270153221310736,FALSE,0,1,2,2,11,1,10,0.0909090909090909,0.714285714285714
"S.A.b",82,80,0.33,"FALSE","FALSE","FALSE","9.45399652510118","4.82872843787173","4.62526808722946","0.576","2,4,6,7,84,85,86,87,88,89",0.0221488360350459,FALSE,0,0,3,1,10,0,10,0,0.714285714285714
"S.A.b",83,80,0.33,"FALSE","FALSE","FALSE","9.07858010508136","6.12377080721518","2.95480929786617","0.816","1,2,3,4,18,22,84,86,88,89",0.0475979453022326,FALSE,2,0,3,3,10,2,8,0.2,0.571428571428571
"S.A.b",84,80,0.33,"FALSE","FALSE","FALSE","9.06341863289826","4.15566451416168","4.90775411873658","0.548","2,4,7,40,83,84,85,86,87,88,89",0.0303660894009987,FALSE,1,0,4,0,11,1,10,0.0909090909090909,0.714285714285714
"S.A.b",85,80,0.33,"FALSE","FALSE","FALSE","8.67545465851849","5.77736766501944","2.89808699349905","0.667","2,4,6,7,85,86,87,88,89",0.0266904128507522,FALSE,0,0,3,2,9,0,9,0,0.642857142857143
"S.A.b",86,80,0.33,"FALSE","FALSE","FALSE","9.37310508791812","6.6072318002017","2.76587328771642","0.78","2,3,4,6,7,85,86,87,88,89",0.0200627878944114,FALSE,0,0,2,2,10,0,10,0,0.714285714285714
"S.A.b",87,80,0.33,"FALSE","FALSE","FALSE","9.08748118072387","4.41005397242739","4.67742720829648","0.55","2,4,6,7,85,86,87,88,89",0.028739126556206,FALSE,0,0,3,2,9,0,9,0,0.642857142857143
"S.A.b",88,80,0.33,"FALSE","FALSE","FALSE","8.11428637392398","6.71562620737294","1.39866016655105","0.648","1,2,3,4,5,55,87,89",0.0480135915154105,FALSE,1,0,2,5,8,1,7,0.125,0.5
"S.A.b",89,80,0.33,"FALSE","FALSE","FALSE","8.68321112843229","5.92836773363554","2.75484339479675","0.688","2,3,4,6,7,84,85,86,87,88,89",0.013368921335142,FALSE,0,0,2,1,11,0,11,0,0.785714285714286
"S.A.b",9,80,0.33,"FALSE","FALSE","FALSE","9.43641727761579","6.59212494251383","2.84429233510196","1.069","1,2,4,6,27,83,84,86,87,88,89",0.0288203559226044,FALSE,1,0,3,1,11,1,10,0.0909090909090909,0.714285714285714
"S.A.b",90,80,0.33,"FALSE","FALSE","FALSE","7.81840670041642","6.06940560206774","1.74900109834868","0.568","1,2,3,4,5,7,84,85,88,89",0.0191737005846987,FALSE,0,0,1,3,10,0,10,0,0.714285714285714
"S.A.b",91,80,0.33,"FALSE","FALSE","FALSE","9.05063690861646","5.4435132904654","3.60712361815106","0.453","2,4,6,7,84,85,86,87,88,89",0.019594003187676,FALSE,0,0,3,1,10,0,10,0,0.714285714285714
"S.A.b",92,80,0.33,"FALSE","FALSE","FALSE","8.61302841491782","4.98187886628502","3.6311495486328","0.663","2,4,6,7,85,87,88,89",0.0336627166400129,FALSE,0,0,3,3,8,0,8,0,0.571428571428571
"S.A.b",93,80,0.33,"FALSE","FALSE","FALSE","9.11998755161559","6.47361256336548","2.64637498825012","0.514","2,3,4,5,6,7,87,88,89",0.0257429548713863,FALSE,0,0,1,4,9,0,9,0,0.642857142857143
"S.A.b",94,80,0.33,"FALSE","FALSE","FALSE","7.98204856666188","6.00327730109268","1.9787712655692","0.815","1,2,4,84,86,87,88,89",0.0428629710094292,FALSE,0,0,4,2,8,0,8,0,0.571428571428571
"S.A.b",95,80,0.33,"FALSE","FALSE","FALSE","9.46818898609699","6.62149813231099","2.846690853786","0.607","2,3,4,5,6,7,87,88,89",0.0211598534503212,FALSE,0,0,1,4,9,0,9,0,0.642857142857143
"S.A.b",96,80,0.33,"FALSE","FALSE","FALSE","9.01007635403536","6.69243976604608","2.31763658798928","0.553","2,3,4,6,7,83,85,87,88,89",0.0227993912283881,FALSE,0,0,2,2,10,0,10,0,0.714285714285714
"S.A.b",97,80,0.33,"FALSE","FALSE","FALSE","9.4139279083279","5.77747965056882","3.63644825775909","0.662","2,3,4,6,7,86,87,88,89,92,93",0.0288317996930865,FALSE,0,2,2,3,11,2,9,0.181818181818182,0.642857142857143
"S.A.b",98,80,0.33,"FALSE","FALSE","FALSE","9.65189544403587","7.05445966038876","2.5974357836471","0.769","1,2,3,4,5,6,7,73,84,85,86,88,89",0.0100788639725787,FALSE,1,0,0,2,13,1,12,0.0769230769230769,0.857142857142857
"S.A.b",99,80,0.33,"FALSE","FALSE","FALSE","8.90332284912712","6.70703292825265","2.19628992087447","0.664","1,2,3,4,5,84,85,86,87,88,89",0.0171662041326532,FALSE,0,0,2,1,11,0,11,0,0.785714285714286
"S.EB",1,80,0.33,"FALSE","FALSE","FALSE","8.68507979549966","5.54816591130751","3.13691388419215","0.825","2,3,4,5,6,7,53,85,87,88,89",0.0182384880412782,FALSE,1,0,1,3,11,1,10,0.0909090909090909,0.714285714285714
"S.EB",10,80,0.33,"FALSE","FALSE","FALSE","8.90438475751589","4.73752941157339","4.1668553459425","0.707","1,2,4,6,7,84,85,86,87,88,89",0.0143702576762266,FALSE,0,0,2,1,11,0,11,0,0.785714285714286
"S.EB",100,80,0.33,"FALSE","FALSE","FALSE","9.10246095616068","5.00305657122597","4.09940438493471","0.636","2,4,5,6,7,84,85,86,87,88,89",0.0120632169862599,FALSE,0,0,2,1,11,0,11,0,0.785714285714286
"S.EB",11,80,0.33,"FALSE","FALSE","FALSE","8.98057869361933","5.04659681238199","3.93398188123734","0.851","2,4,6,7,85,86,87,88,89,93",0.0332995954263536,FALSE,0,1,3,2,10,1,9,0.1,0.642857142857143
"S.EB",12,80,0.33,"FALSE","FALSE","FALSE","9.28299605859598","4.99048373247494","4.29251232612105","0.655","2,4,6,7,41,85,86,87,88,89",0.0259928475723944,FALSE,1,0,3,2,10,1,9,0.1,0.642857142857143
"S.EB",13,80,0.33,"FALSE","FALSE","FALSE","10.8055321869201","6.25950524961415","4.54602693730593","0.585","2,3,4,5,6,7,29,84,85,86,87,88,89",0.010161419945887,FALSE,1,0,1,1,13,1,12,0.0769230769230769,0.857142857142857
"S.EB",14,80,0.33,"FALSE","FALSE","FALSE","10.3500033470433","4.41771267973434","5.93229066730891","0.632","2,4,6,7,51,83,84,85,86,87,88,89",0.0180947224366394,FALSE,1,0,3,0,12,1,11,0.0833333333333333,0.785714285714286
"S.EB",15,80,0.33,"FALSE","FALSE","FALSE","8.73395186506318","6.60928274417204","2.12466912089115","0.946","2,3,4,5,6,7,83,85,87,88,89",0.0136337212628788,FALSE,0,0,1,2,11,0,11,0,0.785714285714286
"S.EB",16,80,0.33,"FALSE","FALSE","FALSE","8.94742115415161","6.73560824006728","2.21181291408432","0.728","1,2,3,4,5,6,7,42,84,87,88,89",0.017163061694275,FALSE,1,0,0,3,12,1,11,0.0833333333333333,0.785714285714286
"S.EB",17,80,0.33,"FALSE","FALSE","FALSE","9.37083714282683","6.51652446868737","2.85431267413946","0.635","2,3,4,5,6,7,81,85,87,88,89",0.0208489175720428,FALSE,1,0,1,3,11,1,10,0.0909090909090909,0.714285714285714
"S.EB",18,80,0.33,"FALSE","FALSE","FALSE","8.2841016741597","6.99368429665078","1.29041737750892","0.74","2,3,4,5,6,7,85,86,87,88,89",0.010175822812606,FALSE,0,0,1,2,11,0,11,0,0.785714285714286
"S.EB",19,80,0.33,"FALSE","FALSE","FALSE","9.50334620499775","6.66370169653846","2.83964450845929","0.644","1,2,3,4,5,6,7,84,87,88,89,92",0.0138911381046919,FALSE,0,1,0,3,12,1,11,0.0833333333333333,0.785714285714286
"S.EB",2,80,0.33,"FALSE","FALSE","FALSE","8.26059445720318","5.12043845911458","3.1401559980886","0.788","2,4,6,7,83,86,87,88,89",0.0283432655507562,FALSE,0,0,3,2,9,0,9,0,0.642857142857143
"S.EB",20,80,0.33,"FALSE","FALSE","FALSE","8.51941046016075","6.29832094163441","2.22108951852634","0.767","1,2,3,4,5,7,22,37,84,86,89",0.0307554195080643,FALSE,2,0,1,4,11,2,9,0.181818181818182,0.642857142857143
"S.EB",21,80,0.33,"FALSE","FALSE","FALSE","8.5405378107964","4.84337919998084","3.69715861081555","0.708","2,3,4,5,6,7,26,83,85,87,88,89",0.0221071688125919,FALSE,1,0,1,2,12,1,11,0.0833333333333333,0.785714285714286
"S.EB",22,80,0.33,"FALSE","FALSE","FALSE","9.84261612082661","4.9118820416487","4.93073407917791","0.48","2,4,6,7,59,85,86,87,88,89",0.0258311648581076,FALSE,1,0,3,2,10,1,9,0.1,0.642857142857143
"S.EB",23,80,0.33,"FALSE","FALSE","FALSE","9.02082524219606","6.3660226071486","2.65480263504746","0.622","1,2,3,4,5,6,62,84,86,87,89",0.027899769754612,FALSE,1,0,1,3,11,1,10,0.0909090909090909,0.714285714285714
"S.EB",24,80,0.33,"FALSE","FALSE","FALSE","8.49783482247432","3.40365319780104","5.09418162467327","0.538","2,4,7,51,83,85,86,88,89",0.0431126965767777,FALSE,1,0,4,2,9,1,8,0.111111111111111,0.571428571428571
"S.EB",25,80,0.33,"FALSE","FALSE","FALSE","9.28872601216691","6.87122838510565","2.41749762706125","0.64","1,2,3,4,5,7,22,30,52,84,88,89,92",0.0397643803350948,FALSE,3,1,1,4,13,4,9,0.307692307692308,0.642857142857143
"S.EB",26,80,0.33,"FALSE","FALSE","FALSE","10.7350042901909","6.76361198422659","3.97139230596429","0.601","2,3,4,5,6,7,26,80,83,85,87,88,89",0.0183450948829344,FALSE,2,0,1,2,13,2,11,0.153846153846154,0.785714285714286
"S.EB",27,80,0.33,"FALSE","FALSE","FALSE","9.03114895262816","4.55316439618361","4.47798455644455","0.763","1,2,3,4,7,75,82,86,87,88,89,92",0.0332778879798474,FALSE,2,1,2,3,12,3,9,0.25,0.642857142857143
"S.EB",28,80,0.33,"FALSE","FALSE","FALSE","8.1117386094202","4.9209745337321","3.1907640756881","1.134","2,4,6,7,83,85,86,87,88,89",0.022815021760729,FALSE,0,0,3,1,10,0,10,0,0.714285714285714
"S.EB",29,80,0.33,"FALSE","FALSE","FALSE","8.59900690950404","6.38259548610714","2.2164114233969","0.462","1,2,3,4,5,7,12,84,88,89",0.029057182725751,FALSE,1,0,1,4,10,1,9,0.1,0.642857142857143
"S.EB",3,80,0.33,"FALSE","FALSE","FALSE","9.01003246589878","5.53216558141464","3.47786688448414","1.082","2,4,6,7,84,85,86,87,88,89,93",0.0225602608413447,FALSE,0,1,3,1,11,1,10,0.0909090909090909,0.714285714285714
"S.EB",30,80,0.33,"FALSE","FALSE","FALSE","7.45737767806419","6.28260937555378","1.17476830251041","0.842","1,2,3,4,5,12,42,79,89",0.0611526245212299,FALSE,3,0,2,6,9,3,6,0.333333333333333,0.428571428571429
"S.EB",31,80,0.33,"FALSE","FALSE","FALSE","7.52059889125331","6.20652706695297","1.31407182430034","0.705","1,2,4,5,6,23,59,84,89",0.0563957983372547,FALSE,2,0,2,5,9,2,7,0.222222222222222,0.5
"S.EB",32,80,0.33,"FALSE","FALSE","FALSE","8.64903266882828","6.17823435169693","2.47079831713135","0.633","2,3,4,5,6,7,84,85,86,87,88,89",0.00525837910871497,FALSE,0,0,1,1,12,0,12,0,0.857142857142857
"S.EB",33,80,0.33,"FALSE","FALSE","FALSE","10.0049930001797","6.93627287133982","3.06872012883988","0.694","2,3,4,5,6,7,39,85,86,87,88,89",0.0137346259822201,FALSE,1,0,1,2,12,1,11,0.0833333333333333,0.785714285714286
"S.EB",34,80,0.33,"FALSE","FALSE","FALSE","8.35490805504904","6.05145954492963","2.30344851011941","0.579","1,2,3,4,5,6,7,84,85,87,88,89",0.00777638000295741,FALSE,0,0,0,2,12,0,12,0,0.857142857142857
"S.EB",35,80,0.33,"FALSE","FALSE","FALSE","9.70504034169956","4.39963514780589","5.30540519389367","0.502","2,4,6,7,83,84,85,86,87,88,89",0.018226886967065,FALSE,0,0,3,0,11,0,11,0,0.785714285714286
"S.EB",36,80,0.33,"FALSE","FALSE","FALSE","10.558281511159","6.93812013868994","3.62016137246904","0.553","2,3,4,6,7,12,39,47,57,83,86,87,88,89",0.0316983173106954,FALSE,4,0,2,2,14,4,10,0.285714285714286,0.714285714285714
"S.EB",37,80,0.33,"FALSE","FALSE","FALSE","8.79939261309085","6.07243474795661","2.72695786513424","0.82","2,3,4,5,6,7,66,67,84,85,88,89",0.0278383255456403,FALSE,2,0,1,3,12,2,10,0.166666666666667,0.714285714285714
"S.EB",38,80,0.33,"FALSE","FALSE","FALSE","8.47183145084685","4.62534688564164","3.84648456520521","0.552","2,4,6,7,39,85,86,87,88,89",0.0238140387004117,FALSE,1,0,3,2,10,1,9,0.1,0.642857142857143
"S.EB",39,80,0.33,"FALSE","FALSE","FALSE","7.6649190486968","5.25682959990755","2.40808944878924","0.546","1,2,3,5,45,84,85,86,87,88,89",0.0308272769971834,FALSE,1,0,3,1,11,1,10,0.0909090909090909,0.714285714285714
"S.EB",4,80,0.33,"FALSE","FALSE","FALSE","8.61595975355861","5.54977911878711","3.06618063477151","0.823","1,2,4,7,73,83,84,86,87,88,89",0.0238405977903778,FALSE,1,0,3,1,11,1,10,0.0909090909090909,0.714285714285714
"S.EB",40,80,0.33,"FALSE","FALSE","FALSE","8.64181702091037","6.51426056264848","2.12755645826189","0.543","1,2,3,4,5,6,7,59,84,89",0.0290566936616835,FALSE,1,0,0,5,10,1,9,0.1,0.642857142857143
"S.EB",41,80,0.33,"FALSE","FALSE","FALSE","8.2422276384859","5.73394282719156","2.50828481129434","0.823","2,3,4,5,7,71,80,84,87,88,89",0.0278954790002472,FALSE,2,0,2,3,11,2,9,0.181818181818182,0.642857142857143
"S.EB",42,80,0.33,"FALSE","FALSE","FALSE","8.03187284255793","5.86054285533507","2.17132998722286","0.562","1,2,3,4,5,7,84,85,86,87,88,89",0.00752465808718043,FALSE,0,0,1,1,12,0,12,0,0.857142857142857
"S.EB",43,80,0.33,"FALSE","FALSE","FALSE","7.48108487655593","6.08956550066847","1.39151937588747","0.574","1,2,3,4,5,12,84,89",0.0551843331168185,FALSE,1,0,2,5,8,1,7,0.125,0.5
"S.EB",44,80,0.33,"FALSE","FALSE","FALSE","9.10346410570968","6.69146646569965","2.41199764001003","0.715","1,2,3,4,5,6,7,58,87,88,89",0.0228789386052778,FALSE,1,0,0,4,11,1,10,0.0909090909090909,0.714285714285714
"S.EB",45,80,0.33,"FALSE","FALSE","FALSE","7.72502296149431","6.14605267333358","1.57897028816073","0.729","1,2,4,5,10,79,85,89",0.0684253948392051,FALSE,2,0,3,5,8,2,6,0.25,0.428571428571429
"S.EB",46,80,0.33,"FALSE","FALSE","FALSE","7.39108682570161","5.232672847799","2.15841397790261","0.648","1,2,4,5,28,52,55,84,89",0.0607740092594957,FALSE,3,0,3,5,9,3,6,0.333333333333333,0.428571428571429
"S.EB",47,80,0.33,"FALSE","FALSE","FALSE","8.19645277605949","5.46981575961921","2.72663701644027","0.84","1,2,3,4,5,6,7,84,85,86,88,89",0.00666949486403503,FALSE,0,0,0,2,12,0,12,0,0.857142857142857
"S.EB",48,80,0.33,"FALSE","FALSE","FALSE","9.24553282096322","6.83575162331665","2.40978119764657","0.724","2,4,5,6,7,56,59,87,88,89",0.0311037997587911,FALSE,2,0,2,4,10,2,8,0.2,0.571428571428571
"S.EB",49,80,0.33,"FALSE","FALSE","FALSE","9.14682759380049","6.07957509045721","3.06725250334328","0.79","2,3,4,5,6,7,84,85,86,87,88,89",0.00735077393731343,FALSE,0,0,1,1,12,0,12,0,0.857142857142857
"S.EB",5,80,0.33,"FALSE","FALSE","FALSE","8.83117238307331","5.16785569248933","3.66331669058398","0.431","2,4,5,6,7,85,86,87,88,89",0.0192568338970625,FALSE,0,0,2,2,10,0,10,0,0.714285714285714
"S.EB",50,80,0.33,"FALSE","FALSE","FALSE","9.0111022186975","6.06582760041517","2.94527461828233","0.773","1,2,3,4,5,28,31,84,86,87,88,89",0.0243620274168541,FALSE,2,0,2,2,12,2,10,0.166666666666667,0.714285714285714
"S.EB",51,80,0.33,"FALSE","FALSE","FALSE","8.09483384072682","6.39590053990639","1.69893330082043","0.784","1,2,3,4,5,7,23,84,86,89",0.0331638167295519,FALSE,1,0,1,4,10,1,9,0.1,0.642857142857143
"S.EB",52,80,0.33,"FALSE","FALSE","FALSE","9.61440038417353","5.44370301874863","4.17069736542489","0.681","2,3,4,5,6,7,84,85,86,87,88,89",0.00567946821308459,FALSE,0,0,1,1,12,0,12,0,0.857142857142857
"S.EB",53,80,0.33,"FALSE","FALSE","FALSE","9.50869163279243","4.2025021055436","5.30618952724882","0.378","2,4,6,7,83,84,85,86,87,88,89",0.017662044768326,FALSE,0,0,3,0,11,0,11,0,0.785714285714286
"S.EB",54,80,0.33,"FALSE","FALSE","FALSE","9.09082336240972","4.38282849395178","4.70799486845794","0.471","1,2,4,6,7,83,84,86,87,88,89",0.0178709249493434,FALSE,0,0,2,1,11,0,11,0,0.785714285714286
"S.EB",55,80,0.33,"FALSE","FALSE","FALSE","9.5137579567016","4.50801944309808","5.00573851360352","0.538","2,4,6,7,13,85,86,87,88,89",0.0301090120858399,FALSE,1,0,3,2,10,1,9,0.1,0.642857142857143
"S.EB",56,80,0.33,"FALSE","FALSE","FALSE","10.1648701481688","6.82666775850507","3.33820238966374","0.929","2,3,4,5,6,7,40,43,48,85,86,87,88,89",0.0226021962091218,FALSE,3,0,1,2,14,3,11,0.214285714285714,0.785714285714286
"S.EB",57,80,0.33,"FALSE","FALSE","FALSE","9.64743589710165","4.33636621887916","5.31106967822249","0.48","2,4,6,7,83,85,86,87,88,89",0.0241850382841524,FALSE,0,0,3,1,10,0,10,0,0.714285714285714
"S.EB",58,80,0.33,"FALSE","FALSE","FALSE","9.58384108857471","6.39206553059456","3.19177555798015","0.363","2,3,4,5,6,7,44,84,87,88,89",0.0168367942035255,FALSE,1,0,1,3,11,1,10,0.0909090909090909,0.714285714285714
"S.EB",59,80,0.33,"FALSE","FALSE","FALSE","8.2465639927197","5.31583825521075","2.93072573750895","0.573","2,3,4,5,6,7,84,87,88,89",0.0165190915591523,FALSE,0,0,1,3,10,0,10,0,0.714285714285714
"S.EB",6,80,0.33,"FALSE","FALSE","FALSE","8.59926245446015","5.24727839528518","3.35198405917497","0.717","2,4,6,7,83,85,86,87,88,89",0.0247246717215865,FALSE,0,0,3,1,10,0,10,0,0.714285714285714
"S.EB",60,80,0.33,"FALSE","FALSE","FALSE","10.0380362006781","5.32442367970775","4.71361252097032","0.52","2,3,4,5,6,7,83,85,87,88,89",0.0144548348123991,FALSE,0,0,1,2,11,0,11,0,0.785714285714286
"S.EB",61,80,0.33,"FALSE","FALSE","FALSE","7.4283977278374","6.25520847798634","1.17318924985105","0.679","1,3,4,5,7,22,52,60,89",0.0663661501547483,FALSE,3,0,2,6,9,3,6,0.333333333333333,0.428571428571429
"S.EB",62,80,0.33,"FALSE","FALSE","FALSE","8.48937079787035","5.53900892499579","2.95036187287456","0.968","2,3,4,5,6,7,85,87,88,89",0.0184157108334177,FALSE,0,0,1,3,10,0,10,0,0.714285714285714
"S.EB",63,80,0.33,"FALSE","FALSE","FALSE","9.38011550563984","6.47673395677949","2.90338154886035","1.221","1,2,3,4,5,6,7,84,85,86,87,88,89",0.00269951479225813,FALSE,0,0,0,1,13,0,13,0,0.928571428571429
"S.EB",64,80,0.33,"FALSE","FALSE","FALSE","10.3385409496182","4.30874905792535","6.0297918916929","0.38","2,4,6,7,83,85,86,87,88,89",0.0234875412016709,FALSE,0,0,3,1,10,0,10,0,0.714285714285714
"S.EB",65,80,0.33,"FALSE","FALSE","FALSE","10.2846696398448","6.25833597519989","4.02633366464495","0.493","2,3,4,5,6,7,85,86,87,88,89",0.0124199706631362,FALSE,0,0,1,2,11,0,11,0,0.785714285714286
"S.EB",66,80,0.33,"FALSE","FALSE","FALSE","9.60895155512823","6.32009457818971","3.28885697693853","0.656","2,3,4,5,6,7,84,85,86,87,88,89",0.0093003594163602,FALSE,0,0,1,1,12,0,12,0,0.857142857142857
"S.EB",67,80,0.33,"FALSE","FALSE","FALSE","9.81320417705781","5.13569917835948","4.67750499869833","0.902","1,2,4,5,6,84,85,86,87,88,89",0.0142263925744778,FALSE,0,0,2,1,11,0,11,0,0.785714285714286
"S.EB",68,80,0.33,"FALSE","FALSE","FALSE","10.4645644649786","6.75269147411979","3.71187299085878","0.611","1,2,3,4,5,6,7,42,84,85,87,88,89",0.00829325308236514,FALSE,1,0,0,2,13,1,12,0.0769230769230769,0.857142857142857
"S.EB",69,80,0.33,"FALSE","FALSE","FALSE","8.1522794957998","6.13045307261892","2.02182642318087","0.603","2,3,4,5,6,7,87,88,89",0.0233201487958157,FALSE,0,0,1,4,9,0,9,0,0.642857142857143
"S.EB",7,80,0.33,"FALSE","FALSE","FALSE","10.2748872813317","5.30352254807683","4.97136473325487","0.338","2,4,5,6,7,85,86,87,88,89",0.0179980509164246,FALSE,0,0,2,2,10,0,10,0,0.714285714285714
"S.EB",70,80,0.33,"FALSE","FALSE","FALSE","10.6274508070627","6.39580038817241","4.23165041889034","0.578","2,3,4,5,6,7,80,83,84,86,87,88,89",0.00922535523508041,FALSE,1,0,1,1,13,1,12,0.0769230769230769,0.857142857142857
"S.EB",71,80,0.33,"FALSE","FALSE","FALSE","8.14695066586411","5.86298641483546","2.28396425102865","0.801","1,2,3,4,5,6,80,84,86,89",0.0312235090589093,FALSE,1,0,1,4,10,1,9,0.1,0.642857142857143
"S.EB",72,80,0.33,"FALSE","FALSE","FALSE","8.91698081187991","6.56404953696519","2.35293127491473","0.657","2,3,4,5,6,7,83,85,88,89",0.0217331258817852,FALSE,0,0,1,3,10,0,10,0,0.714285714285714
"S.EB",73,80,0.33,"FALSE","FALSE","FALSE","8.41394983493728","6.9166129191158","1.49733691582148","0.79","2,3,4,5,6,7,85,87,88,89",0.0163585955959914,FALSE,0,0,1,3,10,0,10,0,0.714285714285714
"S.EB",74,80,0.33,"FALSE","FALSE","FALSE","9.75620469725262","5.23296936396528","4.52323533328734","0.518","2,4,6,7,59,84,85,86,87,88,89,93",0.0251562509800801,FALSE,1,1,3,1,12,2,10,0.166666666666667,0.714285714285714
"S.EB",75,80,0.33,"FALSE","FALSE","FALSE","8.76971397377629","7.44267561841976","1.32703835535653","1.015","2,3,4,6,7,9,10,39,65,84,86,87",0.0641692642356261,FALSE,4,0,2,4,12,4,8,0.333333333333333,0.571428571428571
"S.EB",76,80,0.33,"FALSE","FALSE","FALSE","9.81307933901944","7.40509599364379","2.40798334537565","0.719","1,2,4,5,7,11,73,79,85,87,88,89",0.031361138609504,FALSE,3,0,2,3,12,3,9,0.25,0.642857142857143
"S.EB",77,80,0.33,"FALSE","FALSE","FALSE","8.99846178755201","4.89879214279011","4.0996696447619","0.563","2,3,4,6,7,21,80,83,86,87,88,89",0.0320766468891584,FALSE,2,0,2,2,12,2,10,0.166666666666667,0.714285714285714
"S.EB",78,80,0.33,"FALSE","FALSE","FALSE","9.16978020447041","6.52342150261596","2.64635870185445","1.157","2,3,4,5,7,28,84,85,86,87,88,89",0.0171619650471311,FALSE,1,0,2,1,12,1,11,0.0833333333333333,0.785714285714286
"S.EB",79,80,0.33,"FALSE","FALSE","FALSE","9.84369560751377","5.95890130730821","3.88479430020557","0.534","2,3,4,5,6,7,85,86,87,88,89",0.0104286968070118,FALSE,0,0,1,2,11,0,11,0,0.785714285714286
"S.EB",8,80,0.33,"FALSE","FALSE","FALSE","8.05419334627634","6.33214409478946","1.72204925148689","0.576","1,2,3,4,5,6,7,84,87,88,89",0.0122202008020888,FALSE,0,0,0,3,11,0,11,0,0.785714285714286
"S.EB",80,80,0.33,"FALSE","FALSE","FALSE","9.60054688863492","6.58217279200252","3.0183740966324","0.793","1,2,3,4,5,6,7,18,84,87,88,89",0.0151425034671202,FALSE,1,0,0,3,12,1,11,0.0833333333333333,0.785714285714286
"S.EB",81,80,0.33,"FALSE","FALSE","FALSE","9.5487908911569","5.40116622683496","4.14762466432195","0.639","2,3,4,5,6,7,85,87,88,89,93",0.0208104440725435,FALSE,0,1,1,3,11,1,10,0.0909090909090909,0.714285714285714
"S.EB",82,80,0.33,"FALSE","FALSE","FALSE","9.45399652510118","4.82872843787173","4.62526808722946","0.576","2,4,5,6,7,11,85,86,87,88,89",0.0195360387488062,FALSE,1,0,2,2,11,1,10,0.0909090909090909,0.714285714285714
"S.EB",83,80,0.33,"FALSE","FALSE","FALSE","9.07858010508136","6.12377080721518","2.95480929786617","0.816","1,2,3,4,5,6,7,22,84,86,88,89",0.0160855651971335,FALSE,1,0,0,3,12,1,11,0.0833333333333333,0.785714285714286
"S.EB",84,80,0.33,"FALSE","FALSE","FALSE","9.06341863289826","4.15566451416168","4.90775411873658","0.548","2,4,7,40,83,84,86,87,88,89",0.03677400148339,FALSE,1,0,4,1,10,1,9,0.1,0.642857142857143
"S.EB",85,80,0.33,"FALSE","FALSE","FALSE","8.67545465851849","5.77736766501944","2.89808699349905","0.667","2,3,4,5,6,7,84,85,86,87,88,89",0.00680534910263716,FALSE,0,0,1,1,12,0,12,0,0.857142857142857
"S.EB",86,80,0.33,"FALSE","FALSE","FALSE","9.37310508791812","6.6072318002017","2.76587328771642","0.78","1,2,3,4,5,6,7,87,88,89",0.0156772137689674,FALSE,0,0,0,4,10,0,10,0,0.714285714285714
"S.EB",87,80,0.33,"FALSE","FALSE","FALSE","9.08748118072387","4.41005397242739","4.67742720829648","0.55","2,4,6,7,85,86,87,88,89",0.028739126556206,FALSE,0,0,3,2,9,0,9,0,0.642857142857143
"S.EB",88,80,0.33,"FALSE","FALSE","FALSE","8.11428637392398","6.71562620737294","1.39866016655105","0.648","1,2,3,4,5,7,23,31,40,79,89",0.0647097006284186,FALSE,4,0,1,6,11,4,7,0.363636363636364,0.5
"S.EB",89,80,0.33,"FALSE","FALSE","FALSE","8.68321112843229","5.92836773363554","2.75484339479675","0.688","1,2,3,4,5,6,7,53,84,86,87,88,89",0.0096998489167147,FALSE,1,0,0,2,13,1,12,0.0769230769230769,0.857142857142857
"S.EB",9,80,0.33,"FALSE","FALSE","FALSE","9.43641727761579","6.59212494251383","2.84429233510196","1.069","1,2,4,6,7,27,30,83,84,86,87,88,89",0.0217571020474835,FALSE,2,0,2,1,13,2,11,0.153846153846154,0.785714285714286
"S.EB",90,80,0.33,"FALSE","FALSE","FALSE","7.81840670041642","6.06940560206774","1.74900109834868","0.568","1,2,3,4,5,7,49,84,85,88,89",0.0255248827121293,FALSE,1,0,1,3,11,1,10,0.0909090909090909,0.714285714285714
"S.EB",91,80,0.33,"FALSE","FALSE","FALSE","9.05063690861646","5.4435132904654","3.60712361815106","0.453","2,3,4,5,6,7,87,88,89",0.0199667716597739,FALSE,0,0,1,4,9,0,9,0,0.642857142857143
"S.EB",92,80,0.33,"FALSE","FALSE","FALSE","8.61302841491782","4.98187886628502","3.6311495486328","0.663","2,3,4,5,6,7,85,87,88,89",0.0161990264858979,FALSE,0,0,1,3,10,0,10,0,0.714285714285714
"S.EB",93,80,0.33,"FALSE","FALSE","FALSE","9.11998755161559","6.47361256336548","2.64637498825012","0.514","1,2,3,4,5,7,22,53,60,84,87,88,89",0.035914781432821,FALSE,3,0,1,3,13,3,10,0.230769230769231,0.714285714285714
"S.EB",94,80,0.33,"FALSE","FALSE","FALSE","7.98204856666188","6.00327730109268","1.9787712655692","0.815","1,2,3,4,5,7,28,87,88,89",0.0273052643208202,FALSE,1,0,1,4,10,1,9,0.1,0.642857142857143
"S.EB",95,80,0.33,"FALSE","FALSE","FALSE","9.46818898609699","6.62149813231099","2.846690853786","0.607","2,3,4,5,6,7,44,87,88,89",0.0215002956234051,FALSE,1,0,1,4,10,1,9,0.1,0.642857142857143
"S.EB",96,80,0.33,"FALSE","FALSE","FALSE","9.01007635403536","6.69243976604608","2.31763658798928","0.553","1,2,3,4,5,6,7,83,84,87,88,89",0.00939952833584501,FALSE,0,0,0,2,12,0,12,0,0.857142857142857
"S.EB",97,80,0.33,"FALSE","FALSE","FALSE","9.4139279083279","5.77747965056882","3.63644825775909","0.662","2,3,4,6,7,39,86,87,88,89,92",0.0273896807632974,FALSE,1,1,2,3,11,2,9,0.181818181818182,0.642857142857143
"S.EB",98,80,0.33,"FALSE","FALSE","FALSE","9.65189544403587","7.05445966038876","2.5974357836471","0.769","1,2,3,4,5,6,7,73,84,85,86,88,89",0.0100788639725787,FALSE,1,0,0,2,13,1,12,0.0769230769230769,0.857142857142857
"S.EB",99,80,0.33,"FALSE","FALSE","FALSE","8.90332284912712","6.70703292825265","2.19628992087447","0.664","1,2,3,4,5,14,35,53,58,84,89,91",0.065956079744244,FALSE,4,1,2,5,12,5,7,0.416666666666667,0.5
"S.EB.b",1,80,0.33,"FALSE","FALSE","FALSE","8.68507979549966","5.54816591130751","3.13691388419215","0.825","2,4,6,7,53,83,85,86,87,88,89",0.0253014145175589,FALSE,1,0,3,1,11,1,10,0.0909090909090909,0.714285714285714
"S.EB.b",10,80,0.33,"FALSE","FALSE","FALSE","8.90438475751589","4.73752941157339","4.1668553459425","0.707","1,2,4,6,7,84,85,86,87,88,89",0.0143702576762266,FALSE,0,0,2,1,11,0,11,0,0.785714285714286
"S.EB.b",100,80,0.33,"FALSE","FALSE","FALSE","9.10246095616068","5.00305657122597","4.09940438493471","0.636","2,4,5,6,7,84,85,86,87,88,89",0.0120632169862599,FALSE,0,0,2,1,11,0,11,0,0.785714285714286
"S.EB.b",11,80,0.33,"FALSE","FALSE","FALSE","8.98057869361933","5.04659681238199","3.93398188123734","0.851","2,4,6,7,83,85,86,87,88,89,93",0.0283365205541796,FALSE,0,1,3,1,11,1,10,0.0909090909090909,0.714285714285714
"S.EB.b",12,80,0.33,"FALSE","FALSE","FALSE","9.28299605859598","4.99048373247494","4.29251232612105","0.655","2,3,4,6,7,83,85,86,87,88,89",0.0148901122765967,FALSE,0,0,2,1,11,0,11,0,0.785714285714286
"S.EB.b",13,80,0.33,"FALSE","FALSE","FALSE","10.8055321869201","6.25950524961415","4.54602693730593","0.585","2,3,4,5,6,7,84,85,86,87,88,89",0.00858762593566297,FALSE,0,0,1,1,12,0,12,0,0.857142857142857
"S.EB.b",14,80,0.33,"FALSE","FALSE","FALSE","10.3500033470433","4.41771267973434","5.93229066730891","0.632","2,4,6,7,83,84,85,86,87,88,89",0.0174816958835201,FALSE,0,0,3,0,11,0,11,0,0.785714285714286
"S.EB.b",15,80,0.33,"FALSE","FALSE","FALSE","8.73395186506318","6.60928274417204","2.12466912089115","0.946","2,3,4,5,6,7,83,85,87,88,89",0.0136337212628788,FALSE,0,0,1,2,11,0,11,0,0.785714285714286
"S.EB.b",16,80,0.33,"FALSE","FALSE","FALSE","8.94742115415161","6.73560824006728","2.21181291408432","0.728","1,2,3,4,5,6,7,42,84,87,88,89",0.017163061694275,FALSE,1,0,0,3,12,1,11,0.0833333333333333,0.785714285714286
"S.EB.b",17,80,0.33,"FALSE","FALSE","FALSE","9.37083714282683","6.51652446868737","2.85431267413946","0.635","2,3,4,5,6,7,81,85,87,88,89",0.0208489175720428,FALSE,1,0,1,3,11,1,10,0.0909090909090909,0.714285714285714
"S.EB.b",18,80,0.33,"FALSE","FALSE","FALSE","8.2841016741597","6.99368429665078","1.29041737750892","0.74","2,3,4,5,6,7,85,86,87,88,89",0.010175822812606,FALSE,0,0,1,2,11,0,11,0,0.785714285714286
"S.EB.b",19,80,0.33,"FALSE","FALSE","FALSE","9.50334620499775","6.66370169653846","2.83964450845929","0.644","1,2,3,4,5,6,7,84,87,88,89,92",0.0138911381046919,FALSE,0,1,0,3,12,1,11,0.0833333333333333,0.785714285714286
"S.EB.b",2,80,0.33,"FALSE","FALSE","FALSE","8.26059445720318","5.12043845911458","3.1401559980886","0.788","1,2,4,6,7,83,84,86,87,88,89",0.0163054323950508,FALSE,0,0,2,1,11,0,11,0,0.785714285714286
"S.EB.b",20,80,0.33,"FALSE","FALSE","FALSE","8.51941046016075","6.29832094163441","2.22108951852634","0.767","2,3,4,5,6,7,84,86,87,88,89",0.0110388981504663,FALSE,0,0,1,2,11,0,11,0,0.785714285714286
"S.EB.b",21,80,0.33,"FALSE","FALSE","FALSE","8.5405378107964","4.84337919998084","3.69715861081555","0.708","2,4,6,7,26,83,85,86,87,88,89",0.030423010196639,FALSE,1,0,3,1,11,1,10,0.0909090909090909,0.714285714285714
"S.EB.b",22,80,0.33,"FALSE","FALSE","FALSE","9.84261612082661","4.9118820416487","4.93073407917791","0.48","2,4,6,7,59,84,85,86,87,88,89",0.0205916122044292,FALSE,1,0,3,1,11,1,10,0.0909090909090909,0.714285714285714
"S.EB.b",23,80,0.33,"FALSE","FALSE","FALSE","9.02082524219606","6.3660226071486","2.65480263504746","0.622","1,2,3,4,5,6,62,84,86,87,89",0.027899769754612,FALSE,1,0,1,3,11,1,10,0.0909090909090909,0.714285714285714
"S.EB.b",24,80,0.33,"FALSE","FALSE","FALSE","8.49783482247432","3.40365319780104","5.09418162467327","0.538","2,4,7,83,84,85,86,87,88,89,92",0.0259550439281141,FALSE,0,1,4,0,11,1,10,0.0909090909090909,0.714285714285714
"S.EB.b",25,80,0.33,"FALSE","FALSE","FALSE","9.28872601216691","6.87122838510565","2.41749762706125","0.64","1,2,3,4,5,7,22,30,52,84,88,89,92",0.0397643803350948,FALSE,3,1,1,4,13,4,9,0.307692307692308,0.642857142857143
"S.EB.b",26,80,0.33,"FALSE","FALSE","FALSE","10.7350042901909","6.76361198422659","3.97139230596429","0.601","2,3,4,5,6,7,80,83,84,85,87,88,89",0.0138944377551732,FALSE,1,0,1,1,13,1,12,0.0769230769230769,0.857142857142857
"S.EB.b",27,80,0.33,"FALSE","FALSE","FALSE","9.03114895262816","4.55316439618361","4.47798455644455","0.763","1,2,4,7,83,84,85,86,87,88,89",0.0209266858757853,FALSE,0,0,3,0,11,0,11,0,0.785714285714286
"S.EB.b",28,80,0.33,"FALSE","FALSE","FALSE","8.1117386094202","4.9209745337321","3.1907640756881","1.134","2,4,6,7,83,85,86,87,88,89",0.022815021760729,FALSE,0,0,3,1,10,0,10,0,0.714285714285714
"S.EB.b",29,80,0.33,"FALSE","FALSE","FALSE","8.59900690950404","6.38259548610714","2.2164114233969","0.462","1,2,3,4,5,7,12,84,88,89",0.029057182725751,FALSE,1,0,1,4,10,1,9,0.1,0.642857142857143
"S.EB.b",3,80,0.33,"FALSE","FALSE","FALSE","9.01003246589878","5.53216558141464","3.47786688448414","1.082","2,4,6,7,84,85,86,87,88,89,93",0.0225602608413447,FALSE,0,1,3,1,11,1,10,0.0909090909090909,0.714285714285714
"S.EB.b",30,80,0.33,"FALSE","FALSE","FALSE","7.45737767806419","6.28260937555378","1.17476830251041","0.842","1,2,3,4,5,12,42,79,89",0.0611526245212299,FALSE,3,0,2,6,9,3,6,0.333333333333333,0.428571428571429
"S.EB.b",31,80,0.33,"FALSE","FALSE","FALSE","7.52059889125331","6.20652706695297","1.31407182430034","0.705","1,2,4,5,6,16,85,86,87,88,89",0.0234155928607395,FALSE,1,0,2,2,11,1,10,0.0909090909090909,0.714285714285714
"S.EB.b",32,80,0.33,"FALSE","FALSE","FALSE","8.64903266882828","6.17823435169693","2.47079831713135","0.633","2,3,4,5,6,7,84,85,86,87,88,89",0.00525837910871497,FALSE,0,0,1,1,12,0,12,0,0.857142857142857
"S.EB.b",33,80,0.33,"FALSE","FALSE","FALSE","10.0049930001797","6.93627287133982","3.06872012883988","0.694","2,3,4,5,6,7,39,85,86,87,88,89",0.0137346259822201,FALSE,1,0,1,2,12,1,11,0.0833333333333333,0.785714285714286
"S.EB.b",34,80,0.33,"FALSE","FALSE","FALSE","8.35490805504904","6.05145954492963","2.30344851011941","0.579","2,3,4,5,6,7,84,85,87,88,89",0.0106080272145146,FALSE,0,0,1,2,11,0,11,0,0.785714285714286
"S.EB.b",35,80,0.33,"FALSE","FALSE","FALSE","9.70504034169956","4.39963514780589","5.30540519389367","0.502","2,4,6,7,83,84,85,86,87,88,89,93",0.0187421884648531,FALSE,0,1,3,0,12,1,11,0.0833333333333333,0.785714285714286
"S.EB.b",36,80,0.33,"FALSE","FALSE","FALSE","10.558281511159","6.93812013868994","3.62016137246904","0.553","2,3,4,6,7,39,47,83,86,87,88,89",0.0230102678864539,FALSE,2,0,2,2,12,2,10,0.166666666666667,0.714285714285714
"S.EB.b",37,80,0.33,"FALSE","FALSE","FALSE","8.79939261309085","6.07243474795661","2.72695786513424","0.82","2,4,6,7,83,84,85,86,87,88,89",0.0180544945607935,FALSE,0,0,3,0,11,0,11,0,0.785714285714286
"S.EB.b",38,80,0.33,"FALSE","FALSE","FALSE","8.47183145084685","4.62534688564164","3.84648456520521","0.552","2,4,6,7,83,85,86,87,88,89",0.0203718871238065,FALSE,0,0,3,1,10,0,10,0,0.714285714285714
"S.EB.b",39,80,0.33,"FALSE","FALSE","FALSE","7.6649190486968","5.25682959990755","2.40808944878924","0.546","1,2,3,5,45,84,85,86,87,88,89",0.0308272769971834,FALSE,1,0,3,1,11,1,10,0.0909090909090909,0.714285714285714
"S.EB.b",4,80,0.33,"FALSE","FALSE","FALSE","8.61595975355861","5.54977911878711","3.06618063477151","0.823","2,4,7,83,84,85,86,87,88,89,93",0.0232277125944091,FALSE,0,1,4,0,11,1,10,0.0909090909090909,0.714285714285714
"S.EB.b",40,80,0.33,"FALSE","FALSE","FALSE","8.64181702091037","6.51426056264848","2.12755645826189","0.543","1,2,3,4,5,6,7,84,87,88,89",0.0142549485931086,FALSE,0,0,0,3,11,0,11,0,0.785714285714286
"S.EB.b",41,80,0.33,"FALSE","FALSE","FALSE","8.2422276384859","5.73394282719156","2.50828481129434","0.823","2,3,4,5,7,71,80,84,87,88,89",0.0278954790002472,FALSE,2,0,2,3,11,2,9,0.181818181818182,0.642857142857143
"S.EB.b",42,80,0.33,"FALSE","FALSE","FALSE","8.03187284255793","5.86054285533507","2.17132998722286","0.562","1,2,3,4,5,7,84,85,86,87,88,89",0.00752465808718043,FALSE,0,0,1,1,12,0,12,0,0.857142857142857
"S.EB.b",43,80,0.33,"FALSE","FALSE","FALSE","7.48108487655593","6.08956550066847","1.39151937588747","0.574","1,2,3,4,5,12,84,89",0.0551843331168185,FALSE,1,0,2,5,8,1,7,0.125,0.5
"S.EB.b",44,80,0.33,"FALSE","FALSE","FALSE","9.10346410570968","6.69146646569965","2.41199764001003","0.715","1,2,3,4,5,6,7,58,87,88,89",0.0228789386052778,FALSE,1,0,0,4,11,1,10,0.0909090909090909,0.714285714285714
"S.EB.b",45,80,0.33,"FALSE","FALSE","FALSE","7.72502296149431","6.14605267333358","1.57897028816073","0.729","1,2,3,4,5,10,79,84,85,89",0.0485612721460208,FALSE,2,0,2,4,10,2,8,0.2,0.571428571428571
"S.EB.b",46,80,0.33,"FALSE","FALSE","FALSE","7.39108682570161","5.232672847799","2.15841397790261","0.648","1,2,4,5,28,52,84,88,89",0.0552617075094997,FALSE,2,0,3,4,9,2,7,0.222222222222222,0.5
"S.EB.b",47,80,0.33,"FALSE","FALSE","FALSE","8.19645277605949","5.46981575961921","2.72663701644027","0.84","2,4,6,7,83,84,85,86,87,88,89",0.0168567130852924,FALSE,0,0,3,0,11,0,11,0,0.785714285714286
"S.EB.b",48,80,0.33,"FALSE","FALSE","FALSE","9.24553282096322","6.83575162331665","2.40978119764657","0.724","2,4,5,6,7,56,59,87,88,89",0.0311037997587911,FALSE,2,0,2,4,10,2,8,0.2,0.571428571428571
"S.EB.b",49,80,0.33,"FALSE","FALSE","FALSE","9.14682759380049","6.07957509045721","3.06725250334328","0.79","2,3,4,5,6,7,84,85,86,87,88,89",0.00735077393731343,FALSE,0,0,1,1,12,0,12,0,0.857142857142857
"S.EB.b",5,80,0.33,"FALSE","FALSE","FALSE","8.83117238307331","5.16785569248933","3.66331669058398","0.431","2,4,5,6,7,85,86,87,88,89",0.0192568338970625,FALSE,0,0,2,2,10,0,10,0,0.714285714285714
"S.EB.b",50,80,0.33,"FALSE","FALSE","FALSE","9.0111022186975","6.06582760041517","2.94527461828233","0.773","1,2,3,4,5,28,84,85,86,87,88,89",0.0191530323837934,FALSE,1,0,2,1,12,1,11,0.0833333333333333,0.785714285714286
"S.EB.b",51,80,0.33,"FALSE","FALSE","FALSE","8.09483384072682","6.39590053990639","1.69893330082043","0.784","1,2,3,4,5,7,23,84,86,89",0.0331638167295519,FALSE,1,0,1,4,10,1,9,0.1,0.642857142857143
"S.EB.b",52,80,0.33,"FALSE","FALSE","FALSE","9.61440038417353","5.44370301874863","4.17069736542489","0.681","2,3,4,5,6,7,84,85,86,87,88,89,92",0.00733303029638976,FALSE,0,1,1,1,13,1,12,0.0769230769230769,0.857142857142857
"S.EB.b",53,80,0.33,"FALSE","FALSE","FALSE","9.50869163279243","4.2025021055436","5.30618952724882","0.378","2,4,6,7,83,84,85,86,87,88,89,91",0.020122360781883,FALSE,0,1,3,0,12,1,11,0.0833333333333333,0.785714285714286
"S.EB.b",54,80,0.33,"FALSE","FALSE","FALSE","9.09082336240972","4.38282849395178","4.70799486845794","0.471","1,2,4,6,7,83,84,86,87,88,89,91",0.0212066861341933,FALSE,0,1,2,1,12,1,11,0.0833333333333333,0.785714285714286
"S.EB.b",55,80,0.33,"FALSE","FALSE","FALSE","9.5137579567016","4.50801944309808","5.00573851360352","0.538","1,2,4,6,13,84,85,86,87,88,89,90",0.0276140215708511,FALSE,1,1,3,1,12,2,10,0.166666666666667,0.714285714285714
"S.EB.b",56,80,0.33,"FALSE","FALSE","FALSE","10.1648701481688","6.82666775850507","3.33820238966374","0.929","2,3,4,5,6,7,40,43,48,85,86,87,88,89",0.0226021962091218,FALSE,3,0,1,2,14,3,11,0.214285714285714,0.785714285714286
"S.EB.b",57,80,0.33,"FALSE","FALSE","FALSE","9.64743589710165","4.33636621887916","5.31106967822249","0.48","2,4,6,7,12,83,84,85,86,87,88,89",0.0238939085920196,FALSE,1,0,3,0,12,1,11,0.0833333333333333,0.785714285714286
"S.EB.b",58,80,0.33,"FALSE","FALSE","FALSE","9.58384108857471","6.39206553059456","3.19177555798015","0.363","2,3,4,5,6,7,44,84,85,87,88,89",0.0136698321579362,FALSE,1,0,1,2,12,1,11,0.0833333333333333,0.785714285714286
"S.EB.b",59,80,0.33,"FALSE","FALSE","FALSE","8.2465639927197","5.31583825521075","2.93072573750895","0.573","2,4,6,7,84,85,86,87,88,89",0.0187763306090205,FALSE,0,0,3,1,10,0,10,0,0.714285714285714
"S.EB.b",6,80,0.33,"FALSE","FALSE","FALSE","8.59926245446015","5.24727839528518","3.35198405917497","0.717","2,4,6,7,83,85,86,87,88,89",0.0247246717215865,FALSE,0,0,3,1,10,0,10,0,0.714285714285714
"S.EB.b",60,80,0.33,"FALSE","FALSE","FALSE","10.0380362006781","5.32442367970775","4.71361252097032","0.52","2,3,4,6,7,83,85,86,87,88,89",0.0179154329059261,FALSE,0,0,2,1,11,0,11,0,0.785714285714286
"S.EB.b",61,80,0.33,"FALSE","FALSE","FALSE","7.4283977278374","6.25520847798634","1.17318924985105","0.679","1,3,4,5,7,22,52,84,89",0.059419786632617,FALSE,2,0,2,5,9,2,7,0.222222222222222,0.5
"S.EB.b",62,80,0.33,"FALSE","FALSE","FALSE","8.48937079787035","5.53900892499579","2.95036187287456","0.968","2,3,4,5,6,7,84,85,87,88,89",0.0132456157361919,FALSE,0,0,1,2,11,0,11,0,0.785714285714286
"S.EB.b",63,80,0.33,"FALSE","FALSE","FALSE","9.38011550563984","6.47673395677949","2.90338154886035","1.221","1,2,3,4,5,6,7,84,85,86,87,88,89",0.00269951479225813,FALSE,0,0,0,1,13,0,13,0,0.928571428571429
"S.EB.b",64,80,0.33,"FALSE","FALSE","FALSE","10.3385409496182","4.30874905792535","6.0297918916929","0.38","2,4,6,7,83,84,85,86,87,88,89,93",0.0192735720076795,FALSE,0,1,3,0,12,1,11,0.0833333333333333,0.785714285714286
"S.EB.b",65,80,0.33,"FALSE","FALSE","FALSE","10.2846696398448","6.25833597519989","4.02633366464495","0.493","2,3,4,5,6,7,85,86,87,88,89",0.0124199706631362,FALSE,0,0,1,2,11,0,11,0,0.785714285714286
"S.EB.b",66,80,0.33,"FALSE","FALSE","FALSE","9.60895155512823","6.32009457818971","3.28885697693853","0.656","2,3,4,6,7,83,84,85,86,87,88,89",0.0129651605640251,FALSE,0,0,2,0,12,0,12,0,0.857142857142857
"S.EB.b",67,80,0.33,"FALSE","FALSE","FALSE","9.81320417705781","5.13569917835948","4.67750499869833","0.902","1,2,4,5,6,84,85,86,87,88,89",0.0142263925744778,FALSE,0,0,2,1,11,0,11,0,0.785714285714286
"S.EB.b",68,80,0.33,"FALSE","FALSE","FALSE","10.4645644649786","6.75269147411979","3.71187299085878","0.611","1,2,3,4,5,6,7,84,85,86,87,88,89",0.00277488716891581,FALSE,0,0,0,1,13,0,13,0,0.928571428571429
"S.EB.b",69,80,0.33,"FALSE","FALSE","FALSE","8.1522794957998","6.13045307261892","2.02182642318087","0.603","2,3,4,5,6,7,87,88,89",0.0233201487958157,FALSE,0,0,1,4,9,0,9,0,0.642857142857143
"S.EB.b",7,80,0.33,"FALSE","FALSE","FALSE","10.2748872813317","5.30352254807683","4.97136473325487","0.338","2,4,5,6,7,85,86,87,88,89,92",0.0179515126988223,FALSE,0,1,2,2,11,1,10,0.0909090909090909,0.714285714285714
"S.EB.b",70,80,0.33,"FALSE","FALSE","FALSE","10.6274508070627","6.39580038817241","4.23165041889034","0.578","2,3,4,5,6,7,83,84,85,86,87,88,89",0.00429828310923609,FALSE,0,0,1,0,13,0,13,0,0.928571428571429
"S.EB.b",71,80,0.33,"FALSE","FALSE","FALSE","8.14695066586411","5.86298641483546","2.28396425102865","0.801","1,2,3,4,5,6,7,56,84,85,86,88,89",0.0104111573652111,FALSE,1,0,0,2,13,1,12,0.0769230769230769,0.857142857142857
"S.EB.b",72,80,0.33,"FALSE","FALSE","FALSE","8.91698081187991","6.56404953696519","2.35293127491473","0.657","2,3,4,5,6,7,83,85,86,87,88,89",0.0101320136892225,FALSE,0,0,1,1,12,0,12,0,0.857142857142857
"S.EB.b",73,80,0.33,"FALSE","FALSE","FALSE","8.41394983493728","6.9166129191158","1.49733691582148","0.79","2,3,4,5,6,7,85,87,88,89",0.0163585955959914,FALSE,0,0,1,3,10,0,10,0,0.714285714285714
"S.EB.b",74,80,0.33,"FALSE","FALSE","FALSE","9.75620469725262","5.23296936396528","4.52323533328734","0.518","2,4,6,7,59,83,84,85,86,87,88,89,93",0.0203169810591331,FALSE,1,1,3,0,13,2,11,0.153846153846154,0.785714285714286
"S.EB.b",75,80,0.33,"FALSE","FALSE","FALSE","8.76971397377629","7.44267561841976","1.32703835535653","1.015","2,3,4,6,7,9,10,39,65,84,86,87",0.0641692642356261,FALSE,4,0,2,4,12,4,8,0.333333333333333,0.571428571428571
"S.EB.b",76,80,0.33,"FALSE","FALSE","FALSE","9.81307933901944","7.40509599364379","2.40798334537565","0.719","1,2,4,5,7,73,79,85,86,87,88,89",0.0247787696146813,FALSE,2,0,2,2,12,2,10,0.166666666666667,0.714285714285714
"S.EB.b",77,80,0.33,"FALSE","FALSE","FALSE","8.99846178755201","4.89879214279011","4.0996696447619","0.563","2,3,4,6,7,21,80,83,86,87,88,89",0.0320766468891584,FALSE,2,0,2,2,12,2,10,0.166666666666667,0.714285714285714
"S.EB.b",78,80,0.33,"FALSE","FALSE","FALSE","9.16978020447041","6.52342150261596","2.64635870185445","1.157","2,3,4,5,7,28,84,85,86,87,88,89",0.0171619650471311,FALSE,1,0,2,1,12,1,11,0.0833333333333333,0.785714285714286
"S.EB.b",79,80,0.33,"FALSE","FALSE","FALSE","9.84369560751377","5.95890130730821","3.88479430020557","0.534","2,3,4,5,6,7,84,85,86,87,88,89",0.00666752544718896,FALSE,0,0,1,1,12,0,12,0,0.857142857142857
"S.EB.b",8,80,0.33,"FALSE","FALSE","FALSE","8.05419334627634","6.33214409478946","1.72204925148689","0.576","1,2,3,4,5,6,7,84,87,88,89",0.0122202008020888,FALSE,0,0,0,3,11,0,11,0,0.785714285714286
"S.EB.b",80,80,0.33,"FALSE","FALSE","FALSE","9.60054688863492","6.58217279200252","3.0183740966324","0.793","1,2,3,4,5,6,7,84,85,87,88,89",0.00905499247799981,FALSE,0,0,0,2,12,0,12,0,0.857142857142857
"S.EB.b",81,80,0.33,"FALSE","FALSE","FALSE","9.5487908911569","5.40116622683496","4.14762466432195","0.639","2,3,4,6,7,83,85,87,88,89,90,93",0.0275456865138195,FALSE,0,2,2,2,12,2,10,0.166666666666667,0.714285714285714
"S.EB.b",82,80,0.33,"FALSE","FALSE","FALSE","9.45399652510118","4.82872843787173","4.62526808722946","0.576","2,4,6,7,11,84,85,86,87,88,89,93",0.0235418720240217,FALSE,1,1,3,1,12,2,10,0.166666666666667,0.714285714285714
"S.EB.b",83,80,0.33,"FALSE","FALSE","FALSE","9.07858010508136","6.12377080721518","2.95480929786617","0.816","1,2,3,4,5,18,22,84,86,88,89,92",0.0479290392194281,FALSE,2,1,2,3,12,3,9,0.25,0.642857142857143
"S.EB.b",84,80,0.33,"FALSE","FALSE","FALSE","9.06341863289826","4.15566451416168","4.90775411873658","0.548","2,4,7,40,83,84,85,86,87,88,89",0.0303660894009987,FALSE,1,0,4,0,11,1,10,0.0909090909090909,0.714285714285714
"S.EB.b",85,80,0.33,"FALSE","FALSE","FALSE","8.67545465851849","5.77736766501944","2.89808699349905","0.667","2,3,4,5,6,7,84,85,86,87,88,89",0.00680534910263716,FALSE,0,0,1,1,12,0,12,0,0.857142857142857
"S.EB.b",86,80,0.33,"FALSE","FALSE","FALSE","9.37310508791812","6.6072318002017","2.76587328771642","0.78","1,2,3,4,5,6,7,85,86,87,88,89",0.00767343549030363,FALSE,0,0,0,2,12,0,12,0,0.857142857142857
"S.EB.b",87,80,0.33,"FALSE","FALSE","FALSE","9.08748118072387","4.41005397242739","4.67742720829648","0.55","2,4,6,7,83,84,85,86,87,88,89",0.0192068270462753,FALSE,0,0,3,0,11,0,11,0,0.785714285714286
"S.EB.b",88,80,0.33,"FALSE","FALSE","FALSE","8.11428637392398","6.71562620737294","1.39866016655105","0.648","1,2,3,4,5,7,55,87,88,89",0.0270343067490653,FALSE,1,0,1,4,10,1,9,0.1,0.642857142857143
"S.EB.b",89,80,0.33,"FALSE","FALSE","FALSE","8.68321112843229","5.92836773363554","2.75484339479675","0.688","1,2,3,4,5,6,7,84,85,86,87,88,89",0.00322624325143235,FALSE,0,0,0,1,13,0,13,0,0.928571428571429
"S.EB.b",9,80,0.33,"FALSE","FALSE","FALSE","9.43641727761579","6.59212494251383","2.84429233510196","1.069","1,2,4,6,7,27,30,83,84,86,87,88,89",0.0217571020474835,FALSE,2,0,2,1,13,2,11,0.153846153846154,0.785714285714286
"S.EB.b",90,80,0.33,"FALSE","FALSE","FALSE","7.81840670041642","6.06940560206774","1.74900109834868","0.568","1,2,3,4,5,7,49,84,85,88,89",0.0255248827121293,FALSE,1,0,1,3,11,1,10,0.0909090909090909,0.714285714285714
"S.EB.b",91,80,0.33,"FALSE","FALSE","FALSE","9.05063690861646","5.4435132904654","3.60712361815106","0.453","2,3,4,6,7,12,84,85,86,87,88,89",0.0200150044404736,FALSE,1,0,2,1,12,1,11,0.0833333333333333,0.785714285714286
"S.EB.b",92,80,0.33,"FALSE","FALSE","FALSE","8.61302841491782","4.98187886628502","3.6311495486328","0.663","2,3,4,5,6,7,85,87,88,89",0.0161990264858979,FALSE,0,0,1,3,10,0,10,0,0.714285714285714
"S.EB.b",93,80,0.33,"FALSE","FALSE","FALSE","9.11998755161559","6.47361256336548","2.64637498825012","0.514","1,2,3,4,5,6,7,84,87,88,89",0.0131382147442028,FALSE,0,0,0,3,11,0,11,0,0.785714285714286
"S.EB.b",94,80,0.33,"FALSE","FALSE","FALSE","7.98204856666188","6.00327730109268","1.9787712655692","0.815","1,2,3,4,5,7,28,87,88,89",0.0273052643208202,FALSE,1,0,1,4,10,1,9,0.1,0.642857142857143
"S.EB.b",95,80,0.33,"FALSE","FALSE","FALSE","9.46818898609699","6.62149813231099","2.846690853786","0.607","2,3,4,5,6,7,44,84,87,88,89",0.0169337809173682,FALSE,1,0,1,3,11,1,10,0.0909090909090909,0.714285714285714
"S.EB.b",96,80,0.33,"FALSE","FALSE","FALSE","9.01007635403536","6.69243976604608","2.31763658798928","0.553","1,2,3,4,5,6,7,83,84,87,88,89",0.00939952833584501,FALSE,0,0,0,2,12,0,12,0,0.857142857142857
"S.EB.b",97,80,0.33,"FALSE","FALSE","FALSE","9.4139279083279","5.77747965056882","3.63644825775909","0.662","2,3,4,6,7,86,87,88,89,92,93",0.0288317996930865,FALSE,0,2,2,3,11,2,9,0.181818181818182,0.642857142857143
"S.EB.b",98,80,0.33,"FALSE","FALSE","FALSE","9.65189544403587","7.05445966038876","2.5974357836471","0.769","1,2,3,4,5,6,7,73,84,85,86,88,89",0.0100788639725787,FALSE,1,0,0,2,13,1,12,0.0769230769230769,0.857142857142857
"S.EB.b",99,80,0.33,"FALSE","FALSE","FALSE","8.90332284912712","6.70703292825265","2.19628992087447","0.664","1,2,3,4,5,14,35,53,58,84,89,91",0.065956079744244,FALSE,4,1,2,5,12,5,7,0.416666666666667,0.5
"scad.cv",1,80,0.33,"FALSE","FALSE","FALSE","8.68507979549966","5.54816591130751","3.13691388419215","0.825","1,2,3,5,14,19,26,44,52,54,57,58,60,76,84,88,91",0.106155600217067,FALSE,10,1,3,5,17,11,6,0.647058823529412,0.428571428571429
"scad.cv",10,80,0.33,"FALSE","FALSE","FALSE","8.90438475751589","4.73752941157339","4.1668553459425","0.707","1,2,4,7,8,22,79,84,86,88,89",0.0634311617296086,FALSE,3,0,3,3,11,3,8,0.272727272727273,0.571428571428571
"scad.cv",100,80,0.33,"FALSE","FALSE","FALSE","9.10246095616068","5.00305657122597","4.09940438493471","0.636","2,4,5,6,7,56,84,85,87,89,92",0.0619535877168695,FALSE,1,1,2,3,11,2,9,0.181818181818182,0.642857142857143
"scad.cv",11,80,0.33,"FALSE","FALSE","FALSE","8.98057869361933","5.04659681238199","3.93398188123734","0.851","2,4,5,6,7,9,19,30,37,39,56,66,69,80,86,87,89,93",0.0903484159740248,FALSE,9,1,2,4,18,10,8,0.555555555555556,0.571428571428571
"scad.cv",12,80,0.33,"FALSE","FALSE","FALSE","9.28299605859598","4.99048373247494","4.29251232612105","0.655","1,2,4,6,7,24,28,39,41,59,64,73,77,79,86,87,89,92",0.0713557537369474,FALSE,9,1,2,4,18,10,8,0.555555555555556,0.571428571428571
"scad.cv",13,80,0.33,"FALSE","FALSE","FALSE","10.8055321869201","6.25950524961415","4.54602693730593","0.585","1,2,3,4,5,6,12,42,84,89,91",0.106511938112022,FALSE,2,1,1,5,11,3,8,0.272727272727273,0.571428571428571
"scad.cv",14,80,0.33,"FALSE","FALSE","FALSE","10.3500033470433","4.41771267973434","5.93229066730891","0.632","2,4,6,7,51,69,84,85,86,87,88,89",0.0349480034953643,FALSE,2,0,3,1,12,2,10,0.166666666666667,0.714285714285714
"scad.cv",15,80,0.33,"FALSE","FALSE","FALSE","8.73395186506318","6.60928274417204","2.12466912089115","0.946","1,2,3,4,5,6,7,17,22,42,52,68,79,80,83,84,85,87,89",0.0299859719616756,FALSE,7,0,0,2,19,7,12,0.368421052631579,0.857142857142857
"scad.cv",16,80,0.33,"FALSE","FALSE","FALSE","8.94742115415161","6.73560824006728","2.21181291408432","0.728","1,2,3,4,5,6,14,23,42,45,72,84,87,89",0.079938282172294,FALSE,5,0,1,4,14,5,9,0.357142857142857,0.642857142857143
"scad.cv",17,80,0.33,"FALSE","FALSE","FALSE","9.37083714282683","6.51652446868737","2.85431267413946","0.635","1,2,3,4,5,12,36,50,72,84,88,89",0.109321245420434,FALSE,4,0,2,4,12,4,8,0.333333333333333,0.571428571428571
"scad.cv",18,80,0.33,"FALSE","FALSE","FALSE","8.2841016741597","6.99368429665078","1.29041737750892","0.74","1,2,3,4,5,6,7,57,62,67,80,89",0.0765053811839422,FALSE,4,0,0,6,12,4,8,0.333333333333333,0.571428571428571
"scad.cv",19,80,0.33,"FALSE","FALSE","FALSE","9.50334620499775","6.66370169653846","2.83964450845929","0.644","1,2,3,4,5,6,14,35,50,52,72,84,88,89,91",0.0705257038150146,FALSE,5,1,1,4,15,6,9,0.4,0.642857142857143
"scad.cv",2,80,0.33,"FALSE","FALSE","FALSE","8.26059445720318","5.12043845911458","3.1401559980886","0.788","2,4,5,6,7,9,24,38,52,57,65,83,87,89",0.0856249678227936,FALSE,6,0,2,4,14,6,8,0.428571428571429,0.571428571428571
"scad.cv",20,80,0.33,"FALSE","FALSE","FALSE","8.51941046016075","6.29832094163441","2.22108951852634","0.767","1,2,4,5,6,7,9,24,28,30,39,43,59,64,77,79,80,86,89",0.0862979501267608,FALSE,11,0,1,5,19,11,8,0.578947368421053,0.571428571428571
"scad.cv",21,80,0.33,"FALSE","FALSE","FALSE","8.5405378107964","4.84337919998084","3.69715861081555","0.708","1,2,3,4,5,6,7,14,22,23,27,32,51,52,56,57,68,83,84,85,86,88,89",0.0186703841992301,FALSE,10,0,0,1,23,10,13,0.434782608695652,0.928571428571429
"scad.cv",22,80,0.33,"FALSE","FALSE","FALSE","9.84261612082661","4.9118820416487","4.93073407917791","0.48","1,2,3,4,5,6,7,12,14,17,19,22,28,31,40,42,55,59,68,70,76,80,82,83,84,85,86,87,88,89",0.0264304194154283,FALSE,16,0,0,0,30,16,14,0.533333333333333,1
"scad.cv",23,80,0.33,"FALSE","FALSE","FALSE","9.02082524219606","6.3660226071486","2.65480263504746","0.622","1,2,3,4,5,6,9,14,22,35,45,52,67,68,83,84,85,86,87,89",0.0309894441869956,FALSE,8,0,1,1,20,8,12,0.4,0.857142857142857
"scad.cv",24,80,0.33,"FALSE","FALSE","FALSE","8.49783482247432","3.40365319780104","5.09418162467327","0.538","2,4,7,51,83,85,86,88,89",0.0664561950706457,FALSE,1,0,4,2,9,1,8,0.111111111111111,0.571428571428571
"scad.cv",25,80,0.33,"FALSE","FALSE","FALSE","9.28872601216691","6.87122838510565","2.41749762706125","0.64","1,2,3,4,5,7,9,17,18,22,31,50,52,68,70,83,84,85,89",0.0430170502440999,FALSE,9,0,1,3,19,9,10,0.473684210526316,0.714285714285714
"scad.cv",26,80,0.33,"FALSE","FALSE","FALSE","10.7350042901909","6.76361198422659","3.97139230596429","0.601","2,4,5,6,7,10,57,59,80,87,89",0.0764158376532709,FALSE,4,0,2,5,11,4,7,0.363636363636364,0.5
"scad.cv",27,80,0.33,"FALSE","FALSE","FALSE","9.03114895262816","4.55316439618361","4.47798455644455","0.763","1,2,4,9,10,12,59,62,73,75,84,86,87,88,89",0.064393503793091,FALSE,7,0,4,2,15,7,8,0.466666666666667,0.571428571428571
"scad.cv",28,80,0.33,"FALSE","FALSE","FALSE","8.1117386094202","4.9209745337321","3.1907640756881","1.134","1,2,3,4,5,6,7,8,25,27,38,47,52,55,60,68,82,83,84,85,86,87,88,89",0.0203359755382397,FALSE,10,0,0,0,24,10,14,0.416666666666667,1
"scad.cv",29,80,0.33,"FALSE","FALSE","FALSE","8.59900690950404","6.38259548610714","2.2164114233969","0.462","1,2,3,4,5,6,7,12,14,17,22,31,42,50,51,52,68,82,83,84,88,89",0.0322702287863175,FALSE,11,0,0,3,22,11,11,0.5,0.785714285714286
"scad.cv",3,80,0.33,"FALSE","FALSE","FALSE","9.01003246589878","5.53216558141464","3.47786688448414","1.082","1,2,3,4,5,9,12,52,84,86,89",0.0464798613608988,FALSE,3,0,2,4,11,3,8,0.272727272727273,0.571428571428571
"scad.cv",30,80,0.33,"FALSE","FALSE","FALSE","7.45737767806419","6.28260937555378","1.17476830251041","0.842","1,2,3,4,5,6,12,29,42,73,79,84,88,89",0.0593584481977011,FALSE,5,0,1,4,14,5,9,0.357142857142857,0.642857142857143
"scad.cv",31,80,0.33,"FALSE","FALSE","FALSE","7.52059889125331","6.20652706695297","1.31407182430034","0.705","1,2,4,5,6,9,12,16,23,59,67,80,87,89",0.0613102179371259,FALSE,7,0,2,5,14,7,7,0.5,0.5
"scad.cv",32,80,0.33,"FALSE","FALSE","FALSE","8.64903266882828","6.17823435169693","2.47079831713135","0.633","1,2,3,4,5,12,36,52,60,84,89,91",0.101260817000438,FALSE,4,1,2,5,12,5,7,0.416666666666667,0.5
"scad.cv",33,80,0.33,"FALSE","FALSE","FALSE","10.0049930001797","6.93627287133982","3.06872012883988","0.694","1,2,3,5,12,33,42,84,89,91",0.140287982925228,FALSE,3,1,3,5,10,4,6,0.4,0.428571428571429
"scad.cv",34,80,0.33,"FALSE","FALSE","FALSE","8.35490805504904","6.05145954492963","2.30344851011941","0.579","1,2,3,4,5,12,23,59,84,89",0.0563076513246069,FALSE,3,0,2,5,10,3,7,0.3,0.5
"scad.cv",35,80,0.33,"FALSE","FALSE","FALSE","9.70504034169956","4.39963514780589","5.30540519389367","0.502","1,2,3,4,5,6,7,12,14,22,26,34,42,52,68,82,83,84,86,87,88,89",0.0228049933103483,FALSE,9,0,0,1,22,9,13,0.409090909090909,0.928571428571429
"scad.cv",36,80,0.33,"FALSE","FALSE","FALSE","10.558281511159","6.93812013868994","3.62016137246904","0.553","2,3,4,5,6,7,67,87,89",0.0658841807955592,FALSE,1,0,1,5,9,1,8,0.111111111111111,0.571428571428571
"scad.cv",37,80,0.33,"FALSE","FALSE","FALSE","8.79939261309085","6.07243474795661","2.72695786513424","0.82","2,3,4,5,6,7,9,36,39,56,65,67,77,79,83,87,89",0.086098695807473,FALSE,8,0,1,4,17,8,9,0.470588235294118,0.642857142857143
"scad.cv",38,80,0.33,"FALSE","FALSE","FALSE","8.47183145084685","4.62534688564164","3.84648456520521","0.552","1,2,4,6,7,10,34,39,47,78,86,87,88,89",0.0423270403482652,FALSE,5,0,2,3,14,5,9,0.357142857142857,0.642857142857143
"scad.cv",39,80,0.33,"FALSE","FALSE","FALSE","7.6649190486968","5.25682959990755","2.40808944878924","0.546","1,2,3,4,5,23,45,58,84,87,89",0.0743804928833519,FALSE,3,0,2,4,11,3,8,0.272727272727273,0.571428571428571
"scad.cv",4,80,0.33,"FALSE","FALSE","FALSE","8.61595975355861","5.54977911878711","3.06618063477151","0.823","1,2,3,4,5,7,9,12,22,27,35,44,51,52,55,67,68,73,79,83,84,86,87,88,89",0.0283033418572907,FALSE,13,0,1,1,25,13,12,0.52,0.857142857142857
"scad.cv",40,80,0.33,"FALSE","FALSE","FALSE","8.64181702091037","6.51426056264848","2.12755645826189","0.543","1,2,3,4,5,6,31,35,72,84,89,91",0.0640791819453299,FALSE,3,1,1,5,12,4,8,0.333333333333333,0.571428571428571
"scad.cv",41,80,0.33,"FALSE","FALSE","FALSE","8.2422276384859","5.73394282719156","2.50828481129434","0.823","2,4,5,6,7,9,29,57,59,80,84,87,88,89",0.0710170827144722,FALSE,5,0,2,3,14,5,9,0.357142857142857,0.642857142857143
"scad.cv",42,80,0.33,"FALSE","FALSE","FALSE","8.03187284255793","5.86054285533507","2.17132998722286","0.562","1,2,3,4,5,7,52,67,84,87,89,91",0.0569120598232172,FALSE,2,1,1,4,12,3,9,0.25,0.642857142857143
"scad.cv",43,80,0.33,"FALSE","FALSE","FALSE","7.48108487655593","6.08956550066847","1.39151937588747","0.574","1,2,3,4,5,6,10,12,31,55,60,79,84,88,89",0.0683043548008261,FALSE,6,0,1,4,15,6,9,0.4,0.642857142857143
"scad.cv",44,80,0.33,"FALSE","FALSE","FALSE","9.10346410570968","6.69146646569965","2.41199764001003","0.715","1,2,3,4,5,6,23,26,42,58,84,88,89,91",0.0766544407189469,FALSE,4,1,1,4,14,5,9,0.357142857142857,0.642857142857143
"scad.cv",45,80,0.33,"FALSE","FALSE","FALSE","7.72502296149431","6.14605267333358","1.57897028816073","0.729","1,2,3,4,5,10,12,38,72,84,89",0.103380808985037,FALSE,4,0,2,5,11,4,7,0.363636363636364,0.5
"scad.cv",46,80,0.33,"FALSE","FALSE","FALSE","7.39108682570161","5.232672847799","2.15841397790261","0.648","1,2,4,5,6,28,52,55,79,84,88,89,91",0.0679956794365756,FALSE,4,1,2,4,13,5,8,0.384615384615385,0.571428571428571
"scad.cv",47,80,0.33,"FALSE","FALSE","FALSE","8.19645277605949","5.46981575961921","2.72663701644027","0.84","1,2,3,4,5,6,7,23,26,84,86,89",0.0581047845634272,FALSE,2,0,0,4,12,2,10,0.166666666666667,0.714285714285714
"scad.cv",48,80,0.33,"FALSE","FALSE","FALSE","9.24553282096322","6.83575162331665","2.40978119764657","0.724","1,2,4,5,6,7,9,10,39,43,57,59,88,89",0.0736279236486544,FALSE,6,0,1,5,14,6,8,0.428571428571429,0.571428571428571
"scad.cv",49,80,0.33,"FALSE","FALSE","FALSE","9.14682759380049","6.07957509045721","3.06725250334328","0.79","1,2,3,4,5,10,12,38,50,84,88,89",0.0981140399179737,FALSE,4,0,2,4,12,4,8,0.333333333333333,0.571428571428571
"scad.cv",5,80,0.33,"FALSE","FALSE","FALSE","8.83117238307331","5.16785569248933","3.66331669058398","0.431","1,2,3,4,5,10,12,20,23,89,91",0.136150894895248,FALSE,4,1,2,6,11,5,6,0.454545454545455,0.428571428571429
"scad.cv",50,80,0.33,"FALSE","FALSE","FALSE","9.0111022186975","6.06582760041517","2.94527461828233","0.773","1,2,3,4,5,12,14,18,22,28,31,38,52,59,68,77,80,83,84,86,88,89",0.0302918930662597,FALSE,12,0,2,2,22,12,10,0.545454545454545,0.714285714285714
"scad.cv",51,80,0.33,"FALSE","FALSE","FALSE","8.09483384072682","6.39590053990639","1.69893330082043","0.784","1,2,3,4,5,6,7,9,23,28,46,55,57,84,87,89",0.0598204104050758,FALSE,6,0,0,4,16,6,10,0.375,0.714285714285714
"scad.cv",52,80,0.33,"FALSE","FALSE","FALSE","9.61440038417353","5.44370301874863","4.17069736542489","0.681","2,3,4,5,7,37,75,86,87,88,89,92",0.0570290011554928,FALSE,2,1,2,3,12,3,9,0.25,0.642857142857143
"scad.cv",53,80,0.33,"FALSE","FALSE","FALSE","9.50869163279243","4.2025021055436","5.30618952724882","0.378","2,4,6,7,59,83,86,87,88,89,92,93",0.0397453743852871,FALSE,1,2,3,2,12,3,9,0.25,0.642857142857143
"scad.cv",54,80,0.33,"FALSE","FALSE","FALSE","9.09082336240972","4.38282849395178","4.70799486845794","0.471","1,2,4,6,10,21,69,70,83,84,85,86,87,88,89",0.0720552554141025,FALSE,4,0,3,0,15,4,11,0.266666666666667,0.785714285714286
"scad.cv",55,80,0.33,"FALSE","FALSE","FALSE","9.5137579567016","4.50801944309808","5.00573851360352","0.538","1,2,4,6,7,13,21,84,85,86,87,88,89,90",0.0426656168194913,FALSE,2,1,2,1,14,3,11,0.214285714285714,0.785714285714286
"scad.cv",56,80,0.33,"FALSE","FALSE","FALSE","10.1648701481688","6.82666775850507","3.33820238966374","0.929","1,2,3,4,5,7,12,14,23,31,64,89,91",0.110404810656156,FALSE,5,1,1,6,13,6,7,0.461538461538462,0.5
"scad.cv",57,80,0.33,"FALSE","FALSE","FALSE","9.64743589710165","4.33636621887916","5.31106967822249","0.48","1,2,4,6,7,56,85,86,87,88,89",0.041020823105387,FALSE,1,0,2,2,11,1,10,0.0909090909090909,0.714285714285714
"scad.cv",58,80,0.33,"FALSE","FALSE","FALSE","9.58384108857471","6.39206553059456","3.19177555798015","0.363","2,3,4,5,6,7,59,87,88,89",0.041377932659826,FALSE,1,0,1,4,10,1,9,0.1,0.642857142857143
"scad.cv",59,80,0.33,"FALSE","FALSE","FALSE","8.2465639927197","5.31583825521075","2.93072573750895","0.573","1,2,3,4,5,6,7,12,31,84,87,89",0.0698144504593038,FALSE,2,0,0,4,12,2,10,0.166666666666667,0.714285714285714
"scad.cv",6,80,0.33,"FALSE","FALSE","FALSE","8.59926245446015","5.24727839528518","3.35198405917497","0.717","2,4,5,6,7,39,59,80,85,87,88,89",0.0648853603831337,FALSE,3,0,2,3,12,3,9,0.25,0.642857142857143
"scad.cv",60,80,0.33,"FALSE","FALSE","FALSE","10.0380362006781","5.32442367970775","4.71361252097032","0.52","1,2,3,4,5,6,7,8,12,14,22,27,32,35,52,68,69,76,77,83,84,85,87,88,89",0.0257747880782917,FALSE,12,0,0,1,25,12,13,0.48,0.928571428571429
"scad.cv",61,80,0.33,"FALSE","FALSE","FALSE","7.4283977278374","6.25520847798634","1.17318924985105","0.679","1,3,4,5,7,31,52,60,89",0.0678904706131609,FALSE,3,0,2,6,9,3,6,0.333333333333333,0.428571428571429
"scad.cv",62,80,0.33,"FALSE","FALSE","FALSE","8.48937079787035","5.53900892499579","2.95036187287456","0.968","1,2,3,4,5,6,7,12,52,84,89,91",0.0804967167325447,FALSE,2,1,0,5,12,3,9,0.25,0.642857142857143
"scad.cv",63,80,0.33,"FALSE","FALSE","FALSE","9.38011550563984","6.47673395677949","2.90338154886035","1.221","1,2,3,4,5,23,58,79,84,87,89,91",0.0629059490426301,FALSE,3,1,2,4,12,4,8,0.333333333333333,0.571428571428571
"scad.cv",64,80,0.33,"FALSE","FALSE","FALSE","10.3385409496182","4.30874905792535","6.0297918916929","0.38","1,2,3,4,5,6,7,8,12,19,22,31,38,44,51,52,55,68,70,83,84,85,86,87,88,89",0.0213570133182215,FALSE,12,0,0,0,26,12,14,0.461538461538462,1
"scad.cv",65,80,0.33,"FALSE","FALSE","FALSE","10.2846696398448","6.25833597519989","4.02633366464495","0.493","1,2,3,4,5,8,12,23,52,56,88,89,91",0.103838491548322,FALSE,5,1,2,5,13,6,7,0.461538461538462,0.5
"scad.cv",66,80,0.33,"FALSE","FALSE","FALSE","9.60895155512823","6.32009457818971","3.28885697693853","0.656","2,3,4,5,6,7,9,24,28,57,59,73,79,87,89",0.104660917823742,FALSE,7,0,1,5,15,7,8,0.466666666666667,0.571428571428571
"scad.cv",67,80,0.33,"FALSE","FALSE","FALSE","9.81320417705781","5.13569917835948","4.67750499869833","0.902","1,2,3,4,5,6,12,23,58,59,62,65,67,79,84,86,88,89,91",0.0548217664039855,FALSE,8,1,1,3,19,9,10,0.473684210526316,0.714285714285714
"scad.cv",68,80,0.33,"FALSE","FALSE","FALSE","10.4645644649786","6.75269147411979","3.71187299085878","0.611","1,2,3,4,5,6,7,8,12,19,22,38,42,52,57,68,76,84,85,88,89",0.0376392173416379,FALSE,10,0,0,3,21,10,11,0.476190476190476,0.785714285714286
"scad.cv",69,80,0.33,"FALSE","FALSE","FALSE","8.1522794957998","6.13045307261892","2.02182642318087","0.603","1,2,3,4,5,6,7,9,35,79,88,89",0.0454857258877443,FALSE,3,0,0,5,12,3,9,0.25,0.642857142857143
"scad.cv",7,80,0.33,"FALSE","FALSE","FALSE","10.2748872813317","5.30352254807683","4.97136473325487","0.338","2,3,4,5,6,7,8,45,56,80,85,86,87,88,89,91,92",0.056568613175594,FALSE,4,2,1,2,17,6,11,0.352941176470588,0.785714285714286
"scad.cv",70,80,0.33,"FALSE","FALSE","FALSE","10.6274508070627","6.39580038817241","4.23165041889034","0.578","2,3,4,5,6,23,29,59,62,80,84,87,88,89",0.0432248508296752,FALSE,5,0,2,3,14,5,9,0.357142857142857,0.642857142857143
"scad.cv",71,80,0.33,"FALSE","FALSE","FALSE","8.14695066586411","5.86298641483546","2.28396425102865","0.801","2,3,4,5,6,7,9,59,80,84,89,92",0.0704042201427364,FALSE,3,1,1,5,12,4,8,0.333333333333333,0.571428571428571
"scad.cv",72,80,0.33,"FALSE","FALSE","FALSE","8.91698081187991","6.56404953696519","2.35293127491473","0.657","2,3,4,5,6,7,8,29,43,58,67,83,87,89",0.0565310952305986,FALSE,5,0,1,4,14,5,9,0.357142857142857,0.642857142857143
"scad.cv",73,80,0.33,"FALSE","FALSE","FALSE","8.41394983493728","6.9166129191158","1.49733691582148","0.79","1,2,3,4,5,6,10,12,84,89",0.083255381233178,FALSE,2,0,1,5,10,2,8,0.2,0.571428571428571
"scad.cv",74,80,0.33,"FALSE","FALSE","FALSE","9.75620469725262","5.23296936396528","4.52323533328734","0.518","1,2,4,6,7,9,39,59,62,80,84,87,88,89,93",0.0733896636894428,FALSE,5,1,2,3,15,6,9,0.4,0.642857142857143
"scad.cv",75,80,0.33,"FALSE","FALSE","FALSE","8.76971397377629","7.44267561841976","1.32703835535653","1.015","1,2,3,4,5,6,7,9,12,14,17,19,22,31,33,34,40,42,52,68,69,76,80,83,84,86,89",0.0344578156978356,FALSE,16,0,0,3,27,16,11,0.592592592592593,0.785714285714286
"scad.cv",76,80,0.33,"FALSE","FALSE","FALSE","9.81307933901944","7.40509599364379","2.40798334537565","0.719","1,2,4,5,10,11,59,73,79,89",0.0778560790128738,FALSE,5,0,3,6,10,5,5,0.5,0.357142857142857
"scad.cv",77,80,0.33,"FALSE","FALSE","FALSE","8.99846178755201","4.89879214279011","4.0996696447619","0.563","2,6,21,66,80,86,87,88,89",0.0827412992289221,FALSE,3,0,5,3,9,3,6,0.333333333333333,0.428571428571429
"scad.cv",78,80,0.33,"FALSE","FALSE","FALSE","9.16978020447041","6.52342150261596","2.64635870185445","1.157","1,2,3,4,5,6,7,9,12,28,29,58,67,76,80,84,89,91",0.0895132913419169,FALSE,8,1,0,5,18,9,9,0.5,0.642857142857143
"scad.cv",79,80,0.33,"FALSE","FALSE","FALSE","9.84369560751377","5.95890130730821","3.88479430020557","0.534","1,2,3,4,5,6,7,10,12,35,84,89,91",0.0481135702651552,FALSE,3,1,0,5,13,4,9,0.307692307692308,0.642857142857143
"scad.cv",8,80,0.33,"FALSE","FALSE","FALSE","8.05419334627634","6.33214409478946","1.72204925148689","0.576","1,2,3,4,5,6,10,12,23,42,84,89",0.0862421936383773,FALSE,4,0,1,5,12,4,8,0.333333333333333,0.571428571428571
"scad.cv",80,80,0.33,"FALSE","FALSE","FALSE","9.60054688863492","6.58217279200252","3.0183740966324","0.793","1,2,3,4,5,6,79,84,87,89,91",0.0600341492956352,FALSE,1,1,1,4,11,2,9,0.181818181818182,0.642857142857143
"scad.cv",81,80,0.33,"FALSE","FALSE","FALSE","9.5487908911569","5.40116622683496","4.14762466432195","0.639","1,2,4,6,7,9,24,28,39,52,59,64,79,80,85,89,92,93",0.0950978192519666,FALSE,9,2,2,5,18,11,7,0.611111111111111,0.5
"scad.cv",82,80,0.33,"FALSE","FALSE","FALSE","9.45399652510118","4.82872843787173","4.62526808722946","0.576","2,4,6,7,11,34,66,84,85,86,87,88,89",0.0441088052411601,FALSE,3,0,3,1,13,3,10,0.230769230769231,0.714285714285714
"scad.cv",83,80,0.33,"FALSE","FALSE","FALSE","9.07858010508136","6.12377080721518","2.95480929786617","0.816","1,2,3,4,5,6,7,14,18,22,28,38,45,50,51,68,70,80,84,86,88,89",0.0311579171333713,FALSE,11,0,0,3,22,11,11,0.5,0.785714285714286
"scad.cv",84,80,0.33,"FALSE","FALSE","FALSE","9.06341863289826","4.15566451416168","4.90775411873658","0.548","1,2,3,4,5,6,7,12,23,35,38,67,76,87,89,91,92",0.0549032237810998,FALSE,6,2,0,5,17,8,9,0.470588235294118,0.642857142857143
"scad.cv",85,80,0.33,"FALSE","FALSE","FALSE","8.67545465851849","5.77736766501944","2.89808699349905","0.667","1,2,3,4,5,7,12,36,52,56,84,89",0.0952880528308555,FALSE,4,0,1,5,12,4,8,0.333333333333333,0.571428571428571
"scad.cv",86,80,0.33,"FALSE","FALSE","FALSE","9.37310508791812","6.6072318002017","2.76587328771642","0.78","1,2,3,4,5,6,7,8,9,12,22,27,31,34,38,42,79,80,83,84,86,87,88,89",0.0200398293087737,FALSE,11,0,0,1,24,11,13,0.458333333333333,0.928571428571429
"scad.cv",87,80,0.33,"FALSE","FALSE","FALSE","9.08748118072387","4.41005397242739","4.67742720829648","0.55","1,2,3,4,5,6,19,28,31,32,38,51,52,61,68,79,80,83,84,85,86,87,88,89",0.0244680818128042,FALSE,11,0,1,0,24,11,13,0.458333333333333,0.928571428571429
"scad.cv",88,80,0.33,"FALSE","FALSE","FALSE","8.11428637392398","6.71562620737294","1.39866016655105","0.648","1,2,3,4,5,23,35,55,59,79,87,89",0.0633454427386002,FALSE,5,0,2,5,12,5,7,0.416666666666667,0.5
"scad.cv",89,80,0.33,"FALSE","FALSE","FALSE","8.68321112843229","5.92836773363554","2.75484339479675","0.688","1,2,3,4,5,6,7,22,27,31,35,38,50,52,55,73,83,84,85,86,87,88,89",0.0187671855844869,FALSE,9,0,0,0,23,9,14,0.391304347826087,1
"scad.cv",9,80,0.33,"FALSE","FALSE","FALSE","9.43641727761579","6.59212494251383","2.84429233510196","1.069","1,2,4,5,6,7,9,25,39,79,80,86,87,89",0.0722762794957057,FALSE,5,0,1,4,14,5,9,0.357142857142857,0.642857142857143
"scad.cv",90,80,0.33,"FALSE","FALSE","FALSE","7.81840670041642","6.06940560206774","1.74900109834868","0.568","1,2,3,5,14,26,45,58,84,88",0.112655755701506,FALSE,4,0,3,5,10,4,6,0.4,0.428571428571429
"scad.cv",91,80,0.33,"FALSE","FALSE","FALSE","9.05063690861646","5.4435132904654","3.60712361815106","0.453","2,3,4,6,7,85,86,87,88,89",0.0415501751352087,FALSE,0,0,2,2,10,0,10,0,0.714285714285714
"scad.cv",92,80,0.33,"FALSE","FALSE","FALSE","8.61302841491782","4.98187886628502","3.6311495486328","0.663","1,2,3,4,5,6,10,12,38,72,88,89",0.100605273347928,FALSE,4,0,1,5,12,4,8,0.333333333333333,0.571428571428571
"scad.cv",93,80,0.33,"FALSE","FALSE","FALSE","9.11998755161559","6.47361256336548","2.64637498825012","0.514","1,2,3,4,5,6,7,22,55,60,67,84,87,88,89,92",0.0791690775364327,FALSE,4,1,0,3,16,5,11,0.3125,0.785714285714286
"scad.cv",94,80,0.33,"FALSE","FALSE","FALSE","7.98204856666188","6.00327730109268","1.9787712655692","0.815","1,2,3,4,5,10,24,28,39,52,55,69,79,88,89",0.0876090862254007,FALSE,8,0,2,5,15,8,7,0.533333333333333,0.5
"scad.cv",95,80,0.33,"FALSE","FALSE","FALSE","9.46818898609699","6.62149813231099","2.846690853786","0.607","1,2,3,4,5,6,7,9,12,13,14,18,22,26,31,38,44,52,68,79,83,84,87,88,89",0.0289252906271027,FALSE,13,0,0,2,25,13,12,0.52,0.857142857142857
"scad.cv",96,80,0.33,"FALSE","FALSE","FALSE","9.01007635403536","6.69243976604608","2.31763658798928","0.553","1,2,3,4,5,6,8,12,14,17,19,34,35,50,52,68,82,83,84,87,88,89",0.0283516045045325,FALSE,11,0,1,2,22,11,11,0.5,0.785714285714286
"scad.cv",97,80,0.33,"FALSE","FALSE","FALSE","9.4139279083279","5.77747965056882","3.63644825775909","0.662","1,2,3,4,5,6,7,10,12,23,46,84,86,89,91",0.0631161904097187,FALSE,4,1,0,4,15,5,10,0.333333333333333,0.714285714285714
"scad.cv",98,80,0.33,"FALSE","FALSE","FALSE","9.65189544403587","7.05445966038876","2.5974357836471","0.769","1,2,3,4,5,6,12,52,64,84,89",0.0836945502563959,FALSE,3,0,1,5,11,3,8,0.272727272727273,0.571428571428571
"scad.cv",99,80,0.33,"FALSE","FALSE","FALSE","8.90332284912712","6.70703292825265","2.19628992087447","0.664","1,2,3,4,5,12,35,52,58,84,89,91",0.063128944244591,FALSE,4,1,2,5,12,5,7,0.416666666666667,0.5
