"method","sim","n","betamin","is.true.model.intop.kappa.o","is.true.model.intop.kappa.oplusLASSO","is.s.hat.nan","s.hat","s0.hat","s1.hat","time.l0","sel.model","est.mse","recovery","nb.tI.b0","nb.tI.b1","nb.tII.b0","nb.tII.b1","est.size","FP","TP","FDR","power"
"EBIC",1,500,0.33,"TRUE","TRUE","FALSE","17.4232087212397","9.23856427984516","8.18464444139452","6.346","1,2,3,4,5,6,7,8,9,503,504,505,506,507,508,509,510,511",0.00020484490275911,TRUE,0,0,0,0,18,0,18,0,1
"EBIC",10,500,0.33,"TRUE","TRUE","FALSE","17.3713466552239","9.12838416655929","8.24296248866456","6.573","1,2,3,4,5,6,7,8,9,503,504,505,506,507,508,509,510,511",0.000127540574472818,TRUE,0,0,0,0,18,0,18,0,1
"EBIC",100,500,0.33,"TRUE","TRUE","FALSE","17.8959137027344","9.11784840370372","8.77806529903066","6.297","1,2,3,4,5,6,7,8,9,503,504,505,506,507,508,509,510,511",0.000172375879678157,TRUE,0,0,0,0,18,0,18,0,1
"EBIC",11,500,0.33,"TRUE","TRUE","FALSE","18.6382886426008","9.61070824109761","9.02758040150315","6.676","1,2,3,4,5,6,7,8,9,411,503,504,505,506,507,508,509,510,511",0.000271897604424954,FALSE,1,0,0,0,19,1,18,0.0526315789473684,1
"EBIC",12,500,0.33,"TRUE","TRUE","FALSE","18.2276559160607","9.33683396796845","8.89082194809223","6.649","1,2,3,4,5,6,7,8,9,421,503,504,505,506,507,508,509,510,511",0.000233722472221407,FALSE,1,0,0,0,19,1,18,0.0526315789473684,1
"EBIC",13,500,0.33,"TRUE","TRUE","FALSE","18.1198471727232","9.11926292176424","9.00058425095898","5.623","1,2,3,4,5,6,7,8,9,503,504,505,506,507,508,509,510,511",0.000166495788391601,TRUE,0,0,0,0,18,0,18,0,1
"EBIC",14,500,0.33,"TRUE","TRUE","FALSE","18.1636954418335","9.16104236954103","9.00265307229252","5.853","1,2,3,4,5,6,7,8,9,503,504,505,506,507,508,509,510,511",0.000188354472793244,TRUE,0,0,0,0,18,0,18,0,1
"EBIC",15,500,0.33,"TRUE","TRUE","FALSE","18.3668863009821","9.36862851156332","8.99825778941882","6.619","1,2,3,4,5,6,7,8,9,427,503,504,505,506,507,508,509,510,511",0.000280615302850463,FALSE,1,0,0,0,19,1,18,0.0526315789473684,1
"EBIC",16,500,0.33,"TRUE","TRUE","FALSE","18.1179495385403","9.14577448551662","8.97217505302366","5.815","1,2,3,4,5,6,7,8,9,503,504,505,506,507,508,509,510,511",6.02636188575941e-05,TRUE,0,0,0,0,18,0,18,0,1
"EBIC",17,500,0.33,"TRUE","TRUE","FALSE","18.2085145124014","9.2152988038335","8.9932157085679","5.984","1,2,3,4,5,6,7,8,9,349,503,504,505,506,507,508,509,510,511",0.000263358196218712,FALSE,1,0,0,0,19,1,18,0.0526315789473684,1
"EBIC",18,500,0.33,"TRUE","TRUE","FALSE","18.1935178555963","9.21198604014662","8.98153181544969","6.347","1,2,3,4,5,6,7,8,9,404,503,504,505,506,507,508,509,510,511",0.000193094962408202,FALSE,1,0,0,0,19,1,18,0.0526315789473684,1
"EBIC",19,500,0.33,"TRUE","TRUE","FALSE","17.8276711344319","9.1808990608149","8.64677207361697","7.826","1,2,3,4,5,6,7,8,9,503,504,505,506,507,508,509,510,511",8.98999998506182e-05,TRUE,0,0,0,0,18,0,18,0,1
"EBIC",2,500,0.33,"TRUE","TRUE","FALSE","17.3177856972004","9.19969494863605","8.11809074856438","6.572","1,2,3,4,5,6,7,8,9,503,504,505,506,507,508,509,510,511",0.000187614152753926,TRUE,0,0,0,0,18,0,18,0,1
"EBIC",20,500,0.33,"TRUE","TRUE","FALSE","18.1560310083907","9.15528757692338","9.00074343146737","5.968","1,2,3,4,5,6,7,8,9,273,503,504,505,506,507,508,509,510,511",0.000171461453640437,FALSE,1,0,0,0,19,1,18,0.0526315789473684,1
"EBIC",21,500,0.33,"TRUE","TRUE","FALSE","18.1385271730247","9.14000148944342","8.99852568358128","5.604","1,2,3,4,5,6,7,8,9,503,504,505,506,507,508,509,510,511",0.000129079461834254,TRUE,0,0,0,0,18,0,18,0,1
"EBIC",22,500,0.33,"TRUE","TRUE","FALSE","18.1052402142527","9.19491339398044","8.91032682027225","6.165","1,2,3,4,5,6,7,8,9,458,503,504,505,506,507,508,509,510,511",0.000230428497326686,FALSE,1,0,0,0,19,1,18,0.0526315789473684,1
"EBIC",23,500,0.33,"TRUE","TRUE","FALSE","18.1483347564617","9.14755364860161","9.00078110786013","5.65","1,2,3,4,5,6,7,8,9,503,504,505,506,507,508,509,510,511",0.000222217743796063,TRUE,0,0,0,0,18,0,18,0,1
"EBIC",24,500,0.33,"TRUE","TRUE","FALSE","18.2029536791712","9.2022496324202","9.00070404675105","6.111","1,2,3,4,5,6,7,8,9,149,503,504,505,506,507,508,509,510,511",0.000301391888833272,FALSE,1,0,0,0,19,1,18,0.0526315789473684,1
"EBIC",25,500,0.33,"TRUE","TRUE","FALSE","18.1322655448645","9.13684479897923","8.99542074588529","5.473","1,2,3,4,5,6,7,8,9,503,504,505,506,507,508,509,510,511",0.000150293075792903,TRUE,0,0,0,0,18,0,18,0,1
"EBIC",26,500,0.33,"TRUE","TRUE","FALSE","17.8205744189917","9.10795837990989","8.71261603908184","6.11","1,2,3,4,5,6,7,8,9,503,504,505,506,507,508,509,510,511",0.000168556220292226,TRUE,0,0,0,0,18,0,18,0,1
"EBIC",27,500,0.33,"TRUE","TRUE","FALSE","18.0502780616466","9.12428126228551","8.92599679936113","5.937","1,2,3,4,5,6,7,8,9,503,504,505,506,507,508,509,510,511",0.000129333496379612,TRUE,0,0,0,0,18,0,18,0,1
"EBIC",28,500,0.33,"TRUE","TRUE","FALSE","18.1448097792891","9.15823128193824","8.98657849735083","5.952","1,2,3,4,5,6,7,8,9,503,504,505,506,507,508,509,510,511",0.000252608218729476,TRUE,0,0,0,0,18,0,18,0,1
"EBIC",29,500,0.33,"TRUE","TRUE","FALSE","18.0640042294726","9.19663410703677","8.86737012243579","6.262","1,2,3,4,5,6,7,8,9,503,504,505,506,507,508,509,510,511",0.000173870760251172,TRUE,0,0,0,0,18,0,18,0,1
"EBIC",3,500,0.33,"TRUE","TRUE","FALSE","18.1099885724221","9.10931963192043","9.00066894050168","5.466","1,2,3,4,5,6,7,8,9,503,504,505,506,507,508,509,510,511",4.66686121295744e-05,TRUE,0,0,0,0,18,0,18,0,1
"EBIC",30,500,0.33,"TRUE","TRUE","FALSE","18.1364796591587","9.13590149223608","9.00057816692262","5.72","1,2,3,4,5,6,7,8,9,503,504,505,506,507,508,509,510,511",0.000153315149117865,TRUE,0,0,0,0,18,0,18,0,1
"EBIC",31,500,0.33,"TRUE","TRUE","FALSE","18.0844243367291","9.13233209442491","8.95209224230417","5.712","1,2,3,4,5,6,7,8,9,503,504,505,506,507,508,509,510,511",0.000160629562098824,TRUE,0,0,0,0,18,0,18,0,1
"EBIC",32,500,0.33,"TRUE","TRUE","FALSE","18.2017300005094","9.20062977672902","9.00110022378036","6.163","1,2,3,4,5,6,7,8,9,333,394,503,504,505,506,507,508,509,510,511",0.000281117768341887,FALSE,2,0,0,0,20,2,18,0.1,1
"EBIC",33,500,0.33,"TRUE","TRUE","FALSE","18.1437100829421","9.13885053371836","9.00485954922375","5.974","1,2,3,4,5,6,7,8,9,503,504,505,506,507,508,509,510,511",0.000115929702786903,TRUE,0,0,0,0,18,0,18,0,1
"EBIC",34,500,0.33,"TRUE","TRUE","FALSE","18.1170076397902","9.11731019909196","8.99969744069827","5.907","1,2,3,4,5,6,7,8,9,503,504,505,506,507,508,509,510,511",8.82464663473309e-05,TRUE,0,0,0,0,18,0,18,0,1
"EBIC",35,500,0.33,"TRUE","TRUE","FALSE","18.1499548721692","9.14906567692577","9.00088919524347","5.723","1,2,3,4,5,6,7,8,9,503,504,505,506,507,508,509,510,511",0.000166982410320805,TRUE,0,0,0,0,18,0,18,0,1
"EBIC",36,500,0.33,"TRUE","TRUE","FALSE","18.1460821529275","9.14532053288429","9.00076162004319","5.648","1,2,3,4,5,6,7,8,9,503,504,505,506,507,508,509,510,511",0.000152063856587835,TRUE,0,0,0,0,18,0,18,0,1
"EBIC",37,500,0.33,"TRUE","TRUE","FALSE","18.0947937353121","9.0943054551967","9.00048828011543","5.633","1,2,3,4,5,6,7,8,9,503,504,505,506,507,508,509,510,511",0.000116460972117254,TRUE,0,0,0,0,18,0,18,0,1
"EBIC",38,500,0.33,"TRUE","TRUE","FALSE","18.1904276659064","9.18965908319359","9.00076858271285","6.072","1,2,3,4,5,6,7,8,9,503,504,505,506,507,508,509,510,511",0.000139068528962496,TRUE,0,0,0,0,18,0,18,0,1
"EBIC",39,500,0.33,"TRUE","TRUE","FALSE","18.0955282230268","9.09486180445344","9.00066641857339","5.67","1,2,3,4,5,6,7,8,9,503,504,505,506,507,508,509,510,511",0.000308057388767669,TRUE,0,0,0,0,18,0,18,0,1
"EBIC",4,500,0.33,"TRUE","TRUE","FALSE","18.1102891725026","9.12938628297699","8.98090288952563","5.724","1,2,3,4,5,6,7,8,9,503,504,505,506,507,508,509,510,511",0.000130289875508607,TRUE,0,0,0,0,18,0,18,0,1
"EBIC",40,500,0.33,"TRUE","TRUE","FALSE","18.2769880456386","9.27637935834986","9.00060868728878","5.786","1,2,3,4,5,6,7,8,9,220,503,504,505,506,507,508,509,510,511",0.000245391715052568,FALSE,1,0,0,0,19,1,18,0.0526315789473684,1
"EBIC",41,500,0.33,"TRUE","TRUE","FALSE","17.8459831795569","9.24638541461313","8.59959776494381","7.455","1,2,3,4,5,6,7,8,9,60,503,504,505,506,507,508,509,510,511",0.000229632860069134,FALSE,1,0,0,0,19,1,18,0.0526315789473684,1
"EBIC",42,500,0.33,"TRUE","TRUE","FALSE","17.274999905335","9.16670287440537","8.10829703092959","6.144","1,2,3,4,5,6,7,8,9,503,504,505,506,507,508,509,510,511",0.000135143055008648,TRUE,0,0,0,0,18,0,18,0,1
"EBIC",43,500,0.33,"TRUE","TRUE","FALSE","18.1557458922651","9.15485056628177","9.00089532598331","6.03","1,2,3,4,5,6,7,8,9,503,504,505,506,507,508,509,510,511",0.00018930785098756,TRUE,0,0,0,0,18,0,18,0,1
"EBIC",44,500,0.33,"TRUE","TRUE","FALSE","18.0948856378529","9.10542958529935","8.98945605255351","5.619","1,2,3,4,5,6,7,8,9,503,504,505,506,507,508,509,510,511",0.000102312794121454,TRUE,0,0,0,0,18,0,18,0,1
"EBIC",45,500,0.33,"TRUE","TRUE","FALSE","18.1025657254824","9.10169490908289","9.0008708163995","5.33","1,2,3,4,5,6,7,8,9,503,504,505,506,507,508,509,510,511",9.29783605173351e-05,TRUE,0,0,0,0,18,0,18,0,1
"EBIC",46,500,0.33,"TRUE","TRUE","FALSE","17.4529062451679","9.20881849692387","8.24408774824399","6.462","1,2,3,4,5,6,7,8,9,343,503,504,505,506,507,508,509,510,511",0.000329156352370703,FALSE,1,0,0,0,19,1,18,0.0526315789473684,1
"EBIC",47,500,0.33,"TRUE","TRUE","FALSE","18.2203746116445","9.26236344176315","8.95801116988134","6.594","1,2,3,4,5,6,7,8,9,94,503,504,505,506,507,508,509,510,511",0.000240060647237444,FALSE,1,0,0,0,19,1,18,0.0526315789473684,1
"EBIC",48,500,0.33,"TRUE","TRUE","FALSE","18.2440999965127","9.24093514028511","9.00316485622755","6.227","1,2,3,4,5,6,7,8,9,415,503,504,505,506,507,508,509,510,511",0.000197475289510779,FALSE,1,0,0,0,19,1,18,0.0526315789473684,1
"EBIC",49,500,0.33,"TRUE","TRUE","FALSE","18.0963050200726","9.11365771216632","8.98264730790629","5.762","1,2,3,4,5,6,7,8,9,503,504,505,506,507,508,509,510,511",0.000173732480425284,TRUE,0,0,0,0,18,0,18,0,1
"EBIC",5,500,0.33,"TRUE","TRUE","FALSE","18.0455571265403","9.10368277366351","8.94187435287678","5.685","1,2,3,4,5,6,7,8,9,503,504,505,506,507,508,509,510,511",0.000220605943803772,TRUE,0,0,0,0,18,0,18,0,1
"EBIC",50,500,0.33,"TRUE","TRUE","FALSE","18.424143592995","9.42143641318195","9.002707179813","6.819","1,2,3,4,5,6,7,8,9,396,503,504,505,506,507,508,509,510,511",0.000239423136339675,FALSE,1,0,0,0,19,1,18,0.0526315789473684,1
"EBIC",51,500,0.33,"TRUE","TRUE","FALSE","18.1813089310101","9.18050178644791","9.00080714456216","6.02","1,2,3,4,5,6,7,8,9,22,503,504,505,506,507,508,509,510,511",0.000247679736719922,FALSE,1,0,0,0,19,1,18,0.0526315789473684,1
"EBIC",52,500,0.33,"TRUE","TRUE","FALSE","18.1126629116085","9.11205439236806","9.0006085192404","5.487","1,2,3,4,5,6,7,8,9,503,504,505,506,507,508,509,510,511",0.000105470138541568,TRUE,0,0,0,0,18,0,18,0,1
"EBIC",53,500,0.33,"TRUE","TRUE","FALSE","18.1299556906283","9.13129396750776","8.99866172312054","5.667","1,2,3,4,5,6,7,8,9,503,504,505,506,507,508,509,510,511",0.000150571915383637,TRUE,0,0,0,0,18,0,18,0,1
"EBIC",54,500,0.33,"TRUE","TRUE","FALSE","18.1154424025662","9.09311429733581","9.02232810523036","5.489","1,2,3,4,5,6,7,8,9,503,504,505,506,507,508,509,510,511",0.000120232672293406,TRUE,0,0,0,0,18,0,18,0,1
"EBIC",55,500,0.33,"TRUE","TRUE","FALSE","17.915332960271","9.15313848841906","8.76219447185196","6.031","1,2,3,4,5,6,7,8,9,503,504,505,506,507,508,509,510,511",7.52708734621761e-05,TRUE,0,0,0,0,18,0,18,0,1
"EBIC",56,500,0.33,"TRUE","TRUE","FALSE","17.4488786678831","9.11913480064547","8.32974386723765","6.397","1,2,3,4,5,6,7,8,9,503,504,505,506,507,508,509,510,511",0.00013149426461701,TRUE,0,0,0,0,18,0,18,0,1
"EBIC",57,500,0.33,"TRUE","TRUE","FALSE","18.1393065105547","9.13843144297499","9.00087506757973","5.702","1,2,3,4,5,6,7,8,9,503,504,505,506,507,508,509,510,511",0.000208814573491879,TRUE,0,0,0,0,18,0,18,0,1
"EBIC",58,500,0.33,"TRUE","TRUE","FALSE","18.1585201459869","9.157886048331","9.00063409765591","5.83","1,2,3,4,5,6,7,8,9,503,504,505,506,507,508,509,510,511",5.67882989996833e-05,TRUE,0,0,0,0,18,0,18,0,1
"EBIC",59,500,0.33,"TRUE","TRUE","FALSE","18.3043549378986","9.45421811978571","8.85013681811288","7.342","1,2,3,4,5,6,7,8,9,43,146,503,504,505,506,507,508,509,510,511",0.00040169240023096,FALSE,2,0,0,0,20,2,18,0.1,1
"EBIC",6,500,0.33,"TRUE","TRUE","FALSE","18.1184205323762","9.12052634818222","8.99789418419394","5.477","1,2,3,4,5,6,7,8,9,503,504,505,506,507,508,509,510,511",0.000154350442429298,TRUE,0,0,0,0,18,0,18,0,1
"EBIC",60,500,0.33,"TRUE","TRUE","FALSE","18.0909725738321","9.09843293346917","8.9925396403629","5.428","1,2,3,4,5,6,7,8,9,503,504,505,506,507,508,509,510,511",0.000109257258471523,TRUE,0,0,0,0,18,0,18,0,1
"EBIC",61,500,0.33,"TRUE","TRUE","FALSE","18.1633789573571","9.1934665097047","8.96991244765239","5.998","1,2,3,4,5,6,7,8,9,241,259,503,504,505,506,507,508,509,510,511",0.000299345056207147,FALSE,2,0,0,0,20,2,18,0.1,1
"EBIC",62,500,0.33,"TRUE","TRUE","FALSE","18.1517279540152","9.15223824752856","8.99948970648669","5.74","1,2,3,4,5,6,7,8,9,503,504,505,506,507,508,509,510,511",8.32861541490346e-05,TRUE,0,0,0,0,18,0,18,0,1
"EBIC",63,500,0.33,"TRUE","TRUE","FALSE","17.7988558998106","9.09602806022479","8.70282783958585","6.036","1,2,3,4,5,6,7,8,9,503,504,505,506,507,508,509,510,511",0.000154512907179176,TRUE,0,0,0,0,18,0,18,0,1
"EBIC",64,500,0.33,"TRUE","TRUE","FALSE","18.1563129742832","9.14762679877312","9.00868617551013","6.007","1,2,3,4,5,6,7,8,9,503,504,505,506,507,508,509,510,511",0.000102332729266084,TRUE,0,0,0,0,18,0,18,0,1
"EBIC",65,500,0.33,"TRUE","TRUE","FALSE","18.0985564168371","9.10272204530688","8.99583437153021","5.293","1,2,3,4,5,6,7,8,9,503,504,505,506,507,508,509,510,511",0.00015447671008325,TRUE,0,0,0,0,18,0,18,0,1
"EBIC",66,500,0.33,"TRUE","TRUE","FALSE","18.1292299463332","9.1281644114842","9.00106553484895","4.874","1,2,3,4,5,6,7,8,9,503,504,505,506,507,508,509,510,511",0.000140789305662149,TRUE,0,0,0,0,18,0,18,0,1
"EBIC",67,500,0.33,"TRUE","TRUE","FALSE","18.1302125372713","9.12894027624686","9.00127226102443","5.454","1,2,3,4,5,6,7,8,9,503,504,505,506,507,508,509,510,511",7.0173559077472e-05,TRUE,0,0,0,0,18,0,18,0,1
"EBIC",68,500,0.33,"TRUE","TRUE","FALSE","18.2875453607442","9.28672764143315","9.00081771931108","6.435","1,2,3,4,5,6,7,8,9,330,503,504,505,506,507,508,509,510,511",0.000185416408045704,FALSE,1,0,0,0,19,1,18,0.0526315789473684,1
"EBIC",69,500,0.33,"TRUE","TRUE","FALSE","18.0977733112166","9.09588385145723","9.00188945975941","5.245","1,2,3,4,5,6,7,8,9,503,504,505,506,507,508,509,510,511",0.000196475609798793,TRUE,0,0,0,0,18,0,18,0,1
"EBIC",7,500,0.33,"TRUE","TRUE","FALSE","18.037780357125","9.12954347943385","8.90823687769111","5.933","1,2,3,4,5,6,7,8,9,503,504,505,506,507,508,509,510,511",0.000101806053986605,TRUE,0,0,0,0,18,0,18,0,1
"EBIC",70,500,0.33,"TRUE","TRUE","FALSE","18.1182042035323","9.1311247863016","8.9870794172307","5.695","1,2,3,4,5,6,7,8,9,503,504,505,506,507,508,509,510,511",0.000114999808846369,TRUE,0,0,0,0,18,0,18,0,1
"EBIC",71,500,0.33,"TRUE","TRUE","FALSE","18.119701939421","9.12189985109","8.997802088331","5.284","1,2,3,4,5,6,7,8,9,503,504,505,506,507,508,509,510,511",8.51291349260748e-05,TRUE,0,0,0,0,18,0,18,0,1
"EBIC",72,500,0.33,"TRUE","TRUE","FALSE","18.1231911401965","9.12413995919432","8.99905118100218","5.164","1,2,3,4,5,6,7,8,9,503,504,505,506,507,508,509,510,511",0.000164113570678709,TRUE,0,0,0,0,18,0,18,0,1
"EBIC",73,500,0.33,"TRUE","TRUE","FALSE","18.1746074619886","9.17316995465255","9.00143750733606","6.025","1,2,3,4,5,6,7,8,9,503,504,505,506,507,508,509,510,511",9.20769818212615e-05,TRUE,0,0,0,0,18,0,18,0,1
"EBIC",74,500,0.33,"TRUE","TRUE","FALSE","18.1285595210702","9.12747557004516","9.00108395102501","5.585","1,2,3,4,5,6,7,8,9,503,504,505,506,507,508,509,510,511",6.45412276448576e-05,TRUE,0,0,0,0,18,0,18,0,1
"EBIC",75,500,0.33,"TRUE","TRUE","FALSE","18.7449673128588","9.74621625879694","8.9987510540619","6.621","1,2,3,4,5,6,7,8,9,301,503,504,505,506,507,508,509,510,511",0.000253469109821024,FALSE,1,0,0,0,19,1,18,0.0526315789473684,1
"EBIC",76,500,0.33,"TRUE","TRUE","FALSE","17.4434333746996","9.21554156016426","8.22789181453538","6.538","1,2,3,4,5,6,7,8,9,68,503,504,505,506,507,508,509,510,511",0.000202298825374135,FALSE,1,0,0,0,19,1,18,0.0526315789473684,1
"EBIC",77,500,0.33,"TRUE","TRUE","FALSE","18.2249931170606","9.32794173060691","8.89705138645367","6.731","1,2,3,4,5,6,7,8,9,499,503,504,505,506,507,508,509,510,511",0.00031594517351442,FALSE,1,0,0,0,19,1,18,0.0526315789473684,1
"EBIC",78,500,0.33,"TRUE","TRUE","FALSE","18.1505279821681","9.14975104924933","9.00077693291878","5.542","1,2,3,4,5,6,7,8,9,503,504,505,506,507,508,509,510,511",0.000154050613382463,TRUE,0,0,0,0,18,0,18,0,1
"EBIC",79,500,0.33,"TRUE","TRUE","FALSE","18.135423602887","9.14050345466789","8.99492014821915","5.528","1,2,3,4,5,6,7,8,9,503,504,505,506,507,508,509,510,511",5.3597443014643e-05,TRUE,0,0,0,0,18,0,18,0,1
"EBIC",8,500,0.33,"TRUE","TRUE","FALSE","18.1389819598881","9.13853570972492","9.00044625016317","5.911","1,2,3,4,5,6,7,8,9,503,504,505,506,507,508,509,510,511",0.000110252854398857,TRUE,0,0,0,0,18,0,18,0,1
"EBIC",80,500,0.33,"TRUE","TRUE","FALSE","18.1212035068258","9.11823257844205","9.00297092838372","5.437","1,2,3,4,5,6,7,8,9,503,504,505,506,507,508,509,510,511",7.1729324992959e-05,TRUE,0,0,0,0,18,0,18,0,1
"EBIC",81,500,0.33,"TRUE","TRUE","FALSE","18.0965933563131","9.09603101121742","9.00056234509571","5.307","1,2,3,4,5,6,7,8,9,503,504,505,506,507,508,509,510,511",0.000119792877266679,TRUE,0,0,0,0,18,0,18,0,1
"EBIC",82,500,0.33,"TRUE","TRUE","FALSE","18.2277507054326","9.22685504964409","9.00089565578848","6.586","1,2,3,4,5,6,7,8,9,503,504,505,506,507,508,509,510,511",0.00025151278389305,TRUE,0,0,0,0,18,0,18,0,1
"EBIC",83,500,0.33,"TRUE","TRUE","FALSE","18.1108813353804","9.1101004327518","9.00078090262857","5.698","1,2,3,4,5,6,7,8,9,503,504,505,506,507,508,509,510,511",0.000223513304052409,TRUE,0,0,0,0,18,0,18,0,1
"EBIC",84,500,0.33,"TRUE","TRUE","FALSE","18.1419293533026","9.16509994366041","8.97682940964219","5.839","1,2,3,4,5,6,7,8,9,503,504,505,506,507,508,509,510,511",0.000102293983135302,TRUE,0,0,0,0,18,0,18,0,1
"EBIC",85,500,0.33,"TRUE","TRUE","FALSE","18.024259069505","9.12466669370064","8.89959237580436","6.04","1,2,3,4,5,6,7,8,9,503,504,505,506,507,508,509,510,511",0.000212854795387792,TRUE,0,0,0,0,18,0,18,0,1
"EBIC",86,500,0.33,"TRUE","TRUE","FALSE","17.5686916280815","9.13516388948132","8.43352773860019","6.602","1,2,3,4,5,6,7,8,9,503,504,505,506,507,508,509,510,511",0.000150832727656867,TRUE,0,0,0,0,18,0,18,0,1
"EBIC",87,500,0.33,"TRUE","TRUE","FALSE","17.8552416846335","9.15829828935873","8.69694339527477","6.207","1,2,3,4,5,6,7,8,9,503,504,505,506,507,508,509,510,511",0.000115748322343804,TRUE,0,0,0,0,18,0,18,0,1
"EBIC",88,500,0.33,"TRUE","TRUE","FALSE","18.1696251306463","9.16947335787769","9.00015177276862","5.719","1,2,3,4,5,6,7,8,9,22,503,504,505,506,507,508,509,510,511",0.000177628869751899,FALSE,1,0,0,0,19,1,18,0.0526315789473684,1
"EBIC",89,500,0.33,"TRUE","TRUE","FALSE","18.0855906296463","9.09190840903129","8.99368222061497","5.346","1,2,3,4,5,6,7,8,9,503,504,505,506,507,508,509,510,511",0.000152828716315746,TRUE,0,0,0,0,18,0,18,0,1
"EBIC",9,500,0.33,"TRUE","TRUE","FALSE","18.0966534551451","9.10351107304038","8.99314238210469","5.409","1,2,3,4,5,6,7,8,9,503,504,505,506,507,508,509,510,511",0.000131958073880749,TRUE,0,0,0,0,18,0,18,0,1
"EBIC",90,500,0.33,"TRUE","TRUE","FALSE","18.1737623108179","9.19359182506172","8.98017048575619","6.05","1,2,3,4,5,6,7,8,9,503,504,505,506,507,508,509,510,511",0.000117821702268543,TRUE,0,0,0,0,18,0,18,0,1
"EBIC",91,500,0.33,"TRUE","TRUE","FALSE","18.161446783005","9.16077381883048","9.00067296417449","5.905","1,2,3,4,5,6,7,8,9,503,504,505,506,507,508,509,510,511",0.00014616148955447,TRUE,0,0,0,0,18,0,18,0,1
"EBIC",92,500,0.33,"TRUE","TRUE","FALSE","17.7162816121316","9.12801078092959","8.58827083120197","6.483","1,2,3,4,5,6,7,8,9,503,504,505,506,507,508,509,510,511",0.000226433808635526,TRUE,0,0,0,0,18,0,18,0,1
"EBIC",93,500,0.33,"TRUE","TRUE","FALSE","17.7575026550616","9.15106447784633","8.60643817721528","6.768","1,2,3,4,5,6,7,8,9,503,504,505,506,507,508,509,510,511",0.000141959689743475,TRUE,0,0,0,0,18,0,18,0,1
"EBIC",94,500,0.33,"TRUE","TRUE","FALSE","18.1029615776184","9.10180834427599","9.00115323334243","5.277","1,2,3,4,5,6,7,8,9,503,504,505,506,507,508,509,510,511",0.000118793359411435,TRUE,0,0,0,0,18,0,18,0,1
"EBIC",95,500,0.33,"TRUE","TRUE","FALSE","18.1448538880853","9.14327370265372","9.00158018543155","5.982","1,2,3,4,5,6,7,8,9,503,504,505,506,507,508,509,510,511",0.000133353073942163,TRUE,0,0,0,0,18,0,18,0,1
"EBIC",96,500,0.33,"TRUE","TRUE","FALSE","18.1487962774349","9.14805761853668","9.00073865889817","5.431","1,2,3,4,5,6,7,8,9,503,504,505,506,507,508,509,510,511",0.000145753313546431,TRUE,0,0,0,0,18,0,18,0,1
"EBIC",97,500,0.33,"TRUE","TRUE","FALSE","18.1199481013222","9.11925820649746","9.00068989482478","5.501","1,2,3,4,5,6,7,8,9,503,504,505,506,507,508,509,510,511",0.000107056386162977,TRUE,0,0,0,0,18,0,18,0,1
"EBIC",98,500,0.33,"TRUE","TRUE","FALSE","18.1247081667589","9.12340258718281","9.00130557957605","5.582","1,2,3,4,5,6,7,8,9,503,504,505,506,507,508,509,510,511",0.00010956464717483,TRUE,0,0,0,0,18,0,18,0,1
"EBIC",99,500,0.33,"TRUE","TRUE","FALSE","18.1545082030169","9.27804881471313","8.87645938830373","6.974","1,2,3,4,5,6,7,8,9,402,503,504,505,506,507,508,509,510,511",0.000211949677387374,FALSE,1,0,0,0,19,1,18,0.0526315789473684,1
"kappa.o",1,500,0.33,"TRUE","TRUE","FALSE","17.4232087212397","9.23856427984516","8.18464444139452","6.346","1,2,3,4,5,6,7,8,9,504,505,506,507,508,509,510,511",0.000400914861643736,FALSE,0,0,0,1,17,0,17,0,0.944444444444444
"kappa.o",10,500,0.33,"TRUE","TRUE","FALSE","17.3713466552239","9.12838416655929","8.24296248866456","6.573","1,2,3,4,5,6,7,8,9,504,505,506,507,508,509,510,511",0.000361291188564877,FALSE,0,0,0,1,17,0,17,0,0.944444444444444
"kappa.o",100,500,0.33,"TRUE","TRUE","FALSE","17.8959137027344","9.11784840370372","8.77806529903066","6.297","1,2,3,4,5,6,7,8,9,503,504,505,506,507,508,509,510,511",0.000172375879678157,TRUE,0,0,0,0,18,0,18,0,1
"kappa.o",11,500,0.33,"TRUE","TRUE","FALSE","18.6382886426008","9.61070824109761","9.02758040150315","6.676","1,2,3,4,5,6,7,8,9,411,503,504,505,506,507,508,509,510,511",0.000271897604424954,FALSE,1,0,0,0,19,1,18,0.0526315789473684,1
"kappa.o",12,500,0.33,"TRUE","TRUE","FALSE","18.2276559160607","9.33683396796845","8.89082194809223","6.649","1,2,3,4,5,6,7,8,9,503,504,505,506,507,508,509,510,511",0.000106773430925725,TRUE,0,0,0,0,18,0,18,0,1
"kappa.o",13,500,0.33,"TRUE","TRUE","FALSE","18.1198471727232","9.11926292176424","9.00058425095898","5.623","1,2,3,4,5,6,7,8,9,503,504,505,506,507,508,509,510,511",0.000166495788391601,TRUE,0,0,0,0,18,0,18,0,1
"kappa.o",14,500,0.33,"TRUE","TRUE","FALSE","18.1636954418335","9.16104236954103","9.00265307229252","5.853","1,2,3,4,5,6,7,8,9,503,504,505,506,507,508,509,510,511",0.000188354472793244,TRUE,0,0,0,0,18,0,18,0,1
"kappa.o",15,500,0.33,"TRUE","TRUE","FALSE","18.3668863009821","9.36862851156332","8.99825778941882","6.619","1,2,3,4,5,6,7,8,9,503,504,505,506,507,508,509,510,511",0.00015184045784214,TRUE,0,0,0,0,18,0,18,0,1
"kappa.o",16,500,0.33,"TRUE","TRUE","FALSE","18.1179495385403","9.14577448551662","8.97217505302366","5.815","1,2,3,4,5,6,7,8,9,503,504,505,506,507,508,509,510,511",6.02636188575941e-05,TRUE,0,0,0,0,18,0,18,0,1
"kappa.o",17,500,0.33,"TRUE","TRUE","FALSE","18.2085145124014","9.2152988038335","8.9932157085679","5.984","1,2,3,4,5,6,7,8,9,503,504,505,506,507,508,509,510,511",0.00013254548742872,TRUE,0,0,0,0,18,0,18,0,1
"kappa.o",18,500,0.33,"TRUE","TRUE","FALSE","18.1935178555963","9.21198604014662","8.98153181544969","6.347","1,2,3,4,5,6,7,8,9,503,504,505,506,507,508,509,510,511",0.000124902818734961,TRUE,0,0,0,0,18,0,18,0,1
"kappa.o",19,500,0.33,"TRUE","TRUE","FALSE","17.8276711344319","9.1808990608149","8.64677207361697","7.826","1,2,3,4,5,6,7,8,9,503,504,505,506,507,508,509,510,511",8.98999998506182e-05,TRUE,0,0,0,0,18,0,18,0,1
"kappa.o",2,500,0.33,"TRUE","TRUE","FALSE","17.3177856972004","9.19969494863605","8.11809074856438","6.572","1,2,3,4,5,6,7,8,9,504,505,506,507,508,509,510,511",0.000390145454652684,FALSE,0,0,0,1,17,0,17,0,0.944444444444444
"kappa.o",20,500,0.33,"TRUE","TRUE","FALSE","18.1560310083907","9.15528757692338","9.00074343146737","5.968","1,2,3,4,5,6,7,8,9,503,504,505,506,507,508,509,510,511",6.04838693166559e-05,TRUE,0,0,0,0,18,0,18,0,1
"kappa.o",21,500,0.33,"TRUE","TRUE","FALSE","18.1385271730247","9.14000148944342","8.99852568358128","5.604","1,2,3,4,5,6,7,8,9,503,504,505,506,507,508,509,510,511",0.000129079461834254,TRUE,0,0,0,0,18,0,18,0,1
"kappa.o",22,500,0.33,"TRUE","TRUE","FALSE","18.1052402142527","9.19491339398044","8.91032682027225","6.165","1,2,3,4,5,6,7,8,9,503,504,505,506,507,508,509,510,511",0.000128944341541567,TRUE,0,0,0,0,18,0,18,0,1
"kappa.o",23,500,0.33,"TRUE","TRUE","FALSE","18.1483347564617","9.14755364860161","9.00078110786013","5.65","1,2,3,4,5,6,7,8,9,503,504,505,506,507,508,509,510,511",0.000222217743796063,TRUE,0,0,0,0,18,0,18,0,1
"kappa.o",24,500,0.33,"TRUE","TRUE","FALSE","18.2029536791712","9.2022496324202","9.00070404675105","6.111","1,2,3,4,5,6,7,8,9,503,504,505,506,507,508,509,510,511",0.000183238799136116,TRUE,0,0,0,0,18,0,18,0,1
"kappa.o",25,500,0.33,"TRUE","TRUE","FALSE","18.1322655448645","9.13684479897923","8.99542074588529","5.473","1,2,3,4,5,6,7,8,9,503,504,505,506,507,508,509,510,511",0.000150293075792903,TRUE,0,0,0,0,18,0,18,0,1
"kappa.o",26,500,0.33,"TRUE","TRUE","FALSE","17.8205744189917","9.10795837990989","8.71261603908184","6.11","1,2,3,4,5,6,7,8,9,503,504,505,506,507,508,509,510,511",0.000168556220292226,TRUE,0,0,0,0,18,0,18,0,1
"kappa.o",27,500,0.33,"TRUE","TRUE","FALSE","18.0502780616466","9.12428126228551","8.92599679936113","5.937","1,2,3,4,5,6,7,8,9,503,504,505,506,507,508,509,510,511",0.000129333496379612,TRUE,0,0,0,0,18,0,18,0,1
"kappa.o",28,500,0.33,"TRUE","TRUE","FALSE","18.1448097792891","9.15823128193824","8.98657849735083","5.952","1,2,3,4,5,6,7,8,9,503,504,505,506,507,508,509,510,511",0.000252608218729476,TRUE,0,0,0,0,18,0,18,0,1
"kappa.o",29,500,0.33,"TRUE","TRUE","FALSE","18.0640042294726","9.19663410703677","8.86737012243579","6.262","1,2,3,4,5,6,7,8,9,503,504,505,506,507,508,509,510,511",0.000173870760251172,TRUE,0,0,0,0,18,0,18,0,1
"kappa.o",3,500,0.33,"TRUE","TRUE","FALSE","18.1099885724221","9.10931963192043","9.00066894050168","5.466","1,2,3,4,5,6,7,8,9,503,504,505,506,507,508,509,510,511",4.66686121295744e-05,TRUE,0,0,0,0,18,0,18,0,1
"kappa.o",30,500,0.33,"TRUE","TRUE","FALSE","18.1364796591587","9.13590149223608","9.00057816692262","5.72","1,2,3,4,5,6,7,8,9,503,504,505,506,507,508,509,510,511",0.000153315149117865,TRUE,0,0,0,0,18,0,18,0,1
"kappa.o",31,500,0.33,"TRUE","TRUE","FALSE","18.0844243367291","9.13233209442491","8.95209224230417","5.712","1,2,3,4,5,6,7,8,9,503,504,505,506,507,508,509,510,511",0.000160629562098824,TRUE,0,0,0,0,18,0,18,0,1
"kappa.o",32,500,0.33,"TRUE","TRUE","FALSE","18.2017300005094","9.20062977672902","9.00110022378036","6.163","1,2,3,4,5,6,7,8,9,503,504,505,506,507,508,509,510,511",7.36088329836317e-05,TRUE,0,0,0,0,18,0,18,0,1
"kappa.o",33,500,0.33,"TRUE","TRUE","FALSE","18.1437100829421","9.13885053371836","9.00485954922375","5.974","1,2,3,4,5,6,7,8,9,503,504,505,506,507,508,509,510,511",0.000115929702786903,TRUE,0,0,0,0,18,0,18,0,1
"kappa.o",34,500,0.33,"TRUE","TRUE","FALSE","18.1170076397902","9.11731019909196","8.99969744069827","5.907","1,2,3,4,5,6,7,8,9,503,504,505,506,507,508,509,510,511",8.82464663473309e-05,TRUE,0,0,0,0,18,0,18,0,1
"kappa.o",35,500,0.33,"TRUE","TRUE","FALSE","18.1499548721692","9.14906567692577","9.00088919524347","5.723","1,2,3,4,5,6,7,8,9,503,504,505,506,507,508,509,510,511",0.000166982410320805,TRUE,0,0,0,0,18,0,18,0,1
"kappa.o",36,500,0.33,"TRUE","TRUE","FALSE","18.1460821529275","9.14532053288429","9.00076162004319","5.648","1,2,3,4,5,6,7,8,9,503,504,505,506,507,508,509,510,511",0.000152063856587835,TRUE,0,0,0,0,18,0,18,0,1
"kappa.o",37,500,0.33,"TRUE","TRUE","FALSE","18.0947937353121","9.0943054551967","9.00048828011543","5.633","1,2,3,4,5,6,7,8,9,503,504,505,506,507,508,509,510,511",0.000116460972117254,TRUE,0,0,0,0,18,0,18,0,1
"kappa.o",38,500,0.33,"TRUE","TRUE","FALSE","18.1904276659064","9.18965908319359","9.00076858271285","6.072","1,2,3,4,5,6,7,8,9,503,504,505,506,507,508,509,510,511",0.000139068528962496,TRUE,0,0,0,0,18,0,18,0,1
"kappa.o",39,500,0.33,"TRUE","TRUE","FALSE","18.0955282230268","9.09486180445344","9.00066641857339","5.67","1,2,3,4,5,6,7,8,9,503,504,505,506,507,508,509,510,511",0.000308057388767669,TRUE,0,0,0,0,18,0,18,0,1
"kappa.o",4,500,0.33,"TRUE","TRUE","FALSE","18.1102891725026","9.12938628297699","8.98090288952563","5.724","1,2,3,4,5,6,7,8,9,503,504,505,506,507,508,509,510,511",0.000130289875508607,TRUE,0,0,0,0,18,0,18,0,1
"kappa.o",40,500,0.33,"TRUE","TRUE","FALSE","18.2769880456386","9.27637935834986","9.00060868728878","5.786","1,2,3,4,5,6,7,8,9,503,504,505,506,507,508,509,510,511",0.000130638018924517,TRUE,0,0,0,0,18,0,18,0,1
"kappa.o",41,500,0.33,"TRUE","TRUE","FALSE","17.8459831795569","9.24638541461313","8.59959776494381","7.455","1,2,3,4,5,6,7,8,9,503,504,505,506,507,508,509,510,511",0.000126773516142945,TRUE,0,0,0,0,18,0,18,0,1
"kappa.o",42,500,0.33,"TRUE","TRUE","FALSE","17.274999905335","9.16670287440537","8.10829703092959","6.144","1,2,3,4,5,6,7,8,9,504,505,506,507,508,509,510,511",0.000342029144247837,FALSE,0,0,0,1,17,0,17,0,0.944444444444444
"kappa.o",43,500,0.33,"TRUE","TRUE","FALSE","18.1557458922651","9.15485056628177","9.00089532598331","6.03","1,2,3,4,5,6,7,8,9,503,504,505,506,507,508,509,510,511",0.00018930785098756,TRUE,0,0,0,0,18,0,18,0,1
"kappa.o",44,500,0.33,"TRUE","TRUE","FALSE","18.0948856378529","9.10542958529935","8.98945605255351","5.619","1,2,3,4,5,6,7,8,9,503,504,505,506,507,508,509,510,511",0.000102312794121454,TRUE,0,0,0,0,18,0,18,0,1
"kappa.o",45,500,0.33,"TRUE","TRUE","FALSE","18.1025657254824","9.10169490908289","9.0008708163995","5.33","1,2,3,4,5,6,7,8,9,503,504,505,506,507,508,509,510,511",9.29783605173351e-05,TRUE,0,0,0,0,18,0,18,0,1
"kappa.o",46,500,0.33,"TRUE","TRUE","FALSE","17.4529062451679","9.20881849692387","8.24408774824399","6.462","1,2,3,4,5,6,7,8,9,504,505,506,507,508,509,510,511",0.000433097964090806,FALSE,0,0,0,1,17,0,17,0,0.944444444444444
"kappa.o",47,500,0.33,"TRUE","TRUE","FALSE","18.2203746116445","9.26236344176315","8.95801116988134","6.594","1,2,3,4,5,6,7,8,9,503,504,505,506,507,508,509,510,511",0.000134993822641408,TRUE,0,0,0,0,18,0,18,0,1
"kappa.o",48,500,0.33,"TRUE","TRUE","FALSE","18.2440999965127","9.24093514028511","9.00316485622755","6.227","1,2,3,4,5,6,7,8,9,503,504,505,506,507,508,509,510,511",9.29609503132245e-05,TRUE,0,0,0,0,18,0,18,0,1
"kappa.o",49,500,0.33,"TRUE","TRUE","FALSE","18.0963050200726","9.11365771216632","8.98264730790629","5.762","1,2,3,4,5,6,7,8,9,503,504,505,506,507,508,509,510,511",0.000173732480425284,TRUE,0,0,0,0,18,0,18,0,1
"kappa.o",5,500,0.33,"TRUE","TRUE","FALSE","18.0455571265403","9.10368277366351","8.94187435287678","5.685","1,2,3,4,5,6,7,8,9,503,504,505,506,507,508,509,510,511",0.000220605943803772,TRUE,0,0,0,0,18,0,18,0,1
"kappa.o",50,500,0.33,"TRUE","TRUE","FALSE","18.424143592995","9.42143641318195","9.002707179813","6.819","1,2,3,4,5,6,7,8,9,503,504,505,506,507,508,509,510,511",0.00012547327085359,TRUE,0,0,0,0,18,0,18,0,1
"kappa.o",51,500,0.33,"TRUE","TRUE","FALSE","18.1813089310101","9.18050178644791","9.00080714456216","6.02","1,2,3,4,5,6,7,8,9,503,504,505,506,507,508,509,510,511",0.000150245026316734,TRUE,0,0,0,0,18,0,18,0,1
"kappa.o",52,500,0.33,"TRUE","TRUE","FALSE","18.1126629116085","9.11205439236806","9.0006085192404","5.487","1,2,3,4,5,6,7,8,9,503,504,505,506,507,508,509,510,511",0.000105470138541568,TRUE,0,0,0,0,18,0,18,0,1
"kappa.o",53,500,0.33,"TRUE","TRUE","FALSE","18.1299556906283","9.13129396750776","8.99866172312054","5.667","1,2,3,4,5,6,7,8,9,503,504,505,506,507,508,509,510,511",0.000150571915383637,TRUE,0,0,0,0,18,0,18,0,1
"kappa.o",54,500,0.33,"TRUE","TRUE","FALSE","18.1154424025662","9.09311429733581","9.02232810523036","5.489","1,2,3,4,5,6,7,8,9,503,504,505,506,507,508,509,510,511",0.000120232672293406,TRUE,0,0,0,0,18,0,18,0,1
"kappa.o",55,500,0.33,"TRUE","TRUE","FALSE","17.915332960271","9.15313848841906","8.76219447185196","6.031","1,2,3,4,5,6,7,8,9,503,504,505,506,507,508,509,510,511",7.52708734621761e-05,TRUE,0,0,0,0,18,0,18,0,1
"kappa.o",56,500,0.33,"TRUE","TRUE","FALSE","17.4488786678831","9.11913480064547","8.32974386723765","6.397","1,2,3,4,5,6,7,8,9,504,505,506,507,508,509,510,511",0.000323918506631299,FALSE,0,0,0,1,17,0,17,0,0.944444444444444
"kappa.o",57,500,0.33,"TRUE","TRUE","FALSE","18.1393065105547","9.13843144297499","9.00087506757973","5.702","1,2,3,4,5,6,7,8,9,503,504,505,506,507,508,509,510,511",0.000208814573491879,TRUE,0,0,0,0,18,0,18,0,1
"kappa.o",58,500,0.33,"TRUE","TRUE","FALSE","18.1585201459869","9.157886048331","9.00063409765591","5.83","1,2,3,4,5,6,7,8,9,503,504,505,506,507,508,509,510,511",5.67882989996833e-05,TRUE,0,0,0,0,18,0,18,0,1
"kappa.o",59,500,0.33,"TRUE","TRUE","FALSE","18.3043549378986","9.45421811978571","8.85013681811288","7.342","1,2,3,4,5,6,7,8,9,503,504,505,506,507,508,509,510,511",0.000130536951354762,TRUE,0,0,0,0,18,0,18,0,1
"kappa.o",6,500,0.33,"TRUE","TRUE","FALSE","18.1184205323762","9.12052634818222","8.99789418419394","5.477","1,2,3,4,5,6,7,8,9,503,504,505,506,507,508,509,510,511",0.000154350442429298,TRUE,0,0,0,0,18,0,18,0,1
"kappa.o",60,500,0.33,"TRUE","TRUE","FALSE","18.0909725738321","9.09843293346917","8.9925396403629","5.428","1,2,3,4,5,6,7,8,9,503,504,505,506,507,508,509,510,511",0.000109257258471523,TRUE,0,0,0,0,18,0,18,0,1
"kappa.o",61,500,0.33,"TRUE","TRUE","FALSE","18.1633789573571","9.1934665097047","8.96991244765239","5.998","1,2,3,4,5,6,7,8,9,503,504,505,506,507,508,509,510,511",9.18662252175733e-05,TRUE,0,0,0,0,18,0,18,0,1
"kappa.o",62,500,0.33,"TRUE","TRUE","FALSE","18.1517279540152","9.15223824752856","8.99948970648669","5.74","1,2,3,4,5,6,7,8,9,503,504,505,506,507,508,509,510,511",8.32861541490346e-05,TRUE,0,0,0,0,18,0,18,0,1
"kappa.o",63,500,0.33,"TRUE","TRUE","FALSE","17.7988558998106","9.09602806022479","8.70282783958585","6.036","1,2,3,4,5,6,7,8,9,503,504,505,506,507,508,509,510,511",0.000154512907179176,TRUE,0,0,0,0,18,0,18,0,1
"kappa.o",64,500,0.33,"TRUE","TRUE","FALSE","18.1563129742832","9.14762679877312","9.00868617551013","6.007","1,2,3,4,5,6,7,8,9,503,504,505,506,507,508,509,510,511",0.000102332729266084,TRUE,0,0,0,0,18,0,18,0,1
"kappa.o",65,500,0.33,"TRUE","TRUE","FALSE","18.0985564168371","9.10272204530688","8.99583437153021","5.293","1,2,3,4,5,6,7,8,9,503,504,505,506,507,508,509,510,511",0.00015447671008325,TRUE,0,0,0,0,18,0,18,0,1
"kappa.o",66,500,0.33,"TRUE","TRUE","FALSE","18.1292299463332","9.1281644114842","9.00106553484895","4.874","1,2,3,4,5,6,7,8,9,503,504,505,506,507,508,509,510,511",0.000140789305662149,TRUE,0,0,0,0,18,0,18,0,1
"kappa.o",67,500,0.33,"TRUE","TRUE","FALSE","18.1302125372713","9.12894027624686","9.00127226102443","5.454","1,2,3,4,5,6,7,8,9,503,504,505,506,507,508,509,510,511",7.0173559077472e-05,TRUE,0,0,0,0,18,0,18,0,1
"kappa.o",68,500,0.33,"TRUE","TRUE","FALSE","18.2875453607442","9.28672764143315","9.00081771931108","6.435","1,2,3,4,5,6,7,8,9,503,504,505,506,507,508,509,510,511",8.52742736342638e-05,TRUE,0,0,0,0,18,0,18,0,1
"kappa.o",69,500,0.33,"TRUE","TRUE","FALSE","18.0977733112166","9.09588385145723","9.00188945975941","5.245","1,2,3,4,5,6,7,8,9,503,504,505,506,507,508,509,510,511",0.000196475609798793,TRUE,0,0,0,0,18,0,18,0,1
"kappa.o",7,500,0.33,"TRUE","TRUE","FALSE","18.037780357125","9.12954347943385","8.90823687769111","5.933","1,2,3,4,5,6,7,8,9,503,504,505,506,507,508,509,510,511",0.000101806053986605,TRUE,0,0,0,0,18,0,18,0,1
"kappa.o",70,500,0.33,"TRUE","TRUE","FALSE","18.1182042035323","9.1311247863016","8.9870794172307","5.695","1,2,3,4,5,6,7,8,9,503,504,505,506,507,508,509,510,511",0.000114999808846369,TRUE,0,0,0,0,18,0,18,0,1
"kappa.o",71,500,0.33,"TRUE","TRUE","FALSE","18.119701939421","9.12189985109","8.997802088331","5.284","1,2,3,4,5,6,7,8,9,503,504,505,506,507,508,509,510,511",8.51291349260748e-05,TRUE,0,0,0,0,18,0,18,0,1
"kappa.o",72,500,0.33,"TRUE","TRUE","FALSE","18.1231911401965","9.12413995919432","8.99905118100218","5.164","1,2,3,4,5,6,7,8,9,503,504,505,506,507,508,509,510,511",0.000164113570678709,TRUE,0,0,0,0,18,0,18,0,1
"kappa.o",73,500,0.33,"TRUE","TRUE","FALSE","18.1746074619886","9.17316995465255","9.00143750733606","6.025","1,2,3,4,5,6,7,8,9,503,504,505,506,507,508,509,510,511",9.20769818212615e-05,TRUE,0,0,0,0,18,0,18,0,1
"kappa.o",74,500,0.33,"TRUE","TRUE","FALSE","18.1285595210702","9.12747557004516","9.00108395102501","5.585","1,2,3,4,5,6,7,8,9,503,504,505,506,507,508,509,510,511",6.45412276448576e-05,TRUE,0,0,0,0,18,0,18,0,1
"kappa.o",75,500,0.33,"TRUE","TRUE","FALSE","18.7449673128588","9.74621625879694","8.9987510540619","6.621","1,2,3,4,5,6,7,8,9,301,503,504,505,506,507,508,509,510,511",0.000253469109821024,FALSE,1,0,0,0,19,1,18,0.0526315789473684,1
"kappa.o",76,500,0.33,"TRUE","TRUE","FALSE","17.4434333746996","9.21554156016426","8.22789181453538","6.538","1,2,3,4,5,6,7,8,9,504,505,506,507,508,509,510,511",0.00030867864059786,FALSE,0,0,0,1,17,0,17,0,0.944444444444444
"kappa.o",77,500,0.33,"TRUE","TRUE","FALSE","18.2249931170606","9.32794173060691","8.89705138645367","6.731","1,2,3,4,5,6,7,8,9,503,504,505,506,507,508,509,510,511",0.000194429357403427,TRUE,0,0,0,0,18,0,18,0,1
"kappa.o",78,500,0.33,"TRUE","TRUE","FALSE","18.1505279821681","9.14975104924933","9.00077693291878","5.542","1,2,3,4,5,6,7,8,9,503,504,505,506,507,508,509,510,511",0.000154050613382463,TRUE,0,0,0,0,18,0,18,0,1
"kappa.o",79,500,0.33,"TRUE","TRUE","FALSE","18.135423602887","9.14050345466789","8.99492014821915","5.528","1,2,3,4,5,6,7,8,9,503,504,505,506,507,508,509,510,511",5.3597443014643e-05,TRUE,0,0,0,0,18,0,18,0,1
"kappa.o",8,500,0.33,"TRUE","TRUE","FALSE","18.1389819598881","9.13853570972492","9.00044625016317","5.911","1,2,3,4,5,6,7,8,9,503,504,505,506,507,508,509,510,511",0.000110252854398857,TRUE,0,0,0,0,18,0,18,0,1
"kappa.o",80,500,0.33,"TRUE","TRUE","FALSE","18.1212035068258","9.11823257844205","9.00297092838372","5.437","1,2,3,4,5,6,7,8,9,503,504,505,506,507,508,509,510,511",7.1729324992959e-05,TRUE,0,0,0,0,18,0,18,0,1
"kappa.o",81,500,0.33,"TRUE","TRUE","FALSE","18.0965933563131","9.09603101121742","9.00056234509571","5.307","1,2,3,4,5,6,7,8,9,503,504,505,506,507,508,509,510,511",0.000119792877266679,TRUE,0,0,0,0,18,0,18,0,1
"kappa.o",82,500,0.33,"TRUE","TRUE","FALSE","18.2277507054326","9.22685504964409","9.00089565578848","6.586","1,2,3,4,5,6,7,8,9,503,504,505,506,507,508,509,510,511",0.00025151278389305,TRUE,0,0,0,0,18,0,18,0,1
"kappa.o",83,500,0.33,"TRUE","TRUE","FALSE","18.1108813353804","9.1101004327518","9.00078090262857","5.698","1,2,3,4,5,6,7,8,9,503,504,505,506,507,508,509,510,511",0.000223513304052409,TRUE,0,0,0,0,18,0,18,0,1
"kappa.o",84,500,0.33,"TRUE","TRUE","FALSE","18.1419293533026","9.16509994366041","8.97682940964219","5.839","1,2,3,4,5,6,7,8,9,503,504,505,506,507,508,509,510,511",0.000102293983135302,TRUE,0,0,0,0,18,0,18,0,1
"kappa.o",85,500,0.33,"TRUE","TRUE","FALSE","18.024259069505","9.12466669370064","8.89959237580436","6.04","1,2,3,4,5,6,7,8,9,503,504,505,506,507,508,509,510,511",0.000212854795387792,TRUE,0,0,0,0,18,0,18,0,1
"kappa.o",86,500,0.33,"TRUE","TRUE","FALSE","17.5686916280815","9.13516388948132","8.43352773860019","6.602","1,2,3,4,5,6,7,8,9,504,505,506,507,508,509,510,511",0.000343951648379508,FALSE,0,0,0,1,17,0,17,0,0.944444444444444
"kappa.o",87,500,0.33,"TRUE","TRUE","FALSE","17.8552416846335","9.15829828935873","8.69694339527477","6.207","1,2,3,4,5,6,7,8,9,503,504,505,506,507,508,509,510,511",0.000115748322343804,TRUE,0,0,0,0,18,0,18,0,1
"kappa.o",88,500,0.33,"TRUE","TRUE","FALSE","18.1696251306463","9.16947335787769","9.00015177276862","5.719","1,2,3,4,5,6,7,8,9,503,504,505,506,507,508,509,510,511",7.53046299035316e-05,TRUE,0,0,0,0,18,0,18,0,1
"kappa.o",89,500,0.33,"TRUE","TRUE","FALSE","18.0855906296463","9.09190840903129","8.99368222061497","5.346","1,2,3,4,5,6,7,8,9,503,504,505,506,507,508,509,510,511",0.000152828716315746,TRUE,0,0,0,0,18,0,18,0,1
"kappa.o",9,500,0.33,"TRUE","TRUE","FALSE","18.0966534551451","9.10351107304038","8.99314238210469","5.409","1,2,3,4,5,6,7,8,9,503,504,505,506,507,508,509,510,511",0.000131958073880749,TRUE,0,0,0,0,18,0,18,0,1
"kappa.o",90,500,0.33,"TRUE","TRUE","FALSE","18.1737623108179","9.19359182506172","8.98017048575619","6.05","1,2,3,4,5,6,7,8,9,503,504,505,506,507,508,509,510,511",0.000117821702268543,TRUE,0,0,0,0,18,0,18,0,1
"kappa.o",91,500,0.33,"TRUE","TRUE","FALSE","18.161446783005","9.16077381883048","9.00067296417449","5.905","1,2,3,4,5,6,7,8,9,503,504,505,506,507,508,509,510,511",0.00014616148955447,TRUE,0,0,0,0,18,0,18,0,1
"kappa.o",92,500,0.33,"TRUE","TRUE","FALSE","17.7162816121316","9.12801078092959","8.58827083120197","6.483","1,2,3,4,5,6,7,8,9,503,504,505,506,507,508,509,510,511",0.000226433808635526,TRUE,0,0,0,0,18,0,18,0,1
"kappa.o",93,500,0.33,"TRUE","TRUE","FALSE","17.7575026550616","9.15106447784633","8.60643817721528","6.768","1,2,3,4,5,6,7,8,9,503,504,505,506,507,508,509,510,511",0.000141959689743475,TRUE,0,0,0,0,18,0,18,0,1
"kappa.o",94,500,0.33,"TRUE","TRUE","FALSE","18.1029615776184","9.10180834427599","9.00115323334243","5.277","1,2,3,4,5,6,7,8,9,503,504,505,506,507,508,509,510,511",0.000118793359411435,TRUE,0,0,0,0,18,0,18,0,1
"kappa.o",95,500,0.33,"TRUE","TRUE","FALSE","18.1448538880853","9.14327370265372","9.00158018543155","5.982","1,2,3,4,5,6,7,8,9,503,504,505,506,507,508,509,510,511",0.000133353073942163,TRUE,0,0,0,0,18,0,18,0,1
"kappa.o",96,500,0.33,"TRUE","TRUE","FALSE","18.1487962774349","9.14805761853668","9.00073865889817","5.431","1,2,3,4,5,6,7,8,9,503,504,505,506,507,508,509,510,511",0.000145753313546431,TRUE,0,0,0,0,18,0,18,0,1
"kappa.o",97,500,0.33,"TRUE","TRUE","FALSE","18.1199481013222","9.11925820649746","9.00068989482478","5.501","1,2,3,4,5,6,7,8,9,503,504,505,506,507,508,509,510,511",0.000107056386162977,TRUE,0,0,0,0,18,0,18,0,1
"kappa.o",98,500,0.33,"TRUE","TRUE","FALSE","18.1247081667589","9.12340258718281","9.00130557957605","5.582","1,2,3,4,5,6,7,8,9,503,504,505,506,507,508,509,510,511",0.00010956464717483,TRUE,0,0,0,0,18,0,18,0,1
"kappa.o",99,500,0.33,"TRUE","TRUE","FALSE","18.1545082030169","9.27804881471313","8.87645938830373","6.974","1,2,3,4,5,6,7,8,9,503,504,505,506,507,508,509,510,511",9.90320009163863e-05,TRUE,0,0,0,0,18,0,18,0,1
"lasso.cv",1,500,0.33,"TRUE","TRUE","FALSE","17.4232087212397","9.23856427984516","8.18464444139452","6.346","1,2,3,4,5,6,7,8,9,13,15,17,28,30,47,60,67,75,94,97,105,107,125,130,136,139,145,157,159,167,182,185,188,192,196,202,203,204,208,236,242,246,248,269,298,299,310,314,315,347,387,392,404,408,420,431,457,477,490,503,504,505,506,507,508,509,510,511,514",0.00075433075544597,FALSE,50,1,0,0,69,51,18,0.739130434782609,1
"lasso.cv",10,500,0.33,"TRUE","TRUE","FALSE","17.3713466552239","9.12838416655929","8.24296248866456","6.573","1,2,3,4,5,6,7,8,9,10,17,18,50,52,62,78,82,83,86,95,98,103,110,127,139,143,144,157,167,193,197,213,221,226,267,277,278,287,290,296,316,343,360,391,421,426,448,457,464,480,481,491,503,504,505,506,507,508,509,510,511,513,515",0.000584314260822804,FALSE,43,2,0,0,63,45,18,0.714285714285714,1
"lasso.cv",100,500,0.33,"TRUE","TRUE","FALSE","17.8959137027344","9.11784840370372","8.77806529903066","6.297","1,2,3,4,5,6,7,8,9,11,33,55,68,72,88,89,93,100,103,106,109,111,120,127,129,147,148,180,188,216,218,222,245,250,251,254,258,270,292,309,312,333,336,343,346,350,355,361,367,376,380,386,389,422,425,426,452,470,483,487,499,503,504,505,506,507,508,509,510,511",0.000599906584555528,FALSE,52,0,0,0,70,52,18,0.742857142857143,1
"lasso.cv",11,500,0.33,"TRUE","TRUE","FALSE","18.6382886426008","9.61070824109761","9.02758040150315","6.676","1,2,3,4,5,6,7,8,9,11,21,29,41,90,102,116,131,144,147,149,151,153,156,162,181,182,195,257,290,304,318,325,342,357,365,383,384,387,390,395,404,408,411,414,425,441,443,451,489,490,494,503,504,505,506,507,508,509,510,511",0.000426185179789233,FALSE,42,0,0,0,60,42,18,0.7,1
"lasso.cv",12,500,0.33,"TRUE","TRUE","FALSE","18.2276559160607","9.33683396796845","8.89082194809223","6.649","1,2,3,4,5,6,7,8,9,13,17,18,21,29,32,48,69,79,90,96,103,108,110,126,175,177,178,185,193,210,218,232,255,275,303,324,333,336,347,357,359,364,392,400,407,421,422,423,426,465,469,476,488,496,503,504,505,506,507,508,509,510,511,514",0.000605180670175428,FALSE,45,1,0,0,64,46,18,0.71875,1
"lasso.cv",13,500,0.33,"TRUE","TRUE","FALSE","18.1198471727232","9.11926292176424","9.00058425095898","5.623","1,2,3,4,5,6,7,8,9,17,20,64,73,79,96,112,129,137,148,149,175,189,193,198,202,210,218,230,236,246,251,277,280,291,301,310,314,323,328,329,330,337,346,353,370,374,389,401,414,424,432,435,440,445,452,462,485,497,499,503,504,505,506,507,508,509,510,511",0.000675980805412748,FALSE,50,0,0,0,68,50,18,0.735294117647059,1
"lasso.cv",14,500,0.33,"TRUE","TRUE","FALSE","18.1636954418335","9.16104236954103","9.00265307229252","5.853","1,2,3,4,5,6,7,8,9,13,19,34,42,59,78,100,111,112,125,139,140,143,169,173,175,189,190,191,198,212,224,229,250,258,260,262,278,293,296,299,302,327,343,344,362,371,392,408,421,429,435,439,440,488,496,502,503,504,505,506,507,508,509,510,511,513",0.00076195293561601,FALSE,47,1,0,0,66,48,18,0.727272727272727,1
"lasso.cv",15,500,0.33,"TRUE","TRUE","FALSE","18.3668863009821","9.36862851156332","8.99825778941882","6.619","1,2,3,4,5,6,7,8,9,16,18,21,25,42,49,64,80,103,109,111,113,125,131,144,158,161,185,199,205,208,222,229,238,247,248,249,280,293,294,306,312,332,373,375,376,380,396,418,419,427,429,445,452,455,461,463,465,489,503,504,505,506,507,508,509,510,511,515",0.000600342041032625,FALSE,49,1,0,0,68,50,18,0.735294117647059,1
"lasso.cv",16,500,0.33,"TRUE","TRUE","FALSE","18.1179495385403","9.14577448551662","8.97217505302366","5.815","1,2,3,4,5,6,7,8,9,15,22,33,46,59,64,68,78,115,120,126,140,142,161,167,187,191,196,208,222,234,242,246,252,264,265,298,301,306,310,315,319,355,359,383,394,396,417,420,430,432,437,475,477,481,502,503,504,505,506,507,508,509,510,511,514",0.000390521542236107,FALSE,46,1,0,0,65,47,18,0.723076923076923,1
"lasso.cv",17,500,0.33,"TRUE","TRUE","FALSE","18.2085145124014","9.2152988038335","8.9932157085679","5.984","1,2,3,4,5,6,7,8,9,16,28,37,69,82,88,92,96,148,149,163,165,168,176,180,190,218,220,225,232,234,242,265,275,280,290,294,295,307,314,322,326,344,348,349,357,365,395,398,400,440,445,449,452,457,477,503,504,505,506,507,508,509,510,511,514",0.000558545288988982,FALSE,46,1,0,0,65,47,18,0.723076923076923,1
"lasso.cv",18,500,0.33,"TRUE","TRUE","FALSE","18.1935178555963","9.21198604014662","8.98153181544969","6.347","1,2,3,4,5,6,7,8,9,20,46,49,71,74,77,83,123,132,156,164,185,208,222,228,245,255,265,285,299,301,333,334,342,347,359,372,395,400,404,407,420,430,436,437,452,480,483,490,503,504,505,506,507,508,509,510,511,514",0.000472858566667871,FALSE,39,1,0,0,58,40,18,0.689655172413793,1
"lasso.cv",19,500,0.33,"TRUE","TRUE","FALSE","17.8276711344319","9.1808990608149","8.64677207361697","7.826","1,2,3,4,5,6,7,8,9,13,20,48,50,58,98,111,117,118,125,132,141,150,152,162,171,175,176,190,202,222,232,248,250,257,262,271,274,278,279,290,325,335,342,360,361,381,400,415,422,425,432,436,440,445,446,452,460,475,476,478,487,490,491,503,504,505,506,507,508,509,510,511,514",0.000831904806825765,FALSE,54,1,0,0,73,55,18,0.753424657534247,1
"lasso.cv",2,500,0.33,"TRUE","TRUE","FALSE","17.3177856972004","9.19969494863605","8.11809074856438","6.572","1,2,3,4,5,6,7,8,9,29,49,56,66,96,103,106,128,143,154,156,158,184,190,194,202,203,211,225,251,252,258,280,290,303,307,311,316,327,329,386,395,420,435,443,445,455,464,472,478,484,488,489,490,503,504,505,506,507,508,509,510,511,514",0.000721437423781707,FALSE,44,1,0,0,63,45,18,0.714285714285714,1
"lasso.cv",20,500,0.33,"TRUE","TRUE","FALSE","18.1560310083907","9.15528757692338","9.00074343146737","5.968","1,2,3,4,5,6,7,8,9,11,13,17,36,40,49,70,74,77,97,106,148,170,179,183,192,200,202,214,215,229,235,239,240,243,244,253,256,257,264,270,273,300,311,317,323,358,359,379,384,392,394,400,415,430,435,441,468,481,496,503,504,505,506,507,508,509,510,511",0.000561548841576491,FALSE,50,0,0,0,68,50,18,0.735294117647059,1
"lasso.cv",21,500,0.33,"TRUE","TRUE","FALSE","18.1385271730247","9.14000148944342","8.99852568358128","5.604","1,2,3,4,5,6,7,8,9,11,22,42,45,55,70,102,104,105,108,111,125,142,146,150,156,175,190,191,194,201,221,225,242,252,260,279,292,305,316,321,327,337,339,355,362,367,380,387,400,408,422,430,474,475,503,504,505,506,507,508,509,510,511,515",0.000683869616021868,FALSE,45,1,0,0,64,46,18,0.71875,1
"lasso.cv",22,500,0.33,"TRUE","TRUE","FALSE","18.1052402142527","9.19491339398044","8.91032682027225","6.165","1,2,3,4,5,6,7,8,9,30,32,36,87,125,127,160,162,165,173,185,193,194,212,239,248,256,286,287,289,319,326,348,353,387,410,416,458,469,472,475,477,492,496,503,504,505,506,507,508,509,510,511,515",0.000400283253784062,FALSE,34,1,0,0,53,35,18,0.660377358490566,1
"lasso.cv",23,500,0.33,"TRUE","TRUE","FALSE","18.1483347564617","9.14755364860161","9.00078110786013","5.65","1,2,3,4,5,6,7,8,9,22,35,42,47,66,73,87,91,93,99,103,121,143,149,159,187,192,211,213,214,222,231,255,289,294,313,342,362,372,386,394,395,397,406,410,415,430,450,454,460,471,477,478,480,486,488,503,504,505,506,507,508,509,510,511,515",0.000606458978853037,FALSE,46,1,0,0,65,47,18,0.723076923076923,1
"lasso.cv",24,500,0.33,"TRUE","TRUE","FALSE","18.2029536791712","9.2022496324202","9.00070404675105","6.111","1,2,3,4,5,6,7,8,9,34,107,135,149,167,175,192,202,215,222,223,224,245,250,258,279,287,290,325,332,336,340,350,361,362,377,392,419,422,427,434,460,481,487,494,499,503,504,505,506,507,508,509,510,511,514",0.000592934177966668,FALSE,36,1,0,0,55,37,18,0.672727272727273,1
"lasso.cv",25,500,0.33,"TRUE","TRUE","FALSE","18.1322655448645","9.13684479897923","8.99542074588529","5.473","1,2,3,4,5,6,7,8,9,11,19,21,37,48,59,78,87,107,120,125,156,173,187,192,194,200,208,214,236,239,253,257,274,278,300,304,318,320,336,340,342,343,347,357,414,420,422,451,453,454,460,476,499,503,504,505,506,507,508,509,510,511",0.0005434319550715,FALSE,44,0,0,0,62,44,18,0.709677419354839,1
"lasso.cv",26,500,0.33,"TRUE","TRUE","FALSE","17.8205744189917","9.10795837990989","8.71261603908184","6.11","1,2,3,4,5,6,7,8,9,19,25,47,49,72,75,93,100,116,126,139,141,175,179,185,187,192,202,211,240,255,278,299,309,329,338,345,358,363,364,391,397,409,431,437,445,452,453,483,503,504,505,506,507,508,509,510,511,513,517",0.000575188921320276,FALSE,39,2,0,0,59,41,18,0.694915254237288,1
"lasso.cv",27,500,0.33,"TRUE","TRUE","FALSE","18.0502780616466","9.12428126228551","8.92599679936113","5.937","1,2,3,4,5,6,7,8,9,12,34,35,42,55,56,57,60,63,68,90,126,132,139,143,152,167,178,201,216,245,257,290,299,322,326,335,343,352,353,374,385,392,393,399,407,422,432,471,477,478,483,488,493,496,503,504,505,506,507,508,509,510,511",0.00052605327586852,FALSE,45,0,0,0,63,45,18,0.714285714285714,1
"lasso.cv",28,500,0.33,"TRUE","TRUE","FALSE","18.1448097792891","9.15823128193824","8.98657849735083","5.952","1,2,3,4,5,6,7,8,9,16,18,39,40,64,76,88,92,93,95,107,136,155,173,211,228,235,238,250,251,257,264,304,324,327,347,350,367,369,376,383,384,386,387,399,404,407,409,427,440,452,462,472,481,488,494,498,503,504,505,506,507,508,509,510,511,513,516",0.000670045694293294,FALSE,47,2,0,0,67,49,18,0.73134328358209,1
"lasso.cv",29,500,0.33,"TRUE","TRUE","FALSE","18.0640042294726","9.19663410703677","8.86737012243579","6.262","1,2,3,4,5,6,7,8,9,16,20,21,27,30,32,47,58,66,71,82,90,91,102,103,104,105,106,128,132,143,155,188,217,218,278,287,301,302,320,343,357,358,365,368,398,408,422,427,428,438,445,446,452,454,456,461,463,487,488,503,504,505,506,507,508,509,510,511,514",0.000799491021286847,FALSE,50,1,0,0,69,51,18,0.739130434782609,1
"lasso.cv",3,500,0.33,"TRUE","TRUE","FALSE","18.1099885724221","9.10931963192043","9.00066894050168","5.466","1,2,3,4,5,6,7,8,9,13,15,40,47,112,131,139,150,153,163,173,180,181,187,202,211,212,213,222,227,231,235,239,248,250,251,270,310,329,346,348,361,362,384,387,403,408,414,440,442,462,472,480,487,496,500,503,504,505,506,507,508,509,510,511",0.000392030172042327,FALSE,46,0,0,0,64,46,18,0.71875,1
"lasso.cv",30,500,0.33,"TRUE","TRUE","FALSE","18.1364796591587","9.13590149223608","9.00057816692262","5.72","1,2,3,4,5,6,7,8,9,10,20,29,42,52,69,75,140,145,163,180,208,214,226,233,240,249,257,280,287,291,294,319,323,324,338,342,344,376,383,408,419,420,423,446,455,465,476,485,499,503,504,505,506,507,508,509,510,511,515",0.000546289490065167,FALSE,40,1,0,0,59,41,18,0.694915254237288,1
"lasso.cv",31,500,0.33,"TRUE","TRUE","FALSE","18.0844243367291","9.13233209442491","8.95209224230417","5.712","1,2,3,4,5,6,7,8,9,14,15,19,42,49,55,94,106,137,138,146,148,154,187,190,201,229,231,235,261,265,270,282,283,287,290,296,298,329,332,350,360,362,367,371,376,379,408,413,416,442,445,457,463,468,478,484,497,503,504,505,506,507,508,509,510,511,517",0.000664926473356901,FALSE,48,1,0,0,67,49,18,0.73134328358209,1
"lasso.cv",32,500,0.33,"TRUE","TRUE","FALSE","18.2017300005094","9.20062977672902","9.00110022378036","6.163","1,2,3,4,5,6,7,8,9,18,21,41,43,48,49,56,64,75,78,111,112,115,139,147,157,165,173,190,207,210,218,222,234,236,243,261,285,292,293,301,307,308,322,323,333,334,344,353,354,357,394,406,436,447,475,480,484,488,491,503,504,505,506,507,508,509,510,511,515,517",0.000640694579662951,FALSE,50,2,0,0,70,52,18,0.742857142857143,1
"lasso.cv",33,500,0.33,"TRUE","TRUE","FALSE","18.1437100829421","9.13885053371836","9.00485954922375","5.974","1,2,3,4,5,6,7,8,9,20,23,35,44,57,58,81,82,84,92,93,118,130,143,146,150,161,163,179,186,194,198,200,201,202,217,222,224,240,241,248,256,282,284,295,318,335,347,348,353,355,371,385,394,407,475,485,486,488,491,496,502,503,504,505,506,507,508,509,510,511,513,517",0.000751962494168805,FALSE,52,2,0,0,72,54,18,0.75,1
"lasso.cv",34,500,0.33,"TRUE","TRUE","FALSE","18.1170076397902","9.11731019909196","8.99969744069827","5.907","1,2,3,4,5,6,7,8,9,11,17,20,28,66,73,82,134,140,144,150,156,174,175,187,193,213,214,216,224,235,236,251,252,253,258,264,265,271,278,291,292,316,321,359,366,367,369,392,426,445,446,448,452,453,466,478,487,488,494,498,503,504,505,506,507,508,509,510,511,514",0.000646126152046903,FALSE,51,1,0,0,70,52,18,0.742857142857143,1
"lasso.cv",35,500,0.33,"TRUE","TRUE","FALSE","18.1499548721692","9.14906567692577","9.00088919524347","5.723","1,2,3,4,5,6,7,8,9,18,44,48,62,89,91,111,125,134,135,137,142,144,154,159,164,181,187,206,208,212,218,248,258,264,279,292,304,322,338,346,356,357,361,362,363,365,383,384,392,395,400,416,449,484,488,494,503,504,505,506,507,508,509,510,511",0.000591916850561177,FALSE,47,0,0,0,65,47,18,0.723076923076923,1
"lasso.cv",36,500,0.33,"TRUE","TRUE","FALSE","18.1460821529275","9.14532053288429","9.00076162004319","5.648","1,2,3,4,5,6,7,8,9,22,55,62,83,84,90,91,92,103,107,119,125,147,195,205,208,210,248,301,304,315,330,337,353,369,384,393,395,416,441,482,483,487,491,501,503,504,505,506,507,508,509,510,511,514",0.000531162186731548,FALSE,35,1,0,0,54,36,18,0.666666666666667,1
"lasso.cv",37,500,0.33,"TRUE","TRUE","FALSE","18.0947937353121","9.0943054551967","9.00048828011543","5.633","1,2,3,4,5,6,7,8,9,19,29,31,45,50,63,66,68,84,88,93,100,103,122,132,139,146,151,159,175,198,201,221,230,234,248,260,262,270,271,275,279,282,294,308,313,347,348,362,366,367,383,387,401,408,410,455,463,483,503,504,505,506,507,508,509,510,511,513,517",0.000546886913778322,FALSE,49,2,0,0,69,51,18,0.739130434782609,1
"lasso.cv",38,500,0.33,"TRUE","TRUE","FALSE","18.1904276659064","9.18965908319359","9.00076858271285","6.072","1,2,3,4,5,6,7,8,9,10,12,18,29,31,44,45,52,53,66,69,80,88,103,111,120,138,139,148,181,188,190,202,208,214,215,220,233,247,248,251,284,292,300,308,328,338,344,360,364,365,366,369,374,376,382,383,389,394,401,407,410,417,420,429,443,468,480,483,500,502,503,504,505,506,507,508,509,510,511,517",0.000704386893806283,FALSE,61,1,0,0,80,62,18,0.775,1
"lasso.cv",39,500,0.33,"TRUE","TRUE","FALSE","18.0955282230268","9.09486180445344","9.00066641857339","5.67","1,2,3,4,5,6,7,8,9,13,39,50,72,107,110,117,132,142,157,174,191,196,198,199,203,204,210,217,231,237,246,258,260,262,264,276,278,289,298,307,313,316,328,331,336,338,365,368,371,387,390,398,399,401,402,405,409,417,422,438,457,462,464,466,496,503,504,505,506,507,508,509,510,511,515",0.000797758109842982,FALSE,56,1,0,0,75,57,18,0.76,1
"lasso.cv",4,500,0.33,"TRUE","TRUE","FALSE","18.1102891725026","9.12938628297699","8.98090288952563","5.724","1,2,3,4,5,6,7,8,9,16,24,33,39,55,63,74,78,97,110,117,123,125,126,130,173,175,179,180,185,187,220,231,235,260,274,285,320,343,348,349,364,368,374,376,380,389,419,473,483,503,504,505,506,507,508,509,510,511",0.000519349458887139,FALSE,40,0,0,0,58,40,18,0.689655172413793,1
"lasso.cv",40,500,0.33,"TRUE","TRUE","FALSE","18.2769880456386","9.27637935834986","9.00060868728878","5.786","1,2,3,4,5,6,7,8,9,16,18,22,24,30,32,58,60,70,78,102,109,110,113,117,129,132,142,159,163,171,187,188,190,210,214,220,230,231,234,257,262,264,284,315,339,353,362,364,379,383,395,397,412,418,423,445,451,452,466,472,474,502,503,504,505,506,507,508,509,510,511",0.000663041299648829,FALSE,53,0,0,0,71,53,18,0.746478873239437,1
"lasso.cv",41,500,0.33,"TRUE","TRUE","FALSE","17.8459831795569","9.24638541461313","8.59959776494381","7.455","1,2,3,4,5,6,7,8,9,15,22,50,61,74,77,99,103,120,144,145,158,167,195,198,214,232,239,254,260,281,294,324,329,331,344,398,402,423,432,455,462,483,503,504,505,506,507,508,509,510,511",0.000491498222447729,FALSE,33,0,0,0,51,33,18,0.647058823529412,1
"lasso.cv",42,500,0.33,"TRUE","TRUE","FALSE","17.274999905335","9.16670287440537","8.10829703092959","6.144","1,2,3,4,5,6,7,8,9,11,13,39,42,67,88,97,104,135,150,161,162,163,172,173,178,180,196,198,218,230,235,246,248,262,271,287,307,309,313,339,359,367,374,384,393,406,429,443,444,445,453,467,476,488,503,504,505,506,507,508,509,510,511,516",0.000539397387463841,FALSE,45,1,0,0,64,46,18,0.71875,1
"lasso.cv",43,500,0.33,"TRUE","TRUE","FALSE","18.1557458922651","9.15485056628177","9.00089532598331","6.03","1,2,3,4,5,6,7,8,9,12,19,27,35,41,42,45,47,49,82,90,93,98,105,116,131,145,159,161,162,166,175,178,190,202,209,212,222,233,236,240,248,249,252,257,258,259,276,278,294,301,323,334,347,355,367,372,373,399,409,413,414,420,430,446,478,483,487,488,497,498,503,504,505,506,507,508,509,510,511,517",0.000823487130877599,FALSE,61,1,0,0,80,62,18,0.775,1
"lasso.cv",44,500,0.33,"TRUE","TRUE","FALSE","18.0948856378529","9.10542958529935","8.98945605255351","5.619","1,2,3,4,5,6,7,8,9,14,17,30,36,37,39,40,41,43,72,77,83,112,116,118,126,131,162,185,188,190,227,230,238,253,258,290,298,316,319,322,324,331,342,344,345,355,357,374,375,398,400,401,431,453,466,496,498,503,504,505,506,507,508,509,510,511,512,513,515",0.000615364470671581,FALSE,48,3,0,0,69,51,18,0.739130434782609,1
"lasso.cv",45,500,0.33,"TRUE","TRUE","FALSE","18.1025657254824","9.10169490908289","9.0008708163995","5.33","1,2,3,4,5,6,7,8,9,18,21,27,41,44,51,68,77,78,90,100,113,123,132,148,154,157,160,161,164,165,179,183,191,202,207,208,214,223,239,256,281,289,292,315,353,361,395,405,413,420,425,436,437,485,496,503,504,505,506,507,508,509,510,511,515,516",0.000608538580432665,FALSE,46,2,0,0,66,48,18,0.727272727272727,1
"lasso.cv",46,500,0.33,"TRUE","TRUE","FALSE","17.4529062451679","9.20881849692387","8.24408774824399","6.462","1,2,3,4,5,6,7,8,9,10,47,51,72,75,130,132,148,162,174,195,202,207,245,255,262,287,292,304,313,317,331,334,341,343,362,371,377,380,395,438,439,457,479,503,504,505,506,507,508,509,510,511",0.000601898766757061,FALSE,34,0,0,0,52,34,18,0.653846153846154,1
"lasso.cv",47,500,0.33,"TRUE","TRUE","FALSE","18.2203746116445","9.26236344176315","8.95801116988134","6.594","1,2,3,4,5,6,7,8,9,14,24,28,29,31,34,47,49,52,55,68,71,83,94,95,98,124,142,144,167,172,188,190,194,198,211,235,239,248,250,257,268,285,301,309,315,324,327,329,347,349,358,364,391,407,417,420,441,444,463,468,490,495,497,503,504,505,506,507,508,509,510,511,517",0.000746973441010897,FALSE,54,1,0,0,73,55,18,0.753424657534247,1
"lasso.cv",48,500,0.33,"TRUE","TRUE","FALSE","18.2440999965127","9.24093514028511","9.00316485622755","6.227","1,2,3,4,5,6,7,8,9,11,15,16,18,35,45,61,68,72,78,87,101,103,141,148,164,165,167,197,214,223,225,248,274,307,317,320,323,345,351,362,364,368,383,393,397,398,400,408,415,427,434,438,452,459,465,477,492,503,504,505,506,507,508,509,510,511,512",0.000666089159438707,FALSE,48,1,0,0,67,49,18,0.73134328358209,1
"lasso.cv",49,500,0.33,"TRUE","TRUE","FALSE","18.0963050200726","9.11365771216632","8.98264730790629","5.762","1,2,3,4,5,6,7,8,9,16,24,26,30,35,43,70,73,78,86,98,101,107,111,129,142,163,176,202,216,221,222,230,260,269,290,295,300,318,344,365,369,374,391,432,440,451,457,460,470,472,475,476,477,503,504,505,506,507,508,509,510,511,514",0.000646714039575102,FALSE,44,1,0,0,63,45,18,0.714285714285714,1
"lasso.cv",5,500,0.33,"TRUE","TRUE","FALSE","18.0455571265403","9.10368277366351","8.94187435287678","5.685","1,2,3,4,5,6,7,8,9,18,22,23,36,47,58,78,85,97,103,121,124,139,148,160,163,175,176,185,192,193,202,215,223,232,234,240,258,287,288,290,298,300,303,309,310,323,324,326,343,353,364,366,393,399,407,414,428,431,436,471,503,504,505,506,507,508,509,510,511",0.000634568489578458,FALSE,51,0,0,0,69,51,18,0.739130434782609,1
"lasso.cv",50,500,0.33,"TRUE","TRUE","FALSE","18.424143592995","9.42143641318195","9.002707179813","6.819","1,2,3,4,5,6,7,8,9,16,21,29,34,36,82,85,102,105,127,132,166,177,178,190,195,196,208,211,215,250,254,256,264,278,279,280,281,293,304,313,323,330,353,358,361,363,365,370,394,396,398,411,419,443,445,448,450,451,454,457,462,464,468,477,479,483,496,503,504,505,506,507,508,509,510,511,513,514",0.00077872684446005,FALSE,58,2,0,0,78,60,18,0.769230769230769,1
"lasso.cv",51,500,0.33,"TRUE","TRUE","FALSE","18.1813089310101","9.18050178644791","9.00080714456216","6.02","1,2,3,4,5,6,7,8,9,22,29,30,33,44,55,75,86,88,91,100,107,118,122,125,129,132,156,170,174,195,196,249,250,258,260,262,265,266,273,285,290,292,299,300,322,326,345,348,353,359,371,383,387,416,424,426,427,430,436,438,443,487,503,504,505,506,507,508,509,510,511,514",0.000728086647381749,FALSE,53,1,0,0,72,54,18,0.75,1
"lasso.cv",52,500,0.33,"TRUE","TRUE","FALSE","18.1126629116085","9.11205439236806","9.0006085192404","5.487","1,2,3,4,5,6,7,8,9,18,46,61,68,74,76,78,87,132,144,146,164,193,198,202,203,204,205,210,212,216,225,241,262,265,276,281,290,300,314,322,323,329,342,344,362,379,400,419,426,429,445,463,464,465,469,475,477,482,488,491,496,497,503,504,505,506,507,508,509,510,511,514",0.000481329097340575,FALSE,53,1,0,0,72,54,18,0.75,1
"lasso.cv",53,500,0.33,"TRUE","TRUE","FALSE","18.1299556906283","9.13129396750776","8.99866172312054","5.667","1,2,3,4,5,6,7,8,9,14,15,18,28,49,62,63,82,91,130,131,145,146,158,160,199,208,213,222,249,264,276,285,306,318,338,342,346,348,355,362,377,384,390,397,398,401,402,415,435,437,441,444,467,471,472,474,476,477,503,504,505,506,507,508,509,510,511,514",0.000474791170398295,FALSE,49,1,0,0,68,50,18,0.735294117647059,1
"lasso.cv",54,500,0.33,"TRUE","TRUE","FALSE","18.1154424025662","9.09311429733581","9.02232810523036","5.489","1,2,3,4,5,6,7,8,9,22,25,36,39,60,69,93,104,111,120,141,145,155,160,191,201,202,218,228,240,248,255,287,307,320,347,349,353,364,374,402,420,441,447,475,480,503,504,505,506,507,508,509,510,511,513,515",0.000586577362127582,FALSE,36,2,0,0,56,38,18,0.678571428571429,1
"lasso.cv",55,500,0.33,"TRUE","TRUE","FALSE","17.915332960271","9.15313848841906","8.76219447185196","6.031","1,2,3,4,5,6,7,8,9,36,50,98,99,103,109,144,162,174,195,202,208,210,218,222,227,232,240,243,272,277,294,299,307,315,344,356,361,384,385,389,391,413,442,455,477,487,491,503,504,505,506,507,508,509,510,511,517",0.000519049164272164,FALSE,38,1,0,0,57,39,18,0.684210526315789,1
"lasso.cv",56,500,0.33,"TRUE","TRUE","FALSE","17.4488786678831","9.11913480064547","8.32974386723765","6.397","1,2,3,4,5,6,7,8,9,20,37,55,61,63,68,73,75,85,110,115,119,122,125,141,145,164,176,178,183,185,187,190,194,212,214,217,226,246,248,256,262,270,287,290,304,307,309,311,324,325,340,344,369,383,384,389,395,432,440,443,457,462,476,477,479,483,500,502,503,504,505,506,507,508,509,510,511,514",0.000674381048005196,FALSE,59,1,0,0,78,60,18,0.769230769230769,1
"lasso.cv",57,500,0.33,"TRUE","TRUE","FALSE","18.1393065105547","9.13843144297499","9.00087506757973","5.702","1,2,3,4,5,6,7,8,9,14,19,32,38,57,60,62,63,70,75,79,88,92,99,119,138,159,161,171,177,192,194,198,205,224,250,253,262,270,275,279,285,303,318,323,342,347,348,374,383,390,393,395,405,406,409,422,480,486,491,494,503,504,505,506,507,508,509,510,511,517",0.000608486779962932,FALSE,51,1,0,0,70,52,18,0.742857142857143,1
"lasso.cv",58,500,0.33,"TRUE","TRUE","FALSE","18.1585201459869","9.157886048331","9.00063409765591","5.83","1,2,3,4,5,6,7,8,9,18,23,31,52,55,59,88,103,114,165,194,205,208,236,242,258,273,282,290,314,324,325,329,345,348,371,379,383,397,400,410,412,418,427,443,452,461,483,487,488,489,492,503,504,505,506,507,508,509,510,511",0.000527980111638213,FALSE,42,0,0,0,60,42,18,0.7,1
"lasso.cv",59,500,0.33,"TRUE","TRUE","FALSE","18.3043549378986","9.45421811978571","8.85013681811288","7.342","1,2,3,4,5,6,7,8,9,20,28,40,43,44,47,49,61,70,80,82,89,99,112,127,135,146,155,162,168,173,175,178,201,216,221,225,230,232,233,265,267,278,280,284,288,327,355,369,383,388,402,407,420,427,434,440,449,452,457,460,462,475,482,491,497,500,503,504,505,506,507,508,509,510,511,514",0.000871004300536426,FALSE,57,1,0,0,76,58,18,0.763157894736842,1
"lasso.cv",6,500,0.33,"TRUE","TRUE","FALSE","18.1184205323762","9.12052634818222","8.99789418419394","5.477","1,2,3,4,5,6,7,8,9,16,18,52,64,66,111,113,114,125,131,136,152,169,174,198,208,212,219,242,245,255,268,274,304,337,338,339,355,356,394,413,422,435,440,454,457,469,472,503,504,505,506,507,508,509,510,511,517",0.00048283510791946,FALSE,38,1,0,0,57,39,18,0.684210526315789,1
"lasso.cv",60,500,0.33,"TRUE","TRUE","FALSE","18.0909725738321","9.09843293346917","8.9925396403629","5.428","1,2,3,4,5,6,7,8,9,10,22,25,36,41,43,45,53,66,67,82,83,90,100,112,118,149,167,175,177,202,211,213,226,230,245,252,278,280,283,307,322,331,338,344,348,350,358,377,384,406,409,420,433,441,457,463,468,480,494,497,499,500,503,504,505,506,507,508,509,510,511,514",0.000588291716046865,FALSE,53,1,0,0,72,54,18,0.75,1
"lasso.cv",61,500,0.33,"TRUE","TRUE","FALSE","18.1633789573571","9.1934665097047","8.96991244765239","5.998","1,2,3,4,5,6,7,8,9,12,26,30,34,42,44,48,49,68,70,75,88,90,106,111,116,123,135,152,161,167,178,181,190,196,210,215,216,223,241,249,259,278,283,295,324,329,338,345,353,355,357,362,374,383,386,400,402,419,435,436,479,493,498,503,504,505,506,507,508,509,510,511",0.00047592947067766,FALSE,54,0,0,0,72,54,18,0.75,1
"lasso.cv",62,500,0.33,"TRUE","TRUE","FALSE","18.1517279540152","9.15223824752856","8.99948970648669","5.74","1,2,3,4,5,6,7,8,9,16,20,44,50,55,66,72,77,99,102,112,130,134,139,145,153,191,198,212,214,216,220,242,244,247,250,262,267,280,291,303,316,342,363,376,377,389,424,446,457,459,477,488,494,497,503,504,505,506,507,508,509,510,511,512",0.000477560336561655,FALSE,45,1,0,0,64,46,18,0.71875,1
"lasso.cv",63,500,0.33,"TRUE","TRUE","FALSE","17.7988558998106","9.09602806022479","8.70282783958585","6.036","1,2,3,4,5,6,7,8,9,20,27,34,40,49,60,61,70,106,110,111,126,144,157,159,171,175,183,201,205,223,226,235,238,243,257,290,298,299,310,324,330,342,346,372,377,424,432,451,453,455,457,481,491,503,504,505,506,507,508,509,510,511",0.000518320921127847,FALSE,44,0,0,0,62,44,18,0.709677419354839,1
"lasso.cv",64,500,0.33,"TRUE","TRUE","FALSE","18.1563129742832","9.14762679877312","9.00868617551013","6.007","1,2,3,4,5,6,7,8,9,41,73,88,90,98,121,134,149,170,175,176,211,230,250,255,265,267,277,278,279,282,289,292,303,319,322,324,340,343,352,353,355,358,368,376,381,392,401,404,420,440,464,477,480,482,487,494,496,503,504,505,506,507,508,509,510,511,517",0.000416025447879557,FALSE,48,1,0,0,67,49,18,0.73134328358209,1
"lasso.cv",65,500,0.33,"TRUE","TRUE","FALSE","18.0985564168371","9.10272204530688","8.99583437153021","5.293","1,2,3,4,5,6,7,8,9,13,39,44,47,68,87,90,92,113,135,146,156,164,169,173,175,190,199,214,220,225,234,265,271,274,275,279,300,304,319,329,334,358,377,379,410,414,422,431,435,445,452,458,465,469,472,473,477,481,483,503,504,505,506,507,508,509,510,511,516",0.000569747299386446,FALSE,50,1,0,0,69,51,18,0.739130434782609,1
"lasso.cv",66,500,0.33,"TRUE","TRUE","FALSE","18.1292299463332","9.1281644114842","9.00106553484895","4.874","1,2,3,4,5,6,7,8,9,13,52,70,87,89,103,110,132,139,141,143,149,184,190,205,243,248,250,254,279,294,307,308,317,332,338,341,354,367,383,387,399,406,421,440,442,453,472,483,496,498,501,503,504,505,506,507,508,509,510,511",0.000399276686639068,FALSE,42,0,0,0,60,42,18,0.7,1
"lasso.cv",67,500,0.33,"TRUE","TRUE","FALSE","18.1302125372713","9.12894027624686","9.00127226102443","5.454","1,2,3,4,5,6,7,8,9,18,20,33,40,61,75,77,85,87,96,122,125,135,137,141,166,177,183,191,198,199,212,221,228,244,254,278,285,321,345,346,358,361,362,363,394,410,443,460,475,503,504,505,506,507,508,509,510,511,514",0.00035938343706726,FALSE,40,1,0,0,59,41,18,0.694915254237288,1
"lasso.cv",68,500,0.33,"TRUE","TRUE","FALSE","18.2875453607442","9.28672764143315","9.00081771931108","6.435","1,2,3,4,5,6,7,8,9,13,25,26,28,35,49,58,73,122,139,144,145,165,177,202,208,221,231,233,240,242,257,270,271,272,283,295,296,300,301,307,309,314,321,324,330,334,344,348,383,385,386,393,401,415,450,451,484,503,504,505,506,507,508,509,510,511,517",0.00049828854520137,FALSE,48,1,0,0,67,49,18,0.73134328358209,1
"lasso.cv",69,500,0.33,"TRUE","TRUE","FALSE","18.0977733112166","9.09588385145723","9.00188945975941","5.245","1,2,3,4,5,6,7,8,9,11,37,55,61,68,74,85,110,127,153,154,170,172,187,196,202,208,217,234,236,258,262,268,282,295,319,328,332,343,350,353,355,357,359,393,399,418,422,434,446,452,459,460,464,467,483,488,503,504,505,506,507,508,509,510,511,514",0.000583863649731227,FALSE,47,1,0,0,66,48,18,0.727272727272727,1
"lasso.cv",7,500,0.33,"TRUE","TRUE","FALSE","18.037780357125","9.12954347943385","8.90823687769111","5.933","1,2,3,4,5,6,7,8,9,12,25,33,34,44,48,60,61,72,100,111,118,127,132,145,149,190,192,222,223,228,240,241,244,279,298,313,314,322,331,378,383,390,416,419,422,455,463,464,468,472,478,481,488,494,503,504,505,506,507,508,509,510,511,514",0.000689507778033252,FALSE,45,1,0,0,64,46,18,0.71875,1
"lasso.cv",70,500,0.33,"TRUE","TRUE","FALSE","18.1182042035323","9.1311247863016","8.9870794172307","5.695","1,2,3,4,5,6,7,8,9,18,28,43,67,74,85,90,96,109,111,125,131,132,139,144,150,163,173,175,180,181,201,202,212,246,249,267,294,297,299,308,309,343,350,357,374,380,383,387,391,419,422,423,427,429,442,443,447,462,477,483,486,493,503,504,505,506,507,508,509,510,511,513",0.000597818860567226,FALSE,53,1,0,0,72,54,18,0.75,1
"lasso.cv",71,500,0.33,"TRUE","TRUE","FALSE","18.119701939421","9.12189985109","8.997802088331","5.284","1,2,3,4,5,6,7,8,9,10,15,27,34,36,42,74,78,84,101,103,115,118,131,148,149,173,196,214,222,225,244,247,262,272,317,341,361,372,389,390,395,404,414,460,475,476,480,483,487,497,500,503,504,505,506,507,508,509,510,511",0.000636390442831537,FALSE,42,0,0,0,60,42,18,0.7,1
"lasso.cv",72,500,0.33,"TRUE","TRUE","FALSE","18.1231911401965","9.12413995919432","8.99905118100218","5.164","1,2,3,4,5,6,7,8,9,18,20,29,36,60,70,88,100,110,111,130,135,142,152,163,166,174,177,183,189,230,232,237,265,285,290,295,321,369,371,374,375,379,395,425,430,432,435,443,463,473,475,501,503,504,505,506,507,508,509,510,511,514",0.000628600499879383,FALSE,43,1,0,0,62,44,18,0.709677419354839,1
"lasso.cv",73,500,0.33,"TRUE","TRUE","FALSE","18.1746074619886","9.17316995465255","9.00143750733606","6.025","1,2,3,4,5,6,7,8,9,11,39,51,81,82,87,132,141,157,167,198,209,210,222,226,234,236,239,264,265,305,332,364,392,397,414,444,451,474,478,483,488,489,491,503,504,505,506,507,508,509,510,511,515",0.000355756798687626,FALSE,34,1,0,0,53,35,18,0.660377358490566,1
"lasso.cv",74,500,0.33,"TRUE","TRUE","FALSE","18.1285595210702","9.12747557004516","9.00108395102501","5.585","1,2,3,4,5,6,7,8,9,13,23,29,33,43,61,64,68,72,82,84,101,134,145,146,162,164,209,210,219,244,255,258,260,322,328,343,354,383,388,389,390,391,394,402,430,433,434,442,457,475,476,479,486,497,503,504,505,506,507,508,509,510,511,514",0.000435432375644297,FALSE,45,1,0,0,64,46,18,0.71875,1
"lasso.cv",75,500,0.33,"TRUE","TRUE","FALSE","18.7449673128588","9.74621625879694","8.9987510540619","6.621","1,2,3,4,5,6,7,8,9,12,18,23,28,51,59,74,77,93,102,126,134,135,168,175,188,193,198,202,205,208,211,240,247,249,278,282,294,299,301,315,356,357,388,412,419,420,438,440,447,462,468,475,478,485,486,503,504,505,506,507,508,509,510,511",0.000408298966599498,FALSE,46,0,0,0,64,46,18,0.71875,1
"lasso.cv",76,500,0.33,"TRUE","TRUE","FALSE","17.4434333746996","9.21554156016426","8.22789181453538","6.538","1,2,3,4,5,6,7,8,9,19,31,36,37,66,67,68,69,74,82,104,139,148,165,174,178,193,194,225,235,238,243,265,292,296,318,323,324,333,347,353,359,361,363,374,379,395,397,422,423,427,447,461,464,472,477,483,488,503,504,505,506,507,508,509,510,511,512",0.000772221333843455,FALSE,48,1,0,0,67,49,18,0.73134328358209,1
"lasso.cv",77,500,0.33,"TRUE","TRUE","FALSE","18.2249931170606","9.32794173060691","8.89705138645367","6.731","1,2,3,4,5,6,7,8,9,10,13,31,32,39,44,46,47,55,90,93,104,116,123,152,178,187,210,213,244,247,256,278,303,305,313,322,325,327,328,355,361,381,401,406,423,430,450,471,477,484,494,499,503,504,505,506,507,508,509,510,511",0.00053204458700016,FALSE,43,0,0,0,61,43,18,0.704918032786885,1
"lasso.cv",78,500,0.33,"TRUE","TRUE","FALSE","18.1505279821681","9.14975104924933","9.00077693291878","5.542","1,2,3,4,5,6,7,8,9,11,28,36,42,61,68,85,101,112,118,122,125,137,146,161,180,185,186,193,195,214,220,226,238,247,250,262,263,273,275,306,308,312,316,321,325,348,357,366,375,382,392,393,397,400,406,445,482,486,491,503,504,505,506,507,508,509,510,511,515",0.000692449521107347,FALSE,50,1,0,0,69,51,18,0.739130434782609,1
"lasso.cv",79,500,0.33,"TRUE","TRUE","FALSE","18.135423602887","9.14050345466789","8.99492014821915","5.528","1,2,3,4,5,6,7,8,9,18,22,29,30,47,60,62,75,76,88,91,96,107,143,147,163,166,179,186,239,240,257,265,290,305,307,321,343,359,374,384,391,412,475,503,504,505,506,507,508,509,510,511",0.000403961495263194,FALSE,34,0,0,0,52,34,18,0.653846153846154,1
"lasso.cv",8,500,0.33,"TRUE","TRUE","FALSE","18.1389819598881","9.13853570972492","9.00044625016317","5.911","1,2,3,4,5,6,7,8,9,18,20,29,30,46,64,78,82,88,91,96,104,112,122,127,141,160,164,170,215,216,222,232,234,238,239,246,254,267,280,301,307,338,359,364,373,389,399,406,424,433,457,466,472,473,481,487,489,492,493,503,504,505,506,507,508,509,510,511",0.000586425444568428,FALSE,50,0,0,0,68,50,18,0.735294117647059,1
"lasso.cv",80,500,0.33,"TRUE","TRUE","FALSE","18.1212035068258","9.11823257844205","9.00297092838372","5.437","1,2,3,4,5,6,7,8,9,15,30,41,52,72,77,99,115,133,146,148,150,158,170,175,185,191,195,212,226,231,240,264,265,290,304,306,315,332,343,358,374,380,422,446,452,468,472,477,488,503,504,505,506,507,508,509,510,511,512,516",0.000395109343009004,FALSE,40,2,0,0,60,42,18,0.7,1
"lasso.cv",81,500,0.33,"TRUE","TRUE","FALSE","18.0965933563131","9.09603101121742","9.00056234509571","5.307","1,2,3,4,5,6,7,8,9,10,45,49,66,69,71,72,73,77,83,93,103,116,123,139,148,165,183,196,199,205,218,227,230,234,239,250,254,257,258,260,265,282,289,290,301,322,338,362,363,374,384,400,416,426,429,441,443,462,471,474,480,486,494,499,503,504,505,506,507,508,509,510,511",0.000483835552982534,FALSE,55,0,0,0,73,55,18,0.753424657534247,1
"lasso.cv",82,500,0.33,"TRUE","TRUE","FALSE","18.2277507054326","9.22685504964409","9.00089565578848","6.586","1,2,3,4,5,6,7,8,9,12,14,19,38,48,53,55,68,72,74,94,95,100,103,106,109,123,129,145,156,163,165,190,211,218,239,253,256,257,258,262,271,290,294,318,322,325,337,341,347,349,350,384,398,400,401,405,432,436,439,443,445,455,460,472,483,494,503,504,505,506,507,508,509,510,511",0.000790202508799144,FALSE,57,0,0,0,75,57,18,0.76,1
"lasso.cv",83,500,0.33,"TRUE","TRUE","FALSE","18.1108813353804","9.1101004327518","9.00078090262857","5.698","1,2,3,4,5,6,7,8,9,20,41,50,56,88,92,105,115,141,151,161,168,187,194,202,212,223,227,234,244,253,263,264,274,278,293,302,306,313,323,327,329,356,358,386,395,399,408,415,417,419,440,443,445,449,460,481,489,503,504,505,506,507,508,509,510,511,514",0.000738921783617823,FALSE,48,1,0,0,67,49,18,0.73134328358209,1
"lasso.cv",84,500,0.33,"TRUE","TRUE","FALSE","18.1419293533026","9.16509994366041","8.97682940964219","5.839","1,2,3,4,5,6,7,8,9,18,30,31,64,118,127,129,145,146,147,152,164,181,192,195,208,211,213,226,240,246,262,281,284,289,309,314,327,338,386,393,406,419,425,446,451,478,483,503,504,505,506,507,508,509,510,511,516",0.00054677974312279,FALSE,38,1,0,0,57,39,18,0.684210526315789,1
"lasso.cv",85,500,0.33,"TRUE","TRUE","FALSE","18.024259069505","9.12466669370064","8.89959237580436","6.04","1,2,3,4,5,6,7,8,9,11,14,15,16,19,52,61,63,72,74,82,87,98,100,101,131,132,160,164,173,182,183,196,205,225,243,246,250,258,277,291,304,358,363,364,375,389,394,401,406,430,446,462,463,474,482,488,491,503,504,505,506,507,508,509,510,511,515",0.000678204192604401,FALSE,48,1,0,0,67,49,18,0.73134328358209,1
"lasso.cv",86,500,0.33,"TRUE","TRUE","FALSE","17.5686916280815","9.13516388948132","8.43352773860019","6.602","1,2,3,4,5,6,7,8,9,11,25,28,41,42,87,88,95,103,144,153,162,164,167,168,173,188,196,202,213,231,242,249,251,254,284,293,300,333,353,395,396,401,403,409,419,420,451,469,472,478,482,487,497,503,504,505,506,507,508,509,510,511",0.000514794601510754,FALSE,44,0,0,0,62,44,18,0.709677419354839,1
"lasso.cv",87,500,0.33,"TRUE","TRUE","FALSE","17.8552416846335","9.15829828935873","8.69694339527477","6.207","1,2,3,4,5,6,7,8,9,22,23,42,43,47,52,57,70,104,109,113,125,131,146,152,165,167,170,181,185,214,225,231,253,257,270,280,294,301,324,325,334,372,390,398,417,430,435,451,452,471,483,488,503,504,505,506,507,508,509,510,511",0.000499125592741098,FALSE,43,0,0,0,61,43,18,0.704918032786885,1
"lasso.cv",88,500,0.33,"TRUE","TRUE","FALSE","18.1696251306463","9.16947335787769","9.00015177276862","5.719","1,2,3,4,5,6,7,8,9,21,27,29,37,42,47,52,59,75,88,103,111,130,131,139,162,169,174,175,178,190,191,193,196,202,214,227,264,267,278,300,302,304,323,328,336,342,366,385,388,392,409,419,432,440,452,457,460,473,474,480,497,498,503,504,505,506,507,508,509,510,511",0.000566026562215874,FALSE,53,0,0,0,71,53,18,0.746478873239437,1
"lasso.cv",89,500,0.33,"TRUE","TRUE","FALSE","18.0855906296463","9.09190840903129","8.99368222061497","5.346","1,2,3,4,5,6,7,8,9,17,31,49,73,80,83,85,94,104,105,109,125,135,139,158,185,207,222,225,231,255,258,265,278,283,294,319,323,324,329,333,344,346,362,391,395,408,414,433,438,442,460,462,485,496,503,504,505,506,507,508,509,510,511,515",0.000668446008807135,FALSE,45,1,0,0,64,46,18,0.71875,1
"lasso.cv",9,500,0.33,"TRUE","TRUE","FALSE","18.0966534551451","9.10351107304038","8.99314238210469","5.409","1,2,3,4,5,6,7,8,9,11,13,20,30,68,70,73,78,82,94,105,123,131,139,157,159,175,205,206,215,228,234,250,262,285,292,296,304,311,318,329,330,349,353,362,364,373,379,389,395,403,429,436,460,464,466,469,472,476,481,483,503,504,505,506,507,508,509,510,511",0.000439670787467453,FALSE,51,0,0,0,69,51,18,0.739130434782609,1
"lasso.cv",90,500,0.33,"TRUE","TRUE","FALSE","18.1737623108179","9.19359182506172","8.98017048575619","6.05","1,2,3,4,5,6,7,8,9,77,84,95,130,131,132,136,140,147,149,162,175,198,200,224,240,258,261,264,283,290,303,327,337,339,361,369,419,426,433,436,445,447,448,449,453,466,477,503,504,505,506,507,508,509,510,511,515",0.000438183548896432,FALSE,38,1,0,0,57,39,18,0.684210526315789,1
"lasso.cv",91,500,0.33,"TRUE","TRUE","FALSE","18.161446783005","9.16077381883048","9.00067296417449","5.905","1,2,3,4,5,6,7,8,9,18,30,39,64,72,80,83,88,123,124,125,132,190,194,195,198,222,228,242,255,267,286,290,292,294,298,302,319,326,341,349,357,361,383,385,386,393,395,397,401,403,409,410,416,420,424,447,453,469,483,496,503,504,505,506,507,508,509,510,511",0.000734904737216588,FALSE,51,0,0,0,69,51,18,0.739130434782609,1
"lasso.cv",92,500,0.33,"TRUE","TRUE","FALSE","17.7162816121316","9.12801078092959","8.58827083120197","6.483","1,2,3,4,5,6,7,8,9,17,31,36,68,77,98,100,101,104,120,125,138,147,160,173,178,196,207,209,210,232,236,244,252,256,267,276,279,282,290,291,295,299,308,325,331,340,344,357,379,380,390,398,404,412,421,426,447,453,456,460,471,480,481,488,499,502,503,504,505,506,507,508,509,510,511,513",0.000764959206185686,FALSE,57,1,0,0,76,58,18,0.763157894736842,1
"lasso.cv",93,500,0.33,"TRUE","TRUE","FALSE","17.7575026550616","9.15106447784633","8.60643817721528","6.768","1,2,3,4,5,6,7,8,9,13,36,51,61,62,67,75,88,97,105,112,120,125,131,141,152,175,176,187,208,230,231,245,249,250,254,279,280,288,290,299,308,314,323,324,327,330,340,369,370,374,381,384,390,397,398,407,410,417,420,426,442,446,452,455,462,472,483,503,504,505,506,507,508,509,510,511",0.000772779887555763,FALSE,58,0,0,0,76,58,18,0.763157894736842,1
"lasso.cv",94,500,0.33,"TRUE","TRUE","FALSE","18.1029615776184","9.10180834427599","9.00115323334243","5.277","1,2,3,4,5,6,7,8,9,21,29,35,37,41,47,60,66,68,73,74,78,92,105,108,128,129,139,142,153,171,177,191,198,212,214,215,234,246,260,310,314,315,321,334,339,349,361,372,378,390,391,408,436,441,442,472,479,480,503,504,505,506,507,508,509,510,511,515,517",0.000488532307859414,FALSE,49,2,0,0,69,51,18,0.739130434782609,1
"lasso.cv",95,500,0.33,"TRUE","TRUE","FALSE","18.1448538880853","9.14327370265372","9.00158018543155","5.982","1,2,3,4,5,6,7,8,9,11,27,53,86,90,104,116,139,150,153,176,202,227,247,248,257,274,288,290,294,303,307,327,331,347,351,353,356,365,387,401,407,408,421,441,445,452,473,503,504,505,506,507,508,509,510,511,517",0.000418044733555944,FALSE,38,1,0,0,57,39,18,0.684210526315789,1
"lasso.cv",96,500,0.33,"TRUE","TRUE","FALSE","18.1487962774349","9.14805761853668","9.00073865889817","5.431","1,2,3,4,5,6,7,8,9,18,19,37,60,96,103,131,150,154,158,163,214,216,224,248,275,282,292,295,307,349,353,362,365,371,397,415,420,429,435,443,452,483,496,497,503,504,505,506,507,508,509,510,511,515",0.00059133854366203,FALSE,35,1,0,0,54,36,18,0.666666666666667,1
"lasso.cv",97,500,0.33,"TRUE","TRUE","FALSE","18.1199481013222","9.11925820649746","9.00068989482478","5.501","1,2,3,4,5,6,7,8,9,29,55,60,85,102,104,114,119,132,157,170,173,186,196,218,223,226,228,235,236,245,258,264,268,278,285,296,304,310,318,327,340,347,348,353,358,374,379,388,420,429,430,440,442,446,456,460,476,483,498,499,503,504,505,506,507,508,509,510,511,514,515",0.000398879596694009,FALSE,51,2,0,0,71,53,18,0.746478873239437,1
"lasso.cv",98,500,0.33,"TRUE","TRUE","FALSE","18.1247081667589","9.12340258718281","9.00130557957605","5.582","1,2,3,4,5,6,7,8,9,12,13,16,20,22,30,60,67,72,78,87,140,152,176,181,183,192,199,211,248,255,267,270,272,278,288,290,309,329,354,397,403,418,457,481,485,500,503,504,505,506,507,508,509,510,511,515",0.000419540442847946,FALSE,37,1,0,0,56,38,18,0.678571428571429,1
"lasso.cv",99,500,0.33,"TRUE","TRUE","FALSE","18.1545082030169","9.27804881471313","8.87645938830373","6.974","1,2,3,4,5,6,7,8,9,10,36,38,55,62,76,100,103,111,130,139,142,148,152,154,170,182,202,208,220,227,244,254,265,295,299,321,363,376,389,402,420,427,428,477,502,503,504,505,506,507,508,509,510,511,512,513,517",0.000439870349527396,FALSE,36,3,0,0,57,39,18,0.684210526315789,1
"S.A",1,500,0.33,"TRUE","TRUE","FALSE","17.4232087212397","9.23856427984516","8.18464444139452","6.346","1,2,3,4,5,6,7,8,9,504,505,506,507,508,509,510,511",0.000400914861643736,FALSE,0,0,0,1,17,0,17,0,0.944444444444444
"S.A",10,500,0.33,"TRUE","TRUE","FALSE","17.3713466552239","9.12838416655929","8.24296248866456","6.573","1,2,3,4,5,6,7,8,9,504,505,506,507,508,509,510,511",0.000361291188564877,FALSE,0,0,0,1,17,0,17,0,0.944444444444444
"S.A",100,500,0.33,"TRUE","TRUE","FALSE","17.8959137027344","9.11784840370372","8.77806529903066","6.297","1,2,3,4,5,6,7,8,9,503,504,505,506,507,508,509,510,511",0.000172375879678157,TRUE,0,0,0,0,18,0,18,0,1
"S.A",11,500,0.33,"TRUE","TRUE","FALSE","18.6382886426008","9.61070824109761","9.02758040150315","6.676","1,2,3,4,5,6,7,8,9,411,503,504,505,506,507,508,509,510,511",0.000271897604424954,FALSE,1,0,0,0,19,1,18,0.0526315789473684,1
"S.A",12,500,0.33,"TRUE","TRUE","FALSE","18.2276559160607","9.33683396796845","8.89082194809223","6.649","1,2,3,4,5,6,7,8,9,503,504,505,506,507,508,509,510,511",0.000106773430925725,TRUE,0,0,0,0,18,0,18,0,1
"S.A",13,500,0.33,"TRUE","TRUE","FALSE","18.1198471727232","9.11926292176424","9.00058425095898","5.623","1,2,3,4,5,6,7,8,9,503,504,505,506,507,508,509,510,511",0.000166495788391601,TRUE,0,0,0,0,18,0,18,0,1
"S.A",14,500,0.33,"TRUE","TRUE","FALSE","18.1636954418335","9.16104236954103","9.00265307229252","5.853","1,2,3,4,5,6,7,8,9,503,504,505,506,507,508,509,510,511",0.000188354472793244,TRUE,0,0,0,0,18,0,18,0,1
"S.A",15,500,0.33,"TRUE","TRUE","FALSE","18.3668863009821","9.36862851156332","8.99825778941882","6.619","1,2,3,4,5,6,7,8,9,503,504,505,506,507,508,509,510,511",0.00015184045784214,TRUE,0,0,0,0,18,0,18,0,1
"S.A",16,500,0.33,"TRUE","TRUE","FALSE","18.1179495385403","9.14577448551662","8.97217505302366","5.815","1,2,3,4,5,6,7,8,9,503,504,505,506,507,508,509,510,511",6.02636188575941e-05,TRUE,0,0,0,0,18,0,18,0,1
"S.A",17,500,0.33,"TRUE","TRUE","FALSE","18.2085145124014","9.2152988038335","8.9932157085679","5.984","1,2,3,4,5,6,7,8,9,503,504,505,506,507,508,509,510,511",0.00013254548742872,TRUE,0,0,0,0,18,0,18,0,1
"S.A",18,500,0.33,"TRUE","TRUE","FALSE","18.1935178555963","9.21198604014662","8.98153181544969","6.347","1,2,3,4,5,6,7,8,9,503,504,505,506,507,508,509,510,511",0.000124902818734961,TRUE,0,0,0,0,18,0,18,0,1
"S.A",19,500,0.33,"TRUE","TRUE","FALSE","17.8276711344319","9.1808990608149","8.64677207361697","7.826","1,2,3,4,5,6,7,8,9,503,504,505,506,507,508,509,510,511",8.98999998506182e-05,TRUE,0,0,0,0,18,0,18,0,1
"S.A",2,500,0.33,"TRUE","TRUE","FALSE","17.3177856972004","9.19969494863605","8.11809074856438","6.572","1,2,3,4,5,6,7,8,9,504,505,506,507,508,509,510,511",0.000390145454652684,FALSE,0,0,0,1,17,0,17,0,0.944444444444444
"S.A",20,500,0.33,"TRUE","TRUE","FALSE","18.1560310083907","9.15528757692338","9.00074343146737","5.968","1,2,3,4,5,6,7,8,9,503,504,505,506,507,508,509,510,511",6.04838693166559e-05,TRUE,0,0,0,0,18,0,18,0,1
"S.A",21,500,0.33,"TRUE","TRUE","FALSE","18.1385271730247","9.14000148944342","8.99852568358128","5.604","1,2,3,4,5,6,7,8,9,503,504,505,506,507,508,509,510,511",0.000129079461834254,TRUE,0,0,0,0,18,0,18,0,1
"S.A",22,500,0.33,"TRUE","TRUE","FALSE","18.1052402142527","9.19491339398044","8.91032682027225","6.165","1,2,3,4,5,6,7,8,9,503,504,505,506,507,508,509,510,511",0.000128944341541567,TRUE,0,0,0,0,18,0,18,0,1
"S.A",23,500,0.33,"TRUE","TRUE","FALSE","18.1483347564617","9.14755364860161","9.00078110786013","5.65","1,2,3,4,5,6,7,8,9,503,504,505,506,507,508,509,510,511",0.000222217743796063,TRUE,0,0,0,0,18,0,18,0,1
"S.A",24,500,0.33,"TRUE","TRUE","FALSE","18.2029536791712","9.2022496324202","9.00070404675105","6.111","1,2,3,4,5,6,7,8,9,503,504,505,506,507,508,509,510,511",0.000183238799136116,TRUE,0,0,0,0,18,0,18,0,1
"S.A",25,500,0.33,"TRUE","TRUE","FALSE","18.1322655448645","9.13684479897923","8.99542074588529","5.473","1,2,3,4,5,6,7,8,9,503,504,505,506,507,508,509,510,511",0.000150293075792903,TRUE,0,0,0,0,18,0,18,0,1
"S.A",26,500,0.33,"TRUE","TRUE","FALSE","17.8205744189917","9.10795837990989","8.71261603908184","6.11","1,2,3,4,5,6,7,8,9,503,504,505,506,507,508,509,510,511",0.000168556220292226,TRUE,0,0,0,0,18,0,18,0,1
"S.A",27,500,0.33,"TRUE","TRUE","FALSE","18.0502780616466","9.12428126228551","8.92599679936113","5.937","1,2,3,4,5,6,7,8,9,503,504,505,506,507,508,509,510,511",0.000129333496379612,TRUE,0,0,0,0,18,0,18,0,1
"S.A",28,500,0.33,"TRUE","TRUE","FALSE","18.1448097792891","9.15823128193824","8.98657849735083","5.952","1,2,3,4,5,6,7,8,9,503,504,505,506,507,508,509,510,511",0.000252608218729476,TRUE,0,0,0,0,18,0,18,0,1
"S.A",29,500,0.33,"TRUE","TRUE","FALSE","18.0640042294726","9.19663410703677","8.86737012243579","6.262","1,2,3,4,5,6,7,8,9,503,504,505,506,507,508,509,510,511",0.000173870760251172,TRUE,0,0,0,0,18,0,18,0,1
"S.A",3,500,0.33,"TRUE","TRUE","FALSE","18.1099885724221","9.10931963192043","9.00066894050168","5.466","1,2,3,4,5,6,7,8,9,503,504,505,506,507,508,509,510,511",4.66686121295744e-05,TRUE,0,0,0,0,18,0,18,0,1
"S.A",30,500,0.33,"TRUE","TRUE","FALSE","18.1364796591587","9.13590149223608","9.00057816692262","5.72","1,2,3,4,5,6,7,8,9,503,504,505,506,507,508,509,510,511",0.000153315149117865,TRUE,0,0,0,0,18,0,18,0,1
"S.A",31,500,0.33,"TRUE","TRUE","FALSE","18.0844243367291","9.13233209442491","8.95209224230417","5.712","1,2,3,4,5,6,7,8,9,503,504,505,506,507,508,509,510,511",0.000160629562098824,TRUE,0,0,0,0,18,0,18,0,1
"S.A",32,500,0.33,"TRUE","TRUE","FALSE","18.2017300005094","9.20062977672902","9.00110022378036","6.163","1,2,3,4,5,6,7,8,9,503,504,505,506,507,508,509,510,511",7.36088329836317e-05,TRUE,0,0,0,0,18,0,18,0,1
"S.A",33,500,0.33,"TRUE","TRUE","FALSE","18.1437100829421","9.13885053371836","9.00485954922375","5.974","1,2,3,4,5,6,7,8,9,503,504,505,506,507,508,509,510,511",0.000115929702786903,TRUE,0,0,0,0,18,0,18,0,1
"S.A",34,500,0.33,"TRUE","TRUE","FALSE","18.1170076397902","9.11731019909196","8.99969744069827","5.907","1,2,3,4,5,6,7,8,9,503,504,505,506,507,508,509,510,511",8.82464663473309e-05,TRUE,0,0,0,0,18,0,18,0,1
"S.A",35,500,0.33,"TRUE","TRUE","FALSE","18.1499548721692","9.14906567692577","9.00088919524347","5.723","1,2,3,4,5,6,7,8,9,503,504,505,506,507,508,509,510,511",0.000166982410320805,TRUE,0,0,0,0,18,0,18,0,1
"S.A",36,500,0.33,"TRUE","TRUE","FALSE","18.1460821529275","9.14532053288429","9.00076162004319","5.648","1,2,3,4,5,6,7,8,9,503,504,505,506,507,508,509,510,511",0.000152063856587835,TRUE,0,0,0,0,18,0,18,0,1
"S.A",37,500,0.33,"TRUE","TRUE","FALSE","18.0947937353121","9.0943054551967","9.00048828011543","5.633","1,2,3,4,5,6,7,8,9,503,504,505,506,507,508,509,510,511",0.000116460972117254,TRUE,0,0,0,0,18,0,18,0,1
"S.A",38,500,0.33,"TRUE","TRUE","FALSE","18.1904276659064","9.18965908319359","9.00076858271285","6.072","1,2,3,4,5,6,7,8,9,503,504,505,506,507,508,509,510,511",0.000139068528962496,TRUE,0,0,0,0,18,0,18,0,1
"S.A",39,500,0.33,"TRUE","TRUE","FALSE","18.0955282230268","9.09486180445344","9.00066641857339","5.67","1,2,3,4,5,6,7,8,9,503,504,505,506,507,508,509,510,511",0.000308057388767669,TRUE,0,0,0,0,18,0,18,0,1
"S.A",4,500,0.33,"TRUE","TRUE","FALSE","18.1102891725026","9.12938628297699","8.98090288952563","5.724","1,2,3,4,5,6,7,8,9,503,504,505,506,507,508,509,510,511",0.000130289875508607,TRUE,0,0,0,0,18,0,18,0,1
"S.A",40,500,0.33,"TRUE","TRUE","FALSE","18.2769880456386","9.27637935834986","9.00060868728878","5.786","1,2,3,4,5,6,7,8,9,503,504,505,506,507,508,509,510,511",0.000130638018924517,TRUE,0,0,0,0,18,0,18,0,1
"S.A",41,500,0.33,"TRUE","TRUE","FALSE","17.8459831795569","9.24638541461313","8.59959776494381","7.455","1,2,3,4,5,6,7,8,9,503,504,505,506,507,508,509,510,511",0.000126773516142945,TRUE,0,0,0,0,18,0,18,0,1
"S.A",42,500,0.33,"TRUE","TRUE","FALSE","17.274999905335","9.16670287440537","8.10829703092959","6.144","1,2,3,4,5,6,7,8,9,504,505,506,507,508,509,510,511",0.000342029144247837,FALSE,0,0,0,1,17,0,17,0,0.944444444444444
"S.A",43,500,0.33,"TRUE","TRUE","FALSE","18.1557458922651","9.15485056628177","9.00089532598331","6.03","1,2,3,4,5,6,7,8,9,503,504,505,506,507,508,509,510,511",0.00018930785098756,TRUE,0,0,0,0,18,0,18,0,1
"S.A",44,500,0.33,"TRUE","TRUE","FALSE","18.0948856378529","9.10542958529935","8.98945605255351","5.619","1,2,3,4,5,6,7,8,9,503,504,505,506,507,508,509,510,511",0.000102312794121454,TRUE,0,0,0,0,18,0,18,0,1
"S.A",45,500,0.33,"TRUE","TRUE","FALSE","18.1025657254824","9.10169490908289","9.0008708163995","5.33","1,2,3,4,5,6,7,8,9,503,504,505,506,507,508,509,510,511",9.29783605173351e-05,TRUE,0,0,0,0,18,0,18,0,1
"S.A",46,500,0.33,"TRUE","TRUE","FALSE","17.4529062451679","9.20881849692387","8.24408774824399","6.462","1,2,3,4,5,6,7,8,9,504,505,506,507,508,509,510,511",0.000433097964090806,FALSE,0,0,0,1,17,0,17,0,0.944444444444444
"S.A",47,500,0.33,"TRUE","TRUE","FALSE","18.2203746116445","9.26236344176315","8.95801116988134","6.594","1,2,3,4,5,6,7,8,9,503,504,505,506,507,508,509,510,511",0.000134993822641408,TRUE,0,0,0,0,18,0,18,0,1
"S.A",48,500,0.33,"TRUE","TRUE","FALSE","18.2440999965127","9.24093514028511","9.00316485622755","6.227","1,2,3,4,5,6,7,8,9,503,504,505,506,507,508,509,510,511",9.29609503132245e-05,TRUE,0,0,0,0,18,0,18,0,1
"S.A",49,500,0.33,"TRUE","TRUE","FALSE","18.0963050200726","9.11365771216632","8.98264730790629","5.762","1,2,3,4,5,6,7,8,9,503,504,505,506,507,508,509,510,511",0.000173732480425284,TRUE,0,0,0,0,18,0,18,0,1
"S.A",5,500,0.33,"TRUE","TRUE","FALSE","18.0455571265403","9.10368277366351","8.94187435287678","5.685","1,2,3,4,5,6,7,8,9,503,504,505,506,507,508,509,510,511",0.000220605943803772,TRUE,0,0,0,0,18,0,18,0,1
"S.A",50,500,0.33,"TRUE","TRUE","FALSE","18.424143592995","9.42143641318195","9.002707179813","6.819","1,2,3,4,5,6,7,8,9,503,504,505,506,507,508,509,510,511",0.00012547327085359,TRUE,0,0,0,0,18,0,18,0,1
"S.A",51,500,0.33,"TRUE","TRUE","FALSE","18.1813089310101","9.18050178644791","9.00080714456216","6.02","1,2,3,4,5,6,7,8,9,503,504,505,506,507,508,509,510,511",0.000150245026316734,TRUE,0,0,0,0,18,0,18,0,1
"S.A",52,500,0.33,"TRUE","TRUE","FALSE","18.1126629116085","9.11205439236806","9.0006085192404","5.487","1,2,3,4,5,6,7,8,9,503,504,505,506,507,508,509,510,511",0.000105470138541568,TRUE,0,0,0,0,18,0,18,0,1
"S.A",53,500,0.33,"TRUE","TRUE","FALSE","18.1299556906283","9.13129396750776","8.99866172312054","5.667","1,2,3,4,5,6,7,8,9,503,504,505,506,507,508,509,510,511",0.000150571915383637,TRUE,0,0,0,0,18,0,18,0,1
"S.A",54,500,0.33,"TRUE","TRUE","FALSE","18.1154424025662","9.09311429733581","9.02232810523036","5.489","1,2,3,4,5,6,7,8,9,503,504,505,506,507,508,509,510,511",0.000120232672293406,TRUE,0,0,0,0,18,0,18,0,1
"S.A",55,500,0.33,"TRUE","TRUE","FALSE","17.915332960271","9.15313848841906","8.76219447185196","6.031","1,2,3,4,5,6,7,8,9,503,504,505,506,507,508,509,510,511",7.52708734621761e-05,TRUE,0,0,0,0,18,0,18,0,1
"S.A",56,500,0.33,"TRUE","TRUE","FALSE","17.4488786678831","9.11913480064547","8.32974386723765","6.397","1,2,3,4,5,6,7,8,9,504,505,506,507,508,509,510,511",0.000323918506631299,FALSE,0,0,0,1,17,0,17,0,0.944444444444444
"S.A",57,500,0.33,"TRUE","TRUE","FALSE","18.1393065105547","9.13843144297499","9.00087506757973","5.702","1,2,3,4,5,6,7,8,9,503,504,505,506,507,508,509,510,511",0.000208814573491879,TRUE,0,0,0,0,18,0,18,0,1
"S.A",58,500,0.33,"TRUE","TRUE","FALSE","18.1585201459869","9.157886048331","9.00063409765591","5.83","1,2,3,4,5,6,7,8,9,503,504,505,506,507,508,509,510,511",5.67882989996833e-05,TRUE,0,0,0,0,18,0,18,0,1
"S.A",59,500,0.33,"TRUE","TRUE","FALSE","18.3043549378986","9.45421811978571","8.85013681811288","7.342","1,2,3,4,5,6,7,8,9,503,504,505,506,507,508,509,510,511",0.000130536951354762,TRUE,0,0,0,0,18,0,18,0,1
"S.A",6,500,0.33,"TRUE","TRUE","FALSE","18.1184205323762","9.12052634818222","8.99789418419394","5.477","1,2,3,4,5,6,7,8,9,503,504,505,506,507,508,509,510,511",0.000154350442429298,TRUE,0,0,0,0,18,0,18,0,1
"S.A",60,500,0.33,"TRUE","TRUE","FALSE","18.0909725738321","9.09843293346917","8.9925396403629","5.428","1,2,3,4,5,6,7,8,9,503,504,505,506,507,508,509,510,511",0.000109257258471523,TRUE,0,0,0,0,18,0,18,0,1
"S.A",61,500,0.33,"TRUE","TRUE","FALSE","18.1633789573571","9.1934665097047","8.96991244765239","5.998","1,2,3,4,5,6,7,8,9,503,504,505,506,507,508,509,510,511",9.18662252175733e-05,TRUE,0,0,0,0,18,0,18,0,1
"S.A",62,500,0.33,"TRUE","TRUE","FALSE","18.1517279540152","9.15223824752856","8.99948970648669","5.74","1,2,3,4,5,6,7,8,9,503,504,505,506,507,508,509,510,511",8.32861541490346e-05,TRUE,0,0,0,0,18,0,18,0,1
"S.A",63,500,0.33,"TRUE","TRUE","FALSE","17.7988558998106","9.09602806022479","8.70282783958585","6.036","1,2,3,4,5,6,7,8,9,503,504,505,506,507,508,509,510,511",0.000154512907179176,TRUE,0,0,0,0,18,0,18,0,1
"S.A",64,500,0.33,"TRUE","TRUE","FALSE","18.1563129742832","9.14762679877312","9.00868617551013","6.007","1,2,3,4,5,6,7,8,9,503,504,505,506,507,508,509,510,511",0.000102332729266084,TRUE,0,0,0,0,18,0,18,0,1
"S.A",65,500,0.33,"TRUE","TRUE","FALSE","18.0985564168371","9.10272204530688","8.99583437153021","5.293","1,2,3,4,5,6,7,8,9,503,504,505,506,507,508,509,510,511",0.00015447671008325,TRUE,0,0,0,0,18,0,18,0,1
"S.A",66,500,0.33,"TRUE","TRUE","FALSE","18.1292299463332","9.1281644114842","9.00106553484895","4.874","1,2,3,4,5,6,7,8,9,503,504,505,506,507,508,509,510,511",0.000140789305662149,TRUE,0,0,0,0,18,0,18,0,1
"S.A",67,500,0.33,"TRUE","TRUE","FALSE","18.1302125372713","9.12894027624686","9.00127226102443","5.454","1,2,3,4,5,6,7,8,9,503,504,505,506,507,508,509,510,511",7.0173559077472e-05,TRUE,0,0,0,0,18,0,18,0,1
"S.A",68,500,0.33,"TRUE","TRUE","FALSE","18.2875453607442","9.28672764143315","9.00081771931108","6.435","1,2,3,4,5,6,7,8,9,503,504,505,506,507,508,509,510,511",8.52742736342638e-05,TRUE,0,0,0,0,18,0,18,0,1
"S.A",69,500,0.33,"TRUE","TRUE","FALSE","18.0977733112166","9.09588385145723","9.00188945975941","5.245","1,2,3,4,5,6,7,8,9,503,504,505,506,507,508,509,510,511",0.000196475609798793,TRUE,0,0,0,0,18,0,18,0,1
"S.A",7,500,0.33,"TRUE","TRUE","FALSE","18.037780357125","9.12954347943385","8.90823687769111","5.933","1,2,3,4,5,6,7,8,9,503,504,505,506,507,508,509,510,511",0.000101806053986605,TRUE,0,0,0,0,18,0,18,0,1
"S.A",70,500,0.33,"TRUE","TRUE","FALSE","18.1182042035323","9.1311247863016","8.9870794172307","5.695","1,2,3,4,5,6,7,8,9,503,504,505,506,507,508,509,510,511",0.000114999808846369,TRUE,0,0,0,0,18,0,18,0,1
"S.A",71,500,0.33,"TRUE","TRUE","FALSE","18.119701939421","9.12189985109","8.997802088331","5.284","1,2,3,4,5,6,7,8,9,503,504,505,506,507,508,509,510,511",8.51291349260748e-05,TRUE,0,0,0,0,18,0,18,0,1
"S.A",72,500,0.33,"TRUE","TRUE","FALSE","18.1231911401965","9.12413995919432","8.99905118100218","5.164","1,2,3,4,5,6,7,8,9,503,504,505,506,507,508,509,510,511",0.000164113570678709,TRUE,0,0,0,0,18,0,18,0,1
"S.A",73,500,0.33,"TRUE","TRUE","FALSE","18.1746074619886","9.17316995465255","9.00143750733606","6.025","1,2,3,4,5,6,7,8,9,503,504,505,506,507,508,509,510,511",9.20769818212615e-05,TRUE,0,0,0,0,18,0,18,0,1
"S.A",74,500,0.33,"TRUE","TRUE","FALSE","18.1285595210702","9.12747557004516","9.00108395102501","5.585","1,2,3,4,5,6,7,8,9,503,504,505,506,507,508,509,510,511",6.45412276448576e-05,TRUE,0,0,0,0,18,0,18,0,1
"S.A",75,500,0.33,"TRUE","TRUE","FALSE","18.7449673128588","9.74621625879694","8.9987510540619","6.621","1,2,3,4,5,6,7,8,9,301,503,504,505,506,507,508,509,510,511",0.000253469109821024,FALSE,1,0,0,0,19,1,18,0.0526315789473684,1
"S.A",76,500,0.33,"TRUE","TRUE","FALSE","17.4434333746996","9.21554156016426","8.22789181453538","6.538","1,2,3,4,5,6,7,8,9,504,505,506,507,508,509,510,511",0.00030867864059786,FALSE,0,0,0,1,17,0,17,0,0.944444444444444
"S.A",77,500,0.33,"TRUE","TRUE","FALSE","18.2249931170606","9.32794173060691","8.89705138645367","6.731","1,2,3,4,5,6,7,8,9,503,504,505,506,507,508,509,510,511",0.000194429357403427,TRUE,0,0,0,0,18,0,18,0,1
"S.A",78,500,0.33,"TRUE","TRUE","FALSE","18.1505279821681","9.14975104924933","9.00077693291878","5.542","1,2,3,4,5,6,7,8,9,503,504,505,506,507,508,509,510,511",0.000154050613382463,TRUE,0,0,0,0,18,0,18,0,1
"S.A",79,500,0.33,"TRUE","TRUE","FALSE","18.135423602887","9.14050345466789","8.99492014821915","5.528","1,2,3,4,5,6,7,8,9,503,504,505,506,507,508,509,510,511",5.3597443014643e-05,TRUE,0,0,0,0,18,0,18,0,1
"S.A",8,500,0.33,"TRUE","TRUE","FALSE","18.1389819598881","9.13853570972492","9.00044625016317","5.911","1,2,3,4,5,6,7,8,9,503,504,505,506,507,508,509,510,511",0.000110252854398857,TRUE,0,0,0,0,18,0,18,0,1
"S.A",80,500,0.33,"TRUE","TRUE","FALSE","18.1212035068258","9.11823257844205","9.00297092838372","5.437","1,2,3,4,5,6,7,8,9,503,504,505,506,507,508,509,510,511",7.1729324992959e-05,TRUE,0,0,0,0,18,0,18,0,1
"S.A",81,500,0.33,"TRUE","TRUE","FALSE","18.0965933563131","9.09603101121742","9.00056234509571","5.307","1,2,3,4,5,6,7,8,9,503,504,505,506,507,508,509,510,511",0.000119792877266679,TRUE,0,0,0,0,18,0,18,0,1
"S.A",82,500,0.33,"TRUE","TRUE","FALSE","18.2277507054326","9.22685504964409","9.00089565578848","6.586","1,2,3,4,5,6,7,8,9,503,504,505,506,507,508,509,510,511",0.00025151278389305,TRUE,0,0,0,0,18,0,18,0,1
"S.A",83,500,0.33,"TRUE","TRUE","FALSE","18.1108813353804","9.1101004327518","9.00078090262857","5.698","1,2,3,4,5,6,7,8,9,503,504,505,506,507,508,509,510,511",0.000223513304052409,TRUE,0,0,0,0,18,0,18,0,1
"S.A",84,500,0.33,"TRUE","TRUE","FALSE","18.1419293533026","9.16509994366041","8.97682940964219","5.839","1,2,3,4,5,6,7,8,9,503,504,505,506,507,508,509,510,511",0.000102293983135302,TRUE,0,0,0,0,18,0,18,0,1
"S.A",85,500,0.33,"TRUE","TRUE","FALSE","18.024259069505","9.12466669370064","8.89959237580436","6.04","1,2,3,4,5,6,7,8,9,503,504,505,506,507,508,509,510,511",0.000212854795387792,TRUE,0,0,0,0,18,0,18,0,1
"S.A",86,500,0.33,"TRUE","TRUE","FALSE","17.5686916280815","9.13516388948132","8.43352773860019","6.602","1,2,3,4,5,6,7,8,9,504,505,506,507,508,509,510,511",0.000343951648379508,FALSE,0,0,0,1,17,0,17,0,0.944444444444444
"S.A",87,500,0.33,"TRUE","TRUE","FALSE","17.8552416846335","9.15829828935873","8.69694339527477","6.207","1,2,3,4,5,6,7,8,9,503,504,505,506,507,508,509,510,511",0.000115748322343804,TRUE,0,0,0,0,18,0,18,0,1
"S.A",88,500,0.33,"TRUE","TRUE","FALSE","18.1696251306463","9.16947335787769","9.00015177276862","5.719","1,2,3,4,5,6,7,8,9,503,504,505,506,507,508,509,510,511",7.53046299035316e-05,TRUE,0,0,0,0,18,0,18,0,1
"S.A",89,500,0.33,"TRUE","TRUE","FALSE","18.0855906296463","9.09190840903129","8.99368222061497","5.346","1,2,3,4,5,6,7,8,9,503,504,505,506,507,508,509,510,511",0.000152828716315746,TRUE,0,0,0,0,18,0,18,0,1
"S.A",9,500,0.33,"TRUE","TRUE","FALSE","18.0966534551451","9.10351107304038","8.99314238210469","5.409","1,2,3,4,5,6,7,8,9,503,504,505,506,507,508,509,510,511",0.000131958073880749,TRUE,0,0,0,0,18,0,18,0,1
"S.A",90,500,0.33,"TRUE","TRUE","FALSE","18.1737623108179","9.19359182506172","8.98017048575619","6.05","1,2,3,4,5,6,7,8,9,503,504,505,506,507,508,509,510,511",0.000117821702268543,TRUE,0,0,0,0,18,0,18,0,1
"S.A",91,500,0.33,"TRUE","TRUE","FALSE","18.161446783005","9.16077381883048","9.00067296417449","5.905","1,2,3,4,5,6,7,8,9,503,504,505,506,507,508,509,510,511",0.00014616148955447,TRUE,0,0,0,0,18,0,18,0,1
"S.A",92,500,0.33,"TRUE","TRUE","FALSE","17.7162816121316","9.12801078092959","8.58827083120197","6.483","1,2,3,4,5,6,7,8,9,503,504,505,506,507,508,509,510,511",0.000226433808635526,TRUE,0,0,0,0,18,0,18,0,1
"S.A",93,500,0.33,"TRUE","TRUE","FALSE","17.7575026550616","9.15106447784633","8.60643817721528","6.768","1,2,3,4,5,6,7,8,9,503,504,505,506,507,508,509,510,511",0.000141959689743475,TRUE,0,0,0,0,18,0,18,0,1
"S.A",94,500,0.33,"TRUE","TRUE","FALSE","18.1029615776184","9.10180834427599","9.00115323334243","5.277","1,2,3,4,5,6,7,8,9,503,504,505,506,507,508,509,510,511",0.000118793359411435,TRUE,0,0,0,0,18,0,18,0,1
"S.A",95,500,0.33,"TRUE","TRUE","FALSE","18.1448538880853","9.14327370265372","9.00158018543155","5.982","1,2,3,4,5,6,7,8,9,503,504,505,506,507,508,509,510,511",0.000133353073942163,TRUE,0,0,0,0,18,0,18,0,1
"S.A",96,500,0.33,"TRUE","TRUE","FALSE","18.1487962774349","9.14805761853668","9.00073865889817","5.431","1,2,3,4,5,6,7,8,9,503,504,505,506,507,508,509,510,511",0.000145753313546431,TRUE,0,0,0,0,18,0,18,0,1
"S.A",97,500,0.33,"TRUE","TRUE","FALSE","18.1199481013222","9.11925820649746","9.00068989482478","5.501","1,2,3,4,5,6,7,8,9,503,504,505,506,507,508,509,510,511",0.000107056386162977,TRUE,0,0,0,0,18,0,18,0,1
"S.A",98,500,0.33,"TRUE","TRUE","FALSE","18.1247081667589","9.12340258718281","9.00130557957605","5.582","1,2,3,4,5,6,7,8,9,503,504,505,506,507,508,509,510,511",0.00010956464717483,TRUE,0,0,0,0,18,0,18,0,1
"S.A",99,500,0.33,"TRUE","TRUE","FALSE","18.1545082030169","9.27804881471313","8.87645938830373","6.974","1,2,3,4,5,6,7,8,9,503,504,505,506,507,508,509,510,511",9.90320009163863e-05,TRUE,0,0,0,0,18,0,18,0,1
"S.A.b",1,500,0.33,"TRUE","TRUE","FALSE","17.4232087212397","9.23856427984516","8.18464444139452","6.346","1,2,3,4,5,6,7,8,9,503,504,505,506,507,508,509,510,511",0.00020484490275911,TRUE,0,0,0,0,18,0,18,0,1
"S.A.b",10,500,0.33,"TRUE","TRUE","FALSE","17.3713466552239","9.12838416655929","8.24296248866456","6.573","1,2,3,4,5,6,7,8,9,503,504,505,506,507,508,509,510,511",0.000127540574472818,TRUE,0,0,0,0,18,0,18,0,1
"S.A.b",100,500,0.33,"TRUE","TRUE","FALSE","17.8959137027344","9.11784840370372","8.77806529903066","6.297","1,2,3,4,5,6,7,8,9,503,504,505,506,507,508,509,510,511",0.000172375879678157,TRUE,0,0,0,0,18,0,18,0,1
"S.A.b",11,500,0.33,"TRUE","TRUE","FALSE","18.6382886426008","9.61070824109761","9.02758040150315","6.676","1,2,3,4,5,6,7,8,9,503,504,505,506,507,508,509,510,511,515",0.000231331757805051,FALSE,0,1,0,0,19,1,18,0.0526315789473684,1
"S.A.b",12,500,0.33,"TRUE","TRUE","FALSE","18.2276559160607","9.33683396796845","8.89082194809223","6.649","1,2,3,4,5,6,7,8,9,503,504,505,506,507,508,509,510,511",0.000106773430925725,TRUE,0,0,0,0,18,0,18,0,1
"S.A.b",13,500,0.33,"TRUE","TRUE","FALSE","18.1198471727232","9.11926292176424","9.00058425095898","5.623","1,2,3,4,5,6,7,8,9,503,504,505,506,507,508,509,510,511",0.000166495788391601,TRUE,0,0,0,0,18,0,18,0,1
"S.A.b",14,500,0.33,"TRUE","TRUE","FALSE","18.1636954418335","9.16104236954103","9.00265307229252","5.853","1,2,3,4,5,6,7,8,9,503,504,505,506,507,508,509,510,511",0.000188354472793244,TRUE,0,0,0,0,18,0,18,0,1
"S.A.b",15,500,0.33,"TRUE","TRUE","FALSE","18.3668863009821","9.36862851156332","8.99825778941882","6.619","1,2,3,4,5,6,7,8,9,503,504,505,506,507,508,509,510,511",0.00015184045784214,TRUE,0,0,0,0,18,0,18,0,1
"S.A.b",16,500,0.33,"TRUE","TRUE","FALSE","18.1179495385403","9.14577448551662","8.97217505302366","5.815","1,2,3,4,5,6,7,8,9,503,504,505,506,507,508,509,510,511",6.02636188575941e-05,TRUE,0,0,0,0,18,0,18,0,1
"S.A.b",17,500,0.33,"TRUE","TRUE","FALSE","18.2085145124014","9.2152988038335","8.9932157085679","5.984","1,2,3,4,5,6,7,8,9,503,504,505,506,507,508,509,510,511",0.00013254548742872,TRUE,0,0,0,0,18,0,18,0,1
"S.A.b",18,500,0.33,"TRUE","TRUE","FALSE","18.1935178555963","9.21198604014662","8.98153181544969","6.347","1,2,3,4,5,6,7,8,9,503,504,505,506,507,508,509,510,511",0.000124902818734961,TRUE,0,0,0,0,18,0,18,0,1
"S.A.b",19,500,0.33,"TRUE","TRUE","FALSE","17.8276711344319","9.1808990608149","8.64677207361697","7.826","1,2,3,4,5,6,7,8,9,503,504,505,506,507,508,509,510,511",8.98999998506182e-05,TRUE,0,0,0,0,18,0,18,0,1
"S.A.b",2,500,0.33,"TRUE","TRUE","FALSE","17.3177856972004","9.19969494863605","8.11809074856438","6.572","1,2,3,4,5,6,7,8,9,503,504,505,506,507,508,509,510,511",0.000187614152753926,TRUE,0,0,0,0,18,0,18,0,1
"S.A.b",20,500,0.33,"TRUE","TRUE","FALSE","18.1560310083907","9.15528757692338","9.00074343146737","5.968","1,2,3,4,5,6,7,8,9,503,504,505,506,507,508,509,510,511",6.04838693166559e-05,TRUE,0,0,0,0,18,0,18,0,1
"S.A.b",21,500,0.33,"TRUE","TRUE","FALSE","18.1385271730247","9.14000148944342","8.99852568358128","5.604","1,2,3,4,5,6,7,8,9,503,504,505,506,507,508,509,510,511",0.000129079461834254,TRUE,0,0,0,0,18,0,18,0,1
"S.A.b",22,500,0.33,"TRUE","TRUE","FALSE","18.1052402142527","9.19491339398044","8.91032682027225","6.165","1,2,3,4,5,6,7,8,9,503,504,505,506,507,508,509,510,511",0.000128944341541567,TRUE,0,0,0,0,18,0,18,0,1
"S.A.b",23,500,0.33,"TRUE","TRUE","FALSE","18.1483347564617","9.14755364860161","9.00078110786013","5.65","1,2,3,4,5,6,7,8,9,503,504,505,506,507,508,509,510,511",0.000222217743796063,TRUE,0,0,0,0,18,0,18,0,1
"S.A.b",24,500,0.33,"TRUE","TRUE","FALSE","18.2029536791712","9.2022496324202","9.00070404675105","6.111","1,2,3,4,5,6,7,8,9,503,504,505,506,507,508,509,510,511",0.000183238799136116,TRUE,0,0,0,0,18,0,18,0,1
"S.A.b",25,500,0.33,"TRUE","TRUE","FALSE","18.1322655448645","9.13684479897923","8.99542074588529","5.473","1,2,3,4,5,6,7,8,9,503,504,505,506,507,508,509,510,511",0.000150293075792903,TRUE,0,0,0,0,18,0,18,0,1
"S.A.b",26,500,0.33,"TRUE","TRUE","FALSE","17.8205744189917","9.10795837990989","8.71261603908184","6.11","1,2,3,4,5,6,7,8,9,503,504,505,506,507,508,509,510,511",0.000168556220292226,TRUE,0,0,0,0,18,0,18,0,1
"S.A.b",27,500,0.33,"TRUE","TRUE","FALSE","18.0502780616466","9.12428126228551","8.92599679936113","5.937","1,2,3,4,5,6,7,8,9,503,504,505,506,507,508,509,510,511",0.000129333496379612,TRUE,0,0,0,0,18,0,18,0,1
"S.A.b",28,500,0.33,"TRUE","TRUE","FALSE","18.1448097792891","9.15823128193824","8.98657849735083","5.952","1,2,3,4,5,6,7,8,9,503,504,505,506,507,508,509,510,511",0.000252608218729476,TRUE,0,0,0,0,18,0,18,0,1
"S.A.b",29,500,0.33,"TRUE","TRUE","FALSE","18.0640042294726","9.19663410703677","8.86737012243579","6.262","1,2,3,4,5,6,7,8,9,503,504,505,506,507,508,509,510,511",0.000173870760251172,TRUE,0,0,0,0,18,0,18,0,1
"S.A.b",3,500,0.33,"TRUE","TRUE","FALSE","18.1099885724221","9.10931963192043","9.00066894050168","5.466","1,2,3,4,5,6,7,8,9,503,504,505,506,507,508,509,510,511",4.66686121295744e-05,TRUE,0,0,0,0,18,0,18,0,1
"S.A.b",30,500,0.33,"TRUE","TRUE","FALSE","18.1364796591587","9.13590149223608","9.00057816692262","5.72","1,2,3,4,5,6,7,8,9,503,504,505,506,507,508,509,510,511",0.000153315149117865,TRUE,0,0,0,0,18,0,18,0,1
"S.A.b",31,500,0.33,"TRUE","TRUE","FALSE","18.0844243367291","9.13233209442491","8.95209224230417","5.712","1,2,3,4,5,6,7,8,9,503,504,505,506,507,508,509,510,511",0.000160629562098824,TRUE,0,0,0,0,18,0,18,0,1
"S.A.b",32,500,0.33,"TRUE","TRUE","FALSE","18.2017300005094","9.20062977672902","9.00110022378036","6.163","1,2,3,4,5,6,7,8,9,503,504,505,506,507,508,509,510,511",7.36088329836317e-05,TRUE,0,0,0,0,18,0,18,0,1
"S.A.b",33,500,0.33,"TRUE","TRUE","FALSE","18.1437100829421","9.13885053371836","9.00485954922375","5.974","1,2,3,4,5,6,7,8,9,503,504,505,506,507,508,509,510,511",0.000115929702786903,TRUE,0,0,0,0,18,0,18,0,1
"S.A.b",34,500,0.33,"TRUE","TRUE","FALSE","18.1170076397902","9.11731019909196","8.99969744069827","5.907","1,2,3,4,5,6,7,8,9,503,504,505,506,507,508,509,510,511",8.82464663473309e-05,TRUE,0,0,0,0,18,0,18,0,1
"S.A.b",35,500,0.33,"TRUE","TRUE","FALSE","18.1499548721692","9.14906567692577","9.00088919524347","5.723","1,2,3,4,5,6,7,8,9,503,504,505,506,507,508,509,510,511",0.000166982410320805,TRUE,0,0,0,0,18,0,18,0,1
"S.A.b",36,500,0.33,"TRUE","TRUE","FALSE","18.1460821529275","9.14532053288429","9.00076162004319","5.648","1,2,3,4,5,6,7,8,9,503,504,505,506,507,508,509,510,511",0.000152063856587835,TRUE,0,0,0,0,18,0,18,0,1
"S.A.b",37,500,0.33,"TRUE","TRUE","FALSE","18.0947937353121","9.0943054551967","9.00048828011543","5.633","1,2,3,4,5,6,7,8,9,503,504,505,506,507,508,509,510,511",0.000116460972117254,TRUE,0,0,0,0,18,0,18,0,1
"S.A.b",38,500,0.33,"TRUE","TRUE","FALSE","18.1904276659064","9.18965908319359","9.00076858271285","6.072","1,2,3,4,5,6,7,8,9,503,504,505,506,507,508,509,510,511",0.000139068528962496,TRUE,0,0,0,0,18,0,18,0,1
"S.A.b",39,500,0.33,"TRUE","TRUE","FALSE","18.0955282230268","9.09486180445344","9.00066641857339","5.67","1,2,3,4,5,6,7,8,9,503,504,505,506,507,508,509,510,511",0.000308057388767669,TRUE,0,0,0,0,18,0,18,0,1
"S.A.b",4,500,0.33,"TRUE","TRUE","FALSE","18.1102891725026","9.12938628297699","8.98090288952563","5.724","1,2,3,4,5,6,7,8,9,503,504,505,506,507,508,509,510,511",0.000130289875508607,TRUE,0,0,0,0,18,0,18,0,1
"S.A.b",40,500,0.33,"TRUE","TRUE","FALSE","18.2769880456386","9.27637935834986","9.00060868728878","5.786","1,2,3,4,5,6,7,8,9,503,504,505,506,507,508,509,510,511",0.000130638018924517,TRUE,0,0,0,0,18,0,18,0,1
"S.A.b",41,500,0.33,"TRUE","TRUE","FALSE","17.8459831795569","9.24638541461313","8.59959776494381","7.455","1,2,3,4,5,6,7,8,9,503,504,505,506,507,508,509,510,511",0.000126773516142945,TRUE,0,0,0,0,18,0,18,0,1
"S.A.b",42,500,0.33,"TRUE","TRUE","FALSE","17.274999905335","9.16670287440537","8.10829703092959","6.144","1,2,3,4,5,6,7,8,9,503,504,505,506,507,508,509,510,511",0.000135143055008648,TRUE,0,0,0,0,18,0,18,0,1
"S.A.b",43,500,0.33,"TRUE","TRUE","FALSE","18.1557458922651","9.15485056628177","9.00089532598331","6.03","1,2,3,4,5,6,7,8,9,503,504,505,506,507,508,509,510,511",0.00018930785098756,TRUE,0,0,0,0,18,0,18,0,1
"S.A.b",44,500,0.33,"TRUE","TRUE","FALSE","18.0948856378529","9.10542958529935","8.98945605255351","5.619","1,2,3,4,5,6,7,8,9,503,504,505,506,507,508,509,510,511",0.000102312794121454,TRUE,0,0,0,0,18,0,18,0,1
"S.A.b",45,500,0.33,"TRUE","TRUE","FALSE","18.1025657254824","9.10169490908289","9.0008708163995","5.33","1,2,3,4,5,6,7,8,9,503,504,505,506,507,508,509,510,511",9.29783605173351e-05,TRUE,0,0,0,0,18,0,18,0,1
"S.A.b",46,500,0.33,"TRUE","TRUE","FALSE","17.4529062451679","9.20881849692387","8.24408774824399","6.462","1,2,3,4,5,6,7,8,9,503,504,505,506,507,508,509,510,511",0.000217237931129052,TRUE,0,0,0,0,18,0,18,0,1
"S.A.b",47,500,0.33,"TRUE","TRUE","FALSE","18.2203746116445","9.26236344176315","8.95801116988134","6.594","1,2,3,4,5,6,7,8,9,503,504,505,506,507,508,509,510,511",0.000134993822641408,TRUE,0,0,0,0,18,0,18,0,1
"S.A.b",48,500,0.33,"TRUE","TRUE","FALSE","18.2440999965127","9.24093514028511","9.00316485622755","6.227","1,2,3,4,5,6,7,8,9,503,504,505,506,507,508,509,510,511",9.29609503132245e-05,TRUE,0,0,0,0,18,0,18,0,1
"S.A.b",49,500,0.33,"TRUE","TRUE","FALSE","18.0963050200726","9.11365771216632","8.98264730790629","5.762","1,2,3,4,5,6,7,8,9,503,504,505,506,507,508,509,510,511",0.000173732480425284,TRUE,0,0,0,0,18,0,18,0,1
"S.A.b",5,500,0.33,"TRUE","TRUE","FALSE","18.0455571265403","9.10368277366351","8.94187435287678","5.685","1,2,3,4,5,6,7,8,9,503,504,505,506,507,508,509,510,511",0.000220605943803772,TRUE,0,0,0,0,18,0,18,0,1
"S.A.b",50,500,0.33,"TRUE","TRUE","FALSE","18.424143592995","9.42143641318195","9.002707179813","6.819","1,2,3,4,5,6,7,8,9,503,504,505,506,507,508,509,510,511",0.00012547327085359,TRUE,0,0,0,0,18,0,18,0,1
"S.A.b",51,500,0.33,"TRUE","TRUE","FALSE","18.1813089310101","9.18050178644791","9.00080714456216","6.02","1,2,3,4,5,6,7,8,9,503,504,505,506,507,508,509,510,511",0.000150245026316734,TRUE,0,0,0,0,18,0,18,0,1
"S.A.b",52,500,0.33,"TRUE","TRUE","FALSE","18.1126629116085","9.11205439236806","9.0006085192404","5.487","1,2,3,4,5,6,7,8,9,503,504,505,506,507,508,509,510,511",0.000105470138541568,TRUE,0,0,0,0,18,0,18,0,1
"S.A.b",53,500,0.33,"TRUE","TRUE","FALSE","18.1299556906283","9.13129396750776","8.99866172312054","5.667","1,2,3,4,5,6,7,8,9,503,504,505,506,507,508,509,510,511",0.000150571915383637,TRUE,0,0,0,0,18,0,18,0,1
"S.A.b",54,500,0.33,"TRUE","TRUE","FALSE","18.1154424025662","9.09311429733581","9.02232810523036","5.489","1,2,3,4,5,6,7,8,9,503,504,505,506,507,508,509,510,511,513",0.000203222669549484,FALSE,0,1,0,0,19,1,18,0.0526315789473684,1
"S.A.b",55,500,0.33,"TRUE","TRUE","FALSE","17.915332960271","9.15313848841906","8.76219447185196","6.031","1,2,3,4,5,6,7,8,9,503,504,505,506,507,508,509,510,511",7.52708734621761e-05,TRUE,0,0,0,0,18,0,18,0,1
"S.A.b",56,500,0.33,"TRUE","TRUE","FALSE","17.4488786678831","9.11913480064547","8.32974386723765","6.397","1,2,3,4,5,6,7,8,9,503,504,505,506,507,508,509,510,511",0.00013149426461701,TRUE,0,0,0,0,18,0,18,0,1
"S.A.b",57,500,0.33,"TRUE","TRUE","FALSE","18.1393065105547","9.13843144297499","9.00087506757973","5.702","1,2,3,4,5,6,7,8,9,503,504,505,506,507,508,509,510,511",0.000208814573491879,TRUE,0,0,0,0,18,0,18,0,1
"S.A.b",58,500,0.33,"TRUE","TRUE","FALSE","18.1585201459869","9.157886048331","9.00063409765591","5.83","1,2,3,4,5,6,7,8,9,503,504,505,506,507,508,509,510,511",5.67882989996833e-05,TRUE,0,0,0,0,18,0,18,0,1
"S.A.b",59,500,0.33,"TRUE","TRUE","FALSE","18.3043549378986","9.45421811978571","8.85013681811288","7.342","1,2,3,4,5,6,7,8,9,503,504,505,506,507,508,509,510,511",0.000130536951354762,TRUE,0,0,0,0,18,0,18,0,1
"S.A.b",6,500,0.33,"TRUE","TRUE","FALSE","18.1184205323762","9.12052634818222","8.99789418419394","5.477","1,2,3,4,5,6,7,8,9,503,504,505,506,507,508,509,510,511",0.000154350442429298,TRUE,0,0,0,0,18,0,18,0,1
"S.A.b",60,500,0.33,"TRUE","TRUE","FALSE","18.0909725738321","9.09843293346917","8.9925396403629","5.428","1,2,3,4,5,6,7,8,9,503,504,505,506,507,508,509,510,511",0.000109257258471523,TRUE,0,0,0,0,18,0,18,0,1
"S.A.b",61,500,0.33,"TRUE","TRUE","FALSE","18.1633789573571","9.1934665097047","8.96991244765239","5.998","1,2,3,4,5,6,7,8,9,503,504,505,506,507,508,509,510,511",9.18662252175733e-05,TRUE,0,0,0,0,18,0,18,0,1
"S.A.b",62,500,0.33,"TRUE","TRUE","FALSE","18.1517279540152","9.15223824752856","8.99948970648669","5.74","1,2,3,4,5,6,7,8,9,503,504,505,506,507,508,509,510,511",8.32861541490346e-05,TRUE,0,0,0,0,18,0,18,0,1
"S.A.b",63,500,0.33,"TRUE","TRUE","FALSE","17.7988558998106","9.09602806022479","8.70282783958585","6.036","1,2,3,4,5,6,7,8,9,503,504,505,506,507,508,509,510,511",0.000154512907179176,TRUE,0,0,0,0,18,0,18,0,1
"S.A.b",64,500,0.33,"TRUE","TRUE","FALSE","18.1563129742832","9.14762679877312","9.00868617551013","6.007","1,2,3,4,5,6,7,8,9,503,504,505,506,507,508,509,510,511",0.000102332729266084,TRUE,0,0,0,0,18,0,18,0,1
"S.A.b",65,500,0.33,"TRUE","TRUE","FALSE","18.0985564168371","9.10272204530688","8.99583437153021","5.293","1,2,3,4,5,6,7,8,9,503,504,505,506,507,508,509,510,511",0.00015447671008325,TRUE,0,0,0,0,18,0,18,0,1
"S.A.b",66,500,0.33,"TRUE","TRUE","FALSE","18.1292299463332","9.1281644114842","9.00106553484895","4.874","1,2,3,4,5,6,7,8,9,503,504,505,506,507,508,509,510,511",0.000140789305662149,TRUE,0,0,0,0,18,0,18,0,1
"S.A.b",67,500,0.33,"TRUE","TRUE","FALSE","18.1302125372713","9.12894027624686","9.00127226102443","5.454","1,2,3,4,5,6,7,8,9,503,504,505,506,507,508,509,510,511",7.0173559077472e-05,TRUE,0,0,0,0,18,0,18,0,1
"S.A.b",68,500,0.33,"TRUE","TRUE","FALSE","18.2875453607442","9.28672764143315","9.00081771931108","6.435","1,2,3,4,5,6,7,8,9,503,504,505,506,507,508,509,510,511",8.52742736342638e-05,TRUE,0,0,0,0,18,0,18,0,1
"S.A.b",69,500,0.33,"TRUE","TRUE","FALSE","18.0977733112166","9.09588385145723","9.00188945975941","5.245","1,2,3,4,5,6,7,8,9,503,504,505,506,507,508,509,510,511",0.000196475609798793,TRUE,0,0,0,0,18,0,18,0,1
"S.A.b",7,500,0.33,"TRUE","TRUE","FALSE","18.037780357125","9.12954347943385","8.90823687769111","5.933","1,2,3,4,5,6,7,8,9,503,504,505,506,507,508,509,510,511",0.000101806053986605,TRUE,0,0,0,0,18,0,18,0,1
"S.A.b",70,500,0.33,"TRUE","TRUE","FALSE","18.1182042035323","9.1311247863016","8.9870794172307","5.695","1,2,3,4,5,6,7,8,9,503,504,505,506,507,508,509,510,511",0.000114999808846369,TRUE,0,0,0,0,18,0,18,0,1
"S.A.b",71,500,0.33,"TRUE","TRUE","FALSE","18.119701939421","9.12189985109","8.997802088331","5.284","1,2,3,4,5,6,7,8,9,503,504,505,506,507,508,509,510,511",8.51291349260748e-05,TRUE,0,0,0,0,18,0,18,0,1
"S.A.b",72,500,0.33,"TRUE","TRUE","FALSE","18.1231911401965","9.12413995919432","8.99905118100218","5.164","1,2,3,4,5,6,7,8,9,503,504,505,506,507,508,509,510,511",0.000164113570678709,TRUE,0,0,0,0,18,0,18,0,1
"S.A.b",73,500,0.33,"TRUE","TRUE","FALSE","18.1746074619886","9.17316995465255","9.00143750733606","6.025","1,2,3,4,5,6,7,8,9,503,504,505,506,507,508,509,510,511",9.20769818212615e-05,TRUE,0,0,0,0,18,0,18,0,1
"S.A.b",74,500,0.33,"TRUE","TRUE","FALSE","18.1285595210702","9.12747557004516","9.00108395102501","5.585","1,2,3,4,5,6,7,8,9,503,504,505,506,507,508,509,510,511",6.45412276448576e-05,TRUE,0,0,0,0,18,0,18,0,1
"S.A.b",75,500,0.33,"TRUE","TRUE","FALSE","18.7449673128588","9.74621625879694","8.9987510540619","6.621","1,2,3,4,5,6,7,8,9,301,503,504,505,506,507,508,509,510,511",0.000253469109821024,FALSE,1,0,0,0,19,1,18,0.0526315789473684,1
"S.A.b",76,500,0.33,"TRUE","TRUE","FALSE","17.4434333746996","9.21554156016426","8.22789181453538","6.538","1,2,3,4,5,6,7,8,9,503,504,505,506,507,508,509,510,511",0.000101760466592534,TRUE,0,0,0,0,18,0,18,0,1
"S.A.b",77,500,0.33,"TRUE","TRUE","FALSE","18.2249931170606","9.32794173060691","8.89705138645367","6.731","1,2,3,4,5,6,7,8,9,503,504,505,506,507,508,509,510,511",0.000194429357403427,TRUE,0,0,0,0,18,0,18,0,1
"S.A.b",78,500,0.33,"TRUE","TRUE","FALSE","18.1505279821681","9.14975104924933","9.00077693291878","5.542","1,2,3,4,5,6,7,8,9,503,504,505,506,507,508,509,510,511",0.000154050613382463,TRUE,0,0,0,0,18,0,18,0,1
"S.A.b",79,500,0.33,"TRUE","TRUE","FALSE","18.135423602887","9.14050345466789","8.99492014821915","5.528","1,2,3,4,5,6,7,8,9,503,504,505,506,507,508,509,510,511",5.3597443014643e-05,TRUE,0,0,0,0,18,0,18,0,1
"S.A.b",8,500,0.33,"TRUE","TRUE","FALSE","18.1389819598881","9.13853570972492","9.00044625016317","5.911","1,2,3,4,5,6,7,8,9,503,504,505,506,507,508,509,510,511",0.000110252854398857,TRUE,0,0,0,0,18,0,18,0,1
"S.A.b",80,500,0.33,"TRUE","TRUE","FALSE","18.1212035068258","9.11823257844205","9.00297092838372","5.437","1,2,3,4,5,6,7,8,9,503,504,505,506,507,508,509,510,511",7.1729324992959e-05,TRUE,0,0,0,0,18,0,18,0,1
"S.A.b",81,500,0.33,"TRUE","TRUE","FALSE","18.0965933563131","9.09603101121742","9.00056234509571","5.307","1,2,3,4,5,6,7,8,9,503,504,505,506,507,508,509,510,511",0.000119792877266679,TRUE,0,0,0,0,18,0,18,0,1
"S.A.b",82,500,0.33,"TRUE","TRUE","FALSE","18.2277507054326","9.22685504964409","9.00089565578848","6.586","1,2,3,4,5,6,7,8,9,503,504,505,506,507,508,509,510,511",0.00025151278389305,TRUE,0,0,0,0,18,0,18,0,1
"S.A.b",83,500,0.33,"TRUE","TRUE","FALSE","18.1108813353804","9.1101004327518","9.00078090262857","5.698","1,2,3,4,5,6,7,8,9,503,504,505,506,507,508,509,510,511",0.000223513304052409,TRUE,0,0,0,0,18,0,18,0,1
"S.A.b",84,500,0.33,"TRUE","TRUE","FALSE","18.1419293533026","9.16509994366041","8.97682940964219","5.839","1,2,3,4,5,6,7,8,9,503,504,505,506,507,508,509,510,511",0.000102293983135302,TRUE,0,0,0,0,18,0,18,0,1
"S.A.b",85,500,0.33,"TRUE","TRUE","FALSE","18.024259069505","9.12466669370064","8.89959237580436","6.04","1,2,3,4,5,6,7,8,9,503,504,505,506,507,508,509,510,511",0.000212854795387792,TRUE,0,0,0,0,18,0,18,0,1
"S.A.b",86,500,0.33,"TRUE","TRUE","FALSE","17.5686916280815","9.13516388948132","8.43352773860019","6.602","1,2,3,4,5,6,7,8,9,503,504,505,506,507,508,509,510,511",0.000150832727656867,TRUE,0,0,0,0,18,0,18,0,1
"S.A.b",87,500,0.33,"TRUE","TRUE","FALSE","17.8552416846335","9.15829828935873","8.69694339527477","6.207","1,2,3,4,5,6,7,8,9,503,504,505,506,507,508,509,510,511",0.000115748322343804,TRUE,0,0,0,0,18,0,18,0,1
"S.A.b",88,500,0.33,"TRUE","TRUE","FALSE","18.1696251306463","9.16947335787769","9.00015177276862","5.719","1,2,3,4,5,6,7,8,9,503,504,505,506,507,508,509,510,511",7.53046299035316e-05,TRUE,0,0,0,0,18,0,18,0,1
"S.A.b",89,500,0.33,"TRUE","TRUE","FALSE","18.0855906296463","9.09190840903129","8.99368222061497","5.346","1,2,3,4,5,6,7,8,9,503,504,505,506,507,508,509,510,511",0.000152828716315746,TRUE,0,0,0,0,18,0,18,0,1
"S.A.b",9,500,0.33,"TRUE","TRUE","FALSE","18.0966534551451","9.10351107304038","8.99314238210469","5.409","1,2,3,4,5,6,7,8,9,503,504,505,506,507,508,509,510,511",0.000131958073880749,TRUE,0,0,0,0,18,0,18,0,1
"S.A.b",90,500,0.33,"TRUE","TRUE","FALSE","18.1737623108179","9.19359182506172","8.98017048575619","6.05","1,2,3,4,5,6,7,8,9,503,504,505,506,507,508,509,510,511",0.000117821702268543,TRUE,0,0,0,0,18,0,18,0,1
"S.A.b",91,500,0.33,"TRUE","TRUE","FALSE","18.161446783005","9.16077381883048","9.00067296417449","5.905","1,2,3,4,5,6,7,8,9,503,504,505,506,507,508,509,510,511",0.00014616148955447,TRUE,0,0,0,0,18,0,18,0,1
"S.A.b",92,500,0.33,"TRUE","TRUE","FALSE","17.7162816121316","9.12801078092959","8.58827083120197","6.483","1,2,3,4,5,6,7,8,9,503,504,505,506,507,508,509,510,511",0.000226433808635526,TRUE,0,0,0,0,18,0,18,0,1
"S.A.b",93,500,0.33,"TRUE","TRUE","FALSE","17.7575026550616","9.15106447784633","8.60643817721528","6.768","1,2,3,4,5,6,7,8,9,503,504,505,506,507,508,509,510,511",0.000141959689743475,TRUE,0,0,0,0,18,0,18,0,1
"S.A.b",94,500,0.33,"TRUE","TRUE","FALSE","18.1029615776184","9.10180834427599","9.00115323334243","5.277","1,2,3,4,5,6,7,8,9,503,504,505,506,507,508,509,510,511",0.000118793359411435,TRUE,0,0,0,0,18,0,18,0,1
"S.A.b",95,500,0.33,"TRUE","TRUE","FALSE","18.1448538880853","9.14327370265372","9.00158018543155","5.982","1,2,3,4,5,6,7,8,9,503,504,505,506,507,508,509,510,511",0.000133353073942163,TRUE,0,0,0,0,18,0,18,0,1
"S.A.b",96,500,0.33,"TRUE","TRUE","FALSE","18.1487962774349","9.14805761853668","9.00073865889817","5.431","1,2,3,4,5,6,7,8,9,503,504,505,506,507,508,509,510,511",0.000145753313546431,TRUE,0,0,0,0,18,0,18,0,1
"S.A.b",97,500,0.33,"TRUE","TRUE","FALSE","18.1199481013222","9.11925820649746","9.00068989482478","5.501","1,2,3,4,5,6,7,8,9,503,504,505,506,507,508,509,510,511",0.000107056386162977,TRUE,0,0,0,0,18,0,18,0,1
"S.A.b",98,500,0.33,"TRUE","TRUE","FALSE","18.1247081667589","9.12340258718281","9.00130557957605","5.582","1,2,3,4,5,6,7,8,9,503,504,505,506,507,508,509,510,511",0.00010956464717483,TRUE,0,0,0,0,18,0,18,0,1
"S.A.b",99,500,0.33,"TRUE","TRUE","FALSE","18.1545082030169","9.27804881471313","8.87645938830373","6.974","1,2,3,4,5,6,7,8,9,503,504,505,506,507,508,509,510,511",9.90320009163863e-05,TRUE,0,0,0,0,18,0,18,0,1
"S.EB",1,500,0.33,"TRUE","TRUE","FALSE","17.4232087212397","9.23856427984516","8.18464444139452","6.346","1,2,3,4,5,6,7,8,9,503,504,505,506,507,508,509,510,511",0.00020484490275911,TRUE,0,0,0,0,18,0,18,0,1
"S.EB",10,500,0.33,"TRUE","TRUE","FALSE","17.3713466552239","9.12838416655929","8.24296248866456","6.573","1,2,3,4,5,6,7,8,9,503,504,505,506,507,508,509,510,511",0.000127540574472818,TRUE,0,0,0,0,18,0,18,0,1
"S.EB",100,500,0.33,"TRUE","TRUE","FALSE","17.8959137027344","9.11784840370372","8.77806529903066","6.297","1,2,3,4,5,6,7,8,9,503,504,505,506,507,508,509,510,511",0.000172375879678157,TRUE,0,0,0,0,18,0,18,0,1
"S.EB",11,500,0.33,"TRUE","TRUE","FALSE","18.6382886426008","9.61070824109761","9.02758040150315","6.676","1,2,3,4,5,6,7,8,9,411,503,504,505,506,507,508,509,510,511",0.000271897604424954,FALSE,1,0,0,0,19,1,18,0.0526315789473684,1
"S.EB",12,500,0.33,"TRUE","TRUE","FALSE","18.2276559160607","9.33683396796845","8.89082194809223","6.649","1,2,3,4,5,6,7,8,9,421,503,504,505,506,507,508,509,510,511",0.000233722472221407,FALSE,1,0,0,0,19,1,18,0.0526315789473684,1
"S.EB",13,500,0.33,"TRUE","TRUE","FALSE","18.1198471727232","9.11926292176424","9.00058425095898","5.623","1,2,3,4,5,6,7,8,9,503,504,505,506,507,508,509,510,511",0.000166495788391601,TRUE,0,0,0,0,18,0,18,0,1
"S.EB",14,500,0.33,"TRUE","TRUE","FALSE","18.1636954418335","9.16104236954103","9.00265307229252","5.853","1,2,3,4,5,6,7,8,9,503,504,505,506,507,508,509,510,511",0.000188354472793244,TRUE,0,0,0,0,18,0,18,0,1
"S.EB",15,500,0.33,"TRUE","TRUE","FALSE","18.3668863009821","9.36862851156332","8.99825778941882","6.619","1,2,3,4,5,6,7,8,9,427,503,504,505,506,507,508,509,510,511",0.000280615302850463,FALSE,1,0,0,0,19,1,18,0.0526315789473684,1
"S.EB",16,500,0.33,"TRUE","TRUE","FALSE","18.1179495385403","9.14577448551662","8.97217505302366","5.815","1,2,3,4,5,6,7,8,9,503,504,505,506,507,508,509,510,511",6.02636188575941e-05,TRUE,0,0,0,0,18,0,18,0,1
"S.EB",17,500,0.33,"TRUE","TRUE","FALSE","18.2085145124014","9.2152988038335","8.9932157085679","5.984","1,2,3,4,5,6,7,8,9,349,503,504,505,506,507,508,509,510,511",0.000263358196218712,FALSE,1,0,0,0,19,1,18,0.0526315789473684,1
"S.EB",18,500,0.33,"TRUE","TRUE","FALSE","18.1935178555963","9.21198604014662","8.98153181544969","6.347","1,2,3,4,5,6,7,8,9,404,503,504,505,506,507,508,509,510,511",0.000193094962408202,FALSE,1,0,0,0,19,1,18,0.0526315789473684,1
"S.EB",19,500,0.33,"TRUE","TRUE","FALSE","17.8276711344319","9.1808990608149","8.64677207361697","7.826","1,2,3,4,5,6,7,8,9,503,504,505,506,507,508,509,510,511",8.98999998506182e-05,TRUE,0,0,0,0,18,0,18,0,1
"S.EB",2,500,0.33,"TRUE","TRUE","FALSE","17.3177856972004","9.19969494863605","8.11809074856438","6.572","1,2,3,4,5,6,7,8,9,503,504,505,506,507,508,509,510,511",0.000187614152753926,TRUE,0,0,0,0,18,0,18,0,1
"S.EB",20,500,0.33,"TRUE","TRUE","FALSE","18.1560310083907","9.15528757692338","9.00074343146737","5.968","1,2,3,4,5,6,7,8,9,273,503,504,505,506,507,508,509,510,511",0.000171461453640437,FALSE,1,0,0,0,19,1,18,0.0526315789473684,1
"S.EB",21,500,0.33,"TRUE","TRUE","FALSE","18.1385271730247","9.14000148944342","8.99852568358128","5.604","1,2,3,4,5,6,7,8,9,503,504,505,506,507,508,509,510,511",0.000129079461834254,TRUE,0,0,0,0,18,0,18,0,1
"S.EB",22,500,0.33,"TRUE","TRUE","FALSE","18.1052402142527","9.19491339398044","8.91032682027225","6.165","1,2,3,4,5,6,7,8,9,458,503,504,505,506,507,508,509,510,511",0.000230428497326686,FALSE,1,0,0,0,19,1,18,0.0526315789473684,1
"S.EB",23,500,0.33,"TRUE","TRUE","FALSE","18.1483347564617","9.14755364860161","9.00078110786013","5.65","1,2,3,4,5,6,7,8,9,503,504,505,506,507,508,509,510,511",0.000222217743796063,TRUE,0,0,0,0,18,0,18,0,1
"S.EB",24,500,0.33,"TRUE","TRUE","FALSE","18.2029536791712","9.2022496324202","9.00070404675105","6.111","1,2,3,4,5,6,7,8,9,149,503,504,505,506,507,508,509,510,511",0.000301391888833272,FALSE,1,0,0,0,19,1,18,0.0526315789473684,1
"S.EB",25,500,0.33,"TRUE","TRUE","FALSE","18.1322655448645","9.13684479897923","8.99542074588529","5.473","1,2,3,4,5,6,7,8,9,503,504,505,506,507,508,509,510,511",0.000150293075792903,TRUE,0,0,0,0,18,0,18,0,1
"S.EB",26,500,0.33,"TRUE","TRUE","FALSE","17.8205744189917","9.10795837990989","8.71261603908184","6.11","1,2,3,4,5,6,7,8,9,503,504,505,506,507,508,509,510,511",0.000168556220292226,TRUE,0,0,0,0,18,0,18,0,1
"S.EB",27,500,0.33,"TRUE","TRUE","FALSE","18.0502780616466","9.12428126228551","8.92599679936113","5.937","1,2,3,4,5,6,7,8,9,503,504,505,506,507,508,509,510,511",0.000129333496379612,TRUE,0,0,0,0,18,0,18,0,1
"S.EB",28,500,0.33,"TRUE","TRUE","FALSE","18.1448097792891","9.15823128193824","8.98657849735083","5.952","1,2,3,4,5,6,7,8,9,503,504,505,506,507,508,509,510,511",0.000252608218729476,TRUE,0,0,0,0,18,0,18,0,1
"S.EB",29,500,0.33,"TRUE","TRUE","FALSE","18.0640042294726","9.19663410703677","8.86737012243579","6.262","1,2,3,4,5,6,7,8,9,503,504,505,506,507,508,509,510,511",0.000173870760251172,TRUE,0,0,0,0,18,0,18,0,1
"S.EB",3,500,0.33,"TRUE","TRUE","FALSE","18.1099885724221","9.10931963192043","9.00066894050168","5.466","1,2,3,4,5,6,7,8,9,503,504,505,506,507,508,509,510,511",4.66686121295744e-05,TRUE,0,0,0,0,18,0,18,0,1
"S.EB",30,500,0.33,"TRUE","TRUE","FALSE","18.1364796591587","9.13590149223608","9.00057816692262","5.72","1,2,3,4,5,6,7,8,9,503,504,505,506,507,508,509,510,511",0.000153315149117865,TRUE,0,0,0,0,18,0,18,0,1
"S.EB",31,500,0.33,"TRUE","TRUE","FALSE","18.0844243367291","9.13233209442491","8.95209224230417","5.712","1,2,3,4,5,6,7,8,9,503,504,505,506,507,508,509,510,511",0.000160629562098824,TRUE,0,0,0,0,18,0,18,0,1
"S.EB",32,500,0.33,"TRUE","TRUE","FALSE","18.2017300005094","9.20062977672902","9.00110022378036","6.163","1,2,3,4,5,6,7,8,9,503,504,505,506,507,508,509,510,511",7.36088329836317e-05,TRUE,0,0,0,0,18,0,18,0,1
"S.EB",33,500,0.33,"TRUE","TRUE","FALSE","18.1437100829421","9.13885053371836","9.00485954922375","5.974","1,2,3,4,5,6,7,8,9,503,504,505,506,507,508,509,510,511",0.000115929702786903,TRUE,0,0,0,0,18,0,18,0,1
"S.EB",34,500,0.33,"TRUE","TRUE","FALSE","18.1170076397902","9.11731019909196","8.99969744069827","5.907","1,2,3,4,5,6,7,8,9,503,504,505,506,507,508,509,510,511",8.82464663473309e-05,TRUE,0,0,0,0,18,0,18,0,1
"S.EB",35,500,0.33,"TRUE","TRUE","FALSE","18.1499548721692","9.14906567692577","9.00088919524347","5.723","1,2,3,4,5,6,7,8,9,503,504,505,506,507,508,509,510,511",0.000166982410320805,TRUE,0,0,0,0,18,0,18,0,1
"S.EB",36,500,0.33,"TRUE","TRUE","FALSE","18.1460821529275","9.14532053288429","9.00076162004319","5.648","1,2,3,4,5,6,7,8,9,503,504,505,506,507,508,509,510,511",0.000152063856587835,TRUE,0,0,0,0,18,0,18,0,1
"S.EB",37,500,0.33,"TRUE","TRUE","FALSE","18.0947937353121","9.0943054551967","9.00048828011543","5.633","1,2,3,4,5,6,7,8,9,503,504,505,506,507,508,509,510,511",0.000116460972117254,TRUE,0,0,0,0,18,0,18,0,1
"S.EB",38,500,0.33,"TRUE","TRUE","FALSE","18.1904276659064","9.18965908319359","9.00076858271285","6.072","1,2,3,4,5,6,7,8,9,503,504,505,506,507,508,509,510,511",0.000139068528962496,TRUE,0,0,0,0,18,0,18,0,1
"S.EB",39,500,0.33,"TRUE","TRUE","FALSE","18.0955282230268","9.09486180445344","9.00066641857339","5.67","1,2,3,4,5,6,7,8,9,503,504,505,506,507,508,509,510,511",0.000308057388767669,TRUE,0,0,0,0,18,0,18,0,1
"S.EB",4,500,0.33,"TRUE","TRUE","FALSE","18.1102891725026","9.12938628297699","8.98090288952563","5.724","1,2,3,4,5,6,7,8,9,503,504,505,506,507,508,509,510,511",0.000130289875508607,TRUE,0,0,0,0,18,0,18,0,1
"S.EB",40,500,0.33,"TRUE","TRUE","FALSE","18.2769880456386","9.27637935834986","9.00060868728878","5.786","1,2,3,4,5,6,7,8,9,220,503,504,505,506,507,508,509,510,511",0.000245391715052568,FALSE,1,0,0,0,19,1,18,0.0526315789473684,1
"S.EB",41,500,0.33,"TRUE","TRUE","FALSE","17.8459831795569","9.24638541461313","8.59959776494381","7.455","1,2,3,4,5,6,7,8,9,60,503,504,505,506,507,508,509,510,511",0.000229632860069134,FALSE,1,0,0,0,19,1,18,0.0526315789473684,1
"S.EB",42,500,0.33,"TRUE","TRUE","FALSE","17.274999905335","9.16670287440537","8.10829703092959","6.144","1,2,3,4,5,6,7,8,9,503,504,505,506,507,508,509,510,511",0.000135143055008648,TRUE,0,0,0,0,18,0,18,0,1
"S.EB",43,500,0.33,"TRUE","TRUE","FALSE","18.1557458922651","9.15485056628177","9.00089532598331","6.03","1,2,3,4,5,6,7,8,9,503,504,505,506,507,508,509,510,511",0.00018930785098756,TRUE,0,0,0,0,18,0,18,0,1
"S.EB",44,500,0.33,"TRUE","TRUE","FALSE","18.0948856378529","9.10542958529935","8.98945605255351","5.619","1,2,3,4,5,6,7,8,9,503,504,505,506,507,508,509,510,511",0.000102312794121454,TRUE,0,0,0,0,18,0,18,0,1
"S.EB",45,500,0.33,"TRUE","TRUE","FALSE","18.1025657254824","9.10169490908289","9.0008708163995","5.33","1,2,3,4,5,6,7,8,9,503,504,505,506,507,508,509,510,511",9.29783605173351e-05,TRUE,0,0,0,0,18,0,18,0,1
"S.EB",46,500,0.33,"TRUE","TRUE","FALSE","17.4529062451679","9.20881849692387","8.24408774824399","6.462","1,2,3,4,5,6,7,8,9,343,503,504,505,506,507,508,509,510,511",0.000329156352370703,FALSE,1,0,0,0,19,1,18,0.0526315789473684,1
"S.EB",47,500,0.33,"TRUE","TRUE","FALSE","18.2203746116445","9.26236344176315","8.95801116988134","6.594","1,2,3,4,5,6,7,8,9,94,503,504,505,506,507,508,509,510,511",0.000240060647237444,FALSE,1,0,0,0,19,1,18,0.0526315789473684,1
"S.EB",48,500,0.33,"TRUE","TRUE","FALSE","18.2440999965127","9.24093514028511","9.00316485622755","6.227","1,2,3,4,5,6,7,8,9,415,503,504,505,506,507,508,509,510,511",0.000197475289510779,FALSE,1,0,0,0,19,1,18,0.0526315789473684,1
"S.EB",49,500,0.33,"TRUE","TRUE","FALSE","18.0963050200726","9.11365771216632","8.98264730790629","5.762","1,2,3,4,5,6,7,8,9,503,504,505,506,507,508,509,510,511",0.000173732480425284,TRUE,0,0,0,0,18,0,18,0,1
"S.EB",5,500,0.33,"TRUE","TRUE","FALSE","18.0455571265403","9.10368277366351","8.94187435287678","5.685","1,2,3,4,5,6,7,8,9,503,504,505,506,507,508,509,510,511",0.000220605943803772,TRUE,0,0,0,0,18,0,18,0,1
"S.EB",50,500,0.33,"TRUE","TRUE","FALSE","18.424143592995","9.42143641318195","9.002707179813","6.819","1,2,3,4,5,6,7,8,9,396,503,504,505,506,507,508,509,510,511",0.000239423136339675,FALSE,1,0,0,0,19,1,18,0.0526315789473684,1
"S.EB",51,500,0.33,"TRUE","TRUE","FALSE","18.1813089310101","9.18050178644791","9.00080714456216","6.02","1,2,3,4,5,6,7,8,9,22,503,504,505,506,507,508,509,510,511",0.000247679736719922,FALSE,1,0,0,0,19,1,18,0.0526315789473684,1
"S.EB",52,500,0.33,"TRUE","TRUE","FALSE","18.1126629116085","9.11205439236806","9.0006085192404","5.487","1,2,3,4,5,6,7,8,9,503,504,505,506,507,508,509,510,511",0.000105470138541568,TRUE,0,0,0,0,18,0,18,0,1
"S.EB",53,500,0.33,"TRUE","TRUE","FALSE","18.1299556906283","9.13129396750776","8.99866172312054","5.667","1,2,3,4,5,6,7,8,9,503,504,505,506,507,508,509,510,511",0.000150571915383637,TRUE,0,0,0,0,18,0,18,0,1
"S.EB",54,500,0.33,"TRUE","TRUE","FALSE","18.1154424025662","9.09311429733581","9.02232810523036","5.489","1,2,3,4,5,6,7,8,9,503,504,505,506,507,508,509,510,511",0.000120232672293406,TRUE,0,0,0,0,18,0,18,0,1
"S.EB",55,500,0.33,"TRUE","TRUE","FALSE","17.915332960271","9.15313848841906","8.76219447185196","6.031","1,2,3,4,5,6,7,8,9,503,504,505,506,507,508,509,510,511",7.52708734621761e-05,TRUE,0,0,0,0,18,0,18,0,1
"S.EB",56,500,0.33,"TRUE","TRUE","FALSE","17.4488786678831","9.11913480064547","8.32974386723765","6.397","1,2,3,4,5,6,7,8,9,503,504,505,506,507,508,509,510,511",0.00013149426461701,TRUE,0,0,0,0,18,0,18,0,1
"S.EB",57,500,0.33,"TRUE","TRUE","FALSE","18.1393065105547","9.13843144297499","9.00087506757973","5.702","1,2,3,4,5,6,7,8,9,503,504,505,506,507,508,509,510,511",0.000208814573491879,TRUE,0,0,0,0,18,0,18,0,1
"S.EB",58,500,0.33,"TRUE","TRUE","FALSE","18.1585201459869","9.157886048331","9.00063409765591","5.83","1,2,3,4,5,6,7,8,9,503,504,505,506,507,508,509,510,511",5.67882989996833e-05,TRUE,0,0,0,0,18,0,18,0,1
"S.EB",59,500,0.33,"TRUE","TRUE","FALSE","18.3043549378986","9.45421811978571","8.85013681811288","7.342","1,2,3,4,5,6,7,8,9,43,146,503,504,505,506,507,508,509,510,511",0.00040169240023096,FALSE,2,0,0,0,20,2,18,0.1,1
"S.EB",6,500,0.33,"TRUE","TRUE","FALSE","18.1184205323762","9.12052634818222","8.99789418419394","5.477","1,2,3,4,5,6,7,8,9,503,504,505,506,507,508,509,510,511",0.000154350442429298,TRUE,0,0,0,0,18,0,18,0,1
"S.EB",60,500,0.33,"TRUE","TRUE","FALSE","18.0909725738321","9.09843293346917","8.9925396403629","5.428","1,2,3,4,5,6,7,8,9,503,504,505,506,507,508,509,510,511",0.000109257258471523,TRUE,0,0,0,0,18,0,18,0,1
"S.EB",61,500,0.33,"TRUE","TRUE","FALSE","18.1633789573571","9.1934665097047","8.96991244765239","5.998","1,2,3,4,5,6,7,8,9,241,259,503,504,505,506,507,508,509,510,511",0.000299345056207147,FALSE,2,0,0,0,20,2,18,0.1,1
"S.EB",62,500,0.33,"TRUE","TRUE","FALSE","18.1517279540152","9.15223824752856","8.99948970648669","5.74","1,2,3,4,5,6,7,8,9,503,504,505,506,507,508,509,510,511",8.32861541490346e-05,TRUE,0,0,0,0,18,0,18,0,1
"S.EB",63,500,0.33,"TRUE","TRUE","FALSE","17.7988558998106","9.09602806022479","8.70282783958585","6.036","1,2,3,4,5,6,7,8,9,503,504,505,506,507,508,509,510,511",0.000154512907179176,TRUE,0,0,0,0,18,0,18,0,1
"S.EB",64,500,0.33,"TRUE","TRUE","FALSE","18.1563129742832","9.14762679877312","9.00868617551013","6.007","1,2,3,4,5,6,7,8,9,503,504,505,506,507,508,509,510,511",0.000102332729266084,TRUE,0,0,0,0,18,0,18,0,1
"S.EB",65,500,0.33,"TRUE","TRUE","FALSE","18.0985564168371","9.10272204530688","8.99583437153021","5.293","1,2,3,4,5,6,7,8,9,503,504,505,506,507,508,509,510,511",0.00015447671008325,TRUE,0,0,0,0,18,0,18,0,1
"S.EB",66,500,0.33,"TRUE","TRUE","FALSE","18.1292299463332","9.1281644114842","9.00106553484895","4.874","1,2,3,4,5,6,7,8,9,503,504,505,506,507,508,509,510,511",0.000140789305662149,TRUE,0,0,0,0,18,0,18,0,1
"S.EB",67,500,0.33,"TRUE","TRUE","FALSE","18.1302125372713","9.12894027624686","9.00127226102443","5.454","1,2,3,4,5,6,7,8,9,503,504,505,506,507,508,509,510,511",7.0173559077472e-05,TRUE,0,0,0,0,18,0,18,0,1
"S.EB",68,500,0.33,"TRUE","TRUE","FALSE","18.2875453607442","9.28672764143315","9.00081771931108","6.435","1,2,3,4,5,6,7,8,9,330,503,504,505,506,507,508,509,510,511",0.000185416408045704,FALSE,1,0,0,0,19,1,18,0.0526315789473684,1
"S.EB",69,500,0.33,"TRUE","TRUE","FALSE","18.0977733112166","9.09588385145723","9.00188945975941","5.245","1,2,3,4,5,6,7,8,9,503,504,505,506,507,508,509,510,511",0.000196475609798793,TRUE,0,0,0,0,18,0,18,0,1
"S.EB",7,500,0.33,"TRUE","TRUE","FALSE","18.037780357125","9.12954347943385","8.90823687769111","5.933","1,2,3,4,5,6,7,8,9,503,504,505,506,507,508,509,510,511",0.000101806053986605,TRUE,0,0,0,0,18,0,18,0,1
"S.EB",70,500,0.33,"TRUE","TRUE","FALSE","18.1182042035323","9.1311247863016","8.9870794172307","5.695","1,2,3,4,5,6,7,8,9,503,504,505,506,507,508,509,510,511",0.000114999808846369,TRUE,0,0,0,0,18,0,18,0,1
"S.EB",71,500,0.33,"TRUE","TRUE","FALSE","18.119701939421","9.12189985109","8.997802088331","5.284","1,2,3,4,5,6,7,8,9,503,504,505,506,507,508,509,510,511",8.51291349260748e-05,TRUE,0,0,0,0,18,0,18,0,1
"S.EB",72,500,0.33,"TRUE","TRUE","FALSE","18.1231911401965","9.12413995919432","8.99905118100218","5.164","1,2,3,4,5,6,7,8,9,503,504,505,506,507,508,509,510,511",0.000164113570678709,TRUE,0,0,0,0,18,0,18,0,1
"S.EB",73,500,0.33,"TRUE","TRUE","FALSE","18.1746074619886","9.17316995465255","9.00143750733606","6.025","1,2,3,4,5,6,7,8,9,503,504,505,506,507,508,509,510,511",9.20769818212615e-05,TRUE,0,0,0,0,18,0,18,0,1
"S.EB",74,500,0.33,"TRUE","TRUE","FALSE","18.1285595210702","9.12747557004516","9.00108395102501","5.585","1,2,3,4,5,6,7,8,9,503,504,505,506,507,508,509,510,511",6.45412276448576e-05,TRUE,0,0,0,0,18,0,18,0,1
"S.EB",75,500,0.33,"TRUE","TRUE","FALSE","18.7449673128588","9.74621625879694","8.9987510540619","6.621","1,2,3,4,5,6,7,8,9,301,503,504,505,506,507,508,509,510,511",0.000253469109821024,FALSE,1,0,0,0,19,1,18,0.0526315789473684,1
"S.EB",76,500,0.33,"TRUE","TRUE","FALSE","17.4434333746996","9.21554156016426","8.22789181453538","6.538","1,2,3,4,5,6,7,8,9,68,503,504,505,506,507,508,509,510,511",0.000202298825374135,FALSE,1,0,0,0,19,1,18,0.0526315789473684,1
"S.EB",77,500,0.33,"TRUE","TRUE","FALSE","18.2249931170606","9.32794173060691","8.89705138645367","6.731","1,2,3,4,5,6,7,8,9,499,503,504,505,506,507,508,509,510,511",0.00031594517351442,FALSE,1,0,0,0,19,1,18,0.0526315789473684,1
"S.EB",78,500,0.33,"TRUE","TRUE","FALSE","18.1505279821681","9.14975104924933","9.00077693291878","5.542","1,2,3,4,5,6,7,8,9,503,504,505,506,507,508,509,510,511",0.000154050613382463,TRUE,0,0,0,0,18,0,18,0,1
"S.EB",79,500,0.33,"TRUE","TRUE","FALSE","18.135423602887","9.14050345466789","8.99492014821915","5.528","1,2,3,4,5,6,7,8,9,503,504,505,506,507,508,509,510,511",5.3597443014643e-05,TRUE,0,0,0,0,18,0,18,0,1
"S.EB",8,500,0.33,"TRUE","TRUE","FALSE","18.1389819598881","9.13853570972492","9.00044625016317","5.911","1,2,3,4,5,6,7,8,9,503,504,505,506,507,508,509,510,511",0.000110252854398857,TRUE,0,0,0,0,18,0,18,0,1
"S.EB",80,500,0.33,"TRUE","TRUE","FALSE","18.1212035068258","9.11823257844205","9.00297092838372","5.437","1,2,3,4,5,6,7,8,9,503,504,505,506,507,508,509,510,511",7.1729324992959e-05,TRUE,0,0,0,0,18,0,18,0,1
"S.EB",81,500,0.33,"TRUE","TRUE","FALSE","18.0965933563131","9.09603101121742","9.00056234509571","5.307","1,2,3,4,5,6,7,8,9,503,504,505,506,507,508,509,510,511",0.000119792877266679,TRUE,0,0,0,0,18,0,18,0,1
"S.EB",82,500,0.33,"TRUE","TRUE","FALSE","18.2277507054326","9.22685504964409","9.00089565578848","6.586","1,2,3,4,5,6,7,8,9,503,504,505,506,507,508,509,510,511",0.00025151278389305,TRUE,0,0,0,0,18,0,18,0,1
"S.EB",83,500,0.33,"TRUE","TRUE","FALSE","18.1108813353804","9.1101004327518","9.00078090262857","5.698","1,2,3,4,5,6,7,8,9,503,504,505,506,507,508,509,510,511",0.000223513304052409,TRUE,0,0,0,0,18,0,18,0,1
"S.EB",84,500,0.33,"TRUE","TRUE","FALSE","18.1419293533026","9.16509994366041","8.97682940964219","5.839","1,2,3,4,5,6,7,8,9,503,504,505,506,507,508,509,510,511",0.000102293983135302,TRUE,0,0,0,0,18,0,18,0,1
"S.EB",85,500,0.33,"TRUE","TRUE","FALSE","18.024259069505","9.12466669370064","8.89959237580436","6.04","1,2,3,4,5,6,7,8,9,503,504,505,506,507,508,509,510,511",0.000212854795387792,TRUE,0,0,0,0,18,0,18,0,1
"S.EB",86,500,0.33,"TRUE","TRUE","FALSE","17.5686916280815","9.13516388948132","8.43352773860019","6.602","1,2,3,4,5,6,7,8,9,503,504,505,506,507,508,509,510,511",0.000150832727656867,TRUE,0,0,0,0,18,0,18,0,1
"S.EB",87,500,0.33,"TRUE","TRUE","FALSE","17.8552416846335","9.15829828935873","8.69694339527477","6.207","1,2,3,4,5,6,7,8,9,503,504,505,506,507,508,509,510,511",0.000115748322343804,TRUE,0,0,0,0,18,0,18,0,1
"S.EB",88,500,0.33,"TRUE","TRUE","FALSE","18.1696251306463","9.16947335787769","9.00015177276862","5.719","1,2,3,4,5,6,7,8,9,22,503,504,505,506,507,508,509,510,511",0.000177628869751899,FALSE,1,0,0,0,19,1,18,0.0526315789473684,1
"S.EB",89,500,0.33,"TRUE","TRUE","FALSE","18.0855906296463","9.09190840903129","8.99368222061497","5.346","1,2,3,4,5,6,7,8,9,503,504,505,506,507,508,509,510,511",0.000152828716315746,TRUE,0,0,0,0,18,0,18,0,1
"S.EB",9,500,0.33,"TRUE","TRUE","FALSE","18.0966534551451","9.10351107304038","8.99314238210469","5.409","1,2,3,4,5,6,7,8,9,503,504,505,506,507,508,509,510,511",0.000131958073880749,TRUE,0,0,0,0,18,0,18,0,1
"S.EB",90,500,0.33,"TRUE","TRUE","FALSE","18.1737623108179","9.19359182506172","8.98017048575619","6.05","1,2,3,4,5,6,7,8,9,503,504,505,506,507,508,509,510,511",0.000117821702268543,TRUE,0,0,0,0,18,0,18,0,1
"S.EB",91,500,0.33,"TRUE","TRUE","FALSE","18.161446783005","9.16077381883048","9.00067296417449","5.905","1,2,3,4,5,6,7,8,9,503,504,505,506,507,508,509,510,511",0.00014616148955447,TRUE,0,0,0,0,18,0,18,0,1
"S.EB",92,500,0.33,"TRUE","TRUE","FALSE","17.7162816121316","9.12801078092959","8.58827083120197","6.483","1,2,3,4,5,6,7,8,9,503,504,505,506,507,508,509,510,511",0.000226433808635526,TRUE,0,0,0,0,18,0,18,0,1
"S.EB",93,500,0.33,"TRUE","TRUE","FALSE","17.7575026550616","9.15106447784633","8.60643817721528","6.768","1,2,3,4,5,6,7,8,9,503,504,505,506,507,508,509,510,511",0.000141959689743475,TRUE,0,0,0,0,18,0,18,0,1
"S.EB",94,500,0.33,"TRUE","TRUE","FALSE","18.1029615776184","9.10180834427599","9.00115323334243","5.277","1,2,3,4,5,6,7,8,9,503,504,505,506,507,508,509,510,511",0.000118793359411435,TRUE,0,0,0,0,18,0,18,0,1
"S.EB",95,500,0.33,"TRUE","TRUE","FALSE","18.1448538880853","9.14327370265372","9.00158018543155","5.982","1,2,3,4,5,6,7,8,9,503,504,505,506,507,508,509,510,511",0.000133353073942163,TRUE,0,0,0,0,18,0,18,0,1
"S.EB",96,500,0.33,"TRUE","TRUE","FALSE","18.1487962774349","9.14805761853668","9.00073865889817","5.431","1,2,3,4,5,6,7,8,9,503,504,505,506,507,508,509,510,511",0.000145753313546431,TRUE,0,0,0,0,18,0,18,0,1
"S.EB",97,500,0.33,"TRUE","TRUE","FALSE","18.1199481013222","9.11925820649746","9.00068989482478","5.501","1,2,3,4,5,6,7,8,9,503,504,505,506,507,508,509,510,511",0.000107056386162977,TRUE,0,0,0,0,18,0,18,0,1
"S.EB",98,500,0.33,"TRUE","TRUE","FALSE","18.1247081667589","9.12340258718281","9.00130557957605","5.582","1,2,3,4,5,6,7,8,9,503,504,505,506,507,508,509,510,511",0.00010956464717483,TRUE,0,0,0,0,18,0,18,0,1
"S.EB",99,500,0.33,"TRUE","TRUE","FALSE","18.1545082030169","9.27804881471313","8.87645938830373","6.974","1,2,3,4,5,6,7,8,9,402,503,504,505,506,507,508,509,510,511",0.000211949677387374,FALSE,1,0,0,0,19,1,18,0.0526315789473684,1
"S.EB.b",1,500,0.33,"TRUE","TRUE","FALSE","17.4232087212397","9.23856427984516","8.18464444139452","6.346","1,2,3,4,5,6,7,8,9,503,504,505,506,507,508,509,510,511",0.00020484490275911,TRUE,0,0,0,0,18,0,18,0,1
"S.EB.b",10,500,0.33,"TRUE","TRUE","FALSE","17.3713466552239","9.12838416655929","8.24296248866456","6.573","1,2,3,4,5,6,7,8,9,503,504,505,506,507,508,509,510,511,513",0.000198649021435658,FALSE,0,1,0,0,19,1,18,0.0526315789473684,1
"S.EB.b",100,500,0.33,"TRUE","TRUE","FALSE","17.8959137027344","9.11784840370372","8.77806529903066","6.297","1,2,3,4,5,6,7,8,9,503,504,505,506,507,508,509,510,511",0.000172375879678157,TRUE,0,0,0,0,18,0,18,0,1
"S.EB.b",11,500,0.33,"TRUE","TRUE","FALSE","18.6382886426008","9.61070824109761","9.02758040150315","6.676","1,2,3,4,5,6,7,8,9,411,503,504,505,506,507,508,509,510,511,515",0.000345070651371555,FALSE,1,1,0,0,20,2,18,0.1,1
"S.EB.b",12,500,0.33,"TRUE","TRUE","FALSE","18.2276559160607","9.33683396796845","8.89082194809223","6.649","1,2,3,4,5,6,7,8,9,421,503,504,505,506,507,508,509,510,511",0.000233722472221407,FALSE,1,0,0,0,19,1,18,0.0526315789473684,1
"S.EB.b",13,500,0.33,"TRUE","TRUE","FALSE","18.1198471727232","9.11926292176424","9.00058425095898","5.623","1,2,3,4,5,6,7,8,9,503,504,505,506,507,508,509,510,511",0.000166495788391601,TRUE,0,0,0,0,18,0,18,0,1
"S.EB.b",14,500,0.33,"TRUE","TRUE","FALSE","18.1636954418335","9.16104236954103","9.00265307229252","5.853","1,2,3,4,5,6,7,8,9,503,504,505,506,507,508,509,510,511,513",0.000241895267847379,FALSE,0,1,0,0,19,1,18,0.0526315789473684,1
"S.EB.b",15,500,0.33,"TRUE","TRUE","FALSE","18.3668863009821","9.36862851156332","8.99825778941882","6.619","1,2,3,4,5,6,7,8,9,427,503,504,505,506,507,508,509,510,511",0.000280615302850463,FALSE,1,0,0,0,19,1,18,0.0526315789473684,1
"S.EB.b",16,500,0.33,"TRUE","TRUE","FALSE","18.1179495385403","9.14577448551662","8.97217505302366","5.815","1,2,3,4,5,6,7,8,9,503,504,505,506,507,508,509,510,511",6.02636188575941e-05,TRUE,0,0,0,0,18,0,18,0,1
"S.EB.b",17,500,0.33,"TRUE","TRUE","FALSE","18.2085145124014","9.2152988038335","8.9932157085679","5.984","1,2,3,4,5,6,7,8,9,503,504,505,506,507,508,509,510,511",0.00013254548742872,TRUE,0,0,0,0,18,0,18,0,1
"S.EB.b",18,500,0.33,"TRUE","TRUE","FALSE","18.1935178555963","9.21198604014662","8.98153181544969","6.347","1,2,3,4,5,6,7,8,9,503,504,505,506,507,508,509,510,511",0.000124902818734961,TRUE,0,0,0,0,18,0,18,0,1
"S.EB.b",19,500,0.33,"TRUE","TRUE","FALSE","17.8276711344319","9.1808990608149","8.64677207361697","7.826","1,2,3,4,5,6,7,8,9,503,504,505,506,507,508,509,510,511",8.98999998506182e-05,TRUE,0,0,0,0,18,0,18,0,1
"S.EB.b",2,500,0.33,"TRUE","TRUE","FALSE","17.3177856972004","9.19969494863605","8.11809074856438","6.572","1,2,3,4,5,6,7,8,9,503,504,505,506,507,508,509,510,511",0.000187614152753926,TRUE,0,0,0,0,18,0,18,0,1
"S.EB.b",20,500,0.33,"TRUE","TRUE","FALSE","18.1560310083907","9.15528757692338","9.00074343146737","5.968","1,2,3,4,5,6,7,8,9,503,504,505,506,507,508,509,510,511",6.04838693166559e-05,TRUE,0,0,0,0,18,0,18,0,1
"S.EB.b",21,500,0.33,"TRUE","TRUE","FALSE","18.1385271730247","9.14000148944342","8.99852568358128","5.604","1,2,3,4,5,6,7,8,9,503,504,505,506,507,508,509,510,511",0.000129079461834254,TRUE,0,0,0,0,18,0,18,0,1
"S.EB.b",22,500,0.33,"TRUE","TRUE","FALSE","18.1052402142527","9.19491339398044","8.91032682027225","6.165","1,2,3,4,5,6,7,8,9,503,504,505,506,507,508,509,510,511",0.000128944341541567,TRUE,0,0,0,0,18,0,18,0,1
"S.EB.b",23,500,0.33,"TRUE","TRUE","FALSE","18.1483347564617","9.14755364860161","9.00078110786013","5.65","1,2,3,4,5,6,7,8,9,503,504,505,506,507,508,509,510,511",0.000222217743796063,TRUE,0,0,0,0,18,0,18,0,1
"S.EB.b",24,500,0.33,"TRUE","TRUE","FALSE","18.2029536791712","9.2022496324202","9.00070404675105","6.111","1,2,3,4,5,6,7,8,9,503,504,505,506,507,508,509,510,511",0.000183238799136116,TRUE,0,0,0,0,18,0,18,0,1
"S.EB.b",25,500,0.33,"TRUE","TRUE","FALSE","18.1322655448645","9.13684479897923","8.99542074588529","5.473","1,2,3,4,5,6,7,8,9,503,504,505,506,507,508,509,510,511",0.000150293075792903,TRUE,0,0,0,0,18,0,18,0,1
"S.EB.b",26,500,0.33,"TRUE","TRUE","FALSE","17.8205744189917","9.10795837990989","8.71261603908184","6.11","1,2,3,4,5,6,7,8,9,503,504,505,506,507,508,509,510,511,517",0.000218258319047305,FALSE,0,1,0,0,19,1,18,0.0526315789473684,1
"S.EB.b",27,500,0.33,"TRUE","TRUE","FALSE","18.0502780616466","9.12428126228551","8.92599679936113","5.937","1,2,3,4,5,6,7,8,9,503,504,505,506,507,508,509,510,511",0.000129333496379612,TRUE,0,0,0,0,18,0,18,0,1
"S.EB.b",28,500,0.33,"TRUE","TRUE","FALSE","18.1448097792891","9.15823128193824","8.98657849735083","5.952","1,2,3,4,5,6,7,8,9,503,504,505,506,507,508,509,510,511,513",0.000290804295442473,FALSE,0,1,0,0,19,1,18,0.0526315789473684,1
"S.EB.b",29,500,0.33,"TRUE","TRUE","FALSE","18.0640042294726","9.19663410703677","8.86737012243579","6.262","1,2,3,4,5,6,7,8,9,503,504,505,506,507,508,509,510,511",0.000173870760251172,TRUE,0,0,0,0,18,0,18,0,1
"S.EB.b",3,500,0.33,"TRUE","TRUE","FALSE","18.1099885724221","9.10931963192043","9.00066894050168","5.466","1,2,3,4,5,6,7,8,9,503,504,505,506,507,508,509,510,511",4.66686121295744e-05,TRUE,0,0,0,0,18,0,18,0,1
"S.EB.b",30,500,0.33,"TRUE","TRUE","FALSE","18.1364796591587","9.13590149223608","9.00057816692262","5.72","1,2,3,4,5,6,7,8,9,503,504,505,506,507,508,509,510,511",0.000153315149117865,TRUE,0,0,0,0,18,0,18,0,1
"S.EB.b",31,500,0.33,"TRUE","TRUE","FALSE","18.0844243367291","9.13233209442491","8.95209224230417","5.712","1,2,3,4,5,6,7,8,9,503,504,505,506,507,508,509,510,511",0.000160629562098824,TRUE,0,0,0,0,18,0,18,0,1
"S.EB.b",32,500,0.33,"TRUE","TRUE","FALSE","18.2017300005094","9.20062977672902","9.00110022378036","6.163","1,2,3,4,5,6,7,8,9,503,504,505,506,507,508,509,510,511",7.36088329836317e-05,TRUE,0,0,0,0,18,0,18,0,1
"S.EB.b",33,500,0.33,"TRUE","TRUE","FALSE","18.1437100829421","9.13885053371836","9.00485954922375","5.974","1,2,3,4,5,6,7,8,9,503,504,505,506,507,508,509,510,511,517",0.000170375664662183,FALSE,0,1,0,0,19,1,18,0.0526315789473684,1
"S.EB.b",34,500,0.33,"TRUE","TRUE","FALSE","18.1170076397902","9.11731019909196","8.99969744069827","5.907","1,2,3,4,5,6,7,8,9,503,504,505,506,507,508,509,510,511",8.82464663473309e-05,TRUE,0,0,0,0,18,0,18,0,1
"S.EB.b",35,500,0.33,"TRUE","TRUE","FALSE","18.1499548721692","9.14906567692577","9.00088919524347","5.723","1,2,3,4,5,6,7,8,9,503,504,505,506,507,508,509,510,511",0.000166982410320805,TRUE,0,0,0,0,18,0,18,0,1
"S.EB.b",36,500,0.33,"TRUE","TRUE","FALSE","18.1460821529275","9.14532053288429","9.00076162004319","5.648","1,2,3,4,5,6,7,8,9,503,504,505,506,507,508,509,510,511",0.000152063856587835,TRUE,0,0,0,0,18,0,18,0,1
"S.EB.b",37,500,0.33,"TRUE","TRUE","FALSE","18.0947937353121","9.0943054551967","9.00048828011543","5.633","1,2,3,4,5,6,7,8,9,503,504,505,506,507,508,509,510,511",0.000116460972117254,TRUE,0,0,0,0,18,0,18,0,1
"S.EB.b",38,500,0.33,"TRUE","TRUE","FALSE","18.1904276659064","9.18965908319359","9.00076858271285","6.072","1,2,3,4,5,6,7,8,9,503,504,505,506,507,508,509,510,511",0.000139068528962496,TRUE,0,0,0,0,18,0,18,0,1
"S.EB.b",39,500,0.33,"TRUE","TRUE","FALSE","18.0955282230268","9.09486180445344","9.00066641857339","5.67","1,2,3,4,5,6,7,8,9,503,504,505,506,507,508,509,510,511",0.000308057388767669,TRUE,0,0,0,0,18,0,18,0,1
"S.EB.b",4,500,0.33,"TRUE","TRUE","FALSE","18.1102891725026","9.12938628297699","8.98090288952563","5.724","1,2,3,4,5,6,7,8,9,503,504,505,506,507,508,509,510,511",0.000130289875508607,TRUE,0,0,0,0,18,0,18,0,1
"S.EB.b",40,500,0.33,"TRUE","TRUE","FALSE","18.2769880456386","9.27637935834986","9.00060868728878","5.786","1,2,3,4,5,6,7,8,9,220,503,504,505,506,507,508,509,510,511",0.000245391715052568,FALSE,1,0,0,0,19,1,18,0.0526315789473684,1
"S.EB.b",41,500,0.33,"TRUE","TRUE","FALSE","17.8459831795569","9.24638541461313","8.59959776494381","7.455","1,2,3,4,5,6,7,8,9,503,504,505,506,507,508,509,510,511,512",0.00015873124869954,FALSE,0,1,0,0,19,1,18,0.0526315789473684,1
"S.EB.b",42,500,0.33,"TRUE","TRUE","FALSE","17.274999905335","9.16670287440537","8.10829703092959","6.144","1,2,3,4,5,6,7,8,9,503,504,505,506,507,508,509,510,511",0.000135143055008648,TRUE,0,0,0,0,18,0,18,0,1
"S.EB.b",43,500,0.33,"TRUE","TRUE","FALSE","18.1557458922651","9.15485056628177","9.00089532598331","6.03","1,2,3,4,5,6,7,8,9,503,504,505,506,507,508,509,510,511",0.00018930785098756,TRUE,0,0,0,0,18,0,18,0,1
"S.EB.b",44,500,0.33,"TRUE","TRUE","FALSE","18.0948856378529","9.10542958529935","8.98945605255351","5.619","1,2,3,4,5,6,7,8,9,503,504,505,506,507,508,509,510,511",0.000102312794121454,TRUE,0,0,0,0,18,0,18,0,1
"S.EB.b",45,500,0.33,"TRUE","TRUE","FALSE","18.1025657254824","9.10169490908289","9.0008708163995","5.33","1,2,3,4,5,6,7,8,9,503,504,505,506,507,508,509,510,511",9.29783605173351e-05,TRUE,0,0,0,0,18,0,18,0,1
"S.EB.b",46,500,0.33,"TRUE","TRUE","FALSE","17.4529062451679","9.20881849692387","8.24408774824399","6.462","1,2,3,4,5,6,7,8,9,343,503,504,505,506,507,508,509,510,511",0.000329156352370703,FALSE,1,0,0,0,19,1,18,0.0526315789473684,1
"S.EB.b",47,500,0.33,"TRUE","TRUE","FALSE","18.2203746116445","9.26236344176315","8.95801116988134","6.594","1,2,3,4,5,6,7,8,9,503,504,505,506,507,508,509,510,511",0.000134993822641408,TRUE,0,0,0,0,18,0,18,0,1
"S.EB.b",48,500,0.33,"TRUE","TRUE","FALSE","18.2440999965127","9.24093514028511","9.00316485622755","6.227","1,2,3,4,5,6,7,8,9,503,504,505,506,507,508,509,510,511,512",0.000144529391271964,FALSE,0,1,0,0,19,1,18,0.0526315789473684,1
"S.EB.b",49,500,0.33,"TRUE","TRUE","FALSE","18.0963050200726","9.11365771216632","8.98264730790629","5.762","1,2,3,4,5,6,7,8,9,503,504,505,506,507,508,509,510,511,514",0.000245443695301745,FALSE,0,1,0,0,19,1,18,0.0526315789473684,1
"S.EB.b",5,500,0.33,"TRUE","TRUE","FALSE","18.0455571265403","9.10368277366351","8.94187435287678","5.685","1,2,3,4,5,6,7,8,9,503,504,505,506,507,508,509,510,511",0.000220605943803772,TRUE,0,0,0,0,18,0,18,0,1
"S.EB.b",50,500,0.33,"TRUE","TRUE","FALSE","18.424143592995","9.42143641318195","9.002707179813","6.819","1,2,3,4,5,6,7,8,9,396,503,504,505,506,507,508,509,510,511,513",0.000289823713439323,FALSE,1,1,0,0,20,2,18,0.1,1
"S.EB.b",51,500,0.33,"TRUE","TRUE","FALSE","18.1813089310101","9.18050178644791","9.00080714456216","6.02","1,2,3,4,5,6,7,8,9,503,504,505,506,507,508,509,510,511",0.000150245026316734,TRUE,0,0,0,0,18,0,18,0,1
"S.EB.b",52,500,0.33,"TRUE","TRUE","FALSE","18.1126629116085","9.11205439236806","9.0006085192404","5.487","1,2,3,4,5,6,7,8,9,503,504,505,506,507,508,509,510,511",0.000105470138541568,TRUE,0,0,0,0,18,0,18,0,1
"S.EB.b",53,500,0.33,"TRUE","TRUE","FALSE","18.1299556906283","9.13129396750776","8.99866172312054","5.667","1,2,3,4,5,6,7,8,9,503,504,505,506,507,508,509,510,511",0.000150571915383637,TRUE,0,0,0,0,18,0,18,0,1
"S.EB.b",54,500,0.33,"TRUE","TRUE","FALSE","18.1154424025662","9.09311429733581","9.02232810523036","5.489","1,2,3,4,5,6,7,8,9,503,504,505,506,507,508,509,510,511,513",0.000203222669549484,FALSE,0,1,0,0,19,1,18,0.0526315789473684,1
"S.EB.b",55,500,0.33,"TRUE","TRUE","FALSE","17.915332960271","9.15313848841906","8.76219447185196","6.031","1,2,3,4,5,6,7,8,9,503,504,505,506,507,508,509,510,511",7.52708734621761e-05,TRUE,0,0,0,0,18,0,18,0,1
"S.EB.b",56,500,0.33,"TRUE","TRUE","FALSE","17.4488786678831","9.11913480064547","8.32974386723765","6.397","1,2,3,4,5,6,7,8,9,503,504,505,506,507,508,509,510,511",0.00013149426461701,TRUE,0,0,0,0,18,0,18,0,1
"S.EB.b",57,500,0.33,"TRUE","TRUE","FALSE","18.1393065105547","9.13843144297499","9.00087506757973","5.702","1,2,3,4,5,6,7,8,9,503,504,505,506,507,508,509,510,511",0.000208814573491879,TRUE,0,0,0,0,18,0,18,0,1
"S.EB.b",58,500,0.33,"TRUE","TRUE","FALSE","18.1585201459869","9.157886048331","9.00063409765591","5.83","1,2,3,4,5,6,7,8,9,503,504,505,506,507,508,509,510,511",5.67882989996833e-05,TRUE,0,0,0,0,18,0,18,0,1
"S.EB.b",59,500,0.33,"TRUE","TRUE","FALSE","18.3043549378986","9.45421811978571","8.85013681811288","7.342","1,2,3,4,5,6,7,8,9,43,146,503,504,505,506,507,508,509,510,511",0.00040169240023096,FALSE,2,0,0,0,20,2,18,0.1,1
"S.EB.b",6,500,0.33,"TRUE","TRUE","FALSE","18.1184205323762","9.12052634818222","8.99789418419394","5.477","1,2,3,4,5,6,7,8,9,503,504,505,506,507,508,509,510,511",0.000154350442429298,TRUE,0,0,0,0,18,0,18,0,1
"S.EB.b",60,500,0.33,"TRUE","TRUE","FALSE","18.0909725738321","9.09843293346917","8.9925396403629","5.428","1,2,3,4,5,6,7,8,9,503,504,505,506,507,508,509,510,511",0.000109257258471523,TRUE,0,0,0,0,18,0,18,0,1
"S.EB.b",61,500,0.33,"TRUE","TRUE","FALSE","18.1633789573571","9.1934665097047","8.96991244765239","5.998","1,2,3,4,5,6,7,8,9,503,504,505,506,507,508,509,510,511",9.18662252175733e-05,TRUE,0,0,0,0,18,0,18,0,1
"S.EB.b",62,500,0.33,"TRUE","TRUE","FALSE","18.1517279540152","9.15223824752856","8.99948970648669","5.74","1,2,3,4,5,6,7,8,9,503,504,505,506,507,508,509,510,511",8.32861541490346e-05,TRUE,0,0,0,0,18,0,18,0,1
"S.EB.b",63,500,0.33,"TRUE","TRUE","FALSE","17.7988558998106","9.09602806022479","8.70282783958585","6.036","1,2,3,4,5,6,7,8,9,503,504,505,506,507,508,509,510,511,516",0.000224319802584148,FALSE,0,1,0,0,19,1,18,0.0526315789473684,1
"S.EB.b",64,500,0.33,"TRUE","TRUE","FALSE","18.1563129742832","9.14762679877312","9.00868617551013","6.007","1,2,3,4,5,6,7,8,9,503,504,505,506,507,508,509,510,511,514",0.000189888323742411,FALSE,0,1,0,0,19,1,18,0.0526315789473684,1
"S.EB.b",65,500,0.33,"TRUE","TRUE","FALSE","18.0985564168371","9.10272204530688","8.99583437153021","5.293","1,2,3,4,5,6,7,8,9,503,504,505,506,507,508,509,510,511",0.00015447671008325,TRUE,0,0,0,0,18,0,18,0,1
"S.EB.b",66,500,0.33,"TRUE","TRUE","FALSE","18.1292299463332","9.1281644114842","9.00106553484895","4.874","1,2,3,4,5,6,7,8,9,503,504,505,506,507,508,509,510,511",0.000140789305662149,TRUE,0,0,0,0,18,0,18,0,1
"S.EB.b",67,500,0.33,"TRUE","TRUE","FALSE","18.1302125372713","9.12894027624686","9.00127226102443","5.454","1,2,3,4,5,6,7,8,9,503,504,505,506,507,508,509,510,511",7.0173559077472e-05,TRUE,0,0,0,0,18,0,18,0,1
"S.EB.b",68,500,0.33,"TRUE","TRUE","FALSE","18.2875453607442","9.28672764143315","9.00081771931108","6.435","1,2,3,4,5,6,7,8,9,330,503,504,505,506,507,508,509,510,511",0.000185416408045704,FALSE,1,0,0,0,19,1,18,0.0526315789473684,1
"S.EB.b",69,500,0.33,"TRUE","TRUE","FALSE","18.0977733112166","9.09588385145723","9.00188945975941","5.245","1,2,3,4,5,6,7,8,9,503,504,505,506,507,508,509,510,511",0.000196475609798793,TRUE,0,0,0,0,18,0,18,0,1
"S.EB.b",7,500,0.33,"TRUE","TRUE","FALSE","18.037780357125","9.12954347943385","8.90823687769111","5.933","1,2,3,4,5,6,7,8,9,503,504,505,506,507,508,509,510,511",0.000101806053986605,TRUE,0,0,0,0,18,0,18,0,1
"S.EB.b",70,500,0.33,"TRUE","TRUE","FALSE","18.1182042035323","9.1311247863016","8.9870794172307","5.695","1,2,3,4,5,6,7,8,9,503,504,505,506,507,508,509,510,511",0.000114999808846369,TRUE,0,0,0,0,18,0,18,0,1
"S.EB.b",71,500,0.33,"TRUE","TRUE","FALSE","18.119701939421","9.12189985109","8.997802088331","5.284","1,2,3,4,5,6,7,8,9,503,504,505,506,507,508,509,510,511",8.51291349260748e-05,TRUE,0,0,0,0,18,0,18,0,1
"S.EB.b",72,500,0.33,"TRUE","TRUE","FALSE","18.1231911401965","9.12413995919432","8.99905118100218","5.164","1,2,3,4,5,6,7,8,9,503,504,505,506,507,508,509,510,511",0.000164113570678709,TRUE,0,0,0,0,18,0,18,0,1
"S.EB.b",73,500,0.33,"TRUE","TRUE","FALSE","18.1746074619886","9.17316995465255","9.00143750733606","6.025","1,2,3,4,5,6,7,8,9,503,504,505,506,507,508,509,510,511",9.20769818212615e-05,TRUE,0,0,0,0,18,0,18,0,1
"S.EB.b",74,500,0.33,"TRUE","TRUE","FALSE","18.1285595210702","9.12747557004516","9.00108395102501","5.585","1,2,3,4,5,6,7,8,9,503,504,505,506,507,508,509,510,511",6.45412276448576e-05,TRUE,0,0,0,0,18,0,18,0,1
"S.EB.b",75,500,0.33,"TRUE","TRUE","FALSE","18.7449673128588","9.74621625879694","8.9987510540619","6.621","1,2,3,4,5,6,7,8,9,301,503,504,505,506,507,508,509,510,511",0.000253469109821024,FALSE,1,0,0,0,19,1,18,0.0526315789473684,1
"S.EB.b",76,500,0.33,"TRUE","TRUE","FALSE","17.4434333746996","9.21554156016426","8.22789181453538","6.538","1,2,3,4,5,6,7,8,9,503,504,505,506,507,508,509,510,511",0.000101760466592534,TRUE,0,0,0,0,18,0,18,0,1
"S.EB.b",77,500,0.33,"TRUE","TRUE","FALSE","18.2249931170606","9.32794173060691","8.89705138645367","6.731","1,2,3,4,5,6,7,8,9,499,503,504,505,506,507,508,509,510,511",0.00031594517351442,FALSE,1,0,0,0,19,1,18,0.0526315789473684,1
"S.EB.b",78,500,0.33,"TRUE","TRUE","FALSE","18.1505279821681","9.14975104924933","9.00077693291878","5.542","1,2,3,4,5,6,7,8,9,503,504,505,506,507,508,509,510,511",0.000154050613382463,TRUE,0,0,0,0,18,0,18,0,1
"S.EB.b",79,500,0.33,"TRUE","TRUE","FALSE","18.135423602887","9.14050345466789","8.99492014821915","5.528","1,2,3,4,5,6,7,8,9,503,504,505,506,507,508,509,510,511",5.3597443014643e-05,TRUE,0,0,0,0,18,0,18,0,1
"S.EB.b",8,500,0.33,"TRUE","TRUE","FALSE","18.1389819598881","9.13853570972492","9.00044625016317","5.911","1,2,3,4,5,6,7,8,9,503,504,505,506,507,508,509,510,511",0.000110252854398857,TRUE,0,0,0,0,18,0,18,0,1
"S.EB.b",80,500,0.33,"TRUE","TRUE","FALSE","18.1212035068258","9.11823257844205","9.00297092838372","5.437","1,2,3,4,5,6,7,8,9,503,504,505,506,507,508,509,510,511,515",0.000113534023419782,FALSE,0,1,0,0,19,1,18,0.0526315789473684,1
"S.EB.b",81,500,0.33,"TRUE","TRUE","FALSE","18.0965933563131","9.09603101121742","9.00056234509571","5.307","1,2,3,4,5,6,7,8,9,503,504,505,506,507,508,509,510,511",0.000119792877266679,TRUE,0,0,0,0,18,0,18,0,1
"S.EB.b",82,500,0.33,"TRUE","TRUE","FALSE","18.2277507054326","9.22685504964409","9.00089565578848","6.586","1,2,3,4,5,6,7,8,9,503,504,505,506,507,508,509,510,511",0.00025151278389305,TRUE,0,0,0,0,18,0,18,0,1
"S.EB.b",83,500,0.33,"TRUE","TRUE","FALSE","18.1108813353804","9.1101004327518","9.00078090262857","5.698","1,2,3,4,5,6,7,8,9,503,504,505,506,507,508,509,510,511",0.000223513304052409,TRUE,0,0,0,0,18,0,18,0,1
"S.EB.b",84,500,0.33,"TRUE","TRUE","FALSE","18.1419293533026","9.16509994366041","8.97682940964219","5.839","1,2,3,4,5,6,7,8,9,503,504,505,506,507,508,509,510,511",0.000102293983135302,TRUE,0,0,0,0,18,0,18,0,1
"S.EB.b",85,500,0.33,"TRUE","TRUE","FALSE","18.024259069505","9.12466669370064","8.89959237580436","6.04","1,2,3,4,5,6,7,8,9,503,504,505,506,507,508,509,510,511",0.000212854795387792,TRUE,0,0,0,0,18,0,18,0,1
"S.EB.b",86,500,0.33,"TRUE","TRUE","FALSE","17.5686916280815","9.13516388948132","8.43352773860019","6.602","1,2,3,4,5,6,7,8,9,503,504,505,506,507,508,509,510,511",0.000150832727656867,TRUE,0,0,0,0,18,0,18,0,1
"S.EB.b",87,500,0.33,"TRUE","TRUE","FALSE","17.8552416846335","9.15829828935873","8.69694339527477","6.207","1,2,3,4,5,6,7,8,9,503,504,505,506,507,508,509,510,511",0.000115748322343804,TRUE,0,0,0,0,18,0,18,0,1
"S.EB.b",88,500,0.33,"TRUE","TRUE","FALSE","18.1696251306463","9.16947335787769","9.00015177276862","5.719","1,2,3,4,5,6,7,8,9,503,504,505,506,507,508,509,510,511",7.53046299035316e-05,TRUE,0,0,0,0,18,0,18,0,1
"S.EB.b",89,500,0.33,"TRUE","TRUE","FALSE","18.0855906296463","9.09190840903129","8.99368222061497","5.346","1,2,3,4,5,6,7,8,9,503,504,505,506,507,508,509,510,511,515",0.00019830177268524,FALSE,0,1,0,0,19,1,18,0.0526315789473684,1
"S.EB.b",9,500,0.33,"TRUE","TRUE","FALSE","18.0966534551451","9.10351107304038","8.99314238210469","5.409","1,2,3,4,5,6,7,8,9,503,504,505,506,507,508,509,510,511",0.000131958073880749,TRUE,0,0,0,0,18,0,18,0,1
"S.EB.b",90,500,0.33,"TRUE","TRUE","FALSE","18.1737623108179","9.19359182506172","8.98017048575619","6.05","1,2,3,4,5,6,7,8,9,503,504,505,506,507,508,509,510,511",0.000117821702268543,TRUE,0,0,0,0,18,0,18,0,1
"S.EB.b",91,500,0.33,"TRUE","TRUE","FALSE","18.161446783005","9.16077381883048","9.00067296417449","5.905","1,2,3,4,5,6,7,8,9,503,504,505,506,507,508,509,510,511",0.00014616148955447,TRUE,0,0,0,0,18,0,18,0,1
"S.EB.b",92,500,0.33,"TRUE","TRUE","FALSE","17.7162816121316","9.12801078092959","8.58827083120197","6.483","1,2,3,4,5,6,7,8,9,503,504,505,506,507,508,509,510,511,513",0.000255816737376248,FALSE,0,1,0,0,19,1,18,0.0526315789473684,1
"S.EB.b",93,500,0.33,"TRUE","TRUE","FALSE","17.7575026550616","9.15106447784633","8.60643817721528","6.768","1,2,3,4,5,6,7,8,9,503,504,505,506,507,508,509,510,511",0.000141959689743475,TRUE,0,0,0,0,18,0,18,0,1
"S.EB.b",94,500,0.33,"TRUE","TRUE","FALSE","18.1029615776184","9.10180834427599","9.00115323334243","5.277","1,2,3,4,5,6,7,8,9,503,504,505,506,507,508,509,510,511",0.000118793359411435,TRUE,0,0,0,0,18,0,18,0,1
"S.EB.b",95,500,0.33,"TRUE","TRUE","FALSE","18.1448538880853","9.14327370265372","9.00158018543155","5.982","1,2,3,4,5,6,7,8,9,503,504,505,506,507,508,509,510,511",0.000133353073942163,TRUE,0,0,0,0,18,0,18,0,1
"S.EB.b",96,500,0.33,"TRUE","TRUE","FALSE","18.1487962774349","9.14805761853668","9.00073865889817","5.431","1,2,3,4,5,6,7,8,9,503,504,505,506,507,508,509,510,511",0.000145753313546431,TRUE,0,0,0,0,18,0,18,0,1
"S.EB.b",97,500,0.33,"TRUE","TRUE","FALSE","18.1199481013222","9.11925820649746","9.00068989482478","5.501","1,2,3,4,5,6,7,8,9,503,504,505,506,507,508,509,510,511",0.000107056386162977,TRUE,0,0,0,0,18,0,18,0,1
"S.EB.b",98,500,0.33,"TRUE","TRUE","FALSE","18.1247081667589","9.12340258718281","9.00130557957605","5.582","1,2,3,4,5,6,7,8,9,503,504,505,506,507,508,509,510,511",0.00010956464717483,TRUE,0,0,0,0,18,0,18,0,1
"S.EB.b",99,500,0.33,"TRUE","TRUE","FALSE","18.1545082030169","9.27804881471313","8.87645938830373","6.974","1,2,3,4,5,6,7,8,9,402,503,504,505,506,507,508,509,510,511",0.000211949677387374,FALSE,1,0,0,0,19,1,18,0.0526315789473684,1
"scad.cv",1,500,0.33,"TRUE","TRUE","FALSE","17.4232087212397","9.23856427984516","8.18464444139452","6.346","1,2,3,4,5,6,7,8,9,504,505,506,507,508,509,510,511",0.00348456766302945,FALSE,0,0,0,1,17,0,17,0,0.944444444444444
"scad.cv",10,500,0.33,"TRUE","TRUE","FALSE","17.3713466552239","9.12838416655929","8.24296248866456","6.573","1,2,3,4,5,6,7,8,9,504,505,506,507,508,509,510,511",0.00324669670650085,FALSE,0,0,0,1,17,0,17,0,0.944444444444444
"scad.cv",100,500,0.33,"TRUE","TRUE","FALSE","17.8959137027344","9.11784840370372","8.77806529903066","6.297","1,2,3,4,5,6,7,8,9,504,505,506,507,508,509,510,511",0.00290932538251127,FALSE,0,0,0,1,17,0,17,0,0.944444444444444
"scad.cv",11,500,0.33,"TRUE","TRUE","FALSE","18.6382886426008","9.61070824109761","9.02758040150315","6.676","1,2,3,4,5,6,7,8,9,503,504,505,506,507,508,509,510,511",0.00357739359303364,TRUE,0,0,0,0,18,0,18,0,1
"scad.cv",12,500,0.33,"TRUE","TRUE","FALSE","18.2276559160607","9.33683396796845","8.89082194809223","6.649","1,2,3,4,5,6,7,8,9,421,503,504,505,506,507,508,509,510,511",0.00331539352279304,FALSE,1,0,0,0,19,1,18,0.0526315789473684,1
"scad.cv",13,500,0.33,"TRUE","TRUE","FALSE","18.1198471727232","9.11926292176424","9.00058425095898","5.623","1,2,3,4,5,6,7,8,9,503,504,505,506,507,508,509,510,511",0.00402711113138078,TRUE,0,0,0,0,18,0,18,0,1
"scad.cv",14,500,0.33,"TRUE","TRUE","FALSE","18.1636954418335","9.16104236954103","9.00265307229252","5.853","1,2,3,4,5,6,7,8,9,503,504,505,506,507,508,509,510,511",0.00310614907035345,TRUE,0,0,0,0,18,0,18,0,1
"scad.cv",15,500,0.33,"TRUE","TRUE","FALSE","18.3668863009821","9.36862851156332","8.99825778941882","6.619","1,2,3,4,5,6,7,8,9,503,504,505,506,507,508,509,510,511",0.00407388807108777,TRUE,0,0,0,0,18,0,18,0,1
"scad.cv",16,500,0.33,"TRUE","TRUE","FALSE","18.1179495385403","9.14577448551662","8.97217505302366","5.815","1,2,3,4,5,6,7,8,9,315,503,504,505,506,507,508,509,510,511",0.00407619363549621,FALSE,1,0,0,0,19,1,18,0.0526315789473684,1
"scad.cv",17,500,0.33,"TRUE","TRUE","FALSE","18.2085145124014","9.2152988038335","8.9932157085679","5.984","1,2,3,4,5,6,7,8,9,218,232,295,503,504,505,506,507,508,509,510,511",0.00331206725345097,FALSE,3,0,0,0,21,3,18,0.142857142857143,1
"scad.cv",18,500,0.33,"TRUE","TRUE","FALSE","18.1935178555963","9.21198604014662","8.98153181544969","6.347","1,2,3,4,5,6,7,8,9,503,504,505,506,507,508,509,510,511",0.00312112702559716,TRUE,0,0,0,0,18,0,18,0,1
"scad.cv",19,500,0.33,"TRUE","TRUE","FALSE","17.8276711344319","9.1808990608149","8.64677207361697","7.826","1,2,3,4,5,6,7,8,9,171,504,505,506,507,508,509,510,511",0.00350211115669809,FALSE,1,0,0,1,18,1,17,0.0555555555555556,0.944444444444444
"scad.cv",2,500,0.33,"TRUE","TRUE","FALSE","17.3177856972004","9.19969494863605","8.11809074856438","6.572","1,2,3,4,5,6,7,8,9,504,505,506,507,508,509,510,511",0.00396852796878411,FALSE,0,0,0,1,17,0,17,0,0.944444444444444
"scad.cv",20,500,0.33,"TRUE","TRUE","FALSE","18.1560310083907","9.15528757692338","9.00074343146737","5.968","1,2,3,4,5,6,7,8,9,503,504,505,506,507,508,509,510,511",0.00336406716130473,TRUE,0,0,0,0,18,0,18,0,1
"scad.cv",21,500,0.33,"TRUE","TRUE","FALSE","18.1385271730247","9.14000148944342","8.99852568358128","5.604","1,2,3,4,5,6,7,8,9,503,504,505,506,507,508,509,510,511",0.00355779291122702,TRUE,0,0,0,0,18,0,18,0,1
"scad.cv",22,500,0.33,"TRUE","TRUE","FALSE","18.1052402142527","9.19491339398044","8.91032682027225","6.165","1,2,3,4,5,6,7,8,9,504,505,506,507,508,509,510,511",0.00418879298196376,FALSE,0,0,0,1,17,0,17,0,0.944444444444444
"scad.cv",23,500,0.33,"TRUE","TRUE","FALSE","18.1483347564617","9.14755364860161","9.00078110786013","5.65","1,2,3,4,5,6,7,8,9,503,504,505,506,507,508,509,510,511",0.00474175633860683,TRUE,0,0,0,0,18,0,18,0,1
"scad.cv",24,500,0.33,"TRUE","TRUE","FALSE","18.2029536791712","9.2022496324202","9.00070404675105","6.111","1,2,4,5,6,7,8,9,503,504,505,506,507,508,509,510,511",0.00546188549398103,FALSE,0,0,1,0,17,0,17,0,0.944444444444444
"scad.cv",25,500,0.33,"TRUE","TRUE","FALSE","18.1322655448645","9.13684479897923","8.99542074588529","5.473","1,2,3,4,5,6,7,8,9,503,504,505,506,507,508,509,510,511",0.00408440187042322,TRUE,0,0,0,0,18,0,18,0,1
"scad.cv",26,500,0.33,"TRUE","TRUE","FALSE","17.8205744189917","9.10795837990989","8.71261603908184","6.11","1,2,3,4,5,6,7,8,9,504,505,506,507,508,509,510,511",0.00366199291215007,FALSE,0,0,0,1,17,0,17,0,0.944444444444444
"scad.cv",27,500,0.33,"TRUE","TRUE","FALSE","18.0502780616466","9.12428126228551","8.92599679936113","5.937","1,2,3,4,5,6,7,8,9,504,505,506,507,508,509,510,511",0.00350528950192343,FALSE,0,0,0,1,17,0,17,0,0.944444444444444
"scad.cv",28,500,0.33,"TRUE","TRUE","FALSE","18.1448097792891","9.15823128193824","8.98657849735083","5.952","1,2,3,4,5,6,7,9,504,505,506,507,508,509,510,511",0.00547821225723071,FALSE,0,0,1,1,16,0,16,0,0.888888888888889
"scad.cv",29,500,0.33,"TRUE","TRUE","FALSE","18.0640042294726","9.19663410703677","8.86737012243579","6.262","1,2,3,4,5,6,7,8,9,461,503,504,505,506,507,508,509,510,511",0.00581163905963566,FALSE,1,0,0,0,19,1,18,0.0526315789473684,1
"scad.cv",3,500,0.33,"TRUE","TRUE","FALSE","18.1099885724221","9.10931963192043","9.00066894050168","5.466","1,2,3,4,5,6,7,8,9,503,504,505,506,507,508,509,510,511",0.00361835636588422,TRUE,0,0,0,0,18,0,18,0,1
"scad.cv",30,500,0.33,"TRUE","TRUE","FALSE","18.1364796591587","9.13590149223608","9.00057816692262","5.72","1,2,4,5,6,7,8,9,503,504,505,506,507,508,509,510,511",0.00455990254825332,FALSE,0,0,1,0,17,0,17,0,0.944444444444444
"scad.cv",31,500,0.33,"TRUE","TRUE","FALSE","18.0844243367291","9.13233209442491","8.95209224230417","5.712","1,2,3,4,5,6,7,8,9,504,505,506,507,508,509,510,511",0.004332556684944,FALSE,0,0,0,1,17,0,17,0,0.944444444444444
"scad.cv",32,500,0.33,"TRUE","TRUE","FALSE","18.2017300005094","9.20062977672902","9.00110022378036","6.163","1,2,3,4,5,6,7,8,9,503,504,505,506,507,508,509,510,511",0.00335543310696109,TRUE,0,0,0,0,18,0,18,0,1
"scad.cv",33,500,0.33,"TRUE","TRUE","FALSE","18.1437100829421","9.13885053371836","9.00485954922375","5.974","1,2,3,4,5,6,7,8,9,194,295,503,504,505,506,507,508,509,510,511",0.00369277257761248,FALSE,2,0,0,0,20,2,18,0.1,1
"scad.cv",34,500,0.33,"TRUE","TRUE","FALSE","18.1170076397902","9.11731019909196","8.99969744069827","5.907","1,2,3,4,5,6,7,8,9,503,504,505,506,507,508,509,510,511",0.00279673514602471,TRUE,0,0,0,0,18,0,18,0,1
"scad.cv",35,500,0.33,"TRUE","TRUE","FALSE","18.1499548721692","9.14906567692577","9.00088919524347","5.723","1,2,3,4,5,6,7,8,9,503,504,505,506,507,508,509,510,511",0.00352776328141496,TRUE,0,0,0,0,18,0,18,0,1
"scad.cv",36,500,0.33,"TRUE","TRUE","FALSE","18.1460821529275","9.14532053288429","9.00076162004319","5.648","1,2,3,4,5,6,7,8,9,315,503,504,505,506,507,508,509,510,511",0.00303861477873804,FALSE,1,0,0,0,19,1,18,0.0526315789473684,1
"scad.cv",37,500,0.33,"TRUE","TRUE","FALSE","18.0947937353121","9.0943054551967","9.00048828011543","5.633","1,2,3,4,5,6,7,8,9,503,504,505,506,507,508,509,510,511",0.00350924896081143,TRUE,0,0,0,0,18,0,18,0,1
"scad.cv",38,500,0.33,"TRUE","TRUE","FALSE","18.1904276659064","9.18965908319359","9.00076858271285","6.072","1,2,4,5,6,7,8,9,503,504,505,506,507,508,509,510,511",0.00352466608846042,FALSE,0,0,1,0,17,0,17,0,0.944444444444444
"scad.cv",39,500,0.33,"TRUE","TRUE","FALSE","18.0955282230268","9.09486180445344","9.00066641857339","5.67","1,2,3,4,5,6,7,8,9,503,504,505,506,507,508,509,510,511",0.00505027537150864,TRUE,0,0,0,0,18,0,18,0,1
"scad.cv",4,500,0.33,"TRUE","TRUE","FALSE","18.1102891725026","9.12938628297699","8.98090288952563","5.724","1,2,3,4,5,6,7,8,9,504,505,506,507,508,509,510,511",0.00399823320473231,FALSE,0,0,0,1,17,0,17,0,0.944444444444444
"scad.cv",40,500,0.33,"TRUE","TRUE","FALSE","18.2769880456386","9.27637935834986","9.00060868728878","5.786","1,2,3,4,5,6,7,8,9,503,504,505,506,507,508,509,510,511",0.00414593244649592,TRUE,0,0,0,0,18,0,18,0,1
"scad.cv",41,500,0.33,"TRUE","TRUE","FALSE","17.8459831795569","9.24638541461313","8.59959776494381","7.455","1,2,3,4,5,6,7,8,9,504,505,506,507,508,509,510,511",0.00335360894989483,FALSE,0,0,0,1,17,0,17,0,0.944444444444444
"scad.cv",42,500,0.33,"TRUE","TRUE","FALSE","17.274999905335","9.16670287440537","8.10829703092959","6.144","1,2,3,4,5,6,7,8,9,504,505,506,507,508,509,510,511",0.00328920397520263,FALSE,0,0,0,1,17,0,17,0,0.944444444444444
"scad.cv",43,500,0.33,"TRUE","TRUE","FALSE","18.1557458922651","9.15485056628177","9.00089532598331","6.03","1,2,3,4,5,6,7,8,9,276,503,504,505,506,507,508,509,510,511",0.0054209685705491,FALSE,1,0,0,0,19,1,18,0.0526315789473684,1
"scad.cv",44,500,0.33,"TRUE","TRUE","FALSE","18.0948856378529","9.10542958529935","8.98945605255351","5.619","1,2,3,4,5,6,7,8,9,498,503,504,505,506,507,508,509,510,511",0.00362731001619069,FALSE,1,0,0,0,19,1,18,0.0526315789473684,1
"scad.cv",45,500,0.33,"TRUE","TRUE","FALSE","18.1025657254824","9.10169490908289","9.0008708163995","5.33","1,2,3,4,5,6,7,8,9,503,504,505,506,507,508,509,510,511",0.00338480093542217,TRUE,0,0,0,0,18,0,18,0,1
"scad.cv",46,500,0.33,"TRUE","TRUE","FALSE","17.4529062451679","9.20881849692387","8.24408774824399","6.462","1,2,3,4,5,6,7,8,9,334,504,505,506,507,508,509,510,511",0.00403922459902746,FALSE,1,0,0,1,18,1,17,0.0555555555555556,0.944444444444444
"scad.cv",47,500,0.33,"TRUE","TRUE","FALSE","18.2203746116445","9.26236344176315","8.95801116988134","6.594","1,2,3,4,5,6,7,8,9,503,504,505,506,507,508,509,510,511",0.00405728471091967,TRUE,0,0,0,0,18,0,18,0,1
"scad.cv",48,500,0.33,"TRUE","TRUE","FALSE","18.2440999965127","9.24093514028511","9.00316485622755","6.227","1,2,3,4,5,6,7,8,9,503,504,505,506,507,508,509,510,511",0.00388954177327627,TRUE,0,0,0,0,18,0,18,0,1
"scad.cv",49,500,0.33,"TRUE","TRUE","FALSE","18.0963050200726","9.11365771216632","8.98264730790629","5.762","1,2,3,4,5,6,7,8,9,504,505,506,507,508,509,510,511",0.00386838651972673,FALSE,0,0,0,1,17,0,17,0,0.944444444444444
"scad.cv",5,500,0.33,"TRUE","TRUE","FALSE","18.0455571265403","9.10368277366351","8.94187435287678","5.685","1,2,3,4,5,6,7,8,9,503,504,505,506,507,508,509,510,511",0.00389065585352612,TRUE,0,0,0,0,18,0,18,0,1
"scad.cv",50,500,0.33,"TRUE","TRUE","FALSE","18.424143592995","9.42143641318195","9.002707179813","6.819","1,2,3,4,5,6,7,8,9,396,503,504,505,506,507,508,509,510,511",0.00339761937086619,FALSE,1,0,0,0,19,1,18,0.0526315789473684,1
"scad.cv",51,500,0.33,"TRUE","TRUE","FALSE","18.1813089310101","9.18050178644791","9.00080714456216","6.02","1,2,3,4,5,6,7,8,9,503,504,505,506,507,508,509,510,511",0.00442394242692731,TRUE,0,0,0,0,18,0,18,0,1
"scad.cv",52,500,0.33,"TRUE","TRUE","FALSE","18.1126629116085","9.11205439236806","9.0006085192404","5.487","1,2,3,4,5,6,7,8,9,503,504,505,506,507,508,509,510,511",0.00468523537708893,TRUE,0,0,0,0,18,0,18,0,1
"scad.cv",53,500,0.33,"TRUE","TRUE","FALSE","18.1299556906283","9.13129396750776","8.99866172312054","5.667","1,2,3,4,5,6,7,8,9,503,504,505,506,507,508,509,510,511",0.00303733959707951,TRUE,0,0,0,0,18,0,18,0,1
"scad.cv",54,500,0.33,"TRUE","TRUE","FALSE","18.1154424025662","9.09311429733581","9.02232810523036","5.489","1,2,3,4,5,6,7,8,9,503,504,505,506,507,508,509,510,511",0.00329164331394379,TRUE,0,0,0,0,18,0,18,0,1
"scad.cv",55,500,0.33,"TRUE","TRUE","FALSE","17.915332960271","9.15313848841906","8.76219447185196","6.031","1,2,3,4,5,6,7,8,9,504,505,506,507,508,509,510,511",0.00409178252257763,FALSE,0,0,0,1,17,0,17,0,0.944444444444444
"scad.cv",56,500,0.33,"TRUE","TRUE","FALSE","17.4488786678831","9.11913480064547","8.32974386723765","6.397","1,2,3,4,5,6,7,8,9,504,505,506,507,508,509,510,511",0.00371292574340643,FALSE,0,0,0,1,17,0,17,0,0.944444444444444
"scad.cv",57,500,0.33,"TRUE","TRUE","FALSE","18.1393065105547","9.13843144297499","9.00087506757973","5.702","1,2,3,4,5,6,7,8,9,503,504,505,506,507,508,509,510,511",0.00499900766680358,TRUE,0,0,0,0,18,0,18,0,1
"scad.cv",58,500,0.33,"TRUE","TRUE","FALSE","18.1585201459869","9.157886048331","9.00063409765591","5.83","1,2,3,4,5,6,7,8,9,483,503,504,505,506,507,508,509,510,511",0.00302723932814082,FALSE,1,0,0,0,19,1,18,0.0526315789473684,1
"scad.cv",59,500,0.33,"TRUE","TRUE","FALSE","18.3043549378986","9.45421811978571","8.85013681811288","7.342","1,2,3,4,5,6,7,8,9,503,504,505,506,507,508,509,510,511",0.00475167158494374,TRUE,0,0,0,0,18,0,18,0,1
"scad.cv",6,500,0.33,"TRUE","TRUE","FALSE","18.1184205323762","9.12052634818222","8.99789418419394","5.477","1,2,3,4,5,6,7,8,9,503,504,505,506,507,508,509,510,511",0.00382870413133663,TRUE,0,0,0,0,18,0,18,0,1
"scad.cv",60,500,0.33,"TRUE","TRUE","FALSE","18.0909725738321","9.09843293346917","8.9925396403629","5.428","1,2,3,4,5,6,7,8,9,503,504,505,506,507,508,509,510,511",0.00396074655378161,TRUE,0,0,0,0,18,0,18,0,1
"scad.cv",61,500,0.33,"TRUE","TRUE","FALSE","18.1633789573571","9.1934665097047","8.96991244765239","5.998","1,2,3,4,5,6,7,8,9,503,504,505,506,507,508,509,510,511",0.00283098274000793,TRUE,0,0,0,0,18,0,18,0,1
"scad.cv",62,500,0.33,"TRUE","TRUE","FALSE","18.1517279540152","9.15223824752856","8.99948970648669","5.74","1,2,3,4,5,6,7,8,9,503,504,505,506,507,508,509,510,511",0.00332226625879807,TRUE,0,0,0,0,18,0,18,0,1
"scad.cv",63,500,0.33,"TRUE","TRUE","FALSE","17.7988558998106","9.09602806022479","8.70282783958585","6.036","1,2,3,4,5,6,7,8,9,504,505,506,507,508,509,510,511",0.00399509768151099,FALSE,0,0,0,1,17,0,17,0,0.944444444444444
"scad.cv",64,500,0.33,"TRUE","TRUE","FALSE","18.1563129742832","9.14762679877312","9.00868617551013","6.007","1,2,3,4,5,6,7,8,9,73,503,504,505,506,507,508,509,510,511",0.00275698846614349,FALSE,1,0,0,0,19,1,18,0.0526315789473684,1
"scad.cv",65,500,0.33,"TRUE","TRUE","FALSE","18.0985564168371","9.10272204530688","8.99583437153021","5.293","1,2,3,4,5,6,7,8,9,503,504,505,506,507,508,509,510,511",0.00335937176114914,TRUE,0,0,0,0,18,0,18,0,1
"scad.cv",66,500,0.33,"TRUE","TRUE","FALSE","18.1292299463332","9.1281644114842","9.00106553484895","4.874","1,2,3,4,5,6,7,8,9,503,504,505,506,507,508,509,510,511",0.00372121918640844,TRUE,0,0,0,0,18,0,18,0,1
"scad.cv",67,500,0.33,"TRUE","TRUE","FALSE","18.1302125372713","9.12894027624686","9.00127226102443","5.454","1,2,3,4,5,6,7,8,9,503,504,505,506,507,508,509,510,511",0.0035773440234998,TRUE,0,0,0,0,18,0,18,0,1
"scad.cv",68,500,0.33,"TRUE","TRUE","FALSE","18.2875453607442","9.28672764143315","9.00081771931108","6.435","1,2,3,4,5,6,7,8,9,503,504,505,506,507,508,509,510,511",0.0038759210007368,TRUE,0,0,0,0,18,0,18,0,1
"scad.cv",69,500,0.33,"TRUE","TRUE","FALSE","18.0977733112166","9.09588385145723","9.00188945975941","5.245","1,2,3,4,5,6,7,8,9,503,504,505,506,507,508,509,510,511",0.0035365405638901,TRUE,0,0,0,0,18,0,18,0,1
"scad.cv",7,500,0.33,"TRUE","TRUE","FALSE","18.037780357125","9.12954347943385","8.90823687769111","5.933","1,2,3,4,5,6,7,8,9,504,505,506,507,508,509,510,511",0.00401244562088055,FALSE,0,0,0,1,17,0,17,0,0.944444444444444
"scad.cv",70,500,0.33,"TRUE","TRUE","FALSE","18.1182042035323","9.1311247863016","8.9870794172307","5.695","1,2,3,4,5,6,7,8,9,504,505,506,507,508,509,510,511",0.00343810826033963,FALSE,0,0,0,1,17,0,17,0,0.944444444444444
"scad.cv",71,500,0.33,"TRUE","TRUE","FALSE","18.119701939421","9.12189985109","8.997802088331","5.284","1,2,3,4,5,6,7,8,9,503,504,505,506,507,508,509,510,511",0.00327864577040667,TRUE,0,0,0,0,18,0,18,0,1
"scad.cv",72,500,0.33,"TRUE","TRUE","FALSE","18.1231911401965","9.12413995919432","8.99905118100218","5.164","1,2,3,4,5,6,7,8,9,503,504,505,506,507,508,509,510,511",0.00378431564641901,TRUE,0,0,0,0,18,0,18,0,1
"scad.cv",73,500,0.33,"TRUE","TRUE","FALSE","18.1746074619886","9.17316995465255","9.00143750733606","6.025","1,2,3,4,5,6,7,8,9,503,504,505,506,507,508,509,510,511",0.00380825219787849,TRUE,0,0,0,0,18,0,18,0,1
"scad.cv",74,500,0.33,"TRUE","TRUE","FALSE","18.1285595210702","9.12747557004516","9.00108395102501","5.585","1,2,3,4,5,6,7,8,9,503,504,505,506,507,508,509,510,511",0.00291454254968934,TRUE,0,0,0,0,18,0,18,0,1
"scad.cv",75,500,0.33,"TRUE","TRUE","FALSE","18.7449673128588","9.74621625879694","8.9987510540619","6.621","1,2,3,4,5,6,7,8,9,503,504,505,506,507,508,509,510,511",0.00286280702471048,TRUE,0,0,0,0,18,0,18,0,1
"scad.cv",76,500,0.33,"TRUE","TRUE","FALSE","17.4434333746996","9.21554156016426","8.22789181453538","6.538","1,2,3,4,5,6,7,8,9,504,505,506,507,508,509,510,511",0.00387154113447401,FALSE,0,0,0,1,17,0,17,0,0.944444444444444
"scad.cv",77,500,0.33,"TRUE","TRUE","FALSE","18.2249931170606","9.32794173060691","8.89705138645367","6.731","1,2,3,4,5,6,7,8,9,503,504,505,506,507,508,509,510,511",0.003179649654529,TRUE,0,0,0,0,18,0,18,0,1
"scad.cv",78,500,0.33,"TRUE","TRUE","FALSE","18.1505279821681","9.14975104924933","9.00077693291878","5.542","1,2,3,4,5,6,7,8,9,503,504,505,506,507,508,509,510,511",0.00346260747417232,TRUE,0,0,0,0,18,0,18,0,1
"scad.cv",79,500,0.33,"TRUE","TRUE","FALSE","18.135423602887","9.14050345466789","8.99492014821915","5.528","1,2,3,4,5,6,7,8,9,307,503,504,505,506,507,508,509,510,511",0.00399779114480446,FALSE,1,0,0,0,19,1,18,0.0526315789473684,1
"scad.cv",8,500,0.33,"TRUE","TRUE","FALSE","18.1389819598881","9.13853570972492","9.00044625016317","5.911","1,2,3,4,5,6,7,8,9,503,504,505,506,507,508,509,510,511",0.00429202406328722,TRUE,0,0,0,0,18,0,18,0,1
"scad.cv",80,500,0.33,"TRUE","TRUE","FALSE","18.1212035068258","9.11823257844205","9.00297092838372","5.437","1,2,3,4,5,6,7,8,9,503,504,505,506,507,508,509,510,511",0.00417973230098489,TRUE,0,0,0,0,18,0,18,0,1
"scad.cv",81,500,0.33,"TRUE","TRUE","FALSE","18.0965933563131","9.09603101121742","9.00056234509571","5.307","1,2,3,4,5,6,7,8,9,503,504,505,506,507,508,509,510,511",0.00421304837622483,TRUE,0,0,0,0,18,0,18,0,1
"scad.cv",82,500,0.33,"TRUE","TRUE","FALSE","18.2277507054326","9.22685504964409","9.00089565578848","6.586","1,2,3,4,5,6,7,8,9,503,504,505,506,507,508,509,510,511",0.00441951371971642,TRUE,0,0,0,0,18,0,18,0,1
"scad.cv",83,500,0.33,"TRUE","TRUE","FALSE","18.1108813353804","9.1101004327518","9.00078090262857","5.698","1,2,3,4,5,6,7,8,9,503,504,505,506,507,508,509,510,511",0.0039482725826485,TRUE,0,0,0,0,18,0,18,0,1
"scad.cv",84,500,0.33,"TRUE","TRUE","FALSE","18.1419293533026","9.16509994366041","8.97682940964219","5.839","1,2,3,4,5,6,7,8,9,503,504,505,506,507,508,509,510,511",0.00322672294107924,TRUE,0,0,0,0,18,0,18,0,1
"scad.cv",85,500,0.33,"TRUE","TRUE","FALSE","18.024259069505","9.12466669370064","8.89959237580436","6.04","1,2,3,4,5,6,7,8,9,504,505,506,507,508,509,510,511",0.00497530766656561,FALSE,0,0,0,1,17,0,17,0,0.944444444444444
"scad.cv",86,500,0.33,"TRUE","TRUE","FALSE","17.5686916280815","9.13516388948132","8.43352773860019","6.602","1,2,3,4,5,6,7,8,9,504,505,506,507,508,509,510,511",0.00366704877853959,FALSE,0,0,0,1,17,0,17,0,0.944444444444444
"scad.cv",87,500,0.33,"TRUE","TRUE","FALSE","17.8552416846335","9.15829828935873","8.69694339527477","6.207","1,2,3,4,5,6,7,8,9,504,505,506,507,508,509,510,511",0.0033942870550879,FALSE,0,0,0,1,17,0,17,0,0.944444444444444
"scad.cv",88,500,0.33,"TRUE","TRUE","FALSE","18.1696251306463","9.16947335787769","9.00015177276862","5.719","1,2,3,4,5,6,7,8,9,503,504,505,506,507,508,509,510,511",0.00393336701514314,TRUE,0,0,0,0,18,0,18,0,1
"scad.cv",89,500,0.33,"TRUE","TRUE","FALSE","18.0855906296463","9.09190840903129","8.99368222061497","5.346","1,2,3,4,5,6,7,8,9,503,504,505,506,507,508,509,510,511",0.00401163033030603,TRUE,0,0,0,0,18,0,18,0,1
"scad.cv",9,500,0.33,"TRUE","TRUE","FALSE","18.0966534551451","9.10351107304038","8.99314238210469","5.409","1,2,3,4,5,6,7,8,9,503,504,505,506,507,508,509,510,511",0.00339205370072754,TRUE,0,0,0,0,18,0,18,0,1
"scad.cv",90,500,0.33,"TRUE","TRUE","FALSE","18.1737623108179","9.19359182506172","8.98017048575619","6.05","1,2,3,4,5,6,7,8,9,504,505,506,507,508,509,510,511",0.00345644451804629,FALSE,0,0,0,1,17,0,17,0,0.944444444444444
"scad.cv",91,500,0.33,"TRUE","TRUE","FALSE","18.161446783005","9.16077381883048","9.00067296417449","5.905","1,2,3,4,5,6,7,8,9,194,469,483,503,504,505,506,507,508,509,510,511",0.00456216269527073,FALSE,3,0,0,0,21,3,18,0.142857142857143,1
"scad.cv",92,500,0.33,"TRUE","TRUE","FALSE","17.7162816121316","9.12801078092959","8.58827083120197","6.483","1,2,4,5,6,7,8,9,504,505,506,507,508,509,510,511",0.00477297908581685,FALSE,0,0,1,1,16,0,16,0,0.888888888888889
"scad.cv",93,500,0.33,"TRUE","TRUE","FALSE","17.7575026550616","9.15106447784633","8.60643817721528","6.768","1,2,3,4,5,6,7,8,9,504,505,506,507,508,509,510,511",0.00410602380982088,FALSE,0,0,0,1,17,0,17,0,0.944444444444444
"scad.cv",94,500,0.33,"TRUE","TRUE","FALSE","18.1029615776184","9.10180834427599","9.00115323334243","5.277","1,2,3,4,5,6,7,8,9,503,504,505,506,507,508,509,510,511",0.00410213772628102,TRUE,0,0,0,0,18,0,18,0,1
"scad.cv",95,500,0.33,"TRUE","TRUE","FALSE","18.1448538880853","9.14327370265372","9.00158018543155","5.982","1,2,3,4,5,6,7,8,9,257,290,295,307,503,504,505,506,507,508,509,510,511",0.00111310284970049,FALSE,4,0,0,0,22,4,18,0.181818181818182,1
"scad.cv",96,500,0.33,"TRUE","TRUE","FALSE","18.1487962774349","9.14805761853668","9.00073865889817","5.431","1,2,3,4,5,6,7,8,9,503,504,505,506,507,508,509,510,511",0.00366926898883849,TRUE,0,0,0,0,18,0,18,0,1
"scad.cv",97,500,0.33,"TRUE","TRUE","FALSE","18.1199481013222","9.11925820649746","9.00068989482478","5.501","1,2,3,4,5,6,7,8,9,503,504,505,506,507,508,509,510,511",0.00334413205812122,TRUE,0,0,0,0,18,0,18,0,1
"scad.cv",98,500,0.33,"TRUE","TRUE","FALSE","18.1247081667589","9.12340258718281","9.00130557957605","5.582","1,2,3,4,5,6,7,8,9,503,504,505,506,507,508,509,510,511",0.00470668961858089,TRUE,0,0,0,0,18,0,18,0,1
"scad.cv",99,500,0.33,"TRUE","TRUE","FALSE","18.1545082030169","9.27804881471313","8.87645938830373","6.974","1,2,3,4,5,6,7,8,9,504,505,506,507,508,509,510,511",0.00344130973415561,FALSE,0,0,0,1,17,0,17,0,0.944444444444444
