"method","sim","n","betamin","is.true.model.intop.kappa.o","is.true.model.intop.kappa.oplusLASSO","is.s.hat.nan","s.hat","s0.hat","s1.hat","time.l0","sel.model","est.mse","recovery","nb.tI.b0","nb.tI.b1","nb.tII.b0","nb.tII.b1","est.size","FP","TP","FDR","power"
"EBIC",1,80,0.2,"FALSE","FALSE","FALSE","9.08079640896363","5.13227490064677","3.94852150831686","0.548","2,3,4,5,6,7,44,46,47,48,49,53",0.0213546741933785,FALSE,0,1,1,2,12,1,11,0.0833333333333333,0.785714285714286
"EBIC",10,80,0.2,"FALSE","FALSE","FALSE","9.36866710904337","4.85501410773136","4.51365300131202","0.482","1,2,4,6,7,43,44,45,46,47,48,49",0.0197054973006467,FALSE,0,0,2,0,12,0,12,0,0.857142857142857
"EBIC",100,80,0.2,"FALSE","FALSE","FALSE","9.48030647547267","5.25027243603336","4.23003403943931","0.322","2,4,5,6,7,44,45,46,48,49",0.0282984364449988,FALSE,0,0,2,2,10,0,10,0,0.714285714285714
"EBIC",11,80,0.2,"FALSE","FALSE","FALSE","9.22055013450969","5.95266726993529","3.2678828645744","0.75","1,2,4,5,6,7,22,44,46,47,48,49",0.0241519413535112,FALSE,1,0,1,2,12,1,11,0.0833333333333333,0.785714285714286
"EBIC",12,80,0.2,"FALSE","FALSE","FALSE","9.26544026142851","6.3850422481916","2.8803980132369","0.673","2,3,4,5,6,7,41,44,45,46,47,48,49",0.016712140543407,FALSE,1,0,1,1,13,1,12,0.0769230769230769,0.857142857142857
"EBIC",13,80,0.2,"TRUE","TRUE","FALSE","12.2974316442824","6.34485983918247","5.9525718050999","0.329","1,2,3,4,5,6,7,44,45,46,47,48,49",0.00525077807853489,FALSE,0,0,0,1,13,0,13,0,0.928571428571429
"EBIC",14,80,0.2,"FALSE","FALSE","FALSE","10.5602327104441","4.82955013003088","5.73068258041323","0.629","2,3,4,5,6,7,43,44,45,46,47,48,49,51",0.0112833135221409,FALSE,0,1,1,0,14,1,13,0.0714285714285714,0.928571428571429
"EBIC",15,80,0.2,"FALSE","FALSE","FALSE","9.62040134374289","6.36702468234284","3.25337666140005","0.413","1,2,3,4,5,6,7,20,44,46,47,48,49",0.0165091144778484,FALSE,1,0,0,2,13,1,12,0.0769230769230769,0.857142857142857
"EBIC",16,80,0.2,"FALSE","FALSE","FALSE","9.88700313715609","5.99908846168961","3.88791467546648","0.708","1,2,4,5,6,7,13,42,45,46,47,48,49",0.0243963103239551,FALSE,2,0,1,2,13,2,11,0.153846153846154,0.785714285714286
"EBIC",17,80,0.2,"FALSE","FALSE","FALSE","8.8892609240413","4.99550298105536","3.89375794298594","0.568","2,3,4,5,6,7,15,44,45,47,48,49,50",0.0348026322918607,FALSE,1,1,1,2,13,2,11,0.153846153846154,0.785714285714286
"EBIC",18,80,0.2,"FALSE","FALSE","FALSE","10.1235564506031","5.61960660677617","4.50394984382697","0.664","1,2,3,4,5,6,7,30,44,45,46,47,48,49",0.00856519316159606,FALSE,1,0,0,1,14,1,13,0.0714285714285714,0.928571428571429
"EBIC",19,80,0.2,"FALSE","FALSE","FALSE","10.5867920829641","6.54357858039181","4.04321350257227","0.417","1,2,3,4,5,6,7,20,28,37,45,46,47,48,49",0.0275362951895929,FALSE,3,0,0,2,15,3,12,0.2,0.857142857142857
"EBIC",2,80,0.2,"FALSE","FALSE","FALSE","8.84020685409256","5.58282226426093","3.25738458983163","0.788","1,2,4,5,6,7,44,45,46,47,48,49",0.00944993172728023,FALSE,0,0,1,1,12,0,12,0,0.857142857142857
"EBIC",20,80,0.2,"FALSE","FALSE","FALSE","9.35727124704174","6.50523723903686","2.85203400800488","0.499","2,3,4,5,6,7,37,44,46,48,49",0.0335419012168716,FALSE,1,0,1,3,11,1,10,0.0909090909090909,0.714285714285714
"EBIC",21,80,0.2,"FALSE","FALSE","FALSE","9.38048380067739","5.81077731648176","3.56970648419563","0.661","1,2,3,4,6,7,30,44,45,46,47,48,49",0.0177881979740193,FALSE,1,0,1,1,13,1,12,0.0769230769230769,0.857142857142857
"EBIC",22,80,0.2,"FALSE","FALSE","FALSE","9.74058657651235","7.46365426475085","2.2769323117615","0.687","1,2,3,4,5,6,7,12,40,42,44,47,48,49",0.0421718392401104,FALSE,3,0,0,3,14,3,11,0.214285714285714,0.785714285714286
"EBIC",23,80,0.2,"FALSE","FALSE","FALSE","9.43912281308515","4.44146412237411","4.99765869071104","0.359","1,2,3,4,5,6,11,44,45,46,47,48,49",0.0212419033513229,FALSE,1,0,1,1,13,1,12,0.0769230769230769,0.857142857142857
"EBIC",24,80,0.2,"FALSE","FALSE","FALSE","8.28653020800342","4.23501148504979","4.05151872295363","0.528","1,2,3,4,5,7,44,46,47,48,49",0.0189037202423076,FALSE,0,0,1,2,11,0,11,0,0.785714285714286
"EBIC",25,80,0.2,"FALSE","FALSE","FALSE","11.7527498911883","6.61367983065256","5.13907006053577","0.516","1,2,3,4,6,7,12,17,19,22,44,45,46,47,48,49",0.0392712851590051,FALSE,4,0,1,1,16,4,12,0.25,0.857142857142857
"EBIC",26,80,0.2,"FALSE","FALSE","FALSE","10.2215792939954","6.39329574400487","3.82828354999049","0.457","2,3,4,5,6,7,33,44,46,47,48,49",0.0230857113511124,FALSE,1,0,1,2,12,1,11,0.0833333333333333,0.785714285714286
"EBIC",27,80,0.2,"FALSE","FALSE","FALSE","10.8406997785108","6.62213242665407","4.21856735185673","0.366","1,2,3,4,5,6,7,34,44,46,48,49,50,51",0.0409555248377744,FALSE,1,2,0,3,14,3,11,0.214285714285714,0.785714285714286
"EBIC",28,80,0.2,"FALSE","FALSE","FALSE","9.37211628908898","5.62017031900926","3.75194597007971","0.822","2,3,4,6,7,9,25,37,38,46,47,48,49",0.0554997637258263,FALSE,4,0,2,3,13,4,9,0.307692307692308,0.642857142857143
"EBIC",29,80,0.2,"FALSE","FALSE","FALSE","8.55284052162931","5.51160163105193","3.04123889057738","0.593","2,3,4,5,6,7,44,45,46,47,49",0.0283126857291903,FALSE,0,0,1,2,11,0,11,0,0.785714285714286
"EBIC",3,80,0.2,"FALSE","FALSE","FALSE","8.78764372232564","6.6743500103133","2.11329371201234","0.477","2,3,4,5,6,7,9,37,40,46,48,49",0.0557252393395974,FALSE,3,0,1,4,12,3,9,0.25,0.642857142857143
"EBIC",30,80,0.2,"FALSE","FALSE","FALSE","8.78132072958647","4.47161582628643","4.30970490330003","0.546","1,2,3,4,5,29,45,46,47,48,49",0.0361100332075712,FALSE,1,0,2,2,11,1,10,0.0909090909090909,0.714285714285714
"EBIC",31,80,0.2,"FALSE","FALSE","FALSE","9.10953647212796","4.55948134880142","4.55005512332654","0.598","2,4,5,6,16,27,43,44,45,47,48,49",0.0478453874019115,FALSE,2,0,3,1,12,2,10,0.166666666666667,0.714285714285714
"EBIC",32,80,0.2,"TRUE","TRUE","FALSE","10.6999812131111","6.16425810271397","4.53572311039709","0.45","2,3,4,5,6,7,44,45,46,47,48,49",0.00834850607306612,FALSE,0,0,1,1,12,0,12,0,0.857142857142857
"EBIC",33,80,0.2,"FALSE","FALSE","FALSE","11.4081098633478","5.79347384516914","5.61463601817869","0.515","1,2,3,4,5,6,7,33,44,45,46,47,48,49",0.010475375924994,FALSE,1,0,0,1,14,1,13,0.0714285714285714,0.928571428571429
"EBIC",34,80,0.2,"FALSE","FALSE","FALSE","10.3520406686015","6.19253281538587","4.15950785321565","0.405","1,2,3,4,5,7,32,44,46,47,48,49",0.0242209046268401,FALSE,1,0,1,2,12,1,11,0.0833333333333333,0.785714285714286
"EBIC",35,80,0.2,"FALSE","FALSE","FALSE","9.61753500854184","6.48248315437683","3.13505185416501","0.568","1,2,3,4,5,6,7,26,44,45,46,47,48,49",0.0102278363222627,FALSE,1,0,0,1,14,1,13,0.0714285714285714,0.928571428571429
"EBIC",36,80,0.2,"FALSE","FALSE","FALSE","11.4120282054409","6.10825381043625","5.30377439500464","0.4","1,2,3,4,5,6,7,44,45,46,47,48,49",0.00621763086100539,FALSE,0,0,0,1,13,0,13,0,0.928571428571429
"EBIC",37,80,0.2,"FALSE","FALSE","FALSE","8.75086714090223","4.67405983822913","4.0768073026731","0.347","2,4,6,7,9,46,47,48,49",0.0560889282694426,FALSE,1,0,3,3,9,1,8,0.111111111111111,0.571428571428571
"EBIC",38,80,0.2,"FALSE","FALSE","FALSE","8.56085528413888","4.51981122673192","4.04104405740696","0.334","1,2,4,5,6,7,46,47,48,49",0.0258670204879177,FALSE,0,0,1,3,10,0,10,0,0.714285714285714
"EBIC",39,80,0.2,"FALSE","FALSE","FALSE","9.82212954238304","5.41831802537879","4.40381151700425","0.55","1,2,3,4,5,6,7,15,37,45,46,47,48,49",0.0179245108006585,FALSE,2,0,0,2,14,2,12,0.142857142857143,0.857142857142857
"EBIC",4,80,0.2,"FALSE","FALSE","FALSE","10.3113063870607","5.19979254604958","5.1115138410111","0.609","1,2,3,4,5,6,7,21,44,45,46,47,48,49",0.00723278626157158,FALSE,1,0,0,1,14,1,13,0.0714285714285714,0.928571428571429
"EBIC",40,80,0.2,"FALSE","FALSE","FALSE","10.244200695887","7.08164640987135","3.1625542860157","0.542","1,2,3,4,5,6,7,31,45,46,47,48,49",0.0134062004028135,FALSE,1,0,0,2,13,1,12,0.0769230769230769,0.857142857142857
"EBIC",41,80,0.2,"FALSE","FALSE","FALSE","9.33463022554179","5.30607729662197","4.02855292891982","0.832","2,3,4,5,6,7,43,44,46,47,48,49",0.0221110293194989,FALSE,0,0,1,1,12,0,12,0,0.857142857142857
"EBIC",42,80,0.2,"FALSE","FALSE","FALSE","10.8548347722511","6.14132729461224","4.71350747763883","0.329","1,2,3,4,5,7,45,46,47,48,49",0.0188411957492794,FALSE,0,0,1,2,11,0,11,0,0.785714285714286
"EBIC",43,80,0.2,"FALSE","FALSE","FALSE","9.45236265257792","5.4951483179177","3.95721433466022","0.658","1,2,3,4,5,6,7,44,46,47,48,49,50",0.0204970321500239,FALSE,0,1,0,2,13,1,12,0.0769230769230769,0.857142857142857
"EBIC",44,80,0.2,"FALSE","FALSE","FALSE","9.79938322551011","5.53668070908591","4.2627025164242","0.656","1,2,4,5,6,7,33,45,46,47,48,49",0.019381646969013,FALSE,1,0,1,2,12,1,11,0.0833333333333333,0.785714285714286
"EBIC",45,80,0.2,"FALSE","FALSE","FALSE","8.81216578734274","5.63072136222501","3.18144442511774","0.72","1,2,4,5,7,10,32,46,47,48,49",0.0458761783869374,FALSE,2,0,2,3,11,2,9,0.181818181818182,0.642857142857143
"EBIC",46,80,0.2,"FALSE","FALSE","FALSE","9.03112679134766","6.99144519100925","2.03968160033841","0.36","1,2,4,5,6,7,25,33,44,46,49,50",0.067243721921445,FALSE,2,1,1,4,12,3,9,0.25,0.642857142857143
"EBIC",47,80,0.2,"FALSE","FALSE","FALSE","8.91428237271262","5.89244549483877","3.02183687787384","0.557","2,3,4,5,6,7,21,45,46,48,49",0.0331446112408609,FALSE,1,0,1,3,11,1,10,0.0909090909090909,0.714285714285714
"EBIC",48,80,0.2,"FALSE","FALSE","FALSE","8.92152811329427","4.56862076556676","4.35290734772751","0.372","2,4,5,6,7,43,44,45,47,48,49",0.0301531975033441,FALSE,0,0,2,1,11,0,11,0,0.785714285714286
"EBIC",49,80,0.2,"FALSE","FALSE","FALSE","10.2859657093739","5.58013449011967","4.70583121925422","0.461","1,2,3,4,5,6,7,12,45,46,47,48,49",0.0130538893244608,FALSE,1,0,0,2,13,1,12,0.0769230769230769,0.857142857142857
"EBIC",5,80,0.2,"FALSE","FALSE","FALSE","9.59519524837142","6.28903403666587","3.30616121170554","0.373","1,2,4,5,6,7,45,46,48,49",0.0259768398506763,FALSE,0,0,1,3,10,0,10,0,0.714285714285714
"EBIC",50,80,0.2,"TRUE","TRUE","FALSE","10.625842391704","7.0177780941348","3.60806429756923","0.795","2,3,4,5,6,7,18,28,43,44,47,48,49",0.0316881616396722,FALSE,2,0,1,2,13,2,11,0.153846153846154,0.785714285714286
"EBIC",51,80,0.2,"FALSE","FALSE","FALSE","9.44538857408447","5.44634976557397","3.9990388085105","0.406","2,3,4,5,6,7,44,46,47,48,49",0.0171981889536064,FALSE,0,0,1,2,11,0,11,0,0.785714285714286
"EBIC",52,80,0.2,"FALSE","FALSE","FALSE","10.1240141869724","6.36740622722138","3.75660795975103","0.381","2,3,4,5,6,7,43,44,45,46,47,48,49",0.00922717915009051,FALSE,0,0,1,0,13,0,13,0,0.928571428571429
"EBIC",53,80,0.2,"FALSE","FALSE","FALSE","9.15844473974956","6.07597559156134","3.08246914818821","0.743","1,2,3,4,5,6,7,12,45,46,48,49",0.0300219887342543,FALSE,1,0,0,3,12,1,11,0.0833333333333333,0.785714285714286
"EBIC",54,80,0.2,"FALSE","FALSE","FALSE","9.14409343429025","5.61397689402711","3.53011654026314","0.657","1,2,4,6,7,9,32,46,47,48,49",0.0505719177971575,FALSE,2,0,2,3,11,2,9,0.181818181818182,0.642857142857143
"EBIC",55,80,0.2,"FALSE","FALSE","FALSE","10.2759817565677","5.90968548113918","4.36629627542852","0.639","1,3,6,11,13,14,20,42,44,45,47,48,49",0.125410916280468,FALSE,5,0,4,2,13,5,8,0.384615384615385,0.571428571428571
"EBIC",56,80,0.2,"FALSE","FALSE","FALSE","9.14053166709971","6.27725466626489","2.86327700083482","0.678","1,2,3,4,5,7,40,43,44,45,46,47,49",0.0403134647129837,FALSE,1,0,1,1,13,1,12,0.0769230769230769,0.857142857142857
"EBIC",57,80,0.2,"FALSE","FALSE","FALSE","8.92318653390371","5.49644108993469","3.42674544396902","0.472","2,4,5,6,7,34,41,46,48,49,51",0.0540498298283833,FALSE,2,1,2,4,11,3,8,0.272727272727273,0.571428571428571
"EBIC",58,80,0.2,"FALSE","FALSE","FALSE","10.9691121196852","5.93191834199603","5.03719377768914","0.295","2,3,4,5,6,7,44,45,47,48,49",0.0184673364846191,FALSE,0,0,1,2,11,0,11,0,0.785714285714286
"EBIC",59,80,0.2,"FALSE","FALSE","FALSE","8.67468161325188","5.90190848922704","2.77277312402484","0.45","2,3,4,5,6,7,26,44,46,49",0.0557479497215955,FALSE,1,0,1,4,10,1,9,0.1,0.642857142857143
"EBIC",6,80,0.2,"FALSE","FALSE","FALSE","7.96942804726119","6.28085252148537","1.68857552577582","0.6","1,2,3,4,5,6,7,35,44,46,49",0.0474211505637369,FALSE,1,0,0,4,11,1,10,0.0909090909090909,0.714285714285714
"EBIC",60,80,0.2,"FALSE","FALSE","FALSE","8.77204054258775","5.17252579544182","3.59951474714593","0.747","1,2,3,4,5,7,32,44,46,47,48,49",0.0299904437865557,FALSE,1,0,1,2,12,1,11,0.0833333333333333,0.785714285714286
"EBIC",61,80,0.2,"FALSE","FALSE","FALSE","8.07714981802006","5.53952254780242","2.53762727021764","0.559","1,3,4,5,6,7,44,46,48,49",0.0510926267114689,FALSE,0,0,1,3,10,0,10,0,0.714285714285714
"EBIC",62,80,0.2,"FALSE","FALSE","FALSE","8.07601674530816","5.61687842612887","2.45913831917929","0.462","2,3,4,5,6,7,44,45,46,48,49",0.0289253478822139,FALSE,0,0,1,2,11,0,11,0,0.785714285714286
"EBIC",63,80,0.2,"FALSE","FALSE","FALSE","10.2437182645977","6.86830341891242","3.37541484568532","0.337","1,2,3,4,5,6,7,33,44,46,47,48,49",0.0161488817430547,FALSE,1,0,0,2,13,1,12,0.0769230769230769,0.857142857142857
"EBIC",64,80,0.2,"FALSE","FALSE","FALSE","11.6908838880065","6.66235283310995","5.02853105489654","0.3","1,2,3,4,5,6,7,19,44,46,47,48,49",0.0155732339870582,FALSE,1,0,0,2,13,1,12,0.0769230769230769,0.857142857142857
"EBIC",65,80,0.2,"FALSE","FALSE","FALSE","10.3155452509746","5.66412571563202","4.65141953534256","0.392","1,2,3,4,5,6,7,44,46,47,48,49",0.00996106933581278,FALSE,0,0,0,2,12,0,12,0,0.857142857142857
"EBIC",66,80,0.2,"FALSE","FALSE","FALSE","10.6965960383562","5.8832149660247","4.81338107233149","0.48","2,3,4,5,6,7,44,45,46,47,48,49",0.0137406531160073,FALSE,0,0,1,1,12,0,12,0,0.857142857142857
"EBIC",67,80,0.2,"FALSE","FALSE","FALSE","9.91237599335078","5.44211715004979","4.47025884330099","0.405","1,2,4,5,6,44,45,46,47,48,49,51",0.0340672883246543,FALSE,0,1,2,1,12,1,11,0.0833333333333333,0.785714285714286
"EBIC",68,80,0.2,"TRUE","TRUE","FALSE","12.0350669370638","6.48058083466496","5.55448610239888","0.578","1,2,3,4,5,6,7,43,44,45,46,47,48,49",0.00240879838896206,TRUE,0,0,0,0,14,0,14,0,1
"EBIC",69,80,0.2,"FALSE","FALSE","FALSE","8.83257990535331","5.93309125222223","2.89948865313108","0.576","2,3,4,5,6,7,29,35,44,46,48,49,52",0.0420424101858491,FALSE,2,1,1,3,13,3,10,0.230769230769231,0.714285714285714
"EBIC",7,80,0.2,"FALSE","FALSE","FALSE","10.2297985890452","5.29475176428888","4.93504682475632","0.31","2,4,5,6,7,44,45,46,48,49",0.0278984283640168,FALSE,0,0,2,2,10,0,10,0,0.714285714285714
"EBIC",70,80,0.2,"FALSE","FALSE","FALSE","11.4647860086687","6.22097878570998","5.24380722295873","0.274","2,3,4,5,6,7,23,33,43,44,45,47,48,49",0.0246841780475864,FALSE,2,0,1,1,14,2,12,0.142857142857143,0.857142857142857
"EBIC",71,80,0.2,"FALSE","FALSE","FALSE","9.02872074112015","7.01542235083312","2.01329839028703","0.476","2,3,4,5,6,7,9,25,37,44,48,49",0.0558316639589384,FALSE,3,0,1,4,12,3,9,0.25,0.642857142857143
"EBIC",72,80,0.2,"FALSE","FALSE","FALSE","10.0533958818198","6.51208585926553","3.54131002255427","0.457","2,3,4,5,6,7,29,33,44,45,46,48,49",0.0245190761763002,FALSE,2,0,1,2,13,2,11,0.153846153846154,0.785714285714286
"EBIC",73,80,0.2,"FALSE","FALSE","FALSE","8.95703630015882","5.97463012094033","2.98240617921849","0.551","2,3,4,5,6,7,18,21,44,46,47,48,49",0.0262113067418821,FALSE,2,0,1,2,13,2,11,0.153846153846154,0.785714285714286
"EBIC",74,80,0.2,"FALSE","FALSE","FALSE","10.4742046357001","6.76568611784365","3.70851851785641","0.578","1,2,3,4,5,6,7,12,44,46,48,49",0.0216978327342521,FALSE,1,0,0,3,12,1,11,0.0833333333333333,0.785714285714286
"EBIC",75,80,0.2,"FALSE","FALSE","FALSE","8.99903734839919","6.71708475847918","2.28195258992001","0.666","2,3,4,6,7,9,10,39,44,45,48,49",0.0712150555558564,FALSE,3,0,2,3,12,3,9,0.25,0.642857142857143
"EBIC",76,80,0.2,"FALSE","FALSE","FALSE","10.2311116918234","5.95776390451859","4.27334778730477","0.506","1,2,4,5,6,7,11,16,19,38,46,47,48,49",0.0437304720628996,FALSE,4,0,1,3,14,4,10,0.285714285714286,0.714285714285714
"EBIC",77,80,0.2,"FALSE","FALSE","FALSE","10.4058130673265","5.86091612022929","4.54489694709716","0.601","1,2,3,4,5,6,7,21,41,43,44,45,48,49",0.0307961417993727,FALSE,2,0,0,2,14,2,12,0.142857142857143,0.857142857142857
"EBIC",78,80,0.2,"FALSE","FALSE","FALSE","10.2796331667077","5.30941135551506","4.97022181119264","0.663","2,3,4,5,6,7,42,44,45,46,47,48,49",0.0174593993626279,FALSE,1,0,1,1,13,1,12,0.0769230769230769,0.857142857142857
"EBIC",79,80,0.2,"FALSE","FALSE","FALSE","10.8746302147244","6.68703422361294","4.18759599111151","0.338","1,2,3,4,5,6,7,44,46,47,48,49",0.0100489386360787,FALSE,0,0,0,2,12,0,12,0,0.857142857142857
"EBIC",8,80,0.2,"FALSE","FALSE","FALSE","9.71398390211597","6.02095152242372","3.69303237969225","0.545","1,2,3,4,5,6,7,44,45,46,48,49",0.0127154395228377,FALSE,0,0,0,2,12,0,12,0,0.857142857142857
"EBIC",80,80,0.2,"FALSE","FALSE","FALSE","10.9445529475269","7.00625572298027","3.93829722454666","0.352","1,2,3,4,5,6,7,18,44,46,47,48,49",0.015769032380888,FALSE,1,0,0,2,13,1,12,0.0769230769230769,0.857142857142857
"EBIC",81,80,0.2,"FALSE","FALSE","FALSE","9.56501253876306","5.77241044162752","3.79260209713554","0.477","2,3,4,5,6,7,27,44,45,46,47,48,49",0.0139390893199047,FALSE,1,0,1,1,13,1,12,0.0769230769230769,0.857142857142857
"EBIC",82,80,0.2,"FALSE","FALSE","FALSE","8.82701963410592","6.20455320157335","2.62246643253257","0.55","2,3,4,5,6,7,11,44,45,47,48,49",0.0247275185611392,FALSE,1,0,1,2,12,1,11,0.0833333333333333,0.785714285714286
"EBIC",83,80,0.2,"TRUE","TRUE","FALSE","10.565768170864","5.31815977265846","5.24760839820557","0.553","1,2,3,4,5,6,7,43,45,46,47,48,49",0.0111018885515446,FALSE,0,0,0,1,13,0,13,0,0.928571428571429
"EBIC",84,80,0.2,"FALSE","FALSE","FALSE","10.7169151598006","6.36548085920223","4.35143430059841","0.454","2,3,4,5,6,7,23,44,45,46,47,48,49",0.0162987070165582,FALSE,1,0,1,1,13,1,12,0.0769230769230769,0.857142857142857
"EBIC",85,80,0.2,"FALSE","FALSE","FALSE","9.57445556182778","5.55669763923349","4.01775792259428","0.397","1,2,3,4,5,6,7,46,47,48,49",0.017014063879318,FALSE,0,0,0,3,11,0,11,0,0.785714285714286
"EBIC",86,80,0.2,"FALSE","FALSE","FALSE","9.97195241201748","5.6893487105874","4.28260370143008","0.652","1,2,3,4,5,6,7,44,46,47,48,49",0.010785077176952,FALSE,0,0,0,2,12,0,12,0,0.857142857142857
"EBIC",87,80,0.2,"FALSE","FALSE","FALSE","9.47028054690258","5.89618750688071","3.57409304002187","0.762","1,2,4,5,6,7,44,45,46,47,48,49",0.0133062149982056,FALSE,0,0,1,1,12,0,12,0,0.857142857142857
"EBIC",88,80,0.2,"FALSE","FALSE","FALSE","9.0634872931255","6.48849795946368","2.57498933366182","0.725","1,2,3,4,5,7,10,23,43,44,45,47,48,49",0.0315988800702596,FALSE,2,0,1,1,14,2,12,0.142857142857143,0.857142857142857
"EBIC",89,80,0.2,"FALSE","FALSE","FALSE","9.76123018482095","6.32362866755871","3.43760151726224","0.596","1,2,3,4,5,6,7,44,45,46,47,48,49,53",0.00907104221497127,FALSE,0,1,0,1,14,1,13,0.0714285714285714,0.928571428571429
"EBIC",9,80,0.2,"FALSE","FALSE","FALSE","10.0684958084765","5.39112243464188","4.67737337383458","0.577","2,3,4,5,6,7,27,43,44,45,48,49,51",0.0354340795726511,FALSE,1,1,1,2,13,2,11,0.153846153846154,0.785714285714286
"EBIC",90,80,0.2,"FALSE","FALSE","FALSE","10.2558308266804","5.51504627176966","4.74078455491079","0.402","1,2,3,4,5,7,45,46,47,48,49",0.0229861035476662,FALSE,0,0,1,2,11,0,11,0,0.785714285714286
"EBIC",91,80,0.2,"FALSE","FALSE","FALSE","9.34604264616648","6.46903325462353","2.87700939154295","0.385","2,3,4,5,6,7,25,33,44,46,49",0.0482470955426812,FALSE,2,0,1,4,11,2,9,0.181818181818182,0.642857142857143
"EBIC",92,80,0.2,"FALSE","FALSE","FALSE","9.56862790263123","6.4856249781059","3.08300292452532","0.62","2,4,6,7,8,27,30,38,47,48,49",0.0795287368037481,FALSE,4,0,3,4,11,4,7,0.363636363636364,0.5
"EBIC",93,80,0.2,"FALSE","FALSE","FALSE","9.0902100020475","5.32242998107418","3.76778002097333","0.738","2,3,4,5,6,7,37,43,44,45,47,48,49",0.0316604958715236,FALSE,1,0,1,1,13,1,12,0.0769230769230769,0.857142857142857
"EBIC",94,80,0.2,"FALSE","FALSE","FALSE","9.03259115936998","4.81594042325311","4.21665073611687","0.432","1,2,3,4,5,6,7,45,46,48,49",0.0255512572853417,FALSE,0,0,0,3,11,0,11,0,0.785714285714286
"EBIC",95,80,0.2,"TRUE","TRUE","FALSE","10.5341181140822","5.95510392136264","4.57901419271956","0.674","2,3,4,5,6,7,19,43,44,45,46,47,48,49",0.0157384683304377,FALSE,1,0,1,0,14,1,13,0.0714285714285714,0.928571428571429
"EBIC",96,80,0.2,"FALSE","FALSE","FALSE","9.82344509689644","6.94402882765717","2.87941626923927","0.769","1,2,3,4,5,6,7,8,25,44,46,47,48,49",0.0170314595549119,FALSE,2,0,0,2,14,2,12,0.142857142857143,0.857142857142857
"EBIC",97,80,0.2,"FALSE","FALSE","FALSE","9.72427001372032","5.42154933031961","4.30272068340071","0.569","1,2,3,4,5,6,7,44,45,46,47,48,49",0.00305150765453423,FALSE,0,0,0,1,13,0,13,0,0.928571428571429
"EBIC",98,80,0.2,"TRUE","TRUE","FALSE","11.9801798831834","7.32625448602351","4.65392539715993","0.42","1,2,3,4,5,6,7,8,29,44,45,46,47,48,49",0.0121025809131446,FALSE,2,0,0,1,15,2,13,0.133333333333333,0.928571428571429
"EBIC",99,80,0.2,"FALSE","FALSE","FALSE","10.8195761844756","5.7886737348932","5.03090244958242","0.314","1,2,3,4,5,6,7,44,45,46,47,48,49",0.0116424019668482,FALSE,0,0,0,1,13,0,13,0,0.928571428571429
"kappa.o",1,80,0.2,"FALSE","FALSE","FALSE","9.08079640896363","5.13227490064677","3.94852150831686","0.548","2,4,5,6,7,44,46,48,49",0.0355200877604162,FALSE,0,0,2,3,9,0,9,0,0.642857142857143
"kappa.o",10,80,0.2,"FALSE","FALSE","FALSE","9.36866710904337","4.85501410773136","4.51365300131202","0.482","2,4,6,7,43,45,47,48,49",0.049091697126754,FALSE,0,0,3,2,9,0,9,0,0.642857142857143
"kappa.o",100,80,0.2,"FALSE","FALSE","FALSE","9.48030647547267","5.25027243603336","4.23003403943931","0.322","2,4,5,6,7,44,45,46,48,49",0.0282984364449988,FALSE,0,0,2,2,10,0,10,0,0.714285714285714
"kappa.o",11,80,0.2,"FALSE","FALSE","FALSE","9.22055013450969","5.95266726993529","3.2678828645744","0.75","1,2,4,5,6,7,44,46,48,49",0.0304634437843862,FALSE,0,0,1,3,10,0,10,0,0.714285714285714
"kappa.o",12,80,0.2,"FALSE","FALSE","FALSE","9.26544026142851","6.3850422481916","2.8803980132369","0.673","2,4,6,7,29,41,45,48,49",0.0857559778798315,FALSE,2,0,3,4,9,2,7,0.222222222222222,0.5
"kappa.o",13,80,0.2,"TRUE","TRUE","FALSE","12.2974316442824","6.34485983918247","5.9525718050999","0.329","1,2,3,4,5,6,7,44,45,46,47,48,49",0.00525077807853489,FALSE,0,0,0,1,13,0,13,0,0.928571428571429
"kappa.o",14,80,0.2,"FALSE","FALSE","FALSE","10.5602327104441","4.82955013003088","5.73068258041323","0.629","2,4,6,43,44,45,46,47,48,49",0.0417746787941129,FALSE,0,0,4,0,10,0,10,0,0.714285714285714
"kappa.o",15,80,0.2,"FALSE","FALSE","FALSE","9.62040134374289","6.36702468234284","3.25337666140005","0.413","2,3,4,5,6,7,44,46,49",0.0495850479437249,FALSE,0,0,1,4,9,0,9,0,0.642857142857143
"kappa.o",16,80,0.2,"FALSE","FALSE","FALSE","9.88700313715609","5.99908846168961","3.88791467546648","0.708","1,2,6,14,42,45,47,48,49",0.0965619464723098,FALSE,2,0,4,3,9,2,7,0.222222222222222,0.5
"kappa.o",17,80,0.2,"FALSE","FALSE","FALSE","8.8892609240413","4.99550298105536","3.89375794298594","0.568","3,4,5,7,44,49,50",0.129803176852286,FALSE,0,1,3,5,7,1,6,0.142857142857143,0.428571428571429
"kappa.o",18,80,0.2,"FALSE","FALSE","FALSE","10.1235564506031","5.61960660677617","4.50394984382697","0.664","1,2,3,4,5,45,46,47,48,49",0.0329293118519214,FALSE,0,0,2,2,10,0,10,0,0.714285714285714
"kappa.o",19,80,0.2,"FALSE","FALSE","FALSE","10.5867920829641","6.54357858039181","4.04321350257227","0.417","1,2,4,5,6,7,46,47,48,49",0.0249873695592274,FALSE,0,0,1,3,10,0,10,0,0.714285714285714
"kappa.o",2,80,0.2,"FALSE","FALSE","FALSE","8.84020685409256","5.58282226426093","3.25738458983163","0.788","2,4,5,6,7,44,46,49",0.0613934368940802,FALSE,0,0,2,4,8,0,8,0,0.571428571428571
"kappa.o",20,80,0.2,"FALSE","FALSE","FALSE","9.35727124704174","6.50523723903686","2.85203400800488","0.499","2,4,5,6,7,37,46,48,49",0.0570199432669564,FALSE,1,0,2,4,9,1,8,0.111111111111111,0.571428571428571
"kappa.o",21,80,0.2,"FALSE","FALSE","FALSE","9.38048380067739","5.81077731648176","3.56970648419563","0.661","1,2,4,5,7,32,46,48,49",0.0648478143584198,FALSE,1,0,2,4,9,1,8,0.111111111111111,0.571428571428571
"kappa.o",22,80,0.2,"FALSE","FALSE","FALSE","9.74058657651235","7.46365426475085","2.2769323117615","0.687","3,4,5,7,12,40,42,49",0.159258975556284,FALSE,3,0,3,6,8,3,5,0.375,0.357142857142857
"kappa.o",23,80,0.2,"FALSE","FALSE","FALSE","9.43912281308515","4.44146412237411","4.99765869071104","0.359","1,2,4,6,45,46,47,48,49",0.0470451044356686,FALSE,0,0,3,2,9,0,9,0,0.642857142857143
"kappa.o",24,80,0.2,"FALSE","FALSE","FALSE","8.28653020800342","4.23501148504979","4.05151872295363","0.528","1,2,4,46,47,48,49",0.0825724141121039,FALSE,0,0,4,3,7,0,7,0,0.5
"kappa.o",25,80,0.2,"FALSE","FALSE","FALSE","11.7527498911883","6.61367983065256","5.13907006053577","0.516","1,2,3,4,7,17,22,44,45,46,47,48,49",0.0369222304243328,FALSE,2,0,2,1,13,2,11,0.153846153846154,0.785714285714286
"kappa.o",26,80,0.2,"FALSE","FALSE","FALSE","10.2215792939954","6.39329574400487","3.82828354999049","0.457","2,4,5,6,7,33,46,47,48,49",0.0385381956109669,FALSE,1,0,2,3,10,1,9,0.1,0.642857142857143
"kappa.o",27,80,0.2,"FALSE","FALSE","FALSE","10.8406997785108","6.62213242665407","4.21856735185673","0.366","1,2,3,4,5,7,44,46,48,49",0.0306363139843457,FALSE,0,0,1,3,10,0,10,0,0.714285714285714
"kappa.o",28,80,0.2,"FALSE","FALSE","FALSE","9.37211628908898","5.62017031900926","3.75194597007971","0.822","2,4,7,9,25,37,38,47,48,49",0.0987469310670289,FALSE,4,0,4,4,10,4,6,0.4,0.428571428571429
"kappa.o",29,80,0.2,"FALSE","FALSE","FALSE","8.55284052162931","5.51160163105193","3.04123889057738","0.593","2,3,4,5,6,7,44,46,49",0.0522890838871598,FALSE,0,0,1,4,9,0,9,0,0.642857142857143
"kappa.o",3,80,0.2,"FALSE","FALSE","FALSE","8.78764372232564","6.6743500103133","2.11329371201234","0.477","2,4,6,7,9,37,48,49",0.103524893903844,FALSE,2,0,3,5,8,2,6,0.25,0.428571428571429
"kappa.o",30,80,0.2,"FALSE","FALSE","FALSE","8.78132072958647","4.47161582628643","4.30970490330003","0.546","1,2,4,45,46,47,48,49",0.0656632401592704,FALSE,0,0,4,2,8,0,8,0,0.571428571428571
"kappa.o",31,80,0.2,"FALSE","FALSE","FALSE","9.10953647212796","4.55948134880142","4.55005512332654","0.598","2,4,5,6,44,46,47,48,49",0.0388144826628581,FALSE,0,0,3,2,9,0,9,0,0.642857142857143
"kappa.o",32,80,0.2,"TRUE","TRUE","FALSE","10.6999812131111","6.16425810271397","4.53572311039709","0.45","2,3,4,5,6,7,44,47,48,49",0.0233272409660065,FALSE,0,0,1,3,10,0,10,0,0.714285714285714
"kappa.o",33,80,0.2,"FALSE","FALSE","FALSE","11.4081098633478","5.79347384516914","5.61463601817869","0.515","2,3,4,5,6,7,44,45,46,47,48,49",0.0119785563891613,FALSE,0,0,1,1,12,0,12,0,0.857142857142857
"kappa.o",34,80,0.2,"FALSE","FALSE","FALSE","10.3520406686015","6.19253281538587","4.15950785321565","0.405","1,2,3,4,5,7,32,46,47,48,49",0.0312147732678953,FALSE,1,0,1,3,11,1,10,0.0909090909090909,0.714285714285714
"kappa.o",35,80,0.2,"FALSE","FALSE","FALSE","9.61753500854184","6.48248315437683","3.13505185416501","0.568","2,3,4,5,6,7,44,46,48",0.0553694005989292,FALSE,0,0,1,4,9,0,9,0,0.642857142857143
"kappa.o",36,80,0.2,"FALSE","FALSE","FALSE","11.4120282054409","6.10825381043625","5.30377439500464","0.4","2,3,4,5,6,7,44,45,46,47,48,49",0.0104319517664252,FALSE,0,0,1,1,12,0,12,0,0.857142857142857
"kappa.o",37,80,0.2,"FALSE","FALSE","FALSE","8.75086714090223","4.67405983822913","4.0768073026731","0.347","2,4,6,7,46,47,48,49",0.0565120461583294,FALSE,0,0,3,3,8,0,8,0,0.571428571428571
"kappa.o",38,80,0.2,"FALSE","FALSE","FALSE","8.56085528413888","4.51981122673192","4.04104405740696","0.334","1,2,4,6,46,47,48,49",0.0564310156774382,FALSE,0,0,3,3,8,0,8,0,0.571428571428571
"kappa.o",39,80,0.2,"FALSE","FALSE","FALSE","9.82212954238304","5.41831802537879","4.40381151700425","0.55","1,2,3,5,45,46,47,48,49",0.0585427228204147,FALSE,0,0,3,2,9,0,9,0,0.642857142857143
"kappa.o",4,80,0.2,"FALSE","FALSE","FALSE","10.3113063870607","5.19979254604958","5.1115138410111","0.609","2,4,5,6,7,44,46,47,48,49",0.0223175184381569,FALSE,0,0,2,2,10,0,10,0,0.714285714285714
"kappa.o",40,80,0.2,"FALSE","FALSE","FALSE","10.244200695887","7.08164640987135","3.1625542860157","0.542","1,2,3,4,5,6,7,46,47,48,49",0.0152179444533204,FALSE,0,0,0,3,11,0,11,0,0.785714285714286
"kappa.o",41,80,0.2,"FALSE","FALSE","FALSE","9.33463022554179","5.30607729662197","4.02855292891982","0.832","2,3,4,5,6,7,43,44,47,48,49",0.0317688268313471,FALSE,0,0,1,2,11,0,11,0,0.785714285714286
"kappa.o",42,80,0.2,"FALSE","FALSE","FALSE","10.8548347722511","6.14132729461224","4.71350747763883","0.329","1,2,3,4,5,7,45,46,47,48,49",0.0188411957492794,FALSE,0,0,1,2,11,0,11,0,0.785714285714286
"kappa.o",43,80,0.2,"FALSE","FALSE","FALSE","9.45236265257792","5.4951483179177","3.95721433466022","0.658","1,2,4,5,46,47,48,49",0.0591977369734707,FALSE,0,0,3,3,8,0,8,0,0.571428571428571
"kappa.o",44,80,0.2,"FALSE","FALSE","FALSE","9.79938322551011","5.53668070908591","4.2627025164242","0.656","1,2,4,5,6,45,46,47,48,49",0.0357320134852383,FALSE,0,0,2,2,10,0,10,0,0.714285714285714
"kappa.o",45,80,0.2,"FALSE","FALSE","FALSE","8.81216578734274","5.63072136222501","3.18144442511774","0.72","1,2,4,5,7,32,46,48,49",0.0544166354272743,FALSE,1,0,2,4,9,1,8,0.111111111111111,0.571428571428571
"kappa.o",46,80,0.2,"FALSE","FALSE","FALSE","9.03112679134766","6.99144519100925","2.03968160033841","0.36","1,2,4,5,6,7,33,46,49",0.0673037399465524,FALSE,1,0,1,5,9,1,8,0.111111111111111,0.571428571428571
"kappa.o",47,80,0.2,"FALSE","FALSE","FALSE","8.91428237271262","5.89244549483877","3.02183687787384","0.557","2,4,5,6,7,46,48,49",0.057926252495839,FALSE,0,0,2,4,8,0,8,0,0.571428571428571
"kappa.o",48,80,0.2,"FALSE","FALSE","FALSE","8.92152811329427","4.56862076556676","4.35290734772751","0.372","2,4,5,6,7,43,47,48,49",0.0455471036801211,FALSE,0,0,2,3,9,0,9,0,0.642857142857143
"kappa.o",49,80,0.2,"FALSE","FALSE","FALSE","10.2859657093739","5.58013449011967","4.70583121925422","0.461","2,3,4,5,7,45,46,47,48,49",0.0250359705733894,FALSE,0,0,2,2,10,0,10,0,0.714285714285714
"kappa.o",5,80,0.2,"FALSE","FALSE","FALSE","9.59519524837142","6.28903403666587","3.30616121170554","0.373","1,2,4,5,6,7,46,48,49",0.0356564615575377,FALSE,0,0,1,4,9,0,9,0,0.642857142857143
"kappa.o",50,80,0.2,"TRUE","TRUE","FALSE","10.625842391704","7.0177780941348","3.60806429756923","0.795","2,3,4,5,6,7,44,46,49",0.0487640965229077,FALSE,0,0,1,4,9,0,9,0,0.642857142857143
"kappa.o",51,80,0.2,"FALSE","FALSE","FALSE","9.44538857408447","5.44634976557397","3.9990388085105","0.406","2,3,4,5,6,7,46,47,48,49",0.0246552259443512,FALSE,0,0,1,3,10,0,10,0,0.714285714285714
"kappa.o",52,80,0.2,"FALSE","FALSE","FALSE","10.1240141869724","6.36740622722138","3.75660795975103","0.381","2,3,4,5,6,7,44,46,49",0.0471041129682504,FALSE,0,0,1,4,9,0,9,0,0.642857142857143
"kappa.o",53,80,0.2,"FALSE","FALSE","FALSE","9.15844473974956","6.07597559156134","3.08246914818821","0.743","2,4,5,6,7,12,48,49",0.0788321686538553,FALSE,1,0,2,5,8,1,7,0.125,0.5
"kappa.o",54,80,0.2,"FALSE","FALSE","FALSE","9.14409343429025","5.61397689402711","3.53011654026314","0.657","1,2,4,6,46,47,48,49",0.0612690253811403,FALSE,0,0,3,3,8,0,8,0,0.571428571428571
"kappa.o",55,80,0.2,"FALSE","FALSE","FALSE","10.2759817565677","5.90968548113918","4.36629627542852","0.639","1,3,6,14,20,42,44,45,47,48,49",0.113666053518934,FALSE,3,0,4,2,11,3,8,0.272727272727273,0.571428571428571
"kappa.o",56,80,0.2,"FALSE","FALSE","FALSE","9.14053166709971","6.27725466626489","2.86327700083482","0.678","2,4,5,7,40,43,46,49",0.102432504921367,FALSE,1,0,3,4,8,1,7,0.125,0.5
"kappa.o",57,80,0.2,"FALSE","FALSE","FALSE","8.92318653390371","5.49644108993469","3.42674544396902","0.472","2,4,5,6,7,46,48,49",0.054536204295182,FALSE,0,0,2,4,8,0,8,0,0.571428571428571
"kappa.o",58,80,0.2,"FALSE","FALSE","FALSE","10.9691121196852","5.93191834199603","5.03719377768914","0.295","2,3,4,5,6,7,44,45,47,48,49",0.0184673364846191,FALSE,0,0,1,2,11,0,11,0,0.785714285714286
"kappa.o",59,80,0.2,"FALSE","FALSE","FALSE","8.67468161325188","5.90190848922704","2.77277312402484","0.45","2,4,5,6,7,44,46,49",0.0656118941743298,FALSE,0,0,2,4,8,0,8,0,0.571428571428571
"kappa.o",6,80,0.2,"FALSE","FALSE","FALSE","7.96942804726119","6.28085252148537","1.68857552577582","0.6","2,3,4,5,6,7,39,44",0.101242050831821,FALSE,1,0,1,6,8,1,7,0.125,0.5
"kappa.o",60,80,0.2,"FALSE","FALSE","FALSE","8.77204054258775","5.17252579544182","3.59951474714593","0.747","1,2,14,32,46,47,48,49",0.127183064535713,FALSE,2,0,5,3,8,2,6,0.25,0.428571428571429
"kappa.o",61,80,0.2,"FALSE","FALSE","FALSE","8.07714981802006","5.53952254780242","2.53762727021764","0.559","1,4,5,7,31,48,49",0.119449553060671,FALSE,1,0,3,5,7,1,6,0.142857142857143,0.428571428571429
"kappa.o",62,80,0.2,"FALSE","FALSE","FALSE","8.07601674530816","5.61687842612887","2.45913831917929","0.462","3,4,5,6,7,44,49",0.110683166059629,FALSE,0,0,2,5,7,0,7,0,0.5
"kappa.o",63,80,0.2,"FALSE","FALSE","FALSE","10.2437182645977","6.86830341891242","3.37541484568532","0.337","2,3,4,5,6,7,44,46,49",0.0500277746698833,FALSE,0,0,1,4,9,0,9,0,0.642857142857143
"kappa.o",64,80,0.2,"FALSE","FALSE","FALSE","11.6908838880065","6.66235283310995","5.02853105489654","0.3","1,2,4,5,6,7,44,46,47,48,49",0.0167045593260794,FALSE,0,0,1,2,11,0,11,0,0.785714285714286
"kappa.o",65,80,0.2,"FALSE","FALSE","FALSE","10.3155452509746","5.66412571563202","4.65141953534256","0.392","1,2,3,4,5,46,47,48,49",0.045844415282386,FALSE,0,0,2,3,9,0,9,0,0.642857142857143
"kappa.o",66,80,0.2,"FALSE","FALSE","FALSE","10.6965960383562","5.8832149660247","4.81338107233149","0.48","2,3,4,5,6,7,44,46,47,48,49",0.0212036238959767,FALSE,0,0,1,2,11,0,11,0,0.785714285714286
"kappa.o",67,80,0.2,"FALSE","FALSE","FALSE","9.91237599335078","5.44211715004979","4.47025884330099","0.405","1,2,4,5,6,44,46,48,49",0.0451999440582186,FALSE,0,0,2,3,9,0,9,0,0.642857142857143
"kappa.o",68,80,0.2,"TRUE","TRUE","FALSE","12.0350669370638","6.48058083466496","5.55448610239888","0.578","1,2,3,4,5,6,7,44,45,46,47,48,49",0.00332529504985455,FALSE,0,0,0,1,13,0,13,0,0.928571428571429
"kappa.o",69,80,0.2,"FALSE","FALSE","FALSE","8.83257990535331","5.93309125222223","2.89948865313108","0.576","2,4,5,6,7,46,48,49",0.0557143319899424,FALSE,0,0,2,4,8,0,8,0,0.571428571428571
"kappa.o",7,80,0.2,"FALSE","FALSE","FALSE","10.2297985890452","5.29475176428888","4.93504682475632","0.31","2,4,5,6,7,44,45,46,48,49",0.0278984283640168,FALSE,0,0,2,2,10,0,10,0,0.714285714285714
"kappa.o",70,80,0.2,"FALSE","FALSE","FALSE","11.4647860086687","6.22097878570998","5.24380722295873","0.274","2,3,4,5,6,7,43,44,45,48,49",0.0237714677075548,FALSE,0,0,1,2,11,0,11,0,0.785714285714286
"kappa.o",71,80,0.2,"FALSE","FALSE","FALSE","9.02872074112015","7.01542235083312","2.01329839028703","0.476","2,4,6,7,9,25,37,48,49",0.102759196924999,FALSE,3,0,3,5,9,3,6,0.333333333333333,0.428571428571429
"kappa.o",72,80,0.2,"FALSE","FALSE","FALSE","10.0533958818198","6.51208585926553","3.54131002255427","0.457","2,3,4,5,6,7,44,46,48,49",0.0313326762136788,FALSE,0,0,1,3,10,0,10,0,0.714285714285714
"kappa.o",73,80,0.2,"FALSE","FALSE","FALSE","8.95703630015882","5.97463012094033","2.98240617921849","0.551","3,4,5,6,7,44,46,49",0.0754896326768318,FALSE,0,0,2,4,8,0,8,0,0.571428571428571
"kappa.o",74,80,0.2,"FALSE","FALSE","FALSE","10.4742046357001","6.76568611784365","3.70851851785641","0.578","1,2,3,4,5,6,7,44,46,48,49",0.0200483733492367,FALSE,0,0,0,3,11,0,11,0,0.785714285714286
"kappa.o",75,80,0.2,"FALSE","FALSE","FALSE","8.99903734839919","6.71708475847918","2.28195258992001","0.666","2,4,6,7,9,32,39,48,49",0.106522753784354,FALSE,3,0,3,5,9,3,6,0.333333333333333,0.428571428571429
"kappa.o",76,80,0.2,"FALSE","FALSE","FALSE","10.2311116918234","5.95776390451859","4.27334778730477","0.506","1,2,4,5,7,11,46,47,48,49",0.0479958939050316,FALSE,1,0,2,3,10,1,9,0.1,0.642857142857143
"kappa.o",77,80,0.2,"FALSE","FALSE","FALSE","10.4058130673265","5.86091612022929","4.54489694709716","0.601","2,4,6,7,41,43,44,45,48,49",0.0640778264058643,FALSE,1,0,3,2,10,1,9,0.1,0.642857142857143
"kappa.o",78,80,0.2,"FALSE","FALSE","FALSE","10.2796331667077","5.30941135551506","4.97022181119264","0.663","2,3,4,5,7,44,45,46,48,49",0.0371845921763107,FALSE,0,0,2,2,10,0,10,0,0.714285714285714
"kappa.o",79,80,0.2,"FALSE","FALSE","FALSE","10.8746302147244","6.68703422361294","4.18759599111151","0.338","1,2,3,4,5,6,7,44,46,48,49",0.0209516687149663,FALSE,0,0,0,3,11,0,11,0,0.785714285714286
"kappa.o",8,80,0.2,"FALSE","FALSE","FALSE","9.71398390211597","6.02095152242372","3.69303237969225","0.545","1,2,4,5,6,7,44,46,48,49",0.0281242980035631,FALSE,0,0,1,3,10,0,10,0,0.714285714285714
"kappa.o",80,80,0.2,"FALSE","FALSE","FALSE","10.9445529475269","7.00625572298027","3.93829722454666","0.352","1,2,3,4,5,6,7,44,46,48,49",0.0244511286656014,FALSE,0,0,0,3,11,0,11,0,0.785714285714286
"kappa.o",81,80,0.2,"FALSE","FALSE","FALSE","9.56501253876306","5.77241044162752","3.79260209713554","0.477","2,3,4,5,6,7,44,46,48,49",0.0349610218262149,FALSE,0,0,1,3,10,0,10,0,0.714285714285714
"kappa.o",82,80,0.2,"FALSE","FALSE","FALSE","8.82701963410592","6.20455320157335","2.62246643253257","0.55","2,4,5,6,7,11,44,48",0.0835745450715536,FALSE,1,0,2,5,8,1,7,0.125,0.5
"kappa.o",83,80,0.2,"TRUE","TRUE","FALSE","10.565768170864","5.31815977265846","5.24760839820557","0.553","1,2,4,6,43,45,46,47,48,49",0.04663735418137,FALSE,0,0,3,1,10,0,10,0,0.714285714285714
"kappa.o",84,80,0.2,"FALSE","FALSE","FALSE","10.7169151598006","6.36548085920223","4.35143430059841","0.454","2,3,4,5,6,7,44,46,48,49",0.0292872588058831,FALSE,0,0,1,3,10,0,10,0,0.714285714285714
"kappa.o",85,80,0.2,"FALSE","FALSE","FALSE","9.57445556182778","5.55669763923349","4.01775792259428","0.397","2,3,4,5,6,7,46,47,48,49",0.0252754481732162,FALSE,0,0,1,3,10,0,10,0,0.714285714285714
"kappa.o",86,80,0.2,"FALSE","FALSE","FALSE","9.97195241201748","5.6893487105874","4.28260370143008","0.652","1,2,3,4,5,6,7,44,46,47,48,49",0.010785077176952,FALSE,0,0,0,2,12,0,12,0,0.857142857142857
"kappa.o",87,80,0.2,"FALSE","FALSE","FALSE","9.47028054690258","5.89618750688071","3.57409304002187","0.762","1,2,4,5,6,7,44,45,46,49",0.0361243174453574,FALSE,0,0,1,3,10,0,10,0,0.714285714285714
"kappa.o",88,80,0.2,"FALSE","FALSE","FALSE","9.0634872931255","6.48849795946368","2.57498933366182","0.725","1,4,5,7,31,33,48,49",0.120583833610554,FALSE,2,0,3,5,8,2,6,0.25,0.428571428571429
"kappa.o",89,80,0.2,"FALSE","FALSE","FALSE","9.76123018482095","6.32362866755871","3.43760151726224","0.596","1,2,3,4,5,6,7,46,47,48,49",0.0184228356102223,FALSE,0,0,0,3,11,0,11,0,0.785714285714286
"kappa.o",9,80,0.2,"FALSE","FALSE","FALSE","10.0684958084765","5.39112243464188","4.67737337383458","0.577","2,4,6,7,27,43,45,47,48,49",0.0583167649440132,FALSE,1,0,3,2,10,1,9,0.1,0.642857142857143
"kappa.o",90,80,0.2,"FALSE","FALSE","FALSE","10.2558308266804","5.51504627176966","4.74078455491079","0.402","1,2,3,4,5,7,45,46,47,48,49",0.0229861035476662,FALSE,0,0,1,2,11,0,11,0,0.785714285714286
"kappa.o",91,80,0.2,"FALSE","FALSE","FALSE","9.34604264616648","6.46903325462353","2.87700939154295","0.385","2,3,4,5,6,7,44,46,49",0.046187077531107,FALSE,0,0,1,4,9,0,9,0,0.642857142857143
"kappa.o",92,80,0.2,"FALSE","FALSE","FALSE","9.56862790263123","6.4856249781059","3.08300292452532","0.62","2,4,6,7,8,27,30,38,47,48,49",0.0795287368037481,FALSE,4,0,3,4,11,4,7,0.363636363636364,0.5
"kappa.o",93,80,0.2,"FALSE","FALSE","FALSE","9.0902100020475","5.32242998107418","3.76778002097333","0.738","2,4,6,7,43,45,47,48,49",0.0578597129031988,FALSE,0,0,3,2,9,0,9,0,0.642857142857143
"kappa.o",94,80,0.2,"FALSE","FALSE","FALSE","9.03259115936998","4.81594042325311","4.21665073611687","0.432","1,2,4,5,7,45,46,48,49",0.0491930548980486,FALSE,0,0,2,3,9,0,9,0,0.642857142857143
"kappa.o",95,80,0.2,"TRUE","TRUE","FALSE","10.5341181140822","5.95510392136264","4.57901419271956","0.674","3,4,5,6,7,26,44,45,48,49",0.0640431798380556,FALSE,1,0,2,3,10,1,9,0.1,0.642857142857143
"kappa.o",96,80,0.2,"FALSE","FALSE","FALSE","9.82344509689644","6.94402882765717","2.87941626923927","0.769","2,3,4,5,6,7,25,44,48,49",0.0482198353881834,FALSE,1,0,1,4,10,1,9,0.1,0.642857142857143
"kappa.o",97,80,0.2,"FALSE","FALSE","FALSE","9.72427001372032","5.42154933031961","4.30272068340071","0.569","2,3,4,5,6,7,44,46,48,49",0.0282122454168763,FALSE,0,0,1,3,10,0,10,0,0.714285714285714
"kappa.o",98,80,0.2,"TRUE","TRUE","FALSE","11.9801798831834","7.32625448602351","4.65392539715993","0.42","1,2,3,4,5,6,7,44,46,47,48,49",0.0148592185179668,FALSE,0,0,0,2,12,0,12,0,0.857142857142857
"kappa.o",99,80,0.2,"FALSE","FALSE","FALSE","10.8195761844756","5.7886737348932","5.03090244958242","0.314","1,2,3,4,5,7,44,45,46,48,49",0.0293676422327067,FALSE,0,0,1,2,11,0,11,0,0.785714285714286
"lasso.cv",1,80,0.2,"FALSE","FALSE","FALSE","9.08079640896363","5.13227490064677","3.94852150831686","0.548","1,2,3,4,5,6,7,9,13,15,19,24,26,27,28,30,41,42,44,45,46,47,48,49,52,53",0.018745430768118,FALSE,11,2,0,1,26,13,13,0.5,0.928571428571429
"lasso.cv",10,80,0.2,"FALSE","FALSE","FALSE","9.36866710904337","4.85501410773136","4.51365300131202","0.482","1,2,3,4,5,6,7,9,11,15,17,20,21,22,24,25,27,30,32,36,37,40,42,43,44,45,46,47,48,49",0.0155698372700345,FALSE,16,0,0,0,30,16,14,0.533333333333333,1
"lasso.cv",100,80,0.2,"FALSE","FALSE","FALSE","9.48030647547267","5.25027243603336","4.23003403943931","0.322","1,2,3,4,5,6,7,12,20,22,24,25,28,29,31,36,37,39,40,44,45,46,47,48,49,50,51,52",0.0122105916782902,FALSE,12,3,0,1,28,15,13,0.535714285714286,0.928571428571429
"lasso.cv",11,80,0.2,"FALSE","FALSE","FALSE","9.22055013450969","5.95266726993529","3.2678828645744","0.75","1,2,3,4,5,6,7,9,10,12,13,14,15,19,21,22,27,30,31,34,35,36,37,40,44,45,46,47,48,49,51,52",0.0252859972198552,FALSE,17,2,0,1,32,19,13,0.59375,0.928571428571429
"lasso.cv",12,80,0.2,"FALSE","FALSE","FALSE","9.26544026142851","6.3850422481916","2.8803980132369","0.673","1,2,3,4,5,6,7,8,14,16,20,21,23,26,27,28,29,37,38,40,41,44,45,46,47,48,49,50,51",0.0254709187983384,FALSE,14,2,0,1,29,16,13,0.551724137931034,0.928571428571429
"lasso.cv",13,80,0.2,"TRUE","TRUE","FALSE","12.2974316442824","6.34485983918247","5.9525718050999","0.329","1,2,3,4,5,6,7,8,9,10,15,21,22,25,26,29,34,35,39,40,41,42,44,45,46,47,48,49,51,52,53",0.0149678872891953,FALSE,15,3,0,1,31,18,13,0.580645161290323,0.928571428571429
"lasso.cv",14,80,0.2,"FALSE","FALSE","FALSE","10.5602327104441","4.82955013003088","5.73068258041323","0.629","1,2,3,4,5,6,7,8,9,11,12,13,15,16,17,18,20,22,23,24,25,26,28,30,32,33,34,35,38,39,42,43,44,45,46,47,48,49,51,53",0.0307509337905607,FALSE,24,2,0,0,40,26,14,0.65,1
"lasso.cv",15,80,0.2,"FALSE","FALSE","FALSE","9.62040134374289","6.36702468234284","3.25337666140005","0.413","1,2,3,4,5,6,7,9,11,15,17,20,21,22,23,28,30,31,33,36,39,40,42,44,45,46,47,48,49,52",0.0190292961283981,FALSE,16,1,0,1,30,17,13,0.566666666666667,0.928571428571429
"lasso.cv",16,80,0.2,"FALSE","FALSE","FALSE","9.88700313715609","5.99908846168961","3.88791467546648","0.708","1,2,3,4,5,6,7,13,15,23,30,31,35,36,39,41,42,44,45,46,47,48,49,51",0.0223376209771783,FALSE,10,1,0,1,24,11,13,0.458333333333333,0.928571428571429
"lasso.cv",17,80,0.2,"FALSE","FALSE","FALSE","8.8892609240413","4.99550298105536","3.89375794298594","0.568","1,2,3,4,5,6,7,12,14,15,19,21,24,27,29,30,36,38,39,42,44,45,46,47,48,49,50",0.0360625301308072,FALSE,13,1,0,1,27,14,13,0.518518518518518,0.928571428571429
"lasso.cv",18,80,0.2,"FALSE","FALSE","FALSE","10.1235564506031","5.61960660677617","4.50394984382697","0.664","1,2,3,4,5,6,7,10,12,16,17,18,20,21,22,24,26,28,30,38,40,44,45,46,47,48,49,50,52,53",0.0226006068062416,FALSE,14,3,0,1,30,17,13,0.566666666666667,0.928571428571429
"lasso.cv",19,80,0.2,"FALSE","FALSE","FALSE","10.5867920829641","6.54357858039181","4.04321350257227","0.417","1,2,3,4,5,6,7,9,10,15,18,22,25,27,29,32,34,35,36,37,40,43,44,45,46,47,48,49,51,53",0.0166418498133435,FALSE,14,2,0,0,30,16,14,0.533333333333333,1
"lasso.cv",2,80,0.2,"FALSE","FALSE","FALSE","8.84020685409256","5.58282226426093","3.25738458983163","0.788","1,2,3,4,5,6,7,9,11,13,14,16,17,18,19,20,22,24,25,26,27,28,31,32,38,39,40,41,42,44,45,46,47,48,49,51,52",0.04289669168327,FALSE,22,2,0,1,37,24,13,0.648648648648649,0.928571428571429
"lasso.cv",20,80,0.2,"FALSE","FALSE","FALSE","9.35727124704174","6.50523723903686","2.85203400800488","0.499","1,2,3,4,5,6,7,10,13,18,20,22,24,30,32,37,39,41,43,44,45,46,47,48,49,51",0.0146851938382737,FALSE,11,1,0,0,26,12,14,0.461538461538462,1
"lasso.cv",21,80,0.2,"FALSE","FALSE","FALSE","9.38048380067739","5.81077731648176","3.56970648419563","0.661","1,2,3,4,5,6,7,10,14,15,17,22,23,26,27,29,30,32,38,39,43,44,45,46,47,48,49,50,51,52",0.0200287922559078,FALSE,13,3,0,0,30,16,14,0.533333333333333,1
"lasso.cv",22,80,0.2,"FALSE","FALSE","FALSE","9.74058657651235","7.46365426475085","2.2769323117615","0.687","1,2,3,4,5,6,7,9,12,14,15,18,19,23,24,25,28,31,35,36,40,42,44,45,46,47,48,49",0.0293199838857686,FALSE,15,0,0,1,28,15,13,0.535714285714286,0.928571428571429
"lasso.cv",23,80,0.2,"FALSE","FALSE","FALSE","9.43912281308515","4.44146412237411","4.99765869071104","0.359","1,2,3,4,5,6,7,9,10,11,12,14,16,19,21,23,25,28,29,30,31,34,35,36,38,40,43,44,45,46,47,48,49,50",0.0205013786608995,FALSE,19,1,0,0,34,20,14,0.588235294117647,1
"lasso.cv",24,80,0.2,"FALSE","FALSE","FALSE","8.28653020800342","4.23501148504979","4.05151872295363","0.528","1,2,3,4,5,6,7,8,9,12,15,16,18,20,21,22,24,25,26,27,30,31,32,33,35,36,39,40,43,44,46,47,48,49,51,52,53",0.0293152454191463,FALSE,21,3,0,1,37,24,13,0.648648648648649,0.928571428571429
"lasso.cv",25,80,0.2,"FALSE","FALSE","FALSE","11.7527498911883","6.61367983065256","5.13907006053577","0.516","1,2,3,4,5,6,7,9,10,11,12,14,15,17,18,19,20,22,24,25,26,28,29,30,31,32,33,35,37,39,40,41,42,44,45,46,47,48,49,50,53",0.0327692407254638,FALSE,26,2,0,1,41,28,13,0.682926829268293,0.928571428571429
"lasso.cv",26,80,0.2,"FALSE","FALSE","FALSE","10.2215792939954","6.39329574400487","3.82828354999049","0.457","1,2,3,4,5,6,7,9,10,15,18,19,21,22,23,27,30,31,32,33,35,37,39,41,42,44,45,46,47,48,49",0.0188070008802051,FALSE,18,0,0,1,31,18,13,0.580645161290323,0.928571428571429
"lasso.cv",27,80,0.2,"FALSE","FALSE","FALSE","10.8406997785108","6.62213242665407","4.21856735185673","0.366","1,2,3,4,5,6,7,9,10,12,17,18,20,21,25,28,29,35,36,40,42,43,44,45,46,47,48,49,51,52",0.0155104173943362,FALSE,14,2,0,0,30,16,14,0.533333333333333,1
"lasso.cv",28,80,0.2,"FALSE","FALSE","FALSE","9.37211628908898","5.62017031900926","3.75194597007971","0.822","1,2,3,4,5,6,7,8,9,13,16,18,23,25,27,33,37,38,43,44,45,46,47,48,49",0.0275595718486526,FALSE,11,0,0,0,25,11,14,0.44,1
"lasso.cv",29,80,0.2,"FALSE","FALSE","FALSE","8.55284052162931","5.51160163105193","3.04123889057738","0.593","1,2,3,4,5,6,7,12,13,14,17,20,27,28,31,36,37,42,43,44,45,46,47,48,49,51",0.0212805390437075,FALSE,11,1,0,0,26,12,14,0.461538461538462,1
"lasso.cv",3,80,0.2,"FALSE","FALSE","FALSE","8.78764372232564","6.6743500103133","2.11329371201234","0.477","1,2,3,4,5,6,7,8,9,10,12,18,21,24,26,27,30,32,33,34,37,40,43,44,45,46,47,48,49,52,53",0.0247829590060951,FALSE,15,2,0,0,31,17,14,0.548387096774194,1
"lasso.cv",30,80,0.2,"FALSE","FALSE","FALSE","8.78132072958647","4.47161582628643","4.30970490330003","0.546","1,2,3,4,5,6,7,12,13,16,17,18,19,21,26,27,28,29,30,39,42,43,44,45,46,47,48,49,52",0.0267035267169262,FALSE,14,1,0,0,29,15,14,0.517241379310345,1
"lasso.cv",31,80,0.2,"FALSE","FALSE","FALSE","9.10953647212796","4.55948134880142","4.55005512332654","0.598","1,2,3,4,5,6,7,8,14,16,20,21,23,24,26,27,35,36,39,40,41,42,43,44,45,46,47,48,49,52",0.0268379923996028,FALSE,15,1,0,0,30,16,14,0.533333333333333,1
"lasso.cv",32,80,0.2,"TRUE","TRUE","FALSE","10.6999812131111","6.16425810271397","4.53572311039709","0.45","1,2,3,4,5,6,7,9,12,16,19,25,26,27,29,30,31,32,34,36,42,43,44,45,46,47,48,49,52",0.0154401845872198,FALSE,14,1,0,0,29,15,14,0.517241379310345,1
"lasso.cv",33,80,0.2,"FALSE","FALSE","FALSE","11.4081098633478","5.79347384516914","5.61463601817869","0.515","1,2,3,4,5,6,7,12,13,15,20,26,27,28,33,39,42,44,45,46,47,48,49,51,52",0.0193389793737274,FALSE,10,2,0,1,25,12,13,0.48,0.928571428571429
"lasso.cv",34,80,0.2,"FALSE","FALSE","FALSE","10.3520406686015","6.19253281538587","4.15950785321565","0.405","1,2,3,4,5,6,7,8,12,15,17,28,30,31,32,38,39,43,44,45,46,47,48,49,51",0.0113133239709093,FALSE,10,1,0,0,25,11,14,0.44,1
"lasso.cv",35,80,0.2,"FALSE","FALSE","FALSE","9.61753500854184","6.48248315437683","3.13505185416501","0.568","1,2,3,4,5,6,7,8,11,14,18,19,20,22,23,26,28,30,34,35,36,37,40,42,43,44,45,46,47,48,49,51,52",0.0236182181453673,FALSE,17,2,0,0,33,19,14,0.575757575757576,1
"lasso.cv",36,80,0.2,"FALSE","FALSE","FALSE","11.4120282054409","6.10825381043625","5.30377439500464","0.4","1,2,3,4,5,6,7,13,17,18,19,24,26,30,32,37,38,39,43,44,45,46,47,48,49,50,52",0.0118288103118807,FALSE,11,2,0,0,27,13,14,0.481481481481481,1
"lasso.cv",37,80,0.2,"FALSE","FALSE","FALSE","8.75086714090223","4.67405983822913","4.0768073026731","0.347","1,2,3,4,5,6,7,9,10,13,22,26,27,29,30,33,34,36,38,42,44,45,46,47,48,49,50,51",0.0155578190774946,FALSE,13,2,0,1,28,15,13,0.535714285714286,0.928571428571429
"lasso.cv",38,80,0.2,"FALSE","FALSE","FALSE","8.56085528413888","4.51981122673192","4.04104405740696","0.334","1,2,3,4,5,6,7,10,17,26,27,30,31,34,37,39,42,43,44,45,46,47,48,49,50",0.0149415570588245,FALSE,10,1,0,0,25,11,14,0.44,1
"lasso.cv",39,80,0.2,"FALSE","FALSE","FALSE","9.82212954238304","5.41831802537879","4.40381151700425","0.55","1,2,3,4,5,6,7,9,12,13,16,20,23,24,25,28,34,35,37,38,40,41,43,44,45,46,47,48,49",0.0175852424150873,FALSE,15,0,0,0,29,15,14,0.517241379310345,1
"lasso.cv",4,80,0.2,"FALSE","FALSE","FALSE","10.3113063870607","5.19979254604958","5.1115138410111","0.609","1,2,3,4,5,6,7,9,10,13,17,18,19,20,21,22,23,24,30,34,35,36,37,39,41,43,44,45,46,47,48,49,51,52",0.0108254430990923,FALSE,18,2,0,0,34,20,14,0.588235294117647,1
"lasso.cv",40,80,0.2,"FALSE","FALSE","FALSE","10.244200695887","7.08164640987135","3.1625542860157","0.542","1,2,3,4,5,6,7,13,28,31,34,35,36,38,39,43,44,45,46,47,48,49,51,53",0.0133568776629167,FALSE,8,2,0,0,24,10,14,0.416666666666667,1
"lasso.cv",41,80,0.2,"FALSE","FALSE","FALSE","9.33463022554179","5.30607729662197","4.02855292891982","0.832","1,2,3,4,5,6,7,9,13,15,17,18,26,27,30,32,33,35,36,38,40,42,43,44,45,46,47,48,49,51,52",0.0236084151732641,FALSE,15,2,0,0,31,17,14,0.548387096774194,1
"lasso.cv",42,80,0.2,"FALSE","FALSE","FALSE","10.8548347722511","6.14132729461224","4.71350747763883","0.329","1,2,3,4,5,6,7,10,15,24,26,27,28,29,32,36,40,43,44,45,46,47,48,49,50,52",0.0160093793047989,FALSE,10,2,0,0,26,12,14,0.461538461538462,1
"lasso.cv",43,80,0.2,"FALSE","FALSE","FALSE","9.45236265257792","5.4951483179177","3.95721433466022","0.658","1,2,3,4,5,6,7,10,13,16,19,21,22,24,25,26,27,30,31,36,39,44,45,46,47,48,49,50,53",0.0182585407322976,FALSE,14,2,0,1,29,16,13,0.551724137931034,0.928571428571429
"lasso.cv",44,80,0.2,"FALSE","FALSE","FALSE","9.79938322551011","5.53668070908591","4.2627025164242","0.656","1,2,3,4,5,6,7,8,23,24,26,27,30,31,33,34,40,42,44,45,46,47,48,49,50,51,53",0.022804540844069,FALSE,11,3,0,1,27,14,13,0.518518518518518,0.928571428571429
"lasso.cv",45,80,0.2,"FALSE","FALSE","FALSE","8.81216578734274","5.63072136222501","3.18144442511774","0.72","1,2,3,4,5,6,7,10,12,17,18,21,22,27,28,29,32,36,38,39,41,44,45,46,47,48,49",0.0200918754921716,FALSE,14,0,0,1,27,14,13,0.518518518518518,0.928571428571429
"lasso.cv",46,80,0.2,"FALSE","FALSE","FALSE","9.03112679134766","6.99144519100925","2.03968160033841","0.36","1,2,3,4,5,6,7,8,10,18,21,25,28,30,32,33,42,43,44,45,46,47,48,49",0.033266204169056,FALSE,10,0,0,0,24,10,14,0.416666666666667,1
"lasso.cv",47,80,0.2,"FALSE","FALSE","FALSE","8.91428237271262","5.89244549483877","3.02183687787384","0.557","1,2,3,4,5,6,7,9,12,16,17,20,21,22,23,24,25,26,27,28,37,38,40,42,43,44,45,46,47,48,49",0.020816824591135,FALSE,17,0,0,0,31,17,14,0.548387096774194,1
"lasso.cv",48,80,0.2,"FALSE","FALSE","FALSE","8.92152811329427","4.56862076556676","4.35290734772751","0.372","1,2,3,4,5,6,7,10,11,13,22,24,27,28,32,36,40,42,43,44,45,46,47,48,49,51,53",0.0159898047547272,FALSE,11,2,0,0,27,13,14,0.481481481481481,1
"lasso.cv",49,80,0.2,"FALSE","FALSE","FALSE","10.2859657093739","5.58013449011967","4.70583121925422","0.461","1,2,3,4,5,6,7,10,11,12,15,16,20,22,24,26,27,34,38,39,41,42,43,44,45,46,47,48,49,50",0.0128297481060781,FALSE,15,1,0,0,30,16,14,0.533333333333333,1
"lasso.cv",5,80,0.2,"FALSE","FALSE","FALSE","9.59519524837142","6.28903403666587","3.30616121170554","0.373","1,2,3,4,5,6,7,8,10,12,16,20,23,27,31,32,35,36,38,44,45,46,47,48,49,50,51,52",0.0239171439344936,FALSE,12,3,0,1,28,15,13,0.535714285714286,0.928571428571429
"lasso.cv",50,80,0.2,"TRUE","TRUE","FALSE","10.625842391704","7.0177780941348","3.60806429756923","0.795","1,2,3,4,5,6,7,12,15,18,22,28,29,30,31,36,38,39,40,42,43,44,45,46,47,48,49,51,52",0.025908098959254,FALSE,13,2,0,0,29,15,14,0.517241379310345,1
"lasso.cv",51,80,0.2,"FALSE","FALSE","FALSE","9.44538857408447","5.44634976557397","3.9990388085105","0.406","1,2,3,4,5,6,7,9,13,14,19,20,21,23,28,30,44,45,46,47,48,49",0.009228075098169,FALSE,9,0,0,1,22,9,13,0.409090909090909,0.928571428571429
"lasso.cv",52,80,0.2,"FALSE","FALSE","FALSE","10.1240141869724","6.36740622722138","3.75660795975103","0.381","1,2,3,4,5,6,7,9,10,15,17,18,21,22,25,30,35,36,37,43,44,45,46,47,48,49",0.0105386880199276,FALSE,12,0,0,0,26,12,14,0.461538461538462,1
"lasso.cv",53,80,0.2,"FALSE","FALSE","FALSE","9.15844473974956","6.07597559156134","3.08246914818821","0.743","1,2,3,4,5,6,7,9,12,19,26,27,28,29,32,35,38,40,41,42,43,44,45,46,47,48,49,50,51",0.0232726539481703,FALSE,13,2,0,0,29,15,14,0.517241379310345,1
"lasso.cv",54,80,0.2,"FALSE","FALSE","FALSE","9.14409343429025","5.61397689402711","3.53011654026314","0.657","1,2,3,4,5,6,7,9,10,11,12,19,22,23,24,25,26,30,32,35,36,37,42,43,44,45,46,47,48,49,51,52",0.0266854532936045,FALSE,16,2,0,0,32,18,14,0.5625,1
"lasso.cv",55,80,0.2,"FALSE","FALSE","FALSE","10.2759817565677","5.90968548113918","4.36629627542852","0.639","1,2,3,4,5,6,7,9,13,14,18,20,21,23,24,26,27,28,30,33,37,42,43,44,45,46,47,48,49,50,51,52",0.0280628635453507,FALSE,15,3,0,0,32,18,14,0.5625,1
"lasso.cv",56,80,0.2,"FALSE","FALSE","FALSE","9.14053166709971","6.27725466626489","2.86327700083482","0.678","1,2,3,4,5,6,7,8,11,14,21,23,27,28,29,30,31,33,37,40,43,44,45,46,47,48,49,50,52",0.0291291631518374,FALSE,13,2,0,0,29,15,14,0.517241379310345,1
"lasso.cv",57,80,0.2,"FALSE","FALSE","FALSE","8.92318653390371","5.49644108993469","3.42674544396902","0.472","1,2,3,4,5,6,7,8,9,10,13,14,16,19,24,25,28,29,32,34,37,39,41,44,45,46,47,48,49,50,51,52",0.0275754940585752,FALSE,16,3,0,1,32,19,13,0.59375,0.928571428571429
"lasso.cv",58,80,0.2,"FALSE","FALSE","FALSE","10.9691121196852","5.93191834199603","5.03719377768914","0.295","1,2,3,4,5,6,7,24,26,27,31,32,40,41,43,44,45,46,47,48,49,53",0.0139946980408812,FALSE,7,1,0,0,22,8,14,0.363636363636364,1
"lasso.cv",59,80,0.2,"FALSE","FALSE","FALSE","8.67468161325188","5.90190848922704","2.77277312402484","0.45","1,2,3,4,5,6,7,12,13,14,26,31,36,42,43,44,45,46,47,48,49,51",0.0213637686747982,FALSE,7,1,0,0,22,8,14,0.363636363636364,1
"lasso.cv",6,80,0.2,"FALSE","FALSE","FALSE","7.96942804726119","6.28085252148537","1.68857552577582","0.6","1,2,3,4,5,6,7,8,9,12,16,18,22,23,31,33,35,38,39,41,42,43,44,45,46,47,48,49,52",0.0169481078659941,FALSE,14,1,0,0,29,15,14,0.517241379310345,1
"lasso.cv",60,80,0.2,"FALSE","FALSE","FALSE","8.77204054258775","5.17252579544182","3.59951474714593","0.747","1,2,3,4,5,6,7,8,12,14,15,22,26,27,30,32,34,35,41,44,45,46,47,48,49,52",0.0245635835919328,FALSE,12,1,0,1,26,13,13,0.5,0.928571428571429
"lasso.cv",61,80,0.2,"FALSE","FALSE","FALSE","8.07714981802006","5.53952254780242","2.53762727021764","0.559","1,2,3,4,5,6,7,13,16,22,27,28,31,40,43,44,45,46,47,48,49,52,53",0.0361670444276963,FALSE,7,2,0,0,23,9,14,0.391304347826087,1
"lasso.cv",62,80,0.2,"FALSE","FALSE","FALSE","8.07601674530816","5.61687842612887","2.45913831917929","0.462","1,2,3,4,5,6,7,9,10,12,14,15,22,23,35,40,41,42,43,44,45,46,47,48,49,51,52",0.0187463170915205,FALSE,11,2,0,0,27,13,14,0.481481481481481,1
"lasso.cv",63,80,0.2,"FALSE","FALSE","FALSE","10.2437182645977","6.86830341891242","3.37541484568532","0.337","1,2,3,4,5,6,7,8,9,11,12,14,15,16,17,18,19,23,24,25,26,27,31,33,34,35,36,37,38,39,40,41,42,43,44,45,46,47,48,49,50,51,52",0.0248685538285709,FALSE,26,3,0,0,43,29,14,0.674418604651163,1
"lasso.cv",64,80,0.2,"FALSE","FALSE","FALSE","11.6908838880065","6.66235283310995","5.02853105489654","0.3","1,2,3,4,5,6,7,8,12,19,22,23,33,42,44,45,46,47,48,49,51,52",0.0106062273342173,FALSE,7,2,0,1,22,9,13,0.409090909090909,0.928571428571429
"lasso.cv",65,80,0.2,"FALSE","FALSE","FALSE","10.3155452509746","5.66412571563202","4.65141953534256","0.392","1,2,3,4,5,6,7,8,9,16,17,18,23,26,27,41,42,43,44,45,46,47,48,49,51,52",0.0137158184174556,FALSE,10,2,0,0,26,12,14,0.461538461538462,1
"lasso.cv",66,80,0.2,"FALSE","FALSE","FALSE","10.6965960383562","5.8832149660247","4.81338107233149","0.48","1,2,3,4,5,6,7,9,13,18,21,24,26,27,28,29,31,36,40,43,44,45,46,47,48,49,50,51,52",0.0230203668449482,FALSE,12,3,0,0,29,15,14,0.517241379310345,1
"lasso.cv",67,80,0.2,"FALSE","FALSE","FALSE","9.91237599335078","5.44211715004979","4.47025884330099","0.405","1,2,3,4,5,6,7,11,12,17,20,21,23,24,25,26,27,28,29,30,32,33,38,42,43,44,45,46,47,48,49,51,53",0.0185436161061631,FALSE,17,2,0,0,33,19,14,0.575757575757576,1
"lasso.cv",68,80,0.2,"TRUE","TRUE","FALSE","12.0350669370638","6.48058083466496","5.55448610239888","0.578","1,2,3,4,5,6,7,13,16,19,20,21,22,23,24,28,29,32,33,36,42,43,44,45,46,47,48,49,51,52",0.0143232850190023,FALSE,14,2,0,0,30,16,14,0.533333333333333,1
"lasso.cv",69,80,0.2,"FALSE","FALSE","FALSE","8.83257990535331","5.93309125222223","2.89948865313108","0.576","1,2,3,4,5,6,7,8,9,10,15,16,18,20,21,22,27,29,30,32,35,36,38,39,40,42,43,44,45,46,47,48,49,51,52,53",0.0173906252364714,FALSE,19,3,0,0,36,22,14,0.611111111111111,1
"lasso.cv",7,80,0.2,"FALSE","FALSE","FALSE","10.2297985890452","5.29475176428888","4.93504682475632","0.31","1,2,3,4,5,6,7,8,13,14,15,20,22,24,27,28,30,34,35,36,44,45,46,47,48,49,50,51,52",0.0160732120599383,FALSE,13,3,0,1,29,16,13,0.551724137931034,0.928571428571429
"lasso.cv",70,80,0.2,"FALSE","FALSE","FALSE","11.4647860086687","6.22097878570998","5.24380722295873","0.274","1,2,3,4,5,6,7,10,13,17,18,23,26,29,31,32,36,37,38,43,44,45,46,47,48,49,50",0.0116512328724198,FALSE,12,1,0,0,27,13,14,0.481481481481481,1
"lasso.cv",71,80,0.2,"FALSE","FALSE","FALSE","9.02872074112015","7.01542235083312","2.01329839028703","0.476","1,2,3,4,5,6,7,9,12,14,15,18,25,27,31,35,37,40,43,44,45,47,48,49,50,52",0.0282010196481648,FALSE,11,2,0,1,26,13,13,0.5,0.928571428571429
"lasso.cv",72,80,0.2,"FALSE","FALSE","FALSE","10.0533958818198","6.51208585926553","3.54131002255427","0.457","2,3,4,5,6,7,8,13,21,22,23,26,29,30,32,33,36,37,41,42,43,44,45,46,47,48,49,51,52",0.0205827414106802,FALSE,14,2,1,0,29,16,13,0.551724137931034,0.928571428571429
"lasso.cv",73,80,0.2,"FALSE","FALSE","FALSE","8.95703630015882","5.97463012094033","2.98240617921849","0.551","1,2,3,4,5,6,7,10,11,12,15,17,18,21,22,23,27,33,34,35,36,39,40,44,45,46,47,48,49",0.0206876701578199,FALSE,16,0,0,1,29,16,13,0.551724137931034,0.928571428571429
"lasso.cv",74,80,0.2,"FALSE","FALSE","FALSE","10.4742046357001","6.76568611784365","3.70851851785641","0.578","1,2,3,4,5,6,7,9,12,22,23,27,28,31,33,36,38,40,42,43,44,45,46,47,48,49,50,51",0.0228337973966489,FALSE,12,2,0,0,28,14,14,0.5,1
"lasso.cv",75,80,0.2,"FALSE","FALSE","FALSE","8.99903734839919","6.71708475847918","2.28195258992001","0.666","1,2,3,4,6,7,9,12,14,15,16,21,24,27,30,31,32,33,34,36,39,40,41,42,43,44,45,46,47,48,49,51,52",0.0415013286435605,FALSE,18,2,1,0,33,20,13,0.606060606060606,0.928571428571429
"lasso.cv",76,80,0.2,"FALSE","FALSE","FALSE","10.2311116918234","5.95776390451859","4.27334778730477","0.506","1,2,3,4,5,6,7,11,14,15,18,19,21,22,24,25,26,27,30,31,38,41,42,44,45,46,47,48,49,50,52",0.0289512420518178,FALSE,16,2,0,1,31,18,13,0.580645161290323,0.928571428571429
"lasso.cv",77,80,0.2,"FALSE","FALSE","FALSE","10.4058130673265","5.86091612022929","4.54489694709716","0.601","1,2,3,4,5,6,7,8,9,14,18,21,26,27,34,35,37,38,39,41,43,44,45,46,47,48,49,51,52",0.0359966812483523,FALSE,13,2,0,0,29,15,14,0.517241379310345,1
"lasso.cv",78,80,0.2,"FALSE","FALSE","FALSE","10.2796331667077","5.30941135551506","4.97022181119264","0.663","1,2,3,4,5,6,7,10,12,13,15,17,21,23,27,28,30,36,37,42,43,44,45,46,47,48,49,52,53",0.0242383944394723,FALSE,13,2,0,0,29,15,14,0.517241379310345,1
"lasso.cv",79,80,0.2,"FALSE","FALSE","FALSE","10.8746302147244","6.68703422361294","4.18759599111151","0.338","1,2,3,4,5,6,7,12,13,14,15,18,20,21,26,27,30,31,35,38,40,44,45,46,47,48,49,51,52",0.0137005298582324,FALSE,14,2,0,1,29,16,13,0.551724137931034,0.928571428571429
"lasso.cv",8,80,0.2,"FALSE","FALSE","FALSE","9.71398390211597","6.02095152242372","3.69303237969225","0.545","1,2,3,4,5,6,7,10,12,13,16,17,20,21,23,26,31,32,34,41,42,43,44,45,46,47,48,49,51",0.0186894838435529,FALSE,14,1,0,0,29,15,14,0.517241379310345,1
"lasso.cv",80,80,0.2,"FALSE","FALSE","FALSE","10.9445529475269","7.00625572298027","3.93829722454666","0.352","1,2,3,4,5,6,7,9,13,18,24,27,29,31,35,38,40,43,44,45,46,47,48,49,51,52",0.0154192035640172,FALSE,10,2,0,0,26,12,14,0.461538461538462,1
"lasso.cv",81,80,0.2,"FALSE","FALSE","FALSE","9.56501253876306","5.77241044162752","3.79260209713554","0.477","1,2,3,4,5,6,7,11,14,17,22,27,30,33,36,38,39,40,44,45,46,47,48,49,52,53",0.0222169749222083,FALSE,11,2,0,1,26,13,13,0.5,0.928571428571429
"lasso.cv",82,80,0.2,"FALSE","FALSE","FALSE","8.82701963410592","6.20455320157335","2.62246643253257","0.55","1,2,3,4,5,6,7,8,9,11,12,15,21,25,26,28,31,34,36,40,41,43,44,45,46,47,48,49,52",0.0246254211995812,FALSE,14,1,0,0,29,15,14,0.517241379310345,1
"lasso.cv",83,80,0.2,"TRUE","TRUE","FALSE","10.565768170864","5.31815977265846","5.24760839820557","0.553","1,2,3,4,5,6,7,9,10,13,18,22,28,30,36,38,42,43,44,45,46,47,48,49,50,51,53",0.0155776050564646,FALSE,10,3,0,0,27,13,14,0.481481481481481,1
"lasso.cv",84,80,0.2,"FALSE","FALSE","FALSE","10.7169151598006","6.36548085920223","4.35143430059841","0.454","1,2,3,4,5,6,7,8,10,12,13,15,16,17,21,23,26,28,30,32,35,38,40,43,44,45,46,47,48,49,50,51",0.0221323219735465,FALSE,16,2,0,0,32,18,14,0.5625,1
"lasso.cv",85,80,0.2,"FALSE","FALSE","FALSE","9.57445556182778","5.55669763923349","4.01775792259428","0.397","1,2,3,4,5,6,7,9,10,12,18,20,24,27,28,29,33,34,35,36,37,38,40,43,44,45,46,47,48,49,50,51,52,53",0.0187485340719527,FALSE,16,4,0,0,34,20,14,0.588235294117647,1
"lasso.cv",86,80,0.2,"FALSE","FALSE","FALSE","9.97195241201748","5.6893487105874","4.28260370143008","0.652","1,2,3,4,5,6,7,8,9,10,11,13,14,16,17,18,20,24,25,27,28,30,31,32,34,35,37,38,42,43,44,46,47,48,49,50,52",0.0328326305485318,FALSE,22,2,0,1,37,24,13,0.648648648648649,0.928571428571429
"lasso.cv",87,80,0.2,"FALSE","FALSE","FALSE","9.47028054690258","5.89618750688071","3.57409304002187","0.762","1,2,3,4,5,6,7,10,14,17,18,19,20,21,22,23,25,26,28,30,32,33,36,37,38,40,41,42,43,44,45,46,47,48,49,50,51,52,53",0.0431326641474395,FALSE,21,4,0,0,39,25,14,0.641025641025641,1
"lasso.cv",88,80,0.2,"FALSE","FALSE","FALSE","9.0634872931255","6.48849795946368","2.57498933366182","0.725","1,2,3,4,5,6,7,13,14,15,16,19,22,23,26,27,29,30,31,33,35,43,44,45,46,47,48,49,51",0.0217638537607431,FALSE,14,1,0,0,29,15,14,0.517241379310345,1
"lasso.cv",89,80,0.2,"FALSE","FALSE","FALSE","9.76123018482095","6.32362866755871","3.43760151726224","0.596","1,2,3,4,5,6,7,10,15,17,20,23,27,30,31,35,38,40,42,43,44,45,46,47,48,49,50,52",0.0163185528955618,FALSE,12,2,0,0,28,14,14,0.5,1
"lasso.cv",9,80,0.2,"FALSE","FALSE","FALSE","10.0684958084765","5.39112243464188","4.67737337383458","0.577","1,2,3,4,5,6,7,9,15,23,25,27,28,30,37,40,41,43,44,45,46,47,48,49,51",0.0171453045040291,FALSE,10,1,0,0,25,11,14,0.44,1
"lasso.cv",90,80,0.2,"FALSE","FALSE","FALSE","10.2558308266804","5.51504627176966","4.74078455491079","0.402","1,2,3,4,5,6,7,8,9,10,15,21,26,27,28,30,34,37,40,41,42,43,44,45,46,47,48,49,52,53",0.0252031768613096,FALSE,14,2,0,0,30,16,14,0.533333333333333,1
"lasso.cv",91,80,0.2,"FALSE","FALSE","FALSE","9.34604264616648","6.46903325462353","2.87700939154295","0.385","1,2,3,4,5,6,7,8,9,11,13,14,15,17,20,21,22,23,24,25,26,32,34,35,39,40,41,42,43,44,45,46,47,48,49,50,51,52",0.0296966736415631,FALSE,21,3,0,0,38,24,14,0.631578947368421,1
"lasso.cv",92,80,0.2,"FALSE","FALSE","FALSE","9.56862790263123","6.4856249781059","3.08300292452532","0.62","1,2,3,4,5,6,7,8,10,12,15,17,20,21,22,26,27,28,30,32,37,38,39,43,44,46,47,48,49,50",0.0302686546589421,FALSE,16,1,0,1,30,17,13,0.566666666666667,0.928571428571429
"lasso.cv",93,80,0.2,"FALSE","FALSE","FALSE","9.0902100020475","5.32242998107418","3.76778002097333","0.738","1,2,3,4,5,6,7,9,16,19,21,22,25,30,31,39,42,43,44,45,46,47,48,49",0.0120702899579415,FALSE,10,0,0,0,24,10,14,0.416666666666667,1
"lasso.cv",94,80,0.2,"FALSE","FALSE","FALSE","9.03259115936998","4.81594042325311","4.21665073611687","0.432","1,2,3,4,5,6,7,13,15,16,24,28,29,30,36,39,43,44,45,46,47,48,49",0.0177821240528502,FALSE,9,0,0,0,23,9,14,0.391304347826087,1
"lasso.cv",95,80,0.2,"TRUE","TRUE","FALSE","10.5341181140822","5.95510392136264","4.57901419271956","0.674","1,2,3,4,5,6,7,9,13,14,16,18,20,21,22,26,35,38,40,41,43,44,45,46,47,48,49",0.0213060377532243,FALSE,13,0,0,0,27,13,14,0.481481481481481,1
"lasso.cv",96,80,0.2,"FALSE","FALSE","FALSE","9.82344509689644","6.94402882765717","2.87941626923927","0.769","1,2,3,4,5,6,7,8,14,17,19,20,25,30,34,35,36,42,44,45,46,47,48,49,50,51,52,53",0.0162808456742723,FALSE,11,4,0,1,28,15,13,0.535714285714286,0.928571428571429
"lasso.cv",97,80,0.2,"FALSE","FALSE","FALSE","9.72427001372032","5.42154933031961","4.30272068340071","0.569","1,2,3,4,5,6,7,10,14,18,20,22,24,27,30,35,39,40,43,44,45,46,47,48,49,50,51,52",0.01014642610082,FALSE,11,3,0,0,28,14,14,0.5,1
"lasso.cv",98,80,0.2,"TRUE","TRUE","FALSE","11.9801798831834","7.32625448602351","4.65392539715993","0.42","1,2,3,4,5,6,7,8,9,10,12,15,16,20,21,24,25,26,27,29,30,31,34,37,40,43,44,45,46,47,48,49,52,53",0.0188026307842707,FALSE,18,2,0,0,34,20,14,0.588235294117647,1
"lasso.cv",99,80,0.2,"FALSE","FALSE","FALSE","10.8195761844756","5.7886737348932","5.03090244958242","0.314","1,2,3,4,5,6,7,15,16,17,19,30,31,35,39,41,43,44,45,46,47,48,49,50,52",0.0129964182966064,FALSE,9,2,0,0,25,11,14,0.44,1
"S.A",1,80,0.2,"FALSE","FALSE","FALSE","9.08079640896363","5.13227490064677","3.94852150831686","0.548","2,4,5,6,7,44,46,48,49",0.0355200877604162,FALSE,0,0,2,3,9,0,9,0,0.642857142857143
"S.A",10,80,0.2,"FALSE","FALSE","FALSE","9.36866710904337","4.85501410773136","4.51365300131202","0.482","2,4,6,7,43,45,47,48,49",0.049091697126754,FALSE,0,0,3,2,9,0,9,0,0.642857142857143
"S.A",100,80,0.2,"FALSE","FALSE","FALSE","9.48030647547267","5.25027243603336","4.23003403943931","0.322","2,4,5,6,7,44,45,46,48,49",0.0282984364449988,FALSE,0,0,2,2,10,0,10,0,0.714285714285714
"S.A",11,80,0.2,"FALSE","FALSE","FALSE","9.22055013450969","5.95266726993529","3.2678828645744","0.75","1,2,4,5,6,7,44,46,48,49",0.0304634437843862,FALSE,0,0,1,3,10,0,10,0,0.714285714285714
"S.A",12,80,0.2,"FALSE","FALSE","FALSE","9.26544026142851","6.3850422481916","2.8803980132369","0.673","2,4,6,7,29,41,45,48,49",0.0857559778798315,FALSE,2,0,3,4,9,2,7,0.222222222222222,0.5
"S.A",13,80,0.2,"TRUE","TRUE","FALSE","12.2974316442824","6.34485983918247","5.9525718050999","0.329","1,2,3,4,5,6,7,44,45,46,47,48,49",0.00525077807853489,FALSE,0,0,0,1,13,0,13,0,0.928571428571429
"S.A",14,80,0.2,"FALSE","FALSE","FALSE","10.5602327104441","4.82955013003088","5.73068258041323","0.629","2,4,6,43,44,45,46,47,48,49",0.0417746787941129,FALSE,0,0,4,0,10,0,10,0,0.714285714285714
"S.A",15,80,0.2,"FALSE","FALSE","FALSE","9.62040134374289","6.36702468234284","3.25337666140005","0.413","2,3,4,5,6,7,44,46,49",0.0495850479437249,FALSE,0,0,1,4,9,0,9,0,0.642857142857143
"S.A",16,80,0.2,"FALSE","FALSE","FALSE","9.88700313715609","5.99908846168961","3.88791467546648","0.708","1,2,6,14,42,45,47,48,49",0.0965619464723098,FALSE,2,0,4,3,9,2,7,0.222222222222222,0.5
"S.A",17,80,0.2,"FALSE","FALSE","FALSE","8.8892609240413","4.99550298105536","3.89375794298594","0.568","3,4,5,7,44,49,50",0.129803176852286,FALSE,0,1,3,5,7,1,6,0.142857142857143,0.428571428571429
"S.A",18,80,0.2,"FALSE","FALSE","FALSE","10.1235564506031","5.61960660677617","4.50394984382697","0.664","1,2,3,4,5,45,46,47,48,49",0.0329293118519214,FALSE,0,0,2,2,10,0,10,0,0.714285714285714
"S.A",19,80,0.2,"FALSE","FALSE","FALSE","10.5867920829641","6.54357858039181","4.04321350257227","0.417","1,2,4,5,6,7,46,47,48,49",0.0249873695592274,FALSE,0,0,1,3,10,0,10,0,0.714285714285714
"S.A",2,80,0.2,"FALSE","FALSE","FALSE","8.84020685409256","5.58282226426093","3.25738458983163","0.788","2,4,5,6,7,44,46,49",0.0613934368940802,FALSE,0,0,2,4,8,0,8,0,0.571428571428571
"S.A",20,80,0.2,"FALSE","FALSE","FALSE","9.35727124704174","6.50523723903686","2.85203400800488","0.499","2,4,5,6,7,37,46,48,49",0.0570199432669564,FALSE,1,0,2,4,9,1,8,0.111111111111111,0.571428571428571
"S.A",21,80,0.2,"FALSE","FALSE","FALSE","9.38048380067739","5.81077731648176","3.56970648419563","0.661","1,2,4,5,7,32,46,48,49",0.0648478143584198,FALSE,1,0,2,4,9,1,8,0.111111111111111,0.571428571428571
"S.A",22,80,0.2,"FALSE","FALSE","FALSE","9.74058657651235","7.46365426475085","2.2769323117615","0.687","3,4,5,7,12,40,42,49",0.159258975556284,FALSE,3,0,3,6,8,3,5,0.375,0.357142857142857
"S.A",23,80,0.2,"FALSE","FALSE","FALSE","9.43912281308515","4.44146412237411","4.99765869071104","0.359","1,2,4,6,45,46,47,48,49",0.0470451044356686,FALSE,0,0,3,2,9,0,9,0,0.642857142857143
"S.A",24,80,0.2,"FALSE","FALSE","FALSE","8.28653020800342","4.23501148504979","4.05151872295363","0.528","1,2,4,46,47,48,49",0.0825724141121039,FALSE,0,0,4,3,7,0,7,0,0.5
"S.A",25,80,0.2,"FALSE","FALSE","FALSE","11.7527498911883","6.61367983065256","5.13907006053577","0.516","1,2,3,4,7,17,22,44,45,46,47,48,49",0.0369222304243328,FALSE,2,0,2,1,13,2,11,0.153846153846154,0.785714285714286
"S.A",26,80,0.2,"FALSE","FALSE","FALSE","10.2215792939954","6.39329574400487","3.82828354999049","0.457","2,4,5,6,7,33,46,47,48,49",0.0385381956109669,FALSE,1,0,2,3,10,1,9,0.1,0.642857142857143
"S.A",27,80,0.2,"FALSE","FALSE","FALSE","10.8406997785108","6.62213242665407","4.21856735185673","0.366","1,2,3,4,5,7,44,46,48,49",0.0306363139843457,FALSE,0,0,1,3,10,0,10,0,0.714285714285714
"S.A",28,80,0.2,"FALSE","FALSE","FALSE","9.37211628908898","5.62017031900926","3.75194597007971","0.822","2,4,7,9,25,37,38,47,48,49",0.0987469310670289,FALSE,4,0,4,4,10,4,6,0.4,0.428571428571429
"S.A",29,80,0.2,"FALSE","FALSE","FALSE","8.55284052162931","5.51160163105193","3.04123889057738","0.593","2,3,4,5,6,7,44,46,49",0.0522890838871598,FALSE,0,0,1,4,9,0,9,0,0.642857142857143
"S.A",3,80,0.2,"FALSE","FALSE","FALSE","8.78764372232564","6.6743500103133","2.11329371201234","0.477","2,4,6,7,9,37,48,49",0.103524893903844,FALSE,2,0,3,5,8,2,6,0.25,0.428571428571429
"S.A",30,80,0.2,"FALSE","FALSE","FALSE","8.78132072958647","4.47161582628643","4.30970490330003","0.546","1,2,4,45,46,47,48,49",0.0656632401592704,FALSE,0,0,4,2,8,0,8,0,0.571428571428571
"S.A",31,80,0.2,"FALSE","FALSE","FALSE","9.10953647212796","4.55948134880142","4.55005512332654","0.598","2,4,5,6,44,46,47,48,49",0.0388144826628581,FALSE,0,0,3,2,9,0,9,0,0.642857142857143
"S.A",32,80,0.2,"TRUE","TRUE","FALSE","10.6999812131111","6.16425810271397","4.53572311039709","0.45","2,3,4,5,6,7,44,47,48,49",0.0233272409660065,FALSE,0,0,1,3,10,0,10,0,0.714285714285714
"S.A",33,80,0.2,"FALSE","FALSE","FALSE","11.4081098633478","5.79347384516914","5.61463601817869","0.515","2,3,4,5,6,7,44,45,46,47,48,49",0.0119785563891613,FALSE,0,0,1,1,12,0,12,0,0.857142857142857
"S.A",34,80,0.2,"FALSE","FALSE","FALSE","10.3520406686015","6.19253281538587","4.15950785321565","0.405","1,2,3,4,5,7,32,46,47,48,49",0.0312147732678953,FALSE,1,0,1,3,11,1,10,0.0909090909090909,0.714285714285714
"S.A",35,80,0.2,"FALSE","FALSE","FALSE","9.61753500854184","6.48248315437683","3.13505185416501","0.568","2,3,4,5,6,7,44,46,48",0.0553694005989292,FALSE,0,0,1,4,9,0,9,0,0.642857142857143
"S.A",36,80,0.2,"FALSE","FALSE","FALSE","11.4120282054409","6.10825381043625","5.30377439500464","0.4","2,3,4,5,6,7,44,45,46,47,48,49",0.0104319517664252,FALSE,0,0,1,1,12,0,12,0,0.857142857142857
"S.A",37,80,0.2,"FALSE","FALSE","FALSE","8.75086714090223","4.67405983822913","4.0768073026731","0.347","2,4,6,7,46,47,48,49",0.0565120461583294,FALSE,0,0,3,3,8,0,8,0,0.571428571428571
"S.A",38,80,0.2,"FALSE","FALSE","FALSE","8.56085528413888","4.51981122673192","4.04104405740696","0.334","1,2,4,6,46,47,48,49",0.0564310156774382,FALSE,0,0,3,3,8,0,8,0,0.571428571428571
"S.A",39,80,0.2,"FALSE","FALSE","FALSE","9.82212954238304","5.41831802537879","4.40381151700425","0.55","1,2,3,5,45,46,47,48,49",0.0585427228204147,FALSE,0,0,3,2,9,0,9,0,0.642857142857143
"S.A",4,80,0.2,"FALSE","FALSE","FALSE","10.3113063870607","5.19979254604958","5.1115138410111","0.609","2,4,5,6,7,44,45,46,47,48,49",0.0150367060029777,FALSE,0,0,2,1,11,0,11,0,0.785714285714286
"S.A",40,80,0.2,"FALSE","FALSE","FALSE","10.244200695887","7.08164640987135","3.1625542860157","0.542","1,2,3,4,5,6,7,46,47,48,49",0.0152179444533204,FALSE,0,0,0,3,11,0,11,0,0.785714285714286
"S.A",41,80,0.2,"FALSE","FALSE","FALSE","9.33463022554179","5.30607729662197","4.02855292891982","0.832","2,3,4,5,6,7,43,44,47,48,49",0.0317688268313471,FALSE,0,0,1,2,11,0,11,0,0.785714285714286
"S.A",42,80,0.2,"FALSE","FALSE","FALSE","10.8548347722511","6.14132729461224","4.71350747763883","0.329","1,2,3,4,5,7,45,46,47,48,49",0.0188411957492794,FALSE,0,0,1,2,11,0,11,0,0.785714285714286
"S.A",43,80,0.2,"FALSE","FALSE","FALSE","9.45236265257792","5.4951483179177","3.95721433466022","0.658","1,2,4,5,6,7,44,46,47,48,49",0.0202035798135818,FALSE,0,0,1,2,11,0,11,0,0.785714285714286
"S.A",44,80,0.2,"FALSE","FALSE","FALSE","9.79938322551011","5.53668070908591","4.2627025164242","0.656","1,2,4,5,6,45,46,47,48,49",0.0357320134852383,FALSE,0,0,2,2,10,0,10,0,0.714285714285714
"S.A",45,80,0.2,"FALSE","FALSE","FALSE","8.81216578734274","5.63072136222501","3.18144442511774","0.72","1,2,4,5,7,32,46,48,49",0.0544166354272743,FALSE,1,0,2,4,9,1,8,0.111111111111111,0.571428571428571
"S.A",46,80,0.2,"FALSE","FALSE","FALSE","9.03112679134766","6.99144519100925","2.03968160033841","0.36","1,2,4,5,6,7,33,46,49",0.0673037399465524,FALSE,1,0,1,5,9,1,8,0.111111111111111,0.571428571428571
"S.A",47,80,0.2,"FALSE","FALSE","FALSE","8.91428237271262","5.89244549483877","3.02183687787384","0.557","2,4,5,6,7,46,48,49",0.057926252495839,FALSE,0,0,2,4,8,0,8,0,0.571428571428571
"S.A",48,80,0.2,"FALSE","FALSE","FALSE","8.92152811329427","4.56862076556676","4.35290734772751","0.372","2,4,5,6,7,43,47,48,49",0.0455471036801211,FALSE,0,0,2,3,9,0,9,0,0.642857142857143
"S.A",49,80,0.2,"FALSE","FALSE","FALSE","10.2859657093739","5.58013449011967","4.70583121925422","0.461","2,3,4,5,7,45,46,47,48,49",0.0250359705733894,FALSE,0,0,2,2,10,0,10,0,0.714285714285714
"S.A",5,80,0.2,"FALSE","FALSE","FALSE","9.59519524837142","6.28903403666587","3.30616121170554","0.373","1,2,4,5,6,7,46,48,49",0.0356564615575377,FALSE,0,0,1,4,9,0,9,0,0.642857142857143
"S.A",50,80,0.2,"TRUE","TRUE","FALSE","10.625842391704","7.0177780941348","3.60806429756923","0.795","2,3,4,5,6,7,44,46,49",0.0487640965229077,FALSE,0,0,1,4,9,0,9,0,0.642857142857143
"S.A",51,80,0.2,"FALSE","FALSE","FALSE","9.44538857408447","5.44634976557397","3.9990388085105","0.406","2,3,4,5,6,7,46,47,48,49",0.0246552259443512,FALSE,0,0,1,3,10,0,10,0,0.714285714285714
"S.A",52,80,0.2,"FALSE","FALSE","FALSE","10.1240141869724","6.36740622722138","3.75660795975103","0.381","2,3,4,5,6,7,44,46,48,49",0.029976193250097,FALSE,0,0,1,3,10,0,10,0,0.714285714285714
"S.A",53,80,0.2,"FALSE","FALSE","FALSE","9.15844473974956","6.07597559156134","3.08246914818821","0.743","2,4,5,6,7,12,48,49",0.0788321686538553,FALSE,1,0,2,5,8,1,7,0.125,0.5
"S.A",54,80,0.2,"FALSE","FALSE","FALSE","9.14409343429025","5.61397689402711","3.53011654026314","0.657","1,2,4,6,46,47,48,49",0.0612690253811403,FALSE,0,0,3,3,8,0,8,0,0.571428571428571
"S.A",55,80,0.2,"FALSE","FALSE","FALSE","10.2759817565677","5.90968548113918","4.36629627542852","0.639","1,3,6,14,20,42,44,45,47,48,49",0.113666053518934,FALSE,3,0,4,2,11,3,8,0.272727272727273,0.571428571428571
"S.A",56,80,0.2,"FALSE","FALSE","FALSE","9.14053166709971","6.27725466626489","2.86327700083482","0.678","2,4,5,7,40,43,46,49",0.102432504921367,FALSE,1,0,3,4,8,1,7,0.125,0.5
"S.A",57,80,0.2,"FALSE","FALSE","FALSE","8.92318653390371","5.49644108993469","3.42674544396902","0.472","2,4,5,6,7,46,48,49",0.054536204295182,FALSE,0,0,2,4,8,0,8,0,0.571428571428571
"S.A",58,80,0.2,"FALSE","FALSE","FALSE","10.9691121196852","5.93191834199603","5.03719377768914","0.295","2,3,4,5,6,7,44,45,47,48,49",0.0184673364846191,FALSE,0,0,1,2,11,0,11,0,0.785714285714286
"S.A",59,80,0.2,"FALSE","FALSE","FALSE","8.67468161325188","5.90190848922704","2.77277312402484","0.45","2,4,5,6,7,44,46,49",0.0656118941743298,FALSE,0,0,2,4,8,0,8,0,0.571428571428571
"S.A",6,80,0.2,"FALSE","FALSE","FALSE","7.96942804726119","6.28085252148537","1.68857552577582","0.6","2,3,4,5,6,7,39,44",0.101242050831821,FALSE,1,0,1,6,8,1,7,0.125,0.5
"S.A",60,80,0.2,"FALSE","FALSE","FALSE","8.77204054258775","5.17252579544182","3.59951474714593","0.747","1,2,14,32,46,47,48,49",0.127183064535713,FALSE,2,0,5,3,8,2,6,0.25,0.428571428571429
"S.A",61,80,0.2,"FALSE","FALSE","FALSE","8.07714981802006","5.53952254780242","2.53762727021764","0.559","1,4,5,7,31,48,49",0.119449553060671,FALSE,1,0,3,5,7,1,6,0.142857142857143,0.428571428571429
"S.A",62,80,0.2,"FALSE","FALSE","FALSE","8.07601674530816","5.61687842612887","2.45913831917929","0.462","3,4,5,6,7,44,49",0.110683166059629,FALSE,0,0,2,5,7,0,7,0,0.5
"S.A",63,80,0.2,"FALSE","FALSE","FALSE","10.2437182645977","6.86830341891242","3.37541484568532","0.337","1,2,3,4,5,6,7,44,46,49",0.0386016527297383,FALSE,0,0,0,4,10,0,10,0,0.714285714285714
"S.A",64,80,0.2,"FALSE","FALSE","FALSE","11.6908838880065","6.66235283310995","5.02853105489654","0.3","1,2,4,5,6,7,44,46,47,48,49",0.0167045593260794,FALSE,0,0,1,2,11,0,11,0,0.785714285714286
"S.A",65,80,0.2,"FALSE","FALSE","FALSE","10.3155452509746","5.66412571563202","4.65141953534256","0.392","1,2,3,4,5,6,7,44,46,47,48,49",0.00996106933581278,FALSE,0,0,0,2,12,0,12,0,0.857142857142857
"S.A",66,80,0.2,"FALSE","FALSE","FALSE","10.6965960383562","5.8832149660247","4.81338107233149","0.48","2,3,4,5,6,7,44,46,47,48,49",0.0212036238959767,FALSE,0,0,1,2,11,0,11,0,0.785714285714286
"S.A",67,80,0.2,"FALSE","FALSE","FALSE","9.91237599335078","5.44211715004979","4.47025884330099","0.405","1,2,4,5,6,44,46,48,49",0.0451999440582186,FALSE,0,0,2,3,9,0,9,0,0.642857142857143
"S.A",68,80,0.2,"TRUE","TRUE","FALSE","12.0350669370638","6.48058083466496","5.55448610239888","0.578","1,2,3,4,5,6,7,44,45,46,47,48,49",0.00332529504985455,FALSE,0,0,0,1,13,0,13,0,0.928571428571429
"S.A",69,80,0.2,"FALSE","FALSE","FALSE","8.83257990535331","5.93309125222223","2.89948865313108","0.576","2,4,5,6,7,46,48,49",0.0557143319899424,FALSE,0,0,2,4,8,0,8,0,0.571428571428571
"S.A",7,80,0.2,"FALSE","FALSE","FALSE","10.2297985890452","5.29475176428888","4.93504682475632","0.31","2,4,5,6,7,44,45,46,48,49",0.0278984283640168,FALSE,0,0,2,2,10,0,10,0,0.714285714285714
"S.A",70,80,0.2,"FALSE","FALSE","FALSE","11.4647860086687","6.22097878570998","5.24380722295873","0.274","2,3,4,5,6,7,43,44,45,48,49",0.0237714677075548,FALSE,0,0,1,2,11,0,11,0,0.785714285714286
"S.A",71,80,0.2,"FALSE","FALSE","FALSE","9.02872074112015","7.01542235083312","2.01329839028703","0.476","2,4,6,7,9,25,37,48,49",0.102759196924999,FALSE,3,0,3,5,9,3,6,0.333333333333333,0.428571428571429
"S.A",72,80,0.2,"FALSE","FALSE","FALSE","10.0533958818198","6.51208585926553","3.54131002255427","0.457","2,3,4,5,6,7,44,46,48,49",0.0313326762136788,FALSE,0,0,1,3,10,0,10,0,0.714285714285714
"S.A",73,80,0.2,"FALSE","FALSE","FALSE","8.95703630015882","5.97463012094033","2.98240617921849","0.551","3,4,5,6,7,44,46,49",0.0754896326768318,FALSE,0,0,2,4,8,0,8,0,0.571428571428571
"S.A",74,80,0.2,"FALSE","FALSE","FALSE","10.4742046357001","6.76568611784365","3.70851851785641","0.578","1,2,3,4,5,6,7,44,46,48,49",0.0200483733492367,FALSE,0,0,0,3,11,0,11,0,0.785714285714286
"S.A",75,80,0.2,"FALSE","FALSE","FALSE","8.99903734839919","6.71708475847918","2.28195258992001","0.666","2,4,6,7,9,32,39,48,49",0.106522753784354,FALSE,3,0,3,5,9,3,6,0.333333333333333,0.428571428571429
"S.A",76,80,0.2,"FALSE","FALSE","FALSE","10.2311116918234","5.95776390451859","4.27334778730477","0.506","1,2,4,5,7,11,46,47,48,49",0.0479958939050316,FALSE,1,0,2,3,10,1,9,0.1,0.642857142857143
"S.A",77,80,0.2,"FALSE","FALSE","FALSE","10.4058130673265","5.86091612022929","4.54489694709716","0.601","2,3,4,6,7,41,43,44,45,48,49",0.0505462761233234,FALSE,1,0,2,2,11,1,10,0.0909090909090909,0.714285714285714
"S.A",78,80,0.2,"FALSE","FALSE","FALSE","10.2796331667077","5.30941135551506","4.97022181119264","0.663","2,3,4,5,7,44,45,46,48,49",0.0371845921763107,FALSE,0,0,2,2,10,0,10,0,0.714285714285714
"S.A",79,80,0.2,"FALSE","FALSE","FALSE","10.8746302147244","6.68703422361294","4.18759599111151","0.338","1,2,3,4,5,6,7,44,46,48,49",0.0209516687149663,FALSE,0,0,0,3,11,0,11,0,0.785714285714286
"S.A",8,80,0.2,"FALSE","FALSE","FALSE","9.71398390211597","6.02095152242372","3.69303237969225","0.545","1,2,4,5,6,7,44,46,48,49",0.0281242980035631,FALSE,0,0,1,3,10,0,10,0,0.714285714285714
"S.A",80,80,0.2,"FALSE","FALSE","FALSE","10.9445529475269","7.00625572298027","3.93829722454666","0.352","1,2,3,4,5,6,7,44,46,48,49",0.0244511286656014,FALSE,0,0,0,3,11,0,11,0,0.785714285714286
"S.A",81,80,0.2,"FALSE","FALSE","FALSE","9.56501253876306","5.77241044162752","3.79260209713554","0.477","2,3,4,5,6,7,44,46,48,49",0.0349610218262149,FALSE,0,0,1,3,10,0,10,0,0.714285714285714
"S.A",82,80,0.2,"FALSE","FALSE","FALSE","8.82701963410592","6.20455320157335","2.62246643253257","0.55","2,4,5,6,7,11,44,48",0.0835745450715536,FALSE,1,0,2,5,8,1,7,0.125,0.5
"S.A",83,80,0.2,"TRUE","TRUE","FALSE","10.565768170864","5.31815977265846","5.24760839820557","0.553","1,2,4,6,43,45,46,47,48,49",0.04663735418137,FALSE,0,0,3,1,10,0,10,0,0.714285714285714
"S.A",84,80,0.2,"FALSE","FALSE","FALSE","10.7169151598006","6.36548085920223","4.35143430059841","0.454","2,3,4,5,6,7,44,46,48,49",0.0292872588058831,FALSE,0,0,1,3,10,0,10,0,0.714285714285714
"S.A",85,80,0.2,"FALSE","FALSE","FALSE","9.57445556182778","5.55669763923349","4.01775792259428","0.397","2,3,4,5,6,7,46,47,48,49",0.0252754481732162,FALSE,0,0,1,3,10,0,10,0,0.714285714285714
"S.A",86,80,0.2,"FALSE","FALSE","FALSE","9.97195241201748","5.6893487105874","4.28260370143008","0.652","1,2,3,4,5,6,7,44,46,47,48,49",0.010785077176952,FALSE,0,0,0,2,12,0,12,0,0.857142857142857
"S.A",87,80,0.2,"FALSE","FALSE","FALSE","9.47028054690258","5.89618750688071","3.57409304002187","0.762","1,2,4,5,6,7,44,45,46,49",0.0361243174453574,FALSE,0,0,1,3,10,0,10,0,0.714285714285714
"S.A",88,80,0.2,"FALSE","FALSE","FALSE","9.0634872931255","6.48849795946368","2.57498933366182","0.725","1,4,5,7,31,33,48,49",0.120583833610554,FALSE,2,0,3,5,8,2,6,0.25,0.428571428571429
"S.A",89,80,0.2,"FALSE","FALSE","FALSE","9.76123018482095","6.32362866755871","3.43760151726224","0.596","1,2,3,4,5,6,7,46,47,48,49",0.0184228356102223,FALSE,0,0,0,3,11,0,11,0,0.785714285714286
"S.A",9,80,0.2,"FALSE","FALSE","FALSE","10.0684958084765","5.39112243464188","4.67737337383458","0.577","2,4,6,7,27,43,45,47,48,49",0.0583167649440132,FALSE,1,0,3,2,10,1,9,0.1,0.642857142857143
"S.A",90,80,0.2,"FALSE","FALSE","FALSE","10.2558308266804","5.51504627176966","4.74078455491079","0.402","1,2,3,4,5,7,45,46,47,48,49",0.0229861035476662,FALSE,0,0,1,2,11,0,11,0,0.785714285714286
"S.A",91,80,0.2,"FALSE","FALSE","FALSE","9.34604264616648","6.46903325462353","2.87700939154295","0.385","2,3,4,5,6,7,44,46,49",0.046187077531107,FALSE,0,0,1,4,9,0,9,0,0.642857142857143
"S.A",92,80,0.2,"FALSE","FALSE","FALSE","9.56862790263123","6.4856249781059","3.08300292452532","0.62","2,4,6,7,8,27,30,38,47,48,49",0.0795287368037481,FALSE,4,0,3,4,11,4,7,0.363636363636364,0.5
"S.A",93,80,0.2,"FALSE","FALSE","FALSE","9.0902100020475","5.32242998107418","3.76778002097333","0.738","2,4,6,7,43,45,47,48,49",0.0578597129031988,FALSE,0,0,3,2,9,0,9,0,0.642857142857143
"S.A",94,80,0.2,"FALSE","FALSE","FALSE","9.03259115936998","4.81594042325311","4.21665073611687","0.432","1,2,4,5,7,45,46,48,49",0.0491930548980486,FALSE,0,0,2,3,9,0,9,0,0.642857142857143
"S.A",95,80,0.2,"TRUE","TRUE","FALSE","10.5341181140822","5.95510392136264","4.57901419271956","0.674","2,3,4,5,6,7,26,43,44,45,48,49",0.0342706339049771,FALSE,1,0,1,2,12,1,11,0.0833333333333333,0.785714285714286
"S.A",96,80,0.2,"FALSE","FALSE","FALSE","9.82344509689644","6.94402882765717","2.87941626923927","0.769","2,3,4,5,6,7,25,44,48,49",0.0482198353881834,FALSE,1,0,1,4,10,1,9,0.1,0.642857142857143
"S.A",97,80,0.2,"FALSE","FALSE","FALSE","9.72427001372032","5.42154933031961","4.30272068340071","0.569","2,3,4,5,6,7,44,46,48,49",0.0282122454168763,FALSE,0,0,1,3,10,0,10,0,0.714285714285714
"S.A",98,80,0.2,"TRUE","TRUE","FALSE","11.9801798831834","7.32625448602351","4.65392539715993","0.42","1,2,3,4,5,6,7,44,46,47,48,49",0.0148592185179668,FALSE,0,0,0,2,12,0,12,0,0.857142857142857
"S.A",99,80,0.2,"FALSE","FALSE","FALSE","10.8195761844756","5.7886737348932","5.03090244958242","0.314","1,2,3,4,5,7,44,45,46,48,49",0.0293676422327067,FALSE,0,0,1,2,11,0,11,0,0.785714285714286
"S.A.b",1,80,0.2,"FALSE","FALSE","FALSE","9.08079640896363","5.13227490064677","3.94852150831686","0.548","2,4,5,6,7,44,46,48,49,53",0.0417869805254099,FALSE,0,1,2,3,10,1,9,0.1,0.642857142857143
"S.A.b",10,80,0.2,"FALSE","FALSE","FALSE","9.36866710904337","4.85501410773136","4.51365300131202","0.482","2,4,6,7,43,44,45,47,48,49",0.0376902814501061,FALSE,0,0,3,1,10,0,10,0,0.714285714285714
"S.A.b",100,80,0.2,"FALSE","FALSE","FALSE","9.48030647547267","5.25027243603336","4.23003403943931","0.322","2,4,5,6,7,44,45,46,48,49",0.0282984364449988,FALSE,0,0,2,2,10,0,10,0,0.714285714285714
"S.A.b",11,80,0.2,"FALSE","FALSE","FALSE","9.22055013450969","5.95266726993529","3.2678828645744","0.75","1,2,4,5,6,7,44,46,48,49",0.0304634437843862,FALSE,0,0,1,3,10,0,10,0,0.714285714285714
"S.A.b",12,80,0.2,"FALSE","FALSE","FALSE","9.26544026142851","6.3850422481916","2.8803980132369","0.673","2,4,6,7,29,41,45,48,49,51",0.0822718325846883,FALSE,2,1,3,4,10,3,7,0.3,0.5
"S.A.b",13,80,0.2,"TRUE","TRUE","FALSE","12.2974316442824","6.34485983918247","5.9525718050999","0.329","1,2,3,4,5,6,7,44,45,46,47,48,49",0.00525077807853489,FALSE,0,0,0,1,13,0,13,0,0.928571428571429
"S.A.b",14,80,0.2,"FALSE","FALSE","FALSE","10.5602327104441","4.82955013003088","5.73068258041323","0.629","2,4,5,6,7,43,44,45,46,47,48,49,51",0.0171729367792311,FALSE,0,1,2,0,13,1,12,0.0769230769230769,0.857142857142857
"S.A.b",15,80,0.2,"FALSE","FALSE","FALSE","9.62040134374289","6.36702468234284","3.25337666140005","0.413","2,3,4,5,6,7,44,46,47,48,49",0.0198810522219858,FALSE,0,0,1,2,11,0,11,0,0.785714285714286
"S.A.b",16,80,0.2,"FALSE","FALSE","FALSE","9.88700313715609","5.99908846168961","3.88791467546648","0.708","1,2,4,5,6,7,45,46,47,48,49",0.0182061848797652,FALSE,0,0,1,2,11,0,11,0,0.785714285714286
"S.A.b",17,80,0.2,"FALSE","FALSE","FALSE","8.8892609240413","4.99550298105536","3.89375794298594","0.568","3,4,5,7,15,44,45,47,48,49,50",0.0716398498364543,FALSE,1,1,3,2,11,2,9,0.181818181818182,0.642857142857143
"S.A.b",18,80,0.2,"FALSE","FALSE","FALSE","10.1235564506031","5.61960660677617","4.50394984382697","0.664","1,2,3,4,5,44,45,46,47,48,49",0.0252595090803498,FALSE,0,0,2,1,11,0,11,0,0.785714285714286
"S.A.b",19,80,0.2,"FALSE","FALSE","FALSE","10.5867920829641","6.54357858039181","4.04321350257227","0.417","1,2,4,5,6,7,45,46,47,48,49",0.0167658923939608,FALSE,0,0,1,2,11,0,11,0,0.785714285714286
"S.A.b",2,80,0.2,"FALSE","FALSE","FALSE","8.84020685409256","5.58282226426093","3.25738458983163","0.788","2,4,5,6,7,44,45,46,47,48,49",0.0173699321811993,FALSE,0,0,2,1,11,0,11,0,0.785714285714286
"S.A.b",20,80,0.2,"FALSE","FALSE","FALSE","9.35727124704174","6.50523723903686","2.85203400800488","0.499","2,3,4,5,6,7,37,44,46,48,49",0.0335419012168716,FALSE,1,0,1,3,11,1,10,0.0909090909090909,0.714285714285714
"S.A.b",21,80,0.2,"FALSE","FALSE","FALSE","9.38048380067739","5.81077731648176","3.56970648419563","0.661","1,2,4,5,7,32,46,47,48,49",0.0502457836556557,FALSE,1,0,2,3,10,1,9,0.1,0.642857142857143
"S.A.b",22,80,0.2,"FALSE","FALSE","FALSE","9.74058657651235","7.46365426475085","2.2769323117615","0.687","1,2,3,4,5,6,7,44,46,47,48,49",0.0124722560645484,FALSE,0,0,0,2,12,0,12,0,0.857142857142857
"S.A.b",23,80,0.2,"FALSE","FALSE","FALSE","9.43912281308515","4.44146412237411","4.99765869071104","0.359","1,2,4,6,45,46,47,48,49",0.0470451044356686,FALSE,0,0,3,2,9,0,9,0,0.642857142857143
"S.A.b",24,80,0.2,"FALSE","FALSE","FALSE","8.28653020800342","4.23501148504979","4.05151872295363","0.528","1,2,4,46,47,48,49",0.0825724141121039,FALSE,0,0,4,3,7,0,7,0,0.5
"S.A.b",25,80,0.2,"FALSE","FALSE","FALSE","11.7527498911883","6.61367983065256","5.13907006053577","0.516","1,2,3,4,6,7,12,17,19,22,44,45,46,47,48,49",0.0392712851590051,FALSE,4,0,1,1,16,4,12,0.25,0.857142857142857
"S.A.b",26,80,0.2,"FALSE","FALSE","FALSE","10.2215792939954","6.39329574400487","3.82828354999049","0.457","2,4,5,6,7,33,44,46,47,48,49",0.0310947251432345,FALSE,1,0,2,2,11,1,10,0.0909090909090909,0.714285714285714
"S.A.b",27,80,0.2,"FALSE","FALSE","FALSE","10.8406997785108","6.62213242665407","4.21856735185673","0.366","1,2,3,4,5,6,7,44,46,48,49,50",0.0294164625067814,FALSE,0,1,0,3,12,1,11,0.0833333333333333,0.785714285714286
"S.A.b",28,80,0.2,"FALSE","FALSE","FALSE","9.37211628908898","5.62017031900926","3.75194597007971","0.822","2,6,14,27,43,45,47,48,49",0.108987773822201,FALSE,2,0,5,2,9,2,7,0.222222222222222,0.5
"S.A.b",29,80,0.2,"FALSE","FALSE","FALSE","8.55284052162931","5.51160163105193","3.04123889057738","0.593","2,3,4,5,6,7,44,46,49",0.0522890838871598,FALSE,0,0,1,4,9,0,9,0,0.642857142857143
"S.A.b",3,80,0.2,"FALSE","FALSE","FALSE","8.78764372232564","6.6743500103133","2.11329371201234","0.477","2,4,6,7,9,37,46,48,49",0.0837506171780377,FALSE,2,0,3,4,9,2,7,0.222222222222222,0.5
"S.A.b",30,80,0.2,"FALSE","FALSE","FALSE","8.78132072958647","4.47161582628643","4.30970490330003","0.546","1,2,4,45,46,47,48,49",0.0656632401592704,FALSE,0,0,4,2,8,0,8,0,0.571428571428571
"S.A.b",31,80,0.2,"FALSE","FALSE","FALSE","9.10953647212796","4.55948134880142","4.55005512332654","0.598","2,4,6,16,43,44,45,47,48,49",0.0605913046523898,FALSE,1,0,4,1,10,1,9,0.1,0.642857142857143
"S.A.b",32,80,0.2,"TRUE","TRUE","FALSE","10.6999812131111","6.16425810271397","4.53572311039709","0.45","2,3,4,5,6,7,44,45,46,47,48,49",0.00834850607306612,FALSE,0,0,1,1,12,0,12,0,0.857142857142857
"S.A.b",33,80,0.2,"FALSE","FALSE","FALSE","11.4081098633478","5.79347384516914","5.61463601817869","0.515","2,3,4,5,6,7,44,45,46,47,48,49",0.0119785563891613,FALSE,0,0,1,1,12,0,12,0,0.857142857142857
"S.A.b",34,80,0.2,"FALSE","FALSE","FALSE","10.3520406686015","6.19253281538587","4.15950785321565","0.405","1,2,3,4,5,7,32,44,46,47,48,49",0.0242209046268401,FALSE,1,0,1,2,12,1,11,0.0833333333333333,0.785714285714286
"S.A.b",35,80,0.2,"FALSE","FALSE","FALSE","9.61753500854184","6.48248315437683","3.13505185416501","0.568","2,3,4,5,6,7,44,46,47,48,49",0.0219536860469785,FALSE,0,0,1,2,11,0,11,0,0.785714285714286
"S.A.b",36,80,0.2,"FALSE","FALSE","FALSE","11.4120282054409","6.10825381043625","5.30377439500464","0.4","2,3,4,5,6,7,44,45,46,47,48,49",0.0104319517664252,FALSE,0,0,1,1,12,0,12,0,0.857142857142857
"S.A.b",37,80,0.2,"FALSE","FALSE","FALSE","8.75086714090223","4.67405983822913","4.0768073026731","0.347","2,4,6,7,46,47,48,49",0.0565120461583294,FALSE,0,0,3,3,8,0,8,0,0.571428571428571
"S.A.b",38,80,0.2,"FALSE","FALSE","FALSE","8.56085528413888","4.51981122673192","4.04104405740696","0.334","1,2,4,6,46,47,48,49",0.0564310156774382,FALSE,0,0,3,3,8,0,8,0,0.571428571428571
"S.A.b",39,80,0.2,"FALSE","FALSE","FALSE","9.82212954238304","5.41831802537879","4.40381151700425","0.55","1,2,3,5,45,46,47,48,49",0.0585427228204147,FALSE,0,0,3,2,9,0,9,0,0.642857142857143
"S.A.b",4,80,0.2,"FALSE","FALSE","FALSE","10.3113063870607","5.19979254604958","5.1115138410111","0.609","2,3,4,5,6,7,44,45,46,47,48,49",0.00876248182688678,FALSE,0,0,1,1,12,0,12,0,0.857142857142857
"S.A.b",40,80,0.2,"FALSE","FALSE","FALSE","10.244200695887","7.08164640987135","3.1625542860157","0.542","1,2,3,4,5,6,7,46,47,48,49",0.0152179444533204,FALSE,0,0,0,3,11,0,11,0,0.785714285714286
"S.A.b",41,80,0.2,"FALSE","FALSE","FALSE","9.33463022554179","5.30607729662197","4.02855292891982","0.832","2,3,4,5,6,7,43,44,46,47,48,49",0.0221110293194989,FALSE,0,0,1,1,12,0,12,0,0.857142857142857
"S.A.b",42,80,0.2,"FALSE","FALSE","FALSE","10.8548347722511","6.14132729461224","4.71350747763883","0.329","1,2,3,4,5,7,45,46,47,48,49",0.0188411957492794,FALSE,0,0,1,2,11,0,11,0,0.785714285714286
"S.A.b",43,80,0.2,"FALSE","FALSE","FALSE","9.45236265257792","5.4951483179177","3.95721433466022","0.658","1,2,4,5,6,7,44,46,47,48,49",0.0202035798135818,FALSE,0,0,1,2,11,0,11,0,0.785714285714286
"S.A.b",44,80,0.2,"FALSE","FALSE","FALSE","9.79938322551011","5.53668070908591","4.2627025164242","0.656","1,2,4,5,6,45,46,47,48,49",0.0357320134852383,FALSE,0,0,2,2,10,0,10,0,0.714285714285714
"S.A.b",45,80,0.2,"FALSE","FALSE","FALSE","8.81216578734274","5.63072136222501","3.18144442511774","0.72","1,2,4,5,46,47,48,49",0.053667763175702,FALSE,0,0,3,3,8,0,8,0,0.571428571428571
"S.A.b",46,80,0.2,"FALSE","FALSE","FALSE","9.03112679134766","6.99144519100925","2.03968160033841","0.36","1,2,4,5,6,7,33,46,48,49",0.0508054264752966,FALSE,1,0,1,4,10,1,9,0.1,0.642857142857143
"S.A.b",47,80,0.2,"FALSE","FALSE","FALSE","8.91428237271262","5.89244549483877","3.02183687787384","0.557","2,4,5,6,7,45,46,48,49",0.0435359769627327,FALSE,0,0,2,3,9,0,9,0,0.642857142857143
"S.A.b",48,80,0.2,"FALSE","FALSE","FALSE","8.92152811329427","4.56862076556676","4.35290734772751","0.372","2,4,6,43,45,47,48,49",0.0763649511269008,FALSE,0,0,4,2,8,0,8,0,0.571428571428571
"S.A.b",49,80,0.2,"FALSE","FALSE","FALSE","10.2859657093739","5.58013449011967","4.70583121925422","0.461","2,3,4,5,7,45,46,47,48,49",0.0250359705733894,FALSE,0,0,2,2,10,0,10,0,0.714285714285714
"S.A.b",5,80,0.2,"FALSE","FALSE","FALSE","9.59519524837142","6.28903403666587","3.30616121170554","0.373","1,2,4,5,6,7,45,46,48,49",0.0259768398506763,FALSE,0,0,1,3,10,0,10,0,0.714285714285714
"S.A.b",50,80,0.2,"TRUE","TRUE","FALSE","10.625842391704","7.0177780941348","3.60806429756923","0.795","2,3,4,5,6,7,43,44,45,46,47,48,49",0.0108354450253087,FALSE,0,0,1,0,13,0,13,0,0.928571428571429
"S.A.b",51,80,0.2,"FALSE","FALSE","FALSE","9.44538857408447","5.44634976557397","3.9990388085105","0.406","2,3,4,5,6,7,44,46,47,48,49",0.0171981889536064,FALSE,0,0,1,2,11,0,11,0,0.785714285714286
"S.A.b",52,80,0.2,"FALSE","FALSE","FALSE","10.1240141869724","6.36740622722138","3.75660795975103","0.381","2,3,4,5,6,7,44,45,46,48,49",0.0204246382356924,FALSE,0,0,1,2,11,0,11,0,0.785714285714286
"S.A.b",53,80,0.2,"FALSE","FALSE","FALSE","9.15844473974956","6.07597559156134","3.08246914818821","0.743","2,4,6,7,43,45,46,47,48,49",0.0438281628873564,FALSE,0,0,3,1,10,0,10,0,0.714285714285714
"S.A.b",54,80,0.2,"FALSE","FALSE","FALSE","9.14409343429025","5.61397689402711","3.53011654026314","0.657","1,2,4,6,46,47,48,49",0.0612690253811403,FALSE,0,0,3,3,8,0,8,0,0.571428571428571
"S.A.b",55,80,0.2,"FALSE","FALSE","FALSE","10.2759817565677","5.90968548113918","4.36629627542852","0.639","1,3,6,14,20,42,44,45,47,48,49",0.113666053518934,FALSE,3,0,4,2,11,3,8,0.272727272727273,0.571428571428571
"S.A.b",56,80,0.2,"FALSE","FALSE","FALSE","9.14053166709971","6.27725466626489","2.86327700083482","0.678","2,3,4,5,7,40,43,44,45,46,49",0.0614693169756497,FALSE,1,0,2,2,11,1,10,0.0909090909090909,0.714285714285714
"S.A.b",57,80,0.2,"FALSE","FALSE","FALSE","8.92318653390371","5.49644108993469","3.42674544396902","0.472","2,4,5,6,7,46,47,48,49",0.0417942918766637,FALSE,0,0,2,3,9,0,9,0,0.642857142857143
"S.A.b",58,80,0.2,"FALSE","FALSE","FALSE","10.9691121196852","5.93191834199603","5.03719377768914","0.295","2,3,4,5,6,7,44,45,47,48,49",0.0184673364846191,FALSE,0,0,1,2,11,0,11,0,0.785714285714286
"S.A.b",59,80,0.2,"FALSE","FALSE","FALSE","8.67468161325188","5.90190848922704","2.77277312402484","0.45","2,4,5,6,7,44,46,49",0.0656118941743298,FALSE,0,0,2,4,8,0,8,0,0.571428571428571
"S.A.b",6,80,0.2,"FALSE","FALSE","FALSE","7.96942804726119","6.28085252148537","1.68857552577582","0.6","2,3,4,5,6,7,44,46,49",0.0573978891722471,FALSE,0,0,1,4,9,0,9,0,0.642857142857143
"S.A.b",60,80,0.2,"FALSE","FALSE","FALSE","8.77204054258775","5.17252579544182","3.59951474714593","0.747","1,2,14,32,46,47,48,49",0.127183064535713,FALSE,2,0,5,3,8,2,6,0.25,0.428571428571429
"S.A.b",61,80,0.2,"FALSE","FALSE","FALSE","8.07714981802006","5.53952254780242","2.53762727021764","0.559","1,3,4,5,7,44,46,48,49",0.0647521775446636,FALSE,0,0,2,3,9,0,9,0,0.642857142857143
"S.A.b",62,80,0.2,"FALSE","FALSE","FALSE","8.07601674530816","5.61687842612887","2.45913831917929","0.462","2,3,4,5,6,7,44,45,46,48,49",0.0289253478822139,FALSE,0,0,1,2,11,0,11,0,0.785714285714286
"S.A.b",63,80,0.2,"FALSE","FALSE","FALSE","10.2437182645977","6.86830341891242","3.37541484568532","0.337","1,2,3,4,5,6,7,44,46,48,49",0.022428392934569,FALSE,0,0,0,3,11,0,11,0,0.785714285714286
"S.A.b",64,80,0.2,"FALSE","FALSE","FALSE","11.6908838880065","6.66235283310995","5.02853105489654","0.3","1,2,4,5,6,7,44,46,47,48,49",0.0167045593260794,FALSE,0,0,1,2,11,0,11,0,0.785714285714286
"S.A.b",65,80,0.2,"FALSE","FALSE","FALSE","10.3155452509746","5.66412571563202","4.65141953534256","0.392","1,2,3,5,44,45,46,47,48,49",0.0482229929492067,FALSE,0,0,3,1,10,0,10,0,0.714285714285714
"S.A.b",66,80,0.2,"FALSE","FALSE","FALSE","10.6965960383562","5.8832149660247","4.81338107233149","0.48","2,3,4,6,7,44,45,46,47,48,49",0.0231052028857291,FALSE,0,0,2,1,11,0,11,0,0.785714285714286
"S.A.b",67,80,0.2,"FALSE","FALSE","FALSE","9.91237599335078","5.44211715004979","4.47025884330099","0.405","1,2,4,5,6,44,45,46,47,48,49,51",0.0340672883246543,FALSE,0,1,2,1,12,1,11,0.0833333333333333,0.785714285714286
"S.A.b",68,80,0.2,"TRUE","TRUE","FALSE","12.0350669370638","6.48058083466496","5.55448610239888","0.578","1,2,3,4,5,6,7,43,44,45,46,47,48,49",0.00240879838896206,TRUE,0,0,0,0,14,0,14,0,1
"S.A.b",69,80,0.2,"FALSE","FALSE","FALSE","8.83257990535331","5.93309125222223","2.89948865313108","0.576","2,3,4,5,6,7,44,46,48,49",0.0290831169682315,FALSE,0,0,1,3,10,0,10,0,0.714285714285714
"S.A.b",7,80,0.2,"FALSE","FALSE","FALSE","10.2297985890452","5.29475176428888","4.93504682475632","0.31","2,4,5,6,7,44,45,46,48,49",0.0278984283640168,FALSE,0,0,2,2,10,0,10,0,0.714285714285714
"S.A.b",70,80,0.2,"FALSE","FALSE","FALSE","11.4647860086687","6.22097878570998","5.24380722295873","0.274","2,3,4,5,6,7,43,44,45,46,48,49",0.0166676005756325,FALSE,0,0,1,1,12,0,12,0,0.857142857142857
"S.A.b",71,80,0.2,"FALSE","FALSE","FALSE","9.02872074112015","7.01542235083312","2.01329839028703","0.476","2,4,6,7,9,25,37,48,49",0.102759196924999,FALSE,3,0,3,5,9,3,6,0.333333333333333,0.428571428571429
"S.A.b",72,80,0.2,"FALSE","FALSE","FALSE","10.0533958818198","6.51208585926553","3.54131002255427","0.457","2,3,4,5,6,7,44,45,46,48,49",0.0214285586414378,FALSE,0,0,1,2,11,0,11,0,0.785714285714286
"S.A.b",73,80,0.2,"FALSE","FALSE","FALSE","8.95703630015882","5.97463012094033","2.98240617921849","0.551","3,4,5,6,7,33,44,46,47,48,49",0.0424671846625433,FALSE,1,0,2,2,11,1,10,0.0909090909090909,0.714285714285714
"S.A.b",74,80,0.2,"FALSE","FALSE","FALSE","10.4742046357001","6.76568611784365","3.70851851785641","0.578","1,2,3,4,5,6,7,44,46,48,49",0.0200483733492367,FALSE,0,0,0,3,11,0,11,0,0.785714285714286
"S.A.b",75,80,0.2,"FALSE","FALSE","FALSE","8.99903734839919","6.71708475847918","2.28195258992001","0.666","2,4,6,7,33,34,46,48,49",0.0859078314140926,FALSE,2,0,3,4,9,2,7,0.222222222222222,0.5
"S.A.b",76,80,0.2,"FALSE","FALSE","FALSE","10.2311116918234","5.95776390451859","4.27334778730477","0.506","1,2,4,5,7,45,46,47,48,49",0.0337286969348965,FALSE,0,0,2,2,10,0,10,0,0.714285714285714
"S.A.b",77,80,0.2,"FALSE","FALSE","FALSE","10.4058130673265","5.86091612022929","4.54489694709716","0.601","2,3,4,6,7,41,43,44,45,48,49",0.0505462761233234,FALSE,1,0,2,2,11,1,10,0.0909090909090909,0.714285714285714
"S.A.b",78,80,0.2,"FALSE","FALSE","FALSE","10.2796331667077","5.30941135551506","4.97022181119264","0.663","2,3,4,5,43,44,45,46,47,48,49",0.0364244739926254,FALSE,0,0,3,0,11,0,11,0,0.785714285714286
"S.A.b",79,80,0.2,"FALSE","FALSE","FALSE","10.8746302147244","6.68703422361294","4.18759599111151","0.338","1,2,3,4,5,6,7,44,46,47,48,49",0.0100489386360787,FALSE,0,0,0,2,12,0,12,0,0.857142857142857
"S.A.b",8,80,0.2,"FALSE","FALSE","FALSE","9.71398390211597","6.02095152242372","3.69303237969225","0.545","1,2,4,5,6,7,44,46,48,49",0.0281242980035631,FALSE,0,0,1,3,10,0,10,0,0.714285714285714
"S.A.b",80,80,0.2,"FALSE","FALSE","FALSE","10.9445529475269","7.00625572298027","3.93829722454666","0.352","1,2,3,4,5,6,7,44,46,48,49,51",0.026178652316133,FALSE,0,1,0,3,12,1,11,0.0833333333333333,0.785714285714286
"S.A.b",81,80,0.2,"FALSE","FALSE","FALSE","9.56501253876306","5.77241044162752","3.79260209713554","0.477","2,3,4,5,6,7,44,46,48,49",0.0349610218262149,FALSE,0,0,1,3,10,0,10,0,0.714285714285714
"S.A.b",82,80,0.2,"FALSE","FALSE","FALSE","8.82701963410592","6.20455320157335","2.62246643253257","0.55","2,4,6,7,34,43,45,47,48,49",0.0633381090632009,FALSE,1,0,3,2,10,1,9,0.1,0.642857142857143
"S.A.b",83,80,0.2,"TRUE","TRUE","FALSE","10.565768170864","5.31815977265846","5.24760839820557","0.553","1,2,4,6,43,45,46,47,48,49",0.04663735418137,FALSE,0,0,3,1,10,0,10,0,0.714285714285714
"S.A.b",84,80,0.2,"FALSE","FALSE","FALSE","10.7169151598006","6.36548085920223","4.35143430059841","0.454","2,3,4,5,6,7,44,45,46,47,48,49",0.012192623837822,FALSE,0,0,1,1,12,0,12,0,0.857142857142857
"S.A.b",85,80,0.2,"FALSE","FALSE","FALSE","9.57445556182778","5.55669763923349","4.01775792259428","0.397","2,3,4,5,6,7,46,47,48,49",0.0252754481732162,FALSE,0,0,1,3,10,0,10,0,0.714285714285714
"S.A.b",86,80,0.2,"FALSE","FALSE","FALSE","9.97195241201748","5.6893487105874","4.28260370143008","0.652","1,2,3,4,5,6,7,44,46,47,48,49",0.010785077176952,FALSE,0,0,0,2,12,0,12,0,0.857142857142857
"S.A.b",87,80,0.2,"FALSE","FALSE","FALSE","9.47028054690258","5.89618750688071","3.57409304002187","0.762","1,2,4,5,6,44,45,46,47,48,49",0.0249912239676273,FALSE,0,0,2,1,11,0,11,0,0.785714285714286
"S.A.b",88,80,0.2,"FALSE","FALSE","FALSE","9.0634872931255","6.48849795946368","2.57498933366182","0.725","1,2,3,4,5,43,45,47,48,49",0.0406726840292013,FALSE,0,0,2,2,10,0,10,0,0.714285714285714
"S.A.b",89,80,0.2,"FALSE","FALSE","FALSE","9.76123018482095","6.32362866755871","3.43760151726224","0.596","1,2,3,4,5,6,7,44,45,46,47,48,49,53",0.00907104221497127,FALSE,0,1,0,1,14,1,13,0.0714285714285714,0.928571428571429
"S.A.b",9,80,0.2,"FALSE","FALSE","FALSE","10.0684958084765","5.39112243464188","4.67737337383458","0.577","2,4,6,7,27,43,44,45,47,48,49",0.0479387900249569,FALSE,1,0,3,1,11,1,10,0.0909090909090909,0.714285714285714
"S.A.b",90,80,0.2,"FALSE","FALSE","FALSE","10.2558308266804","5.51504627176966","4.74078455491079","0.402","1,2,3,4,5,7,45,46,47,48,49",0.0229861035476662,FALSE,0,0,1,2,11,0,11,0,0.785714285714286
"S.A.b",91,80,0.2,"FALSE","FALSE","FALSE","9.34604264616648","6.46903325462353","2.87700939154295","0.385","2,3,4,5,6,7,44,46,49",0.046187077531107,FALSE,0,0,1,4,9,0,9,0,0.642857142857143
"S.A.b",92,80,0.2,"FALSE","FALSE","FALSE","9.56862790263123","6.4856249781059","3.08300292452532","0.62","2,4,6,7,8,27,30,38,47,48,49",0.0795287368037481,FALSE,4,0,3,4,11,4,7,0.363636363636364,0.5
"S.A.b",93,80,0.2,"FALSE","FALSE","FALSE","9.0902100020475","5.32242998107418","3.76778002097333","0.738","2,4,6,7,43,45,46,47,48,49",0.0438939674062164,FALSE,0,0,3,1,10,0,10,0,0.714285714285714
"S.A.b",94,80,0.2,"FALSE","FALSE","FALSE","9.03259115936998","4.81594042325311","4.21665073611687","0.432","1,2,4,43,45,46,47,48,49",0.0630151741880561,FALSE,0,0,4,1,9,0,9,0,0.642857142857143
"S.A.b",95,80,0.2,"TRUE","TRUE","FALSE","10.5341181140822","5.95510392136264","4.57901419271956","0.674","2,3,4,5,6,7,43,44,45,46,48,49",0.0193021860166577,FALSE,0,0,1,1,12,0,12,0,0.857142857142857
"S.A.b",96,80,0.2,"FALSE","FALSE","FALSE","9.82344509689644","6.94402882765717","2.87941626923927","0.769","1,2,3,4,5,6,7,44,46,47,48,49",0.0125554487003134,FALSE,0,0,0,2,12,0,12,0,0.857142857142857
"S.A.b",97,80,0.2,"FALSE","FALSE","FALSE","9.72427001372032","5.42154933031961","4.30272068340071","0.569","2,3,4,6,7,44,45,46,47,48,49",0.0182680509480156,FALSE,0,0,2,1,11,0,11,0,0.785714285714286
"S.A.b",98,80,0.2,"TRUE","TRUE","FALSE","11.9801798831834","7.32625448602351","4.65392539715993","0.42","1,2,3,4,5,6,7,44,45,46,47,48,49",0.00751820549318763,FALSE,0,0,0,1,13,0,13,0,0.928571428571429
"S.A.b",99,80,0.2,"FALSE","FALSE","FALSE","10.8195761844756","5.7886737348932","5.03090244958242","0.314","1,2,3,4,5,7,44,45,46,47,48,49",0.0187590185299345,FALSE,0,0,1,1,12,0,12,0,0.857142857142857
"S.EB",1,80,0.2,"FALSE","FALSE","FALSE","9.08079640896363","5.13227490064677","3.94852150831686","0.548","2,3,4,5,6,7,44,46,47,48,49,53",0.0213546741933785,FALSE,0,1,1,2,12,1,11,0.0833333333333333,0.785714285714286
"S.EB",10,80,0.2,"FALSE","FALSE","FALSE","9.36866710904337","4.85501410773136","4.51365300131202","0.482","1,2,4,6,7,43,44,45,46,47,48,49",0.0197054973006467,FALSE,0,0,2,0,12,0,12,0,0.857142857142857
"S.EB",100,80,0.2,"FALSE","FALSE","FALSE","9.48030647547267","5.25027243603336","4.23003403943931","0.322","2,4,5,6,7,44,45,46,48,49",0.0282984364449988,FALSE,0,0,2,2,10,0,10,0,0.714285714285714
"S.EB",11,80,0.2,"FALSE","FALSE","FALSE","9.22055013450969","5.95266726993529","3.2678828645744","0.75","1,2,4,5,6,7,22,44,46,47,48,49",0.0241519413535112,FALSE,1,0,1,2,12,1,11,0.0833333333333333,0.785714285714286
"S.EB",12,80,0.2,"FALSE","FALSE","FALSE","9.26544026142851","6.3850422481916","2.8803980132369","0.673","2,3,4,5,6,7,41,44,45,46,47,48,49",0.016712140543407,FALSE,1,0,1,1,13,1,12,0.0769230769230769,0.857142857142857
"S.EB",13,80,0.2,"TRUE","TRUE","FALSE","12.2974316442824","6.34485983918247","5.9525718050999","0.329","1,2,3,4,5,6,7,44,45,46,47,48,49",0.00525077807853489,FALSE,0,0,0,1,13,0,13,0,0.928571428571429
"S.EB",14,80,0.2,"FALSE","FALSE","FALSE","10.5602327104441","4.82955013003088","5.73068258041323","0.629","2,3,4,5,6,7,43,44,45,46,47,48,49,51",0.0112833135221409,FALSE,0,1,1,0,14,1,13,0.0714285714285714,0.928571428571429
"S.EB",15,80,0.2,"FALSE","FALSE","FALSE","9.62040134374289","6.36702468234284","3.25337666140005","0.413","1,2,3,4,5,6,7,44,46,47,48,49",0.0113173485597018,FALSE,0,0,0,2,12,0,12,0,0.857142857142857
"S.EB",16,80,0.2,"FALSE","FALSE","FALSE","9.88700313715609","5.99908846168961","3.88791467546648","0.708","1,2,4,5,6,7,13,42,45,46,47,48,49",0.0243963103239551,FALSE,2,0,1,2,13,2,11,0.153846153846154,0.785714285714286
"S.EB",17,80,0.2,"FALSE","FALSE","FALSE","8.8892609240413","4.99550298105536","3.89375794298594","0.568","2,3,4,5,6,7,44,45,47,48,49,50",0.0313390065879932,FALSE,0,1,1,2,12,1,11,0.0833333333333333,0.785714285714286
"S.EB",18,80,0.2,"FALSE","FALSE","FALSE","10.1235564506031","5.61960660677617","4.50394984382697","0.664","1,2,3,4,5,6,7,30,44,45,46,47,48,49",0.00856519316159606,FALSE,1,0,0,1,14,1,13,0.0714285714285714,0.928571428571429
"S.EB",19,80,0.2,"FALSE","FALSE","FALSE","10.5867920829641","6.54357858039181","4.04321350257227","0.417","1,2,3,4,5,6,7,20,28,37,45,46,47,48,49",0.0275362951895929,FALSE,3,0,0,2,15,3,12,0.2,0.857142857142857
"S.EB",2,80,0.2,"FALSE","FALSE","FALSE","8.84020685409256","5.58282226426093","3.25738458983163","0.788","1,2,4,5,6,7,44,45,46,47,48,49",0.00944993172728023,FALSE,0,0,1,1,12,0,12,0,0.857142857142857
"S.EB",20,80,0.2,"FALSE","FALSE","FALSE","9.35727124704174","6.50523723903686","2.85203400800488","0.499","2,3,4,5,6,7,37,44,46,48,49",0.0335419012168716,FALSE,1,0,1,3,11,1,10,0.0909090909090909,0.714285714285714
"S.EB",21,80,0.2,"FALSE","FALSE","FALSE","9.38048380067739","5.81077731648176","3.56970648419563","0.661","1,2,4,6,7,30,44,45,46,47,48,49",0.0258258334088378,FALSE,1,0,2,1,12,1,11,0.0833333333333333,0.785714285714286
"S.EB",22,80,0.2,"FALSE","FALSE","FALSE","9.74058657651235","7.46365426475085","2.2769323117615","0.687","1,2,3,4,5,6,7,12,40,42,44,47,48,49",0.0421718392401104,FALSE,3,0,0,3,14,3,11,0.214285714285714,0.785714285714286
"S.EB",23,80,0.2,"FALSE","FALSE","FALSE","9.43912281308515","4.44146412237411","4.99765869071104","0.359","1,2,3,4,5,6,11,44,45,46,47,48,49",0.0212419033513229,FALSE,1,0,1,1,13,1,12,0.0769230769230769,0.857142857142857
"S.EB",24,80,0.2,"FALSE","FALSE","FALSE","8.28653020800342","4.23501148504979","4.05151872295363","0.528","1,2,3,4,5,7,44,46,47,48,49",0.0189037202423076,FALSE,0,0,1,2,11,0,11,0,0.785714285714286
"S.EB",25,80,0.2,"FALSE","FALSE","FALSE","11.7527498911883","6.61367983065256","5.13907006053577","0.516","1,2,3,4,6,7,12,17,19,22,44,45,46,47,48,49",0.0392712851590051,FALSE,4,0,1,1,16,4,12,0.25,0.857142857142857
"S.EB",26,80,0.2,"FALSE","FALSE","FALSE","10.2215792939954","6.39329574400487","3.82828354999049","0.457","2,3,4,5,6,7,33,44,46,47,48,49",0.0230857113511124,FALSE,1,0,1,2,12,1,11,0.0833333333333333,0.785714285714286
"S.EB",27,80,0.2,"FALSE","FALSE","FALSE","10.8406997785108","6.62213242665407","4.21856735185673","0.366","1,2,3,4,5,6,7,34,44,46,48,49,50",0.0371236822471951,FALSE,1,1,0,3,13,2,11,0.153846153846154,0.785714285714286
"S.EB",28,80,0.2,"FALSE","FALSE","FALSE","9.37211628908898","5.62017031900926","3.75194597007971","0.822","2,3,4,6,7,9,25,37,38,47,48,49",0.066990709110533,FALSE,4,0,2,4,12,4,8,0.333333333333333,0.571428571428571
"S.EB",29,80,0.2,"FALSE","FALSE","FALSE","8.55284052162931","5.51160163105193","3.04123889057738","0.593","2,3,4,5,6,7,44,45,46,47,49",0.0283126857291903,FALSE,0,0,1,2,11,0,11,0,0.785714285714286
"S.EB",3,80,0.2,"FALSE","FALSE","FALSE","8.78764372232564","6.6743500103133","2.11329371201234","0.477","2,4,5,6,7,9,33,37,46,48,49",0.0606383568990265,FALSE,3,0,2,4,11,3,8,0.272727272727273,0.571428571428571
"S.EB",30,80,0.2,"FALSE","FALSE","FALSE","8.78132072958647","4.47161582628643","4.30970490330003","0.546","1,2,4,6,42,45,46,47,48,49",0.0517437172585535,FALSE,1,0,3,2,10,1,9,0.1,0.642857142857143
"S.EB",31,80,0.2,"FALSE","FALSE","FALSE","9.10953647212796","4.55948134880142","4.55005512332654","0.598","1,2,4,5,6,16,44,46,47,48,49",0.0312399272314296,FALSE,1,0,2,2,11,1,10,0.0909090909090909,0.714285714285714
"S.EB",32,80,0.2,"TRUE","TRUE","FALSE","10.6999812131111","6.16425810271397","4.53572311039709","0.45","2,3,4,5,6,7,44,45,46,47,48,49",0.00834850607306612,FALSE,0,0,1,1,12,0,12,0,0.857142857142857
"S.EB",33,80,0.2,"FALSE","FALSE","FALSE","11.4081098633478","5.79347384516914","5.61463601817869","0.515","1,2,3,4,5,6,7,33,44,45,46,47,48,49",0.010475375924994,FALSE,1,0,0,1,14,1,13,0.0714285714285714,0.928571428571429
"S.EB",34,80,0.2,"FALSE","FALSE","FALSE","10.3520406686015","6.19253281538587","4.15950785321565","0.405","1,2,3,4,5,7,32,44,46,47,48,49",0.0242209046268401,FALSE,1,0,1,2,12,1,11,0.0833333333333333,0.785714285714286
"S.EB",35,80,0.2,"FALSE","FALSE","FALSE","9.61753500854184","6.48248315437683","3.13505185416501","0.568","1,2,3,4,5,6,7,44,46,47,48,49",0.0135145038365795,FALSE,0,0,0,2,12,0,12,0,0.857142857142857
"S.EB",36,80,0.2,"FALSE","FALSE","FALSE","11.4120282054409","6.10825381043625","5.30377439500464","0.4","1,2,3,4,5,6,7,44,45,46,47,48,49",0.00621763086100539,FALSE,0,0,0,1,13,0,13,0,0.928571428571429
"S.EB",37,80,0.2,"FALSE","FALSE","FALSE","8.75086714090223","4.67405983822913","4.0768073026731","0.347","2,4,6,7,9,46,47,48,49",0.0560889282694426,FALSE,1,0,3,3,9,1,8,0.111111111111111,0.571428571428571
"S.EB",38,80,0.2,"FALSE","FALSE","FALSE","8.56085528413888","4.51981122673192","4.04104405740696","0.334","1,2,4,5,6,7,46,47,48,49",0.0258670204879177,FALSE,0,0,1,3,10,0,10,0,0.714285714285714
"S.EB",39,80,0.2,"FALSE","FALSE","FALSE","9.82212954238304","5.41831802537879","4.40381151700425","0.55","1,2,3,4,5,6,7,45,46,47,48,49",0.0131414955525658,FALSE,0,0,0,2,12,0,12,0,0.857142857142857
"S.EB",4,80,0.2,"FALSE","FALSE","FALSE","10.3113063870607","5.19979254604958","5.1115138410111","0.609","1,2,3,4,5,6,7,21,44,45,46,47,48,49",0.00723278626157158,FALSE,1,0,0,1,14,1,13,0.0714285714285714,0.928571428571429
"S.EB",40,80,0.2,"FALSE","FALSE","FALSE","10.244200695887","7.08164640987135","3.1625542860157","0.542","1,2,3,4,5,6,7,31,46,47,48,49",0.0196320688960071,FALSE,1,0,0,3,12,1,11,0.0833333333333333,0.785714285714286
"S.EB",41,80,0.2,"FALSE","FALSE","FALSE","9.33463022554179","5.30607729662197","4.02855292891982","0.832","2,3,4,5,6,7,43,44,46,47,48,49",0.0221110293194989,FALSE,0,0,1,1,12,0,12,0,0.857142857142857
"S.EB",42,80,0.2,"FALSE","FALSE","FALSE","10.8548347722511","6.14132729461224","4.71350747763883","0.329","1,2,3,4,5,7,45,46,47,48,49",0.0188411957492794,FALSE,0,0,1,2,11,0,11,0,0.785714285714286
"S.EB",43,80,0.2,"FALSE","FALSE","FALSE","9.45236265257792","5.4951483179177","3.95721433466022","0.658","1,2,3,4,5,6,7,44,46,47,48,49,50",0.0204970321500239,FALSE,0,1,0,2,13,1,12,0.0769230769230769,0.857142857142857
"S.EB",44,80,0.2,"FALSE","FALSE","FALSE","9.79938322551011","5.53668070908591","4.2627025164242","0.656","1,2,4,5,6,7,33,45,46,47,48,49",0.019381646969013,FALSE,1,0,1,2,12,1,11,0.0833333333333333,0.785714285714286
"S.EB",45,80,0.2,"FALSE","FALSE","FALSE","8.81216578734274","5.63072136222501","3.18144442511774","0.72","1,2,4,5,7,32,46,47,48,49",0.0410823307949127,FALSE,1,0,2,3,10,1,9,0.1,0.642857142857143
"S.EB",46,80,0.2,"FALSE","FALSE","FALSE","9.03112679134766","6.99144519100925","2.03968160033841","0.36","1,2,4,5,6,7,33,46,48,49",0.0508054264752966,FALSE,1,0,1,4,10,1,9,0.1,0.642857142857143
"S.EB",47,80,0.2,"FALSE","FALSE","FALSE","8.91428237271262","5.89244549483877","3.02183687787384","0.557","2,3,4,5,6,7,21,45,46,48,49",0.0331446112408609,FALSE,1,0,1,3,11,1,10,0.0909090909090909,0.714285714285714
"S.EB",48,80,0.2,"FALSE","FALSE","FALSE","8.92152811329427","4.56862076556676","4.35290734772751","0.372","2,4,5,6,7,43,44,47,48,49",0.0353489713124162,FALSE,0,0,2,2,10,0,10,0,0.714285714285714
"S.EB",49,80,0.2,"FALSE","FALSE","FALSE","10.2859657093739","5.58013449011967","4.70583121925422","0.461","1,2,3,4,5,7,12,45,46,47,48,49",0.0204269803969421,FALSE,1,0,1,2,12,1,11,0.0833333333333333,0.785714285714286
"S.EB",5,80,0.2,"FALSE","FALSE","FALSE","9.59519524837142","6.28903403666587","3.30616121170554","0.373","1,2,4,5,6,7,45,46,48,49",0.0259768398506763,FALSE,0,0,1,3,10,0,10,0,0.714285714285714
"S.EB",50,80,0.2,"TRUE","TRUE","FALSE","10.625842391704","7.0177780941348","3.60806429756923","0.795","2,3,4,5,6,7,18,28,43,44,47,48,49",0.0316881616396722,FALSE,2,0,1,2,13,2,11,0.153846153846154,0.785714285714286
"S.EB",51,80,0.2,"FALSE","FALSE","FALSE","9.44538857408447","5.44634976557397","3.9990388085105","0.406","2,3,4,5,6,7,44,46,47,48,49",0.0171981889536064,FALSE,0,0,1,2,11,0,11,0,0.785714285714286
"S.EB",52,80,0.2,"FALSE","FALSE","FALSE","10.1240141869724","6.36740622722138","3.75660795975103","0.381","2,3,4,5,6,7,37,44,45,46,48,49",0.0218353047885035,FALSE,1,0,1,2,12,1,11,0.0833333333333333,0.785714285714286
"S.EB",53,80,0.2,"FALSE","FALSE","FALSE","9.15844473974956","6.07597559156134","3.08246914818821","0.743","1,2,3,4,5,6,7,12,45,46,48,49",0.0300219887342543,FALSE,1,0,0,3,12,1,11,0.0833333333333333,0.785714285714286
"S.EB",54,80,0.2,"FALSE","FALSE","FALSE","9.14409343429025","5.61397689402711","3.53011654026314","0.657","1,2,4,6,7,9,32,46,47,48,49",0.0505719177971575,FALSE,2,0,2,3,11,2,9,0.181818181818182,0.642857142857143
"S.EB",55,80,0.2,"FALSE","FALSE","FALSE","10.2759817565677","5.90968548113918","4.36629627542852","0.639","1,3,6,11,13,14,20,42,44,45,47,48,49",0.125410916280468,FALSE,5,0,4,2,13,5,8,0.384615384615385,0.571428571428571
"S.EB",56,80,0.2,"FALSE","FALSE","FALSE","9.14053166709971","6.27725466626489","2.86327700083482","0.678","1,2,3,4,5,7,40,43,44,45,46,47,49",0.0403134647129837,FALSE,1,0,1,1,13,1,12,0.0769230769230769,0.857142857142857
"S.EB",57,80,0.2,"FALSE","FALSE","FALSE","8.92318653390371","5.49644108993469","3.42674544396902","0.472","2,4,5,6,7,41,46,48,49,51",0.0541286977776295,FALSE,1,1,2,4,10,2,8,0.2,0.571428571428571
"S.EB",58,80,0.2,"FALSE","FALSE","FALSE","10.9691121196852","5.93191834199603","5.03719377768914","0.295","2,3,4,5,6,7,44,45,47,48,49",0.0184673364846191,FALSE,0,0,1,2,11,0,11,0,0.785714285714286
"S.EB",59,80,0.2,"FALSE","FALSE","FALSE","8.67468161325188","5.90190848922704","2.77277312402484","0.45","2,3,4,5,6,7,26,44,46,49",0.0557479497215955,FALSE,1,0,1,4,10,1,9,0.1,0.642857142857143
"S.EB",6,80,0.2,"FALSE","FALSE","FALSE","7.96942804726119","6.28085252148537","1.68857552577582","0.6","2,3,4,5,6,7,35,44,46,49",0.0580291596317081,FALSE,1,0,1,4,10,1,9,0.1,0.642857142857143
"S.EB",60,80,0.2,"FALSE","FALSE","FALSE","8.77204054258775","5.17252579544182","3.59951474714593","0.747","1,2,3,4,5,7,32,44,46,47,48,49",0.0299904437865557,FALSE,1,0,1,2,12,1,11,0.0833333333333333,0.785714285714286
"S.EB",61,80,0.2,"FALSE","FALSE","FALSE","8.07714981802006","5.53952254780242","2.53762727021764","0.559","1,3,4,5,6,7,44,46,48,49",0.0510926267114689,FALSE,0,0,1,3,10,0,10,0,0.714285714285714
"S.EB",62,80,0.2,"FALSE","FALSE","FALSE","8.07601674530816","5.61687842612887","2.45913831917929","0.462","2,3,4,5,6,7,44,45,46,48,49",0.0289253478822139,FALSE,0,0,1,2,11,0,11,0,0.785714285714286
"S.EB",63,80,0.2,"FALSE","FALSE","FALSE","10.2437182645977","6.86830341891242","3.37541484568532","0.337","1,2,3,4,5,6,7,33,44,46,48,49",0.0254833166023284,FALSE,1,0,0,3,12,1,11,0.0833333333333333,0.785714285714286
"S.EB",64,80,0.2,"FALSE","FALSE","FALSE","11.6908838880065","6.66235283310995","5.02853105489654","0.3","1,2,3,4,5,6,7,19,44,46,47,48,49",0.0155732339870582,FALSE,1,0,0,2,13,1,12,0.0769230769230769,0.857142857142857
"S.EB",65,80,0.2,"FALSE","FALSE","FALSE","10.3155452509746","5.66412571563202","4.65141953534256","0.392","1,2,3,4,5,6,7,44,46,47,48,49",0.00996106933581278,FALSE,0,0,0,2,12,0,12,0,0.857142857142857
"S.EB",66,80,0.2,"FALSE","FALSE","FALSE","10.6965960383562","5.8832149660247","4.81338107233149","0.48","2,3,4,5,6,7,44,45,46,47,48,49",0.0137406531160073,FALSE,0,0,1,1,12,0,12,0,0.857142857142857
"S.EB",67,80,0.2,"FALSE","FALSE","FALSE","9.91237599335078","5.44211715004979","4.47025884330099","0.405","1,2,4,5,6,44,45,46,47,48,49,51",0.0340672883246543,FALSE,0,1,2,1,12,1,11,0.0833333333333333,0.785714285714286
"S.EB",68,80,0.2,"TRUE","TRUE","FALSE","12.0350669370638","6.48058083466496","5.55448610239888","0.578","1,2,3,4,5,6,7,43,44,45,46,47,48,49",0.00240879838896206,TRUE,0,0,0,0,14,0,14,0,1
"S.EB",69,80,0.2,"FALSE","FALSE","FALSE","8.83257990535331","5.93309125222223","2.89948865313108","0.576","2,3,4,5,6,7,29,44,46,48,49,52",0.0402758007439345,FALSE,1,1,1,3,12,2,10,0.166666666666667,0.714285714285714
"S.EB",7,80,0.2,"FALSE","FALSE","FALSE","10.2297985890452","5.29475176428888","4.93504682475632","0.31","2,4,5,6,7,44,45,46,48,49",0.0278984283640168,FALSE,0,0,2,2,10,0,10,0,0.714285714285714
"S.EB",70,80,0.2,"FALSE","FALSE","FALSE","11.4647860086687","6.22097878570998","5.24380722295873","0.274","2,3,4,5,6,7,23,33,43,44,45,47,48,49",0.0246841780475864,FALSE,2,0,1,1,14,2,12,0.142857142857143,0.857142857142857
"S.EB",71,80,0.2,"FALSE","FALSE","FALSE","9.02872074112015","7.01542235083312","2.01329839028703","0.476","2,3,4,5,6,7,9,25,37,44,48,49",0.0558316639589384,FALSE,3,0,1,4,12,3,9,0.25,0.642857142857143
"S.EB",72,80,0.2,"FALSE","FALSE","FALSE","10.0533958818198","6.51208585926553","3.54131002255427","0.457","2,3,4,5,6,7,29,33,44,45,46,48,49",0.0245190761763002,FALSE,2,0,1,2,13,2,11,0.153846153846154,0.785714285714286
"S.EB",73,80,0.2,"FALSE","FALSE","FALSE","8.95703630015882","5.97463012094033","2.98240617921849","0.551","2,3,4,5,6,7,18,21,44,46,47,48,49",0.0262113067418821,FALSE,2,0,1,2,13,2,11,0.153846153846154,0.785714285714286
"S.EB",74,80,0.2,"FALSE","FALSE","FALSE","10.4742046357001","6.76568611784365","3.70851851785641","0.578","1,2,3,4,5,6,7,12,44,46,48,49",0.0216978327342521,FALSE,1,0,0,3,12,1,11,0.0833333333333333,0.785714285714286
"S.EB",75,80,0.2,"FALSE","FALSE","FALSE","8.99903734839919","6.71708475847918","2.28195258992001","0.666","2,3,4,6,7,9,39,44,45,48,49",0.0606051509362336,FALSE,2,0,2,3,11,2,9,0.181818181818182,0.642857142857143
"S.EB",76,80,0.2,"FALSE","FALSE","FALSE","10.2311116918234","5.95776390451859","4.27334778730477","0.506","1,2,4,5,7,11,16,19,38,46,47,48,49",0.0564436882621727,FALSE,4,0,2,3,13,4,9,0.307692307692308,0.642857142857143
"S.EB",77,80,0.2,"FALSE","FALSE","FALSE","10.4058130673265","5.86091612022929","4.54489694709716","0.601","1,2,3,4,5,6,7,41,43,44,45,48,49",0.0290491639017284,FALSE,1,0,0,2,13,1,12,0.0769230769230769,0.857142857142857
"S.EB",78,80,0.2,"FALSE","FALSE","FALSE","10.2796331667077","5.30941135551506","4.97022181119264","0.663","2,3,4,5,6,7,42,44,45,46,47,48,49",0.0174593993626279,FALSE,1,0,1,1,13,1,12,0.0769230769230769,0.857142857142857
"S.EB",79,80,0.2,"FALSE","FALSE","FALSE","10.8746302147244","6.68703422361294","4.18759599111151","0.338","1,2,3,4,5,6,7,44,46,47,48,49",0.0100489386360787,FALSE,0,0,0,2,12,0,12,0,0.857142857142857
"S.EB",8,80,0.2,"FALSE","FALSE","FALSE","9.71398390211597","6.02095152242372","3.69303237969225","0.545","1,2,3,4,5,6,7,44,45,46,48,49",0.0127154395228377,FALSE,0,0,0,2,12,0,12,0,0.857142857142857
"S.EB",80,80,0.2,"FALSE","FALSE","FALSE","10.9445529475269","7.00625572298027","3.93829722454666","0.352","1,2,3,4,5,6,7,18,44,46,47,48,49",0.015769032380888,FALSE,1,0,0,2,13,1,12,0.0769230769230769,0.857142857142857
"S.EB",81,80,0.2,"FALSE","FALSE","FALSE","9.56501253876306","5.77241044162752","3.79260209713554","0.477","2,3,4,5,6,7,33,44,46,47,48,49",0.0254525598880413,FALSE,1,0,1,2,12,1,11,0.0833333333333333,0.785714285714286
"S.EB",82,80,0.2,"FALSE","FALSE","FALSE","8.82701963410592","6.20455320157335","2.62246643253257","0.55","2,3,4,5,6,7,11,44,45,47,48,49",0.0247275185611392,FALSE,1,0,1,2,12,1,11,0.0833333333333333,0.785714285714286
"S.EB",83,80,0.2,"TRUE","TRUE","FALSE","10.565768170864","5.31815977265846","5.24760839820557","0.553","1,2,3,4,5,6,7,43,45,46,47,48,49",0.0111018885515446,FALSE,0,0,0,1,13,0,13,0,0.928571428571429
"S.EB",84,80,0.2,"FALSE","FALSE","FALSE","10.7169151598006","6.36548085920223","4.35143430059841","0.454","2,3,4,5,6,7,23,44,45,46,47,48,49",0.0162987070165582,FALSE,1,0,1,1,13,1,12,0.0769230769230769,0.857142857142857
"S.EB",85,80,0.2,"FALSE","FALSE","FALSE","9.57445556182778","5.55669763923349","4.01775792259428","0.397","1,2,3,4,5,6,7,46,47,48,49",0.017014063879318,FALSE,0,0,0,3,11,0,11,0,0.785714285714286
"S.EB",86,80,0.2,"FALSE","FALSE","FALSE","9.97195241201748","5.6893487105874","4.28260370143008","0.652","1,2,3,4,5,6,7,44,46,47,48,49",0.010785077176952,FALSE,0,0,0,2,12,0,12,0,0.857142857142857
"S.EB",87,80,0.2,"FALSE","FALSE","FALSE","9.47028054690258","5.89618750688071","3.57409304002187","0.762","1,2,4,5,6,7,44,45,46,47,48,49",0.0133062149982056,FALSE,0,0,1,1,12,0,12,0,0.857142857142857
"S.EB",88,80,0.2,"FALSE","FALSE","FALSE","9.0634872931255","6.48849795946368","2.57498933366182","0.725","1,2,3,4,5,7,23,43,45,47,48,49",0.0318144926029221,FALSE,1,0,1,2,12,1,11,0.0833333333333333,0.785714285714286
"S.EB",89,80,0.2,"FALSE","FALSE","FALSE","9.76123018482095","6.32362866755871","3.43760151726224","0.596","1,2,3,4,5,6,7,44,45,46,47,48,49,53",0.00907104221497127,FALSE,0,1,0,1,14,1,13,0.0714285714285714,0.928571428571429
"S.EB",9,80,0.2,"FALSE","FALSE","FALSE","10.0684958084765","5.39112243464188","4.67737337383458","0.577","2,3,4,5,6,7,27,43,44,45,48,49,51",0.0354340795726511,FALSE,1,1,1,2,13,2,11,0.153846153846154,0.785714285714286
"S.EB",90,80,0.2,"FALSE","FALSE","FALSE","10.2558308266804","5.51504627176966","4.74078455491079","0.402","1,2,3,4,5,7,45,46,47,48,49",0.0229861035476662,FALSE,0,0,1,2,11,0,11,0,0.785714285714286
"S.EB",91,80,0.2,"FALSE","FALSE","FALSE","9.34604264616648","6.46903325462353","2.87700939154295","0.385","2,3,4,5,6,7,25,33,44,46,49",0.0482470955426812,FALSE,2,0,1,4,11,2,9,0.181818181818182,0.642857142857143
"S.EB",92,80,0.2,"FALSE","FALSE","FALSE","9.56862790263123","6.4856249781059","3.08300292452532","0.62","2,4,6,7,8,27,30,38,47,48,49",0.0795287368037481,FALSE,4,0,3,4,11,4,7,0.363636363636364,0.5
"S.EB",93,80,0.2,"FALSE","FALSE","FALSE","9.0902100020475","5.32242998107418","3.76778002097333","0.738","2,3,4,5,6,7,37,43,44,45,47,48,49",0.0316604958715236,FALSE,1,0,1,1,13,1,12,0.0769230769230769,0.857142857142857
"S.EB",94,80,0.2,"FALSE","FALSE","FALSE","9.03259115936998","4.81594042325311","4.21665073611687","0.432","1,2,3,4,5,6,7,45,46,48,49",0.0255512572853417,FALSE,0,0,0,3,11,0,11,0,0.785714285714286
"S.EB",95,80,0.2,"TRUE","TRUE","FALSE","10.5341181140822","5.95510392136264","4.57901419271956","0.674","2,3,4,5,6,7,26,43,44,45,46,48,49",0.0239330305078649,FALSE,1,0,1,1,13,1,12,0.0769230769230769,0.857142857142857
"S.EB",96,80,0.2,"FALSE","FALSE","FALSE","9.82344509689644","6.94402882765717","2.87941626923927","0.769","1,2,3,4,5,6,7,25,44,46,47,48,49",0.0145994522225189,FALSE,1,0,0,2,13,1,12,0.0769230769230769,0.857142857142857
"S.EB",97,80,0.2,"FALSE","FALSE","FALSE","9.72427001372032","5.42154933031961","4.30272068340071","0.569","1,2,3,4,5,6,7,44,45,46,47,48,49",0.00305150765453423,FALSE,0,0,0,1,13,0,13,0,0.928571428571429
"S.EB",98,80,0.2,"TRUE","TRUE","FALSE","11.9801798831834","7.32625448602351","4.65392539715993","0.42","1,2,3,4,5,6,7,8,44,45,46,47,48,49",0.00924121977633702,FALSE,1,0,0,1,14,1,13,0.0714285714285714,0.928571428571429
"S.EB",99,80,0.2,"FALSE","FALSE","FALSE","10.8195761844756","5.7886737348932","5.03090244958242","0.314","1,2,3,4,5,6,7,44,45,46,47,48,49",0.0116424019668482,FALSE,0,0,0,1,13,0,13,0,0.928571428571429
"S.EB.b",1,80,0.2,"FALSE","FALSE","FALSE","9.08079640896363","5.13227490064677","3.94852150831686","0.548","2,4,5,6,7,44,46,47,48,49,53",0.0297656310859498,FALSE,0,1,2,2,11,1,10,0.0909090909090909,0.714285714285714
"S.EB.b",10,80,0.2,"FALSE","FALSE","FALSE","9.36866710904337","4.85501410773136","4.51365300131202","0.482","1,2,4,6,7,43,44,45,46,47,48,49",0.0197054973006467,FALSE,0,0,2,0,12,0,12,0,0.857142857142857
"S.EB.b",100,80,0.2,"FALSE","FALSE","FALSE","9.48030647547267","5.25027243603336","4.23003403943931","0.322","2,4,5,6,7,44,45,46,48,49",0.0282984364449988,FALSE,0,0,2,2,10,0,10,0,0.714285714285714
"S.EB.b",11,80,0.2,"FALSE","FALSE","FALSE","9.22055013450969","5.95266726993529","3.2678828645744","0.75","1,2,4,5,6,7,22,44,46,47,48,49",0.0241519413535112,FALSE,1,0,1,2,12,1,11,0.0833333333333333,0.785714285714286
"S.EB.b",12,80,0.2,"FALSE","FALSE","FALSE","9.26544026142851","6.3850422481916","2.8803980132369","0.673","2,3,4,6,7,41,44,45,46,47,48,49",0.0265147395088822,FALSE,1,0,2,1,12,1,11,0.0833333333333333,0.785714285714286
"S.EB.b",13,80,0.2,"TRUE","TRUE","FALSE","12.2974316442824","6.34485983918247","5.9525718050999","0.329","1,2,3,4,5,6,7,44,45,46,47,48,49",0.00525077807853489,FALSE,0,0,0,1,13,0,13,0,0.928571428571429
"S.EB.b",14,80,0.2,"FALSE","FALSE","FALSE","10.5602327104441","4.82955013003088","5.73068258041323","0.629","2,4,5,6,7,43,44,45,46,47,48,49,51",0.0171729367792311,FALSE,0,1,2,0,13,1,12,0.0769230769230769,0.857142857142857
"S.EB.b",15,80,0.2,"FALSE","FALSE","FALSE","9.62040134374289","6.36702468234284","3.25337666140005","0.413","1,2,3,4,5,6,7,44,46,47,48,49",0.0113173485597018,FALSE,0,0,0,2,12,0,12,0,0.857142857142857
"S.EB.b",16,80,0.2,"FALSE","FALSE","FALSE","9.88700313715609","5.99908846168961","3.88791467546648","0.708","1,2,4,5,6,7,42,45,46,47,48,49",0.0218329354973343,FALSE,1,0,1,2,12,1,11,0.0833333333333333,0.785714285714286
"S.EB.b",17,80,0.2,"FALSE","FALSE","FALSE","8.8892609240413","4.99550298105536","3.89375794298594","0.568","2,3,4,5,6,7,44,45,47,48,49,50",0.0313390065879932,FALSE,0,1,1,2,12,1,11,0.0833333333333333,0.785714285714286
"S.EB.b",18,80,0.2,"FALSE","FALSE","FALSE","10.1235564506031","5.61960660677617","4.50394984382697","0.664","2,3,4,5,6,7,30,44,45,46,47,48,49",0.0129153398406634,FALSE,1,0,1,1,13,1,12,0.0769230769230769,0.857142857142857
"S.EB.b",19,80,0.2,"FALSE","FALSE","FALSE","10.5867920829641","6.54357858039181","4.04321350257227","0.417","1,2,3,4,5,6,7,44,45,46,47,48,49",0.00545701269285932,FALSE,0,0,0,1,13,0,13,0,0.928571428571429
"S.EB.b",2,80,0.2,"FALSE","FALSE","FALSE","8.84020685409256","5.58282226426093","3.25738458983163","0.788","1,2,4,5,6,7,44,45,46,47,48,49",0.00944993172728023,FALSE,0,0,1,1,12,0,12,0,0.857142857142857
"S.EB.b",20,80,0.2,"FALSE","FALSE","FALSE","9.35727124704174","6.50523723903686","2.85203400800488","0.499","2,3,4,5,6,7,37,44,46,48,49",0.0335419012168716,FALSE,1,0,1,3,11,1,10,0.0909090909090909,0.714285714285714
"S.EB.b",21,80,0.2,"FALSE","FALSE","FALSE","9.38048380067739","5.81077731648176","3.56970648419563","0.661","1,2,4,6,7,30,44,45,46,47,48,49",0.0258258334088378,FALSE,1,0,2,1,12,1,11,0.0833333333333333,0.785714285714286
"S.EB.b",22,80,0.2,"FALSE","FALSE","FALSE","9.74058657651235","7.46365426475085","2.2769323117615","0.687","1,2,3,4,5,6,7,12,40,42,44,47,48,49",0.0421718392401104,FALSE,3,0,0,3,14,3,11,0.214285714285714,0.785714285714286
"S.EB.b",23,80,0.2,"FALSE","FALSE","FALSE","9.43912281308515","4.44146412237411","4.99765869071104","0.359","1,2,3,4,5,6,44,45,46,47,48,49",0.0174984680863166,FALSE,0,0,1,1,12,0,12,0,0.857142857142857
"S.EB.b",24,80,0.2,"FALSE","FALSE","FALSE","8.28653020800342","4.23501148504979","4.05151872295363","0.528","1,2,3,4,5,7,44,46,47,48,49",0.0189037202423076,FALSE,0,0,1,2,11,0,11,0,0.785714285714286
"S.EB.b",25,80,0.2,"FALSE","FALSE","FALSE","11.7527498911883","6.61367983065256","5.13907006053577","0.516","1,2,3,4,6,7,12,17,19,22,44,45,46,47,48,49",0.0392712851590051,FALSE,4,0,1,1,16,4,12,0.25,0.857142857142857
"S.EB.b",26,80,0.2,"FALSE","FALSE","FALSE","10.2215792939954","6.39329574400487","3.82828354999049","0.457","2,4,5,6,7,33,44,46,47,48,49",0.0310947251432345,FALSE,1,0,2,2,11,1,10,0.0909090909090909,0.714285714285714
"S.EB.b",27,80,0.2,"FALSE","FALSE","FALSE","10.8406997785108","6.62213242665407","4.21856735185673","0.366","1,2,3,4,5,6,7,34,44,46,48,49,50,51",0.0409555248377744,FALSE,1,2,0,3,14,3,11,0.214285714285714,0.785714285714286
"S.EB.b",28,80,0.2,"FALSE","FALSE","FALSE","9.37211628908898","5.62017031900926","3.75194597007971","0.822","2,4,6,7,9,25,37,38,46,47,48,49",0.0643875694367159,FALSE,4,0,3,3,12,4,8,0.333333333333333,0.571428571428571
"S.EB.b",29,80,0.2,"FALSE","FALSE","FALSE","8.55284052162931","5.51160163105193","3.04123889057738","0.593","1,2,3,4,5,7,44,45,46,47,48,49",0.0144817481508742,FALSE,0,0,1,1,12,0,12,0,0.857142857142857
"S.EB.b",3,80,0.2,"FALSE","FALSE","FALSE","8.78764372232564","6.6743500103133","2.11329371201234","0.477","2,4,5,6,7,9,33,37,46,48,49",0.0606383568990265,FALSE,3,0,2,4,11,3,8,0.272727272727273,0.571428571428571
"S.EB.b",30,80,0.2,"FALSE","FALSE","FALSE","8.78132072958647","4.47161582628643","4.30970490330003","0.546","1,2,4,6,42,45,46,47,48,49",0.0517437172585535,FALSE,1,0,3,2,10,1,9,0.1,0.642857142857143
"S.EB.b",31,80,0.2,"FALSE","FALSE","FALSE","9.10953647212796","4.55948134880142","4.55005512332654","0.598","2,4,5,6,16,43,44,45,46,47,48,49",0.0345165986284794,FALSE,1,0,3,0,12,1,11,0.0833333333333333,0.785714285714286
"S.EB.b",32,80,0.2,"TRUE","TRUE","FALSE","10.6999812131111","6.16425810271397","4.53572311039709","0.45","2,3,4,5,6,7,44,45,46,47,48,49",0.00834850607306612,FALSE,0,0,1,1,12,0,12,0,0.857142857142857
"S.EB.b",33,80,0.2,"FALSE","FALSE","FALSE","11.4081098633478","5.79347384516914","5.61463601817869","0.515","1,2,3,4,5,6,7,44,45,46,47,48,49",0.00755890529595783,FALSE,0,0,0,1,13,0,13,0,0.928571428571429
"S.EB.b",34,80,0.2,"FALSE","FALSE","FALSE","10.3520406686015","6.19253281538587","4.15950785321565","0.405","1,2,3,4,5,6,7,44,45,46,47,48,49",0.0044134871392186,FALSE,0,0,0,1,13,0,13,0,0.928571428571429
"S.EB.b",35,80,0.2,"FALSE","FALSE","FALSE","9.61753500854184","6.48248315437683","3.13505185416501","0.568","1,2,3,4,5,6,7,44,45,46,47,48,49",0.00670664340280954,FALSE,0,0,0,1,13,0,13,0,0.928571428571429
"S.EB.b",36,80,0.2,"FALSE","FALSE","FALSE","11.4120282054409","6.10825381043625","5.30377439500464","0.4","1,2,3,4,5,6,7,44,45,46,47,48,49",0.00621763086100539,FALSE,0,0,0,1,13,0,13,0,0.928571428571429
"S.EB.b",37,80,0.2,"FALSE","FALSE","FALSE","8.75086714090223","4.67405983822913","4.0768073026731","0.347","2,4,6,7,9,46,47,48,49",0.0560889282694426,FALSE,1,0,3,3,9,1,8,0.111111111111111,0.571428571428571
"S.EB.b",38,80,0.2,"FALSE","FALSE","FALSE","8.56085528413888","4.51981122673192","4.04104405740696","0.334","1,2,4,5,6,7,46,47,48,49",0.0258670204879177,FALSE,0,0,1,3,10,0,10,0,0.714285714285714
"S.EB.b",39,80,0.2,"FALSE","FALSE","FALSE","9.82212954238304","5.41831802537879","4.40381151700425","0.55","1,2,3,4,5,6,7,44,45,46,47,48,49",0.00903508959560996,FALSE,0,0,0,1,13,0,13,0,0.928571428571429
"S.EB.b",4,80,0.2,"FALSE","FALSE","FALSE","10.3113063870607","5.19979254604958","5.1115138410111","0.609","1,2,3,4,5,6,7,21,44,45,46,47,48,49",0.00723278626157158,FALSE,1,0,0,1,14,1,13,0.0714285714285714,0.928571428571429
"S.EB.b",40,80,0.2,"FALSE","FALSE","FALSE","10.244200695887","7.08164640987135","3.1625542860157","0.542","1,2,3,4,5,6,7,31,45,46,47,48,49",0.0134062004028135,FALSE,1,0,0,2,13,1,12,0.0769230769230769,0.857142857142857
"S.EB.b",41,80,0.2,"FALSE","FALSE","FALSE","9.33463022554179","5.30607729662197","4.02855292891982","0.832","2,3,4,5,6,7,43,44,46,47,48,49",0.0221110293194989,FALSE,0,0,1,1,12,0,12,0,0.857142857142857
"S.EB.b",42,80,0.2,"FALSE","FALSE","FALSE","10.8548347722511","6.14132729461224","4.71350747763883","0.329","1,2,3,4,5,7,45,46,47,48,49",0.0188411957492794,FALSE,0,0,1,2,11,0,11,0,0.785714285714286
"S.EB.b",43,80,0.2,"FALSE","FALSE","FALSE","9.45236265257792","5.4951483179177","3.95721433466022","0.658","1,2,3,4,5,6,7,44,46,47,48,49,50",0.0204970321500239,FALSE,0,1,0,2,13,1,12,0.0769230769230769,0.857142857142857
"S.EB.b",44,80,0.2,"FALSE","FALSE","FALSE","9.79938322551011","5.53668070908591","4.2627025164242","0.656","1,2,4,5,6,7,33,44,45,46,47,48,49",0.0133972126496964,FALSE,1,0,1,1,13,1,12,0.0769230769230769,0.857142857142857
"S.EB.b",45,80,0.2,"FALSE","FALSE","FALSE","8.81216578734274","5.63072136222501","3.18144442511774","0.72","1,2,4,5,7,32,46,47,48,49",0.0410823307949127,FALSE,1,0,2,3,10,1,9,0.1,0.642857142857143
"S.EB.b",46,80,0.2,"FALSE","FALSE","FALSE","9.03112679134766","6.99144519100925","2.03968160033841","0.36","1,2,4,5,6,7,33,46,48,49",0.0508054264752966,FALSE,1,0,1,4,10,1,9,0.1,0.642857142857143
"S.EB.b",47,80,0.2,"FALSE","FALSE","FALSE","8.91428237271262","5.89244549483877","3.02183687787384","0.557","2,4,5,6,7,21,43,45,46,47,48,49",0.028663334271122,FALSE,1,0,2,1,12,1,11,0.0833333333333333,0.785714285714286
"S.EB.b",48,80,0.2,"FALSE","FALSE","FALSE","8.92152811329427","4.56862076556676","4.35290734772751","0.372","2,4,5,6,7,43,44,45,46,47,48,49",0.0228862339593998,FALSE,0,0,2,0,12,0,12,0,0.857142857142857
"S.EB.b",49,80,0.2,"FALSE","FALSE","FALSE","10.2859657093739","5.58013449011967","4.70583121925422","0.461","2,3,4,5,6,7,44,45,46,47,48,49",0.00986095659200268,FALSE,0,0,1,1,12,0,12,0,0.857142857142857
"S.EB.b",5,80,0.2,"FALSE","FALSE","FALSE","9.59519524837142","6.28903403666587","3.30616121170554","0.373","1,2,4,5,6,7,45,46,48,49",0.0259768398506763,FALSE,0,0,1,3,10,0,10,0,0.714285714285714
"S.EB.b",50,80,0.2,"TRUE","TRUE","FALSE","10.625842391704","7.0177780941348","3.60806429756923","0.795","2,3,4,5,6,7,18,28,43,44,45,47,48,49",0.0247290088357673,FALSE,2,0,1,1,14,2,12,0.142857142857143,0.857142857142857
"S.EB.b",51,80,0.2,"FALSE","FALSE","FALSE","9.44538857408447","5.44634976557397","3.9990388085105","0.406","2,3,4,5,6,7,44,46,47,48,49",0.0171981889536064,FALSE,0,0,1,2,11,0,11,0,0.785714285714286
"S.EB.b",52,80,0.2,"FALSE","FALSE","FALSE","10.1240141869724","6.36740622722138","3.75660795975103","0.381","2,3,4,5,6,7,43,44,45,46,47,48,49",0.00922717915009051,FALSE,0,0,1,0,13,0,13,0,0.928571428571429
"S.EB.b",53,80,0.2,"FALSE","FALSE","FALSE","9.15844473974956","6.07597559156134","3.08246914818821","0.743","1,2,4,5,6,7,12,45,46,47,48,49",0.0282620540063775,FALSE,1,0,1,2,12,1,11,0.0833333333333333,0.785714285714286
"S.EB.b",54,80,0.2,"FALSE","FALSE","FALSE","9.14409343429025","5.61397689402711","3.53011654026314","0.657","1,2,4,6,7,32,43,46,47,48,49",0.041519744506614,FALSE,1,0,2,2,11,1,10,0.0909090909090909,0.714285714285714
"S.EB.b",55,80,0.2,"FALSE","FALSE","FALSE","10.2759817565677","5.90968548113918","4.36629627542852","0.639","1,3,6,14,20,42,43,44,45,47,48,49",0.106381438031596,FALSE,3,0,4,1,12,3,9,0.25,0.642857142857143
"S.EB.b",56,80,0.2,"FALSE","FALSE","FALSE","9.14053166709971","6.27725466626489","2.86327700083482","0.678","1,2,3,4,5,7,40,43,44,45,46,47,49",0.0403134647129837,FALSE,1,0,1,1,13,1,12,0.0769230769230769,0.857142857142857
"S.EB.b",57,80,0.2,"FALSE","FALSE","FALSE","8.92318653390371","5.49644108993469","3.42674544396902","0.472","2,4,5,6,7,41,46,48,49,51",0.0541286977776295,FALSE,1,1,2,4,10,2,8,0.2,0.571428571428571
"S.EB.b",58,80,0.2,"FALSE","FALSE","FALSE","10.9691121196852","5.93191834199603","5.03719377768914","0.295","2,3,4,5,6,7,44,45,46,47,48,49",0.0122890040029371,FALSE,0,0,1,1,12,0,12,0,0.857142857142857
"S.EB.b",59,80,0.2,"FALSE","FALSE","FALSE","8.67468161325188","5.90190848922704","2.77277312402484","0.45","2,3,4,5,6,7,26,44,46,49",0.0557479497215955,FALSE,1,0,1,4,10,1,9,0.1,0.642857142857143
"S.EB.b",6,80,0.2,"FALSE","FALSE","FALSE","7.96942804726119","6.28085252148537","1.68857552577582","0.6","2,3,4,5,6,7,35,44,46,49",0.0580291596317081,FALSE,1,0,1,4,10,1,9,0.1,0.642857142857143
"S.EB.b",60,80,0.2,"FALSE","FALSE","FALSE","8.77204054258775","5.17252579544182","3.59951474714593","0.747","1,2,3,4,5,7,32,44,46,47,48,49",0.0299904437865557,FALSE,1,0,1,2,12,1,11,0.0833333333333333,0.785714285714286
"S.EB.b",61,80,0.2,"FALSE","FALSE","FALSE","8.07714981802006","5.53952254780242","2.53762727021764","0.559","1,3,4,5,6,7,44,46,48,49",0.0510926267114689,FALSE,0,0,1,3,10,0,10,0,0.714285714285714
"S.EB.b",62,80,0.2,"FALSE","FALSE","FALSE","8.07601674530816","5.61687842612887","2.45913831917929","0.462","2,3,4,5,6,7,44,45,46,48,49",0.0289253478822139,FALSE,0,0,1,2,11,0,11,0,0.785714285714286
"S.EB.b",63,80,0.2,"FALSE","FALSE","FALSE","10.2437182645977","6.86830341891242","3.37541484568532","0.337","1,2,3,4,5,6,7,33,44,46,47,48,49",0.0161488817430547,FALSE,1,0,0,2,13,1,12,0.0769230769230769,0.857142857142857
"S.EB.b",64,80,0.2,"FALSE","FALSE","FALSE","11.6908838880065","6.66235283310995","5.02853105489654","0.3","1,2,3,4,5,6,7,19,44,45,46,47,48,49",0.0102661523708485,FALSE,1,0,0,1,14,1,13,0.0714285714285714,0.928571428571429
"S.EB.b",65,80,0.2,"FALSE","FALSE","FALSE","10.3155452509746","5.66412571563202","4.65141953534256","0.392","1,2,3,4,5,6,7,44,45,46,47,48,49",0.00548280599667962,FALSE,0,0,0,1,13,0,13,0,0.928571428571429
"S.EB.b",66,80,0.2,"FALSE","FALSE","FALSE","10.6965960383562","5.8832149660247","4.81338107233149","0.48","2,3,4,5,6,7,43,44,45,46,47,48,49",0.0124118580959692,FALSE,0,0,1,0,13,0,13,0,0.928571428571429
"S.EB.b",67,80,0.2,"FALSE","FALSE","FALSE","9.91237599335078","5.44211715004979","4.47025884330099","0.405","1,2,4,5,6,43,44,45,46,47,48,49,51",0.0300677689979385,FALSE,0,1,2,0,13,1,12,0.0769230769230769,0.857142857142857
"S.EB.b",68,80,0.2,"TRUE","TRUE","FALSE","12.0350669370638","6.48058083466496","5.55448610239888","0.578","1,2,3,4,5,6,7,43,44,45,46,47,48,49",0.00240879838896206,TRUE,0,0,0,0,14,0,14,0,1
"S.EB.b",69,80,0.2,"FALSE","FALSE","FALSE","8.83257990535331","5.93309125222223","2.89948865313108","0.576","2,3,4,5,6,7,29,44,46,48,49,52",0.0402758007439345,FALSE,1,1,1,3,12,2,10,0.166666666666667,0.714285714285714
"S.EB.b",7,80,0.2,"FALSE","FALSE","FALSE","10.2297985890452","5.29475176428888","4.93504682475632","0.31","2,4,5,6,7,44,45,46,47,48,49",0.0199809295705998,FALSE,0,0,2,1,11,0,11,0,0.785714285714286
"S.EB.b",70,80,0.2,"FALSE","FALSE","FALSE","11.4647860086687","6.22097878570998","5.24380722295873","0.274","2,3,4,5,6,7,43,44,45,46,47,48,49",0.0103577116387459,FALSE,0,0,1,0,13,0,13,0,0.928571428571429
"S.EB.b",71,80,0.2,"FALSE","FALSE","FALSE","9.02872074112015","7.01542235083312","2.01329839028703","0.476","2,3,4,5,6,7,9,25,37,44,48,49",0.0558316639589384,FALSE,3,0,1,4,12,3,9,0.25,0.642857142857143
"S.EB.b",72,80,0.2,"FALSE","FALSE","FALSE","10.0533958818198","6.51208585926553","3.54131002255427","0.457","2,3,4,5,6,7,33,44,45,46,48,49",0.0240587070836893,FALSE,1,0,1,2,12,1,11,0.0833333333333333,0.785714285714286
"S.EB.b",73,80,0.2,"FALSE","FALSE","FALSE","8.95703630015882","5.97463012094033","2.98240617921849","0.551","2,3,4,5,6,7,18,21,44,46,47,48,49",0.0262113067418821,FALSE,2,0,1,2,13,2,11,0.153846153846154,0.785714285714286
"S.EB.b",74,80,0.2,"FALSE","FALSE","FALSE","10.4742046357001","6.76568611784365","3.70851851785641","0.578","1,2,3,4,5,6,7,43,44,45,46,48,49",0.0127710603070967,FALSE,0,0,0,1,13,0,13,0,0.928571428571429
"S.EB.b",75,80,0.2,"FALSE","FALSE","FALSE","8.99903734839919","6.71708475847918","2.28195258992001","0.666","2,3,4,6,7,9,39,44,45,48,49",0.0606051509362336,FALSE,2,0,2,3,11,2,9,0.181818181818182,0.642857142857143
"S.EB.b",76,80,0.2,"FALSE","FALSE","FALSE","10.2311116918234","5.95776390451859","4.27334778730477","0.506","1,2,4,5,7,11,16,38,45,46,47,48,49",0.0457062583698388,FALSE,3,0,2,2,13,3,10,0.230769230769231,0.714285714285714
"S.EB.b",77,80,0.2,"FALSE","FALSE","FALSE","10.4058130673265","5.86091612022929","4.54489694709716","0.601","2,3,4,6,7,21,41,43,44,45,48,49,52",0.0564429944952564,FALSE,2,1,2,2,13,3,10,0.230769230769231,0.714285714285714
"S.EB.b",78,80,0.2,"FALSE","FALSE","FALSE","10.2796331667077","5.30941135551506","4.97022181119264","0.663","2,3,4,5,6,7,43,44,45,46,47,48,49",0.0157708784756169,FALSE,0,0,1,0,13,0,13,0,0.928571428571429
"S.EB.b",79,80,0.2,"FALSE","FALSE","FALSE","10.8746302147244","6.68703422361294","4.18759599111151","0.338","1,2,3,4,5,6,7,44,46,47,48,49",0.0100489386360787,FALSE,0,0,0,2,12,0,12,0,0.857142857142857
"S.EB.b",8,80,0.2,"FALSE","FALSE","FALSE","9.71398390211597","6.02095152242372","3.69303237969225","0.545","2,4,5,6,7,43,44,45,46,48,49,51",0.0284711814771713,FALSE,0,1,2,1,12,1,11,0.0833333333333333,0.785714285714286
"S.EB.b",80,80,0.2,"FALSE","FALSE","FALSE","10.9445529475269","7.00625572298027","3.93829722454666","0.352","1,2,3,4,5,6,7,44,46,47,48,49,51",0.0165886043579013,FALSE,0,1,0,2,13,1,12,0.0769230769230769,0.857142857142857
"S.EB.b",81,80,0.2,"FALSE","FALSE","FALSE","9.56501253876306","5.77241044162752","3.79260209713554","0.477","2,3,4,5,6,7,44,45,46,47,48,49",0.0136698070363718,FALSE,0,0,1,1,12,0,12,0,0.857142857142857
"S.EB.b",82,80,0.2,"FALSE","FALSE","FALSE","8.82701963410592","6.20455320157335","2.62246643253257","0.55","2,3,4,5,6,7,11,44,45,47,48,49",0.0247275185611392,FALSE,1,0,1,2,12,1,11,0.0833333333333333,0.785714285714286
"S.EB.b",83,80,0.2,"TRUE","TRUE","FALSE","10.565768170864","5.31815977265846","5.24760839820557","0.553","1,2,3,4,5,6,7,43,45,46,47,48,49",0.0111018885515446,FALSE,0,0,0,1,13,0,13,0,0.928571428571429
"S.EB.b",84,80,0.2,"FALSE","FALSE","FALSE","10.7169151598006","6.36548085920223","4.35143430059841","0.454","2,3,4,5,6,7,23,44,45,46,47,48,49",0.0162987070165582,FALSE,1,0,1,1,13,1,12,0.0769230769230769,0.857142857142857
"S.EB.b",85,80,0.2,"FALSE","FALSE","FALSE","9.57445556182778","5.55669763923349","4.01775792259428","0.397","2,3,4,5,6,7,44,45,46,47,48,49",0.0102608967501398,FALSE,0,0,1,1,12,0,12,0,0.857142857142857
"S.EB.b",86,80,0.2,"FALSE","FALSE","FALSE","9.97195241201748","5.6893487105874","4.28260370143008","0.652","1,2,3,4,5,6,7,44,46,47,48,49",0.010785077176952,FALSE,0,0,0,2,12,0,12,0,0.857142857142857
"S.EB.b",87,80,0.2,"FALSE","FALSE","FALSE","9.47028054690258","5.89618750688071","3.57409304002187","0.762","1,2,4,5,6,7,44,45,46,47,48,49",0.0133062149982056,FALSE,0,0,1,1,12,0,12,0,0.857142857142857
"S.EB.b",88,80,0.2,"FALSE","FALSE","FALSE","9.0634872931255","6.48849795946368","2.57498933366182","0.725","1,2,3,4,5,7,23,43,45,47,48,49",0.0318144926029221,FALSE,1,0,1,2,12,1,11,0.0833333333333333,0.785714285714286
"S.EB.b",89,80,0.2,"FALSE","FALSE","FALSE","9.76123018482095","6.32362866755871","3.43760151726224","0.596","1,2,3,4,5,6,7,44,45,46,47,48,49,53",0.00907104221497127,FALSE,0,1,0,1,14,1,13,0.0714285714285714,0.928571428571429
"S.EB.b",9,80,0.2,"FALSE","FALSE","FALSE","10.0684958084765","5.39112243464188","4.67737337383458","0.577","2,4,6,7,27,30,43,44,45,47,48,49,51",0.0485628441282793,FALSE,2,1,3,1,13,3,10,0.230769230769231,0.714285714285714
"S.EB.b",90,80,0.2,"FALSE","FALSE","FALSE","10.2558308266804","5.51504627176966","4.74078455491079","0.402","1,2,3,4,5,7,44,45,46,47,48,49",0.0181607308293799,FALSE,0,0,1,1,12,0,12,0,0.857142857142857
"S.EB.b",91,80,0.2,"FALSE","FALSE","FALSE","9.34604264616648","6.46903325462353","2.87700939154295","0.385","2,3,4,5,6,7,43,44,45,46,48,49",0.0209961710128967,FALSE,0,0,1,1,12,0,12,0,0.857142857142857
"S.EB.b",92,80,0.2,"FALSE","FALSE","FALSE","9.56862790263123","6.4856249781059","3.08300292452532","0.62","2,4,6,7,8,27,30,38,47,48,49",0.0795287368037481,FALSE,4,0,3,4,11,4,7,0.363636363636364,0.5
"S.EB.b",93,80,0.2,"FALSE","FALSE","FALSE","9.0902100020475","5.32242998107418","3.76778002097333","0.738","2,3,4,6,7,43,44,45,46,47,48,49",0.0240482870407389,FALSE,0,0,2,0,12,0,12,0,0.857142857142857
"S.EB.b",94,80,0.2,"FALSE","FALSE","FALSE","9.03259115936998","4.81594042325311","4.21665073611687","0.432","1,2,4,7,13,43,45,46,47,48,49",0.0486024524299523,FALSE,1,0,3,1,11,1,10,0.0909090909090909,0.714285714285714
"S.EB.b",95,80,0.2,"TRUE","TRUE","FALSE","10.5341181140822","5.95510392136264","4.57901419271956","0.674","2,3,4,5,6,7,19,43,44,45,46,47,48,49",0.0157384683304377,FALSE,1,0,1,0,14,1,13,0.0714285714285714,0.928571428571429
"S.EB.b",96,80,0.2,"FALSE","FALSE","FALSE","9.82344509689644","6.94402882765717","2.87941626923927","0.769","1,2,3,4,5,6,7,25,44,46,47,48,49",0.0145994522225189,FALSE,1,0,0,2,13,1,12,0.0769230769230769,0.857142857142857
"S.EB.b",97,80,0.2,"FALSE","FALSE","FALSE","9.72427001372032","5.42154933031961","4.30272068340071","0.569","2,3,4,5,6,7,44,45,46,47,48,49",0.00903923552193736,FALSE,0,0,1,1,12,0,12,0,0.857142857142857
"S.EB.b",98,80,0.2,"TRUE","TRUE","FALSE","11.9801798831834","7.32625448602351","4.65392539715993","0.42","1,2,3,4,5,6,7,8,44,45,46,47,48,49",0.00924121977633702,FALSE,1,0,0,1,14,1,13,0.0714285714285714,0.928571428571429
"S.EB.b",99,80,0.2,"FALSE","FALSE","FALSE","10.8195761844756","5.7886737348932","5.03090244958242","0.314","1,2,3,4,5,7,44,45,46,47,48,49",0.0187590185299345,FALSE,0,0,1,1,12,0,12,0,0.857142857142857
"scad.cv",1,80,0.2,"FALSE","FALSE","FALSE","9.08079640896363","5.13227490064677","3.94852150831686","0.548","1,2,3,4,5,6,7,11,13,19,26,31,44,45,46,47,48,49,53",0.0165959040364772,FALSE,5,1,0,1,19,6,13,0.315789473684211,0.928571428571429
"scad.cv",10,80,0.2,"FALSE","FALSE","FALSE","9.36866710904337","4.85501410773136","4.51365300131202","0.482","1,2,3,4,5,6,7,21,37,43,44,45,46,47,48,49",0.0152216147530884,FALSE,2,0,0,0,16,2,14,0.125,1
"scad.cv",100,80,0.2,"FALSE","FALSE","FALSE","9.48030647547267","5.25027243603336","4.23003403943931","0.322","1,2,3,4,5,6,7,36,44,45,46,47,48,49",0.0241620248577845,FALSE,1,0,0,1,14,1,13,0.0714285714285714,0.928571428571429
"scad.cv",11,80,0.2,"FALSE","FALSE","FALSE","9.22055013450969","5.95266726993529","3.2678828645744","0.75","1,2,3,4,6,7,9,10,11,12,13,14,15,17,19,21,22,24,33,36,39,44,45,46,47,48,49",0.0611671035316867,FALSE,15,0,1,1,27,15,12,0.555555555555556,0.857142857142857
"scad.cv",12,80,0.2,"FALSE","FALSE","FALSE","9.26544026142851","6.3850422481916","2.8803980132369","0.673","1,2,3,4,5,6,7,15,16,18,29,30,32,34,35,37,40,41,44,45,46,47,48,49,51",0.0352250708824881,FALSE,11,1,0,1,25,12,13,0.48,0.928571428571429
"scad.cv",13,80,0.2,"TRUE","TRUE","FALSE","12.2974316442824","6.34485983918247","5.9525718050999","0.329","1,2,3,4,5,6,7,9,15,17,25,29,39,41,44,45,46,47,48,49",0.0139364454805323,FALSE,7,0,0,1,20,7,13,0.35,0.928571428571429
"scad.cv",14,80,0.2,"FALSE","FALSE","FALSE","10.5602327104441","4.82955013003088","5.73068258041323","0.629","2,3,4,5,6,7,8,23,43,44,45,46,47,48,49,51",0.0114729883263638,FALSE,2,1,1,0,16,3,13,0.1875,0.928571428571429
"scad.cv",15,80,0.2,"FALSE","FALSE","FALSE","9.62040134374289","6.36702468234284","3.25337666140005","0.413","1,2,3,4,5,6,7,9,20,21,42,44,46,47,48,49",0.0215464532501378,FALSE,4,0,0,2,16,4,12,0.25,0.857142857142857
"scad.cv",16,80,0.2,"FALSE","FALSE","FALSE","9.88700313715609","5.99908846168961","3.88791467546648","0.708","1,2,3,4,5,6,7,13,15,23,26,30,39,41,42,44,45,46,47,48,49",0.0373522756768968,FALSE,8,0,0,1,21,8,13,0.380952380952381,0.928571428571429
"scad.cv",17,80,0.2,"FALSE","FALSE","FALSE","8.8892609240413","4.99550298105536","3.89375794298594","0.568","2,3,4,5,6,7,12,13,15,24,27,34,36,39,44,45,47,48,49,50",0.0429063703244958,FALSE,8,1,1,2,20,9,11,0.45,0.785714285714286
"scad.cv",18,80,0.2,"FALSE","FALSE","FALSE","10.1235564506031","5.61960660677617","4.50394984382697","0.664","2,3,4,5,6,7,10,12,16,17,18,21,30,38,44,45,46,47,48,49,52",0.0268142007478989,FALSE,8,1,1,1,21,9,12,0.428571428571429,0.857142857142857
"scad.cv",19,80,0.2,"FALSE","FALSE","FALSE","10.5867920829641","6.54357858039181","4.04321350257227","0.417","1,2,3,4,5,6,7,16,20,25,28,37,43,45,46,47,48,49,51,53",0.0372177667649499,FALSE,5,2,0,1,20,7,13,0.35,0.928571428571429
"scad.cv",2,80,0.2,"FALSE","FALSE","FALSE","8.84020685409256","5.58282226426093","3.25738458983163","0.788","1,2,3,4,5,6,7,19,38,44,45,46,47,48,49",0.00411411067583278,FALSE,2,0,0,1,15,2,13,0.133333333333333,0.928571428571429
"scad.cv",20,80,0.2,"FALSE","FALSE","FALSE","9.35727124704174","6.50523723903686","2.85203400800488","0.499","1,2,3,4,5,6,7,17,26,30,37,43,44,45,46,48,49,52",0.0241122081046107,FALSE,4,1,0,1,18,5,13,0.277777777777778,0.928571428571429
"scad.cv",21,80,0.2,"FALSE","FALSE","FALSE","9.38048380067739","5.81077731648176","3.56970648419563","0.661","1,2,3,4,5,6,7,15,23,26,27,30,32,35,39,40,43,44,45,46,47,48,49",0.0223729527632992,FALSE,9,0,0,0,23,9,14,0.391304347826087,1
"scad.cv",22,80,0.2,"FALSE","FALSE","FALSE","9.74058657651235","7.46365426475085","2.2769323117615","0.687","1,2,3,4,5,6,7,10,12,25,28,40,42,44,47,48,49",0.0468561365890876,FALSE,6,0,0,3,17,6,11,0.352941176470588,0.785714285714286
"scad.cv",23,80,0.2,"FALSE","FALSE","FALSE","9.43912281308515","4.44146412237411","4.99765869071104","0.359","1,2,3,4,5,6,7,11,36,44,45,46,47,48,49",0.00640520783365473,FALSE,2,0,0,1,15,2,13,0.133333333333333,0.928571428571429
"scad.cv",24,80,0.2,"FALSE","FALSE","FALSE","8.28653020800342","4.23501148504979","4.05151872295363","0.528","1,2,3,4,5,6,7,9,12,15,18,20,25,26,36,44,46,47,48,49,51",0.0307089022695757,FALSE,8,1,0,2,21,9,12,0.428571428571429,0.857142857142857
"scad.cv",25,80,0.2,"FALSE","FALSE","FALSE","11.7527498911883","6.61367983065256","5.13907006053577","0.516","1,2,3,4,5,6,7,10,12,13,14,17,19,21,22,26,28,29,31,37,44,45,46,47,48,49,53",0.04535542395127,FALSE,13,1,0,1,27,14,13,0.518518518518518,0.928571428571429
"scad.cv",26,80,0.2,"FALSE","FALSE","FALSE","10.2215792939954","6.39329574400487","3.82828354999049","0.457","1,2,3,4,5,6,7,22,24,32,33,37,39,44,45,46,47,48,49",0.0195119579120509,FALSE,6,0,0,1,19,6,13,0.315789473684211,0.928571428571429
"scad.cv",27,80,0.2,"FALSE","FALSE","FALSE","10.8406997785108","6.62213242665407","4.21856735185673","0.366","1,2,3,4,5,6,7,9,29,44,46,47,48,49,50",0.0212448082580558,FALSE,2,1,0,2,15,3,12,0.2,0.857142857142857
"scad.cv",28,80,0.2,"FALSE","FALSE","FALSE","9.37211628908898","5.62017031900926","3.75194597007971","0.822","2,3,4,5,6,7,9,11,13,25,27,37,38,44,46,47,48,49,50",0.0525769195072378,FALSE,7,1,1,2,19,8,11,0.421052631578947,0.785714285714286
"scad.cv",29,80,0.2,"FALSE","FALSE","FALSE","8.55284052162931","5.51160163105193","3.04123889057738","0.593","1,2,3,4,5,6,7,8,12,13,23,24,31,34,35,40,44,45,46,47,48,49",0.0102142470132441,FALSE,9,0,0,1,22,9,13,0.409090909090909,0.928571428571429
"scad.cv",3,80,0.2,"FALSE","FALSE","FALSE","8.78764372232564","6.6743500103133","2.11329371201234","0.477","2,3,4,5,6,7,9,25,30,37,40,46,48,49",0.116202652981188,FALSE,5,0,1,4,14,5,9,0.357142857142857,0.642857142857143
"scad.cv",30,80,0.2,"FALSE","FALSE","FALSE","8.78132072958647","4.47161582628643","4.30970490330003","0.546","1,2,3,4,5,6,7,16,26,27,30,39,42,45,47,48,49,52",0.063623230900346,FALSE,6,1,0,3,18,7,11,0.388888888888889,0.785714285714286
"scad.cv",31,80,0.2,"FALSE","FALSE","FALSE","9.10953647212796","4.55948134880142","4.55005512332654","0.598","1,2,3,4,5,6,16,23,43,44,45,46,47,48,49,52",0.0277425143084117,FALSE,2,1,1,0,16,3,13,0.1875,0.928571428571429
"scad.cv",32,80,0.2,"TRUE","TRUE","FALSE","10.6999812131111","6.16425810271397","4.53572311039709","0.45","2,3,4,5,6,7,10,16,43,44,45,46,47,48,49",0.00854625717217752,FALSE,2,0,1,0,15,2,13,0.133333333333333,0.928571428571429
"scad.cv",33,80,0.2,"FALSE","FALSE","FALSE","11.4081098633478","5.79347384516914","5.61463601817869","0.515","1,2,3,4,5,6,7,12,14,23,26,27,33,44,45,46,47,48,49",0.00975454239328077,FALSE,6,0,0,1,19,6,13,0.315789473684211,0.928571428571429
"scad.cv",34,80,0.2,"FALSE","FALSE","FALSE","10.3520406686015","6.19253281538587","4.15950785321565","0.405","1,2,3,4,5,6,7,29,32,38,44,46,47,48,49",0.0139676249145914,FALSE,3,0,0,2,15,3,12,0.2,0.857142857142857
"scad.cv",35,80,0.2,"FALSE","FALSE","FALSE","9.61753500854184","6.48248315437683","3.13505185416501","0.568","1,2,3,4,5,6,7,8,11,13,14,18,20,23,26,28,34,35,36,38,43,44,45,46,47,48,49,53",0.0409639440083059,FALSE,13,1,0,0,28,14,14,0.5,1
"scad.cv",36,80,0.2,"FALSE","FALSE","FALSE","11.4120282054409","6.10825381043625","5.30377439500464","0.4","1,2,3,4,5,6,7,16,39,44,45,46,47,48,49",0.00845887219436751,FALSE,2,0,0,1,15,2,13,0.133333333333333,0.928571428571429
"scad.cv",37,80,0.2,"FALSE","FALSE","FALSE","8.75086714090223","4.67405983822913","4.0768073026731","0.347","2,3,4,5,6,7,9,33,46,47,48,49",0.0517966013979646,FALSE,2,0,1,3,12,2,10,0.166666666666667,0.714285714285714
"scad.cv",38,80,0.2,"FALSE","FALSE","FALSE","8.56085528413888","4.51981122673192","4.04104405740696","0.334","1,2,3,4,5,6,7,34,44,46,47,48,49",0.0226206232353346,FALSE,1,0,0,2,13,1,12,0.0769230769230769,0.857142857142857
"scad.cv",39,80,0.2,"FALSE","FALSE","FALSE","9.82212954238304","5.41831802537879","4.40381151700425","0.55","1,2,3,4,5,6,7,12,13,15,25,33,37,38,44,45,46,47,48,49,51",0.0219970649788176,FALSE,7,1,0,1,21,8,13,0.380952380952381,0.928571428571429
"scad.cv",4,80,0.2,"FALSE","FALSE","FALSE","10.3113063870607","5.19979254604958","5.1115138410111","0.609","1,2,3,4,5,6,7,10,18,19,21,43,44,45,46,47,48,49",0.0116277038629235,FALSE,4,0,0,0,18,4,14,0.222222222222222,1
"scad.cv",40,80,0.2,"FALSE","FALSE","FALSE","10.244200695887","7.08164640987135","3.1625542860157","0.542","1,2,3,4,5,6,7,28,31,44,45,46,47,48,49",0.0087611402663515,FALSE,2,0,0,1,15,2,13,0.133333333333333,0.928571428571429
"scad.cv",41,80,0.2,"FALSE","FALSE","FALSE","9.33463022554179","5.30607729662197","4.02855292891982","0.832","1,2,3,4,5,6,7,8,17,33,43,44,46,47,48,49,50",0.0217636885108253,FALSE,3,1,0,1,17,4,13,0.235294117647059,0.928571428571429
"scad.cv",42,80,0.2,"FALSE","FALSE","FALSE","10.8548347722511","6.14132729461224","4.71350747763883","0.329","1,2,3,4,5,6,7,18,41,45,46,47,48,49",0.0172779891863661,FALSE,2,0,0,2,14,2,12,0.142857142857143,0.857142857142857
"scad.cv",43,80,0.2,"FALSE","FALSE","FALSE","9.45236265257792","5.4951483179177","3.95721433466022","0.658","1,2,3,4,5,6,7,13,18,19,21,25,26,27,28,30,31,33,39,41,44,45,46,47,48,49,50",0.0219979884306774,FALSE,13,1,0,1,27,14,13,0.518518518518518,0.928571428571429
"scad.cv",44,80,0.2,"FALSE","FALSE","FALSE","9.79938322551011","5.53668070908591","4.2627025164242","0.656","1,2,3,4,5,6,7,18,29,33,42,44,45,46,47,48,49",0.0140146423654257,FALSE,4,0,0,1,17,4,13,0.235294117647059,0.928571428571429
"scad.cv",45,80,0.2,"FALSE","FALSE","FALSE","8.81216578734274","5.63072136222501","3.18144442511774","0.72","1,2,3,4,5,6,7,10,11,12,25,28,32,41,44,46,47,48,49",0.0394707327005125,FALSE,7,0,0,2,19,7,12,0.368421052631579,0.857142857142857
"scad.cv",46,80,0.2,"FALSE","FALSE","FALSE","9.03112679134766","6.99144519100925","2.03968160033841","0.36","1,2,4,5,6,7,25,28,33,44,46,48,49,50",0.0631188299721168,FALSE,3,1,1,3,14,4,10,0.285714285714286,0.714285714285714
"scad.cv",47,80,0.2,"FALSE","FALSE","FALSE","8.91428237271262","5.89244549483877","3.02183687787384","0.557","1,2,3,4,5,6,7,12,17,21,23,26,42,43,44,45,46,47,48,49",0.0144835232816942,FALSE,6,0,0,0,20,6,14,0.3,1
"scad.cv",48,80,0.2,"FALSE","FALSE","FALSE","8.92152811329427","4.56862076556676","4.35290734772751","0.372","1,2,3,4,5,6,7,24,43,44,45,46,47,48,49,53",0.0268763610322267,FALSE,1,1,0,0,16,2,14,0.125,1
"scad.cv",49,80,0.2,"FALSE","FALSE","FALSE","10.2859657093739","5.58013449011967","4.70583121925422","0.461","1,2,3,4,5,6,7,8,12,27,34,35,38,45,46,47,48,49",0.0168734655025301,FALSE,6,0,0,2,18,6,12,0.333333333333333,0.857142857142857
"scad.cv",5,80,0.2,"FALSE","FALSE","FALSE","9.59519524837142","6.28903403666587","3.30616121170554","0.373","1,2,3,4,5,6,7,10,12,23,35,44,45,46,48,49",0.0243252053109468,FALSE,4,0,0,2,16,4,12,0.25,0.857142857142857
"scad.cv",50,80,0.2,"TRUE","TRUE","FALSE","10.625842391704","7.0177780941348","3.60806429756923","0.795","2,3,4,5,6,7,18,21,26,28,29,31,38,39,43,44,45,47,48,49",0.034758456129576,FALSE,8,0,1,1,20,8,12,0.4,0.857142857142857
"scad.cv",51,80,0.2,"FALSE","FALSE","FALSE","9.44538857408447","5.44634976557397","3.9990388085105","0.406","1,2,3,4,5,6,7,44,45,46,47,48,49",0.019559083550327,FALSE,0,0,0,1,13,0,13,0,0.928571428571429
"scad.cv",52,80,0.2,"FALSE","FALSE","FALSE","10.1240141869724","6.36740622722138","3.75660795975103","0.381","2,3,4,5,6,7,16,18,21,26,28,31,43,44,45,46,47,48,49",0.0101117317034581,FALSE,6,0,1,0,19,6,13,0.315789473684211,0.928571428571429
"scad.cv",53,80,0.2,"FALSE","FALSE","FALSE","9.15844473974956","6.07597559156134","3.08246914818821","0.743","1,2,3,4,5,6,7,12,13,16,19,29,36,43,44,45,46,47,48,49",0.0253346874214157,FALSE,6,0,0,0,20,6,14,0.3,1
"scad.cv",54,80,0.2,"FALSE","FALSE","FALSE","9.14409343429025","5.61397689402711","3.53011654026314","0.657","1,2,3,4,5,6,7,11,13,19,23,24,27,28,30,32,36,38,40,43,44,45,46,47,48,49",0.0761324912297951,FALSE,12,0,0,0,26,12,14,0.461538461538462,1
"scad.cv",55,80,0.2,"FALSE","FALSE","FALSE","10.2759817565677","5.90968548113918","4.36629627542852","0.639","1,2,3,6,11,13,14,17,20,21,25,26,42,43,44,45,47,48,49,50",0.117597090964163,FALSE,9,1,3,1,20,10,10,0.5,0.714285714285714
"scad.cv",56,80,0.2,"FALSE","FALSE","FALSE","9.14053166709971","6.27725466626489","2.86327700083482","0.678","1,2,3,4,5,6,7,11,16,17,20,22,23,25,29,30,31,35,39,40,43,44,45,46,47,48,49,53",0.048525265325975,FALSE,13,1,0,0,28,14,14,0.5,1
"scad.cv",57,80,0.2,"FALSE","FALSE","FALSE","8.92318653390371","5.49644108993469","3.42674544396902","0.472","1,2,4,5,6,7,8,10,16,19,27,32,34,37,39,41,46,47,48,49,51,52",0.051556809697415,FALSE,10,2,1,3,22,12,10,0.545454545454545,0.714285714285714
"scad.cv",58,80,0.2,"FALSE","FALSE","FALSE","10.9691121196852","5.93191834199603","5.03719377768914","0.295","2,3,4,5,6,7,43,44,45,46,47,48,49",0.0158837994483248,FALSE,0,0,1,0,13,0,13,0,0.928571428571429
"scad.cv",59,80,0.2,"FALSE","FALSE","FALSE","8.67468161325188","5.90190848922704","2.77277312402484","0.45","1,2,3,4,5,6,7,12,26,31,44,45,46,47,48,49,51",0.0375968999650494,FALSE,3,1,0,1,17,4,13,0.235294117647059,0.928571428571429
"scad.cv",6,80,0.2,"FALSE","FALSE","FALSE","7.96942804726119","6.28085252148537","1.68857552577582","0.6","2,3,4,5,6,7,9,10,13,18,21,35,37,39,41,43,44,45,46,47,48,49,50",0.0323517413260918,FALSE,9,1,1,0,23,10,13,0.434782608695652,0.928571428571429
"scad.cv",60,80,0.2,"FALSE","FALSE","FALSE","8.77204054258775","5.17252579544182","3.59951474714593","0.747","1,2,3,4,5,6,7,8,16,17,26,32,35,37,44,46,47,48,49",0.0216296455694791,FALSE,7,0,0,2,19,7,12,0.368421052631579,0.857142857142857
"scad.cv",61,80,0.2,"FALSE","FALSE","FALSE","8.07714981802006","5.53952254780242","2.53762727021764","0.559","1,2,3,4,5,6,7,13,24,27,31,43,44,45,46,47,48,49,52,53",0.0573531427391141,FALSE,4,2,0,0,20,6,14,0.3,1
"scad.cv",62,80,0.2,"FALSE","FALSE","FALSE","8.07601674530816","5.61687842612887","2.45913831917929","0.462","1,2,3,4,5,6,7,24,33,43,44,45,46,48,49",0.0179581460978434,FALSE,2,0,0,1,15,2,13,0.133333333333333,0.928571428571429
"scad.cv",63,80,0.2,"FALSE","FALSE","FALSE","10.2437182645977","6.86830341891242","3.37541484568532","0.337","1,2,3,4,5,6,7,33,41,43,44,46,47,48,49",0.014623796449751,FALSE,2,0,0,1,15,2,13,0.133333333333333,0.928571428571429
"scad.cv",64,80,0.2,"FALSE","FALSE","FALSE","11.6908838880065","6.66235283310995","5.02853105489654","0.3","1,2,3,4,5,6,7,13,19,21,27,44,45,46,47,48,49",0.0147534347785827,FALSE,4,0,0,1,17,4,13,0.235294117647059,0.928571428571429
"scad.cv",65,80,0.2,"FALSE","FALSE","FALSE","10.3155452509746","5.66412571563202","4.65141953534256","0.392","1,2,3,4,5,6,7,8,16,23,30,38,44,45,46,47,48,49",0.00577418300352813,FALSE,5,0,0,1,18,5,13,0.277777777777778,0.928571428571429
"scad.cv",66,80,0.2,"FALSE","FALSE","FALSE","10.6965960383562","5.8832149660247","4.81338107233149","0.48","2,3,4,5,6,7,13,18,24,36,43,44,45,46,47,48,49,52",0.0155229557760802,FALSE,4,1,1,0,18,5,13,0.277777777777778,0.928571428571429
"scad.cv",67,80,0.2,"FALSE","FALSE","FALSE","9.91237599335078","5.44211715004979","4.47025884330099","0.405","1,2,3,4,5,6,7,24,43,44,45,46,47,48,49,51",0.0257254130175195,FALSE,1,1,0,0,16,2,14,0.125,1
"scad.cv",68,80,0.2,"TRUE","TRUE","FALSE","12.0350669370638","6.48058083466496","5.55448610239888","0.578","1,2,3,4,5,6,7,36,42,43,44,45,46,47,48,49",0.00229156262186503,FALSE,2,0,0,0,16,2,14,0.125,1
"scad.cv",69,80,0.2,"FALSE","FALSE","FALSE","8.83257990535331","5.93309125222223","2.89948865313108","0.576","1,2,3,4,5,6,7,9,15,18,29,31,35,36,39,44,45,46,47,48,49,50,52",0.040252714593527,FALSE,8,2,0,1,23,10,13,0.434782608695652,0.928571428571429
"scad.cv",7,80,0.2,"FALSE","FALSE","FALSE","10.2297985890452","5.29475176428888","4.93504682475632","0.31","1,2,3,4,5,6,7,8,36,44,45,46,47,48,49",0.0218036498019828,FALSE,2,0,0,1,15,2,13,0.133333333333333,0.928571428571429
"scad.cv",70,80,0.2,"FALSE","FALSE","FALSE","11.4647860086687","6.22097878570998","5.24380722295873","0.274","2,3,4,5,6,7,10,23,43,44,45,46,47,48,49",0.0193618835840956,FALSE,2,0,1,0,15,2,13,0.133333333333333,0.928571428571429
"scad.cv",71,80,0.2,"FALSE","FALSE","FALSE","9.02872074112015","7.01542235083312","2.01329839028703","0.476","1,2,3,4,5,6,7,8,9,13,18,23,24,25,27,31,35,37,40,44,45,46,48,49,50",0.0598062535620484,FALSE,12,1,0,2,25,13,12,0.52,0.857142857142857
"scad.cv",72,80,0.2,"FALSE","FALSE","FALSE","10.0533958818198","6.51208585926553","3.54131002255427","0.457","2,3,4,5,6,7,9,21,29,33,43,44,45,46,47,48,49",0.0316961923894639,FALSE,4,0,1,0,17,4,13,0.235294117647059,0.928571428571429
"scad.cv",73,80,0.2,"FALSE","FALSE","FALSE","8.95703630015882","5.97463012094033","2.98240617921849","0.551","1,2,3,4,5,6,7,8,11,13,16,18,21,23,28,35,44,46,47,48,49",0.0243653499725065,FALSE,9,0,0,2,21,9,12,0.428571428571429,0.857142857142857
"scad.cv",74,80,0.2,"FALSE","FALSE","FALSE","10.4742046357001","6.76568611784365","3.70851851785641","0.578","1,2,3,4,5,6,7,8,12,13,17,21,25,31,33,36,41,44,45,46,48,49,52",0.025261572928938,FALSE,10,1,0,2,23,11,12,0.478260869565217,0.857142857142857
"scad.cv",75,80,0.2,"FALSE","FALSE","FALSE","8.99903734839919","6.71708475847918","2.28195258992001","0.666","2,3,4,6,7,9,10,11,25,29,32,39,44,45,46,47,48,49",0.0744013929376271,FALSE,7,0,2,1,18,7,11,0.388888888888889,0.785714285714286
"scad.cv",76,80,0.2,"FALSE","FALSE","FALSE","10.2311116918234","5.95776390451859","4.27334778730477","0.506","1,2,4,5,6,7,11,16,19,26,36,38,42,44,45,46,47,48,49",0.0428269819932756,FALSE,7,0,1,1,19,7,12,0.368421052631579,0.857142857142857
"scad.cv",77,80,0.2,"FALSE","FALSE","FALSE","10.4058130673265","5.86091612022929","4.54489694709716","0.601","1,2,3,4,5,6,7,21,26,30,41,43,44,45,48,49,52",0.0298177251331496,FALSE,4,1,0,2,17,5,12,0.294117647058824,0.857142857142857
"scad.cv",78,80,0.2,"FALSE","FALSE","FALSE","10.2796331667077","5.30941135551506","4.97022181119264","0.663","2,3,4,5,6,7,28,36,42,43,44,45,46,47,48,49,53",0.0176968662001119,FALSE,3,1,1,0,17,4,13,0.235294117647059,0.928571428571429
"scad.cv",79,80,0.2,"FALSE","FALSE","FALSE","10.8746302147244","6.68703422361294","4.18759599111151","0.338","1,2,3,4,5,6,7,13,18,21,23,29,35,44,46,47,48,49",0.0114217148051545,FALSE,6,0,0,2,18,6,12,0.333333333333333,0.857142857142857
"scad.cv",8,80,0.2,"FALSE","FALSE","FALSE","9.71398390211597","6.02095152242372","3.69303237969225","0.545","1,2,3,4,5,6,7,11,21,44,45,46,48,49",0.0227991180882891,FALSE,2,0,0,2,14,2,12,0.142857142857143,0.857142857142857
"scad.cv",80,80,0.2,"FALSE","FALSE","FALSE","10.9445529475269","7.00625572298027","3.93829722454666","0.352","1,2,3,4,5,6,7,14,16,17,18,44,46,47,48,49,51",0.0155358421881176,FALSE,4,1,0,2,17,5,12,0.294117647058824,0.857142857142857
"scad.cv",81,80,0.2,"FALSE","FALSE","FALSE","9.56501253876306","5.77241044162752","3.79260209713554","0.477","1,2,3,4,5,6,7,11,14,27,33,36,39,40,44,45,46,47,48,49",0.0423045068346681,FALSE,7,0,0,1,20,7,13,0.35,0.928571428571429
"scad.cv",82,80,0.2,"FALSE","FALSE","FALSE","8.82701963410592","6.20455320157335","2.62246643253257","0.55","2,3,4,5,6,7,10,11,13,25,34,37,38,40,43,44,45,47,48,49",0.0241957792069811,FALSE,8,0,1,1,20,8,12,0.4,0.857142857142857
"scad.cv",83,80,0.2,"TRUE","TRUE","FALSE","10.565768170864","5.31815977265846","5.24760839820557","0.553","1,2,3,4,5,6,7,18,43,44,45,46,47,48,49",0.0105274911555681,FALSE,1,0,0,0,15,1,14,0.0666666666666667,1
"scad.cv",84,80,0.2,"FALSE","FALSE","FALSE","10.7169151598006","6.36548085920223","4.35143430059841","0.454","1,2,3,4,5,6,7,13,23,43,44,45,46,47,48,49,51",0.0164381737148213,FALSE,2,1,0,0,17,3,14,0.176470588235294,1
"scad.cv",85,80,0.2,"FALSE","FALSE","FALSE","9.57445556182778","5.55669763923349","4.01775792259428","0.397","1,2,3,4,5,6,7,9,18,20,28,29,35,38,44,45,46,47,48,49,50,53",0.0281739112321609,FALSE,7,2,0,1,22,9,13,0.409090909090909,0.928571428571429
"scad.cv",86,80,0.2,"FALSE","FALSE","FALSE","9.97195241201748","5.6893487105874","4.28260370143008","0.652","1,2,3,4,5,6,7,18,20,21,24,25,32,34,35,37,39,43,44,46,47,48,49,50",0.0376533968497848,FALSE,10,1,0,1,24,11,13,0.458333333333333,0.928571428571429
"scad.cv",87,80,0.2,"FALSE","FALSE","FALSE","9.47028054690258","5.89618750688071","3.57409304002187","0.762","1,2,4,5,6,7,10,14,17,18,19,22,23,28,32,36,40,41,43,44,46,47,48,49,52,53",0.0770985655981136,FALSE,12,2,1,1,26,14,12,0.538461538461538,0.857142857142857
"scad.cv",88,80,0.2,"FALSE","FALSE","FALSE","9.0634872931255","6.48849795946368","2.57498933366182","0.725","1,2,3,4,5,6,7,19,23,24,30,31,33,34,40,44,45,46,47,48,49",0.0322989926382347,FALSE,8,0,0,1,21,8,13,0.380952380952381,0.928571428571429
"scad.cv",89,80,0.2,"FALSE","FALSE","FALSE","9.76123018482095","6.32362866755871","3.43760151726224","0.596","1,2,3,4,5,6,7,20,21,26,31,38,43,44,45,46,47,48,49,50,51,53",0.0137724978992739,FALSE,5,3,0,0,22,8,14,0.363636363636364,1
"scad.cv",9,80,0.2,"FALSE","FALSE","FALSE","10.0684958084765","5.39112243464188","4.67737337383458","0.577","1,2,3,4,5,6,7,9,10,11,24,25,27,30,36,42,43,44,45,46,47,48,49,51",0.0256146834063021,FALSE,9,1,0,0,24,10,14,0.416666666666667,1
"scad.cv",90,80,0.2,"FALSE","FALSE","FALSE","10.2558308266804","5.51504627176966","4.74078455491079","0.402","1,2,3,4,5,7,18,23,28,30,43,44,45,46,47,48,49",0.0224612024716629,FALSE,4,0,1,0,17,4,13,0.235294117647059,0.928571428571429
"scad.cv",91,80,0.2,"FALSE","FALSE","FALSE","9.34604264616648","6.46903325462353","2.87700939154295","0.385","1,2,3,4,5,6,7,8,9,10,11,13,14,15,16,17,18,19,20,21,22,23,24,25,26,27,29,30,31,32,34,35,38,39,40,41,42,43,44,45,46,47,48,49,50,51,52,53",0.117014013886101,FALSE,30,4,0,0,48,34,14,0.708333333333333,1
"scad.cv",92,80,0.2,"FALSE","FALSE","FALSE","9.56862790263123","6.4856249781059","3.08300292452532","0.62","1,2,4,6,7,8,12,21,27,30,38,44,47,48,49",0.0736185317430587,FALSE,6,0,2,3,15,6,9,0.4,0.642857142857143
"scad.cv",93,80,0.2,"FALSE","FALSE","FALSE","9.0902100020475","5.32242998107418","3.76778002097333","0.738","1,2,3,4,5,6,7,23,25,26,27,29,35,37,43,44,45,46,47,48,49,53",0.0255927206316161,FALSE,7,1,0,0,22,8,14,0.363636363636364,1
"scad.cv",94,80,0.2,"FALSE","FALSE","FALSE","9.03259115936998","4.81594042325311","4.21665073611687","0.432","1,2,3,4,5,6,7,9,13,23,27,31,32,43,45,46,47,48,49",0.0218402742838465,FALSE,6,0,0,1,19,6,13,0.315789473684211,0.928571428571429
"scad.cv",95,80,0.2,"TRUE","TRUE","FALSE","10.5341181140822","5.95510392136264","4.57901419271956","0.674","1,2,3,4,5,6,7,13,18,19,20,24,26,29,43,44,45,46,47,48,49",0.0177954668592408,FALSE,7,0,0,0,21,7,14,0.333333333333333,1
"scad.cv",96,80,0.2,"FALSE","FALSE","FALSE","9.82344509689644","6.94402882765717","2.87941626923927","0.769","1,2,3,4,5,6,7,8,9,10,17,18,20,25,29,35,41,43,44,45,46,47,48,49",0.0213003715418826,FALSE,10,0,0,0,24,10,14,0.416666666666667,1
"scad.cv",97,80,0.2,"FALSE","FALSE","FALSE","9.72427001372032","5.42154933031961","4.30272068340071","0.569","1,2,3,4,5,6,7,8,16,44,45,46,47,48,49",0.00666577409352215,FALSE,2,0,0,1,15,2,13,0.133333333333333,0.928571428571429
"scad.cv",98,80,0.2,"TRUE","TRUE","FALSE","11.9801798831834","7.32625448602351","4.65392539715993","0.42","1,2,3,4,5,6,7,8,25,26,44,45,46,47,48,49",0.00902123302912525,FALSE,3,0,0,1,16,3,13,0.1875,0.928571428571429
"scad.cv",99,80,0.2,"FALSE","FALSE","FALSE","10.8195761844756","5.7886737348932","5.03090244958242","0.314","1,2,3,4,5,6,7,9,16,24,43,44,45,46,47,48,49,50,53",0.0135060782273016,FALSE,3,2,0,0,19,5,14,0.263157894736842,1
